edge_id,dsi,width,rclass,btw,d_center,length,aadt_hat
1,1.3164,6.0,4.0,0.00020682523267838678,2435.4099028571086,89.98228909626536,16620.471759590953
2,1.1598,6.0,4.0,0.0032339710444674254,2505.415258408036,154.99015678484758,16277.736733122947
3,1.1809,6.0,4.0,0.000803814956049638,2547.096608005871,155.04241854310277,16210.152025864356
4,1.2494,6.0,4.0,0.016471302998965875,2552.3088149124073,34.996534839341194,16064.629427464077
5,1.458,6.0,4.0,0.013898397104446744,2562.4324549034386,40.06039516117429,16041.587043700236
6,1.2334,6.0,4.0,0.012518872802481904,2619.3950231100685,189.9352106373367,15878.697235983396
8,1.2007,6.0,4.0,0.010482075146501207,2764.105887259902,154.76882793493914,15484.019669145513
10,1.3186,6.0,4.0,0.005775772362978284,2780.870107825963,75.05618578045004,15463.962849128417
11,1.5199,6.0,4.0,0.006862288865908308,2745.1772238330695,39.968860407375345,15552.377574841365
12,1.1859,6.0,4.0,0.0066913133402275084,2682.723021165318,105.01289868500979,15725.049418881179
13,1.253,6.0,4.0,0.00983092037228542,2634.682192727694,469.628335014453,15844.89187789636
14,1.2421,6.0,4.0,0.010735780765253363,2509.7300521479156,174.9408087801735,16212.495236547655
15,1.4278,3.0,4.0,0.00020682523267838678,2336.404504142382,79.91710148719984,16349.93916420014
16,1.4836,3.0,4.0,0.003208376421923475,2235.0679929183866,358.87890949552377,16577.849856921588
17,1.642,3.0,4.0,0.0036199586349534647,2070.3937806204644,134.47178412931845,17188.52122034392
18,1.497,6.0,4.0,2.5336091003102382e-05,2446.902647822914,104.91785688162753,16676.190205683542
19,1.5581,6.0,4.0,6.258246264664979e-06,2402.972071379329,138.31476716874516,16883.642070265025
20,1.6685,6.0,4.0,0.0005628231644260601,2494.1089113118696,34.945516886643134,16389.02381462031
21,1.7371,6.0,4.0,0.000766028955532575,2532.8892169225724,35.00319609040376,16255.532019717026
22,1.4523,6.0,4.0,0.03269741960900182,2598.325258757364,100.0479481353751,15899.264464419706
23,1.562,6.0,4.0,0.03083479834539814,2664.512932814459,34.964478159106896,15712.144141917846
24,1.5741,6.0,4.0,0.030366339193381595,2706.7790879113786,44.993043170878714,15595.302506690763
25,1.4354,8.0,4.0,0.001456566701137539,2490.555566865095,44.97846702585398,16758.302711362587
26,1.3825,8.0,4.0,9.307135470527405e-06,2500.3056032697255,105.01019973553166,16953.73345437879
27,1.5157,8.0,4.0,0.00043846949327818005,2512.2356943766495,45.03223986182581,16742.6279588048
29,1.4504,3.0,4.0,0.0014477766287487074,3372.6386495821507,194.83864767136134,13653.465306083694
30,1.4569,3.0,4.0,0.0010754912099276111,3343.4428048739355,44.809192043753455,13721.048472751107
31,1.1945,3.0,4.0,0.0006204756980351604,3506.5536420857993,329.48337158499726,13432.560317769665
32,1.4163,3.0,4.0,0.00023864449924429243,3597.363221304619,54.836657943773105,13303.593309657266
33,1.2905,8.0,4.0,0.020134608755601517,1980.048486820366,70.02270863153039,18565.119160645994
34,1.4255,8.0,4.0,0.004169855222337125,1981.7492125952879,14.910127823670072,18635.502479422434
35,1.5275,8.0,4.0,0.003805842812823165,1982.8373999888531,19.95218234001765,18635.15759483993
36,1.4707,8.0,4.0,0.0026239515109732275,1984.96843139371,39.966348595675086,18644.069346381137
37,1.3465,8.0,4.0,0.009468976215098244,1988.2458684026776,34.99625416946761,18565.84418179491
38,1.3815,8.0,4.0,0.009440537745604966,1993.0208277573306,55.02008757555452,18544.768121692934
39,1.5562,8.0,4.0,0.00918355739400207,1998.5867217813857,30.031033610854518,18521.4834993405
40,1.4409,8.0,4.0,0.006502843846949329,1999.7015552342302,149.90308546940892,18533.588534239847
41,1.6534,8.0,4.0,0.005479472595656671,2028.6524369451024,19.978132686265063,18415.383137022756
42,1.3707,8.0,4.0,0.00492063081695967,2037.27391997491,9.95040509183031,18383.445036006506
43,1.4321,8.0,4.0,0.0028017063081695968,2059.2330461587117,124.69187907539633,18317.154397544167
44,1.5563,8.0,4.0,0.0025754912099276114,2061.0029812707025,34.97054464158502,18313.757214773283
45,1.7015,8.0,4.0,0.001776680455015512,2043.7160741884982,19.92664581091266,18405.655876103792
46,2.0917,8.0,4.0,0.0013553048471913577,2051.705154722217,228.0582671370307,18384.69486533459
47,1.3219,10.0,4.0,0.0002068252326783868,2275.6465360923594,60.02143316975487,18015.99276167221
48,1.4318,10.0,4.0,0.0006204756980351604,2325.2650822361475,35.00969256109939,17779.535532307378
49,1.2475,10.0,4.0,0.000294749459434051,2396.228257380619,104.97467925305828,17561.25513826985
50,1.5634,10.0,4.0,0.00041959669079627717,2469.380611566354,34.96323635953468,17294.94929566264
51,1.3836,10.0,4.0,0.00012090658393657361,2522.9476905876536,70.02762322714506,17175.681447321742
52,1.2738,10.0,4.0,0.0013251834342837446,2610.9734216050706,100.02388548502834,16789.67030673158
53,1.4203,10.0,4.0,0.0008722595656670115,2683.3527590793365,44.984776238373165,16590.63370023251
54,1.5084,10.0,4.0,0.030980610134436405,2728.9890873969143,45.090891559796106,16302.012447778652
55,1.2705,10.0,4.0,0.030803516028955532,2815.9995940243657,124.99077544817197,16060.084049941785
56,1.2822,10.0,4.0,0.0019664061074274593,2950.00458790699,164.7564772679046,15823.488513944581
57,1.4673,6.0,4.0,0.00020682523267838678,2297.3759348825224,94.93918618056745,17089.410787823286
58,1.647,6.0,4.0,0.0002577559462254395,2366.1839069518996,34.89856316891988,16840.724570741604
59,1.5801,6.0,4.0,0.00027171664943123066,2402.548483097309,35.09769427654245,16716.339226554657
60,1.467,6.0,4.0,0.0009682006204756981,2436.1151830336707,29.944849819765967,16550.002147832718
61,1.6902,6.0,4.0,0.0018528955532574976,2471.1302951536336,39.999284810216295,16409.366179764205
62,1.6437,6.0,4.0,0.0031662357807652535,2510.7542689742777,35.01377524674875,16262.138133897613
63,1.5142,6.0,4.0,0.00372440537745605,2547.7461580878403,34.988126100836155,16142.129806525118
64,1.1648,10.0,4.0,0.01465667011375388,1114.7170891896337,69.98876379489674,25033.95588618793
65,1.1765,10.0,4.0,0.014327817993795244,1203.6652731017698,109.91743192271664,24135.514495181713
66,1.1988,10.0,4.0,0.023435884177869702,1284.9069267757775,49.9271136865482,23364.7275286191
67,1.1812,10.0,4.0,0.022850568769389866,1317.6597464041206,19.968612881219727,23087.509135779528
68,1.1683,10.0,4.0,0.02258233235223928,1357.2598209417065,59.952157389263874,22764.514828678613
69,1.1512,10.0,4.0,0.017243536711478803,1479.8403812977883,259.91384365144154,21860.657630417118
70,1.1772,10.0,4.0,0.01980222337125129,1689.5225189023474,254.82878154199688,20514.45939365318
71,1.2287,10.0,4.0,0.01686410765797638,1852.0219265574483,90.0472968076057,19643.888852084383
72,1.1613,10.0,4.0,0.014912542473038854,1999.5433224173767,204.97405972687272,18945.123113640337
73,1.1722,10.0,4.0,0.014624627410426427,2139.983497463789,80.06139491415742,18342.655437033132
74,1.2337,10.0,4.0,0.013606256463288523,2220.8125007356302,74.95918026804556,18024.67627390293
75,1.2386,10.0,4.0,0.006486297828335058,2404.2707627838536,374.9234263520652,17389.461141785698
76,1.1663,10.0,4.0,0.006891158221303,2608.700276597479,35.02075931767578,16723.05568296059
77,1.6885,8.0,4.0,0.0009738883143743536,2346.1874925306847,45.012380176442804,17260.858443710345
78,1.4685,8.0,4.0,0.0026209927611168565,2351.0237905483777,35.01189138244966,17198.51123935297
79,1.4193,8.0,4.0,0.0040392967942088935,2355.994215769601,35.01845126511519,17161.419834352288
80,1.5813,8.0,4.0,0.004217166494312307,2361.097840749127,30.042253028224227,17141.753028719966
81,1.4868,8.0,4.0,0.006122802481902793,2368.0868319541023,44.95718168970911,17100.620020110375
82,1.2068,4.0,4.0,0.014406928645294729,2858.4853251332265,139.86481646539696,14862.13074902246
83,1.4469,4.0,4.0,0.013038435022406066,2939.960373359815,25.000996654716232,14668.17711605854
84,1.2415,4.0,4.0,0.011186246122026889,3010.0946445755226,119.92120956930142,14510.11654641843
85,1.2866,4.0,4.0,0.01072676447776629,3145.862362803792,154.71015112948686,14209.634233261146
86,1.2244,4.0,4.0,0.009135573940020684,3268.923656004428,119.85359083530079,13957.950071432646
87,1.1814,4.0,4.0,0.007056091003102379,3399.750243980561,245.02896763172402,13708.613895275079
89,1.2336,4.0,4.0,0.005066222375426099,3551.6041921732785,129.95766857275572,13437.764151921938
90,1.2432,4.0,4.0,0.014827105149546693,1525.2104442385585,509.66314446560045,20051.154127027665
91,1.2283,4.0,4.0,0.01984927611168563,1771.3072900086818,9.987186498401565,18656.18732187323
92,1.2176,4.0,4.0,0.018566653261327514,1841.124953646612,129.93766593831523,18318.66886964528
93,1.3504,4.0,4.0,0.016691571871768358,1911.5356818902253,10.048403690779313,17998.842195696845
94,1.3956,4.0,4.0,0.014120785935884178,1926.4436249282637,20.027110078254566,17940.276470721386
95,1.2337,4.0,4.0,0.01232574974146846,1977.0498485167445,119.97262481740366,17726.2252443386
96,1.424,4.0,4.0,0.008856751045366667,2044.154379850243,109.90500032239297,17461.67417832362
97,1.3283,4.0,4.0,0.006534440094548679,2176.1797466268467,204.72769774889233,16961.955445478467
98,1.2788,4.0,4.0,0.003837907905320005,2400.880420139923,354.7111610702508,16208.427240120573
99,1.6241,4.0,4.0,0.004759307135470528,2367.3852928027554,34.89427953625709,16308.034722700893
100,1.4864,4.0,4.0,0.005793433298862461,2316.164510319461,134.3144254685037,16470.402082369077
101,1.1689,6.0,4.0,0.00020682523267838678,3033.3586579359408,1309.4244126290805,14968.33598304807
102,1.3349,3.0,4.0,0.00020682523267838678,1915.9497823564498,54.79422930462228,17972.34053364728
103,1.2969,3.0,4.0,0.002225439503619442,1925.8452949936664,49.90044584653306,17815.16344924151
105,1.2249,3.0,4.0,0.0019384694932781802,1905.9855738311164,74.93308028889699,17910.026644490667
106,1.478,3.0,4.0,0.0012421500423051614,1902.3180924830142,214.11972658467252,17947.74443272262
107,1.4518,3.0,4.0,0.0010367114788004137,1975.9872702508242,69.93594458525465,17633.97589019892
108,1.408,3.0,4.0,0.0014482936918304035,2089.5854240531035,184.82507677359808,17154.860564150276
109,1.1563,3.0,4.0,0.001859875904860393,2197.5917534021355,44.97617280651714,16736.352614722895
110,1.3008,3.0,4.0,0.0021898914167528443,2237.389489757185,44.97795113080168,16586.506981592825
111,1.2936,3.0,4.0,0.00022712296481566102,2357.306999840115,204.97320586074724,16276.585227125735
112,1.2969,2.0,4.0,0.0035217166494312313,1976.498748639598,99.91939098905122,17363.667873424874
113,1.3987,2.0,4.0,0.0039332988624612205,2084.359505300795,109.97403395120212,16924.25137006511
114,1.4369,2.0,4.0,0.004344881075491211,2178.781517498378,79.81150357595698,16566.050718878127
116,1.1763,2.0,4.0,0.00011704092184960851,2274.540632535922,134.8488007013529,16386.698443072768
117,1.2648,6.0,4.0,0.00012282289228759594,2823.49513768013,184.98755691206185,15510.44531759941
118,1.2694,6.0,4.0,0.007551447776628749,3004.254961009019,509.62415679896003,14893.920956984764
119,1.3766,4.0,4.0,0.00020682523267838678,2354.169577608001,314.4094126926116,16488.765358953686
120,1.7943,4.0,4.0,0.0006204756980351604,2178.110595910573,49.85463945772609,17061.427061617775
121,1.3931,4.0,4.0,0.001034126163391934,2146.2655301838386,14.995530594000286,17158.32035093641
122,1.773,4.0,4.0,0.0014477766287487074,2124.050635709036,34.858131200966284,17228.217732080404
123,1.5151,4.0,4.0,0.0018614270941054811,2095.5413070633604,34.98134507165597,17327.991261564544
124,1.2052,4.0,4.0,0.0022750775594622547,2006.3777578055042,199.87559182470767,17681.577035699265
125,1.3448,4.0,4.0,0.0002068252326783868,1999.4550920397337,773.1738552219618,17824.20878710187
126,1.206,12.0,4.0,0.00020682523267838678,3134.438654456919,65.06000543452653,15842.70463139504
127,1.1706,12.0,4.0,0.0006204756980351604,3285.4947666029334,280.04695328105385,15445.823089817677
129,1.2188,12.0,4.0,0.0026887280248190284,3433.7415961501683,50.00813115803818,15065.20606385502
130,1.2217,12.0,4.0,0.01642192347466391,3531.615468579142,160.00740815497548,14793.18183104055
131,1.5278,6.0,4.0,0.00020682523267838678,2284.0578397078484,40.05026243375018,17136.856397662345
132,1.5583,6.0,4.0,0.00041106514994829375,2332.2017798669285,55.00864124108467,16936.231120069624
133,1.5363,6.0,4.0,0.0014046018614270943,2381.4923545108254,34.96318363363683,16713.37540665269
134,1.4901,6.0,4.0,0.0010847337125129267,2417.702184018026,35.021550756335245,16604.961728749357
135,1.5481,6.0,4.0,0.0002763702171664943,2452.7559973170105,34.93010866320072,16551.533992886485
136,1.6995,6.0,4.0,0.00012228541882109618,2488.551906897298,34.98234803762983,16473.305113900493
137,1.7744,6.0,4.0,0.00039658738366080663,2523.3041216338142,29.996851740447905,16313.525468815402
138,1.5837,6.0,4.0,0.00010599793174767322,2559.99251754961,35.01359567777672,16258.649006227064
139,1.3685,15.0,4.0,0.0012549120992761118,835.9344924837815,4.9542556458417994,30702.971031091696
140,1.27,15.0,4.0,0.0005331243536711479,809.063797512851,74.96047924301844,31256.25964887625
141,1.2732,15.0,4.0,0.0004989658738366081,768.8168242801416,69.97320786135393,32031.76396740239
142,1.4205,15.0,4.0,0.0022427611168562567,746.5276281191368,19.994540418772104,32354.55471477994
143,1.2872,15.0,4.0,0.0014979317476732162,733.7521233705908,35.00061041592176,32657.06022978424
145,1.6247,8.0,4.0,0.002780635987590486,1553.803508404699,14.972007983346629,20950.371570622705
146,1.5999,8.0,4.0,0.0008862461220268873,1554.299418900999,5.037600541872118,21011.070230123463
147,1.4349,8.0,4.0,0.0005609395774855962,1555.2275488924877,30.01624994442133,21030.69201495446
148,1.3401,8.0,4.0,0.00022750775594622543,1557.7975048664073,29.965009512452966,21064.705576194297
149,1.5146,8.0,4.0,0.0005051706308169597,1570.079436429845,144.48934383999625,20941.430066186196
150,1.2878,5.0,4.0,0.0003775358902609648,1439.937051739247,334.3442757790092,21063.98908735585
151,1.3926,4.0,4.0,0.00020682523267838678,2439.6348767558043,323.8265736297432,16210.74210724984
152,1.3084,4.0,4.0,0.0002294414302106501,2705.37387760641,358.7400874616827,15426.609562301635
153,1.4268,6.0,4.0,0.001277827800164034,1261.0800080132262,284.52171503028853,22638.046371517645
155,1.4434,8.0,4.0,0.0064906928645294725,1117.2821370213335,120.02008273656683,24463.24681467141
156,1.4163,8.0,4.0,0.0008448810754912101,1014.7515382141188,105.02578623928778,25751.75302621066
157,1.3598,8.0,4.0,0.00014348500517063082,918.8113462192649,105.01018884458549,27128.527426920813
158,1.4185,8.0,4.0,7.083764219234748e-05,829.1407981958343,114.9224387448673,28543.671805596285
159,1.6545,4.0,4.0,0.001180403309203723,831.9186289770596,44.99645929715137,26952.58073536254
160,1.6749,4.0,4.0,0.0010739400206825234,863.2767927677281,15.086871824792324,26487.858379288435
161,1.7757,4.0,4.0,0.000954728254624842,892.8538210543945,40.037984379920864,26073.916540301758
162,1.7872,4.0,4.0,0.0008448810754912101,965.2285418677294,104.8617364883971,25130.77527119392
163,1.4305,12.0,4.0,0.02351447776628749,649.0509291833184,39.99399736849333,33149.1889662827
164,1.4191,12.0,4.0,0.02305739400206825,596.1124909790979,65.06052709342566,34523.595006195654
165,1.3775,12.0,4.0,0.023815149948293694,513.9564691528137,95.00560929622884,37050.116345552095
166,1.4716,12.0,4.0,0.025517321613236815,448.57937509048827,34.94010443900309,39526.3059692206
167,1.4742,12.0,4.0,0.026322905894519133,402.51163221672,60.032316707544695,41619.02740012762
168,1.2187,12.0,4.0,0.0002001034126163392,1854.2513387793742,69.98651887467268,20351.12404217795
169,1.4026,12.0,4.0,0.0035346949327818,1856.8419121995291,45.00863035035107,20182.639375315535
170,1.5179,12.0,4.0,0.0028081695966907967,1859.7108004297247,30.026484718017457,20180.148766207778
171,1.3621,12.0,4.0,0.0035346801595508943,1862.7519780331734,29.95930913816639,20152.078361440006
172,1.2668,12.0,4.0,0.0020625646328852124,1870.1478760191083,89.94473936796912,20142.911400344266
173,1.2807,12.0,4.0,0.002675542916235781,1890.0694352429496,149.9037214163825,20027.504901316865
174,1.1713,12.0,4.0,0.0023715098241985522,1873.2961844847457,134.70841049994792,20119.28094445968
175,1.3634,12.0,4.0,0.001329627714581179,1856.1028118417466,179.78758071568268,20239.1037010951
177,1.5105,12.0,4.0,0.0020726473629782837,1905.2105331866424,75.00646787649748,19965.01888382623
178,1.4823,12.0,4.0,0.002217425025853154,1933.8536747250819,39.951097817498315,19819.890271261324
179,1.5995,12.0,4.0,0.0025411065149948298,1923.4174845825603,34.957017582858434,19863.89026651144
180,1.6012,12.0,4.0,0.0028740951396070322,1919.2701481935842,69.50670042405696,19877.82759853416
181,1.1692,10.0,4.0,0.00020682523267838678,1208.0222399437125,30.01536969269332,24367.4531837646
182,1.303,10.0,4.0,6.708331459916372e-05,1276.6637730520772,110.0230062640494,23804.93060149279
183,1.2867,10.0,4.0,0.04192948983109272,1363.992184306852,70.04308128369888,22673.46661208444
184,1.3355,10.0,4.0,0.008765659624759935,1411.3057634230731,29.99676164408157,22400.938792610807
185,1.4774,10.0,4.0,0.003746897621509824,1439.4787320887933,24.978631149968592,22241.075358413575
186,1.4825,10.0,4.0,0.0018365624429709838,1481.3418660263276,79.97773260827721,21980.800810181798
188,1.4579,10.0,4.0,0.0037176971643172055,1548.4541107846712,89.95897508343282,21480.8532308404
189,1.338,10.0,4.0,0.003121811444329542,1597.9645603244571,54.96741004985275,21170.709580472092
190,1.4117,10.0,4.0,0.0032489658738366085,1623.1326813137089,29.96702340192957,21011.294870671787
191,1.442,10.0,4.0,0.0053161840744570844,1651.0339693486515,75.05232646259306,20813.903179812703
192,1.3256,10.0,4.0,0.0056344364012409515,1693.3382304978618,34.88501035632621,20561.113840443504
193,1.3766,10.0,4.0,0.004295713076995394,1735.2545557580988,49.99135360095938,20337.44329972196
195,1.2809,10.0,4.0,0.001007132428979865,1804.20472756022,79.92237382770806,20040.301740567767
196,1.6001,8.0,4.0,0.010763702171664944,1143.0579750329716,64.89381518358066,24166.042271934584
197,1.5537,8.0,4.0,0.005678128231644261,1200.6506429214721,44.96143448735542,23646.39657699218
198,1.4936,8.0,4.0,0.0045561285582104176,1267.073005649274,89.92178375434986,23060.468939119844
199,1.3981,8.0,4.0,0.005648507903678535,1361.9897171785835,100.08850165141942,22266.87524552102
200,1.5484,8.0,4.0,0.0026377973112719755,1460.5494117091969,99.41273390055167,21580.96021175898
201,1.5616,8.0,4.0,0.005917528438469494,1222.9950986112383,64.96688638503578,23436.807116814845
202,1.4533,8.0,4.0,0.01044954941645738,1223.0077877316046,29.97362203932717,23401.225081149074
203,1.5037,8.0,4.0,0.0015757497414684593,1224.1136883989798,34.988921357824644,23509.291699698988
204,1.5253,8.0,4.0,0.0010197776628748708,1224.4627280977033,55.00572480839368,23533.352650887457
205,1.5421,8.0,4.0,0.0005418821096173734,1224.1992515785967,34.99456495010483,23575.433915826663
206,1.5913,8.0,4.0,0.000359875904860393,1225.455092182606,35.05455887186645,23589.60916652991
207,1.3898,8.0,4.0,0.0007099276111685627,1102.4971709948848,119.9942483854861,24764.667495007405
208,1.3833,8.0,4.0,0.0007437952430196485,997.7184083871786,104.94244173621749,25969.28345790823
209,1.5253,8.0,4.0,0.0015046535677352639,912.719186986984,74.98781865808593,27044.92566678273
210,1.55,8.0,4.0,0.0016204756980351604,865.7049597060354,29.999573716459018,27730.154836700644
211,1.4735,8.0,4.0,0.0016636504653567738,801.4517362919948,109.9710625227483,28766.914048134448
212,1.6329,8.0,4.0,0.00020682523267838678,710.3613948770068,44.97899498924988,30640.19089709576
213,1.4729,8.0,4.0,0.0020749741468459155,764.966105237569,59.9867015304149,29395.927936192107
214,1.4292,8.0,4.0,0.01059379994359312,847.951699868338,104.99306776952734,27865.823144426566
215,1.4003,8.0,4.0,0.010769906928645295,932.8573009160413,59.95255852632892,26624.998613756557
216,1.4934,8.0,4.0,0.01073474663908997,985.0669615828715,39.99363301638826,25942.706209139455
217,1.4454,8.0,4.0,0.012172440537745606,1068.028405761492,120.0405870611736,24953.06131837648
218,1.6502,8.0,4.0,0.0009323340984185438,1807.6593889773599,198.76768804427414,19548.608986744573
219,1.4645,8.0,4.0,0.0020894519131334026,1731.3299235698134,99.06040668380403,19912.11531064982
220,1.4291,8.0,4.0,0.0024027921406411584,1685.5373105810002,79.99516267864944,20160.77316516236
221,1.4225,8.0,4.0,0.0027461220268872803,1678.3763256460743,204.70358333717957,20194.562117113313
222,1.5503,8.0,4.0,0.0005558229257815608,1722.1440731271966,55.03694348764187,20033.21884603725
223,1.4434,8.0,4.0,0.0011589968976215097,1767.097138571663,30.024812873007225,19749.868851093743
224,1.3877,8.0,4.0,0.0009228714236470184,1796.4756837157593,25.09642151296681,19607.08047944578
225,1.5037,8.0,4.0,0.0009211478800413652,1825.3531705788512,25.01210304875134,19458.642551403507
226,1.5477,8.0,4.0,0.0005668950361944157,1857.429106680153,35.03772304811838,19322.636226282193
227,1.5313,8.0,4.0,0.0011101344364012411,1906.511287387255,59.96333588132822,19049.67397900668
228,1.6132,8.0,4.0,0.0011377973112719753,1970.5782158605905,59.99615103114094,18750.55068618136
229,1.2636,8.0,4.0,0.004688141357091719,2126.296867283149,254.90048466528805,18014.631301153564
230,1.6326,10.0,4.0,0.006244441571871769,1043.9307069738345,24.86419705817015,25888.304545148665
231,1.5469,10.0,4.0,0.0020630816959669083,1049.767969484504,14.978080555941325,25895.825773473196
232,1.5379,10.0,4.0,0.0019532057911065153,1053.6174462961283,24.96817320291358,25854.433394598906
233,1.4727,10.0,4.0,0.0020930713547052744,1060.6421905461339,39.95175553452316,25767.8881882687
234,1.2232,13.0,4.0,0.0027632791200526466,1642.9048368945207,50.0246031420053,21669.794078393694
235,1.1972,13.0,4.0,0.002823751997743725,1454.7138516405212,319.6709714982098,22962.797382465447
236,1.3008,4.0,4.0,0.0,2476.535251033859,1192.0304292441897,16325.288796385823
237,1.3902,7.0,4.0,0.015700879007238884,684.1617725317244,409.5496914511801,30466.71927232903
238,1.9804,7.0,4.0,0.015712254395036197,693.8896841023852,49.949628444222824,30262.228008859
239,1.3607,7.0,4.0,0.009741504118674894,715.2473791854705,140.0127651507775,29865.89244662097
240,1.2998,7.0,4.0,0.008107746097404837,748.1558243427427,100.02478269369368,29246.365629488013
241,1.3735,7.0,4.0,0.00822311271975181,765.1328404100495,39.972276628854274,28934.00981230333
242,1.347,7.0,4.0,0.008071728139721936,780.4076783299349,84.98969908655656,28663.972790543074
243,1.3603,7.0,4.0,0.0114040847983454,812.6584185365157,120.03197951361733,28089.905069187727
244,1.3081,7.0,4.0,0.011536970010341263,866.532297558005,120.00260256357672,27242.280488306566
245,1.297,7.0,4.0,0.01124986511397869,941.1457427999145,110.00594136709483,26191.86774357181
246,1.3355,7.0,4.0,0.010809885306007334,1028.653977382103,105.0287571131551,25107.283290338168
247,1.4231,7.0,4.0,0.004755429162357808,1132.495713230465,120.04272769627568,24034.339838948308
248,1.6109,7.0,4.0,0.015025731492183225,1229.6052623111314,79.96298276621846,23038.997146243375
249,1.3197,7.0,4.0,0.006349805485793077,1323.641352055525,100.04120742739474,22294.511424212957
250,1.4188,7.0,4.0,0.005948121337469838,1418.778161549605,85.02364035439314,21572.419859473674
251,1.2601,7.0,4.0,0.005743326654601862,1538.7938892134227,155.04970527585363,20754.979599293732
252,1.2402,7.0,4.0,0.0035732506032402625,1663.0464676819456,85.05136233650171,20025.780972256445
253,1.2898,7.0,4.0,0.003252675801447777,1753.3889969848892,94.9650332013403,19531.82172670864
254,1.2545,7.0,4.0,0.00305322224311366,1856.8112343278467,105.03812427118612,19008.464619148872
255,1.2326,7.0,4.0,0.002849499388925449,1963.8293975041026,104.96146095086664,18510.661414123802
256,1.301,7.0,4.0,0.002645114877928151,2075.634077775526,110.00103817547172,18031.87339721991
257,1.2322,7.0,4.0,0.002447973605160782,2234.6314184207195,205.0275232205808,17411.833135479745
258,1.3261,7.0,4.0,0.002249741468459152,2404.9118782796945,129.2423481029161,16816.414604271285
259,1.3312,7.0,4.0,0.0018640124095139611,2462.924221625889,44.75055607131702,16634.682084018194
261,1.4651,10.0,4.0,0.008878541882109618,1482.9750544263763,69.96233822047746,21877.251807018973
262,1.4107,10.0,4.0,0.0006422182006204757,1493.7463855393821,95.02394299580843,21954.917284265437
263,1.3306,10.0,4.0,0.002367890382626681,1505.6114922911293,45.0420761299369,21796.365335688075
264,1.3206,10.0,4.0,0.0019821613236814892,1514.487153955786,35.105189413694646,21745.653384551897
265,1.2995,10.0,4.0,0.0013057781799379526,1520.469623276014,34.99532944065119,21728.950884909937
266,1.2296,10.0,4.0,0.0008575491209927612,1581.964697117236,424.49167523550693,21345.874184079734
267,1.1814,10.0,4.0,0.007235953119613927,1726.6267611831988,189.0782025084247,20357.550450018338
268,1.6239,8.0,4.0,0.00020682523267838678,1023.9914711376629,34.97062255957386,25736.963576302787
269,1.5863,8.0,4.0,0.0012585315408479836,1013.7855159023337,40.02081986304304,25736.123151124728
270,1.5285,8.0,4.0,0.0028974146845915207,1004.8837418599213,45.08573728827523,25787.257852583134
271,1.415,8.0,4.0,0.001974663908996898,997.9891779541516,40.03543004918109,25898.4907128054
272,1.6457,8.0,4.0,0.004901025508445364,992.7401988355812,55.04223949877727,25900.917933435547
273,1.5525,8.0,4.0,0.001514099912497017,989.4324860989984,60.04446041608091,26023.45422045091
274,1.4714,8.0,4.0,0.006924767321613238,989.5476987883757,64.99303432605834,25916.862844018193
276,1.5049,8.0,4.0,0.0015757712857635301,836.7213997840355,54.99405669293628,28186.231312009884
277,1.6506,8.0,4.0,0.0003784901758014478,859.2067922660958,44.97589210876319,27937.96406228331
278,1.5902,8.0,4.0,0.00036672699069286455,885.2945530289049,65.00628050266704,27544.618447398178
279,1.4431,8.0,4.0,0.0009099663908996899,1099.3778850735882,133.85882671820684,24781.76023049199
280,1.4036,8.0,4.0,0.002430048751661989,1182.0827966147788,29.89531331103182,23876.70475673703
281,1.2634,8.0,4.0,0.001456566701137539,1239.934549810543,85.01046917411175,23370.663179596613
282,1.5009,6.0,4.0,0.009914708094387516,1071.4113532984334,50.03453307329646,24334.6269928157
283,1.4834,6.0,4.0,0.00649493278179938,1109.0162022671393,20.030712996980114,23964.574887746403
284,1.5147,6.0,4.0,0.005819480351602896,1152.7738576396655,74.21294022974772,23533.27929027962
285,1.2921,6.0,4.0,0.005326266804550155,1181.2098847256905,85.02711471086023,23266.885197315656
287,1.2365,4.0,4.0,0.003961737331954499,2251.646195073347,64.97482625377563,16710.695945935226
288,1.401,4.0,4.0,0.003526412599386306,2195.620617329526,299.4410331348866,16917.93784643257
289,1.4633,4.0,4.0,0.0031287487073422956,2154.1166575775887,89.67602053984209,17078.04302284755
290,1.6313,4.0,4.0,0.00277693898655636,2157.0418053951803,19.618663668131923,17072.417917274703
291,1.4103,4.0,4.0,0.0023024301964839717,2102.319205314079,94.96193181131666,17291.5341599446
292,1.4287,4.0,4.0,0.0007589193381592555,2060.164878186739,54.79934970721484,17511.042446442087
293,1.7633,4.0,4.0,0.0002757669769045157,2078.0000602399687,20.034647722197537,17486.291723485494
294,1.2146,3.0,4.0,0.0068298862461220276,3427.2757964138,160.06594734649303,13493.371936607602
295,1.1588,3.0,4.0,0.00641933815925543,3520.4722381031065,324.8984289173035,13324.03708909524
296,1.216,3.0,4.0,0.006008790072388833,3705.3614223412364,210.00376141242447,13005.041663373779
297,1.3977,3.0,4.0,0.005607365276341492,3916.6976708576726,219.95765491053834,12667.89072626304
298,1.9241,3.0,4.0,0.00525611857980007,4010.5527943181337,24.713253629349836,12527.80445239025
299,1.7442,3.0,4.0,0.004777145811789039,4001.2544304809644,19.699400427698528,12544.87081409182
300,1.5884,3.0,4.0,0.0031178903826266807,3993.6784181812145,39.796649324514966,12570.489966253846
301,1.2989,3.0,4.0,0.001456566701137539,4006.451962716037,158.73766030276184,12576.828677622838
303,1.334,3.0,4.0,0.0028397080943875154,3590.6216932951265,543.1576143069449,13227.966064660133
304,1.2541,3.0,4.0,0.0010839052364388457,3886.883992786669,104.91779821179234,12769.905819813957
305,1.2814,3.0,4.0,0.00044236267412859666,4018.571224045787,159.7208208454202,12598.6492775853
306,1.5085,3.0,4.0,3.3092037228541885e-05,4096.340336662895,40.00304755125737,12570.522666394922
307,1.2468,3.0,4.0,0.0033081695966907967,3877.8505772390254,89.97083465813262,12746.14864783297
308,1.1526,3.0,4.0,0.0029471302998965877,3936.627616439278,35.050151628388186,12658.934754490521
309,1.4519,3.0,4.0,0.0024960764036741894,4039.09435633182,164.93805982655303,12510.297709813984
310,1.4023,3.0,4.0,0.0020723888314374355,4220.313165622899,209.71803963606297,12257.26115516004
312,1.6514,3.0,4.0,0.001475133966343894,4348.305963157475,44.94877668912295,12094.812059119731
313,1.2252,3.0,4.0,0.0010594622543950362,3714.816325550218,129.5008485094661,13049.421150138174
314,1.3889,3.0,4.0,0.0006478800413650466,3923.8815947311164,403.41819496070264,12729.781428310855
315,1.3998,3.0,4.0,0.0004342221893928203,4123.088871039025,64.97072617398452,12445.946860219708
316,1.7946,3.0,4.0,5.170630816959671e-06,4231.024203269954,262.5660818358927,12439.435749718428
317,1.467,3.0,4.0,0.0,3473.407808540683,288.9264595152927,13726.61296938256
319,1.4568,8.0,4.0,0.0024789943123061015,1665.5374160946765,74.76628658046364,20274.171945536826
320,1.2822,8.0,4.0,0.0014613495346432266,1602.7322575263117,44.98152534084485,20678.302674000523
321,1.2832,8.0,4.0,0.0021600310237849018,1572.8775579855162,15.060700671159713,20842.84631739193
322,1.4016,8.0,4.0,0.0023513443640124096,1532.2161116437173,60.07556809958133,21100.033739465816
323,1.3253,8.0,4.0,0.0019655291278869356,1436.1862480527404,130.0364162537038,21771.820795669504
324,1.4682,8.0,4.0,0.002519131334022751,1348.9116741239743,44.908885513999735,22417.719790243904
325,1.3672,8.0,4.0,0.0035046535677352637,1294.4403804865876,59.97300703789251,22842.630418622026
326,1.6294,8.0,4.0,0.011544208893485007,1238.3584847638306,50.010326400473744,23256.27283332646
327,1.4428,8.0,4.0,0.00020682523267838678,1633.2712147078887,54.94691572982025,20600.006375276647
328,1.2921,8.0,4.0,0.0018691830403309206,1602.9082914118367,5.039977821639201,20663.669628366697
329,1.2994,8.0,4.0,0.002488107549120993,1586.5367502060105,20.051670953795423,20749.266510920344
330,1.2959,8.0,4.0,0.0029007238883143748,1564.066088244583,25.03535125454079,20882.354826346265
331,1.4447,8.0,4.0,0.003313340227507756,1537.8738970123202,25.019355546722352,21043.750565595405
332,1.3644,8.0,4.0,0.0015387797311271977,1460.0111138410423,129.95957308427944,21615.75825597568
333,1.4683,8.0,4.0,0.0012974052834445805,1371.085886357206,50.024102908730825,22283.436413831572
334,1.4136,8.0,4.0,0.0014645811789038262,1321.8289541245651,49.99152273496619,22668.306054881723
335,1.5341,8.0,4.0,0.005758014477766288,1282.5136126625541,24.987935648858873,22913.365101216932
336,1.4912,8.0,4.0,0.01368872802481903,1265.0989108541416,4.997583144895445,23010.107297443552
337,1.4716,8.0,4.0,0.014863495346432266,1232.4863101261212,55.03387432672644,23293.362642753546
339,1.2689,4.0,4.0,0.014076790854970794,1126.4514372360438,179.84783722017448,23171.97409554352
340,1.2581,4.0,4.0,0.014874095139607033,1008.4316684469444,59.95312952620164,24424.195753824708
341,1.2117,4.0,4.0,0.016445966907962774,907.050430618226,139.99089939690103,25683.074480530402
342,1.3462,4.0,4.0,0.016703464322647365,748.2533011684891,179.97558406562388,28150.537751227537
344,1.5342,5.0,4.0,0.002771716649431231,1235.311229277835,55.00829767212339,22541.266239228222
345,1.4693,5.0,4.0,0.0024483224175571644,1326.943678791298,129.90699763671424,21792.282467653404
346,1.4274,6.0,4.0,0.004554808686659773,1306.6563959777247,184.86967770003383,22182.791313278736
347,1.6902,6.0,4.0,0.003986556359875906,1414.3408202015464,29.951150504987723,21368.285565096634
348,1.4527,4.0,4.0,0.012050413650465358,1480.931809730628,34.9062710107837,20346.070787229364
349,1.6448,4.0,4.0,0.01226809720785936,1462.9610566932556,9.965769212089164,20463.895991552734
350,1.7067,4.0,4.0,0.012663133402275078,1448.3197434928682,19.992004647795778,20560.55135939622
351,1.6138,4.0,4.0,0.013502843846949329,1434.3435174366066,10.027372356435142,20652.313191260688
352,1.7528,4.0,4.0,0.011963650465356775,1419.5768951150046,20.01649096619681,20761.17048095049
353,1.4915,4.0,4.0,0.012379265770423994,1401.469067784644,25.002356981701784,20886.758627406292
354,1.6479,4.0,4.0,0.01180241726990693,1379.671363676895,34.94377218254352,21046.15038371931
355,1.3909,4.0,4.0,0.011686918304033093,1345.6836423288632,49.90025051929626,21298.536435351354
356,1.6006,4.0,4.0,0.011876163391933817,1330.6796146101158,9.999608609217493,21411.803962374586
357,1.561,4.0,4.0,0.01217709410548087,1324.7531800184292,44.99064714455764,21455.99864976339
358,1.5492,4.0,4.0,0.01313986556359876,1318.581680181279,10.040433474717501,21499.470786818692
359,1.5243,4.0,4.0,0.015169855222337127,1303.6866416686548,64.9776515973347,21607.990163542825
360,1.8605,4.0,4.0,0.029326266804550156,1281.6244524279352,14.99593498574273,21746.36539209881
361,1.718,4.0,4.0,0.029612719751809725,1271.7144437095037,5.033969113687937,21826.446442234093
362,1.4273,4.0,4.0,0.029903309203722857,1249.3928016423856,40.00493042752961,22010.96658642797
363,1.5491,4.0,4.0,0.0304105480868666,1210.7629523047126,39.91839706496591,22342.101993026987
364,1.2419,5.0,4.0,0.005667011375387798,1420.2608122557767,34.84908326534595,21050.240774346308
365,1.2158,5.0,4.0,0.005266565905655875,1442.5781448156356,59.95768978858144,20898.391664308812
366,1.3913,5.0,4.0,0.005445708376421924,1450.6818019398077,35.05914455484809,20840.784037218124
368,1.6234,5.0,4.0,0.004140899689762151,1445.9219416182084,39.93745869470913,20888.70446621603
369,1.5566,5.0,4.0,0.004625732506032403,1449.7129394630388,39.86056343044811,20856.487411102025
370,1.5089,5.0,4.0,0.0042683557394002074,1479.9263722501369,59.993641407380636,20656.767986521674
371,1.4721,5.0,4.0,0.003493715694853234,1522.4503256793334,59.95948726637476,20390.46491608401
372,1.384,5.0,4.0,0.003270941054808687,1552.9100189863348,34.91698707966824,20202.29904379432
373,1.6596,3.0,4.0,0.00510152902939873,1331.2274910890008,29.968217784301956,21198.474365524926
374,1.5396,3.0,4.0,0.0021199586349534647,1356.031123971557,20.00569328588109,21061.877701171168
375,1.3957,3.0,4.0,0.0006706049638055843,1392.458491308685,45.05341722198308,20861.15647931398
376,1.6511,3.0,4.0,0.000594622543950362,1434.4419212457872,39.930952563260306,20574.324237346795
377,1.8375,3.0,4.0,0.001457859358841779,1374.849572886876,79.33962623145892,20944.783479749818
378,1.7546,3.0,4.0,0.0002050155118924509,1431.1185963098985,123.06428703411564,20655.58826569976
379,1.3673,5.0,4.0,0.017067476732161326,1612.6066915155636,99.99497859898639,19755.037935845394
380,1.2792,5.0,4.0,0.020358324715615307,1664.6245566439281,105.01623917957116,19449.077566787462
381,1.3989,5.0,4.0,0.02018769389865564,1702.0258470808951,30.013273769483188,19244.519501645133
382,1.4703,5.0,4.0,0.019535160289555327,1714.4072473449796,15.027366898194702,19179.795909591852
383,1.4137,5.0,4.0,0.020989400206825236,1726.7509396570772,20.02388946657953,19110.637048765646
385,1.4182,5.0,4.0,0.017418156300782982,1750.0545865644897,29.899755699204338,18998.2949735381
386,1.3928,5.0,4.0,0.016847466390899693,1776.4852007041868,20.02014482506276,18864.650804457862
387,1.3751,5.0,4.0,0.015828722854188213,1796.4271515813082,15.031875477047247,18767.61422398807
388,1.5284,5.0,4.0,0.014401654601861427,1817.1923818130779,20.00354920366422,18669.736037086284
389,1.658,5.0,4.0,0.012436573595311964,1832.7411396010411,9.943440332465524,18601.30238682808
391,1.4682,5.0,4.0,0.002115382626680455,1864.7097652030093,44.72944754333896,18535.781376544666
392,1.5285,5.0,4.0,0.0001396501206480524,1905.5021758109165,54.76477889328699,18478.757429604615
393,1.3905,5.0,4.0,0.002214146375857855,1697.1596640023183,104.95589358551125,19384.580583963376
394,1.6452,5.0,4.0,0.0026401240951396073,1749.0425548342484,20.000032579971688,19099.263193335915
395,1.4925,5.0,4.0,0.0017708487221155269,1789.6676289639108,64.73421161486205,18911.380680513383
397,1.3068,5.0,4.0,0.002444157187176836,1810.1329006760334,34.882302355423235,18792.98341396102
398,1.2303,5.0,4.0,0.0031352119958634956,1800.4006801585615,14.859715287031332,18828.86815795968
399,1.1943,5.0,4.0,0.0034407962771458122,1783.5662804920019,35.00376396254867,18908.72332940691
400,1.423,5.0,4.0,0.0036959669079627716,1759.753747093987,24.962948450834148,19026.683302120844
404,1.6975,4.0,4.0,0.0017389693209238196,1646.441506719847,9.979622530051813,19443.678500459508
405,1.6112,4.0,4.0,0.0012196757710323013,1686.2321561279646,79.94240955786475,19241.685233333108
406,1.6198,4.0,4.0,0.0006766632195794554,1763.2135973910113,99.03393892747144,18865.97762618833
407,1.3192,3.0,4.0,0.00047250164520071453,1629.7468177173464,49.68054413999647,19371.15250004688
408,1.2929,3.0,4.0,0.00021354705274043435,1656.057658710752,34.03019229788679,19264.480105154988
414,1.6413,6.0,4.0,0.0012458634953464323,1199.933427314904,129.654946644941,23182.57084767386
415,1.229,6.0,4.0,0.0014511375387797312,1148.5602615081004,24.92082710303734,23661.7693163993
416,1.3138,6.0,4.0,0.0015566184074457085,1130.067351320523,39.9858560206518,23841.177067569126
417,1.2923,6.0,4.0,0.0016548603929679422,1084.3615622931093,99.94570004374658,24311.244226724997
418,1.3162,6.0,4.0,0.0028141158221303003,1034.9786366203843,94.88349264839442,24822.53509087194
419,1.496,6.0,4.0,0.004200879007238883,984.2172517502352,30.005456952037246,25397.890726604568
420,1.3184,6.0,4.0,0.004393226473629783,923.4077150115238,94.96345901782037,26179.045389527222
421,1.4856,6.0,4.0,0.004676577042399173,858.5873153881498,55.05249701149957,27099.091653773023
422,1.6559,6.0,4.0,0.02355429162357808,829.1428947363206,14.973480064179302,27435.424824031103
423,1.4337,6.0,4.0,0.02384901758014478,800.4487523075056,49.97656690203604,27899.174481117832
424,1.4366,3.0,4.0,0.0035408479834539816,1950.587968219611,89.44618130965095,17685.154418909584
425,1.2634,3.0,4.0,0.00409875904860393,1905.9528558093464,99.84121727938232,17874.492621718964
426,1.2998,3.0,4.0,0.00432316442605998,1872.637517129472,30.00927559521391,18022.876429845233
427,1.3513,3.0,4.0,0.006023267838676319,1855.5248992995187,139.93545185049734,18085.96748206966
429,1.3208,10.0,4.0,0.008883143743536713,1860.930847792843,49.96731936399483,19632.47547888307
430,1.3277,10.0,4.0,0.008656576102284479,1902.3950420245094,49.94350784013996,19428.583153738655
431,1.3054,10.0,4.0,0.007468376891980822,1980.2003833877416,105.01045216620061,19068.232319476137
432,1.2712,10.0,4.0,0.006715721067970293,2082.586006645879,104.93767950497596,18620.567955310555
434,1.3923,10.0,4.0,0.003986603365610605,2107.611448560497,50.030088872476405,18540.538078540474
435,1.3457,10.0,4.0,0.003980093071354706,2114.1430299793665,54.97632569421708,18513.2815559694
436,1.4497,10.0,4.0,0.004107290589451914,2133.443978399925,69.97561074239668,18431.678873725712
437,1.6049,10.0,4.0,0.0028540589451913133,2145.303611985582,14.888775057902457,18400.84939720899
438,1.4405,4.0,4.0,0.01768568510858325,1221.203123787685,493.6425058453558,22282.957734862415
440,1.3771,6.0,4.0,0.0006812306101344365,977.1460723898749,119.96895280954594,25609.141222351987
441,1.3174,6.0,4.0,0.003109517486133308,1107.178354370941,214.54589879696286,24030.62877594969
442,1.3354,6.0,4.0,0.0014477766287487074,1218.7695668001463,30.00845148302532,23001.817097743547
443,1.4886,6.0,4.0,0.0010617028610823856,1267.236083492135,69.88672415488044,22596.685328426825
444,1.4174,6.0,4.0,0.0006204756980351604,1314.920435072109,24.88199929085517,22233.927216661836
445,1.3394,6.0,4.0,0.00020682523267838678,1355.2863736270383,54.92025949579549,21979.857462234508
446,1.3645,3.0,4.0,0.0018691830403309206,1452.970023283249,404.3047761807585,20386.514039710706
447,1.4784,3.0,4.0,0.000317649086521889,1675.4103282420288,69.65382420371908,19137.79409713499
448,1.5387,4.0,4.0,0.00020682523267838678,3328.705184821424,19.974856877285237,13978.15382773094
449,1.3431,4.0,4.0,0.00040279214064115824,3356.8232674324076,89.9007700810005,13897.504292966334
450,1.1675,4.0,4.0,0.00016985946055910625,3316.0560303609655,299.9693577326294,14010.900219941635
451,1.1812,4.0,4.0,0.02265279214064116,3169.756824010495,164.87668193772438,14130.293713974208
452,1.1602,4.0,4.0,0.02802404343329886,2895.9161443657576,409.97670703225987,14744.064507085657
453,1.2237,4.0,4.0,0.030804808686659774,2681.318888800375,24.981331120563237,15291.600901018843
454,1.1655,4.0,4.0,0.03119777662874871,2611.6322760499993,110.07532301547157,15484.312373044822
455,1.1704,4.0,4.0,0.031590744570837645,2320.0825110639425,524.9444321757493,16382.960076380052
456,1.2661,4.0,4.0,0.03880144777662875,2008.5742870369613,190.03310711848425,17539.358008761206
457,1.4329,4.0,4.0,0.0396540847983454,1881.7911146560089,114.59840238042635,18092.212253217986
459,1.681,6.0,4.0,0.008986685625646331,1263.2183610529153,15.0300463483593,22502.56273625478
460,1.5629,6.0,4.0,0.007742244053774561,1265.9285329064503,24.935953934507708,22488.502311996213
461,1.4715,6.0,4.0,0.007574026197862807,1270.6836984259785,10.005670894010095,22449.64494705294
462,1.5481,6.0,4.0,0.006520941054808688,1277.9162469765552,10.040207289100492,22397.894353956417
464,1.7905,6.0,4.0,0.005654257152705964,1289.7114566098348,25.00548779940521,22308.448653313684
465,1.6513,6.0,4.0,0.0067042399172699075,1301.761751427194,34.9675343343512,22199.66034252137
467,1.673,6.0,4.0,0.003032264736297829,1320.12475352381,19.97981257831819,22098.512552868327
468,1.6975,6.0,4.0,0.001968459152016546,1329.9315195125423,10.017147576963726,22046.009241506636
470,1.3953,6.0,4.0,0.006768355739400207,1595.3115908359066,174.7996927515445,20147.51634291907
471,1.3417,6.0,4.0,0.00016882109617373322,1466.804555463853,90.02278753903879,21177.935594044757
472,1.6604,6.0,4.0,0.00044493278179937956,1402.1244044042535,39.990796968575836,21582.536275116636
473,1.5311,6.0,4.0,0.0002068252326783868,1363.5239539256554,59.96172499720194,21916.4348002566
474,1.665,6.0,4.0,0.0009599534643226475,1376.2951130309507,44.98942552369822,21730.201307435367
475,1.5387,6.0,4.0,0.0006787745604963807,1383.0088176597524,5.023986318875419,21699.855145360394
476,1.7118,6.0,4.0,0.00032781799379524303,1389.0554043309348,34.992305986956374,21696.775001473055
477,1.7217,6.0,4.0,0.0004883660806618408,1395.4439062610177,44.970215715484315,21626.380726612584
478,1.649,6.0,4.0,0.0003539296794208894,1394.3146587086594,34.9893402075232,21653.29039848365
479,1.3405,6.0,4.0,0.001456566701137539,1589.3431702232594,104.7774578465093,20266.30412791255
480,1.4986,6.0,4.0,0.0022582730093071357,1511.5270749690392,50.00035223475468,20733.080371837026
481,1.2816,6.0,4.0,0.0026711478800413653,1483.7719938021626,5.057620893465948,20907.77375882883
482,1.3384,6.0,4.0,0.0028086866597724926,1460.4584040024192,35.0974437477104,21063.45365648282
483,1.5107,6.0,4.0,0.003958117890382627,1418.961799754699,49.99421468320601,21335.480105787923
484,1.6477,6.0,4.0,0.004210961737331955,1353.050195239939,84.99542544616548,21821.333578991733
485,1.6128,7.0,4.0,0.001456566701137539,1589.6535316233242,79.84572791921696,20510.43443522546
486,1.4257,7.0,4.0,0.0020064632885212,1511.1392691176252,79.9904251947093,20993.96448234434
487,1.4739,7.0,4.0,0.0022794725956566705,1435.4906522179806,80.01409555941595,21507.15414461411
488,1.5578,7.0,4.0,0.002768355739400207,1363.1908753163416,64.77585034209515,22032.349087373317
489,1.6724,7.0,4.0,0.0013944157187176834,1316.9415885689593,69.78786645204706,22438.9362057128
490,1.8458,7.0,4.0,0.00250517063081696,1266.209047397368,29.958471807834176,22827.6102653549
492,1.7862,7.0,4.0,0.0011969364012409515,1225.6250268522176,29.951828473468886,23230.646714120034
493,1.4878,8.0,4.0,0.01699315885768833,1492.7559082892058,59.92978016876512,21251.960842057983
494,1.5968,8.0,4.0,0.0134617373319545,1504.8797951188285,44.98952853307879,21183.280810608863
495,1.8095,8.0,4.0,0.012904458232793292,1515.5742171250006,40.05825293715084,21114.24596850662
496,1.6323,8.0,4.0,0.009277404343329887,1527.9739015110422,40.009627775400354,21050.85594439441
497,1.582,8.0,4.0,0.006202430196483972,1537.568296184108,14.978931506511076,21010.63207549259
498,1.5695,8.0,4.0,0.00579498448810755,1543.8564695591251,25.023994613065575,20973.574999200446
499,1.682,8.0,4.0,0.006008790072388832,1544.0105557380177,83.48137024261672,20970.55330394633
500,1.5171,8.0,4.0,0.002694415718717684,1516.1967892544708,24.92325517988911,21198.359286642746
501,1.4586,8.0,4.0,0.001034126163391934,1488.5732589767426,25.0471637526952,21439.65509870516
502,1.7466,8.0,4.0,0.000265918156300783,1455.9671424366315,59.64672648073107,21745.80153607527
503,1.5576,2.0,4.0,0.0012202565617767272,1561.3066019318446,98.96778172769382,19485.082640163273
504,1.4465,2.0,4.0,0.0006549465701482247,1598.1719825835967,54.1693757277563,19301.39975617228
505,1.2645,2.0,4.0,0.0002068252326783868,1621.5372203963718,59.90903221589683,19227.204816308094
506,1.3769,10.0,4.0,0.0011932523267838677,2226.485008491286,34.9809637403735,18119.833914852723
507,1.4602,10.0,4.0,0.0008952947259565668,2187.3901597388312,40.00332305554006,18287.538757405695
509,1.4403,10.0,4.0,0.0014557911065149949,2146.8130538261457,40.003359909463896,18427.687456796917
510,1.4266,10.0,4.0,0.0022577559462254398,2104.171172724363,40.003398587750304,18583.105014768415
511,1.365,10.0,4.0,0.003580920372285419,2065.0523800047145,34.991720980700336,18727.130261224716
512,1.4788,10.0,4.0,0.005213288521199587,2023.5445581328268,40.0547299441191,18890.434456173596
513,1.4198,10.0,4.0,0.004501735854631408,1988.611263504169,30.041373422940104,19055.40329689708
514,1.5257,3.0,4.0,2.2758854705274046e-05,1970.7052198027973,302.1989439186804,17836.989998982575
516,1.4616,5.0,4.0,0.0018691830403309206,1869.4842730701519,69.93029388699514,18519.293770818917
517,1.5486,5.0,4.0,0.00020682523267838678,1862.9029773395673,550.5043305003319,18659.540753325335
519,1.2731,4.0,4.0,0.0014472595656670115,1698.0165056557178,24.72724442264801,19169.153150337817
522,1.807,4.0,4.0,0.000813857290589452,1728.7747662670768,29.933168518740406,19034.911100205834
524,1.1968,10.0,4.0,0.0021965656125836827,2180.754810313447,89.93429548046629,18270.32923675556
525,1.272,10.0,4.0,0.00024617093825987315,2042.7447403537076,180.01349948135936,18959.08071742018
526,1.4349,6.0,4.0,0.0,2053.4377356689542,124.7137686354595,18286.95758097236
527,1.3384,6.0,4.0,0.0,2176.270827207288,229.79637458066813,17787.278364620488
528,1.3152,3.0,4.0,0.001456566701137539,2847.064537583618,139.04986970261322,14801.986107511866
529,1.3217,3.0,4.0,0.0018691830403309209,2734.6208372093515,114.96141211677673,15079.145289723358
531,1.254,6.0,4.0,0.00020682523267838678,1678.4030106217244,293.4543310664499,19849.098163273873
532,1.3491,10.0,4.0,0.0007069700103412617,1971.1984206123361,120.05128522597006,19230.064118063845
533,1.2402,10.0,4.0,0.00026525336091003104,1929.6221873743252,279.95291697521367,19477.329575696553
534,1.383,10.0,4.0,0.0018691830403309206,1911.7604013523694,84.97401979880114,19462.42672642492
535,,10.0,4.0,0.0005392967942088936,1909.9830628929942,15.025521759705606,19535.62418470804
536,1.295,10.0,4.0,0.00020682523267838678,1746.9603233039813,329.9928527024296,20436.786327007496
537,1.4298,4.0,4.0,0.005793950361944159,1711.818634841598,19.95683910986717,19024.88076250043
538,1.4655,4.0,4.0,0.0017876639634245904,1643.5759377308282,184.87872833446184,19458.405597734676
539,1.6871,4.0,4.0,0.002800155118924509,1571.0912397793702,24.990906416096138,19857.711314544533
540,1.3492,10.0,4.0,0.0007129150867516949,2319.016738649427,40.020875677983156,17795.78054104332
541,1.3358,10.0,4.0,0.0007076008273009307,2279.979074876589,44.97340274918266,17940.792648399583
542,1.4444,10.0,4.0,0.0009878490175801449,2237.986945196898,44.99025706871154,18084.462027029665
543,1.407,10.0,4.0,0.003054033092037229,2196.394047792672,40.03562977899532,18192.202312358502
544,1.5157,10.0,4.0,0.003485263702171665,2158.8224499963862,40.04671552728832,18336.05117170499
545,1.3967,10.0,4.0,0.003779989658738366,2122.219641215752,40.05902875544531,18482.188664785725
546,1.5412,10.0,4.0,0.005420113753877974,2092.2424012949577,24.965825346046593,18590.145211119594
547,1.3673,8.0,4.0,0.0006919027921406412,1702.9910439131609,119.92035739397323,20128.60259341132
548,1.4517,8.0,4.0,0.0009464839710444675,1733.3700224017068,24.932256341464836,19942.95195780695
549,1.4139,8.0,4.0,0.0019656153050672184,1657.5839940154062,45.01592142423041,20333.06488489955
550,1.3967,8.0,4.0,0.0,1748.1203916855684,194.31989728780252,20228.357571644
552,1.2597,6.0,4.0,0.001000258531540848,1749.944043200066,328.44032914087603,19376.40583563515
553,1.4382,6.0,4.0,0.0008525262224848575,1681.59462452264,99.53679500713153,19756.462070018824
554,1.5941,6.0,4.0,0.0011657187176835576,1625.3412726771733,54.88324456471615,20062.903453647355
555,1.9266,3.0,4.0,0.029843329886246123,2547.8205591736396,19.67558257221954,15481.946555054152
556,1.6288,3.0,4.0,0.005221700739797949,2523.660021731557,59.869311653540024,15624.818492954288
557,1.4855,3.0,4.0,0.000891638351307431,2514.1760253760513,64.98292512768488,15726.753849045985
558,1.6809,3.0,4.0,0.000499224405377456,2519.3635160171657,14.979294598516788,15735.591404756475
559,1.262,3.0,4.0,5.797569803516029e-05,2519.521378362057,473.5898123234788,15825.605818013075
560,1.3143,3.0,4.0,0.00020682523267838678,3158.9395896258507,69.97529262580743,14159.571593274079
561,1.2364,3.0,4.0,0.0006204756980351604,3095.1718634372,49.94569484456727,14256.168013096765
562,1.2755,3.0,4.0,0.001034126163391934,3038.583102442146,64.51359615432072,14362.610911298447
565,1.4464,3.0,4.0,0.0029134436401240956,2932.5584130508237,69.39746978601123,14567.692185101385
566,1.6461,3.0,4.0,0.0018691830403309206,2965.304043802321,53.87387473343014,14507.894875657905
567,1.3456,3.0,4.0,0.0002068252326783868,3029.9691902144764,124.69850832595947,14443.845707085815
568,1.2545,8.0,4.0,0.01757083764219235,2263.560768537996,219.7667437834172,17423.751398236174
569,1.3691,8.0,4.0,0.0013994312306101345,2280.953799534014,109.71900789011946,17477.6434243039
570,1.3129,3.0,4.0,0.001034126163391934,1646.0601973161056,159.67766805271614,19239.190658576452
573,1.4811,3.0,4.0,0.0019308075585221399,2713.4035367852603,49.95752296196631,15133.950622655047
574,1.3095,3.0,4.0,0.00020682523267838678,2814.428063054585,159.37808127829024,14961.165172268486
576,1.3001,3.0,4.0,0.006988107549120994,1496.304160255085,159.8499377498499,20032.32652923713
577,1.3759,3.0,4.0,0.007812306101344365,1313.9611782267484,244.02224338927482,21306.661078620175
579,1.572,4.0,4.0,0.0036748621165115483,1712.8446819356943,144.8163478778823,19042.52161427719
580,1.2803,8.0,4.0,0.00020682523267838678,1775.2113754857985,269.9847495533141,19797.42894378265
582,1.1866,10.0,4.0,0.0028221302998965875,1500.1828564643126,184.99802357304614,21823.739422690698
583,1.1828,10.0,4.0,0.002894519131334023,1385.6473433251638,199.87986356606336,22664.577778633546
584,1.1859,10.0,4.0,0.01939477766287487,1418.2650815184616,119.96833093974053,22301.236768947692
585,1.4768,8.0,4.0,0.0018102378490175803,1894.3154078052876,40.028207628357436,19083.193223143855
586,1.2264,8.0,4.0,0.002097983453981386,1797.3588377283882,145.03510680337712,19559.65888372986
587,1.3638,8.0,4.0,0.00020682523267838678,1678.9978108637868,89.99322028780281,20330.538520315964
588,1.2551,4.0,4.0,0.001456566701137539,2782.809316500192,194.52909275901447,15145.663428906395
589,1.5384,6.0,4.0,0.0011367631851085832,1590.5778153217768,79.95677957594556,20272.180367778998
590,1.7108,6.0,4.0,0.0009723371251292659,1643.863520138674,20.022874666497092,19964.426632144958
591,1.4879,6.0,4.0,0.0007905607261863726,1674.3883668745882,39.996334141251594,19800.942438326827
592,1.3818,6.0,4.0,0.00106282316442606,1768.79689779008,139.92613936052425,19274.530817205323
593,1.5881,6.0,4.0,0.004725985292427899,1855.6255390855554,39.95832625000874,18764.339479775153
594,1.2544,8.0,4.0,0.00013198426874745387,1889.6220743628664,324.100877580363,19239.48532710236
595,1.3306,8.0,4.0,0.00018991226607065418,1937.1491148060315,149.95058380415543,18994.51104005179
596,1.3308,8.0,4.0,0.0003650465356773527,1858.500114451388,40.02421277405709,19339.982856211183
597,1.375,8.0,4.0,0.0,1937.882825980014,188.5125972783552,19258.30222395824
598,1.1802,8.0,4.0,6.55377456049638e-05,2017.0388181609965,34.94504274513647,18684.829963347463
599,1.5927,5.0,4.0,0.004746897621509824,1844.790672211362,39.976846960833036,18590.891539515178
600,1.5273,5.0,4.0,0.004778955532574974,1846.4919814265097,10.062102005552138,18582.388183190953
601,1.5532,5.0,4.0,0.0048182523267838685,1849.3104906164374,64.94884258547103,18568.472459947872
602,1.432,12.0,4.0,0.0014044626521358683,1981.0349832503407,59.92642557769605,19617.21699465955
603,1.3975,12.0,4.0,0.0009149000344708722,2040.4964965022,54.97970739530856,19364.594776237966
604,1.2011,12.0,4.0,0.00046380558428128234,2098.93747641399,54.95890639208649,19140.182267662312
605,1.2426,12.0,4.0,0.0,2172.7687952072247,208.13264754968512,19137.600354468144
606,1.2669,12.0,4.0,0.0011577257842123408,2065.7708413890773,115.03282074947616,19239.185908107185
607,1.3034,12.0,4.0,0.002397104446742503,1974.2219799579495,59.991272334441945,19621.514370680285
608,1.2457,6.0,4.0,0.004262150982419856,1593.060951842268,69.9788555457442,20185.932489923136
609,1.3326,6.0,4.0,0.004166925198207516,1640.0401775225762,24.973572300809046,19909.29694260443
610,1.3533,6.0,4.0,0.004049293347121683,1672.0992078150884,40.02168241723981,19727.851158704594
611,1.4755,6.0,4.0,0.0009257180505053875,1767.850871759737,149.93010625713958,19286.541528634596
612,1.5375,6.0,4.0,0.00449109241327442,1856.9167900492128,44.983923696589265,18760.663105821935
614,1.5958,3.0,4.0,0.00585456164540963,2136.5415134660207,39.695328545062715,16910.998937525495
615,1.497,3.0,4.0,0.006700144777662875,2212.150534227768,119.7673669803202,16626.88830724261
616,1.4712,3.0,4.0,0.0060772147535332645,2273.0877595064435,24.99008455599338,16417.087720752235
617,1.3705,3.0,4.0,0.00435263702171665,2315.333611972157,59.858114134217445,16288.027621298135
618,1.5397,3.0,4.0,0.00394105480868666,2434.35234307944,258.13655009006465,15907.506828094227
619,1.6127,3.0,4.0,0.0035294725956566703,2548.759883802567,29.976047320937543,15567.483106225794
620,1.2793,3.0,4.0,0.0006204756980351604,2534.371959685292,134.85841111253902,15682.001950742788
621,1.2322,3.0,4.0,0.0002527863954958061,2508.7362245061104,35.07900308020827,15795.944903333882
622,1.3978,6.0,4.0,0.015897307578667457,2582.500551434002,65.02071361472109,15976.303215752901
623,1.3777,6.0,4.0,0.015443640124095138,2638.6546621168873,54.985373071535456,15814.477655105447
624,1.2193,6.0,4.0,0.015034126163391935,2671.019929873747,59.97142735275723,15723.931472402526
625,1.211,6.0,4.0,0.014215098241985524,2701.47521509186,54.8641541161715,15641.482803800125
626,1.1537,6.0,4.0,0.01339632885211996,2691.937396464507,4.946519749310037,15670.361518897895
627,1.3194,6.0,4.0,0.012167011375387799,2686.2577359752927,89.87365421620461,15690.174016151323
628,1.3093,6.0,4.0,0.011765016373664254,2801.071013660892,234.63293481573854,15381.508302255244
629,1.3627,6.0,4.0,0.009291623578076526,2975.8884793516772,124.85806666735174,14953.19290990482
630,1.5723,6.0,4.0,0.007593846949327819,3059.349720754126,54.845566852595624,14765.188446231015
631,1.4004,6.0,4.0,0.007026887280248191,3081.207400075649,34.96287066123239,14718.188787692154
632,1.4079,6.0,4.0,0.006620001723543606,3248.8956017965893,354.50844274627894,14353.189242009255
633,1.3659,6.0,4.0,0.006201654601861428,3220.8368574259634,194.82078072300675,14415.186864863907
634,1.4154,6.0,4.0,0.005789038262668046,3164.097989180725,104.79954269754303,14540.546576920882
635,1.3421,6.0,4.0,0.005388925448904767,3044.8857230724725,159.75206312841325,14812.117724381624
636,1.322,6.0,4.0,0.0033092037228541885,2961.606188914253,9.991585276520468,15028.802447267111
637,1.2342,6.0,4.0,0.002895553257497415,2944.005785309161,34.82923231190503,15076.941727494741
638,1.3396,6.0,4.0,0.0024819027921406415,2905.2472797764954,79.98267759396968,15178.755668204043
639,1.2272,6.0,4.0,0.001034126163391934,2862.6365604867397,44.950575622302736,15321.76317053085
640,1.1912,6.0,4.0,0.0006795686216575566,2832.6029828134947,30.005200226166572,15416.246232005598
641,1.3415,6.0,4.0,0.00020682523267838678,2798.8279970507715,54.91266465305884,15553.880760142762
642,1.5303,6.0,4.0,0.0016158048948638401,1638.994892165475,70.02687486208582,19965.660634485685
643,1.5789,6.0,4.0,0.00018504395036194417,1629.0837918640602,94.94429184019934,20139.386241032076
645,1.6562,8.0,4.0,0.003932264736297829,1254.1437854472495,45.03564456503702,23182.622173668602
646,1.5336,8.0,4.0,0.0035196483971044476,1283.461566767051,24.95569374126838,22935.3400772969
647,1.6983,8.0,4.0,0.0021208634953464325,1301.621811531558,14.963791249519701,22812.93989947443
648,1.7182,8.0,4.0,0.0013788348845225785,1314.9627160995399,9.97585355213006,22728.324919988037
649,1.7824,8.0,4.0,0.0005515339538090314,1322.2291588990877,4.987924819466927,22724.061656310376
650,1.3179,8.0,4.0,0.008109955453026809,1853.5784286047935,59.99688710670458,19205.19692013742
651,1.4052,8.0,4.0,0.0024407962771458122,1770.634037883818,149.98955117533808,19691.948676419932
652,1.5332,6.0,4.0,0.00011970010341261636,3057.830065673738,129.9077545616837,14932.82603488108
653,1.1805,9.0,4.0,0.011162536791026967,3511.4227152683507,124.99807315314743,14321.002623775872
654,1.1847,9.0,4.0,0.0034335573940020687,3543.744424719703,90.0470915592006,14303.406132695372
655,1.2111,9.0,4.0,0.0031253877973112724,3563.285050448426,29.914527676686916,14269.521266146516
656,1.1825,9.0,4.0,0.0022319027921406413,3584.860126314464,95.05445941345009,14241.268420114762
657,1.1686,9.0,4.0,0.002069027921406412,3569.2912726708782,314.66322887335053,14273.73721536961
658,1.2067,9.0,4.0,0.0024594105480868667,3407.00834526143,139.9935332700157,14587.290617532426
659,1.1899,9.0,4.0,0.002852378490175802,3297.633197029078,90.01577502288566,14810.194448929533
660,1.1916,9.0,4.0,0.0032453464322647367,3225.9355627363166,89.94609406982231,14961.114172863594
661,1.2496,9.0,4.0,0.0022061922761473455,3141.5019832643843,140.0327369269416,15167.116816457243
662,1.3428,9.0,4.0,0.0025620475698035165,3088.7204788375298,15.040099125850992,15284.07597251087
663,1.763,9.0,4.0,0.002956049638055843,3068.5673464868996,39.35985816312132,15326.021718610962
664,1.2518,15.0,4.0,0.0006005687693898656,2811.424687094838,44.92116576011442,17252.119997517475
665,1.1831,15.0,4.0,0.0016765770423991726,2720.5704977561923,199.97281214903785,17476.650944337955
666,1.1626,15.0,4.0,0.0030788521199586355,2547.0170609711463,204.96616029016437,18005.573016063347
667,1.4318,2.0,4.0,0.00107081496398701,3458.8783046314993,278.4648394038633,13338.959585181943
668,1.6898,2.0,4.0,0.0006363853313181132,3411.5473877602612,124.6695989922306,13445.511456950626
669,1.733,2.0,4.0,0.0003447087211306446,3354.948383106151,4.889835152446878,13575.353525127593
670,1.5435,6.0,4.0,0.00024285418821096177,3090.91562968674,114.96787858184591,14828.422632055204
671,1.2141,7.0,4.0,0.007797156153050673,2969.3347317605735,44.964154842202625,15157.727366429142
672,1.2368,7.0,4.0,0.006770510168907274,3004.9715916585296,24.955499264990873,15077.406754452104
673,1.274,7.0,4.0,0.006364400206825233,3032.0940950286886,35.02349061656169,15015.414533519033
675,1.3323,7.0,4.0,0.0037440537745604967,3060.300587813477,10.023113103811959,14970.396652537698
676,1.2594,7.0,4.0,0.0006621234057221649,3234.0429695436246,368.7599035384269,14648.768325036352
677,1.3004,7.0,4.0,0.00020682523267838678,3792.4187179224446,807.6396940372397,13619.525929000984
678,1.4402,4.0,4.0,0.0,2245.7814029627443,169.6436040212582,17104.747014302506
679,1.426,4.0,4.0,0.0,2407.522625535641,299.3739655803771,16546.79822138865
680,1.2374,8.0,4.0,0.00022104446742502587,2409.028187874738,99.98005175419996,17112.110773056833
681,1.2716,8.0,4.0,0.0012922842697920258,2441.12333503958,39.928342135951084,16924.672394947873
682,1.3546,8.0,4.0,0.0008843502240606688,2453.1872313605563,25.008996128264233,16901.997791614496
683,1.1775,8.0,4.0,0.002364012409513961,2456.4264494433337,9.947538117727571,16847.190948303632
684,1.3273,10.0,4.0,0.0036070472656487625,2325.1774633866276,79.87371095143043,17696.70339815387
685,1.3788,10.0,4.0,0.001453759787265475,2399.760653862959,64.90461207571134,17474.500060266262
687,1.2551,3.0,4.0,0.007782077061549658,3593.514902173201,129.58136107527335,13187.432383229667
688,1.3404,3.0,4.0,0.007253360910031025,3670.7227603136603,34.93205363876562,13056.87205136711
689,1.2352,3.0,4.0,0.004484488107549121,3733.2147870799004,104.79350880728369,12968.782920543063
690,1.3197,3.0,4.0,0.002694415718717684,3800.4930326298404,34.51377731753657,12876.25106562081
691,1.4071,3.0,4.0,0.0004946077707194565,3797.002344424533,134.45420357762353,12940.183021718462
692,1.3956,3.0,4.0,4.177869700103413e-05,3873.5431974012986,44.92310129711748,12902.2554821214
693,1.35,3.0,4.0,0.0018820449844881078,3930.1472608725157,74.65618056445132,12684.024680264116
694,1.5625,3.0,4.0,0.0004146199586349535,3983.404730979355,29.914556551550582,12653.748591822012
695,1.354,3.0,4.0,0.001529330403309204,2620.9748554481625,94.77594776315019,15395.70109186729
699,1.5979,6.0,4.0,0.0001537440067688258,3061.708245576068,104.91750208676368,14913.858201489873
700,1.4484,6.0,4.0,0.0005417897769242134,2995.675972769198,65.08864220538669,15019.260512020646
701,1.6527,6.0,4.0,8.117890382626683e-05,2970.0351053078216,34.99894505549611,15157.386945588887
702,1.4133,2.0,4.0,0.0006204756980351604,3231.2000092404023,204.927481642928,13799.224487902258
703,,2.0,4.0,0.00022108904182862034,3218.8235494784785,134.38536752499223,13862.546042600321
704,1.1547,2.0,4.0,0.0,1896.6281746896466,34.56155596760006,18097.97555856035
705,1.5066,2.0,4.0,0.0,1908.1510084132412,34.727670489958065,18045.77694661731
706,1.1574,2.0,4.0,0.0,1933.0673168808478,20.007657640989777,17934.4812073563
707,1.3927,2.0,4.0,0.0,1959.8026585572893,64.38816254787703,17817.39256377255
708,1.4502,3.0,4.0,0.0,2362.3809995550905,224.62009026292537,16496.555120196
709,1.4789,3.0,4.0,0.0,2252.881990053171,44.973136706921416,16874.159537618827
710,1.3143,3.0,4.0,0.0,2226.3758516848984,20.00846982613937,16969.66288040881
712,1.3116,10.0,4.0,0.006519625585497902,2315.4378225475175,163.98308512610424,17704.230242422822
713,,10.0,4.0,0.00401361599448466,2410.732495507429,24.927483019315634,17389.43406952217
714,,10.0,4.0,0.0018691830403309206,2466.4517632535412,82.65911254570419,17236.025100565443
715,1.15,10.0,4.0,0.00048388486728714246,2501.899250848427,24.728559853430767,17180.862926948026
716,1.4288,3.0,4.0,0.0014565667011375392,2012.4702717795299,109.36659145692754,17464.98078241242
717,1.4104,3.0,4.0,0.002911323681489142,2006.513249803864,15.047768779567283,17457.459956206567
718,1.3937,3.0,4.0,0.0033229058945191316,2009.9382912296137,14.979607035938134,17437.12585909035
719,1.3385,3.0,4.0,0.0037344881075491213,2011.778599680414,10.006249554626015,17424.098092396558
720,1.2801,3.0,4.0,0.004146070320579111,2009.2217485326998,29.926814126540183,17429.814320447134
721,1.2845,3.0,4.0,0.005801189245087901,2010.3493053252582,19.95736868533928,17409.570545960723
722,1.2739,3.0,4.0,0.006622285418821097,2007.1264829529416,85.03558356683024,17416.754004931077
723,1.2205,5.0,4.0,0.00020682523267838678,2398.972902047694,64.9554854622947,16539.58107120898
724,1.3951,5.0,4.0,0.003932264736297829,2424.846476571242,34.75386223127509,16326.626846187562
725,1.2844,5.0,4.0,0.003519648397104447,2426.6476954367386,39.69271554730359,16325.665869760729
726,1.4658,5.0,4.0,0.0031070320579110653,2396.796141705102,34.748267235939615,16427.768509426947
727,1.6184,5.0,4.0,0.002694415718717684,2387.269263304423,4.872263355829767,16465.245315761284
728,1.5306,5.0,4.0,0.0022946936401240957,2341.006453620782,154.47579250719522,16626.72490873142
730,1.3407,5.0,4.0,0.0003915316557508905,2328.7038282967296,35.02678285309157,16747.237999407935
731,1.2867,15.0,4.0,0.00020682523267838678,2121.069718117584,90.01895345036856,19789.28239741952
732,1.2601,15.0,4.0,0.0023051533953809037,2124.778502381184,85.00736613527162,19646.246269016574
733,1.3286,15.0,4.0,0.002239658738366081,2129.933855070838,40.0064310406959,19625.062324762202
734,1.2641,6.0,4.0,0.0,2652.8771976277544,623.3222624328018,16184.420817979615
735,1.8035,3.0,4.0,0.0,2205.4102782861573,64.69656514325003,17046.400682997184
737,1.5722,8.0,4.0,0.001001034126163392,2986.3504762776997,40.069771249616466,15383.872505560648
738,1.5138,8.0,4.0,0.0009667048308465062,3015.265259149507,64.94443885555887,15314.769884841922
739,1.5659,8.0,4.0,0.0008249741468459153,3043.4505753827184,19.9770076074712,15253.41086369673
740,1.4009,10.0,4.0,0.00973733195449845,2898.626492736321,154.4948212517811,15888.781622779525
741,1.5603,10.0,4.0,0.005493967597380214,2992.5321365046684,40.06318859553654,15672.90922285029
742,1.372,10.0,4.0,0.0045659255429162365,3029.091699060721,39.98380015596268,15590.097708704076
743,1.4207,10.0,4.0,0.0034490692864529477,3063.8351589646027,30.00015510164023,15517.129792904543
744,1.4585,10.0,4.0,0.003112461220268873,3089.0750905677232,15.027919600317695,15460.76810908721
746,1.6031,10.0,4.0,0.0011075491209927612,3112.5398816226852,24.99176717483989,15447.527263344335
747,1.6149,10.0,4.0,0.0007156153050672183,3141.1116095559096,40.01168946984999,15398.262940300645
749,1.674,10.0,4.0,0.0,3166.425187943707,173.9027980173622,15610.330893369191
750,1.588,10.0,4.0,0.0012437952430196485,3060.6214001814974,74.98103849619982,15567.125447031038
751,1.4082,10.0,4.0,0.0014444157187176838,2995.3687846853113,69.86952777930492,15721.666810134855
752,1.5469,10.0,4.0,0.002911323681489142,2943.290243349821,39.98915389272388,15824.146004517992
753,1.387,8.0,4.0,0.004883919338159256,2948.921419953232,99.94871601947804,15411.488281327174
754,1.4109,8.0,4.0,0.0009047052740434335,2901.1716728414044,69.92632003456022,15601.83276461446
756,1.5301,15.0,4.0,0.00022583292118160157,3126.324401366829,109.99839248913756,16443.212909909824
758,1.326,4.0,4.0,0.0031401758014477765,3257.9771360504214,244.69273538015995,14020.111493400736
759,1.4868,4.0,4.0,0.0022817993795243023,3376.5426699148243,74.93434887583678,13794.877623093973
760,1.3785,4.0,4.0,0.0018691830403309206,3516.5735901877238,224.7964479671165,13537.332863164143
761,1.228,4.0,4.0,0.00023548657418963738,3765.894193468267,279.76779441709664,13174.775467399482
762,1.5175,3.0,4.0,0.0,2635.1376702179473,54.84799773367434,15659.015105844626
763,1.5355,3.0,4.0,0.0,2555.9889060466985,114.57959487176167,15888.401244457744
764,1.4978,3.0,4.0,0.0,2478.9846234763154,114.21302046854049,16121.869613960565
765,1.3272,4.0,4.0,0.0,2863.4840047304465,64.96611958414543,15233.316234584616
767,1.561,4.0,4.0,0.0,2850.5991877493066,35.036968361065206,15266.112078693015
768,1.5622,4.0,4.0,0.0,2770.353773987812,287.9852343470813,15475.404356191913
769,1.2838,4.0,4.0,0.0015979834539813858,2633.5716041938194,978.3276845960615,15545.205172912949
770,1.1799,5.0,4.0,0.00020682523267838678,3022.8040287262265,9.9967634044908,14813.396412699662
771,1.4629,5.0,4.0,0.001034126163391934,3002.643706876736,59.984452187432716,14797.181037332615
772,1.7107,5.0,4.0,0.000641158221302999,2958.4770565786034,94.45822268811841,14921.098656047292
773,1.473,5.0,4.0,0.00024819027921406416,2997.1721733992704,39.66922609768451,14866.45274970782
774,1.2902,2.0,4.0,0.0,2945.4849617540244,279.61059001751613,14671.200132176959
775,1.2338,2.0,4.0,0.0,3204.899736147992,514.0601186025812,14092.39868176372
776,1.4997,5.0,4.0,0.02063243278179938,887.4489762481894,75.04539992622801,26251.24813692867
777,1.5712,5.0,4.0,0.018372457773181663,848.4796621217039,24.9888960925803,26827.729972378074
778,1.4721,5.0,4.0,0.01820398138572906,824.180212546788,29.990071252082945,27202.715133642367
779,1.7586,5.0,4.0,0.019567218200620476,804.8149004350311,15.005460218896477,27507.613419763606
780,1.8043,5.0,4.0,0.024531023784901757,791.3256983627862,15.0707975926468,27713.536906342313
781,1.5374,7.0,4.0,0.005906200056406882,698.8409807003613,49.937239594554015,30238.48719248422
782,1.6792,7.0,4.0,0.0025389643965135177,723.2808107601884,30.000331928286585,29813.820313234915
783,1.7671,7.0,4.0,0.0010274043433298864,741.1315207063193,24.932301821891972,29540.296484971605
784,1.6446,7.0,4.0,0.0021059979317476735,762.5168947598048,29.931558585511763,29086.630026537034
785,1.4865,7.0,4.0,0.0015372285418821098,778.8648013765865,20.062362847599275,28818.034585587993
786,1.3986,7.0,4.0,0.0002800381334022751,809.1044495412556,74.89760190758791,28427.93655934417
788,1.4425,12.0,4.0,0.01844071009996553,624.0133220774271,39.940451314916096,33798.79507985697
789,1.421,12.0,4.0,0.014863495346432266,640.8526856056751,10.018556135415059,33391.507199092586
790,1.6405,12.0,4.0,0.01481799379524302,653.5394336325737,20.059760661516627,33081.08472727624
791,1.6028,12.0,4.0,0.014849534643226475,671.5537244689983,25.0647829857194,32654.723299633373
792,1.6677,12.0,4.0,0.014814201999310585,692.1846110879143,24.970414856757078,32187.1263181968
793,1.5936,12.0,4.0,0.014809462254395037,713.5843452768096,25.016222900865166,31723.18755401727
794,1.4392,12.0,4.0,0.014751535031023787,751.6866458599699,74.99152344106042,30946.266486375924
796,1.3997,12.0,4.0,0.019500051706308173,791.4584722995307,44.95278794079531,30172.262002035583
797,1.7506,4.0,4.0,0.00020682523267838678,828.2532693654764,64.80404298171398,27134.971571290094
798,1.7222,4.0,4.0,0.0018939282020977988,788.1825509228813,29.975701050157227,27620.904679747597
799,1.6236,4.0,4.0,0.001219197813561826,749.6184031995682,64.91344707373257,28322.826207430568
800,1.7362,4.0,4.0,0.0011595139607032058,704.3003623569997,65.0183640458179,29181.609238817822
801,1.5419,4.0,4.0,0.0017179420889348502,662.0724696973379,79.93581949844507,30023.372998042632
802,1.4261,8.0,4.0,0.003970638203575122,791.400694141123,99.90823416959643,28873.589740067542
803,1.5859,8.0,4.0,0.0007518097207859359,729.7706365008951,64.96613882931253,30145.05281221933
804,1.6256,8.0,4.0,0.0007727507755946226,682.0211799042979,64.93678046192267,31131.39712483886
805,1.6671,8.0,4.0,0.0013635987590486043,635.6002307461904,70.01551658828261,32146.99414188674
806,1.6176,8.0,4.0,0.00021021486843617144,619.2839225693302,39.797154474552656,32710.621396054565
807,1.6237,5.0,4.0,0.006530026591815631,773.360043465437,99.80742165181299,28117.636119004157
808,1.7141,5.0,4.0,0.003612793617964249,709.505313662924,64.98501403506008,29343.411831293826
809,1.7603,5.0,4.0,0.0035889348500517068,658.7083579033281,69.97536981566331,30402.066048908535
810,1.6461,5.0,4.0,0.003848500517063082,613.7623771149281,65.03190910495898,31438.273511146483
811,1.7019,5.0,4.0,0.003980610134436402,569.9130159350101,79.91222814253342,32566.472379047394
812,1.4373,8.0,4.0,0.01437601371577859,750.4080390582566,89.65850057518094,29513.974182458373
813,1.5676,8.0,4.0,0.0116858841778697,702.3070389909817,29.976463596094987,30478.03244095997
814,1.7451,8.0,4.0,0.011844105480868667,677.1820464213771,34.92875465629892,31011.025064114103
815,1.6673,8.0,4.0,0.011965098241985524,652.0838473022095,29.995127561361635,31573.73009696446
816,1.5825,8.0,4.0,0.011937952430196486,627.6988856975025,35.03649101086548,32153.00871884631
817,1.4926,8.0,4.0,0.012073681489141676,590.5270361424955,64.96866994085636,33101.75085254707
818,1.5597,8.0,4.0,0.011721044467425027,552.9780564661751,54.77361046575319,34157.89430693836
820,1.4371,6.0,4.0,0.00947052740434333,699.293569699241,64.8941379664104,29829.027945629816
821,1.5366,6.0,4.0,0.009500517063081696,647.0811415980081,35.01030911162469,30953.24249767989
822,1.9855,6.0,4.0,0.009269777662874871,611.2053822522679,35.005834886997164,31808.798705505007
823,1.5374,6.0,4.0,0.016198552223371254,575.3000209646452,30.035037489293224,32691.870690448144
824,1.7045,6.0,4.0,0.009643678903826268,540.3612003316489,34.984009946093494,33729.91213723469
825,1.5207,6.0,4.0,0.007835832471561532,500.7547084610971,45.0094518051521,34996.13102612858
827,1.7044,6.0,4.0,0.008247931747673217,462.37872294443514,20.00758393901738,36347.38974433397
828,1.5138,8.0,4.0,0.01385780765253361,583.9954006286634,74.87519163037899,33265.57115723787
830,1.5493,8.0,4.0,0.022204498448810756,549.0344243832249,35.0399120027501,34216.40362112587
831,1.6014,8.0,4.0,0.022298603929679427,536.4812640107839,15.073926664389543,34595.49737312953
832,1.7602,8.0,4.0,0.02239891416752844,530.5464105650121,9.942350293234975,34779.08918071984
834,1.6501,8.0,4.0,0.02362099276111686,520.6507649121672,19.949271903027608,35087.790241831586
836,1.5117,8.0,4.0,0.022060186142709413,511.4819005420196,20.03711757369713,35392.780816133236
837,1.6349,8.0,4.0,0.021778438469493278,504.63732240516384,15.096601453661798,35622.11003698343
838,1.7898,8.0,4.0,0.020950879007238885,497.2517251612863,45.00608508106366,35877.142326442205
839,1.4644,7.0,4.0,0.009013960703205792,471.87713542630115,29.944736940663265,36425.03800069393
840,1.5065,7.0,4.0,0.008796794208893486,459.7452862995584,40.025118519347075,36882.66912377549
841,1.507,7.0,4.0,0.010200361944157188,437.4622269542331,64.4748168921769,37752.02845856899
842,1.8051,8.0,4.0,0.0013422957600827301,562.2115391653767,64.99516009050538,34085.36600549015
843,1.5211,8.0,4.0,0.0052999415493907645,472.3983559131309,109.94153486958956,36900.00156943397
844,1.5277,6.0,4.0,0.008488857290589454,669.493123203367,44.8440093812246,30463.851074425784
845,1.5245,6.0,4.0,0.003191623578076526,642.6722734904343,45.014783056840784,31144.66841900907
846,1.7503,6.0,4.0,0.0033035160289555327,617.1392452963613,44.95419304466518,31749.706923268004
848,1.6155,6.0,4.0,0.00347311271975181,600.4263740145177,24.99497463537382,32163.822895243913
849,1.9376,6.0,4.0,0.0027414684591520167,590.1798396272437,20.01564759956613,32449.351185331598
850,1.7614,6.0,4.0,0.0033371251292657706,584.9476356751836,5.056122763770195,32570.37976173119
851,1.7404,6.0,4.0,0.0020287487073422958,579.5853756989525,20.050168207460306,32757.120369160522
852,1.5037,6.0,4.0,0.0019446742502585317,573.1544532644558,20.02790027446148,32935.58900946778
853,1.5999,6.0,4.0,0.0018106514994829371,567.5195441194835,19.940239605472094,33097.422922610385
854,1.5437,6.0,4.0,0.0016300700907732968,559.5254710732783,39.96546286080685,33331.40658485662
855,1.4039,6.0,4.0,0.0017748190279214065,641.6696523683229,50.02813559748101,31216.61439457516
856,1.2367,6.0,4.0,0.001972078593588418,649.0356669689816,9.932583229730666,31038.452232602052
857,1.3579,6.0,4.0,0.0015284384694932783,643.6430352919699,118.39312219110177,31183.34685920315
858,1.6964,8.0,4.0,0.05004653567735264,476.188506881962,24.821649089367398,36540.50042016346
859,1.7098,8.0,4.0,0.02570648052395726,504.84067547596953,24.978387139657613,35599.54180784165
860,1.418,8.0,4.0,0.022766546018614272,522.5014589384652,4.953416638713154,35031.90754643014
861,1.634,8.0,4.0,0.022677611168562567,537.9911159112016,19.97066663034152,34547.61337014247
865,1.5212,8.0,4.0,0.021375129265770426,577.3339962799245,14.996783670093235,33409.47153400762
867,1.5683,8.0,4.0,0.02102223371251293,610.7224513541788,44.943951438761175,32527.102742410978
869,1.7173,8.0,4.0,0.023466649431230613,645.5421990519874,15.011803620151474,31669.040204934026
870,1.3333,6.0,4.0,0.021223823681489142,1104.2650148763285,35.03727167925911,23938.080219770964
871,1.4826,6.0,4.0,0.017450146501206482,1103.9873027036804,24.92505035585944,23953.43756108311
872,1.7153,6.0,4.0,0.015093071354705273,1103.6920564706984,15.057170869525912,23965.753148427426
873,1.5272,6.0,4.0,0.013905894519131335,1104.4247382578292,30.054270790842942,23963.397909052575
874,1.5587,6.0,4.0,0.010645811789038263,1106.0155166312893,25.042052962036355,23963.99952281414
875,1.5038,6.0,4.0,0.01035005170630817,1109.7072098134552,39.91961157789882,23927.745343059643
876,1.5681,6.0,4.0,0.0006204756980351604,1128.7021443296144,30.013009640639563,23913.430505771423
877,1.5637,6.0,4.0,0.0002311576129934911,1158.7559327364347,74.44363198819086,23677.816292417512
878,1.5967,6.0,4.0,0.01774543260944502,1189.5638530728245,25.03892786348507,23114.619166751378
879,1.6054,6.0,4.0,0.012510082730093073,1165.8841643674423,14.993011762325933,23359.053410103214
880,1.6982,6.0,4.0,0.012624870734229578,1137.41482842865,34.82919444284549,23635.486051288888
881,1.544,6.0,4.0,0.003722626072145508,1083.0938124494285,79.89185604991876,24272.346409767873
882,1.3488,6.0,4.0,0.006553516028955533,1053.0369076682675,84.80506386363255,24563.26379217552
883,1.5505,6.0,4.0,0.004854963805584282,1041.7004076701276,29.8961445676886,24710.11030783716
884,1.4511,6.0,4.0,0.001456566701137539,1073.2668704439195,184.8476236915459,24439.069928907178
885,1.5247,5.0,4.0,0.007796432264736299,987.8578064022219,44.932368931428705,25007.889952355526
886,1.4181,5.0,4.0,0.0029663908996897625,986.5960592693064,9.934415887762952,25087.616826812646
887,1.5573,5.0,4.0,0.0027961047914512238,986.4723072406497,39.995880446851196,25093.068081502053
888,1.5452,5.0,4.0,0.0038128231644260603,987.2543919819817,5.014443732682166,25062.876884695102
889,1.6964,5.0,4.0,0.003393381592554292,987.7344471258147,19.95236373223659,25064.845906529397
890,1.3505,5.0,4.0,0.0029389865563598763,986.2684603039792,149.94548828254878,25092.210462953568
891,1.3995,5.0,4.0,0.0031122026887280252,990.3043097376614,94.61697789199248,25039.575159161483
892,1.5907,5.0,4.0,0.006368192002757671,972.5047645667294,25.008775085296215,25208.96746077995
893,1.4265,5.0,4.0,0.004043950361944158,965.0137697766431,15.057874147967672,25332.71239719373
894,1.3811,5.0,4.0,0.002613650465356774,959.0469683578245,19.975817932067976,25437.300898619604
895,1.3541,5.0,4.0,0.001456566701137539,936.4322269885405,94.87649504834322,25768.507324038168
898,1.3664,2.0,4.0,0.001456566701137539,718.617248274108,69.93342588793932,28196.570375538617
899,1.3346,2.0,4.0,0.00020682523267838678,751.6692347395515,92.89169825889786,27742.220993205785
900,1.4292,6.0,4.0,0.0002068252326783868,1181.0475635313765,60.00171395276821,23470.591872881076
901,1.4104,6.0,4.0,0.0006204756980351604,1126.6240644963086,45.02277806500574,23934.45427352005
902,1.3699,6.0,4.0,0.005593157531885558,1076.7659800916472,54.98375596654384,24313.88637133108
903,1.4172,6.0,4.0,0.008049120992761118,1017.4852988640055,59.99594375121873,24955.194626064993
904,1.4967,6.0,4.0,0.007404369183040331,965.0072398599208,44.977777054891526,25599.07382301769
905,1.3087,6.0,4.0,0.007518872802481903,925.3319230246904,29.991342532371597,26115.670676735113
906,1.3326,6.0,4.0,0.007632626680455016,900.4476125424819,19.984930680483682,26456.32138723913
907,1.3939,6.0,4.0,0.00786427094105481,870.8652086146205,35.02386450381882,26878.992833443597
908,1.37,6.0,4.0,0.007993019648397106,823.9493388733142,54.981405117750064,27597.07172753898
909,1.4932,6.0,4.0,0.008133143743536712,788.775995202043,14.99447041251794,28175.910975164148
910,1.4964,6.0,4.0,0.00842063081695967,757.4353744875402,45.02791969165349,28723.308589731765
912,1.7832,4.0,4.0,0.00399868579800069,842.5587610210221,108.95991208164268,26702.82228429875
913,1.7876,4.0,4.0,0.001456566701137539,766.9859443160333,49.67140513240309,28001.892770808434
914,1.6783,6.0,4.0,0.0005105997931747673,898.0241536415292,84.7005664614172,26681.841812729777
915,1.7793,6.0,4.0,0.000425387797311272,935.0373279331931,19.9579583844278,26185.588739578725
916,1.6936,6.0,4.0,0.00024030506721820063,966.4906568878241,35.00639033593753,25814.930252772836
917,1.8479,3.0,4.0,0.00018381592554291628,1047.7025690048702,114.95039148432602,23974.4793622323
918,1.4379,7.0,4.0,0.04633815925542917,960.1242372013959,5.033927576024156,25846.066825689573
919,1.489,7.0,4.0,0.0022581156422822714,1015.5627931177065,110.01243789297024,25366.671717275265
920,1.5517,7.0,4.0,0.00042916235780765256,1083.3423999544773,20.016949107808085,24706.07127642637
922,1.4439,7.0,4.0,0.0012558385039641506,1123.9780117442974,54.97811673240981,24206.70873020879
923,1.4853,7.0,4.0,0.0010219751809720787,1172.1136272263675,35.0252328490107,23740.479163096126
924,1.6063,6.0,4.0,0.0035312823164426062,1123.7195293479613,9.995710362368829,23853.211000719526
925,2.081,6.0,4.0,0.010524819027921408,1119.9851778554143,9.83139401037067,23821.71963621146
926,1.7791,6.0,4.0,0.009948509134781111,1104.554495150715,24.962151127964454,23983.43647097621
927,1.7209,6.0,4.0,0.008693898655635988,1082.3204417624515,29.98304909521373,24225.82921534466
928,1.5183,6.0,4.0,0.009220268872802483,1052.2453006945752,35.0150133806967,24549.742463708306
929,1.4361,6.0,4.0,0.009822130299896589,1011.6194699245627,54.8157372416016,25010.82946766156
930,1.4271,3.0,4.0,0.026316701137538784,925.0080930741717,29.66925467787731,25107.440555032113
931,1.4872,3.0,4.0,0.025318252326783874,952.5611705449668,29.980504982907078,24761.014044483694
932,1.3364,3.0,4.0,0.02297746466735609,978.4205186578733,24.37742183600323,24453.071822467526
933,1.6449,3.0,4.0,0.013335130743093516,1008.5663305521243,29.78394633046801,24136.717244635023
934,1.5867,3.0,4.0,0.021958634953464326,1031.3084123618748,9.952461705011102,23849.722315687686
935,1.4754,3.0,4.0,0.021512150982419858,1063.8917121320724,54.946244208196674,23499.85543614218
936,1.8415,3.0,4.0,0.021025594622543952,1104.4280980888034,24.975084135292576,23085.92944812983
937,1.9072,3.0,4.0,0.02081592554291624,1119.5696296750164,5.014442254373563,22937.122894775355
938,1.7427,3.0,4.0,0.020808686659772493,1131.9629326741044,14.882272877865137,22817.04554226661
940,1.5726,3.0,4.0,0.02035746294381248,1166.7103679861782,39.98823155802385,22491.743958651088
941,1.7449,4.0,4.0,0.0194186271975181,889.1045878180438,134.71005486025535,25917.51399284425
943,1.9131,4.0,4.0,0.013800930713547052,980.2108160003921,29.73998738657707,24761.96958316768
945,1.6581,4.0,4.0,0.0037653395380903136,1011.3666726420003,24.89088992213885,24479.770595416983
946,1.6359,4.0,4.0,0.0013844364012409514,1045.0687941016606,34.93491671081688,24164.390366948326
947,1.7939,4.0,4.0,0.0009980610134436403,1069.8299507920585,14.941797243137964,23916.888591624003
948,1.7701,4.0,4.0,0.0007217802879643624,1092.8600375990736,59.427282883844896,23695.65067105908
949,1.6092,4.0,4.0,0.001158221302998966,1093.1912576306283,60.01291151992107,23662.4053702979
950,1.7572,4.0,4.0,0.0015612719751809721,1094.6556506770744,29.9299691483789,23628.506287908545
951,1.5802,6.0,4.0,0.030303257497414686,1193.0056536438137,44.96444053000998,23049.921940408596
952,1.506,6.0,4.0,0.031005429162357812,1142.5172545770006,49.97633057616049,23528.722608673568
953,1.6343,6.0,4.0,0.03189788004136505,1104.8671589789403,29.956806461770796,23905.905197745706
954,1.6077,6.0,4.0,0.03269674250258532,1081.9564654185353,14.979124227433731,24144.38685619722
955,1.3748,6.0,4.0,0.032925284384694935,1036.0748474472848,80.00253063899113,24648.021868430216
956,1.6004,6.0,4.0,0.032515081006549464,990.298075201505,9.968089208058565,25185.76386010471
957,1.4883,6.0,4.0,0.004793903356209458,958.6160706360009,50.01060201272581,25710.06849265627
958,1.6222,6.0,4.0,0.0002823869512080474,883.9761499687465,104.61367900580967,26925.650075926926
959,1.664,5.0,4.0,0.01361715787659428,1109.534790620149,54.980791186757486,23625.22261009371
960,1.7725,5.0,4.0,0.0045439503619441575,1125.246972529279,34.99927932015524,23536.02778157484
961,1.5042,5.0,4.0,0.004447259565667012,1136.3659377734111,5.015124951395668,23427.269081921993
962,1.6973,5.0,4.0,0.002744743192002758,1168.5875307650904,69.79217899676154,23146.710008891318
963,1.7022,3.0,4.0,0.0003257497414684592,1119.330204664079,166.375651028879,23194.858310248776
965,1.7377,1.0,4.0,0.00034979317476732164,1255.1402031216023,149.07645874891054,21434.408097372572
966,1.7275,4.0,4.0,0.0026853671147880043,1203.9689963715296,25.005866998097883,22547.401456133353
967,1.9005,4.0,4.0,0.0006471984582119019,1241.7880805701516,49.850578696799914,22301.64779409078
968,1.4167,4.0,4.0,0.0004906928645294726,1269.6741856505014,45.02650049938975,22082.99041742674
969,1.5645,4.0,4.0,0.0005080144777662876,1282.8894194393322,29.982354239390936,21972.18928182514
970,1.723,4.0,4.0,0.0006031540847983455,1271.5517161733328,44.954766334439746,22055.311056753777
971,1.6137,7.0,4.0,0.01631289703058059,1301.2355375720272,29.48911622903534,22420.34623186862
972,1.5299,7.0,4.0,0.012833764219234748,1333.0605424688913,24.982026726629165,22177.652163901257
974,1.3933,7.0,4.0,0.010144149800561384,1363.1995652369335,29.954368151954032,21956.213244803443
975,1.386,7.0,4.0,0.008759608755601516,1407.765907069276,54.935527347879315,21630.417210969645
977,1.6787,4.0,4.0,0.00020682523267838678,1542.379226612386,24.978400196992858,20172.63552136524
978,1.3625,4.0,4.0,0.00030558428128231647,1477.6703882708202,99.54345004072783,20567.77497468846
980,1.6701,4.0,4.0,0.003614012409513961,1396.2804339909803,139.78483545829178,20992.45609563955
981,1.6894,4.0,4.0,0.003959410548086867,1300.0947996889895,54.95217507273298,21713.975620631776
982,1.5068,4.0,4.0,0.0003771975180972079,1212.5202188997798,134.51988839039575,22589.20747895529
983,1.5383,4.0,4.0,0.00020682523267838678,1403.7236237970621,250.01176373627686,21099.44110232077
984,1.4932,4.0,4.0,4.21406411582213e-05,1227.8082310862878,124.84463070668066,22586.095125445307
986,1.625,5.0,4.0,0.008432419855222337,1252.8547634372298,44.98517141059092,22323.945260116707
987,1.79,5.0,4.0,0.004016072044122717,1263.6528705832711,25.04251019026493,22276.73854727147
988,1.8093,5.0,4.0,0.0070005170630816965,1276.7890265240997,39.925340624871325,22134.3681210835
989,1.9214,5.0,4.0,0.006918433298862462,1285.8544203551899,4.980701912953096,22060.508975753473
990,1.7054,5.0,4.0,0.00673862461220269,1291.6000748381275,14.991329572796586,22015.20090766925
991,1.8445,5.0,4.0,0.0005886763185108584,1313.1355309691842,59.927559809301975,21984.551038257752
992,,5.0,4.0,0.0005089193381592555,1333.1801516186158,5.0360513242530605,21834.76707330856
993,1.7982,3.0,4.0,0.0014484660461909688,1230.4841619001231,39.93230790926869,22083.01018628331
994,1.8967,3.0,4.0,0.0005261116856256464,1250.174645858772,24.94975405018146,21975.65478742251
995,1.6058,3.0,4.0,0.00029331839595541774,1270.3086530747587,40.04106089452522,21842.82627140644
996,1.4553,8.0,4.0,0.02103110996208204,1202.4716920911408,39.99846123330057,23547.056838703207
998,1.524,8.0,4.0,0.0052050155118924515,1275.5593536630272,40.04247839546466,22979.02962264139
999,1.3452,8.0,4.0,0.0024050450583542626,1323.3486155187327,65.01010100162928,22625.981301202602
1000,1.2259,8.0,4.0,0.0017074284729403655,1370.1805667699382,39.99281648779295,22274.15937694237
1001,1.303,8.0,4.0,0.001462973435884178,1462.7785652868372,149.97460546980685,21599.152971316886
1002,1.7742,3.0,4.0,0.013467140641158223,1236.8256528006175,45.066879574477426,21898.51736748266
1003,1.6684,3.0,4.0,0.0008567735263702173,1279.883333199685,49.997340983594164,21702.70727050215
1004,,3.0,4.0,0.0006036711478800414,1323.6627179419854,39.88751690996767,21377.325147038693
1005,,3.0,4.0,0.0008265253360910032,1349.5908220923675,34.98728379395979,21162.768111596124
1006,,3.0,4.0,0.00044564871529711243,1385.595969744978,60.03141922209967,20933.132236979007
1007,,3.0,4.0,0.0005855739400206825,1400.312000294844,39.93721476141178,20812.79653669324
1008,1.6672,3.0,4.0,0.0034635470527404353,1652.8210572657508,25.028987582338367,19139.908890143684
1009,1.5511,3.0,4.0,0.004990951396070321,1608.9421259006526,54.97578740480172,19368.218235349268
1010,1.6461,3.0,4.0,0.005399431230610135,1575.6444970789535,9.973621708389937,19558.23464515811
1011,1.8281,3.0,4.0,0.007680196483971045,1562.7389906775527,10.071653193882522,19616.67389085767
1012,1.5739,4.0,4.0,0.001298862461220269,1686.7439799046385,54.967203737632,19235.677988304873
1013,1.3891,4.0,4.0,0.001580144777662875,1654.1342153733387,14.988717777748935,19405.454806053884
1014,1.5215,4.0,4.0,0.0018614270941054811,1590.6971107411425,119.88519725928421,19762.097929396303
1015,1.3211,5.0,4.0,0.00020682523267838678,1526.8417652266846,144.95787073089247,20516.35573246736
1016,1.5623,5.0,4.0,0.00462952430196484,1523.882482594378,19.98838539987789,20366.050971085915
1018,1.7594,5.0,4.0,0.00040098241985522234,1540.4660303286068,49.639393205953965,20393.637567429814
1019,1.544,5.0,4.0,0.0008115305067218202,1546.8166586951907,34.98399184393099,20315.48760265723
1020,1.5585,5.0,4.0,0.020474857807652538,1550.0581358244926,14.966711736661438,20121.48779273201
1021,1.7463,5.0,4.0,0.014760018097207861,1557.8234160862557,14.963101995072233,20091.0999570548
1022,1.6414,5.0,4.0,0.012628662530162016,1566.9188458247395,39.9995963188102,20043.725602317998
1023,1.8538,5.0,4.0,0.012648655635987592,1577.5791020950753,29.28775516914228,19978.939182050308
1024,1.7345,5.0,4.0,0.012730351602895554,1564.9776577706236,84.7102344845368,20055.14924599633
1025,1.3918,2.0,4.0,0.004964581178903827,1495.8109561614187,64.62039823367974,19813.187593529605
1026,1.4289,2.0,4.0,0.006609358841778698,1448.6480663873801,34.92025936960143,20102.88454512662
1027,1.4471,4.0,4.0,0.030555325749741475,1342.8383502827087,80.06572797320959,21265.544950743773
1028,1.5626,4.0,4.0,0.029227413744476828,1410.6283587004548,49.83418882310444,20774.391691960667
1029,1.4699,4.0,4.0,0.023156437435367116,1450.7817528616497,44.95778312871716,20510.908261130535
1030,1.6823,4.0,4.0,0.022157445708376425,1480.2462637154918,19.96673762559514,20317.579695596432
1031,1.6234,4.0,4.0,0.020777404343329888,1503.9601317248994,34.93107917167883,20167.63008652811
1032,1.7622,4.0,4.0,0.01756899098832915,1531.4663219310455,29.942307271877088,20003.012599976475
1033,1.6657,5.0,4.0,0.00020682523267838678,1470.3447270939357,97.33698391876594,20888.57476079483
1034,1.6187,5.0,4.0,0.0006204756980351604,1411.2620426549609,64.98437319553348,21238.889195664728
1036,1.6565,5.0,4.0,0.0023903826266804553,1365.1647492195857,19.994783550264042,21500.544307636108
1037,1.2802,3.0,4.0,0.00018665977249224404,1380.5133313442082,104.5306192154823,21018.505898412346
1039,1.8455,3.0,4.0,0.00035573940020682524,1311.4178855705566,203.84052193893254,21502.53971470985
1041,1.7629,3.0,4.0,0.002132368148914168,1404.8112748537008,20.075821282226514,20709.578806221223
1042,1.6347,7.0,4.0,0.014150465356773527,1056.1190975367829,34.94166014853941,24776.00163871509
1043,1.4714,7.0,4.0,0.001268872802481903,1104.4002691626818,59.96312848252098,24409.725869650905
1044,1.5072,7.0,4.0,0.00023371251292657707,1191.460376059415,163.9020552753288,23648.60423427169
1045,1.4432,3.0,4.0,0.00610376809720786,1124.2936196255203,34.831069227583434,22966.02806557848
1048,1.4108,6.0,4.0,0.0301605480868666,1188.9474380176875,234.90757169365563,23087.69650249007
1049,1.5437,6.0,4.0,0.006023526370217167,1116.7019395956938,89.88752192001785,23890.573944449447
1050,1.8022,6.0,4.0,0.005993536711478801,1075.1469449251722,24.908282671822157,24326.85953333942
1051,1.7522,6.0,4.0,0.0004331326636135323,1067.4845625586534,64.88506184324628,24581.376711525514
1052,1.7301,6.0,4.0,6.514994829369183e-05,1027.7078715627713,74.94980194401415,25157.163181509033
1054,1.7919,6.0,4.0,0.01767864529472596,1078.4625026805918,39.99234363822371,24221.290560459845
1055,1.5435,6.0,4.0,0.012952005466095437,1042.4776667870303,64.99447931919606,24636.85561743243
1056,1.5982,6.0,4.0,0.012597724922440538,989.7577094428465,89.96959903894711,25256.017022635035
1058,1.4272,12.0,4.0,0.03340098241985522,847.9602871975889,75.00970175140598,29154.43123561097
1059,1.4775,12.0,4.0,0.032572475008617714,830.9289191045308,10.115109915915708,29439.849236452872
1060,1.4348,12.0,4.0,0.02912309332988625,822.4969828823089,34.99774292476249,29592.206526850336
1061,1.3405,12.0,4.0,0.02885031023784902,814.4180665954987,15.019258999774905,29732.574141416753
1062,1.3196,12.0,4.0,0.02933609100310238,804.181308830978,60.01333626949155,29911.12967717012
1064,1.6094,3.0,4.0,0.00020682523267838678,1018.9853346387448,119.7276516167008,24286.702983276817
1065,1.4646,9.0,4.0,0.0014565667011375387,987.2660471128107,65.00205542102445,26369.65499255395
1066,1.5416,9.0,4.0,0.001771716649431231,967.29934450678,39.92213642740498,26613.945761451247
1067,1.6332,9.0,4.0,0.0027021716649431233,953.8591747988991,20.076050716955514,26762.012998309558
1068,1.5291,9.0,4.0,0.0018715582988624614,937.8438278362476,74.99993723924585,27005.38184997828
1069,1.3842,7.0,4.0,0.001236039296794209,900.5683597280884,144.90281187262775,26905.93498906569
1070,1.1791,3.0,4.0,0.00020682523267838678,853.2830707630592,34.93771874192076,26431.559484172772
1071,1.5047,3.0,4.0,0.0006204756980351604,865.8934291359976,34.811237705737426,26170.610406721164
1072,1.4558,3.0,4.0,0.0010442088934850052,886.9893287828191,94.26432908435712,25836.083510199875
1073,1.9426,3.0,4.0,0.0009302395725611859,944.8942508780713,24.973947842680182,25076.29466756271
1074,1.6502,5.0,4.0,0.002047311271975181,1028.8834470913573,59.90008344777834,24614.81597351115
1075,1.6838,5.0,4.0,0.002029627714581179,975.6631343769911,44.97201212989778,25246.78698106037
1076,1.5512,5.0,4.0,0.0015899689762150983,909.014220281338,84.82300856669681,26130.165485530906
1077,1.8323,5.0,4.0,0.0029175284384694937,837.4759073107474,50.06419022547648,27127.867105275658
1078,1.4403,11.0,4.0,0.0312693898655636,783.5121332349718,70.0404938797378,29916.49825240972
1080,1.348,11.0,4.0,0.03146199586349535,725.629473845341,85.07481312588632,31031.154297762016
1082,1.4945,9.0,4.0,0.006441571871768356,1084.155797097906,94.91322413705367,25118.67892312556
1083,1.7422,9.0,4.0,0.006380946225439504,1035.1035032168165,35.011079572290726,25680.08642603182
1084,1.2872,9.0,4.0,0.006707287868067274,979.6306833164149,89.94838727342136,26360.039264604962
1085,1.5418,9.0,4.0,0.006433298862461221,923.8476099250064,34.95243612043453,27110.419096371817
1086,1.5857,9.0,4.0,0.00632710206029751,882.2692831223701,60.039813338761405,27713.56395798695
1087,1.6292,9.0,4.0,0.0033696262372580887,842.110230599138,29.969925392012463,28383.707483072612
1088,1.3791,9.0,4.0,0.0007628116741353558,812.9582830451151,39.98730195176713,28979.01984819048
1089,1.7704,9.0,4.0,0.0007929162357807654,775.6573421486681,49.91630335372476,29632.355177739944
1090,1.9021,5.0,4.0,0.01886711478800414,875.5166928352874,74.91997659719145,26427.548428871374
1091,1.8372,5.0,4.0,0.013095139607032059,849.0032744234336,35.00204531883543,26844.03568736831
1092,1.6375,5.0,4.0,0.013235780765253361,832.6385446179307,55.070588440308796,27093.575137835873
1094,1.4558,12.0,4.0,0.0048324715615305075,963.3267653403406,39.95205115856102,27575.488027470266
1095,1.5527,12.0,4.0,0.004647880041365047,987.1348552368344,30.012647948426245,27259.13863141488
1096,1.5042,12.0,4.0,0.0020214581178903826,1009.0449018153826,34.970589156360674,27035.14467124964
1097,1.5614,12.0,4.0,0.001982678386763185,1024.4402793846475,4.940937477767854,26842.018365344433
1098,1.6573,12.0,4.0,0.001998190279214064,1039.337933671231,30.00566435673212,26657.299578138874
1099,1.544,12.0,4.0,0.0010796564403079399,1064.5955586426023,39.977512633771205,26397.055758631905
1100,1.7762,12.0,4.0,0.0018668562564632888,1082.822771389403,10.062191027851217,26146.0636869368
1101,1.2305,5.0,4.0,0.0037334387736480327,1146.8493114089226,79.94332865910107,23335.77453761616
1102,1.4399,5.0,4.0,0.0012140641158221305,1158.6606127986845,49.94835470151526,23291.611108342815
1103,1.7115,5.0,4.0,0.0006684979317476734,1159.7765277902497,114.77705564442209,23317.947491184696
1104,,5.0,4.0,0.0009397621509824199,1098.1732935087994,49.947813504327485,23911.108217394347
1105,1.6708,7.0,4.0,0.00020682523267838678,1198.945015327067,84.87043607503172,23585.764785895917
1106,1.5675,7.0,4.0,0.0005444674250258532,1158.7937896985047,20.02413841172708,23910.283852549186
1107,1.5028,7.0,4.0,0.0005351602895553258,1138.8719879194316,29.979677519012693,24109.936016976055
1108,1.4498,7.0,4.0,0.0005692864529472596,1107.9020160468433,45.028354768891916,24424.985879392254
1109,1.4028,7.0,4.0,0.0011941571871768356,1078.877746294952,24.983879365222517,24687.39719403223
1110,1.737,7.0,4.0,0.0017277662874870738,1059.9896643049658,19.941876310188313,24871.72447072833
1111,1.8684,7.0,4.0,0.00041675284384694934,1041.2736998292087,25.050265601792344,25179.093801541727
1112,1.8035,7.0,4.0,0.0003422957600827301,1020.3174059614471,24.9805641097785,25437.72475493272
1113,1.7727,7.0,4.0,0.001376583505687694,995.9790913520586,35.019299729398746,25637.08033368405
1114,1.9927,7.0,4.0,0.0022605997931747675,976.3055106504758,20.014117353736136,25847.98129153458
1116,1.8764,7.0,4.0,0.00200129265770424,947.3034486128564,50.04107215407779,26230.880109140955
1117,1.6785,7.0,4.0,0.0009443381592554292,917.3805404954105,44.99476901461025,26688.788367492445
1118,1.6531,7.0,4.0,0.0008983971044467426,898.2047108370043,54.95293478316014,26962.576343873374
1119,1.8205,6.0,4.0,0.0005771640610742747,900.2777778628644,79.93761761709689,26641.274594907503
1120,1.6104,6.0,4.0,0.0007867114788004138,864.3772363980854,35.01469510939604,27140.914375723056
1121,1.3133,6.0,4.0,0.0008296708031713204,845.9737863827264,24.963964696594175,27417.00127386131
1122,1.2784,6.0,4.0,0.0009152016546018615,830.7978814854154,29.948331031822875,27647.467150568034
1123,1.6609,6.0,4.0,0.0005136159944846606,956.5425562976778,55.01604924485097,25890.18460212541
1124,1.834,6.0,4.0,0.00013443640124095142,921.1765873569447,30.024990507052358,26453.77407680755
1126,1.4082,6.0,4.0,0.0006269389865563599,834.3664677367852,34.99438775647233,27618.827133843417
1127,1.3021,6.0,4.0,0.0012874870734229577,804.2320258609307,49.99626774021608,28053.759037684973
1128,1.6259,6.0,4.0,0.001331178903826267,1016.1051564675353,55.05214844033472,25091.314349023298
1129,1.7063,6.0,4.0,0.0002952430196483971,1044.1356236498648,34.97062066539243,24867.355768696474
1130,1.7062,6.0,4.0,0.00011840744570837644,1055.7690351751507,69.742210115871,24796.57528215784
1131,1.7722,6.0,4.0,0.004519312306101345,915.2608328589595,45.07197746015078,26287.927504269064
1132,1.7224,6.0,4.0,0.0006920372285418822,947.3032901118348,44.943389526596434,25989.647313385438
1133,1.8557,6.0,4.0,0.0014971561530506723,969.5475344883695,19.982810376071654,25650.806038265353
1134,1.7242,6.0,4.0,0.001327042399172699,993.445875088049,40.05619642485841,25362.825424716444
1135,1.8527,6.0,4.0,0.0020111168562564636,1019.8101665306857,29.958164355994775,25020.292807519163
1136,1.6091,6.0,4.0,0.003316184074457084,1041.1637626448612,20.04639511256453,24741.2872693295
1137,1.6115,8.0,4.0,0.006236673874212655,889.2622267203222,50.03892143725658,27279.303021515247
1138,1.7238,8.0,4.0,0.0007805928990003447,915.3863367259787,25.042836682221473,27054.564008743517
1139,1.8308,8.0,4.0,0.00027456049638055843,933.393728325467,20.009501000990454,26879.091655383283
1140,1.6647,8.0,4.0,0.001742157876594278,963.1840312408352,54.937205069981715,26349.41375080884
1141,1.7786,8.0,4.0,0.00012564632885211997,994.5290143067886,29.929810357237848,26132.435072394845
1142,1.4309,6.0,4.0,0.0017437952430196483,818.5186619027725,30.01246453763972,27796.715853327867
1146,,6.0,4.0,0.0020930713547052744,914.8383531846763,34.97435458100493,26347.672251820546
1147,1.7349,6.0,4.0,0.0005868665977249225,944.7461534769294,40.029080097438964,26034.596079307914
1148,1.6178,8.0,4.0,0.010965215756322273,1103.1693288673139,48.51050869607697,24577.64258791441
1149,1.5534,8.0,4.0,0.006776628748707343,1075.4097912105237,29.94116662913924,24910.06579125608
1150,1.5438,8.0,4.0,0.007025336091003103,1049.8074999935957,45.03847017462099,25195.515285762995
1151,1.5873,8.0,4.0,0.006656576102284479,1016.9850452626649,49.98906261544296,25583.73811729268
1152,1.5255,8.0,4.0,0.009174767321613238,979.9570240144351,60.075347594096236,26018.00575977249
1153,1.7521,8.0,4.0,0.008572905894519133,954.1544531542044,29.997374650816923,26355.94260281409
1154,1.5498,8.0,4.0,0.007347466390899691,922.8001661471432,80.0314426003115,26790.249036493315
1155,1.44,8.0,4.0,0.00730437780075836,879.3046721227561,100.00278957880238,27414.64208575817
1156,1.4333,8.0,4.0,0.009869700103412617,853.667813147774,30.024975644486698,27781.927520834986
1157,1.289,8.0,4.0,0.0010097897276801105,834.9269823889869,69.96509087867601,28248.561153283805
1158,1.3064,8.0,4.0,0.0002238366080661841,815.554018244644,40.0489815786989,28681.435098125046
1159,1.8403,5.0,4.0,0.0013588417786970011,1022.6374982044003,34.981007108056104,24713.356812747264
1160,1.7913,5.0,4.0,0.0013028610823853845,988.3268624726637,69.96928476763372,25121.64415507183
1162,1.5916,5.0,4.0,0.0013994804747131532,930.2210036440016,99.979959330187,25853.166512105097
1163,1.8263,5.0,4.0,0.0006896759738021373,894.3293143521323,4.988301032884743,26392.540150527988
1164,1.4143,3.0,4.0,0.005307630989314031,765.9190952693201,55.05812589824204,27589.213847188417
1165,1.3379,3.0,4.0,0.0018785418821096176,802.9772301334668,44.98533931933921,27049.250667827928
1166,1.4892,3.0,4.0,0.00222569803516029,839.0842734654526,45.017376731708616,26475.847691984658
1167,2.0404,3.0,4.0,0.0035444674250258534,870.529259866637,30.067140035691605,25983.188095940204
1169,1.4219,3.0,4.0,0.0012704239917269908,742.8865352116064,54.80559397571051,28100.65732328873
1171,1.3553,3.0,4.0,0.0008335056876938987,807.4823713605911,20.08634208285426,27035.626008924486
1172,1.7487,3.0,4.0,0.0005480868665977249,832.6280135729296,35.02190608455239,26672.911910577663
1173,,3.0,4.0,0.00942192347466391,852.1066971721488,149.75179853767972,26181.314169460256
1174,1.5592,6.0,4.0,0.024216649431230614,696.1717476082383,9.976476867257494,29818.089306397404
1175,1.4767,6.0,4.0,0.008743019648397105,723.7823042737803,94.85810476639166,29349.666953909516
1176,1.453,6.0,4.0,0.008545120557339575,781.3132396308151,89.95483094860707,28300.202914013636
1177,1.7761,1.0,4.0,0.020104705274043434,430.00420663326656,79.67282976564242,35340.45946034909
1178,1.7411,1.0,4.0,0.019856342640468806,401.3077152820063,54.39890889804585,36524.99857971533
1180,1.3254,9.0,4.0,0.012639089968976216,1280.0197376572917,184.75115088532394,23164.523847143544
1181,1.3596,9.0,4.0,0.01033609100310238,1368.911928224775,204.79278349367758,22446.633933572157
1182,1.464,9.0,4.0,0.009994829369183042,1507.3433802495892,204.5746862570551,21440.733095419284
1183,1.6949,9.0,4.0,0.008886504653567736,1570.8486588969063,14.897675567177918,21029.509360676177
1184,1.5071,9.0,4.0,0.007756937263012755,1636.8349765891778,114.84009172153523,20628.352803966318
1186,1.4609,8.0,4.0,0.025366413059536123,740.021747060724,64.77402296494223,29665.887399629046
1187,1.4893,8.0,4.0,0.005701611513271286,735.4394336102434,54.76825500149509,29872.404861704686
1188,1.5556,8.0,4.0,0.0031401240951396073,714.6662816895297,39.94993723266872,30331.50897561868
1189,1.5188,8.0,4.0,0.002832471561530507,709.7788434538257,14.931016962354505,30439.28526577487
1190,1.5579,8.0,4.0,0.002453818102650629,706.8459222741426,89.41414514172922,30511.10759619625
1191,1.527,6.0,4.0,0.017944312306101346,192.5900772478429,45.07321107520235,55075.210859240215
1192,1.3995,6.0,4.0,0.016009048603929682,224.90241102038001,14.992312283755545,51164.23466180506
1193,1.5402,6.0,4.0,0.01615175801447777,237.50408730277826,9.989861368200382,49850.04002367213
1195,1.567,6.0,4.0,0.016443381592554294,263.20393332345344,29.984671203443263,47464.23807289411
1196,1.8178,6.0,4.0,0.016594364012409515,289.25877733290673,19.994985776935287,45374.02265725044
1197,1.6679,6.0,4.0,0.01780506721820062,321.19001197116336,34.94096373208901,43155.9018334817
1198,1.6576,6.0,4.0,0.017879265770423994,368.3798948486212,49.97981622330512,40424.60622367209
1199,1.5399,8.0,4.0,0.02086108901439822,81.28034518793757,60.00478164228824,85098.10664358309
1201,1.4423,8.0,4.0,0.0017170254771082074,139.76198181264624,49.99371303010683,66153.49406410083
1202,1.4021,8.0,4.0,0.0005488624612202689,188.53286322479138,45.05495814315436,57528.16245769955
1203,1.5008,8.0,4.0,0.0002763702171664943,241.9939611200462,54.96674297220043,51165.07873180442
1204,1.4995,8.0,4.0,0.0002068252326783868,301.1585194548559,60.0023062296802,46132.95484438552
1205,1.5262,4.0,4.0,0.005264313246216039,1092.879635824802,50.00744063299163,23570.387799859935
1206,1.7387,4.0,4.0,0.001845213473186586,1081.1662337608095,29.981394668962185,23758.058141459194
1207,1.7746,4.0,4.0,0.0015423991726990695,1057.4695050926189,74.34327474883794,24021.93079292314
1208,1.3686,5.0,4.0,0.00394105480868666,1115.2846215117656,24.939804003463244,23645.011426492074
1209,1.3687,5.0,4.0,0.0022817993795243023,1132.4292120275659,64.97318789480276,23507.812181188747
1210,1.3046,5.0,4.0,0.001894971561530507,1140.989030335008,74.92445014854627,23435.138678578274
1211,1.4829,5.0,4.0,0.0002899431230610135,1197.584844275256,89.54428331109976,23015.098732460938
1212,1.4632,6.0,4.0,0.01320056507608214,1173.7525468775943,134.95656884104037,23280.91852038747
1213,1.4828,5.0,4.0,0.0020252752600523147,697.919807612247,79.80918908847138,29620.315262536922
1214,1.2763,5.0,4.0,0.0002753360910031024,642.2154545277165,85.041012943015,30983.059495081307
1217,1.6223,8.0,4.0,0.005038004136504654,1365.2735650909497,49.989968434778625,22248.09562497056
1218,1.4132,8.0,4.0,8.273009307135472e-05,1397.1554223283563,60.01479334079131,22246.671475537674
1219,1.4276,8.0,4.0,0.00020682523267838678,1430.8245702385543,109.96886922909167,21941.871310765477
1220,1.3631,8.0,4.0,0.001971044467425026,1009.9244707672074,109.84561983524898,25752.20948342144
1221,1.4826,8.0,4.0,0.0020439503619441575,950.6374226894555,24.94445755019824,26503.401475892148
1222,1.5285,8.0,4.0,0.0012545099391014594,920.1536716011575,40.00785171851326,26953.552061469167
1223,1.4321,8.0,4.0,0.00021887677989022354,876.37405367901,55.020255617527965,27716.03419784943
1224,1.5426,6.0,4.0,0.0,1146.8547165378532,134.09133084781917,24142.115590388134
1226,1.5322,6.0,4.0,0.0,1215.5125603058707,54.96821599886457,23481.941485851843
1227,1.4977,7.0,4.0,0.0009480351602895555,1140.137000733471,109.96851467589164,24060.506211908836
1228,1.4658,7.0,4.0,0.0007869700103412618,1029.1669585318698,109.94538379502026,25277.077365072073
1229,1.4579,6.0,4.0,0.00020682523267838678,1179.3568896384866,159.7482548080694,23486.63063070619
1230,1.7513,6.0,4.0,0.00017942088934850054,436.5256823605281,40.03722444032451,37741.284347201035
1231,1.6467,6.0,4.0,0.003935625646328852,446.23673857420573,45.029519457508194,37041.470894137805
1232,1.533,6.0,4.0,0.004058686659772492,465.9804409791811,64.93864738208799,36281.60028269409
1233,1.6254,6.0,4.0,0.003376034126163392,489.26391887358227,24.96583050582857,35465.133107599846
1234,1.6408,6.0,4.0,0.0031610651499482936,500.5611829577524,19.95018724222175,35087.30957256461
1235,1.5755,6.0,4.0,0.004194157187176836,514.597942849964,30.026405609653654,34601.5405480884
1236,1.7246,6.0,4.0,0.004090149948293693,535.9383812298179,44.93462911261709,33939.80496292103
1238,1.6616,6.0,4.0,0.005089471800175006,569.4345176744185,59.98809468604014,32953.47248012324
1239,1.3929,4.0,4.0,0.0012621509824198554,688.0769966224391,9.701201231225802,29501.046368653257
1240,1.4432,4.0,4.0,0.0009396113409169253,667.4081280795216,54.71263524977397,29956.776339553806
1241,1.5618,4.0,4.0,0.002030506721820062,637.579605084109,24.915580834981355,30554.342490589846
1242,1.3567,4.0,4.0,0.0018102378490175803,626.4769759632393,10.00563613142323,30820.799223790877
1243,1.3721,4.0,4.0,0.0013662099276111686,619.540785243305,14.99806075370187,31008.098275215918
1244,1.4457,4.0,4.0,0.0010703205791106516,614.6769400661233,9.937860451137016,31145.100823118926
1245,1.5416,4.0,4.0,0.0009255429162357808,607.7006509317795,24.796044361109352,31327.212854138194
1247,1.4327,2.0,4.0,0.006352895553257498,518.3461724772901,54.953455140501575,32820.80376577623
1248,1.881,2.0,4.0,0.004629823654275295,470.45949418590527,89.95995490529555,34402.5022350042
1249,1.5958,10.0,4.0,0.006302740434332989,482.46320028940056,40.05172593813194,37406.00738698902
1250,1.2916,10.0,4.0,0.0034338159255429164,504.20184627675866,120.02462622214982,36687.36249013034
1251,1.3138,10.0,4.0,0.00365770423991727,548.6896424710613,89.90073643360036,35231.559245267155
1252,1.3361,10.0,4.0,0.005181489141675285,587.6405950131982,44.993287398501714,34066.35313090167
1254,1.4453,10.0,4.0,0.01201551189245088,616.8228019971081,34.98134985639035,33213.56233838419
1255,1.2729,10.0,4.0,0.012294725956566702,635.0029412659139,20.073899912403522,32754.659854406145
1256,1.3874,7.0,4.0,0.003167225332525051,882.4365058279749,139.26990266867318,27100.170060505072
1257,1.5321,7.0,4.0,0.0035641158221303005,946.2194638308875,49.61099773402635,26204.897445336774
1258,1.6398,8.0,4.0,0.00020682523267838678,921.0777756664093,39.94158174633694,27070.301003736055
1259,1.6078,8.0,4.0,9.71044467425026e-05,909.4797044039542,44.96021138197897,27289.26995410671
1260,1.4195,8.0,4.0,0.0009880213719407102,895.0121483810699,84.98085596599023,27329.36654334366
1261,1.7572,8.0,4.0,0.001993462845324273,886.455240377625,30.046120081963707,27403.575847463457
1262,1.4836,8.0,4.0,0.000500517063081696,883.4135108360013,24.966325119147143,27549.741520691045
1263,1.5148,8.0,4.0,0.0006352119958634954,881.7087229088322,24.966294841404377,27557.633903018097
1264,1.4977,8.0,4.0,0.0005846875461663467,880.6811451653929,30.031219874976074,27579.04931810955
1265,1.5864,8.0,4.0,0.0009002068252326785,881.3771919985687,65.00960876689925,27536.99443749502
1266,1.4947,8.0,4.0,0.00020682523267838678,614.7039829774936,64.99161957912844,32828.036028989416
1267,1.519,8.0,4.0,0.0001359875904860393,588.8833246129371,59.92327737374375,33544.17366300947
1268,1.674,8.0,4.0,0.0015353449549416458,572.9415759837444,30.031846681362357,33767.36773338576
1269,1.6788,8.0,4.0,0.001081695966907963,564.3592143503663,29.891258478521408,34043.01355361149
1270,1.6594,8.0,4.0,0.0004418304033092038,557.6214852000963,29.999556915374274,34320.29206616754
1271,1.5759,8.0,4.0,0.0013645294725956568,553.0600606304113,25.01325062110871,34351.66494140042
1272,1.575,8.0,4.0,0.002421923474663909,549.6881122057412,55.043080177210356,34399.387006662175
1273,1.3571,8.0,4.0,0.01645411825536833,782.5873723477149,79.94734163340262,28918.498485037715
1274,1.2739,8.0,4.0,0.011908738366080663,754.0354577988775,25.02735796074094,29460.95222808999
1275,1.201,8.0,4.0,0.011677611168562566,741.3660783819522,24.966931801184845,29701.523119824178
1276,1.2993,8.0,4.0,0.010175105401320501,722.3761346845023,60.03953590338625,30082.36383018969
1279,1.352,8.0,4.0,0.010896070320579111,688.7369513134629,114.98595419250807,30768.66422833199
1280,1.5091,8.0,4.0,0.0107564632885212,672.5251998786957,40.013834341956596,31121.221470610995
1281,1.5905,8.0,4.0,0.009914684591520166,665.1599103896342,54.97134299255564,31291.86797795115
1282,1.4028,8.0,4.0,0.00914507928300586,659.3038461168692,24.987319187445593,31430.864232774584
1283,1.3263,8.0,4.0,0.008887745604963807,653.7959416896257,69.96967011011259,31559.254661939944
1284,1.3839,8.0,4.0,0.008345895314612998,649.3954090350031,60.021621427358,31666.3596496607
1285,1.6355,8.0,4.0,0.007977766287487075,651.3775746058719,40.03411272104571,31624.170631535493
1287,1.3165,8.0,4.0,7.652533609100311e-05,640.0913519232674,40.06587738202945,32285.94800207509
1288,1.3057,8.0,4.0,0.001405635987590486,675.515605158875,84.99779056606512,31224.216687297598
1289,1.4646,8.0,4.0,0.0010267580144777664,714.0861840516632,35.06508145699643,30433.726185052994
1290,1.4705,8.0,4.0,0.0008399689762150983,732.4700293606847,19.994751062780384,30083.139716944876
1291,1.4177,8.0,4.0,0.0014676835573940023,745.7565596660261,15.008238695801666,29782.05698204949
1292,1.561,8.0,4.0,0.0010739400206825234,762.9753507096046,34.986972529624865,29484.149480507982
1293,1.5655,8.0,4.0,0.005253360910031024,783.1836089690132,15.008274426849216,28996.03015828021
1294,1.6548,8.0,4.0,0.00020682523267838678,532.0526546842187,64.98655594712024,35168.16740688764
1295,1.5697,8.0,4.0,0.000814632885211996,499.25572511135874,69.87986681444828,36119.41179047092
1296,1.7336,8.0,4.0,0.001269648397104447,478.2957695310755,39.98908134224327,36822.199639836734
1297,1.6887,8.0,4.0,0.0014449327817993797,469.1795455972391,19.932118395688228,37148.8632911441
1298,1.73,8.0,4.0,0.004697259565667013,462.1716947704618,29.99967540522393,37299.12294773368
1299,1.6658,8.0,4.0,2.585315408479835e-06,456.63126334204736,24.98150371105409,38271.60129316199
1300,1.6856,4.0,4.0,0.00020682523267838678,761.5136892671783,39.91306031942404,28244.115464606937
1301,1.6438,4.0,4.0,0.00010367114788004137,750.671654800957,14.977185349356187,28490.270232890754
1302,1.9186,4.0,4.0,0.00041416752843846953,741.4377328394796,34.93987858681156,28553.40422433874
1303,1.5317,12.0,4.0,0.00020682523267838678,468.5638546111973,29.986722339769372,39212.890691127446
1304,1.4715,12.0,4.0,0.0006204756980351604,447.09079601904,35.034413797154926,39982.81425957536
1305,1.5,12.0,4.0,0.002205532574974147,423.36475153409936,45.00954394040828,40897.722503216755
1306,1.6621,12.0,4.0,0.000610134436401241,404.02856533888394,24.981747139045712,41963.04910207993
1307,1.5656,12.0,4.0,0.005874095139607033,392.77516881100405,14.992083575808179,42276.39102027081
1308,1.6873,12.0,4.0,0.005933040330920373,385.13215666775295,19.97938795230182,42673.28078536791
1309,1.7249,12.0,4.0,0.006031799379524303,375.4965610408998,24.98847454391552,43190.105751384996
1310,1.4143,12.0,4.0,0.017176577042399173,372.86863377900085,9.95624498971986,43214.38608550132
1311,1.6467,12.0,4.0,0.004146587383660807,396.0594410840037,124.81440879600558,42147.92640712947
1313,1.3962,12.0,4.0,0.0022175456739055503,424.4461396239091,69.94763511951842,40847.4102493982
1314,1.6371,8.0,4.0,0.00020682523267838678,820.0708917826263,34.97291982755295,28612.016190032526
1316,1.577,8.0,4.0,0.0014265770423991728,803.8483096900426,45.02328546305875,28737.74768237394
1317,1.5051,8.0,4.0,0.0131282316442606,787.3107675432118,84.98124045519488,28852.98182631344
1318,1.5171,8.0,4.0,0.0008810754912099277,775.9833636927619,59.967074961585816,29262.839278891704
1319,1.6565,8.0,4.0,0.0002998965873836608,772.5165426650857,29.98347643549476,29409.679005989452
1320,1.4817,8.0,4.0,0.0003712512926577043,771.5959666658601,29.968368779266324,29409.683569038312
1321,1.5126,8.0,4.0,0.0005214581178903827,772.4674290005202,65.07933604836333,29367.272734450453
1322,1.5602,7.0,4.0,0.00020682523267838678,391.25544690752764,64.9591801516993,40231.63006449617
1323,1.5871,7.0,4.0,0.000329369183040331,349.4954424683371,50.074372747192925,42403.802364990064
1324,1.6216,7.0,4.0,0.0074704843157531895,323.58646075440276,25.054691855853733,43626.063548317834
1325,1.5905,7.0,4.0,0.0005863495346432265,297.2248988560556,64.97588837263537,45739.157208869554
1326,1.5892,7.0,4.0,0.0019484488107549124,269.9021016041302,69.98055742217701,47738.609281865414
1327,1.6137,7.0,4.0,0.0073500517063081715,272.9985148823211,55.06113971790572,47312.0479779542
1328,1.7728,7.0,4.0,0.007111513271285764,300.3834506366753,40.003600358974374,45207.71349371332
1329,1.6961,7.0,4.0,0.009715356773526371,318.2191965443659,29.98259392827663,43944.65442972857
1330,1.5302,4.0,4.0,0.0007899172699069286,629.2007368075587,94.99216353628373,30825.107840730987
1331,1.6757,4.0,4.0,0.00038728024819027925,564.5757836050516,29.8961099135591,32521.72598592326
1332,1.617,4.0,4.0,0.0006003102378490177,518.1367632732447,64.9282434974535,33840.994060490266
1335,1.6293,4.0,4.0,0.0018312527699807948,426.8777398435176,29.96283071604789,37006.40625073441
1336,1.2975,4.0,4.0,0.001876421923474664,379.4250108361463,65.01511954300868,39142.94338669598
1338,1.7323,2.0,4.0,0.0017192347466390902,721.6876441350043,29.960419111311595,28126.87895691495
1339,1.6446,2.0,4.0,0.001485780765253361,686.1017615128619,49.95588384369388,28824.556410247307
1341,,2.0,4.0,0.0022952430196483973,622.5421620724026,60.03857615523974,30157.318215269075
1345,1.749,2.0,4.0,2.9214064115822133e-05,506.43901972002317,39.81259067708963,33665.653794717946
1346,1.757,2.0,4.0,0.010740692864529474,481.88262026049443,20.011138637061435,33935.03064625025
1347,1.7324,2.0,4.0,0.01130791106514995,461.7314724051912,30.00789570766105,34628.63775577794
1349,1.6232,3.0,4.0,0.017127714581178906,703.3848751423079,63.72254901764479,28643.324926632053
1350,1.5613,3.0,4.0,0.01791933815925543,706.3607888535576,9.961361480908037,28582.276232461532
1351,1.5745,3.0,4.0,0.017549024043433302,706.2534025089543,35.04382426757675,28585.938312209964
1352,1.4115,3.0,4.0,0.01837952430196484,700.3334368372255,65.03458171991686,28697.3794314067
1353,1.6347,3.0,4.0,0.01955894519131334,691.7952402459904,19.983388705222556,28860.955073899404
1354,1.6648,3.0,4.0,0.019835056876938987,686.33742301189,39.85058509542276,28969.08952018673
1355,1.4747,6.0,4.0,0.0012928150712647813,653.306718877596,109.96618068665028,30976.33859426302
1356,1.4133,6.0,4.0,0.0012709410548086867,584.0397211118067,40.07478561293264,32678.421323319802
1357,1.5005,6.0,4.0,0.002142192347466391,546.9712128563499,35.00775894700794,33669.55126585834
1358,1.7738,6.0,4.0,0.0019358841778697,505.23972369727716,50.01513091168776,34977.64204568939
1359,1.8196,6.0,4.0,0.007307652533609102,475.1363396845533,14.978782893457973,35890.25101432253
1360,1.7869,6.0,4.0,0.003333444856743111,425.5023330132002,79.93465264098968,37908.266493328956
1362,1.5597,6.0,4.0,0.0016153050672182007,932.8039776524761,59.94144421481934,26122.475797616236
1363,1.6619,6.0,4.0,0.0015389207483312967,972.0051267883473,49.979380991038134,25617.981355084557
1364,1.5833,6.0,4.0,0.0032163908996897623,1005.9525872178555,50.05037516961457,25152.590273854483
1365,1.3323,6.0,4.0,0.0003536711478800414,1056.968573464086,104.97419050496646,24711.033816634783
1366,1.2306,6.0,4.0,0.00021090428587843276,1155.30419985343,169.56861082512074,23717.31590119819
1367,1.4048,3.0,4.0,0.0006204756980351604,1327.2142730282123,73.93990014558597,21348.466059638864
1368,1.521,3.0,4.0,0.0002154429507066529,1451.0499325947642,229.21854635068587,20517.09129262303
1369,1.3921,5.0,4.0,0.001456566701137539,547.7816256310764,204.92568001136576,33276.38444235305
1371,1.3404,3.0,4.0,0.0014477766287487074,2156.9630270419184,199.79536538837488,16897.217289838227
1372,1.324,3.0,4.0,0.0010479145122371596,2019.2999029839166,144.79228580744893,17452.085460256996
1373,1.5715,3.0,4.0,0.0006549465701482247,1952.6043263851257,54.38911743997245,17756.066690110783
1375,1.7484,4.0,4.0,0.0,1806.3348358932365,289.0104741930792,18976.379017082778
1376,1.3513,12.0,4.0,0.0019315236125473977,2166.5531356051247,69.98215067631466,18781.47437190577
1377,1.2629,12.0,4.0,0.0006308169596690796,2119.165818058191,50.09794746187162,19037.240646952672
1378,1.291,12.0,4.0,0.00010444674250258533,2044.4680436950434,140.0863728109524,19458.78634642902
1379,1.3056,12.0,4.0,0.00021520165460186145,1994.5329609077596,139.9174888357221,19651.727147335016
1380,1.5534,9.0,4.0,0.003487711134091693,980.7237769517742,69.87289971355727,26391.94935679431
1381,1.413,9.0,4.0,0.02351034126163392,950.1832057134326,94.69505819768791,26657.303198138812
1382,1.5828,9.0,4.0,0.02314875904860393,973.4078103837602,44.74913806763122,26353.180388922177
1384,1.5602,9.0,4.0,0.020574274590911858,989.2786578332773,79.90350773832972,26158.93112488072
1385,1.3617,9.0,4.0,0.02181178903826267,1034.5154445428316,84.90677977674251,25603.09829468555
1387,1.4187,4.0,4.0,0.00042916235780765256,662.3265279141891,84.90424258873287,30128.9724146423
1389,1.601,5.0,4.0,0.0002068252326783868,767.1722650544688,59.91508728591925,28486.26535335366
1390,1.5639,5.0,4.0,0.0018691830403309206,745.587042162537,30.001225063465412,28707.796328202407
1391,1.8385,5.0,4.0,0.004419596690796277,735.60586886507,19.99086296676734,28826.750711846573
1392,1.9905,5.0,4.0,0.004198983109272665,726.774170716495,10.013757333094164,28997.222870805464
1393,1.6154,5.0,4.0,0.004102119958634954,688.0994808740846,65.00882357218329,29765.151404127584
1394,1.5427,6.0,4.0,0.001456566701137539,688.0436482549534,89.96663505618105,30210.870344685318
1395,1.526,6.0,4.0,0.001425542916235781,661.3257223605287,19.972816550860344,30788.638137765814
1396,1.3947,6.0,4.0,0.005624870734229576,646.5869211425073,44.98649821884859,31007.776837714027
1397,1.3543,6.0,4.0,0.00660005170630817,635.1679975832516,5.014418388584693,31259.05408682576
1398,1.2768,6.0,4.0,0.00757833505687694,631.4416569947953,15.110085323576094,31335.34906119406
1399,1.1829,6.0,4.0,0.007687693898655636,625.4832117141253,15.016112724864717,31476.141485482884
1400,1.4459,8.0,4.0,0.04170165460186143,396.1573198796434,34.977701818405166,39910.97037378916
1401,1.454,8.0,4.0,0.04094394174422613,368.1870211291414,25.04487253822099,41331.14201173355
1402,1.5397,8.0,4.0,0.023376532722706456,340.21083405760214,30.062642406775296,42982.51314857515
1403,1.6152,8.0,4.0,0.020412062343034422,314.175038098631,29.989905331417503,44661.87309432429
1404,1.6345,8.0,4.0,0.02022569803516029,289.1216899066878,30.00851993662002,46468.435849346606
1405,1.4333,8.0,4.0,0.01952300930713547,255.11191271605023,50.026592137474495,49330.61146464328
1406,1.4911,8.0,4.0,0.01731825232678387,224.39971649889574,29.9879030809303,52459.05543791121
1407,1.4165,8.0,4.0,0.01717450879007239,202.16775200176488,34.956805690858154,55136.22542121858
1409,1.5217,8.0,4.0,0.0004676835573940021,184.6662313814037,29.975157780759027,58124.22887772628
1410,1.4301,8.0,4.0,0.00036809720785935886,172.3148992814855,44.9915322865271,60113.34771445709
1411,1.3812,8.0,4.0,0.00041365046535677357,167.9327011778264,45.023189185484156,60837.43750376128
1412,1.2744,8.0,4.0,0.0,194.59325273699454,144.9621696582193,57626.71459344633
1413,1.742,4.0,4.0,0.0035294725956566703,492.4805905713579,29.992800107201738,34507.34777590613
1414,1.5873,4.0,4.0,0.0006204756980351604,477.6161313304853,5.014829432406146,35177.8591280239
1415,1.4784,4.0,4.0,0.00023864449924429243,450.93702776463056,54.96769436321007,36247.54358574126
1416,1.471,8.0,4.0,0.004385211995863496,18.055685798359924,304.8904828481575,175102.93317358536
1417,1.3792,6.0,4.0,0.011498965873836609,180.40036501406516,5.035978783512852,56886.88605684946
1418,1.4767,6.0,4.0,0.010979130759508217,224.7077502884714,85.01585494967557,51236.80515505765
1419,1.5702,6.0,4.0,0.011054808686659773,299.2145760118247,65.00276563044116,44696.03600448392
1420,1.7403,6.0,4.0,0.011980610134436402,354.9569659092498,39.89228218706759,41190.4002251412
1421,1.5503,6.0,4.0,0.013164943123061015,398.008172394191,50.00000203258799,38992.31810760179
1422,1.4052,6.0,4.0,0.001456566701137539,514.9086122055793,204.8975094424741,34689.15355311425
1423,1.3075,10.0,4.0,0.0009919855222337126,1102.6427999389578,94.6960179285141,25345.431326786413
1425,1.2774,10.0,4.0,0.0010562101997496328,1013.6967613352189,89.93077825543872,26378.217751800286
1426,1.371,10.0,4.0,0.0022952430196483973,953.2386924793088,34.92443766456314,27107.100197018535
1427,1.3659,10.0,4.0,0.0024214064115822133,928.9523295132342,10.007843418186654,27438.85454797647
1428,1.2731,10.0,4.0,0.004747931747673216,903.6387306278905,45.07761898983836,27752.930760947
1429,1.2732,10.0,4.0,0.005185108583247156,864.2742710439824,35.021125058297145,28342.038395118638
1430,1.6088,5.0,4.0,0.001018097207859359,381.71386353730435,44.914757674194135,39569.07141647432
1431,1.4752,5.0,4.0,0.0008259713399320432,345.729454877049,30.00868755283366,41505.30897826971
1432,1.6211,5.0,4.0,0.020948552223371254,319.78423005122676,25.00665862912536,42709.04148325468
1433,1.8271,5.0,4.0,0.02087165755650761,291.2404386833583,29.910410592764563,44656.77225275126
1434,1.2445,2.0,4.0,0.003973784901758015,1110.8979128322812,44.93075018599416,22846.723268183126
1435,1.3069,2.0,4.0,0.0019555325749741467,1155.7506934983699,44.22830593294064,22461.91244303503
1436,1.8153,2.0,4.0,0.0005611708106649881,1188.6451412913016,108.3347046582596,22237.123210635065
1437,1.4903,2.0,4.0,0.0002047569803516029,1236.826044764629,19.959675958714882,21878.409686946263
1439,1.44,2.0,4.0,0.003923474663908997,1256.6648385872547,49.209740623301045,21542.931859966127
1440,1.5194,2.0,4.0,0.002298086866597725,1105.7718976482556,59.821855209038645,22930.586803615835
1441,1.557,2.0,4.0,0.0019620754116617613,1147.7280529506527,58.57488712206547,22536.447636648434
1443,1.5512,2.0,4.0,0.00019519131334022754,1211.5306830330082,93.56853734150191,22097.877706400854
1444,1.4564,6.0,4.0,0.002579627714581179,1087.3104756681203,19.948760358412542,24251.091271766127
1445,1.6411,6.0,4.0,0.002335573940020683,1105.5142172534333,9.955222821066446,24066.209105659447
1446,1.6962,6.0,4.0,0.0019206825232678387,1120.7915802261487,19.942575536632035,23921.67204444231
1449,1.4159,6.0,4.0,0.0007740434332988626,1211.0389075407913,74.96467256321668,23110.225910244724
1450,1.5283,6.0,4.0,0.009390899689762151,1236.3168161307692,25.00008231205473,22732.077733873568
1451,1.6905,6.0,4.0,0.009263357462943813,1242.1508616381495,9.957720199268627,22681.92797240858
1452,1.5429,6.0,4.0,0.009131334022750777,1247.4987010436198,9.995888514064902,22636.373803949944
1453,1.2881,6.0,4.0,0.012290330920372287,1251.5327732494943,5.043542962933004,22583.67416542377
1454,1.5681,6.0,4.0,0.011338934850051708,1253.8989699829237,19.95842340479944,22568.183701313934
1458,1.4687,6.0,4.0,0.00944901758014478,1288.5696333975104,45.00187264383081,22287.372616097575
1459,1.5388,7.0,4.0,0.020804291623578077,1077.6785549178896,60.03969838409067,24513.21747697891
1461,1.4887,7.0,4.0,0.020144757775833265,1077.9858628542554,59.967237689191194,24511.987788305185
1463,1.2253,7.0,4.0,0.019181111287884817,1085.3347965758767,59.977269710852624,24435.890020052673
1464,1.3373,7.0,4.0,0.018132885211995867,1091.5850100285825,29.95798767711606,24372.716747036717
1465,1.2651,7.0,4.0,0.031636763185108586,1069.7533103283347,194.82246223707253,24572.205786816074
1466,1.4297,7.0,4.0,0.02528360910031024,1045.094677417249,19.962761964520542,24861.830457216256
1468,1.2785,7.0,4.0,0.022727766287487076,952.523636927759,194.70285619625122,25993.47821009002
1469,1.4787,3.0,4.0,0.004760552787440068,973.3943731832353,49.973940999365176,24616.184434009923
1470,1.2906,3.0,4.0,0.001112202688728025,1012.0543322453844,30.026205002994615,24256.95797546791
1471,1.4979,3.0,4.0,0.0007626680455015513,1052.7252378230828,49.99227082896711,23829.392851511464
1473,1.3867,3.0,4.0,0.001456566701137539,982.936924124416,94.96649865703901,24579.33447504478
1474,1.639,6.0,4.0,0.002694415718717684,954.4638780359845,54.95138571782758,25802.906432428386
1475,1.5206,6.0,4.0,0.0006204756980351604,1001.6343960510237,29.97728975992942,25314.939470781082
1476,1.3982,6.0,4.0,0.0003102378490175802,1023.1862943878964,9.986552565706143,25105.551315045195
1477,1.4817,7.0,4.0,0.001333237580910797,960.5202874025189,128.77914934999643,26086.341121712132
1478,1.6838,7.0,4.0,0.0016628748707342297,931.9948548246789,60.0337621766745,26448.51086554667
1479,1.5694,2.0,4.0,0.0087363409169252,1357.7869062007087,24.98334809410205,20718.126307381237
1480,,2.0,4.0,0.004028179937952431,1339.0429370349411,49.553270825389426,20898.96567579521
1482,1.2583,4.0,4.0,0.007706049638055844,2198.35098322378,154.7119349035708,16872.75047815218
1483,1.2703,4.0,4.0,0.007298603929679422,2304.037794834469,89.82704563823665,16501.53051626349
1484,1.3253,4.0,4.0,0.005458376421923475,2425.7308560717624,244.63628514054162,16113.909043144193
1485,1.9787,4.0,4.0,0.0069707859358841785,2535.007984425083,29.978421595770513,15768.573455651924
1486,1.4301,4.0,4.0,0.0021731077159155353,2624.0918107147127,149.59243489079483,15559.216120519568
1487,1.2801,4.0,4.0,0.0009094967252671493,2716.615498303696,69.71168911032608,15339.766792976625
1488,1.6508,5.0,4.0,0.0014477766287487074,1864.426615604509,30.04171456200386,18555.854058185127
1489,1.3145,5.0,4.0,0.001034126163391934,1877.9366005879046,19.904005405372548,18508.654524899983
1490,1.5156,5.0,4.0,0.0006204756980351604,1892.3314228324248,25.01507187749624,18466.486364614175
1491,1.9048,5.0,4.0,0.00020682523267838678,1897.1808418354544,24.97958926982081,18498.005467642524
1492,1.6393,4.0,4.0,0.0001892450879007239,1708.8894906391622,64.93881029400015,19214.71931826363
1493,1.66,4.0,4.0,0.00019751809720785937,1733.7361143936296,34.907448720782085,19080.734360447153
1494,1.5833,6.0,4.0,0.016257032057911066,1217.8264301172,19.991398434741086,22862.576765279835
1495,1.3631,6.0,4.0,0.011781540847983454,1241.6527465257418,29.97775876916221,22671.742589096688
1496,1.3467,6.0,4.0,0.000313081695966908,1267.1459383188446,24.950184266660944,22671.06388513767
1497,1.618,6.0,4.0,0.00016701137538779735,1289.7350325560424,25.03815135605792,22518.493674307814
1498,1.5876,6.0,4.0,0.00024948293691830404,1312.3082008915092,24.934397548777255,22309.08772741543
1499,1.4805,6.0,4.0,9.643226473629784e-05,1794.367436763639,214.9733528653406,19265.799768884914
1500,1.2022,7.0,4.0,0.03546122026887281,1091.541030221803,19.568456076746084,24329.68703911186
1501,1.5868,7.0,4.0,0.034222207859358846,1126.8748256560234,74.97320919739695,23965.13875666502
1502,1.9623,7.0,4.0,0.03370837642192348,1169.4452358690874,24.91521156504745,23546.04237365
1504,1.8205,7.0,4.0,0.032883488452257845,1192.7081933665331,9.899720306393696,23327.45338502591
1505,1.7086,7.0,4.0,0.027494570837642195,1217.8453747444187,35.041939105678004,23107.60487727049
1506,1.4736,7.0,4.0,0.027420113753877977,1248.5646070863186,19.901573996811806,22834.890664386887
1507,1.685,7.0,4.0,0.027196225439503622,1266.8911263427879,10.001120352445266,22677.265820440378
1508,1.8297,7.0,4.0,0.027156928645294728,1280.385116158429,9.996849793145573,22563.06822098056
1509,1.8182,7.0,4.0,0.02714994829369183,1296.2794546119849,15.027640404458001,22430.72984824555
1510,1.6058,4.0,4.0,0.001034126163391934,2162.5174462822533,73.98986990542065,17096.707583074847
1511,1.4731,4.0,4.0,0.0006204756980351604,2115.4195841534543,44.94728247130977,17300.697732555585
1512,1.1782,4.0,4.0,0.00020682523267838678,2044.6689169187277,94.87278271134622,17635.15449219107
1513,1.7692,4.0,4.0,0.005086375387797311,1679.461211455386,44.977728941193796,19205.460968158925
1514,1.5375,4.0,4.0,0.004831954498448811,1649.3231504460066,9.84897098942386,19374.667346543214
1515,1.5059,4.0,4.0,0.005078076525336091,1632.3791882298306,20.00774085201816,19467.73330247697
1516,1.5055,4.0,4.0,0.006335573940020683,1590.2845709810404,73.95041259080713,19700.175141174732
1517,1.5111,6.0,4.0,0.004794954072632156,1951.0673605255226,79.92041650034174,18320.170113581633
1518,1.254,6.0,4.0,0.0019499361275016728,1866.7026175994865,79.99731684946923,18755.326164430797
1519,1.2914,6.0,4.0,0.001685024735179854,1758.078548793899,179.62246029041762,19306.767126088263
1520,1.3476,8.0,4.0,0.0002474146845915202,1865.665540988925,65.02119005932053,19324.53399324021
1521,1.4771,8.0,4.0,0.00014968976215098243,1900.9386175841366,35.03849691643286,19178.351572506388
1522,1.5755,8.0,4.0,0.00040305067218200625,1922.3889542983793,29.997547560419783,19025.750671654092
1523,1.5846,6.0,4.0,0.0009035677352637022,1750.0458334075163,19.950842853815306,19381.115138337333
1524,1.5346,6.0,4.0,4.1071260693804645e-05,1813.2844765152988,104.75415889333756,19213.31706781988
1525,1.6602,6.0,4.0,0.00018976215098241988,1802.6572428140084,59.412160648399166,19188.87485910831
1526,1.4401,8.0,4.0,0.014881851085832475,1718.0414907893585,54.96892701832592,19881.1884871631
1527,1.3784,8.0,4.0,0.014571613236814893,1724.9226038771724,9.972539776147487,19844.441899259094
1528,1.3941,8.0,4.0,0.00845081745211011,1737.08531849941,99.84190669443605,19806.779368251075
1530,1.4339,8.0,4.0,0.008209152016546019,1740.0060824803782,39.99531542149524,19792.44712999911
1532,1.4941,8.0,4.0,0.006729317476732162,1746.8590818196858,25.037945748294,19765.84315698425
1533,1.4606,8.0,4.0,0.00649836263357463,1760.4738704551312,24.984251470637165,19694.632862215018
1534,1.4424,8.0,4.0,0.0007095859802038706,1833.135985817711,134.7991199770686,19432.702817850037
1536,1.4513,5.0,4.0,0.003576008273009307,1913.4834200392268,14.92472485951162,18283.37464882742
1537,1.4397,5.0,4.0,0.0030394568375437044,1802.4697333323397,204.96446851737585,18820.112913804824
1538,1.6849,5.0,4.0,0.00226521027231989,1691.1422658153278,24.895562371846182,19416.262182855782
1539,1.5884,5.0,4.0,0.0024438986556359877,1660.9037261072017,29.981135211224544,19580.075729631786
1540,1.5819,3.0,4.0,0.004612978283350569,1722.7180037008634,34.875869897945634,18751.257369060448
1541,1.7618,3.0,4.0,0.004261375387797312,1751.0420358607214,24.9716697113343,18609.93086307864
1543,1.4355,3.0,4.0,0.005172456695966909,1795.7794575791236,74.88171023317204,18377.901833953885
1544,1.3707,7.0,4.0,0.004417389229178268,1556.5954818232956,60.01784046474487,20655.88593166728
1545,1.5916,7.0,4.0,0.00221153050672182,1603.9861021283011,44.97543909173926,20400.131846402805
1546,1.4094,7.0,4.0,0.0011502930024129613,1630.7478320729772,10.000807191902831,20275.061323509042
1547,1.6038,7.0,4.0,0.005074586349534643,1645.5485904581778,15.086697031638776,20108.25167806281
1548,1.4004,7.0,4.0,0.003148526370217167,1683.1585091961356,64.96392066267752,19918.025722858667
1549,1.2767,7.0,4.0,0.0012329369183040333,1782.7592918398766,144.93488803151968,19427.837577807793
1550,1.2924,7.0,4.0,0.0008976215098241986,1874.1245067227003,35.002338358014185,18986.324287237014
1551,1.6109,7.0,4.0,0.0006761116856256464,1906.8538904173681,44.397302849170636,18844.435759185373
1552,1.2577,4.0,4.0,0.00993329886246122,1414.8312345489437,37.679276028857664,20804.65124488977
1553,1.6115,4.0,4.0,0.009753360910031025,1420.918571567792,15.06872590680327,20763.111955776647
1554,1.5264,4.0,4.0,0.008896639089968978,1445.1685693730801,92.31858661876198,20601.27771537657
1555,1.4167,1.0,4.0,0.002694415718717684,1911.8921919447566,39.80973730992221,17441.87167040063
1557,1.4629,1.0,4.0,0.0018691830403309206,1931.224617835468,29.986583009729898,17375.30494565374
1558,1.4776,1.0,4.0,0.00020682523267838678,1933.0819195778056,99.94945160079253,17469.46211094626
1559,1.7832,4.0,4.0,0.01227456049638056,1706.9055674789702,24.984827640735887,19012.92331285438
1560,1.7759,4.0,4.0,0.0107693898655636,1722.4596556867543,5.005984053698023,18937.45308911714
1561,1.6266,4.0,4.0,0.0030726473629782837,1736.3562400430806,20.030333042020416,18928.143677795157
1562,1.9243,4.0,4.0,0.0017019131334022753,1759.7568916438288,20.030332768422078,18837.311878137105
1563,1.9249,4.0,4.0,0.0054108066184074466,1781.468593086626,19.925151239588857,18669.8824886568
1565,1.5097,2.0,4.0,0.0033120475698035167,2056.028584524921,29.91253149393023,17042.86241021145
1566,1.5003,2.0,4.0,0.0017095608571222436,2178.1058970228137,208.91921613077503,16609.710848698887
1567,1.492,2.0,4.0,0.001274446261513672,2355.6296886420705,209.7474988611486,16013.086441210262
1568,1.56,6.0,4.0,7.497414684591521e-06,1692.2193526461147,119.95944816500248,19947.10339447241
1569,1.4476,6.0,4.0,0.0,1721.618567328882,145.07546091377404,19890.36938004499
1570,1.4103,8.0,4.0,0.005682006204756981,1636.949404015986,25.048205937733236,20397.1443617566
1571,1.4857,8.0,4.0,0.002832988624612203,1664.6340299256328,25.05143353512412,20272.210218197746
1572,1.4964,8.0,4.0,0.001111168562564633,1693.5970454885282,29.99243209568914,20156.321032353164
1573,1.5131,8.0,4.0,0.0009620327965726105,1725.3693597247343,30.066003686842812,19986.130201075965
1574,1.6459,8.0,4.0,0.000798013000443197,1757.2383557163355,29.959913735190522,19822.321347457546
1575,1.4859,8.0,4.0,0.0005808169596690797,1785.2194539313516,19.96317085849126,19690.20436208309
1576,1.4774,8.0,4.0,0.00017481519782450495,1860.7934473732503,129.58125859642985,19366.55196452504
1577,1.3675,8.0,4.0,0.00027145811789038265,1902.7421472759133,34.93341998542172,19139.31581436707
1578,1.6018,10.0,4.0,0.00020682523267838678,1258.9503218735965,29.99633989377074,23892.31410854258
1579,1.543,10.0,4.0,0.001019648397104447,1281.992509958658,25.00307615318323,23586.13589549769
1581,1.4535,10.0,4.0,0.002308083419510514,1303.9666877468017,25.04014018434117,23344.90659073036
1582,1.6,10.0,4.0,0.0002668907273354016,1325.792475598612,25.003124107576955,23294.297947739382
1585,1.4086,10.0,4.0,0.01018097207859359,1357.3521489180457,49.98641011784381,22812.12452220134
1586,1.3278,10.0,4.0,0.00984901758014478,1401.599812132071,44.98677873560911,22467.804727540875
1587,1.3112,10.0,4.0,0.00883479834539814,1463.2837485696818,89.94980309490835,22017.43977408687
1588,1.2637,10.0,4.0,0.011811530506721821,1570.8804076742256,154.92629745562837,21268.48655973814
1589,1.3941,10.0,4.0,0.010475159427783523,1633.4085432569516,54.57959643310728,20882.9477291411
1591,1.4216,10.0,4.0,0.008401758014477767,1619.277677284781,34.97673557503005,20981.974647124975
1592,1.3904,10.0,4.0,0.0082596949327818,1606.623084329497,35.03313601394963,21061.578378701728
1593,1.4536,10.0,4.0,0.008217812823164427,1600.508100960152,5.036901966180589,21100.198543183913
1594,1.4726,10.0,4.0,0.008033350568769393,1595.8289434737162,25.008071118548035,21130.95628840874
1595,1.4295,10.0,4.0,0.007388831437435368,1590.294378672778,15.011429269383376,21170.707999263406
1596,1.6172,10.0,4.0,0.0072282833505687705,1586.7448471945224,5.036890626254409,21194.518418599124
1597,1.567,10.0,4.0,0.007273784901758015,1583.1222938036613,14.934927036616225,21217.276970098064
1598,1.5859,10.0,4.0,0.007520423991726991,1577.2090376858403,29.946273993502864,21253.285723713598
1599,1.5374,10.0,4.0,0.0075969493278179945,1571.598294047392,24.96587309635846,21288.860577058444
1600,1.3704,10.0,4.0,0.006465356773526371,1558.401635203704,85.01323655316013,21383.821403393016
1601,1.5551,10.0,4.0,0.018072905894519133,1544.9419192573228,14.821315977499397,21413.75456819268
1603,1.1559,4.0,4.0,0.0006204756980351604,1141.6497882921942,44.993769238312225,23216.579099676237
1604,1.4014,4.0,4.0,0.00021309266397167125,1187.3014780902276,318.65604156331904,22851.477443418586
1605,1.4288,6.0,4.0,0.00016184074457083767,1759.3728740391325,104.9898034552858,19420.79605222035
1606,1.652,4.0,4.0,0.00435263702171665,1596.9661814801664,44.97372767204274,19680.492970056202
1607,1.3235,4.0,4.0,0.0030260599793174767,1569.735580135871,20.023945781145013,19861.783007926115
1609,1.2164,4.0,4.0,0.00020682523267838678,1527.5081986984987,44.727304344819686,20266.04975209549
1610,1.6304,8.0,4.0,0.01070010341261634,1710.9358215653665,30.05869766019815,19938.02895943693
1612,1.5412,8.0,4.0,0.006230448552223372,1704.8330450525634,34.9962493467661,20000.81809233596
1613,1.7444,8.0,4.0,0.009563340227507757,1698.3150740893802,19.99091418653793,20014.53322785149
1614,1.714,8.0,4.0,0.013084539813857292,1688.5826538813003,34.93265087590704,20052.711049429563
1616,1.6433,8.0,4.0,0.014649689762150983,1674.15701671388,15.06308147244176,20128.864337771254
1617,1.4397,8.0,4.0,0.01135012221491022,1658.4831854390222,49.92809204094257,20233.102342559076
1618,1.2895,8.0,4.0,0.009813857290589452,1627.5135876408146,45.0043350526047,20423.70438587
1620,1.415,8.0,4.0,0.00955274043433299,1590.5693869347976,34.86183064175532,20650.044879015215
1621,1.3572,8.0,4.0,0.0095129265770424,1556.620217321978,89.9455744837328,20863.829590213194
1623,1.5252,8.0,4.0,0.014520165460186144,1521.5551913344489,34.996255047244986,21068.007163485418
1624,1.5134,8.0,4.0,0.020131592554291627,1510.100579640972,4.969816596649013,21125.67130828429
1626,1.4978,8.0,4.0,0.012509669079627717,1494.1999533739956,45.03117457231894,21259.500035687277
1627,1.4985,8.0,4.0,0.012362719751809722,1476.2190728387914,24.995786485041247,21383.265196379554
1629,1.4632,9.0,4.0,0.02581178903826267,1518.96906046819,84.97871101459818,21308.412694478397
1630,1.4484,9.0,4.0,0.025608066184074456,1550.7613831418876,25.058744317206877,21099.41280587735
1631,1.6657,9.0,4.0,0.020423647018269563,1565.9839755779522,39.961821578500945,21014.012928610795
1633,1.3914,9.0,4.0,0.02453076525336091,1625.8374693367566,94.96740591719245,20631.415696610697
1634,1.5633,9.0,4.0,0.016112719751809723,1676.1451616611469,9.9936613638531,20356.54737171742
1635,1.5463,9.0,4.0,0.015723888314374355,1706.7416675849347,54.92482175371212,20183.01532016134
1637,1.4113,9.0,4.0,0.015427042399172702,1738.1336637292104,19.868193490445556,20009.37538216434
1638,1.5329,9.0,4.0,0.014973888314374356,1745.8344377344108,29.981698619676045,19968.824070677925
1640,1.4364,9.0,4.0,0.013808277318166152,1779.438859614296,54.74486844390061,19792.369021077102
1641,1.4165,9.0,4.0,0.013546449500172355,1808.0491671384545,10.009603111581383,19643.39742517693
1642,1.4856,9.0,4.0,0.011878231644260601,1835.5210003846867,39.95364218988701,19509.47403172357
1643,1.3866,9.0,4.0,0.010781540847983453,1874.8476663601346,34.95823575482356,19318.22823071252
1645,1.4436,9.0,4.0,0.004318769389865564,1960.662021446336,99.9509426955002,18956.438899419474
1646,1.4319,9.0,4.0,0.006695553257497415,2037.4825472277194,45.036033986681055,18590.46217925352
1647,1.1893,9.0,4.0,0.00610923573152115,2163.2019970088313,204.9106479651706,18071.582884242503
1648,1.2773,9.0,4.0,0.004533950361944157,2312.017234170829,119.61723062701158,17521.14946453635
1650,1.5551,2.0,4.0,0.0014690702265676414,1816.1042300697388,159.08796725042546,18120.92017447533
1651,1.6963,5.0,4.0,0.00033273009307135476,1771.6981271429242,54.98872206351486,19087.405984445646
1652,1.9209,5.0,4.0,0.0006344364012409514,1807.1644605151428,49.99597271780013,18875.37523063416
1653,1.4477,5.0,4.0,0.011240628231644262,1821.337902359372,14.997981461411232,18661.772275363423
1654,1.5618,5.0,4.0,0.008970096518441916,1831.1178073907067,24.964034849534407,18625.364990225167
1655,1.5882,5.0,4.0,0.008805842812823166,1847.1489847136613,24.985463159533502,18549.01836507588
1656,1.6713,5.0,4.0,0.008637737650147165,1885.765962485568,60.056669366268125,18367.844129420475
1657,1.2184,10.0,4.0,0.0033210444674250258,1927.3044668660248,19.684171258368707,19357.760838121623
1658,1.4713,10.0,4.0,0.0012437090658393658,1948.0763403229378,25.007510295866126,19309.499844096226
1659,1.2633,10.0,4.0,4.265770423991727e-05,1998.1297325576302,124.94947132630139,19249.433714616567
1660,1.2033,6.0,4.0,0.005401956221992416,1866.0421764250364,140.0055754729377,18707.65474206135
1661,1.2824,6.0,4.0,0.00560005170630817,1800.7576439099184,74.45603638073568,19026.239731588208
1662,,6.0,4.0,0.0058802998965873845,1773.4843121541314,15.00339662513056,19162.71767029899
1663,1.3033,2.0,4.0,0.00020682523267838678,2085.2300662522844,343.95871807165327,17054.13372293815
1664,1.1948,2.0,4.0,0.0018691830403309206,2272.8728418390856,188.4754048012392,16271.915199786205
1665,1.4501,6.0,4.0,0.0002755946225439504,1793.963850386608,99.98004497801858,19214.05667727529
1666,1.7198,6.0,4.0,0.00015770423991726994,1765.1045121158793,29.69989984573954,19392.03504697721
1667,1.6146,6.0,4.0,0.00024043433298862464,1727.260833326522,54.630394503100476,19571.499205818232
1668,1.7748,6.0,4.0,0.00042812823164426064,1694.9913885293383,15.004086523852976,19717.98235064819
1669,1.7431,6.0,4.0,0.0008035160289555325,1676.7491721715646,34.518658481766174,19786.786429285774
1670,1.8357,6.0,4.0,0.001002843846949328,1659.9119363809052,30.01876935602904,19870.513113140645
1671,1.3593,2.0,4.0,0.00020682523267838678,1566.0992020923434,104.63917695207734,19548.815774872215
1672,1.6105,4.0,4.0,0.0015294725956566703,1802.5637741925027,14.987000695509602,18627.947167833274
1673,1.4108,4.0,4.0,0.0013537519389865565,1765.4202459881187,75.03154537923723,18819.93930897203
1674,1.4823,4.0,4.0,0.0015685108583247157,1718.548721372234,54.8011598130273,19055.51396569712
1676,1.4011,5.0,4.0,0.0014010932190870145,1540.9119308535571,29.994220834285365,20322.995275965666
1677,1.3339,5.0,4.0,0.0006204756980351604,1610.7913177282178,109.8092013532161,19940.897804962384
1679,1.6638,6.0,4.0,0.0027347466390899695,1674.1723230770547,29.980727324906592,19736.818772485756
1680,1.4728,6.0,4.0,0.002605687693898656,1664.9301406362486,20.043470600625213,19791.53674315495
1681,1.4842,6.0,4.0,0.0023052703501255725,1651.1051557695182,65.04038690304962,19876.87297104101
1682,1.4752,6.0,4.0,0.0025169855222337127,1632.1574469863808,89.94964085341867,19981.90114785341
1683,1.2761,6.0,4.0,0.00416158221302999,1616.7225104218612,59.890848276176236,20045.783173963482
1684,1.3508,4.0,4.0,0.00020682523267838678,2960.79278501816,268.83999768476326,14781.095606076296
1685,1.315,4.0,4.0,0.0018691830403309206,2760.4958201983613,254.7274418757455,15193.82443499032
1686,1.4112,4.0,4.0,0.0022817993795243023,2692.375210044205,19.830606571270813,15367.778723320775
1687,1.3326,4.0,4.0,0.002694415718717684,2673.436950736358,184.8431106520522,15412.771528859466
1688,1.3777,4.0,4.0,0.00435263702171665,2588.863568571631,144.40616883280893,15630.879750926957
1689,1.6268,4.0,4.0,0.00476421923474664,2538.248007229828,54.72857908470124,15774.953333361012
1692,1.3242,2.0,4.0,0.0006204756980351604,1495.9584716044576,45.03969314665966,19922.28934966199
1693,1.1531,2.0,4.0,0.00020682523267838678,1549.9492061110934,85.97836740956653,19645.68620505199
1694,1.5829,4.0,4.0,0.0047909957157630375,1513.4494151275214,29.91903639438289,20185.949745351896
1695,1.54,4.0,4.0,0.0033453550499827653,1540.9770698750149,25.081243484752335,20032.33555349335
1697,1.7147,4.0,4.0,0.0022300930713547054,1568.99876018769,24.969197183694583,19882.385464101535
1699,1.8935,4.0,4.0,0.001597207859358842,1595.2485073063574,24.974983140865714,19743.238475463124
1700,1.6627,4.0,4.0,0.0009389865563598761,1632.7319310390371,44.949412389972736,19553.4273667973
1701,1.4743,4.0,4.0,0.0007001034126163393,1656.3537145695966,14.924911933328097,19435.13991314341
1702,1.4938,4.0,4.0,0.00046225439503619445,1659.901349331901,25.028635293293576,19436.797169732898
1703,1.7974,2.0,4.0,0.003591907962771458,1799.7301908481752,5.033670900275469,18156.0698573848
1705,1.503,2.0,4.0,0.0002444298204380935,1763.5562889571227,44.74671327478295,18464.40482136362
1706,1.3781,5.0,4.0,0.009042140641158223,1532.3614043365933,14.960845863510503,20276.05309351979
1708,1.7915,5.0,4.0,0.006423086866597726,1552.9579906976387,25.008786833796343,20165.726974412148
1710,1.6666,5.0,4.0,0.005368407445708377,1576.607358186513,20.0198830286862,20030.476557532587
1711,1.631,5.0,4.0,0.0029524301964839713,1615.8700617053537,59.936575005616355,19828.439843047447
1712,1.5996,5.0,4.0,0.001735522233712513,1646.9317184024908,5.015161568501164,19677.042117668327
1714,1.5881,5.0,4.0,0.001654860392967942,1695.681001607415,69.89287524423835,19407.682383367963
1715,1.7198,5.0,4.0,0.0061649431230610145,1742.5453330020407,29.98699157756141,19090.02449360302
1720,1.7031,5.0,4.0,0.0005840227507755947,1834.7603970687721,39.90745244209714,18743.590631025105
1721,1.6475,5.0,4.0,0.00399026197862806,2035.1085702176526,10.006091959345909,17748.73144482313
1722,1.6099,5.0,4.0,0.002875904860392968,2046.5333515379964,74.9357648886182,17716.858944649553
1723,1.6345,5.0,4.0,0.0008710789382971392,2037.275342421222,39.96064235503203,17811.7742197745
1724,1.8939,5.0,4.0,0.00020682523267838678,2003.4395838168743,40.038799946459555,18023.4824144236
1725,1.7484,8.0,4.0,0.003519648397104447,1525.4052456934608,19.959936962312845,21122.203837111614
1726,1.6021,8.0,4.0,0.0031070320579110653,1509.5801973751652,30.022652902887287,21234.556404735733
1727,1.339,8.0,4.0,0.002797569803516029,1495.4685814383176,14.821109119183546,21335.83395427264
1729,1.4076,8.0,4.0,0.0006204756980351604,1467.7716658366614,34.95872155577768,21613.39976861453
1730,1.3767,8.0,4.0,0.0003102378490175802,1445.4624860794436,10.029188148141698,21812.063046705924
1731,,3.0,4.0,0.005967960555473482,1574.715914865552,134.63204467851057,19558.5181546431
1732,1.3256,4.0,4.0,0.00020682523267838678,2585.066382175354,84.9821311877886,15769.25778406363
1733,1.3985,4.0,4.0,0.0006204756980351604,2611.832709098882,24.983006628196307,15646.141116619743
1734,1.5719,4.0,4.0,0.0022817993795243023,2588.5024583806166,129.3521626548939,15658.828957391941
1736,1.4225,3.0,4.0,0.004220785935884179,2022.496635229445,34.60392757170575,17374.33938853784
1737,1.5235,3.0,4.0,0.004316548129075829,1891.4911341937168,229.28643857923245,17937.058943112293
1738,1.2114,11.0,4.0,0.021191485694588078,1469.5384472201968,10.001099581593417,22187.699767236016
1739,1.2752,11.0,4.0,0.0036028955532574976,1502.7990003270677,54.96641622679779,22055.99045617019
1740,1.3047,11.0,4.0,0.002569803516028956,1537.3081625545824,49.94468059950487,21838.13261983578
1742,1.2947,11.0,4.0,0.008981644260599794,1514.9705556738036,59.95216330133535,21917.925950516033
1743,1.2698,11.0,4.0,0.012620734229576009,1486.4501827068952,55.00614054653639,22097.44078883282
1745,2.041,3.0,4.0,0.0011471906239227854,1963.30096798821,9.9583488899229,17683.45145318988
1746,1.8387,3.0,4.0,0.001049120992761117,1985.1426984130399,34.79889338422983,17594.58925627674
1747,1.5068,3.0,4.0,0.0006592554291623579,2017.2818616083853,24.616341916923176,17481.972731563634
1748,1.738,3.0,4.0,0.0005279214064115822,2048.973319211677,34.989055908954896,17362.775928444764
1749,1.695,3.0,4.0,0.0004512237159600138,2073.556759328524,24.92251110267882,17271.527727866487
1751,1.8587,3.0,4.0,0.0024803516028955534,2095.2566266741137,19.983704591676,17108.171617655076
1753,1.6586,6.0,4.0,0.0009956049638055844,2106.312623452733,54.733434705404726,17737.469873405924
1754,1.6048,6.0,4.0,0.0012262150982419856,2088.5640049856875,14.684738612264267,17799.311326780375
1755,1.462,6.0,4.0,0.0022639607032057915,2072.506722331934,10.025907950994437,17835.789963109997
1756,1.5708,6.0,4.0,0.002501809720785936,2052.7053165315892,25.047410619571597,17912.8634037245
1757,1.4143,6.0,4.0,0.005395811789038263,2012.1142135390317,49.88546653894599,18047.303962130587
1759,1.4456,6.0,4.0,0.008377197518097209,1978.9086194913857,15.008565278483594,18169.785081264024
1760,1.4596,6.0,4.0,0.008727766287487074,1943.3417187319108,49.98324954678745,18325.6094536399
1761,1.5644,6.0,4.0,0.010242761116856257,1902.251803324711,24.962508911078167,18505.428859618532
1762,1.5129,6.0,4.0,0.0007761116856256465,1870.4044068852565,34.87696498466693,18783.64550795563
1763,1.6417,6.0,4.0,0.0022978283350568772,1843.2031175500513,25.049529468176594,18860.726594809326
1764,1.7653,6.0,4.0,0.003817476732161324,1824.8969291437552,19.861927411794124,18925.110580794615
1765,1.5678,4.0,4.0,0.001298989797650836,2425.9908249742903,329.30745029535876,16174.807614790823
1766,2.068,4.0,4.0,0.0008508273009307136,2255.457942447727,19.952825849716362,16765.765778163932
1767,1.7752,4.0,4.0,0.0009532057911065151,2224.9703323880703,44.95762714058155,16869.821521211743
1769,1.4912,4.0,4.0,0.0034154601861427097,2173.5070170915533,54.90726175628842,17001.248592855394
1770,1.4333,4.0,4.0,0.003780506721820063,2137.480162964937,84.65357462467485,17132.66422531053
1771,1.508,9.0,4.0,0.0087145073127493,1831.8162105403326,29.976246824451863,19544.394415954182
1772,1.5423,9.0,4.0,0.017546794208893487,1803.141919213708,35.01143744066353,19655.323038573177
1773,1.2615,9.0,4.0,0.01775155118924509,1763.8715146182537,45.024831365352846,19862.184116490265
1774,1.3558,9.0,4.0,0.01831566701137539,1728.9760426570801,35.00450063558213,20050.676709032803
1777,1.2708,9.0,4.0,0.022235263702171666,1676.3081989678187,44.99936457204571,20338.150745598192
1778,1.4683,9.0,4.0,0.02339296794208894,1645.5829627760163,9.96321183272352,20515.585971413446
1779,1.4793,9.0,4.0,0.023782833505687696,1627.1903178498123,19.90308761890421,20624.935016560452
1780,1.3188,9.0,4.0,0.024175801447776632,1610.8365986547055,9.98906604526185,20723.617724229316
1781,1.5266,2.0,4.0,0.0005822130299896588,650.8322973909534,89.28756413648715,29633.004713992967
1783,1.568,2.0,4.0,0.00021975180972078596,716.1222884239687,69.37968061130917,28385.995831483186
1784,1.5991,8.0,4.0,0.010248319544984489,923.2718365452273,55.04472692502351,26759.99614996498
1785,1.5143,8.0,4.0,0.006112202688728027,966.3646157108797,109.88072560279628,26220.227520877957
1786,1.4598,8.0,4.0,0.006147362978283351,1028.3772846489494,64.95313676930152,25453.588656557942
1787,1.6033,3.0,4.0,0.019039370660363424,786.7638031134426,29.90127625094714,27145.694292955184
1788,1.8834,3.0,4.0,0.0003614270941054809,738.2549837149616,103.94377938389988,28279.102391476976
1790,1.4868,6.0,4.0,0.0008872802481902793,1017.0645032810736,24.943412930377164,25107.135601229427
1791,1.2869,6.0,4.0,0.0005593145220859802,1038.351806462062,30.024531269599706,24890.923365633174
1792,1.3121,6.0,4.0,0.00019537029671466076,1070.857616040124,60.10209902875993,24596.520902595003
1793,1.5476,8.0,4.0,0.011181841684685532,327.52936898865994,49.956146759740115,43854.281905324984
1794,1.6384,8.0,4.0,0.001363753877973113,343.69735345448635,35.010009204740655,43098.95763171746
1795,1.4039,9.0,4.0,0.00020682523267838678,713.7087149911027,110.06176831248803,30942.729359342844
1796,1.4621,9.0,4.0,7.523267838676319e-05,824.0399988300833,105.04337384413564,28970.69742275723
1797,1.3973,9.0,4.0,0.0005025853154084799,933.0740671741188,104.96381679029157,27166.080247041107
1798,1.3754,9.0,4.0,0.0061859048603929686,1049.2754399650623,119.94419206183414,25516.209224993745
1799,1.5414,8.0,4.0,0.008243835017102855,886.6076184662866,59.98186744396567,27297.92927395753
1801,1.6532,8.0,4.0,0.0009322647362978284,895.2250587477812,50.05511676360778,27330.49457651027
1803,1.6158,8.0,4.0,0.0007531023784901759,906.8733657668869,55.0574081025115,27177.970160266697
1804,1.2952,3.0,4.0,0.00020682523267838678,749.8862743812365,10.009615465602707,28110.8379982696
1805,1.9775,3.0,4.0,0.0008273009307135471,760.7730691457879,14.905535503751734,27815.401263272397
1806,1.8172,3.0,4.0,0.002488107549120993,764.7763128123911,20.022582749031542,27664.62853622153
1807,1.4931,3.0,4.0,0.0029007238883143748,768.0450428889513,44.963393448703485,27597.141169998333
1808,1.5306,3.0,4.0,0.003519648397104447,774.8947080122914,15.032734920030224,27466.391868308834
1809,1.6552,3.0,4.0,0.002005995943043513,793.5270164117428,124.78726659800395,27197.633448053184
1810,1.6745,3.0,4.0,0.0017241468459152018,814.7088619641914,29.98649972624098,26868.942016562967
1811,1.4983,3.0,4.0,0.0014749870734229577,801.0491935479076,14.981903055686306,27097.72501039002
1812,1.3168,3.0,4.0,0.0015894177674581963,911.4169446776015,259.76796711747016,25475.011628194672
1813,1.5699,10.0,4.0,0.009637538779731128,1258.6565086749702,29.996396846974243,23651.752444853922
1814,1.3274,10.0,4.0,0.009602969419412025,1249.2718026867078,65.00432916029433,23736.54076782068
1815,1.419,10.0,4.0,0.00396277145811789,1242.4457149148875,19.991641622108173,23854.806357352958
1816,1.3736,10.0,4.0,0.00042037228541882114,1239.337656571625,25.00309455448777,24026.44813537736
1818,1.2288,10.0,4.0,0.00041520165460186146,1232.0321683970028,214.82112098578781,24095.075090231345
1820,1.6473,5.0,4.0,0.003930196483971045,902.629739753897,44.947827301475314,26155.025255487963
1821,1.3971,5.0,4.0,0.002610651499482937,955.1555821995966,69.99994349461585,25486.74551509133
1822,1.7587,5.0,4.0,0.0009913207268429608,1003.0943346433115,29.985192441204166,24962.758416871817
1823,1.6505,5.0,4.0,0.000265918156300783,1027.829743849345,24.983658139149043,24761.079689876926
1824,1.2524,5.0,4.0,0.00020682523267838678,572.9564746565095,19.98775340784143,32740.718836175834
1825,1.3482,5.0,4.0,0.009355850199438617,595.3730822102061,29.829806488505643,31822.267630716913
1826,,5.0,4.0,0.008072647362978283,633.5913881552199,59.809538859770385,30904.152745962
1827,1.5546,5.0,4.0,0.0026852330613964534,716.3597513060807,129.7365382040888,29232.276421248807
1828,1.5068,5.0,4.0,0.001923733195449845,786.9820289937146,14.921462294738806,27975.39742466667
1830,1.751,3.0,4.0,0.0035294725956566703,1793.1474468963754,54.74940813530003,18409.48968248323
1831,2.0404,3.0,4.0,0.0018691830403309206,1773.8057721765956,39.652885378382926,18536.29603642384
1833,1.7173,6.0,4.0,0.02581239227852465,267.8924534521279,40.07427006253131,47009.78978996849
1834,1.7077,6.0,4.0,0.0022005687693898656,287.9088925528494,44.97214384656346,45720.69274905057
1835,1.6221,6.0,4.0,0.0015531540847983456,320.1242134951555,64.45468477531473,43506.06336727875
1836,1.6487,8.0,4.0,0.0008265253360910032,894.8414429544442,69.96892236647982,27344.846921130586
1837,1.4622,8.0,4.0,0.0015594622543950362,873.7271403709162,30.003255400752636,27611.271322335208
1838,1.4254,8.0,4.0,0.0007224233023095486,857.0591405921075,54.95530174611279,27923.213462084655
1839,1.5291,10.0,4.0,0.0008987130874411123,640.9014821210278,39.95082432641126,32838.54554003969
1840,1.4448,10.0,4.0,0.0013572905894519132,586.9705038922581,64.97229044393293,34206.71373628747
1841,1.4609,10.0,4.0,0.0003190279214064116,521.6069983605774,60.01527917417166,36327.56687812195
1842,1.5321,10.0,4.0,0.0004710444674250258,472.2424836278072,35.00220455909563,38051.854067860375
1843,1.5746,10.0,4.0,0.000547052740434333,439.6389437004168,30.01601407547921,39356.67946577483
1844,1.6692,10.0,4.0,0.00030796277145811793,409.84122644778734,19.97720444006795,40758.48919255655
1845,1.5089,8.0,4.0,0.00020837642192347467,984.1647506392188,80.03514603494405,26227.949503542844
1846,1.5279,8.0,4.0,0.001721561530506722,961.5893082123077,45.01419671839746,26371.078219903255
1847,1.5887,8.0,4.0,2.66287487073423e-05,948.2344990901079,35.00105832581261,26843.940381139757
1848,1.4488,11.0,4.0,0.010616597724922442,434.6700276009215,49.99895042193018,39735.90356426312
1849,1.3338,11.0,4.0,0.010503139311567442,446.5734527808226,29.954528777230067,39228.379849999124
1850,1.2122,11.0,4.0,0.010354153408638931,565.035578531208,254.66928665908284,35066.26560188988
1851,1.2882,11.0,4.0,0.01235780765253361,803.1821191062772,225.01835878683426,29638.040804719923
1852,1.2306,11.0,4.0,0.012742733613500848,1023.2074610832875,224.98905051722627,26404.13152319617
1853,1.6642,8.0,4.0,8.712512926577043e-05,895.6970307200198,45.027740401675615,27496.65407083328
1854,1.347,8.0,4.0,0.0003456566701137539,921.3852145180588,35.02172139956317,27028.998881156836
1855,1.4888,8.0,4.0,0.0001641675284384695,945.1954586165238,34.9508542606226,26755.14405886351
1856,1.4725,8.0,4.0,0.0,971.7926606651225,45.00606109170137,26764.54990722476
1857,1.4401,3.0,4.0,0.002004912099276112,774.0085649183302,14.749940446112525,27522.601546222202
1858,1.3874,3.0,4.0,0.002193123061013444,766.4533167489773,30.015598833756734,27645.036839612436
1860,1.7426,3.0,4.0,0.003018355739400207,747.1140267127637,44.96394322011788,27960.207752949736
1861,1.7058,3.0,4.0,0.003599793174767322,713.8380438861172,54.89813101671318,28560.9368129398
1862,1.736,3.0,4.0,0.005459669079627715,672.4580335214235,64.91713835613902,29353.368080829423
1863,1.5248,10.0,4.0,0.012675387797311272,89.9594571786843,20.035226799211998,83169.93872590481
1864,1.6477,10.0,4.0,1.0687928927329136e-05,153.0617909505696,210.01320403563727,65778.4313774398
1865,1.7487,2.0,4.0,0.0022817993795243023,1899.37722607119,60.03101352068876,17716.836558204297
1866,1.622,2.0,4.0,0.0018691830403309209,1917.5546258862,227.63705736239078,17645.92075015441
1867,,2.0,4.0,0.0014782833505687695,1775.8256807435139,84.99664701005366,18315.46223965453
1868,1.5165,8.0,4.0,0.021338159255429163,827.6254818323808,84.90826252985397,28137.58496208741
1869,1.3964,8.0,4.0,0.022593588417786973,914.1158833595459,149.94050629730003,26830.92847218946
1870,1.2076,6.0,4.0,0.004012047569803516,668.1930822394969,69.49132579875204,30553.02266115578
1871,1.7604,6.0,4.0,0.0023550343141863312,614.2035010300814,49.82923888134749,31850.678427867584
1872,1.4765,6.0,4.0,0.001173474663908997,563.0361631939394,49.154809246734686,33261.23745235862
1873,,1.0,4.0,0.0016575397198458214,1323.382878351746,103.25130857134991,20813.609749241637
1874,,1.0,4.0,0.00020682523267838678,1353.8347510753497,9.924196792738485,20703.468219421396
1875,1.5684,8.0,4.0,0.006756549465701482,332.97022100029955,55.07435643484283,43569.50775492482
1876,1.6831,8.0,4.0,0.0009798345398138574,334.018247133638,44.95253053212245,43728.55620772003
1877,1.7218,8.0,4.0,0.0028234229576008275,331.53477588232073,25.04122055955834,43760.93811930755
1878,1.3426,8.0,4.0,0.0010519648397104447,320.50272280944245,24.987961910285616,44589.97185696549
1879,1.3433,8.0,4.0,0.0011181489141675286,312.3644901082477,25.045795641363792,45132.89931684082
1880,1.4042,8.0,4.0,0.00107738710789383,305.2564178659894,54.99391292289817,45635.55414433121
1881,1.5735,8.0,4.0,0.00020682523267838678,304.719649097655,55.00798392717877,45875.069358740926
1882,1.7835,4.0,4.0,0.006306359875904861,807.3922324225795,44.8527957802071,27218.21622905488
1883,1.832,4.0,4.0,0.005703257497414685,761.135930672643,44.949093874353224,28002.338870177406
1884,1.8225,4.0,4.0,0.0007563872498327149,702.9351309288061,79.96708616291403,29241.873026304725
1886,1.4635,2.0,4.0,0.0014457667545117925,1333.203073822534,146.80891974082516,20999.79908546521
1888,1.4302,2.0,4.0,0.004546147880041366,1248.0046732092176,24.873168843300025,21605.61225491569
1889,,2.0,4.0,0.00017144334465947703,1271.1966121407913,64.28658043864277,21604.513463227544
1890,1.414,2.0,4.0,0.0003609100310237849,1221.1418686100717,59.9409213986062,21978.760187097523
1891,1.446,2.0,4.0,0.0004842612329316422,1336.5187497894633,236.1755955951115,21036.12801168272
1892,1.3563,2.0,4.0,0.00384488107549121,1249.7779378903492,113.64728732772194,21600.62419643748
1896,1.2957,6.0,4.0,0.011815149948293692,1485.4394206223633,24.90942474203623,20813.99438871658
1897,1.3395,6.0,4.0,0.011650723888314375,1441.644992713248,134.6436583023193,21113.939157511013
1900,1.1898,6.0,4.0,0.01183117890382627,1362.0284188524868,34.98758965560252,21692.85738719548
1901,1.3569,6.0,4.0,0.01212073422957601,1330.1816298338697,29.963894086494847,21937.57822990683
1902,1.4346,6.0,4.0,0.013333764219234748,1307.3524839357406,9.979805584709066,22113.808606521772
1903,1.4582,6.0,4.0,0.02035444674250259,1288.672196600136,25.035366614479596,22241.0255855518
1908,1.5285,6.0,4.0,0.023688986556359877,1143.4275544829095,34.98688565132789,23536.65367003056
1909,1.6619,6.0,4.0,0.02403955532574974,1112.25566596557,29.91732261473799,23848.00302604621
1914,,3.0,4.0,0.004952947259565668,1491.0801670994742,44.60880386563269,20084.167585992847
1915,1.7542,4.0,4.0,0.011880595361205495,1498.0821330794838,29.795844022707676,20235.427158522627
1916,1.5044,4.0,4.0,0.002171334022750776,1462.8332214792372,119.48799652824583,20559.346169722754
1917,1.6858,4.0,4.0,0.00020682523267838678,1411.019307759209,34.49759934609457,21047.347143438932
1918,1.8605,4.0,4.0,0.005251766632195795,1301.6888818437387,25.039431280211964,21684.97170519091
1919,1.8348,4.0,4.0,0.0011375387797311273,1278.6525861006646,15.017974436231516,21959.682407914912
1922,1.6211,8.0,4.0,0.00641176687841631,1203.5386630889525,30.033129035683736,23611.678918012058
1923,1.5841,8.0,4.0,0.0017107032057911066,1225.8295081550473,15.01657859704197,23488.45311068133
1924,1.513,8.0,4.0,5.1447776628748715e-05,1260.84273482407,59.99269478451094,23392.405395116948
1925,1.6622,8.0,4.0,0.0038179937952430203,1298.1403251814643,25.00309564090875,22806.358761872973
1926,1.4782,8.0,4.0,0.000938986556359876,1328.7887681445598,39.96623511548825,22638.39513215732
1927,1.4669,8.0,4.0,0.0006520165460186144,1358.9570918473712,25.014295957781382,22419.09943027342
1928,1.415,8.0,4.0,0.017783092037228544,1376.2148861307464,5.03115877442462,22089.250452203523
1930,1.4163,8.0,4.0,0.016778223026542572,1428.4883942069055,84.99282036054926,21703.391293544675
1931,1.2737,8.0,4.0,0.004883229920716994,1546.6893382474136,159.99693166046137,20964.803507324825
1932,1.7044,5.0,4.0,0.0031070320579110653,1688.603346875822,14.937407979211214,19413.832884535714
1933,1.7419,5.0,4.0,0.003312564632885212,1709.0234131229047,20.049107088486714,19299.577104206564
1934,1.5175,5.0,4.0,0.003723629782833506,1751.987675771657,59.98257312975145,19066.476852196898
1935,1.269,5.0,4.0,0.005789038262668046,1796.5403004893299,44.979141952347504,18817.3917689498
1936,1.4748,5.0,4.0,0.007439503619441572,1816.1637161877265,14.947214903140747,18707.6588046812
1937,1.5338,5.0,4.0,0.007851085832471563,1797.3052642605837,49.65839504329377,18798.312105770972
1938,1.312,5.0,4.0,0.009498448810754912,1771.0492817300226,9.378401773845185,18921.095654338827
1939,1.8558,4.0,4.0,0.00020682523267838678,1691.5466413679053,39.92306062944209,19303.844491398355
1940,1.7556,4.0,4.0,0.0006204756980351604,1684.2866311368325,9.99067692049274,19286.965285816535
1943,1.7772,4.0,4.0,2.2980581408709643e-05,1661.554048099352,129.36146565890192,19583.493803189514
1944,1.3895,4.0,4.0,0.00020708376421923477,1686.4827009128487,19.891232472587987,19331.398966781962
1945,1.5577,4.0,4.0,0.0006197001034126164,1701.4760980909239,24.92276758314855,19193.865391481875
1946,1.3686,4.0,4.0,6.909255429162358e-05,1710.3420570370376,54.99111563505367,19258.54596565931
1947,1.8224,4.0,4.0,0.00020837642192347467,1719.2421298024692,29.987797508911022,19154.543734834682
1951,1.605,3.0,4.0,0.018021802826611515,1347.3207367783066,24.901837557712046,21006.624728143317
1952,1.3164,3.0,4.0,0.013683471216821785,1367.5114885797843,9.940266966100186,20873.45142839632
1953,1.2776,3.0,4.0,0.013131489141675284,1396.1935526489735,44.90696479763456,20670.126177370414
1954,1.4707,3.0,4.0,0.011696742502585317,1429.337794279096,25.000589566375066,20446.45696340217
1955,1.5289,3.0,4.0,0.010302326783867633,1452.1268470969305,19.95859373987526,20299.670155552514
1956,1.3923,3.0,4.0,0.009043562564632885,1473.0411330522284,15.04077232801937,20168.714984421928
1958,1.4051,3.0,4.0,0.008791882109617373,1537.5719501887174,89.71209783116727,19762.02235622661
1959,1.4689,7.0,4.0,0.043862849017580155,1311.2828951110973,14.802078281112362,22279.494229136195
1960,1.6269,7.0,4.0,0.038350827300930715,1324.8709394647155,14.917981483917224,22178.16683389031
1961,1.594,7.0,4.0,0.03743985616245182,1334.9568579562142,49.97529979953819,22099.519152835863
1962,1.5184,7.0,4.0,0.03465175801447777,1337.1319390708647,54.98808440495673,22086.920814941095
1963,1.6031,7.0,4.0,0.034639348500517066,1340.0129674503773,15.03025139494823,22064.284310279672
1965,1.4102,7.0,4.0,0.0203722854188211,1338.9143227750374,69.89491586397949,22104.142127203093
1966,1.7124,7.0,4.0,0.020641933815925544,1324.2394634319112,4.983947070292813,22219.836196990982
1967,1.7898,7.0,4.0,0.020684332988624612,1317.8881076648058,25.03970115282287,22270.715309738236
1968,1.6656,7.0,4.0,0.01755423991726991,1307.9533519914073,19.992057745445482,22360.99158228576
1969,1.6368,7.0,4.0,0.03413133402275078,1305.67613326778,15.008452643144484,22339.985174074172
1970,1.6005,7.0,4.0,0.025914986211651156,1311.0099966870757,24.951291957338427,22312.955658437626
1972,1.6747,7.0,4.0,0.021618924508790074,1316.552653291456,24.882726131959757,22278.862776916256
1973,1.4476,7.0,4.0,0.021451611513271285,1308.9719168979404,55.04211551761044,22340.759555510424
1974,1.6374,7.0,4.0,0.020006204756980353,1303.456641702752,24.924792366276435,22389.946850257904
1975,1.5989,7.0,4.0,0.015401240951396071,1319.4265614197132,19.937304898987872,22275.818394372935
1976,1.6393,7.0,4.0,0.01513598759048604,1340.0338064059488,14.94736267563471,22112.824120910154
1977,1.5493,7.0,4.0,0.012801447776628748,1375.1542521014396,59.86135290328271,21851.440890845362
1978,1.273,7.0,4.0,0.012269906928645297,1416.4994752621556,64.86215175903533,21547.37003511681
1979,1.2538,7.0,4.0,0.01168097207859359,1475.8374558521052,114.94126587336541,21132.575711211386
1980,,7.0,4.0,0.011823681489141676,1529.938405305593,4.961958631261043,20772.196147826642
1981,1.6144,7.0,4.0,0.011896070320579112,1538.3073428258535,9.952052448673962,20717.89292608381
1982,1.7373,5.0,4.0,0.0018218976215098243,369.9355061260919,94.95809297559792,40102.71781562186
1983,1.9327,5.0,4.0,0.009340744570837643,321.35281054786736,24.99606791089668,42701.255723934366
1984,1.9304,5.0,4.0,0.00957962771458118,306.5061326216738,4.988019663098827,43672.45756071069
1985,1.6315,5.0,4.0,0.010549638055842813,295.03207674015346,24.96718015647067,44462.889380011264
1986,1.38,8.0,4.0,0.0002675801447776629,716.1366688757312,89.98439933494967,30501.181421931833
1987,1.529,8.0,4.0,0.00016058040330920375,752.5530160167502,34.90873148628835,29828.748851751723
1988,1.6175,8.0,4.0,0.00016209927611168565,775.6900204809837,34.82740160540969,29400.37409589623
1989,1.5017,8.0,4.0,0.0007481902792140642,808.7443279481672,49.89042693910552,28703.94735553937
1990,1.1847,14.0,4.0,0.006042916235780766,1691.9232298422532,70.00906278354309,21582.50161833749
1991,1.2573,14.0,4.0,0.005854705274043434,1681.7742943863234,19.965839153990057,21646.33615092731
1992,1.1781,14.0,4.0,0.005584216649431231,1661.9232216610792,154.99746272960078,21771.992728220343
1993,1.1698,14.0,4.0,0.005469493278179938,1609.803385871072,130.02988335618244,22106.556364569766
1994,1.1746,14.0,4.0,0.005028663855964787,1509.8246232041652,189.8810869625605,22798.02429669986
1995,1.1703,14.0,4.0,0.008101085832471563,1392.0855022004243,149.93845460481964,23667.925979942385
1996,1.1613,14.0,4.0,0.008597983453981387,1252.840461701068,130.06578616840875,24883.845521496092
1997,1.203,14.0,4.0,0.008714839710444676,1112.4308977981452,150.02722987881037,26334.126712909383
1998,1.4555,8.0,4.0,0.010678979864955291,437.54935370026845,80.0215076183624,38202.05754683797
2000,1.3163,8.0,4.0,0.00833583247156153,501.74310765135795,130.02883206248669,35811.4246176127
2001,1.4043,8.0,4.0,0.007295243019648397,571.9606056543817,64.97233184092882,33654.99554358267
2002,1.3524,8.0,4.0,0.00661537893337273,625.3528094325284,65.04313949192385,32261.15452535252
2003,1.5595,8.0,4.0,0.006320398138572906,669.417013819905,44.97383386188315,31234.24435233522
2004,1.543,8.0,4.0,0.006190100230689684,713.3227470812069,59.965439523149946,30303.914407217366
2005,1.5861,8.0,4.0,0.006083128662530163,785.066968759878,114.7753701506225,28951.52853999996
2007,1.7308,4.0,4.0,0.029265188728024822,489.37719784586767,15.028190531518032,34417.09475735674
2008,2.0617,4.0,4.0,0.02820165460186143,490.8055972284103,9.899561512278044,34372.68195674299
2009,1.7176,4.0,4.0,0.02707210679702924,504.73114980905575,49.93058179653453,33920.83310294165
2010,1.6778,4.0,4.0,0.026494312306101348,542.112527081991,49.730249513998395,32786.471458279666
2011,1.7626,4.0,4.0,0.007204963805584283,576.7481723294699,19.988581578311035,31942.92436282174
2012,1.6132,4.0,4.0,0.0010741985522233714,622.3665574329482,69.97258794496935,30960.702858264063
2013,1.584,8.0,4.0,0.005469214859597487,123.07006067323081,60.04499077569132,70073.3969276532
2014,1.5244,8.0,4.0,0.0002282833505687694,156.53849323941452,70.00433423309502,63010.009915932635
2015,1.5826,8.0,4.0,0.0005232678386763186,191.65348417392315,45.00824390336858,57086.82079582796
2016,1.4893,8.0,4.0,0.0005576525336091003,230.8222393534857,50.041869430206155,52233.633613950355
2017,1.5162,8.0,4.0,0.0010375157991497185,268.62105749399916,39.989727615591114,48509.26756533414
2018,1.5522,6.0,4.0,0.006693726301275423,414.43940562116995,54.90398949110781,38316.2789265737
2019,1.5338,6.0,4.0,0.0019312306101344364,400.85611890732207,49.971124592149515,39059.12027478376
2020,1.5718,6.0,4.0,0.002693381592554292,381.4614084691024,30.006508323304573,39958.42655310652
2021,1.4447,6.0,4.0,0.0004636986057126556,352.330296791671,139.95573894652043,41696.093187702965
2022,1.3845,6.0,4.0,0.002452661514178414,453.3332677149176,184.53739527594757,36810.149824585584
2023,1.2536,9.0,4.0,0.0038687256383740363,478.1258040272634,189.84348819949614,37165.10657317155
2025,1.5809,8.0,4.0,0.006420372285418822,647.7924906562906,34.922977138195485,31725.85508865927
2026,1.6984,8.0,4.0,0.006193898655635988,647.7742548443124,4.9805427244125235,31729.315440158935
2027,1.3899,8.0,4.0,0.005566607126069381,648.8879641691545,50.00975276874862,31712.351597203997
2028,1.5681,8.0,4.0,0.005831695966907963,653.0675357882947,39.895390280040054,31611.489647851504
2029,1.401,8.0,4.0,0.0071442605997931756,682.0250687650064,94.93547109776162,30947.457242668042
2030,1.4976,8.0,4.0,0.005410031023784903,715.4493701073609,30.005996749583005,30271.784172652748
2031,1.3484,8.0,4.0,0.00456928645294726,749.2092445411632,85.0037124775036,29626.78544249875
2033,1.7311,2.0,4.0,0.0002508186832126853,591.1169856276397,54.81944502834028,31094.283222286147
2034,1.7047,2.0,4.0,0.0016999095139607033,587.3625550114356,35.0374779567046,31030.359206382862
2035,1.6476,2.0,4.0,0.0014865563598759049,589.3490430739917,24.99680247302424,30991.506110627222
2036,1.7478,2.0,4.0,0.0014602148684361715,596.3143839180733,39.82896377840066,30819.81762151103
2037,1.7897,5.0,4.0,0.0004545183358523587,568.3943250249724,59.923438662888124,32796.92674143156
2038,1.7913,5.0,4.0,0.025470010341261635,565.6622913927865,34.88491414204365,32521.786656422875
2040,1.6301,5.0,4.0,0.024905894519131336,571.35418743418,29.955134032164906,32368.815463576655
2041,1.7137,5.0,4.0,0.0251864012409514,577.4572217619425,40.013768497725906,32204.26627336293
2042,1.5512,5.0,4.0,0.024633700580701617,588.7042032299796,59.95370676404036,31911.280244517853
2043,1.5792,8.0,4.0,0.0007606367262520314,668.1796953319233,29.9993856410032,31438.597770588072
2044,1.4009,8.0,4.0,0.0007347466390899691,694.9688797380849,49.95747429728935,30857.600601691858
2045,1.6714,8.0,4.0,0.000595398138572906,725.5727956432831,35.01292856161717,30246.878946597815
2047,1.5834,7.0,4.0,0.02616300413650466,546.8674214353475,24.918137956328398,33855.00627196574
2048,1.5159,7.0,4.0,0.017207083764219238,570.1780962990052,45.05553504405203,33224.82705618346
2049,1.5189,7.0,4.0,0.017260858324715616,600.3117001669909,34.99041259129582,32418.539053908302
2050,1.723,7.0,4.0,0.017255256807997246,621.7825219632907,25.072651604246765,31879.83413972333
2051,1.6706,7.0,4.0,0.01743614270941055,644.3589046335061,25.00645262140845,31341.348958113806
2052,1.7612,7.0,4.0,0.017985522233712515,667.4807219111912,25.006452359329774,30816.306542257207
2053,1.6216,7.0,4.0,0.017184236039296794,698.8633999479471,74.68754114411068,30152.14079812906
2054,1.3679,2.0,4.0,0.0009791882109617374,629.1408940431957,45.02367973851085,30074.220649604264
2055,1.5379,2.0,4.0,1.0599793174767323e-05,593.3538801516628,25.010240773480987,31300.967946870256
2056,1.5963,2.0,4.0,0.001456566701137539,543.3644909927913,74.9913746281839,32217.41285077635
2057,1.7403,8.0,4.0,0.014009339451913135,357.1710994027791,34.99167435350602,42054.137963329
2058,1.4255,8.0,4.0,0.013906928645294726,313.1685499341234,54.93570300153277,44776.00086728503
2059,1.6313,8.0,4.0,0.015310237849017581,275.29674471172746,25.008822300467475,47602.2605609343
2060,1.5029,8.0,4.0,0.023026628748707343,253.73677604700026,14.963928235969068,49436.18432388393
2061,1.6413,8.0,4.0,0.02387719751809721,222.98644881304423,40.05178918374734,52572.355676621424
2062,1.6566,5.0,4.0,0.005478110996208204,567.0380222413919,39.905887777112305,32617.356528907596
2063,1.4685,5.0,4.0,0.0028549638055842814,573.3554678481426,39.97566974158903,32501.84161261695
2064,1.6245,5.0,4.0,0.002066151758014478,584.5078715860284,35.04000444144346,32232.378067477883
2065,1.7664,7.0,4.0,0.0069145553257497425,472.9826156893297,24.963353217932323,36410.117228823256
2066,1.6662,7.0,4.0,0.0053346949327818,497.612025375424,19.983806889101615,35563.89337692048
2067,1.2749,7.0,4.0,0.005086608066184075,511.0284253572881,5.057521856216299,35120.007252432624
2068,1.5243,7.0,4.0,0.004422090759778576,551.6649749153394,80.02838373406601,33874.286162009645
2069,1.3633,7.0,4.0,0.0028899763628305515,606.1641657817609,30.01765781303994,32422.858965980184
2070,1.5376,7.0,4.0,0.0026672699069286454,633.768035825763,25.03306577530104,31748.372643082075
2072,1.4635,7.0,4.0,0.0004927611168562565,695.5197368018703,79.97394316202634,30508.39746731955
2073,1.5074,8.0,4.0,0.0011003102378490178,650.1208254592447,110.0049543490316,31820.75306755474
2074,1.4819,8.0,4.0,0.0011390899689762153,585.0366855997863,35.0431622616718,33459.235435035545
2075,1.4361,8.0,4.0,0.0012921406411582213,556.5203533127084,29.97335789253472,34254.61804105299
2076,1.5627,8.0,4.0,0.0014524301964839715,530.0500138601979,30.057289434095857,35049.05631655757
2077,1.532,8.0,4.0,0.0013902210444674253,500.4922118161342,34.991592901157944,36025.51471896839
2078,1.4321,8.0,4.0,0.0014232161323681491,460.11585258818087,59.95356761815076,37497.5574747845
2080,,4.0,4.0,0.0015884177869700106,617.0406301925423,9.971402760285773,31055.481793584862
2081,1.3389,4.0,4.0,0.0006814891416752844,622.3815209388584,79.53650273679915,30997.891522332626
2082,1.4202,12.0,4.0,0.014941054808686662,141.9674675590405,94.93980715444619,68512.65497078552
2083,1.4364,12.0,4.0,0.015599534643226474,200.63750425816593,60.032847359963036,58087.78114996522
2084,1.3927,8.0,4.0,0.00020682523267838678,272.9524226872286,159.9441686274474,48347.86381351331
2085,1.5517,8.0,4.0,0.006036711478800414,145.15924053158022,140.0083598818437,64751.74780720265
2086,1.5356,8.0,4.0,0.007869506204756982,112.52684061951678,115.0319124651615,73060.15255754505
2087,1.7134,8.0,4.0,0.00792192347466391,169.57318584962593,59.811731256508246,60081.7887420673
2088,1.5322,7.0,4.0,0.0009762150982419856,504.6903202699033,4.947417266914607,35485.29851750799
2089,1.5874,7.0,4.0,0.0005263702171664944,517.5704646219332,24.917644007753154,35119.137267018006
2090,1.6885,7.0,4.0,0.0005822130299896588,537.7109321760037,29.99053085475651,34476.33551544443
2092,1.7656,7.0,4.0,0.0005219751809720786,559.0027725571091,24.930693916277257,33853.61556154347
2093,1.5633,7.0,4.0,0.001890788890530359,581.0773433418949,29.73955531634929,33120.393128532094
2094,1.568,7.0,4.0,0.00023733195449844886,600.8774856377762,24.734365006841255,32776.04069595004
2095,1.3749,6.0,4.0,0.0038202282464174916,510.37691213447044,64.3537046704982,34746.35075110752
2096,1.7487,6.0,4.0,0.002858893485005171,484.8615996437184,94.35974628359659,35634.09930085195
2097,1.3925,8.0,4.0,0.001514418105162676,568.9217019861999,60.08003340730814,33882.17291326516
2098,1.286,8.0,4.0,0.0015561013443640126,624.6647439849029,79.96778141803227,32402.74346706888
2100,1.5381,8.0,4.0,0.0007567218200620476,682.2425741118476,55.03748133999882,31128.316870679097
2101,1.5044,8.0,4.0,0.0007555087105242225,733.0796348468571,60.00066904319823,30079.69605334439
2102,1.3694,8.0,4.0,0.00020682523267838678,304.5547886529138,154.97451820598678,45886.90961602581
2103,1.3837,8.0,4.0,0.006854082448058663,268.1394102009306,104.97905946291498,48307.288585206494
2104,1.5726,8.0,4.0,0.004243239400206826,281.5943374116038,94.92206544131197,47252.80452800675
2105,1.5784,8.0,4.0,0.004930972078593588,301.13717830263926,59.9061495975655,45746.49320946497
2106,1.4569,6.0,4.0,0.003973735545736581,211.3050801732491,104.9481599714077,52904.62675120482
2107,1.6185,6.0,4.0,0.0018662357807652536,220.7219749199017,44.91588415665269,51920.40641752572
2109,1.6816,6.0,4.0,0.0013494829369183042,238.88912392186097,45.024931886669485,50041.7385585723
2110,1.4667,8.0,4.0,0.0010727372869924914,630.1796417749802,109.95962851783482,32299.190859682014
2111,1.5557,8.0,4.0,0.0017536194415718718,563.2226074164196,29.999681526583483,34031.93842313042
2112,1.3419,8.0,4.0,0.0019066701137538781,533.9815608092578,29.93743787347691,34900.45869545262
2113,1.5544,8.0,4.0,0.0020741985522233714,501.4636091737944,29.937479547549017,35953.886926881816
2114,1.7801,8.0,4.0,0.0026197001034126166,468.9534211537493,35.00245381872736,37098.57072365973
2115,1.564,8.0,4.0,0.003336349534643227,423.5592926084932,60.06210423961396,38919.05429434829
2116,1.5091,3.0,4.0,0.00020682523267838678,729.8184202255281,44.37806772417279,28476.82279918258
2119,1.4835,3.0,4.0,0.0028313669267650654,997.0226601288701,49.909392931315494,24369.948486211197
2120,1.4135,3.0,4.0,0.002299739220358797,951.4134372746988,109.81413463563062,24934.03361108514
2121,,3.0,4.0,0.0007866080661840747,910.4951411455094,44.997758440625226,25535.097384067554
2123,1.4349,5.0,4.0,0.00020682523267838678,491.91542740027757,49.99966747503909,35210.4440820922
2124,1.3819,5.0,4.0,0.000892450879007239,515.2359098288069,70.00189525808692,34307.41161443154
2125,1.6703,5.0,4.0,0.0017179420889348502,529.8043800847948,24.98032952710252,33795.26964279462
2126,1.5614,5.0,4.0,0.013525336091003103,537.2468817128055,34.98838328679861,33387.221388579776
2127,1.5779,5.0,4.0,0.017658479834539817,545.2662587925093,10.005428560950747,33128.6220514663
2128,1.5213,6.0,4.0,0.018795151282650035,1200.8739099814397,149.86397667764294,23007.028184200833
2129,1.3568,8.0,4.0,0.005002736125473975,1088.143337007345,115.00589794151117,24790.66153822992
2130,1.3403,8.0,4.0,0.0015754912099276114,989.498345816682,89.99596893877133,26019.873820155928
2131,1.406,8.0,4.0,0.0015743421808571759,923.241614898762,39.987608278297536,26894.25410996422
2132,1.4118,8.0,4.0,0.000604209755256808,876.5925595696832,55.119843812726394,27637.89785365834
2133,1.4405,8.0,4.0,0.0002556589681718948,831.4610428356258,35.03292354153118,28408.390690206546
2134,1.8677,6.0,4.0,0.004605325749741469,633.8097659416899,44.73864868399708,31320.98357805255
2135,1.3642,6.0,4.0,0.0006463288521199587,618.7567461510794,94.06379050594528,31848.177693334797
2136,1.6497,6.0,4.0,0.0011092635933162794,570.6963525718012,89.61791812378925,33052.54190018203
2137,1.3388,10.0,4.0,0.007608841778697002,1832.9556320764818,19.97819537432837,19782.95253858324
2139,1.3122,10.0,4.0,0.0014887861944157187,1808.5044034455977,74.98858899044268,19996.74112119823
2141,1.3054,10.0,4.0,0.0012195553257497414,1778.5721222980915,119.89865218508267,20167.2321412941
2142,1.5848,10.0,4.0,0.0022991209927611172,1765.4433920782637,15.001494170208048,20204.46471579183
2143,1.7117,10.0,4.0,0.002613495346432265,1760.7123015956136,19.576540831633746,20223.431617146904
2144,1.4527,3.0,4.0,0.0002569803516028956,2603.8907913568455,887.1538890555562,15517.321118512562
2145,1.4678,2.0,4.0,0.0006204756980351604,1869.7147325113579,129.4806343775845,17912.333227460633
2147,1.4752,9.0,4.0,0.012158221302998967,1846.15334833176,39.832360799067445,19454.60602908041
2149,1.4042,9.0,4.0,0.010607270702410309,1871.1687414219616,59.97195869414288,19337.17028439315
2150,1.3106,9.0,4.0,0.0020930885901413307,1891.0305867052427,69.85936043192116,19323.389066561922
2151,1.3748,9.0,4.0,0.0011442605997931748,1892.7662514196295,20.009097607514526,19346.025961153282
2152,1.2452,9.0,4.0,0.0008350568769389866,1896.3866879009724,80.04040461293762,19344.627123486727
2153,1.3377,9.0,4.0,0.000471115786470777,1925.2541834541366,138.97620979385707,19235.06324888477
2154,1.2379,8.0,4.0,0.0462122543950362,3320.210135628568,189.68458761927135,14477.236065162382
2155,1.2236,8.0,4.0,0.043043433298862475,3416.8303508338226,15.051598492601565,14283.252545612411
2156,1.3095,8.0,4.0,0.03382083764219235,3432.704362088479,10.003530093299478,14260.872398593048
2157,1.2119,8.0,4.0,0.032336562442970986,3478.7590636231644,79.96176476221659,14172.221623458803
2159,1.2466,8.0,4.0,0.03066080661840745,3527.521791871277,15.036781796116806,14080.454355340735
2160,1.2529,8.0,4.0,0.02544902619786281,3577.2356420063343,85.00030155189933,13993.741599148816
2161,1.336,8.0,4.0,0.02474224405377456,3625.8531629455406,24.987729198569077,13904.99163699956
2162,1.2754,8.0,4.0,0.024110910031023784,3643.8604966096636,10.041359635306096,13873.135890886948
2163,1.1876,8.0,4.0,0.02225533515088841,3698.1029970205304,104.95265612882525,13778.663788241072
2164,1.1639,8.0,4.0,0.020591027724430003,3852.152767724641,204.95273084465558,13515.895384315158
2166,1.1644,8.0,4.0,0.018748259220958293,4106.088493510965,294.96610317928025,13113.912766547612
2168,1.2073,8.0,4.0,0.018312306101344367,4284.884890765156,60.00159386801955,12850.864267098199
2169,1.2045,8.0,4.0,0.017928264300876285,4361.2271819022635,89.97291250873126,12743.816686340919
2170,1.1801,8.0,4.0,0.01753533264391589,4434.821594173658,54.98993403923719,12643.27437160793
2171,1.2726,8.0,4.0,0.004599368444378786,4531.572640316962,134.91676671696354,12558.504400663598
2172,1.2441,8.0,4.0,0.0037247747082286902,4698.47801027634,204.94279250157845,12350.688357376983
2173,,8.0,4.0,0.001502659181563008,4881.003838444286,234.92440936058688,12157.60636735598
2174,1.2484,4.0,4.0,0.001456566701137539,3166.93128553881,84.40984414008902,14239.996839790605
2175,1.33,4.0,4.0,0.0018691830403309206,3292.0683392566525,159.78265287682072,13969.976808612817
2176,1.7113,4.0,4.0,0.00014828469942898252,3409.2709800708735,104.04286139046353,13831.900866924423
2178,1.3308,4.0,4.0,0.00020682523267838678,3220.4491501399693,204.91922550803994,14200.284857544284
2179,1.8759,4.0,4.0,0.0006204756980351604,3340.0022091503256,35.02583858792822,13914.815891818598
2180,1.4234,3.0,4.0,0.001456566701137539,3418.231106020778,145.02487644571485,13566.09966718378
2181,1.3959,3.0,4.0,0.001658221302998966,3505.4617827217285,169.99413551557234,13399.429757459684
2182,1.4207,3.0,4.0,0.001035160289555326,3619.7569228976704,234.99589322683408,13212.548561023124
2184,1.4582,3.0,4.0,0.0017236297828335059,2950.7187062597336,109.85869656237574,14545.187810336523
2185,1.6166,3.0,4.0,0.0016496897621509825,2881.060413867843,54.9175612616007,14713.558670637332
2186,1.3997,3.0,4.0,0.002957342295760083,2859.572604005808,4.987983738075678,14743.242135854976
2187,1.577,3.0,4.0,0.0032934332988624614,2817.7831341008987,114.87336976727053,14842.852152049687
2188,1.4812,3.0,4.0,0.003648138572905895,2845.000496859516,4.980520012481708,14770.943947175738
2189,1.3101,3.0,4.0,0.008546294381247845,2197.559177299858,144.99269449576985,16668.63542952083
2190,1.2883,3.0,4.0,0.010900982419855224,2291.9268144880434,39.94369225712657,16327.1715095937
2191,1.2417,3.0,4.0,0.0105193898655636,2419.5919993959124,214.97093733186213,15912.049350364383
2192,1.3294,3.0,4.0,0.007521751903732255,2578.296026407001,104.92302510910322,15451.017390836076
2193,1.18,3.0,4.0,0.006995346432264736,2738.0933834095003,209.9268532416309,15017.147950137145
2194,1.1996,3.0,4.0,0.0033684720785935886,2952.2606043460287,215.05595812310517,14515.639434080927
2195,1.2111,3.0,4.0,0.0011795501551189243,3197.7933812233578,334.6225485891404,14012.147576819745
2196,1.3385,3.0,4.0,0.0007784815580834196,3375.818014075229,114.89720948501868,13669.900925316648
2197,1.3468,3.0,4.0,0.00038998145704810473,3478.6912481230106,139.95079844176536,13500.444465236802
2198,1.4679,3.0,4.0,0.0004914684591520165,3511.1160862283323,20.03573298875873,13432.569910687576
2199,1.5356,3.0,4.0,0.000610392967942089,3576.295990788389,194.6469148254032,13307.58175903681
2200,1.6381,3.0,4.0,0.0,2735.838593087591,59.89889426532653,15381.464098637904
2201,1.5611,3.0,4.0,0.0,2793.060939490305,99.66337579133821,15230.378431707766
2202,1.5139,3.0,4.0,0.0,2833.1091260723297,15.025956033983945,15127.330445364667
2203,1.4107,3.0,4.0,0.0,2869.4732100086158,54.73333183553447,15035.608313959867
2204,1.4206,3.0,4.0,0.0,2982.3111700186955,244.64065063764102,14761.590503120122
2205,1.3719,3.0,4.0,0.0,3045.4850476867455,49.827265427992266,14614.770877671055
2206,1.2312,3.0,4.0,0.0,3152.375052867826,344.34046827410896,14376.325945480268
2207,1.2337,3.0,4.0,0.0,3326.7103760473387,169.6396679071007,14012.002304886411
2208,1.2893,3.0,4.0,0.0,3429.151565515632,30.021381714799794,13810.80812549801
2210,1.2817,2.0,4.0,0.004778223026542572,3405.6839237155136,115.00202341478517,13384.489108527303
2211,1.6256,2.0,4.0,0.003519777662874871,3375.3413030716515,14.893210261333563,13452.67802415582
2213,1.8501,2.0,4.0,0.00023535285097885393,3367.5969110675824,133.376551704859,13564.794293548217
2215,1.1909,4.0,4.0,0.001416832392013364,2452.212689720339,124.84915293930314,16088.376291744
2216,1.3062,4.0,4.0,0.002836866597724923,2673.236684224629,394.6128969810294,15411.207473350285
2217,1.259,4.0,4.0,0.0013493766517292888,2920.4222202937826,174.850225337436,14804.051581887648
2220,1.5035,6.0,4.0,0.000840791576572342,1908.2922876484697,50.01593543760245,18600.90637667825
2221,1.5901,6.0,4.0,5.610134436401241e-05,1908.806858376449,44.94892272846496,18733.092039273663
2222,1.6735,6.0,4.0,7.755946225439504e-07,1910.2041081939221,45.0459887396911,18928.484294544003
2223,1.409,8.0,4.0,0.00020682523267838678,1271.1384775529007,30.0530336318956,23215.679673032522
2224,1.6394,8.0,4.0,0.0008273009307135471,1272.815749468672,35.01893192804831,23115.585140230454
2225,1.7056,8.0,4.0,0.003254395036194416,1275.1074308315037,29.98434866622096,23011.675546454917
2226,1.6796,8.0,4.0,0.0036375387797311274,1277.6109879677933,25.003025717408814,22983.34764517116
2227,1.5248,8.0,4.0,0.000749482936918304,1282.8199864137641,60.0217617832331,23035.504354476467
2228,1.5793,8.0,4.0,0.04247132288600748,1293.096883823515,59.97840134949569,22702.605216678974
2229,1.6665,8.0,4.0,0.04178877973112719,1303.0834010370372,30.037524988836665,22620.445906000314
2230,1.7471,8.0,4.0,0.04175310237849018,1309.5150379133136,25.046470343976342,22567.44960811695
2231,1.7118,8.0,4.0,0.04214503619441572,1317.4038824454567,29.984156175383344,22502.34601884607
2232,1.6995,8.0,4.0,0.04203860737676663,1325.7093654138275,24.9679490174238,22435.16027854417
2234,1.6095,9.0,4.0,0.0013303171320234403,1458.6739129000598,54.961345894117805,21896.23043170708
2235,1.4293,9.0,4.0,8.14374353671148e-05,1459.2646128203623,40.02268271584119,22055.471661815194
2236,1.5968,9.0,4.0,4.925025853154085e-05,1460.655815286233,25.02583518777517,22074.999073238545
2237,1.4765,6.0,4.0,0.0004275465356773527,1635.361429390907,34.96589731156448,20057.697295412185
2238,1.6,6.0,4.0,4.4364012409513966e-05,1677.6441126547136,44.983717565082934,19934.94322202635
2239,1.5523,6.0,4.0,0.0017797311271975185,1718.4759590967626,29.99528898044489,19514.83104533443
2240,1.4681,6.0,4.0,0.002409255429162358,1751.8867650347972,29.995246344717234,19320.870676209357
2241,1.6463,6.0,4.0,0.0010105259270202394,1782.987895296545,29.995206542978394,19203.803485672965
2242,1.3273,6.0,4.0,0.000553081225909561,1854.5795555678935,104.97093739998985,18876.93112109859
2243,1.4569,6.0,4.0,0.0003363495346432265,1960.9369825708839,104.95882000214507,18405.934059169816
2244,1.3798,6.0,4.0,0.00013723985263702174,2095.4140631937994,154.35994599769793,17875.492932774097
2245,1.3501,6.0,4.0,1.6122967001974245e-05,2130.7991669127355,50.0268713607928,17834.742699977527
2246,1.4706,8.0,4.0,0.0014565667011375387,1704.1314647513211,65.02735350107297,20082.325585442843
2247,1.5565,8.0,4.0,0.001659772492244054,1707.7544063509852,65.04618516191707,20055.02137402612
2248,1.5757,8.0,4.0,0.00020682523267838678,1594.0293029989414,64.99040659650633,20840.30158365021
2249,1.4849,8.0,4.0,0.0018691830403309206,1596.298688539225,29.98424059074482,20704.425846963408
2250,1.6048,8.0,4.0,0.0005034717092628158,1598.4294836892493,29.9408381948015,20763.66967380418
2251,1.6935,8.0,4.0,0.00012916633521597328,1602.744249469195,59.9591628517395,20812.264071323283
2253,1.5342,8.0,4.0,0.0020884177869700104,1373.5803031261516,55.05317672435481,22235.921475111718
2254,1.6367,8.0,4.0,0.0004115534873032288,1374.025688978501,39.968168198672544,22328.86290472231
2255,1.7011,8.0,4.0,7.238883143743537e-06,1375.4995589114783,20.032644590575707,22558.898436795756
2257,1.5416,8.0,4.0,0.0007370734229576009,2018.6933596316,54.99335845949091,18557.532765245935
2258,1.529,8.0,4.0,1.5511892450879008e-06,2018.392743504332,45.01567085429653,18866.012980909916
2259,1.3927,8.0,4.0,7.755946225439504e-07,2019.578027113253,50.0513855088607,18882.797289519534
2261,1.4155,8.0,4.0,0.0009853154084798347,1802.0070709612785,45.03773459601535,19574.94365910882
2262,1.4322,8.0,4.0,4.912099276111686e-06,1802.3782188288149,44.96081016970087,19851.322314128178
2263,1.7058,8.0,4.0,8.290244743192003e-05,1803.4095673274917,40.04934081214198,19697.104513934904
2264,1.3741,10.0,4.0,0.00020682523267838678,1795.386330281421,29.95613016534084,20172.043724781957
2265,1.3505,10.0,4.0,0.001485780765253361,1784.641629260218,39.924404742374065,20123.910534574195
2266,1.3627,10.0,4.0,0.0018952947259565668,1769.9050555064023,65.005979466822,20190.544361844593
2268,1.5899,6.0,4.0,0.0042335244899877784,1703.548976536563,49.976934813039605,19551.012677648472
2269,1.7344,6.0,4.0,0.0016832701367344596,1703.6687954240365,39.9379466004697,19598.437248285667
2270,1.6366,6.0,4.0,0.00032934045731357006,1704.9590371010568,40.077593448157884,19676.668960679628
2272,1.4431,8.0,4.0,0.0005429162357807653,1617.8287412923942,45.049537871218135,20640.420774481005
2273,1.4524,8.0,4.0,0.00033143743536711483,1618.2493929076772,45.00342205843764,20665.00518361154
2274,1.4808,8.0,4.0,0.0020884177869700104,1619.5884234675327,34.944672620996585,20555.838517220214
2275,1.6028,8.0,4.0,0.007884501034126164,1070.1454172876654,35.00202132861687,24958.35903832202
2276,1.7343,8.0,4.0,0.0012616339193381595,1054.1200695078064,44.975467978957624,25261.567130093492
2277,1.5807,8.0,4.0,0.00014421751120303347,1037.2195122971546,55.061090607236984,25604.48985852867
2280,1.6527,8.0,4.0,0.001812887797311272,935.5980448185487,54.9804850839299,26714.24718776669
2281,1.6016,8.0,4.0,0.0011949586349534645,955.0998733279523,45.00883454328443,26482.109380301426
2282,1.6479,8.0,4.0,0.0005860651499482938,974.2498544029612,44.998066180228676,26282.415734198083
2283,1.5085,7.0,4.0,0.0018256922900149375,1661.3514037910581,85.02549943337503,20071.3853470362
2284,1.4648,7.0,4.0,0.0029495863495346436,1719.2174948652219,29.984127712583824,19721.132964363765
2285,1.4924,7.0,4.0,0.0006902792140641158,1769.5126046781231,64.98135846804941,19527.199369645936
2286,1.3851,7.0,4.0,0.0004819027921406412,1855.3493717101278,105.01405149781652,19109.332849959963
2287,1.3197,7.0,4.0,0.0002862061671523926,1961.8025260489965,104.9913064245311,18633.47842825179
2288,1.3539,7.0,4.0,8.029090418596287e-05,2073.827744524516,110.02642181421278,18208.04619016606
2289,1.3141,8.0,4.0,0.00020682523267838678,1374.251675514763,65.01165210619439,22368.063209249056
2290,1.4854,8.0,4.0,0.00010119663170335352,1376.608213348647,30.01958558893506,22392.38338334896
2291,1.4368,8.0,4.0,0.00010112276554882553,1378.839880789956,30.01956039916994,22375.13690393046
2292,1.5176,8.0,4.0,0.004309979317476733,1383.8834027598064,50.01599536778444,22114.11118117808
2293,1.5657,8.0,4.0,0.004375129265770424,1392.9539064155108,59.98897235736671,22044.44427372178
2294,1.7044,8.0,4.0,0.003514994829369183,1402.3763216724465,29.994448464793454,21986.503169113905
2295,1.6818,8.0,4.0,0.0032943812478455708,1408.3664179901205,24.898095310312737,21945.648339268075
2296,1.7253,8.0,4.0,0.002512926577042399,1417.8424516341593,50.00232384339303,21891.36370856768
2297,1.6868,4.0,4.0,0.0020047151228640373,1355.332008826085,99.96634970830063,21325.99371690822
2298,1.6008,4.0,4.0,0.001456566701137539,1457.0325533139307,105.0144407778742,20620.251156124214
2300,1.5989,9.0,4.0,0.0026638659083074805,1270.1418164098493,55.02542756926859,23346.86910951242
2301,1.44,9.0,4.0,0.0029247098701597153,1271.7133354642522,39.98381399943116,23327.302372832768
2302,1.5353,9.0,4.0,0.0031217683557394006,1272.9356396105431,20.003983521585575,23312.5695174047
2303,1.4071,10.0,4.0,0.00020682523267838678,1282.39407387777,79.94201421566257,23683.02345090689
2304,1.3099,10.0,4.0,0.021063095302890113,1366.7111386630988,90.0348604657186,22693.51697073792
2305,1.4127,10.0,4.0,0.0208248652914603,1456.8574021822697,90.03449794270954,22013.373272845492
2306,1.3824,10.0,4.0,0.01896426298623817,1530.3870533495947,59.99471774064937,21507.873194774253
2307,1.3054,10.0,4.0,0.018144419696126006,1589.5600998144243,60.00963533912043,21124.76677413403
2308,1.393,10.0,4.0,0.018035375732506034,1649.7772707717252,55.03729772944065,20753.832929908087
2309,1.511,10.0,4.0,0.016221001378834886,1690.3664971530718,25.039510928512207,20520.47365326677
2310,1.4617,10.0,4.0,0.014624181316787317,1718.9230415143365,25.039484982997102,20362.81374384459
2311,1.4233,10.0,4.0,0.013344622543950363,1765.6146272165572,60.049856482756304,20109.127951331953
2312,1.4954,10.0,4.0,0.013131223223518984,1812.2011754772955,30.024877365856224,19861.786707978128
2313,1.6321,10.0,4.0,0.013011227655488258,1843.7059401787762,30.02484297449948,19699.694187219124
2314,1.5041,10.0,4.0,0.01121949327817994,1891.2317809501744,59.96359278105105,19469.734056836536
2315,1.4411,10.0,4.0,0.00816804550155119,1955.613675035961,59.99242842097073,19177.60450752993
2316,1.3398,11.0,4.0,0.00012461220268872802,2443.2739009043994,120.04957672711751,17650.84195005377
2318,1.326,11.0,4.0,3.707117485724563e-05,2462.801685681037,104.98828192444124,17640.830352234596
2319,1.5908,2.0,4.0,0.0,1964.5008801269514,44.81962993522678,17797.0599979697
2320,1.2032,2.0,4.0,0.0,2031.909209950756,89.94470223505257,17513.02688046501
2321,1.4193,2.0,4.0,0.0,2115.149440961517,79.77976883987839,17180.913293290083
2322,,2.0,4.0,0.0,2127.959598509488,14.897901801568544,17131.51435728731
2324,1.244,4.0,4.0,0.00011944157187176836,2839.336338168541,590.0331577239087,15101.371421497399
2325,1.3292,10.0,4.0,0.0013753877973112722,1210.0784555606874,479.3943168078244,24225.15516866984
2327,1.7315,2.0,4.0,0.0019607032057911066,1179.715937111953,89.79714406235017,22242.994200452704
2328,1.4474,2.0,4.0,0.0018945191313340232,1240.9525464757164,29.99525780615481,21714.63681672751
2329,1.5647,2.0,4.0,0.0018417786970010342,1269.8398519793782,20.00439709721808,21479.27156854268
2330,1.4646,2.0,4.0,0.0016980351602895556,1322.3231601393302,79.84325915322484,21072.988751092176
2331,1.2649,10.0,4.0,0.02081334022750776,1749.6387269865827,114.96144415103302,20172.58614633725
2333,1.311,10.0,4.0,0.015695054443700954,1792.860124768448,79.95173428532787,19954.195097331656
2334,1.262,10.0,4.0,0.012777691600597496,1820.8683349676323,40.004513680536306,19818.088010934294
2335,1.233,10.0,4.0,0.012064891416752845,1928.7346236725823,205.0318200820062,19284.546428663005
2336,1.1854,10.0,4.0,0.011013646772049048,2059.054782965241,65.0145272281009,18697.093780788644
2337,1.2208,10.0,4.0,0.002173419823885181,2170.6342357682956,160.03280426724788,18311.41826220108
2338,1.2983,10.0,4.0,0.0016731570394445266,2333.688955736302,169.9278363889152,17702.073730215972
2339,1.3006,10.0,4.0,0.00015735953119613928,2445.8071245998335,55.013159712757435,17419.68111549361
2340,1.3677,10.0,4.0,3.464322647362979e-05,2217.926020244333,105.07063342759831,18325.066408966853
2341,1.3411,10.0,4.0,6.580189739669979e-05,2238.331189013625,110.04876695040659,18214.065774838095
2342,1.3688,10.0,4.0,9.824198552223372e-06,1991.0992456204822,105.02650755501081,19357.36640933015
2343,1.3477,10.0,4.0,0.0002050155118924509,2014.1022274181346,109.95052903701549,19096.478279941966
2344,1.2514,14.0,4.0,0.0025597207859358842,1885.711425483514,229.9919571054489,20541.75684837616
2345,1.2952,14.0,4.0,0.0012083764219234748,2051.0346550477425,99.94812115018944,19774.307687424403
2346,1.2992,14.0,4.0,0.0007967942088934852,2162.3695754045584,124.99609957655557,19303.48000029464
2347,1.2436,14.0,4.0,0.0005853154084798346,2338.4995804240543,224.99784093123344,18611.246519453714
2348,1.1598,1.0,4.0,0.0028032574974146845,1718.54666830058,29.849759903809726,18349.620617011686
2349,1.1821,1.0,4.0,0.0024216649431230614,1776.1871496017552,109.47661170339906,18070.247948586224
2350,1.2406,1.0,4.0,0.00034525271458117894,1864.7097095350694,69.94060860077147,17747.801787516975
2351,1.447,8.0,4.0,0.001627197518097208,1674.0329678097391,84.98089363406756,20247.73143151308
2352,1.3597,8.0,4.0,0.0026677869700103417,1685.5258313199931,125.08397621959197,20155.222188576223
2353,1.7727,4.0,4.0,0.00020682523267838678,1703.073340262571,85.02259100133992,19241.43062667746
2354,1.5946,4.0,4.0,0.001456566701137539,1713.847791462635,125.02403452315556,19084.183625712758
2355,1.3061,8.0,4.0,0.00020682523267838678,1727.5680859124648,40.06415255009275,20055.934252608666
2356,1.4325,8.0,4.0,0.0020754912099276114,1728.665740344075,29.959671581637863,19927.09926957442
2357,1.428,8.0,4.0,0.0001990692864529473,1731.9477023203256,84.9136443582549,20033.772797595295
2358,1.3787,8.0,4.0,0.0015468240394558908,1742.8524353870243,125.01389069340324,19865.1318079912
2359,1.3592,6.0,4.0,0.009908479834539815,2129.418687338563,219.7401643499718,17537.774822103926
2360,1.3924,6.0,4.0,0.01874060668734919,1614.0294578846551,70.04214949073852,19981.487033923928
2361,1.7208,6.0,4.0,0.003482574974146846,1615.6541529478036,20.019543662605216,20061.617721018654
2362,1.4472,6.0,4.0,0.00024926133845472006,1618.8122050307152,64.97807657110135,20184.202116492917
2363,1.5996,6.0,4.0,0.001456566701137539,2301.6203854703626,94.97593035870108,16985.844029824082
2364,1.4944,8.0,4.0,0.00020682523267838678,1920.8282014061147,14.977407875668609,19066.970573850336
2365,1.4932,8.0,4.0,0.0018691830403309206,1922.192525876804,30.02217250625537,18949.095115416436
2367,1.7004,8.0,4.0,0.0006893558871325159,1924.1673542442381,30.026384247526174,18990.20035607266
2368,1.6411,8.0,4.0,0.0043486113162948745,1927.0665359124778,29.95920922630299,18883.713634366566
2370,1.3822,8.0,4.0,0.001330855739400207,1934.530998500765,90.0213652702609,18908.463626462893
2371,1.2712,8.0,4.0,0.00020682523267838678,1949.8112360243597,104.9912995734911,18931.28741457437
2373,1.8684,4.0,4.0,5.7135470527404346e-05,1825.3539562230205,79.9381853830185,18679.494926793854
2374,1.5629,4.0,4.0,2.4301964839710446e-05,1834.1009936519552,104.81848156328516,18679.439765298735
2375,1.4275,8.0,4.0,0.0002675801447776629,1793.9332507050221,85.03804817049908,19685.126819356767
2376,1.4518,8.0,4.0,0.0003510858324715616,1801.0441469578495,75.03038326341284,19633.818582650543
2377,1.4546,8.0,4.0,0.00023169126633449283,1809.113940997735,50.045572982261895,19613.70479096629
2378,1.6672,8.0,4.0,0.00020682523267838678,1339.456405628586,89.99133512280126,22643.291074253728
2379,1.5004,8.0,4.0,0.003169032621979882,1402.4374919322809,49.9789115520756,21992.113556241562
2380,1.4134,8.0,4.0,0.002546018614270941,1456.08133185614,69.9535234719998,21614.552546694267
2381,1.7537,8.0,4.0,0.0046215098241985525,1503.0556205813764,34.842471533131636,21255.97343267067
2382,1.5537,8.0,4.0,0.004305067218200621,1536.2785488773084,24.990438468507918,21039.49203664868
2383,1.5157,8.0,4.0,0.0022942088934850054,1583.5518943974694,59.94591540749229,20772.395743430854
2384,1.4821,8.0,4.0,0.011547311271975181,1642.6330425052631,55.0381884109221,20325.036202397278
2385,1.5692,8.0,4.0,0.009027662874870735,1698.9023280117815,55.00852744338158,20014.306129747743
2386,1.4966,8.0,4.0,0.006999701694375944,1759.3525721975677,59.99600418317124,19696.718673963787
2387,1.5595,8.0,4.0,0.006486150096026001,1806.5718463897865,29.942164055629238,19453.464228285673
2388,1.4309,8.0,4.0,0.00525,1838.0900061037073,29.997918955068727,19304.54300866602
2389,1.7001,8.0,4.0,0.0019648397104446744,1870.6644243968765,29.968275386043185,19193.678867118182
2390,1.5188,8.0,4.0,0.0017143226473629784,1895.7745558927231,14.956073370790566,19078.953604782884
2391,1.3634,8.0,4.0,0.00147133531540848,1942.4603900400778,74.9485951191478,18866.573765918565
2392,1.3704,8.0,4.0,0.012502603781947114,2013.8837187981,64.95006985937941,18439.10507406398
2393,1.2824,8.0,4.0,0.002646614597507212,2143.7461939893165,184.93980983888682,17971.903160606525
2394,1.6604,3.0,4.0,0.0012417269906928646,2682.918446414059,84.64971542648856,15233.609568743039
2395,1.57,3.0,4.0,0.000843720033844129,2629.1521119115105,269.249140157562,15397.218049122963
2396,1.551,3.0,4.0,0.0004449023663239857,2491.4928358375573,164.8401147568065,15824.140779469964
2397,1.4237,3.0,4.0,0.002694415718717684,2201.0528600906387,54.809484662318596,16707.296250795243
2398,1.6614,3.0,4.0,0.002313539097923793,2222.0944677842767,59.78262285422385,16638.41764403794
2399,1.7148,3.0,4.0,0.0006204756980351604,2256.5866301906008,188.60600432433574,16574.64419194252
2401,1.4914,3.0,4.0,0.00020682523267838678,2107.0650374043357,89.65342827615139,17175.646335697988
2402,1.4317,3.0,4.0,0.0006204756980351604,2233.3026291938604,204.52335842129148,16656.824805244647
2404,1.2049,10.0,4.0,0.00020682523267838678,1859.9527264568712,29.995470540838852,19835.031670318993
2406,1.2804,10.0,4.0,0.0012086349534643228,1856.3325337796352,24.93591765963627,19760.34456240617
2407,1.3173,10.0,4.0,0.0003701411278058276,1850.4129057366017,79.99505926182492,19852.933663618955
2408,1.2275,10.0,4.0,0.0010910031023784903,1843.183276272527,375.02834279095225,19832.850875036456
2409,1.2229,10.0,4.0,0.003054033092037229,1856.6133447741863,120.05506796979836,19710.19989285986
2410,1.458,15.0,4.0,0.0015325749741468457,1538.6719529677084,55.00173854012397,22939.960130074425
2411,1.3333,15.0,4.0,0.001660031023784902,1589.4406460832151,75.04597729061929,22582.7742808701
2412,1.2207,15.0,4.0,0.0013368665977249226,1738.4495527636902,239.896220513735,21650.563859531623
2413,1.4108,15.0,4.0,0.0016623578076525338,1880.426419686211,39.966975685106874,20842.933365705245
2414,1.399,15.0,4.0,0.00038876680455015515,1919.266824325694,34.95315208184708,20720.744069089484
2415,1.3605,15.0,4.0,2.5853154084798348e-05,1958.3322306524544,35.03843292535661,20671.28078024457
2416,1.4338,8.0,4.0,0.001456566701137539,1174.613005213863,95.01172962928328,23981.659649648394
2417,1.5604,8.0,4.0,0.004789469148569459,1251.159380931901,55.049502940618744,23196.789138639724
2418,1.4577,8.0,4.0,0.0002940980942532132,1329.0794650238327,99.98196857599777,22706.12612635409
2419,1.4271,8.0,4.0,0.004019906928645295,1432.511413787899,104.98533550129129,21756.938440999245
2420,1.6086,8.0,4.0,0.0036920889348500525,1502.930517686574,29.945463461063913,21269.5319277692
2421,1.5534,8.0,4.0,0.003374612202688728,1530.6430497127496,25.017927553957144,21090.06890362597
2422,1.6481,8.0,4.0,0.0004555325749741469,1571.3281230483608,55.074425966122554,20939.259700259496
2423,1.5991,8.0,4.0,0.0004816442605997932,1639.585131372572,79.52727515283098,20515.89931112167
2424,1.8401,4.0,4.0,0.0003971044467425026,1224.9440320996782,89.96100638153563,22476.58400459569
2425,1.639,4.0,4.0,0.0006053946914856946,1322.4043751228508,100.02012035791967,21646.50469774297
2426,1.7013,4.0,4.0,0.00028619441571871773,1417.4125727302064,85.04884491055584,20983.863679654263
2427,1.374,7.0,4.0,0.0004590945650924969,1877.7317050250895,39.94698280522924,19002.825194496607
2428,1.3979,7.0,4.0,0.00023261375387797313,1919.2647303703654,34.97941089096379,18839.687039850625
2429,1.3699,7.0,4.0,1.8303117936140423e-06,1961.9889990053387,552.0033152094366,18885.034475466473
2430,1.4687,8.0,4.0,0.06241416752843848,1170.113413341838,105.05182531659294,23786.351554625773
2431,1.5639,8.0,4.0,0.05464529472595657,1255.138410979794,64.97892226709396,23012.009679664105
2432,1.4829,8.0,4.0,0.013790072388831436,1337.2883155649688,99.9713011893549,22408.73860565576
2433,1.4168,8.0,4.0,0.005531130763470385,1454.805100817434,135.040041812263,21578.957889717192
2434,1.3923,8.0,4.0,0.005104963805584282,1536.0371302308827,25.057316872008855,21031.521134426588
2435,1.4415,8.0,4.0,0.004670803171320234,1576.6960919729815,54.99690476603928,20776.04384959379
2436,1.628,8.0,4.0,0.004641675284384695,1618.5872366489418,24.85599792729004,20518.211407686904
2437,1.5213,8.0,4.0,0.00020682523267838678,1171.180672373574,69.96796706418698,24140.317377091735
2438,1.5135,8.0,4.0,0.0018691830403309206,1238.5141118862882,65.02669587038653,23367.91346568293
2439,1.4373,8.0,4.0,0.0004927857389077658,1323.9122308022745,99.97891212193825,22717.094153613172
2440,1.5611,12.0,4.0,0.001847207859358842,1467.7293948358315,55.001187789282355,22616.750302642868
2441,1.4429,12.0,4.0,0.0004469004940825003,1519.1957393558478,84.83713189513234,22332.327152252543
2442,1.3679,12.0,4.0,0.00022116198176177495,1588.4463049664828,49.93798253729175,21903.628981331043
2443,1.4612,8.0,4.0,0.00020682523267838678,1216.166956894302,99.91493100691487,23710.299437645648
2444,1.4495,8.0,4.0,0.0036419338159255433,1320.9845486221518,99.97123081478233,22620.27008161333
2445,1.5493,8.0,4.0,0.00013521199586349536,1415.9977122453413,85.06340508777882,22076.10856178665
2446,1.4236,8.0,4.0,5.17063081695967e-07,1886.4142181261702,495.0126069107286,19507.102141647334
2447,1.3931,8.0,4.0,0.0,1924.6815128015917,505.024735314612,19321.179534041443
2448,1.5548,3.0,4.0,0.0061719613085479364,1673.1570539818356,199.7073347494421,18999.365232179895
2449,1.331,1.0,4.0,0.0034149431230610133,2315.61440007957,413.47006167479316,15908.986808569465
2450,1.3952,1.0,4.0,0.003306359875904861,2232.672888852128,159.34606368248237,16189.51997385238
2451,1.7942,2.0,4.0,0.00020682523267838678,2141.7032626313526,24.992543221370457,16838.193681171873
2452,1.3699,2.0,4.0,0.0006204756980351604,2169.9108647433964,253.85787439468874,16684.56893854072
2453,1.4709,2.0,4.0,0.001034126163391934,2191.667918870478,193.29569011701082,16582.804180519975
2455,1.3705,3.0,4.0,8.071420156297044e-05,2524.0827825465885,389.5381734973889,15798.033434041545
2456,1.7269,3.0,4.0,0.0016706308169596692,2368.761120123352,114.09036454683941,16152.934608810034
2457,1.4057,3.0,4.0,0.0,2001.144621330442,189.89434307456384,17855.070708163024
2458,1.3021,3.0,4.0,0.0,2397.2221617016107,189.8232238551957,16381.784004577052
2459,1.4871,3.0,4.0,0.0,2510.3854418365927,184.48385613490737,16025.389350848938
2460,1.3948,2.0,4.0,0.00020682523267838678,2403.3639402993686,109.71966207118624,15937.623237471462
2461,1.5048,2.0,4.0,0.00032303516028955534,2427.2779889575336,114.8634554397386,15843.726112328968
2462,1.3787,2.0,4.0,0.0016636504653567738,2542.1715589259816,299.70466739450353,15430.628890810878
2463,1.1729,2.0,4.0,0.0002068252326783868,2520.9136404438245,200.0288510213069,15578.804932091636
2464,1.3299,4.0,4.0,0.00020682523267838678,2736.939787706433,314.52292443981605,15345.749196491084
2465,1.3455,4.0,4.0,0.005283239769537598,2650.793090133488,64.92759704993726,15447.68874422749
2466,1.2262,4.0,4.0,0.004952430196483971,2848.6489604256417,539.0708647895264,14928.976660492881
2467,1.4804,4.0,4.0,0.0033128231644260603,2981.879427972604,49.5141395609813,14622.741047396335
2468,1.401,4.0,4.0,0.0017580416916126926,2913.106925846312,89.85162824154935,14811.328181826926
2469,1.2786,4.0,4.0,3.154084798345398e-05,2721.5098040435337,324.73266838564615,15464.436456935919
2470,1.4367,4.0,4.0,0.000234746639089969,2488.1825903152476,174.87766951426667,16053.720769526608
2471,1.758,4.0,4.0,0.0027088934850051706,2400.724349497891,24.966919958527697,16223.97588692629
2472,1.6199,4.0,4.0,0.0031184074457083766,2373.732110858892,30.00131143338793,16305.57605452297
2473,1.7459,4.0,4.0,0.003527921406411582,2333.004729265278,64.89153955168256,16435.298185014923
2475,1.4447,3.0,4.0,0.006800930713547052,2589.7077810344967,109.6328619904825,15422.64925503515
2476,1.593,3.0,4.0,0.0072063081695966915,2478.7382071373113,129.7228997207753,15745.701870289931
2477,1.5202,3.0,4.0,0.007615822130299897,2323.525801399091,247.7713040949791,16236.4079479055
2478,1.4515,2.0,4.0,0.0,1882.509198183338,69.61675877000991,18162.57687450804
2479,1.434,2.0,4.0,0.0,1880.3077225721468,24.984219891780697,18172.71422175254
2480,1.3082,3.0,4.0,0.00020682523267838678,2038.7834495369218,399.564207835766,17447.592583359714
2481,1.3662,3.0,4.0,0.0006204756980351604,2125.6179197336714,19.978308096148787,17054.023576830765
2482,1.1935,3.0,4.0,0.00921406411582213,2109.5660279925705,219.9266926438702,16993.238789708943
2483,1.2767,11.0,4.0,0.008971044467425027,1672.2081604680952,164.85515671790486,20909.803286298375
2484,1.1975,11.0,4.0,0.008700013488602132,1736.799897765465,109.94135494143326,20536.976511955414
2485,1.2823,11.0,4.0,0.008772233712512928,1752.8531487522944,40.02474358105953,20446.619488546745
2486,1.2081,11.0,4.0,0.008537910125035254,1755.375197475229,49.94582803212924,20434.078850316746
2487,1.2353,11.0,4.0,0.008625129265770425,1766.023592575742,59.95949381073342,20374.680370249494
2488,1.215,11.0,4.0,0.009232419855222338,1744.4368642482038,114.81449934988285,20490.811381903535
2489,1.2123,11.0,4.0,0.009359617373319546,1742.6890356877045,54.84184513587946,20499.861906986527
2490,1.2244,11.0,4.0,0.009491985522233713,1731.1931724650647,40.031268914173246,20563.894933029023
2491,1.1696,11.0,4.0,0.009724663908996898,1723.824499298445,19.98972483603467,20604.436810280455
2492,1.2876,4.0,4.0,0.00020682523267838678,1451.6921790655679,154.85454592941306,20764.051836122315
2493,1.2845,4.0,4.0,0.0006204756980351604,1564.4292971649463,94.88728891097196,19978.008740492765
2494,1.5107,4.0,4.0,0.001034126163391934,1642.1913121787318,59.99166415439821,19494.624654152976
2495,1.6394,4.0,4.0,0.0014477766287487074,1678.6514512022452,5.004394939160827,19274.270744789537
2496,1.3828,4.0,4.0,0.0018614270941054811,1746.9063304769065,139.9590418135412,18898.75485265365
2498,1.494,10.0,4.0,0.003208117890382627,985.6946289351865,19.90421568625728,26653.964534312076
2499,1.2805,10.0,4.0,0.002818252326783868,1084.1474358066282,184.70987783127526,25479.75594899458
2500,1.478,10.0,4.0,0.002473888314374354,1177.5250585701579,104.841294597028,24503.901934637615
2501,1.5723,10.0,4.0,0.0026714064115822135,1175.388317273248,14.984927097634579,24520.117432760024
2502,1.3998,10.0,4.0,0.0008177352637021717,1177.6257359024567,105.01054890912137,24575.249324512686
2503,1.3384,3.0,4.0,0.00020682523267838678,2138.028159342483,224.7916119238104,17056.578778303938
2504,1.3612,3.0,4.0,0.008555724099360531,1914.0609539362863,484.33297052494646,17803.41813548207
2505,1.2164,5.0,4.0,0.00020682523267838678,1801.7286147832283,25.01511705838104,18959.0204145366
2506,1.3848,5.0,4.0,0.0006204756980351604,1835.7697777189817,79.9616089576172,18735.65401559596
2507,1.5096,5.0,4.0,0.0010156596247599351,1918.4638388537317,274.61460608940865,18322.04198338939
2508,1.4128,5.0,4.0,0.0016546018614270943,2093.862808948546,124.97035739002409,17550.566639574172
2509,1.3306,5.0,4.0,0.02298862461220269,2164.8220202978364,44.973380374371835,17153.211095195948
2511,1.2896,5.0,4.0,0.012889962512926578,2230.3905763345815,74.77536082982073,16936.943730980667
2512,1.3225,5.0,4.0,0.01191675284384695,2279.4524990337095,254.75994855434644,16765.621403012174
2513,1.4856,5.0,4.0,0.010160062047569805,2323.8605933721615,119.53215598287883,16619.127413315375
2514,1.4015,5.0,4.0,0.009730351602895555,2338.321597515621,34.99264745768822,16571.943618908026
2515,1.4724,5.0,4.0,0.00896277145811789,2324.3085358025646,129.9290050455554,16623.150035427207
2516,1.6057,5.0,4.0,0.005514779386418477,2306.4477199725616,54.92976311794304,16706.005115768865
2517,1.4341,5.0,4.0,0.0018614270941054811,2320.8413530954767,169.81515566412776,16704.765987200677
2518,1.3452,5.0,4.0,0.0010395333590175126,2360.4945379253045,759.5167303252755,16596.085430521503
2519,1.4663,5.0,4.0,0.00020682523267838678,2436.2257893508718,189.60166305604128,16418.490897786844
2521,1.7849,3.0,4.0,0.0,1872.8198012629239,264.38783989318773,18428.369624603904
2523,1.6973,3.0,4.0,0.0003683532374820696,1628.7977749496822,303.97271476259755,19389.387621674763
2525,1.1864,4.0,4.0,0.0004407962771458118,1618.46767626273,84.91235818072228,19675.003348936192
2526,1.182,4.0,4.0,7.574974146845916e-05,1691.390307337279,59.893108236341206,19356.405469895755
2528,1.4825,4.0,4.0,0.011875904860392968,1790.3552367456098,134.80679155832334,18586.680036853166
2530,1.4784,4.0,4.0,0.003075557217980594,1950.5289653088043,229.67564987919275,17906.83400594267
2531,1.3633,4.0,4.0,0.002512363890747613,2102.988399734578,79.91899965862476,17284.892752816904
2532,1.8052,4.0,4.0,0.0018614270941054811,2168.2170072986105,64.88051952454525,17048.55278277801
2533,1.6163,4.0,4.0,0.0006721820062047571,2248.7325447883272,114.88487962790188,16800.199803348045
2534,1.8348,4.0,4.0,0.00041365046535677357,2303.7851577929837,4.997507490434981,16629.030612474715
2535,1.2172,3.0,4.0,0.00020682523267838678,1557.4661065023972,39.88600981164271,19838.370021316485
2536,1.2974,3.0,4.0,0.0006204756980351604,1496.9931793342018,124.74132885638568,20157.50564622126
2537,1.5736,3.0,4.0,0.0022817993795243023,1422.9187213092619,19.886723334087332,20579.77181724108
2538,1.4157,3.0,4.0,0.002694415718717684,1387.427430643883,79.87981171116922,20819.937372813038
2539,1.4224,3.0,4.0,0.006008790072388832,1335.6251078804453,19.91680474520399,21155.937481418052
2540,1.3418,3.0,4.0,0.006624612202688729,1304.4495357518283,39.93648684118665,21389.998873937657
2541,1.4368,3.0,4.0,0.007035160289555326,1235.8129144386508,115.00411489674077,21944.990280258902
2542,1.7877,3.0,4.0,0.006146639089968977,1165.7362921533945,19.95418666173932,22572.580781861405
2543,1.4352,3.0,4.0,0.006094105480868667,1087.9770049626816,139.91313294279837,23328.554166342914
2544,1.3064,2.0,4.0,0.0002068252326783868,2808.278371062113,124.79785434084062,14797.13704504766
2545,1.3943,2.0,4.0,0.0018691830403309206,2654.455894167167,299.7420933642513,15111.161149446518
2546,1.5938,2.0,4.0,0.0022817993795243023,2442.0809645700315,169.60990236789436,15715.81806568664
2547,1.558,3.0,4.0,1.1871768355739402e-05,2543.75961116134,119.67870141374007,15820.193061810707
2548,1.4119,3.0,4.0,0.0004110651499482937,2436.713408715918,302.91112876795086,15996.163934448983
2550,1.2053,6.0,4.0,0.001456566701137539,1635.4038310157982,334.82503683539534,19992.078204517344
2551,1.2457,6.0,4.0,0.00047414684591520176,1485.1135766905231,354.67049227894205,20995.205740058096
2552,1.4562,10.0,4.0,0.0002068252326783868,1141.2667302877387,59.975336892198484,25037.03283482241
2553,1.5307,10.0,4.0,0.000722440537745605,1197.6313371249266,45.033818546587206,24386.67375461889
2554,1.4517,10.0,4.0,0.0005581695966907963,1260.7312676258393,75.02780083300934,23813.1676616198
2555,1.4262,10.0,4.0,0.00206356182597134,1348.8117215818118,100.04314205824836,22978.35791991006
2556,1.4047,10.0,4.0,0.0009080784303053394,1490.1564584313423,184.87633308721576,21959.855070875266
2557,1.3203,4.0,4.0,0.00020682523267838678,3558.508775913505,29.98166773240277,13540.17341176644
2558,1.3861,4.0,4.0,0.0006204756980351604,3612.203878487753,104.95208251959849,13404.540046848433
2559,1.4885,4.0,4.0,0.0008360910031023786,3672.406928708294,34.9933284532316,13288.738657751217
2560,1.473,4.0,4.0,4.659157606417173e-05,3765.03222114923,179.5328006831739,13233.192622037597
2562,1.1874,12.0,4.0,0.00020682523267838678,3720.2271462969097,314.93344209922816,14599.769549770706
2563,1.2103,12.0,4.0,0.00042761116856256467,3881.517914060888,80.00386321349222,14279.607438054085
2565,1.3479,3.0,4.0,0.0002685370973467718,3302.691264339725,324.0197991667245,13852.619586506255
2567,1.2028,7.0,4.0,0.00020682523267838678,4592.543407116275,309.7898425309731,12431.310824478609
2568,1.3779,3.0,4.0,0.005753447087211307,3521.321619610963,25.00002295673118,13326.390679591834
2569,1.5422,3.0,4.0,0.0002564632885211996,3529.0364291685787,109.28764594124002,13423.231124501088
2570,1.6986,3.0,4.0,0.002732419855222337,3504.7224264600204,49.558001153158955,13382.964756652313
2571,1.6787,3.0,4.0,0.0024819027921406415,3507.6600096047027,69.80633159606161,13381.045395563884
2572,1.3214,3.0,4.0,0.0022960924804254694,3520.7559751756503,65.01592283434569,13360.05591039569
2573,1.3681,3.0,4.0,0.0018691830403309206,3522.0362363259796,30.009655335779893,13365.059834490492
2574,1.352,3.0,4.0,0.00020682523267838678,3531.0200936771575,169.80551551765086,13427.324778410635
2575,1.8228,3.0,4.0,0.0008854705274043434,3642.518143417995,14.862273412099075,13178.593949212844
2576,1.8951,3.0,4.0,0.0005433471216821786,3642.8342939542467,24.975777613759803,13195.199615060505
2577,1.4097,3.0,4.0,6.437435367114789e-05,3632.4646026751325,169.96010609920438,13288.423307300965
2578,,3.0,4.0,0.0004676835573940021,3644.8045923108225,45.0021862211626,13197.067085929808
2579,1.8172,3.0,4.0,0.0034779214064115825,3648.0224593918824,19.917201208944597,13121.213855207983
2580,1.3005,3.0,4.0,0.0014565667011375392,3658.9882525113003,109.72174162569924,13132.853129638866
2581,1.3508,4.0,4.0,0.00020682523267838678,4512.157333253127,44.7445078967333,12090.709610407654
2582,1.2515,4.0,4.0,0.0006204756980351604,4554.254332429858,44.980377799891684,12002.118004983751
2583,1.5063,4.0,4.0,0.0022817993795243023,4587.704016972979,24.980288022506667,11918.899812072681
2584,1.6492,4.0,4.0,0.002694415718717684,4614.814912558685,34.94695389455519,11880.197811306645
2585,1.5265,4.0,4.0,0.00476421923474664,4637.938927099253,14.998650745957686,11833.938370620219
2586,1.7546,4.0,4.0,0.005175801447776629,4664.548679344615,44.77089533732635,11799.093576966472
2588,1.8748,4.0,4.0,0.007240434332988624,4691.890942117051,29.843636809922245,11755.739848184887
2589,1.8,4.0,4.0,0.0024937952430196487,4710.5298239683225,9.515044438900402,11766.89008099877
2590,1.3987,4.0,4.0,0.001675284384694933,4728.677133010775,29.556787590722546,11757.784893906473
2592,1.4011,10.0,4.0,0.01107774195510676,3448.113637423121,79.64491883050857,14621.467055764631
2593,1.3752,10.0,4.0,0.008337195637867821,3480.696131561495,50.0291957248413,14567.059827978066
2594,1.2804,10.0,4.0,0.007678128231644261,3506.6602401043956,24.83265470565155,14518.710182971983
2595,1.2895,10.0,4.0,0.0038921169424336443,3549.8282622810148,114.6059028988738,14460.389175408582
2596,1.233,10.0,4.0,0.0035354736611199903,3642.7629549041585,159.64716517510877,14286.93339965002
2597,1.3787,10.0,4.0,0.0006204756980351604,3641.037759858548,69.93045124239667,14356.540046589504
2598,1.3803,10.0,4.0,0.00020682523267838678,3571.973457696105,299.55884075334745,14530.699810615579
2599,1.6977,2.0,4.0,0.00020682523267838678,4706.4093454165895,80.00105859733341,11567.541999934701
2600,1.3748,2.0,4.0,0.0018691830403309206,4772.043360387654,74.48455123259163,11424.224335941628
2602,1.4752,3.0,4.0,0.0014477766287487074,3670.966506967514,174.70457585753329,13112.612400051441
2603,1.3272,3.0,4.0,0.0009881650005745144,3698.966554444638,34.93871486900269,13078.481884390347
2604,1.3455,3.0,4.0,0.0006204756980351604,3875.0818558866968,519.8085339258653,12807.450884376347
2605,1.3645,3.0,4.0,0.00021526707891015768,4176.945752640206,234.71348137467277,12392.297920719004
2606,1.2498,3.0,4.0,0.0,3265.236385279664,264.9735072035096,14137.186116923369
2607,1.1846,4.0,4.0,0.0002068252326783868,3049.8736978252186,514.9884828774273,14573.623661047051
2608,1.6705,3.0,4.0,0.005328593588417787,3586.5571432030933,149.5128098608167,13212.946482359306
2609,1.6312,3.0,4.0,0.00491804550155119,3611.1339444322193,99.77142617252652,13172.80020773016
2610,1.4296,3.0,4.0,0.0016253877973112722,3511.9252612946075,74.84428127398364,13388.377303797164
2611,1.6431,3.0,4.0,0.0008667528438469494,3511.566840088184,69.84648224368297,13411.467630301255
2612,1.3542,3.0,4.0,0.000406153050672182,3535.6373216959078,143.77037493488612,13394.863987006913
2613,1.305,10.0,4.0,0.013180455015511894,4470.51756116271,40.01998148413366,12912.518791002809
2614,1.1552,10.0,4.0,0.012779375646328854,4525.743435733564,314.456786300975,12838.196209265441
2615,1.2061,10.0,4.0,0.01243519476042744,4682.836049338433,24.768286809939198,12631.907106086717
2616,1.175,10.0,4.0,0.0025170953981385733,4717.043201199252,74.95713596676413,12641.808995297399
2617,1.1676,10.0,4.0,8.094387515276864e-05,4789.6859127674425,159.96110401227196,12665.421012523595
2618,1.2781,10.0,4.0,0.0020749741468459155,4811.651699727916,79.91578307559188,12529.103576943073
2619,1.4906,4.0,4.0,0.00020682523267838678,3699.414138067887,194.89401516015405,13291.743502149513
2620,1.3873,4.0,4.0,0.0006204756980351604,3836.3669972452644,80.01672163761462,13025.15557544555
2622,1.2175,3.0,4.0,0.016135535160289555,2980.3056226084236,14.973323919231781,14390.178661024705
2623,1.4142,3.0,4.0,0.0014477766287487074,3084.9808998330136,213.9591699331671,14246.422069389404
2624,1.5639,3.0,4.0,0.0010444674250258531,3207.908959914552,194.42216651876097,13995.592677163395
2625,1.6652,3.0,4.0,0.0006795686216575566,3237.1255149833414,29.89093296558066,13951.174192923429
2626,1.2456,3.0,4.0,0.00021408225838640037,3278.189444707377,274.6662425808161,13910.289816413031
2627,1.4748,3.0,4.0,0.002111297828335057,3338.275392627668,65.06307540068201,13706.527859166103
2628,1.4211,3.0,4.0,0.00020682523267838678,3261.5329600101522,223.04494892032199,13945.401469122686
2629,1.2303,10.0,4.0,0.006165891072044123,3033.560918232416,129.89239101296204,15566.681423958658
2630,1.1733,10.0,4.0,0.003875577387107894,2998.496384451997,69.91940022330499,15672.593943919881
2631,1.2435,10.0,4.0,0.003299416457379229,3004.4994129200313,30.030803323016922,15664.366577341725
2632,1.185,10.0,4.0,0.0017064961925354896,3013.655280626814,49.938174714688316,15669.143295821317
2633,1.2415,10.0,4.0,0.0012812823164426062,3017.4726448358415,24.968273035247808,15671.643875124528
2634,1.1983,10.0,4.0,0.0011971733884867288,3019.7733825067908,9.915490324003356,15668.782041270979
2635,1.2958,10.0,4.0,0.001035160289555326,3025.6304573980883,34.93586551448335,15660.37382670232
2636,1.1824,10.0,4.0,0.0009307135470527406,3041.9199602856024,90.03202501537595,15624.752396958447
2637,1.3032,4.0,4.0,0.012553516028955531,3589.3162476869065,74.68596880018008,13337.979061369884
2638,1.3189,4.0,4.0,0.012959927611168565,3569.492438052597,24.999218715282097,13372.116814095318
2639,1.3087,4.0,4.0,0.013170630816959671,3546.0718912285774,64.95067772256925,13413.583911320799
2640,1.3015,4.0,4.0,0.013577042399172701,3493.1529546428806,125.02757316113312,13509.011519357937
2641,1.3415,5.0,4.0,1.2926577042399174e-05,3562.381363735007,274.40015867603154,13798.96641433803
2642,1.1695,9.0,4.0,0.011862400389318087,4337.720881969909,164.80616001821414,12946.04762741843
2643,1.198,9.0,4.0,0.010194768261727931,4407.0819181187735,105.01098827427737,12853.667508172566
2644,1.1955,9.0,4.0,0.009728249629063443,4453.721851182123,109.93369194933206,12790.897847863338
2645,1.4098,9.0,4.0,0.0049126163391933824,4488.133351389299,15.0404698699522,12767.247344560743
2646,1.34,9.0,4.0,0.0029007238883143748,4505.5533544629025,39.97860594355311,12761.577627366105
2647,1.241,9.0,4.0,0.002570630816959669,4527.522258189609,19.99485392695179,12736.108254300147
2648,1.2453,9.0,4.0,0.0019716764334137657,4572.916616627648,85.07508818252998,12684.619722744244
2649,1.1617,9.0,4.0,0.0003106400091922326,4641.378648942615,79.61862420883755,12657.191549553248
2651,1.6575,2.0,4.0,0.0007891636112939113,3477.1348711806068,158.74971213007768,13316.335468452598
2653,1.1811,6.0,4.0,0.00020682523267838678,3356.1595502611854,164.64477684826178,14263.634321625465
2655,1.1881,6.0,4.0,0.005364012409513961,3492.6584026253827,90.00067364307786,13874.217495123714
2657,1.2376,6.0,4.0,0.009070837642192348,3582.559972355541,74.84245515643792,13687.922588628773
2658,1.1548,6.0,4.0,0.0003810146602591399,3676.3629452754585,164.9533003042635,13634.878155175391
2660,1.2298,2.0,4.0,0.00020682523267838678,4294.087140401838,39.8809418835316,12084.516308244889
2661,1.158,2.0,4.0,0.0018691830403309206,4316.866443201639,64.66473854289535,11983.602046273474
2662,,2.0,4.0,0.0022817993795243023,4355.622262075468,14.844381784505895,11926.298632232318
2663,1.1648,2.0,4.0,0.0029007238883143748,4387.033960853843,158.8905111103225,11877.9064956401
2667,1.2527,8.0,4.0,0.00020682523267838678,3126.960642827949,194.69897400832355,15113.36041809853
2668,1.3172,8.0,4.0,0.0018691830403309206,3132.3576028398384,104.86725850691815,15012.662831286134
2670,1.4646,8.0,4.0,0.0032298345398138577,3166.058513497242,15.0593373595797,14914.505681047218
2671,1.2891,8.0,4.0,0.0029588934850051708,3176.9233093074404,40.04342385154554,14893.63568331742
2672,1.2673,8.0,4.0,0.0032608583247156152,3186.25624351329,25.031484415569345,14868.967803004307
2673,1.3322,8.0,4.0,0.00356799379524302,3198.4271709535483,49.92801846538441,14838.402029989109
2674,1.3135,8.0,4.0,0.006238078823394232,3228.7483997151257,39.99951292936494,14749.826040980159
2675,1.2329,8.0,4.0,0.002782503159829944,3276.608650044483,84.9539999441007,14678.217779166374
2676,1.3257,8.0,4.0,0.002515622691682671,3346.355512177711,64.93063036950164,14535.428241322423
2678,1.1862,8.0,4.0,0.013413273440193038,3437.6871449525943,114.89131382903628,14286.15567860123
2679,1.1708,8.0,4.0,0.01169648397104447,3555.7831870667246,124.93944891460387,14063.02341422348
2680,1.2276,8.0,4.0,0.011314891416752845,3625.0543209786165,54.937274357831456,13935.459693526393
2681,1.1742,8.0,4.0,0.008124893412434914,3779.045477807013,279.95144001840515,13673.779263007968
2682,1.1764,8.0,4.0,0.007095656670113755,3925.272717842629,14.993554779247175,13433.303433604304
2683,1.3327,4.0,4.0,0.0011205503849247387,2963.138163482294,219.6809537464111,14709.17406731452
2684,1.3553,4.0,4.0,0.0006345225784212342,3015.2363431620943,55.008333932692175,14609.53720131611
2685,1.2603,4.0,4.0,0.00020682523267838678,3283.05757244361,803.2345098978628,14070.498743514645
2686,1.1691,7.0,4.0,0.007831437435367116,2952.876651047294,44.90216511785572,15197.778038414917
2687,1.2168,7.0,4.0,0.007430196483971046,2990.5525204346304,84.99574190306338,15108.287915292703
2688,1.1899,7.0,4.0,0.005910684156098624,3045.9328504022037,89.8455915732158,14985.795356680024
2689,1.169,7.0,4.0,0.002663024985822464,2953.471382291504,304.81259332059847,15240.037037388476
2690,1.1748,7.0,4.0,0.0024306876938986555,2982.275099421157,194.97429207950378,15173.356321802043
2691,1.2209,7.0,4.0,0.002274043433298863,2996.0741670880034,114.90958711465974,15142.67703597139
2692,1.1759,7.0,4.0,0.0011362461220268873,2845.7123727282037,529.5590333055694,15547.78727783519
2693,1.1656,7.0,4.0,0.003724922440537746,2882.4796930097364,114.98557804258975,15404.112104149914
2694,1.4136,10.0,4.0,0.0055982419855222345,2600.221477731296,109.96048868814846,16758.30839624115
2695,1.5386,10.0,4.0,0.0035294725956566703,2615.5738561263415,60.02980062163625,16731.873046286975
2696,1.3617,10.0,4.0,0.00197295113753878,2633.708694034046,75.05581722470727,16702.686284801246
2699,1.5058,3.0,4.0,0.0020331257587338698,2909.88257027475,109.83909173792898,14635.732874526513
2700,1.5165,3.0,4.0,0.0011168562564632886,2873.483879803751,19.70729198937503,14747.358286808594
2701,1.4704,3.0,4.0,0.0007583591864874182,2868.18402866071,10.032869644512152,14775.572135645562
2702,1.5685,3.0,4.0,0.00022750775594622546,2867.045496096514,88.81200177325151,14825.832069784685
2703,1.6806,5.0,4.0,0.00020682523267838678,3269.577851807367,34.66181045168749,14269.287948844856
2704,1.6227,5.0,4.0,0.0018691830403309204,3195.1250638684005,213.80907899520932,14342.557283252598
2706,1.4527,4.0,4.0,0.001034126163391934,3604.0818316296118,273.3245531596829,13400.693397762967
2707,1.5926,4.0,4.0,0.0006204756980351604,3674.916413028812,239.29102293040256,13294.966735151485
2708,1.3537,4.0,4.0,0.00020682523267838678,3615.1965524344478,39.92907544453803,13438.509114725928
2709,1.2777,4.0,4.0,0.00026680455015511893,3088.2909190866876,59.97528314520417,14477.068304465134
2710,1.6568,4.0,4.0,0.0052011375387797315,3054.9571024926677,19.966483488341233,14437.527226084605
2711,1.6021,4.0,4.0,0.00560651499482937,2994.8536695654248,99.97851907792737,14572.065489565686
2712,1.482,4.0,4.0,0.007246122026887281,2933.2048263824445,14.997286905498319,14707.268325247009
2713,1.6307,4.0,4.0,0.007504136504653569,2910.0013178119207,29.936837461077015,14761.699184376785
2715,1.348,3.0,4.0,0.00020682523267838678,3072.281155024155,214.10148014117155,14348.642277288387
2716,1.4253,4.0,4.0,0.0031070320579110653,3056.105222662739,40.028810766594034,14454.760570544768
2717,1.6396,4.0,4.0,0.002694415718717684,3081.8195421916175,49.820602578929076,14402.584882814464
2718,1.4857,4.0,4.0,0.0006204756980351604,3131.560348073128,129.3515475363563,14349.04425778326
2719,,4.0,4.0,0.00022159846358398583,3227.680475511969,128.5860398271006,14182.498595331856
2720,1.2576,6.0,4.0,0.011280248190279216,4629.435570639194,145.04415002786916,12105.811862324252
2721,1.3307,6.0,4.0,0.0016577042399172702,4694.591096090749,84.90125787059702,12086.970188485375
2722,1.3145,6.0,4.0,5.17063081695967e-06,4864.627618882921,274.827474184474,12067.657487669154
2723,1.2489,14.0,4.0,0.001456566701137539,4512.563181512547,55.039849106206155,13570.095013265634
2724,1.3006,14.0,4.0,0.0033226473629782835,4554.845741640718,84.82987562799497,13480.238077430653
2726,1.2346,14.0,4.0,0.0037066959669079633,4634.222325118838,75.00736673205023,13365.74118928282
2727,1.2269,14.0,4.0,0.005961816880120914,4698.7015780594475,60.068146638801416,13261.166177428568
2729,1.2783,14.0,4.0,0.005074880135376516,4756.228434630037,49.97245155242329,13190.093223623091
2730,1.2587,14.0,4.0,0.0048222119414358024,4828.302277709674,90.00449799387147,13097.613694876436
2732,1.334,3.0,4.0,0.0003309711947250727,3387.637003045889,572.5154605754067,13678.259536706819
2733,1.2891,5.0,4.0,0.0004146845915201655,4517.193586067227,94.79111218669615,12208.34818635719
2734,1.3055,5.0,4.0,3.1232699278200834e-06,4489.825397832816,983.5154855135885,12404.229486287151
2735,1.2002,4.0,4.0,0.001456566701137539,2561.340066972855,54.91363166590216,15756.623063548152
2736,1.3209,4.0,4.0,0.00034236247789972313,2463.4352900340846,304.42057057486124,16114.222178202612
2737,1.4736,4.0,4.0,0.0019793174767321615,2412.416416402429,19.812696744586543,16199.964179252034
2738,1.3174,4.0,4.0,0.0036354705274043437,2289.091066753666,268.24049736305545,16583.57659427393
2739,1.2247,4.0,4.0,0.0018614270941054811,3812.0957085505247,59.8826074075471,13026.466954555744
2740,1.237,4.0,4.0,0.001041857947791126,4088.100625122459,529.92967260003,12618.895152602561
2741,1.3523,4.0,4.0,0.0006204756980351604,4261.53495313671,44.974444016354546,12388.422635470473
2742,1.3195,4.0,4.0,0.00020682523267838678,4283.180102753733,49.846440172333274,12394.741101953558
2743,1.2914,3.0,4.0,0.00020682523267838678,3582.905526336737,1082.098224353139,13334.24645941698
2745,1.2924,6.0,4.0,5.266052458399925e-05,5115.067019377444,269.16556374493103,11709.601915291723
2746,1.277,6.0,4.0,0.00020682523267838678,3349.8054316271764,763.6368713499571,14276.530037582577
2747,1.3285,6.0,4.0,0.0006204756980351604,3997.2808281451266,933.4331195877086,13084.435466191158
2749,1.6364,3.0,4.0,0.0014524560496380558,2998.3799837560837,45.01847575432786,14441.05386974104
2750,1.6728,3.0,4.0,0.0009485522233712513,3047.502229209811,94.43215067531231,14345.85021555922
2751,1.751,3.0,4.0,0.0008399689762150983,3059.2423807001237,49.94016405676591,14324.207739168232
2752,1.8033,3.0,4.0,0.0006643266247712992,3049.0171874020307,59.19769267891775,14356.061573681136
2753,1.4589,3.0,4.0,0.002252068252326784,2964.2847475474123,278.42968303310676,14503.074122799235
2754,1.5075,3.0,4.0,0.0024009824198552225,2911.6048971720347,84.4093316450543,14625.124767758049
2755,1.4216,4.0,4.0,0.007133291475845768,3455.484553867183,30.045522742405698,13602.331985447372
2756,1.3564,4.0,4.0,0.004800413650465357,3515.0756868387057,134.84881684028488,13506.114032955533
2757,1.4202,4.0,4.0,0.004430713547052741,3608.903911600169,54.90394676261362,13340.357659823858
2758,1.1992,4.0,4.0,0.00020010341261633919,3820.2408155102507,469.4572762490555,13090.73993276018
2760,1.3723,2.0,4.0,0.005722595656670115,3712.282776570416,94.64406417766166,12839.288696856627
2761,1.2346,2.0,4.0,0.005451654601861428,3762.8757973694383,10.047910261382667,12758.324926566998
2762,1.7918,2.0,4.0,0.004706566701137539,3809.0265731332033,84.02612601333068,12689.340760849696
2763,1.3142,2.0,4.0,0.004333646704897998,3918.2736718085484,214.6480059923608,12522.132085642657
2764,1.4234,12.0,4.0,0.00025594622543950366,2734.4406117501435,35.01081422326255,16898.834522501737
2765,1.3596,12.0,4.0,0.030140534704057427,2718.182703741831,79.98217202588017,16733.09244752456
2766,1.259,12.0,4.0,0.0012797311271975182,2686.0215975368615,189.90477385633153,16970.522941171468
2768,1.1674,13.0,4.0,0.021641158221303,3116.0597326654147,105.00310840462623,15882.143619156828
2769,1.1872,13.0,4.0,0.021316270251637365,3097.0935525495224,144.9396224968065,15929.091114916906
2771,1.2086,13.0,4.0,0.020027275077559466,3128.084424567387,34.98806735631612,15856.272928516093
2772,1.2627,13.0,4.0,0.018413391933815925,3143.4773116008464,30.06317202715774,15822.73951614407
2773,1.2304,13.0,4.0,0.01779399736767886,3162.34172414988,50.01002373905767,15779.096712501889
2774,1.1775,13.0,4.0,0.016282574974146848,3261.18598460374,369.9224149834268,15552.874625347453
2776,1.2594,2.0,4.0,0.0002068252326783868,3550.476185624529,197.90213326605289,13231.551028583463
2777,1.3578,5.0,4.0,0.0014565667011375387,4305.782242789675,135.02183482351933,12448.887159450149
2778,1.381,5.0,4.0,0.0016344364012409515,4361.412751243727,144.95135576905795,12369.116774881395
2779,1.2447,7.0,4.0,0.029587900723888318,2881.316227887995,19.31552141115752,15322.279600834061
2780,1.186,7.0,4.0,0.02924250258531541,2915.677231528065,219.6290928586961,15236.380815089464
2781,1.3149,7.0,4.0,0.028381825232678386,2972.8860526314834,44.97207247143389,15097.053728556397
2782,1.3195,7.0,4.0,0.02829136504653568,2981.258391828136,24.927761973797345,15076.949222538997
2783,1.3684,7.0,4.0,0.027966649431230613,2991.811933605573,34.913685216342685,15052.02719020915
2784,1.2389,7.0,4.0,0.026927559462254398,3001.8503950453323,20.05692213638973,15029.518468660084
2785,1.3001,7.0,4.0,0.026334798345398137,3011.185259166922,30.00395336041945,15008.1718167125
2786,1.1903,7.0,4.0,0.016098026542571527,3035.7863862934805,85.00479123029739,14969.66101769454
2787,1.3259,7.0,4.0,0.015192864529472596,3073.15658785203,94.90861916923731,14884.871557460903
2788,1.3922,7.0,4.0,0.014897104446742504,3112.2418696553914,34.970127375216634,14796.210028073758
2789,1.4315,7.0,4.0,0.01462883488452258,3143.5586941101687,55.044648323769444,14726.44734381611
2790,1.4434,7.0,4.0,0.014313857290589451,3173.6033162677613,24.96415384255648,14660.64931919369
2791,1.5378,7.0,4.0,0.012417269906928647,3197.7055687722673,40.006404498041505,14613.381157316802
2792,1.4994,7.0,4.0,0.014026887280248191,3236.6231836912243,55.0439670965299,14524.608894862893
2793,1.3256,7.0,4.0,0.012915671711948858,3284.2774252766944,49.963693370647945,14426.896605353337
2794,1.3975,7.0,4.0,0.011627197518097208,3338.8537352909893,84.88800178087887,14317.96476774526
2795,1.308,7.0,4.0,0.011577116265327229,3366.0459485573356,29.958297426013157,14262.854699676222
2796,1.4056,7.0,4.0,0.011313340227507757,3399.8959717810153,79.99448350067402,14195.83226740887
2797,1.5236,7.0,4.0,0.010478394149800563,3434.720977798209,65.01783329871094,14129.897522480069
2798,1.2559,9.0,4.0,0.00020682523267838678,4173.92619241748,369.52730314033937,13328.839367723269
2799,1.3926,9.0,4.0,0.0002895553257497415,4192.344332482705,19.964161654721792,13288.96970004258
2802,1.7906,2.0,4.0,0.002517321613236815,3164.310486098965,99.63876383011505,13885.677089491748
2803,1.5127,2.0,4.0,0.002833764219234747,3158.1557552608256,34.94879117571104,13894.192626375621
2804,1.4845,4.0,4.0,0.00020682523267838678,3089.559598749083,94.9133569323491,14484.052467417128
2805,1.5301,4.0,4.0,0.001769389865563599,3102.3655464513295,49.943747623253465,14373.1097004999
2806,1.3731,4.0,4.0,0.0017554291623578077,3119.280050742073,144.50904626438907,14336.192879830174
2807,1.5001,3.0,4.0,0.009047311271975183,3341.1947613206885,90.02006764847808,13647.821721745151
2808,1.6008,3.0,4.0,0.007257238883143744,3386.1363571443735,39.911517878185286,13569.10685264222
2810,1.426,3.0,4.0,0.006655820652976806,3476.009792452381,169.78513882706812,13403.747841807815
2811,1.3084,3.0,4.0,0.006391496986770317,3605.116195660405,139.86387659965638,13174.083456692882
2813,,3.0,4.0,8.273009307135472e-05,3368.7701557255714,203.32080628343977,13765.470772790914
2814,1.201,3.0,4.0,0.008585315408479835,3247.912351503502,179.13921868887135,13835.287858156782
2815,1.2626,3.0,4.0,0.008979317476732163,3173.9885517753746,34.9858136635558,13986.35158783932
2817,1.3778,3.0,4.0,0.012141416752843848,3131.602119477831,94.90558612961111,14065.001862352008
2818,1.7191,3.0,4.0,0.010767123912646757,3062.4789628184135,79.89228129337405,14220.052544140048
2820,1.3976,2.0,4.0,0.0008379007238883145,4096.0270831135385,74.31900330347534,12313.759703224328
2822,1.2519,2.0,4.0,0.0002135000470057347,4119.506289413599,102.65669596037915,12325.040070984734
2823,1.227,2.0,4.0,0.002389139213079234,4143.662762588117,98.4689443378202,12211.92593473524
2824,1.2486,2.0,4.0,0.0006204756980351604,4170.375923148373,127.86252167892668,12218.353666262901
2825,1.6267,8.0,4.0,0.045689245087900725,2549.774715542684,35.05494162862,16420.178726922157
2826,1.4346,8.0,4.0,0.011758014477766289,2551.951389035482,50.02098033434961,16472.93859246492
2827,1.4884,8.0,4.0,0.011633143743536712,2555.177553906374,35.025525930559226,16463.485278630815
2828,1.6412,8.0,4.0,0.009780506721820062,2558.379119525206,35.021741544782316,16461.26052669976
2829,1.6295,8.0,4.0,0.010202171664943124,2563.42312878099,44.96366889030014,16443.95803982914
2830,1.3138,8.0,4.0,0.005475345492150043,2572.6378489160033,104.9950895570233,16443.07567286917
2831,1.6487,8.0,4.0,0.0052564632885212,2584.0997501223737,44.96334612380427,16410.0384533522
2832,1.75,4.0,4.0,0.00020682523267838678,602.9248076814722,163.90407928737034,31571.04567173601
2833,1.2693,8.0,4.0,0.0037135470527404346,606.2088696622684,104.97429118442211,32793.42402958306
2834,1.2622,8.0,4.0,0.004237849017580145,486.7404818379844,124.95431288325818,36399.131241679934
2835,1.4457,10.0,4.0,0.00020682523267838678,715.8509931211229,110.05750511213529,31273.656259624113
2836,1.5973,10.0,4.0,0.0007248075376307022,793.32780183881,39.993653138379955,29678.75902744904
2837,1.4938,10.0,4.0,0.0005977249224405378,849.5197270919516,65.02354529623662,28740.60590564098
2838,1.4308,10.0,4.0,0.00041508414026511243,934.8363650709083,104.9640939423904,27485.154622724134
2839,1.4667,10.0,4.0,0.0033089451913133404,1050.4338080300872,120.04579538424498,25855.445536301395
2841,1.3396,12.0,4.0,0.023964064115822133,723.057611883583,110.02472045944603,31483.924704702917
2842,1.3052,12.0,4.0,0.011258343517909187,831.7601862737171,105.0453814517301,29509.187462558075
2843,1.3541,12.0,4.0,0.010435625646328854,940.2968737206131,105.01006360217166,27838.37960154768
2844,1.3124,12.0,4.0,0.007940537745604964,1030.1668694679252,69.94642942222129,26672.016917846657
2845,1.4271,12.0,4.0,0.007969493278179939,1090.989307608988,45.03991118673146,25952.043878181095
2846,1.4287,10.0,4.0,0.00808195449844881,1777.4999693553782,30.073141547152648,20071.684859004064
2847,1.5764,10.0,4.0,0.004656670113753879,1796.9596759208084,25.016385398040676,19997.07855816122
2849,1.5915,10.0,4.0,0.003230248190279215,1824.2086599837112,44.97289705493201,19873.42438662085
2850,1.2322,10.0,4.0,0.0061429679420889356,1856.972667189597,39.93128215897412,19671.734291528974
2851,1.3034,10.0,4.0,0.005986814891416754,1881.1951850361806,19.94319437566955,19551.877744758585
2852,1.2932,10.0,4.0,0.004931230610134437,1917.06852225352,74.71031783232328,19386.559194237616
2854,1.2587,10.0,4.0,0.007302481902792141,2128.6401370886065,454.6099771383659,18423.246508331555
2855,1.5746,10.0,4.0,0.009092295760082731,2400.5953127647545,99.95095873723989,17386.506609546213
2856,1.3536,10.0,4.0,0.00850039954874495,2528.2303013127007,159.81745497804343,16965.311835890923
2857,1.1757,10.0,4.0,0.006008790072388832,2609.2140451766095,9.974212172304151,16727.588206911834
2858,1.1913,10.0,4.0,0.0055982419855222345,2641.7337364088203,49.99474870012317,16632.21042767117
2859,1.1554,10.0,4.0,0.005187693898655637,2694.435824457599,64.94736187979693,16479.617935568072
2860,1.2629,10.0,4.0,0.001456566701137539,2756.3006603794674,80.02472620307437,16357.427656474467
2861,1.499,12.0,4.0,0.007601633311028652,929.6647163097133,79.95165789759669,28013.379619787862
2862,1.4481,12.0,4.0,0.005479317476732162,884.8027125466693,90.06281834467694,28706.95743689046
2865,1.2636,8.0,4.0,0.000704498448810755,235.82668008572477,134.93277120184382,51669.91522463693
2866,1.6815,8.0,4.0,0.0008575491209927612,318.99166740922874,24.997541691295254,44714.89837392695
2867,1.5277,8.0,4.0,0.0007197213942453921,372.54055809315486,79.8984229384171,41544.83167918035
2868,1.7117,8.0,4.0,0.0019136034596220742,434.5100612956005,49.93731486218679,38505.15675269268
2869,1.7174,10.0,4.0,0.00020682523267838678,381.78969605855957,29.91144345015281,42204.802754333745
2870,1.3887,10.0,4.0,0.0006204756980351604,328.1893748263181,84.956059684217,45229.42122741426
2871,1.3714,10.0,4.0,0.0002704239917269907,250.62732982156683,94.93385323407256,51549.0364648121
2872,1.4309,12.0,4.0,0.014243622888659083,339.5353867617934,69.97586227137792,45210.506153845825
2873,1.5711,12.0,4.0,0.015505429162357809,296.18291763562183,20.010862492079998,48242.653623206825
2874,1.5694,12.0,4.0,0.015365822130299899,255.43900336166442,60.01614751475584,51771.53648741811
2875,1.6303,8.0,4.0,0.007965356773526371,380.7613499140633,34.948365443079894,40852.26558424035
2876,1.5364,8.0,4.0,0.007117890382626681,338.83064162746314,55.02999862933829,43202.51779725722
2877,1.2553,4.0,4.0,0.010217457342295762,604.115470306843,35.00234688944572,31215.448123323902
2878,1.2647,4.0,4.0,0.0001284901758014478,643.0193690418702,70.03760778870075,30655.32947819042
2880,1.2803,7.0,4.0,0.007863574488740688,1400.3719497745922,479.9382646331601,21691.03702329918
2881,1.3033,7.0,4.0,0.01727197518097208,1174.1330432395234,249.9677267185368,23543.053910461567
2882,1.4384,7.0,4.0,0.017507497414684593,1070.7641612273608,50.02274560228402,24599.875213466024
2883,1.3903,7.0,4.0,0.015098232290589453,930.5648361152539,394.63469108032024,26312.83761980558
2884,1.2654,7.0,4.0,0.006124870734229577,705.225673678768,629.9300075915976,30104.714713682046
2885,1.2158,7.0,4.0,0.00031727098978326666,841.4009610595623,949.9517715208424,27892.986579653418
2886,1.4146,15.0,4.0,0.00020682523267838678,712.3795551031278,65.09474993904898,33295.77394181189
2887,1.4832,15.0,4.0,0.0011995863495346433,691.4099934866797,55.013054069879544,33615.81349114154
2888,1.3941,15.0,4.0,0.0015979834539813856,679.1912824740991,29.96871851151059,33876.970637321945
2889,1.5105,15.0,4.0,0.0023068769389865567,671.9228987120923,29.968673810073785,34017.94979469085
2891,1.5471,15.0,4.0,0.0022662874870734233,666.3081531177136,30.109220607137225,34155.961189370966
2892,1.5937,15.0,4.0,0.001971561530506722,662.3702716685779,24.90353284300664,34265.355240581725
2893,1.5389,15.0,4.0,0.0014033092037228543,659.1737311185213,55.01259639554085,34375.60468288912
2894,1.3278,15.0,4.0,0.005014477766287487,659.7655966781374,65.0019211268687,34244.55441577843
2895,1.6831,8.0,4.0,0.0004888831437435368,2486.3222502238314,34.95963352192361,16820.738188198527
2896,1.4496,8.0,4.0,7.65807357068991e-05,2481.6998791401275,65.0165559478395,16918.994857422167
2897,1.6556,8.0,4.0,0.0003689245087900725,2478.107280596411,35.03352386345928,16859.942173717987
2898,1.6376,6.0,4.0,0.0006520165460186144,2501.888947738894,35.04643460465857,16358.290936530342
2899,1.7306,6.0,4.0,0.0019043433298862463,2536.8336895089647,34.98823684420583,16204.126151861401
2900,1.4501,6.0,4.0,0.0005278244570837643,2613.999929283338,115.06992323706137,16028.910523055056
2901,1.2804,10.0,4.0,9.307135470527404e-06,2238.4619242561917,70.03034356081284,18308.67897962951
2903,1.5346,10.0,4.0,0.0008815186881370956,2239.2482638449133,29.944739365342215,18085.088038629274
2904,1.3855,10.0,4.0,0.009285928280309023,2245.2575879240117,164.94338052236859,17949.07995272557
2905,1.3531,10.0,4.0,0.012558686659772493,2262.4821841152284,124.83823333408824,17869.41282320995
2906,1.3619,10.0,4.0,0.007351344364012411,2283.797680825892,4.976648557235443,17815.075945129312
2907,1.256,10.0,4.0,0.007008014477766288,2278.6242539755003,110.00944969507822,17836.62441057427
2908,1.2332,10.0,4.0,0.0015856701378033238,2253.5656336852408,204.72888226818205,18002.035348869973
2909,1.2874,8.0,4.0,0.011700225874925163,2327.3387338660705,89.93434704311002,17213.03515326623
2910,1.3399,8.0,4.0,0.006410160289555327,2384.786534644386,24.934555846707088,17041.32945162396
2911,1.2477,8.0,4.0,0.004854769906928645,2457.5706067023,115.03443044241743,16811.201306164912
2912,1.3255,8.0,4.0,0.004260858324715616,2550.5544492257873,70.04264657650569,16521.844332028482
2913,1.2849,8.0,4.0,0.009208117890382627,2602.8039081482257,29.94452202747377,16329.298962685469
2914,1.3201,8.0,4.0,0.008851344364012411,2644.301310284239,50.0587925980157,16208.298669210475
2915,1.1993,8.0,4.0,0.007479058945191314,2805.86731102157,274.7872115110896,15763.406326256134
2916,1.1855,8.0,4.0,0.007130558428128232,2932.4464044065576,269.92415848632186,15437.150280789276
2917,1.183,8.0,4.0,0.006398757353315137,3062.4692563036815,299.98361514438244,15125.420768532915
2918,1.5869,5.0,4.0,0.003182132597954728,1441.0193514599275,219.43602265996924,20937.243681233278
2919,1.5679,5.0,4.0,0.0015752326783867632,1513.945566280617,59.92701158671552,20488.426309798728
2921,1.3639,7.0,4.0,0.01224638055842813,1704.5145378514637,64.94559718754904,19727.138206360232
2922,1.4025,7.0,4.0,0.011565699327817995,1697.1317735523364,34.982264027957335,19771.02518537319
2923,1.5583,7.0,4.0,0.013836866597724923,1694.061536197384,34.96541188300043,19778.657618255325
2924,1.2014,7.0,4.0,0.009725439503619442,1719.770612224678,144.90112603166114,19655.55432044004
2925,1.7029,3.0,4.0,0.0030550672182006206,1738.229131819745,20.02100604526575,18691.77975075287
2926,1.632,3.0,4.0,0.002493881420199931,1754.3709193254645,54.99249219106583,18619.63155805705
2927,1.6699,3.0,4.0,0.000897315972548651,1789.1815236688506,49.05774467817958,18496.27587899509
2928,1.6547,3.0,4.0,0.0004149431230610135,1827.145952597349,29.968263334634138,18349.655418649985
2929,1.8121,5.0,4.0,0.006037745604963806,1841.5121097460128,20.022920514935205,18594.751895685662
2930,1.7907,5.0,4.0,0.0049035677352637025,1841.0676862622736,4.980662553213787,18607.20022670758
2931,1.6081,5.0,4.0,0.0006017063081695967,1841.2653340026263,44.986047494672555,18710.49767120597
2932,1.6912,5.0,4.0,2.6598333231948422e-05,1878.5627069661634,79.30111480760036,18687.00050067421
2933,1.2597,12.0,3.0,0.00396277145811789,2498.5256000463514,84.95617175591384,15805.93242855698
2934,1.292,12.0,3.0,0.020816641476413968,2432.6703598037807,60.007902514574695,15937.983933176638
2935,1.1789,12.0,3.0,0.020067476732161325,2329.4879823714678,159.95730074384304,16272.40312586256
2936,1.1863,12.0,3.0,0.02035910031023785,2245.044079610936,25.058291142178422,16560.819137545917
2937,1.1822,12.0,3.0,0.02497699069286453,2186.6173255549716,95.0135517284853,16761.252208665952
2938,1.1937,12.0,3.0,0.027857032057911072,2084.5530484111723,129.97002265248338,17142.725156655288
2939,1.1861,12.0,3.0,0.028032316442606002,1992.9971375409211,79.95532795310831,17513.560830311908
2940,1.1656,12.0,3.0,0.02054332019131334,1958.32486589191,74.96314816673708,17675.3730903106
2941,1.1597,12.0,3.0,0.018301508284010653,1962.226796515888,229.9720973710986,17664.03873526871
2942,1.189,12.0,3.0,0.018344622543950365,1974.6227967870211,64.9927530613818,17610.962382481932
2943,1.1577,12.0,3.0,0.015180571970256563,2076.195285583938,414.93318846393953,17203.389533130532
2945,1.1524,12.0,3.0,0.01533438361771803,2279.703285004348,234.98877394530297,16452.687263494663
2946,1.1642,12.0,3.0,0.014735390178033377,2481.7169580764985,689.9148563335377,15801.527440916023
2947,1.18,12.0,3.0,0.019413391933815926,2718.689471684879,354.899404916202,15117.947716441253
2949,1.1675,12.0,3.0,0.014731902792140643,2998.2490278025816,245.03999100878855,14439.14280762067
2950,1.1723,12.0,3.0,0.014338934850051707,3364.802031387389,575.0311590448157,13667.392990261635
2951,1.2494,12.0,3.0,0.013994364012409515,3709.6834220981186,169.98465409266316,13046.847237064894
2952,1.1847,12.0,3.0,0.01222956226988195,4220.379620747905,1029.9796749591349,12272.981816807454
2953,1.256,12.0,3.0,0.0025038952085487767,4652.895407096737,144.8925398706124,11764.647534566504
2954,1.235,12.0,3.0,0.001696672629195897,4793.971011674151,179.63556730046042,11610.291283725965
2955,1.1661,12.0,3.0,0.0016660896542421658,4877.4226548835195,109.82479431547543,11515.692564547184
2956,1.1887,40.0,2.0,0.00020682523267838678,2353.7828995238256,409.9922426715213,20738.708327399796
2957,1.1692,40.0,2.0,0.0006204756980351604,2152.191700535483,165.0121613194756,21580.13246843358
2958,1.1966,40.0,2.0,0.02302714581178904,1972.6704619580244,229.91546544077315,22279.846590395857
2959,1.206,40.0,2.0,0.01672078593588418,1806.6695555823599,134.91707937370367,23253.4301709184
2960,1.2079,40.0,2.0,0.030831437435367117,1727.862990283417,24.999975984487843,23714.604988292813
2962,1.1749,40.0,2.0,0.023869242701455733,1677.5561813882366,59.99151947588872,24067.50988406318
2963,1.1729,40.0,2.0,0.02323086866597725,1633.0976334762186,29.998561250234182,24379.517150475105
2964,1.1929,40.0,2.0,0.02355920372285419,1589.6108949152863,50.00134127356828,24694.39246928006
2965,1.1653,40.0,2.0,0.026494829369183046,1525.9440840895911,69.95502819502211,25172.59082560095
2967,1.1768,40.0,2.0,0.02924642364701827,1352.8674115584927,264.97465702734854,26652.976407003214
2968,1.1915,40.0,2.0,0.03324821900494083,1200.507887568458,39.970373040795145,28206.0310296888
2969,1.172,40.0,2.0,0.03172182006204757,1142.7354935004646,70.01924089702386,28880.88102752925
2971,1.169,40.0,2.0,0.04795139607032058,1092.6177943821303,20.005774862385458,29472.748613876636
2972,1.1705,40.0,2.0,0.04797621509824199,1036.2374644128843,90.0247649397593,30226.802137020582
2973,1.1863,40.0,2.0,0.04730827731816615,964.9408377364298,55.00460564585943,31273.1388503343
2974,1.2053,40.0,2.0,0.05257471561530507,922.1133802333859,30.05182203367246,31948.569822788442
2975,1.2248,40.0,2.0,0.05320734229576009,887.8343631471952,40.032462420851736,32529.930667116918
2976,1.2173,40.0,2.0,0.05463960703205791,847.1775108003635,34.99881687345246,33262.90654738964
2977,1.2276,40.0,2.0,0.055942605997931744,810.7810372086045,40.01132399037869,33964.64961883605
2978,1.1873,40.0,2.0,0.06509720785935885,776.1897049902847,24.94412240636463,34664.234047230704
2979,1.2561,40.0,2.0,0.05364555325749742,758.9690858995867,4.957190822027582,35055.15263433091
2981,1.2475,40.0,2.0,0.05351809720785936,736.8203989126108,15.014129830639005,35553.98259896753
2982,1.1969,40.0,2.0,0.053511116856256466,708.2997064663685,35.03948798213361,36229.642183660595
2985,1.2309,40.0,2.0,0.05144958634953465,657.5743074977075,34.970693264425115,37540.40544688977
2986,1.2606,40.0,2.0,0.04629614788004137,631.2511449407389,15.014079373435777,38289.69209126002
2987,1.2024,40.0,2.0,0.05806773526370218,609.6567541419365,20.018758690984132,38907.06734655706
2988,1.2312,40.0,2.0,0.046612512926577046,574.8858366859216,44.99305077681117,40035.43008644168
2990,1.226,40.0,2.0,0.06419751809720786,509.9463218730728,69.96280665991509,42354.393226842905
2991,1.2416,40.0,2.0,0.0628126163391934,464.2696403535132,19.934586273262976,44295.32610971587
2992,1.1681,40.0,2.0,0.06469260599793175,425.81244761850945,49.966739275188324,46156.29824361079
2993,1.3373,40.0,2.0,0.04345535160289556,332.23862900812867,140.00528998308954,52009.422533619494
2994,1.2984,40.0,2.0,0.0650705791106515,223.3487231443646,79.9799371200382,62785.34059996682
2995,1.2333,40.0,2.0,0.046972406066873494,152.09585972248345,70.03674842295354,75475.79521939144
2996,1.2744,40.0,2.0,0.061536452947259575,110.35134452147437,24.940091305956106,87890.41055566816
2997,1.4865,40.0,2.0,0.06149198552223372,88.85517176252927,34.97992587358702,97456.95563185583
2998,1.2963,40.0,2.0,0.06149586349534644,112.51950943035173,215.03833243392037,87078.84434778812
2999,1.2355,40.0,2.0,0.1078694415718718,227.5199371628144,34.97405308216943,62150.061782267396
3000,1.2903,40.0,2.0,0.10751460703205792,281.58768150401414,74.98602584845884,56142.33956664149
3002,1.2935,40.0,2.0,0.10980946225439504,353.40870751248286,60.11073469655916,50375.216867060255
3003,1.3317,40.0,2.0,0.1096243536711479,405.33528403633784,39.959189340127004,47187.58260973421
3005,1.2206,40.0,2.0,0.10121910939801324,508.5344326789165,159.9545546083623,42359.03117526201
3006,1.261,40.0,2.0,0.10071196139262324,623.1686039638997,69.9646633437591,38446.0533149805
3008,1.2517,40.0,2.0,0.10317159750011241,717.4038177169857,109.94982986637591,35946.75813326216
3010,1.3403,40.0,2.0,0.10132731268214723,827.280111826136,105.00870506018504,33586.750058571684
3012,1.2789,40.0,2.0,0.10027326783867632,933.2293374046001,99.96971136130533,31711.953831429586
3014,1.2261,40.0,2.0,0.09333681489141676,1049.6403950551771,120.01776892572919,29988.9293576736
3015,1.2049,40.0,2.0,0.08043123061013445,1230.3852899560177,234.95241504966978,27811.80385763677
3016,1.2302,40.0,2.0,0.07950982419855224,1411.4615700257907,125.0415458924599,26050.01944085245
3018,1.1562,40.0,2.0,0.09303903826266806,1492.4326364953831,14.991193725258602,25355.60272318939
3020,1.1566,40.0,2.0,0.1311551189245088,1558.8440007654265,104.98147804612493,24811.91506774678
3022,1.1728,40.0,2.0,0.12024896587383661,1734.1859075567888,239.94902538306042,23587.679623269327
3024,1.1655,40.0,2.0,0.11980902275077561,1877.0994894365874,45.0398359516745,22713.774690494123
3025,1.1667,40.0,2.0,0.11960296449500173,1938.9455866836147,70.05377920517543,22365.460822828434
3026,1.1649,40.0,2.0,0.10640227507755948,2108.235587986493,259.97292084058677,21496.97850214615
3027,1.1766,40.0,2.0,0.10624906530904464,2268.6032626466185,59.95201214310814,20758.501911483243
3028,1.1645,40.0,2.0,0.10867218200620476,2425.576916334915,250.01228050890327,20105.455584267234
3029,1.1672,40.0,2.0,0.0639876965502612,2643.9075237416027,189.94789244505293,19323.104828180865
3030,1.1634,40.0,2.0,0.06178335056876939,2779.198685267877,84.94495368105373,18870.44826864772
3031,1.1859,40.0,2.0,0.06084824198552224,2907.76926482908,179.91035606129373,18468.604279144925
3032,1.1856,40.0,2.0,0.06175361944157188,3060.260995757284,134.9400834561893,18023.175337308236
3034,1.1986,40.0,2.0,0.0411605480868666,3160.5744454471223,49.95950193022153,17767.274573779683
3035,1.1674,40.0,2.0,0.04062952430196484,3365.794793625837,369.92521488170286,17242.77381721754
3036,1.3812,40.0,2.0,0.018467919607931302,3654.806894723481,225.0844297866675,16613.395457551876
3037,1.1664,12.0,3.0,0.00020682523267838678,4279.584944714462,29.961718485654494,12324.909077293201
3038,1.2108,12.0,3.0,0.0031178903826266807,4284.563509675638,99.9821157005999,12229.394977059357
3039,1.1615,12.0,3.0,0.015051189245087903,4131.355450737864,704.9469597862709,12391.538769744095
3040,1.1613,12.0,3.0,0.015254395036194418,3986.122698884432,114.9771449228893,12604.36893108099
3041,1.1651,12.0,3.0,0.01586401240951396,3801.050545544371,1334.926409091247,12892.038989572147
3042,1.2284,12.0,3.0,0.01627042399172699,3759.6085999246416,254.9118407010934,12958.737977903404
3043,1.2088,12.0,3.0,0.003656855648153781,3829.4186536825905,842.3438738767215,12896.712162598196
3044,1.305,12.0,3.0,0.0033644777662874873,4023.163212472964,19.946437669709862,12599.51698765309
3045,1.3268,12.0,3.0,0.0031107032057911066,4037.00200386248,20.00447846878821,12581.529761884449
3046,1.2807,12.0,3.0,0.0028724405377456054,4049.2178962929665,19.979262512884816,12566.08184117581
3047,1.2866,12.0,3.0,0.002643485005170631,4060.043302879993,19.970285349071688,12552.869817578796
3048,1.1996,12.0,3.0,0.0018204796754434812,4066.9668946153693,60.001968171372226,12555.140519198118
3051,1.2362,12.0,3.0,0.00547828335056877,4069.3131548265196,9.973726296864745,12514.914611841954
3056,1.2265,12.0,3.0,0.0027949844881075495,4151.265606087445,55.05739403860511,12418.721732357522
3057,1.1911,12.0,3.0,0.0023579725132263237,4329.36048407128,339.73909629283685,12177.94492623702
3058,1.2015,12.0,3.0,0.0005935939184580519,4444.628759483371,229.95847186022587,12070.563826231264
3059,1.1623,12.0,3.0,0.0003887149161775202,4703.056840963117,704.9042114037438,11762.85392793541
3060,1.2016,12.0,3.0,0.0012531085340030533,5114.437993386866,624.339373399197,11266.59114431008
3061,1.1817,25.0,3.0,0.005971044467425027,2074.9145791935066,204.97477792539706,20181.372176631387
3063,1.2086,25.0,3.0,0.007650982419855222,1886.15765079713,234.9771011041786,21106.52497086974
3064,1.1947,25.0,3.0,0.008047052740434334,1752.2819774694435,95.0334830404235,21857.758197006977
3065,1.1803,25.0,3.0,0.036125624784557046,1625.4192353044527,234.96315130573552,22564.873418892505
3066,1.264,25.0,3.0,0.0358464322647363,1507.9974154776924,95.01520905328451,23386.80346907863
3067,1.2296,25.0,3.0,0.03723888314374354,1457.7447318626137,54.99735378419376,23765.437280241378
3068,1.2407,25.0,3.0,0.03640635987590486,1423.1084766024928,44.99717069147189,24040.97527677235
3069,1.214,25.0,3.0,0.03638934850051707,1392.3747563379143,50.035798981108464,24292.610423559367
3070,1.3092,25.0,3.0,0.036745087900723894,1369.4485990149235,25.048509744380013,24485.068218570752
3071,1.2551,25.0,3.0,0.0381804550155119,1326.8957706042622,119.98338093624605,24853.885632282323
3072,1.4993,25.0,3.0,0.08475387797311272,1240.976029080168,215.02946703291317,25605.66425158478
3073,1.7571,25.0,3.0,0.08483971044467425,1193.288197896855,14.963906976905811,26088.56406499473
3074,1.5328,25.0,3.0,0.08041520165460186,1185.907204922934,25.075203115689103,26169.601045067735
3075,1.6204,25.0,3.0,0.08086711478800414,1176.749337205931,25.01304466795575,26266.13069511597
3076,1.513,25.0,3.0,0.08738779731127198,1165.7465544901888,45.040347792666296,26378.611277314187
3077,1.2833,25.0,3.0,0.08816649431230611,1153.768844921434,35.00497487425087,26508.219772789318
3078,1.3256,25.0,3.0,0.10138236814891417,1137.087460007708,94.9662985871199,26683.030422948865
3079,1.2921,25.0,3.0,0.09194888831437437,1124.5321113861303,45.02661190302473,26831.661027714523
3080,1.3601,25.0,3.0,0.09094596690796278,1119.4178587408571,25.043732327114867,26890.833199183216
3082,1.3841,25.0,3.0,0.04089020364330602,1113.547909872718,59.986716466186685,27015.790007641226
3083,1.3999,25.0,3.0,0.043588417786970014,1110.7043284928488,55.02780395806334,27044.14731717045
3085,1.3343,25.0,3.0,0.04567731570394446,1111.1010612059324,65.0308314395771,27036.171350830627
3086,1.19,25.0,3.0,0.060564334579587945,1115.5044256044705,59.98130337144357,26964.959639472014
3087,1.1776,25.0,3.0,0.05802197518097209,1122.2485758925886,49.913944563726965,26890.634932469216
3088,1.1888,25.0,3.0,0.04109539813857291,1131.2602812539021,54.99449718602816,26812.89018258932
3089,1.1745,25.0,3.0,0.05290899689762151,1140.6618142507334,25.012328035525265,26689.310405797038
3090,1.2726,25.0,3.0,0.050442088934850055,1151.8698265700375,59.70681341175741,26568.532966558498
3091,1.2055,27.0,3.0,0.005017838676318511,2886.0867152501746,170.05407945284702,17672.35032544228
3092,1.1803,27.0,3.0,0.005326266804550155,2715.1719698576626,354.97514883287965,18191.477003410386
3094,1.1943,27.0,3.0,0.008197001034126164,2574.7738624092754,100.03617432616934,18636.5267612913
3095,1.2723,27.0,3.0,0.008354446742502587,2499.430471661856,169.93452339493933,18901.383036931285
3096,1.2209,27.0,3.0,0.007433815925542917,2411.0716622040222,189.99200707857153,19234.569172695745
3097,1.1975,27.0,3.0,0.008812564632885213,2272.5919277775424,250.05265824277598,19775.873775933316
3098,1.1864,27.0,3.0,0.007540589451913134,2165.418881517646,95.02489247276945,20245.12062713089
3099,1.2085,27.0,3.0,0.0152564632885212,2133.776574225382,10.042193063038228,20349.506160470428
3100,1.1886,27.0,3.0,0.0157246639089969,2108.545579430738,74.96966727406424,20463.615632534274
3101,1.2347,27.0,3.0,0.006572388831437436,2084.2900297374517,30.059930312117153,20624.694456064226
3102,1.2014,27.0,3.0,0.0062681555859492285,2057.228006682092,149.99715434105153,20756.24994736279
3104,1.2948,27.0,3.0,0.006484669079627715,2025.9344864906614,195.01254260677135,20906.633936467555
3105,1.3457,27.0,3.0,0.008392709410548087,2003.9868789219208,75.03520961701395,21001.079227727303
3106,1.1729,27.0,3.0,0.01031670113753878,1948.460340796671,224.91804389371154,21272.679909894272
3107,1.2042,27.0,3.0,0.010076783867631852,1913.0482225115381,289.9951434802689,21460.901264737153
3108,1.3286,27.0,3.0,0.01024379524301965,1936.8946096834582,259.97703374493847,21333.56222247764
3109,1.2086,27.0,3.0,0.010736556359875906,1972.1455353892807,89.90401412611268,21148.217770800627
3110,1.1732,27.0,3.0,0.009519131334022752,1971.593991521039,99.92783999866035,21157.81919800399
3111,1.193,26.0,3.0,0.010263766804550156,1524.471366460551,75.02458819328348,23626.96528318037
3112,1.1757,26.0,3.0,0.010830661840744571,1404.6875227251705,169.93154934381357,24563.6728269826
3113,1.2094,26.0,3.0,0.011171923474663913,1260.964963790122,125.01175811516335,25858.97175860223
3114,1.1906,26.0,3.0,0.009289943123061015,1190.581381512117,14.98412436704244,26590.070470981107
3115,1.3131,26.0,3.0,0.007914135211995865,1125.1699232390815,115.01473444782044,27327.98364445792
3116,1.3489,26.0,3.0,0.009812823164426061,1045.5281962776644,44.9649402272732,28285.406986190705
3117,1.2382,26.0,3.0,0.01699741468459152,999.3645019032606,44.93886511161588,28858.861784462373
3118,1.1626,26.0,3.0,0.01734488107549121,967.2122145871836,19.97720655514507,29310.84168944514
3119,1.6182,26.0,3.0,0.040246897621509826,944.661211684665,19.985901892424035,29576.073799832786
3120,1.2597,26.0,3.0,0.048345656670113764,822.3614208866902,219.9460583613241,31582.177036357665
3122,1.7514,26.0,3.0,0.03244441571871769,676.6387299774723,45.06147737025638,34697.37286442706
3124,1.2387,26.0,3.0,0.03282911065149949,622.1840438863281,45.040070249615674,36112.614735141724
3125,1.2295,26.0,3.0,0.01583910720441227,581.5257125738623,40.03748288169427,37367.828854423184
3126,1.2523,26.0,3.0,0.013495087900723889,540.1984084592785,45.03989431402668,38721.325399640315
3127,1.2346,26.0,3.0,0.010854446742502586,468.17078895952517,109.98130210513494,41479.99608884427
3128,1.2895,26.0,3.0,0.021186918304033093,401.1690815869733,39.97436582593572,44570.93118907941
3129,1.3267,26.0,3.0,0.009882885211995865,351.9974010977989,75.00883478999229,47535.043660284755
3130,1.2858,26.0,3.0,0.01323578076525336,302.4566749005578,44.99226914652364,51061.08928513035
3131,1.3132,26.0,3.0,0.004449355031840201,254.59430674231197,90.01570434722305,55593.92639973658
3133,1.3263,26.0,3.0,0.004570096518441916,211.96830349296215,69.94294876390468,60665.83465079871
3135,1.2388,26.0,3.0,0.017444663009756757,197.70006076416135,109.93151942778118,62492.33593809526
3137,1.2441,26.0,3.0,0.00646109780656398,231.02934535363437,90.01456891061231,58171.56565716997
3139,1.2641,26.0,3.0,0.00021509824198552227,354.8181465123353,239.98855451384026,47839.63446935571
3140,1.1645,14.0,3.0,0.00803335056876939,2893.6916450504555,1129.520992515226,15068.685434472653
3141,1.2254,14.0,3.0,0.00921147880041365,2340.941454605264,114.96412065707392,16665.48762449459
3142,1.1883,14.0,3.0,0.0124552740434333,2208.8598399607167,195.03724411824368,17119.723214352794
3143,1.1826,14.0,3.0,0.015506788846757824,2018.6158464217212,265.01737576056405,17860.581095863283
3144,1.2001,14.0,3.0,0.025725439503619444,1887.633313969494,65.0175256504508,18416.370311537736
3145,1.1974,14.0,3.0,0.025945708376421926,1853.7335822341754,20.018685497804587,18575.788206869234
3146,1.2638,14.0,3.0,0.025823552223371255,1828.2334015271108,45.03385016789099,18699.128745729337
3147,1.2299,14.0,3.0,0.026530248190279215,1789.4208321755414,54.9880710688952,18890.09382351207
3148,1.3114,14.0,3.0,0.022257238883143744,1758.5124912540807,25.08161998744832,19056.61179153198
3149,1.178,14.0,3.0,0.023364012409513964,1747.747180515687,4.957815489517757,19110.026125429955
3150,1.1751,14.0,3.0,0.024244570837642195,1718.8874767308025,64.94915709302306,19260.465275704646
3151,1.2329,14.0,3.0,0.02525542916235781,1680.000533928604,40.0515662666879,19469.67127250252
3152,1.2042,14.0,3.0,0.02735470527404344,1653.8350182301288,24.978293259848954,19611.78675306946
3153,1.2811,14.0,3.0,0.028498965873836612,1623.6809010293032,49.95651203534112,19782.475051742742
3154,1.1909,14.0,3.0,0.053432264736297835,1584.429413893934,60.00682177558474,19981.20362839836
3155,1.2481,14.0,3.0,0.054626163391933824,1555.245865728462,24.9921345005655,20157.943014756915
3156,1.1666,14.0,3.0,0.054916752843846964,1504.6526970740163,120.02773518712205,20478.077296723633
3157,1.1768,14.0,3.0,0.054161323681489154,1413.6866669581605,189.99059190750148,21096.97393712709
3158,1.3028,14.0,3.0,0.0596222854188211,1356.365960643355,45.04086955924196,21512.02555439251
3159,1.1727,14.0,3.0,0.05942373319544985,1317.0795230137778,119.93634694527898,21815.857168986004
3160,1.2536,14.0,3.0,0.021156153050672186,1257.4592065151937,154.88902305556752,22364.56225860652
3161,1.4474,14.0,3.0,0.032930455015511895,1201.3877379861651,29.915171493645893,22829.460831392276
3162,1.2825,14.0,3.0,0.030967425025853156,1176.4037989292378,54.93405504890732,23063.168805532678
3163,1.243,14.0,3.0,0.030990692864529476,1121.1799499008066,155.02674956721572,23598.019680046364
3164,1.1531,14.0,3.0,0.06567580144777664,1046.4914243607107,139.9768495520108,24337.952218220154
3165,1.1824,14.0,3.0,0.06592192347466391,996.5464959825108,59.95542400873777,24911.931662415627
3166,1.2707,14.0,3.0,0.04943226473629784,975.6368915267572,20.028327752049584,25184.421005328528
3167,1.2241,14.0,3.0,0.037472476334420496,958.3837139434737,60.052344195038025,25418.356887847083
3168,1.2036,14.0,3.0,0.03773836608066185,942.2158168463078,45.002591236236775,25624.94030349328
3169,1.2908,14.0,3.0,0.0371524689762151,931.7328849685446,34.95868284383339,25763.094582204365
3170,1.1936,14.0,3.0,0.036021763655165934,905.4391637900262,214.94733038528372,26119.341517395565
3171,1.1657,14.0,3.0,0.03593950361944157,896.0790121383935,45.073707986552705,26249.25263595663
3172,1.2753,14.0,3.0,0.03550103412616339,896.9337593471596,19.925149356181254,26238.178829490626
3174,1.5136,14.0,3.0,0.034260082730093074,909.5929184694132,164.9940472353593,26065.8751840175
3175,1.6946,14.0,3.0,0.08577559462254396,957.5781622694617,144.9290895073844,25372.53069853971
3176,1.1692,14.0,3.0,0.08776758014477767,987.975543056256,129.96909879832003,24995.69686628475
3177,1.1957,14.0,3.0,0.039098970574410086,1011.8422884338414,159.9745733788758,24766.065337255448
3178,1.1994,14.0,3.0,0.036165004469528333,1062.4160949822501,290.00748209768005,24201.72843920145
3179,1.2586,14.0,3.0,0.03414529472595657,1209.4870493099113,184.99941877716887,22754.23560467318
3180,1.2227,14.0,3.0,0.02505838835414844,1449.0567753218183,320.03262610636364,20892.66411831657
3181,1.2189,14.0,3.0,0.023763702171664944,1667.717575110752,125.06687302993967,19541.088973153965
3182,1.1855,14.0,3.0,0.0031609891112598094,1857.4085815751348,249.96962697164713,18662.590270077897
3183,1.187,14.0,3.0,0.0025569209443552115,2095.0733877700154,229.97298676529098,17631.16981855592
3184,1.1892,14.0,3.0,0.0023989703700373188,2320.9988150877384,225.04393040797436,16793.685449570767
3185,1.1954,14.0,3.0,0.002233712512926577,2581.519975692397,294.99588594524266,15966.038165036323
3186,1.2197,14.0,3.0,0.0018717683557394004,2739.804158187654,20.002838896790482,15526.641880255078
3187,1.1971,14.0,3.0,0.0015265500651949105,2807.8028926426227,109.99414863343404,15354.515613871266
3188,1.1802,14.0,3.0,0.0012608861665738607,3013.447772288281,319.7918713057979,14853.162501869534
3190,1.1746,14.0,3.0,0.0006752843846949329,3572.384135169606,859.9759772670475,13718.402051241526
3191,1.2304,25.0,3.0,0.0041160160289555325,2272.212142011649,34.953195030977184,19345.027052051344
3192,1.2317,25.0,3.0,0.004118407445708377,2210.0899543136434,89.92852105840127,19602.416111690298
3194,1.3533,25.0,3.0,0.00298358803477728,2106.5243300103775,124.98606012200007,20073.446208818605
3195,1.2469,25.0,3.0,0.004370992761116857,2036.492633555139,24.964369453387977,20378.976479888177
3196,1.2142,25.0,3.0,0.007442605997931748,2008.0156380828962,29.996057927098615,20487.226124636898
3197,1.3495,25.0,3.0,0.007361168562564633,1867.6656720996464,264.96602419291867,21208.10338777312
3198,1.2627,25.0,3.0,0.00926680455015512,1719.738602957329,44.9385932403591,22045.74585468736
3199,1.207,25.0,3.0,0.030669513591372436,1636.117168982005,135.04916650705925,22504.205747830583
3200,1.2016,25.0,3.0,0.03122724922440538,1509.20251246104,140.06703513193474,23386.48709991103
3201,1.1924,25.0,3.0,0.0177090227507756,1376.1917677222689,164.91018963134223,24475.316563841243
3202,1.1873,25.0,3.0,0.018198552223371252,1326.0849737488056,184.96838779763996,24910.24046846435
3203,1.2279,25.0,3.0,0.01865563598759049,1288.0540141277916,219.92760890217434,25256.635463925108
3204,1.309,25.0,3.0,0.028094364012409518,1206.6543911331244,44.972931041384356,26026.85038407349
3205,1.2106,25.0,3.0,0.027326489428932555,1125.5845834519137,174.97440448157738,26906.502097527282
3206,1.1916,25.0,3.0,0.049033609100310245,1055.3735760827956,39.9383475559054,27702.555476329926
3207,1.2009,25.0,3.0,0.04888894384245313,1023.9119321065048,109.9616220314204,28105.47766816187
3208,1.1531,25.0,3.0,0.048742197048039865,1015.9290509072918,104.89774129632305,28210.800961380333
3209,1.1583,25.0,3.0,0.04201523720268873,1051.1696256406567,74.99467536082173,27766.753463824465
3210,1.19,25.0,3.0,0.040965356773526376,1078.5158084430136,39.98231539377568,27430.61633083877
3211,1.1782,25.0,3.0,0.04085780765253361,1095.9489016285927,44.93006814457934,27221.861679489462
3212,1.1841,25.0,3.0,0.040766616527216325,1105.7284990824915,49.92769386807235,27106.94474141238
3213,1.1678,25.0,3.0,0.0316923474663909,1101.5935166429078,74.98447094453194,27173.63366843207
3214,1.1547,25.0,3.0,0.031783350568769395,1084.5440297518232,34.95642590554289,27376.30094307751
3215,1.1896,25.0,3.0,0.04628593588417788,1069.618631229687,95.06746211441592,27530.232229440895
3216,1.2205,25.0,3.0,0.040844364012409526,1054.0651604563063,60.02920426150566,27732.4415121836
3217,1.1837,25.0,3.0,0.040668045501551196,1048.8880818712332,9.974210777152646,27797.951476823906
3218,1.2302,25.0,3.0,0.042040330920372286,1052.3471829396588,49.95965349869618,27751.88858608028
3219,1.2152,25.0,3.0,0.04157120262789708,1073.6652132363774,80.01149389180257,27488.567662773417
3220,1.2869,25.0,3.0,0.06433634953464323,1116.9099839540659,130.02344994607563,26944.436627968527
3221,1.325,25.0,3.0,0.06515770423991728,1157.82966143227,44.95516524732133,26485.166961911393
3222,1.3014,25.0,3.0,0.04598422957600828,1174.9305005140961,15.001069575298724,26325.060374611734
3223,1.4286,25.0,3.0,0.03931058255773871,1196.9689944765294,55.03991649631199,26103.70183797774
3225,1.4032,25.0,3.0,0.025476215098241987,1239.3131652122088,80.02146653525003,25704.195120204804
3227,1.2833,25.0,3.0,0.020371509824198553,1310.525538782002,100.00692626729955,25043.314095360554
3228,1.2768,25.0,3.0,0.015642967942088935,1418.5294522346449,150.051753769088,24132.17970942786
3229,1.1621,9.0,3.0,0.00020682523267838678,1766.4647392519103,79.95448928647147,18126.70567766439
3230,1.1968,9.0,3.0,0.0005144777662874871,1724.8508482673144,35.010182909924985,18289.50938858213
3231,1.4221,9.0,3.0,0.000985522233712513,1700.9827869607063,30.003149192145603,18379.59903343186
3232,1.2361,9.0,3.0,0.002579110651499483,1677.832034476435,40.053430719873354,18452.760910389312
3234,1.2968,9.0,3.0,0.002472337125129266,1652.2965496110721,39.937435142748484,18590.300330771483
3236,1.3371,9.0,3.0,0.0036892635544393563,1617.7540239035668,64.94028205589933,18758.535263414364
3238,1.4407,9.0,3.0,0.0035480868665977248,1593.7674820376274,49.928700006630834,18894.60094240508
3239,1.3839,9.0,3.0,0.0026328852119958637,1570.924391238908,64.90474008423087,19040.246392567402
3240,1.2951,9.0,3.0,0.0037949844881075495,1536.5502192915724,84.90365516034404,19223.464696097104
3241,1.3202,9.0,3.0,0.004942864529472596,1512.4246272705968,5.000541127170495,19355.460423604705
3242,1.4025,9.0,3.0,0.006873282611907225,1511.7979087893232,29.90493904180712,19342.295184649716
3243,1.338,9.0,3.0,0.006455274043433299,1518.0405627967127,15.045914120993125,19307.549852872526
3245,1.4446,9.0,3.0,0.005615649775939331,1522.88068831181,10.006140644656234,19285.418283633742
3246,1.2161,9.0,3.0,0.004518614270941055,1540.43437289548,104.9784260671178,19191.412946334833
3247,1.2971,9.0,3.0,0.003453593588417787,1566.5803888217272,35.009641279864944,19051.63300532341
3248,1.3325,9.0,3.0,0.0035698035160289564,1567.308383333505,45.000525850272716,19045.73383825979
3249,1.5085,9.0,3.0,0.0036489141675284387,1559.6115821958929,14.916609218702854,19089.38323878509
3250,1.3885,9.0,3.0,0.003717166494312306,1555.1460762620814,10.032096197014225,19114.559046707178
3251,1.4772,9.0,3.0,0.0038681489141675286,1551.600320334059,15.013719941126347,19133.347646565
3252,1.391,9.0,3.0,0.004593846949327818,1552.6475392350978,34.95008538563318,19118.435943503355
3253,1.3712,9.0,3.0,0.004102055325749742,1557.0436060107209,34.960392611138445,19098.43516374022
3254,1.2065,11.0,3.0,0.00020682523267838678,2055.2855096144513,89.84975145374786,17275.806829422447
3255,1.1913,11.0,3.0,0.0006097545533208113,2043.53041729425,233.9261400391943,17273.315736100336
3256,1.1643,11.0,3.0,0.0074457083764219245,1937.9999807527674,139.9685271614264,17597.96147940925
3257,1.2688,11.0,3.0,0.007856256463288521,1812.1172537609723,120.00727541356058,18168.08745386281
3259,1.3561,11.0,3.0,0.009104705274043435,1725.517173887957,49.964523512691024,18590.030821388762
3260,1.1771,11.0,3.0,0.010268614270941057,1682.3926562141457,35.011133307043075,18809.73264664039
3261,1.3054,11.0,3.0,0.010676059979317478,1655.8555438492124,15.027282569053991,18950.921182054328
3263,1.3955,11.0,3.0,0.012966390899689763,1632.3712473637179,9.979901803619526,19070.573785217828
3264,1.4686,11.0,3.0,0.013155118924508791,1609.6426497377022,35.05992119542272,19197.774921172502
3267,1.5193,11.0,3.0,0.019874152591060554,1553.9202292040711,40.022871061156046,19501.590999622567
3268,1.4668,11.0,3.0,0.018775594622543954,1512.8205313407432,34.99478759616877,19755.459609982085
3269,1.2602,11.0,3.0,0.01978852119958635,1453.1304609807178,75.0094054911486,20135.540392454208
3271,1.2128,11.0,3.0,0.02792088934850052,1352.6284166596813,104.95223682310598,20816.514903710126
3272,1.2293,11.0,3.0,0.02827869700103413,1249.8373041925272,100.05290974412479,21615.3202217192
3273,1.3739,11.0,3.0,0.03517984100310238,1163.4295572777921,69.92952745251061,22353.522743240213
3275,1.3515,11.0,3.0,0.04080325749741469,1097.0460235894536,30.019591521158826,22979.563273012966
3276,1.2908,11.0,3.0,0.04138753877973113,1075.3509184985953,9.996194896700121,23198.609313922178
3277,1.3449,11.0,3.0,0.044083505687693904,1037.4701845994334,70.01326978083888,23594.779651556586
3278,1.4511,11.0,3.0,0.03626887280248191,967.5241210265883,79.97654731624458,24406.033038566027
3280,1.4176,11.0,3.0,0.034564152755207564,911.6976035642134,29.951294375189132,25110.838666137413
3282,1.3545,11.0,3.0,0.035312564632885214,883.3062991004873,10.076232076760997,25491.084446011588
3283,1.2362,11.0,3.0,0.03541804550155119,854.765659931457,45.07773938909638,25893.274749107117
3284,1.408,11.0,3.0,0.029914943123061016,813.9992576166502,30.016406614115336,26515.68252009727
3286,1.2924,11.0,3.0,0.030449683298862464,760.2392087075624,75.01061363149485,27392.562972722604
3288,1.3022,11.0,3.0,0.024667683557394005,700.7567526369046,20.01237396666844,28493.717274993836
3290,1.2969,11.0,3.0,0.020220746161800973,652.7459808776034,54.99341991859917,29490.182525314296
3291,1.2395,11.0,3.0,0.02866209927611169,586.3768500379064,75.00674096154704,31008.465908450755
3292,1.4884,11.0,3.0,0.04575904860392968,530.524557404305,34.98546320449812,32483.971450925495
3294,1.4862,11.0,3.0,0.044119700103412623,491.91960570656744,39.99639824887674,33678.89896365987
3296,1.287,11.0,3.0,0.043780718247626214,449.60419514257796,49.98355158780728,35155.633509185216
3297,1.3263,20.0,3.0,0.046725180972078596,1215.1265035917784,59.933845940014564,24388.243288010326
3298,1.2791,20.0,3.0,0.037940044185390626,1207.8125465964856,50.06581053842278,24472.127903169017
3299,1.2676,20.0,3.0,0.03666494312306102,1204.7113997601134,19.946391879814147,24504.37902126036
3300,1.2607,20.0,3.0,0.036347170926281584,1202.9049255453067,29.919584438706316,24522.489081770018
3302,1.2638,20.0,3.0,0.040651815465931294,1201.4043540582752,40.019376925825505,24529.777057228766
3303,1.1937,20.0,3.0,0.03972983453981386,1201.0908954898453,4.9957322252764715,24534.328545869343
3304,1.243,20.0,3.0,0.03942456049638056,1202.6380505519621,120.07615459107457,24519.776083318375
3305,1.2287,20.0,3.0,0.039481127197518104,1210.1019226146761,44.92460308294062,24447.446365511598
3306,1.1759,20.0,3.0,0.05198241985522234,1228.0029690196864,165.09015107894015,24259.070033194323
3307,1.2011,20.0,3.0,0.051514736297828344,1250.5903966839999,44.910907885329685,24049.713077910837
3308,1.2785,20.0,3.0,0.024971475353326444,1246.0377981447095,24.911160786132463,24138.081153001764
3310,1.2202,20.0,3.0,0.01557205979129454,1220.7727709118603,50.00061750239196,24405.70367158918
3311,1.1712,20.0,3.0,0.015454239917269911,1147.2243334288214,179.9942088506607,25140.21631377757
3312,1.2272,20.0,3.0,0.015198293691830405,1083.576808473201,35.00559045910322,25835.04062447117
3313,1.2108,20.0,3.0,0.031487073422957604,1043.735784343792,84.95396981251882,26249.729784609524
3314,1.2733,20.0,3.0,0.03178490175801448,996.3864097540646,34.983745265263444,26836.684361686013
3315,1.2686,20.0,3.0,0.0319751809720786,959.7457339933733,65.02147366655186,27320.038249529338
3316,1.3899,20.0,3.0,0.03242063081695967,928.0168902974652,14.964161254915169,27760.524564123894
3317,1.4485,20.0,3.0,0.03365330920372286,909.7153533382216,35.003545969102014,28022.672655582704
3318,1.4981,20.0,3.0,0.015033092037228543,889.5831167028501,20.02385374949598,28384.174597657995
3320,1.4383,20.0,3.0,0.01883221302998966,863.9731944463178,44.972752046374,28765.060477016046
3321,1.2574,20.0,3.0,0.019402016546018617,842.1841750734529,14.962786555341726,29115.265996925402
3322,1.2988,20.0,3.0,0.016447736854665503,817.5683356219415,60.03547069505717,29543.04622002747
3324,1.2618,20.0,3.0,0.01000055153395381,760.7211231024323,144.97947558848858,30616.52739246811
3325,1.3176,20.0,3.0,0.011608583247156154,663.8730157393874,349.86586296445586,32657.68897527286
3326,1.2284,20.0,3.0,0.012922440537745605,506.27271316934133,59.88659267528826,37152.548023939766
3327,1.276,20.0,3.0,0.007333184751988019,1643.817574151357,139.95961783593827,21219.860294525723
3328,1.2514,20.0,3.0,0.004670178386763185,1750.123698626244,75.05230440576764,20619.896484224475
3329,1.1993,20.0,3.0,0.004279214064115823,1872.4710781117617,169.99263108707567,19970.703472071316
3330,1.2053,20.0,3.0,0.0030431034482758623,2028.5790994020674,140.03462086182486,19239.944614913922
3331,1.2166,20.0,3.0,0.002016992573093918,2179.682998176088,160.02119499290913,18612.326939913364
3332,1.3301,20.0,3.0,0.0032993220728484434,2279.030218078102,40.00090156203693,18197.048143989934
3333,1.3018,20.0,3.0,0.002488107549120993,2319.7681864446827,34.962495864993464,18057.51991859859
3334,1.4547,20.0,3.0,0.0006204756980351604,2363.520210435818,44.97106794263511,17963.658361945632
3335,1.1637,30.0,3.0,0.014216649431230612,2948.879941959042,219.9867260711545,18086.495223584265
3336,1.2083,30.0,3.0,0.01312759868772956,2558.2617307251617,569.8247854061456,19358.64277409567
3337,1.1893,30.0,3.0,0.01141176414263281,2281.7749013998227,130.04798381748586,20451.435932794782
3338,1.1789,30.0,3.0,0.029993019648397106,2078.900273830861,274.97510102789323,21325.053101101654
3339,1.1667,30.0,3.0,0.04176111685625647,1857.0017325514164,165.06408891836438,22484.529798283656
3340,1.1777,30.0,3.0,0.04186065149948294,1682.0368874587627,174.97332077541222,23570.84525948076
3341,1.1735,30.0,3.0,0.04571561530506722,1522.1630009393662,154.98890287514496,24714.79135704302
3342,1.2087,30.0,3.0,0.04592967942088935,1350.4011853625275,204.97210591887776,26166.624651887643
3343,1.2317,25.0,3.0,0.017902275077559465,1716.9271468120517,74.82329661259641,22024.295133537773
3344,1.2117,25.0,3.0,0.0191222854188211,1690.3405455591328,60.03767044856763,22184.916040443346
3345,1.1907,25.0,3.0,0.01997699069286453,1639.2181289312098,245.03009011820163,22509.57904756619
3346,1.1917,25.0,3.0,0.0186383882405082,1601.5096619439937,65.02717065744878,22764.984063916712
3348,1.185,25.0,3.0,0.01947207859358842,1593.052559778116,4.993549846209973,22819.8753830741
3349,1.1984,25.0,3.0,0.01957342295760083,1582.6271388458458,134.9584487302278,22891.119949739095
3350,1.1811,25.0,3.0,0.024755429162357814,1571.819834603984,129.9621912814039,22951.678717753206
3351,1.1637,25.0,3.0,0.019437952430196487,1597.322632126328,274.93049811065674,22790.871015467554
3352,1.1834,25.0,3.0,0.021673474663909,1586.9755544340467,89.95641513287111,22854.983753491757
3353,1.1939,25.0,3.0,0.021500068034616012,1578.2150939328544,89.9961443436846,22915.883787930463
3354,1.2414,25.0,3.0,0.020282747328507413,1584.2262226766995,70.04361022424636,22877.929649353297
3355,1.2144,25.0,3.0,0.017705791106514997,1609.1656350227518,149.92275060684182,22716.375930945727
3356,1.1715,25.0,3.0,0.01662391416752844,1664.5059203418866,144.9397169882015,22356.788178966854
3357,1.1675,25.0,3.0,0.03586763185108584,1754.6601867597012,219.91965684743315,21756.855168712234
3358,1.1817,25.0,3.0,0.03541619600668205,1909.0561313462365,124.90118043013416,20899.952142911967
3359,1.2931,25.0,3.0,0.015021716649431232,1744.9070115617246,79.8847715030584,21865.385455077932
3360,1.1869,25.0,3.0,0.015012072298907424,1831.4306667019075,109.99026062398175,21366.581963606517
3361,1.1833,25.0,3.0,0.013164684591520167,1999.6411071776408,254.9376303218541,20496.94064719968
3362,1.1946,25.0,3.0,0.007233712512926578,2216.574454228797,449.92807193410374,19545.70519321143
3363,1.1714,25.0,3.0,0.004457326861041227,2360.7767191272633,329.8752466335434,18991.46088630163
3364,1.1938,25.0,3.0,0.004421147880041366,2281.535086636389,170.01141885452952,19303.614261559844
3365,1.1658,25.0,3.0,0.004837642192347467,2231.228316329238,275.0449381422109,19505.273559692716
3366,1.1755,25.0,3.0,0.020630558428128234,2215.257420819327,90.04294422957784,19496.75196381531
3367,1.1681,25.0,3.0,0.0036475220746161807,2219.8190088726037,124.95538581398175,19567.726332070164
3368,1.1977,25.0,3.0,0.004790072388831438,2233.1348830578063,130.03466281167098,19497.84375950655
3370,1.1765,25.0,3.0,0.00548733195449845,2264.650904280738,134.93891654965154,19360.967705527957
3371,1.1731,25.0,3.0,0.002956049638055843,2311.28267477254,124.99977785049532,19205.314707438956
3372,1.1729,25.0,3.0,0.001860651499482937,2367.8879764004155,150.0199093086286,19008.416024212398
3373,1.2746,20.0,3.0,0.0022001034126163392,1955.4996915242739,59.996294150812076,19596.451879502743
3374,1.2034,20.0,3.0,0.0016804550155118923,1945.4887379019217,120.08669624812683,19658.57489638316
3375,1.191,20.0,3.0,0.004201654601861428,1940.0215414290867,90.06073263513,19636.988827378107
3376,1.1987,20.0,3.0,0.009082988624612204,1940.2507981223473,90.02714918439456,19595.60831499361
3377,1.2257,20.0,3.0,0.006635142391217883,1946.6477599731425,125.04102368747975,19581.243937699965
3378,1.2236,20.0,3.0,0.006644260599793175,1961.462797906751,134.9869171329737,19510.505315610033
3379,1.2676,20.0,3.0,0.0023326045206086576,1990.1340457307908,169.90290004241106,19430.049880607294
3380,1.2497,20.0,3.0,0.0050302481902792144,2048.705280132739,129.99482813632542,19123.964666734904
3381,1.2002,20.0,3.0,0.003446419338159256,2107.3180337622553,135.05554330847184,18887.453947386814
3382,1.2096,23.0,3.0,0.010073702171664945,1969.566663835989,244.8103340803323,20167.659755035354
3384,1.2938,23.0,3.0,0.01907827042399173,1804.2160398583328,54.977751486242454,20993.114632940757
3385,1.2413,23.0,3.0,0.019135470527404344,1764.1900801983902,25.002754315739672,21218.73954778796
3387,1.3522,23.0,3.0,0.021041882109617372,1731.3113542815809,25.002755390519717,21404.535734900262
3389,1.2445,23.0,3.0,0.036416494312306105,1661.9135513820233,105.0162771297772,21794.340120820845
3391,1.324,23.0,3.0,0.037411323681489146,1584.5871532166218,34.994990799036714,22293.587988885312
3392,1.291,23.0,3.0,0.03772052740434333,1539.003816121036,49.99224647297662,22605.56622662628
3394,1.2147,23.0,3.0,0.06412693898655637,1488.713323035869,19.97432997073193,22934.121564356694
3395,1.2012,23.0,3.0,0.0752952430196484,1458.5137590746865,39.99549375759481,23149.45460458337
3396,1.1855,23.0,3.0,0.0756416752843847,1424.5354850095493,25.06467725932422,23410.85298827385
3397,1.2002,23.0,3.0,0.07599017580144779,1390.509346158483,54.870488362060215,23682.01715565887
3398,1.3435,23.0,3.0,0.13883996897621512,1308.3495736173436,179.94734760752206,24340.791122582898
3399,1.3443,23.0,3.0,0.1262789157584918,1236.6815060377123,59.98817504016434,25009.862332606936
3400,1.2239,23.0,3.0,0.12580403309203725,1218.6906850947576,4.986272204321156,25185.5014509021
3401,1.2336,23.0,3.0,0.12487357807652535,1201.2443008202517,64.98633288881109,25359.774369281975
3404,1.3542,23.0,3.0,0.08094700103412616,1172.5689730534339,25.01948412090788,25683.280823316574
3405,1.4639,23.0,3.0,0.08097673216132369,1157.065119133877,39.98993954354856,25846.79130086521
3407,1.3233,23.0,3.0,0.08683195449844881,1138.792340473915,15.052243163358089,26038.896660021772
3408,1.3781,23.0,3.0,0.08677740434332988,1129.2374435789657,29.95693267715489,26143.77390042404
3409,1.4044,23.0,3.0,0.09314555325749742,1114.2077451474913,49.863046503772054,26306.392162832894
3410,1.2821,23.0,3.0,0.12098552223371252,1094.1806669028267,54.98297792268581,26516.435871388167
3411,1.3392,23.0,3.0,0.0954474663908997,1072.2814730297105,69.85851414752734,26790.224931559307
3412,1.5438,23.0,3.0,0.09214592258827006,1049.5997369687075,30.081160515570787,27067.29174797345
3413,1.3991,23.0,3.0,0.09129369183040331,1023.1366091773683,59.93029930724212,27399.58714561888
3414,1.4471,23.0,3.0,0.06737302869700104,994.669797819152,34.954568392017606,27793.24595269889
3415,1.3977,23.0,3.0,0.06420139607032059,969.6328802268902,40.06603889981065,28136.799306543908
3416,1.3918,23.0,3.0,0.038038262668045504,938.3188280114721,69.92718732247548,28620.598854920194
3418,1.3391,23.0,3.0,0.046864173991726994,904.0411250657415,34.95029102215767,29116.862256800792
3419,1.3549,23.0,3.0,0.04564038262668046,882.876178836046,39.94761318144218,29449.7316849831
3420,1.3962,23.0,3.0,0.04532962771458118,849.7379468639538,55.064102948513224,29992.47071746853
3422,1.4632,23.0,3.0,0.06485548086866598,823.2499584843644,20.007056127265205,30419.802915858752
3423,1.2883,23.0,3.0,0.061447001034126175,803.2410678666978,44.950551181357575,30783.253663295414
3424,1.3265,23.0,3.0,0.04019706566701138,765.487384257445,94.90935168643644,31533.747602183725
3427,1.3341,23.0,3.0,0.04303309203722855,720.4454663974152,35.01839322318564,32453.07655094582
3428,1.2643,23.0,3.0,0.042254007238883146,704.0651253078722,35.05893881226337,32812.55589521943
3429,1.3428,23.0,3.0,0.04199822721229133,691.2657285695061,30.009251553645313,33101.42164141706
3430,1.3979,23.0,3.0,0.041969958634953466,678.2460318889847,45.0922040473278,33402.98345928868
3433,1.4162,23.0,3.0,0.04366310754912099,653.0986667336887,45.027300105080684,34006.67150306639
3434,1.3365,23.0,3.0,0.040830920372285424,649.3958380419907,19.928357732677394,34105.0910532003
3435,1.2633,23.0,3.0,0.04054136504653568,647.9977010315246,20.015874259534712,34140.808923791934
3437,1.1958,23.0,3.0,0.039871645245481854,665.1423500997136,100.07542433489286,33719.79224553691
3438,1.2355,23.0,3.0,0.04024560496380559,698.9292689947029,50.0411415785283,32931.58445110433
3439,1.4984,9.0,3.0,0.018435729058945194,425.0120689640802,44.9460537044988,35331.58957759446
3440,1.2977,9.0,3.0,0.011757083764219235,375.29855444118266,94.91113021876077,37535.80750428291
3441,1.3223,9.0,3.0,0.03099663908996898,345.30225096508764,54.977628239424746,38956.170305438216
3442,1.2477,9.0,3.0,0.030824457083764224,330.3515818883504,14.997522988936039,39787.75827433221
3443,1.2496,9.0,3.0,0.03058699586349535,322.51216645451376,35.01663170434121,40246.88270678726
3444,1.2348,9.0,3.0,0.03040667011375388,317.5178223394034,115.00557410403735,40548.17119028071
3445,1.1847,9.0,3.0,0.030276527584191363,374.55160659806035,225.05836549372714,37476.95422048467
3446,1.1894,9.0,3.0,0.0301858841778697,468.4105503952354,19.959357583678077,33686.591754206194
3447,1.3954,9.0,3.0,0.04073862461220269,506.36671210754,69.92414351519045,32432.016348530455
3448,1.156,9.0,3.0,0.03786193458194492,574.3959252595477,130.03381020855613,30545.84463682122
3449,1.2838,9.0,3.0,0.037107946861824836,666.7367896050109,124.977430293161,28451.275623184894
3450,1.2108,9.0,3.0,0.03627082173255907,764.5374982149447,125.04306016114052,26655.156271865737
3451,1.2306,9.0,3.0,0.03617114788004137,849.592533014693,69.94859509718461,25347.688199741595
3452,1.6729,9.0,3.0,0.03144596690796277,894.7071727777303,34.986792534826336,24739.164069703344
3454,1.5463,9.0,3.0,0.02334837125129266,921.5484027444085,24.986204628766767,24412.248401781293
3455,1.5121,9.0,3.0,0.023125387797311273,966.4024129347756,70.01583807191324,23865.82592976768
3456,1.4057,9.0,3.0,0.02330946225439504,1043.3449406897714,94.74575810977325,23009.22894145665
3457,1.3186,25.0,3.0,0.0725263702171665,471.81778825500993,105.0329645831078,40625.06496415437
3459,1.3376,25.0,3.0,0.07219906928645295,376.7135654915604,80.01490932936409,45229.21114180736
3461,1.2808,25.0,3.0,0.0700064554542321,256.2777243245567,159.95185302726637,54354.346532148484
3462,1.3027,25.0,3.0,0.07684565667011375,108.41198897649471,140.0319973142833,81902.8443314243
3463,1.3043,25.0,3.0,0.06058273009307136,58.89804781059336,119.69801185527412,109630.60731836673
3465,1.2955,25.0,3.0,0.06438262668045502,158.61192039432495,110.01462183305617,68343.58614438138
3466,1.6648,12.0,3.0,0.0018324715615305068,651.748586398727,35.08662141598366,30061.5935607064
3468,1.3697,12.0,3.0,0.0017580144777662877,610.6022882409145,29.985269226669704,31014.5561984221
3469,1.455,12.0,3.0,0.0018865046535677355,583.268731718087,19.995337257309863,31693.38936122434
3470,1.3314,12.0,3.0,0.002241726990692865,553.3814377047638,35.05049929781886,32483.490098521328
3471,1.464,12.0,3.0,0.003350310237849018,513.3674276935828,40.00884241606369,33631.16778558548
3473,1.5745,12.0,3.0,0.028290654084798347,471.53341218799204,15.041169206938715,34823.9603737715
3474,1.4945,12.0,3.0,0.027300413650465358,456.3385071432996,15.041158720180492,35375.52830138043
3475,1.2864,12.0,3.0,0.027432781799379528,441.1831371307448,14.977799380604928,35949.43652689772
3476,1.2888,12.0,3.0,0.027360163162128005,412.73982500544884,40.03766746224375,37110.5006578182
3477,1.3392,12.0,3.0,0.02831178903826267,365.8541397888673,55.04529686550692,39303.37923756912
3478,1.433,12.0,3.0,0.04591468459152017,306.71041582443684,59.9483061999872,42696.14498467633
3479,1.3932,12.0,3.0,0.04214038262668046,250.92773298545444,50.02726213439599,46995.99465403803
3480,1.4908,12.0,3.0,0.043217942088934855,211.59592575112205,35.00024229910859,50972.898198320094
3481,1.5736,12.0,3.0,0.037907147402752375,184.6210627369855,59.970169445919126,54416.89694260758
3482,1.5042,12.0,3.0,0.04508628490175801,168.89487010480653,55.0236863905882,56750.67461026696
3483,1.6066,12.0,3.0,0.04634824198552224,171.71701702987383,44.995882195795566,56299.84064803261
3484,1.4618,12.0,3.0,0.03744605308514306,171.93249323357628,55.01433289370997,56298.152161573715
3485,1.4748,12.0,3.0,0.02155274043433299,173.43420910195334,59.916091713423384,56147.70836847242
3487,1.1855,32.0,3.0,0.0011284901758014478,4046.744943924083,494.8056587202787,16040.645646993571
3488,1.1897,32.0,3.0,0.0006926188176775748,3826.7377861567,599.9400010232403,16495.419141496353
3489,1.2519,32.0,3.0,0.0026096173733195453,3564.1927881464617,19.98320562034323,17003.907541979082
3490,1.2462,32.0,3.0,0.0024108981816614965,3459.2989110581852,235.04949429135257,17251.495603522933
3492,1.2611,32.0,3.0,0.005258790072388832,3297.967718542863,159.9642754581895,17612.283614723132
3493,1.1895,32.0,3.0,0.052693381592554295,3215.3557034842,50.061066609386856,17717.5602739992
3494,1.1938,32.0,3.0,0.053079110651499485,3129.270949762659,165.03303638073527,17947.986632461434
3495,1.236,32.0,3.0,0.05595217166494313,3022.925898023611,105.00370498172902,18243.795839875205
3496,1.2106,32.0,3.0,0.058957859358841784,2844.5987017914777,284.9052367550353,18777.89895188292
3497,1.2404,32.0,3.0,0.06021302998965875,2626.506095337164,164.9457127510107,19504.84262354757
3499,1.2134,32.0,3.0,0.062115822130299904,2504.324199563073,80.04874882002666,19951.32622196475
3500,1.2099,32.0,3.0,0.006881863697127148,2374.6916137953453,194.95683239119168,20583.73070362067
3501,1.1938,32.0,3.0,0.006008014477766288,2251.9857011935646,119.9867874987508,21118.782045820397
3502,1.1967,32.0,3.0,0.006382368148914168,2200.9389138185884,130.00444167746736,21347.51853644958
3503,1.1879,32.0,3.0,0.010129007238883145,2169.920859457254,50.05689903999614,21466.07451280393
3504,1.2047,32.0,3.0,0.006764900817899783,2147.39022973926,105.05284456408583,21596.38692068778
3505,1.204,32.0,3.0,0.006342803247922173,2118.4664475723225,129.98645093311245,21740.22597538896
3506,1.2256,32.0,3.0,0.0063433298862461225,2094.2025558520813,119.98540595192361,21859.975195802468
3507,1.4331,32.0,3.0,0.005853412616339194,2063.2163756814557,299.84546642289973,22020.633542545256
3508,1.1761,32.0,3.0,0.006308945191313341,2074.6362298022595,335.0569598571427,21958.364881731148
3509,1.2559,32.0,3.0,0.014913908996897624,2101.5330657545182,59.991473833884335,21773.94969930216
3510,1.1987,32.0,3.0,0.015035935884177872,2125.4589587701403,149.94230833723518,21656.25161404434
3511,1.2012,32.0,3.0,0.023420113753877977,2189.804790100797,304.9857932430287,21325.246380640594
3512,1.2056,25.0,3.0,0.011317045846259912,1807.7579020798119,10.05981902407429,21515.737478566552
3513,1.1871,25.0,3.0,0.005737538779731127,1771.4649657671398,144.95693005128857,21764.163866234787
3514,1.2212,25.0,3.0,0.005434850051706308,1720.5020091983656,49.97974236868514,22072.4258521654
3515,1.1981,25.0,3.0,0.005616856256463289,1701.506643812824,24.939233977313695,22187.64380488905
3516,1.1901,25.0,3.0,0.0067197518097207865,1682.1786517041705,59.933108593553236,22298.199886263315
3517,1.185,25.0,3.0,0.005991209927611169,1610.5411159309467,289.99503402377877,22772.746697493967
3518,1.1684,25.0,3.0,0.010858066184074458,1560.6424301432517,220.02419133789311,23080.522950086543
3519,1.176,25.0,3.0,0.004190537745604964,1578.1147858530426,99.97275535643755,23016.597280983056
3520,1.1828,25.0,3.0,0.004011612375043089,1576.4476298128918,55.063085596011646,23030.877722449986
3521,1.1897,25.0,3.0,0.003866080661840745,1565.9371022859716,70.0454904693287,23106.737548089375
3522,1.1675,25.0,3.0,0.003429937952430197,1530.580978244412,279.9514398845567,23367.19701453762
3523,1.1803,25.0,3.0,0.0037991209927611173,1570.0005663351944,139.97746461853103,23079.273359952946
3524,1.2008,25.0,3.0,0.012514511125195985,1661.893356537527,144.9556199818238,22390.46706104359
3525,1.1791,10.0,3.0,0.053157445708376425,1011.8577920763555,24.298409502734664,23579.55496738854
3526,1.1895,10.0,3.0,0.051670889348500525,1055.578147855074,99.92970975710816,23110.427433703575
3527,1.2022,10.0,3.0,0.050316623578076536,1143.9717015742767,94.92699716330551,22242.53393607242
3528,1.2251,10.0,3.0,0.049888572905894525,1207.7976611311012,34.97666074385136,21674.555785956945
3529,1.1824,10.0,3.0,0.04855999655291279,1260.1713493706748,70.02054199631127,21241.746999983534
3530,1.2091,10.0,3.0,0.04811782882749791,1393.1387053877334,205.05196947093492,20250.060854373864
3531,1.1865,10.0,3.0,0.047732901664003013,1605.367512534346,215.0743320317186,18926.49798911291
3532,1.3207,10.0,3.0,0.06548138572905896,1751.9457248512151,75.05173562507626,18138.836351937112
3533,1.2187,10.0,3.0,0.06427352637021717,1802.1852603635466,20.013723567301668,17896.81058501327
3534,1.2535,10.0,3.0,0.06360249339308285,1918.5331379540512,219.9618051049132,17371.264683657453
3535,1.2287,10.0,3.0,0.0632187176835574,2087.685673069793,134.9399144065604,16685.511184085764
3536,1.1979,10.0,3.0,0.0628916752843847,2175.3666928225603,54.94064718552679,16361.578735932319
3537,1.2535,10.0,3.0,0.058851520635517546,2255.467496762561,105.00735399980587,16084.711570354762
3538,1.2122,10.0,3.0,0.058307380027390374,2393.633253655147,179.53035140445286,15635.46816765385
3539,1.2372,12.0,3.0,0.014875129265770426,2347.2904966522256,794.7877492603742,16226.367637733872
3540,1.204,12.0,3.0,0.014530765253360911,2557.6289530119575,139.9748266354431,15576.695672843722
3541,1.2157,12.0,3.0,0.013181230610134438,2786.6619202796815,369.9232596126127,14956.377985213225
3542,1.2597,12.0,3.0,0.011928903826266806,3185.415563131083,614.765791184336,14036.044979720407
3544,1.1816,12.0,3.0,0.0061741856256463295,3469.8403801555755,75.00478643786026,13498.767811128671
3545,1.1645,12.0,3.0,0.0052091240671902515,3580.053645445459,179.9263650061723,13304.999960463576
3547,1.1857,12.0,3.0,0.004872896493372192,3698.7199541158984,49.917343808506885,13102.03449752285
3548,1.1659,12.0,3.0,0.00801680455015512,3747.48316497619,45.072764562369535,13003.204486282411
3549,1.1678,12.0,3.0,0.007444415718717684,3869.9818429369016,199.9885028472366,12807.80300370535
3550,1.1821,12.0,3.0,0.00685522233712513,4041.8405222165825,154.99489704053013,12547.911853319327
3551,1.2763,16.0,3.0,0.014241468459152019,650.9606923887453,19.9706034257038,31394.518463503468
3552,1.3875,16.0,3.0,0.01405015511892451,675.8308362189518,45.03559832789503,30839.304359099566
3553,1.4359,16.0,3.0,0.032330403309203726,700.0914435416948,19.90616076593848,30257.751475286037
3554,1.3163,16.0,3.0,0.031752326783867635,715.0471365374849,20.005073377708772,29955.733025720427
3560,1.4589,16.0,3.0,0.05632939503619442,824.7272274575319,45.00376886688307,27942.350285458102
3561,1.5569,16.0,3.0,0.05609152016546019,857.1479705693871,35.02862440421269,27433.581578636346
3562,1.6053,16.0,3.0,0.05692812823164427,883.8601880658048,25.019110489784552,27033.971266761768
3564,1.4789,16.0,3.0,0.037944415718717685,922.7205535385747,49.989803981468874,26513.561470630608
3565,1.2714,16.0,3.0,0.038032316442606004,946.4353404365088,5.003011627305641,26194.492449072623
3567,1.3777,16.0,3.0,0.03788417786970011,972.5946732968546,44.95297587423881,25856.39541435559
3569,1.3503,16.0,3.0,0.03718584724479244,1014.5191544094475,30.018162591142186,25342.49424918687
3570,1.2644,16.0,3.0,0.03702611168562565,1040.7670843833034,24.93652597748522,25035.96510920802
3571,1.3406,16.0,3.0,0.03674431230610135,1071.7683986043078,34.9942900927188,24688.482368758498
3573,1.2746,16.0,3.0,0.05003619441571872,1114.4389965640687,34.994951689320956,24213.182066312118
3574,1.2199,16.0,3.0,0.05071975180972079,1155.3254159445569,54.941163303827324,23799.84822724689
3575,1.4548,15.0,3.0,0.00020682523267838678,1356.9031663013277,35.0313805970176,22099.938204416583
3577,1.4006,15.0,3.0,0.003126680455015512,1341.9392064798724,129.99836905803315,22056.998881873642
3578,1.3445,15.0,3.0,0.004073681489141676,1281.789709413695,79.99819957138152,22528.77959068237
3579,1.2124,15.0,3.0,0.004114012409513961,1237.2202453062325,89.97241047207947,22911.60762945742
3580,1.4188,15.0,3.0,0.004652275077559462,1205.3757984512079,25.00413321825102,23190.687397448884
3581,1.3221,15.0,3.0,0.02476189245087901,1196.6439674968954,10.031547407270747,23167.838003480254
3582,1.62,15.0,3.0,0.01952488366080662,1194.983386905048,14.998099905644013,23197.860465970618
3583,1.5245,15.0,3.0,0.01772957600827301,1193.3963434116408,19.937506000663895,23218.530192338076
3584,1.2581,15.0,3.0,0.018320320579110653,1190.4814000810882,85.02630809750433,23243.594261503033
3586,1.4236,15.0,3.0,0.014298022233712515,1188.3408700957268,34.94982457305393,23278.913635023397
3587,1.3116,15.0,3.0,0.009820837642192349,1188.5166870496425,29.95451810547911,23300.568436792782
3588,1.7145,15.0,3.0,0.008701137538779732,1193.82658299359,24.949974480786068,23258.587570193944
3589,1.6158,15.0,3.0,0.00871302998965874,1197.8491226326987,24.937547618949097,23221.224607884305
3590,1.5991,15.0,3.0,0.009011892450879008,1200.6023336313651,20.025769884272638,23193.73266888608
3591,1.6457,15.0,3.0,0.009386763185108584,1203.0081554807748,19.994739951557964,23169.08741406783
3592,1.573,15.0,3.0,0.007172796018614272,1206.6049649547006,34.96907326223569,23152.707971574862
3594,1.8109,15.0,3.0,0.007315523382741583,1211.6251719264994,39.98119554738077,23105.700147475956
3596,1.6072,15.0,3.0,0.03454968114443296,1219.9301617964813,54.89762769030453,22935.53546601378
3597,1.8845,16.0,3.0,0.00020682523267838678,1015.274688083051,54.993556689499385,25686.2177257804
3598,1.2263,12.0,3.0,0.00020682523267838678,2058.6899649501966,109.99729015801877,17471.74637566071
3599,1.6503,25.0,3.0,0.001456566701137539,1590.8252234235238,34.59736356659852,22993.338935149623
3600,1.1791,8.0,3.0,0.00030516570640665787,2541.4978350887227,94.5387408253386,15041.492535711672
3601,1.7388,10.0,3.0,0.00020682523267838678,1276.6851751902343,99.5876153795348,21419.414062645086
3603,1.6486,25.0,3.0,0.0002068252326783868,1206.6416448645602,59.9872698038288,26369.65874256417
3604,1.5522,8.0,3.0,0.00020682523267838678,2445.8490653831236,54.95695275304013,15335.058633990966
3605,1.8793,12.0,3.0,0.00020682523267838678,2766.2844385660924,34.75046875323157,15175.807691843975
3606,1.6926,11.0,3.0,0.0018691830403309206,924.5419808124437,29.94487437142849,25138.42792887334
3607,1.8639,11.0,3.0,0.0014940772774278464,902.9579896432398,43.09122435895294,25438.376164631507
3610,1.5685,12.0,3.0,0.0018557158973394757,1949.105160881752,44.93633243982143,17828.989977452693
3611,1.6236,25.0,3.0,0.0006204756980351604,1710.243173868255,54.72195159665043,22263.765964034566
3612,1.8183,25.0,3.0,0.00020682523267838678,1735.562874369501,39.733916353951805,22173.06502684026
3613,1.7233,32.0,3.0,0.00020682523267838678,3383.827327402254,64.35174645862058,17548.322044927118
3614,1.223,25.0,3.0,0.0,2210.6641537467617,194.69344719430828,20039.30483596693
3615,1.2283,25.0,3.0,0.0018654158664499927,1707.8665913372672,24.939534435712872,22213.319277454902
3617,1.6448,25.0,3.0,0.00020682523267838678,1134.8233396623239,65.04096388631793,27152.69669948335
3618,,10.0,3.0,0.001456566701137539,1229.8659279401602,44.75715305378289,21691.396814333897
3619,1.3328,6.0,3.0,0.00020682523267838678,3762.905352868051,89.9776841643692,12189.493812097613
3620,1.3983,27.0,3.0,0.0008648797411348702,2673.2109649355243,149.9038199381114,18416.031722594504
3621,1.3169,27.0,3.0,0.0002221456202841932,2806.8932418809545,124.90158792250341,18057.689499800177
3622,1.5391,25.0,3.0,0.004746380558428129,423.043576175213,74.90725678394922,43106.812224237525
3623,1.843,11.0,3.0,0.0006204756980351604,871.9148300541501,49.81639321025789,25926.926142037526
3628,1.5017,16.0,3.0,0.00020682523267838678,725.9193768434197,54.35093135402923,30142.34185617434
3631,1.4266,26.0,3.0,0.0012036523455861618,1311.9697040094823,44.8083585635692,25525.619045584346
3632,1.6242,10.0,3.0,0.004755781705368055,1198.1038012924687,44.89147315085053,21894.633162999657
3633,1.4266,25.0,3.0,0.0004597357974447077,1739.3734521288022,149.29706558079306,22102.817497676107
3634,1.3632,25.0,3.0,0.00392838676318511,1500.4680430135634,15.027301137271763,23581.140819323526
3635,1.9492,27.0,3.0,0.00020682523267838678,2114.7455694562564,74.2237974480895,20672.060999585505
3636,1.8954,8.0,3.0,0.0,2463.430525561067,54.604396917990435,15501.333310095244
3637,1.3409,10.0,3.0,0.0,1814.8476729193044,99.94175130240063,18370.902935431295
3638,1.1874,10.0,3.0,0.001456566701137539,1714.4352349135297,379.0256525178259,18513.711371546844
3644,1.2026,25.0,3.0,0.0019849779567844123,1745.3522621429577,84.69249677960136,21980.885269790804
3645,1.2271,25.0,3.0,0.0022391019012011773,1511.3550295793102,54.861689465249256,23535.193892535437
3646,1.6283,12.0,3.0,0.0007478720865484051,3054.3081204548134,54.95725303645165,14426.212814410103
3647,1.4631,12.0,3.0,0.0004457680375467346,3140.3612804037148,118.55335706398462,14255.964322247426
3649,1.2273,10.0,4.0,0.00020682523267838678,3951.546950227179,274.6812260022113,13847.51276355617
3650,1.3039,10.0,4.0,0.00020682523267838678,4365.01474303603,324.53649772950604,13205.72897227263
3652,1.2026,10.0,4.0,0.00020682523267838678,4631.347384422444,379.3153341462722,12837.978546215447
3653,1.423,32.0,3.0,0.001054334712168218,3373.7661143339324,25.018943226037692,17497.193172790663
3654,1.39,32.0,3.0,0.00023267838676318514,3418.2059858145462,69.86840435289676,17458.45922904934
3655,1.2515,6.0,4.0,0.001612461220268873,3361.506135264912,234.7480755646026,14175.07092758421
3656,1.2405,6.0,4.0,8.121583690353081e-05,3468.6945901060744,99.87705361370575,14076.05704641542
3657,1.2803,6.0,4.0,7.755946225439505e-06,3551.194670495183,75.0009220763371,14006.495820848602
3658,1.6628,10.0,4.0,0.0040406109962082045,3408.407144567499,49.992842080464186,14741.990663672004
3661,1.4641,10.0,4.0,0.0,4757.101129022426,64.39569260021194,12856.27920356199
3662,1.934,10.0,4.0,0.00027331954498448815,4720.226119403458,119.49537754743761,12712.690918234974
3663,1.7259,10.0,4.0,0.00047300192052001776,2030.619222241937,59.89620362642523,18979.942783749946
3668,1.2901,10.0,4.0,0.0008559720785935885,529.386011662761,39.36984632124108,35977.33447377999
3669,,10.0,4.0,0.00023570121708694616,706.1894652721168,55.00482249230603,31466.009104686535
3671,1.4659,10.0,4.0,0.00023463583985817703,632.9251061998413,24.98849084585131,33153.60978643366
3675,2.0976,10.0,4.0,0.0002613753877973113,1260.681650103976,34.82825327237412,23861.78113670449
3694,1.6105,10.0,4.0,0.0,1838.3093861516838,24.909590307152566,20231.306179580657
3696,1.7532,10.0,4.0,0.0014565667011375387,1785.8648278327557,30.011765762299053,20118.400455736082
3701,,10.0,4.0,0.00047355591667897775,2553.7275213556254,59.89057783475529,17014.671809290146
3709,2.0207,10.0,4.0,0.001899804665058026,2663.10514531253,34.66590831024746,16616.182738497766
3710,1.575,10.0,4.0,0.0010303162248952267,2642.540659054725,84.78457648205658,16704.920380956577
3714,1.6423,10.0,4.0,0.00020682523267838678,2162.2678664997643,28.96897006511208,18460.45290010397
3718,1.8329,10.0,4.0,0.0001626163391933816,2959.361961724511,89.92681292024906,15904.8408170868
3720,1.3498,10.0,4.0,0.0,3320.041156861623,108.9057934928874,15261.63242570468
3725,,10.0,4.0,0.00020682523267838678,3595.931702971133,44.94243652425809,14484.452794659323
3726,1.4169,10.0,4.0,0.0,3109.9934918135614,159.14875282705125,15744.769277086412
3729,,10.0,4.0,0.0,3597.033496383049,183.55160847323725,14689.453081427104
3730,1.3278,10.0,4.0,0.00020682523267838678,3226.621415394267,158.06626829430556,15252.63792661247
3736,1.2453,10.0,4.0,0.00029389593425134715,1993.6074897512863,90.02270529486417,19171.44718947458
3738,1.5564,4.0,4.0,0.00029328248879696657,2665.480543228358,109.57201330868497,15526.128332245013
3739,1.8407,10.0,4.0,0.0002068252326783868,2189.0056492136296,59.79217791486169,18352.580662617387
3741,,10.0,4.0,0.0,2856.36761056282,69.98041779212177,16396.61636386483
3743,1.6744,10.0,4.0,0.0,2953.478065249288,139.5557003303722,16137.279908499417
3744,1.5563,10.0,4.0,0.00020682523267838678,3286.0102459044806,94.7456290278764,15120.556158508638
3746,1.6271,10.0,4.0,0.0002444298204380935,3543.166818276139,44.89879410711441,14580.427708714804
3747,1.6015,10.0,4.0,0.00025242621907565035,3463.7696746649067,59.955132391852096,14737.594865945644
3748,,10.0,4.0,0.00020682523267838678,3403.0238464938875,144.22197334100656,14870.353652208258
3752,,12.0,3.0,0.000760944501895898,1227.6526677316408,4.978549967470275,22278.861985055766
3753,1.5904,10.0,4.0,0.0,2888.665576495785,69.9444076786419,16308.935967599276
3754,,10.0,4.0,0.001456566701137539,3674.2668953235016,35.03029647962319,14262.028608468685
3755,1.4137,10.0,4.0,0.001456566701137539,607.8583056070039,24.96132289055996,33634.73469715605
3757,1.5295,10.0,4.0,0.00020682523267838678,499.7162165030529,14.88189755424589,37120.75455588357
3761,1.5444,10.0,4.0,0.00164768117094901,1139.5704003172973,54.357088273072904,24916.705867279423
3762,1.3825,24.0,3.0,0.002845231939725218,960.7339343736587,59.849088810628416,28842.266119647662
3763,1.5957,9.0,3.0,0.0031530506721820064,728.6295487376208,44.91456046793758,27451.691562862983
3764,1.5776,9.0,3.0,0.0016686271975180974,756.2498947157492,30.00024162744083,27014.67306546955
3765,1.544,10.0,4.0,0.00020682523267838678,1029.7755818462292,54.93888386236912,26294.944669217875
3773,1.3893,25.0,3.0,0.0021489081551670235,1619.485024711409,204.51703085043107,22774.79235023607
3777,,10.0,4.0,0.0030760082730093077,624.7035612453717,34.96700796048758,33133.11098040678
3781,2.0055,10.0,4.0,0.00268254315488028,424.6085248337053,60.039241187686805,39845.90057882694
3782,1.3397,10.0,4.0,0.00020682523267838678,1765.0624992511855,203.80365843792544,20336.567869435905
3784,1.687,10.0,4.0,5.7652533609100316e-05,710.4744419466718,19.94389899464466,31493.252372137853
3786,1.6821,10.0,4.0,0.01690279214064116,772.5266908628341,9.923274758927493,29806.142259887813
3787,1.6785,10.0,4.0,0.016912099276111685,763.1493453339623,44.92061769437702,29980.19141365587
3788,1.2458,10.0,4.0,0.00029423239635235503,1957.2119605930275,98.80384640140068,19340.573375818352
3790,,10.0,4.0,0.0004603010456164542,4528.9129030195245,34.93081773791521,12948.018363912417
3791,,10.0,4.0,0.0015597207859358844,1214.6672561990313,69.83309629318617,24173.371699797422
3793,1.5394,10.0,4.0,0.0002068252326783868,2074.742402433122,59.57624442048373,18827.811029804187
3794,1.7379,10.0,4.0,0.0,1824.7913564638993,87.61576857898575,20302.63741828149
3797,1.4541,10.0,4.0,0.0013147124333784108,2180.4635853391505,54.89430247065959,18296.48657234948
3798,1.333,4.0,4.0,0.00020682523267838678,3032.2951733014347,145.0202397410846,14613.850531225058
3803,,7.0,3.0,0.0015950103412616342,4311.323575793958,49.760516318544745,11499.714690870647
3805,1.5729,10.0,4.0,0.0005519935654372056,4481.759087064001,34.916879850127415,13006.509648808387
3806,,10.0,4.0,0.00020682523267838678,4509.126777342959,34.40947440967577,13002.755094088627
3807,1.379,10.0,4.0,0.00020682523267838678,3172.5809078425627,64.95696433660761,15375.983581807084
3809,1.3378,10.0,4.0,0.0013769217511203035,3165.847700168809,64.99961691542589,15314.056780692963
3811,1.8708,10.0,4.0,0.0003077817993795243,1063.4386000736533,40.078215684645876,25867.28030259687
3817,1.7179,10.0,4.0,0.0003455274043433299,3018.225129022033,69.89171953309045,15724.56803232973
3818,,7.0,3.0,0.00046564115822130307,4163.3586838937445,39.90640068266241,11731.232106599922
3820,,10.0,4.0,0.0,1673.1918270459373,79.86310955812935,21159.954870997226
3821,1.7252,10.0,4.0,0.0,2424.237267982857,99.70459373384006,17730.6869987361
3822,1.4449,10.0,4.0,0.0,2421.8291829305035,179.60946900651487,17739.09196195511
3823,1.6962,10.0,4.0,0.00020682523267838678,3412.97347912257,104.66050182743759,14849.6654949824
3825,1.3074,9.0,3.0,0.0,1518.818191519176,29.315212961418815,19759.127955984364
3829,,10.0,4.0,0.00020682523267838678,1708.9307907087045,35.00984791975075,20652.410269266697
3830,1.31,10.0,4.0,0.000265918156300783,2955.0250479256506,129.9192392586219,15895.13531338916
3831,,10.0,4.0,0.001456566701137539,4364.722288977971,45.005821384318295,13137.676578096658
3835,1.3916,10.0,4.0,0.002298533421077372,3680.122178604609,104.88282940022908,14233.899459171229
3838,1.9214,10.0,4.0,0.0006915443684129465,2211.976600869352,222.95696213888942,18202.83780686557
3840,1.7725,10.0,4.0,0.00020682523267838678,1820.8647954564333,133.3474130735959,20036.949035256992
3843,2.236,10.0,4.0,0.0014642580144777664,608.774597156928,30.03973574545401,33610.11250168294
3845,1.17,10.0,4.0,0.00020682523267838678,1932.6923744451983,73.08813271712135,19475.469848778288
3849,1.9659,10.0,4.0,0.00020682523267838678,1622.362726130237,24.957458000649012,21170.77121420853
3851,1.4178,10.0,4.0,0.001456566701137539,1128.7826807430213,59.92274014984332,25038.197704597984
3863,1.6978,10.0,4.0,0.0027781476215098244,1504.7252356781808,29.93771327439491,21793.210284968747
3866,1.5109,10.0,4.0,0.00020682523267838678,1560.8840404590742,24.838797310348944,21564.39034022049
3867,1.4529,10.0,4.0,0.00020682523267838678,1882.6916185279185,55.04361957176659,19720.428623673117
3872,1.8204,10.0,4.0,0.0002444298204380935,1430.1305051746988,44.99641108772697,22473.070376566575
3875,2.0911,10.0,4.0,0.0,1418.4598052719462,28.61658774199116,22893.890272371205
3879,1.6857,10.0,4.0,0.00206910178756094,1626.5468936305922,59.92420845103734,21015.491046643994
3883,,10.0,4.0,0.00045538894634034244,1670.5313367227109,34.975908668318084,20833.60491866505
3886,1.4064,10.0,4.0,0.0014975254838233123,1421.8850861367114,24.158851980924055,22426.5956994336
3892,1.9991,10.0,4.0,0.00020682523267838678,1287.55933789835,25.00634631509942,23637.669651561344
3893,1.5503,10.0,4.0,0.00020682523267838678,1899.8212124736183,79.41882562709924,19635.437557362588
3897,,10.0,4.0,0.00020682523267838678,1799.6305223242061,34.41055367742703,20149.343792000225
3901,,10.0,4.0,0.0005177740434332989,1552.8772372771691,29.948651062468738,21564.57357053828
3903,1.6146,10.0,4.0,0.001456566701137539,1600.2387378035112,59.86390882162362,21199.353531683053
3904,2.0292,10.0,4.0,0.001456566701137539,1591.02479103516,49.97382989674837,21257.80962474378
3905,1.575,10.0,4.0,0.001456566701137539,1652.7822823974616,89.36589889460465,20875.255332293254
3906,,10.0,4.0,0.0002782086636791911,1707.7612383825137,34.920686281915444,20642.84684174521
3913,2.2148,10.0,4.0,0.0004474922440537746,1783.2791966690017,40.05786968868992,20195.682509513244
3918,1.6468,10.0,4.0,0.00020682523267838678,1647.4030819441714,20.002099482073493,21016.704507902872
3921,1.6635,10.0,4.0,0.0002068252326783868,1853.9105775648545,64.30560790559139,19865.832372248682
3922,1.596,10.0,4.0,0.0,1665.246763996387,24.737546321622027,21208.03740245075
3926,1.6598,10.0,4.0,0.0004763443640124096,2135.0016880148614,59.174987223029085,18531.2854781109
3927,1.3175,10.0,4.0,0.0,2552.902927659369,30.03049042798664,17298.784244334085
3929,1.1715,10.0,4.0,0.0,2562.2111834674856,54.78078874129158,17268.787296024137
3945,,10.0,4.0,0.00020682523267838678,1804.1588933300513,54.914239355763115,20125.21095549103
3949,,10.0,4.0,0.00020682523267838678,1537.3116099304186,29.981603053846086,21721.442033531137
3953,1.6131,10.0,4.0,0.00020682523267838678,2095.0102387225697,49.78469872651493,18740.730927861274
3962,1.2321,10.0,4.0,0.00020682523267838678,1655.191733252037,24.983685968802803,20969.486363608212
3965,2.0867,10.0,4.0,0.0010688555670458463,1736.8635023924678,40.02314966181474,20403.906195766795
3973,1.7929,10.0,4.0,0.0011177611168562563,3548.6877587301046,59.5346312708601,14510.740141320988
3974,1.7753,10.0,4.0,0.00020682523267838678,3348.171170599682,69.63299527137484,14986.033217834041
3977,1.3042,10.0,4.0,0.00020682523267838678,2503.3892310434494,99.96291954766967,17214.910674474027
3978,1.6577,10.0,4.0,0.007427611168562565,4683.312034360389,59.184380573414494,12648.642364729105
3980,1.2065,10.0,4.0,0.00020682523267838678,4077.586616472214,94.8712705764508,13641.723059223066
3989,1.5219,10.0,4.0,0.00020682523267838678,3203.7859016982657,93.95677921789176,15304.38426133205
3990,1.4342,10.0,4.0,0.0005668769389865564,2624.617565414092,115.06593073684161,16785.910831501198
3993,1.2433,10.0,4.0,0.00020682523267838678,3565.3091156958894,44.93165049852884,14543.645622111011
3999,1.1756,10.0,4.0,0.00020682523267838678,3153.2948441788835,34.90435654964133,15420.75734400878
4000,,10.0,4.0,0.0,3142.4687297074056,79.51470493597976,15666.967220248962
4002,1.2115,6.0,3.0,0.00020682523267838678,2895.541402446445,608.3314084196659,13811.782840535621
4006,,10.0,4.0,0.0020431424508790073,2922.5134041839647,69.72732341386435,15892.673997976808
4007,,10.0,4.0,0.001456566701137539,2986.4515489777764,24.89466843475946,15743.683674340711
4008,1.3621,10.0,4.0,0.002547203550499828,3008.1863706665763,49.95405715969383,15666.00023196865
4013,,10.0,4.0,0.00020682523267838678,3722.0756166982446,114.85267859784146,14248.253777301328
4014,1.5198,10.0,4.0,0.00020682523267838678,2796.498161003657,49.970693838926806,16329.549334674237
4015,1.3923,2.503,4.0,0.00020682523267838678,3174.588030785198,54.95152702919763,14041.777550745785
4016,1.4063,10.0,4.0,0.00020682523267838678,2491.1733454569185,84.87453220873815,17255.11424406345
4017,2.0407,10.0,4.0,0.00020682523267838678,2435.53475494314,54.43264107061478,17441.97644717731
4019,1.5208,10.0,4.0,0.00020682523267838678,2632.315205051138,44.99008946572517,16807.557070250794
4021,1.1618,10.0,4.0,0.0,1401.759956483612,25.002450618641305,23023.55027682415
4025,1.7631,10.0,4.0,7.755946225439505e-06,1904.1272220974204,69.97710116916842,19786.518972751226
4026,1.7463,10.0,4.0,0.0,2096.033145346695,78.88054901794423,19004.323348661685
4027,1.3096,10.0,4.0,0.00020682523267838678,2708.643109958959,269.73777993336654,16580.012407480666
4029,1.859,8.0,4.0,0.001611944157187177,908.3203159908211,14.99665427637619,27102.331920398567
4032,2.0555,10.0,4.0,0.00027803220564337423,817.6863399720139,24.986736965073124,29328.564801127388
4034,1.4438,10.0,4.0,0.0,3340.6668362108417,108.88944077713677,15216.626060647866
4035,,10.0,4.0,0.0002311576129934911,3552.276535817739,74.76728989981508,14564.750626005878
4036,1.8331,10.0,4.0,0.00023803704051894331,862.1015231550655,45.04025496708988,28609.88269784278
4037,1.2752,10.0,4.0,0.001456566701137539,2415.956448646268,85.04226347869223,17418.450768716015
4041,1.3314,10.0,4.0,0.001456566701137539,2682.563370422664,49.99873856859921,16570.318205210024
4044,1.6386,10.0,4.0,0.0,2916.5768404459127,44.92439178531055,16234.322432862453
4048,1.3824,10.0,4.0,0.00020682523267838678,3538.9932048769133,45.02853535194517,14595.11684185431
4051,1.4341,10.0,4.0,0.00020682523267838676,2834.376904275177,388.94872672351084,16225.117516907096
4052,1.9555,10.0,4.0,0.0,635.0186428089157,39.56679293179063,33586.11921580263
4053,,10.0,4.0,0.00020682523267838678,628.1272865179255,34.95837719916203,33285.310916995986
4059,1.2191,10.0,4.0,0.0022817993795243023,1281.5127606533688,9.991549505545997,23539.79319655412
4061,1.2657,10.0,4.0,0.0002585315408479835,1261.6470043089546,29.75933462655093,23853.76781717023
4063,,10.0,4.0,0.0003102378490175802,1395.176498189145,9.907244982554747,22725.387177893193
4064,1.5576,10.0,4.0,0.001456566701137539,1651.3847747319298,44.93690187753673,20883.67774399407
4078,1.8803,10.0,4.0,0.0009135211995863497,1604.348640487439,39.99306837946034,21199.762984317662
4082,1.8611,10.0,4.0,0.0008462912475321989,1284.100160102901,40.035704080300206,23579.366463073806
4084,1.7096,10.0,4.0,0.006534384694932782,560.8588793036809,24.956850361705005,34811.09881108978
4085,1.3925,4.6800000000000015,4.0,0.0012681587629881322,2107.996953591844,99.96923542647446,17439.277163655865
4087,1.5906,10.0,4.0,0.001456566701137539,409.9107272977538,60.000482612557555,40586.88574276096
4090,,10.0,4.0,0.0003579486697377081,1778.3541109886312,44.11626527604413,20234.362943096578
4092,1.9092,10.0,4.0,0.0012229058945191313,667.7977087943204,44.99411613865762,32174.65358799115
4094,,4.0,4.0,0.00020682523267838678,1674.982056652719,54.14792838112048,19394.64531903633
4099,1.6009,10.0,4.0,0.0,2854.1212403806935,94.79659428065197,16402.769104564388
4100,1.7865,10.0,4.0,0.00023736642537056188,3503.3509686927455,64.91438372432899,14660.359072726962
4101,1.4218,10.0,4.0,0.0002068252326783868,2295.3701442233337,124.38372031787948,17942.003962147497
4107,1.1965,10.0,4.0,0.0007300930713547053,520.0691256730483,9.20526626166562,36298.63131131372
4111,1.5829,10.0,4.0,0.0,2071.064843283804,323.45116884560775,19113.236230772512
4112,1.4714,10.0,4.0,0.00033686659772492246,1503.354769624323,44.92415820596564,21925.53629439595
4113,1.5945,10.0,4.0,0.00023815455485569242,1539.231888570006,50.02031894731856,21700.3624122826
4114,1.7143,10.0,4.0,0.00020682523267838678,946.4405437858579,34.66154753876742,27374.67572837389
4121,1.4061,10.0,4.0,0.0007055560778414968,3041.164720110182,49.839848028560894,15638.133395641498
4122,1.5793,10.0,4.0,0.00020682523267838678,3075.7917592454205,34.49878905955244,15604.845998082814
4123,1.3098,10.0,4.0,0.0002527863954958061,3070.6870219550797,34.65673135625855,15608.867160290994
4125,1.3065,10.0,4.0,0.00020682523267838678,5348.45460669565,169.11644227935878,11986.23065032459
4127,2.0849,10.0,4.0,2.3267838676318514e-06,2024.8375712233706,44.87882289379925,19276.68786077221
4130,,10.0,4.0,0.0002527863954958061,2835.696062389679,34.941400335895125,16212.850785878358
4132,1.321,10.0,4.0,0.00020682523267838678,3328.2879000763464,34.65930566175153,15028.65890232062
4133,2.0325,10.0,4.0,0.0013888314374353673,2079.10133171723,49.60858007529202,18713.825247157067
4135,,10.0,4.0,0.00020682523267838678,1457.483997518626,29.960791495773677,22280.859060363975
4137,1.9673,10.0,4.0,0.0,1462.5652190859057,69.26934006411553,22562.02914623255
4139,1.6918,20.0,3.0,0.000641158221302999,1688.6711149140563,94.90454090748489,21085.594429311685
4140,1.7023,20.0,3.0,0.00020682523267838678,1704.439373738027,68.96146767090968,21055.696008468167
4141,1.1579,6.0,3.0,0.0,3049.448738480546,39.942460622953384,13667.569740334375
4142,1.741,10.0,4.0,0.00020682523267838678,3224.3489181769237,143.6263633637588,15257.763247938017
4143,1.3184,6.0,3.0,0.0,2225.817952791717,94.94601235891297,15881.582290729286
4146,1.6597,10.0,4.0,0.00020682523267838678,1457.618763158971,114.6089791944683,22279.87669619297
4148,1.4144,10.0,4.0,0.00032988624612202694,2832.0620774131935,124.60655553326542,16211.27077590209
4150,1.7264,6.0,4.0,0.0002250164520071449,1905.4436819759176,45.03424131062185,18679.623337280646
4152,1.15,10.0,4.0,0.00020682523267838678,2974.4043922448773,214.4061031624544,15856.27469293569
4156,1.1853,3.0,4.0,0.0003128707886572688,3758.6012446072373,369.97256445535936,13018.930095469448
4157,1.4475,3.0,4.0,0.00021836790559036438,1926.4761582909696,74.79564924559018,17922.85202534843
4160,1.3585,10.0,4.0,0.0006206284666729342,653.7867752137277,97.44976706987734,32560.39829681522
4162,1.4236,6.0,3.0,0.0,2786.059050091721,263.2146502256954,14269.185154886922
4169,,10.0,4.0,0.00020682523267838678,1927.5737538059288,39.93275568889699,19500.11453995199
4170,1.4055,24.0,3.0,0.00020682523267838678,505.0764262763583,24.91279565271846,39466.078721837635
4171,1.5734,10.0,4.0,0.000406928645294726,1876.008452253055,35.0130907462168,19718.32665109256
4172,1.379,10.0,4.0,0.0003044208893485005,1857.0341754379951,10.032391140441556,19829.46723078577
4177,1.9271,10.0,4.0,0.0007860910031023786,618.3314438154504,15.03428236851954,33416.69743707327
4187,1.6739,8.0,4.0,0.0003241985522233713,1752.4262606560487,34.70302266347228,19895.93127501757
4188,1.1659,8.0,4.0,0.00021171578765942782,1807.126554938159,115.04714486792238,19628.700535111522
4195,2.2008,3.0,4.0,0.001456566701137539,1759.0720151654907,24.822920148049814,18622.53743656696
4199,1.6714,10.0,4.0,0.0003545575417343774,2133.9581359482845,59.84638750550937,18550.18798633397
4200,1.2767,10.0,4.0,0.00020682523267838678,2935.1197338366414,139.91094351140157,15957.125727181312
4201,1.6125,10.0,4.0,0.0002363716944895849,2989.9752858000265,59.988120682241686,15811.220116977598
4202,1.3346,4.0,3.0,0.00044865867753512994,3942.8657145120733,164.67303413627255,11612.709392674074
4203,1.6909,4.0,3.0,0.00041365046535677357,3944.018826699476,44.506277935099085,11613.602704032532
4207,1.7445,10.0,4.0,0.000422754468902349,3199.2224857430892,59.94410782031289,15285.659081748281
4208,,10.0,4.0,0.001738942804868348,3184.60299307893,54.883286460113396,15261.491344677503
4209,1.15,20.0,3.0,0.0,2175.0960270413316,39.84152279494499,19012.452251058796
4210,1.64,23.0,3.0,0.0002068252326783868,676.9395232352504,59.89991369943074,33910.136539538085
4211,,23.0,3.0,0.0022380299896587385,686.9260957544202,88.61428263269097,33461.248129925785
4212,,23.0,3.0,0.005961794783408021,667.0333462924467,34.94836777061279,33845.02740675002
4215,1.9892,2.0,3.0,0.004337148632133121,886.23129744471,44.95593661118981,22959.501059046688
4217,1.8999,23.0,3.0,0.0002952430196483971,1000.8098358008729,39.95282745785586,28115.47944555206
4218,1.332,14.0,3.0,0.00020682523267838678,1578.0614483434126,80.03665941709893,20317.951186372746
4219,,14.0,3.0,0.00020682523267838678,1359.4017073613034,34.67545870418208,21815.708635664607
4220,1.3929,14.0,3.0,0.00020682523267838678,1037.0905425998787,65.05588475615683,24820.797607711258
4221,1.208,32.0,3.0,0.00012352024710172538,1928.9398504130902,374.94826920069136,22973.61736854132
4222,1.1952,32.0,3.0,0.0006353470496534906,1924.6042993701612,329.9835743684581,22898.187639885542
4223,1.7439,20.0,3.0,0.0002227348659613396,1628.9239545952128,118.40421063646525,21511.412770204297
4224,1.2595,10.0,4.0,0.0002570952545099391,2032.0347126446466,34.98860464525753,19004.468375842825
4226,1.6693,10.0,4.0,0.0,1059.580964296587,40.00406700603403,26310.56343100033
4229,1.3451,10.0,4.0,0.0022214753533264394,620.0492765041762,20.013632109720447,33280.312883148144
4237,1.3452,10.0,4.0,0.0025319430081581066,1734.7748652914202,80.06530615403481,20368.7810869653
4240,1.5185,10.0,4.0,0.0003828667454572315,1205.087440857071,59.8693674621946,24355.756343123892
4243,,10.0,4.0,0.0,2550.5358418466276,54.72416237514484,17306.438229467356
4245,1.3269,10.0,4.0,0.00020682523267838678,2255.5593168772984,104.19473651893443,18092.32541097364
4248,1.901,10.0,4.0,0.0005982764563943469,1181.42978960012,70.08206849185872,24557.912706329236
4251,1.6408,10.0,4.0,0.0003052660886166574,1866.4144794468148,53.44697790570492,19781.734337967657
4253,1.6795,10.0,4.0,0.00013210961737331956,1660.4073632060877,39.711048056656594,20963.06017964338
4257,1.5782,10.0,4.0,0.00013210961737331956,1655.3310336503732,44.959120949047914,20993.69155668994
4259,1.2094,24.0,3.0,0.0023499409070763776,1726.4991723495327,93.64472678356277,21820.18634113104
4260,1.3697,24.0,3.0,0.00021408225838640037,3036.4005066926584,274.02878982287496,16776.672757504584
4262,1.9502,25.0,2.0,0.006025479719636908,932.0659479283495,35.02718041978317,26676.11202579307
4263,1.1597,25.0,2.0,0.006177998965873837,1083.3592368785723,30.010564907863603,24828.018024495945
4264,1.3993,24.0,3.0,0.004207687004481214,532.406653590823,49.845317779075586,38179.09311002776
4265,1.223,25.0,2.0,0.00020682523267838678,2091.5701597637444,393.6423264469536,18307.576002921458
4266,1.4916,24.0,3.0,0.0029955704929334717,618.9598158146151,138.58527516193607,35564.984618587754
4267,1.5398,25.0,2.0,0.013907154860392968,388.8783137089366,30.0317132335089,40382.065224537706
4268,1.507,24.0,3.0,0.007689318954055252,466.73076113394734,24.982171817296965,40587.654311275684
4269,1.5924,25.0,2.0,0.001456566701137539,596.1706150494314,84.93494663441126,33136.970593413454
4270,1.2756,20.0,3.0,0.0,1693.365184104511,80.01499943137583,21423.308982984192
4272,1.2679,20.0,3.0,0.00020682523267838678,1289.0956884680963,40.00151669712967,24055.34174664565
4274,1.3354,20.0,3.0,0.0,1555.915810398009,39.15188633112275,22305.82271890314
4276,1.1778,20.0,3.0,0.0,3262.8935033181288,39.42387545249147,15669.338382050531
4279,1.5055,20.0,3.0,0.0,2933.7843689094307,99.94601732273671,16484.270464744885
4280,1.5163,14.0,3.0,0.0003516028955532575,2710.0759963009973,59.95475613649341,15677.28951838685
4282,1.3192,24.0,3.0,0.00020682523267838678,1878.207356401103,64.47454405512144,21097.307022450386
4283,1.1658,24.0,3.0,0.00020682523267838678,2008.736085931568,74.23901940508634,20432.073123241338
4284,1.189,24.0,3.0,0.0014437755453784412,2148.5523482234366,92.8327129745181,19684.732265059738
4285,1.529,24.0,3.0,0.0018957600827300932,1608.7786317846603,64.98121296451268,22580.43654917401
4286,1.6209,24.0,3.0,0.0027219062392278524,1356.6579987536707,93.92247588722749,24468.89091492802
4289,1.2033,24.0,3.0,0.004224516176687842,1319.6960518791127,24.94468149957435,24764.328119015197
4293,1.4536,20.0,3.0,0.0,2358.343358068326,119.5103786054241,18293.068445844165
4294,1.1561,25.0,2.0,0.0,1665.7200175301257,29.631135168645265,20698.82100191398
4295,1.3773,14.0,3.0,0.0013907908343765308,1602.1558070350343,83.79154850410292,20069.54391561923
4297,1.1914,20.0,3.0,0.0002636119862437171,3574.853246942454,204.28132990544654,14780.627443501682
4298,,25.0,2.0,0.044609875904860395,1451.2962742062127,145.02489292456372,21483.32523665785
4300,1.2797,14.0,3.0,0.00020682523267838678,2739.429856294904,205.03240637392975,15619.013641373636
4301,1.2351,24.0,3.0,0.0,1045.0114855059585,82.82307671208635,28301.82108382799
4303,1.4133,40.0,2.0,0.00020682523267838678,3273.68664813192,144.0152598154981,17719.889669196647
4305,1.7914,14.0,3.0,0.0014565667011375387,1705.0436719806626,29.616337059696896,19480.22868374406
4306,1.3286,24.0,3.0,0.0017688995471240596,1663.76210530043,132.19200453098225,22225.55620817213
4307,1.7261,24.0,3.0,0.004796535677352637,475.3146352326434,60.009863568432465,40287.056803094885
4308,1.1535,25.0,2.0,0.004708967351159699,1179.892007268763,24.9804599379931,23854.968895928312
4314,1.6426,25.0,2.0,0.01664891416752844,152.08846593051885,85.01511505230378,63154.79259409845
4316,1.2148,24.0,3.0,0.011311789038262668,683.5131732565568,35.05556104528124,33801.84254938453
4318,1.1627,14.0,3.0,0.002362202688728025,925.355543286083,69.89283322189708,26037.98794139313
4319,1.534,10.0,4.0,0.0,3198.7755361281647,154.77919551656225,15534.846805996973
4325,1.1719,24.0,3.0,0.004307842123405722,1463.8740240351908,64.74752610341086,23568.441124672412
4328,1.6844,23.0,3.0,0.00020682523267838678,1742.447284019593,40.012932282851196,21603.512905844913
4329,1.3497,24.0,3.0,0.003927948383615845,747.697553312725,104.82800118939876,32477.01011434695
4330,1.6122,23.0,3.0,0.0035264407257685443,1603.6267976656054,44.5324143667369,22306.836055329903
4331,1.3432,24.0,3.0,0.00020682523267838678,723.4339841452576,44.63834676546054,33251.65023731007
4332,1.3089,24.0,3.0,0.015469751809720787,956.8386264614244,10.044908083250968,28768.17607271654
4333,1.2658,24.0,3.0,0.00020682523267838678,935.3091027678513,29.614090716534758,29418.19371717515
4335,1.1953,24.0,3.0,0.0016432781799379525,955.6995877597013,40.00253262004308,28956.921404544606
4336,1.2298,24.0,3.0,0.00020682523267838678,1068.7605322566894,45.017567926172234,27605.36658813768
4344,1.6903,10.0,4.0,0.00020682523267838678,1596.0602916287828,174.4152677607321,21336.431217786227
4349,,10.0,4.0,0.00020682523267838678,2675.7999128440993,79.12810693982031,16676.747396553263
4358,1.6453,10.0,4.0,0.0002112202688728025,2666.8641898791147,39.95813883882119,16702.43489170194
4359,1.6116,10.0,4.0,0.0004255429162357808,2678.2182805118273,40.03640514691547,16637.56498203699
4362,1.7379,10.0,4.0,4.0169338159255434e-05,2990.1887556600323,114.38141373165286,15885.485328649442
4363,1.3305,10.0,4.0,0.00047292805436548977,2467.474611525613,59.93084167060332,17295.80642441167
4364,1.4773,10.0,4.0,0.0,2771.6316433974707,94.25858390555626,16633.77980829105
4365,1.3715,10.0,4.0,0.0,2814.3601731791855,44.637324044429796,16512.870788613283
4366,1.6213,10.0,4.0,0.00020682523267838678,2494.1949733229553,39.85736222190121,17245.14273360148
4367,1.5852,10.0,4.0,0.0010747156153050673,995.7575653243027,89.97563093853682,26602.544464428025
4368,1.392,3.0,4.0,0.00020682523267838678,3760.305908740671,357.97035056224513,13030.47162573098
4370,2.1557,8.0,4.0,0.0002409513960703206,1556.7100026148,19.925612310986335,21068.50005276319
4371,1.3788,25.0,3.0,0.0,3246.34267431217,174.8216705929632,16684.28269008664
4372,1.4937,10.0,4.0,0.00020682523267838678,3865.9933260268617,104.4164212728996,13992.807794740915
4373,1.7994,10.0,4.0,0.00020682523267838678,1248.9049778244769,54.94339362325725,23983.76280987473
4374,1.273,10.0,4.0,0.0004414134169529974,2812.2138883924285,144.8831565955077,16253.120501422754
4375,1.6486,10.0,4.0,0.002670587728369528,2761.1993939455374,49.97904523597775,16317.217207196798
4378,1.5802,3.028,4.0,0.0013788348845225787,2895.527462103503,40.0033642246595,14690.432126183478
4379,1.4683,3.028,4.0,0.0008273009307135471,2931.2538974197564,35.04080209264626,14624.658873620083
4380,1.6896,3.028,4.0,0.00041365046535677357,2951.6732214928475,10.009283621743345,14603.25899058738
4381,1.4133,10.0,4.0,0.0013430196483971047,3361.743647624206,39.96238806231063,14882.813948044886
4382,1.2724,10.0,4.0,0.001511944157187177,3686.2763715068404,139.19115390808605,14238.437591762306
4383,1.1513,10.0,4.0,0.0002068252326783868,3426.3550703894866,60.04949507697734,14821.981343077821
4386,1.7154,10.0,4.0,2.585315408479835e-06,2311.176700797676,89.69869063584012,18093.31119987064
4389,1.4256,10.0,4.0,0.00020682523267838678,3445.3176428658126,84.67075538696095,14783.023435311254
4393,1.3418,10.0,4.0,0.0019327626488950173,3135.360498083641,129.95682740552334,15370.998528453549
4394,,10.0,4.0,0.0014556618407445708,3084.7946371307294,49.76896312327032,15502.338614063026
4396,1.6366,10.0,4.0,0.00020682523267838678,2410.1254775313078,74.56772843364381,17529.424534033897
4399,1.3471,3.0,4.0,0.001444218742305609,3055.5943889647183,100.00774420919403,14311.688357670158
4401,1.2836,10.0,4.0,0.0,2802.34269141923,209.1033784233964,16546.60132904964
4402,,10.0,4.0,0.0014794402792140642,1949.5524554862793,188.35730119634988,19293.606126708055
4404,1.1766,10.0,4.0,0.00033675774233930225,1898.346397575273,84.64422426691345,19617.2249814514
4406,1.6492,10.0,4.0,0.00020682523267838678,1443.3965266944047,39.72662802812354,22384.294534015266
4409,2.0715,10.0,4.0,0.00022061358152361256,3482.423696026958,139.97418186895067,14705.171128119902
4411,1.6363,10.0,4.0,0.00020682523267838678,3455.792762634967,99.94580507970898,14761.638194222827
4412,,10.0,4.0,0.00024279483836158448,3758.071162307768,105.00207048884062,14176.955763072527
4413,,3.0,4.0,0.00021959176638597532,3689.3824395800325,94.8089333793613,13147.23081873453
4414,1.444,10.0,4.0,0.00021924705766484466,3679.58996097798,94.69217057123393,14324.24418740599
4415,,10.0,4.0,0.0015785023419916055,3627.531253519097,73.59726321676494,14346.285259634604
4416,,10.0,4.0,0.00024819027921406416,3607.3064716005624,39.82262780651246,14455.63403514358
4422,,10.0,4.0,0.00020682523267838678,2953.026967833724,159.30914930915088,15910.908801718015
4423,1.4397,3.5,4.0,0.00020682523267838678,3099.4200286977016,104.6395610852991,14375.06463777848
4424,1.3921,10.0,4.0,0.00020682523267838678,3056.2513930729438,89.16805221133248,15652.343789015247
4425,1.8384,10.0,4.0,0.00020682523267838678,3001.571572836118,34.97545800700773,15787.67477879414
4426,1.4777,10.0,4.0,0.00020682523267838678,2919.446254462984,54.9645541194907,15997.920621781916
4430,1.7555,10.0,4.0,0.0008161840744570839,757.7460027286559,19.998646063075835,30325.770662193714
4432,,4.0,4.0,0.00020682523267838678,1540.3565051508297,64.80324268681296,20185.263191572005
4433,1.363,10.0,4.0,0.00037356371366195564,1021.2036455835483,78.8746113224623,26358.43230490477
4435,1.1705,10.0,4.0,0.0006974319200275768,1145.4150786628716,49.686377170384326,24912.971537193152
4436,1.4054,3.0,4.0,0.00020682523267838678,1689.3115234177583,79.81119450382232,19084.329222938773
4437,1.369,10.0,4.0,0.00020682523267838678,1717.6369389431054,84.96590524213605,20602.42555972674
4442,1.4899,10.0,4.0,0.00034173892291782676,1232.2016751498575,54.95737370938011,24105.99196729089
4443,,10.0,4.0,0.0,2136.971363932028,114.51646802864093,18829.833733715415
4444,1.3628,10.0,4.0,0.00023864449924429243,2179.8474454407556,54.52494530070914,18382.301850060456
4448,1.4451,10.0,4.0,0.0,2032.362539219952,74.84424966640326,19285.9459762397
4449,1.6401,10.0,4.0,0.0,2084.239749108637,34.922209976196996,19055.52654450332
4450,1.4597,10.0,4.0,0.0,1255.0372698171573,20.010314629903764,24270.006990375634
4453,1.4479,10.0,4.0,0.0,2576.6210325892444,59.90740728125059,17222.665923987777
4454,1.4515,10.0,4.0,0.0,2500.1718406267214,138.80961801497506,17471.81776362175
4456,,10.0,4.0,0.00020682523267838678,2245.4506579223375,74.33150598014923,18131.119784010138
4457,1.6215,10.0,4.0,0.0002734525040626385,1823.1297721929232,64.97983765461309,20010.187136890854
4458,,10.0,4.0,0.001456566701137539,1603.1697115388754,123.42383668154233,21180.86264564526
4460,1.3421,10.0,4.0,0.0,1197.5858929882495,158.49017709053868,24818.416444968145
4461,1.4676,10.0,4.0,0.0,4470.835742325282,124.36680803752434,13242.456030057721
4463,1.7964,10.0,4.0,0.0003221015741698265,1933.2846911862882,79.48588325336189,19449.664162803983
4464,1.7092,10.0,4.0,0.0004912530162013099,2109.269370631669,49.933987242302024,18637.220916768485
4465,,10.0,4.0,0.0006472280922620386,1513.8766645763558,104.45576206334816,21814.763345201467
4466,1.3192,10.0,4.0,0.0,3110.43001819489,129.4984369773189,15743.715528134333
4467,1.4603,10.0,4.0,0.00031400740567768626,3133.921072384631,144.90691988236725,15448.954821818133
4468,1.6564,10.0,4.0,0.0027459927611168567,2966.340184245502,15.024057624330124,15767.845358338529
4469,,10.0,4.0,0.0014565667011375392,2990.007515197416,109.28015330099038,15734.752229655016
4470,,10.0,4.0,0.00020682523267838678,2214.654182330568,69.7177064943373,18250.916008349064
4473,1.6334,10.0,4.0,0.0,1609.4038877495284,69.76130744311753,21555.819361765825
4479,1.2532,10.0,4.0,0.00020682523267838678,3070.5762461617246,239.39309621166842,15617.479933834338
4481,1.2056,4.0,4.0,0.0,1227.440208220141,59.4767769190814,22815.51031754805
4482,,10.0,4.0,0.0002585315408479835,1500.1063976019157,24.92320678911445,21963.640285413963
4485,1.635,10.0,4.0,0.0014653671147880044,2745.930471791731,113.57099500592828,16386.593980499772
4487,1.8374,10.0,4.0,0.00036814891416752846,1057.0785809805743,39.98712316223477,25929.009300558027
4488,1.4224,10.0,4.0,0.0005029546461811199,3775.8820630418354,59.966416086416665,14117.618122399155
4489,1.5042,10.0,4.0,0.00020682523267838678,1096.0626514466692,39.98666580974306,25524.231555181155
4490,1.6826,10.0,4.0,0.0035748264145368594,1638.0472604994438,24.946515088445416,20914.52324120214
4491,1.806,10.0,4.0,0.0,1731.735164129497,29.781334522734294,20815.766842409033
4492,1.5365,10.0,4.0,0.000715313684936229,1700.2829631791153,78.67322450024454,20634.132300609348
4493,1.4827,10.0,4.0,0.0,3551.929578280506,49.89187818571358,14778.110431676738
4494,1.3528,10.0,4.0,0.001456566701137539,2529.9818212928917,169.53681342422064,17039.574414647388
4497,1.8417,10.0,4.0,0.0004146199586349535,3304.521010636038,29.85653001124934,15052.20020630445
4498,1.1962,8.5,4.0,0.0,3523.764783771297,399.6901059934453,14568.2210732803
4499,1.2995,8.5,4.0,0.0,3287.9379549501004,144.93800397102785,15057.475844190569
4500,,10.0,4.0,0.00020682523267838678,2298.1258847700424,139.75786194286073,17931.741145027165
4503,1.6894,10.0,4.0,0.00020682523267838678,1282.9586401762504,44.99100620626279,23678.053131641012
4507,1.5964,10.0,4.0,0.0009312952430196485,3332.57881280088,34.973236661559014,14959.360400730951
4508,1.5395,10.0,4.0,0.0002757669769045157,3309.26816170889,19.80725925400353,15058.245279356857
4510,1.6663,10.0,4.0,0.00020682523267838678,1317.6335587887809,25.0465333821571,23378.839636139634
4511,1.7911,10.0,4.0,0.00020682523267838678,1305.8443957688908,34.95665810572177,23479.252016100596
4514,1.7882,3.0,4.0,0.0011209927611168563,1491.49757989659,49.96847581661906,20161.10566974783
4515,1.7077,10.0,4.0,0.0035308760525927024,1533.3244672527476,29.955375040686985,21584.631645489844
4516,1.2836,10.0,4.0,0.001456566701137539,1542.7211016170925,19.95414236091771,21572.650194162634
4517,1.4554,10.0,4.0,0.001645012691548369,494.8640180699007,44.9579080208953,37088.48796112569
4522,1.1547,10.0,4.0,0.00047465467572758166,2285.2637775974667,129.56356909995299,17940.063816993043
4523,1.189,10.0,4.0,0.001456566701137539,2089.4976540410453,99.56791920446297,18666.998535386312
4524,1.5693,10.0,4.0,0.00020682523267838678,1173.5005144672002,19.983800401118827,24706.694609499613
4525,1.5776,10.0,4.0,0.00020682523267838678,2244.547036926769,54.41146899919514,18134.600201595407
4531,,10.0,4.0,0.004054007238883144,1339.7820927950982,39.79988078647036,23010.658327490397
4532,1.9481,10.0,4.0,0.0005032501107992319,1201.3533614292096,24.939354563704462,24374.073322188142
4537,1.7774,10.0,4.0,0.0003220872113064461,897.4820348378729,19.980109151817455,28043.793542279425
4538,2.041,10.0,4.0,0.00020682523267838678,1262.8801059281714,34.15524560396264,23856.831663856174
4541,1.1806,10.0,4.0,0.004106141560381478,539.8647791544738,40.07747104612769,35494.09197997333
4543,1.8463,10.0,4.0,7.238883143743538e-05,474.2915185111675,40.007531024975705,38163.25560562913
4545,1.9019,10.0,4.0,0.000765544208893485,892.1703019897459,34.99650092104308,28058.519575795002
4546,1.7892,3.0,4.0,0.0,1549.5540010353548,33.83406677276244,20171.01426189959
4548,1.7056,10.0,4.0,0.00033841778697001035,133.65320461018425,64.98475086416457,69529.40116706332
4549,2.0198,10.0,4.0,0.011343182153937066,763.8829024909436,30.030014697530344,29998.35210966787
4550,2.0397,10.0,4.0,0.009092554291623579,735.460981174653,25.02150561677814,30563.69075235585
4551,1.849,10.0,4.0,0.0021047976067365935,2365.8196955107037,64.48125258904722,17576.27142854238
4552,2.0551,10.0,4.0,0.0019324658163851548,2395.158405427819,39.94159199771415,17477.249629834525
4557,,10.0,4.0,0.0020267227601767418,289.12447561675833,44.93239228772741,47895.90643683979
4558,1.8861,10.0,4.0,2.2750775594622547e-05,958.4993345407513,89.06515177915675,27370.32435710583
4561,1.8677,10.0,4.0,0.0002068252326783868,1251.4033369669676,64.132362092682,23960.917518922663
4567,1.6364,10.0,4.0,0.00020682523267838678,1587.0290447369523,54.985143998895445,21394.245402821816
4569,1.9145,10.0,4.0,0.00020682523267838678,1579.3052883645255,45.03285920684662,21444.07642109204
4571,1.5317,10.0,4.0,0.00026783867631851086,1666.2060529119576,48.535172386880944,20888.88375818915
4574,,10.0,4.0,0.0005148914167528439,2022.4049960873217,38.89306081062916,19012.367754385265
4577,1.499,3.0,4.0,0.0010589193381592556,1969.5237609707326,39.963152624279694,17660.551702794164
4578,,10.0,4.0,0.0,1940.9322272658296,34.96490564309218,19713.95906735762
4579,,10.0,4.0,0.0032912357807652537,1722.4237710277155,39.99780428042894,20424.030404497513
4580,1.4407,10.0,4.0,0.0002311576129934911,2165.251360064865,158.68287902543165,18442.85477896829
4584,1.6447,10.0,4.0,0.00023731206745684514,1305.3473277519186,59.879717402947875,23474.917056946368
4592,1.9832,10.0,4.0,4.550155118924509e-05,992.1122089737886,29.531510499193114,26874.479437161033
4593,1.4814,10.0,4.0,0.00021787745604963808,1069.1750510690752,29.958099353634662,25824.75386648006
4594,1.9497,10.0,4.0,0.00020682523267838678,787.4509055103124,24.977663534094685,29883.816902495553
4598,1.8371,10.0,4.0,0.000282316442605998,923.6390744291881,25.03192151785366,27671.93846286983
4600,1.5548,10.0,4.0,0.0004022104446742503,1487.5904335629161,29.898349305881773,22025.628140392335
4603,1.8706,10.0,4.0,0.00020682523267838678,817.641464469151,40.003303269987484,29352.451539485373
4604,,10.0,4.0,0.001456566701137539,1915.6541866683494,34.95790878222833,19456.471999389458
4609,,3.0,4.0,0.0002470268872802482,1885.8999537251495,109.78201456797045,18099.771594166894
4613,2.0354,8.0,4.0,0.0013834022750775596,903.7208459559532,39.17128711735054,27179.086645016916
4616,1.4501,10.0,4.0,0.000317649086521889,2784.958584187789,64.97748889298182,16343.093826390806
4618,1.9217,10.0,4.0,0.0,2651.2044220780176,44.8596224713016,16989.897391557297
4619,1.8914,10.0,4.0,0.0023353154084798347,2624.513505946941,34.815983462939656,16723.0550501199
4620,,10.0,4.0,0.0014745065419720339,2680.814998380137,104.15414278459001,16574.93033883936
4621,1.578,10.0,4.0,0.00024420585193746583,2049.939009909119,74.83068890163132,18927.726433243908
4623,1.2995,10.0,4.0,0.00020682523267838678,3603.1295571882333,179.17918984368268,14470.647451304327
4625,1.2526,10.0,4.0,0.00020682523267838678,3765.282793140892,308.7226969056003,14170.050671435085
4626,1.6957,10.0,4.0,0.00020682523267838678,2082.1132872024473,49.97633263080968,18795.997443345164
4627,1.7099,10.0,4.0,0.0014036970010341263,581.9219462947323,24.892567978423216,34344.83585574533
4628,1.4017,10.0,4.0,0.0007238366080661842,602.1893681561018,14.983760797605862,33848.33355582923
4629,1.7029,10.0,4.0,0.0,2686.674101966317,89.95568391286056,16882.563932006477
4630,1.5436,10.0,4.0,0.0035294725956566708,3064.7596045980044,34.876530062165706,15513.945488807596
4631,1.6101,10.0,4.0,0.0018691830403309209,3061.297740554021,94.92415800673878,15548.60863359155
4632,1.679,10.0,4.0,0.00020682523267838678,3050.352760595223,24.969424582881608,15666.770123266973
4633,1.4134,10.0,4.0,0.00024936918304033093,3503.769292404247,114.8065578227133,14657.59859823347
4635,1.3731,10.0,4.0,0.0,2742.157582655246,69.89460903589705,16718.799060394755
4636,1.3633,10.0,4.0,0.0,2733.6580085049573,29.961444524968467,16743.567584375876
4637,1.3709,10.0,4.0,0.001456566701137539,3465.747377071229,129.24526363974053,14664.969435192845
4639,1.2632,26.0,3.0,0.0002068252326783868,4121.677351608113,59.650581296782406,14857.309915246175
4645,1.2064,3.0,4.0,0.0,3205.5157351291605,149.4358743108874,14262.178273675609
4646,1.2269,10.0,4.0,0.00020682523267838678,1431.0143198951441,29.14192341889417,22476.448195582172
4658,1.729,10.0,4.0,0.0022210444674250263,1001.7977152919241,54.93732102481934,26474.70390740096
4661,1.82,10.0,4.0,0.00023864449924429243,1009.1515406650341,55.047452912913634,26539.734487529262
4662,1.7665,10.0,4.0,0.00020682523267838678,3015.5319200900135,29.965501665846777,15752.779061423553
4663,1.6531,10.0,4.0,0.008427352637021717,1464.1184550881258,29.929637561403638,22014.22114553781
4665,1.8768,10.0,4.0,0.00020682523267838678,1464.4023838812657,104.34450756782371,22230.600643745165
4666,1.2555,10.0,4.0,0.0012263659083074803,1826.1256446455748,49.88515756436115,19914.77410134198
4668,,4.0,4.0,0.0003341022989420094,1688.6439336413289,54.990757563703006,19295.001374549734
4669,1.759,10.0,4.0,0.00024329806697955615,3064.5462482343323,119.60428850680049,15625.36631174674
4678,1.7377,10.0,4.0,0.0003579486697377081,1207.628305963364,44.63750951781401,24335.667304094288
4684,1.2633,10.0,4.0,0.00020682523267838678,2257.5564925263357,93.86762772445371,18084.691142907966
4685,1.7462,10.0,4.0,0.00020682523267838678,2099.4796934146148,39.93926567779012,18721.695341387844
4694,1.306,10.0,4.0,0.0002441184074457084,1692.6326229614926,69.89463457930431,20737.843759775482
4697,1.5349,6.0,3.0,0.000723802137194071,3301.4832331856187,49.990407720882814,12930.922163322835
4699,1.15,10.0,4.0,0.00024819027921406416,1754.4558078060236,39.041178696732494,20385.203387344707
4708,1.1941,10.0,4.0,0.0,1708.9797163579185,44.76430033983536,20947.48046752382
4713,1.9686,3.0,4.0,0.0005784901758014478,1831.2067709731482,114.60271802645406,18314.02586509139
4716,1.5008,10.0,4.0,0.00020682523267838678,1273.3634495865176,14.955294421082518,23762.968929785384
4726,1.3639,10.0,4.0,0.0014646122026887281,4755.731492936934,114.95093803572101,12610.83638123649
4728,1.618,10.0,4.0,0.00020682523267838678,4289.416180504538,39.834680493107506,13316.208971261804
4729,1.4367,10.0,4.0,0.00020682523267838678,2561.501775779519,85.0109310705947,17027.551763816642
4730,1.5829,10.0,4.0,0.00020682523267838678,3179.456395337475,20.019943041073986,15360.1187952889
4733,1.561,3.0,4.0,0.0028859875904860394,1871.5420748979482,119.97544502294737,18047.31937940305
4735,1.6522,10.0,4.0,0.00024819027921406416,1995.2687152419164,39.939474739972894,19172.462751917716
4740,,10.0,4.0,0.00020682523267838678,2918.349080865561,34.918015227083174,16000.788454370404
4743,1.6167,10.0,4.0,0.00020682523267838678,2701.925432970141,134.56832169491017,16599.65701208945
4744,1.2713,6.0,3.0,0.0002068252326783868,3551.1902325480646,189.39076112433872,12530.791476424667
4746,,10.0,4.0,0.0007781153050672182,3978.1601578731797,29.870347539182447,13754.636887619587
4751,1.5393,10.0,3.0,0.0002068252326783868,2314.061817637927,59.95083884328781,16130.125662311548
4752,,32.0,3.0,0.00020682523267838678,2235.7953400153933,109.6041451123266,21382.565108789713
4753,1.191,25.0,3.0,0.00020682523267838678,1733.9338792542255,54.975628751384406,22182.996213538285
4754,1.4224,25.0,3.0,0.00020682523267838678,1746.071412357816,29.9378237906111,22109.32883549913
4756,1.9433,25.0,3.0,0.0002233712512926577,1788.1992897794566,114.47777375480112,21854.915443971222
4758,1.6926,12.0,3.0,0.0,2912.2781466347506,64.44888944857833,15019.917367358983
4759,1.9294,11.0,3.0,0.00020682523267838678,871.6949551596321,9.945868216292165,26006.02315405743
4760,1.3255,12.0,3.0,0.0002068252326783868,1861.374786726382,254.53308707229996,18331.690968444927
4763,,16.0,3.0,0.00020682523267838678,1048.9636631957308,44.49553556041368,25289.468868533168
4764,1.7075,10.0,4.0,0.0002770165460186143,2021.4303056865076,49.91200194983633,19048.159039261387
4765,1.3395,8.0,4.0,0.0,2064.251714089704,200.0796736606781,18686.80948225734
4767,1.7727,25.0,3.0,0.00022980581408709643,1008.2746468923629,79.87248852045269,28719.56183191356
4771,,11.0,3.0,0.0014565667011375387,888.3724237055885,29.974029455104315,25638.42874986554
4772,1.4291,25.0,3.0,0.0006204756980351604,1062.561713413403,54.64424646177387,27936.25932936489
4777,1.5886,25.0,3.0,0.003816016789342418,1105.949357547375,75.02186459027301,27275.885318867513
4778,1.5752,25.0,3.0,0.002754233453981386,1123.722594193782,69.94836512517847,27092.822163204393
4780,,11.0,3.0,0.001456566701137539,896.1577075101247,54.34679945968641,25531.97367356523
4781,1.4924,25.0,3.0,0.00020682523267838678,983.2003006699823,64.89612232783777,29074.68802375534
4782,1.9438,20.0,3.0,0.003995062047569805,1073.9996111837,45.0222802103468,26037.13115077374
4783,1.3191,8.0,3.0,0.00020682523267838678,2385.511752067358,39.87815447260924,15518.813337458721
4784,1.3039,9.0,3.0,0.00020682523267838678,1730.7220847311282,94.26219828374755,18304.2657264116
4787,1.3998,8.0,3.0,0.00042154742878631194,2480.840442183597,45.014570658214396,15202.674412378157
4791,1.1569,12.0,3.0,0.002325377456049638,3540.4520196562116,114.83176883681078,13404.523364594585
4792,1.4522,25.0,3.0,0.002845878268577338,1497.7078337831358,24.16023595413057,23622.12602331046
4793,1.2185,8.0,3.0,0.00020682523267838678,2838.2014141403324,229.25708372518412,14284.77941378027
4794,1.2142,8.0,3.0,0.0,2728.6217716493884,44.72960756573697,14763.687259431159
4795,2.0501,25.0,3.0,0.0,2053.256535397347,29.482229978608824,20757.74860116035
4796,1.9411,32.0,3.0,0.003983417048308465,3180.4810770129643,59.56737854704276,17932.84762680312
4797,1.3481,32.0,3.0,0.0014565667011375387,2560.7824560046283,259.7614870597191,19938.635051903275
4798,1.7769,27.0,3.0,0.0007333117890382628,2019.2116739341539,89.88787743929323,21061.703812003372
4802,1.181,10.0,4.0,4.949884655158699e-05,911.4037522877009,59.961190439293304,27977.899888649983
4804,1.7016,10.0,4.0,0.0005441853906176554,1825.4044420799075,44.98994637168031,19961.674669593314
4806,1.3735,20.0,3.0,0.0005833764219234747,3069.140107213945,59.82724525135071,15862.159456495143
4821,1.7298,10.0,4.0,0.00020682523267838678,2102.8310027974717,83.42212134640262,18707.461198336954
4831,,10.0,4.0,0.00020682523267838678,1211.8474646739805,9.995783538821861,24330.74414709818
4832,,10.0,4.0,0.0022115649775939334,1230.106270337176,25.006059289524476,24005.87808522986
4850,,10.0,4.0,0.0,1326.185623531618,37.902733004673834,23640.14307329659
4854,,10.0,4.0,0.0004388314374353671,584.9765422249908,40.03592900622322,34365.451699348
4857,1.98,10.0,4.0,0.00020682523267838678,1024.2585753088192,14.918819566580282,26362.38976344099
4858,1.5653,10.0,4.0,0.0003825458893485006,723.4176032928606,69.90589119502114,31066.318522702826
4859,1.5905,10.0,4.0,0.00020682523267838678,387.1564175241657,14.891741200729927,41924.8000107199
4860,,23.0,3.0,0.0,723.9574526905219,14.783407480236281,33311.15113065512
4863,1.7855,10.0,4.0,0.00020682523267838678,763.3244520647811,29.998568626206104,30330.569186933928
4866,1.3611,10.0,4.0,0.00020682523267838678,980.4357845267635,79.88533968857539,26917.867275258348
4872,1.865,10.0,4.0,0.000861685625646329,767.2944360444931,84.49757465027474,30140.865714793465
4874,,10.0,4.0,0.00020682523267838678,1386.9683853120216,44.9475780439599,22814.043752209163
4877,,10.0,4.0,0.0002527863954958061,3432.253550482473,34.67885078768902,14801.916350354983
4881,1.158,10.0,4.0,0.00020682523267838678,4427.008770915232,71.94125064599871,13117.21823917929
4884,,10.0,4.0,0.0005919079627714582,3199.9454827027403,19.2998121390833,15270.318608633708
4893,,3.0,4.0,0.0,1180.7530796445578,64.2254072987868,22962.567264900106
4894,,3.0,4.0,0.0,1190.43947160043,44.9209990872168,22873.278424584343
4901,1.5865,10.0,4.0,0.0,1894.4684231445822,74.31923147435613,19943.064510735425
4904,1.1524,10.0,4.0,0.0,2186.7252198861665,92.80374642942556,18624.30101588932
4906,1.1836,10.0,4.0,0.000577744127640715,1744.3386967577244,24.997025458671295,20395.55259407981
4915,1.206,10.0,4.0,0.0002822733540158566,1040.1378147975538,47.85588870341942,26148.03161879668
4934,1.2403,10.0,4.0,0.001456566701137539,4453.746914663313,19.907737714884497,13011.78809342152
4943,1.1539,10.0,4.0,0.000596417056998601,3487.574743916961,74.66117775269375,14655.940096245993
4948,2.0142,10.0,4.0,0.0004443049194858916,3064.1242784409797,24.60082963824817,15601.349956782897
4951,1.4003,10.0,4.0,0.001456566701137539,2971.946638045589,124.964351834859,15780.278683255412
4953,,10.0,4.0,0.0014565667011375387,3149.11984780028,259.05358129029355,15350.49545677065
4955,1.6338,10.0,4.0,0.00027897169079627715,3035.3140993394777,69.33781686698669,15691.227596039518
4959,1.8558,10.0,4.0,0.00020682523267838678,2995.3425674848163,24.90358329418462,15803.32243081652
4960,,10.0,4.0,0.0002920889348500517,3745.9683310414357,39.82221371938643,14191.791767169585
4963,1.5886,10.0,4.0,0.0004143226473629784,2973.991945312963,39.53911449052885,15828.009090828791
4966,1.9889,10.0,4.0,0.0015390617655353955,2436.694067409377,44.94892449657705,17345.05697918265
4974,1.4721,10.0,4.0,0.0005184332988624613,1992.918076852894,39.674511817594485,19145.646839138048
4977,1.7143,10.0,4.0,0.00020682523267838678,1967.6305823278187,74.42057753949253,19309.789659290615
4979,1.7847,10.0,4.0,0.00020682523267838678,3308.2608868637267,54.9484517022257,15071.974608411747
4981,1.4525,10.0,4.0,0.00020682523267838678,1730.2249393834197,69.96128611657004,20530.811857907018
4982,1.2259,20.0,3.0,0.0,2113.0867985337104,164.97885162937195,19276.495278647973
4983,,10.0,4.0,0.00020682523267838676,3941.4663636248138,130.0463892026359,13864.390117219224
4986,1.6154,10.0,4.0,0.0,3070.992194610656,54.52689452985575,15839.806923383827
4991,1.2534,10.0,4.0,0.0014565667011375387,3678.899439609911,29.900321370462212,14253.461763077652
4993,1.1598,10.0,4.0,0.00030664191031305824,2215.5098499492337,44.71197912890491,18228.426404409336
4995,1.2131,10.0,4.0,0.0,2251.642024533625,202.9060917103062,18366.286636214867
4997,1.4657,10.0,4.0,0.0,3089.8702216102843,419.50907287107094,15793.584070917288
5000,,10.0,4.0,0.0,3056.903205203396,27.280536328862485,15874.578168005652
5004,1.2968,10.0,4.0,1.7235436056532232e-05,1352.7425023463063,45.00781658674489,23240.797877674726
5019,1.1594,14.0,4.0,0.011146587383660806,1501.0014538083576,239.79560794195123,22813.41858205726
5022,1.6203,10.0,4.0,0.00029950433263202937,1369.1616418459212,134.6279891123453,22932.431756174356
5023,1.6457,10.0,4.0,0.0,2632.4787535176533,210.09146959768742,17047.421800745753
5025,1.2524,6.0,3.0,0.0007589337010226359,3199.1931366367917,34.94002652583954,13124.802082783268
5028,1.2984,10.0,4.0,0.0,4568.181906165722,54.6787645542342,13107.130655370322
5029,1.2749,10.0,4.0,0.001456566701137539,1612.1330507681969,94.60021715426709,21124.62328597141
5030,,10.0,4.0,0.0003915316557508905,2951.328527811448,34.964531518839564,15888.24709481187
5031,1.3252,10.0,4.0,0.00020682523267838678,3426.8270140455047,99.91757562602618,14821.007890657604
5033,1.8319,10.0,4.0,0.00020682523267838678,3078.1872361904493,29.718622287649797,15599.053849037033
5039,1.4642,10.0,4.0,0.0,1367.2633629755915,29.97800730367718,23298.752507270092
5040,1.8665,10.0,4.0,0.0,1336.7253158099434,49.823367474780284,23551.073562650425
5041,1.15,10.0,4.0,0.0,1371.6545708713434,48.942749124251726,23263.15407500166
5047,1.5838,10.0,4.0,0.00048388486728714246,970.6539440115048,19.69757044962982,26985.7295272653
5048,1.7342,10.0,4.0,0.001972337125129266,983.3342242748795,34.9946251650382,26719.049307165722
5050,,10.0,4.0,0.0,1208.457525309482,59.411298354237594,24711.6935192905
5073,,10.0,4.0,0.00020682523267838678,568.446297109016,29.94856649965017,34908.29250163037
5076,,10.0,4.0,0.0003332471561530507,602.4944526401779,29.97943308998249,33910.13893175655
5077,1.4151,10.0,4.0,0.0026603541882109618,676.375370630768,30.049040951705898,31913.30070075143
5080,1.3475,20.0,3.0,0.0017586177180282665,1146.1715124592647,20.06047536556906,25297.226675177506
5081,1.5328,10.0,4.0,0.008256980351602897,1254.2114800016425,30.013035976367156,23701.445152498945
5083,1.5666,10.0,4.0,0.008709625991037575,1265.3571831650677,49.802695929011435,23598.305120690533
5089,1.1613,10.0,4.0,0.00020682523267838678,781.0161639836737,30.005354397873223,30000.97409963417
5092,1.4854,20.0,3.0,0.00020682523267838678,1160.932629402161,49.68124769079789,25287.06551041807
5094,1.9786,10.0,4.0,0.0,1007.7621428472398,19.917012966266515,26947.246663856462
5115,1.9552,10.0,4.0,0.00020682523267838678,202.82162631244802,24.94564956502938,57063.8739179821
5117,1.6966,10.0,4.0,0.00020682523267838678,262.7675231908256,19.983495288591566,50435.265853637655
5120,1.673,10.0,4.0,0.0014565667011375387,683.7891155370489,29.98994926103051,31798.80379395572
5140,,10.0,4.0,0.0014565667011375387,619.7041852816509,29.641653581288313,33326.59119237338
5147,1.5591,10.0,4.0,0.00020682523267838678,1119.7419204676223,34.69571077594456,25265.398634871897
5148,1.741,10.0,4.0,0.00020682523267838678,1149.4608604739644,14.974150863291296,24951.762422109266
5149,1.5353,10.0,4.0,0.00020682523267838678,1145.7592345292958,74.91106452668376,24990.171040581947
5153,2.205,10.0,4.0,0.00013241515464886718,1243.7850172812675,39.76678522301704,24059.348267641726
5162,1.7166,10.0,4.0,0.0002444298204380935,1100.529455670805,44.6200552054542,25463.44591423068
5163,1.6062,10.0,4.0,0.003116446914856946,594.3251572233427,49.60934674491936,33929.00773472423
5167,1.4597,10.0,4.0,0.0037378059289900037,572.510080289683,19.919151090639488,34522.76887035322
5168,2.0966,10.0,4.0,0.001456566701137539,535.6448647578767,39.819646979560744,35725.63655860539
5169,1.6493,10.0,4.0,0.001456566701137539,582.151687034095,19.994314667943627,34334.99081834762
5170,1.4359,10.0,4.0,0.0017942088934850054,601.1881620730197,44.991017352397805,33793.40659094784
5174,1.7984,10.0,4.0,0.001332360762298715,916.4695204070514,25.01463766023448,27660.41620942943
5175,1.3835,10.0,4.0,0.0003333333333333333,4119.990053451125,79.9131382008509,13557.3456660605
5176,1.535,10.0,4.0,0.0,2975.5858470700005,59.831837888615965,16079.994470291547
5177,1.6953,12.0,3.0,0.00020682523267838678,1239.0427272618153,44.835646014003835,22258.05078683064
5178,1.8478,10.0,4.0,0.00020682523267838678,730.6674365343274,24.991596529838592,30969.62442783904
5179,1.8318,10.0,4.0,0.003736671262782949,737.317989878244,39.98873333824308,30599.341406027823
5181,1.4092,10.0,4.0,4.912099276111686e-05,1555.3220609098707,84.86687235204866,21683.991130425846
5187,,3.0,4.0,0.00027145811789038265,2939.5646430739894,69.38351923462658,14643.387659601769
5193,1.444,10.0,4.0,0.001624870734229576,1155.0467982691146,34.96568870976894,24757.858579874453
5195,1.5188,10.0,4.0,0.00022750775594622546,2013.7665124785462,88.72938432490147,19092.70238037728
5197,1.7202,12.0,3.0,0.0024694609617373323,1191.8602898934337,34.95790881567367,22524.71029982544
5201,,10.0,4.0,0.00020682523267838678,922.7578709952937,24.998307655097612,27707.487828115096
5206,,10.0,4.0,0.00036194415718717685,1302.16935847324,10.004422923110454,23475.81365823616
5220,1.3068,10.0,4.0,0.00020682523267838678,154.9372491212517,34.77807692714778,64883.542235693414
5221,2.0485,9.0,3.0,0.00020682523267838678,403.8509926322047,24.845891683576447,36638.14901854262
5223,1.4587,9.0,3.0,0.0012422168399281554,364.8884705223685,83.50978794578398,38271.111746035305
5227,,9.0,3.0,0.00020682523267838678,333.34827698913386,29.857653550693247,40148.30953897862
5228,1.6899,9.0,3.0,0.005185108583247157,861.0899971791146,64.9180525153726,25316.356389736327
5235,1.7383,9.0,3.0,0.008427352637021717,1499.5568948770397,24.863644641093508,19406.890180048867
5236,1.5745,8.0,4.0,0.0015277736741025265,1036.4897527483754,30.0030921641948,25452.589353770938
5237,1.5647,8.0,4.0,0.00038273009307135473,1047.513835202781,44.9662005427908,25418.03298644815
5238,1.7825,10.0,4.0,0.002547763702171665,915.5282628751507,34.98449244866686,27626.2363557567
5239,1.469,25.0,3.0,0.00020682523267838678,1192.8630078989752,74.7506338509068,26514.47208276833
5240,1.3979,10.0,4.0,0.0,1426.1582653541404,94.7938434898794,22834.874914939894
5244,,10.0,4.0,0.0005211995863495346,620.1104378871767,19.948587004287905,33407.48955163152
5245,1.4755,10.0,4.0,0.00042293174767321623,1488.9319387933024,44.967139227367014,22013.217345107558
5246,1.8517,10.0,4.0,7.238883143743538e-05,457.08236745807284,30.016229727861152,38841.81482011924
5247,1.7988,10.0,4.0,0.0007764994829369184,1130.216233634421,24.8958162155532,25065.004102804483
5248,1.6256,10.0,4.0,0.00020682523267838678,1107.4204889643956,64.1312128530523,25399.061563654264
5249,2.0234,10.0,4.0,0.00020682523267838678,704.584897252131,25.06967763514521,31511.125894179106
5250,1.6392,10.0,4.0,0.00014141675284384697,2772.2338840846173,30.044905090057387,16414.160647922876
5251,1.7798,10.0,4.0,0.00861756721820062,240.03818757476625,14.923065535967417,52138.329413372136
5257,1.5244,10.0,4.0,0.00024819027921406416,2305.836933162997,39.988138421243505,17894.42929878598
5258,1.7307,5.662,4.0,0.0001814891416752844,2459.8118642447416,34.97649180481383,16480.044617857508
5260,1.6771,10.0,4.0,0.0014342360392967943,3008.6613604255654,34.90031236182329,15688.800984833815
5261,1.4219,10.0,4.0,0.00020682523267838678,3034.3447025801393,14.927970717454926,15706.129657181895
5262,1.6114,10.0,4.0,0.000265918156300783,3023.0030622822806,25.043214531510426,15723.674313783427
5263,1.7704,10.0,4.0,0.001456566701137539,1556.860358725675,49.35887085431578,21478.9996049405
5270,2.1093,10.0,4.0,0.00020682523267838678,1592.2012723680853,19.4783476526333,21361.075747511008
5272,1.465,10.0,4.0,0.00020682523267838678,1569.9595827359503,84.98681700973289,21504.855079306206
5273,1.8901,10.0,4.0,0.011018872802481905,1312.423784463431,59.55564402588102,23176.362297386175
5277,2.116,10.0,4.0,0.0011135658550343144,1373.0728521170656,44.2156516213053,22821.304738605395
5281,,10.0,4.0,0.00020682523267838678,774.2427891510195,14.761183655369035,30125.8468317596
5283,2.096,10.0,4.0,0.0016284901758014479,772.617719689766,19.95876023562389,29990.77365309644
5286,2.0453,10.0,4.0,0.0002585315408479835,782.9167719889577,49.35895831945166,29948.418731182483
5292,,10.0,4.0,0.0006921751120303344,1992.422171642759,14.827193368720122,19133.18570932315
5295,1.2867,20.0,3.0,0.00020682523267838678,1209.5499837309558,69.97625262019528,24797.176655973664
5296,,10.0,4.0,0.0014565667011375387,2296.985222848046,64.5831814226026,17842.988254058328
5298,1.2845,10.0,4.0,0.001456566701137539,2001.5280285785818,54.90341710405913,19053.835888775346
5305,1.7054,10.0,4.0,0.001456566701137539,2046.3543578309832,74.66435447149067,18853.64753303365
5306,1.9681,10.0,4.0,0.00020682523267838678,1695.5160808611352,24.999167005380077,20730.16894661421
5307,1.3511,10.0,4.0,0.0007917786970010343,362.12553699834496,15.077441926921749,43128.10999193394
5308,1.6058,10.0,4.0,0.0008919984488107549,388.10751608417115,9.986563143972427,41713.088364473326
5310,1.505,10.0,4.0,0.0006943834022750776,2106.7474771890074,34.857582911429475,18630.677454542358
5319,1.4482,10.0,4.0,0.00020682523267838678,2045.5499990775206,64.31168488465953,18955.467230747294
5321,1.2469,24.0,3.0,0.0014565667011375387,1121.5547655821108,29.711749428820493,26838.006446508345
5325,1.3917,10.0,3.0,0.001456566701137539,1090.2979179938222,50.03340699819372,22973.836547402563
5326,1.209,10.0,3.0,0.001456566701137539,1510.5248692300074,94.95936800012954,19666.07933741146
5327,1.5749,10.0,4.0,0.00020682523267838678,3472.537559782224,174.70700037641862,14727.651328266484
5328,1.4793,14.0,3.0,0.00020682523267838678,1630.7857750121184,104.80754116989198,20002.0093418057
5329,1.1878,25.0,3.0,0.00020682523267838678,1609.073613928863,225.01581460512799,22987.810558140936
5332,1.1807,10.0,3.0,0.00020682523267838678,1843.3282029260574,89.55525652593604,17977.890604399243
5339,1.5218,10.0,4.0,0.00028093145220859804,2460.449422778587,129.2919311408501,17343.378477183647
5341,1.2707,24.0,3.0,0.00020682523267838678,1470.1465889111494,49.87671576874992,23711.401985537625
5344,1.3048,12.0,3.0,0.001999276111685626,2114.075049431202,14.97590524238372,17148.033977375406
5347,1.4793,10.0,4.0,0.001456566701137539,3045.7539513543006,14.971287942730285,15596.754888714253
5348,1.205,12.0,3.0,0.00020682523267838678,2541.6237231725604,14.984735048014972,15801.326435226038
5358,1.8109,20.0,3.0,0.0006204756980351604,357.234252108029,55.02987130504869,44229.5618590979
5363,1.6395,4.0,4.0,0.027289555325749743,965.9443730644755,85.02798916158436,24890.464946814165
5364,1.4256,4.0,4.0,0.031693640124095146,968.8887084947982,39.87346110892955,24844.46536863143
5365,1.8901,4.0,4.0,0.03154745228917928,958.8783739624589,49.893318105439306,24968.11970670087
5366,1.8983,4.0,4.0,0.03404110651499483,979.0599670286804,64.9314600419263,24716.34460632336
5367,1.713,4.0,4.0,0.0006204756980351604,981.9869037951306,20.052334496789786,24945.83979841881
5368,1.4632,4.0,4.0,0.00020682523267838678,984.3642399821589,44.985374215767806,24990.102693901903
5370,1.553,10.0,4.0,0.00024037843427708992,2058.2737284352306,174.58265280914705,18891.932956359815
5371,1.2357,24.0,3.0,0.002198429761062429,1102.4866706800883,88.96475196593383,27028.714413556703
5373,1.6719,10.0,4.0,0.00020682523267838678,3058.2998766429755,39.43008049546427,15647.343411947426
5376,1.1871,20.0,3.0,0.00020682523267838678,3140.0745751056093,319.87249788414937,15733.655634420127
5379,1.4971,30.0,3.0,0.001139944705907182,1413.8384044383538,234.28307071273866,25853.27204520852
5382,1.5858,23.0,3.0,0.0006204756980351604,677.9148109617781,54.991168630835595,33787.86077382184
5385,1.7895,10.0,4.0,0.002177352637021717,706.8114109463854,35.04792758853284,31267.116064943206
5386,1.479,10.0,4.0,0.0002859851282808884,658.5765049303578,94.5018919939917,32514.280283931115
5387,1.5402,10.0,4.0,0.0008198035160289556,1946.360034861488,4.982467654355499,19339.072142619425
5388,1.526,10.0,4.0,1.0089035740409111e-05,1844.719133459398,199.52445662309037,20073.799947096486
5389,,10.0,4.0,0.0002068252326783868,1654.5581476073123,59.233746862641254,20973.315161514067
5390,1.2147,10.0,4.0,0.0,1699.9901920421162,76.92759726016534,21000.229856404472
5393,1.4833,24.0,3.0,0.002694415718717684,1376.3456774240206,34.9771613336701,24302.011227775256
5397,1.2659,26.0,3.0,0.00020682523267838678,3787.4934961556473,168.93367410664044,15468.62249629651
5398,1.2192,3.0,4.0,0.001456566701137539,2479.4906582863887,79.65149300509111,15810.604126001344
5399,1.6208,3.0,4.0,0.0018691830403309206,2554.660913778338,104.61372691382874,15576.671971445185
5402,1.477,10.0,4.0,0.00034307135470527407,3180.397045498371,19.993827142649593,15337.267280202417
5403,1.2896,10.0,4.0,0.0006336608066184075,3165.379847615598,19.993824145114885,15346.823837583664
5404,1.5577,10.0,4.0,0.0017601689072733542,3139.844947701508,84.62452284405897,15364.352881820902
5406,1.681,10.0,4.0,0.00020682523267838678,3812.3248423364244,55.03790389873632,14086.399720299292
5407,1.235,10.0,4.0,0.0004139089968976216,3684.75350840961,139.73393918654722,14290.46380054907
5408,1.7765,10.0,4.0,0.0004892826924884837,1606.1609729052632,50.049625446750795,21223.61445189519
5409,1.6326,10.0,4.0,0.00020682523267838678,1615.1670067097245,49.96113470241604,21215.695696001356
5413,,10.0,4.0,0.0008492761116856257,1769.9511475614268,144.8232653177607,20233.504498656188
5414,1.7975,10.0,4.0,0.00020682523267838678,1267.234476447496,74.14620356941076,23817.705536961897
5415,1.4003,10.0,4.0,0.00020682523267838678,1260.1297723729892,98.87061366983077,23881.64756097422
5416,1.344,3.0,3.0,0.0002068252326783868,3480.3518229664255,401.7522444851019,12201.949354634871
5418,1.5486,25.0,3.0,0.0018691830403309206,1100.6506883697623,109.93093806494726,27390.43670006494
5419,1.5458,25.0,3.0,0.0002473705450601559,1249.301398923803,194.0123580164014,25924.004738040872
5420,1.462,10.0,4.0,0.0,1177.8864175520366,162.21977663514437,25015.49173741144
5425,1.7818,12.0,3.0,0.003085721672329739,2261.8727286151848,24.962090128096584,16585.07567803035
5426,1.2071,10.0,4.0,0.004344881075491211,2323.6976265018943,184.9791627821478,17693.304931738196
5427,1.3764,10.0,4.0,0.00020682523267838678,2218.3168520323125,29.956686834073192,18236.539898831754
5429,1.9482,10.0,4.0,0.0002757669769045157,1023.6814971350781,39.91847127377928,26349.279931680387
5430,2.0888,10.0,4.0,0.001266546018614271,796.8237596279495,44.936460357527324,29572.60313940597
5433,1.3782,10.0,4.0,0.00020682523267838678,3637.5077997836074,139.5871324693184,14405.268189640712
5434,1.2942,10.0,4.0,0.00016752843846949328,3024.2605283018097,94.65005553052166,15739.9124738621
5435,1.5821,10.0,4.0,0.0009464839710444675,2985.7491884151436,39.881621900993636,15763.536943188737
5436,1.8061,10.0,4.0,0.0006011892450879008,3028.715633507495,45.038838191082135,15675.433833213101
5437,1.6901,10.0,4.0,0.00022300695684873557,3033.1193657265885,99.77478337398124,15706.003846650967
5438,1.3831,10.0,4.0,0.0024744053774560498,1677.6609589680886,193.6487346283518,20697.825531328745
5439,1.1618,10.0,4.0,0.00020682523267838678,2671.6133986758746,74.37513623978893,16689.20421822949
5442,1.7671,10.0,4.0,0.002741246860688433,1418.4519085824754,29.960681371850665,22416.3403236326
5444,1.7258,10.0,4.0,0.001939245087900724,1396.8245016034664,50.00618175406588,22602.008949312032
5445,1.3122,7.0,3.0,0.006183557394002069,4037.580524059237,64.99810197385708,11822.39355899099
5446,1.1635,7.0,3.0,0.006576525336091004,3971.2206310754073,74.92617578250689,11914.236826599106
5447,,10.0,4.0,0.0002991209927611169,423.2037730932578,65.01173348819067,40142.756980045204
5448,1.5559,10.0,4.0,8.573130704554651e-05,387.6319285159173,110.00028250256732,41998.65495889414
5449,1.61,10.0,4.0,0.00012181144432954156,174.17429187117662,49.96566743779985,61448.13503110361
5450,1.6784,12.0,3.0,0.00020682523267838678,1306.0324847330794,94.78237143651074,21706.12701624116
5451,1.7159,10.0,4.0,9.69493278179938e-05,1226.0214810902778,70.04348363571933,24245.074756764116
5452,1.3558,10.0,4.0,0.00010873836608066185,4374.356256104595,95.01678313207404,13214.881422654713
5453,1.483,10.0,4.0,9.653567735263703e-05,400.4396165543241,95.02638750757879,41339.57113717692
5454,1.4009,25.0,3.0,0.0,3495.3344236490298,89.82961888650352,16106.563064556032
5455,1.961,10.0,4.0,0.01930495231529358,851.7482547877308,38.8476301954831,28440.294861482493
5456,1.8451,10.0,4.0,0.00020682523267838678,831.2754816931646,34.99354124467473,29121.88681065459
5457,1.6992,10.0,4.0,0.0,3718.3670188047563,59.80959199677056,14458.893990303382
5458,1.5784,10.0,4.0,0.0,3580.702005837572,54.978411192434635,14721.364116751778
5459,1.609,10.0,4.0,0.00020682523267838678,2750.5762104361906,45.10332900148244,16458.99304855896
5460,1.5696,10.0,4.0,0.00040822130299896593,2793.120126095828,34.971609944523074,16309.403838959644
5461,1.485,25.0,2.0,0.008378393226473631,2816.7386475284075,34.99902946764085,15729.080629571625
5462,1.4428,25.0,2.0,0.00027569157187176836,2807.4879395411226,30.004810278618635,15897.670057880787
5463,1.5036,10.0,4.0,0.00019801361599448464,2388.380433469044,50.01352048306992,17607.39169811436
5464,1.4585,10.0,4.0,0.00019131334022750776,2396.527372924541,50.06603447978129,17580.434762947916
5465,1.5067,10.0,4.0,0.0006191184074457085,2424.255352887704,49.99334371015227,17429.6589550177
5466,1.3835,10.0,4.0,0.0006284431700667481,2431.703473107859,49.99321296262344,17403.487895542243
5467,1.5003,10.0,4.0,4.486697377080004e-05,2467.73688640958,50.04372544295123,17403.753964357486
5469,1.485,10.0,4.0,0.00017431489141675287,2459.6767640371,49.54434582200099,17368.037327356746
5470,1.485,10.0,4.0,0.00039529472595656675,2533.382109692684,50.006064115524275,17087.91465221139
5472,1.5286,10.0,4.0,0.00039529472595656675,2541.140548845551,49.98736179787709,17063.01594392474
5473,,10.0,4.0,0.0028176557155357575,1888.532216435171,59.9636633987917,19554.82845703685
5474,1.4307,10.0,4.0,0.002610651499482937,2273.2026550176997,68.69975097520114,17903.919951587563
5475,1.3363,25.0,2.0,0.01144911237504309,2300.520150148257,54.99060305058747,17308.854704662
5476,1.5306,10.0,4.0,0.000176412522327724,2517.951513995844,45.00701786003147,17174.635166702556
5477,1.5396,10.0,4.0,7.292939738648116e-05,2514.969487030282,49.87273031260157,17224.81715593274
5478,1.512,10.0,4.0,2.9989658738366084e-05,2581.293861622095,54.951176140308824,17052.63989402046
5479,1.7645,10.0,4.0,0.002940702265676413,2635.6921594494925,49.54991368361821,16678.95299718365
5480,1.7573,10.0,4.0,2.456049638055843e-05,1020.6766144740853,40.02061247219704,26556.73992818635
5481,1.7176,25.0,3.0,0.005372878520591277,1083.9666034722552,75.08220817757581,27513.196540427984
5482,1.5743,12.0,3.0,0.00020682523267838678,117.97213259621083,104.96121403457131,68314.35171370902
5483,1.4147,6.555000000000001,4.0,0.000500775594622544,223.88405822826817,84.84824545958853,52098.15975617048
5484,1.5968,6.555,4.0,0.0005465356773526371,287.53171150529334,35.0032541100279,46227.87568361109
5488,1.8984,10.0,4.0,0.0011177795833948886,473.4031259896018,29.97136818630731,37919.96773054466
5489,1.7363,10.0,4.0,0.0010995346432264737,521.2271154494816,59.928093569962996,36220.63245125656
5490,1.7556,10.0,4.0,0.0006401240951396071,594.7174988811942,54.98432141903006,34061.61051888236
5491,1.6949,10.0,4.0,0.001456566701137539,693.615193835545,59.998722188915444,31583.185704811225
5492,1.6322,3.0,4.0,0.001456566701137539,753.337349288534,49.701533256022685,27903.918186169187
5493,1.7495,10.0,4.0,9.91612087785821e-05,791.9419803461631,40.011776377347665,29861.288022282457
5494,1.6599,10.0,4.0,6.514994829369183e-05,847.1696475193252,64.94722006168563,28948.97658886029
5495,1.5052,10.0,4.0,9.931136598665038e-05,951.8541108803021,105.03565240900878,27353.71271343891
5496,1.4598,10.0,4.0,2.5782645482748897e-05,942.8317746021182,105.00796825277511,27577.091135805833
5498,1.6904,25.0,2.0,0.00822569803516029,993.8844320151851,59.76244339734592,25850.153561222185
5499,1.452,25.0,2.0,0.00036751433674908347,1001.728093764568,49.99246112420662,25967.504505434354
5500,1.6659,25.0,2.0,0.00021865305067218202,1011.8844371255922,55.057169657882866,25878.652020466416
5501,1.7382,10.0,4.0,0.0016919453062162475,622.2513615592082,39.96849453499247,33248.199873925565
5502,1.5948,10.0,4.0,0.00017709410548086868,659.8068074040078,49.933604192418244,32526.84505922878
5509,1.1593,12.0,3.0,0.0013507320524682959,2699.149647730869,84.9438391026574,15278.10378848371
5510,1.699,10.0,4.0,0.0006461878349158598,1080.4154457548698,49.9984951503706,25621.989845074233
5511,1.4087,10.0,4.0,8.273009307135471e-06,1111.512994654167,44.985904480801175,25572.71103658757
5512,1.7254,10.0,4.0,5.17063081695967e-07,1098.50686129731,40.061813048363575,25861.77560729181
5513,1.7015,10.0,4.0,3.937066036342149e-05,1131.4336492189816,60.0372525791938,25251.874255346273
5514,1.2342,10.0,4.0,0.00020682523267838678,3003.233863661686,49.51267427511263,15783.50710453925
5515,1.6951,10.0,4.0,0.00020682523267838678,3024.1626890227003,35.004563980467196,15731.324436790863
5516,1.5239,3.0,3.0,0.00020682523267838678,3093.9671560479446,114.76032735940527,12906.263817165533
5517,1.7721,10.0,4.0,0.0003259534329854909,3124.0703673566795,153.5424155862724,15470.626757988986
5518,1.6604,10.0,4.0,8.47983453981386e-05,3037.096789750393,59.85630515084982,15736.664039745865
5519,1.7183,10.0,4.0,9.648397104446743e-05,2997.8749854209427,39.9729894310714,15829.066575443814
5523,1.9103,10.0,4.0,0.0029475180972078595,583.8274689504123,20.022006940832664,34223.65204243009
5525,1.9422,10.0,4.0,0.0031031540847983458,636.7053979842036,29.97209690349314,32833.03151000131
5528,1.4808,10.0,4.0,0.003680239572561186,338.6432788655583,54.99660700513891,44347.38748917172
5530,1.9836,10.0,4.0,0.002802186438174029,407.20714726303083,29.923174605542165,40644.275356608916
5531,1.3157,10.0,4.0,0.0029475180972078595,381.6728397103349,19.983339567224842,41913.34281852673
5532,1.2717,9.0,3.0,0.009627973112719753,563.2468381298369,79.97122823889411,30945.337544730915
5533,1.2481,10.0,4.0,0.00020682523267838678,1247.0829387468937,34.90209372527303,24000.46635449042
5540,1.2294,20.0,3.0,0.00021509824198552227,2359.629781232379,239.50537828363713,18028.569941737627
5541,1.2599,20.0,3.0,0.00020682523267838678,2318.0066176407627,239.6219520893631,18184.12555401057
5542,1.2112,20.0,3.0,0.00026987320713996676,2280.596799440709,220.03128555875082,18312.779617529362
5543,1.3544,20.0,3.0,0.00020682523267838678,2323.4150490031957,164.9587752386167,18163.92810779206
5544,1.3164,20.0,3.0,0.00033356313914742046,2351.4886790204473,79.91899488817295,18037.219349270912
5545,1.2112,20.0,3.0,0.00020682523267838678,2391.7719485034117,174.99365378201065,17914.49771302627
5546,1.3483,8.0,4.0,0.00020682523267838678,2323.431959334268,109.98521578479652,17412.973632033023
5547,1.3479,8.0,4.0,0.00020682523267838678,2279.5211728461036,100.00619587302819,17572.12957205058
5548,1.2833,10.0,4.0,0.0003362437717401523,2236.1418734275994,99.98428946195426,18143.57613693175
5549,1.3713,10.0,4.0,0.00020682523267838678,2197.6607063367314,95.00114921552162,18318.07826032859
5550,1.4002,10.0,4.0,0.00020682523267838678,2161.4300124653655,94.99670915190018,18463.864989189857
5551,1.3,10.0,4.0,0.0004550770670212243,2125.090530563965,94.98385533127701,18574.7088706481
5552,1.3535,10.0,4.0,0.00020682523267838678,2158.121417723325,90.0097435109614,18477.35806972108
5553,1.3353,8.0,4.0,0.0,2120.2976826414288,100.09514190485582,18449.611689083613
5554,1.3391,10.0,4.0,0.00020682523267838678,2077.1447232935743,125.07387475667558,18817.424023967615
5555,1.3467,10.0,4.0,0.002419338159255429,2189.578222648686,125.07925778536416,18230.49257400669
5557,1.6206,10.0,4.0,0.00029317476732161325,1337.6335406721473,34.79513330050047,23189.934678960824
5559,1.4979,10.0,4.0,0.0005607980006894175,1324.7440730005344,49.52088225898959,23257.050768702178
5560,1.5601,20.0,3.0,0.007077928793027036,1190.576738525026,30.029723781390224,24750.8656551578
5562,1.6037,10.0,4.0,0.00020682523267838678,2362.719696946144,79.946959190074,17696.27192847423
5563,1.5542,10.0,4.0,0.00020682523267838678,2342.9381590099447,154.67072581763907,17767.363774351303
5564,1.9292,10.0,4.0,0.0004254633680693661,1894.5269529007012,59.974551162281564,19623.850989238363
5569,1.4931,25.0,3.0,0.02262728876452339,1295.0747043489534,79.99639558058874,25178.305713914167
5570,1.454,10.0,4.0,0.0008273009307135471,2512.703490357158,94.4097334594417,17121.122465122062
5572,1.5165,10.0,4.0,0.00020682523267838678,2572.0372470584775,110.02915977508154,16994.2559367581
5573,,10.0,4.0,0.00024819027921406416,2484.506499199425,59.85578881128745,17268.7913227199
5575,1.7756,10.0,4.0,0.00021334597265310813,1761.3059751321332,35.03043258735823,20355.556988949207
5581,,8.0,4.0,0.00020682523267838678,1516.6363375558965,34.965538871100385,21340.832033475344
5582,,8.0,4.0,0.0018922835938925727,1552.4214500718308,79.91828160153884,20980.75922626031
5583,1.6325,10.0,4.0,0.000317649086521889,1562.9813845771089,65.00462605491319,21525.974275789264
5584,1.7986,10.0,4.0,0.0004919150136316631,1301.3288070922215,49.97678622645892,23463.862694695556
5585,1.6502,8.0,4.0,7.182476262103977e-05,1246.446620529633,44.950415858029025,23499.963883908196
5586,1.6106,10.0,4.0,2.4819027921406412e-05,1298.4695487346464,50.06318394743486,23676.065439104015
5587,1.3885,10.0,4.0,0.0001879759330638338,849.2434992889025,105.00816887642007,28833.75963687376
5588,1.3504,10.0,4.0,0.00020908738366080663,740.6746815016903,110.0282605633969,30768.488563630126
5589,1.4064,10.0,4.0,0.000648467613048792,839.0766026125322,105.01631871761057,28904.357715192935
5590,1.3651,10.0,4.0,0.00020682523267838678,728.5756969942495,109.95765191538837,31011.992424490305
5591,1.3532,25.0,2.0,0.002038421764378331,673.8491373053461,124.98300124258964,31229.040934356275
5592,1.3838,10.0,4.0,0.00021134507720286705,2228.024528304686,139.99707346278493,18197.558187579947
5593,1.3474,10.0,4.0,0.00020682523267838678,2176.9874612819417,104.96403241217716,18400.825320932447
5594,1.3338,10.0,4.0,0.0013002718751042466,2137.6845109774385,149.9309259426406,18470.727533658457
5595,1.3218,10.0,4.0,0.00020682523267838678,2093.392713887732,120.05512876324876,18747.634818066646
5596,1.3119,10.0,4.0,0.0003922497989199127,2055.0251264194458,124.94883035360917,18881.52816620407
5597,1.385,10.0,4.0,0.0013580661840744573,2019.8579083179948,164.93366791526296,18974.72251398483
5598,1.3115,10.0,4.0,0.00020682523267838678,1994.7443882190958,99.99946088276198,19184.178656327713
5599,1.3436,10.0,4.0,0.00020682523267838678,2034.8332036079398,100.01609053575534,19003.0082375604
5600,1.3406,10.0,4.0,0.00036749642980253116,2074.625720780434,94.9967147223762,18799.513234030317
5601,1.3494,10.0,4.0,0.00020682523267838678,2116.3979047423245,94.99670079539963,18650.178557030453
5602,1.3499,10.0,4.0,0.00025295464618111985,2159.2716783342885,94.96904292007241,18462.761168726243
5603,1.3267,10.0,4.0,0.00020682523267838678,2199.78504564125,90.03934673846192,18309.6404814241
5604,1.3893,10.0,4.0,0.0,2073.393448980725,109.99484552171768,19102.996914777545
5605,1.1745,10.0,4.0,0.00020682523267838678,4644.962741019801,119.94029833194091,12820.019981321537
5610,1.2802,24.0,3.0,0.00020682523267838678,1142.3821215135345,29.96283112055807,26742.214079550686
5612,1.7285,10.0,4.0,0.00906928645294726,4678.711475646182,39.927368944728805,12647.84363347403
5614,1.2771,10.0,4.0,0.001456566701137539,3755.0831561927007,54.98784542366741,14114.824392724604
5615,1.3446,10.0,4.0,0.00020682523267838678,3416.7547050762705,94.75985565561248,14841.826577043365
5616,1.2493,10.0,4.0,0.0,3418.7106184897075,204.20120625258085,15049.976167091461
5617,1.6508,25.0,3.0,0.00020682523267838678,1966.5530078500976,119.71677579002773,20890.485887396782
5618,1.2333,25.0,3.0,0.0017515388782193334,1958.8341326513032,94.95635875954464,20810.95628237704
5620,1.3884,32.0,3.0,0.00020682523267838678,2576.2740164976076,109.86219478444681,19984.994398604427
5621,1.2802,32.0,3.0,0.00020682523267838678,2273.1511249741297,104.91305469085457,21214.273414361352
5622,1.3092,10.0,4.0,0.0006342640468803861,2437.996236080257,143.1840716487439,17381.625628424805
5624,1.3538,10.0,4.0,0.0002068252326783868,2430.817644952791,124.8383123173985,17458.1086580144
5627,1.2295,25.0,3.0,0.001456566701137539,1400.8168932371636,164.9829960017409,24431.186050935543
5630,1.2623,10.0,4.0,0.0004045587728369528,3042.7462887228476,109.93973420890947,15657.432241546103
5632,1.2316,24.0,3.0,0.0,1918.2415420219063,274.7689777029113,21184.88163834609
5634,1.8351,25.0,3.0,0.00020682523267838678,1713.3921346627756,44.89413235383781,22309.423207830525
5636,1.2587,24.0,3.0,0.0,1158.6850981444554,44.62065736448726,26941.992188006298
5637,,10.0,4.0,0.0017156799379524305,2576.3134019407344,29.934913132843988,16885.388802625457
5639,1.2694,3.0,4.0,0.0,1629.971199473722,149.96464572095317,19690.171266582067
5647,1.6708,10.0,4.0,0.0008495346432264737,1314.9627718759623,45.018395826853784,23313.58509568929
5648,1.5979,10.0,4.0,0.0,1621.3103290986367,49.430594371491,21480.186286411747
5653,1.8025,10.0,4.0,0.00045654515684246814,1205.272167999859,55.005995014423725,24342.563424736287
5654,1.7272,10.0,4.0,0.0017109617373319546,1221.3346774291188,54.99865501706738,24104.409992786244
5655,1.7717,10.0,4.0,0.0026422612892106176,1171.7997305243048,69.94261368273874,24556.61482683589
5656,1.7381,14.0,3.0,0.0016385470527404346,1196.2156402746991,44.8977167396117,23060.02212508804
5659,1.962,14.0,3.0,0.0044392081548234605,1173.3154059455085,30.005867350651975,23211.8676340888
5663,1.7603,14.0,3.0,0.00028877973112719754,1219.696202399293,29.94382462721765,22953.11984839847
5666,1.6626,10.0,4.0,0.0023991080661840748,1684.7317118213812,34.98319972936706,20658.055854132974
5667,1.7089,10.0,4.0,0.0022425025853154085,1695.8964831085918,29.98080945280995,20596.79265495871
5668,1.7752,10.0,4.0,0.00020682523267838678,1607.5272782634931,55.06564545838019,21263.716872361718
5676,1.3025,10.0,4.0,0.00020682523267838678,3843.440461416412,49.9298803942394,14031.90234010746
5678,1.3129,10.0,4.0,0.00020682523267838678,3931.6366830441784,104.88498699090223,13880.908894754275
5679,1.1889,26.0,3.0,0.0,3788.272530987752,140.02619815995055,15688.305109892295
5680,1.3123,26.0,3.0,0.0,3738.295239516655,90.0103391895126,15787.973835870342
5681,1.4843,10.0,4.0,0.0020749741468459155,3871.5322410098165,124.63790986693233,13897.650419465808
5682,1.8773,10.0,4.0,0.00020682523267838678,3252.967628018996,29.986789978107964,15193.604074240424
5684,1.2922,12.0,3.0,0.00020682523267838678,2800.3494868478724,49.22511192518881,15087.493259325573
5685,1.165,12.0,3.0,0.00020682523267838678,2555.292091320639,29.98240882210012,15760.964370056525
5686,1.3228,7.0,3.0,2.8438469493278186e-05,4461.517375298101,84.93552715903911,11435.436813835977
5688,1.7079,10.0,4.0,0.0002068252326783868,3870.42019722535,59.803475403145335,13985.173507896907
5689,1.3899,4.0,4.0,0.00018846949327817997,3088.0319726036814,65.00379559744569,14491.055140935106
5690,1.2876,10.0,4.0,0.00016752843846949328,3101.1446948710663,99.87051659804534,15552.605019080802
5692,1.5495,7.0,3.0,0.0012108001551189246,3756.227533293805,69.70204974149297,12289.955850416813
5694,1.1881,15.0,3.0,7.755946225439504e-07,2336.6358693662028,180.02020682185403,17298.08144898993
5696,1.4038,10.0,4.0,0.0,3317.499845557904,104.46089164202377,15267.206282452282
5697,1.2164,12.0,3.0,0.00016874603862961605,3636.6251992182088,150.00421992563713,13327.075688922245
5698,1.339,10.0,4.0,0.0003147340497279799,3445.976443210482,104.07551728513639,14765.15651287264
5703,1.4395,10.0,4.0,0.0,3439.4584867382973,29.935829862476332,15006.615007237926
5705,1.2074,6.0,3.0,0.0,2899.521919536019,254.77247411679718,14000.134735041831
5706,1.1551,10.0,4.0,0.0,2344.443686838944,109.03904340121457,18015.94046677673
5708,1.7004,3.0,4.0,0.0,2178.600187944085,44.97662264981327,17146.114830668073
5710,1.2293,7.0,4.0,0.000265918156300783,2130.5305856270106,95.04605974761368,17918.091109140496
5712,1.6037,10.0,4.0,0.00020682523267838678,2013.894914807355,213.3235756200287,19096.968695911073
5717,,10.0,4.0,0.00020682523267838678,2047.4446335398259,50.05332249373225,18947.100654632322
5718,1.1819,10.0,4.0,0.00020682523267838678,2598.608187611331,84.62014463255602,16911.169683607888
5721,1.2166,10.0,4.0,0.00011057968516603472,1475.0611078811394,354.88959222648225,22190.82654286516
5724,1.1781,14.0,4.0,0.0005963029989658738,1334.0062106237108,184.67845850780947,24322.24594765156
5725,1.1709,14.0,4.0,0.00020682523267838676,1441.9384064176606,129.93010528557053,23502.588420579043
5726,1.5704,10.0,4.0,0.0,1227.555455202233,54.55445868101549,24527.607713477024
5728,,10.0,4.0,0.0014831498266317904,1270.2624933977013,74.88836489997676,23666.11910128999
5729,1.3024,24.0,3.0,0.0022301318510858327,1025.0129415729884,94.98292302811964,27983.286854524547
5730,1.4154,24.0,3.0,0.004477348659613396,884.5028434795479,59.93562449221288,29965.827143777184
5732,1.2746,20.0,3.0,0.00020682523267838678,693.1979042907617,34.636106834918884,32336.431913084554
5733,1.1987,9.0,3.0,0.0039651951913133405,470.24642367492544,29.89761941148469,33806.07109649531
5734,1.5136,10.0,4.0,0.009627973112719753,581.8533374644018,34.73834915984268,34171.08029482551
5735,1.6205,10.0,4.0,0.00024508790072388833,699.3545151567521,109.29386440028091,31608.99586744633
5736,1.7158,10.0,4.0,5.0155118924508794e-05,915.3240295197016,50.015993052449545,27919.714819425917
5737,1.577,10.0,4.0,0.00040881440476914655,969.9359514012766,79.27808747411194,27007.376690265224
5738,1.4719,25.0,3.0,0.00020682523267838678,1007.1288496643858,95.01162373222147,28743.202383660802
5741,1.9559,10.0,4.0,0.00033686659772492246,367.96405398930017,45.02461115853011,42897.941915787174
5742,1.9498,10.0,4.0,0.020307523267838676,340.7904800962991,45.049735419427,44013.25819984266
5743,2.0295,10.0,4.0,9.565667011375389e-06,314.38524395433654,44.9923970263506,46681.65446105466
5744,1.6927,25.0,2.0,0.0035095225784212347,135.3996875631169,84.92507863927284,67031.42853382508
5745,,10.0,4.0,0.0002991209927611169,369.45286209252924,39.971906276504164,42828.97297619585
5746,,10.0,4.0,0.0014565667011375387,341.0869930555528,24.952733045891556,44304.82323100164
5747,1.6238,25.0,2.0,0.001175284384694933,777.7313499797671,59.968796599470245,29208.05801404783
5748,1.5285,25.0,2.0,0.0003442229952054151,787.6857486662906,50.02555444034752,29126.55267024771
5749,,10.0,4.0,0.001913236814891417,1889.698518085188,39.97281961827511,19569.236916929734
5750,1.2672,10.0,4.0,0.00020682523267838678,1865.480015473851,89.90664861164645,19806.984678998862
5751,1.4357,10.0,4.0,0.0004230437780075836,1897.247173432394,80.05570309453742,19610.726696974296
5752,1.5312,10.0,4.0,0.00020682523267838678,1351.4727852700612,34.966606825585394,23097.84211265833
5753,1.3882,10.0,4.0,0.0002068252326783868,2789.2677198344686,189.0209860286463,16349.721358003311
5754,1.4824,10.0,4.0,0.00020682523267838678,3133.605973165539,114.4870765202764,15466.885375086777
5755,1.6462,10.0,4.0,0.00020682523267838678,2738.0113494313036,114.89661083720392,16494.967994714352
5756,1.4397,10.0,4.0,0.0006951428386763185,2831.686856917523,69.98260761514601,16180.144182403792
5757,1.5963,20.0,3.0,0.00020682523267838678,920.5268652018927,39.891071106212685,28245.69829418065
5758,1.957,20.0,3.0,0.020126468929209367,881.4948987007563,44.98791473847681,28485.928426748753
5759,1.7335,20.0,3.0,0.00020682523267838678,862.2895781591021,49.210953473208626,29139.85015754647
5762,1.6589,10.0,4.0,0.00445076410433184,1125.3613383316133,40.00118789337357,24999.987631646276
5764,1.6342,25.0,3.0,0.0015901536416014182,1562.8224115386138,60.02624868357572,23183.47461717999
5765,1.6577,10.0,4.0,0.0002068252326783868,2391.328981929551,59.72472402035114,17594.995230533354
5766,1.2913,10.0,4.0,0.00257156296679306,2035.1191357659245,174.98709765456846,18874.615152744773
5767,1.1851,30.0,3.0,0.0002003619441571872,1773.497922936206,280.02551135740777,23312.46753255364
5768,1.2157,15.0,4.0,0.0002722337125129266,2127.9492712583237,59.92576337182835,19744.293292631282
5769,1.1927,15.0,4.0,0.0003359617373319545,2124.384665046582,55.02976263949303,19749.018850672648
5770,1.24,10.0,4.0,0.00023360910031023786,2066.147707393631,119.97774842628463,18859.000929366448
5771,1.2951,10.0,4.0,0.00025749741468459155,2007.7863922635102,120.00278866982738,19113.49490457783
5776,1.289,25.0,3.0,0.0007292414380436767,3066.2966745353174,74.82190365162315,16846.118453613395
5777,1.9388,10.0,4.0,0.0,3566.712000420724,52.71796112634387,14748.871408248006
5778,1.2114,6.0,3.0,0.0,3506.1788057431545,39.22133356503872,12787.547273330332
5779,1.2036,6.0,3.0,0.0,3431.953067378589,149.9411993853469,12918.69422839713
5780,1.2556,6.0,3.0,0.0002068252326783868,3138.681308948485,59.83976636505339,13290.80150336813
5781,1.462,20.0,3.0,0.0,2666.0772028664333,74.99973420742954,17253.851388754116
5782,1.89,10.0,4.0,0.0,2612.31543777485,69.73856525370601,17110.04216978063
5783,1.3493,12.0,3.0,0.00011142709410548088,4751.7909015844125,174.99377659846078,11744.185771380395
5784,1.5154,12.0,3.0,0.00020682523267838678,4833.72823919008,74.93899225187577,11629.655808407571
5786,1.3313,10.0,4.0,0.00020682523267838678,4497.0269224244175,39.962863646283445,13019.42678189622
5788,1.3767,10.0,4.0,0.00020682523267838678,4288.78008254681,79.03319041331775,13317.15074988632
5789,1.5885,10.0,4.0,0.0006204756980351604,3011.13772225407,74.46259127562077,15717.682168443884
5790,1.2383,10.0,4.0,0.00020682523267838678,3246.961975817702,69.08614390206127,15206.99864080269
5795,1.9137,10.0,4.0,0.0011000517063081696,1957.5394165818702,59.26550540398219,19271.228819289954
5796,1.8284,10.0,4.0,0.0,1970.217048510909,64.88221784897365,19573.679237755416
5797,1.9667,10.0,4.0,0.0001266804550155119,1960.130796178962,59.96315600179241,19370.258353821948
5799,1.2611,26.0,3.0,0.0002269352932486335,3228.516161119417,59.850377795312355,16688.38649405001
5801,1.1757,20.0,3.0,0.00020682523267838678,2528.789537867073,140.04478152108024,17444.87636723579
5805,1.2921,20.0,3.0,0.001965506449681598,2250.880609908515,84.96729360698583,18330.485678624656
5807,1.3494,3.0,3.0,0.0009268355739400208,2062.9903835191344,44.76486316895047,15595.620493561963
5808,1.306,3.0,3.0,0.00020682523267838678,2118.968821613015,84.80972963691626,15459.406176757424
5810,1.5998,10.0,4.0,8.945191313340229e-05,1795.955864896443,75.02289702959914,20214.065413161214
5812,1.1862,10.0,4.0,0.0006216888075729854,1795.3171827558199,54.99828571630737,20113.3742960318
5813,1.7318,10.0,4.0,0.0006152275077559463,1857.726163149033,45.04412066588143,19788.829625282076
5814,1.6986,10.0,4.0,0.0005989141675284386,1874.9577123521206,44.99961550160535,19703.304605383964
5816,1.4178,10.0,4.0,0.001096690796277146,1808.2297848252035,119.98786175590872,20014.475473490736
5817,1.764,10.0,4.0,0.00021018614270941057,1723.3064143058275,34.98883575749992,20569.193000017272
5820,1.8361,10.0,4.0,0.00017735263702171666,1355.2081957865717,44.98269185214788,23076.906835226247
5822,1.6721,10.0,4.0,5.7652533609100316e-05,729.1119849774451,24.987533575998107,31106.761763389128
5824,1.3931,10.0,4.0,0.0006533092037228543,777.5598483780444,30.0857581332928,29972.54129886482
5825,,10.0,4.0,0.00032948669737708006,652.3670208005437,44.924586671972975,32649.18189700851
5827,1.8244,10.0,4.0,0.0004131334022750776,784.7078299722023,59.99703043151674,29878.479337791417
5828,1.5583,25.0,2.0,0.002330403309203723,1618.7752136237445,55.02764127376256,20554.071504941894
5832,1.5544,10.0,4.0,0.00025148655635987596,1823.1569492307776,50.003245485233705,20014.50792246128
5833,1.3573,11.0,3.0,0.0006849146845915202,1853.441905096056,70.03639702470042,18090.948243987885
5834,1.2876,9.0,3.0,0.00010703205791106515,1774.4398100310996,114.9215700721873,18119.5711847744
5835,1.3404,9.0,3.0,0.00011918304033092038,1781.8854488002282,104.94632601367081,18078.24880594902
5836,2.0375,9.0,3.0,0.0009152016546018615,1536.8876906603891,35.033024694306754,19294.39840560094
5839,1.7679,10.0,4.0,0.0018738735411434483,1344.0680035231594,25.020400007673594,23022.907216691296
5842,1.8592,23.0,3.0,0.006768872802481903,1161.136938295752,55.04008267937132,25974.647151003628
5843,1.9466,23.0,3.0,0.00020682523267838678,1236.4284995873027,54.03320268633659,25443.25677682906
5845,1.959,23.0,3.0,0.001499310582557739,1215.8263270309267,19.97193577801988,25512.995837413644
5847,1.9632,10.0,4.0,4.550155118924509e-05,1014.4154907846527,25.000698683957022,26591.075187155868
5848,1.8601,10.0,4.0,0.007172375904860393,590.1205356191804,30.06894150036265,33968.582039677836
5851,1.8254,10.0,4.0,0.0005928128231644261,629.1963067335128,39.98633976307925,33165.1923174868
5852,1.811,10.0,4.0,0.0007074500172354362,650.7850721929904,49.97111714600224,32620.551829432137
5853,1.4389,10.0,4.0,0.0002444298204380935,441.45290612472354,45.018752753274825,39363.844368072336
5854,1.7597,10.0,4.0,8.29886246122027e-05,198.99159472433706,40.01307422532033,57725.228309310114
5855,1.6968,7.0,3.0,0.001456566701137539,349.77060231292586,119.85272987205607,38103.83927120922
5857,2.0982,11.0,3.0,0.012922666752843847,719.6113519237837,34.89153878699575,28183.718679991118
5859,1.645,23.0,3.0,0.0002068252326783868,941.651543051861,59.954889084528766,28971.810502353954
5860,2.0088,10.0,4.0,0.007865506147305528,810.2153715852891,40.002024060384244,29196.15718770868
5861,1.9288,11.0,3.0,0.013228477249224406,825.739870402909,14.926310063074432,26392.52028025945
5862,,11.0,3.0,0.0007182006204756981,837.6082469315526,44.012736762790446,26417.7054048151
5864,1.6415,10.0,4.0,0.0003516890727335402,1569.3800678999626,94.99427780058238,21478.253258647826
5865,1.2686,10.0,4.0,0.0,3695.9635535283583,84.10286409804256,14500.622264931742
5867,1.2463,10.0,4.0,0.0,3334.16367586118,49.94582489245288,15230.77192082162
5870,1.1702,6.0,3.0,0.00413081695966908,3542.737207636877,429.9112806369709,12445.395700557161
5871,1.1709,20.0,3.0,0.0,2154.4832540622106,34.021643233545824,19098.977598549438
5872,2.2166,2.0,4.0,0.0,3366.62618288933,9.940103230403626,13765.416208366383
5873,1.8351,2.0,4.0,0.0,3384.1254320349326,30.028315890051772,13731.426634545642
5875,1.4902,4.0,4.0,0.0,2968.4930573360134,49.88056170380247,14973.92629277272
5876,1.3819,6.0,4.0,0.0002068252326783868,1760.7782371035844,125.05691120628046,19400.72634591451
5877,1.3617,20.0,4.0,0.0,2007.7551167931044,125.01926393755232,21886.241262141055
5878,1.1604,7.0,3.0,0.0,3970.651987117522,189.92138244412826,12197.310493126504
5880,1.3091,6.0,4.0,0.0005992488978392206,3664.7402265297665,84.82438684327573,13639.023346677115
5881,1.2079,7.0,4.0,0.0,4640.85151380467,249.94510706031218,12546.333881272994
5883,1.2276,3.0,4.0,0.00020682523267838678,4759.116543829763,369.54586805704844,11645.962950453028
5884,1.7208,3.0,4.0,0.0,3648.1683607631103,83.7497555702151,13409.021026570428
5885,1.3461,25.0,3.0,0.0,2325.5640617748772,39.984406786402474,19560.90731138576
5886,1.4354,25.0,3.0,0.0,2363.6357606086312,30.009274636587875,19410.02215962681
5888,1.2476,25.0,3.0,0.0,2361.7924611841377,79.96648190483897,19417.244640567646
5889,1.2732,2.0,4.0,0.0002527863954958061,2129.335757878301,35.013422925575384,16875.73844820996
5890,1.2035,32.0,3.0,0.00020682523267838678,1895.9115488313953,339.6158341441049,23131.8279857194
5894,1.2098,20.0,3.0,0.0,2285.831161936669,424.9124044760378,18567.53350837249
5896,1.4299,20.0,3.0,0.0,2469.663002326211,44.92799109783464,17895.12151417731
5899,1.5812,6.0,4.0,0.0004653567735263703,1987.2050559607394,14.992446804654941,18273.70200166575
5900,1.3864,6.0,4.0,0.001034126163391934,1965.1426447479416,35.07040236448224,18332.221263033833
5901,1.3923,6.0,4.0,0.0026944157187176834,1936.5922692261743,29.939126574595242,18413.585950712186
5902,1.6593,6.0,4.0,0.00011374496309239383,1865.20360284326,139.92981620657238,18905.042261585255
5904,1.4379,2.0,4.0,0.001456566701137539,1906.7486435771661,128.001289651067,17705.295381383523
5905,1.8514,2.0,4.0,0.00023440193036883836,1968.525345279283,63.31732408015128,17523.170614044375
5907,1.5768,20.0,4.0,0.00020682523267838678,1945.404307424583,79.90283244308881,21904.71760410936
5908,1.6106,20.0,3.0,0.0,1991.3444398842582,74.38750199329198,19829.75387927029
5910,1.3636,6.0,4.0,0.0002068252326783868,1900.5551283209236,188.30222643685994,18706.719280281664
5911,1.6585,3.0,4.0,0.0005860048259220959,1032.0656547655199,54.19766248770768,24072.569617152352
5914,1.6135,12.0,3.0,0.00020682523267838678,134.2104042844022,94.96253221331197,64239.821746289155
5915,1.7189,5.0,4.0,0.0,2823.944709833592,28.8084583194863,15520.824172350623
5917,1.1822,11.0,3.0,0.0006701968533018172,2961.97171725866,129.94520314321744,14467.582108258008
5919,1.1695,25.0,3.0,0.00020682523267838678,2830.8735036893763,624.8704973932538,17559.071262970796
5920,1.1774,25.0,3.0,0.007240434332988625,2611.0540161221916,159.98013633057093,18077.119309375397
5921,1.1695,25.0,3.0,0.00020682523267838678,2589.962796225349,644.9846699763998,18319.826267529043
5923,1.2794,12.0,4.0,0.006870941054808688,2645.025225199263,45.05987884924205,17019.102123179007
5924,1.2145,12.0,4.0,0.00641933815925543,2704.238978990134,69.98440577182376,16843.413426051367
5925,1.2426,12.0,4.0,0.006008790072388832,2761.2316789202087,40.017156429658094,16679.661014191643
5926,1.2712,12.0,4.0,0.0055982419855222345,2803.1203839939467,40.01715731469984,16563.45400403196
5927,1.2094,12.0,4.0,0.005187693898655636,2845.8041621809593,40.01100340002953,16447.85290851099
5928,1.2572,12.0,4.0,0.004777145811789039,2889.2301530707973,39.925858896806766,16333.083207731694
5929,1.3314,12.0,4.0,0.0031178903826266807,2929.635042866794,40.01715934753985,16243.721671690071
5931,1.2135,10.0,4.0,0.0,2578.494890434802,40.017627212179015,17216.696283582685
5932,1.21,10.0,4.0,0.0,2510.2941859653383,89.99563125972516,17438.186109167436
5933,1.2443,10.0,4.0,0.0,2570.266350283164,40.014756336885874,17242.95818061714
5934,1.1982,10.0,4.0,0.0,2504.936531112206,85.05210831131012,17455.962000801777
5936,1.2079,25.0,3.0,0.00032079123909527224,2785.536135923227,369.98782580828646,17674.107554893144
5937,1.2805,25.0,3.0,0.009096173733195451,2469.728965426909,265.0056386976758,18551.946596866685
5938,1.4183,25.0,3.0,0.01070139607032058,2324.215211029555,20.0349350851664,19088.76505979177
5940,1.1736,2.0,3.0,0.0,3797.063149985381,170.02371021289775,11730.545776633318
5943,1.6186,4.0,4.0,0.0007691313340227508,2717.8126418581987,98.2793558183493,15343.392624966245
5945,1.4354,6.0,4.0,0.00022700361944157188,3477.2510638791923,89.90968732931157,14021.095150983447
5946,1.4552,6.0,4.0,0.001456566701137539,1505.9112139704214,49.98308249692719,20794.185502395132
5947,1.4779,2.0,4.0,0.0,3768.6518205999014,218.5908142515553,13044.493761463533
5949,1.4444,8.0,3.0,0.004963805584281283,2231.009698702361,40.009086568898226,15887.29488322277
5950,1.2817,8.0,3.0,0.00030009935721962006,2254.9720351997025,243.60157917365686,15925.120355693727
5951,1.3797,4.0,4.0,0.0005832471561530507,2249.9970209032776,114.6432157035136,16802.046109797524
5952,1.4176,4.0,4.0,0.00046223753428353045,2136.660196212911,219.12990527149836,17231.974858231686
5954,1.5901,3.0,4.0,0.0012328291968286798,2673.963335629953,49.9938935833271,15258.20890304381
5955,1.2687,3.0,4.0,0.00020682523267838678,3294.3390291003725,99.81015068975844,13879.004648289403
5957,1.3103,10.0,4.0,0.00020682523267838678,2163.020373563282,70.03194930049229,18457.390043261625
5959,2.0149,3.0,4.0,0.01765641158221303,2286.540169198768,24.986243307220978,16324.522603518797
5960,1.5928,3.0,4.0,0.001139131334022751,2360.0672132024856,114.62826568864192,16197.79318597135
5961,1.4914,3.0,4.0,0.0,3559.5195562608187,58.675729424145416,13567.244350927005
5963,1.1955,10.0,3.0,0.00020682523267838678,2051.650604983356,185.01600400249504,17083.001972427868
5964,1.3961,5.0,3.0,0.0,2125.5011143993197,69.20128465313998,16039.979609264028
5965,1.4872,3.0,3.0,0.00020682523267838678,2054.756315026935,64.99093398689843,15687.933463512902
5966,1.1854,6.0,4.0,0.0,1967.3889400004743,104.9200512876453,18664.09738409067
5967,1.246,8.0,3.0,0.0,2452.7710645703146,99.96849545901618,15533.421798626398
5972,1.6013,6.0,4.0,0.001456566701137539,1894.538823011127,84.96586312499271,18637.882252579904
5973,1.6387,6.0,4.0,0.0,2989.5729762393726,123.63651479666359,15288.036530497746
5975,1.2516,8.014,4.0,0.00020682523267838678,2817.0731695284603,115.01253122009717,15887.221352676112
5977,1.2543,8.788999999999998,4.0,0.001456566701137539,2901.7736883306725,120.01547154056787,15729.56729205202
5979,1.2273,10.555,4.0,0.00035776064679890945,2857.8450825759633,159.93197648573582,16246.318122874061
5981,1.2672,8.031,4.0,0.0004389038262668046,2775.6624556744036,114.93906991248295,15971.05954932435
5983,1.2328,10.095,4.0,0.00020682523267838678,2730.3064590466465,159.98281954323238,16536.094933229913
5985,1.264,11.401000000000002,4.0,0.00020682523267838678,2661.663274301285,115.05346679073875,17003.98317891129
5987,1.2056,10.0,4.0,0.0,2547.9838464831796,194.40373194909486,17314.701881557812
5988,1.1903,10.0,4.0,0.0,2509.812785859444,100.02664893208768,17439.78103034938
5990,1.286,3.0,4.0,0.0005123725808834393,2308.4046441432924,164.95727343200974,16404.529677805178
5992,1.2404,11.317000000000002,4.0,0.0,2550.2872709947655,135.00551209828086,17584.496501233043
5993,1.1891,9.968,4.0,0.0,2511.6427637843785,75.00316063113898,17426.989787395207
5994,1.2443,9.654,4.0,0.0,2513.9286240630618,75.01337211185712,17353.552224880896
5996,1.2151,12.083999999999998,4.0,0.001456566701137539,2944.3258035828394,120.01270736489661,16254.369443767375
5997,1.6151,3.0,4.0,0.0,1966.544056799983,54.65599140626641,18004.19567272093
5999,1.1819,12.057999999999998,3.0,0.0,2526.577498297006,362.9054147281437,16084.002977478332
6000,1.2098,11.439000000000002,3.0,0.0,2529.883848334321,125.00779582361541,15954.356303652217
6001,1.2402,10.283000000000001,3.0,0.0,2529.720092219342,134.4066233026758,15733.827898679578
6002,,4.142,4.0,2.2980581408709643e-05,2950.8213480960108,29.05344816262252,14917.32078236014
6004,1.1966,12.0,2.0,0.0,1991.7127642419853,299.92292080367497,16247.985312891235
6005,1.2481,8.0,3.0,0.0,2802.159644212875,239.9975785772944,14577.641843293452
6006,1.2423,3.0,4.0,0.0,2636.5407802458008,69.99774259993885,15655.040656232362
6010,1.2332,9.0,4.0,0.0,2521.4035518189703,129.81060689442984,17192.778382237968
6011,1.1553,3.0,3.0,0.00020682523267838678,4051.435310698884,39.942583526343746,11349.140214976971
6013,1.5668,5.0,3.0,0.0,1534.7657118165598,164.92957229019305,18734.478535319795
6015,1.208,7.0,4.0,0.00020682523267838678,2399.228367809658,84.80269642336738,16942.751272577378
6017,1.1632,14.0,4.0,0.0016396070320579112,2442.523487257939,204.98847964277923,18179.027168204357
6018,1.1652,14.0,4.0,0.0003569027921406412,2293.4421718675253,89.97082128582045,18809.484614436544
6021,1.3008,6.0,4.0,0.0,2180.567710402098,179.36540686244422,17770.55543593211
6023,,3.0,4.0,0.001456566701137539,3293.085191508765,124.65813540781393,13809.5481769009
6024,1.207,12.0,3.0,0.0,2947.0731487979965,194.98737407684214,14935.090084152105
6025,1.3095,4.0,3.0,0.0,1679.3828142216407,264.4733513775858,17731.75981375359
6026,1.7957,5.0,4.0,0.001456566701137539,503.6615808812676,49.938706424844945,34635.91979955159
6028,1.275,14.620999999999999,2.0,0.00024013602736456928,1615.3222525672636,125.03523854972319,18263.120023244574
6031,1.2411,15.0,4.0,0.00020682523267838678,1695.0303886717995,94.94042717544616,22022.462657404878
6032,1.1716,15.0,4.0,0.00020682523267838678,1809.8011873019148,134.68271017267296,21345.064908909502
6034,1.2181,15.0,3.0,0.00022432781799379528,3153.5354476410416,289.9126394470845,14779.03503714987
6035,1.6057,3.0,4.0,0.00020682523267838678,798.3608224354501,177.41866569938716,27283.57426829213
6039,1.3564,6.0,4.0,0.0002713598759048604,3670.337731975155,236.45565350655545,13657.88670113147
6040,1.4274,4.0,4.0,0.0,2734.359002630719,78.521570522597,15572.217143533117
6041,1.6386,3.0,4.0,0.0002331617283395531,3562.5842998132352,104.81895115881377,13366.195246822146
6042,1.8287,4.0,4.0,0.0,3158.8731462452056,119.30208629284792,14536.578251184537
6043,1.2284,3.0,4.0,0.0,3139.884821072657,69.91343182155042,14403.568531812254
6045,1.1853,30.0,3.0,0.017835832471561532,2215.9264983074036,155.06112333283687,20714.37315610467
6047,1.1599,30.0,3.0,0.012199037412701338,2208.9697033865914,359.8619200645903,20766.453991589264
6048,1.1707,30.0,3.0,0.011823940020682523,2219.7076379228397,110.03658110293631,20720.2114033144
6049,1.2007,30.0,3.0,0.011955791106514993,2234.8033439107803,239.9529441190821,20652.740505848727
6051,1.2525,5.0,4.0,0.00020682523267838678,3439.605440845276,95.05309082083029,13928.463362742303
6053,1.5116,5.0,4.0,0.00020682523267838678,3328.4436850535344,74.61817974072291,14148.383630888535
6054,1.2254,4.0,4.0,0.0002311576129934911,3427.578397256284,159.68142070048782,13780.317975414684
6055,1.1528,3.0,4.0,0.0,3305.414807737683,475.03527792235644,14054.97852558763
6057,1.4398,6.0,4.0,0.00020682523267838678,4603.440898052673,109.9570181508215,12268.327096628951
6061,1.2865,3.0,3.0,0.0003352645498160612,2398.124641314649,294.9574903102716,14554.724487542982
6063,1.2903,6.0,3.0,0.0022253846635956255,1893.9552782999456,159.90771248086153,16804.150315929106
6064,1.1851,6.0,3.0,0.00020682523267838678,1832.5856832868171,89.93711673693231,17178.5391848881
6065,1.1627,15.0,3.0,0.0,3925.229127260262,105.01463547871586,13507.432688257077
6066,1.1903,3.0,3.0,0.00020682523267838678,3842.6884526166928,90.02282014055751,11639.070961574538
6069,1.3133,5.0,4.0,0.00020682523267838678,1205.2750598575424,64.91807411453158,22965.607466659418
6073,1.223,4.0,3.0,0.00020682523267838678,356.50496908343973,224.9084149745484,36606.2023938032
6076,1.2162,7.0,4.0,0.0,3137.1485702838136,219.77392810844756,15122.152886291171
6077,1.2055,10.0,3.0,0.0002068252326783868,2114.326249869229,405.0206556248691,16839.618256837995
6080,1.4058,5.0,4.0,0.0002068252326783868,1140.1816293443767,59.96956182316481,23581.756621708708
6083,1.5463,4.0,3.0,0.00020682523267838678,3920.747578321,24.969744099890193,11667.942056085294
6086,1.2364,6.0,4.0,0.00020682523267838678,4324.225610125443,319.83650681315487,12639.903741387236
6092,1.3593,6.0,4.0,0.00020682523267838678,4709.034028990705,89.8635037658583,12136.363818936457
6095,1.3879,4.0,3.0,0.0,3139.93679723669,287.55935125878403,13156.908186145547
6099,1.2047,3.0,4.0,0.0003736201630552416,2627.6448738505164,205.00481036157396,15434.877423718086
6102,1.2336,8.0,3.0,0.00043431452208598023,4035.687167352236,130.01785496341924,12053.55489574166
6103,1.2732,3.0,3.0,0.001456566701137539,3744.13042009603,139.3763426130976,11723.078212316925
6106,1.218,4.0,2.0,0.0004298390605839705,3429.6076493056366,908.9980310564529,11202.425186613506
6107,1.1616,5.0,3.0,0.00020682523267838678,4032.6256112623223,70.04930356275692,11652.206958159026
6109,1.4116,5.0,4.0,0.00020682523267838678,2928.2452851218745,114.83332018603875,15039.610326917002
6111,1.2451,6.0,3.0,0.0014859900526911904,4953.857117882178,94.83078967393364,10635.492939646594
6112,1.392,3.0,4.0,0.00020682523267838678,2497.9189202746275,69.99258075621123,15836.989354084739
6113,1.5937,5.0,3.0,0.001456566701137539,672.5386254028036,35.03678968732133,27232.611337087674
6114,1.2594,5.0,3.0,0.001456566701137539,716.1404949632529,45.065657309931076,26428.95257339047
6115,1.35,5.0,3.0,0.0,3638.871938543044,113.84829323452058,12412.332354921618
6116,1.6533,8.0,4.0,0.0005001392092912259,1492.1394565919836,60.02523756279595,21456.675757170557
6118,1.4613,5.0,4.0,0.00020682523267838678,3140.3935335811348,73.98158980847393,14546.25029458059
6119,1.5155,8.0,4.0,0.0,2001.1100395794115,29.923066166947958,18965.699294746748
6120,1.1593,3.525,4.0,0.0,2175.0958226330604,160.05509539528998,17268.336911337108
6122,1.2195,6.450999999999998,3.0,0.0002278524646673561,2819.198527269261,1114.982097080003,14061.605748465156
6123,1.3765,5.0,4.0,0.0,2197.1869819776557,109.90359206906734,17493.94791366329
6125,1.2235,4.079,4.0,0.0,3120.930683235589,29.511960162429435,14634.531477715373
6131,,5.0,4.0,0.0002760901413305757,3258.429195286964,109.75095900693097,14281.557900674632
6133,1.1788,3.0,4.0,0.0002944644533989469,2763.5246474838095,424.655823304374,15077.759559077127
6135,,2.0,4.0,0.001456566701137539,3967.5340821773925,254.91609626819707,12483.948317380029
6136,1.2085,6.0,4.0,0.0,2206.266161224272,50.01361385484763,17671.546608737503
6137,1.1858,3.0,4.0,0.00020682523267838676,4209.709258013497,444.93269329207317,12347.527115302115
6138,1.2299,5.0,4.0,0.0,4336.5044318216615,114.92356827135157,12649.77409734877
6139,1.1555,3.0,4.0,0.0018999482936918307,2855.275898242936,54.950534141329484,14771.213622618325
6140,1.2627,3.0,4.0,0.00028043927880940607,2908.8805259728865,104.89848415364008,14715.568530897744
6141,1.2757,3.0,4.0,0.001456566701137539,3705.374711548657,124.75842971717127,13054.195315030494
6142,1.2388,3.0,4.0,0.0031178903826266807,3624.736292802899,79.98391084641804,13165.174172703546
6143,1.2181,3.0,4.0,0.001180403309203723,3574.8555017219974,45.02238269617712,13286.780885467148
6144,1.1538,3.0,4.0,0.0008650465356773527,3493.2497664432244,220.01527549937666,13445.027263469208
6145,1.1708,3.0,4.0,0.0012704239917269908,3439.4264942013215,74.95666897789121,13531.095380567416
6146,1.1754,3.0,4.0,0.0029146845915201656,3342.843370145147,229.91984294950737,13685.834860113062
6147,1.1861,3.0,4.0,0.0033210961737331957,3173.7078279593484,134.92662819384708,14024.040970542024
6148,1.2443,3.0,4.0,0.0032594940736616024,2984.400854410857,320.0316557494771,14442.147376463574
6149,1.5342,3.0,4.0,0.0032569803516028957,2801.47663375508,45.01226120226816,14884.429741455115
6150,1.1751,3.0,4.0,0.003069803516028956,2710.553288983465,129.57307365392225,15122.85098386776
6152,1.1715,3.0,4.0,0.00020682523267838678,2994.172767875463,5.004496917959124,14525.935363723946
6154,1.1628,10.0,4.0,0.00020682523267838678,3012.388983966282,45.01497913523001,15760.614405320977
6155,1.2498,2.0,4.0,0.0,3089.257781837764,94.8832261676099,14341.540978114082
6156,1.5863,2.0,4.0,0.0,3160.0344349987736,54.48674724378034,14187.45790946679
6157,1.2395,3.0,4.0,0.001456566701137539,5067.194349078812,649.7374704573517,11244.16855694957
6158,1.3248,3.0,4.0,0.0018691830403309206,5345.622243418887,155.01123244432904,10953.703179163527
6159,1.4381,10.0,4.0,0.0,3087.658787895029,55.00771082948336,15798.977175400083
6160,1.3649,10.0,4.0,0.0,3115.003462801607,19.98905131747471,15732.688617619979
6161,1.4407,10.0,4.0,0.0,3260.515414614309,285.0048227068425,15393.869926420064
6162,1.2087,3.0,4.0,0.00020682523267838678,3170.811880721646,409.93201024509506,14134.264925587657
6163,1.2653,25.0,3.0,0.00020682523267838678,3685.6446504143564,14.973641829168868,15483.03968808234
6164,1.1816,25.0,3.0,0.00826680455015512,3563.883093274594,494.9983289588324,15579.298573532566
6165,1.1718,25.0,3.0,0.008677352637021718,3280.810520810868,604.9167153951873,16204.34355355182
6166,1.1602,25.0,3.0,0.009087900723888315,3028.6878694854086,70.05792673452588,16832.083094057816
6167,1.1674,25.0,3.0,0.010938986556359876,3000.548430036463,269.9987524829547,16898.828175753555
6169,1.159,25.0,3.0,0.01299120992761117,2986.584939566319,314.91495077800874,16928.70502913755
6170,1.177,25.0,3.0,0.013399689762150984,3000.991717304845,224.97893983389082,16888.50936829688
6171,1.1739,25.0,3.0,0.013808169596690798,3030.5417685852353,59.96737459669909,16808.435872782684
6172,1.1572,25.0,3.0,0.002208228689614419,3052.11903550409,25.02333569382856,16833.645017362083
6173,1.166,14.0,3.0,0.001456566701137539,4056.3028074036683,299.6378633782575,12885.603464881659
6174,1.1597,14.0,3.0,0.0031178903826266807,3961.728822527549,239.9314995472266,13004.997016080802
6175,1.1618,14.0,3.0,0.0037161323681489146,3894.6103945906257,64.98153070350376,13105.268343993941
6176,1.1586,14.0,3.0,0.004539296794208894,3811.442950002848,220.0157558660467,13233.81016561393
6177,1.2296,14.0,3.0,0.004732936918304034,3728.691663801288,95.02430470680615,13371.573279696482
6178,1.22,14.0,3.0,0.004928645294725957,3654.8231663493802,210.0095404606819,13498.317664370981
6179,1.1569,14.0,3.0,0.021553774560496383,3597.4525371971863,79.92111742467046,13547.206026517179
6180,1.1693,14.0,3.0,0.023176835573940024,3589.6311286002356,1084.8838724288757,13558.652120189256
6181,1.1611,14.0,3.0,0.0009720785935884179,3660.589360722311,655.0346405460912,13546.615597352746
6182,1.1646,14.0,3.0,0.000686587202235164,3868.752142558395,279.97271907747864,13206.226419024666
6184,1.1633,14.0,3.0,0.0009760029697982129,3952.1294523445727,190.04528999871155,13060.386555467958
6185,1.1781,14.0,3.0,0.000551125831691089,3993.0002467842733,259.93207963961225,13016.263495249812
6187,1.1908,14.0,3.0,0.0038539432863440924,4041.4274747385525,84.99063559450931,12874.792065410336
6188,1.1955,14.0,3.0,0.0036270275912628483,4538.141457341664,1059.877542432473,12184.382263159354
6189,1.1938,14.0,3.0,0.0011747673216132369,4864.475076897367,235.04645279203413,11822.95881111507
6190,1.3187,14.0,3.0,0.0012895553257497416,4870.752517571322,74.99815097221308,11812.756854022477
6191,1.1866,14.0,3.0,0.005367890382626681,4910.7964862177705,74.90804418910118,11722.118016843695
6193,1.1743,14.0,3.0,0.0030299440355252756,4998.617627096822,80.00142129973507,11641.170782119152
6194,1.1553,14.0,3.0,0.002690537745604964,5126.679414942381,169.9777921369105,11505.22517813551
6195,1.2019,14.0,3.0,0.0025005170630816964,5257.181587976096,105.02882459159093,11370.354294807323
6196,1.1791,14.0,3.0,0.0022895649009919954,5350.817705374284,129.93483405626748,11277.679127171747
6197,1.1845,14.0,3.0,0.00025293576927496266,5475.400833587901,215.09005803490928,11220.213862333083
6198,1.2569,15.0,3.0,0.00020682523267838676,3518.1225910556077,444.99692477430824,14030.807325667769
6199,1.1809,15.0,3.0,0.0021158221302998966,3199.8324149118484,295.003756897755,14589.223816666165
6200,1.1814,15.0,3.0,0.002752709690041645,2645.281065342584,914.9857874328297,15964.056197868875
6202,1.2137,15.0,3.0,0.011126421923474666,2158.578761866295,194.94000250258227,17524.141032212017
6203,1.2345,15.0,3.0,0.012103613696426522,2063.8479446263573,39.96325706402514,17899.19733089684
6204,1.2116,15.0,3.0,0.010511892450879008,2012.5287190751296,84.93587147635651,18122.221706892025
6208,1.1535,15.0,3.0,0.012714581178903827,1870.236779369512,94.98678828586613,18757.604754397835
6209,1.1713,15.0,3.0,0.05180100016978191,1707.9600106198752,324.99933831898716,19514.174364123268
6210,1.284,15.0,3.0,0.045408221302998965,1513.107351409835,119.8678767929552,20681.85011402741
6211,1.2501,15.0,3.0,0.04223273161384513,1367.502945171032,164.9913392578736,21708.377224180967
6212,1.2724,15.0,3.0,0.04372233712512926,1267.7396270233007,29.963674009106494,22504.804661461123
6214,1.1879,15.0,3.0,0.047339968976215105,1172.3479050664712,129.95033753083104,23355.22617227554
6215,1.3283,15.0,3.0,0.03270785935884178,1059.2786513728283,94.95159321205091,24536.681952468647
6216,1.4343,15.0,3.0,0.032743019648397105,989.3927385049492,44.99024330256898,25348.342457246566
6217,1.3068,15.0,3.0,0.043509716477076875,916.9184194803966,110.0583756321376,26264.87862269912
6218,1.3977,15.0,3.0,0.04732135470527405,845.3948968219386,39.95203555204001,27295.923098814914
6219,1.2736,15.0,3.0,0.033504610479145124,761.9568148393861,140.07941082331877,28708.974584747433
6220,1.369,15.0,3.0,0.06188502950301114,668.3247696046823,74.93383176866226,30511.388536819493
6221,1.2553,15.0,3.0,0.05653937066036342,627.6767992787936,24.997234819093638,31445.733012332697
6222,1.2615,15.0,3.0,0.06321179119269217,572.3326775731861,109.93991184904755,32851.031625762465
6223,1.4154,15.0,3.0,0.022256204756980355,488.61752376144113,109.95115619192639,35522.79956491656
6224,1.3883,15.0,3.0,0.021052920282361408,415.3206700855058,100.00800216953353,38391.154896146014
6225,1.319,15.0,3.0,0.025988883143743542,362.0642849734063,99.99245216227074,40964.49934713739
6226,1.4091,15.0,3.0,0.027112461220268877,340.2421972719037,29.969867861503385,42192.26584811705
6227,1.313,15.0,3.0,0.027606708893485005,331.8955331160878,55.01456101539747,42692.912038488466
6228,1.3155,15.0,3.0,0.025609211109469645,343.8520963607509,205.04907135809776,41986.83279759693
6229,1.3185,15.0,3.0,0.013980639264750865,490.60009557794524,349.9766796582758,35498.201171252695
6230,1.2722,15.0,3.0,0.013734510588552674,676.30596450513,109.8954637857538,30461.02874994655
6231,1.3149,15.0,3.0,0.012258790072388833,771.7120112220557,104.99720919623933,28611.851931923884
6233,1.3371,15.0,3.0,0.01782445708376422,875.3961943178838,109.99219777187554,26915.656512764734
6234,1.3132,15.0,3.0,0.017798086866597725,975.7175563718233,104.93421526883685,25558.6021030597
6235,1.3168,15.0,3.0,0.01712373717285817,1086.889945772841,119.98374693990279,24279.247172546413
6236,1.2083,15.0,3.0,0.019266132368148916,1208.7147162997694,120.00425865611143,23072.634644787064
6237,1.2461,15.0,3.0,0.014224922440537746,1320.853846576703,100.01022789488407,22134.719163080594
6238,1.3007,15.0,3.0,0.015906928645294728,1414.6897482487495,79.90299158360789,21415.643253181242
6239,1.331,15.0,3.0,0.014285935884177871,1538.5627506996814,159.92990137953404,20581.253433331778
6240,1.3124,15.0,3.0,0.013392937526613542,1658.7126743026342,79.98916520974535,19859.76112685789
6241,1.2483,15.0,3.0,0.00960651499482937,1750.7321919234425,94.97484821599714,19372.0941607127
6242,1.2361,15.0,3.0,0.009225439503619443,1855.338910227668,105.00569095677966,18845.372248022813
6243,1.2183,15.0,3.0,0.00881928645294726,1960.9699307193323,105.02342325994994,18356.476143342967
6244,1.1643,15.0,3.0,0.008426577042399174,2174.5638565504496,315.0241148058794,17475.523835788226
6245,1.173,15.0,3.0,0.008065683169596691,2372.9864182195865,74.9648297390572,16764.733833769344
6246,1.204,15.0,3.0,0.007655894519131334,2426.4455275165355,25.027252776702113,16589.877132879978
6247,1.1607,15.0,3.0,0.004937952430196484,2641.7991911028976,399.97709276688903,15949.245129165703
6248,1.1957,15.0,3.0,0.004555325749741469,2907.941334653534,135.03189953726513,15238.945970978408
6249,1.1571,15.0,3.0,0.005478541882109618,3024.861846753038,90.06042655579697,14947.811480855606
6250,1.1755,15.0,3.0,0.004909255429162358,3178.326915727717,245.01880098773148,14603.442916301414
6251,1.1706,15.0,3.0,0.004377003619441573,3293.989008204649,74.96145957446612,14361.021999924427
6252,1.1665,15.0,3.0,0.002648655635987591,3421.341897277724,309.98594162410836,14122.458712879084
6253,1.1583,15.0,3.0,0.0021103929679420893,3828.059030613164,629.8916600279482,13394.00958439717
6254,1.1607,15.0,3.0,0.0020757704239917274,4319.209597911032,619.8908687760796,12645.319686988343
6255,1.2567,15.0,3.0,0.0003051760735862407,4557.9588621717085,89.52950020990617,12388.103442195263
6256,1.2083,12.0,3.0,0.0014565667011375387,3696.349872353733,29.950493728446705,13148.25853757277
6257,1.2597,12.0,3.0,0.006410548086866598,3492.2403143294737,429.9676871977497,13456.06320810869
6258,1.2417,12.0,3.0,0.005998965873836608,3281.3622144124233,65.0060067907088,13864.171612785494
6259,1.4074,12.0,3.0,0.005267264161783293,3232.430668043304,40.01227996306495,13968.696861335273
6260,1.2001,12.0,3.0,0.0033133402275077562,3180.4677151582137,65.01587767510203,14094.45640808904
6261,1.1715,12.0,3.0,0.002914477766287488,3082.24533788067,143.88178899425662,14311.771209271428
6263,1.168,26.0,3.0,0.00020682523267838678,4146.701870187958,105.07585387743572,14814.486129781804
6264,1.1793,26.0,3.0,0.0006204756980351604,3974.8820127761,269.9697086446997,15072.316119956198
6265,1.1692,26.0,3.0,0.00413340227507756,3810.4052929985355,55.01589122167359,15301.659382741957
6266,1.1751,26.0,3.0,0.005788004136504654,3746.7911996432017,64.94639994815188,15411.176334491522
6267,1.1788,26.0,3.0,0.008284384694932782,3607.8692297403973,210.0001557429122,15676.379451594383
6268,1.1948,26.0,3.0,0.018192605997931748,3462.4974200371053,74.94791052843121,15953.403415856097
6269,1.1975,26.0,3.0,0.02228360910031024,3409.869330362163,34.91232204746383,16061.670452509201
6271,1.1854,26.0,3.0,0.022529535481707146,3314.746566869167,179.98832580693946,16279.36432258541
6272,1.5333,26.0,3.0,0.0004883660806618408,3215.102596456269,39.724059736105346,16687.456376209597
6273,1.1699,26.0,3.0,0.00027119958634953464,3129.0005699604944,225.01171668998953,16931.378885504844
6275,1.1536,25.0,3.0,0.00020682523267838678,4918.943881876842,39.90956873655965,13492.02919786464
6276,1.1723,25.0,3.0,0.00041261633919338164,5029.214771565276,699.8631661825837,13325.608698987553
6277,1.2234,25.0,3.0,0.0020744570837642196,4975.806491984579,104.79098302136278,13336.143412090985
6278,1.1844,25.0,3.0,0.0022512926577042403,3010.81229288727,59.92401662089666,16942.512212407684
6282,1.3158,25.0,3.0,0.001983367804205447,3056.1442419426508,79.9513381001968,16827.88098786426
6283,1.2984,25.0,3.0,0.0030303343674594973,3498.1697356854615,4.939129653997006,15760.24449656064
6284,1.1747,35.0,2.0,0.00020682523267838678,2725.4129188063384,1109.9210986777832,18206.144929546528
6285,1.2017,35.0,2.0,0.001712595186612767,2553.901871554701,104.9987647519264,18673.855441011074
6286,1.18,35.0,2.0,0.002137660131270709,2445.302389079542,239.98805581853375,19053.588253893875
6287,1.1695,35.0,2.0,0.002438728024819028,2345.5642372464436,370.0060006593258,19428.916419097386
6288,1.1769,35.0,2.0,0.003707859358841779,2359.0088535911514,160.0122641013955,19354.42564570105
6289,1.2082,35.0,2.0,0.005623836608066184,2315.4170144349673,249.94025259680308,19505.687100195144
6290,1.2592,35.0,2.0,0.00635134436401241,2200.25955591178,344.9808122528794,19979.546289993075
6292,1.5767,35.0,2.0,0.03427843846949328,2133.8484133196644,54.97031817117796,20182.871603519652
6293,1.2379,35.0,2.0,0.04380532574974147,2106.969104362158,180.0163123512389,20291.989805855683
6294,1.1822,35.0,2.0,0.03512319027921407,2088.7407363814577,24.993446170725512,20388.23527687312
6295,1.4332,35.0,2.0,0.03275947165554199,2083.045121889014,50.07357460731686,20418.58827897002
6296,1.2223,35.0,2.0,0.036036970010341264,2060.021281359837,594.9470689461087,20521.884278715734
6297,1.2289,35.0,2.0,0.013732977208933777,2109.3709036519194,379.9814546218564,20343.717862402948
6298,1.2296,35.0,2.0,0.012300155118924508,2235.349146653749,455.01864922009264,19794.494061461868
6299,1.1775,35.0,2.0,0.009438853373444895,2429.943680073444,819.9246335553449,19035.483852471123
6300,1.1626,35.0,2.0,0.00791287487073423,2310.3012984729885,284.96764228361803,19508.521979626865
6301,1.1939,35.0,2.0,0.023514477766287494,2366.206184393081,484.97981757198255,19231.489236393918
6302,1.2787,35.0,2.0,0.03867631851085833,2498.5184432079777,169.96670672997496,18714.1055370067
6303,1.1969,35.0,2.0,0.008763702171664944,2644.0299370994812,399.95483414155734,18287.867589559206
6304,1.4553,35.0,2.0,0.008019906928645295,2777.00050711298,59.90043176304535,17869.148889660122
6305,1.2076,35.0,2.0,0.007433557394002069,2809.2235891871774,40.01404228547137,17774.70595726957
6306,1.2186,35.0,2.0,0.0056292657704239924,2874.4555195904372,174.99798532814052,17594.21923522966
6307,1.1947,35.0,2.0,0.0008152528589070392,3087.7956297168193,504.806658852548,17091.40439175065
6308,1.15,35.0,2.0,0.00033092037228541887,3337.6068429703873,14.971906060930898,16508.550713176086
6310,1.4473,4.0,4.0,0.0035294725956566703,2772.560120512182,109.84589448153088,15136.6153743984
6311,1.2435,4.0,4.0,0.0018691830403309206,2877.7872576661616,110.00182361456459,14895.30520152507
6312,1.3812,4.0,4.0,0.00020682523267838678,3034.488975687439,304.80961077084,14608.811423988138
6313,1.2006,24.0,3.0,0.00020682523267838678,2732.2257972423267,1004.8577005436454,17644.378243403185
6315,1.1614,24.0,3.0,0.025822905894519133,2203.503414848981,84.99022654363233,19300.282149335635
6316,1.1664,24.0,3.0,0.026182781799379527,2107.191306408144,119.90006126476298,19715.30379814688
6317,1.228,24.0,3.0,0.026364788004136507,2015.7700372357588,65.02487571542616,20136.374968333937
6318,1.15,24.0,3.0,0.026728800413650465,1974.3195115148358,19.9542246130556,20336.1360217179
6319,1.1897,24.0,3.0,0.019813108909813314,1919.5676414368597,90.05034244073467,20627.146754818426
6320,1.2053,24.0,3.0,0.020644002068252326,1842.9273630864054,64.63202057851872,21029.543919751548
6321,1.1709,24.0,3.0,0.0223141158221303,1763.5280756513891,115.01669392098142,21471.397198008188
6322,1.1809,24.0,3.0,0.025188210961737335,1658.2261222294353,119.87660683320357,22103.99992672451
6323,1.1989,24.0,3.0,0.02554084798345398,1547.130806386051,105.05880636074633,22846.32650369001
6325,1.3648,24.0,3.0,0.018754756980351603,1477.0948038489926,20.008027818153934,23375.852315375134
6326,1.2549,24.0,3.0,0.016474870734229576,1442.6246004732768,45.03977647296638,23648.719367266003
6327,1.2156,24.0,3.0,0.026760082730093074,1396.8818750304306,39.96712874898405,23983.89151476423
6330,1.258,24.0,3.0,0.02802869700103413,1336.8228524855747,25.03172680496578,24488.79561954833
6331,1.2548,24.0,3.0,0.028330661840744575,1278.0940793191417,85.02416094216687,25018.378052966826
6332,1.3067,24.0,3.0,0.037808945191313344,1190.4715105496678,85.03777015585275,25860.306262858452
6335,1.2884,24.0,3.0,0.041586608066184076,1106.3948448740991,35.03674222569992,26772.691167614576
6337,1.2912,24.0,3.0,0.06006980351602896,1065.7084364356404,29.948506598498852,27228.650415474855
6338,1.2006,24.0,3.0,0.06042037228541883,1031.9351260616293,50.003188181435284,27649.597541674226
6339,1.328,24.0,3.0,0.06163029989658739,996.2387007856452,34.974642778734705,28116.201960889695
6340,1.3156,24.0,3.0,0.09650775594622545,906.0248409578245,190.0326467295311,29382.981826508916
6341,1.2406,24.0,3.0,0.09539771845915203,822.9147473716124,34.95496101747102,30763.45774859392
6344,1.231,24.0,3.0,0.06768915891072046,746.7869686455269,130.0315064726719,32250.445659842455
6346,1.2648,24.0,3.0,0.07763119039411698,663.2875233958149,40.04640612022519,34114.05110907334
6348,1.259,24.0,3.0,0.08009373615009605,617.4284402760976,64.96719905383725,35296.76509854695
6350,1.2852,24.0,3.0,0.0840775594622544,560.3100276608278,84.99500921155997,36964.302782907725
6352,1.2127,24.0,3.0,0.08391280436213219,491.08946292532363,104.95373735696259,39363.50389095075
6353,1.2097,24.0,3.0,0.07883840257923232,441.80688199531437,79.89890261942311,41406.392022475164
6355,1.1901,24.0,3.0,0.04775312020825161,404.73243068183046,140.00308404604172,43231.35615287724
6357,1.2242,24.0,3.0,0.06342218200620477,396.43889325748495,54.933934330564476,43627.31542661592
6358,1.1835,24.0,3.0,0.0486933815925543,401.5856981018033,44.984628559844246,43390.31130744653
6359,1.2623,24.0,3.0,0.04778500517063082,407.24512810886273,45.01597333505472,43103.87626975676
6362,1.3323,24.0,3.0,0.07642139120384453,428.68701296236685,80.0340511341581,42009.41012926142
6364,1.5133,24.0,3.0,0.0644503619441572,455.51169661758024,34.955009029408586,40829.48188439389
6367,1.481,24.0,3.0,0.052270941054808694,485.5592584141559,30.02426794087923,39626.5827582873
6370,1.4379,24.0,3.0,0.04793174767321614,521.7894825759981,30.066083488325468,38298.64225971405
6371,1.3366,24.0,3.0,0.04725437041414291,605.5441680841727,204.95757115738104,35675.52061187543
6372,1.3545,24.0,3.0,0.047626680455015516,695.5031463205698,19.990071781235827,33394.60348484829
6374,1.3586,24.0,3.0,0.08565305067218203,724.4703546511942,29.93180271675813,32699.92024663229
6375,1.3471,24.0,3.0,0.08553112719751811,747.7061600537369,45.056818625998844,32211.456954971083
6376,1.2916,24.0,3.0,0.06643846949327818,769.1007565344638,20.038635704042655,31802.39750757461
6377,1.2199,24.0,3.0,0.04455753763070206,806.7010031511018,84.95632127481785,31119.802748222184
6378,1.236,24.0,3.0,0.03983117890382627,859.3806499999562,74.9572038817584,30204.082501389017
6379,1.2843,24.0,3.0,0.03971816368739844,895.7378926526495,30.037554118406618,29613.352834894147
6381,1.3387,24.0,3.0,0.039965873836608067,922.141443500211,34.98803176897493,29205.455640866647
6382,1.4233,24.0,3.0,0.03976189245087901,946.9387005968536,29.983251968326083,28838.612711401893
6383,1.2428,24.0,3.0,0.03859798345398139,987.528246934964,75.05575238299438,28269.400935889582
6384,1.2763,24.0,3.0,0.037553516028955534,1035.6472069617782,144.9835160623202,27637.27471834879
6385,1.2035,24.0,3.0,0.037843588417786976,1074.0521216143954,9.973168597166149,27160.978539388925
6386,1.2796,24.0,3.0,0.037735005170630824,1089.6961317003847,25.047988873230757,26974.53724598267
6388,1.2332,24.0,3.0,0.034726513403866045,1164.7365931904787,124.9883442342007,26137.141077904347
6389,1.2152,24.0,3.0,0.04422569803516029,1340.4041647348952,239.7974166503769,24427.883726906475
6390,1.2243,24.0,3.0,0.04298474663908997,1581.5109351517483,235.01467036211466,22576.807507980975
6392,1.2369,24.0,3.0,0.0452122543950362,1715.7614225049963,29.930798470298715,21713.527974400084
6393,1.1837,24.0,3.0,0.0449299379524302,1790.760606221643,119.9261410647984,21275.37364230705
6394,1.1741,24.0,3.0,0.03938797311271975,2035.6316364526906,370.00426040172744,20021.029137646427
6396,1.1668,24.0,3.0,0.030921664943123064,2364.237110533249,289.9879383355591,18654.08771792211
6397,1.1618,24.0,3.0,0.021015228738858523,2557.057945692519,99.98781073145412,17988.034135604546
6398,1.1692,24.0,3.0,0.014997100469334182,2765.3155662345794,319.9680422775153,17344.372047342258
6401,1.1767,24.0,3.0,0.0008431288061587959,3032.2221519013924,174.91562500701093,16726.518767668385
6402,1.1672,24.0,3.0,0.00020682523267838678,3214.7510620589815,249.9408010408168,16327.702087922355
6403,1.1638,24.63500000000001,3.0,0.00020682523267838678,3388.510334150377,544.9309560060121,16045.42114553998
6404,1.1867,24.635,3.0,0.00476421923474664,3117.848986847341,49.95520897060367,16556.29664674903
6405,1.1731,24.634999999999998,3.0,0.00641933815925543,3078.0334547623547,45.061363754723736,16644.856228007673
6406,1.1822,24.635,3.0,0.0068298862461220276,3050.707555396415,19.97723485347783,16713.027426731478
6407,1.1909,24.635,3.0,0.007240434332988626,2993.506489409129,115.00014151585722,16861.94285291243
6409,1.2168,24.635,3.0,0.010222136045041942,2927.548438929696,39.9396112196463,17026.403318726756
6410,1.2098,24.635,3.0,0.009877973112719752,2862.846594545191,109.84729035680208,17210.40064011216
6411,1.2711,24.635,3.0,0.01977456049638056,2826.4152266890615,24.946002342329052,17283.85256442224
6412,1.1805,24.634999999999998,3.0,0.021240951396070327,2787.587575688189,70.02612411276966,17394.924575488458
6413,1.1924,24.634999999999998,3.0,0.02158221302998966,2725.2764132946563,64.99081818431905,17582.71559917081
6414,1.1557,24.634999999999998,3.0,0.02194105480868666,2625.4760397314776,134.97445843984593,17897.53714199797
6416,1.192,24.635,3.0,0.025135470527404346,2502.401856148524,84.93793569348824,18305.397521320687
6418,1.1797,24.634999999999998,3.0,0.031183263065786337,2297.0842102468596,314.9606852184503,19057.22563620512
6419,1.3154,24.635,3.0,0.009169079627714582,2128.819812161827,24.9672796244463,19825.771075758163
6420,1.1829,24.635,3.0,0.008567218200620477,2072.5057329245883,99.96357777523569,20084.490729871555
6423,1.3547,24.635,3.0,0.008622004406276697,1974.0776977057853,109.83060888251687,20555.60716346541
6425,1.2727,12.0,3.0,0.00020682523267838678,2956.9829684992746,40.061563797726436,14700.958211610296
6426,1.1885,12.0,3.0,0.0006204756980351604,2844.133539807714,194.85339873134083,14932.530637331483
6427,1.3174,12.0,3.0,0.00048480409054349076,2666.1886321637066,175.0541096744613,15409.87769147618
6428,1.4092,12.0,3.0,0.002002068252326784,2553.921400664288,59.95166289212375,15669.97477516737
6429,1.1723,12.0,3.0,0.0022719751809720788,2492.6836976252307,70.05603823541908,15847.04675765775
6430,1.487,12.0,3.0,0.0025687693898655637,2455.0012425624764,15.017603406043197,15957.358702188762
6431,1.3218,12.0,3.0,0.0021803580661840746,2433.6026228126184,34.99321551664542,16031.113354007499
6432,1.2365,12.0,3.0,0.0019619958634953466,2407.995813327101,44.99988011015675,16116.711241954452
6433,1.1892,12.0,3.0,0.002929420889348501,2371.1406927188123,109.9855920831642,16218.36351077791
6435,1.1877,12.0,3.0,0.0014617166494312306,2392.2055915099168,244.88886871007992,16180.032426440013
6436,1.3882,12.0,3.0,0.0011384251735854633,2315.3429273181246,64.94692728154214,16444.927218767032
6437,1.1895,12.0,3.0,0.001038185876498715,2330.677108995638,498.8656471251068,16397.267989063934
6438,1.1681,25.0,3.0,0.00020682523267838676,2932.499750796076,209.97290026311356,17266.215701716857
6439,1.2015,25.0,3.0,0.0005662757523084485,2506.712102810543,694.4408479000659,18557.63593464743
6440,1.3229,25.0,3.0,0.0018102378490175803,2043.6818515361,269.8016089027184,20392.579093951277
6441,1.4287,25.0,3.0,0.0028986556359875907,1843.9797458265348,159.9044035792296,21390.603021684885
6442,1.2496,25.0,3.0,0.010243536711478802,1747.1416338027736,44.92284164891916,21874.33698868898
6443,1.2104,25.0,3.0,0.011496380558428129,1710.9580581774198,25.045500559806168,22086.93949168197
6444,1.2754,25.0,3.0,0.011816959669079629,1659.6133333631892,74.93593879262666,22408.552969193195
6445,1.3458,25.0,3.0,0.014596949327817995,1585.1107477638511,74.98264029009135,22891.887513099573
6446,1.2627,25.0,3.0,0.026523009307135473,1537.9338186426385,40.041396940719444,23187.197607816775
6447,1.2992,25.0,3.0,0.026626421923474662,1519.3092027457658,25.003413039982078,23322.069208301804
6450,1.2771,25.0,3.0,0.018814632885212,1500.4239371497026,80.01580668356682,23483.301552664776
