edge_id,case,dsi,aadt,length,width,rclass,tp_dist
1,1,1.3164,22671.331506849318,89.98228909626536,6.0,4.0,138.51352564834636
2,1,1.1598,22671.331506849318,154.99015678484758,6.0,4.0,113.95909096942398
3,0,1.1809,22671.331506849318,155.04241854310277,6.0,4.0,131.07051228983977
4,0,1.2494,22671.331506849318,34.996534839341194,6.0,4.0,199.02298669759537
5,0,1.458,22671.331506849318,40.06039516117429,6.0,4.0,234.20898143272223
6,0,1.2334,12525.819178082193,189.9352106373367,6.0,4.0,350.79724536485725
13,0,1.253,24365.02191780822,469.628335014453,6.0,4.0,421.3860939065513
14,0,1.2421,24365.02191780822,174.9408087801735,6.0,4.0,129.5643285666632
23,0,1.562,15159.46301369863,34.964478159106896,6.0,4.0,475.94751818442563
24,0,1.5741,15159.46301369863,44.993043170878714,6.0,4.0,432.0977790502659
29,0,1.4504,6777.397260273972,194.83864767136134,3.0,4.0,439.5855915447506
30,0,1.4569,6777.397260273972,44.809192043753455,3.0,4.0,489.2867740432897
33,0,1.2905,29454.12328767123,70.02270863153039,8.0,4.0,113.37730178168968
34,0,1.4255,29454.12328767123,14.910127823670072,8.0,4.0,127.35455530872413
35,0,1.5275,29454.12328767123,19.95218234001765,8.0,4.0,138.34047277262894
36,0,1.4707,29454.12328767123,39.966348595675086,8.0,4.0,159.9310965756792
37,0,1.3465,29454.12328767123,34.99625416946761,8.0,4.0,190.15400567253215
38,0,1.3815,29454.12328767123,55.02008757555452,8.0,4.0,228.30065968715408
39,0,1.5562,29454.12328767123,30.031033610854518,8.0,4.0,267.13535495454244
40,0,1.4409,29454.12328767123,149.90308546940892,8.0,4.0,345.920221966206
41,0,1.6534,29454.12328767123,19.978132686265063,8.0,4.0,430.1501713154322
42,0,1.3707,29454.12328767123,9.95040509183031,8.0,4.0,448.10287859439296
47,0,1.3219,29454.12328767123,60.02143316975487,10.0,4.0,437.0576224172945
48,0,1.4318,29454.12328767123,35.00969256109939,10.0,4.0,482.9338820752937
53,0,1.4203,15159.46301369863,44.984776238373165,10.0,4.0,448.8564257846829
54,0,1.5084,15159.46301369863,45.090891559796106,10.0,4.0,403.75859979472517
55,0,1.2705,15159.46301369863,124.99077544817197,10.0,4.0,319.485494020337
56,0,1.2822,15159.46301369863,164.7564772679046,10.0,4.0,186.8778267032478
57,0,1.4673,29454.12328767123,94.93918618056745,6.0,4.0,473.0267429996184
64,0,1.1648,18143.601648351647,69.98876379489674,10.0,4.0,20.88246198297598
65,0,1.1765,18143.601648351647,109.91743192271664,10.0,4.0,109.8682441126959
66,0,1.1988,18143.601648351647,49.9271136865482,10.0,4.0,193.91406393306724
67,0,1.1812,18143.601648351647,19.968612881219727,10.0,4.0,230.2888751045175
68,0,1.1683,18143.601648351647,59.952157389263874,10.0,4.0,273.6826234531936
69,0,1.1512,18143.601648351647,259.91384365144154,10.0,4.0,422.41570333237104
90,0,1.2432,18143.601648351647,509.66314446560045,4.0,4.0,434.42718816463565
102,0,1.3349,45055.38356164384,54.79422930462228,3.0,4.0,329.11469911807035
103,0,1.2969,45055.38356164384,49.90044584653306,3.0,4.0,333.0068210642215
105,0,1.2249,45055.38356164384,74.93308028889699,3.0,4.0,377.4386019140246
106,0,1.478,45055.38356164384,214.11972658467252,3.0,4.0,465.9104635005133
112,0,1.2969,45055.38356164384,99.91939098905122,2.0,4.0,278.09233276662235
113,0,1.3987,45055.38356164384,109.97403395120212,2.0,4.0,186.97951612809283
114,0,1.4369,45055.38356164384,79.81150357595698,2.0,4.0,136.65092737340004
116,0,1.1763,45055.38356164384,134.8488007013529,2.0,4.0,183.49031605715672
118,0,1.2694,28222.04109589041,509.62415679896003,6.0,4.0,228.98380811828468
126,0,1.206,6777.397260273972,65.06000543452653,12.0,4.0,121.45505413213073
127,0,1.1706,6777.397260273972,280.04695328105385,12.0,4.0,290.7791899645262
129,0,1.2188,12458.46301369863,50.00813115803818,12.0,4.0,431.0912063162287
130,0,1.2217,12458.46301369863,160.00740815497548,12.0,4.0,377.25468115926435
139,0,1.3685,19718.77808219178,4.9542556458417994,15.0,4.0,235.09108023125214
140,0,1.27,19718.77808219178,74.96047924301844,15.0,4.0,191.32519745195734
141,0,1.2732,19718.77808219178,69.97320786135393,15.0,4.0,118.284953202027
142,0,1.4205,19718.77808219178,19.994540418772104,15.0,4.0,73.67102873679607
143,0,1.2872,19718.77808219178,35.00061041592176,15.0,4.0,46.92720032433635
145,0,1.6247,31519.065753424657,14.972007983346629,8.0,4.0,142.43238512554439
146,0,1.5999,31519.065753424657,5.037600541872118,8.0,4.0,152.33523968603578
147,0,1.4349,31519.065753424657,30.01624994442133,8.0,4.0,166.0006093082763
148,0,1.3401,31519.065753424657,29.965009512452966,8.0,4.0,193.0436856543042
149,0,1.5146,31519.065753424657,144.48934383999625,8.0,4.0,275.6690626747031
150,0,1.2878,12818.235616438356,334.3442757790092,5.0,4.0,201.56031799674147
153,1,1.4268,31519.065753424657,284.52171503028853,6.0,4.0,206.06324059726697
155,0,1.4434,42311.260273972606,120.02008273656683,8.0,4.0,114.95771156244692
156,0,1.4163,42311.260273972606,105.02578623928778,8.0,4.0,225.71317384058003
157,0,1.3598,19718.77808219178,105.01018884458549,8.0,4.0,222.34613521758303
158,0,1.4185,19718.77808219178,114.9224387448673,8.0,4.0,157.63498572852004
159,0,1.6545,19718.77808219178,44.99645929715137,4.0,4.0,157.0192909549256
160,0,1.6749,19718.77808219178,15.086871824792324,4.0,4.0,189.32193408359805
161,0,1.7757,19718.77808219178,40.037984379920864,4.0,4.0,219.7879969586771
162,0,1.7872,42311.260273972606,104.8617364883971,4.0,4.0,245.53082145864823
163,0,1.4305,26901.89589041096,39.99399736849333,12.0,4.0,162.82732557433573
164,0,1.4191,26901.89589041096,65.06052709342566,12.0,4.0,173.44977535836622
165,0,1.3775,19718.77808219178,95.00560929622884,12.0,4.0,215.55900810101787
166,0,1.4716,19718.77808219178,34.94010443900309,12.0,4.0,264.1409928841314
167,0,1.4742,31211.10136986301,60.032316707544695,12.0,4.0,303.04860725786773
168,0,1.2187,29454.12328767123,69.98651887467268,12.0,4.0,17.389292244189807
169,0,1.4026,29454.12328767123,45.00863035035107,12.0,4.0,73.96347826612273
170,0,1.5179,29454.12328767123,30.026484718017457,12.0,4.0,115.47334876497628
171,0,1.3621,29454.12328767123,29.95930913816639,12.0,4.0,149.92117241491587
172,0,1.2668,29454.12328767123,89.94473936796912,12.0,4.0,214.74082890793798
173,0,1.2807,29454.12328767123,149.9037214163825,12.0,4.0,335.41267010142144
174,0,1.1713,29454.12328767123,134.70841049994792,12.0,4.0,469.4663642479145
181,1,1.1692,31519.065753424657,30.01536969269332,10.0,4.0,243.89869494636469
182,1,1.303,31519.065753424657,110.0230062640494,10.0,4.0,177.83628087723758
183,0,1.2867,31519.065753424657,70.04308128369888,10.0,4.0,110.82675138798348
184,0,1.3355,31519.065753424657,29.99676164408157,10.0,4.0,95.5186229748548
185,0,1.4774,31519.065753424657,24.978631149968592,10.0,4.0,102.28353285439597
186,0,1.4825,31519.065753424657,79.97773260827721,10.0,4.0,137.67992836502665
188,0,1.4579,31519.065753424657,89.95897508343282,10.0,4.0,226.86548678356863
189,0,1.338,31519.065753424657,54.96741004985275,10.0,4.0,301.0740056180222
190,0,1.4117,31519.065753424657,29.96702340192957,10.0,4.0,348.34035776028827
191,0,1.442,22843.43561643836,75.05232646259306,10.0,4.0,311.38791285188665
192,0,1.3256,22843.43561643836,34.88501035632621,10.0,4.0,254.02997258900453
193,0,1.3766,22843.43561643836,49.99135360095938,10.0,4.0,217.45187976248235
195,0,1.2809,22843.43561643836,79.92237382770806,10.0,4.0,172.1894526459334
196,1,1.6001,42075.78082191781,64.89381518358066,8.0,4.0,271.21240518648483
197,1,1.5537,31519.065753424657,44.96143448735542,8.0,4.0,264.08171220784703
198,1,1.4936,31519.065753424657,89.92178375434986,8.0,4.0,210.25759846413376
199,0,1.3981,31519.065753424657,100.08850165141942,8.0,4.0,159.77338444707502
200,0,1.5484,31519.065753424657,99.41273390055167,8.0,4.0,160.44575940767754
201,0,1.5616,42311.260273972606,64.96688638503578,8.0,4.0,184.69995542010804
202,0,1.4533,42311.260273972606,29.97362203932717,8.0,4.0,233.41386188907728
203,0,1.5037,42311.260273972606,34.988921357824644,8.0,4.0,270.2915178150212
204,1,1.5253,31519.065753424657,55.00572480839368,8.0,4.0,256.9189479865066
205,1,1.5421,31519.065753424657,34.99456495010483,8.0,4.0,237.093661500401
206,1,1.5913,31519.065753424657,35.05455887186645,8.0,4.0,228.10181049780675
207,0,1.3898,42311.260273972606,119.9942483854861,8.0,4.0,108.21344426863844
208,0,1.3833,42311.260273972606,104.94244173621749,8.0,4.0,221.05242739358917
209,0,1.5253,19718.77808219178,74.98781865808593,8.0,4.0,214.81189995313562
210,0,1.55,19718.77808219178,29.999573716459018,8.0,4.0,167.47116329701134
211,0,1.4735,19718.77808219178,109.9710625227483,8.0,4.0,109.96145140063433
212,0,1.6329,19718.77808219178,44.97899498924988,8.0,4.0,89.25116228936105
213,0,1.4729,19718.77808219178,59.9867015304149,8.0,4.0,125.98935475980659
214,0,1.4292,19718.77808219178,104.99306776952734,8.0,4.0,199.93049482444468
215,0,1.4003,42075.78082191781,59.95255852632892,8.0,4.0,275.4280464446985
216,0,1.4934,42311.260273972606,39.99363301638826,8.0,4.0,241.73651203686603
217,0,1.4454,42311.260273972606,120.0405870611736,8.0,4.0,181.64235919939284
221,0,1.4225,29454.12328767123,204.70358333717957,8.0,4.0,412.69373013203995
222,0,1.5503,29454.12328767123,55.03694348764187,8.0,4.0,310.90347038539534
223,0,1.4434,29454.12328767123,30.024812873007225,8.0,4.0,288.4169012185801
224,0,1.3877,29454.12328767123,25.09642151296681,8.0,4.0,276.7977229924635
225,0,1.5037,29454.12328767123,25.01210304875134,8.0,4.0,268.1462890145113
226,0,1.5477,29454.12328767123,35.03772304811838,8.0,4.0,262.1451588979863
227,0,1.5313,29454.12328767123,59.96333588132822,8.0,4.0,261.0509592183555
228,0,1.6132,29454.12328767123,59.99615103114094,8.0,4.0,273.65449011916587
229,0,1.2636,29454.12328767123,254.90048466528805,8.0,4.0,350.8316546811099
230,0,1.6326,30310.46301369863,24.86419705817015,10.0,4.0,275.2732572207218
231,0,1.5469,30310.46301369863,14.978080555941325,10.0,4.0,297.7391076375125
232,0,1.5379,30310.46301369863,24.96817320291358,10.0,4.0,318.6051973534895
233,0,1.4727,19113.699724517905,39.95175553452316,10.0,4.0,334.35118857914205
234,0,1.2232,19652.534246575346,50.0246031420053,13.0,4.0,287.3403546237349
235,0,1.1972,19652.534246575346,319.6709714982098,13.0,4.0,303.5621178813683
237,0,1.3902,30310.46301369863,409.5496914511801,7.0,4.0,235.76659371557935
238,0,1.9804,31211.10136986301,49.949628444222824,7.0,4.0,314.88477676725734
239,0,1.3607,19113.699724517905,140.0127651507775,7.0,4.0,308.26639954246815
240,0,1.2998,19113.699724517905,100.02478269369368,7.0,4.0,257.66159746872336
241,0,1.3735,19113.699724517905,39.972276628854274,7.0,4.0,262.50870224590966
242,0,1.347,19113.699724517905,84.98969908655656,7.0,4.0,286.74681794969257
243,0,1.3603,19718.77808219178,120.03197951361733,7.0,4.0,267.4676988085859
244,0,1.3081,19718.77808219178,120.00260256357672,7.0,4.0,223.55580723556758
245,0,1.297,19718.77808219178,110.00594136709483,7.0,4.0,253.38296865125227
246,0,1.3355,42311.260273972606,105.0287571131551,7.0,4.0,239.9427137736893
247,0,1.4231,42311.260273972606,120.04272769627568,7.0,4.0,136.3047178394769
248,0,1.6109,42311.260273972606,79.96298276621846,7.0,4.0,95.55907673506992
249,0,1.3197,42311.260273972606,100.04120742739474,7.0,4.0,143.88272123626354
250,0,1.4188,42311.260273972606,85.02364035439314,7.0,4.0,226.81856675270214
251,0,1.2601,33247.925619834714,155.04970527585363,7.0,4.0,306.3106238330467
252,0,1.2402,22843.43561643836,85.05136233650171,7.0,4.0,274.04186265420117
253,0,1.2898,22843.43561643836,94.9650332013403,7.0,4.0,201.26758237932046
254,0,1.2545,22843.43561643836,105.03812427118612,7.0,4.0,144.90528673217415
255,0,1.2326,22843.43561643836,104.96146095086664,7.0,4.0,154.03270755277885
256,0,1.301,22843.43561643836,110.00103817547172,7.0,4.0,225.923050155679
257,0,1.2322,18789.783561643835,205.0275232205808,7.0,4.0,142.45360774654122
258,0,1.3261,18789.783561643835,129.2423481029161,7.0,4.0,174.8824401835275
259,0,1.3312,18789.783561643835,44.75055607131702,7.0,4.0,190.15821224345956
261,0,1.4651,31519.065753424657,69.96233822047746,10.0,4.0,66.78590659817759
262,0,1.4107,31519.065753424657,95.02394299580843,10.0,4.0,149.50520276695025
263,0,1.3306,31519.065753424657,45.0420761299369,10.0,4.0,219.46487338908648
264,0,1.3206,31519.065753424657,35.105189413694646,10.0,4.0,263.2453299881223
265,0,1.2995,31519.065753424657,34.99532944065119,10.0,4.0,299.4468867355612
266,0,1.2296,24915.00547945205,424.49167523550693,10.0,4.0,423.93838272003825
268,0,1.6239,42311.260273972606,34.97062255957386,8.0,4.0,187.10517750085526
269,0,1.5863,42311.260273972606,40.02081986304304,8.0,4.0,209.12001481858815
270,0,1.5285,42311.260273972606,45.08573728827523,8.0,4.0,237.96656260692805
271,0,1.415,42075.78082191781,40.03543004918109,8.0,4.0,234.03409497096482
272,0,1.6457,42075.78082191781,55.04223949877727,8.0,4.0,192.4171049019704
273,0,1.5525,42075.78082191781,60.04446041608091,8.0,4.0,145.32749589967176
274,0,1.4714,42075.78082191781,64.99303432605834,8.0,4.0,112.96885682504185
276,0,1.5049,19718.77808219178,54.99405669293628,8.0,4.0,138.86521769652109
277,0,1.6506,19718.77808219178,44.97589210876319,8.0,4.0,164.22704693912578
278,0,1.5902,19718.77808219178,65.00628050266704,8.0,4.0,203.14628874833258
279,0,1.4431,30310.46301369863,133.85882671820684,8.0,4.0,305.3171830382645
280,0,1.4036,30310.46301369863,29.89531331103182,8.0,4.0,363.74716951067745
281,0,1.2634,19652.534246575346,85.01046917411175,8.0,4.0,334.5721937173606
282,0,1.5009,30310.46301369863,50.03453307329646,6.0,4.0,254.06991104747212
283,0,1.4834,30310.46301369863,20.030712996980114,6.0,4.0,284.15030557969135
284,0,1.5147,30310.46301369863,74.21294022974772,6.0,4.0,320.29203710840267
285,0,1.2921,30310.46301369863,85.02711471086023,6.0,4.0,390.3146066860852
294,0,1.2146,16735.476712328767,160.06594734649303,3.0,4.0,80.18561001777262
295,0,1.1588,16735.476712328767,324.8984289173035,3.0,4.0,324.57320411132054
296,0,1.216,7928.208219178082,210.00376141242447,3.0,4.0,215.5497183835351
297,0,1.3977,7928.208219178082,219.95765491053834,3.0,4.0,297.94130899513254
298,0,1.9241,7928.208219178082,24.713253629349836,3.0,4.0,418.25955486922595
299,0,1.7442,7928.208219178082,19.699400427698528,3.0,4.0,423.5148925723077
300,0,1.5884,7928.208219178082,39.796649324514966,3.0,4.0,435.535223867484
301,0,1.2989,11876.054794520547,158.73766030276184,3.0,4.0,479.503289801308
303,0,1.334,16735.476712328767,543.1576143069449,3.0,4.0,266.51665867020955
304,0,1.2541,11876.054794520547,104.91779821179234,3.0,4.0,353.360229572003
305,0,1.2814,11876.054794520547,159.7208208454202,3.0,4.0,452.5675366360782
306,0,1.5085,11876.054794520547,40.00304755125737,3.0,4.0,488.57807381696244
307,0,1.2468,11876.054794520547,89.97083465813262,3.0,4.0,145.85826847896908
308,0,1.1526,11876.054794520547,35.050151628388186,3.0,4.0,208.4561330909888
309,0,1.4519,11876.054794520547,164.93805982655303,3.0,4.0,312.0195664443414
310,0,1.4023,11876.054794520547,209.71803963606297,3.0,4.0,499.0774125134608
313,0,1.2252,11876.054794520547,129.5008485094661,3.0,4.0,79.25441639834534
314,0,1.3889,11876.054794520547,403.41819496070264,3.0,4.0,303.4082350332391
315,0,1.3998,11876.054794520547,64.97072617398452,3.0,4.0,483.3928551177215
317,1,1.467,7928.208219178082,288.9264595152927,3.0,4.0,221.38895036733072
319,1,1.4568,43406.35616438357,74.76628658046364,8.0,4.0,92.88216358542088
320,1,1.2822,43406.35616438357,44.98152534084485,8.0,4.0,131.69012094700992
321,0,1.2832,43406.35616438357,15.060700671159713,8.0,4.0,156.47019773118421
322,0,1.4016,43406.35616438357,60.07556809958133,8.0,4.0,193.09194802370308
323,0,1.3253,33765.32602739726,130.0364162537038,8.0,4.0,215.8985353613013
324,0,1.4682,33765.32602739726,44.908885513999735,8.0,4.0,146.64492752201514
325,1,1.3672,33765.32602739726,59.97300703789251,8.0,4.0,112.60174521848063
326,1,1.6294,33765.32602739726,50.010326400473744,8.0,4.0,87.95481314492278
327,0,1.4428,43406.35616438357,54.94691572982025,8.0,4.0,199.10326998001847
328,0,1.2921,43406.35616438357,5.039977821639201,8.0,4.0,216.47765365184458
329,0,1.2994,43406.35616438357,20.051670953795423,8.0,4.0,226.91642147361972
330,0,1.2959,43406.35616438357,25.03535125454079,8.0,4.0,242.07576711166064
331,0,1.4447,43406.35616438357,25.019355546722352,8.0,4.0,261.1238320164746
332,0,1.3644,33765.32602739726,129.95957308427944,8.0,4.0,273.8042672398484
333,0,1.4683,33765.32602739726,50.024102908730825,8.0,4.0,221.67318005450963
334,0,1.4136,33765.32602739726,49.99152273496619,8.0,4.0,204.55744179659916
335,0,1.5341,33765.32602739726,24.987935648858873,8.0,4.0,199.8832777343764
336,0,1.4912,33765.32602739726,4.997583144895445,8.0,4.0,200.3893796961318
337,0,1.4716,33765.32602739726,55.03387432672644,8.0,4.0,195.13897194735966
339,0,1.2689,19821.895316804406,179.84783722017448,4.0,4.0,206.52771743006184
340,0,1.2581,19821.895316804406,59.95312952620164,4.0,4.0,293.63278432300234
341,0,1.2117,16320.223880597016,139.99089939690103,4.0,4.0,363.17316834751995
342,0,1.3462,16320.223880597016,179.97558406562388,4.0,4.0,259.0436571514941
344,1,1.5342,33765.32602739726,55.00829767212339,5.0,4.0,80.49986207384272
345,1,1.4693,33765.32602739726,129.90699763671424,5.0,4.0,116.0621174525334
346,1,1.4274,33765.32602739726,184.86967770003383,6.0,4.0,78.68885060601986
347,0,1.6902,33765.32602739726,29.951150504987723,6.0,4.0,188.5972179404967
348,0,1.4527,43406.35616438357,34.9062710107837,4.0,4.0,207.26643958691633
349,0,1.6448,43406.35616438357,9.965769212089164,4.0,4.0,221.78987891338755
350,0,1.7067,33765.32602739726,19.992004647795778,4.0,4.0,219.98025413510365
351,0,1.6138,33765.32602739726,10.027372356435142,4.0,4.0,208.64249720241634
352,0,1.7528,33765.32602739726,20.01649096619681,4.0,4.0,197.74105250802737
353,0,1.4915,33765.32602739726,25.002356981701784,4.0,4.0,186.12641888632018
354,0,1.6479,33765.32602739726,34.94377218254352,4.0,4.0,175.95108893783475
355,0,1.3909,33765.32602739726,49.90025051929626,4.0,4.0,167.12740714718305
356,0,1.6006,33765.32602739726,9.999608609217493,4.0,4.0,177.59313410948783
357,0,1.561,33765.32602739726,44.99064714455764,4.0,4.0,200.2698797303159
358,0,1.5492,33765.32602739726,10.040433474717501,4.0,4.0,220.68358724768095
359,0,1.5243,33765.32602739726,64.9776515973347,4.0,4.0,248.38355486449257
360,0,1.8605,33765.32602739726,14.99593498574273,4.0,4.0,273.93229840905923
361,0,1.718,33765.32602739726,5.033969113687937,4.0,4.0,278.18330935799736
362,0,1.4273,33765.32602739726,40.00493042752961,4.0,4.0,285.393779042917
363,0,1.5491,17246.194520547946,39.91839706496591,4.0,4.0,280.3423902107687
364,0,1.2419,17246.194520547946,34.84908326534595,5.0,4.0,426.55812356551377
365,0,1.2158,33765.32602739726,59.95768978858144,5.0,4.0,450.0339136273918
366,0,1.3913,33765.32602739726,35.05914455484809,5.0,4.0,414.42978022806494
368,0,1.6234,33765.32602739726,39.93745869470913,5.0,4.0,377.47021905526094
369,0,1.5566,33765.32602739726,39.86056343044811,5.0,4.0,347.7992481204922
370,0,1.5089,43406.35616438357,59.993641407380636,5.0,4.0,298.06158287282926
371,0,1.4721,43406.35616438357,59.95948726637476,5.0,4.0,235.46295651956453
372,0,1.384,43406.35616438357,34.91698707966824,5.0,4.0,186.74943785959093
373,0,1.6596,33765.32602739726,29.968217784301956,3.0,4.0,236.65326815842522
374,0,1.5396,33765.32602739726,20.00569328588109,3.0,4.0,254.9380273898617
375,0,1.3957,33765.32602739726,45.05341722198308,3.0,4.0,283.7762355099134
376,0,1.6511,33765.32602739726,39.930952563260306,3.0,4.0,319.1873388125896
377,0,1.8375,33765.32602739726,79.33962623145892,3.0,4.0,239.28732030597155
378,0,1.7546,33765.32602739726,123.06428703411564,3.0,4.0,279.48897655823447
379,0,1.3673,28633.194520547942,99.99497859898639,5.0,4.0,418.0521080035268
380,0,1.2792,43406.35616438357,105.01623917957116,5.0,4.0,356.09994600855396
381,0,1.3989,43406.35616438357,30.013273769483188,5.0,4.0,299.88016074827743
382,0,1.4703,43406.35616438357,15.027366898194702,5.0,4.0,283.31280872018965
383,0,1.4137,43406.35616438357,20.02388946657953,5.0,4.0,269.82193751845205
385,0,1.4182,43406.35616438357,29.899755699204338,5.0,4.0,258.74664468588975
386,0,1.3928,43406.35616438357,20.02014482506276,5.0,4.0,262.01664268286584
387,0,1.3751,43406.35616438357,15.031875477047247,5.0,4.0,266.1700078021574
388,0,1.5284,31584.86301369863,20.00354920366422,5.0,4.0,255.575522602924
389,0,1.658,31584.86301369863,9.943440332465524,5.0,4.0,245.50572597164825
391,0,1.4682,31584.86301369863,44.72944754333896,5.0,4.0,241.4084827280318
392,0,1.5285,31584.86301369863,54.76477889328699,5.0,4.0,267.3622236742672
393,0,1.3905,28633.194520547942,104.95589358551125,5.0,4.0,224.64507496262956
394,0,1.6452,28633.194520547942,20.000032579971688,5.0,4.0,253.34212193387106
395,0,1.4925,7964.375342465753,64.73421161486205,5.0,4.0,270.32982082606384
397,0,1.3068,7964.375342465753,34.882302355423235,5.0,4.0,261.1443446140936
398,0,1.2303,7964.375342465753,14.859715287031332,5.0,4.0,278.8058237446724
399,0,1.1943,7964.375342465753,35.00376396254867,5.0,4.0,302.04707048652443
400,0,1.423,7964.375342465753,24.962948450834148,5.0,4.0,334.6745502872528
404,0,1.6975,28633.194520547942,9.979622530051813,4.0,4.0,255.11102564354144
405,0,1.6112,28633.194520547942,79.94240955786475,4.0,4.0,266.26352399367687
406,0,1.6198,7964.375342465753,99.03393892747144,4.0,4.0,301.0196417954139
407,0,1.3192,28633.194520547942,49.68054413999647,3.0,4.0,312.9933822544542
408,0,1.2929,28633.194520547942,34.03019229788679,3.0,4.0,301.38392712479634
414,0,1.6413,19821.895316804406,129.654946644941,6.0,4.0,55.11782622589379
415,0,1.229,19821.895316804406,24.92082710303734,6.0,4.0,130.3523459960833
416,0,1.3138,19821.895316804406,39.9858560206518,6.0,4.0,161.16221678457043
417,0,1.2923,19821.895316804406,99.94570004374658,6.0,4.0,232.04902354387636
418,0,1.3162,34000.18630136986,94.88349264839442,6.0,4.0,274.19952475655475
419,0,1.496,34000.18630136986,30.005456952037246,6.0,4.0,217.47869593363137
420,0,1.3184,34000.18630136986,94.96345901782037,6.0,4.0,167.6293913938814
421,1,1.4856,34000.18630136986,55.05249701149957,6.0,4.0,106.90637572784179
422,1,1.6559,34000.18630136986,14.973480064179302,6.0,4.0,88.3687804328391
423,1,1.4337,34000.18630136986,49.97656690203604,6.0,4.0,84.62540683019479
424,0,1.4366,19783.794520547945,89.44618130965095,3.0,4.0,409.5070737352864
425,0,1.2634,45055.38356164384,99.84121727938232,3.0,4.0,397.7529798186508
426,0,1.2998,45055.38356164384,30.00927559521391,3.0,4.0,397.96106238588845
427,0,1.3513,45055.38356164384,139.93545185049734,3.0,4.0,389.8199149943546
429,0,1.3208,20639.41597796143,49.96731936399483,10.0,4.0,221.56368260465885
430,0,1.3277,20639.41597796143,49.94350784013996,10.0,4.0,180.67231461809308
431,0,1.3054,20639.41597796143,105.01045216620061,10.0,4.0,161.8076277067655
432,0,1.2712,20639.41597796143,104.93767950497596,10.0,4.0,191.5039415517486
434,1,1.3923,20639.41597796143,50.030088872476405,10.0,4.0,179.42052558150982
435,1,1.3457,20639.41597796143,54.97632569421708,10.0,4.0,177.96312211795114
436,1,1.4497,20639.41597796143,69.97561074239668,10.0,4.0,205.5697398297692
437,1,1.6049,20639.41597796143,14.888775057902457,10.0,4.0,230.5523121876346
438,0,1.4405,34000.18630136986,493.6425058453558,4.0,4.0,370.45058902999165
440,1,1.3771,34000.18630136986,119.96895280954594,6.0,4.0,120.27141888666719
441,0,1.3174,34000.18630136986,214.54589879696286,6.0,4.0,252.07717344013125
442,0,1.3354,34000.18630136986,30.00845148302532,6.0,4.0,371.7922524125777
443,0,1.4886,34000.18630136986,69.88672415488044,6.0,4.0,417.7901893151179
444,0,1.4174,22538.05753424657,24.88199929085517,6.0,4.0,386.2869802714543
445,0,1.3394,22538.05753424657,54.92025949579549,6.0,4.0,355.9234828853153
446,0,1.3645,21420.249315068493,404.3047761807585,3.0,4.0,337.5604888461464
447,0,1.4784,19783.794520547945,69.65382420371908,3.0,4.0,393.3358387663539
448,1,1.5387,7928.208219178082,19.974856877285237,4.0,4.0,431.8648627383975
449,1,1.3431,16735.476712328767,89.9007700810005,4.0,4.0,400.52980626011623
450,1,1.1675,16735.476712328767,299.9693577326294,4.0,4.0,233.10134703956555
451,0,1.1812,16735.476712328767,164.87668193772438,4.0,4.0,234.73857997707734
452,0,1.1602,15328.780821917808,409.97670703225987,4.0,4.0,348.01656385712545
453,0,1.2237,15328.780821917808,24.981331120563237,4.0,4.0,191.8795617436811
454,0,1.1655,15328.780821917808,110.07532301547157,4.0,4.0,173.7109905992671
455,1,1.1704,7964.375342465753,524.9444321757493,4.0,4.0,269.29464716054326
456,0,1.2661,7964.375342465753,190.03310711848425,4.0,4.0,125.60773477891017
457,1,1.4329,28633.194520547942,114.59840238042635,4.0,4.0,117.02930684100406
459,1,1.681,33765.32602739726,15.0300463483593,6.0,4.0,103.75629635969193
460,1,1.5629,33765.32602739726,24.935953934507708,6.0,4.0,126.30289907959667
461,0,1.4715,33765.32602739726,10.005670894010095,6.0,4.0,145.0402467094466
462,0,1.5481,33765.32602739726,10.040207289100492,6.0,4.0,159.4795026881416
464,0,1.7905,33765.32602739726,25.00548779940521,6.0,4.0,184.09678645645397
465,0,1.6513,33765.32602739726,34.9675343343512,6.0,4.0,217.88933724303794
467,0,1.673,33765.32602739726,19.97981257831819,6.0,4.0,251.99324625792266
468,0,1.6975,33765.32602739726,10.017147576963726,6.0,4.0,269.61813717841824
470,1,1.3953,43406.35616438357,174.7996927515445,6.0,4.0,178.1162731363499
471,0,1.3417,33765.32602739726,90.02278753903879,6.0,4.0,258.06701587094665
472,0,1.6604,33765.32602739726,39.990796968575836,6.0,4.0,208.55762041650516
473,0,1.5311,33765.32602739726,59.96172499720194,6.0,4.0,142.37941351359854
474,0,1.665,33765.32602739726,44.98942552369822,6.0,4.0,178.17119356522994
475,0,1.5387,33765.32602739726,5.023986318875419,6.0,4.0,197.79190896296893
476,0,1.7118,33765.32602739726,34.992305986956374,6.0,4.0,215.14895497265636
477,0,1.7217,33765.32602739726,44.970215715484315,6.0,4.0,249.53478421408556
478,0,1.649,33765.32602739726,34.9893402075232,6.0,4.0,279.0152495430031
479,0,1.3405,43406.35616438357,104.7774578465093,6.0,4.0,270.45783573561175
480,0,1.4986,43406.35616438357,50.00035223475468,6.0,4.0,321.77230858700085
481,0,1.2816,33765.32602739726,5.057620893465948,6.0,4.0,314.76951672066525
482,0,1.3384,33765.32602739726,35.0974437477104,6.0,4.0,300.15163880061965
483,0,1.5107,33765.32602739726,49.99421468320601,6.0,4.0,277.4950598949886
484,0,1.6477,33765.32602739726,84.99542544616548,6.0,4.0,245.04721550861885
485,0,1.6128,43406.35616438357,79.84572791921696,7.0,4.0,315.2685503966554
486,0,1.4257,33765.32602739726,79.9904251947093,7.0,4.0,358.2159779190112
487,0,1.4739,33765.32602739726,80.01409555941595,7.0,4.0,317.86404345175913
488,0,1.5578,33765.32602739726,64.77585034209515,7.0,4.0,280.3281467696209
489,0,1.6724,33765.32602739726,69.78786645204706,7.0,4.0,292.39373862781423
490,0,1.8458,33765.32602739726,29.958471807834176,7.0,4.0,279.33040010994023
492,0,1.7862,33765.32602739726,29.951828473468886,7.0,4.0,273.93087854315706
493,0,1.4878,43406.35616438357,59.92978016876512,8.0,4.0,212.55245409139104
494,0,1.5968,43406.35616438357,44.98952853307879,8.0,4.0,233.52327197407922
495,0,1.8095,43406.35616438357,40.05825293715084,8.0,4.0,256.96558334992704
496,0,1.6323,43406.35616438357,40.009627775400354,8.0,4.0,286.612829617614
497,0,1.582,43406.35616438357,14.978931506511076,8.0,4.0,310.1071405283232
498,0,1.5695,43406.35616438357,25.023994613065575,8.0,4.0,326.16422313959464
499,0,1.682,13836.471232876713,83.48137024261672,8.0,4.0,373.08090904282295
500,0,1.5171,13836.471232876713,24.92325517988911,8.0,4.0,336.1903239329247
501,0,1.4586,13836.471232876713,25.0471637526952,8.0,4.0,328.8677867573549
502,0,1.7466,13836.471232876713,59.64672648073107,8.0,4.0,309.12972482795476
503,0,1.5576,43406.35616438357,98.96778172769382,2.0,4.0,368.3464773441386
504,0,1.4465,43406.35616438357,54.1693757277563,2.0,4.0,340.571985365963
505,0,1.2645,43406.35616438357,59.90903221589683,2.0,4.0,282.10287818669235
506,0,1.3769,9002.78904109589,34.9809637403735,10.0,4.0,42.205447175825576
507,0,1.4602,9002.78904109589,40.00332305554006,10.0,4.0,71.3388883585807
509,0,1.4403,9002.78904109589,40.003359909463896,10.0,4.0,108.99521826814998
510,0,1.4266,9002.78904109589,40.003398587750304,10.0,4.0,150.6965305365315
511,0,1.365,13536.224657534249,34.991720980700336,10.0,4.0,161.4901366382189
512,0,1.4788,13536.224657534249,40.0547299441191,10.0,4.0,147.10507427516455
513,0,1.4198,13536.224657534249,30.041373422940104,10.0,4.0,143.75988177597657
514,0,1.5257,31584.86301369863,302.1989439186804,3.0,4.0,320.19303183610236
516,0,1.4616,31584.86301369863,69.93029388699514,5.0,4.0,200.50793073172647
517,0,1.5486,43406.35616438357,550.5043305003319,5.0,4.0,420.60253506489755
519,0,1.2731,28633.194520547942,24.72724442264801,4.0,4.0,365.3757984878499
522,0,1.807,28633.194520547942,29.933168518740406,4.0,4.0,262.49196299362444
524,0,1.1968,9002.78904109589,89.93429548046629,10.0,4.0,175.35263644114607
525,0,1.272,30720.39726027397,180.01349948135936,10.0,4.0,213.88306530210718
526,0,1.4349,31584.86301369863,124.7137686354595,6.0,4.0,319.89809552093055
527,0,1.3384,17097.982578397212,229.79637458066813,6.0,4.0,284.3476225782761
528,0,1.3152,22671.331506849318,139.04986970261322,3.0,4.0,497.9660605924153
529,0,1.3217,22671.331506849318,114.96141211677673,3.0,4.0,446.654119716733
531,0,1.254,43406.35616438357,293.4543310664499,6.0,4.0,292.97336205414933
532,0,1.3491,13536.224657534249,120.05128522597006,10.0,4.0,59.19824870873686
533,1,1.2402,30720.39726027397,279.95291697521367,10.0,4.0,236.20556587700395
534,1,1.383,30720.39726027397,84.97401979880114,10.0,4.0,51.17657470902202
536,1,1.295,33608.82739726028,329.9928527024296,10.0,4.0,120.99393824707823
537,0,1.4298,43406.35616438357,19.95683910986717,4.0,4.0,279.21888948829104
538,0,1.4655,43406.35616438357,184.87872833446184,4.0,4.0,348.8247810222901
539,0,1.6871,43406.35616438357,24.990906416096138,4.0,4.0,427.4242449640634
540,1,1.3492,12525.819178082193,40.020875677983156,10.0,4.0,125.13715744129662
541,0,1.3358,12525.819178082193,44.97340274918266,10.0,4.0,129.72113926399965
542,0,1.4444,12525.819178082193,44.99025706871154,10.0,4.0,149.02696926984555
543,0,1.407,12525.819178082193,40.03562977899532,10.0,4.0,178.27372701090172
544,0,1.5157,13542.315068493152,40.04671552728832,10.0,4.0,156.83355519550304
545,0,1.3967,13542.315068493152,40.05902875544531,10.0,4.0,143.76135720677928
546,0,1.5412,13542.315068493152,24.965825346046593,10.0,4.0,141.18611211343202
547,0,1.3673,22538.05753424657,119.92035739397323,8.0,4.0,70.019098105585
548,0,1.4517,22538.05753424657,24.932256341464836,8.0,4.0,115.50856462917604
549,0,1.4139,22538.05753424657,45.01592142423041,8.0,4.0,57.28296188538663
550,0,1.3967,22538.05753424657,194.31989728780252,8.0,4.0,115.7615050891438
552,1,1.2597,43406.35616438357,328.44032914087603,6.0,4.0,220.52656439287298
553,0,1.4382,13836.471232876713,99.53679500713153,6.0,4.0,359.5707396912772
554,0,1.5941,13836.471232876713,54.88324456471615,6.0,4.0,295.51651652637815
555,0,1.9266,22671.331506849318,19.67558257221954,3.0,4.0,215.34571341703304
556,0,1.6288,12525.819178082193,59.869311653540024,3.0,4.0,226.4008774348262
557,0,1.4855,12525.819178082193,64.98292512768488,3.0,4.0,268.92923631697397
558,0,1.6809,12525.819178082193,14.979294598516788,3.0,4.0,304.567772535186
559,0,1.262,12525.819178082193,473.5898123234788,3.0,4.0,442.19845966621443
560,0,1.3143,16735.476712328767,69.97529262580743,3.0,4.0,270.77083107724417
561,0,1.2364,16735.476712328767,49.94569484456727,3.0,4.0,325.62950123817643
562,0,1.2755,16735.476712328767,64.51359615432072,3.0,4.0,375.1264664451369
568,1,1.2545,40245.56438356164,219.7667437834172,8.0,4.0,196.29551514512028
569,0,1.3691,9002.78904109589,109.71900789011946,8.0,4.0,68.8143623206593
570,0,1.3129,13836.471232876713,159.67766805271614,3.0,4.0,234.52788832321164
573,0,1.4811,22671.331506849318,49.95752296196631,3.0,4.0,289.78302544923963
574,0,1.3095,22671.331506849318,159.37808127829024,3.0,4.0,389.96698955080205
576,0,1.3001,13836.471232876713,159.8499377498499,3.0,4.0,156.12268036903146
577,0,1.3759,19821.895316804406,244.02224338927482,3.0,4.0,253.01927965980354
579,0,1.572,43406.35616438357,144.8163478778823,4.0,4.0,406.05868026616037
580,1,1.2803,33608.82739726028,269.9847495533141,8.0,4.0,107.78821387054909
582,0,1.1866,22538.05753424657,184.99802357304614,10.0,4.0,207.87716873257753
583,0,1.1828,22538.05753424657,199.87986356606336,10.0,4.0,249.02092535740672
584,0,1.1859,22538.05753424657,119.96833093974053,10.0,4.0,259.82258351056663
585,1,1.4768,30720.39726027397,40.028207628357436,8.0,4.0,97.66177325671089
586,1,1.2264,30720.39726027397,145.03510680337712,8.0,4.0,159.11622908388435
587,0,1.3638,33608.82739726028,89.99322028780281,8.0,4.0,149.96351918852804
588,0,1.2551,22671.331506849318,194.52909275901447,4.0,4.0,352.4457170840059
589,1,1.5384,43406.35616438357,79.95677957594556,6.0,4.0,98.3265173232854
590,1,1.7108,43406.35616438357,20.022874666497092,6.0,4.0,56.095629309023266
591,1,1.4879,43406.35616438357,39.996334141251594,6.0,4.0,44.39535817918808
592,1,1.3818,43406.35616438357,139.92613936052425,6.0,4.0,99.86358190001842
593,1,1.5881,31584.86301369863,39.95832625000874,6.0,4.0,99.44210826408103
594,1,1.2544,13536.224657534249,324.100877580363,8.0,4.0,231.99593319568424
595,0,1.3306,19783.794520547945,149.95058380415543,8.0,4.0,72.35580093803831
596,0,1.3308,19783.794520547945,40.02421277405709,8.0,4.0,136.84754050542918
597,0,1.375,19783.794520547945,188.5125972783552,8.0,4.0,110.12662970279361
598,0,1.1802,19783.794520547945,34.94504274513647,8.0,4.0,76.30492312095258
599,0,1.5927,31584.86301369863,39.976846960833036,5.0,4.0,220.80595073400227
600,0,1.5273,31584.86301369863,10.062102005552138,5.0,4.0,193.79198039891213
601,1,1.5532,31584.86301369863,64.94884258547103,5.0,4.0,156.17997050419763
602,0,1.432,33321.14246575342,59.92642557769605,12.0,4.0,116.90234799028065
603,0,1.3975,33321.14246575342,54.97970739530856,12.0,4.0,143.64453584667316
604,0,1.2011,33321.14246575342,54.95890639208649,12.0,4.0,185.65835435002674
605,0,1.2426,33321.14246575342,208.13264754968512,12.0,4.0,232.5559658607885
606,1,1.2669,33321.14246575342,115.03282074947616,12.0,4.0,122.57006898198887
607,1,1.3034,33321.14246575342,59.991272334441945,12.0,4.0,31.65417042000215
608,0,1.2457,43406.35616438357,69.9788555457442,6.0,4.0,175.00493166362352
609,0,1.3326,43406.35616438357,24.973572300809046,6.0,4.0,140.20157865130275
610,0,1.3533,43406.35616438357,40.02168241723981,6.0,4.0,122.91232550390772
611,1,1.4755,43406.35616438357,149.93010625713958,6.0,4.0,155.90121522204657
612,1,1.5375,31584.86301369863,44.983923696589265,6.0,4.0,113.89196374950593
614,0,1.5958,31584.86301369863,39.695328545062715,3.0,4.0,327.6419746420059
615,0,1.497,31584.86301369863,119.7673669803202,3.0,4.0,393.01535651321115
616,0,1.4712,17097.982578397212,24.99008455599338,3.0,4.0,372.05476216105706
617,0,1.3705,17097.982578397212,59.858114134217445,3.0,4.0,362.2014849951237
618,0,1.5397,17097.982578397212,258.13655009006465,3.0,4.0,472.8085848118433
620,0,1.2793,17097.982578397212,134.85841111253902,3.0,4.0,451.879090252484
621,0,1.2322,17097.982578397212,35.07900308020827,3.0,4.0,367.5764163566602
622,0,1.3978,22671.331506849318,65.02071361472109,6.0,4.0,204.04080639040436
623,0,1.3777,22671.331506849318,54.985373071535456,6.0,4.0,238.91155327991223
624,0,1.2193,22671.331506849318,59.97142735275723,6.0,4.0,250.3260964281835
625,0,1.211,22671.331506849318,54.8641541161715,6.0,4.0,271.3902856408641
626,0,1.1537,22671.331506849318,4.946519749310037,6.0,4.0,260.14397997974544
627,0,1.3194,22671.331506849318,89.87365421620461,6.0,4.0,258.57432556678737
628,0,1.3093,22671.331506849318,234.63293481573854,6.0,4.0,399.3236116466138
642,1,1.5303,43406.35616438357,70.02687486208582,6.0,4.0,44.26196549517267
643,1,1.5789,43406.35616438357,94.94429184019934,6.0,4.0,102.05634243907492
645,0,1.6562,19821.895316804406,45.03564456503702,8.0,4.0,69.63304357531855
646,0,1.5336,19821.895316804406,24.95569374126838,8.0,4.0,99.52430453738424
647,0,1.6983,19821.895316804406,14.963791249519701,8.0,4.0,118.2401872395003
648,0,1.7182,19821.895316804406,9.97585355213006,8.0,4.0,132.4118717338872
649,0,1.7824,19821.895316804406,4.987924819466927,8.0,4.0,140.22100186170871
650,1,1.3179,31584.86301369863,59.99688710670458,8.0,4.0,85.0400567377553
651,1,1.4052,43406.35616438357,149.98955117533808,8.0,4.0,129.1199033976169
653,0,1.1805,16735.476712328767,124.99807315314743,9.0,4.0,135.4349609691115
654,0,1.1847,16735.476712328767,90.0470915592006,9.0,4.0,231.90868223399016
655,0,1.2111,11876.054794520547,29.914527676686916,9.0,4.0,277.20993321851455
656,0,1.1825,11876.054794520547,95.05445941345009,9.0,4.0,316.4757409489407
657,0,1.1686,11876.054794520547,314.66322887335053,9.0,4.0,497.14527793553526
666,0,1.1626,15328.780821917808,204.96616029016437,15.0,4.0,390.238398447294
667,0,1.4318,16735.476712328767,278.4648394038633,2.0,4.0,251.2360096917587
668,0,1.6898,16735.476712328767,124.6695989922306,2.0,4.0,372.5374304826213
669,0,1.733,16735.476712328767,4.889835152446878,2.0,4.0,365.8860384945208
678,1,1.4402,20639.41597796143,169.6436040212582,4.0,4.0,322.1670321690779
679,0,1.426,20639.41597796143,299.3739655803771,4.0,4.0,472.0032414820788
680,0,1.2374,15328.780821917808,99.98005175419996,8.0,4.0,310.83429213806477
681,0,1.2716,15328.780821917808,39.928342135951084,8.0,4.0,336.5011498699121
682,0,1.3546,15328.780821917808,25.008996128264233,8.0,4.0,354.74159600166973
683,0,1.1775,15328.780821917808,9.947538117727571,8.0,4.0,369.11688577717473
684,0,1.3273,7964.375342465753,79.87371095143043,10.0,4.0,316.064845636292
685,0,1.3788,15328.780821917808,64.90461207571134,10.0,4.0,351.04348253927145
687,0,1.2551,11876.054794520547,129.58136107527335,3.0,4.0,177.0757342690077
688,0,1.3404,11876.054794520547,34.93205363876562,3.0,4.0,109.29396330551512
689,0,1.2352,11876.054794520547,104.79350880728369,3.0,4.0,122.53872553368579
690,0,1.3197,11876.054794520547,34.51377731753657,3.0,4.0,147.67502021892358
691,0,1.4071,11876.054794520547,134.45420357762353,3.0,4.0,213.90184880188997
692,0,1.3956,11876.054794520547,44.92310129711748,3.0,4.0,274.81173018648303
693,0,1.35,11876.054794520547,74.65618056445132,3.0,4.0,293.6278015434135
694,0,1.5625,11876.054794520547,29.914556551550582,3.0,4.0,321.81345928388714
695,0,1.354,15328.780821917808,94.77594776315019,3.0,4.0,471.71173476744855
699,0,1.5979,15328.780821917808,104.91750208676368,6.0,4.0,492.05325120253417
700,0,1.4484,15328.780821917808,65.08864220538669,6.0,4.0,460.9018634696799
701,0,1.6527,15328.780821917808,34.99894505549611,6.0,4.0,411.4297565553779
702,1,1.4133,7928.208219178082,204.927481642928,2.0,4.0,486.7777626723521
704,0,1.1547,7964.375342465753,34.56155596760006,2.0,4.0,188.82477796089807
705,0,1.5066,7964.375342465753,34.727670489958065,2.0,4.0,161.90013966649425
706,0,1.1574,7964.375342465753,20.007657640989777,2.0,4.0,132.8229846178328
707,0,1.3927,7964.375342465753,64.38816254787703,2.0,4.0,100.01457121907755
708,1,1.4502,15328.780821917808,224.62009026292537,3.0,4.0,436.66218585129354
709,0,1.4789,7964.375342465753,44.973136706921416,3.0,4.0,428.60478925665336
710,0,1.3143,31584.86301369863,20.00846982613937,3.0,4.0,432.0325502805985
712,1,1.3116,7964.375342465753,163.98308512610424,10.0,4.0,295.6200630389268
715,0,1.15,15328.780821917808,24.728559853430767,10.0,4.0,236.01820551385933
716,0,1.4288,7964.375342465753,109.36659145692754,3.0,4.0,51.37327062431163
717,0,1.4104,7964.375342465753,15.047768779567283,3.0,4.0,102.35108506669525
718,0,1.3937,7964.375342465753,14.979607035938134,3.0,4.0,117.75821715974946
719,0,1.3385,7964.375342465753,10.006249554626015,3.0,4.0,132.12465694292447
720,0,1.2801,7964.375342465753,29.926814126540183,3.0,4.0,156.0983319566021
721,0,1.2845,7964.375342465753,19.95736868533928,3.0,4.0,183.208972767215
722,0,1.2739,7964.375342465753,85.03558356683024,3.0,4.0,236.2457423895642
723,0,1.2205,12525.819178082193,64.9554854622947,5.0,4.0,60.06498662794373
724,0,1.3951,12525.819178082193,34.75386223127509,5.0,4.0,110.69066800085956
725,0,1.2844,12525.819178082193,39.69271554730359,5.0,4.0,136.86269705536964
726,0,1.4658,12525.819178082193,34.748267235939615,5.0,4.0,152.77190687073914
727,0,1.6184,12525.819178082193,4.872263355829767,5.0,4.0,170.1496732858823
728,0,1.5306,13542.315068493152,154.47579250719522,5.0,4.0,198.34809497705987
730,0,1.3407,13542.315068493152,35.02678285309157,5.0,4.0,221.7812538435408
731,0,1.2867,30720.39726027397,90.01895345036856,15.0,4.0,198.2863881372078
732,0,1.2601,30720.39726027397,85.00736613527162,15.0,4.0,220.42921723138338
733,0,1.3286,9002.78904109589,40.0064310406959,15.0,4.0,215.3013419843136
735,1,1.8035,7964.375342465753,64.69656514325003,3.0,4.0,213.31874929997855
737,0,1.5722,15328.780821917808,40.069771249616466,8.0,4.0,495.89998221137665
740,0,1.4009,15328.780821917808,154.4948212517811,10.0,4.0,433.4026004263643
741,0,1.5603,15328.780821917808,40.06318859553654,10.0,4.0,483.10200109654363
742,0,1.372,15328.780821917808,39.98380015596268,10.0,4.0,499.4816779864953
750,0,1.588,15328.780821917808,74.98103849619982,10.0,4.0,458.5070929484987
751,0,1.4082,15328.780821917808,69.86952777930492,10.0,4.0,416.42026967434674
752,0,1.5469,15328.780821917808,39.98915389272388,10.0,4.0,385.7733457058136
753,0,1.387,15328.780821917808,99.94871601947804,8.0,4.0,427.90007558374754
754,0,1.4109,15328.780821917808,69.92632003456022,8.0,4.0,343.76787781946473
762,0,1.5175,15328.780821917808,54.84799773367434,3.0,4.0,386.5061812142525
763,0,1.5355,15328.780821917808,114.57959487176167,3.0,4.0,406.74424239312737
764,0,1.4978,15328.780821917808,114.21302046854049,3.0,4.0,479.37293762815113
769,1,1.2838,40245.56438356164,978.3276845960615,4.0,4.0,350.2116551865594
770,0,1.1799,16735.476712328767,9.9967634044908,5.0,4.0,477.59102399734934
776,1,1.4997,17246.194520547946,75.04539992622801,5.0,4.0,148.77107453944896
777,1,1.5712,17246.194520547946,24.9888960925803,5.0,4.0,166.62771585743403
778,0,1.4721,17246.194520547946,29.990071252082945,5.0,4.0,184.65100601211418
779,0,1.7586,17246.194520547946,15.005460218896477,5.0,4.0,201.62947344284066
780,0,1.8043,17246.194520547946,15.0707975926468,5.0,4.0,214.57995135695356
781,1,1.5374,37106.39178082192,49.937239594554015,7.0,4.0,103.90098282864275
782,1,1.6792,37106.39178082192,30.000331928286585,7.0,4.0,109.47590299823452
783,1,1.7671,37106.39178082192,24.932301821891972,7.0,4.0,120.90511573056064
784,1,1.6446,37106.39178082192,29.931558585511763,7.0,4.0,140.47687657848235
785,0,1.4865,37106.39178082192,20.062362847599275,7.0,4.0,161.73933634940522
786,0,1.3986,37106.39178082192,74.89760190758791,7.0,4.0,203.71699431722905
788,1,1.4425,37106.39178082192,39.940451314916096,12.0,4.0,176.20654310941873
789,1,1.421,37106.39178082192,10.018556135415059,12.0,4.0,172.50619352445315
790,1,1.6405,37106.39178082192,20.059760661516627,12.0,4.0,172.14312521152854
791,0,1.6028,37106.39178082192,25.0647829857194,12.0,4.0,175.17036934789482
792,0,1.6677,37106.39178082192,24.970414856757078,12.0,4.0,183.0025053173374
793,0,1.5936,37106.39178082192,25.016222900865166,12.0,4.0,194.87321079899368
794,0,1.4392,37106.39178082192,74.99152344106042,12.0,4.0,227.69628881283253
796,0,1.3997,17246.194520547946,44.95278794079531,12.0,4.0,216.15238532772048
797,1,1.7506,37106.39178082192,64.80404298171398,4.0,4.0,118.50332918262981
798,1,1.7222,37106.39178082192,29.975701050157227,4.0,4.0,140.81942813780208
799,0,1.6236,37106.39178082192,64.91344707373257,4.0,4.0,175.9335275109514
800,0,1.7362,37106.39178082192,65.0183640458179,4.0,4.0,230.92993346955558
801,0,1.5419,37106.39178082192,79.93581949844507,4.0,4.0,300.3342519080399
802,1,1.4261,37106.39178082192,99.90823416959643,8.0,4.0,95.24110252036598
803,1,1.5859,37106.39178082192,64.96613882931253,8.0,4.0,158.31087218144586
804,0,1.6256,37106.39178082192,64.93678046192267,8.0,4.0,219.38433243033046
805,0,1.6671,37106.39178082192,70.01551658828261,8.0,4.0,287.90437742442145
806,0,1.6176,37106.39178082192,39.797154474552656,8.0,4.0,338.8211654183041
807,1,1.6237,37106.39178082192,99.80742165181299,5.0,4.0,70.34334290261144
808,1,1.7141,37106.39178082192,64.98501403506008,5.0,4.0,145.28926045010738
809,0,1.7603,37106.39178082192,69.97536981566331,5.0,4.0,213.02082651330622
810,0,1.6461,37106.39178082192,65.03190910495898,5.0,4.0,279.3614807747422
811,0,1.7019,37106.39178082192,79.91222814253342,5.0,4.0,353.75015522121515
812,1,1.4373,37106.39178082192,89.65850057518094,8.0,4.0,60.344204992432175
813,1,1.5676,37106.39178082192,29.976463596094987,8.0,4.0,120.82060455029247
814,1,1.7451,37106.39178082192,34.92875465629892,8.0,4.0,154.09673957367534
815,0,1.6673,37106.39178082192,29.995127561361635,8.0,4.0,188.148493881358
816,0,1.5825,37106.39178082192,35.03649101086548,8.0,4.0,222.00306439442767
817,0,1.4926,37106.39178082192,64.96866994085636,8.0,4.0,275.2867865805773
818,0,1.5597,37106.39178082192,54.77361046575319,8.0,4.0,335.63193318317394
820,1,1.4371,37106.39178082192,64.8941379664104,6.0,4.0,117.15592781493591
821,1,1.5366,37106.39178082192,35.01030911162469,6.0,4.0,154.90263428055314
822,1,1.9855,37106.39178082192,35.005834886997164,6.0,4.0,185.40145089632773
823,0,1.5374,37106.39178082192,30.035037489293224,6.0,4.0,217.71252695212615
824,1,1.7045,37106.39178082192,34.984009946093494,6.0,4.0,250.3820167092364
825,1,1.5207,37106.39178082192,45.0094518051521,6.0,4.0,288.34978137170197
827,1,1.7044,37106.39178082192,20.00758393901738,6.0,4.0,325.81892498514935
828,1,1.5138,37106.39178082192,74.87519163037899,8.0,4.0,204.0837974308691
830,0,1.5493,37106.39178082192,35.0399120027501,8.0,4.0,246.25989435136998
831,0,1.6014,37106.39178082192,15.073926664389543,8.0,4.0,266.5340322666146
832,0,1.7602,37106.39178082192,9.942350293234975,8.0,4.0,277.29285374555155
834,0,1.6501,37106.39178082192,19.949271903027608,8.0,4.0,297.5656734719954
836,0,1.5117,37106.39178082192,20.03711757369713,8.0,4.0,320.1990238756865
837,0,1.6349,16320.223880597016,15.096601453661798,8.0,4.0,335.3241518116434
838,0,1.7898,16320.223880597016,45.00608508106366,8.0,4.0,309.79600503148873
839,1,1.4644,37106.39178082192,29.944736940663265,7.0,4.0,322.0085696429262
840,1,1.5065,37106.39178082192,40.025118519347075,7.0,4.0,328.66804712269004
841,1,1.507,37106.39178082192,64.4748168921769,7.0,4.0,353.76227858813013
842,0,1.8051,37106.39178082192,64.99516009050538,8.0,4.0,257.79071974416325
843,1,1.5211,37106.39178082192,109.94153486958956,8.0,4.0,329.99263835976683
844,1,1.5277,37106.39178082192,44.8440093812246,6.0,4.0,118.67979111494975
845,1,1.5245,37106.39178082192,45.014783056840784,6.0,4.0,149.35858367647577
846,1,1.7503,37106.39178082192,44.95419304466518,6.0,4.0,189.27315574399742
848,0,1.6155,37106.39178082192,24.99497463537382,6.0,4.0,221.73309009070627
849,0,1.9376,37106.39178082192,20.01564759956613,6.0,4.0,245.0388640693627
850,0,1.7614,37106.39178082192,5.056122763770195,6.0,4.0,258.40266214165626
851,0,1.7404,37106.39178082192,20.050168207460306,6.0,4.0,272.20542009471757
852,0,1.5037,37106.39178082192,20.02790027446148,6.0,4.0,291.6533109155186
853,0,1.5999,16320.223880597016,19.940239605472094,6.0,4.0,302.2753512356051
854,0,1.5437,16320.223880597016,39.96546286080685,6.0,4.0,274.27884596835975
855,0,1.4039,16320.223880597016,50.02813559748101,6.0,4.0,255.51550872253554
856,0,1.2367,37106.39178082192,9.932583229730666,6.0,4.0,285.6818774126953
857,0,1.3579,37106.39178082192,118.39312219110177,6.0,4.0,241.45708432764243
858,0,1.6964,16320.223880597016,24.821649089367398,8.0,4.0,300.03195024966675
859,0,1.7098,16320.223880597016,24.978387139657613,8.0,4.0,282.32340389833945
860,0,1.418,16320.223880597016,4.953416638713154,8.0,4.0,271.5700886918743
861,0,1.634,16320.223880597016,19.97066663034152,8.0,4.0,263.37765417689985
865,0,1.5212,16320.223880597016,14.996783670093235,8.0,4.0,246.11056359595227
867,0,1.5683,16320.223880597016,44.943951438761175,8.0,4.0,235.3547907142109
869,0,1.7173,16320.223880597016,15.011803620151474,8.0,4.0,230.49759573571066
870,1,1.3333,33765.32602739726,35.03727167925911,6.0,4.0,128.32565114026104
871,1,1.4826,33765.32602739726,24.92505035585944,6.0,4.0,136.3396402976986
872,1,1.7153,33765.32602739726,15.057170869525912,6.0,4.0,147.12884998330404
873,1,1.5272,33765.32602739726,30.054270790842942,6.0,4.0,162.56164404647453
874,1,1.5587,33765.32602739726,25.042052962036355,6.0,4.0,183.6803605431845
875,0,1.5038,33765.32602739726,39.91961157789882,6.0,4.0,209.45876741447725
876,0,1.5681,33765.32602739726,30.013009640639563,6.0,4.0,230.92161513951922
877,0,1.5637,33765.32602739726,74.44363198819086,6.0,4.0,266.75105536983455
878,0,1.5967,33765.32602739726,25.03892786348507,6.0,4.0,193.57563273629046
879,0,1.6054,33765.32602739726,14.993011762325933,6.0,4.0,197.15876407686216
880,0,1.6982,33765.32602739726,34.82919444284549,6.0,4.0,209.04689591257176
881,0,1.544,33765.32602739726,79.89185604991876,6.0,4.0,243.75920668116225
882,1,1.3488,33765.32602739726,84.80506386363255,6.0,4.0,214.20640652100644
883,0,1.5505,33765.32602739726,29.8961445676886,6.0,4.0,262.7015866962028
884,0,1.4511,19821.895316804406,184.8476236915459,6.0,4.0,325.2638726333642
885,1,1.5247,37106.39178082192,44.932368931428705,5.0,4.0,209.60400061895902
886,1,1.4181,37106.39178082192,9.934415887762952,5.0,4.0,217.447785201364
887,1,1.5573,37106.39178082192,39.995880446851196,5.0,4.0,228.59990126631595
888,1,1.5452,37106.39178082192,5.014443732682166,5.0,4.0,242.1169249084004
889,0,1.6964,37106.39178082192,19.95236373223659,5.0,4.0,251.3341611265147
890,0,1.3505,37106.39178082192,149.94548828254878,5.0,4.0,301.87042733754885
891,0,1.3995,19821.895316804406,94.61697789199248,5.0,4.0,332.93379243172797
892,0,1.5907,19821.895316804406,25.008775085296215,5.0,4.0,313.46352097958913
893,0,1.4265,19821.895316804406,15.057874147967672,5.0,4.0,309.5605849826642
894,0,1.3811,19821.895316804406,19.975817932067976,5.0,4.0,307.6073353893157
895,0,1.3541,19821.895316804406,94.87649504834322,5.0,4.0,317.5224561659725
898,0,1.3664,37106.39178082192,69.93342588793932,2.0,4.0,217.55482037917278
899,0,1.3346,37106.39178082192,92.89169825889786,2.0,4.0,154.75363436111223
900,1,1.4292,33765.32602739726,60.00171395276821,6.0,4.0,93.15227374235074
901,1,1.4104,33765.32602739726,45.02277806500574,6.0,4.0,125.55843518747662
902,1,1.3699,33765.32602739726,54.98375596654384,6.0,4.0,169.4149419377415
903,1,1.4172,33765.32602739726,59.99594375121873,6.0,4.0,227.9600341119027
904,1,1.4967,37106.39178082192,44.977777054891526,6.0,4.0,224.0788199970273
905,0,1.3087,37106.39178082192,29.991342532371597,6.0,4.0,195.28457257929742
906,0,1.3326,37106.39178082192,19.984930680483682,6.0,4.0,174.50882235689244
907,0,1.3939,37106.39178082192,35.02386450381882,6.0,4.0,152.70852213841056
908,1,1.37,37106.39178082192,54.981405117750064,6.0,4.0,119.35415952517222
909,1,1.4932,37106.39178082192,14.99447041251794,6.0,4.0,103.57464151492262
910,1,1.4964,37106.39178082192,45.02791969165349,6.0,4.0,98.11762931242399
912,1,1.7832,37106.39178082192,108.95991208164268,4.0,4.0,74.08619839291221
913,1,1.7876,37106.39178082192,49.67140513240309,4.0,4.0,75.06039483615085
914,1,1.6783,37106.39178082192,84.7005664614172,6.0,4.0,125.54243486046204
915,1,1.7793,37106.39178082192,19.9579583844278,6.0,4.0,173.99285710579213
916,1,1.6936,37106.39178082192,35.00639033593753,6.0,4.0,202.03456616896517
917,1,1.8479,33765.32602739726,114.95039148432602,3.0,4.0,185.52109247906816
918,1,1.4379,17246.194520547946,5.033927576024156,7.0,4.0,72.52285660530202
919,1,1.489,17246.194520547946,110.01243789297024,7.0,4.0,78.73273509696844
920,0,1.5517,17246.194520547946,20.016949107808085,7.0,4.0,118.67210317163256
922,0,1.4439,17246.194520547946,54.97811673240981,7.0,4.0,153.99732388334564
923,0,1.4853,17246.194520547946,35.0252328490107,7.0,4.0,196.92021900397722
924,0,1.6063,17246.194520547946,9.995710362368829,6.0,4.0,132.034834725293
925,0,2.081,17246.194520547946,9.83139401037067,6.0,4.0,134.395530096869
926,0,1.7791,17246.194520547946,24.962151127964454,6.0,4.0,130.0247639527368
927,0,1.7209,17246.194520547946,29.98304909521373,6.0,4.0,126.99649291690822
928,0,1.5183,17246.194520547946,35.0150133806967,6.0,4.0,127.1949188805719
929,0,1.4361,17246.194520547946,54.8157372416016,6.0,4.0,134.9411560698914
930,1,1.4271,17246.194520547946,29.66925467787731,3.0,4.0,154.42280221220653
931,1,1.4872,17246.194520547946,29.980504982907078,3.0,4.0,153.20713464036984
932,1,1.3364,17246.194520547946,24.37742183600323,3.0,4.0,157.3102579527638
933,0,1.6449,17246.194520547946,29.78394633046801,3.0,4.0,164.31591192227648
934,0,1.5867,17246.194520547946,9.952461705011102,3.0,4.0,174.07922874899415
935,0,1.4754,17246.194520547946,54.946244208196674,3.0,4.0,190.2064009729908
936,0,1.8415,17246.194520547946,24.975084135292576,3.0,4.0,210.91279613432815
937,0,1.9072,17246.194520547946,5.014442254373563,3.0,4.0,218.34150998385223
938,0,1.7427,17246.194520547946,14.882272877865137,3.0,4.0,223.05043289405688
940,0,1.5726,17246.194520547946,39.98823155802385,3.0,4.0,245.11850153840336
941,1,1.7449,37106.39178082192,134.71005486025535,4.0,4.0,118.87481200169105
943,0,1.9131,37106.39178082192,29.73998738657707,4.0,4.0,210.71650410593364
945,0,1.6581,17246.194520547946,24.89088992213885,4.0,4.0,238.08850519503102
946,0,1.6359,17246.194520547946,34.93491671081688,4.0,4.0,237.99079091556865
947,0,1.7939,17246.194520547946,14.941797243137964,4.0,4.0,242.22619457546247
948,0,1.7701,17246.194520547946,59.427282883844896,4.0,4.0,233.8953583879182
949,0,1.6092,17246.194520547946,60.01291151992107,4.0,4.0,179.1863871306181
950,0,1.7572,17246.194520547946,29.9299691483789,4.0,4.0,142.64596480978736
951,1,1.5802,33765.32602739726,44.96444053000998,6.0,4.0,59.935646728331356
952,1,1.506,33765.32602739726,49.97633057616049,6.0,4.0,106.49494683693648
953,1,1.6343,33765.32602739726,29.956806461770796,6.0,4.0,145.58656859132927
954,1,1.6077,33765.32602739726,14.979124227433731,6.0,4.0,171.35056794910474
955,1,1.3748,33765.32602739726,80.00253063899113,6.0,4.0,221.1298847618488
956,1,1.6004,37106.39178082192,9.968089208058565,6.0,4.0,203.63394131345993
957,1,1.4883,37106.39178082192,50.01060201272581,6.0,4.0,173.50878001541327
958,1,1.6222,37106.39178082192,104.61367900580967,6.0,4.0,102.89771407844455
959,1,1.664,33765.32602739726,54.980791186757486,5.0,4.0,126.8809816748607
960,1,1.7725,33765.32602739726,34.99927932015524,5.0,4.0,134.17104933655418
961,0,1.5042,33765.32602739726,5.015124951395668,5.0,4.0,141.95860762471108
962,0,1.6973,33765.32602739726,69.79217899676154,5.0,4.0,140.41686694220934
963,0,1.7022,33765.32602739726,166.375651028879,3.0,4.0,180.04597686075147
965,0,1.7377,33765.32602739726,149.07645874891054,1.0,4.0,247.20522686088268
966,0,1.7275,33765.32602739726,25.005866998097883,4.0,4.0,222.28808659004662
967,0,1.9005,33765.32602739726,49.850578696799914,4.0,4.0,208.8184179714906
968,0,1.4167,33765.32602739726,45.02650049938975,4.0,4.0,175.43776626002997
969,0,1.5645,33765.32602739726,29.982354239390936,4.0,4.0,142.3650305766853
970,1,1.723,33765.32602739726,44.954766334439746,4.0,4.0,102.98613784671853
971,0,1.6137,33765.32602739726,29.48911622903534,7.0,4.0,277.7770828971825
972,0,1.5299,33765.32602739726,24.982026726629165,7.0,4.0,291.7587251548305
974,0,1.3933,33765.32602739726,29.954368151954032,7.0,4.0,307.2518092152852
975,0,1.386,33765.32602739726,54.935527347879315,7.0,4.0,333.64274794791703
977,0,1.6787,43406.35616438357,24.978400196992858,4.0,4.0,439.97892004700736
978,0,1.3625,12043.954385964911,99.54345004072783,4.0,4.0,458.1885275271638
980,1,1.6701,12043.954385964911,139.78483545829178,4.0,4.0,210.77473307873595
981,1,1.6894,32777.45479452055,54.95217507273298,4.0,4.0,200.22177306908202
982,1,1.5068,32777.45479452055,134.51988839039575,4.0,4.0,140.18601670943877
983,1,1.5383,12043.954385964911,250.01176373627686,4.0,4.0,217.30163792892205
984,0,1.4932,32777.45479452055,124.84463070668066,4.0,4.0,177.33814080711252
986,1,1.625,32777.45479452055,44.98517141059092,5.0,4.0,143.70208840349952
987,1,1.79,32777.45479452055,25.04251019026493,5.0,4.0,163.81063417590147
988,1,1.8093,32777.45479452055,39.925340624871325,5.0,4.0,189.52849110794673
989,0,1.9214,32777.45479452055,4.980701912953096,5.0,4.0,208.51185297205305
990,0,1.7054,32777.45479452055,14.991329572796586,5.0,4.0,219.05850601632747
991,0,1.8445,32777.45479452055,59.927559809301975,5.0,4.0,254.60620808403704
993,0,1.7982,32777.45479452055,39.93230790926869,3.0,4.0,222.14521396592005
994,0,1.8967,32777.45479452055,24.94975405018146,3.0,4.0,258.6956224447482
995,0,1.6058,27573.70523415978,40.04106089452522,3.0,4.0,239.90578535202417
996,0,1.4553,32777.45479452055,39.99846123330057,8.0,4.0,201.41105753775915
998,0,1.524,32777.45479452055,40.04247839546466,8.0,4.0,217.31862480920105
999,0,1.3452,32777.45479452055,65.01010100162928,8.0,4.0,242.9537185057433
1000,1,1.2259,12043.954385964911,39.99281648779295,8.0,4.0,262.51740058802864
1001,1,1.303,12043.954385964911,149.97460546980685,8.0,4.0,168.95608626359146
1002,0,1.7742,27573.70523415978,45.066879574477426,3.0,4.0,258.3220200975265
1003,0,1.6684,27573.70523415978,49.997340983594164,3.0,4.0,261.58461241526544
1008,0,1.6672,28633.194520547942,25.028987582338367,3.0,4.0,205.21890542742173
1009,0,1.5511,28633.194520547942,54.97578740480172,3.0,4.0,233.43363740750522
1010,0,1.6461,12043.954385964911,9.973621708389937,3.0,4.0,243.67279091567974
1011,0,1.8281,12043.954385964911,10.071653193882522,3.0,4.0,246.56779749000472
1012,0,1.5739,28633.194520547942,54.967203737632,4.0,4.0,132.01216961546424
1013,0,1.3891,28633.194520547942,14.988717777748935,4.0,4.0,148.37500137212513
1014,0,1.5215,12043.954385964911,119.88519725928421,4.0,4.0,139.1283364111521
1015,1,1.3211,12043.954385964911,144.95787073089247,5.0,4.0,78.51187146283446
1016,0,1.5623,12043.954385964911,19.98838539987789,5.0,4.0,143.79598437807553
1018,0,1.7594,12043.954385964911,49.639393205953965,5.0,4.0,171.68129445640596
1019,0,1.544,12043.954385964911,34.98399184393099,5.0,4.0,213.84229119788313
1020,0,1.5585,12043.954385964911,14.966711736661438,5.0,4.0,239.47055459368562
1021,0,1.7463,12043.954385964911,14.963101995072233,5.0,4.0,256.57079470103355
1022,0,1.6414,12043.954385964911,39.9995963188102,5.0,4.0,283.4405265833879
1023,0,1.8538,28633.194520547942,29.28775516914228,5.0,4.0,309.0982670797801
1024,0,1.7345,28633.194520547942,84.7102344845368,5.0,4.0,358.41258605574075
1025,0,1.3918,12043.954385964911,64.62039823367974,2.0,4.0,164.08168364558364
1026,0,1.4289,12043.954385964911,34.92025936960143,2.0,4.0,208.2933709616327
1027,0,1.4471,32777.45479452055,80.06572797320959,4.0,4.0,268.14467796048353
1028,0,1.5626,12043.954385964911,49.83418882310444,4.0,4.0,233.54439663484945
1029,0,1.4699,12043.954385964911,44.95778312871716,4.0,4.0,230.45429515465383
1030,0,1.6823,12043.954385964911,19.96673762559514,4.0,4.0,232.15211800109452
1031,0,1.6234,12043.954385964911,34.93107917167883,4.0,4.0,241.7537911237325
1032,0,1.7622,12043.954385964911,29.942307271877088,4.0,4.0,241.44493341178404
1033,1,1.6657,12043.954385964911,97.33698391876594,5.0,4.0,124.82387504869638
1034,1,1.6187,12043.954385964911,64.98437319553348,5.0,4.0,185.7161667767415
1036,1,1.6565,12043.954385964911,19.994783550264042,5.0,4.0,230.28648207456237
1037,1,1.2802,12043.954385964911,104.5306192154823,3.0,4.0,225.87732614081858
1039,0,1.8455,17246.194520547946,203.84052193893254,3.0,4.0,308.46633137780924
1041,0,1.7629,17246.194520547946,20.075821282226514,3.0,4.0,405.8880444164013
1042,1,1.6347,17246.194520547946,34.94166014853941,7.0,4.0,74.12002092562092
1043,1,1.4714,17246.194520547946,59.96312848252098,7.0,4.0,109.85093028758914
1044,0,1.5072,17246.194520547946,163.9020552753288,7.0,4.0,186.07310965729806
1045,0,1.4432,17246.194520547946,34.831069227583434,3.0,4.0,125.26436019604435
1048,1,1.4108,32777.45479452055,234.90757169365563,6.0,4.0,126.39586857688782
1049,0,1.5437,32777.45479452055,89.88752192001785,6.0,4.0,146.18486755584013
1050,0,1.8022,32777.45479452055,24.908282671822157,6.0,4.0,188.8669113341198
1051,1,1.7522,32777.45479452055,64.88506184324628,6.0,4.0,154.36072394334676
1052,1,1.7301,32777.45479452055,74.94980194401415,6.0,4.0,118.32184478361715
1054,0,1.7919,32777.45479452055,39.99234363822371,6.0,4.0,213.65556222195275
1055,1,1.5435,32777.45479452055,64.99447931919606,6.0,4.0,182.23469637294554
1056,1,1.5982,32777.45479452055,89.96959903894711,6.0,4.0,161.70198977685317
1058,1,1.4272,32777.45479452055,75.00970175140598,12.0,4.0,272.8802197095598
1059,1,1.4775,17246.194520547946,10.115109915915708,12.0,4.0,256.9470230159723
1060,1,1.4348,17246.194520547946,34.99774292476249,12.0,4.0,243.7693993836388
1061,0,1.3405,17246.194520547946,15.019258999774905,12.0,4.0,232.28532077565026
1062,0,1.3196,17246.194520547946,60.01333626949155,12.0,4.0,220.40567207432062
1064,1,1.6094,32777.45479452055,119.7276516167008,3.0,4.0,97.690910511432
1065,1,1.4646,32777.45479452055,65.00205542102445,9.0,4.0,126.16045968537101
1066,1,1.5416,32777.45479452055,39.92213642740498,9.0,4.0,150.6367019469651
1067,1,1.6332,17246.194520547946,20.076050716955514,9.0,4.0,128.42841189164866
1068,1,1.5291,17246.194520547946,74.99993723924585,9.0,4.0,97.01431312116576
1069,1,1.3842,17246.194520547946,144.90281187262775,7.0,4.0,203.51751441436778
1070,1,1.1791,17246.194520547946,34.93771874192076,3.0,4.0,164.66324199997308
1071,1,1.5047,17246.194520547946,34.811237705737426,3.0,4.0,171.07216256724018
1072,1,1.4558,17246.194520547946,94.26432908435712,3.0,4.0,190.98662287718338
1073,1,1.9426,17246.194520547946,24.973947842680182,3.0,4.0,145.0604309161508
1074,1,1.6502,17246.194520547946,59.90008344777834,5.0,4.0,101.69137457998724
1075,1,1.6838,17246.194520547946,44.97201212989778,5.0,4.0,110.23643631608547
1076,1,1.5512,17246.194520547946,84.82300856669681,5.0,4.0,150.72063335392664
1077,0,1.8323,17246.194520547946,50.06419022547648,5.0,4.0,206.91266739630208
1078,1,1.4403,32777.45479452055,70.0404938797378,11.0,4.0,470.17487400705954
1080,1,1.348,32777.45479452055,85.07481312588632,11.0,4.0,459.4068818079467
1082,1,1.4945,32777.45479452055,94.91322413705367,9.0,4.0,89.47651338355122
1083,1,1.7422,32777.45479452055,35.011079572290726,9.0,4.0,149.8620930008016
1084,1,1.2872,32777.45479452055,89.94838727342136,9.0,4.0,207.29764572785393
1085,1,1.5418,32777.45479452055,34.95243612043453,9.0,4.0,267.53464239470196
1086,1,1.5857,32777.45479452055,60.039813338761405,9.0,4.0,315.2032734506143
1087,1,1.6292,32777.45479452055,29.969925392012463,9.0,4.0,359.5152560725928
1088,1,1.3791,32777.45479452055,39.98730195176713,9.0,4.0,393.2004804075031
1089,1,1.7704,32777.45479452055,49.91630335372476,9.0,4.0,438.762864308162
1090,0,1.9021,32777.45479452055,74.91997659719145,5.0,4.0,359.84867320097476
1091,1,1.8372,32777.45479452055,35.00204531883543,5.0,4.0,337.73248437657077
1092,1,1.6375,32777.45479452055,55.070588440308796,5.0,4.0,321.5683568030523
1094,0,1.4558,32777.45479452055,39.95205115856102,12.0,4.0,334.43723581055053
1095,0,1.5527,32777.45479452055,30.012647948426245,12.0,4.0,357.7666287573074
1096,0,1.5042,32777.45479452055,34.970589156360674,12.0,4.0,380.7651485137636
1097,0,1.5614,27573.70523415978,4.940937477767854,12.0,4.0,369.23758696762553
1098,0,1.6573,27573.70523415978,30.00566435673212,12.0,4.0,355.0238442362463
1099,0,1.544,27573.70523415978,39.977512633771205,12.0,4.0,333.1642396353788
1100,0,1.7762,27573.70523415978,10.062191027851217,12.0,4.0,319.2622256461825
1101,0,1.2305,32777.45479452055,79.94332865910107,5.0,4.0,250.16303791709268
1102,0,1.4399,27573.70523415978,49.94835470151526,5.0,4.0,258.0965284339408
1103,0,1.7115,27573.70523415978,114.77705564442209,5.0,4.0,234.88363887385532
1105,0,1.6708,27573.70523415978,84.87043607503172,7.0,4.0,225.4175089538253
1106,0,1.5675,27573.70523415978,20.02413841172708,7.0,4.0,245.07765092101118
1107,0,1.5028,27573.70523415978,29.979677519012693,7.0,4.0,259.89258227524664
1108,0,1.4498,27573.70523415978,45.028354768891916,7.0,4.0,286.5292841163277
1109,0,1.4028,27573.70523415978,24.983879365222517,7.0,4.0,314.8851978826475
1110,0,1.737,27573.70523415978,19.941876310188313,7.0,4.0,334.6870251145579
1111,0,1.8684,27573.70523415978,25.050265601792344,7.0,4.0,355.2694701276659
1112,0,1.8035,27573.70523415978,24.9805641097785,7.0,4.0,379.41042062165053
1113,0,1.7727,27573.70523415978,35.019299729398746,7.0,4.0,409.074720529433
1114,0,1.9927,27573.70523415978,20.014117353736136,7.0,4.0,434.2119374777949
1116,0,1.8764,41638.88493150685,50.04107215407779,7.0,4.0,453.1058840534296
1117,0,1.6785,41638.88493150685,44.99476901461025,7.0,4.0,409.54966172850976
1118,0,1.6531,41638.88493150685,54.95293478316014,7.0,4.0,361.585365322052
1119,0,1.8205,32777.45479452055,79.93761761709689,6.0,4.0,475.6541231266939
1120,0,1.6104,41638.88493150685,35.01469510939604,6.0,4.0,457.59460400163897
1121,0,1.3133,41638.88493150685,24.963964696594175,6.0,4.0,431.0240480545793
1122,1,1.2784,41638.88493150685,29.948331031822875,6.0,4.0,408.90868521042967
1123,0,1.6609,32777.45479452055,55.01604924485097,6.0,4.0,370.5950081840673
1124,0,1.834,32777.45479452055,30.024990507052358,6.0,4.0,408.7796305565612
1126,1,1.4082,41638.88493150685,34.99438775647233,6.0,4.0,483.87813303208077
1127,1,1.3021,41638.88493150685,49.99626774021608,6.0,4.0,453.14300908473405
1128,0,1.6259,32777.45479452055,55.05214844033472,6.0,4.0,302.80119179680105
1129,0,1.7063,32777.45479452055,34.97062066539243,6.0,4.0,336.0649358535993
1130,0,1.7062,27573.70523415978,69.742210115871,6.0,4.0,338.3392710666583
1131,0,1.7722,32777.45479452055,45.07197746015078,6.0,4.0,382.5065582894281
1132,0,1.7224,32777.45479452055,44.943389526596434,6.0,4.0,408.678604185187
1133,0,1.8557,27573.70523415978,19.982810376071654,6.0,4.0,425.5489349497021
1134,0,1.7242,27573.70523415978,40.05619642485841,6.0,4.0,405.3104319150033
1135,0,1.8527,27573.70523415978,29.958164355994775,6.0,4.0,385.14332847292866
1136,0,1.6091,27573.70523415978,20.04639511256453,6.0,4.0,369.60302629461944
1137,0,1.6115,32777.45479452055,50.03892143725658,8.0,4.0,411.9923488169908
1138,0,1.7238,32777.45479452055,25.042836682221473,8.0,4.0,431.4929326968177
1139,0,1.8308,32777.45479452055,20.009501000990454,8.0,4.0,445.7405321872761
1140,0,1.6647,27573.70523415978,54.937205069981715,8.0,4.0,438.706084967043
1141,0,1.7786,27573.70523415978,29.929810357237848,8.0,4.0,417.911559670759
1142,1,1.4309,32777.45479452055,30.01246453763972,6.0,4.0,484.3572937708426
1147,0,1.7349,41638.88493150685,40.029080097438964,6.0,4.0,419.4273052836185
1148,0,1.6178,32777.45479452055,48.51050869607697,8.0,4.0,245.7719971118786
1149,0,1.5534,32777.45479452055,29.94116662913924,8.0,4.0,273.9263499793417
1150,0,1.5438,32777.45479452055,45.03847017462099,8.0,4.0,303.0150401641801
1151,0,1.5873,32777.45479452055,49.98906261544296,8.0,4.0,343.5553005205444
1152,0,1.5255,32777.45479452055,60.075347594096236,8.0,4.0,395.403236335877
1153,0,1.7521,32777.45479452055,29.997374650816923,8.0,4.0,436.529165226948
1154,0,1.5498,27573.70523415978,80.0314426003115,8.0,4.0,481.60915414372266
1155,0,1.44,41638.88493150685,100.00278957880238,8.0,4.0,404.85622780197787
1156,0,1.4333,41638.88493150685,30.024975644486698,8.0,4.0,345.9732612318254
1157,0,1.289,41638.88493150685,69.96509087867601,8.0,4.0,301.9454385230675
1158,0,1.3064,41638.88493150685,40.0489815786989,8.0,4.0,261.670891166883
1159,0,1.8403,27573.70523415978,34.981007108056104,5.0,4.0,389.938102637959
1160,0,1.7913,27573.70523415978,69.96928476763372,5.0,4.0,439.1824056218734
1162,0,1.5916,41638.88493150685,99.979959330187,5.0,4.0,367.30007854207946
1163,0,1.8263,41638.88493150685,4.988301032884743,5.0,4.0,323.8750675463474
1164,1,1.4143,41638.88493150685,55.05812589824204,3.0,4.0,459.2458182532941
1165,1,1.3379,41638.88493150685,44.98533931933921,3.0,4.0,417.15066981513735
1166,1,1.4892,41638.88493150685,45.017376731708616,3.0,4.0,379.5054726459194
1167,0,2.0404,41638.88493150685,30.067140035691605,3.0,4.0,347.8339238903103
1169,1,1.4219,41638.88493150685,54.80559397571051,3.0,4.0,440.5302861268332
1171,1,1.3553,41638.88493150685,20.08634208285426,3.0,4.0,369.1789253748981
1172,0,1.7487,41638.88493150685,35.02190608455239,3.0,4.0,343.0413574234798
1174,1,1.5592,41638.88493150685,9.976476867257494,6.0,4.0,445.9140284381634
1175,1,1.4767,41638.88493150685,94.85810476639166,6.0,4.0,393.38282895800256
1176,0,1.453,41638.88493150685,89.95483094860707,6.0,4.0,297.58909454765245
1177,0,1.7761,16320.223880597016,79.67282976564242,1.0,4.0,309.34081317555246
1178,0,1.7411,16320.223880597016,54.39890889804585,1.0,4.0,303.7079920483714
1180,0,1.3254,24915.00547945205,184.75115088532394,9.0,4.0,130.66657524378655
1181,0,1.3596,24915.00547945205,204.79278349367758,9.0,4.0,222.25468649101222
1182,0,1.464,24915.00547945205,204.5746862570551,9.0,4.0,393.6164100573656
1183,0,1.6949,24915.00547945205,14.897675567177918,9.0,4.0,490.25728547128017
1186,1,1.4609,34000.18630136986,64.77402296494223,8.0,4.0,126.77088887622754
1187,1,1.4893,34000.18630136986,54.76825500149509,8.0,4.0,129.9959775314103
1188,1,1.5556,34000.18630136986,39.94993723266872,8.0,4.0,165.22028497796518
1189,1,1.5188,34000.18630136986,14.931016962354505,8.0,4.0,186.95546592700777
1190,1,1.5579,34000.18630136986,89.41414514172922,8.0,4.0,229.86327571321547
1197,1,1.6679,37106.39178082192,34.94096373208901,6.0,4.0,483.39556346080803
1198,1,1.6576,37106.39178082192,49.97981622330512,6.0,4.0,441.74318863210084
1199,0,1.5399,31211.10136986301,60.00478164228824,8.0,4.0,337.8638488785899
1201,0,1.4423,31211.10136986301,49.99371303010683,8.0,4.0,281.2483878300028
1202,0,1.4021,31211.10136986301,45.05495814315436,8.0,4.0,243.16476865931605
1203,0,1.5008,31211.10136986301,54.96674297220043,8.0,4.0,207.6179453892783
1204,0,1.4995,31211.10136986301,60.0023062296802,8.0,4.0,179.5935101772841
1205,1,1.5262,21420.249315068493,50.00744063299163,4.0,4.0,153.55261626017443
1206,1,1.7387,21420.249315068493,29.981394668962185,4.0,4.0,165.54403088301356
1207,1,1.7746,21420.249315068493,74.34327474883794,4.0,4.0,200.3702760410503
1208,1,1.3686,21420.249315068493,24.939804003463244,5.0,4.0,139.9570283629894
1209,1,1.3687,21420.249315068493,64.97318789480276,5.0,4.0,149.0139147046069
1210,1,1.3046,21420.249315068493,74.92445014854627,5.0,4.0,201.81140423974819
1211,0,1.4829,21420.249315068493,89.54428331109976,5.0,4.0,216.7291788194218
1212,0,1.4632,18143.601648351647,134.95656884104037,6.0,4.0,148.78851090843904
1217,0,1.6223,31519.065753424657,49.989968434778625,8.0,4.0,155.40296424197714
1218,0,1.4132,31519.065753424657,60.01479334079131,8.0,4.0,190.65061780343518
1219,0,1.4276,31519.065753424657,109.96886922909167,8.0,4.0,264.9505002550627
1220,0,1.3631,18143.601648351647,109.84561983524898,8.0,4.0,210.97194647415637
1221,0,1.4826,18143.601648351647,24.94445755019824,8.0,4.0,210.58046165112432
1222,0,1.5285,18143.601648351647,40.00785171851326,8.0,4.0,219.16061116081232
1223,0,1.4321,18143.601648351647,55.020255617527965,8.0,4.0,241.75111995732868
1224,0,1.5426,24915.00547945205,134.09133084781917,6.0,4.0,142.26685694983016
1226,0,1.5322,24915.00547945205,54.96821599886457,6.0,4.0,211.47254456320297
1227,1,1.4977,21420.249315068493,109.96851467589164,7.0,4.0,108.63545463301584
1228,1,1.4658,21420.249315068493,109.94538379502026,7.0,4.0,215.9841657539189
1229,0,1.4579,18143.601648351647,159.7482548080694,6.0,4.0,114.23516540611028
1230,0,1.7513,31211.10136986301,40.03722444032451,6.0,4.0,303.1531174371974
1231,0,1.6467,31211.10136986301,45.029519457508194,6.0,4.0,347.44399975449744
1232,0,1.533,31211.10136986301,64.93864738208799,6.0,4.0,405.3231169364944
1233,0,1.6254,31211.10136986301,24.96583050582857,6.0,4.0,453.3166534619591
1234,0,1.6408,31211.10136986301,19.95018724222175,6.0,4.0,478.8525709078875
1235,0,1.5755,41638.88493150685,30.026405609653654,6.0,4.0,494.8348948204033
1236,1,1.7246,41638.88493150685,44.93462911261709,6.0,4.0,493.952109776814
1238,1,1.6616,41638.88493150685,59.98809468604014,6.0,4.0,498.13899949812196
1239,0,1.3929,41638.88493150685,9.701201231225802,4.0,4.0,339.0752342956697
1240,0,1.4432,41638.88493150685,54.71263524977397,4.0,4.0,341.86791549463004
1241,0,1.5618,41638.88493150685,24.915580834981355,4.0,4.0,358.49100061269013
1242,0,1.3567,41638.88493150685,10.00563613142323,4.0,4.0,363.9381160853315
1243,0,1.3721,41638.88493150685,14.99806075370187,4.0,4.0,367.6587748086793
1244,0,1.4457,41638.88493150685,9.937860451137016,4.0,4.0,370.5476502652429
1245,0,1.5416,30310.46301369863,24.796044361109352,4.0,4.0,366.72692199988774
1248,1,1.881,31211.10136986301,89.95995490529555,2.0,4.0,475.2958125493134
1249,0,1.5958,31211.10136986301,40.05172593813194,10.0,4.0,316.56315038397867
1250,0,1.2916,31211.10136986301,120.02462622214982,10.0,4.0,393.47616640491105
1251,0,1.3138,41638.88493150685,89.90073643360036,10.0,4.0,445.32831922805855
1252,1,1.3361,41638.88493150685,44.993287398501714,10.0,4.0,434.40117198722146
1254,1,1.4453,41638.88493150685,34.98134985639035,10.0,4.0,434.11121162069327
1255,1,1.2729,41638.88493150685,20.073899912403522,10.0,4.0,437.03444271506163
1256,0,1.3874,21420.249315068493,139.26990266867318,7.0,4.0,368.48825881755977
1257,0,1.5321,21420.249315068493,49.61099773402635,7.0,4.0,300.3470608572579
1258,0,1.6398,19718.77808219178,39.94158174633694,8.0,4.0,241.09008972997216
1259,0,1.6078,19718.77808219178,44.96021138197897,8.0,4.0,246.55406511053508
1260,0,1.4195,42075.78082191781,84.98085596599023,8.0,4.0,231.12889720295044
1261,0,1.7572,42075.78082191781,30.046120081963707,8.0,4.0,172.64622441979424
1262,0,1.4836,42075.78082191781,24.966325119147143,8.0,4.0,141.32578010355218
1263,0,1.5148,42075.78082191781,24.966294841404377,8.0,4.0,114.54683739550565
1264,1,1.4977,42075.78082191781,30.031219874976074,8.0,4.0,82.32781802864129
1265,1,1.5864,42075.78082191781,65.00960876689925,8.0,4.0,33.700204152068885
1266,0,1.4947,19718.77808219178,64.99161957912844,8.0,4.0,91.3770605535938
1267,0,1.519,19718.77808219178,59.92327737374375,8.0,4.0,112.54408689354749
1268,0,1.674,19718.77808219178,30.031846681362357,8.0,4.0,146.37778519769645
1269,0,1.6788,19718.77808219178,29.891258478521408,8.0,4.0,172.971153621919
1270,0,1.6594,26901.89589041096,29.999556915374274,8.0,4.0,176.32417474618097
1271,0,1.5759,26901.89589041096,25.01325062110871,8.0,4.0,150.5404807381717
1272,0,1.575,26901.89589041096,55.043080177210356,8.0,4.0,119.64874051140428
1273,0,1.3571,41638.88493150685,79.94734163340262,8.0,4.0,240.36252624125223
1274,0,1.2739,41638.88493150685,25.02735796074094,8.0,4.0,241.33486307220687
1275,0,1.201,41638.88493150685,24.966931801184845,8.0,4.0,246.52175197131152
1276,0,1.2993,41638.88493150685,60.03953590338625,8.0,4.0,261.01959942482836
1279,0,1.352,30310.46301369863,114.98595419250807,8.0,4.0,243.80126480985973
1280,0,1.5091,30310.46301369863,40.013834341956596,8.0,4.0,243.70292828899272
1281,0,1.5905,30310.46301369863,54.97134299255564,8.0,4.0,258.79310403740106
1282,0,1.4028,30310.46301369863,24.987319187445593,8.0,4.0,280.7958187232645
1283,0,1.3263,30310.46301369863,69.96967011011259,8.0,4.0,313.19216261618135
1284,0,1.3839,31211.10136986301,60.021621427358,8.0,4.0,291.18230651239077
1285,0,1.6355,31211.10136986301,40.03411272104571,8.0,4.0,270.13653600193203
1287,0,1.3165,19718.77808219178,40.06587738202945,8.0,4.0,104.2801090101467
1288,0,1.3057,19718.77808219178,84.99779056606512,8.0,4.0,146.6931732185242
1289,0,1.4646,19718.77808219178,35.06508145699643,8.0,4.0,200.06768866893228
1290,0,1.4705,19718.77808219178,19.994751062780384,8.0,4.0,225.70760488488523
1291,0,1.4177,19718.77808219178,15.008238695801666,8.0,4.0,244.0839117624364
1292,0,1.561,19718.77808219178,34.986972529624865,8.0,4.0,267.64401798237395
1293,0,1.5655,19718.77808219178,15.008274426849216,8.0,4.0,294.91627402997017
1294,0,1.6548,19718.77808219178,64.98655594712024,8.0,4.0,189.64625886929053
1295,0,1.5697,19718.77808219178,69.87986681444828,8.0,4.0,200.07178508039627
1296,0,1.7336,19718.77808219178,39.98908134224327,8.0,4.0,223.952143336819
1297,0,1.6887,19718.77808219178,19.932118395688228,8.0,4.0,241.55938739916087
1298,0,1.73,26901.89589041096,29.99967540522393,8.0,4.0,243.06457443706267
1299,0,1.6658,26901.89589041096,24.98150371105409,8.0,4.0,225.16697099607543
1300,0,1.6856,19718.77808219178,39.91306031942404,4.0,4.0,67.98745040220878
1301,0,1.6438,19718.77808219178,14.977185349356187,4.0,4.0,74.28967823915984
1302,0,1.9186,19718.77808219178,34.93987858681156,4.0,4.0,90.44976809487544
1303,0,1.5317,31211.10136986301,29.986722339769372,12.0,4.0,155.16888917387044
1304,0,1.4715,31211.10136986301,35.034413797154926,12.0,4.0,169.54231621545915
1305,0,1.5,31211.10136986301,45.00954394040828,12.0,4.0,193.26885706776716
1306,0,1.6621,31211.10136986301,24.981747139045712,12.0,4.0,219.40192948608006
1307,0,1.5656,31211.10136986301,14.992083575808179,12.0,4.0,238.33990563571285
1308,0,1.6873,31211.10136986301,19.97938795230182,12.0,4.0,253.0502877666938
1309,0,1.7249,31211.10136986301,24.98847454391552,12.0,4.0,274.74684508557664
1310,0,1.4143,31211.10136986301,9.95624498971986,12.0,4.0,290.8653619317941
1311,0,1.6467,26901.89589041096,124.81440879600558,12.0,4.0,270.846800314203
1313,0,1.3962,26901.89589041096,69.94763511951842,12.0,4.0,221.70176007239507
1314,0,1.6371,19718.77808219178,34.97291982755295,8.0,4.0,131.62490179380794
1316,0,1.577,19718.77808219178,45.02328546305875,8.0,4.0,141.858045402662
1317,0,1.5051,19718.77808219178,84.98124045519488,8.0,4.0,178.76873528362415
1318,0,1.5171,26901.89589041096,59.967074961585816,8.0,4.0,184.355189132085
1319,1,1.6565,26901.89589041096,29.98347643549476,8.0,4.0,154.8535638336499
1320,1,1.4817,42075.78082191781,29.968368779266324,8.0,4.0,136.86148535408162
1321,1,1.5126,42075.78082191781,65.07933604836333,8.0,4.0,114.56962079795984
1322,0,1.5602,31211.10136986301,64.9591801516993,7.0,4.0,81.29213725547683
1323,0,1.5871,31211.10136986301,50.074372747192925,7.0,4.0,134.18837947349866
1324,0,1.6216,31211.10136986301,25.054691855853733,7.0,4.0,170.8770065900483
1325,0,1.5905,31211.10136986301,64.97588837263537,7.0,4.0,218.75789338658197
1326,0,1.5892,31211.10136986301,69.98055742217701,7.0,4.0,285.15588773018953
1327,1,1.6137,31211.10136986301,55.06113971790572,7.0,4.0,347.67842138517796
1328,1,1.7728,26901.89589041096,40.003600358974374,7.0,4.0,345.5562389293329
1329,1,1.6961,26901.89589041096,29.98259392827663,7.0,4.0,331.180675673542
1330,0,1.5302,30310.46301369863,94.99216353628373,4.0,4.0,288.2637721399401
1331,0,1.6757,30310.46301369863,29.8961099135591,4.0,4.0,353.5281886559619
1332,0,1.617,31211.10136986301,64.9282434974535,4.0,4.0,343.91850453448745
1335,0,1.6293,31211.10136986301,29.96283071604789,4.0,4.0,321.50079707859885
1336,0,1.2975,31211.10136986301,65.01511954300868,4.0,4.0,311.42243072878614
1338,0,1.7323,41638.88493150685,29.960419111311595,2.0,4.0,264.6588574261933
1339,0,1.6446,41638.88493150685,49.95588384369388,2.0,4.0,304.6252586801777
1349,0,1.6232,41638.88493150685,63.72254901764479,3.0,4.0,280.0480136187979
1350,0,1.5613,41638.88493150685,9.961361480908037,3.0,4.0,280.36001339560426
1351,0,1.5745,41638.88493150685,35.04382426757675,3.0,4.0,285.95794822823115
1352,0,1.4115,41638.88493150685,65.03458171991686,3.0,4.0,311.3896380071214
1353,1,1.6347,41638.88493150685,19.983388705222556,3.0,4.0,343.87733524799165
1354,1,1.6648,41638.88493150685,39.85058509542276,3.0,4.0,368.7541376160396
1355,0,1.4747,30310.46301369863,109.96618068665028,6.0,4.0,311.251673824216
1356,0,1.4133,30310.46301369863,40.07478561293264,6.0,4.0,383.330253552748
1357,0,1.5005,30310.46301369863,35.00775894700794,6.0,4.0,423.4031675800225
1358,0,1.7738,31211.10136986301,50.01513091168776,6.0,4.0,445.849709180919
1359,0,1.8196,31211.10136986301,14.978782893457973,6.0,4.0,438.21948284439577
1360,0,1.7869,31211.10136986301,79.93465264098968,6.0,4.0,415.1470826401994
1362,1,1.5597,34000.18630136986,59.94144421481934,6.0,4.0,119.77116304686751
1363,0,1.6619,34000.18630136986,49.979380991038134,6.0,4.0,123.69124442277341
1364,0,1.5833,34000.18630136986,50.05037516961457,6.0,4.0,144.61152841391026
1365,0,1.3323,34000.18630136986,104.97419050496646,6.0,4.0,197.9334343528772
1366,0,1.2306,34000.18630136986,169.56861082512074,6.0,4.0,319.0878266749118
1367,0,1.4048,21420.249315068493,73.93990014558597,3.0,4.0,167.74503284694677
1368,0,1.521,21420.249315068493,229.21854635068587,3.0,4.0,228.8843290241277
1371,0,1.3404,45055.38356164384,199.79536538837488,3.0,4.0,245.99918389291358
1372,0,1.324,45055.38356164384,144.79228580744893,3.0,4.0,368.76514888561417
1373,0,1.5715,45055.38356164384,54.38911743997245,3.0,4.0,467.8738275616247
1375,0,1.7484,45055.38356164384,289.0104741930792,4.0,4.0,472.1424067944022
1376,0,1.3513,19625.87123287671,69.98215067631466,12.0,4.0,32.07641609529846
1377,0,1.2629,19625.87123287671,50.09794746187162,12.0,4.0,92.4491435474139
1378,0,1.291,19625.87123287671,140.0863728109524,12.0,4.0,189.48410068900262
1379,0,1.3056,19625.87123287671,139.9174888357221,12.0,4.0,314.2187165919741
1380,0,1.5534,34000.18630136986,69.87289971355727,9.0,4.0,274.6501866400438
1381,1,1.413,21420.249315068493,94.69505819768791,9.0,4.0,309.78631830651057
1382,1,1.5828,21420.249315068493,44.74913806763122,9.0,4.0,272.9568463651004
1384,0,1.5602,21420.249315068493,79.90350773832972,9.0,4.0,260.9106370620321
1385,0,1.3617,21420.249315068493,84.90677977674251,9.0,4.0,246.20063913002977
1389,1,1.601,32777.45479452055,59.91508728591925,5.0,4.0,364.4253628044463
1390,1,1.5639,17246.194520547946,30.001225063465412,5.0,4.0,342.5473891740169
1391,1,1.8385,17246.194520547946,19.99086296676734,5.0,4.0,332.9024459871272
1392,0,1.9905,17246.194520547946,10.013757333094164,5.0,4.0,334.26312246847056
1393,0,1.6154,17246.194520547946,65.00882357218329,5.0,4.0,373.4397328795962
1394,1,1.5427,17246.194520547946,89.96663505618105,6.0,4.0,429.8473655397517
1395,1,1.526,17246.194520547946,19.972816550860344,6.0,4.0,410.84567295526415
1396,0,1.3947,17246.194520547946,44.98649821884859,6.0,4.0,402.7067001153617
1397,0,1.3543,37106.39178082192,5.014418388584693,6.0,4.0,395.4976191351464
1398,0,1.2768,37106.39178082192,15.110085323576094,6.0,4.0,384.31176439305676
1399,0,1.1829,37106.39178082192,15.016112724864717,6.0,4.0,367.9457395026938
1400,1,1.4459,37106.39178082192,34.977701818405166,8.0,4.0,398.5089783953235
1401,1,1.454,37106.39178082192,25.04487253822099,8.0,4.0,429.1456787593743
1402,1,1.5397,16320.223880597016,30.062642406775296,8.0,4.0,439.04207893104046
1403,1,1.6152,16320.223880597016,29.989905331417503,8.0,4.0,441.15848749281963
1404,0,1.6345,16320.223880597016,30.00851993662002,8.0,4.0,445.0168442784914
1405,0,1.4333,16320.223880597016,50.026592137474495,8.0,4.0,454.63104770110687
1406,0,1.4911,16320.223880597016,29.9879030809303,8.0,4.0,468.48903955386504
1407,0,1.4165,16320.223880597016,34.956805690858154,8.0,4.0,482.5637721816332
1409,0,1.5217,16320.223880597016,29.975157780759027,8.0,4.0,498.35033320930535
1413,0,1.742,16320.223880597016,29.992800107201738,4.0,4.0,233.65522540197512
1414,0,1.5873,16320.223880597016,5.014829432406146,4.0,4.0,238.17185405534698
1415,0,1.4784,16320.223880597016,54.96769436321007,4.0,4.0,249.99756698275988
1416,1,1.471,31211.10136986301,304.8904828481575,8.0,4.0,425.55835100019686
1417,0,1.3792,31211.10136986301,5.035978783512852,6.0,4.0,499.8045439842853
1423,0,1.3075,24915.00547945205,94.6960179285141,10.0,4.0,66.32286926942214
1425,0,1.2774,24915.00547945205,89.93077825543872,10.0,4.0,155.03032641485171
1426,0,1.371,24915.00547945205,34.92443766456314,10.0,4.0,219.5822493067042
1427,0,1.3659,24915.00547945205,10.007843418186654,10.0,4.0,246.34008936551405
1428,0,1.2731,24915.00547945205,45.07761898983836,10.0,4.0,274.58783760113283
1429,0,1.2732,42075.78082191781,35.021125058297145,10.0,4.0,306.31729131231873
1430,1,1.6088,37106.39178082192,44.914757674194135,5.0,4.0,406.2090928867695
1431,1,1.4752,37106.39178082192,30.00868755283366,5.0,4.0,442.7465268810244
1432,1,1.6211,37106.39178082192,25.00665862912536,5.0,4.0,469.6185233806505
1433,1,1.8271,16320.223880597016,29.910410592764563,5.0,4.0,489.1200781907295
1434,0,1.2445,30310.46301369863,44.93075018599416,2.0,4.0,195.16793880517008
1435,0,1.3069,30310.46301369863,44.22830593294064,2.0,4.0,241.68877094164603
1436,0,1.8153,41638.88493150685,108.3347046582596,2.0,4.0,275.803468696841
1437,0,1.4903,12818.235616438356,19.959675958714882,2.0,4.0,299.74885670811284
1439,0,1.44,12818.235616438356,49.209740623301045,2.0,4.0,301.33431170734667
1440,0,1.5194,30310.46301369863,59.821855209038645,2.0,4.0,205.59282990313767
1441,0,1.557,41638.88493150685,58.57488712206547,2.0,4.0,219.00844898547072
1443,0,1.5512,41638.88493150685,93.56853734150191,2.0,4.0,274.93110438540646
1444,0,1.4564,41638.88493150685,19.948760358412542,6.0,4.0,153.56657530729117
1445,0,1.6411,41638.88493150685,9.955222821066446,6.0,4.0,171.0003822261381
1446,0,1.6962,41638.88493150685,19.942575536632035,6.0,4.0,186.26047992474298
1449,0,1.4159,41638.88493150685,74.96467256321668,6.0,4.0,260.1496249126718
1450,0,1.5283,41638.88493150685,25.00008231205473,6.0,4.0,266.40849852963174
1451,0,1.6905,12818.235616438356,9.957720199268627,6.0,4.0,267.7717079338589
1452,0,1.5429,12818.235616438356,9.995888514064902,6.0,4.0,263.13939801606466
1453,0,1.2881,12818.235616438356,5.043542962933004,6.0,4.0,260.3712326191497
1454,0,1.5681,12818.235616438356,19.95842340479944,6.0,4.0,260.12527909338655
1458,0,1.4687,12818.235616438356,45.00187264383081,6.0,4.0,255.21144878663856
1459,0,1.5388,41638.88493150685,60.03969838409067,7.0,4.0,122.59014011449753
1461,0,1.4887,41638.88493150685,59.967237689191194,7.0,4.0,168.3946445735268
1463,0,1.2253,30310.46301369863,59.977269710852624,7.0,4.0,173.22325660349495
1464,0,1.3373,30310.46301369863,29.95798767711606,7.0,4.0,175.4788958533169
1465,0,1.2651,30310.46301369863,194.82246223707253,7.0,4.0,186.3033208142692
1466,0,1.4297,30310.46301369863,19.962761964520542,7.0,4.0,240.62303407276474
1468,0,1.2785,30310.46301369863,194.70285619625122,7.0,4.0,264.0385800083002
1469,0,1.4787,41638.88493150685,49.973940999365176,3.0,4.0,68.33615397576276
1470,0,1.2906,41638.88493150685,30.026205002994615,3.0,4.0,83.85073028403491
1471,0,1.4979,41638.88493150685,49.99227082896711,3.0,4.0,119.60323408004365
1473,0,1.3867,41638.88493150685,94.96649865703901,3.0,4.0,116.75596357729317
1474,0,1.639,30310.46301369863,54.95138571782758,6.0,4.0,99.5279681467275
1475,0,1.5206,30310.46301369863,29.97728975992942,6.0,4.0,124.00832941388833
1476,0,1.3982,30310.46301369863,9.986552565706143,6.0,4.0,139.23529347844683
1477,0,1.4817,30310.46301369863,128.77914934999643,7.0,4.0,134.64560872176176
1478,0,1.6838,30310.46301369863,60.0337621766745,7.0,4.0,190.5779085210343
1479,0,1.5694,12818.235616438356,24.98334809410205,2.0,4.0,152.08079285699847
1482,0,1.2583,19708.641666666663,154.7119349035708,4.0,4.0,103.62100374863724
1483,0,1.2703,19708.641666666663,89.82704563823665,4.0,4.0,198.06661934284944
1484,0,1.3253,13780.117318435754,244.63628514054162,4.0,4.0,173.30908079680205
1485,0,1.9787,13780.117318435754,29.978421595770513,4.0,4.0,44.27715007659378
1486,0,1.4301,13780.117318435754,149.59243489079483,4.0,4.0,72.82641626264359
1487,0,1.2801,13780.117318435754,69.71168911032608,4.0,4.0,160.49449911661927
1488,0,1.6508,19708.641666666663,30.04171456200386,5.0,4.0,409.8811995570669
1489,0,1.3145,19708.641666666663,19.904005405372548,5.0,4.0,384.28427560037824
1490,0,1.5156,19708.641666666663,25.01507187749624,5.0,4.0,357.3916346678992
1491,0,1.9048,19708.641666666663,24.97958926982081,5.0,4.0,332.34267308822217
1492,0,1.6393,27573.70523415978,64.93881029400015,4.0,4.0,384.11263447771114
1493,0,1.66,19708.641666666663,34.907448720782085,4.0,4.0,421.77212518629244
1494,0,1.5833,27573.70523415978,19.991398434741086,6.0,4.0,349.38510031066255
1495,0,1.3631,27573.70523415978,29.97775876916221,6.0,4.0,356.7531455472851
1496,0,1.3467,27573.70523415978,24.950184266660944,6.0,4.0,366.89697211823596
1497,0,1.618,27573.70523415978,25.03815135605792,6.0,4.0,377.78975954705123
1498,0,1.5876,27573.70523415978,24.934397548777255,6.0,4.0,389.8839038358635
1500,0,1.2022,41638.88493150685,19.568456076746084,7.0,4.0,227.21406120404558
1501,0,1.5868,41638.88493150685,74.97320919739695,7.0,4.0,274.57217992322336
1502,0,1.9623,41638.88493150685,24.91521156504745,7.0,4.0,321.6092101673699
1504,0,1.8205,41638.88493150685,9.899720306393696,7.0,4.0,345.71549015626795
1505,0,1.7086,41638.88493150685,35.041939105678004,7.0,4.0,365.2438819291679
1506,0,1.4736,41638.88493150685,19.901573996811806,7.0,4.0,389.7870969818625
1507,0,1.685,41638.88493150685,10.001120352445266,7.0,4.0,404.9643273530217
1508,0,1.8297,41638.88493150685,9.996849793145573,7.0,4.0,416.3766995060672
1509,0,1.8182,41638.88493150685,15.027640404458001,7.0,4.0,429.92863013388
1510,0,1.6058,20639.41597796143,73.98986990542065,4.0,4.0,307.95084181980945
1511,0,1.4731,20639.41597796143,44.94728247130977,4.0,4.0,295.5911820720579
1512,0,1.1782,20639.41597796143,94.87278271134622,4.0,4.0,262.0815441352817
1513,0,1.7692,27573.70523415978,44.977728941193796,4.0,4.0,323.36729703095125
1514,0,1.5375,27573.70523415978,9.84897098942386,4.0,4.0,295.5762802516287
1515,0,1.5059,27573.70523415978,20.00774085201816,4.0,4.0,279.3909845258931
1516,0,1.5055,27573.70523415978,73.95041259080713,4.0,4.0,245.337561293821
1517,0,1.5111,19708.641666666663,79.92041650034174,6.0,4.0,465.7011558621962
1518,0,1.254,19708.641666666663,79.99731684946923,6.0,4.0,482.8697676778403
1520,0,1.3476,20639.41597796143,65.02119005932053,8.0,4.0,112.3137690550105
1521,0,1.4771,20639.41597796143,35.03849691643286,8.0,4.0,135.43749659261795
1522,0,1.5755,20639.41597796143,29.997547560419783,8.0,4.0,156.76324699098913
1523,0,1.5846,27573.70523415978,19.950842853815306,6.0,4.0,362.31182451546124
1524,0,1.5346,19708.641666666663,104.75415889333756,6.0,4.0,345.35727494698665
1525,0,1.6602,19708.641666666663,59.412160648399166,6.0,4.0,318.02573567524803
1526,0,1.4401,27573.70523415978,54.96892701832592,8.0,4.0,331.4907938783044
1527,0,1.3784,27573.70523415978,9.972539776147487,8.0,4.0,333.29780845510055
1528,0,1.3941,27573.70523415978,99.84190669443605,8.0,4.0,343.7347271929991
1530,0,1.4339,27573.70523415978,39.99531542149524,8.0,4.0,356.22582245687397
1532,0,1.4941,27573.70523415978,25.037945748294,8.0,4.0,371.8112236040513
1533,0,1.4606,27573.70523415978,24.984251470637165,8.0,4.0,392.77412613664563
1534,0,1.4424,19625.87123287671,134.7991199770686,8.0,4.0,383.72308538365485
1540,0,1.5819,27573.70523415978,34.875869897945634,3.0,4.0,353.39519277831863
1541,0,1.7618,19708.641666666663,24.9716697113343,3.0,4.0,360.49672630318497
1543,0,1.4355,19708.641666666663,74.88171023317204,3.0,4.0,313.7495123692484
1544,0,1.3707,27573.70523415978,60.01784046474487,7.0,4.0,457.3131830783736
1552,0,1.2577,12818.235616438356,37.679276028857664,4.0,4.0,98.2879869528694
1553,0,1.6115,12818.235616438356,15.06872590680327,4.0,4.0,101.68978745867128
1554,0,1.5264,12818.235616438356,92.31858661876198,4.0,4.0,107.95848864393324
1555,0,1.4167,19708.641666666663,39.80973730992221,1.0,4.0,399.74739057698173
1557,0,1.4629,19708.641666666663,29.986583009729898,1.0,4.0,354.1880733776191
1558,0,1.4776,19708.641666666663,99.94945160079253,1.0,4.0,294.4825153866783
1559,0,1.7832,27573.70523415978,24.984827640735887,4.0,4.0,358.70646148738666
1560,0,1.7759,27573.70523415978,5.005984053698023,4.0,4.0,373.8679868446481
1561,0,1.6266,19708.641666666663,20.030333042020416,4.0,4.0,384.8229623117156
1562,0,1.9243,19708.641666666663,20.030332768422078,4.0,4.0,363.87334739290816
1563,0,1.9249,19708.641666666663,19.925151239588857,4.0,4.0,344.75801341264986
1565,0,1.5097,19708.641666666663,29.91253149393023,2.0,4.0,179.83030319410616
1566,0,1.5003,19708.641666666663,208.91921613077503,2.0,4.0,186.95763185295675
1567,0,1.492,13780.117318435754,209.7474988611486,2.0,4.0,211.39301753703705
1568,0,1.56,12818.235616438356,119.95944816500248,6.0,4.0,439.3019675257093
1569,0,1.4476,12818.235616438356,145.07546091377404,6.0,4.0,437.47387816012736
1570,0,1.4103,12818.235616438356,25.048205937733236,8.0,4.0,484.33078182934884
1571,0,1.4857,12818.235616438356,25.05143353512412,8.0,4.0,486.9665635833771
1572,0,1.4964,12818.235616438356,29.99243209568914,8.0,4.0,493.7801530298768
1578,0,1.6018,27573.70523415978,29.99633989377074,10.0,4.0,289.07330208335725
1579,0,1.543,27573.70523415978,25.00307615318323,10.0,4.0,297.77804098019146
1581,0,1.4535,27573.70523415978,25.04014018434117,10.0,4.0,308.1755184253792
1582,0,1.6,27573.70523415978,25.003124107576955,10.0,4.0,320.39833208841225
1585,0,1.4086,27573.70523415978,49.98641011784381,10.0,4.0,345.6402491494678
1586,0,1.3278,27573.70523415978,44.98677873560911,10.0,4.0,375.7661555154207
1587,0,1.3112,27573.70523415978,89.94980309490835,10.0,4.0,426.6443730193172
1591,0,1.4216,12818.235616438356,34.97673557503005,10.0,4.0,465.9172406808895
1592,0,1.3904,12818.235616438356,35.03313601394963,10.0,4.0,426.22294950071637
1593,0,1.4536,12818.235616438356,5.036901966180589,10.0,4.0,405.8002996053644
1594,0,1.4726,12818.235616438356,25.008071118548035,10.0,4.0,388.58991101096683
1595,0,1.4295,12818.235616438356,15.011429269383376,10.0,4.0,367.5216904725275
1596,0,1.6172,12818.235616438356,5.036890626254409,10.0,4.0,353.5633970734897
1597,0,1.567,12818.235616438356,14.934927036616225,10.0,4.0,339.02048022580374
1598,0,1.5859,12818.235616438356,29.946273993502864,10.0,4.0,314.0127811511413
1599,0,1.5374,12818.235616438356,24.96587309635846,10.0,4.0,286.0865776669375
1600,0,1.3704,12818.235616438356,85.01323655316013,10.0,4.0,228.3223384062744
1601,0,1.5551,12818.235616438356,14.821315977499397,10.0,4.0,178.51023547828683
1603,0,1.1559,41638.88493150685,44.993769238312225,4.0,4.0,163.2684504886642
1604,0,1.4014,41638.88493150685,318.65604156331904,4.0,4.0,239.47388740176532
1605,0,1.4288,12818.235616438356,104.9898034552858,6.0,4.0,467.8557439218551
1606,0,1.652,27573.70523415978,44.97372767204274,4.0,4.0,350.07073175375297
1607,0,1.3235,27573.70523415978,20.023945781145013,4.0,4.0,318.61970251113075
1609,0,1.2164,27573.70523415978,44.727304344819686,4.0,4.0,320.03486050788234
1610,0,1.6304,27573.70523415978,30.05869766019815,8.0,4.0,334.44538139117435
1612,0,1.5412,27573.70523415978,34.9962493467661,8.0,4.0,339.762402399519
1613,0,1.7444,27573.70523415978,19.99091418653793,8.0,4.0,345.41604297618085
1614,0,1.714,27573.70523415978,34.93265087590704,8.0,4.0,348.6187008314229
1616,0,1.6433,27573.70523415978,15.06308147244176,8.0,4.0,357.0101881313159
1617,0,1.4397,27573.70523415978,49.92809204094257,8.0,4.0,363.04958278185075
1618,0,1.2895,27573.70523415978,45.0043350526047,8.0,4.0,366.5055949974475
1620,0,1.415,27573.70523415978,34.86183064175532,8.0,4.0,379.84937486567475
1621,0,1.3572,27573.70523415978,89.9455744837328,8.0,4.0,406.1698491979939
1623,0,1.5252,27573.70523415978,34.996255047244986,8.0,4.0,440.9280519268795
1624,0,1.5134,27573.70523415978,4.969816596649013,8.0,4.0,453.127509742932
1626,0,1.4978,27573.70523415978,45.03117457231894,8.0,4.0,476.90130000152647
1629,0,1.4632,27573.70523415978,84.97871101459818,9.0,4.0,161.08372064267158
1630,0,1.4484,27573.70523415978,25.058744317206877,9.0,4.0,216.26922867500758
1631,0,1.6657,27573.70523415978,39.961821578500945,9.0,4.0,248.25257882999585
1633,0,1.3914,27573.70523415978,94.96740591719245,9.0,4.0,316.2275485991783
1634,0,1.5633,27573.70523415978,9.9936613638531,9.0,4.0,365.5076293110272
1635,0,1.5463,27573.70523415978,54.92482175371212,9.0,4.0,401.13706790909646
1637,0,1.4113,19708.641666666663,19.868193490445556,9.0,4.0,438.773302006396
1638,0,1.5329,19708.641666666663,29.981698619676045,9.0,4.0,448.41826397193114
1640,0,1.4364,19708.641666666663,54.74486844390061,9.0,4.0,451.06583720200985
1641,0,1.4165,19708.641666666663,10.009603111581383,9.0,4.0,443.82441184379735
1642,0,1.4856,19708.641666666663,39.95364218988701,9.0,4.0,432.64321137156594
1643,0,1.3866,19708.641666666663,34.95823575482356,9.0,4.0,419.05321389799326
1645,0,1.4436,19708.641666666663,99.9509426955002,9.0,4.0,401.17818771318315
1646,0,1.4319,19708.641666666663,45.036033986681055,9.0,4.0,384.87441572732166
1647,0,1.1893,19708.641666666663,204.9106479651706,9.0,4.0,390.5727627201729
1648,0,1.2773,13780.117318435754,119.61723062701158,9.0,4.0,372.9810705647692
1650,0,1.5551,19708.641666666663,159.08796725042546,2.0,4.0,378.24863063165793
1651,0,1.6963,12043.954385964911,54.98872206351486,5.0,4.0,232.42843010561063
1652,0,1.9209,20639.41597796143,49.99597271780013,5.0,4.0,254.60410036564178
1653,0,1.4477,20639.41597796143,14.997981461411232,5.0,4.0,275.74421098410534
1654,0,1.5618,20639.41597796143,24.964034849534407,5.0,4.0,293.04958868805454
1655,0,1.5882,20639.41597796143,24.985463159533502,5.0,4.0,311.53588268663765
1656,0,1.6713,20639.41597796143,60.056669366268125,5.0,4.0,325.3831902154328
1657,0,1.2184,20639.41597796143,19.684171258368707,10.0,4.0,19.647944238687682
1658,0,1.4713,20639.41597796143,25.007510295866126,10.0,4.0,34.66782539206427
1659,0,1.2633,20639.41597796143,124.94947132630139,10.0,4.0,109.89626207278486
1660,0,1.2033,20639.41597796143,140.0055754729377,6.0,4.0,395.36366562409006
1661,0,1.2824,19625.87123287671,74.45603638073568,6.0,4.0,443.3396355519144
1665,0,1.4501,12818.235616438356,99.98004497801858,6.0,4.0,486.1935921632596
1666,0,1.7198,12818.235616438356,29.69989984573954,6.0,4.0,429.86238995775636
1667,0,1.6146,12818.235616438356,54.630394503100476,6.0,4.0,391.33957605628837
1668,0,1.7748,12818.235616438356,15.004086523852976,6.0,4.0,364.1675700828508
1669,0,1.7431,12818.235616438356,34.518658481766174,6.0,4.0,362.18436395962203
1670,0,1.8357,12818.235616438356,30.01876935602904,6.0,4.0,373.0808744697127
1671,0,1.3593,27573.70523415978,104.63917695207734,2.0,4.0,190.8077352603466
1672,0,1.6105,20639.41597796143,14.987000695509602,4.0,4.0,232.04637225451768
1673,0,1.4108,12043.954385964911,75.03154537923723,4.0,4.0,258.87535757908114
1674,0,1.4823,12043.954385964911,54.8011598130273,4.0,4.0,268.66490739831784
1676,0,1.4011,27573.70523415978,29.994220834285365,5.0,4.0,196.33555304417737
1677,0,1.3339,27573.70523415978,109.8092013532161,5.0,4.0,257.1152961493376
1679,0,1.6638,12818.235616438356,29.980727324906592,6.0,4.0,475.392437598412
1680,0,1.4728,12818.235616438356,20.043470600625213,6.0,4.0,446.7869214787797
1681,0,1.4842,12818.235616438356,65.04038690304962,6.0,4.0,400.81301323997025
1682,0,1.4752,12818.235616438356,89.94964085341867,6.0,4.0,325.10079972216016
1683,0,1.2761,12818.235616438356,59.890848276176236,6.0,4.0,251.7646070416245
1685,0,1.315,13780.117318435754,254.7274418757455,4.0,4.0,492.1104971753765
1686,0,1.4112,13780.117318435754,19.830606571270813,4.0,4.0,356.5686633493407
1687,0,1.3326,13780.117318435754,184.8431106520522,4.0,4.0,257.18494897059446
1688,0,1.3777,13780.117318435754,144.40616883280893,4.0,4.0,118.49474931337856
1689,0,1.6268,13780.117318435754,54.72857908470124,4.0,4.0,63.61384059057887
1692,0,1.3242,27573.70523415978,45.03969314665966,2.0,4.0,194.5737887949256
1693,0,1.1531,27573.70523415978,85.97836740956653,2.0,4.0,254.00962157975036
1694,0,1.5829,27573.70523415978,29.91903639438289,4.0,4.0,120.7756219339751
1695,0,1.54,27573.70523415978,25.081243484752335,4.0,4.0,148.76847609402324
1697,0,1.7147,27573.70523415978,24.969197183694583,4.0,4.0,177.29178484384892
1699,0,1.8935,27573.70523415978,24.974983140865714,4.0,4.0,204.00469412373388
1700,0,1.6627,27573.70523415978,44.949412389972736,4.0,4.0,241.95417967226533
1701,0,1.4743,27573.70523415978,14.924911933328097,4.0,4.0,264.9320926067005
1702,0,1.4938,27573.70523415978,25.028635293293576,4.0,4.0,266.7066088618183
1703,0,1.7974,19708.641666666663,5.033670900275469,2.0,4.0,311.85707922508766
1705,0,1.503,19708.641666666663,44.74671327478295,2.0,4.0,345.47881425576026
1706,0,1.3781,27573.70523415978,14.960845863510503,5.0,4.0,144.98584138862643
1708,0,1.7915,27573.70523415978,25.008786833796343,5.0,4.0,162.54933079898538
1710,0,1.6666,27573.70523415978,20.0198830286862,5.0,4.0,184.77920944881703
1711,0,1.631,27573.70523415978,59.936575005616355,5.0,4.0,222.90743096406172
1712,0,1.5996,27573.70523415978,5.015161568501164,5.0,4.0,253.3606557309894
1714,0,1.5881,27573.70523415978,69.89287524423835,5.0,4.0,302.3905642010494
1715,0,1.7198,27573.70523415978,29.98699157756141,5.0,4.0,350.260289662506
1720,0,1.7031,19708.641666666663,39.90745244209714,5.0,4.0,276.06909506479883
1721,0,1.6475,19708.641666666663,10.006091959345909,5.0,4.0,148.1554817966373
1722,0,1.6099,19625.87123287671,74.9357648886182,5.0,4.0,145.671153140865
1723,0,1.6345,19625.87123287671,39.96064235503203,5.0,4.0,169.6635994374859
1724,0,1.8939,19625.87123287671,40.038799946459555,5.0,4.0,212.98786371838568
1725,0,1.7484,27573.70523415978,19.959936962312845,8.0,4.0,420.9213320609987
1726,0,1.6021,27573.70523415978,30.022652902887287,8.0,4.0,392.1065326054186
1727,0,1.339,27573.70523415978,14.821109119183546,8.0,4.0,368.04688166794153
1729,0,1.4076,27573.70523415978,34.95872155577768,8.0,4.0,350.6254701297914
1730,0,1.3767,27573.70523415978,10.029188148141698,8.0,4.0,339.4786356179334
1732,0,1.3256,30598.564383561643,84.9821311877886,4.0,4.0,178.8756469931564
1733,0,1.3985,30598.564383561643,24.983006628196307,4.0,4.0,171.17172886442955
1734,0,1.5719,30598.564383561643,129.3521626548939,4.0,4.0,122.3849933798298
1736,0,1.4225,19708.641666666663,34.60392757170575,3.0,4.0,197.6383288065876
1737,0,1.5235,19708.641666666663,229.28643857923245,3.0,4.0,282.61590448553676
1738,0,1.2114,27573.70523415978,10.001099581593417,11.0,4.0,171.38606557265848
1739,0,1.2752,27573.70523415978,54.96641622679779,11.0,4.0,179.95757374060491
1740,0,1.3047,27573.70523415978,49.94468059950487,11.0,4.0,177.84700664739094
1742,0,1.2947,27573.70523415978,59.95216330133535,11.0,4.0,122.74303670786242
1743,0,1.2698,27573.70523415978,55.00614054653639,11.0,4.0,98.79186375460804
1745,0,2.041,20639.41597796143,9.9583488899229,3.0,4.0,46.132321064230595
1746,0,1.8387,20639.41597796143,34.79889338422983,3.0,4.0,56.754623071592434
1747,0,1.5068,20639.41597796143,24.616341916923176,3.0,4.0,87.73746374568825
1748,0,1.738,20639.41597796143,34.989055908954896,3.0,4.0,118.35048606564293
1749,0,1.695,20639.41597796143,24.92251110267882,3.0,4.0,148.22521963412646
1751,0,1.8587,20639.41597796143,19.983704591676,3.0,4.0,174.56262988821007
1753,0,1.6586,19708.641666666663,54.733434705404726,6.0,4.0,89.47453204524673
1754,0,1.6048,19625.87123287671,14.684738612264267,6.0,4.0,111.5835316223325
1755,0,1.462,19625.87123287671,10.025907950994437,6.0,4.0,125.05705549991107
1756,0,1.5708,19708.641666666663,25.047410619571597,6.0,4.0,136.10522926990316
1757,0,1.4143,19708.641666666663,49.88546653894599,6.0,4.0,149.12923285608977
1759,0,1.4456,19708.641666666663,15.008565278483594,6.0,4.0,168.45095082616388
1760,0,1.4596,19708.641666666663,49.98324954678745,6.0,4.0,195.12569697635942
1761,0,1.5644,19708.641666666663,24.962508911078167,6.0,4.0,229.9420181975372
1762,0,1.5129,19708.641666666663,34.87696498466693,6.0,4.0,255.91166031995016
1763,0,1.6417,19708.641666666663,25.049529468176594,6.0,4.0,274.8825219174325
1764,0,1.7653,19708.641666666663,19.861927411794124,6.0,4.0,288.6763420712411
1765,0,1.5678,30598.564383561643,329.30745029535876,4.0,4.0,222.3840341002513
1766,0,2.068,30598.564383561643,19.952825849716362,4.0,4.0,321.9583691537727
1767,0,1.7752,30598.564383561643,44.95762714058155,4.0,4.0,349.73970073453654
1769,0,1.4912,20639.41597796143,54.90726175628842,4.0,4.0,286.9906162318343
1770,0,1.4333,20639.41597796143,84.65357462467485,4.0,4.0,225.46699648558877
1771,0,1.508,20639.41597796143,29.976246824451863,9.0,4.0,256.5731887822544
1772,0,1.5423,20639.41597796143,35.01143744066353,9.0,4.0,284.4609241342909
1773,0,1.2615,12043.954385964911,45.024831365352846,9.0,4.0,293.4355947549248
1774,0,1.3558,12043.954385964911,35.00450063558213,9.0,4.0,289.80562019897127
1777,0,1.2708,12043.954385964911,44.99936457204571,9.0,4.0,275.79375809262405
1778,0,1.4683,12043.954385964911,9.96321183272352,9.0,4.0,269.2207312105155
1779,0,1.4793,12043.954385964911,19.90308761890421,9.0,4.0,266.4555005972077
1780,0,1.3188,12043.954385964911,9.98906604526185,9.0,4.0,261.3787516694868
1781,0,1.5266,18143.601648351647,89.28756413648715,2.0,4.0,458.68555437817474
1783,0,1.568,18143.601648351647,69.37968061130917,2.0,4.0,390.8155445008874
1784,0,1.5991,18143.601648351647,55.04472692502351,8.0,4.0,241.62548086505257
1785,0,1.5143,18143.601648351647,109.88072560279628,8.0,4.0,160.6955754062506
1786,0,1.4598,18143.601648351647,64.95313676930152,8.0,4.0,96.36077623089541
1787,1,1.6033,34000.18630136986,29.90127625094714,3.0,4.0,102.43382955480618
1788,1,1.8834,34000.18630136986,103.94377938389988,3.0,4.0,146.8041471514629
1790,0,1.4868,34000.18630136986,24.943412930377164,6.0,4.0,206.52507281799535
1791,0,1.2869,34000.18630136986,30.024531269599706,6.0,4.0,211.67627774440828
1792,0,1.3121,34000.18630136986,60.10209902875993,6.0,4.0,227.40995249774008
1793,1,1.5476,26901.89589041096,49.956146759740115,8.0,4.0,336.34153481460424
1794,0,1.6384,26901.89589041096,35.010009204740655,8.0,4.0,344.8829375198402
1795,1,1.4039,26901.89589041096,110.06176831248803,9.0,4.0,81.22837005868922
1796,1,1.4621,42075.78082191781,105.04337384413564,9.0,4.0,87.35247888994407
1797,1,1.3973,42075.78082191781,104.96381679029157,9.0,4.0,84.25084482370917
1798,1,1.3754,42075.78082191781,119.94419206183414,9.0,4.0,180.91087398567532
1799,1,1.5414,42075.78082191781,59.98186744396567,8.0,4.0,30.591059647718655
1801,1,1.6532,42075.78082191781,50.05511676360778,8.0,4.0,86.65299508574876
1803,0,1.6158,42075.78082191781,55.0574081025115,8.0,4.0,141.42838831519876
1804,1,1.2952,34000.18630136986,10.009615465602707,3.0,4.0,211.80982522468082
1805,1,1.9775,34000.18630136986,14.905535503751734,3.0,4.0,217.52151250716366
1806,1,1.8172,34000.18630136986,20.022582749031542,3.0,4.0,232.9249320260957
1807,1,1.4931,34000.18630136986,44.963393448703485,3.0,4.0,265.1540016647217
1808,0,1.5306,34000.18630136986,15.032734920030224,3.0,4.0,297.10646066135854
1809,0,1.6552,34000.18630136986,124.78726659800395,3.0,4.0,363.1534548366748
1810,0,1.6745,34000.18630136986,29.98649972624098,3.0,4.0,432.53211671553544
1811,0,1.4983,34000.18630136986,14.981903055686306,3.0,4.0,451.7863515654765
1812,0,1.3168,21420.249315068493,259.76796711747016,3.0,4.0,380.1147844483504
1813,0,1.5699,18143.601648351647,29.996396846974243,10.0,4.0,169.77393022056765
1814,0,1.3274,18143.601648351647,65.00432916029433,10.0,4.0,180.65920133683701
1815,0,1.419,18143.601648351647,19.991641622108173,10.0,4.0,201.3881071318809
1816,0,1.3736,18143.601648351647,25.00309455448777,10.0,4.0,216.49207245997468
1818,0,1.2288,18143.601648351647,214.82112098578781,10.0,4.0,308.81134392817324
1820,1,1.6473,34000.18630136986,44.947827301475314,5.0,4.0,41.97612905379457
1821,1,1.3971,34000.18630136986,69.99994349461585,5.0,4.0,94.42023827955727
1822,0,1.7587,34000.18630136986,29.985192441204166,5.0,4.0,147.1578929233421
1823,0,1.6505,34000.18630136986,24.983658139149043,5.0,4.0,174.5440404057285
1827,0,1.5546,34000.18630136986,129.7365382040888,5.0,4.0,471.0808418264417
1828,0,1.5068,34000.18630136986,14.921462294738806,5.0,4.0,457.17558932550224
1834,0,1.7077,16320.223880597016,44.97214384656346,6.0,4.0,468.39520327837266
1835,0,1.6221,16320.223880597016,64.45468477531473,6.0,4.0,411.06397249330627
1836,0,1.6487,24915.00547945205,69.96892236647982,8.0,4.0,302.0847323171905
1837,0,1.4622,42075.78082191781,30.003255400752636,8.0,4.0,285.5073859009764
1838,0,1.4254,42075.78082191781,54.95530174611279,8.0,4.0,241.65792704918476
1839,0,1.5291,26901.89589041096,39.95082432641126,10.0,4.0,100.48540418414677
1840,0,1.4448,26901.89589041096,64.97229044393293,10.0,4.0,116.71770496628982
1841,0,1.4609,26901.89589041096,60.01527917417166,10.0,4.0,160.19194657327807
1842,0,1.5321,26901.89589041096,35.00220455909563,10.0,4.0,201.18068587353935
1843,0,1.5746,26901.89589041096,30.01601407547921,10.0,4.0,230.1419855585385
1844,0,1.6692,26901.89589041096,19.97720444006795,10.0,4.0,257.4576850918647
1845,0,1.5089,24915.00547945205,80.03514603494405,8.0,4.0,201.76495212653543
1846,0,1.5279,24915.00547945205,45.01419671839746,8.0,4.0,206.30287770804324
1847,0,1.5887,24915.00547945205,35.00105832581261,8.0,4.0,219.82223261421956
1848,0,1.4488,26901.89589041096,49.99895042193018,11.0,4.0,226.99418435385658
1849,0,1.3338,26901.89589041096,29.954528777230067,11.0,4.0,238.78704344658348
1850,0,1.2122,26901.89589041096,254.66928665908284,11.0,4.0,169.8305612865298
1851,0,1.2882,42075.78082191781,225.01835878683426,11.0,4.0,200.29596426735867
1852,0,1.2306,24915.00547945205,224.98905051722627,11.0,4.0,176.34734659374362
1853,1,1.6642,34000.18630136986,45.027740401675615,8.0,4.0,33.22183881540181
1854,1,1.347,34000.18630136986,35.02172139956317,8.0,4.0,67.28276751884161
1855,1,1.4888,34000.18630136986,34.9508542606226,8.0,4.0,103.20045222568083
1856,0,1.4725,34000.18630136986,45.00606109170137,8.0,4.0,143.2697214977077
1857,0,1.4401,34000.18630136986,14.749940446112525,3.0,4.0,312.39297570800596
1858,0,1.3874,34000.18630136986,30.015598833756734,3.0,4.0,336.6892569294869
1860,0,1.7426,34000.18630136986,44.96394322011788,3.0,4.0,373.39001372049927
1861,0,1.7058,34000.18630136986,54.89813101671318,3.0,4.0,413.5237276013215
1862,0,1.736,34000.18630136986,64.91713835613902,3.0,4.0,465.396925402732
1868,1,1.5165,34000.18630136986,84.90826252985397,8.0,4.0,118.95598300299402
1869,1,1.3964,34000.18630136986,149.94050629730003,8.0,4.0,211.40967051631398
1870,1,1.2076,37106.39178082192,69.49132579875204,6.0,4.0,133.8239042755651
1871,1,1.7604,37106.39178082192,49.82923888134749,6.0,4.0,195.30303770276942
1872,1,1.4765,37106.39178082192,49.154809246734686,6.0,4.0,238.88011703995736
1881,1,1.5735,37106.39178082192,55.00798392717877,8.0,4.0,489.2808893568649
1882,1,1.7835,17246.194520547946,44.8527957802071,4.0,4.0,270.7354011163362
1883,1,1.832,17246.194520547946,44.949093874353224,4.0,4.0,312.7695020166226
1884,1,1.8225,17246.194520547946,79.96708616291403,4.0,4.0,373.952322403313
1886,0,1.4635,12818.235616438356,146.80891974082516,2.0,4.0,194.43223764746267
1888,0,1.4302,12818.235616438356,24.873168843300025,2.0,4.0,326.9954028225602
1890,0,1.414,30310.46301369863,59.9409213986062,2.0,4.0,304.9531430416375
1891,0,1.446,12818.235616438356,236.1755955951115,2.0,4.0,275.04362302463323
1892,0,1.3563,30310.46301369863,113.64728732772194,2.0,4.0,335.99399980683984
1896,0,1.2957,12818.235616438356,24.90942474203623,6.0,4.0,27.699777438241842
1897,0,1.3395,12818.235616438356,134.6436583023193,6.0,4.0,102.17286103346198
1900,0,1.1898,12818.235616438356,34.98758965560252,6.0,4.0,195.87134381320485
1901,0,1.3569,12818.235616438356,29.963894086494847,6.0,4.0,229.30186772801648
1902,0,1.4346,12818.235616438356,9.979805584709066,6.0,4.0,250.65258649882236
1903,0,1.4582,12818.235616438356,25.035366614479596,6.0,4.0,269.8235294243236
1908,0,1.5285,30310.46301369863,34.98688565132789,6.0,4.0,227.40286572570625
1909,0,1.6619,30310.46301369863,29.91732261473799,6.0,4.0,197.00527491783404
1915,0,1.7542,12818.235616438356,29.795844022707676,4.0,4.0,108.12508372245367
1916,0,1.5044,12818.235616438356,119.48799652824583,4.0,4.0,171.2153011004927
1917,0,1.6858,12818.235616438356,34.49759934609457,4.0,4.0,230.35537191359435
1918,0,1.8605,41638.88493150685,25.039431280211964,4.0,4.0,420.18299489535303
1919,0,1.8348,41638.88493150685,15.017974436231516,4.0,4.0,400.0777753296431
1922,0,1.6211,27573.70523415978,30.033129035683736,8.0,4.0,383.44764581532866
1923,0,1.5841,27573.70523415978,15.01657859704197,8.0,4.0,389.51882965043706
1924,0,1.513,27573.70523415978,59.99269478451094,8.0,4.0,402.3071316203186
1925,0,1.6622,27573.70523415978,25.00309564090875,8.0,4.0,419.8776465605837
1926,0,1.4782,27573.70523415978,39.96623511548825,8.0,4.0,436.2593686019532
1927,0,1.4669,27573.70523415978,25.014295957781382,8.0,4.0,454.0567256442617
1928,0,1.415,27573.70523415978,5.03115877442462,8.0,4.0,464.96181111086173
1930,0,1.4163,27573.70523415978,84.99282036054926,8.0,4.0,490.45063207415524
1931,0,1.2737,12818.235616438356,159.99693166046137,8.0,4.0,486.8792593967089
1932,0,1.7044,12818.235616438356,14.937407979211214,5.0,4.0,228.5557051339208
1933,0,1.7419,12818.235616438356,20.049107088486714,5.0,4.0,243.27784015814214
1934,0,1.5175,12818.235616438356,59.98257312975145,5.0,4.0,277.01067191092204
1935,0,1.269,12818.235616438356,44.979141952347504,5.0,4.0,322.3786020859634
1936,0,1.4748,12818.235616438356,14.947214903140747,5.0,4.0,350.955275849126
1937,0,1.5338,12818.235616438356,49.65839504329377,5.0,4.0,342.392462726979
1938,0,1.312,12818.235616438356,9.378401773845185,5.0,4.0,327.5742156690302
1939,0,1.8558,12818.235616438356,39.92306062944209,4.0,4.0,260.6789595317001
1940,0,1.7556,12818.235616438356,9.99067692049274,4.0,4.0,237.7098075276961
1943,0,1.7772,12818.235616438356,129.36146565890192,4.0,4.0,171.69260608717977
1944,0,1.3895,12818.235616438356,19.891232472587987,4.0,4.0,179.28719063295662
1945,0,1.5577,12818.235616438356,24.92276758314855,4.0,4.0,195.97047607029987
1946,0,1.3686,12818.235616438356,54.99111563505367,4.0,4.0,216.30179839368563
1947,0,1.8224,12818.235616438356,29.987797508911022,4.0,4.0,243.38364690573232
1951,0,1.605,27573.70523415978,24.901837557712046,3.0,4.0,250.9700386429715
1952,0,1.3164,27573.70523415978,9.940266966100186,3.0,4.0,241.7135369614942
1953,0,1.2776,27573.70523415978,44.90696479763456,3.0,4.0,233.3514143522894
1954,0,1.4707,27573.70523415978,25.000589566375066,3.0,4.0,227.57178370717637
1955,0,1.5289,27573.70523415978,19.95859373987526,3.0,4.0,225.60329772364832
1956,0,1.3923,27573.70523415978,15.04077232801937,3.0,4.0,226.07951428322804
1958,0,1.4051,27573.70523415978,89.71209783116727,3.0,4.0,249.83275525767183
1959,0,1.4689,27573.70523415978,14.802078281112362,7.0,4.0,193.15685086106362
1960,0,1.6269,27573.70523415978,14.917981483917224,7.0,4.0,201.99938263125009
1961,0,1.594,27573.70523415978,49.97529979953819,7.0,4.0,230.97931314808645
1962,0,1.5184,27573.70523415978,54.98808440495673,7.0,4.0,283.16774338790106
1963,0,1.6031,27573.70523415978,15.03025139494823,7.0,4.0,318.70574543362716
1965,0,1.4102,27573.70523415978,69.89491586397949,7.0,4.0,363.633253244418
1966,0,1.7124,27573.70523415978,4.983947070292813,7.0,4.0,398.85322982254274
1967,0,1.7898,27573.70523415978,25.03970115282287,7.0,4.0,414.4779294528955
1968,0,1.6656,27573.70523415978,19.992057745445482,7.0,4.0,436.3675276849321
1969,0,1.6368,41638.88493150685,15.008452643144484,7.0,4.0,445.5021576041137
1970,0,1.6005,41638.88493150685,24.951291957338427,7.0,4.0,436.38942066201616
1972,0,1.6747,41638.88493150685,24.882726131959757,7.0,4.0,424.93316810490154
1973,0,1.4476,41638.88493150685,55.04211551761044,7.0,4.0,398.55179379104214
1974,0,1.6374,41638.88493150685,24.924792366276435,7.0,4.0,373.30393657337726
1975,0,1.5989,41638.88493150685,19.937304898987872,7.0,4.0,379.5129350128363
1976,0,1.6393,12818.235616438356,14.94736267563471,7.0,4.0,375.6482725792651
1977,0,1.5493,12818.235616438356,59.86135290328271,7.0,4.0,346.72677961354754
1978,0,1.273,12818.235616438356,64.86215175903533,7.0,4.0,293.1351619603432
1979,0,1.2538,12818.235616438356,114.94126587336541,7.0,4.0,212.21475396393052
1981,0,1.6144,12818.235616438356,9.952052448673962,7.0,4.0,185.31439386262954
1982,0,1.7373,31211.10136986301,94.95809297559792,5.0,4.0,180.73578909028063
1983,0,1.9327,31211.10136986301,24.99606791089668,5.0,4.0,156.47042911467113
1984,0,1.9304,31211.10136986301,4.988019663098827,5.0,4.0,153.3466818265067
1985,0,1.6315,31211.10136986301,24.96718015647067,5.0,4.0,152.57097099633893
1986,0,1.38,19718.77808219178,89.98439933494967,8.0,4.0,119.08690651745523
1987,0,1.529,19718.77808219178,34.90873148628835,8.0,4.0,179.09627234253475
1988,0,1.6175,19718.77808219178,34.82740160540969,8.0,4.0,215.99914941965844
1989,0,1.5017,19718.77808219178,49.89042693910552,8.0,4.0,229.06720583649576
1990,0,1.1847,21420.249315068493,70.00906278354309,14.0,4.0,451.28948352862824
1991,0,1.2573,21420.249315068493,19.965839153990057,14.0,4.0,448.477932617891
1992,0,1.1781,21420.249315068493,154.99746272960078,14.0,4.0,452.8065120730426
1993,0,1.1698,21420.249315068493,130.02988335618244,14.0,4.0,467.7225447601596
1994,0,1.1746,21420.249315068493,189.8810869625605,14.0,4.0,472.8960089701653
1995,0,1.1703,21420.249315068493,149.93845460481964,14.0,4.0,484.94077703881595
1996,0,1.1613,18143.601648351647,130.06578616840875,14.0,4.0,406.5818897970323
1997,0,1.203,18143.601648351647,150.02722987881037,14.0,4.0,338.9928896501783
1998,0,1.4555,31211.10136986301,80.0215076183624,8.0,4.0,29.964034188856242
2000,0,1.3163,31211.10136986301,130.02883206248669,8.0,4.0,139.84528883625748
2001,0,1.4043,19718.77808219178,64.97233184092882,8.0,4.0,208.86316638156327
2002,0,1.3524,19718.77808219178,65.04313949192385,8.0,4.0,144.87999427560584
2003,0,1.5595,19718.77808219178,44.97383386188315,8.0,4.0,98.31876397500733
2004,0,1.543,19718.77808219178,59.965439523149946,8.0,4.0,65.71069490470914
2005,0,1.5861,19718.77808219178,114.7753701506225,8.0,4.0,87.4655904955136
2007,0,1.7308,31211.10136986301,15.028190531518032,4.0,4.0,295.59538308280275
2008,0,2.0617,31211.10136986301,9.899561512278044,4.0,4.0,285.4338651530458
2009,0,1.7176,31211.10136986301,49.93058179653453,4.0,4.0,269.58495624053506
2010,0,1.6778,31211.10136986301,49.730249513998395,4.0,4.0,272.40094254645624
2011,0,1.7626,31211.10136986301,19.988581578311035,4.0,4.0,305.2801890275135
2012,0,1.6132,30310.46301369863,69.97258794496935,4.0,4.0,308.7636871423314
2013,1,1.584,31211.10136986301,60.04499077569132,8.0,4.0,353.3081007621022
2014,1,1.5244,31211.10136986301,70.00433423309502,8.0,4.0,290.3860304472629
2015,0,1.5826,31211.10136986301,45.00824390336858,8.0,4.0,235.02477407476172
2016,0,1.4893,31211.10136986301,50.041869430206155,8.0,4.0,186.8315925411712
2017,0,1.5162,31211.10136986301,39.989727615591114,8.0,4.0,146.41398617994759
2021,1,1.4447,37106.39178082192,139.95573894652043,6.0,4.0,498.30396642424176
2022,1,1.3845,37106.39178082192,184.53739527594757,6.0,4.0,396.51374550864386
2023,1,1.2536,37106.39178082192,189.84348819949614,9.0,4.0,369.4468354337526
2025,0,1.5809,31211.10136986301,34.922977138195485,8.0,4.0,252.35369089399526
2026,0,1.6984,31211.10136986301,4.9805427244125235,8.0,4.0,246.3032009759751
2027,0,1.3899,31211.10136986301,50.00975276874862,8.0,4.0,240.67139412177852
2028,0,1.5681,31211.10136986301,39.895390280040054,8.0,4.0,238.68281225576268
2029,0,1.401,31211.10136986301,94.93547109776162,8.0,4.0,268.95229983381
2030,0,1.4976,31211.10136986301,30.005996749583005,8.0,4.0,310.2147050073686
2031,0,1.3484,19718.77808219178,85.0037124775036,8.0,4.0,309.6089992179522
2033,0,1.7311,30310.46301369863,54.81944502834028,2.0,4.0,329.22920918531264
2034,0,1.7047,31211.10136986301,35.0374779567046,2.0,4.0,301.9103805788028
2035,0,1.6476,31211.10136986301,24.99680247302424,2.0,4.0,283.47823351835916
2036,0,1.7478,31211.10136986301,39.82896377840066,2.0,4.0,267.6631010671155
2037,0,1.7897,31211.10136986301,59.923438662888124,5.0,4.0,320.8300609169384
2038,0,1.7913,31211.10136986301,34.88491414204365,5.0,4.0,284.35109864734113
2040,0,1.6301,31211.10136986301,29.955134032164906,5.0,4.0,245.43685393290463
2041,0,1.7137,31211.10136986301,40.013768497725906,5.0,4.0,227.2688940796892
2042,0,1.5512,31211.10136986301,59.95370676404036,5.0,4.0,210.1797833839162
2043,0,1.5792,31211.10136986301,29.9993856410032,8.0,4.0,272.42395694476124
2044,0,1.4009,19718.77808219178,49.95747429728935,8.0,4.0,273.85048749809
2045,0,1.6714,19718.77808219178,35.01292856161717,8.0,4.0,247.45979905711124
2047,1,1.5834,37106.39178082192,24.918137956328398,7.0,4.0,252.5813475430844
2048,1,1.5159,37106.39178082192,45.05553504405203,7.0,4.0,245.2422329957798
2049,0,1.5189,37106.39178082192,34.99041259129582,7.0,4.0,242.05053359215074
2050,0,1.723,37106.39178082192,25.072651604246765,7.0,4.0,244.99748579150398
2051,0,1.6706,37106.39178082192,25.00645262140845,7.0,4.0,250.01403358612671
2052,0,1.7612,37106.39178082192,25.006452359329774,7.0,4.0,258.47819555104144
2053,0,1.6216,37106.39178082192,74.68754114411068,7.0,4.0,288.41757628986966
2054,0,1.3679,31211.10136986301,45.02367973851085,2.0,4.0,216.02937907000128
2055,0,1.5379,31211.10136986301,25.010240773480987,2.0,4.0,179.3513142622192
2056,0,1.5963,31211.10136986301,74.9913746281839,2.0,4.0,128.3877805889914
2057,0,1.7403,31211.10136986301,34.99167435350602,8.0,4.0,297.23641849374934
2058,0,1.4255,31211.10136986301,54.93570300153277,8.0,4.0,305.0910209766331
2059,0,1.6313,31211.10136986301,25.008822300467475,8.0,4.0,317.4059039092452
2060,1,1.5029,31211.10136986301,14.963928235969068,8.0,4.0,321.311118877935
2061,1,1.6413,31211.10136986301,40.05178918374734,8.0,4.0,319.21698397434426
2062,0,1.6566,31211.10136986301,39.905887777112305,5.0,4.0,165.15587376888234
2063,0,1.4685,31211.10136986301,39.97566974158903,5.0,4.0,161.3597930016102
2064,0,1.6245,31211.10136986301,35.04000444144346,5.0,4.0,169.4745194640414
2065,0,1.7664,31211.10136986301,24.963353217932323,7.0,4.0,79.1819188188075
2066,0,1.6662,31211.10136986301,19.983806889101615,7.0,4.0,94.43502983156749
2067,0,1.2749,31211.10136986301,5.057521856216299,7.0,4.0,104.52094458868014
2068,0,1.5243,31211.10136986301,80.02838373406601,7.0,4.0,139.3286344675909
2069,0,1.3633,31211.10136986301,30.01765781303994,7.0,4.0,191.6564861801964
2070,0,1.5376,31211.10136986301,25.03306577530104,7.0,4.0,218.81191787147188
2072,0,1.4635,31211.10136986301,79.97394316202634,7.0,4.0,280.7953292653623
2073,0,1.5074,19718.77808219178,110.0049543490316,8.0,4.0,53.23703830543645
2074,0,1.4819,19718.77808219178,35.0431622616718,8.0,4.0,114.04899406640673
2075,0,1.4361,19718.77808219178,29.97335789253472,8.0,4.0,144.9382733692212
2076,0,1.5627,19718.77808219178,30.057289434095857,8.0,4.0,174.65746832644174
2077,0,1.532,19718.77808219178,34.991592901157944,8.0,4.0,208.8195969177386
2078,0,1.4321,31211.10136986301,59.95356761815076,8.0,4.0,205.64496773000366
2081,0,1.3389,19718.77808219178,79.53650273679915,4.0,4.0,229.83541072984644
2082,0,1.4202,31211.10136986301,94.93980715444619,12.0,4.0,274.7826472016518
2083,0,1.4364,31211.10136986301,60.032847359963036,12.0,4.0,249.54638627410495
2084,0,1.3927,31211.10136986301,159.9441686274474,8.0,4.0,390.5859014212801
2085,0,1.5517,31211.10136986301,140.0083598818437,8.0,4.0,319.35523146347185
2086,1,1.5356,31211.10136986301,115.0319124651615,8.0,4.0,310.50785107111597
2087,1,1.7134,31211.10136986301,59.811731256508246,8.0,4.0,322.18578097341367
2088,1,1.5322,37106.39178082192,4.947417266914607,7.0,4.0,316.7259780530049
2089,1,1.5874,37106.39178082192,24.917644007753154,7.0,4.0,310.07748332501797
2090,1,1.6885,37106.39178082192,29.99053085475651,7.0,4.0,307.866994293233
2092,0,1.7656,37106.39178082192,24.930693916277257,7.0,4.0,308.42528629425533
2093,0,1.5633,37106.39178082192,29.73955531634929,7.0,4.0,309.27922123739455
2094,0,1.568,37106.39178082192,24.734365006841255,7.0,4.0,318.0575021282022
2095,0,1.3749,31211.10136986301,64.3537046704982,6.0,4.0,103.86976474858402
2096,0,1.7487,31211.10136986301,94.35974628359659,6.0,4.0,71.92215783676198
2097,0,1.3925,31211.10136986301,60.08003340730814,8.0,4.0,210.13976490715487
2098,0,1.286,31211.10136986301,79.96778141803227,8.0,4.0,236.28673708055973
2100,0,1.5381,31211.10136986301,55.03748133999882,8.0,4.0,278.68107700183543
2101,0,1.5044,19113.699724517905,60.00066904319823,8.0,4.0,289.15741140308944
2102,0,1.3694,31211.10136986301,154.97451820598678,8.0,4.0,368.877588219061
2103,0,1.3837,31211.10136986301,104.97905946291498,8.0,4.0,240.35697274410808
2104,0,1.5726,31211.10136986301,94.92206544131197,8.0,4.0,152.0527240860958
2105,0,1.5784,31211.10136986301,59.9061495975655,8.0,4.0,115.40832309612631
2106,0,1.4569,31211.10136986301,104.9481599714077,6.0,4.0,268.0439141727559
2107,0,1.6185,31211.10136986301,44.91588415665269,6.0,4.0,207.78209461798866
2109,0,1.6816,31211.10136986301,45.024931886669485,6.0,4.0,176.760963015308
2110,0,1.4667,19718.77808219178,109.95962851783482,8.0,4.0,105.86742962591714
2111,0,1.5557,19718.77808219178,29.999681526583483,8.0,4.0,145.60936808115247
2112,0,1.3419,19718.77808219178,29.93743787347691,8.0,4.0,169.6099121218075
2113,0,1.5544,19718.77808219178,29.937479547549017,8.0,4.0,198.75056858111535
2114,0,1.7801,19718.77808219178,35.00245381872736,8.0,4.0,229.69415458370327
2115,0,1.564,31211.10136986301,60.06210423961396,8.0,4.0,252.3718480481064
2116,0,1.5091,17246.194520547946,44.37806772417279,3.0,4.0,289.89982743445825
2119,0,1.4835,34000.18630136986,49.909392931315494,3.0,4.0,246.1944427640312
2120,0,1.4135,16320.223880597016,109.81413463563062,3.0,4.0,273.554172007612
2123,1,1.4349,37106.39178082192,49.99966747503909,5.0,4.0,315.20073534291527
2124,1,1.3819,37106.39178082192,70.00189525808692,5.0,4.0,329.63946318806524
2125,0,1.6703,37106.39178082192,24.98032952710252,5.0,4.0,354.9018057694774
2126,0,1.5614,37106.39178082192,34.98838328679861,5.0,4.0,377.8750907821104
2127,0,1.5779,37106.39178082192,10.005428560950747,5.0,4.0,398.16859487384124
2128,0,1.5213,24915.00547945205,149.86397667764294,6.0,4.0,208.61603011764427
2129,0,1.3568,24915.00547945205,115.00589794151117,8.0,4.0,122.2755439972945
2130,0,1.3403,24915.00547945205,89.99596893877133,8.0,4.0,187.25785554682804
2131,0,1.406,42075.78082191781,39.987608278297536,8.0,4.0,199.70549443355333
2132,0,1.4118,42075.78082191781,55.119843812726394,8.0,4.0,205.97506183514471
2133,0,1.4405,42075.78082191781,35.03292354153118,8.0,4.0,222.63128543343328
2134,0,1.8677,16320.223880597016,44.73864868399708,6.0,4.0,208.78173998170104
2135,0,1.3642,16320.223880597016,94.06379050594528,6.0,4.0,144.60788836021453
2136,0,1.6497,16320.223880597016,89.61791812378925,6.0,4.0,167.332158355919
2137,0,1.3388,19708.641666666663,19.97819537432837,10.0,4.0,273.41427876843284
2139,0,1.3122,19708.641666666663,74.98858899044268,10.0,4.0,308.36480180149215
2141,0,1.3054,19708.641666666663,119.89865218508267,10.0,4.0,377.1495746170746
2142,0,1.5848,19708.641666666663,15.001494170208048,10.0,4.0,427.7186319200212
2143,0,1.7117,19708.641666666663,19.576540831633746,10.0,4.0,445.54251328902416
2145,0,1.4678,19708.641666666663,129.4806343775845,2.0,4.0,248.47449759174532
2147,0,1.4752,19708.641666666663,39.832360799067445,9.0,4.0,260.4043153604811
2149,0,1.4042,19708.641666666663,59.97195869414288,9.0,4.0,245.69743280938147
2150,0,1.3106,19708.641666666663,69.85936043192116,9.0,4.0,257.4400659703893
2151,0,1.3748,19708.641666666663,20.009097607514526,9.0,4.0,285.6030126092256
2152,0,1.2452,19625.87123287671,80.04040461293762,9.0,4.0,309.7267278128643
2153,0,1.3377,19625.87123287671,138.97620979385707,9.0,4.0,326.03187820208893
2154,0,1.2379,11245.60989010989,189.68458761927135,8.0,4.0,49.71840240597425
2155,0,1.2236,11245.60989010989,15.051598492601565,8.0,4.0,149.64953846666828
2156,0,1.3095,11245.60989010989,10.003530093299478,8.0,4.0,166.41786001449972
2157,0,1.2119,11245.60989010989,79.96176476221659,8.0,4.0,211.88088500485068
2159,0,1.2466,11245.60989010989,15.036781796116806,8.0,4.0,258.97381522195303
2160,0,1.2529,11245.60989010989,85.00030155189933,8.0,4.0,307.20623381275243
2161,0,1.336,11245.60989010989,24.987729198569077,8.0,4.0,355.5720188213086
2162,0,1.2754,11245.60989010989,10.041359635306096,8.0,4.0,374.1057401427333
2163,0,1.1876,11245.60989010989,104.95265612882525,8.0,4.0,430.2149610252837
2174,0,1.2484,6777.397260273972,84.40984414008902,4.0,4.0,152.5656551826704
2175,0,1.33,6777.397260273972,159.78265287682072,4.0,4.0,278.1958898071791
2176,0,1.7113,6777.397260273972,104.04286139046353,4.0,4.0,395.4494796994383
2178,0,1.3308,6777.397260273972,204.91922550803994,4.0,4.0,208.44181456025746
2179,0,1.8759,6777.397260273972,35.02583858792822,4.0,4.0,327.27352754142066
2180,0,1.4234,12458.46301369863,145.02487644571485,3.0,4.0,413.8308933356133
2181,0,1.3959,12458.46301369863,169.99413551557234,3.0,4.0,320.3198475230689
2182,0,1.4207,10168.14794520548,234.99589322683408,3.0,4.0,288.7122972403695
2184,0,1.4582,11245.60989010989,109.85869656237574,3.0,4.0,324.8073409155515
2185,0,1.6166,11245.60989010989,54.9175612616007,3.0,4.0,403.21954611408455
2186,0,1.3997,11245.60989010989,4.987983738075678,3.0,4.0,430.48810665474343
2187,0,1.577,11245.60989010989,114.87336976727053,3.0,4.0,486.40528163232875
2188,0,1.4812,11245.60989010989,4.980520012481708,3.0,4.0,484.11090819970667
2194,0,1.1996,11245.60989010989,215.05595812310517,3.0,4.0,408.70992470534
2195,0,1.2111,11245.60989010989,334.6225485891404,3.0,4.0,395.6407952774962
2198,0,1.4679,11245.60989010989,20.03573298875873,3.0,4.0,474.94969061093445
2199,0,1.5356,11245.60989010989,194.6469148254032,3.0,4.0,451.6588877186224
2210,0,1.2817,6777.397260273972,115.00202341478517,2.0,4.0,398.45433074215634
2211,0,1.6256,6777.397260273972,14.893210261333563,2.0,4.0,361.58580445561233
2213,0,1.8501,6777.397260273972,133.376551704859,2.0,4.0,364.9520380751669
2215,0,1.1909,18789.783561643835,124.84915293930314,4.0,4.0,166.2263508729446
2216,0,1.3062,6777.397260273972,394.6128969810294,4.0,4.0,363.74882357671635
2217,0,1.259,6777.397260273972,174.850225337436,4.0,4.0,112.70907567737545
2220,0,1.5035,22843.43561643836,50.01593543760245,6.0,4.0,22.684860587739344
2221,0,1.5901,22843.43561643836,44.94892272846496,6.0,4.0,70.08226316667144
2222,0,1.6735,22843.43561643836,45.0459887396911,6.0,4.0,115.53103366903224
2223,0,1.409,42311.260273972606,30.0530336318956,8.0,4.0,79.39063484246073
2224,0,1.6394,42311.260273972606,35.01893192804831,8.0,4.0,103.10503341820893
2225,0,1.7056,42311.260273972606,29.98434866622096,8.0,4.0,131.95644384105367
2226,0,1.6796,42311.260273972606,25.003025717408814,8.0,4.0,157.0129209457164
2227,0,1.5248,42311.260273972606,60.0217617832331,8.0,4.0,197.666938785475
2228,0,1.5793,42311.260273972606,59.97840134949569,8.0,4.0,259.11311553589564
2229,0,1.6665,31519.065753424657,30.037524988836665,8.0,4.0,220.0667403414498
2230,0,1.7471,31519.065753424657,25.046470343976342,8.0,4.0,195.34139598566009
2231,0,1.7118,31519.065753424657,29.984156175383344,8.0,4.0,168.58165048856972
2232,0,1.6995,31519.065753424657,24.9679490174238,8.0,4.0,144.73340600138863
2234,0,1.6095,42311.260273972606,54.961345894117805,9.0,4.0,250.5533721825325
2235,0,1.4293,42311.260273972606,40.02268271584119,9.0,4.0,254.0938342510134
2236,0,1.5968,42311.260273972606,25.02583518777517,9.0,4.0,262.4091196111627
2237,0,1.4765,22843.43561643836,34.96589731156448,6.0,4.0,268.2744020789773
2238,0,1.6,22843.43561643836,44.983717565082934,6.0,4.0,226.85300704873555
2239,0,1.5523,22843.43561643836,29.99528898044489,6.0,4.0,187.13929722964076
2240,0,1.4681,22843.43561643836,29.995246344717234,6.0,4.0,154.98414327903214
2241,0,1.6463,22843.43561643836,29.995206542978394,6.0,4.0,125.62912094462231
2242,0,1.3273,22843.43561643836,104.97093739998985,6.0,4.0,64.81918645803076
2243,0,1.4569,22843.43561643836,104.95882000214507,6.0,4.0,77.55024084820751
2244,0,1.3798,18789.783561643835,154.35994599769793,6.0,4.0,193.20268226014392
2245,0,1.3501,18789.783561643835,50.0268713607928,6.0,4.0,186.50190599205126
2246,0,1.4706,22843.43561643836,65.02735350107297,8.0,4.0,198.8620855639282
2247,0,1.5565,22843.43561643836,65.04618516191707,8.0,4.0,220.66137346658456
2248,0,1.5757,22843.43561643836,64.99040659650633,8.0,4.0,307.97030449657393
2249,0,1.4849,22843.43561643836,29.98424059074482,8.0,4.0,317.4850120320483
2250,0,1.6048,22843.43561643836,29.9408381948015,8.0,4.0,326.8974684329138
2251,0,1.6935,22843.43561643836,59.9591628517395,8.0,4.0,345.88268798456386
2253,0,1.5342,42311.260273972606,55.05317672435481,8.0,4.0,165.4730431296847
2254,0,1.6367,42311.260273972606,39.968168198672544,8.0,4.0,170.71480527905408
2255,0,1.7011,42311.260273972606,20.032644590575707,8.0,4.0,182.20193550601834
2257,0,1.5416,22843.43561643836,54.99335845949091,8.0,4.0,120.81965780685854
2258,0,1.529,22843.43561643836,45.01567085429653,8.0,4.0,137.59814351540106
2259,0,1.3927,22843.43561643836,50.0513855088607,8.0,4.0,166.57198141227474
2261,0,1.4155,22843.43561643836,45.03773459601535,8.0,4.0,99.18435726196724
2262,0,1.4322,22843.43561643836,44.96081016970087,8.0,4.0,119.82976888641659
2263,0,1.7058,22843.43561643836,40.04934081214198,8.0,4.0,149.44428331992367
2264,0,1.3741,22843.43561643836,29.95613016534084,10.0,4.0,105.51757224911948
2265,0,1.3505,22843.43561643836,39.924404742374065,10.0,4.0,126.37095890804004
2266,0,1.3627,22843.43561643836,65.005979466822,10.0,4.0,166.7788770023152
2268,0,1.5899,22843.43561643836,49.976934813039605,6.0,4.0,196.90541868645056
2269,0,1.7344,22843.43561643836,39.9379466004697,6.0,4.0,207.63828619365773
2270,0,1.6366,22843.43561643836,40.077593448157884,6.0,4.0,226.70448129311174
2272,0,1.4431,22843.43561643836,45.049537871218135,8.0,4.0,282.03140377526046
2273,0,1.4524,22843.43561643836,45.00342205843764,8.0,4.0,290.25490191369954
2274,0,1.4808,22843.43561643836,34.944672620996585,8.0,4.0,302.8271542483936
2275,0,1.6028,42311.260273972606,35.00202132861687,8.0,4.0,180.45006621663202
2276,0,1.7343,42311.260273972606,44.975467978957624,8.0,4.0,169.81269969129653
2277,0,1.5807,42311.260273972606,55.061090607236984,8.0,4.0,171.99418801037285
2280,0,1.6527,19718.77808219178,54.9804850839299,8.0,4.0,243.21017743966067
2281,0,1.6016,19718.77808219178,45.00883454328443,8.0,4.0,256.95387636443337
2282,0,1.6479,19718.77808219178,44.998066180228676,8.0,4.0,277.01453278038133
2283,0,1.5085,22843.43561643836,85.02549943337503,7.0,4.0,256.70056505947525
2284,0,1.4648,22843.43561643836,29.984127712583824,7.0,4.0,203.7626915355458
2285,0,1.4924,22843.43561643836,64.98135846804941,7.0,4.0,160.57182017371343
2286,0,1.3851,22843.43561643836,105.01405149781652,7.0,4.0,103.14324286964963
2287,0,1.3197,22843.43561643836,104.9913064245311,7.0,4.0,111.07681028781715
2288,0,1.3539,22843.43561643836,110.02642181421278,7.0,4.0,196.51312672445653
2289,0,1.3141,42311.260273972606,65.01165210619439,8.0,4.0,177.566868123606
2290,0,1.4854,42311.260273972606,30.01958558893506,8.0,4.0,201.63189670337152
2291,0,1.4368,42311.260273972606,30.01956039916994,8.0,4.0,220.72660390096456
2292,0,1.5176,42311.260273972606,50.01599536778444,8.0,4.0,252.96924044644993
2293,0,1.5657,31519.065753424657,59.98897235736671,8.0,4.0,245.9071752749725
2294,0,1.7044,31519.065753424657,29.994448464793454,8.0,4.0,196.97854919911094
2295,0,1.6818,31519.065753424657,24.898095310312737,8.0,4.0,168.78533759318165
2296,0,1.7253,31519.065753424657,50.00232384339303,8.0,4.0,127.2511251607645
2297,0,1.6868,31519.065753424657,99.96634970830063,4.0,4.0,187.62617761807383
2298,0,1.6008,31519.065753424657,105.0144407778742,4.0,4.0,190.06743771065527
2300,0,1.5989,42311.260273972606,55.02542756926859,9.0,4.0,62.29589233428212
2301,0,1.44,42311.260273972606,39.98381399943116,9.0,4.0,76.64488522719819
2302,0,1.5353,42311.260273972606,20.003983521585575,9.0,4.0,99.35239729569575
2303,0,1.4071,24915.00547945205,79.94201421566257,10.0,4.0,164.25746371106388
2304,0,1.3099,31519.065753424657,90.0348604657186,10.0,4.0,236.89658745842513
2305,0,1.4127,31519.065753424657,90.03449794270954,10.0,4.0,200.50536880044714
2306,0,1.3824,31519.065753424657,59.99471774064937,10.0,4.0,200.7668098448476
2307,0,1.3054,31519.065753424657,60.00963533912043,10.0,4.0,224.81773871101115
2308,0,1.393,29454.12328767123,55.03729772944065,10.0,4.0,262.6606713833528
2309,0,1.511,29454.12328767123,25.039510928512207,10.0,4.0,228.5044170924244
2310,0,1.4617,29454.12328767123,25.039484982997102,10.0,4.0,205.98979801160476
2311,0,1.4233,29454.12328767123,60.049856482756304,10.0,4.0,173.1590437484221
2312,0,1.4954,29454.12328767123,30.024877365856224,10.0,4.0,148.12377069498265
2313,0,1.6321,29454.12328767123,30.02484297449948,10.0,4.0,137.77405456514296
2314,0,1.5041,29454.12328767123,59.96359278105105,10.0,4.0,135.71371443904636
2315,0,1.4411,29454.12328767123,59.99242842097073,10.0,4.0,158.00527298089884
2316,0,1.3398,18789.783561643835,120.04957672711751,11.0,4.0,458.6819087663313
2325,0,1.3292,33247.925619834714,479.3943168078244,10.0,4.0,330.07986552870153
2327,0,1.7315,33247.925619834714,89.79714406235017,2.0,4.0,227.74309905611065
2328,0,1.4474,33247.925619834714,29.99525780615481,2.0,4.0,179.9314333517576
2329,0,1.5647,33247.925619834714,20.00439709721808,2.0,4.0,160.82924265373936
2330,0,1.4646,33247.925619834714,79.84325915322484,2.0,4.0,142.17957160212316
2331,0,1.2649,33247.925619834714,114.96144415103302,10.0,4.0,386.9498499663735
2333,0,1.311,33247.925619834714,79.95173428532787,10.0,4.0,435.2885442830711
2334,0,1.262,33247.925619834714,40.004513680536306,10.0,4.0,472.4766799940128
2340,0,1.3677,18789.783561643835,105.07063342759831,10.0,4.0,440.2936914216991
2342,0,1.3688,22843.43561643836,105.02650755501081,10.0,4.0,440.13869196827676
2344,0,1.2514,22843.43561643836,229.9919571054489,14.0,4.0,495.90275296100634
2347,0,1.2436,18789.783561643835,224.99784093123344,14.0,4.0,488.15792518864265
2348,0,1.1598,12818.235616438356,29.849759903809726,1.0,4.0,214.11524294360697
2349,0,1.1821,12818.235616438356,109.47661170339906,1.0,4.0,266.47353248199425
2350,0,1.2406,12818.235616438356,69.94060860077147,1.0,4.0,354.86377323558173
2351,0,1.447,29454.12328767123,84.98089363406756,8.0,4.0,216.7501685139303
2352,0,1.3597,29454.12328767123,125.08397621959197,8.0,4.0,278.5848348203096
2353,0,1.7727,29454.12328767123,85.02259100133992,4.0,4.0,190.82925652042405
2354,0,1.5946,29454.12328767123,125.02403452315556,4.0,4.0,259.1303050475014
2355,0,1.3061,29454.12328767123,40.06415255009275,8.0,4.0,139.70810848642424
2356,0,1.4325,29454.12328767123,29.959671581637863,8.0,4.0,142.8356402287161
2357,0,1.428,29454.12328767123,84.9136443582549,8.0,4.0,166.1207485639601
2358,0,1.3787,29454.12328767123,125.01389069340324,8.0,4.0,241.14950589895102
2359,0,1.3592,29454.12328767123,219.7401643499718,6.0,4.0,274.1846725251183
2360,0,1.3924,31519.065753424657,70.04214949073852,6.0,4.0,171.61700483594666
2361,0,1.7208,31519.065753424657,20.019543662605216,6.0,4.0,192.9549672792207
2362,0,1.4472,31519.065753424657,64.97807657110135,6.0,4.0,219.34355443159504
2363,0,1.5996,29454.12328767123,94.97593035870108,6.0,4.0,491.2349379116646
2364,0,1.4944,29454.12328767123,14.977407875668609,8.0,4.0,78.15027146618057
2365,0,1.4932,29454.12328767123,30.02217250625537,8.0,4.0,99.42863032608587
2367,0,1.7004,29454.12328767123,30.026384247526174,8.0,4.0,126.31987245303036
2368,0,1.6411,29454.12328767123,29.95920922630299,8.0,4.0,158.59621241847285
2370,0,1.3822,29454.12328767123,90.0213652702609,8.0,4.0,221.8863336034749
2371,0,1.2712,29454.12328767123,104.9912995734911,8.0,4.0,317.6561172330135
2373,0,1.8684,29454.12328767123,79.9381853830185,4.0,4.0,100.6738611847851
2374,0,1.5629,29454.12328767123,104.81848156328516,4.0,4.0,192.28065598533857
2375,0,1.4275,29454.12328767123,85.03804817049908,8.0,4.0,119.87130434648515
2376,0,1.4518,29454.12328767123,75.03038326341284,8.0,4.0,188.5237031527047
2377,0,1.4546,29454.12328767123,50.045572982261895,8.0,4.0,247.1046647205377
2378,0,1.6672,31519.065753424657,89.99133512280126,8.0,4.0,212.41178424578
2379,0,1.5004,31519.065753424657,49.9789115520756,8.0,4.0,152.03975137182636
2380,0,1.4134,31519.065753424657,69.9535234719998,8.0,4.0,114.76945724939462
2381,0,1.7537,31519.065753424657,34.842471533131636,8.0,4.0,105.03208555189948
2382,0,1.5537,31519.065753424657,24.990438468507918,8.0,4.0,124.87883652181822
2383,0,1.5157,31519.065753424657,59.94591540749229,8.0,4.0,160.86501043765304
2384,0,1.4821,31519.065753424657,55.0381884109221,8.0,4.0,211.98689274738194
2385,0,1.5692,29454.12328767123,55.00852744338158,8.0,4.0,176.44035579402754
2386,0,1.4966,29454.12328767123,59.99600418317124,8.0,4.0,119.7211225571927
2387,0,1.5595,29454.12328767123,29.942164055629238,8.0,4.0,79.45335179672801
2388,0,1.4309,29454.12328767123,29.997918955068727,8.0,4.0,58.68613472449475
2389,0,1.7001,29454.12328767123,29.968275386043185,8.0,4.0,50.52130375844254
2390,0,1.5188,29454.12328767123,14.956073370790566,8.0,4.0,57.48139796186982
2391,0,1.3634,29454.12328767123,74.9485951191478,8.0,4.0,89.81022564708493
2392,0,1.3704,29454.12328767123,64.95006985937941,8.0,4.0,154.29832345630666
2393,0,1.2824,29454.12328767123,184.93980983888682,8.0,4.0,280.37110288775403
2404,0,1.2049,22843.43561643836,29.995470540838852,10.0,4.0,43.478978992576266
2406,0,1.2804,22843.43561643836,24.93591765963627,10.0,4.0,63.22620073327043
2407,0,1.3173,22843.43561643836,79.99505926182492,10.0,4.0,112.67551118847982
2408,0,1.2275,29454.12328767123,375.02834279095225,10.0,4.0,336.36187451305136
2409,0,1.2229,29454.12328767123,120.05506796979836,10.0,4.0,85.3878671753121
2410,0,1.458,31519.065753424657,55.00173854012397,15.0,4.0,177.0680563418124
2411,0,1.3333,31519.065753424657,75.04597729061929,15.0,4.0,179.75588499594636
2412,0,1.2207,29454.12328767123,239.896220513735,15.0,4.0,197.34264594737832
2413,0,1.4108,29454.12328767123,39.966975685106874,15.0,4.0,144.8050136826315
2414,0,1.399,29454.12328767123,34.95315208184708,15.0,4.0,152.18371221424513
2415,0,1.3605,29454.12328767123,35.03843292535661,15.0,4.0,168.52459921759998
2416,0,1.4338,42311.260273972606,95.01172962928328,8.0,4.0,144.50553785765604
2417,0,1.5604,42311.260273972606,55.049502940618744,8.0,4.0,158.8701495608126
2418,0,1.4577,42311.260273972606,99.98196857599777,8.0,4.0,197.67655321000305
2419,0,1.4271,42311.260273972606,104.98533550129129,8.0,4.0,271.60357057843044
2420,0,1.6086,42311.260273972606,29.945463461063913,8.0,4.0,327.9348726582906
2421,0,1.5534,42311.260273972606,25.017927553957144,8.0,4.0,352.9621610064322
2422,0,1.6481,22843.43561643836,55.074425966122554,8.0,4.0,358.84652739959284
2423,0,1.5991,22843.43561643836,79.52727515283098,8.0,4.0,297.47624426860295
2424,0,1.8401,42311.260273972606,89.96100638153563,4.0,4.0,69.21206364539205
2425,0,1.639,42311.260273972606,100.02012035791967,4.0,4.0,130.83474878446083
2426,0,1.7013,42311.260273972606,85.04884491055584,4.0,4.0,218.05151894626044
2427,0,1.374,22843.43561643836,39.94698280522924,7.0,4.0,42.46538222142279
2428,0,1.3979,22843.43561643836,34.97941089096379,7.0,4.0,46.93266766303687
2429,0,1.3699,22843.43561643836,552.0033152094366,7.0,4.0,291.0852385440272
2430,0,1.4687,42311.260273972606,105.05182531659294,8.0,4.0,215.34824555606593
2431,0,1.5639,42311.260273972606,64.97892226709396,8.0,4.0,222.4521968738724
2432,0,1.4829,42311.260273972606,99.9713011893549,8.0,4.0,248.83235482155786
2433,0,1.4168,31519.065753424657,135.040041812263,8.0,4.0,284.7059750086922
2434,0,1.3923,31519.065753424657,25.057316872008855,8.0,4.0,315.07915697395265
2435,0,1.4415,31519.065753424657,54.99690476603928,8.0,4.0,336.64856036455524
2436,0,1.628,22843.43561643836,24.85599792729004,8.0,4.0,352.4246435651714
2437,0,1.5213,42311.260273972606,69.96796706418698,8.0,4.0,96.1818154555632
2438,0,1.5135,42311.260273972606,65.02669587038653,8.0,4.0,100.69059047246753
2439,0,1.4373,42311.260273972606,99.97891212193825,8.0,4.0,151.74696206027826
2440,0,1.5611,31519.065753424657,55.001187789282355,12.0,4.0,89.51990884094852
2441,0,1.4429,31519.065753424657,84.83713189513234,12.0,4.0,78.80646501931469
2442,0,1.3679,31519.065753424657,49.93798253729175,12.0,4.0,141.6761258251451
2443,0,1.4612,42311.260273972606,99.91493100691487,8.0,4.0,25.509355833648655
2444,0,1.4495,42311.260273972606,99.97123081478233,8.0,4.0,115.00815771160087
2445,0,1.5493,42311.260273972606,85.06340508777882,8.0,4.0,208.86819532437053
2446,0,1.4236,22843.43561643836,495.0126069107286,8.0,4.0,286.91378856856466
2447,0,1.3931,22843.43561643836,505.024735314612,8.0,4.0,295.4190393959777
2448,0,1.5548,19652.534246575346,199.7073347494421,3.0,4.0,261.1216703030936
2457,0,1.4057,19652.534246575346,189.89434307456384,3.0,4.0,488.9112913310628
2478,1,1.4515,12818.235616438356,69.61675877000991,2.0,4.0,451.7464005069065
2479,0,1.434,12818.235616438356,24.984219891780697,2.0,4.0,472.9508058824969
2480,0,1.3082,20545.254794520548,399.564207835766,3.0,4.0,461.83639269162796
2483,0,1.2767,20545.254794520548,164.85515671790486,11.0,4.0,108.36738552735018
2484,0,1.1975,20545.254794520548,109.94135494143326,11.0,4.0,245.05773284583023
2485,0,1.2823,20545.254794520548,40.02474358105953,11.0,4.0,320.26034849323685
2486,0,1.2081,20545.254794520548,49.94582803212924,11.0,4.0,367.0087812471363
2487,0,1.2353,20545.254794520548,59.95949381073342,11.0,4.0,422.1397419917568
2488,0,1.215,19652.534246575346,114.81449934988285,11.0,4.0,496.6649242167015
2489,0,1.2123,19652.534246575346,54.84184513587946,11.0,4.0,426.3623145598507
2490,0,1.2244,19652.534246575346,40.031268914173246,11.0,4.0,377.98874248683455
2491,0,1.1696,19652.534246575346,19.98972483603467,11.0,4.0,346.9573542143583
2492,0,1.2876,33247.925619834714,154.85454592941306,4.0,4.0,161.54596779530956
2493,0,1.2845,33247.925619834714,94.88728891097196,4.0,4.0,265.3727771146985
2494,0,1.5107,33247.925619834714,59.99166415439821,4.0,4.0,319.4786594938697
2495,0,1.6394,33247.925619834714,5.004394939160827,4.0,4.0,349.64061108776383
2496,0,1.3828,33247.925619834714,139.9590418135412,4.0,4.0,403.87205719407496
2498,0,1.494,19113.699724517905,19.90421568625728,10.0,4.0,112.61629921318473
2499,0,1.2805,19113.699724517905,184.70987783127526,10.0,4.0,131.1003321914928
2500,0,1.478,19113.699724517905,104.841294597028,10.0,4.0,257.4354776618446
2501,0,1.5723,19113.699724517905,14.984927097634579,10.0,4.0,302.632800364508
2502,0,1.3998,19113.699724517905,105.01054890912137,10.0,4.0,353.7389590557637
2504,0,1.3612,19652.534246575346,484.33297052494646,3.0,4.0,343.2885425902237
2505,1,1.2164,12818.235616438356,25.01511705838104,5.0,4.0,333.99386393963886
2506,1,1.3848,12818.235616438356,79.9616089576172,5.0,4.0,384.776283587741
2507,1,1.5096,19652.534246575346,274.61460608940865,5.0,4.0,485.35574703544137
2521,0,1.7849,19652.534246575346,264.38783989318773,3.0,4.0,355.83423604610755
2523,0,1.6973,20545.254794520548,303.97271476259755,3.0,4.0,347.4336431137727
2525,0,1.1864,19652.534246575346,84.91235818072228,4.0,4.0,323.6911653529647
2526,0,1.182,19652.534246575346,59.893108236341206,4.0,4.0,326.59378678947985
2528,0,1.4825,19652.534246575346,134.80679155832334,4.0,4.0,358.6698136402134
2530,0,1.4784,19652.534246575346,229.67564987919275,4.0,4.0,450.56521880793935
2535,0,1.2172,19652.534246575346,39.88600981164271,3.0,4.0,312.574123089957
2536,0,1.2974,19652.534246575346,124.74132885638568,3.0,4.0,365.6132159334493
2537,0,1.5736,19652.534246575346,19.886723334087332,3.0,4.0,387.61291582156275
2538,0,1.4157,19652.534246575346,79.87981171116922,3.0,4.0,365.08489034270116
2539,0,1.4224,19652.534246575346,19.91680474520399,3.0,4.0,390.8584911115608
2540,0,1.3418,19113.699724517905,39.93648684118665,3.0,4.0,378.04860837883814
2541,0,1.4368,19113.699724517905,115.00411489674077,3.0,4.0,344.2475936117295
2542,0,1.7877,19113.699724517905,19.95418666173932,3.0,4.0,304.7210813416236
2543,0,1.4352,19113.699724517905,139.91313294279837,3.0,4.0,288.78164113330513
2550,0,1.2053,12818.235616438356,334.82503683539534,6.0,4.0,229.25017793853857
2551,0,1.2457,19652.534246575346,354.67049227894205,6.0,4.0,175.74387915335822
2552,0,1.4562,42075.78082191781,59.975336892198484,10.0,4.0,289.60453057697805
2553,0,1.5307,42311.260273972606,45.033818546587206,10.0,4.0,288.43857130891274
2554,0,1.4517,31519.065753424657,75.02780083300934,10.0,4.0,251.02492247137002
2555,0,1.4262,31519.065753424657,100.04314205824836,10.0,4.0,217.34044532043046
2556,0,1.4047,31519.065753424657,184.87633308721576,10.0,4.0,232.41574563032052
2557,0,1.3203,10168.14794520548,29.98166773240277,4.0,4.0,388.33104355072004
2558,0,1.3861,10168.14794520548,104.95208251959849,4.0,4.0,319.5177217494253
2559,0,1.4885,10168.14794520548,34.9933284532316,4.0,4.0,249.16383195140105
2560,0,1.473,10168.14794520548,179.5328006831739,4.0,4.0,144.07281837917225
2562,0,1.1874,10168.14794520548,314.93344209922816,12.0,4.0,219.45114354074565
2563,0,1.2103,10168.14794520548,80.00386321349222,12.0,4.0,26.38946554938299
2565,0,1.3479,6777.397260273972,324.0197991667245,3.0,4.0,438.8588645810909
2568,0,1.3779,11245.60989010989,25.00002295673118,3.0,4.0,254.8114903894382
2569,0,1.5422,11245.60989010989,109.28764594124002,3.0,4.0,281.2767190006214
2570,0,1.6986,11245.60989010989,49.558001153158955,3.0,4.0,295.73985079973716
2571,0,1.6787,11245.60989010989,69.80633159606161,3.0,4.0,331.3020389485113
2572,0,1.3214,11245.60989010989,65.01592283434569,3.0,4.0,390.75554881102937
2573,0,1.3681,11245.60989010989,30.009655335779893,3.0,4.0,431.1370585155443
2575,0,1.8228,11245.60989010989,14.862273412099075,3.0,4.0,372.3130033197873
2576,0,1.8951,11245.60989010989,24.975777613759803,3.0,4.0,372.3549593520945
2577,0,1.4097,11245.60989010989,169.96010609920438,3.0,4.0,374.4760368188979
2579,0,1.8172,11245.60989010989,19.917201208944597,3.0,4.0,443.5411407383368
2580,0,1.3005,11245.60989010989,109.72174162569924,3.0,4.0,489.0999558587565
2592,0,1.4011,11245.60989010989,79.64491883050857,10.0,4.0,189.99520307700539
2593,0,1.3752,11245.60989010989,50.0291957248413,10.0,4.0,244.19389418069656
2594,0,1.2804,11245.60989010989,24.83265470565155,10.0,4.0,281.085896932405
2595,0,1.2895,11245.60989010989,114.6059028988738,10.0,4.0,347.6307221657909
2596,0,1.233,11245.60989010989,159.64716517510877,10.0,4.0,483.14872965995016
2602,0,1.4752,11245.60989010989,174.70457585753329,3.0,4.0,413.8859374154859
2603,0,1.3272,11245.60989010989,34.93871486900269,3.0,4.0,473.4187851620592
2604,0,1.3455,9849.424657534246,519.8085339258653,3.0,4.0,219.42202927146928
2605,0,1.3645,9849.424657534246,234.71348137467277,3.0,4.0,216.55214141880032
2608,0,1.6705,11245.60989010989,149.5128098608167,3.0,4.0,326.6263792727247
2609,0,1.6312,11245.60989010989,99.77142617252652,3.0,4.0,394.32272724907733
2610,0,1.4296,11245.60989010989,74.84428127398364,3.0,4.0,241.43323603607718
2611,0,1.6431,11245.60989010989,69.84648224368297,3.0,4.0,251.94559319505146
2612,0,1.3542,11245.60989010989,143.77037493488612,3.0,4.0,315.2885402811963
2619,0,1.4906,12458.46301369863,194.89401516015405,4.0,4.0,216.12946964394575
2620,0,1.3873,10168.14794520548,80.01672163761462,4.0,4.0,100.95138788272524
2622,0,1.2175,11245.60989010989,14.973323919231781,3.0,4.0,366.87266081158856
2623,0,1.4142,11245.60989010989,213.9591699331671,3.0,4.0,273.0125293082395
2624,0,1.5639,11245.60989010989,194.42216651876097,3.0,4.0,318.329747722427
2625,0,1.6652,11245.60989010989,29.89093296558066,3.0,4.0,419.820306338768
2627,0,1.4748,11245.60989010989,65.06307540068201,3.0,4.0,127.58257469408267
2628,0,1.4211,11245.60989010989,223.04494892032199,3.0,4.0,212.50887343080456
2629,0,1.2303,11245.60989010989,129.89239101296204,10.0,4.0,257.42231206056584
2630,0,1.1733,11245.60989010989,69.91940022330499,10.0,4.0,272.0955830302681
2631,0,1.2435,11245.60989010989,30.030803323016922,10.0,4.0,269.60941378800567
2632,0,1.185,11245.60989010989,49.938174714688316,10.0,4.0,271.1613799408026
2633,0,1.2415,11245.60989010989,24.968273035247808,10.0,4.0,284.9411973786513
2634,0,1.1983,11245.60989010989,9.915490324003356,10.0,4.0,292.46685381162615
2635,0,1.2958,11245.60989010989,34.93586551448335,10.0,4.0,302.8067289882169
2636,0,1.1824,11245.60989010989,90.03202501537595,10.0,4.0,335.09439918764184
2637,0,1.3032,12458.46301369863,74.68596880018008,4.0,4.0,234.9467493865259
2638,0,1.3189,12458.46301369863,24.999218715282097,4.0,4.0,253.1276867734759
2639,0,1.3087,12458.46301369863,64.95067772256925,4.0,4.0,282.05242426858393
2640,0,1.3015,12458.46301369863,125.02757316113312,4.0,4.0,358.6462884525904
2641,0,1.3415,10168.14794520548,274.40015867603154,5.0,4.0,344.932705988492
2642,0,1.1695,18747.80821917808,164.80616001821414,9.0,4.0,215.29020144886448
2643,0,1.198,18747.80821917808,105.01098827427737,9.0,4.0,335.4317525173009
2644,0,1.1955,18747.80821917808,109.93369194933206,9.0,4.0,433.1717124199223
2645,0,1.4098,18747.80821917808,15.0404698699522,9.0,4.0,494.81596884939944
2651,0,1.6575,12458.46301369863,158.74971213007768,2.0,4.0,355.96944193784793
2653,0,1.1811,6777.397260273972,164.64477684826178,6.0,4.0,365.1512985142644
2655,0,1.1881,12458.46301369863,90.00067364307786,6.0,4.0,358.677747706919
2657,0,1.2376,12458.46301369863,74.84245515643792,6.0,4.0,259.8533946360978
2658,0,1.1548,12458.46301369863,164.9533003042635,6.0,4.0,148.77237828713626
2660,0,1.2298,18747.80821917808,39.8809418835316,2.0,4.0,221.0070727953507
2661,0,1.158,18747.80821917808,64.66473854289535,2.0,4.0,262.98046830185194
2663,0,1.1648,18747.80821917808,158.8905111103225,2.0,4.0,369.757184935117
2667,0,1.2527,13635.024657534246,194.69897400832355,8.0,4.0,257.1533622763616
2668,0,1.3172,13635.024657534246,104.86725850691815,8.0,4.0,366.79684693405596
2670,0,1.4646,13635.024657534246,15.0593373595797,8.0,4.0,432.4236435941421
2671,0,1.2891,13635.024657534246,40.04342385154554,8.0,4.0,461.7386721559198
2672,0,1.2673,13635.024657534246,25.031484415569345,8.0,4.0,492.7828021990195
2679,0,1.1708,19199.1397260274,124.93944891460387,8.0,4.0,410.23272690616596
2680,0,1.2276,19199.1397260274,54.937274357831456,8.0,4.0,333.0242505754481
2681,0,1.1742,19199.1397260274,279.95144001840515,8.0,4.0,214.12019960890026
2682,0,1.1764,19199.1397260274,14.993554779247175,8.0,4.0,115.12662585940208
2686,0,1.1691,28222.04109589041,44.90216511785572,7.0,4.0,46.99964146614582
2687,0,1.2168,28222.04109589041,84.99574190306338,7.0,4.0,82.61493427280367
2688,0,1.1899,28222.04109589041,89.8455915732158,7.0,4.0,165.75425776767526
2689,0,1.169,28222.04109589041,304.81259332059847,7.0,4.0,308.76417609413954
2694,0,1.4136,24365.02191780822,109.96048868814846,10.0,4.0,149.0855291030761
2695,0,1.5386,24365.02191780822,60.02980062163625,10.0,4.0,226.36754518570058
2696,0,1.3617,24365.02191780822,75.05581722470727,10.0,4.0,295.7097135321174
2699,0,1.5058,28222.04109589041,109.83909173792898,3.0,4.0,92.9898605124826
2700,0,1.5165,28222.04109589041,19.70729198937503,3.0,4.0,147.6263857020137
2701,0,1.4704,28222.04109589041,10.032869644512152,3.0,4.0,160.81316336944357
2702,0,1.5685,28222.04109589041,88.81200177325151,3.0,4.0,192.73500662966234
2703,0,1.6806,28222.04109589041,34.66181045168749,5.0,4.0,339.60926647067896
2704,0,1.6227,28222.04109589041,213.80907899520932,5.0,4.0,321.38001533183933
2708,0,1.3537,38361.24657534246,39.92907544453803,4.0,4.0,453.8164796891281
2709,0,1.2777,38361.24657534246,59.97528314520417,4.0,4.0,345.22719504441187
2710,0,1.6568,38361.24657534246,19.966483488341233,4.0,4.0,345.013741345037
2711,0,1.6021,38361.24657534246,99.97851907792737,4.0,4.0,386.80586646317903
2712,0,1.482,38361.24657534246,14.997286905498319,4.0,4.0,436.85359861843096
2713,0,1.6307,38361.24657534246,29.936837461077015,4.0,4.0,454.48914214387804
2715,0,1.348,28222.04109589041,214.10148014117155,3.0,4.0,479.5685935795813
2716,0,1.4253,28222.04109589041,40.028810766594034,4.0,4.0,226.76918815349376
2717,0,1.6396,28222.04109589041,49.820602578929076,4.0,4.0,271.18486623861884
2718,0,1.4857,28222.04109589041,129.3515475363563,4.0,4.0,349.428002515957
2720,0,1.2576,6232.819178082192,145.04415002786916,6.0,4.0,139.83586409842337
2721,0,1.3307,6232.819178082192,84.90125787059702,6.0,4.0,225.34298948716508
2722,0,1.3145,6232.819178082192,274.827474184474,6.0,4.0,396.2119898333397
2723,0,1.2489,6232.819178082192,55.039849106206155,14.0,4.0,29.388772476953605
2724,0,1.3006,6232.819178082192,84.82987562799497,14.0,4.0,102.10601790009127
2726,0,1.2346,6232.819178082192,75.00736673205023,14.0,4.0,162.43529107085135
2727,0,1.2269,6232.819178082192,60.068146638801416,14.0,4.0,214.5423912623541
2729,0,1.2783,6232.819178082192,49.97245155242329,14.0,4.0,268.760573244113
2730,0,1.2587,6232.819178082192,90.00449799387147,14.0,4.0,340.5681479266629
2732,0,1.334,6793.509589041096,572.5154605754067,3.0,4.0,311.16672819518413
2733,0,1.2891,6232.819178082192,94.79111218669615,5.0,4.0,94.3442675344734
2735,0,1.2002,13635.024657534246,54.91363166590216,4.0,4.0,442.61644830032844
2736,0,1.3209,13635.024657534246,304.42057057486124,4.0,4.0,480.30547480134453
2739,0,1.2247,6793.509589041096,59.8826074075471,4.0,4.0,294.7474050795773
2741,0,1.3523,6232.819178082192,44.974444016354546,4.0,4.0,371.77383760656073
2742,0,1.3195,6232.819178082192,49.846440172333274,4.0,4.0,322.3689767250585
2745,0,1.2924,12466.791780821915,269.16556374493103,6.0,4.0,215.16528268130548
2757,0,1.4202,19199.1397260274,54.90394676261362,4.0,4.0,497.90929597863095
2758,0,1.1992,19199.1397260274,469.4572762490555,4.0,4.0,477.07721761754135
2760,0,1.3723,19199.1397260274,94.64406417766166,2.0,4.0,309.19328546047046
2761,0,1.2346,19199.1397260274,10.047910261382667,2.0,4.0,285.6649778780874
2762,0,1.7918,19199.1397260274,84.02612601333068,2.0,4.0,276.32881727613847
2763,0,1.3142,19199.1397260274,214.6480059923608,2.0,4.0,307.4355721262891
2764,0,1.4234,15159.46301369863,35.01081422326255,12.0,4.0,407.68289623541494
2765,0,1.3596,15159.46301369863,79.98217202588017,12.0,4.0,414.86103810354297
2766,0,1.259,15159.46301369863,189.90477385633153,12.0,4.0,461.1901370547255
2768,0,1.1674,15159.46301369863,105.00310840462623,13.0,4.0,56.133387540387055
2769,0,1.1872,15159.46301369863,144.9396224968065,13.0,4.0,183.7522970705866
2771,0,1.2086,15159.46301369863,34.98806735631612,13.0,4.0,271.2111073870022
2772,0,1.2627,15159.46301369863,30.06317202715774,13.0,4.0,303.08058631987984
2773,0,1.2304,15159.46301369863,50.01002373905767,13.0,4.0,345.53648298906955
2776,0,1.2594,19199.1397260274,197.90213326605289,2.0,4.0,404.55340312319265
2779,0,1.2447,15159.46301369863,19.31552141115752,7.0,4.0,260.88766096498114
2780,0,1.186,15159.46301369863,219.6290928586961,7.0,4.0,286.40873469595726
2781,0,1.3149,15159.46301369863,44.97207247143389,7.0,4.0,347.2431511459785
2782,0,1.3195,15159.46301369863,24.927761973797345,7.0,4.0,375.90055939819797
2783,0,1.3684,15159.46301369863,34.913685216342685,7.0,4.0,402.52407749773164
2784,0,1.2389,15159.46301369863,20.05692213638973,7.0,4.0,426.9915149168282
2785,0,1.3001,15159.46301369863,30.00395336041945,7.0,4.0,448.5352088406687
2798,0,1.2559,19199.1397260274,369.52730314033937,9.0,4.0,224.411704627583
2799,0,1.3926,19199.1397260274,19.964161654721792,9.0,4.0,260.2311163684576
2805,0,1.5301,15159.46301369863,49.943747623253465,4.0,4.0,457.51480059471146
2806,0,1.3731,15159.46301369863,144.50904626438907,4.0,4.0,361.18426417448205
2810,0,1.426,19199.1397260274,169.78513882706812,3.0,4.0,480.38506392960255
2811,0,1.3084,19199.1397260274,139.86387659965638,3.0,4.0,376.43663296283745
2818,0,1.7191,15159.46301369863,79.89228129337405,3.0,4.0,464.3879561169504
2820,0,1.3976,19199.1397260274,74.31900330347534,2.0,4.0,156.46457190243066
2822,0,1.2519,19199.1397260274,102.65669596037915,2.0,4.0,167.3267021373632
2823,0,1.227,19199.1397260274,98.4689443378202,2.0,4.0,190.51112398543347
2824,0,1.2486,19199.1397260274,127.86252167892668,2.0,4.0,222.08631712568828
2832,1,1.75,37106.39178082192,163.90407928737034,4.0,4.0,437.53287010625195
2833,1,1.2693,26901.89589041096,104.97429118442211,8.0,4.0,56.768676446748515
2834,0,1.2622,26901.89589041096,124.95431288325818,8.0,4.0,162.91475692206302
2835,1,1.4457,26901.89589041096,110.05750511213529,10.0,4.0,124.17142083364952
2836,1,1.5973,42075.78082191781,39.993653138379955,10.0,4.0,155.54814944814885
2837,1,1.4938,42075.78082191781,65.02354529623662,10.0,4.0,131.37165607204338
2838,0,1.4308,42075.78082191781,104.9640939423904,10.0,4.0,137.3968567456724
2839,0,1.4667,42075.78082191781,120.04579538424498,10.0,4.0,210.6691307794424
2841,0,1.3396,26901.89589041096,110.02472045944603,12.0,4.0,177.37532980375468
2842,0,1.3052,42075.78082191781,105.0453814517301,12.0,4.0,196.38581780361895
2843,0,1.3541,42075.78082191781,105.01006360217166,12.0,4.0,194.42196972732214
2844,0,1.3124,42075.78082191781,69.94642942222129,12.0,4.0,235.11657825643218
2845,0,1.4271,42311.260273972606,45.03991118673146,12.0,4.0,243.51088779447383
2846,0,1.4287,20639.41597796143,30.073141547152648,10.0,4.0,217.6580117840106
2847,0,1.5764,20639.41597796143,25.016385398040676,10.0,4.0,221.16204258506573
2849,0,1.5915,20639.41597796143,44.97289705493201,10.0,4.0,232.2033287748065
2850,0,1.2322,20639.41597796143,39.93128215897412,10.0,4.0,253.04211035157581
2851,0,1.3034,20639.41597796143,19.94319437566955,10.0,4.0,272.20963173757866
2852,0,1.2932,20639.41597796143,74.71031783232328,10.0,4.0,305.6903160716281
2854,1,1.2587,19625.87123287671,454.6099771383659,10.0,4.0,329.7862545430924
2855,1,1.5746,30598.564383561643,99.95095873723989,10.0,4.0,67.19445313744534
2856,0,1.3536,30598.564383561643,159.81745497804343,10.0,4.0,67.0425319013617
2857,0,1.1757,30598.564383561643,9.974212172304151,10.0,4.0,141.80840657402794
2858,0,1.1913,30598.564383561643,49.99474870012317,10.0,4.0,173.94923126234207
2859,0,1.1554,30598.564383561643,64.94736187979693,10.0,4.0,227.68245553146375
2860,0,1.2629,30598.564383561643,80.02472620307437,10.0,4.0,295.81647448385274
2861,1,1.499,32777.45479452055,79.95165789759669,12.0,4.0,302.7466516627261
2862,1,1.4481,32777.45479452055,90.06281834467694,12.0,4.0,275.18072877299653
2865,0,1.2636,31211.10136986301,134.93277120184382,8.0,4.0,483.6286850527662
2869,0,1.7174,26901.89589041096,29.91144345015281,10.0,4.0,283.32008181361067
2870,1,1.3887,26901.89589041096,84.956059684217,10.0,4.0,323.2370286773983
2871,1,1.3714,31211.10136986301,94.93385323407256,10.0,4.0,394.2974717217968
2872,0,1.4309,31211.10136986301,69.97586227137792,12.0,4.0,269.7891558179892
2873,0,1.5711,31211.10136986301,20.010862492079998,12.0,4.0,254.20465725309842
2874,0,1.5694,31211.10136986301,60.01614751475584,12.0,4.0,246.79195087107095
2875,0,1.6303,31211.10136986301,34.948365443079894,8.0,4.0,221.5424442019367
2876,0,1.5364,31211.10136986301,55.02999862933829,8.0,4.0,196.99685455631624
2880,1,1.2803,12043.954385964911,479.9382646331601,7.0,4.0,271.2147934621549
2881,0,1.3033,27573.70523415978,249.9677267185368,7.0,4.0,220.83468820825286
2882,0,1.4384,27573.70523415978,50.02274560228402,7.0,4.0,337.5745428030307
2883,0,1.3903,41638.88493150685,394.63469108032024,7.0,4.0,336.76797284329683
2884,0,1.2654,30310.46301369863,629.9300075915976,7.0,4.0,212.6973744489839
2885,0,1.2158,19718.77808219178,949.9517715208424,7.0,4.0,260.2280465419148
2886,0,1.4146,19718.77808219178,65.09474993904898,15.0,4.0,21.111128104219706
2887,0,1.4832,19718.77808219178,55.013054069879544,15.0,4.0,72.7776531968468
2888,0,1.3941,19718.77808219178,29.96871851151059,15.0,4.0,116.23327721916753
2889,0,1.5105,19718.77808219178,29.968673810073785,15.0,4.0,148.9852749441072
2891,0,1.5471,26901.89589041096,30.109220607137225,15.0,4.0,148.34867301899436
2892,0,1.5937,26901.89589041096,24.90353284300664,15.0,4.0,117.83718839397086
2893,1,1.5389,26901.89589041096,55.01259639554085,15.0,4.0,74.11395803381583
2894,1,1.3278,26901.89589041096,65.0019211268687,15.0,4.0,17.31478321523044
2901,0,1.2804,29454.12328767123,70.03034356081284,10.0,4.0,371.4162722772226
2903,0,1.5346,29454.12328767123,29.944739365342215,10.0,4.0,376.8718459930771
2904,0,1.3855,29454.12328767123,164.94338052236859,10.0,4.0,407.76726784219636
2905,0,1.3531,29454.12328767123,124.83823333408824,10.0,4.0,487.2887132044754
2915,0,1.1993,15159.46301369863,274.7872115110896,8.0,4.0,400.3108080272979
2917,0,1.183,13635.024657534246,299.98361514438244,8.0,4.0,473.6063024811663
2918,0,1.5869,19652.534246575346,219.43602265996924,5.0,4.0,298.1280048232995
2919,0,1.5679,19652.534246575346,59.92701158671552,5.0,4.0,178.0572985447093
2921,1,1.3639,43406.35616438357,64.94559718754904,7.0,4.0,24.444425502839533
2922,1,1.4025,43406.35616438357,34.982264027957335,7.0,4.0,64.64868188119539
2923,1,1.5583,43406.35616438357,34.96541188300043,7.0,4.0,98.45907641165377
2924,0,1.2014,43406.35616438357,144.90112603166114,7.0,4.0,185.98014393013312
2925,0,1.7029,43406.35616438357,20.02100604526575,3.0,4.0,272.4496942529978
2926,0,1.632,43406.35616438357,54.99249219106583,3.0,4.0,314.42121278665167
2927,0,1.6699,43406.35616438357,49.05774467817958,3.0,4.0,342.2573568358449
2928,0,1.6547,31584.86301369863,29.968263334634138,3.0,4.0,326.4098377301512
2929,0,1.8121,31584.86301369863,20.022920514935205,5.0,4.0,250.24459054565793
2930,0,1.7907,31584.86301369863,4.980662553213787,5.0,4.0,264.1164480196356
2931,0,1.6081,31584.86301369863,44.986047494672555,5.0,4.0,291.0791832576522
2932,0,1.6912,31584.86301369863,79.30111480760036,5.0,4.0,325.9985723357225
2933,0,1.2597,22671.331506849318,84.95617175591384,12.0,3.0,69.48564536295433
2934,0,1.292,22671.331506849318,60.007902514574695,12.0,3.0,49.54554341744745
2935,0,1.1789,12525.819178082193,159.95730074384304,12.0,3.0,58.67979182450624
2936,0,1.1863,13542.315068493152,25.058291142178422,12.0,3.0,91.50483281844473
2937,0,1.1822,13542.315068493152,95.0135517284853,12.0,3.0,26.681308308427248
2938,0,1.1937,13542.315068493152,129.97002265248338,12.0,3.0,87.84738969992333
2939,0,1.1861,19783.794520547945,79.95532795310831,12.0,3.0,30.933120755687874
2940,0,1.1656,19783.794520547945,74.96314816673708,12.0,3.0,45.13076545885333
2941,0,1.1597,19783.794520547945,229.9720973710986,12.0,3.0,194.76623373790758
2942,0,1.189,19783.794520547945,64.9927530613818,12.0,3.0,346.17047169384654
2943,1,1.1577,45055.38356164384,414.93318846393953,12.0,3.0,231.21324558835016
2945,1,1.1524,45055.38356164384,234.98877394530297,12.0,3.0,100.394027596428
2950,0,1.1723,6793.509589041096,575.0311590448157,12.0,3.0,180.5840693314753
2951,0,1.2494,6793.509589041096,169.98465409266316,12.0,3.0,194.53581576497498
2952,0,1.1847,6232.819178082192,1029.9796749591349,12.0,3.0,400.03330712955767
2953,0,1.256,6232.819178082192,144.8925398706124,12.0,3.0,192.10370549175005
2954,0,1.235,6232.819178082192,179.63556730046042,12.0,3.0,352.5271340630408
2955,0,1.1661,6232.819178082192,109.82479431547543,12.0,3.0,483.78523930513995
2956,1,1.1887,7964.375342465753,409.9922426715213,40.0,2.0,497.98563707250355
2957,1,1.1692,31584.86301369863,165.0121613194756,40.0,2.0,258.6219585307094
2958,1,1.1966,31584.86301369863,229.91546544077315,40.0,2.0,62.41389073232619
2959,1,1.206,43406.35616438357,134.91707937370367,40.0,2.0,123.42282396594639
2960,1,1.2079,43406.35616438357,24.999975984487843,40.0,2.0,47.77718123051528
2962,1,1.1749,43406.35616438357,59.99151947588872,40.0,2.0,27.43838784321032
2963,1,1.1729,43406.35616438357,29.998561250234182,40.0,2.0,62.33427090250255
2964,1,1.1929,43406.35616438357,50.00134127356828,40.0,2.0,103.57756446864958
2965,1,1.1653,43406.35616438357,69.95502819502211,40.0,2.0,166.82090816541938
2967,1,1.1768,33765.32602739726,264.97465702734854,40.0,2.0,123.94722246572083
2968,1,1.1915,33765.32602739726,39.970373040795145,40.0,2.0,35.2393591421373
2969,1,1.172,33765.32602739726,70.01924089702386,40.0,2.0,89.2005705567888
2971,1,1.169,33765.32602739726,20.005774862385458,40.0,2.0,139.47131132673368
2972,1,1.1705,33765.32602739726,90.0247649397593,40.0,2.0,196.77315719321297
2973,1,1.1863,37106.39178082192,55.00460564585943,40.0,2.0,180.81501966515228
2974,1,1.2053,37106.39178082192,30.05182203367246,40.0,2.0,136.6938910764042
2975,1,1.2248,37106.39178082192,40.032462420851736,40.0,2.0,101.35603156891106
2976,1,1.2173,37106.39178082192,34.99881687345246,40.0,2.0,59.564624029349076
2977,1,1.2276,37106.39178082192,40.01132399037869,40.0,2.0,23.34153245926594
2978,1,1.1873,37106.39178082192,24.94412240636463,40.0,2.0,17.333971942602698
2979,1,1.2561,37106.39178082192,4.957190822027582,40.0,2.0,32.68085113018285
2981,1,1.2475,37106.39178082192,15.014129830639005,40.0,2.0,54.471088061860364
2982,1,1.1969,37106.39178082192,35.03948798213361,40.0,2.0,83.20191306897374
2985,1,1.2309,37106.39178082192,34.970693264425115,40.0,2.0,134.84217158940896
2986,1,1.2606,37106.39178082192,15.014079373435777,40.0,2.0,161.6976157140471
2987,1,1.2024,37106.39178082192,20.018758690984132,40.0,2.0,183.8147016713181
2988,1,1.2312,37106.39178082192,44.99305077681117,40.0,2.0,219.51835120908933
2990,1,1.226,37106.39178082192,69.96280665991509,40.0,2.0,286.6747278438375
2991,1,1.2416,37106.39178082192,19.934586273262976,40.0,2.0,334.25452968154906
2992,1,1.1681,37106.39178082192,49.966739275188324,40.0,2.0,369.7780791513505
2993,1,1.3373,37106.39178082192,140.00528998308954,40.0,2.0,457.17177651198637
2998,1,1.2963,31211.10136986301,215.03833243392037,40.0,2.0,450.09511350933076
2999,1,1.2355,26901.89589041096,34.97405308216943,40.0,2.0,430.1376251976145
3000,1,1.2903,26901.89589041096,74.98602584845884,40.0,2.0,373.69863552720307
3002,1,1.2935,26901.89589041096,60.11073469655916,40.0,2.0,299.9968979697818
3003,0,1.3317,26901.89589041096,39.959189340127004,40.0,2.0,247.21219206397518
3005,1,1.2206,26901.89589041096,159.9545546083623,40.0,2.0,143.0954841561581
3006,1,1.261,26901.89589041096,69.9646633437591,40.0,2.0,35.767998361647166
3008,1,1.2517,26901.89589041096,109.94982986637591,40.0,2.0,73.93232541019024
3010,1,1.3403,42075.78082191781,105.00870506018504,40.0,2.0,56.98162776148993
3012,1,1.2789,42075.78082191781,99.96971136130533,40.0,2.0,49.40158637904298
3014,1,1.2261,42075.78082191781,120.01776892572919,40.0,2.0,166.1013231792398
3015,1,1.2049,31519.065753424657,234.95241504966978,40.0,2.0,221.76693207612558
3016,0,1.2302,31519.065753424657,125.0415458924599,40.0,2.0,44.99497154584812
3018,0,1.1562,31519.065753424657,14.991193725258602,40.0,2.0,47.11669221300102
3020,0,1.1566,31519.065753424657,104.98147804612493,40.0,2.0,109.2118930483643
3022,0,1.1728,29454.12328767123,239.94902538306042,40.0,2.0,135.15423678686875
3024,0,1.1655,29454.12328767123,45.0398359516745,40.0,2.0,25.371205719260455
3025,0,1.1667,29454.12328767123,70.05377920517543,40.0,2.0,75.26263648316208
3026,0,1.1649,29454.12328767123,259.97292084058677,40.0,2.0,241.8881509298546
3027,0,1.1766,29454.12328767123,59.95201214310814,40.0,2.0,401.82511105481433
3030,0,1.1634,15159.46301369863,84.94495368105373,40.0,2.0,365.4750910253082
3031,0,1.1859,15159.46301369863,179.91035606129373,40.0,2.0,231.21469059689022
3032,0,1.1856,15159.46301369863,134.9400834561893,40.0,2.0,72.6442657718951
3034,0,1.1986,15159.46301369863,49.95950193022153,40.0,2.0,30.52955714369841
3035,0,1.1674,15159.46301369863,369.92521488170286,40.0,2.0,234.20634187273419
3037,0,1.1664,18747.80821917808,29.961718485654494,12.0,3.0,210.11652531223822
3038,0,1.2108,18747.80821917808,99.9821157005999,12.0,3.0,170.145670497017
3039,0,1.1615,18747.80821917808,704.9469597862709,12.0,3.0,275.8335267025037
3040,0,1.1613,10168.14794520548,114.9771449228893,12.0,3.0,168.3593107023916
3044,0,1.305,19199.1397260274,19.946437669709862,12.0,3.0,230.90851088984567
3045,0,1.3268,19199.1397260274,20.00447846878821,12.0,3.0,216.72810393059973
3046,0,1.2807,19199.1397260274,19.979262512884816,12.0,3.0,204.06892713626496
3047,0,1.2866,19199.1397260274,19.970285349071688,12.0,3.0,192.2979816452393
3048,0,1.1996,19199.1397260274,60.001968171372226,12.0,3.0,166.10681664752738
3051,0,1.2362,19199.1397260274,9.973726296864745,12.0,3.0,121.27593176537721
3056,0,1.2265,19199.1397260274,55.05739403860511,12.0,3.0,213.07228890407103
3057,0,1.1911,19199.1397260274,339.73909629283685,12.0,3.0,405.11812828267176
3060,0,1.2016,12466.791780821915,624.339373399197,12.0,3.0,329.351975105155
3061,0,1.1817,20545.254794520548,204.97477792539706,25.0,3.0,459.89004958687536
3063,0,1.2086,20545.254794520548,234.9771011041786,25.0,3.0,238.49993057324895
3064,0,1.1947,20545.254794520548,95.0334830404235,25.0,3.0,96.67150462462345
3065,0,1.1803,20545.254794520548,234.96315130573552,25.0,3.0,138.07925620214243
3066,0,1.264,20545.254794520548,95.01520905328451,25.0,3.0,289.8879620921527
3067,0,1.2296,33247.925619834714,54.99735378419376,25.0,3.0,279.5745866391978
3068,0,1.2407,33247.925619834714,44.99717069147189,25.0,3.0,227.17002652593487
3069,0,1.214,33247.925619834714,50.035798981108464,25.0,3.0,179.3005436202085
3070,0,1.3092,33247.925619834714,25.048509744380013,25.0,3.0,143.70991430714386
3071,0,1.2551,33247.925619834714,119.98338093624605,25.0,3.0,87.25326318996689
3072,0,1.4993,33247.925619834714,215.02946703291317,25.0,3.0,142.72977226613622
3073,0,1.7571,42311.260273972606,14.963906976905811,25.0,3.0,108.13316358122938
3074,0,1.5328,42311.260273972606,25.075203115689103,25.0,3.0,89.68387171103191
3075,0,1.6204,42311.260273972606,25.01304466795575,25.0,3.0,68.30858943198004
3076,0,1.513,42311.260273972606,45.040347792666296,25.0,3.0,49.73143605639844
3077,0,1.2833,42311.260273972606,35.00497487425087,25.0,3.0,56.518501589429654
3078,0,1.3256,42311.260273972606,94.9662985871199,25.0,3.0,107.07479234654978
3079,0,1.2921,42311.260273972606,45.02661190302473,25.0,3.0,174.0244087245744
3080,0,1.3601,42311.260273972606,25.043732327114867,25.0,3.0,209.62820303002687
3082,0,1.3841,42311.260273972606,59.986716466186685,25.0,3.0,266.5923841335826
3083,1,1.3999,42075.78082191781,55.02780395806334,25.0,3.0,249.54179958656798
3085,1,1.3343,42075.78082191781,65.0308314395771,25.0,3.0,231.80887477086168
3086,1,1.19,42075.78082191781,59.98130337144357,25.0,3.0,231.74304259945814
3087,1,1.1776,24915.00547945205,49.913944563726965,25.0,3.0,223.3326250479222
3088,0,1.1888,24915.00547945205,54.99449718602816,25.0,3.0,170.25295811184307
3089,0,1.1745,24915.00547945205,25.012328035525265,25.0,3.0,126.18975135774815
3090,0,1.2726,24915.00547945205,59.70681341175741,25.0,3.0,82.55021549985396
3092,0,1.1803,30598.564383561643,354.97514883287965,27.0,3.0,454.1457241498276
3094,0,1.1943,30598.564383561643,100.03617432616934,27.0,3.0,221.55613788352593
3095,0,1.2723,30598.564383561643,169.93452339493933,27.0,3.0,83.96769714720863
3096,1,1.2209,30598.564383561643,189.99200707857153,27.0,3.0,101.80841663933151
3097,1,1.1975,19625.87123287671,250.05265824277598,27.0,3.0,127.3505479958529
3098,0,1.1864,19625.87123287671,95.02489247276945,27.0,3.0,47.2813629112386
3099,0,1.2085,19708.641666666663,10.042193063038228,27.0,3.0,86.67757894357858
3100,0,1.1886,19708.641666666663,74.96966727406424,27.0,3.0,44.22516856833434
3101,0,1.2347,19708.641666666663,30.059930312117153,27.0,3.0,22.624581289520435
3102,0,1.2014,19708.641666666663,149.99715434105153,27.0,3.0,105.9737604486158
3104,0,1.2948,19708.641666666663,195.01254260677135,27.0,3.0,288.81053469265026
3105,0,1.3457,19708.641666666663,75.03520961701395,27.0,3.0,426.77576165759075
3108,0,1.3286,12818.235616438356,259.97703374493847,27.0,3.0,448.58768934773184
3109,0,1.2086,12818.235616438356,89.90401412611268,27.0,3.0,462.44302425970443
3110,1,1.1732,12818.235616438356,99.92783999866035,27.0,3.0,472.3452403040722
3111,0,1.193,19652.534246575346,75.02458819328348,26.0,3.0,50.56085249924971
3112,0,1.1757,19652.534246575346,169.93154934381357,26.0,3.0,174.62293057319485
3113,0,1.2094,19652.534246575346,125.01175811516335,26.0,3.0,326.14276756100094
3114,0,1.1906,19652.534246575346,14.98412436704244,26.0,3.0,400.8738512595195
3115,0,1.3131,19113.699724517905,115.01473444782044,26.0,3.0,354.69373904948264
3116,0,1.3489,19113.699724517905,44.9649402272732,26.0,3.0,303.6186844025453
3117,0,1.2382,19113.699724517905,44.93886511161588,26.0,3.0,278.6184953744263
3118,0,1.1626,19113.699724517905,19.97720655514507,26.0,3.0,264.2462950211897
3119,0,1.6182,19113.699724517905,19.985901892424035,26.0,3.0,258.95393880805983
3120,0,1.2597,19113.699724517905,219.9460583613241,26.0,3.0,285.64440818171323
3122,0,1.7514,31211.10136986301,45.06147737025638,26.0,3.0,288.1846375500762
3124,0,1.2387,31211.10136986301,45.040070249615674,26.0,3.0,231.39361372958956
3125,0,1.2295,31211.10136986301,40.03748288169427,26.0,3.0,188.4332248192722
3126,0,1.2523,31211.10136986301,45.03989431402668,26.0,3.0,144.40377305328064
3127,0,1.2346,31211.10136986301,109.98130210513494,26.0,3.0,66.646222086863
3128,0,1.2895,31211.10136986301,39.97436582593572,26.0,3.0,14.783635800307918
3129,0,1.3267,31211.10136986301,75.00883478999229,26.0,3.0,68.14696529946022
3130,0,1.2858,31211.10136986301,44.99226914652364,26.0,3.0,129.90182382844915
3131,0,1.3132,31211.10136986301,90.01570434722305,26.0,3.0,198.12973455639928
3133,1,1.3263,31211.10136986301,69.94294876390468,26.0,3.0,281.28077229044027
3135,1,1.2388,31211.10136986301,109.93151942778118,26.0,3.0,374.49332144200343
3137,1,1.2441,26901.89589041096,90.01456891061231,26.0,3.0,452.3932223031485
3139,1,1.2641,26901.89589041096,239.98855451384026,26.0,3.0,491.92302188163825
3140,0,1.1645,15328.780821917808,1129.520992515226,14.0,3.0,263.0521178421739
3141,0,1.2254,7964.375342465753,114.96412065707392,14.0,3.0,307.8973090543955
3142,1,1.1883,7964.375342465753,195.03724411824368,14.0,3.0,246.11155299813365
3143,1,1.1826,20639.41597796143,265.01737576056405,14.0,3.0,115.75466150878916
3144,0,1.2001,20639.41597796143,65.0175256504508,14.0,3.0,53.89010254627651
3145,0,1.1974,20639.41597796143,20.018685497804587,14.0,3.0,98.0099913014877
3146,0,1.2638,20639.41597796143,45.03385016789099,14.0,3.0,132.8866172290646
3147,0,1.2299,20639.41597796143,54.9880710688952,14.0,3.0,186.59371069583216
3148,0,1.3114,12043.954385964911,25.08161998744832,14.0,3.0,206.6028260104817
3149,0,1.178,12043.954385964911,4.957815489517757,14.0,3.0,204.58742764087168
3150,0,1.1751,12043.954385964911,64.94915709302306,14.0,3.0,201.36655422781112
3151,0,1.2329,12043.954385964911,40.0515662666879,14.0,3.0,209.33671161521573
3152,0,1.2042,12043.954385964911,24.978293259848954,14.0,3.0,221.46547016709866
3153,0,1.2811,12043.954385964911,49.95651203534112,14.0,3.0,241.12128570895837
3154,0,1.1909,12043.954385964911,60.00682177558474,14.0,3.0,275.03012580517253
3155,0,1.2481,12043.954385964911,24.9921345005655,14.0,3.0,306.91593776480164
3156,0,1.1666,27573.70523415978,120.02773518712205,14.0,3.0,232.17107000940476
3157,0,1.1768,27573.70523415978,189.99059190750148,14.0,3.0,76.62894801628366
3158,0,1.3028,27573.70523415978,45.04086955924196,14.0,3.0,49.44990953003048
3159,0,1.1727,27573.70523415978,119.93634694527898,14.0,3.0,133.79411419222257
3160,0,1.2536,27573.70523415978,154.88902305556752,14.0,3.0,268.9186159332952
3161,0,1.4474,27573.70523415978,29.915171493645893,14.0,3.0,362.1555263320783
3162,0,1.2825,41638.88493150685,54.93405504890732,14.0,3.0,407.55739568428817
3163,0,1.243,41638.88493150685,155.02674956721572,14.0,3.0,299.2842966437994
3164,0,1.1531,41638.88493150685,139.9768495520108,14.0,3.0,150.61097369467907
3165,0,1.1824,41638.88493150685,59.95542400873777,14.0,3.0,47.10212661999081
3166,0,1.2707,41638.88493150685,20.028327752049584,14.0,3.0,10.24624737354924
3167,0,1.2241,41638.88493150685,60.052344195038025,14.0,3.0,41.20039810488285
3168,0,1.2036,41638.88493150685,45.002591236236775,14.0,3.0,93.17544876131694
3169,0,1.2908,30310.46301369863,34.95868284383339,14.0,3.0,114.23499647141279
3170,0,1.1936,30310.46301369863,214.94733038528372,14.0,3.0,15.267210737487188
3171,0,1.1657,30310.46301369863,45.073707986552705,14.0,3.0,145.73795249161728
3172,0,1.2753,30310.46301369863,19.925149356181254,14.0,3.0,179.5715969918212
3174,0,1.5136,30310.46301369863,164.9940472353593,14.0,3.0,276.91504870678455
3175,0,1.6946,19113.699724517905,144.9290895073844,14.0,3.0,186.2132580635352
3176,0,1.1692,19113.699724517905,129.96909879832003,14.0,3.0,47.37465653732734
3177,0,1.1957,19113.699724517905,159.9745733788758,14.0,3.0,102.88520012526934
3178,0,1.1994,19113.699724517905,290.00748209768005,14.0,3.0,330.03192588494505
3179,0,1.2586,33247.925619834714,184.99941877716887,14.0,3.0,168.8800922442922
3180,0,1.2227,33247.925619834714,320.03262610636364,14.0,3.0,86.5148792945563
3181,0,1.2189,33247.925619834714,125.06687302993967,14.0,3.0,309.1583075057282
3182,0,1.1855,22843.43561643836,249.96962697164713,14.0,3.0,389.37259069652254
3183,0,1.187,22843.43561643836,229.97298676529098,14.0,3.0,421.2753736094685
3184,0,1.1892,18789.783561643835,225.04393040797436,14.0,3.0,377.73711754785586
3185,0,1.1954,18789.783561643835,294.99588594524266,14.0,3.0,495.6350596350069
3190,0,1.1746,9849.424657534246,859.9759772670475,14.0,3.0,442.71668793734415
3191,0,1.2304,9002.78904109589,34.953195030977184,25.0,3.0,103.65549025637108
3192,0,1.2317,9002.78904109589,89.92852105840127,25.0,3.0,132.38224649909264
3194,0,1.3533,13536.224657534249,124.98606012200007,25.0,3.0,78.10475179863775
3195,0,1.2469,13536.224657534249,24.964369453387977,25.0,3.0,24.961094512740818
3196,0,1.2142,13536.224657534249,29.996057927098615,25.0,3.0,41.25042911547452
3197,0,1.3495,13536.224657534249,264.96602419291867,25.0,3.0,179.67894678889743
3198,0,1.2627,22538.05753424657,44.9385932403591,25.0,3.0,118.357771923905
3199,0,1.207,22538.05753424657,135.04916650705925,25.0,3.0,116.37445299229692
3200,0,1.2016,22538.05753424657,140.06703513193474,25.0,3.0,213.96343345438493
3201,0,1.1924,22538.05753424657,164.91018963134223,25.0,3.0,354.6220234239608
3202,0,1.1873,21420.249315068493,184.96838779763996,25.0,3.0,286.234976721049
3203,1,1.2279,21420.249315068493,219.92760890217434,25.0,3.0,88.98165369119154
3204,1,1.309,21420.249315068493,44.972931041384356,25.0,3.0,49.30303320805175
3205,1,1.2106,21420.249315068493,174.97440448157738,25.0,3.0,159.25838709376532
3206,0,1.1916,21420.249315068493,39.9383475559054,25.0,3.0,266.18414967107014
3207,0,1.2009,21420.249315068493,109.9616220314204,25.0,3.0,342.25872596947255
3208,0,1.1531,18143.601648351647,104.89774129632305,25.0,3.0,378.931442495284
3209,0,1.1583,18143.601648351647,74.99467536082173,25.0,3.0,290.6708042182346
3210,0,1.19,18143.601648351647,39.98231539377568,25.0,3.0,239.1670265786084
3211,0,1.1782,18143.601648351647,44.93006814457934,25.0,3.0,198.9337670584504
3212,0,1.1841,18143.601648351647,49.92769386807235,25.0,3.0,151.54940276551284
3213,0,1.1678,18143.601648351647,74.98447094453194,25.0,3.0,85.13978007255194
3214,0,1.1547,18143.601648351647,34.95642590554289,25.0,3.0,29.901694652464762
3215,0,1.1896,18143.601648351647,95.06746211441592,25.0,3.0,46.35995897210431
3216,0,1.2205,18143.601648351647,60.02920426150566,25.0,3.0,122.28762960964912
3217,0,1.1837,18143.601648351647,9.974210777152646,25.0,3.0,159.68899117532172
3218,0,1.2302,18143.601648351647,49.95965349869618,25.0,3.0,190.8174650739517
3219,0,1.2152,24915.00547945205,80.01149389180257,25.0,3.0,167.52456764508693
3220,0,1.2869,24915.00547945205,130.02344994607563,25.0,3.0,64.82150190497661
3221,0,1.325,24915.00547945205,44.95516524732133,25.0,3.0,38.40110233228942
3222,0,1.3014,24915.00547945205,15.001069575298724,25.0,3.0,67.17774226711775
3223,0,1.4286,24915.00547945205,55.03991649631199,25.0,3.0,104.71358730686035
3225,0,1.4032,24915.00547945205,80.02146653525003,25.0,3.0,173.744534214097
3227,0,1.2833,31519.065753424657,100.00692626729955,25.0,3.0,193.263571185766
3228,0,1.2768,31519.065753424657,150.051753769088,25.0,3.0,77.77634095772
3229,1,1.1621,28633.194520547942,79.95448928647147,9.0,3.0,50.68738174531828
3230,1,1.1968,28633.194520547942,35.010182909924985,9.0,3.0,106.87896797080627
3231,0,1.4221,28633.194520547942,30.003149192145603,9.0,3.0,143.26423649567482
3232,0,1.2361,28633.194520547942,40.053430719873354,9.0,3.0,180.7777742034991
3234,0,1.2968,28633.194520547942,39.937435142748484,9.0,3.0,223.38951044989514
3236,0,1.3371,28633.194520547942,64.94028205589933,9.0,3.0,283.1526556477263
3238,0,1.4407,28633.194520547942,49.928700006630834,9.0,3.0,360.0516897011959
3239,0,1.3839,28633.194520547942,64.90474008423087,9.0,3.0,420.3496200679786
3240,0,1.2951,43406.35616438357,84.90365516034404,9.0,3.0,402.29121019355654
3241,0,1.3202,43406.35616438357,5.000541127170495,9.0,3.0,371.0437560519358
3242,0,1.4025,43406.35616438357,29.90493904180712,9.0,3.0,354.51522817867277
3243,0,1.338,43406.35616438357,15.045914120993125,9.0,3.0,331.9232443226218
3245,0,1.4446,43406.35616438357,10.006140644656234,9.0,3.0,315.03816282677445
3246,0,1.2161,43406.35616438357,104.9784260671178,9.0,3.0,257.4391682509247
3247,0,1.2971,43406.35616438357,35.009641279864944,9.0,3.0,186.1866482986115
3248,0,1.3325,43406.35616438357,45.000525850272716,9.0,3.0,154.2608253780338
3249,0,1.5085,43406.35616438357,14.916609218702854,9.0,3.0,141.28702421926045
3250,0,1.3885,43406.35616438357,10.032096197014225,9.0,3.0,138.52491534237595
3251,0,1.4772,43406.35616438357,15.013719941126347,9.0,3.0,137.29031056940624
3252,1,1.391,43406.35616438357,34.95008538563318,9.0,3.0,130.93820407601325
3253,1,1.3712,43406.35616438357,34.960392611138445,9.0,3.0,129.67979500897061
3254,0,1.2065,7964.375342465753,89.84975145374786,11.0,3.0,41.619328705881124
3255,0,1.1913,7964.375342465753,233.9261400391943,11.0,3.0,204.28089153307792
3256,0,1.1643,7964.375342465753,139.9685271614264,11.0,3.0,274.7116872006561
3257,0,1.2688,7964.375342465753,120.00727541356058,11.0,3.0,311.2182340418508
3259,0,1.3561,7964.375342465753,49.964523512691024,11.0,3.0,364.92569055830114
3260,0,1.1771,28633.194520547942,35.011133307043075,11.0,3.0,373.8400042642799
3261,0,1.3054,28633.194520547942,15.027282569053991,11.0,3.0,371.1430439307592
3263,0,1.3955,28633.194520547942,9.979901803619526,11.0,3.0,373.3899682758795
3264,0,1.4686,28633.194520547942,35.05992119542272,11.0,3.0,379.5367743195942
3267,0,1.5193,28633.194520547942,40.022871061156046,11.0,3.0,401.4236331340352
3268,0,1.4668,12043.954385964911,34.99478759616877,11.0,3.0,408.6286521058201
3269,0,1.2602,12043.954385964911,75.0094054911486,11.0,3.0,412.37917254714233
3271,0,1.2128,17246.194520547946,104.95223682310598,11.0,3.0,356.159284315328
3272,0,1.2293,17246.194520547946,100.05290974412479,11.0,3.0,254.09312526366486
3273,0,1.3739,17246.194520547946,69.92952745251061,11.0,3.0,168.847205446398
3275,1,1.3515,17246.194520547946,30.019591521158826,11.0,3.0,100.47067051260433
3276,1,1.2908,17246.194520547946,9.996194896700121,11.0,3.0,75.8770745593916
3277,1,1.3449,17246.194520547946,70.01326978083888,11.0,3.0,32.97666041933414
3278,1,1.4511,17246.194520547946,79.97654731624458,11.0,3.0,44.02222998511489
3280,1,1.4176,17246.194520547946,29.951294375189132,11.0,3.0,99.71531417394394
3282,1,1.3545,17246.194520547946,10.076232076760997,11.0,3.0,128.43967596321625
3283,1,1.2362,17246.194520547946,45.07773938909638,11.0,3.0,157.09594819721883
3284,0,1.408,17246.194520547946,30.016406614115336,11.0,3.0,198.23340168380642
3286,0,1.2924,17246.194520547946,75.01061363149485,11.0,3.0,253.09928670291848
3288,0,1.3022,17246.194520547946,20.01237396666844,11.0,3.0,314.3642758285262
3290,0,1.2969,37106.39178082192,54.99341991859917,11.0,3.0,344.83736992956153
3291,0,1.2395,37106.39178082192,75.00674096154704,11.0,3.0,378.9146867764587
3292,1,1.4884,37106.39178082192,34.98546320449812,11.0,3.0,414.43244147968664
3294,1,1.4862,37106.39178082192,39.99639824887674,11.0,3.0,442.5063508964394
3296,1,1.287,37106.39178082192,49.98355158780728,11.0,3.0,477.7225312443117
3297,1,1.3263,33765.32602739726,59.933845940014564,20.0,3.0,52.66010631280762
3298,1,1.2791,33765.32602739726,50.06581053842278,20.0,3.0,111.84665145639731
3299,1,1.2676,33765.32602739726,19.946391879814147,20.0,3.0,147.5820431391048
3300,0,1.2607,33765.32602739726,29.919584438706316,20.0,3.0,174.9862916301793
3302,0,1.2638,33765.32602739726,40.019376925825505,20.0,3.0,213.09865027010616
3303,0,1.1937,33765.32602739726,4.9957322252764715,20.0,3.0,235.81231016721694
3304,0,1.243,33765.32602739726,120.07615459107457,20.0,3.0,300.24216216306075
3305,0,1.2287,19821.895316804406,44.92460308294062,20.0,3.0,217.84568904892458
3306,0,1.1759,19821.895316804406,165.09015107894015,20.0,3.0,109.10970570710668
3307,0,1.2011,19821.895316804406,44.910907885329685,20.0,3.0,2.1189983082118107
3308,0,1.2785,19821.895316804406,24.911160786132463,20.0,3.0,38.84586036090018
3310,0,1.2202,19821.895316804406,50.00061750239196,20.0,3.0,80.31378596874181
3311,0,1.1712,19821.895316804406,179.9942088506607,20.0,3.0,193.66923602544907
3312,0,1.2272,19821.895316804406,35.00559045910322,20.0,3.0,301.5401822372295
3313,0,1.2108,34000.18630136986,84.95396981251882,20.0,3.0,251.99326825331272
3314,0,1.2733,34000.18630136986,34.983745265263444,20.0,3.0,189.3416972075143
3315,1,1.2686,34000.18630136986,65.02147366655186,20.0,3.0,139.2296875946396
3316,1,1.3899,34000.18630136986,14.964161254915169,20.0,3.0,94.9775449687947
3317,1,1.4485,34000.18630136986,35.003545969102014,20.0,3.0,68.88810104901796
3318,1,1.4981,34000.18630136986,20.02385374949598,20.0,3.0,39.030845196732
3320,1,1.4383,34000.18630136986,44.972752046374,20.0,3.0,1.6366950872591586
3321,1,1.2574,34000.18630136986,14.962786555341726,20.0,3.0,29.241730850661817
3322,1,1.2988,34000.18630136986,60.03547069505717,20.0,3.0,68.03771977099201
3324,1,1.2618,34000.18630136986,144.97947558848858,20.0,3.0,177.668017899884
3325,1,1.3176,34000.18630136986,349.86586296445586,20.0,3.0,426.9306029397208
3327,0,1.276,13836.471232876713,139.95961783593827,20.0,3.0,69.45394324962662
3328,0,1.2514,13836.471232876713,75.05230440576764,20.0,3.0,177.1029035292346
3329,0,1.1993,33321.14246575342,169.99263108707567,20.0,3.0,199.66483839321444
3330,0,1.2053,33321.14246575342,140.03462086182486,20.0,3.0,191.12435623847597
3331,0,1.2166,14981.53021978022,160.02119499290913,20.0,3.0,139.50643373719313
3332,0,1.3301,14981.53021978022,40.00090156203693,20.0,3.0,107.26018025340402
3333,0,1.3018,14981.53021978022,34.962495864993464,20.0,3.0,121.80281632051059
3334,0,1.4547,14981.53021978022,44.97106794263511,20.0,3.0,149.39656849373884
3335,0,1.1637,16795.205479452055,219.9867260711545,30.0,3.0,289.5167098486983
3336,1,1.2083,16795.205479452055,569.8247854061456,30.0,3.0,120.72602597533901
3337,1,1.1893,40245.56438356164,130.04798381748586,30.0,3.0,71.01724592180479
3338,1,1.1789,30720.39726027397,274.97510102789323,30.0,3.0,160.9940632388316
3339,1,1.1667,30720.39726027397,165.06408891836438,30.0,3.0,75.37735537763241
3340,0,1.1777,33608.82739726028,174.97332077541222,30.0,3.0,21.135613437321584
3341,0,1.1735,33608.82739726028,154.98890287514496,30.0,3.0,166.45855544679193
3342,0,1.2087,19821.895316804406,204.97210591887776,30.0,3.0,112.42708298892892
3343,1,1.2317,43406.35616438357,74.82329661259641,25.0,3.0,65.60610647502664
3344,1,1.2117,43406.35616438357,60.03767044856763,25.0,3.0,119.30147340533217
3345,0,1.1907,43406.35616438357,245.03009011820163,25.0,3.0,266.841715349523
3346,0,1.1917,13836.471232876713,65.02717065744878,25.0,3.0,320.9338431327547
3348,0,1.185,13836.471232876713,4.993549846209973,25.0,3.0,271.38707493242913
3349,0,1.1984,13836.471232876713,134.9584487302278,25.0,3.0,198.8725965504159
3350,0,1.1811,13836.471232876713,129.9621912814039,25.0,3.0,62.96738411781932
3351,0,1.1637,13836.471232876713,274.93049811065674,25.0,3.0,139.53090721439446
3352,0,1.1834,33608.82739726028,89.95641513287111,25.0,3.0,117.77718997002917
3353,0,1.1939,33608.82739726028,89.9961443436846,25.0,3.0,190.11262635123242
3354,0,1.2414,22538.05753424657,70.04361022424636,25.0,3.0,228.80473744485622
3355,0,1.2144,22538.05753424657,149.92275060684182,25.0,3.0,117.83836913562291
3356,0,1.1715,22538.05753424657,144.9397169882015,25.0,3.0,38.125759480654764
3357,0,1.1675,22538.05753424657,219.91965684743315,25.0,3.0,219.74379513998977
3358,0,1.1817,19783.794520547945,124.90118043013416,25.0,3.0,73.14892122153074
3359,1,1.2931,43406.35616438357,79.8847715030584,25.0,3.0,82.55399565174542
3360,1,1.1869,31584.86301369863,109.99026062398175,25.0,3.0,167.53320308946977
3361,0,1.1833,31584.86301369863,254.9376303218541,25.0,3.0,222.24866692200476
3362,1,1.1946,17097.982578397212,449.92807193410374,25.0,3.0,222.93781413515057
3363,1,1.1714,25424.997260273973,329.8752466335434,25.0,3.0,75.24306585469215
3364,0,1.1938,14981.53021978022,170.01141885452952,25.0,3.0,18.879128519398115
3365,1,1.1658,40245.56438356164,275.0449381422109,25.0,3.0,181.23791253082862
3366,1,1.1755,40245.56438356164,90.04294422957784,25.0,3.0,147.83672791031785
3367,0,1.1681,40245.56438356164,124.95538581398175,25.0,3.0,214.4393741251024
3368,0,1.1977,9002.78904109589,130.03466281167098,25.0,3.0,103.7412306020188
3370,0,1.1765,9002.78904109589,134.93891654965154,25.0,3.0,31.38759671654447
3371,1,1.1731,9002.78904109589,124.99977785049532,25.0,3.0,164.91145352996685
3372,1,1.1729,12525.819178082193,150.0199093086286,25.0,3.0,57.56051818569268
3373,0,1.2746,33321.14246575342,59.996294150812076,20.0,3.0,148.27600359153013
3374,1,1.2034,33321.14246575342,120.08669624812683,20.0,3.0,53.4084431584939
3375,1,1.191,33321.14246575342,90.06073263513,20.0,3.0,52.85782689629186
3376,1,1.1987,30720.39726027397,90.02714918439456,20.0,3.0,18.805375140645804
3377,1,1.2257,30720.39726027397,125.04102368747975,20.0,3.0,119.64365845754695
3378,0,1.2236,13536.224657534249,134.9869171329737,20.0,3.0,215.478919747207
3379,0,1.2676,13536.224657534249,169.90290004241106,20.0,3.0,63.592512959036426
3380,0,1.2497,13536.224657534249,129.99482813632542,20.0,3.0,91.63481586999359
3381,0,1.2002,13542.315068493152,135.05554330847184,20.0,3.0,76.64408547573824
3382,0,1.2096,19708.641666666663,244.8103340803323,23.0,3.0,136.57778797604846
3384,0,1.2938,19708.641666666663,54.977751486242454,23.0,3.0,301.8158146756695
3385,0,1.2413,19708.641666666663,25.002754315739672,23.0,3.0,341.8098133644523
3387,0,1.3522,27573.70523415978,25.002755390519717,23.0,3.0,350.6193200588925
3389,0,1.2445,27573.70523415978,105.0162771297772,23.0,3.0,281.9984406563893
3391,0,1.324,27573.70523415978,34.994990799036714,23.0,3.0,206.31787094100443
3392,0,1.291,27573.70523415978,49.99224647297662,23.0,3.0,162.48086783358076
3394,0,1.2147,27573.70523415978,19.97432997073193,23.0,3.0,113.56185777854425
3395,0,1.2012,27573.70523415978,39.99549375759481,23.0,3.0,86.66598070778073
3396,0,1.1855,27573.70523415978,25.06467725932422,23.0,3.0,61.37351271094871
3397,0,1.2002,27573.70523415978,54.870488362060215,23.0,3.0,32.73322778565299
3398,0,1.3435,27573.70523415978,179.94734760752206,23.0,3.0,101.18544100208783
3399,0,1.3443,27573.70523415978,59.98817504016434,23.0,3.0,222.56606903683218
3400,0,1.2239,27573.70523415978,4.986272204321156,23.0,3.0,257.9098121320203
3401,0,1.2336,32777.45479452055,64.98633288881109,23.0,3.0,236.76592338151812
3404,0,1.3542,32777.45479452055,25.01948412090788,23.0,3.0,176.7417457572457
3405,0,1.4639,32777.45479452055,39.98993954354856,23.0,3.0,143.4226910311775
3407,1,1.3233,32777.45479452055,15.052243163358089,23.0,3.0,100.95774027942473
3408,1,1.3781,32777.45479452055,29.95693267715489,23.0,3.0,78.19961812590738
3409,1,1.4044,32777.45479452055,49.863046503772054,23.0,3.0,35.57862384100934
3410,1,1.2821,32777.45479452055,54.98297792268581,23.0,3.0,25.899028083628473
3411,1,1.3392,32777.45479452055,69.85851414752734,23.0,3.0,87.90189875078487
3412,1,1.5438,17246.194520547946,30.081160515570787,23.0,3.0,89.16393810837315
3413,1,1.3991,17246.194520547946,59.93029930724212,23.0,3.0,39.69344204532574
3414,1,1.4471,17246.194520547946,34.954568392017606,23.0,3.0,12.172546903718441
3415,1,1.3977,17246.194520547946,40.06603889981065,23.0,3.0,52.85153743641506
3416,1,1.3918,17246.194520547946,69.92718732247548,23.0,3.0,107.69447207501997
3418,1,1.3391,17246.194520547946,34.95029102215767,23.0,3.0,171.9673601186808
3419,1,1.3549,37106.39178082192,39.94761318144218,23.0,3.0,160.9754224822951
3420,1,1.3962,37106.39178082192,55.064102948513224,23.0,3.0,109.91874813492535
3422,1,1.4632,37106.39178082192,20.007056127265205,23.0,3.0,66.5044973965633
3423,1,1.2883,37106.39178082192,44.950551181357575,23.0,3.0,32.82033219340933
3424,1,1.3265,37106.39178082192,94.90935168643644,23.0,3.0,37.876027614537065
3427,1,1.3341,37106.39178082192,35.01839322318564,23.0,3.0,124.84932768046193
3428,0,1.2643,37106.39178082192,35.05893881226337,23.0,3.0,163.34410954664253
3429,0,1.3428,37106.39178082192,30.009251553645313,23.0,3.0,198.19637919897974
3430,0,1.3979,37106.39178082192,45.0922040473278,23.0,3.0,239.4007355676275
3433,0,1.4162,16320.223880597016,45.027300105080684,23.0,3.0,207.22281329349872
3434,0,1.3365,16320.223880597016,19.928357732677394,23.0,3.0,173.1476263046153
3435,0,1.2633,16320.223880597016,20.015874259534712,23.0,3.0,149.87312745062437
3437,1,1.1958,16320.223880597016,100.07542433489286,23.0,3.0,57.06459258986119
3438,1,1.2355,16320.223880597016,50.0411415785283,23.0,3.0,23.88671380323224
3439,1,1.4984,16320.223880597016,44.9460537044988,9.0,3.0,346.12012173576585
3440,0,1.2977,16320.223880597016,94.91113021876077,9.0,3.0,342.8596868869086
3441,0,1.3223,16320.223880597016,54.977628239424746,9.0,3.0,341.35242357438705
3442,0,1.2477,16320.223880597016,14.997522988936039,9.0,3.0,352.5069540020022
3443,0,1.2496,16320.223880597016,35.01663170434121,9.0,3.0,361.66583014485946
3444,0,1.2348,16320.223880597016,115.00557410403735,9.0,3.0,391.36433662454334
3445,0,1.1847,16320.223880597016,225.05836549372714,9.0,3.0,491.68227069134196
3448,0,1.156,26901.89589041096,130.03381020855613,9.0,3.0,478.0041471141291
3449,0,1.2838,26901.89589041096,124.977430293161,9.0,3.0,416.0132955692174
3450,0,1.2108,18143.601648351647,125.04306016114052,9.0,3.0,340.4109292032494
3451,0,1.2306,18143.601648351647,69.94859509718461,9.0,3.0,287.7454534071734
3452,0,1.6729,18143.601648351647,34.986792534826336,9.0,3.0,272.38452982939873
3454,0,1.5463,18143.601648351647,24.986204628766767,9.0,3.0,266.66439967072245
3455,0,1.5121,24915.00547945205,70.01583807191324,9.0,3.0,245.05094115491
3456,0,1.4057,24915.00547945205,94.74575810977325,9.0,3.0,164.07254952935435
3461,1,1.2808,31211.10136986301,159.95185302726637,25.0,3.0,440.4397997994089
3462,0,1.3027,31211.10136986301,140.0319973142833,25.0,3.0,378.0859352126048
3463,1,1.3043,31211.10136986301,119.69801185527412,25.0,3.0,369.9606594810797
3465,1,1.2955,31211.10136986301,110.01462183305617,25.0,3.0,401.5237581358902
3466,0,1.6648,30310.46301369863,35.08662141598366,12.0,3.0,265.89489363305387
3468,0,1.3697,30310.46301369863,29.985269226669704,12.0,3.0,306.3352617709617
3469,0,1.455,30310.46301369863,19.995337257309863,12.0,3.0,333.3715223081825
3470,0,1.3314,31211.10136986301,35.05049929781886,12.0,3.0,333.6830928860656
3471,0,1.464,31211.10136986301,40.00884241606369,12.0,3.0,312.66213791909263
3473,0,1.5745,31211.10136986301,15.041169206938715,12.0,3.0,295.14450841403186
3474,0,1.4945,31211.10136986301,15.041158720180492,12.0,3.0,290.075494079817
3475,0,1.2864,31211.10136986301,14.977799380604928,12.0,3.0,285.72457462796143
3476,0,1.2888,31211.10136986301,40.03766746224375,12.0,3.0,279.46121318257156
3477,0,1.3392,31211.10136986301,55.04529686550692,12.0,3.0,275.29194589196703
3478,0,1.433,31211.10136986301,59.9483061999872,12.0,3.0,281.1771832738878
3479,0,1.3932,31211.10136986301,50.02726213439599,12.0,3.0,298.7873715785553
3480,0,1.4908,31211.10136986301,35.00024229910859,12.0,3.0,325.80918734109997
3481,0,1.5736,31211.10136986301,59.970169445919126,12.0,3.0,372.2099763787616
3482,0,1.5042,31211.10136986301,55.0236863905882,12.0,3.0,425.8746032464901
3483,0,1.6066,31211.10136986301,44.995882195795566,12.0,3.0,476.8726467262128
3487,0,1.1855,18747.80821917808,494.8056587202787,32.0,3.0,242.29113045995817
3488,0,1.1897,9849.424657534246,599.9400010232403,32.0,3.0,237.932143188755
3489,0,1.2519,11245.60989010989,19.98320562034323,32.0,3.0,377.5125675097123
3490,0,1.2462,11245.60989010989,235.04949429135257,32.0,3.0,247.56589507752005
3492,0,1.2611,11245.60989010989,159.9642754581895,32.0,3.0,45.536647304186154
3493,0,1.1895,11245.60989010989,50.061066609386856,32.0,3.0,62.834792435837684
3494,0,1.1938,11245.60989010989,165.03303638073527,32.0,3.0,174.29000817081
3495,0,1.236,11245.60989010989,105.00370498172902,32.0,3.0,312.53268341574994
3512,1,1.2056,12818.235616438356,10.05981902407429,25.0,3.0,324.2618178340922
3513,1,1.1871,12818.235616438356,144.95693005128857,25.0,3.0,322.9191927797941
3514,0,1.2212,12818.235616438356,49.97974236868514,25.0,3.0,338.2587040027407
3515,0,1.1981,12818.235616438356,24.939233977313695,25.0,3.0,353.3229457960894
3516,0,1.1901,19652.534246575346,59.933108593553236,25.0,3.0,325.0380591878593
3517,0,1.185,19652.534246575346,289.99503402377877,25.0,3.0,149.2934011789403
3518,0,1.1684,19652.534246575346,220.02419133789311,25.0,3.0,106.71183702685362
3519,0,1.176,19652.534246575346,99.97275535643755,25.0,3.0,265.6837478831141
3520,0,1.1828,19652.534246575346,55.063085596011646,25.0,3.0,346.7625120851392
3521,0,1.1897,19652.534246575346,70.0454904693287,25.0,3.0,409.9631573246047
3522,0,1.1675,20545.254794520548,279.9514398845567,25.0,3.0,339.8045061271413
3523,0,1.1803,20545.254794520548,139.97746461853103,25.0,3.0,142.03982113363406
3524,0,1.2008,20545.254794520548,144.9556199818238,25.0,3.0,4.452636542624313
3525,0,1.1791,19113.699724517905,24.298409502734664,10.0,3.0,24.54805183720971
3526,0,1.1895,19113.699724517905,99.92970975710816,10.0,3.0,89.55454171139532
3527,0,1.2022,19113.699724517905,94.92699716330551,10.0,3.0,181.75497461707673
3528,0,1.2251,19113.699724517905,34.97666074385136,10.0,3.0,247.68816447637647
3529,0,1.1824,19113.699724517905,70.02054199631127,10.0,3.0,302.2149345908343
3530,0,1.2091,20545.254794520548,205.05196947093492,10.0,3.0,267.93656011165757
3531,0,1.1865,20545.254794520548,215.0743320317186,10.0,3.0,76.74691503160909
3532,0,1.3207,20545.254794520548,75.05173562507626,10.0,3.0,111.50665774252695
3533,0,1.2187,20545.254794520548,20.013723567301668,10.0,3.0,156.80785085700174
3534,0,1.2535,20545.254794520548,219.9618051049132,10.0,3.0,277.34856896104435
3535,0,1.2287,20545.254794520548,134.9399144065604,10.0,3.0,439.26854332934846
3540,0,1.204,13635.024657534246,139.9748266354431,12.0,3.0,462.5443285588104
3541,0,1.2157,13635.024657534246,369.9232596126127,12.0,3.0,223.83372705341662
3542,0,1.2597,13635.024657534246,614.765791184336,12.0,3.0,266.4715571958452
3545,0,1.1645,19199.1397260274,179.9263650061723,12.0,3.0,420.5485974293175
3547,0,1.1857,19199.1397260274,49.917343808506885,12.0,3.0,301.46064618293127
3548,0,1.1659,19199.1397260274,45.072764562369535,12.0,3.0,253.00229093534074
3549,0,1.1678,19199.1397260274,199.9885028472366,12.0,3.0,141.80260595921763
3550,0,1.1821,19199.1397260274,154.99489704053013,12.0,3.0,109.76293569015743
3551,1,1.2763,41638.88493150685,19.9706034257038,16.0,3.0,438.15161766627114
3552,1,1.3875,41638.88493150685,45.03559832789503,16.0,3.0,444.86315406504923
3553,1,1.4359,41638.88493150685,19.90616076593848,16.0,3.0,453.56049835519997
3554,1,1.3163,41638.88493150685,20.005073377708772,16.0,3.0,460.5576258618084
3560,1,1.4589,32777.45479452055,45.00376886688307,16.0,3.0,457.9879901821567
3561,1,1.5569,32777.45479452055,35.02862440421269,16.0,3.0,418.6194104654283
3562,0,1.6053,32777.45479452055,25.019110489784552,16.0,3.0,389.84079695065674
3564,0,1.4789,32777.45479452055,49.989803981468874,16.0,3.0,350.30219154792803
3565,0,1.2714,32777.45479452055,5.003011627305641,16.0,3.0,327.55941366409274
3567,0,1.3777,32777.45479452055,44.95297587423881,16.0,3.0,305.9101965349885
3569,0,1.3503,32777.45479452055,30.018162591142186,16.0,3.0,273.91891502821886
3570,0,1.2644,32777.45479452055,24.93652597748522,16.0,3.0,255.99060242969475
3571,0,1.3406,32777.45479452055,34.9942900927188,16.0,3.0,238.0189635698293
3573,0,1.2746,32777.45479452055,34.994951689320956,16.0,3.0,218.2197084122342
3574,0,1.2199,32777.45479452055,54.941163303827324,16.0,3.0,203.04096326097618
3575,1,1.4548,12043.954385964911,35.0313805970176,15.0,3.0,238.4479852854854
3577,1,1.4006,32777.45479452055,129.99836905803315,15.0,3.0,242.39330371562795
3578,0,1.3445,32777.45479452055,79.99819957138152,15.0,3.0,232.57742469606936
3579,0,1.2124,17246.194520547946,89.97241047207947,15.0,3.0,231.36958904293178
3580,0,1.4188,17246.194520547946,25.00413321825102,15.0,3.0,206.02216198899765
3581,0,1.3221,17246.194520547946,10.031547407270747,15.0,3.0,203.13262399504848
3582,0,1.62,17246.194520547946,14.998099905644013,15.0,3.0,205.91636751728697
3583,0,1.5245,17246.194520547946,19.937506000663895,15.0,3.0,211.8785417745964
3584,0,1.2581,17246.194520547946,85.02630809750433,15.0,3.0,236.02747764277868
3586,0,1.4236,17246.194520547946,34.94982457305393,15.0,3.0,274.34826552875234
3587,0,1.3116,33765.32602739726,29.95451810547911,15.0,3.0,245.489217591356
3588,0,1.7145,33765.32602739726,24.949974480786068,15.0,3.0,213.61114919886364
3589,0,1.6158,33765.32602739726,24.937547618949097,15.0,3.0,183.65698191579068
3590,0,1.5991,33765.32602739726,20.025769884272638,15.0,3.0,160.09767243326863
3591,0,1.6457,33765.32602739726,19.994739951557964,15.0,3.0,139.2460750051051
3592,1,1.573,33765.32602739726,34.96907326223569,15.0,3.0,109.35820193598438
3594,1,1.8109,33765.32602739726,39.98119554738077,15.0,3.0,69.82469712030904
3596,1,1.6072,33765.32602739726,54.89762769030453,15.0,3.0,15.355619151417805
3597,0,1.8845,32777.45479452055,54.993556689499385,16.0,3.0,244.39615194425903
3598,1,1.2263,20639.41597796143,109.99729015801877,12.0,3.0,151.98142204152373
3599,0,1.6503,13836.471232876713,34.59736356659852,25.0,3.0,353.72160421096976
3600,0,1.1791,13780.117318435754,94.5387408253386,8.0,3.0,113.2989275798483
3601,0,1.7388,19113.699724517905,99.5876153795348,10.0,3.0,345.65886837108667
3603,0,1.6486,24915.00547945205,59.9872698038288,25.0,3.0,73.37118189722803
3604,0,1.5522,13780.117318435754,54.95695275304013,8.0,3.0,197.7545075741077
3605,0,1.8793,15328.780821917808,34.75046875323157,12.0,3.0,333.81945989007517
3606,1,1.6926,17246.194520547946,29.94487437142849,11.0,3.0,82.60783050396475
3607,1,1.8639,17246.194520547946,43.09122435895294,11.0,3.0,103.12502071293527
3610,0,1.5685,19783.794520547945,44.93633243982143,12.0,3.0,308.71031935792183
3611,0,1.6236,19652.534246575346,54.72195159665043,25.0,3.0,341.1487924236695
3612,0,1.8183,19652.534246575346,39.733916353951805,25.0,3.0,320.89344768047124
3613,0,1.7233,11245.60989010989,64.35174645862058,32.0,3.0,124.00357140545366
3614,0,1.223,14981.53021978022,194.69344719430828,25.0,3.0,113.13913411861498
3615,0,1.2283,12818.235616438356,24.939534435712872,25.0,3.0,281.84155715754054
3617,0,1.6448,18143.601648351647,65.04096388631793,25.0,3.0,180.53465389753643
3619,0,1.3328,19199.1397260274,89.9776841643692,6.0,3.0,212.62916402321184
3620,0,1.3983,30598.564383561643,149.9038199381114,27.0,3.0,311.0743875782612
3621,0,1.3169,30598.564383561643,124.90158792250341,27.0,3.0,435.0479019051138
3623,1,1.843,17246.194520547946,49.81639321025789,11.0,3.0,134.62875660343735
3628,1,1.5017,41638.88493150685,54.35093135402923,16.0,3.0,430.96674421790283
3631,0,1.4266,19652.534246575346,44.8083585635692,26.0,3.0,278.01567326013765
3632,0,1.6242,19113.699724517905,44.89147315085053,10.0,3.0,247.84254197206144
3633,0,1.4266,20545.254794520548,149.29706558079306,25.0,3.0,84.68473665595667
3634,0,1.3632,12818.235616438356,15.027301137271763,25.0,3.0,82.52642428438664
3635,0,1.9492,19708.641666666663,74.2237974480895,27.0,3.0,30.808537092029216
3636,0,1.8954,13780.117318435754,54.604396917990435,8.0,3.0,170.329758038122
3637,0,1.3409,20545.254794520548,99.94175130240063,10.0,3.0,190.91881590387513
3638,0,1.1874,20545.254794520548,379.0256525178259,10.0,3.0,231.46557624585043
3644,0,1.2026,12818.235616438356,84.69249677960136,25.0,3.0,338.1073917923622
3645,0,1.2271,12818.235616438356,54.861689465249256,25.0,3.0,154.06194466776876
3649,0,1.2273,9849.424657534246,274.6812260022113,10.0,4.0,426.2453601721972
3653,0,1.423,11245.60989010989,25.018943226037692,32.0,3.0,132.02213158922484
3654,0,1.39,11245.60989010989,69.86840435289676,32.0,3.0,159.80233756581728
3655,0,1.2515,11245.60989010989,234.7480755646026,6.0,4.0,155.6138345088237
3656,0,1.2405,11245.60989010989,99.87705361370575,6.0,4.0,324.9617963736544
3657,0,1.2803,11245.60989010989,75.0009220763371,6.0,4.0,381.845323340167
3658,0,1.6628,11245.60989010989,49.992842080464186,10.0,4.0,137.95964377414907
3663,0,1.7259,45055.38356164384,59.89620362642523,10.0,4.0,243.62331306275698
3671,1,1.4659,41638.88493150685,24.98849084585131,10.0,4.0,390.83741195087975
3675,0,2.0976,32777.45479452055,34.82825327237412,10.0,4.0,254.52210358443233
3694,0,1.6105,31584.86301369863,24.909590307152566,10.0,4.0,176.91505377500948
3696,0,1.7532,43406.35616438357,30.011765762299053,10.0,4.0,250.06075670989654
3709,0,2.0207,22671.331506849318,34.66590831024746,10.0,4.0,257.28991154929645
3710,0,1.575,22671.331506849318,84.78457648205658,10.0,4.0,268.12739007531894
3720,0,1.3498,28222.04109589041,108.9057934928874,10.0,4.0,412.31289003855744
3736,0,1.2453,20639.41597796143,90.02270529486417,10.0,4.0,57.58053082218729
3738,0,1.5564,30598.564383561643,109.57201330868497,4.0,4.0,210.52102475355585
3744,0,1.5563,11245.60989010989,94.7456290278764,10.0,4.0,448.96171898841624
3746,0,1.6271,11245.60989010989,44.89879410711441,10.0,4.0,274.0252591862387
3747,0,1.6015,11245.60989010989,59.955132391852096,10.0,4.0,287.68672017747554
3755,1,1.4137,16320.223880597016,24.96132289055996,10.0,4.0,110.24951012545442
3757,0,1.5295,37106.39178082192,14.88189755424589,10.0,4.0,337.70099627806087
3761,1,1.5444,21420.249315068493,54.357088273072904,10.0,4.0,136.5434296384906
3762,0,1.3825,34000.18630136986,59.849088810628416,24.0,3.0,161.31484966889036
3763,0,1.5957,18143.601648351647,44.91456046793758,9.0,3.0,367.87245828858664
3764,0,1.5776,18143.601648351647,30.00024162744083,9.0,3.0,341.1561504553612
3765,0,1.544,34000.18630136986,54.93888386236912,10.0,4.0,190.010591039219
3773,0,1.3893,22538.05753424657,204.51703085043107,25.0,3.0,239.7189836198014
3781,0,2.0055,26901.89589041096,60.039241187686805,10.0,4.0,263.8241065275075
3782,0,1.3397,19652.534246575346,203.80365843792544,10.0,4.0,256.5473523611515
3784,0,1.687,19718.77808219178,19.94389899464466,10.0,4.0,179.30338944612583
3786,1,1.6821,34000.18630136986,9.923274758927493,10.0,4.0,105.95899092110203
3787,1,1.6785,34000.18630136986,44.92061769437702,10.0,4.0,102.06128279741397
3788,0,1.2458,45055.38356164384,98.80384640140068,10.0,4.0,321.66449901244306
3793,0,1.5394,45055.38356164384,59.57624442048373,10.0,4.0,293.1463024457752
3798,0,1.333,15159.46301369863,145.0202397410846,4.0,4.0,151.33752843740578
3807,0,1.379,15159.46301369863,64.95696433660761,10.0,4.0,300.12490218488244
3809,0,1.3378,15159.46301369863,64.99961691542589,10.0,4.0,400.55174295354914
3811,0,1.8708,24915.00547945205,40.078215684645876,10.0,4.0,106.18120182856265
3821,1,1.7252,9002.78904109589,99.70459373384006,10.0,4.0,182.67931209202067
3822,0,1.4449,9002.78904109589,179.60946900651487,10.0,4.0,198.66197237926323
3823,1,1.6962,16735.476712328767,104.66050182743759,10.0,4.0,396.6997722523064
3825,0,1.3074,43406.35616438357,29.315212961418815,9.0,3.0,400.34657598806166
3830,0,1.31,11245.60989010989,129.9192392586219,10.0,4.0,428.9228045428339
3835,0,1.3916,19199.1397260274,104.88282940022908,10.0,4.0,274.48649489555385
3840,1,1.7725,12818.235616438356,133.3474130735959,10.0,4.0,377.6307026443329
3843,0,2.236,19718.77808219178,30.03973574545401,10.0,4.0,212.1264580978088
3845,0,1.17,7964.375342465753,73.08813271712135,10.0,4.0,189.795280981418
3849,0,1.9659,27573.70523415978,24.957458000649012,10.0,4.0,264.77237268526045
3851,0,1.4178,41638.88493150685,59.92274014984332,10.0,4.0,255.43799299232168
3863,0,1.6978,12043.954385964911,29.93771327439491,10.0,4.0,260.62265266302427
3866,0,1.5109,12043.954385964911,24.838797310348944,10.0,4.0,317.6878046210045
3867,0,1.4529,19708.641666666663,55.04361957176659,10.0,4.0,226.81401632110035
3872,1,1.8204,12043.954385964911,44.99641108772697,10.0,4.0,174.1814449067799
3875,1,2.0911,12043.954385964911,28.61658774199116,10.0,4.0,221.22354902892485
3879,0,1.6857,27573.70523415978,59.92420845103734,10.0,4.0,335.84190619392626
3886,0,1.4064,27573.70523415978,24.158851980924055,10.0,4.0,427.08941745798165
3892,0,1.9991,41638.88493150685,25.00634631509942,10.0,4.0,400.6147502463158
3903,0,1.6146,27573.70523415978,59.86390882162362,10.0,4.0,416.5540581219227
3904,0,2.0292,27573.70523415978,49.97382989674837,10.0,4.0,469.6907821656274
3913,0,2.2148,19708.641666666663,40.05786968868992,10.0,4.0,425.5618088967378
3918,0,1.6468,27573.70523415978,20.002099482073493,10.0,4.0,253.76744890223475
3921,0,1.6635,20639.41597796143,64.30560790559139,10.0,4.0,201.12842398649255
3922,0,1.596,12043.954385964911,24.737546321622027,10.0,4.0,284.3435362722841
3926,1,1.6598,20639.41597796143,59.174987223029085,10.0,4.0,200.39981652025253
3927,0,1.3175,30598.564383561643,30.03049042798664,10.0,4.0,91.68920646754867
3929,0,1.1715,30598.564383561643,54.78078874129158,10.0,4.0,105.81468424639272
3962,0,1.2321,22843.43561643836,24.983685968802803,10.0,4.0,246.54610382590377
3965,0,2.0867,22843.43561643836,40.02314966181474,10.0,4.0,178.52837782525603
3973,0,1.7929,12458.46301369863,59.5346312708601,10.0,4.0,273.32764053026114
3974,0,1.7753,6777.397260273972,69.63299527137484,10.0,4.0,337.17790050254314
3980,0,1.2065,9849.424657534246,94.8712705764508,10.0,4.0,100.16630074420003
4002,0,1.2115,13635.024657534246,608.3314084196659,6.0,3.0,382.76113177693964
4008,0,1.3621,15159.46301369863,49.95405715969383,10.0,4.0,393.40943385797436
4014,0,1.5198,15159.46301369863,49.970693838926806,10.0,4.0,335.83432480119524
4016,0,1.4063,13780.117318435754,84.87453220873815,10.0,4.0,128.2908903277453
4017,0,2.0407,19625.87123287671,54.43264107061478,10.0,4.0,279.86937935860345
4019,0,1.5208,30598.564383561643,44.99008946572517,10.0,4.0,196.02414615294617
4021,0,1.1618,24915.00547945205,25.002450618641305,10.0,4.0,314.9692579300013
4025,0,1.7631,29454.12328767123,69.97710116916842,10.0,4.0,39.849365261834485
4027,0,1.3096,30598.564383561643,269.73777993336654,10.0,4.0,355.62330528053997
4029,0,1.859,42075.78082191781,14.99665427637619,8.0,4.0,236.4463263560479
4032,1,2.0555,42075.78082191781,24.986736965073124,10.0,4.0,154.51434331473763
4034,0,1.4438,6777.397260273972,108.88944077713677,10.0,4.0,493.0336689980036
4036,0,1.8331,42075.78082191781,45.04025496708988,10.0,4.0,155.4426499402104
4041,0,1.3314,13780.117318435754,49.99873856859921,10.0,4.0,128.98732978777102
4044,0,1.6386,13780.117318435754,44.92439178531055,10.0,4.0,444.0344898851859
4048,0,1.3824,11245.60989010989,45.02853535194517,10.0,4.0,274.2012112504696
4051,0,1.4341,13780.117318435754,388.94872672351084,10.0,4.0,317.0329132265897
4052,0,1.9555,19718.77808219178,39.56679293179063,10.0,4.0,188.25757835957256
4059,0,1.2191,41638.88493150685,9.991549505545997,10.0,4.0,341.0949464906189
4061,0,1.2657,41638.88493150685,29.75933462655093,10.0,4.0,318.71915023074916
4078,0,1.8803,12818.235616438356,39.99306837946034,10.0,4.0,348.6061355862641
4082,0,1.8611,27573.70523415978,40.035704080300206,10.0,4.0,274.75493666761264
4084,1,1.7096,41638.88493150685,24.956850361705005,10.0,4.0,482.66338154033406
4085,0,1.3925,19625.87123287671,99.96923542647446,4.6800000000000015,4.0,83.51350320158664
4087,0,1.5906,31211.10136986301,60.000482612557555,10.0,4.0,344.08998007061507
4092,0,1.9092,31211.10136986301,44.99411613865762,10.0,4.0,298.0443012668433
4100,0,1.7865,11245.60989010989,64.91438372432899,10.0,4.0,248.36210638530545
4107,1,1.1965,37106.39178082192,9.20526626166562,10.0,4.0,293.1600379385955
4111,0,1.5829,17097.982578397212,323.45116884560775,10.0,4.0,280.64897003282226
4112,0,1.4714,31519.065753424657,44.92415820596564,10.0,4.0,98.57205715576318
4113,0,1.5945,31519.065753424657,50.02031894731856,10.0,4.0,147.53988560430585
4114,0,1.7143,17246.194520547946,34.66154753876742,10.0,4.0,191.62046115847141
4121,0,1.4061,11245.60989010989,49.839848028560894,10.0,4.0,259.25350104259735
4122,0,1.5793,11245.60989010989,34.49878905955244,10.0,4.0,236.32780304598884
4123,0,1.3098,11245.60989010989,34.65673135625855,10.0,4.0,225.85568762109145
4125,0,1.3065,12466.791780821915,169.11644227935878,10.0,4.0,256.72139546293835
4127,0,2.0849,7964.375342465753,44.87882289379925,10.0,4.0,92.39029472682208
4133,0,2.0325,19625.87123287671,49.60858007529202,10.0,4.0,128.46467936160863
4137,0,1.9673,27573.70523415978,69.26934006411553,10.0,4.0,459.32720384063924
4139,0,1.6918,13836.471232876713,94.90454090748489,20.0,3.0,118.39304266479886
4140,0,1.7023,13836.471232876713,68.96146767090968,20.0,3.0,155.24250938900994
4141,0,1.1579,16735.476712328767,39.942460622953384,6.0,3.0,486.0192141167568
4142,0,1.741,28222.04109589041,143.6263633637588,10.0,4.0,374.1350732941432
4146,0,1.6597,19652.534246575346,114.6089791944683,10.0,4.0,420.2019122655757
4148,0,1.4144,30598.564383561643,124.60655553326542,10.0,4.0,365.5371351483376
4150,0,1.7264,20639.41597796143,45.03424131062185,6.0,4.0,105.96241291884328
4156,0,1.1853,19199.1397260274,369.97256445535936,3.0,4.0,282.78047651264
4157,0,1.4475,20639.41597796143,74.79564924559018,3.0,4.0,110.64537518845269
4162,0,1.4236,13635.024657534246,263.2146502256954,6.0,3.0,155.23671687720622
4170,0,1.4055,16320.223880597016,24.91279565271846,24.0,3.0,246.60567980069303
4171,0,1.5734,20639.41597796143,35.0130907462168,10.0,4.0,141.3234220170286
4172,0,1.379,20639.41597796143,10.032391140441556,10.0,4.0,163.79125010213767
4177,0,1.9271,31211.10136986301,15.03428236851954,10.0,4.0,280.96697045454795
4187,0,1.6739,12043.954385964911,34.70302266347228,8.0,4.0,307.334756410471
4188,0,1.1659,20639.41597796143,115.04714486792238,8.0,4.0,379.27533078221
4195,0,2.2008,43406.35616438357,24.822920148049814,3.0,4.0,350.34086967166894
4202,0,1.3346,10168.14794520548,164.67303413627255,4.0,3.0,117.13194055733128
4203,0,1.6909,12458.46301369863,44.506277935099085,4.0,3.0,139.42761126648546
4207,0,1.7445,13635.024657534246,59.94410782031289,10.0,4.0,455.89731451157513
4209,1,1.15,7964.375342465753,39.84152279494499,20.0,3.0,162.6960385259277
4210,0,1.64,16320.223880597016,59.89991369943074,23.0,3.0,130.97020971305665
4215,1,1.9892,37106.39178082192,44.95593661118981,2.0,3.0,141.37890413932516
4217,1,1.8999,17246.194520547946,39.95282745785586,23.0,3.0,28.181882784847048
4218,0,1.332,27573.70523415978,80.03665941709893,14.0,3.0,295.6491057507921
4220,0,1.3929,41638.88493150685,65.05588475615683,14.0,3.0,76.79815498904769
4221,0,1.208,20545.254794520548,374.94826920069136,32.0,3.0,460.1861998145955
4223,0,1.7439,13836.471232876713,118.40421063646525,20.0,3.0,126.65421525168553
4224,0,1.2595,20639.41597796143,34.98860464525753,10.0,4.0,108.47751550910678
4226,0,1.6693,30310.46301369863,40.00406700603403,10.0,4.0,168.35570396635126
4229,1,1.3451,41638.88493150685,20.013632109720447,10.0,4.0,445.7112364841256
4237,0,1.3452,33247.925619834714,80.06530615403481,10.0,4.0,374.27977498591673
4240,0,1.5185,19113.699724517905,59.8693674621946,10.0,4.0,315.63945945370455
4245,0,1.3269,30598.564383561643,104.19473651893443,10.0,4.0,287.8918181541722
4248,0,1.901,27573.70523415978,70.08206849185872,10.0,4.0,263.9858618332289
4251,0,1.6408,19708.641666666663,53.44697790570492,10.0,4.0,298.9744943504035
4253,1,1.6795,43406.35616438357,39.711048056656594,10.0,4.0,63.52140836360287
4257,1,1.5782,43406.35616438357,44.959120949047914,10.0,4.0,109.85936782600358
4259,0,1.2094,21420.249315068493,93.64472678356277,24.0,3.0,481.36184359636053
4260,0,1.3697,28222.04109589041,274.02878982287496,24.0,3.0,165.97277898464708
4262,1,1.9502,37106.39178082192,35.02718041978317,25.0,2.0,151.05743389594474
4263,1,1.1597,33765.32602739726,30.010564907863603,25.0,2.0,150.8380075317606
4264,0,1.3993,16320.223880597016,49.845317779075586,24.0,3.0,216.84320016466887
4265,1,1.223,31584.86301369863,393.6423264469536,25.0,2.0,318.00331171715993
4266,1,1.4916,16320.223880597016,138.58527516193607,24.0,3.0,73.59422416300602
4267,0,1.5398,26901.89589041096,30.0317132335089,25.0,2.0,269.05889871696536
4268,0,1.507,16320.223880597016,24.982171817296965,24.0,3.0,279.81091361692546
4269,1,1.5924,26901.89589041096,84.93494663441126,25.0,2.0,89.9537776848137
4270,1,1.2756,28633.194520547942,80.01499943137583,20.0,3.0,91.23923207562916
4272,1,1.2679,32777.45479452055,40.00151669712967,20.0,3.0,178.7852246880201
4274,0,1.3354,22843.43561643836,39.15188633112275,20.0,3.0,344.44150262310706
4276,0,1.1778,6777.397260273972,39.42387545249147,20.0,3.0,256.1700044128396
4279,0,1.5055,6777.397260273972,99.94601732273671,20.0,3.0,98.94908034537787
4282,1,1.3192,12818.235616438356,64.47454405512144,24.0,3.0,381.79414264496097
4285,0,1.529,12818.235616438356,64.98121296451268,24.0,3.0,100.3478303595893
4286,0,1.6209,12818.235616438356,93.92247588722749,24.0,3.0,165.46904346722073
4289,0,1.2033,12818.235616438356,24.94468149957435,24.0,3.0,190.2000095068057
4293,0,1.4536,15328.780821917808,119.5103786054241,20.0,3.0,399.11888644941064
4294,1,1.1561,43406.35616438357,29.631135168645265,25.0,2.0,44.909333770807706
4295,0,1.3773,12043.954385964911,83.79154850410292,14.0,3.0,299.6900266393785
4297,0,1.1914,10168.14794520548,204.28132990544654,20.0,3.0,443.74174272606314
4301,0,1.2351,41638.88493150685,82.82307671208635,24.0,3.0,62.43374798241212
4303,0,1.4133,38361.24657534246,144.0152598154981,40.0,2.0,28.902157451357798
4305,0,1.7914,12043.954385964911,29.616337059696896,14.0,3.0,219.2923485781099
4306,0,1.3286,21420.249315068493,132.19200453098225,24.0,3.0,418.6383541594132
4307,1,1.7261,16320.223880597016,60.009863568432465,24.0,3.0,335.6803402637917
4308,1,1.1535,33765.32602739726,24.9804599379931,25.0,2.0,51.99935869353112
4316,1,1.2148,41638.88493150685,35.05556104528124,24.0,3.0,403.962282045278
4318,0,1.1627,30310.46301369863,69.89283322189708,14.0,3.0,218.5797461663814
4319,0,1.534,28222.04109589041,154.77919551656225,10.0,4.0,238.12986237297886
4325,0,1.1719,21420.249315068493,64.74752610341086,24.0,3.0,219.6943358359315
4328,0,1.6844,19708.641666666663,40.012932282851196,23.0,3.0,364.34097707714443
4329,1,1.3497,16320.223880597016,104.82800118939876,24.0,3.0,66.25169265118996
4330,0,1.6122,27573.70523415978,44.5324143667369,23.0,3.0,233.10591535305304
4331,1,1.3432,16320.223880597016,44.63834676546054,24.0,3.0,102.40432807969002
4332,0,1.3089,34000.18630136986,10.044908083250968,24.0,3.0,193.769946882863
4333,0,1.2658,34000.18630136986,29.614090716534758,24.0,3.0,191.58167173735438
4335,0,1.1953,34000.18630136986,40.00253262004308,24.0,3.0,212.966180504266
4336,1,1.2298,21420.249315068493,45.017567926172234,24.0,3.0,180.48182915774447
4344,0,1.6903,21420.249315068493,174.4152677607321,10.0,4.0,365.7801603699372
4358,0,1.6453,15159.46301369863,39.95813883882119,10.0,4.0,465.44023394885255
4359,0,1.6116,15159.46301369863,40.03640514691547,10.0,4.0,457.49736775792337
4363,0,1.3305,12525.819178082193,59.93084167060332,10.0,4.0,152.33690201615465
4364,0,1.4773,22671.331506849318,94.25858390555626,10.0,4.0,356.35464473615
4365,0,1.3715,22671.331506849318,44.637324044429796,10.0,4.0,412.27282713217977
4366,0,1.6213,12525.819178082193,39.85736222190121,10.0,4.0,225.0590467629237
4367,0,1.5852,24915.00547945205,89.97563093853682,10.0,4.0,172.60404355076304
4368,0,1.392,11876.054794520547,357.97035056224513,3.0,4.0,397.30917812374776
4370,0,2.1557,31519.065753424657,19.925612310986335,8.0,4.0,350.46792637042074
4371,0,1.3788,19971.712328767124,174.8216705929632,25.0,3.0,245.79501530333926
4372,0,1.4937,11876.054794520547,104.4164212728996,10.0,4.0,321.0543403595326
4373,0,1.7994,41638.88493150685,54.94339362325725,10.0,4.0,423.88243665620945
4374,0,1.273,15159.46301369863,144.8831565955077,10.0,4.0,496.4805896680642
4375,0,1.6486,15159.46301369863,49.97904523597775,10.0,4.0,370.8903300895353
4399,0,1.3471,15159.46301369863,100.00774420919403,3.0,4.0,430.2462643636818
4404,0,1.1766,29454.12328767123,84.64422426691345,10.0,4.0,453.6870047497123
4406,0,1.6492,31519.065753424657,39.72662802812354,10.0,4.0,246.35317825751923
4411,0,1.6363,11245.60989010989,99.94580507970898,10.0,4.0,457.33009616981025
4414,0,1.444,11245.60989010989,94.69217057123393,10.0,4.0,435.845380055602
4424,0,1.3921,11245.60989010989,89.16805221133248,10.0,4.0,222.79050817265338
4425,0,1.8384,11245.60989010989,34.97545800700773,10.0,4.0,306.8221017701823
4426,0,1.4777,11245.60989010989,54.9645541194907,10.0,4.0,370.2914405029832
4430,0,1.7555,19718.77808219178,19.998646063075835,10.0,4.0,247.05097677690935
4433,0,1.363,19113.699724517905,78.8746113224623,10.0,4.0,151.1987060208989
4435,0,1.1705,19113.699724517905,49.686377170384326,10.0,4.0,274.5367787452343
4436,0,1.4054,20545.254794520548,79.81119450382232,3.0,4.0,215.62275153923386
4437,0,1.369,20545.254794520548,84.96590524213605,10.0,4.0,373.28720934067155
4442,0,1.4899,33247.925619834714,54.95737370938011,10.0,4.0,208.16508363871063
4448,0,1.4451,20545.254794520548,74.84424966640326,10.0,4.0,421.90585816514994
4449,0,1.6401,20545.254794520548,34.922209976196996,10.0,4.0,471.30042367194903
4450,0,1.4597,19821.895316804406,20.010314629903764,10.0,4.0,107.03205972437787
4457,0,1.6215,22843.43561643836,64.97983765461309,10.0,4.0,83.26814769850532
4460,0,1.3421,24915.00547945205,158.49017709053868,10.0,4.0,94.23329275597416
4461,0,1.4676,6232.819178082192,124.36680803752434,10.0,4.0,221.89394811350144
4466,0,1.3192,28222.04109589041,129.4984369773189,10.0,4.0,378.6027243783307
4467,0,1.4603,38361.24657534246,144.90691988236725,10.0,4.0,254.9492727425113
4473,0,1.6334,20545.254794520548,69.76130744311753,10.0,4.0,121.16581878468008
4481,0,1.2056,19821.895316804406,59.4767769190814,4.0,4.0,117.8852832582314
4487,1,1.8374,21420.249315068493,39.98712316223477,10.0,4.0,192.89340510026855
4488,0,1.4224,11876.054794520547,59.966416086416665,10.0,4.0,171.92627521742253
4489,1,1.5042,21420.249315068493,39.98666580974306,10.0,4.0,156.91499300751843
4490,0,1.6826,12043.954385964911,24.946515088445416,10.0,4.0,280.2019046991637
4491,0,1.806,20545.254794520548,29.781334522734294,10.0,4.0,491.756021314754
4492,0,1.5365,19652.534246575346,78.67322450024454,10.0,4.0,443.3324222384314
4494,0,1.3528,15328.780821917808,169.53681342422064,10.0,4.0,285.2448280586102
4497,0,1.8417,11245.60989010989,29.85653001124934,10.0,4.0,117.5235539449273
4503,0,1.6894,19821.895316804406,44.99100620626279,10.0,4.0,124.93558647164426
4510,0,1.6663,19821.895316804406,25.0465333821571,10.0,4.0,122.64930556927038
4511,0,1.7911,19821.895316804406,34.95665810572177,10.0,4.0,103.74471065135597
4514,0,1.7882,43406.35616438357,49.96847581661906,3.0,4.0,193.48408702304764
4515,0,1.7077,13836.471232876713,29.955375040686985,10.0,4.0,325.0321942812706
4516,0,1.2836,13836.471232876713,19.95414236091771,10.0,4.0,300.4892952078745
4517,0,1.4554,16320.223880597016,44.9579080208953,10.0,4.0,215.3915295810912
4522,0,1.1547,19625.87123287671,129.56356909995299,10.0,4.0,146.07996061928853
4523,0,1.189,19708.641666666663,99.56791920446297,10.0,4.0,214.07219054054144
4524,0,1.5693,41638.88493150685,19.983800401118827,10.0,4.0,303.5669278037671
4525,0,1.5776,19708.641666666663,54.41146899919514,10.0,4.0,280.5072306822677
4532,0,1.9481,41638.88493150685,24.939354563704462,10.0,4.0,327.1767674190253
4537,0,1.7774,41638.88493150685,19.980109151817455,10.0,4.0,389.60814992707543
4538,0,2.041,33765.32602739726,34.15524560396264,10.0,4.0,144.97421975054536
4541,1,1.1806,37106.39178082192,40.07747104612769,10.0,4.0,269.91095110225314
4543,0,1.8463,19718.77808219178,40.007531024975705,10.0,4.0,231.21486968636685
4545,1,1.9019,34000.18630136986,34.99650092104308,10.0,4.0,117.35982748376394
4546,0,1.7892,12043.954385964911,33.83406677276244,3.0,4.0,346.34919258719447
4549,0,2.0198,17246.194520547946,30.030014697530344,10.0,4.0,242.0271368347767
4550,0,2.0397,17246.194520547946,25.02150561677814,10.0,4.0,271.23783647435084
4551,0,1.849,19625.87123287671,64.48125258904722,10.0,4.0,258.50324256837047
4552,0,2.0551,19625.87123287671,39.94159199771415,10.0,4.0,253.37674714835984
4558,1,1.8861,32777.45479452055,89.06515177915675,10.0,4.0,272.41548309028036
4561,0,1.8677,27573.70523415978,64.132362092682,10.0,4.0,326.9489660893151
4567,0,1.6364,27573.70523415978,54.985143998895445,10.0,4.0,193.4011841201403
4569,0,1.9145,27573.70523415978,45.03285920684662,10.0,4.0,307.2820223302133
4571,0,1.5317,27573.70523415978,48.535172386880944,10.0,4.0,277.9926003137345
4577,0,1.499,19708.641666666663,39.963152624279694,3.0,4.0,162.78657018744798
4580,0,1.4407,30598.564383561643,158.68287902543165,10.0,4.0,331.3428711459917
4584,0,1.6447,33765.32602739726,59.879717402947875,10.0,4.0,123.45029706160767
4592,0,1.9832,27573.70523415978,29.531510499193114,10.0,4.0,403.8146167168101
4593,0,1.4814,27573.70523415978,29.958099353634662,10.0,4.0,329.7477024586816
4594,1,1.9497,32777.45479452055,24.977663534094685,10.0,4.0,413.1057374487136
4598,1,1.8371,37106.39178082192,25.03192151785366,10.0,4.0,170.5954404715152
4600,0,1.5548,43406.35616438357,29.898349305881773,10.0,4.0,423.2684419606517
4603,1,1.8706,32777.45479452055,40.003303269987484,10.0,4.0,369.57596160662564
4613,0,2.0354,42075.78082191781,39.17128711735054,8.0,4.0,219.39075400088734
4616,0,1.4501,22671.331506849318,64.97748889298182,10.0,4.0,445.7528538681217
4618,0,1.9217,24365.02191780822,44.8596224713016,10.0,4.0,285.56669820380466
4619,0,1.8914,24365.02191780822,34.815983462939656,10.0,4.0,205.58095026940774
4621,0,1.578,20639.41597796143,74.83068890163132,10.0,4.0,140.77635432502515
4626,1,1.6957,20639.41597796143,49.97633263080968,10.0,4.0,148.0050138888914
4627,0,1.7099,31211.10136986301,24.892567978423216,10.0,4.0,174.09435883705063
4628,0,1.4017,31211.10136986301,14.983760797605862,10.0,4.0,196.14613338437206
4629,0,1.7029,22671.331506849318,89.95568391286056,10.0,4.0,408.13143498917515
4630,0,1.5436,38361.24657534246,34.876530062165706,10.0,4.0,327.3409980314394
4631,0,1.6101,38361.24657534246,94.92415800673878,10.0,4.0,283.03022002128176
4632,0,1.679,38361.24657534246,24.969424582881608,10.0,4.0,259.0488125054523
4635,0,1.3731,22671.331506849318,69.89460903589705,10.0,4.0,425.16480452701614
4636,0,1.3633,22671.331506849318,29.961444524968467,10.0,4.0,389.1203561408883
4637,0,1.3709,38361.24657534246,129.24526363974053,10.0,4.0,404.026662603769
4639,0,1.2632,11876.054794520547,59.650581296782406,26.0,3.0,386.1721720754806
4646,0,1.2269,12818.235616438356,29.14192341889417,10.0,4.0,85.08809013743877
4658,1,1.729,37106.39178082192,54.93732102481934,10.0,4.0,224.0140612699921
4661,1,1.82,37106.39178082192,55.047452912913634,10.0,4.0,221.30722080417155
4662,0,1.7665,15159.46301369863,29.965501665846777,10.0,4.0,318.85620379785684
4663,0,1.6531,43406.35616438357,29.929637561403638,10.0,4.0,394.6604255705016
4665,0,1.8768,19652.534246575346,104.34450756782371,10.0,4.0,216.76992363577625
4666,0,1.2555,33247.925619834714,49.88515756436115,10.0,4.0,487.77677230793023
4669,0,1.759,11245.60989010989,119.60428850680049,10.0,4.0,286.03518657688574
4678,0,1.7377,19652.534246575346,44.63750951781401,10.0,4.0,367.9487951926649
4694,0,1.306,12818.235616438356,69.89463457930431,10.0,4.0,335.679152644017
4697,1,1.5349,7928.208219178082,49.990407720882814,6.0,3.0,442.16800949718265
4699,0,1.15,12818.235616438356,39.041178696732494,10.0,4.0,248.64904351825965
4708,0,1.1941,12818.235616438356,44.76430033983536,10.0,4.0,267.4847511864639
4713,0,1.9686,12818.235616438356,114.60271802645406,3.0,4.0,373.88098589548997
4716,0,1.5008,41638.88493150685,14.955294421082518,10.0,4.0,335.58412494632273
4726,0,1.3639,6232.819178082192,114.95093803572101,10.0,4.0,316.69856951232657
4728,0,1.618,6232.819178082192,39.834680493107506,10.0,4.0,341.7884463993908
4729,0,1.4367,12525.819178082193,85.0109310705947,10.0,4.0,342.3697801706951
4733,0,1.561,7964.375342465753,119.97544502294737,3.0,4.0,189.8560906933339
4735,0,1.6522,7964.375342465753,39.939474739972894,10.0,4.0,178.99868874230796
4743,0,1.6167,28222.04109589041,134.56832169491017,10.0,4.0,346.1590476577627
4753,0,1.191,12818.235616438356,54.975628751384406,25.0,3.0,369.85332013287734
4754,0,1.4224,12818.235616438356,29.9378237906111,25.0,3.0,353.04622705682624
4756,0,1.9433,12818.235616438356,114.47777375480112,25.0,3.0,390.64961325968227
4759,1,1.9294,17246.194520547946,9.945868216292165,11.0,3.0,135.71701424239765
4760,0,1.3255,19783.794520547945,254.53308707229996,12.0,3.0,122.23185775032177
4764,0,1.7075,20639.41597796143,49.91200194983633,10.0,4.0,85.60282058604717
4765,0,1.3395,19625.87123287671,200.0796736606781,8.0,4.0,255.1045450707897
4767,0,1.7727,18143.601648351647,79.87248852045269,25.0,3.0,118.12684088144582
4772,0,1.4291,18143.601648351647,54.64424646177387,25.0,3.0,58.2359277718072
4777,0,1.5886,18143.601648351647,75.02186459027301,25.0,3.0,269.53437162284
4778,0,1.5752,18143.601648351647,69.94836512517847,25.0,3.0,227.68590906222272
4781,0,1.4924,21420.249315068493,64.89612232783777,25.0,3.0,398.1658311682665
4782,0,1.9438,19821.895316804406,45.0222802103468,20.0,3.0,284.2278674936952
4783,0,1.3191,13780.117318435754,39.87815447260924,8.0,3.0,336.4860191169673
4784,0,1.3039,28633.194520547942,94.26219828374755,9.0,3.0,166.28238294369936
4787,0,1.3998,13780.117318435754,45.014570658214396,8.0,3.0,142.58032403841844
4791,0,1.1569,12458.46301369863,114.83176883681078,12.0,3.0,466.76319209127905
4792,0,1.4522,12818.235616438356,24.16023595413057,25.0,3.0,93.56229306402216
4793,0,1.2185,13780.117318435754,229.25708372518412,8.0,3.0,281.67617668128173
4794,0,1.2142,13780.117318435754,44.72960756573697,8.0,3.0,172.88762224002986
4796,0,1.9411,11245.60989010989,59.56737854704276,32.0,3.0,92.59499987488643
4802,1,1.181,34000.18630136986,59.961190439293304,10.0,4.0,82.39723322908911
4804,0,1.7016,20639.41597796143,44.98994637168031,10.0,4.0,203.48516753077178
4806,0,1.3735,6777.397260273972,59.82724525135071,20.0,3.0,60.67030102691133
4821,0,1.7298,45055.38356164384,83.42212134640262,10.0,4.0,191.272629878654
4857,0,1.98,19821.895316804406,14.918819566580282,10.0,4.0,337.274235490546
4858,0,1.5653,34000.18630136986,69.90589119502114,10.0,4.0,348.2117445932276
4859,0,1.5905,16320.223880597016,14.891741200729927,10.0,4.0,304.87144685972766
4863,0,1.7855,34000.18630136986,29.998568626206104,10.0,4.0,363.9540153009917
4866,0,1.3611,34000.18630136986,79.88533968857539,10.0,4.0,290.94325178108966
4872,0,1.865,34000.18630136986,84.49757465027474,10.0,4.0,417.29826493405886
4881,0,1.158,18747.80821917808,71.94125064599871,10.0,4.0,456.36050495570106
4901,0,1.5865,7964.375342465753,74.31923147435613,10.0,4.0,171.40482077728265
4904,1,1.1524,7964.375342465753,92.80374642942556,10.0,4.0,242.3371003138673
4906,0,1.1836,12818.235616438356,24.997025458671295,10.0,4.0,236.98165848105356
4915,0,1.206,41638.88493150685,47.85588870341942,10.0,4.0,88.89750003896899
4934,0,1.2403,18747.80821917808,19.907737714884497,10.0,4.0,471.1659552093434
4943,0,1.1539,16735.476712328767,74.66117775269375,10.0,4.0,194.6737118855032
4948,0,2.0142,38361.24657534246,24.60082963824817,10.0,4.0,250.95604886904718
4966,0,1.9889,15328.780821917808,44.94892449657705,10.0,4.0,364.9263228484434
4974,0,1.4721,7964.375342465753,39.674511817594485,10.0,4.0,109.1173750088221
4977,0,1.7143,7964.375342465753,74.42057753949253,10.0,4.0,191.9116492245091
4979,0,1.7847,28222.04109589041,54.9484517022257,10.0,4.0,381.86624345905295
4981,0,1.4525,43406.35616438357,69.96128611657004,10.0,4.0,378.3586311923831
4982,0,1.2259,14981.53021978022,164.97885162937195,20.0,3.0,175.56165022485192
4991,0,1.2534,11876.054794520547,29.900321370462212,10.0,4.0,123.54835866404028
4993,0,1.1598,20639.41597796143,44.71197912890491,10.0,4.0,333.9289868682191
4995,0,1.2131,20639.41597796143,202.9060917103062,10.0,4.0,345.3434853739369
5004,0,1.2968,33765.32602739726,45.00781658674489,10.0,4.0,152.21707682853466
5022,0,1.6203,22538.05753424657,134.6279891123453,10.0,4.0,319.7653131579105
5025,1,1.2524,16735.476712328767,34.94002652583954,6.0,3.0,451.481470085753
5033,0,1.8319,28222.04109589041,29.718622287649797,10.0,4.0,246.9137643177632
5039,0,1.4642,33247.925619834714,29.97800730367718,10.0,4.0,286.2537867117897
5040,0,1.8665,33247.925619834714,49.823367474780284,10.0,4.0,270.3912690142524
5041,0,1.15,33247.925619834714,48.942749124251726,10.0,4.0,298.234651021207
5047,0,1.5838,30310.46301369863,19.69757044962982,10.0,4.0,75.3042190474367
5048,0,1.7342,30310.46301369863,34.9946251650382,10.0,4.0,99.76635458960851
5077,1,1.4151,41638.88493150685,30.049040951705898,10.0,4.0,365.81847383311833
5080,1,1.3475,33765.32602739726,20.06047536556906,20.0,3.0,143.9612550663202
5081,0,1.5328,33765.32602739726,30.013035976367156,10.0,4.0,263.0447932058332
5083,0,1.5666,33765.32602739726,49.802695929011435,10.0,4.0,223.14443541073837
5089,1,1.1613,34000.18630136986,30.005354397873223,10.0,4.0,88.47924243255405
5092,1,1.4854,33765.32602739726,49.68124769079789,20.0,3.0,160.16572757055363
5094,0,1.9786,33765.32602739726,19.917012966266515,10.0,4.0,348.8591787400247
5115,0,1.9552,16320.223880597016,24.94564956502938,10.0,4.0,480.0195824417736
5117,0,1.6966,16320.223880597016,19.983495288591566,10.0,4.0,432.08437316811774
5120,0,1.673,34000.18630136986,29.98994926103051,10.0,4.0,183.97492711350887
5147,0,1.5591,17246.194520547946,34.69571077594456,10.0,4.0,232.92291532033818
5148,0,1.741,17246.194520547946,14.974150863291296,10.0,4.0,238.39738065751988
5149,0,1.5353,17246.194520547946,74.91106452668376,10.0,4.0,259.46369593943217
5153,0,2.205,33765.32602739726,39.76678522301704,10.0,4.0,175.6574911479723
5162,0,1.7166,19821.895316804406,44.6200552054542,10.0,4.0,170.52670273512317
5163,0,1.6062,16320.223880597016,49.60934674491936,10.0,4.0,217.76456449932115
5167,0,1.4597,16320.223880597016,19.919151090639488,10.0,4.0,238.92472831146216
5168,0,2.0966,16320.223880597016,39.819646979560744,10.0,4.0,248.65357511847048
5169,0,1.6493,16320.223880597016,19.994314667943627,10.0,4.0,172.4523937736397
5170,0,1.4359,16320.223880597016,44.991017352397805,10.0,4.0,184.41604384404465
5174,0,1.7984,37106.39178082192,25.01463766023448,10.0,4.0,180.16092782631608
5175,0,1.3835,11876.054794520547,79.9131382008509,10.0,4.0,404.4498924625549
5177,0,1.6953,32777.45479452055,44.835646014003835,12.0,3.0,223.4292026502232
5179,1,1.8318,32777.45479452055,39.98873333824308,10.0,4.0,483.8142806585098
5181,0,1.4092,31519.065753424657,84.86687235204866,10.0,4.0,128.08120406703756
5193,0,1.444,33765.32602739726,34.96568870976894,10.0,4.0,128.17904021100412
5195,0,1.5188,45055.38356164384,88.72938432490147,10.0,4.0,450.90744047416496
5197,1,1.7202,33765.32602739726,34.95790881567367,12.0,3.0,100.50903589671361
5221,0,2.0485,16320.223880597016,24.845891683576447,9.0,3.0,339.8601099257059
5223,0,1.4587,16320.223880597016,83.50978794578398,9.0,3.0,318.81587881683566
5228,0,1.6899,18143.601648351647,64.9180525153726,9.0,3.0,312.2883367096789
5235,0,1.7383,43406.35616438357,24.863644641093508,9.0,3.0,377.68658247451776
5236,0,1.5745,24915.00547945205,30.0030921641948,8.0,4.0,143.46311267494602
5237,0,1.5647,24915.00547945205,44.9662005427908,8.0,4.0,121.07399910511911
5238,0,1.7825,24915.00547945205,34.98449244866686,10.0,4.0,256.11972025708315
5239,0,1.469,18143.601648351647,74.7506338509068,25.0,3.0,166.96447980775255
5240,0,1.3979,24915.00547945205,94.7938434898794,10.0,4.0,305.3994525126637
5245,0,1.4755,31519.065753424657,44.967139227367014,10.0,4.0,244.42296167907466
5246,0,1.8517,19718.77808219178,30.016229727861152,10.0,4.0,241.77863116853123
5247,0,1.7988,19821.895316804406,24.8958162155532,10.0,4.0,144.09036012604875
5248,0,1.6256,19821.895316804406,64.1312128530523,10.0,4.0,149.80863432078417
5249,0,2.0234,19718.77808219178,25.06967763514521,10.0,4.0,246.74014010191527
5250,0,1.6392,15159.46301369863,30.044905090057387,10.0,4.0,362.1019828261169
5251,0,1.7798,16320.223880597016,14.923065535967417,10.0,4.0,456.18572876098426
5257,0,1.5244,29454.12328767123,39.988138421243505,10.0,4.0,459.20453006857394
5263,0,1.7704,12818.235616438356,49.35887085431578,10.0,4.0,328.45971514993266
5270,0,2.1093,12818.235616438356,19.4783476526333,10.0,4.0,392.61728595454275
5272,0,1.465,12818.235616438356,84.98681700973289,10.0,4.0,435.5116206643419
5273,0,1.8901,27573.70523415978,59.55564402588102,10.0,4.0,274.1027443672271
5277,0,2.116,27573.70523415978,44.2156516213053,10.0,4.0,380.79007781710453
5283,1,2.096,34000.18630136986,19.95876023562389,10.0,4.0,220.6148445723527
5286,1,2.0453,34000.18630136986,49.35895831945166,10.0,4.0,207.26863019667525
5295,1,1.2867,32777.45479452055,69.97625262019528,20.0,3.0,101.41490424139612
5298,0,1.2845,19708.641666666663,54.90341710405913,10.0,4.0,136.9892225162137
5306,0,1.9681,43406.35616438357,24.999167005380077,10.0,4.0,271.8482356005877
5307,0,1.3511,26901.89589041096,15.077441926921749,10.0,4.0,284.242412242041
5308,0,1.6058,26901.89589041096,9.986563143972427,10.0,4.0,259.369843239859
5310,1,1.505,20639.41597796143,34.857582911429475,10.0,4.0,171.31336540096976
5319,0,1.4482,19708.641666666663,64.31168488465953,10.0,4.0,354.18759938969635
5321,0,1.2469,41638.88493150685,29.711749428820493,24.0,3.0,155.7347228617875
5325,0,1.3917,19113.699724517905,50.03340699819372,10.0,3.0,147.5085857437617
5326,0,1.209,20545.254794520548,94.95936800012954,10.0,3.0,148.68661235976273
5327,0,1.5749,11245.60989010989,174.70700037641862,10.0,4.0,205.66314202585608
5328,0,1.4793,33247.925619834714,104.80754116989198,14.0,3.0,267.8662570125286
5329,0,1.1878,20545.254794520548,225.01581460512799,25.0,3.0,316.2309758347926
5332,0,1.1807,20545.254794520548,89.55525652593604,10.0,3.0,187.64395693146997
5341,0,1.2707,12818.235616438356,49.87671576874992,24.0,3.0,47.422039091127104
5344,1,1.3048,20639.41597796143,14.97590524238372,12.0,3.0,205.87270159592126
5347,0,1.4793,16735.476712328767,14.971287942730285,10.0,4.0,361.06135201879755
5348,0,1.205,15328.780821917808,14.984735048014972,12.0,3.0,327.0906794761222
5358,0,1.8109,31211.10136986301,55.02987130504869,20.0,3.0,216.46321747547753
5363,1,1.6395,17246.194520547946,85.02798916158436,4.0,4.0,109.89813693090993
5364,1,1.4256,17246.194520547946,39.87346110892955,4.0,4.0,171.37785616506537
5365,0,1.8901,37106.39178082192,49.893318105439306,4.0,4.0,200.47630380728233
5366,1,1.8983,37106.39178082192,64.9314600419263,4.0,4.0,198.3424088061966
5367,1,1.713,37106.39178082192,20.052334496789786,4.0,4.0,194.59795115648998
5368,1,1.4632,37106.39178082192,44.985374215767806,4.0,4.0,197.31768422354003
5371,0,1.2357,41638.88493150685,88.96475196593383,24.0,3.0,119.69684267524285
5376,0,1.1871,6777.397260273972,319.87249788414937,20.0,3.0,250.3869574232001
5379,0,1.4971,19821.895316804406,234.28307071273866,30.0,3.0,240.44440229394283
5382,0,1.5858,16320.223880597016,54.991168630835595,23.0,3.0,106.17020988819412
5385,1,1.7895,34000.18630136986,35.04792758853284,10.0,4.0,162.13976725534792
5386,0,1.479,16320.223880597016,94.5018919939917,10.0,4.0,149.66308706748745
5390,0,1.2147,12043.954385964911,76.92759726016534,10.0,4.0,313.7394836527084
5393,0,1.4833,12818.235616438356,34.9771613336701,24.0,3.0,136.66462692047975
5397,0,1.2659,11876.054794520547,168.93367410664044,26.0,3.0,110.41023216520452
5398,0,1.2192,30598.564383561643,79.65149300509111,3.0,4.0,258.9086932384034
5399,0,1.6208,30598.564383561643,104.61372691382874,3.0,4.0,262.7961347853787
5406,0,1.681,7928.208219178082,55.03790389873632,10.0,4.0,243.50736454377653
5407,0,1.235,7928.208219178082,139.73393918654722,10.0,4.0,254.60508907441147
5408,0,1.7765,27573.70523415978,50.049625446750795,10.0,4.0,219.8739386921279
5409,0,1.6326,27573.70523415978,49.96113470241604,10.0,4.0,221.77180234044647
5414,0,1.7975,41638.88493150685,74.14620356941076,10.0,4.0,369.9689788365946
5415,0,1.4003,41638.88493150685,98.87061366983077,10.0,4.0,333.8685480233269
5416,0,1.344,6793.509589041096,401.7522444851019,3.0,3.0,106.9748448092072
5418,0,1.5486,18143.601648351647,109.93093806494726,25.0,3.0,144.90041670027108
5419,0,1.5458,18143.601648351647,194.0123580164014,25.0,3.0,194.44626561355264
5420,0,1.462,34000.18630136986,162.21977663514437,10.0,4.0,345.8659990796432
5425,0,1.7818,13542.315068493152,24.962090128096584,12.0,3.0,104.96241301420112
5426,0,1.2071,12525.819178082193,184.9791627821478,10.0,4.0,115.40463939712906
5427,0,1.3764,13542.315068493152,29.956686834073192,10.0,4.0,57.043106546230725
5429,0,1.9482,19821.895316804406,39.91847127377928,10.0,4.0,322.7483223779024
5430,0,2.0888,17246.194520547946,44.936460357527324,10.0,4.0,212.8927949150239
5433,0,1.3782,19199.1397260274,139.5871324693184,10.0,4.0,315.8885460963874
5434,0,1.2942,15159.46301369863,94.65005553052166,10.0,4.0,358.34418501475756
5435,0,1.5821,15159.46301369863,39.881621900993636,10.0,4.0,314.49764411596533
5436,0,1.8061,15159.46301369863,45.038838191082135,10.0,4.0,296.66040265788945
5437,0,1.6901,15159.46301369863,99.77478337398124,10.0,4.0,243.7586732689198
5438,0,1.3831,33608.82739726028,193.6487346283518,10.0,4.0,198.74702517886334
5439,0,1.1618,30598.564383561643,74.37513623978893,10.0,4.0,206.54524900541546
5442,0,1.7671,27573.70523415978,29.960681371850665,10.0,4.0,405.6848915059359
5444,0,1.7258,27573.70523415978,50.00618175406588,10.0,4.0,450.1775672220969
5445,0,1.3122,19199.1397260274,64.99810197385708,7.0,3.0,99.180816308164
5446,0,1.1635,19199.1397260274,74.92617578250689,7.0,3.0,87.00879012755533
5448,0,1.5559,26901.89589041096,110.00028250256732,10.0,4.0,287.4107347232615
5449,0,1.61,31211.10136986301,49.96566743779985,10.0,4.0,244.1791632367391
5450,1,1.6784,32777.45479452055,94.78237143651074,12.0,3.0,193.57430125872864
5451,1,1.7159,32777.45479452055,70.04348363571933,10.0,4.0,129.1150463059539
5453,0,1.483,31211.10136986301,95.02638750757879,10.0,4.0,140.6983293630288
5454,0,1.4009,7928.208219178082,89.82961888650352,25.0,3.0,337.65870016223766
5455,1,1.961,34000.18630136986,38.8476301954831,10.0,4.0,82.8773204802454
5456,1,1.8451,34000.18630136986,34.99354124467473,10.0,4.0,68.59951251800139
5457,0,1.6992,10168.14794520548,59.80959199677056,10.0,4.0,189.67639637764972
5458,0,1.5784,10168.14794520548,54.978411192434635,10.0,4.0,328.0877620035703
5459,0,1.609,15159.46301369863,45.10332900148244,10.0,4.0,386.72009465915534
5460,0,1.5696,15159.46301369863,34.971609944523074,10.0,4.0,342.755178157911
5461,0,1.485,15159.46301369863,34.99902946764085,25.0,2.0,321.88649570327954
5462,0,1.4428,15159.46301369863,30.004810278618635,25.0,2.0,325.99023505212824
5474,0,1.4307,29454.12328767123,68.69975097520114,10.0,4.0,408.5513821744172
5475,0,1.3363,29454.12328767123,54.99060305058747,25.0,2.0,433.3175921255916
5480,0,1.7573,42311.260273972606,40.02061247219704,10.0,4.0,242.3213481014493
5481,0,1.7176,42311.260273972606,75.08220817757581,25.0,3.0,209.34451242526671
5482,0,1.5743,31211.10136986301,104.96121403457131,12.0,3.0,497.1213750441505
5488,0,1.8984,26901.89589041096,29.97136818630731,10.0,4.0,219.58821606895387
5489,0,1.7363,26901.89589041096,59.928093569962996,10.0,4.0,182.46619623807112
5490,0,1.7556,19718.77808219178,54.98432141903006,10.0,4.0,146.50470189348027
5491,0,1.6949,26901.89589041096,59.998722188915444,10.0,4.0,137.14836863424526
5492,0,1.6322,26901.89589041096,49.701533256022685,3.0,4.0,166.9354876178811
5493,1,1.7495,42075.78082191781,40.011776377347665,10.0,4.0,131.92891316605338
5494,1,1.6599,42075.78082191781,64.94722006168563,10.0,4.0,102.78457291948035
5495,0,1.5052,42075.78082191781,105.03565240900878,10.0,4.0,124.59958328685794
5496,1,1.4598,42075.78082191781,105.00796825277511,10.0,4.0,80.35965961301528
5498,0,1.6904,42075.78082191781,59.76244339734592,25.0,2.0,111.38476019694113
5499,0,1.452,42075.78082191781,49.99246112420662,25.0,2.0,138.0461885098594
5500,0,1.6659,42075.78082191781,55.057169657882866,25.0,2.0,176.68596199120677
5501,1,1.7382,41638.88493150685,39.96849453499247,10.0,4.0,413.13816974104094
5502,1,1.5948,41638.88493150685,49.933604192418244,10.0,4.0,366.8918731751209
5509,0,1.1593,15328.780821917808,84.9438391026574,12.0,3.0,267.3245622413517
5510,0,1.699,32777.45479452055,49.9984951503706,10.0,4.0,305.0995880119496
5511,0,1.4087,27573.70523415978,44.985904480801175,10.0,4.0,287.9722433507574
5512,0,1.7254,32777.45479452055,40.061813048363575,10.0,4.0,278.9415015589487
5513,0,1.7015,27573.70523415978,60.0372525791938,10.0,4.0,276.38102027441414
5518,0,1.6604,15328.780821917808,59.85630515084982,10.0,4.0,484.1679734138256
5519,0,1.7183,15328.780821917808,39.9729894310714,10.0,4.0,440.22691404625175
5523,0,1.9103,31211.10136986301,20.022006940832664,10.0,4.0,245.34176994079687
5525,0,1.9422,31211.10136986301,29.97209690349314,10.0,4.0,294.2044191695956
5528,1,1.4808,26901.89589041096,54.99660700513891,10.0,4.0,307.46572567361414
5530,0,1.9836,26901.89589041096,29.923174605542165,10.0,4.0,240.97880689896232
5531,0,1.3157,26901.89589041096,19.983339567224842,10.0,4.0,264.82406017962086
5533,0,1.2481,21420.249315068493,34.90209372527303,10.0,4.0,391.6362650441352
5540,1,1.2294,40245.56438356164,239.50537828363713,20.0,3.0,133.5654357952654
5541,1,1.2599,40245.56438356164,239.6219520893631,20.0,3.0,143.82648695492978
5542,1,1.2112,40245.56438356164,220.03128555875082,20.0,3.0,171.33314251191936
5543,0,1.3544,14981.53021978022,164.9587752386167,20.0,3.0,48.91653842974114
5544,0,1.3164,14981.53021978022,79.91899488817295,20.0,3.0,106.20667750042352
5545,0,1.2112,14981.53021978022,174.99365378201065,20.0,3.0,114.80454149465159
5546,0,1.3483,12525.819178082193,109.98521578479652,8.0,4.0,71.04318405954601
5547,0,1.3479,12525.819178082193,100.00619587302819,8.0,4.0,95.22702970391349
5548,0,1.2833,12525.819178082193,99.98428946195426,10.0,4.0,130.7353428384174
5549,0,1.3713,13542.315068493152,95.00114921552162,10.0,4.0,129.03772550007724
5550,0,1.4002,13542.315068493152,94.99670915190018,10.0,4.0,105.19772926732695
5551,0,1.3,13542.315068493152,94.98385533127701,10.0,4.0,93.8320216334162
5552,0,1.3535,13536.224657534249,90.0097435109614,10.0,4.0,144.3480845230996
5553,0,1.3353,13536.224657534249,100.09514190485582,8.0,4.0,118.09486117959405
5554,0,1.3391,13536.224657534249,125.07387475667558,10.0,4.0,92.9600502288243
5555,0,1.3467,13536.224657534249,125.07925778536416,10.0,4.0,164.11145635280022
5557,0,1.6206,33765.32602739726,34.79513330050047,10.0,4.0,194.6310734145982
5559,0,1.4979,33765.32602739726,49.52088225898959,10.0,4.0,148.95377579536213
5560,1,1.5601,33765.32602739726,30.029723781390224,20.0,3.0,139.13406508542494
5564,0,1.9292,29454.12328767123,59.974551162281564,10.0,4.0,169.80295567135144
5569,0,1.4931,24915.00547945205,79.99639558058874,25.0,3.0,205.96411887294394
5570,0,1.454,24365.02191780822,94.4097334594417,10.0,4.0,260.83424536120407
5572,0,1.5165,24365.02191780822,110.02915977508154,10.0,4.0,321.4044084520167
5575,0,1.7756,22843.43561643836,35.03043258735823,10.0,4.0,156.11501841970582
5583,0,1.6325,22843.43561643836,65.00462605491319,10.0,4.0,345.50486525115593
5584,0,1.7986,42311.260273972606,49.97678622645892,10.0,4.0,158.32772038170543
5585,1,1.6502,31519.065753424657,44.950415858029025,8.0,4.0,212.60715301188515
5586,0,1.6106,31519.065753424657,50.06318394743486,10.0,4.0,170.6637812788013
5587,0,1.3885,42075.78082191781,105.00816887642007,10.0,4.0,124.87028783489285
5588,0,1.3504,26901.89589041096,110.0282605633969,10.0,4.0,155.8734989507002
5589,1,1.4064,42075.78082191781,105.01631871761057,10.0,4.0,80.96209352471158
5590,1,1.3651,26901.89589041096,109.95765191538837,10.0,4.0,111.65343871003272
5591,1,1.3532,26901.89589041096,124.98300124258964,25.0,2.0,89.22788839371081
5592,0,1.3838,9002.78904109589,139.99707346278493,10.0,4.0,47.993097160475045
5593,0,1.3474,9002.78904109589,104.96403241217716,10.0,4.0,84.49287042823512
5594,0,1.3338,9002.78904109589,149.9309259426406,10.0,4.0,134.0594007225819
5595,0,1.3218,13536.224657534249,120.05512876324876,10.0,4.0,122.30624390054528
5596,0,1.3119,13536.224657534249,124.94883035360917,10.0,4.0,95.04128729304071
5597,0,1.385,13536.224657534249,164.93366791526296,10.0,4.0,61.81271742243184
5598,0,1.3115,13536.224657534249,99.99946088276198,10.0,4.0,194.08368906548446
5599,0,1.3436,13536.224657534249,100.01609053575534,10.0,4.0,200.82033358897368
5600,0,1.3406,9002.78904109589,94.9967147223762,10.0,4.0,187.08135971374816
5601,0,1.3494,9002.78904109589,94.99670079539963,10.0,4.0,150.32389372061994
5602,0,1.3499,9002.78904109589,94.96904292007241,10.0,4.0,116.72785971976565
5603,0,1.3267,9002.78904109589,90.03934673846192,10.0,4.0,90.8515705317969
5604,1,1.3893,30720.39726027397,109.99484552171768,10.0,4.0,201.85621415454432
5610,0,1.2802,41638.88493150685,29.96283112055807,24.0,3.0,175.90276993494174
5614,0,1.2771,11245.60989010989,54.98784542366741,10.0,4.0,486.03313395437993
5615,0,1.3446,11245.60989010989,94.75985565561248,10.0,4.0,499.6203167806634
5617,0,1.6508,20545.254794520548,119.71677579002773,25.0,3.0,322.73998441005324
5618,0,1.2333,20545.254794520548,94.95635875954464,25.0,3.0,346.8763626421324
5627,0,1.2295,33247.925619834714,164.9829960017409,25.0,3.0,312.60673176541957
5632,1,1.2316,12818.235616438356,274.7689777029113,24.0,3.0,455.9399549670699
5634,0,1.8351,12818.235616438356,44.89413235383781,25.0,3.0,309.3482192250045
5636,0,1.2587,41638.88493150685,44.62065736448726,24.0,3.0,193.9390731428364
5639,0,1.2694,43406.35616438357,149.96464572095317,3.0,4.0,306.88421424065893
5647,0,1.6708,27573.70523415978,45.018395826853784,10.0,4.0,228.8672203845206
5653,0,1.8025,41638.88493150685,55.005995014423725,10.0,4.0,411.82125648314843
5654,0,1.7272,41638.88493150685,54.99865501706738,10.0,4.0,415.4137778676891
5655,0,1.7717,41638.88493150685,69.94261368273874,10.0,4.0,344.5563925267656
5656,0,1.7381,41638.88493150685,44.8977167396117,14.0,3.0,364.5028716134196
5659,0,1.962,41638.88493150685,30.005867350651975,14.0,3.0,378.40405913440895
5663,0,1.7603,41638.88493150685,29.94382462721765,14.0,3.0,390.15611012942907
5668,0,1.7752,12818.235616438356,55.06564545838019,10.0,4.0,332.6788312974769
5676,0,1.3025,11876.054794520547,49.9298803942394,10.0,4.0,351.7331354275446
5678,0,1.3129,11876.054794520547,104.88498699090223,10.0,4.0,223.5893316534924
5679,0,1.1889,11876.054794520547,140.02619815995055,26.0,3.0,73.42060362915439
5680,0,1.3123,11876.054794520547,90.0103391895126,26.0,3.0,10.008894580208198
5681,0,1.4843,11876.054794520547,124.63790986693233,10.0,4.0,215.66762570422247
5684,0,1.2922,15328.780821917808,49.22511192518881,12.0,3.0,416.0400661843002
5685,0,1.165,15328.780821917808,29.98240882210012,12.0,3.0,312.4195413067392
5688,0,1.7079,19199.1397260274,59.803475403145335,10.0,4.0,228.7831522278435
5689,0,1.3899,15159.46301369863,65.00379559744569,4.0,4.0,263.094196467719
5690,0,1.2876,15159.46301369863,99.87051659804534,10.0,4.0,299.06747164163204
5694,0,1.1881,18789.783561643835,180.02020682185403,15.0,3.0,65.90083407712277
5697,0,1.2164,12458.46301369863,150.00421992563713,12.0,3.0,194.88865140730334
5698,0,1.339,12458.46301369863,104.07551728513639,10.0,4.0,403.55400110769
5703,0,1.4395,12458.46301369863,29.935829862476332,10.0,4.0,391.6660890605479
5705,0,1.2074,13635.024657534246,254.77247411679718,6.0,3.0,129.5754304178984
5721,0,1.2166,21420.249315068493,354.88959222648225,10.0,4.0,301.9428949996749
5724,0,1.1781,21420.249315068493,184.67845850780947,14.0,4.0,386.05972069343596
5725,0,1.1709,21420.249315068493,129.93010528557053,14.0,4.0,435.7807685470305
5726,0,1.5704,18143.601648351647,54.55445868101549,10.0,4.0,131.4957692024846
5729,1,1.3024,21420.249315068493,94.98292302811964,24.0,3.0,227.50089034493368
5730,1,1.4154,34000.18630136986,59.93562449221288,24.0,3.0,130.92247170210626
5732,0,1.2746,34000.18630136986,34.636106834918884,20.0,3.0,394.8968725892311
5735,0,1.6205,18143.601648351647,109.29386440028091,10.0,4.0,400.2008737621527
5736,0,1.7158,18143.601648351647,50.015993052449545,10.0,4.0,204.2978038851513
5737,0,1.577,18143.601648351647,79.27808747411194,10.0,4.0,135.28956619579162
5738,0,1.4719,18143.601648351647,95.01162373222147,25.0,3.0,152.0889739177258
5741,1,1.9559,37106.39178082192,45.02461115853011,10.0,4.0,422.466303111565
5742,1,1.9498,37106.39178082192,45.049735419427,10.0,4.0,451.4623605003042
5743,1,2.0295,16320.223880597016,44.9923970263506,10.0,4.0,465.5876331506642
5747,1,1.6238,42075.78082191781,59.968796599470245,25.0,2.0,114.4353041715571
5748,1,1.5285,42075.78082191781,50.02555444034752,25.0,2.0,139.37490615611233
5750,0,1.2672,45055.38356164384,89.90664861164645,10.0,4.0,431.4940159545443
5751,0,1.4357,19783.794520547945,80.05570309453742,10.0,4.0,424.34653924058875
5752,0,1.5312,21420.249315068493,34.966606825585394,10.0,4.0,147.60305211597637
5753,0,1.3882,22671.331506849318,189.0209860286463,10.0,4.0,360.22821572861574
5757,1,1.5963,34000.18630136986,39.891071106212685,20.0,3.0,103.97402910201752
5758,1,1.957,34000.18630136986,44.98791473847681,20.0,3.0,55.426875726571566
5759,1,1.7335,34000.18630136986,49.210953473208626,20.0,3.0,26.999182661083637
5762,1,1.6589,33765.32602739726,40.00118789337357,10.0,4.0,162.91296172464718
5764,0,1.6342,13836.471232876713,60.02624868357572,25.0,3.0,269.2772153082731
5765,0,1.6577,12525.819178082193,59.72472402035114,10.0,4.0,200.4636398665773
5766,1,1.2913,30720.39726027397,174.98709765456846,10.0,4.0,123.47903014800315
5767,0,1.1851,33608.82739726028,280.02551135740777,30.0,3.0,144.2453479020517
5768,0,1.2157,33321.14246575342,59.92576337182835,15.0,4.0,197.36356256239188
5769,0,1.1927,33321.14246575342,55.02976263949303,15.0,4.0,180.73484232265076
5770,1,1.24,33321.14246575342,119.97774842628463,10.0,4.0,130.61923063269555
5771,1,1.2951,33321.14246575342,120.00278866982738,10.0,4.0,80.80420302507716
5776,0,1.289,19971.712328767124,74.82190365162315,25.0,3.0,103.80792447543656
5777,0,1.9388,7928.208219178082,52.71796112634387,10.0,4.0,178.6759720337157
5778,0,1.2114,7928.208219178082,39.22133356503872,6.0,3.0,201.99733242429465
5779,1,1.2036,7928.208219178082,149.9411993853469,6.0,3.0,271.3080636779716
5780,0,1.2556,16735.476712328767,59.83976636505339,6.0,3.0,469.81801159789364
5781,0,1.462,15328.780821917808,74.99973420742954,20.0,3.0,410.6947148689967
5782,0,1.89,15328.780821917808,69.73856525370601,10.0,4.0,441.9606068671257
5783,0,1.3493,6232.819178082192,174.99377659846078,12.0,3.0,267.1318381590819
5784,0,1.5154,6232.819178082192,74.93899225187577,12.0,3.0,345.64299554827886
5786,0,1.3313,6232.819178082192,39.962863646283445,10.0,4.0,138.87411647934735
5788,0,1.3767,6232.819178082192,79.03319041331775,10.0,4.0,364.5038669733484
5790,0,1.2383,38361.24657534246,69.08614390206127,10.0,4.0,235.17519132418772
5795,0,1.9137,29454.12328767123,59.26550540398219,10.0,4.0,131.57078942234838
5796,0,1.8284,29454.12328767123,64.88221784897365,10.0,4.0,238.0698242091541
5797,0,1.9667,29454.12328767123,59.96315600179241,10.0,4.0,189.86077732457562
5799,0,1.2611,16735.476712328767,59.850377795312355,26.0,3.0,216.68965442880673
5801,1,1.1757,15328.780821917808,140.04478152108024,20.0,3.0,252.9353065451654
5805,1,1.2921,7964.375342465753,84.96729360698583,20.0,3.0,217.60378743762973
5807,0,1.3494,7964.375342465753,44.76486316895047,3.0,3.0,31.642658949655615
5808,1,1.306,7964.375342465753,84.80972963691626,3.0,3.0,64.10166824405206
5810,0,1.5998,20639.41597796143,75.02289702959914,10.0,4.0,316.1474892036761
5812,0,1.1862,12043.954385964911,54.99828571630737,10.0,4.0,429.56698853268296
5813,0,1.7318,20639.41597796143,45.04412066588143,10.0,4.0,284.4675039828258
5814,0,1.6986,20639.41597796143,44.99961550160535,10.0,4.0,298.20931689403784
5816,0,1.4178,22843.43561643836,119.98786175590872,10.0,4.0,136.73613972359007
5817,0,1.764,22843.43561643836,34.98883575749992,10.0,4.0,191.0985276895475
5820,0,1.8361,42311.260273972606,44.98269185214788,10.0,4.0,193.9737699405394
5822,0,1.6721,19718.77808219178,24.987533575998107,10.0,4.0,168.10044683527497
5824,0,1.3931,19718.77808219178,30.0857581332928,10.0,4.0,236.70104084191757
5827,0,1.8244,19718.77808219178,59.99703043151674,10.0,4.0,103.99653770851972
5828,1,1.5583,43406.35616438357,55.02764127376256,25.0,2.0,93.68405912435985
5832,0,1.5544,31584.86301369863,50.003245485233705,10.0,4.0,355.67935555511644
5833,0,1.3573,7964.375342465753,70.03639702470042,11.0,3.0,321.44315972488926
5834,1,1.2876,28633.194520547942,114.9215700721873,9.0,3.0,122.9939164708124
5835,0,1.3404,28633.194520547942,104.94632601367081,9.0,3.0,211.85150920087915
5836,1,2.0375,43406.35616438357,35.033024694306754,9.0,3.0,147.06169484432127
5839,0,1.7679,33765.32602739726,25.020400007673594,10.0,4.0,182.8987181538228
5842,1,1.8592,32777.45479452055,55.04008267937132,23.0,3.0,94.89825072671742
5843,0,1.9466,27573.70523415978,54.03320268633659,23.0,3.0,232.50817607683763
5845,0,1.959,27573.70523415978,19.97193577801988,23.0,3.0,247.397097274176
5847,0,1.9632,27573.70523415978,25.000698683957022,10.0,4.0,379.449748285015
5848,1,1.8601,41638.88493150685,30.06894150036265,10.0,4.0,448.0716980426807
5851,0,1.8254,31211.10136986301,39.98633976307925,10.0,4.0,225.30210733189355
5852,0,1.811,19718.77808219178,49.97111714600224,10.0,4.0,132.47690294863332
5853,0,1.4389,31211.10136986301,45.018752753274825,10.0,4.0,140.9264655856604
5854,0,1.7597,31211.10136986301,40.01307422532033,10.0,4.0,217.67550299660078
5855,1,1.6968,31211.10136986301,119.85272987205607,7.0,3.0,443.8214362431712
5857,0,2.0982,17246.194520547946,34.89153878699575,11.0,3.0,290.5238735131752
5859,1,1.645,17246.194520547946,59.954889084528766,23.0,3.0,69.65677999607934
5860,0,2.0088,17246.194520547946,40.002024060384244,10.0,4.0,195.84735183076734
5861,0,1.9288,17246.194520547946,14.926310063074432,11.0,3.0,184.40865859569874
5864,0,1.6415,31519.065753424657,94.99427780058238,10.0,4.0,304.5074051232149
5870,0,1.1702,19199.1397260274,429.9112806369709,6.0,3.0,412.0242247636089
5871,1,1.1709,7964.375342465753,34.021643233545824,20.0,3.0,132.27707726844753
5872,0,2.2166,6777.397260273972,9.940103230403626,2.0,4.0,360.6516855929765
5873,0,1.8351,6777.397260273972,30.028315890051772,2.0,4.0,379.9063187489028
5876,0,1.3819,12818.235616438356,125.05691120628046,6.0,4.0,252.57830015372434
5877,1,1.3617,30720.39726027397,125.01926393755232,20.0,4.0,145.36907014740586
5878,0,1.1604,19199.1397260274,189.92138244412826,7.0,3.0,138.33166078648364
5880,0,1.3091,11876.054794520547,84.82438684327573,6.0,4.0,85.3010953275604
5884,0,1.7208,10168.14794520548,83.7497555702151,3.0,4.0,260.5799977280199
5885,0,1.3461,14981.53021978022,39.984406786402474,25.0,3.0,69.92248343060974
5886,0,1.4354,14981.53021978022,30.009274636587875,25.0,3.0,89.22097854922794
5888,0,1.2476,14981.53021978022,79.96648190483897,25.0,3.0,115.96820864003492
5890,0,1.2035,19652.534246575346,339.6158341441049,32.0,3.0,439.7984103365366
5894,0,1.2098,19708.641666666663,424.9124044760378,20.0,3.0,195.1065695295537
5896,0,1.4299,13780.117318435754,44.92799109783464,20.0,3.0,90.14034822791392
5899,0,1.5812,7964.375342465753,14.992446804654941,6.0,4.0,79.52572259282057
5900,0,1.3864,7964.375342465753,35.07040236448224,6.0,4.0,95.66745016077742
5901,0,1.3923,7964.375342465753,29.939126574595242,6.0,4.0,121.37582463324898
5902,0,1.6593,7964.375342465753,139.92981620657238,6.0,4.0,196.32003506452696
5904,0,1.4379,7964.375342465753,128.001289651067,2.0,4.0,162.13840228497043
5905,0,1.8514,7964.375342465753,63.31732408015128,2.0,4.0,102.11991395528172
5907,0,1.5768,7964.375342465753,79.90283244308881,20.0,4.0,123.5997347546735
5908,0,1.6106,7964.375342465753,74.38750199329198,20.0,3.0,66.96761183107685
5910,0,1.3636,7964.375342465753,188.30222643685994,6.0,4.0,180.9017699228293
5911,0,1.6585,19821.895316804406,54.19766248770768,3.0,4.0,299.7346807815394
5914,0,1.6135,31211.10136986301,94.96253221331197,12.0,3.0,486.35425771656963
5915,0,1.7189,6777.397260273972,28.8084583194863,5.0,4.0,254.0358458094441
5917,0,1.1822,13635.024657534246,129.94520314321744,11.0,3.0,51.350930827803026
5919,0,1.1695,19971.712328767124,624.8704973932538,25.0,3.0,260.6808348102583
5920,0,1.1774,21965.161643835618,159.98013633057093,25.0,3.0,273.54605360352053
5921,0,1.1695,25424.997260273973,644.9846699763998,25.0,3.0,235.47618473408124
5923,0,1.2794,21965.161643835618,45.05987884924205,12.0,4.0,279.91478955096596
5924,0,1.2145,21965.161643835618,69.98440577182376,12.0,4.0,229.40626501863267
5925,0,1.2426,21965.161643835618,40.017156429658094,12.0,4.0,185.57444888455342
5926,0,1.2712,21965.161643835618,40.01715731469984,12.0,4.0,159.24215597527237
5927,0,1.2094,21965.161643835618,40.01100340002953,12.0,4.0,140.70680108642608
5928,0,1.2572,21965.161643835618,39.925858896806766,12.0,4.0,133.97625895933456
5929,0,1.3314,21965.161643835618,40.01715934753985,12.0,4.0,140.41421740539852
5931,0,1.2135,16795.205479452055,40.017627212179015,10.0,4.0,146.91195873398698
5932,0,1.21,16795.205479452055,89.99563125972516,10.0,4.0,188.45623271483163
5933,0,1.2443,25424.997260273973,40.014756336885874,10.0,4.0,228.8267462131662
5934,0,1.1982,25424.997260273973,85.05210831131012,10.0,4.0,196.7598869611499
5936,0,1.2079,21965.161643835618,369.98782580828646,25.0,3.0,88.29448554016018
5937,1,1.2805,25424.997260273973,265.0056386976758,25.0,3.0,149.46917521772315
5938,1,1.4183,17097.982578397212,20.0349350851664,25.0,3.0,10.076432095545627
5940,0,1.1736,19199.1397260274,170.02371021289775,2.0,3.0,164.3439860066226
5943,0,1.6186,22671.331506849318,98.2793558183493,4.0,4.0,288.24857824655044
5945,0,1.4354,11245.60989010989,89.90968732931157,6.0,4.0,432.90683242678483
5946,0,1.4552,27573.70523415978,49.98308249692719,6.0,4.0,350.29413080269705
5949,0,1.4444,13542.315068493152,40.009086568898226,8.0,3.0,69.44914838771221
5950,0,1.2817,13542.315068493152,243.60157917365686,8.0,3.0,148.1082166251788
5954,0,1.5901,22671.331506849318,49.9938935833271,3.0,4.0,418.44421942858054
5955,0,1.2687,6777.397260273972,99.81015068975844,3.0,4.0,428.69555118717767
5957,0,1.3103,9002.78904109589,70.03194930049229,10.0,4.0,220.36433438197503
5959,0,2.0149,9002.78904109589,24.986243307220978,3.0,4.0,121.80100594624997
5960,0,1.5928,9002.78904109589,114.62826568864192,3.0,4.0,156.05590148023944
5961,0,1.4914,9849.424657534246,58.675729424145416,3.0,4.0,455.87810146686996
5963,0,1.1955,20545.254794520548,185.01600400249504,10.0,3.0,489.501825581147
5964,0,1.3961,13542.315068493152,69.20128465313998,5.0,3.0,66.40998812173632
5965,1,1.4872,20639.41597796143,64.99093398689843,3.0,3.0,122.46983250465048
5966,0,1.1854,20639.41597796143,104.9200512876453,6.0,4.0,211.9889560575808
5967,1,1.246,30598.564383561643,99.96849545901618,8.0,3.0,111.58607637329668
5972,0,1.6013,31584.86301369863,84.96586312499271,6.0,4.0,248.16220636998335
5975,0,1.2516,21965.161643835618,115.01253122009717,8.014,4.0,99.56813480482289
5977,0,1.2543,21965.161643835618,120.01547154056787,8.788999999999998,4.0,77.19141929450524
5979,0,1.2273,21965.161643835618,159.93197648573582,10.555,4.0,57.45218530896176
5981,0,1.2672,21965.161643835618,114.93906991248295,8.031,4.0,130.21399025234882
5983,0,1.2328,21965.161643835618,159.98281954323238,10.095,4.0,157.64596478484972
5985,0,1.264,21965.161643835618,115.05346679073875,11.401000000000002,4.0,233.2792361245975
5987,0,1.2056,16795.205479452055,194.40373194909486,10.0,4.0,116.68998020306132
5988,0,1.1903,16795.205479452055,100.02664893208768,10.0,4.0,166.85728230226096
5992,0,1.2404,16795.205479452055,135.00551209828086,11.317000000000002,4.0,220.2665481345379
5993,0,1.1891,14981.53021978022,75.00316063113898,9.968,4.0,224.3707757491445
5994,0,1.2443,16795.205479452055,75.01337211185712,9.654,4.0,222.9091913196495
5996,0,1.2151,21965.161643835618,120.01270736489661,12.083999999999998,4.0,98.58609270222901
5997,0,1.6151,20639.41597796143,54.65599140626641,3.0,4.0,97.31364641421162
5999,1,1.1819,17097.982578397212,362.9054147281437,12.057999999999998,3.0,215.14818873016193
6000,0,1.2098,25424.997260273973,125.00779582361541,11.439000000000002,3.0,96.82163737329255
6001,0,1.2402,25424.997260273973,134.4066233026758,10.283000000000001,3.0,111.25076977120496
6004,1,1.1966,31584.86301369863,299.92292080367497,12.0,2.0,194.24833510177842
6005,0,1.2481,15328.780821917808,239.9975785772944,8.0,3.0,158.13780125681652
6010,0,1.2332,25424.997260273973,129.81060689442984,9.0,4.0,166.87641365996467
6011,0,1.1553,19199.1397260274,39.942583526343746,3.0,3.0,443.59022352040085
6013,0,1.5668,12043.954385964911,164.92957229019305,5.0,3.0,326.7131337942723
6015,0,1.208,18789.783561643835,84.80269642336738,7.0,4.0,134.79408974303783
6024,0,1.207,15328.780821917808,194.98737407684214,12.0,3.0,293.49274576552483
6025,0,1.3095,19652.534246575346,264.4733513775858,4.0,3.0,228.94703850838894
6026,0,1.7957,31211.10136986301,49.938706424844945,5.0,4.0,90.07922684941039
6028,0,1.275,31519.065753424657,125.03523854972319,14.620999999999999,2.0,167.37374210046636
6035,0,1.6057,16320.223880597016,177.41866569938716,3.0,4.0,238.28741597664194
6039,0,1.3564,11876.054794520547,236.45565350655545,6.0,4.0,191.06597353018952
6041,0,1.6386,11245.60989010989,104.81895115881377,3.0,4.0,316.12724228097545
6042,0,1.8287,19971.712328767124,119.30208629284792,4.0,4.0,77.89816555501976
6043,0,1.2284,15159.46301369863,69.91343182155042,3.0,4.0,107.63706820617594
6045,1,1.1853,45055.38356164384,155.06112333283687,30.0,3.0,72.24943769930232
6047,0,1.1599,45055.38356164384,359.8619200645903,30.0,3.0,332.78277426933454
6055,0,1.1528,15159.46301369863,475.03527792235644,3.0,4.0,414.2787744488742
6057,0,1.4398,6232.819178082192,109.9570181508215,6.0,4.0,180.25830875421343
6061,0,1.2865,18789.783561643835,294.9574903102716,3.0,3.0,224.3045610631389
6063,1,1.2903,12818.235616438356,159.90771248086153,6.0,3.0,386.6576656962878
6064,0,1.1851,12818.235616438356,89.93711673693231,6.0,3.0,323.9064070057753
6065,0,1.1627,19199.1397260274,105.01463547871586,15.0,3.0,241.7218776879311
6066,0,1.1903,19199.1397260274,90.02282014055751,3.0,3.0,390.72736747139373
6069,0,1.3133,18143.601648351647,64.91807411453158,5.0,4.0,207.6627292875368
6073,1,1.223,26901.89589041096,224.9084149745484,4.0,3.0,361.0686408122985
6076,0,1.2162,6777.397260273972,219.77392810844756,7.0,4.0,307.68935067172276
6080,0,1.4058,19113.699724517905,59.96956182316481,5.0,4.0,215.57505620195923
6083,0,1.5463,12458.46301369863,24.969744099890193,4.0,3.0,116.33832284710594
6092,0,1.3593,6232.819178082192,89.8635037658583,6.0,4.0,219.364966508266
6102,0,1.2336,19199.1397260274,130.01785496341924,8.0,3.0,83.2157655606515
6103,0,1.2732,19199.1397260274,139.3763426130976,3.0,3.0,224.15636711772052
6106,0,1.218,15159.46301369863,908.9980310564529,4.0,2.0,476.39133069463116
6107,0,1.1616,10168.14794520548,70.04930356275692,5.0,3.0,221.3319303324133
6109,0,1.4116,15328.780821917808,114.83332018603875,5.0,4.0,326.83501353049064
6111,0,1.2451,12466.791780821915,94.83078967393364,6.0,3.0,378.3725161367482
6113,0,1.5937,34000.18630136986,35.03678968732133,5.0,3.0,438.2312285657731
6114,0,1.2594,34000.18630136986,45.065657309931076,5.0,3.0,441.5912383012234
6115,0,1.35,11245.60989010989,113.84829323452058,5.0,3.0,431.3283405247654
6116,0,1.6533,31519.065753424657,60.02523756279595,8.0,4.0,328.76367256637997
6118,0,1.4613,13635.024657534246,73.98158980847393,5.0,4.0,319.00898205482883
6119,0,1.5155,29454.12328767123,29.923066166947958,8.0,4.0,184.11976816951048
6125,0,1.2235,28222.04109589041,29.511960162429435,4.079,4.0,176.0421779374343
6133,0,1.1788,28222.04109589041,424.655823304374,3.0,4.0,238.39368056140287
6139,0,1.1555,16795.205479452055,54.950534141329484,3.0,4.0,203.52593070585564
6140,0,1.2627,16795.205479452055,104.89848415364008,3.0,4.0,274.5988756548353
6145,0,1.1708,38361.24657534246,74.95666897789121,3.0,4.0,464.64971394684784
6146,0,1.1754,38361.24657534246,229.91984294950737,3.0,4.0,321.94582830866887
6147,0,1.1861,38361.24657534246,134.92662819384708,3.0,4.0,298.85450324856345
6148,0,1.2443,38361.24657534246,320.0316557494771,3.0,4.0,498.0197150794359
6152,0,1.1715,21965.161643835618,5.004496917959124,3.0,4.0,374.73385911397645
6154,0,1.1628,21965.161643835618,45.01497913523001,10.0,4.0,147.59961088748943
6155,0,1.2498,19971.712328767124,94.8832261676099,2.0,4.0,58.64950194261235
6156,0,1.5863,19971.712328767124,54.48674724378034,2.0,4.0,85.02771423052695
6157,0,1.2395,12466.791780821915,649.7374704573517,3.0,4.0,486.70342927151506
6158,0,1.3248,12466.791780821915,155.01123244432904,3.0,4.0,147.35605710960664
6159,0,1.4381,28222.04109589041,55.00771082948336,10.0,4.0,139.36714640674796
6160,0,1.3649,28222.04109589041,19.98905131747471,10.0,4.0,177.82055746075417
6161,0,1.4407,28222.04109589041,285.0048227068425,10.0,4.0,326.3006791386556
6162,0,1.2087,28222.04109589041,409.93201024509506,3.0,4.0,179.0507437834213
6163,1,1.2653,7928.208219178082,14.973641829168868,25.0,3.0,22.36107759662253
6164,1,1.1816,7928.208219178082,494.9983289588324,25.0,3.0,243.08155406256049
6165,0,1.1718,19971.712328767124,604.9167153951873,25.0,3.0,227.26700284384745
6166,0,1.1602,19971.712328767124,70.05792673452588,25.0,3.0,118.75152566880789
6167,0,1.1674,21965.161643835618,269.9987524829547,25.0,3.0,160.27281210856333
6169,0,1.159,21965.161643835618,314.91495077800874,25.0,3.0,228.1079785823517
6170,0,1.177,16795.205479452055,224.97893983389082,25.0,3.0,394.3193871243264
6171,0,1.1739,16795.205479452055,59.96737459669909,25.0,3.0,376.7473734046708
6172,0,1.1572,16795.205479452055,25.02333569382856,25.0,3.0,393.7147732831038
6173,0,1.166,18747.80821917808,299.6378633782575,14.0,3.0,185.3615684315445
6174,0,1.1597,10168.14794520548,239.9314995472266,14.0,3.0,97.640967323302
6175,0,1.1618,10168.14794520548,64.98153070350376,14.0,3.0,60.202172806293646
6176,0,1.1586,12458.46301369863,220.0157558660467,14.0,3.0,85.76908070283797
6177,0,1.2296,12458.46301369863,95.02430470680615,14.0,3.0,105.92477812176982
6178,0,1.22,12458.46301369863,210.0095404606819,14.0,3.0,250.3998132663048
6179,0,1.1569,12458.46301369863,79.92111742467046,14.0,3.0,391.77223050487714
6182,0,1.1646,19199.1397260274,279.97271907747864,14.0,3.0,246.48425526673046
6184,0,1.1633,19199.1397260274,190.04528999871155,14.0,3.0,9.615884745996713
6185,0,1.1781,19199.1397260274,259.93207963961225,14.0,3.0,219.4816028756486
6187,0,1.1908,19199.1397260274,84.99063559450931,14.0,3.0,398.00962124939207
6189,0,1.1938,6232.819178082192,235.04645279203413,14.0,3.0,402.989891182299
6190,0,1.3187,6232.819178082192,74.99815097221308,14.0,3.0,381.08879615111795
6191,0,1.1866,6232.819178082192,74.90804418910118,14.0,3.0,423.5360965747287
6193,0,1.1743,12466.791780821915,80.00142129973507,14.0,3.0,340.07505374858624
6194,0,1.1553,12466.791780821915,169.9777921369105,14.0,3.0,213.30776838905618
6195,0,1.2019,12466.791780821915,105.02882459159093,14.0,3.0,76.69803899381554
6196,0,1.1791,12466.791780821915,129.93483405626748,14.0,3.0,46.126774541475676
6197,0,1.1845,12466.791780821915,215.09005803490928,14.0,3.0,221.39778026316185
6198,1,1.2569,7928.208219178082,444.99692477430824,15.0,3.0,208.99877156474744
6199,1,1.1809,16735.476712328767,295.003756897755,15.0,3.0,420.05929141148846
6200,1,1.1814,15328.780821917808,914.9857874328297,15.0,3.0,358.0062861125648
6202,1,1.2137,7964.375342465753,194.94000250258227,15.0,3.0,123.77119019465188
6203,0,1.2345,7964.375342465753,39.96325706402514,15.0,3.0,6.855944489795347
6204,0,1.2116,7964.375342465753,84.93587147635651,15.0,3.0,61.45187061374607
6208,1,1.1535,28633.194520547942,94.98678828586613,15.0,3.0,131.7194295575992
6209,1,1.1713,28633.194520547942,324.99933831898716,15.0,3.0,85.20061092400537
6210,1,1.284,12043.954385964911,119.8678767929552,15.0,3.0,88.66340806251776
6211,1,1.2501,12043.954385964911,164.9913392578736,15.0,3.0,229.49212251540808
6212,1,1.2724,32777.45479452055,29.963674009106494,15.0,3.0,155.47889593505187
6214,1,1.1879,32777.45479452055,129.95033753083104,15.0,3.0,60.32516197640958
6215,1,1.3283,32777.45479452055,94.95159321205091,15.0,3.0,58.22209718815283
6216,1,1.4343,32777.45479452055,44.99024330256898,15.0,3.0,133.08638492273573
6217,1,1.3068,32777.45479452055,110.0583756321376,15.0,3.0,211.9084697919525
6218,1,1.3977,32777.45479452055,39.95203555204001,15.0,3.0,290.90897020698816
6219,1,1.2736,32777.45479452055,140.07941082331877,15.0,3.0,385.4773750240081
6220,1,1.369,17246.194520547946,74.93383176866226,15.0,3.0,496.5211960595855
6224,1,1.3883,31211.10136986301,100.00800216953353,15.0,3.0,465.9058293490041
6225,0,1.319,31211.10136986301,99.99245216227074,15.0,3.0,362.63711007017906
6226,0,1.4091,31211.10136986301,29.969867861503385,15.0,3.0,295.7738936327123
6227,0,1.313,31211.10136986301,55.01456101539747,15.0,3.0,249.55259325122807
6228,0,1.3155,31211.10136986301,205.04907135809776,15.0,3.0,117.41992502107905
6229,0,1.3185,31211.10136986301,349.9766796582758,15.0,3.0,167.87665069400765
6230,0,1.2722,19718.77808219178,109.8954637857538,15.0,3.0,45.814021789982235
6231,0,1.3149,19718.77808219178,104.99720919623933,15.0,3.0,73.86526794645859
6233,0,1.3371,19718.77808219178,109.99219777187554,15.0,3.0,185.58511369418463
6234,0,1.3132,42311.260273972606,104.93421526883685,15.0,3.0,232.63648207764365
6235,0,1.3168,42311.260273972606,119.98374693990279,15.0,3.0,124.44028266023221
6236,0,1.2083,42311.260273972606,120.00425865611143,15.0,3.0,33.73867555104049
6237,0,1.2461,42311.260273972606,100.01022789488407,15.0,3.0,117.40348839958652
6238,0,1.3007,42311.260273972606,79.90299158360789,15.0,3.0,209.03635299123633
6239,0,1.331,42311.260273972606,159.92990137953404,15.0,3.0,331.9067988600286
6240,0,1.3124,22843.43561643836,79.98916520974535,15.0,3.0,240.55023772718823
6241,0,1.2483,22843.43561643836,94.97484821599714,15.0,3.0,148.5333070220527
6242,0,1.2361,22843.43561643836,105.00569095677966,15.0,3.0,44.00490530383645
6243,0,1.2183,22843.43561643836,105.02342325994994,15.0,3.0,61.939938601771615
6244,0,1.1643,18789.783561643835,315.0241148058794,15.0,3.0,117.42479302396825
6245,0,1.173,18789.783561643835,74.9648297390572,15.0,3.0,99.93452864271276
6246,0,1.204,18789.783561643835,25.027252776702113,15.0,3.0,149.79833762341082
6247,0,1.1607,18789.783561643835,399.97709276688903,15.0,3.0,360.9657703345525
6248,0,1.1957,6777.397260273972,135.03189953726513,15.0,3.0,106.83119893618733
6249,0,1.1571,6777.397260273972,90.06042655579697,15.0,3.0,11.139957269195754
6250,0,1.1755,6777.397260273972,245.01880098773148,15.0,3.0,170.25454628568136
6251,0,1.1706,6777.397260273972,74.96145957446612,15.0,3.0,321.7096348989137
6252,0,1.1665,10168.14794520548,309.98594162410836,15.0,3.0,499.254683957272
6253,0,1.1583,18747.80821917808,629.8916600279482,15.0,3.0,331.76126809004296
6254,0,1.1607,18747.80821917808,619.8908687760796,15.0,3.0,291.7533789337371
6256,1,1.2083,7928.208219178082,29.950493728446705,12.0,3.0,8.272067927754122
6257,1,1.2597,7928.208219178082,429.9676871977497,12.0,3.0,231.20770229847847
6258,1,1.2417,16735.476712328767,65.0060067907088,12.0,3.0,445.59279713723
6259,1,1.4074,16735.476712328767,40.01227996306495,12.0,3.0,436.28042099540545
6260,1,1.2001,16735.476712328767,65.01587767510203,12.0,3.0,435.70462849003735
6261,0,1.1715,16735.476712328767,143.88178899425662,12.0,3.0,459.06057989903684
6263,0,1.168,11876.054794520547,105.07585387743572,26.0,3.0,415.6140321859446
6264,0,1.1793,11876.054794520547,269.9697086446997,26.0,3.0,238.0890954253177
6265,0,1.1692,11876.054794520547,55.01589122167359,26.0,3.0,75.60367936485962
6266,0,1.1751,11876.054794520547,64.94639994815188,26.0,3.0,18.63285528814933
6267,0,1.1788,11876.054794520547,210.0001557429122,26.0,3.0,129.987529302792
6268,0,1.1948,16735.476712328767,74.94791052843121,26.0,3.0,63.16666924889107
6269,0,1.1975,16735.476712328767,34.91232204746383,26.0,3.0,8.99899067214062
6271,0,1.1854,16735.476712328767,179.98832580693946,26.0,3.0,100.47263878730298
6272,0,1.5333,16735.476712328767,39.724059736105346,26.0,3.0,211.9860285223044
6273,0,1.1699,16735.476712328767,225.01171668998953,26.0,3.0,342.42517839889706
6276,0,1.1723,12466.791780821915,699.8631661825837,25.0,3.0,477.6167763091827
6277,0,1.2234,12466.791780821915,104.79098302136278,25.0,3.0,355.2181422974933
6278,0,1.1844,21965.161643835618,59.92401662089666,25.0,3.0,141.1946326965056
6282,0,1.3158,19971.712328767124,79.9513381001968,25.0,3.0,155.08830377888947
6283,0,1.2984,7928.208219178082,4.939129653997006,25.0,3.0,488.78869133043014
6285,0,1.2017,13780.117318435754,104.9987647519264,35.0,2.0,4.348250006163434
6286,0,1.18,13780.117318435754,239.98805581853375,35.0,2.0,173.97608121538215
6287,1,1.1695,19625.87123287671,370.0060006593258,35.0,2.0,154.35611604478447
6288,1,1.1769,30598.564383561643,160.0122641013955,35.0,2.0,137.10776182443186
6289,1,1.2082,30598.564383561643,249.94025259680308,35.0,2.0,195.08803084426413
6290,1,1.2592,20639.41597796143,344.9808122528794,35.0,2.0,272.4347339503394
6292,1,1.5767,20639.41597796143,54.97031817117796,35.0,2.0,237.07203760905196
6293,1,1.2379,7964.375342465753,180.0163123512389,35.0,2.0,168.29869032607124
6294,0,1.1822,7964.375342465753,24.993446170725512,35.0,2.0,65.02272065837164
6295,0,1.4332,7964.375342465753,50.07357460731686,35.0,2.0,30.424202544864997
6296,1,1.2223,7964.375342465753,594.9470689461087,35.0,2.0,304.0158609543896
6297,1,1.2289,31584.86301369863,379.9814546218564,35.0,2.0,191.16391822232222
6298,1,1.2296,17097.982578397212,455.01864922009264,35.0,2.0,219.06434591259935
6299,1,1.1775,14981.53021978022,819.9246335553449,35.0,2.0,141.60412732022624
6300,1,1.1626,40245.56438356164,284.96764228361803,35.0,2.0,154.91434458913866
6301,1,1.1939,9002.78904109589,484.97981757198255,35.0,2.0,158.0771325288121
6302,0,1.2787,22671.331506849318,169.96670672997496,35.0,2.0,132.23920167320668
6303,0,1.1969,12525.819178082193,399.95483414155734,35.0,2.0,413.9048311468129
6307,0,1.1947,38361.24657534246,504.806658852548,35.0,2.0,207.88344111853877
6308,0,1.15,38361.24657534246,14.971906060930898,35.0,2.0,53.357587437169805
6310,0,1.4473,30598.564383561643,109.84589448153088,4.0,4.0,311.40418280944726
6311,0,1.2435,30598.564383561643,110.00182361456459,4.0,4.0,422.23596427723714
6318,1,1.15,12818.235616438356,19.9542246130556,24.0,3.0,487.7142573738679
6319,1,1.1897,12818.235616438356,90.05034244073467,24.0,3.0,432.0976152228588
6320,1,1.2053,12818.235616438356,64.63202057851872,24.0,3.0,355.30350253538325
6321,1,1.1709,12818.235616438356,115.01669392098142,24.0,3.0,269.78721695090866
6322,0,1.1809,12818.235616438356,119.87660683320357,24.0,3.0,151.73016845373192
6323,0,1.1989,12818.235616438356,105.05880636074633,24.0,3.0,38.10194867706298
6325,0,1.3648,12818.235616438356,20.008027818153934,24.0,3.0,32.7737650810473
6326,0,1.2549,12818.235616438356,45.03977647296638,24.0,3.0,67.34783087494395
6327,0,1.2156,12818.235616438356,39.96712874898405,24.0,3.0,113.30242178217289
6330,0,1.258,12818.235616438356,25.03172680496578,24.0,3.0,173.68781525735906
6331,0,1.2548,12818.235616438356,85.02416094216687,24.0,3.0,232.79069033261501
6332,0,1.3067,41638.88493150685,85.03777015585275,24.0,3.0,217.77612435047575
6335,0,1.2884,41638.88493150685,35.03674222569992,24.0,3.0,134.76875438613644
6337,0,1.2912,41638.88493150685,29.948506598498852,24.0,3.0,92.93769527142864
6338,0,1.2006,41638.88493150685,50.003188181435284,24.0,3.0,53.07487127533516
6339,0,1.328,41638.88493150685,34.974642778734705,24.0,3.0,13.367546420753637
6340,0,1.3156,41638.88493150685,190.0326467295311,24.0,3.0,107.26993122770445
6341,0,1.2406,41638.88493150685,34.95496101747102,24.0,3.0,221.55767909177212
6344,1,1.231,41638.88493150685,130.0315064726719,24.0,3.0,313.7154650630855
6346,1,1.2648,41638.88493150685,40.04640612022519,24.0,3.0,412.9936222281709
6348,1,1.259,41638.88493150685,64.96719905383725,24.0,3.0,470.37437825821246
6355,1,1.1901,37106.39178082192,140.00308404604172,24.0,3.0,454.56221086277014
6357,1,1.2242,37106.39178082192,54.933934330564476,24.0,3.0,405.74426602268716
6358,1,1.1835,37106.39178082192,44.984628559844246,24.0,3.0,387.7006650710215
6359,1,1.2623,37106.39178082192,45.01597333505472,24.0,3.0,381.86715016282386
6362,1,1.3323,16320.223880597016,80.0340511341581,24.0,3.0,385.6718251879159
6364,1,1.5133,16320.223880597016,34.955009029408586,24.0,3.0,320.8863906812917
6367,0,1.481,16320.223880597016,30.02426794087923,24.0,3.0,263.5508797521979
6370,0,1.4379,16320.223880597016,30.066083488325468,24.0,3.0,203.58104561251045
6371,1,1.3366,16320.223880597016,204.95757115738104,24.0,3.0,85.23126095057573
6372,1,1.3545,16320.223880597016,19.990071781235827,24.0,3.0,39.765540438927374
6374,1,1.3586,16320.223880597016,29.93180271675813,24.0,3.0,76.4120180349371
6375,1,1.3471,16320.223880597016,45.056818625998844,24.0,3.0,114.58779413930586
6376,1,1.2916,34000.18630136986,20.038635704042655,24.0,3.0,105.60464612038433
6377,1,1.2199,34000.18630136986,84.95632127481785,24.0,3.0,56.25759346004303
6378,1,1.236,34000.18630136986,74.9572038817584,24.0,3.0,57.618804849802814
6379,1,1.2843,34000.18630136986,30.037554118406618,24.0,3.0,104.5065982774724
6381,1,1.3387,34000.18630136986,34.98803176897493,24.0,3.0,140.82251893815925
6382,0,1.4233,34000.18630136986,29.983251968326083,24.0,3.0,175.02438652736512
6383,0,1.2428,34000.18630136986,75.05575238299438,24.0,3.0,231.31075089561946
6384,1,1.2763,21420.249315068493,144.9835160623202,24.0,3.0,251.26143467079262
6385,1,1.2035,21420.249315068493,9.973168597166149,24.0,3.0,183.487250614597
6386,1,1.2796,21420.249315068493,25.047988873230757,24.0,3.0,164.13538608583897
6388,1,1.2332,21420.249315068493,124.9883442342007,24.0,3.0,81.79400564688004
6389,1,1.2152,21420.249315068493,239.7974166503769,24.0,3.0,95.8424005789832
6390,0,1.2243,21420.249315068493,235.01467036211466,24.0,3.0,337.06057698540667
6392,0,1.2369,21420.249315068493,29.930798470298715,24.0,3.0,471.9548445931267
6393,0,1.1837,45055.38356164384,119.9261410647984,24.0,3.0,450.58452287445584
6394,1,1.1741,45055.38356164384,370.00426040172744,24.0,3.0,205.81462891502412
6396,1,1.1668,45055.38356164384,289.9879383355591,24.0,3.0,128.7634571023748
6397,0,1.1618,24365.02191780822,99.98781073145412,24.0,3.0,75.81227565263057
6398,0,1.1692,28222.04109589041,319.9680422775153,24.0,3.0,228.7915427067632
6401,0,1.1767,28222.04109589041,174.91562500701093,24.0,3.0,44.45926288324056
6402,0,1.1672,38361.24657534246,249.9408010408168,24.0,3.0,114.50921623727118
6410,0,1.2098,15328.780821917808,109.84729035680208,24.635,3.0,488.2712383265646
6411,0,1.2711,15328.780821917808,24.946002342329052,24.635,3.0,418.6719492272602
6412,0,1.1805,15328.780821917808,70.02612411276966,24.634999999999998,3.0,374.4405842372972
6413,0,1.1924,15328.780821917808,64.99081818431905,24.634999999999998,3.0,321.35578527739574
6414,0,1.1557,15328.780821917808,134.97445843984593,24.634999999999998,3.0,313.0900197820121
6416,0,1.192,15328.780821917808,84.93793569348824,24.635,3.0,355.0257696480779
6418,1,1.1797,7964.375342465753,314.9606852184503,24.634999999999998,3.0,363.8278819313682
6419,1,1.3154,20639.41597796143,24.9672796244463,24.635,3.0,218.2277867389844
6420,1,1.1829,20639.41597796143,99.96357777523569,24.635,3.0,155.6432259651793
6423,0,1.3547,20639.41597796143,109.83060888251687,24.635,3.0,39.9999931394479
6425,0,1.2727,13780.117318435754,40.061563797726436,12.0,3.0,401.44631995287546
6426,0,1.1885,13780.117318435754,194.85339873134083,12.0,3.0,290.55352845778583
6427,0,1.3174,13780.117318435754,175.0541096744613,12.0,3.0,110.96901753951445
6428,0,1.4092,13780.117318435754,59.95166289212375,12.0,3.0,58.39520260210341
6429,0,1.1723,13780.117318435754,70.05603823541908,12.0,3.0,109.32924501661304
6430,0,1.487,13780.117318435754,15.017603406043197,12.0,3.0,153.43931698809195
6431,0,1.3218,13780.117318435754,34.99321551664542,12.0,3.0,182.95877505158938
6432,0,1.2365,13780.117318435754,44.99988011015675,12.0,3.0,223.9948423159952
6433,0,1.1892,13780.117318435754,109.9855920831642,12.0,3.0,300.60985208197286
6435,0,1.1877,13780.117318435754,244.88886871007992,12.0,3.0,458.21791964075
6441,0,1.4287,12818.235616438356,159.9044035792296,25.0,3.0,407.79961117292993
6442,0,1.2496,12818.235616438356,44.92284164891916,25.0,3.0,314.1311243042961
6443,0,1.2104,12818.235616438356,25.045500559806168,25.0,3.0,288.3781640671451
6444,0,1.2754,12818.235616438356,74.93593879262666,25.0,3.0,254.11655963922385
6445,0,1.3458,12818.235616438356,74.98264029009135,25.0,3.0,200.92972951350342
6446,0,1.2627,12818.235616438356,40.041396940719444,25.0,3.0,153.31188171468517
6447,0,1.2992,12818.235616438356,25.003413039982078,25.0,3.0,121.10035218896876
6450,0,1.2771,12818.235616438356,80.01580668356682,25.0,3.0,42.93170850453863
