date,sttn_id,sttn_nm,longitude,latitude,ride_nope,goff_nope,record_present
2025-05-27,4201421,(구)월호평동사무소,128.93612294474602,37.73542207247549,,,False
2025-05-27,4200106,KT,128.91181164590185,37.77275858732733,415,16,True
2025-05-27,4200107,KT,128.9125052185983,37.77309475265464,57,102,True
2025-05-27,4200797,KTX공영주차장환승장,128.8967850727094,37.762190942376556,4,4,True
2025-05-27,4200547,e-편한세상아파트,128.895218937497,37.769600465674785,8,8,True
2025-05-27,4200546,e-편한세상아파트,128.89508217030252,37.76981271024109,31,4,True
2025-05-27,4200368,가둔지유적,128.882327030694,37.82527019767428,,,False
2025-05-27,4200369,가둔지유적,128.882153019297,37.82520493756786,,,False
2025-05-27,4200969,가마골,128.79478117549075,37.72231567644804,3,0,True
2025-05-27,4200533,가마골,128.79546755385968,37.722099902068294,1,2,True
2025-05-27,4201327,가사골,128.95364127595002,37.572947377645065,,,False
2025-05-27,4201326,가사골,128.95366508671376,37.57302501168563,,,False
2025-05-27,4201376,가작다리입구,128.8944549231389,37.76589747732919,5,1,True
2025-05-27,4201375,가작다리입구,128.8943546413669,37.766101443660936,3,2,True
2025-05-27,4200726,가축위생시험사업소,128.90125274168807,37.729547291652196,,,False
2025-05-27,4200725,가축위생시험사업소,128.90146946473587,37.729510021653965,2,0,True
2025-05-27,4200050,가톨릭관동대북문,128.8721246228799,37.73769671240302,79,3,True
2025-05-27,4200063,가톨릭관동대학교,128.87804152995903,37.738296118202754,458,110,True
2025-05-27,4200164,갈골한과,128.84368704633178,37.82462303691711,,,False
2025-05-27,4200163,갈골한과,128.84366180450007,37.82449975412136,,,False
2025-05-27,4200577,갈버든,128.96722169547306,37.666241797535086,,,False
2025-05-27,4200576,갈버든,128.9673126799485,37.66623695179046,,,False
2025-05-27,4200982,감나무민박,128.7987894816223,37.73785238030648,,,False
2025-05-27,4200981,감나무민박,128.79885844666603,37.737822198803215,,,False
2025-05-27,4200914,감자채종포마을,128.83346021183766,37.53338333057324,,,False
2025-05-27,4200915,감자채종포마을,128.8336264013535,37.53350667836036,2,0,True
2025-05-27,4200789,강남동주민센터,128.9049218912141,37.74425517651889,2,0,True
2025-05-27,4201177,강동면사무소,128.9546118972993,37.72728097155823,5,6,True
2025-05-27,4200005,강동무료주차장,129.03151265934136,37.688945395109045,4,0,True
2025-05-27,4200019,강동무료주차장,129.03136520192535,37.68890256497467,1,3,True
2025-05-27,4200016,강동종합복지회관,128.9534097899608,37.72765187744945,17,5,True
2025-05-27,4200026,강동종합복지회관,128.95225785335822,37.72821012800672,1,0,True
2025-05-27,4201178,강동하나로마트,128.95391314710383,37.72680705851969,,,False
2025-05-27,4200525,강동하나로마트,128.95401701690832,37.726761856774424,0,1,True
2025-05-27,4200542,강릉MBC,128.90392601394964,37.77039013888439,5,2,True
2025-05-27,4200058,강릉경찰서,128.906855517511,37.76775326359568,1,16,True
2025-05-27,4200057,강릉경찰서,128.90688706685629,37.768055768979885,63,10,True
2025-05-27,4200287,강릉고등학교,128.91470458416677,37.788540253578724,71,1,True
2025-05-27,4200101,강릉고입구,128.92013482012848,37.783607089094346,123,5,True
2025-05-27,4200102,강릉고입구,128.92044843215433,37.78352944320342,24,22,True
2025-05-27,4200048,강릉고정문,128.91587216477294,37.7875280017598,25,1,True
2025-05-27,4200047,강릉고정문,128.91550078840652,37.78828834947499,2,46,True
2025-05-27,4200112,강릉관광개발공사,128.9085231695166,37.76800046518587,23,8,True
2025-05-27,4200113,강릉관광개발공사,128.90865897771857,37.76820323697218,11,17,True
2025-05-27,4201024,강릉교도소,128.86643612221636,37.745817949506176,5,0,True
2025-05-27,4201023,강릉교도소,128.8655195073396,37.7459157793766,0,7,True
2025-05-27,4200430,강릉국민체육센터,128.89711747432256,37.77640154864734,2,7,True
2025-05-27,4200431,강릉국민체육센터,128.8964868887264,37.776906315186,21,0,True
2025-05-27,4200881,강릉기도원입구,128.8490436050476,37.69867520520206,,,False
2025-05-27,4200880,강릉기도원입구,128.84913047105903,37.69875658463013,,,False
2025-05-27,4201257,강릉녹색도시체험센터,128.90662264590688,37.78655657001431,9,6,True
2025-05-27,4201256,강릉녹색도시체험센터,128.90742209068117,37.786856581754364,12,15,True
2025-05-27,4201038,강릉농협중앙지점,128.90002047054392,37.7602043259228,13,4,True
2025-05-27,4201039,강릉농협중앙지점,128.8996914930678,37.76005119983009,20,11,True
2025-05-27,4200852,강릉대도호부관아,128.8916610029413,37.75117323796815,65,20,True
2025-05-27,4200853,강릉대도호부관아,128.89234522879923,37.75163825691615,15,94,True
2025-05-27,4200146,강릉면허시험장,128.81937813512624,37.79573671702786,,,False
2025-05-27,4200145,강릉면허시험장,128.81940419285692,37.79563172548221,2,0,True
2025-05-27,4200122,강릉문화원,128.8740921031382,37.75789663608161,8,31,True
2025-05-27,4201136,강릉바다내음캠핑장,129.00390469104653,37.71858688540818,,,False
2025-05-27,4201135,강릉바다내음캠핑장,129.0043696849979,37.7181216327924,1,0,True
2025-05-27,4200400,강릉복합복지체육센터,128.87000704257403,37.762859214055275,15,5,True
2025-05-27,4200401,강릉복합복지체육센터,128.87017698555522,37.76290354322161,6,20,True
2025-05-27,4200291,강릉소방서,128.87109869210374,37.758191496775595,6,10,True
2025-05-27,4200548,강릉소방서,128.87119323619314,37.7580009949989,131,14,True
2025-05-27,4200009,강릉솔향수목원,128.86668479243338,37.701851797491,,,False
2025-05-27,4201144,강릉승마장,128.9814636223547,37.728585253094074,,,False
2025-05-27,4201143,강릉승마장,128.98140559088012,37.728642395571235,2,0,True
2025-05-27,4200120,강릉시외.고속터미널,128.8792265208128,37.75505492071011,196,202,True
2025-05-27,4200121,강릉시외.고속터미널,128.87911620808939,37.75486594086855,495,104,True
2025-05-27,4201027,강릉시청,128.8780384572547,37.75085435055292,,,False
2025-05-27,4200750,강릉시청앞,128.88013307678156,37.753651204654936,1,3,True
2025-05-27,4201237,강릉아산병원(강릉방면),128.8575951802683,37.81786664293397,57,12,True
2025-05-27,4200446,강릉아산병원(주문진방면),128.8575142394361,37.817740516347506,5,21,True
2025-05-27,4200317,강릉아산병원.강릉약국,128.856152685967,37.816231407654854,328,35,True
2025-05-27,4200418,강릉아산병원.강릉약국,128.8564121349402,37.81631278949057,82,95,True
2025-05-27,4200612,강릉아이스아레나,128.89502259832767,37.78025795268572,16,1,True
2025-05-27,4200006,강릉아이스아레나,128.89519306784848,37.78029319605429,1,4,True
2025-05-27,4200094,강릉여고,128.90248424479844,37.75904463050879,223,117,True
2025-05-27,4201203,강릉여고정문,128.90560348975578,37.75872376948264,0,3,True
2025-05-27,4201202,강릉여고정문,128.90529773129947,37.759257611132256,7,3,True
2025-05-27,4200721,강릉역,128.8992580056024,37.76416330670135,622,187,True
2025-05-27,4200293,강릉역건너편,128.8990669694857,37.76400772021464,147,104,True
2025-05-27,4200624,강릉역공영주차장,128.89773544865136,37.76439168846434,1,2,True
2025-05-27,4200625,강릉역공영주차장,128.89784270199107,37.76437149155158,0,3,True
2025-05-27,4200319,강릉역육거리,128.90168116661832,37.76358515067785,1,6,True
2025-05-27,4200320,강릉역육거리,128.9015605860337,37.763796951176055,22,27,True
2025-05-27,4201022,강릉영동대학,128.8591288923703,37.74495955027462,1,37,True
2025-05-27,4201021,강릉영동대학,128.85922425091306,37.74487059276654,227,0,True
2025-05-27,4200850,강릉의료원,128.88880799404643,37.748819708567,29,22,True
2025-05-27,4200851,강릉의료원,128.89091430945297,37.74975576653371,30,55,True
2025-05-27,4200650,강릉자동차극장,128.89662514456037,37.69318993028765,,,False
2025-05-27,4200649,강릉자동차극장,128.89682798746503,37.69309290590324,2,0,True
2025-05-27,4200033,강릉전파관리소,128.83186726371997,37.85836861510729,,,False
2025-05-27,4200035,강릉전파관리소,128.83226068928573,37.85830420673383,,,False
2025-05-27,4200247,강릉제일고,128.8918779735197,37.759537356247826,39,39,True
2025-05-27,4200248,강릉제일고,128.89200478710157,37.759050283679514,69,25,True
2025-05-27,4200761,강릉중앙고,128.912160218414,37.75937561358479,4,2,True
2025-05-27,4200760,강릉중앙고,128.9128964493442,37.75959593531339,24,3,True
2025-05-27,4201197,강릉중입구,128.9042740269736,37.752586182446684,32,1,True
2025-05-27,4201196,강릉중입구,128.90469921141985,37.752586496675974,3,7,True
2025-05-27,4200321,강릉축산농협,128.9049229187372,37.76619229629584,4,11,True
2025-05-27,4201138,강릉통일공원,128.99659850067323,37.72434136600358,,,False
2025-05-27,4201137,강릉통일공원,128.99670944982654,37.7243539137021,0,1,True
2025-05-27,4209998,강문해변,128.91631032849583,37.79540813828357,11,8,True
2025-05-27,4200613,강문해변,128.91641678869786,37.79529298920251,29,44,True
2025-05-27,4201261,강문해변입구,128.9152492720649,37.794762154181576,12,68,True
2025-05-27,4201260,강문해변입구,128.91519487645675,37.79459950672752,72,5,True
2025-05-27,4200356,강원대학교,128.87391738137654,37.77033026766949,395,63,True
2025-05-27,4201041,강원대학교입구,128.87514521071003,37.77009542292022,21,4,True
2025-05-27,4201042,강원대학교입구,128.87494102107277,37.7696221436885,16,10,True
2025-05-27,4200085,강원대학교입구,128.874129341808,37.77078800232456,,,False
2025-05-27,4209996,강원대학교치과대학병원,128.86960214597158,37.764020747480245,,,False
2025-05-27,4209995,강원대학교치과대학병원,128.86959763767547,37.76381436688745,0,1,True
2025-05-27,4200086,강원대학교후문,128.8748802531449,37.77322772576275,0,17,True
2025-05-27,4200087,강원대학교후문,128.87498639848286,37.77315204059329,98,1,True
2025-05-27,4200059,강원도교육연수원,128.9180532877992,37.78499697853126,0,2,True
2025-05-27,4200100,강원도교육연수원,128.91813970318609,37.785074864473685,4,37,True
2025-05-27,4200205,강원도립대,128.82840415011668,37.87652579934979,156,23,True
2025-05-27,4200206,강원도립대,128.8283096996467,37.87693859362977,56,53,True
2025-05-27,4200836,강원예술고교,128.8616868324728,37.72543906074348,1,0,True
2025-05-27,4200837,강원예술고교,128.86150617422848,37.725488347649346,,,False
2025-05-27,4200081,강일여고정문,128.88831689919587,37.76415997041872,0,1,True
2025-05-27,4200082,강일여고정문,128.8875516595327,37.76393626119314,1,5,True
2025-05-27,4200840,강일운수(회산한신더휴아파트),128.8635961632995,37.73687831617277,67,1,True
2025-05-27,4200841,강일운수(회산한신더휴아파트),128.86326996430768,37.736857601908014,0,5,True
2025-05-27,4200834,개화대,128.8608572684192,37.723176690790936,4,0,True
2025-05-27,4200835,개화대,128.8607659459164,37.72312828112019,1,0,True
2025-05-27,4200899,검뎅이골위,128.78664108542844,37.649625029205744,,,False
2025-05-27,4200898,검뎅이골위,128.78655586032616,37.64966319680761,,,False
2025-05-27,4200522,게스트하우스거리,128.8339253329715,37.896167167389095,0,1,True
2025-05-27,4200531,게스트하우스거리,128.83380690814315,37.89613511363595,4,2,True
2025-05-27,4200103,경포고교,128.9190546436117,37.78057981084284,11,24,True
2025-05-27,4200288,경포고교,128.91881546540267,37.78075927662396,279,4,True
2025-05-27,4200073,경포대.참소리박물관,128.89723222843386,37.79547838966498,0,3,True
2025-05-27,4200072,경포대.참소리박물관,128.89706080745114,37.7955214111198,31,0,True
2025-05-27,4200077,경포동주민센터,128.88052383810168,37.78412865726848,1,0,True
2025-05-27,4200078,경포동주민센터,128.8806150484207,37.78405330055861,3,2,True
2025-05-27,4200061,경포중학교,128.90033514931517,37.74283267675838,,,False
2025-05-27,4200618,경포중학교,128.90069076576023,37.743138298255545,,,False
2025-05-27,4200080,경포초등학교,128.87893593974582,37.76974854746925,116,4,True
2025-05-27,4201242,경포해변,128.9052529004403,37.80440358093674,270,219,True
2025-05-27,4200323,경포해변,128.90582022350918,37.80466237027648,20,12,True
2025-05-27,4201420,경포해변(종점),128.9052815401602,37.80443707912235,,,False
2025-05-27,4200071,경포현대아파트,128.90335968993816,37.80120612421906,0,15,True
2025-05-27,4200070,경포현대아파트,128.90338270723402,37.80169652808461,47,0,True
2025-05-27,4201267,경포호,128.91154424859525,37.79966287216199,4,35,True
2025-05-27,4201266,경포호,128.91144337577538,37.79931158521169,34,8,True
2025-05-27,4200918,고단,128.84976344595395,37.5207024756447,,,False
2025-05-27,4201394,고단,128.84964328725079,37.520715172151846,,,False
2025-05-27,4201392,고단2.3리교차로,128.8353830314886,37.52461528706331,,,False
2025-05-27,4200917,고단2.3리교차로,128.8355935759617,37.52458832137048,1,0,True
2025-05-27,4200916,고단2.3리교차로,128.83542781016814,37.524465083382744,3,0,True
2025-05-27,4202165,고단3리,128.81638819970956,37.540155755487774,,,False
2025-05-27,4202166,고단3리,128.81639746865173,37.540229174022585,,,False
2025-05-27,4201396,고단경로당,128.83061361145448,37.52560229950637,,,False
2025-05-27,4201395,고단경로당,128.83055880947413,37.52554334571904,,,False
2025-05-27,4201390,고단보건소,128.84167794386417,37.52176894228016,,,False
2025-05-27,4201389,고단보건소,128.84161540861714,37.52185303156361,,,False
2025-05-27,4200115,고용센터,128.8890663454416,37.75714942132559,87,29,True
2025-05-27,4200114,고용센터,128.88893105798073,37.75744085258255,39,20,True
2025-05-27,4201113,곰두리연수원,129.04780833020064,37.667941690344094,,,False
2025-05-27,4201112,곰두리연수원,129.04789745395954,37.66792061520934,2,0,True
2025-05-27,4200153,공군부대앞,128.9401442605218,37.74622686326912,,,False
2025-05-27,4201061,공군부대앞,128.94003300356817,37.746317953634374,,,False
2025-05-27,4201186,공군부대입구,128.93000750087512,37.7400489172058,,,False
2025-05-27,4201187,공군부대입구,128.93007021980833,37.739837207659924,0,1,True
2025-05-27,4201062,공군부대후문,128.95917736919824,37.74910624884217,1,0,True
2025-05-27,4201209,공단,128.92205416940635,37.765196014305694,33,1,True
2025-05-27,4200191,공단,128.92224127533925,37.765245144772656,0,3,True
2025-05-27,4201025,공제마을,128.87156333276334,37.74608024312632,10,2,True
2025-05-27,4201026,공제마을,128.87155618347816,37.74635646052236,1,5,True
2025-05-27,4200379,과학교차로,128.85431089568786,37.79406859939951,,,False
2025-05-27,4200380,과학교차로,128.85488574683825,37.79412119394899,,,False
2025-05-27,4202174,관동중학교,128.88185544452548,37.756909416385795,,,False
2025-05-27,4202173,관동중학교,128.88157113042865,37.75688715011548,,,False
2025-05-27,4201228,관솔길,128.86971281684745,37.739544628947385,12,0,True
2025-05-27,4201229,관솔길,128.86962790539826,37.73951707468259,0,2,True
2025-05-27,4200860,관음1리,128.82994944568443,37.72835720885695,1,0,True
2025-05-27,4200863,관음1리,128.81811453963772,37.738720613334934,2,1,True
2025-05-27,4200861,관음1리노인회관,128.82663819526005,37.73031764277183,,,False
2025-05-27,4200569,교2동주민센터,128.8921038226677,37.76840335678918,81,44,True
2025-05-27,4202155,교동하늘채스카이파크,128.90139949657416,37.77044271657007,1,0,True
2025-05-27,4201221,교동하늘채스카이파크,128.90200271905258,37.770481553669924,4,2,True
2025-05-27,4200622,교동한신아파트,128.90061649844188,37.76762859683901,7,0,True
2025-05-27,4200623,교동한신아파트,128.90062829229592,37.76751299917391,2,1,True
2025-05-27,4200253,교보생명,128.89811415297848,37.756002485379526,2843,1564,True
2025-05-27,4201224,교통안전교육장,128.94081916548228,37.76277976059592,0,4,True
2025-05-27,4201225,교통안전교육장,128.94086858039023,37.762907619978066,12,0,True
2025-05-27,4200465,교항2리금용교,128.81051132966252,37.87794196218265,,,False
2025-05-27,4200464,교향2리금용교,128.81059960534566,37.877872107197874,2,0,True
2025-05-27,4200264,구)동해상사,128.91165113985977,37.76683747950902,145,11,True
2025-05-27,4200217,구라미,128.8421871924033,37.84071328241807,3,3,True
2025-05-27,4200216,구라미,128.84187680750063,37.84088026429458,17,0,True
2025-05-27,4200215,구라미휴게소,128.8412803433516,37.845869087009575,3,3,True
2025-05-27,4200312,구라미휴게소,128.84078612253998,37.84523742281921,8,0,True
2025-05-27,4200128,구름다리,128.87743298775584,37.764682397677966,367,25,True
2025-05-27,4200127,구름다리,128.87654770197503,37.764512872809554,32,90,True
2025-05-27,4200820,구정마을회관,128.87139646095704,37.71008533483099,2,2,True
2025-05-27,4200821,구정마을회관,128.87144937425245,37.71002947764621,13,0,True
2025-05-27,4200814,구정면사무소,128.88002787863965,37.71794143004597,3,2,True
2025-05-27,4200813,구정면사무소,128.87999133744066,37.71800809783438,0,2,True
2025-05-27,4200812,구정보건지소,128.88246310473926,37.72030864287925,3,0,True
2025-05-27,4201422,구정옥봉길,128.8928182495002,37.70145893549343,,,False
2025-05-27,4200811,구정자율방범대,128.88237819871995,37.72033853165244,,,False
2025-05-27,4200315,구터미널,128.8988430353628,37.76163002626936,60,30,True
2025-05-27,4200619,국립수산물품질관리원,128.82606517101954,37.891507384213114,64,9,True
2025-05-27,4200711,굴산사입구,128.88905996426578,37.70832144703753,,,False
2025-05-27,4200699,굴산사지,128.89328371501892,37.70698044216881,,,False
2025-05-27,4201251,궁궁동,128.7299683412454,37.880375202506656,0,1,True
2025-05-27,4200417,궁궁소,128.67164304000795,37.843611675479615,,,False
2025-05-27,4200681,금강사입구,128.90287627896166,37.72624677465358,,,False
2025-05-27,4200682,금강사입구,128.90297134006664,37.726211833119876,2,0,True
2025-05-27,4200628,금광1리마을회관,128.91600348378523,37.70952097409381,,,False
2025-05-27,4201385,금광1리마을회관,128.91594038830377,37.70955296171714,,,False
2025-05-27,4200667,금광교회입구,128.91743884657853,37.711688785639396,1,0,True
2025-05-27,4200668,금광교회입구,128.91734376603898,37.7117034048731,,,False
2025-05-27,4200635,금광리1반,128.9143131847074,37.70220671426674,4,2,True
2025-05-27,4200636,금광리1반,128.91440542620646,37.702215446502585,,,False
2025-05-27,4200672,금광리성황당,128.91735327783445,37.717909805835454,,,False
2025-05-27,4200671,금광리성황당,128.9174498206258,37.717903115802514,3,0,True
2025-05-27,4200665,금광삼거리,128.91515459286336,37.70904726058568,4,0,True
2025-05-27,4200666,금광삼거리,128.91521668110562,37.70911511431863,,,False
2025-05-27,4200632,금광정미소,128.9154068776427,37.70823176641904,,,False
2025-05-27,4200631,금광정미소,128.91530343519958,37.70823344476309,0,3,True
2025-05-27,4201018,금산,128.85573010993187,37.74018242418162,,,False
2025-05-27,4201017,금산,128.8558273611666,37.7401726731367,1,0,True
2025-05-27,4200858,금산1리경로당,128.83882591103156,37.7302092460205,,,False
2025-05-27,4201014,금산2리,128.8489374376084,37.736639355017815,4,6,True
2025-05-27,4201013,금산2리,128.84906667066036,37.736625360708075,19,0,True
2025-05-27,4201012,금산남밭,128.8447607772083,37.73146258389618,0,1,True
2025-05-27,4200862,금산남밭,128.84482898011785,37.73142005932311,4,2,True
2025-05-27,4201020,금산입구,128.8576797637003,37.74318792289404,0,1,True
2025-05-27,4201019,금산입구,128.85784327525297,37.7432987440744,26,0,True
2025-05-27,4201016,금산장수마을,128.85163955991283,37.738245657769,0,2,True
2025-05-27,4201015,금산장수마을,128.85168575797542,37.73818340581975,1,0,True
2025-05-27,4201344,금진2리마을회관,129.0433695932886,37.64179516691084,0,1,True
2025-05-27,4201345,금진2리마을회관,129.04327917048357,37.641779891088895,2,0,True
2025-05-27,4201342,금진초교,129.04347549729948,37.63336468757593,,,False
2025-05-27,4201343,금진초교,129.04343902328037,37.63345845978064,1,0,True
2025-05-27,4201108,금진항,129.05240741359285,37.652884325935844,3,0,True
2025-05-27,4201109,금진항,129.05231089842698,37.65294332211634,0,1,True
2025-05-27,4201347,금진해변,129.04374932629693,37.63904067736818,,,False
2025-05-27,4201348,금진해변,129.04365646301486,37.63903832962265,3,0,True
2025-05-27,4201107,금진해양파출소,129.04894882127985,37.652089382747484,,,False
2025-05-27,4200017,금진해양파출소,129.04913775965355,37.65213019488429,1,1,True
2025-05-27,4201053,금호어울림,128.9156520837289,37.754995794611034,39,1,True
2025-05-27,4201054,금호어울림,128.91590296498018,37.75518531900659,0,8,True
2025-05-27,4200025,금호어울림정문,128.9194883208178,37.754726898441014,,,False
2025-05-27,4200751,금호어울림정문,128.91957971290998,37.754473371718376,10,2,True
2025-05-27,4200988,기도원삼거리,128.7947703606971,37.75829009149865,1,0,True
2025-05-27,4200989,기도원삼거리,128.79494112774387,37.75822759306287,,,False
2025-05-27,4200801,기산아파트,128.8795888615329,37.73406712685544,1,0,True
2025-05-27,4200802,기산아파트,128.87993356966643,37.73422591779592,2,0,True
2025-05-27,4201371,기스목이골,128.9690415480403,37.6284779460996,1,0,True
2025-05-27,4200024,까치골,129.02541919838254,37.69553819595472,0,1,True
2025-05-27,4201185,까치골,129.02590617324884,37.695440046965246,,,False
2025-05-27,4201351,낙풍1리경로당,129.0340430096228,37.620207611399294,,,False
2025-05-27,4201350,낙풍1리경로당,129.034020875236,37.62025949844816,,,False
2025-05-27,4201339,낙풍교,129.03403331310147,37.625467245037875,,,False
2025-05-27,4201340,낙풍교,129.03370052447866,37.6252600803972,1,0,True
2025-05-27,4201095,낙풍리입구,129.03490564391961,37.623384805058976,7,2,True
2025-05-27,4201094,낙풍리입구,129.03474260887603,37.62332181243499,,,False
2025-05-27,4200654,남강릉IC입구,128.9004512852528,37.70007553036854,,,False
2025-05-27,4200653,남강릉IC입구,128.90059387366637,37.69980820493369,3,0,True
2025-05-27,4200049,남강초교,128.91338089940805,37.76735161096919,34,65,True
2025-05-27,4201198,남대천.강릉교,128.9010015999516,37.75454267936518,48,250,True
2025-05-27,4201199,남대천.강릉교,128.9010687000649,37.75417893755025,534,49,True
2025-05-27,4200021,남밭,128.84058789182106,37.72883964188799,,,False
2025-05-27,4201379,남밭,128.84064951853864,37.72871037302059,7,0,True
2025-05-27,4200873,남밭,128.8415299784495,37.72906449025603,,,False
2025-05-27,4201011,남밭,128.84079334848028,37.72889804215958,1,4,True
2025-05-27,4202167,남부노인종합복지관,128.91383118471262,37.752564379737024,,,False
2025-05-27,4202168,남부노인종합복지관,128.91401073487134,37.753047049518,,,False
2025-05-27,4200781,남산삼익아파트,128.8901808969545,37.74229155338584,6,0,True
2025-05-27,4200782,남산삼익아파트,128.89009058765018,37.74235973416757,0,1,True
2025-05-27,4200798,남산입구,128.8920065213286,37.747695999509396,,,False
2025-05-27,4200783,남산초교,128.8913405517673,37.744206285908824,20,0,True
2025-05-27,4200784,남산초교,128.89124028586525,37.74425071826271,0,4,True
2025-05-27,4200785,남산현대아파트,128.89462531897348,37.74186237968639,17,0,True
2025-05-27,4200786,남산현대아파트,128.89442793639103,37.74202687203957,0,1,True
2025-05-27,4201289,남양1리경로당,129.03162816015924,37.582429974327795,1,0,True
2025-05-27,4201288,남양1리경로당,129.03154436503664,37.58248287177823,,,False
2025-05-27,4201296,남양2리경로당,129.012950139964,37.56658372788056,2,0,True
2025-05-27,4201295,남양2리교,129.01486079643942,37.57192160373686,1,0,True
2025-05-27,4201294,남양2리교,129.01479874463647,37.571994595503725,,,False
2025-05-27,4200738,남양3리마을회관,129.03540040998968,37.59157285051617,,,False
2025-05-27,4201283,남양3리입구,129.03313884463265,37.593033115433954,,,False
2025-05-27,4201287,남양리옛경로당,129.03508624074675,37.582691373708194,,,False
2025-05-27,4200596,남양보건진료소,129.030003520806,37.581216311095346,,,False
2025-05-27,4200597,남양보건진료소,129.02994555182676,37.58125941742724,,,False
2025-05-27,4200741,남항진,128.95055410190812,37.76391565217945,0,1,True
2025-05-27,4200740,남항진,128.95041066307658,37.76404538789595,9,0,True
2025-05-27,4200739,남항진해변,128.95440005417075,37.764111085296946,65,13,True
2025-05-27,4200655,내곡과수원,128.901945977448,37.70187078093137,,,False
2025-05-27,4200656,내곡과수원,128.9017164423086,37.70199871134109,,,False
2025-05-27,4200066,내곡교,128.88659128664105,37.74625364038564,8,7,True
2025-05-27,4200001,내곡교,128.88717490623026,37.74653766880734,19,35,True
2025-05-27,4200357,내곡교,128.88814500034871,37.745625057468914,78,10,True
2025-05-27,4200800,내곡동주민센터,128.88065784045662,37.7384607745783,,,False
2025-05-27,4200799,내곡동주민센터,128.88038166245803,37.73840220332427,0,3,True
2025-05-27,4200366,내곡한라아파트,128.88110089995297,37.74513149140333,4,8,True
2025-05-27,4201208,내곡한라아파트,128.88109989979574,37.744994216797494,50,0,True
2025-05-27,4200848,내곡현대아파트,128.8834148503297,37.74546973753321,24,5,True
2025-05-27,4200849,내곡현대아파트,128.88327994384045,37.74557191636756,5,12,True
2025-05-27,4201286,너구리골,129.0453774808948,37.58278119535933,1,0,True
2025-05-27,4201381,너다리,128.85390220166778,37.83022805772032,,,False
2025-05-27,4200154,너다리,128.85384039907868,37.83030516388511,,,False
2025-05-27,4200147,노동3리,128.82566919932256,37.79922359821094,3,0,True
2025-05-27,4200148,노동3리,128.8256207085255,37.79927586550659,,,False
2025-05-27,4200149,노동리,128.82874179258144,37.80069747027654,4,0,True
2025-05-27,4200150,노동리,128.82882389300474,37.80095549884616,,,False
2025-05-27,4201416,노동상리경로당,128.8298366569875,37.803466498207534,1,0,True
2025-05-27,4201415,노동상리경로당,128.82974913139455,37.80349598363215,,,False
2025-05-27,4200161,노동하리.우리정미소,128.8414822247496,37.82225221697478,1,0,True
2025-05-27,4200162,노동하리.우리정미소,128.84138542146533,37.82227295047229,0,1,True
2025-05-27,4200159,노동회관,128.83796621765993,37.818138280477356,8,0,True
2025-05-27,4200160,노동회관,128.8379192525419,37.818202495776156,0,3,True
2025-05-27,4200773,노암대림아파트,128.89670020630172,37.7443968332287,18,0,True
2025-05-27,4200772,노암대림아파트,128.8964957795506,37.74447513098166,0,4,True
2025-05-27,4200790,노암한라아파트,128.9030338994368,37.744009473539954,13,0,True
2025-05-27,4201195,노암현대아파트,128.9064519321124,37.750397397899654,1,4,True
2025-05-27,4200756,녹원아파트,128.9163613451306,37.7599236396456,0,12,True
2025-05-27,4200156,농업기술센터,128.83374479432362,37.810623749433574,,,False
2025-05-27,4200155,농업기술센터,128.8338261188764,37.81060324304077,1,0,True
2025-05-27,4201105,농협주유소,129.03818611643504,37.61343914150935,,,False
2025-05-27,4200803,농협창고,128.87887127233301,37.73227146178355,,,False
2025-05-27,4200804,농협창고,128.87906447230628,37.732212820532425,2,0,True
2025-05-27,4201352,다리목,129.03192147742433,37.6205042855377,,,False
2025-05-27,4201353,다리목,129.03198761433356,37.62043300135372,,,False
2025-05-27,4200768,단오문화관,128.8967729024353,37.7481043414214,1,5,True
2025-05-27,4200901,닭목골,128.78595382346253,37.64781596633364,,,False
2025-05-27,4200900,닭목골,128.78583483882048,37.64776835827971,2,0,True
2025-05-27,4200687,담산1리,128.90238189653846,37.71752043471821,,,False
2025-05-27,4200689,담산2리,128.90107050248153,37.7152173518283,,,False
2025-05-27,4200693,대경상사앞,128.89804496237466,37.71104193868198,,,False
2025-05-27,4200968,대관령박물관,128.80478202234156,37.716950876906495,,,False
2025-05-27,4200967,대관령박물관,128.80456089771366,37.71714451138875,0,3,True
2025-05-27,4201414,대굴령목공소,128.7963265827597,37.72854223767263,,,False
2025-05-27,4200991,대궁산장,128.7956519785838,37.75672773187815,,,False
2025-05-27,4200990,대궁산장,128.7955529097602,37.75668446239291,1,0,True
2025-05-27,4200913,대기1리경로당,128.79579724292137,37.56561101591886,2,0,True
2025-05-27,4200912,대기1리경로당,128.79557170937235,37.565622156510386,,,False
2025-05-27,4200764,대목아파트,128.91036775859212,37.7552461618319,11,14,True
2025-05-27,4200707,대성사입구,128.88866018338805,37.699701320397004,,,False
2025-05-27,4200708,대성사입구,128.88799509811798,37.70047298433208,,,False
2025-05-27,4201279,더글로리촬영지,128.82911039533775,37.904460082879105,10,2,True
2025-05-27,4201280,더글로리촬영지,128.82924239568416,37.90441068117994,0,2,True
2025-05-27,4201056,더샵아파트,128.91218064135074,37.749852342787776,,,False
2025-05-27,4201055,더샵아파트,128.91179177957773,37.7496554344983,,,False
2025-05-27,4201192,더샵아파트후문,128.90917534552304,37.74798409080578,14,4,True
2025-05-27,4200385,덕실리,128.83425245451167,37.806566789081664,2,2,True
2025-05-27,4200883,덕중상사입구,128.84174479743382,37.70242273367911,,,False
2025-05-27,4200882,덕중상사입구,128.8418138875879,37.70249050751822,1,0,True
2025-05-27,4200512,덕현리,128.92611817321585,37.705859421056175,2,0,True
2025-05-27,4200513,덕현리,128.92602088648235,37.70591024035886,1,0,True
2025-05-27,4201170,덕현리마을회관,128.92969308316043,37.71031249336467,,,False
2025-05-27,4201169,덕현리마을회관,128.92976451553793,37.71025688950383,2,0,True
2025-05-27,4201172,덕현리입구,128.9336781922055,37.71393030895838,,,False
2025-05-27,4201171,덕현리입구,128.93375842948848,37.71390020089169,2,0,True
2025-05-27,4201273,도깨비촬영지,128.83285849096714,37.88049253785593,18,5,True
2025-05-27,4201274,도깨비촬영지,128.83366615521564,37.879702674494396,5,7,True
2025-05-27,4200953,도마1리경로당,128.83580313705878,37.675863266048,2,0,True
2025-05-27,4200954,도마1리경로당,128.83571199204746,37.67583487527786,,,False
2025-05-27,4202142,도직리,129.067789814241,37.60871993490825,,,False
2025-05-27,4202152,도직리,129.06871069327684,37.60826859797961,,,False
2025-05-27,4200911,도화목이,128.79899268103495,37.57580683121861,1,0,True
2025-05-27,4200910,도화목이,128.79876118261876,37.575812376849754,,,False
2025-05-27,4201184,독송마을회관,128.93632837845826,37.737443377869745,1,1,True
2025-05-27,4201183,독송마을회관,128.93638737959347,37.73749824702616,6,0,True
2025-05-27,4200593,동광주유소,128.988869023967,37.71446203608272,,,False
2025-05-27,4200592,동광주유소,128.98895762865502,37.71450646675624,2,0,True
2025-05-27,4201157,동그린,128.96124692830767,37.71693200282111,1,1,True
2025-05-27,4201156,동그린,128.96116060941432,37.71694910240202,,,False
2025-05-27,4200260,동남아파트,128.9088062489658,37.764638779656714,84,147,True
2025-05-27,4200322,동도센트리움,128.90456486009336,37.76619195310031,61,10,True
2025-05-27,4200104,동명중학교,128.91637238303827,37.777185998905715,77,2,True
2025-05-27,4200105,동명중학교,128.9161008666347,37.77658681943468,31,22,True
2025-05-27,4200970,동물사랑센터,128.8298483336448,37.69899913101563,1,0,True
2025-05-27,4200934,동물사랑센터,128.8296897075576,37.69907525653717,,,False
2025-05-27,4200011,동부아파트,128.9151327017873,37.78401368458876,121,0,True
2025-05-27,4200545,동산교,129.03188210282585,37.596478436012994,1,0,True
2025-05-27,4201180,동양석재,128.95027125993667,37.731215731549426,1,0,True
2025-05-27,4201179,동양석재,128.9503404370837,37.730986647751536,0,1,True
2025-05-27,4200342,동양시멘트입구,128.80418115038393,37.85051141718022,,,False
2025-05-27,4200343,동양시멘트입구,128.80439889049126,37.850687991240484,0,1,True
2025-05-27,4200109,동인병원입구,128.9094857690125,37.77102450992961,19,57,True
2025-05-27,4200108,동인병원입구,128.90953558421478,37.77125258486367,161,19,True
2025-05-27,4201426,동해식품,128.89855245250976,37.72443751894129,,,False
2025-05-27,4200950,둔지마을,128.8402142080388,37.66721532951788,0,2,True
2025-05-27,4200949,둔지마을,128.84032622893565,37.667211942204936,1,0,True
2025-05-27,4200944,들꽃마을,128.85442858144177,37.65082634282393,0,2,True
2025-05-27,4200943,들꽃마을,128.85452027887206,37.65078274958405,1,0,True
2025-05-27,4200831,등고비,128.8616371241439,37.71615919045265,,,False
2025-05-27,4200830,등고비,128.86171284130654,37.716127363746615,,,False
2025-05-27,4201134,등명락가사,129.0099873440744,37.71142599542753,0,1,True
2025-05-27,4201133,등명락가사,129.01030860073715,37.71121753055649,9,1,True
2025-05-27,4201129,등명해변,129.01625265982383,37.701980786481954,0,1,True
2025-05-27,4201130,등명해변,129.015876711037,37.70233040602598,6,0,True
2025-05-27,4200736,똑갑재,128.9084947975427,37.742997829596284,0,1,True
2025-05-27,4200735,똑갑재,128.9083233266339,37.74372779918021,1,0,True
2025-05-27,4200262,로얄아파트.포남1동주민센터,128.90933288179943,37.76545703763149,272,30,True
2025-05-27,4201010,롯데물류센터,128.83446803238593,37.72201867130479,0,1,True
2025-05-27,4201380,롯데물류센터,128.83451710426255,37.72199688820527,1,0,True
2025-05-27,4202154,롯데캐슬시그니처,128.88177646219214,37.761744282876045,7,3,True
2025-05-27,4202157,롯데캐슬시그니처,128.88150991460472,37.76169156053964,1,1,True
2025-05-27,4200042,롯데캐슬아파트,128.89120929799194,37.766948306391974,175,42,True
2025-05-27,4201037,말나눔터공원,128.8946789617544,37.758644529934365,3,2,True
2025-05-27,4200538,망월이마을,128.792107212951,37.72942872713486,,,False
2025-05-27,4200524,망월이마을,128.7922011149757,37.729439560975074,,,False
2025-05-27,4200626,명륜고교후문,128.8957168427019,37.761692970005,,,False
2025-05-27,4200627,명륜고교후문,128.8959116900896,37.761745147071196,1,2,True
2025-05-27,4200220,모래내행복센터,128.84888855200666,37.82654759560158,75,28,True
2025-05-27,4200221,모래내행복센터,128.84881781800846,37.82675602435266,28,15,True
2025-05-27,4201121,모래시계공원,129.03719508337943,37.68592446993947,34,14,True
2025-05-27,4201122,모래시계공원,129.0380673722024,37.685653946463454,,,False
2025-05-27,4200728,모산초교,128.90028293302265,37.73143070810136,0,1,True
2025-05-27,4200727,모산초교,128.90037137412145,37.73145457144734,5,0,True
2025-05-27,4201254,모안이서낭당,128.90286872766467,37.783490145093076,0,15,True
2025-05-27,4201255,모안이서낭당,128.90266311761613,37.78356022910187,4,1,True
2025-05-27,4201155,모전1리,128.96150382823714,37.719819173700856,2,0,True
2025-05-27,4201154,모전1리,128.96141013771185,37.71981098253356,1,1,True
2025-05-27,4201159,모전리,128.95776740747448,37.71232268018703,,,False
2025-05-27,4201158,모전리,128.95769412799663,37.712385507146145,,,False
2025-05-27,4200031,모전리.돌평,128.95074649026657,37.70985195102544,4,0,True
2025-05-27,4201162,모전리.돌평,128.95076445202812,37.70977883566453,1,0,True
2025-05-27,4201073,모전삼거리,128.96506056244797,37.72569325398637,12,0,True
2025-05-27,4201072,모전삼거리,128.96457294836412,37.72564861436484,3,1,True
2025-05-27,4200941,목계리,128.8539720247843,37.64675613253988,,,False
2025-05-27,4200937,목계리경로당,128.85926935902992,37.63755434898131,0,1,True
2025-05-27,4200938,목계리경로당,128.85882831535346,37.63808751377066,1,0,True
2025-05-27,4200935,목계마을회관,128.8591158870725,37.63273899723025,7,0,True
2025-05-27,4200936,목계마을회관,128.8589875953329,37.632647124497325,1,3,True
2025-05-27,4201358,몽탕골,129.01871214696766,37.61920866828569,,,False
2025-05-27,4201359,몽탕골,129.01872766257262,37.61915302416518,1,0,True
2025-05-27,4200979,무시골,128.79407884048865,37.737843607578455,,,False
2025-05-27,4200980,무시골,128.79415740714765,37.73788769905595,1,0,True
2025-05-27,4200895,무위사입구,128.79048797979135,37.65800841053956,1,0,True
2025-05-27,4200894,무위사입구,128.7904596075833,37.65806985505733,,,False
2025-05-27,4200088,문성고등학교,128.8747975765768,37.776789915738114,71,1,True
2025-05-27,4200089,문성고등학교,128.87460137001867,37.776791669303456,3,14,True
2025-05-27,4201191,문암정,128.91520371371126,37.744240782298405,2,0,True
2025-05-27,4201190,문암정,128.91570481769043,37.74371491111339,1,0,True
2025-05-27,4200810,문화마을,128.88042620487306,37.72295333667196,2,0,True
2025-05-27,4200809,문화마을,128.88033505218718,37.72293252489115,2,0,True
2025-05-27,4200384,미노리,128.86484857598091,37.82971678699962,1,0,True
2025-05-27,4200388,미노마을입구,128.86381568177012,37.83417468045317,,,False
2025-05-27,4200543,미디어촌5단지,128.86758571434657,37.753701754139904,253,55,True
2025-05-27,4200621,미라보아파트,128.90255177945858,37.769019304198096,,,False
2025-05-27,4200620,미라보아파트,128.902500537792,37.76907532540921,4,1,True
2025-05-27,4200676,박월동마을회관,128.9141099667606,37.7303231623845,0,2,True
2025-05-27,4200675,박월동마을회관,128.91430313467623,37.73038001057271,7,0,True
2025-05-27,4200745,반쟁이,128.93382070402052,37.76052490759301,0,3,True
2025-05-27,4201092,밤재휴게소,129.01588441130582,37.643605803090345,,,False
2025-05-27,4201093,밤재휴게소,129.01598617822128,37.64361623880892,,,False
2025-05-27,4200226,방골마을입구,128.8558844116181,37.81329996910386,7,15,True
2025-05-27,4200069,방골마을입구,128.85540756146614,37.81366779247799,24,1,True
2025-05-27,4200137,방축거리,128.88360346383243,37.77333257715457,2,6,True
2025-05-27,4200136,방축거리,128.88380882582484,37.773889373429355,2,1,True
2025-05-27,4200940,방터골입구,128.8542224426066,37.642387639932174,,,False
2025-05-27,4200939,방터골입구,128.8543538779494,37.64239089992679,2,0,True
2025-05-27,4200519,방학골,128.82351587730795,37.90381462090833,11,0,True
2025-05-27,4200521,방학골,128.82291244813646,37.90463362511824,0,13,True
2025-05-27,4200945,백운암입구,128.8503640197509,37.65589468864246,,,False
2025-05-27,4200946,백운암입구,128.8502357538194,37.655869833853565,,,False
2025-05-27,4201153,버당말,128.96287505180277,37.72274811896261,2,0,True
2025-05-27,4201152,버당말,128.96277963489464,37.72278384606697,1,0,True
2025-05-27,4201290,버들골,129.02605567209912,37.579297897903295,,,False
2025-05-27,4201291,버들골,129.02611729989363,37.57922947953465,1,0,True
2025-05-27,4200336,버들교,128.77473855753414,37.850247080571705,,,False
2025-05-27,4200673,버들교,128.91800220365803,37.72225137691791,6,0,True
2025-05-27,4200335,버들교,128.77324803807656,37.850410055201316,,,False
2025-05-27,4200674,버들교,128.9179091300679,37.722227707735385,0,1,True
2025-05-27,4200904,벌말,128.77753093157395,37.586312333418526,,,False
2025-05-27,4200235,법원.검찰청,128.8739503928752,37.785042447818554,14,18,True
2025-05-27,4200234,법원.검찰청,128.87342400102995,37.78526073982707,66,12,True
2025-05-27,4201067,벽산블루밍아파트,128.82413067836563,37.88870981452805,,,False
2025-05-27,4201193,병무청,128.90845061267927,37.74811821805219,9,4,True
2025-05-27,4201194,병무청,128.90730907557136,37.749719639382455,8,1,True
2025-05-27,4200361,보건소,128.8822115594926,37.743635964592464,3,52,True
2025-05-27,4200065,보건소,128.8829859719751,37.74393637256719,129,1,True
2025-05-27,4200580,보건진료소,128.97335780368653,37.6877997329295,,,False
2025-05-27,4200581,보건진료소,128.97326166656484,37.6877802990832,,,False
2025-05-27,4200541,보광리,128.7969029719891,37.73733219171309,,,False
2025-05-27,4200540,보광리,128.79683168120394,37.73726419118738,,,False
2025-05-27,4200965,보광리입구,128.81696481575804,37.72096716251408,2,0,True
2025-05-27,4201003,보광리입구,128.81690957708614,37.721147642825436,0,1,True
2025-05-27,4201235,보광리체험학습장,128.80754877575424,37.738056785776784,,,False
2025-05-27,4200977,보광리체험학습장,128.80793365498167,37.73787511002778,6,0,True
2025-05-27,4200998,보광리체험학습장,128.8076688924087,37.73819161617253,,,False
2025-05-27,4200986,보광보건진료소,128.80534439890508,37.738079523472834,,,False
2025-05-27,4200985,보광보건진료소,128.8054363627245,37.73800718407803,1,0,True
2025-05-27,4200995,보광본동,128.79947706651464,37.746310402073284,,,False
2025-05-27,4200994,보광본동,128.79938186856992,37.746227466734425,8,0,True
2025-05-27,4200983,보광평,128.8024466454297,37.73817584117786,1,0,True
2025-05-27,4200984,보광평,128.8025237456016,37.73822613746055,,,False
2025-05-27,4200730,보리사입구,128.89777570598176,37.73631225974452,,,False
2025-05-27,4200729,보리사입구,128.89785144363964,37.73626831506908,1,0,True
2025-05-27,4200186,보성연립,128.82551362915504,37.901974724913615,15,0,True
2025-05-27,4200298,보성연립,128.82558444232305,37.90204313561504,0,10,True
2025-05-27,4200301,보현사입구주차장,128.78312046358457,37.738359845157134,,,False
2025-05-27,4200014,보현사종점,128.79263641819853,37.73803701177597,1,0,True
2025-05-27,4200978,보현사종점,128.7926653824033,37.738105478358804,,,False
2025-05-27,4202161,부귀터,128.77935529659743,37.83384969713505,,,False
2025-05-27,4202162,부귀터,128.7794599312011,37.83385966124151,2,0,True
2025-05-27,4200410,부연동입구,128.6565982881532,37.84023340079426,1,0,True
2025-05-27,4200411,부연동입구,128.65649150006797,37.84037999546802,0,1,True
2025-05-27,4200134,부영2차아파트,128.88281079370944,37.77016072015751,117,35,True
2025-05-27,4200135,부영2차아파트,128.8825125758686,37.77002923948558,27,8,True
2025-05-27,4200792,부흥마을,128.90633218029933,37.74678151751788,3,0,True
2025-05-27,4200791,부흥마을,128.90637359052232,37.746896583401664,1,1,True
2025-05-27,4200261,북강릉IC,128.84425534198513,37.83689529134246,0,4,True
2025-05-27,4201374,북동리종점,128.97206281726505,37.61168685078856,2,0,True
2025-05-27,4201365,북동리회관,128.9920439010217,37.61732896340916,,,False
2025-05-27,4201364,북동리회관,128.99203781944024,37.61727491738219,3,0,True
2025-05-27,4200224,북부노인대학,128.85070066292354,37.820164105652225,7,1,True
2025-05-27,4200225,북부노인대학,128.85083641112433,37.82016343083045,9,17,True
2025-05-27,4200207,북부노인종합복지관,128.83062989490628,37.8743072338123,117,47,True
2025-05-27,4200208,북부노인종합복지관,128.83042321750824,37.874681277863154,93,52,True
2025-05-27,4200192,북부지구대,128.829270567591,37.89460960314925,9,44,True
2025-05-27,4200193,북부지구대,128.82860680406648,37.894535177399845,89,11,True
2025-05-27,4201075,분수동,129.02442625222523,37.68416226671518,6,3,True
2025-05-27,4201074,분수동,129.02438633004448,37.68420512704344,,,False
2025-05-27,4201323,비상거리,128.96147017456914,37.57419041505788,1,0,True
2025-05-27,4201322,비상거리,128.96170555823903,37.574443710141345,,,False
2025-05-27,4200277,비치소라아파트,128.93435177478304,37.77578862012879,2,21,True
2025-05-27,4200434,사근진해변,128.898597450209,37.812322584245415,3,6,True
2025-05-27,4200435,사근진해변,128.89766129562162,37.81294729745145,16,5,True
2025-05-27,4200140,사기막,128.80639533289897,37.79268220157816,2,0,True
2025-05-27,4201231,사기막리,128.81838250417627,37.7939296154463,3,0,True
2025-05-27,4201230,사기막리,128.8183214702477,37.793964034615996,,,False
2025-05-27,4200142,사기막마을회관,128.8109379000351,37.79306001321451,,,False
2025-05-27,4200141,사기막마을회관,128.81090286737634,37.79301923903732,2,0,True
2025-05-27,4200919,사반,128.8467909201167,37.5342056043505,2,0,True
2025-05-27,4200920,사반,128.84669362641395,37.534157761808984,,,False
2025-05-27,4200714,사이말교,128.88798046545247,37.71196552544221,4,0,True
2025-05-27,4200713,사이말교,128.88807348333134,37.711972121452696,,,False
2025-05-27,4200924,사이소재길,128.8475369146747,37.557798436516386,,,False
2025-05-27,4200923,사이소재길,128.8476417163746,37.55780194237984,,,False
2025-05-27,4200223,사천면사무소,128.84914337332015,37.8229406699122,82,20,True
2025-05-27,4200222,사천면사무소,128.84928192865996,37.82385848393331,43,50,True
2025-05-27,4200449,사천물회거리,128.8755979856823,37.838072593350674,15,1,True
2025-05-27,4200447,사천물회거리,128.8757309061334,37.83810545841113,16,11,True
2025-05-27,4202163,사천보헤미안커피,128.86756687053622,37.84672399113912,,,False
2025-05-27,4202164,사천보헤미안커피,128.8676784641814,37.846752776517754,,,False
2025-05-27,4200294,사천중학교,128.84663312060465,37.82670813694838,,,False
2025-05-27,4200165,사천중학교,128.84662013233944,37.82677848556301,,,False
2025-05-27,4201238,사천진리,128.87339689589916,37.83812340174815,9,3,True
2025-05-27,4202159,사천진바위섬,128.87633882234948,37.84060226740597,3,0,True
2025-05-27,4202160,사천진바위섬,128.8764473285357,37.8406481132808,,,False
2025-05-27,4209999,사천진해변,128.87344886491002,37.842977470664934,1,0,True
2025-05-27,4201268,사천진해변,128.87339749147367,37.84293833117085,4,0,True
2025-05-27,4200444,사천캠핑장,128.87516834469744,37.831731302711255,,,False
2025-05-27,4200445,사천캠핑장,128.8750445298634,37.831686225915426,4,0,True
2025-05-27,4200442,사천해변,128.87869491904522,37.828713817312966,1,1,True
2025-05-27,4200443,사천해변,128.87827311977188,37.82882341864164,8,0,True
2025-05-27,4201321,산계2리,128.97229539203417,37.57962245004452,,,False
2025-05-27,4201320,산계2리,128.97246971139714,37.57976114585706,,,False
2025-05-27,4201328,산계리종점,128.9460355736469,37.57495852194761,2,1,True
2025-05-27,4200440,산대월리.순포,128.88547702493108,37.822903011074914,2,2,True
2025-05-27,4200441,산대월리.순포,128.88527417343033,37.822868850849,0,1,True
2025-05-27,4200383,산대월리마을회관,128.8709163724858,37.815914215160845,,,False
2025-05-27,4200594,산두골,128.9840168065266,37.71859873395223,6,0,True
2025-05-27,4200595,산두골,128.98401664518687,37.71851617972176,0,1,True
2025-05-27,4200179,산림조합,128.81641190280698,37.85471554225067,2,0,True
2025-05-27,4200295,산림조합,128.81634583702206,37.85478178935546,0,1,True
2025-05-27,4200877,산북,128.84586150037325,37.704935503831294,1,0,True
2025-05-27,4200875,산북2리경로당,128.83409128779982,37.71149810424752,,,False
2025-05-27,4200876,산북2리경로당,128.83404425902265,37.71143075108243,,,False
2025-05-27,4201060,산성우1리,129.0046545324227,37.68347462505554,6,0,True
2025-05-27,4201084,산성우2리,129.01725588482054,37.67160656267303,,,False
2025-05-27,4201085,산성우2리,129.01735333412336,37.671618793132126,,,False
2025-05-27,4201083,산성우2리마을회관,129.02279471216545,37.67820045840464,,,False
2025-05-27,4201082,산성우2리마을회관,129.02269902654416,37.678299838704675,,,False
2025-05-27,4201031,삼개사입구,128.88695285563512,37.7503693771254,24,11,True
2025-05-27,4201032,삼개사입구,128.88684645443755,37.75026780562399,3,12,True
2025-05-27,4200867,삼거리,128.83456155956415,37.745154825533675,,,False
2025-05-27,4200866,삼거리,128.8345942629299,37.74509162495973,1,0,True
2025-05-27,4200455,삼교리종점,128.74996246309584,37.87971842334567,4,0,True
2025-05-27,4200456,삼교리종점,128.7500022864006,37.879776675728266,1,0,True
2025-05-27,4201370,삼밭골,128.97299626468876,37.625881433054694,1,0,True
2025-05-27,4201369,삼밭골,128.97299344360636,37.62595039665499,,,False
2025-05-27,4200514,삼산,128.69251552941094,37.84710607104921,,,False
2025-05-27,4200516,삼산,128.6925944995912,37.847189566163216,,,False
2025-05-27,4200170,삼산1리,128.70464319375566,37.845506729172776,1,0,True
2025-05-27,4200171,삼산1리,128.7047914618132,37.84575283130434,,,False
2025-05-27,4200324,삼산1리마을회관,128.7032068078098,37.84670520300259,,,False
2025-05-27,4200325,삼산1리마을회관,128.7039248000704,37.84665394357494,,,False
2025-05-27,4200408,삼산4리,128.65358585892187,37.836375046564235,,,False
2025-05-27,4200409,삼산4리,128.65339766055644,37.8363605430016,,,False
2025-05-27,4200426,삼산보건진료소,128.69992094735875,37.846599335592536,6,0,True
2025-05-27,4200427,삼산보건진료소,128.6999017867484,37.84667116560819,0,3,True
2025-05-27,4200328,삼산분소,128.72806310762525,37.8484167632985,0,1,True
2025-05-27,4201411,삼성디지털센터,128.89671612387085,37.758421567843364,,,False
2025-05-27,4200365,삼성디지털센터,128.8966989039856,37.75811194350719,44,37,True
2025-05-27,4200987,삼왕,128.79442364222726,37.75959705206606,1,1,True
2025-05-27,4200267,삼우은성아파트,128.91973659122027,37.77025900516923,29,58,True
2025-05-27,4200268,삼우은성아파트,128.91881978171756,37.77007704319862,204,11,True
2025-05-27,4200054,삼익아파트,128.93336344346523,37.7794509217129,2,33,True
2025-05-27,4200358,삼창그린맨션,128.88749893563826,37.744743384730015,21,4,True
2025-05-27,4200310,삼천리아파트,128.8379309322555,37.8689470039461,176,53,True
2025-05-27,4200211,삼천리아파트,128.8383288212433,37.86906384505761,174,62,True
2025-05-27,4200732,삼흥사,128.901198738292,37.739798973918525,1,3,True
2025-05-27,4200731,삼흥사,128.90121043083064,37.739730650079785,3,0,True
2025-05-27,4200925,삽당령휴게소,128.85348981301368,37.57765377589509,,,False
2025-05-27,4200926,삽당령휴게소,128.85335366163847,37.57771787179165,,,False
2025-05-27,4201429,삿갓2교,128.89440260554116,37.72191310597893,,,False
2025-05-27,4200022,상근내,128.7796924207031,37.8773758413694,10,0,True
2025-05-27,4200099,상근내,128.77960655925375,37.87745059496862,0,2,True
2025-05-27,4201317,상반암,128.97555145054721,37.581507187334616,,,False
2025-05-27,4201316,상반암,128.97543453934762,37.581480242671276,,,False
2025-05-27,4201318,상반암2교,128.97515057257976,37.579938893006116,0,1,True
2025-05-27,4201319,상반암2교,128.97526025138177,37.580104674041834,1,0,True
2025-05-27,4201173,상시동,128.94246528458484,37.71818427280178,2,0,True
2025-05-27,4201174,상시동,128.94244611636475,37.71825557931822,1,0,True
2025-05-27,4201175,상시동2리마을구판장,128.9490236053727,37.7224263738442,2,0,True
2025-05-27,4201176,상시동2리마을구판장,128.94913379195222,37.72251033214177,1,0,True
2025-05-27,4200526,새이골,128.79025907473746,37.85322227035808,1,0,True
2025-05-27,4200957,새재마을,128.8242487855186,37.68544901419477,4,2,True
2025-05-27,4200958,새재마을,128.8242669560502,37.685279144065696,0,2,True
2025-05-27,4201360,샘골,129.00918544930587,37.619230471502696,,,False
2025-05-27,4201361,샘골,129.0091899817426,37.61916886212585,,,False
2025-05-27,4200974,샘골식당,128.8117504319814,37.72973210273536,1,0,True
2025-05-27,4200973,샘골식당,128.81165805890132,37.72970284088515,4,0,True
2025-05-27,4200932,샘터휴게실,128.8616379939255,37.62586846407014,,,False
2025-05-27,4200931,샘터휴게실,128.86196479739877,37.62603907325114,3,0,True
2025-05-27,4200515,서당마을,128.8153409524242,37.87964681225348,2,0,True
2025-05-27,4200842,서희아파트,128.86542964738,37.739494273568006,1,18,True
2025-05-27,4200843,서희아파트,128.86634677134685,37.73976016715972,122,2,True
2025-05-27,4200139,석교2리마을회관,128.82066862382376,37.842307094394954,,,False
2025-05-27,4200992,석불사입구,128.79428550244546,37.75401121249684,,,False
2025-05-27,4200993,석불사입구,128.79436174094738,37.75400145159608,,,False
2025-05-27,4200076,선교장,128.88470029533363,37.78507057730054,0,3,True
2025-05-27,4200075,선교장,128.8853532167783,37.785455385598155,7,2,True
2025-05-27,4200236,선교장입구,128.87978791945434,37.782182641690056,36,14,True
2025-05-27,4200237,선교장입구,128.8801857915523,37.78222354537227,16,30,True
2025-05-27,4201250,선수촌8단지,128.87011109214671,37.76078977894948,78,6,True
2025-05-27,4201249,선수촌8단지,128.87029355520082,37.76060110592661,19,10,True
2025-05-27,4200534,선자령고개입구,128.79239579933846,37.73245610705835,,,False
2025-05-27,4200537,선자령고개입구,128.79231046446523,37.732508544183865,,,False
2025-05-27,4201310,설암마을,128.99822461811513,37.59527911024018,,,False
2025-05-27,4201311,설암마을,128.9983494117808,37.59541501641899,,,False
2025-05-27,4201189,섬석교,128.92156879198023,37.740684165183964,1,1,True
2025-05-27,4201188,섬석교,128.92171052547354,37.74090783532175,11,0,True
2025-05-27,4200854,성내동광장,128.89469082592495,37.750838877146485,0,1,True
2025-05-27,4200855,성내동광장,128.89488299521074,37.75095303991505,0,4,True
2025-05-27,4201046,성덕동주민센터,128.91533375948597,37.76294836172143,0,2,True
2025-05-27,4201045,성덕동주민센터,128.91516594318634,37.762763608124146,6,0,True
2025-05-27,4200765,성덕초등학교,128.91017117535122,37.75573609872045,80,5,True
2025-05-27,4201004,성산,128.82713990486903,37.71438975242994,0,1,True
2025-05-27,4201005,성산,128.8271623742617,37.714502339268236,10,6,True
2025-05-27,4201009,성산면사무소,128.832602033901,37.718970827982346,13,20,True
2025-05-27,4201008,성산면사무소,128.83255254171343,37.71856830087688,50,11,True
2025-05-27,4201007,성산치안센터,128.8310696649731,37.7159774839219,2,6,True
2025-05-27,4201006,성산치안센터,128.83090633919258,37.71566752965487,24,2,True
2025-05-27,4200422,성원사입구,128.6867712693139,37.847205451671535,4,0,True
2025-05-27,4200423,성원사입구,128.68646040632865,37.84726485901322,1,4,True
2025-05-27,4200817,성황당,128.87341590911527,37.71242819076422,,,False
2025-05-27,4200818,성황당,128.8735164959862,37.712407011021696,3,0,True
2025-05-27,4201425,성황당교,128.89068764552184,37.7193346055837,,,False
2025-05-27,4200550,세인트존스호텔,128.9216970367292,37.79098344901958,15,5,True
2025-05-27,4200549,세인트존스호텔,128.92167986735865,37.790864197302774,8,9,True
2025-05-27,4202156,세인트존스호텔,128.92066155176954,37.789921292283566,0,6,True
2025-05-27,4202158,세인트존스호텔,128.9208321964743,37.79000919070631,3,0,True
2025-05-27,4200167,소금강산,128.71230365715414,37.82166854276753,0,2,True
2025-05-27,4200166,소금강산,128.7124812586759,37.82175517040325,2,0,True
2025-05-27,4200327,소금강산돌박물관,128.72545746023172,37.848484193808346,11,0,True
2025-05-27,4200168,소금강산분교,128.710000116687,37.83125700946602,2,0,True
2025-05-27,4200169,소금강산분교,128.70996109009303,37.83105237281379,0,1,True
2025-05-27,4200429,소금강산삼거리,128.70652525366145,37.84687236867498,0,2,True
2025-05-27,4200428,소금강산삼거리,128.70675214581883,37.84674771999477,2,0,True
2025-05-27,4200419,소금강산종점,128.70783064886766,37.81649025417566,5,3,True
2025-05-27,4200337,소금강산체험학습장,128.78576790854493,37.85169587352382,2,0,True
2025-05-27,4200184,소돌,128.82175443074843,37.905415537268986,91,4,True
2025-05-27,4200185,소돌,128.8213252547112,37.90592204016269,1,15,True
2025-05-27,4200523,소돌해변,128.82357421556765,37.90742431202615,0,2,True
2025-05-27,4200518,소돌해변,128.8237001059589,37.9072478711743,9,0,True
2025-05-27,4200002,소돌해변입구,128.81905535960837,37.90780434670355,0,10,True
2025-05-27,4200633,소양가든,128.91470984838725,37.70545388269156,3,0,True
2025-05-27,4200634,소양가든,128.91482886328737,37.70544797167058,,,False
2025-05-27,4200609,소재골길,128.92430261228944,37.73030112286398,,,False
2025-05-27,4200608,소재골길,128.9243373158486,37.73032246539831,,,False
2025-05-27,4200126,솔올공연장,128.87424793205705,37.763507530751156,154,8,True
2025-05-27,4200125,솔올공연장,128.87460623301726,37.76366952964576,15,98,True
2025-05-27,4200060,솔올중학교,128.8798722504925,37.77163504014371,41,7,True
2025-05-27,4200822,솔향수목원입구,128.8693376080556,37.70921581710481,3,1,True
2025-05-27,4200823,솔향수목원입구,128.86937194102438,37.70931046077696,4,0,True
2025-05-27,4201165,송담서원,128.92985457221653,37.6927197945936,3,0,True
2025-05-27,4200351,송림,128.82064394298325,37.85559369331711,0,2,True
2025-05-27,4200350,송림,128.8201619228096,37.85539548451919,1,0,True
2025-05-27,4200347,송림2리,128.81062888375345,37.853558399575036,2,0,True
2025-05-27,4200346,송림2리,128.8099436136846,37.853407423711076,0,1,True
2025-05-27,4200345,송림2리경로당,128.80789598964623,37.85203614474543,0,1,True
2025-05-27,4200344,송림2리경로당,128.807966000434,37.85197372236723,5,0,True
2025-05-27,4200510,송림길,128.8252555621319,37.855656749226185,1,0,True
2025-05-27,4200511,송림길,128.8248292251072,37.8557650289636,,,False
2025-05-27,4200372,송암,128.82637877635176,37.78089823387296,2,0,True
2025-05-27,4200374,송암리노인복지회관,128.8371281193178,37.78167045367396,0,1,True
2025-05-27,4200373,송암리노인복지회관,128.83714806452136,37.781611643083856,5,0,True
2025-05-27,4200560,송양초교,128.84779064633727,37.75738270190068,,,False
2025-05-27,4200559,송양초교,128.84774510140426,37.757348769268916,,,False
2025-05-27,4200274,송정노인회관,128.93141909498914,37.77512821569013,244,4,True
2025-05-27,4200272,송정동주민센터,128.92775106138072,37.77430053196711,79,6,True
2025-05-27,4200271,송정동주민센터,128.9281580126049,37.77420386430584,5,28,True
2025-05-27,4200052,송정래미안,128.93038982126572,37.78292573478735,8,1,True
2025-05-27,4200051,송정래미안,128.93021609974548,37.78282723196739,2,3,True
2025-05-27,4200273,송정신원아침도시,128.93190852770562,37.774810233413945,5,60,True
2025-05-27,4200275,송정한신아파트입구,128.93667614488956,37.77380916737768,0,30,True
2025-05-27,4200276,송정한신아파트입구,128.93668274097607,37.7740287226972,140,2,True
2025-05-27,4201386,송정한신아파트후문,128.93962441064605,37.773612640324636,82,0,True
2025-05-27,4200263,송정한신아파트후문,128.9386138022858,37.773558747641985,4,22,True
2025-05-27,4200280,송정해변,128.9381119893655,37.77768849372205,48,0,True
2025-05-27,4201265,송정해변,128.937243026154,37.779799396228796,16,0,True
2025-05-27,4201264,송정해변,128.93690998005923,37.77994173288209,1,4,True
2025-05-27,4200404,송천,128.64305128748416,37.832454612861596,,,False
2025-05-27,4200405,송천,128.64294987987037,37.832536995608294,0,2,True
2025-05-27,4200399,송천종점,128.63433752494774,37.82213931034025,6,0,True
2025-05-27,4200300,수협사거리,128.8314095884837,37.895774457125356,1,42,True
2025-05-27,4200190,수협사거리,128.83119347169236,37.89590191816579,93,9,True
2025-05-27,4200436,순긋해변,128.89252003394913,37.81667547893821,2,5,True
2025-05-27,4200437,순긋해변,128.89288352206873,37.81622289476459,11,1,True
2025-05-27,4201241,순두부마을,128.8929863409179,37.7864529101926,0,1,True
2025-05-27,4201240,순두부마을,128.89327386744634,37.786738816066666,3,0,True
2025-05-27,4200439,순포해변,128.8896479640838,37.81947984719446,1,0,True
2025-05-27,4200438,순포해변,128.8909555032514,37.81845994015455,1,0,True
2025-05-27,4200004,숲사랑홍보관,128.85126457297872,37.81878304910103,3,7,True
2025-05-27,4200828,신광사입구,128.85959135500886,37.70844237993537,,,False
2025-05-27,4200829,신광사입구,128.85953628339269,37.70852190735515,,,False
2025-05-27,4200279,신도브래뉴,128.93862914925478,37.77730338810464,8,33,True
2025-05-27,4202169,신라모노그램,128.92993128709296,37.78509796814699,,,False
2025-05-27,4202172,신라모노그램,128.92730314100064,37.78470637599459,,,False
2025-05-27,4202170,신라모노그램,128.92998485011893,37.785132389833336,,,False
2025-05-27,4202171,신라모노그램,128.92766337576,37.78423838201166,,,False
2025-05-27,4200068,신석,128.9222626638924,37.73522591649743,,,False
2025-05-27,4201244,신석,128.92220564964913,37.73521532481458,,,False
2025-05-27,4200570,신석입구,128.92112104933958,37.74060070408295,,,False
2025-05-27,4200571,신석입구,128.92121434678074,37.740633508275124,0,1,True
2025-05-27,4200605,신석종점,128.92550135841566,37.72411554187395,0,1,True
2025-05-27,4200604,신석종점,128.92548856169705,37.724168770541205,3,0,True
2025-05-27,4200610,신석회관,128.922128840552,37.73330388403426,6,0,True
2025-05-27,4200611,신석회관,128.92206674319968,37.733298030104976,,,False
2025-05-27,4200563,신암동산,128.856450486855,37.759838948235505,,,False
2025-05-27,4200564,신암동산,128.85644693333413,37.7598894548062,,,False
2025-05-27,4200252,신영극장,128.8961287589657,37.75448236011555,2410,2457,True
2025-05-27,4200395,신왕리,128.7909165521197,37.84823170892436,,,False
2025-05-27,4200396,신왕리,128.79081224615587,37.848255771655694,,,False
2025-05-27,4200393,신왕리마을회관,128.78881339413073,37.84406973819415,,,False
2025-05-27,4200394,신왕리마을회관,128.78872771686466,37.84404617250474,,,False
2025-05-27,4200392,신왕종점,128.77479795503757,37.82848497778013,2,1,True
2025-05-27,4200339,신왕초등학교,128.78962228209244,37.85282870829282,2,0,True
2025-05-27,4200178,신왕초등학교.소금강산체험학습장,128.7874843369829,37.85236789721056,1,0,True
2025-05-27,4200376,신평교,128.84751858457875,37.787025988717744,2,0,True
2025-05-27,4200375,신평교,128.8476422534893,37.786964946063456,,,False
2025-05-27,4200795,신화아파트,128.89739318948855,37.749293198227164,,,False
2025-05-27,4200796,신화아파트,128.8983309878122,37.7493513359141,,,False
2025-05-27,4201111,심곡,129.05072825701674,37.66496744031941,25,0,True
2025-05-27,4201110,심곡,129.05054407613815,37.66494664843006,0,1,True
2025-05-27,4200885,심불사입구,128.83994507873663,37.70295599504848,,,False
2025-05-27,4200884,심불사입구,128.84001194474018,37.70305298286866,1,0,True
2025-05-27,4201118,썬크루즈,129.0440946513368,37.6820368944123,0,1,True
2025-05-27,4201373,아래흐내,128.97754794808964,37.614630687418135,,,False
2025-05-27,4201372,아래흐내,128.9775173341677,37.61462843088557,,,False
2025-05-27,4201388,안고단,128.81682784184864,37.52450097063033,,,False
2025-05-27,4200865,안곡,128.82914470078177,37.745465477199204,3,0,True
2025-05-27,4200871,안곡약수터입구,128.8379137142218,37.73973940790299,,,False
2025-05-27,4200020,안곡약수터입구,128.8378468662133,37.73975627758666,1,0,True
2025-05-27,4200869,안국고개입구,128.83777031179514,37.74152814933456,,,False
2025-05-27,4200868,안국고개입구,128.8377139800973,37.741484552653596,,,False
2025-05-27,4201043,안목,128.94526892930932,37.77285146151794,247,4,True
2025-05-27,4200281,안목.강릉항,128.94934241574012,37.770520507065875,,,False
2025-05-27,4201040,안목.강릉항,128.94944155473152,37.77036079213364,,,False
2025-05-27,4201057,안목커피거리,128.94590416266868,37.77225695392567,19,0,True
2025-05-27,4201044,안목커피거리,128.94543559396536,37.77260342997581,53,184,True
2025-05-27,4200244,안목커피거리,128.94578809167245,37.77230230429985,14,35,True
2025-05-27,4201263,안목해변,128.94493768408068,37.774178194287636,41,1,True
2025-05-27,4201262,안목해변,128.9453268042541,37.77365094131008,0,23,True
2025-05-27,4200587,안소재길,128.84955884022355,37.563768804870946,,,False
2025-05-27,4200586,안소재길,128.84946322181048,37.56376109313163,,,False
2025-05-27,4201139,안인,128.98934561422945,37.734014720107886,25,3,True
2025-05-27,4201140,안인,128.98934458573052,37.73394318769602,0,12,True
2025-05-27,4200599,안인삼거리,128.98037760076,37.72789657042197,,,False
2025-05-27,4200598,안인삼거리,128.98042188065915,37.72782929827981,,,False
2025-05-27,4201148,안인화력발전소,128.97827596831831,37.72739115413768,7,0,True
2025-05-27,4201149,안인화력발전소,128.97827482863894,37.727294808983075,1,2,True
2025-05-27,4201001,암반욕체험장,128.8174715505199,37.72568745788923,,,False
2025-05-27,4201002,암반욕체험장,128.81756412801548,37.725703466430105,,,False
2025-05-27,4200528,앞무쇠골,128.7909149887738,37.735806871417466,3,0,True
2025-05-27,4200535,앞무쇠골,128.7907679545247,37.73580475645548,1,0,True
2025-05-27,4200187,양양고개,128.82805578782853,37.90002854060149,53,1,True
2025-05-27,4200188,양양고개,128.82822436017406,37.899998054568016,1,29,True
2025-05-27,4201243,양우내안애아파트,128.90225216607172,37.751490811466354,1,0,True
2025-05-27,4201245,양우내안애아파트,128.9018874469489,37.75145322200816,,,False
2025-05-27,4200201,양조장,128.8258300942643,37.881274388703744,196,30,True
2025-05-27,4201403,양지골,128.84419682263942,37.754675826474795,1,0,True
2025-05-27,4201404,양지골,128.8442384161847,37.75462833677575,,,False
2025-05-27,4201357,양지마을,129.0219835892014,37.61975733717636,5,0,True
2025-05-27,4201356,양지마을,129.02194175334466,37.619812201556556,,,False
2025-05-27,4201354,양지말상,129.02550426571582,37.620299361941775,,,False
2025-05-27,4201355,양지말상,129.02549637985018,37.62023673439294,,,False
2025-05-27,4200651,어단1리,128.89857868128925,37.69687081252176,1,0,True
2025-05-27,4200652,어단1리,128.89835375718442,37.69689880719406,,,False
2025-05-27,4200644,어단1리마을회관,128.90166199367852,37.69299424582564,,,False
2025-05-27,4200643,어단1리마을회관,128.90163121019464,37.69306524952247,,,False
2025-05-27,4200646,어단1리성황당,128.8998102046769,37.691407412019785,,,False
2025-05-27,4200645,어단1리성황당,128.8997465866069,37.69146948045897,,,False
2025-05-27,4200639,어단2리마을회관,128.91146885408946,37.6964376324294,5,0,True
2025-05-27,4200640,어단2리마을회관,128.91152104480037,37.696373262130535,,,False
2025-05-27,4200648,어단리.법왕사,128.89523586027252,37.689105321389235,1,0,True
2025-05-27,4200972,어흘리.굴면동,128.81242525863513,37.71968494003737,1,2,True
2025-05-27,4200966,어흘리.굴면동,128.81355554198663,37.72030372991263,2,0,True
2025-05-27,4201412,어흘리산림관광안내센터,128.79622345209006,37.720248969562334,2,0,True
2025-05-27,4201413,어흘리산림관광안내센터,128.79677626958596,37.720179974904156,,,False
2025-05-27,4201163,언별2리,128.93981173016869,37.70173122003391,,,False
2025-05-27,4201164,언별2리,128.93990494422928,37.70171510089973,10,0,True
2025-05-27,4200036,언별리,128.932462653647,37.69147304189006,1,0,True
2025-05-27,4201227,연곡면사무소,128.83749819485607,37.86001175022627,139,54,True
2025-05-27,4200212,연곡면사무소,128.83761397394952,37.85995465828368,70,91,True
2025-05-27,4200354,연곡면사무소,128.83726140830402,37.85982528703765,91,77,True
2025-05-27,4200355,연곡면사무소,128.8369030857598,37.8592954872826,,,False
2025-05-27,4200381,연곡소나무길,128.86219953750597,37.850074873961454,,,False
2025-05-27,4200509,연곡소나무길,128.8618386269624,37.85018703668437,,,False
2025-05-27,4200353,연곡초교,128.82814655157526,37.8569020930201,0,2,True
2025-05-27,4200352,연곡초교,128.82816906723454,37.856817110094816,1,1,True
2025-05-27,4200349,연곡취수장입구,128.8134029222452,37.854479588535305,,,False
2025-05-27,4200348,연곡취수장입구,128.81321638321742,37.85436534997662,,,False
2025-05-27,4200451,연곡해변,128.85309149153562,37.85745785808507,0,1,True
2025-05-27,4200450,연곡해변,128.8529783059013,37.85739414992972,1,0,True
2025-05-27,4200213,연곡해변입구,128.84130813848452,37.85462580337619,17,2,True
2025-05-27,4200214,연곡해변입구,128.84162112920617,37.854539181009365,1,11,True
2025-05-27,4200152,연변,128.83155522186766,37.80584297639379,1,2,True
2025-05-27,4200151,연변,128.83161739090895,37.80576988356887,6,0,True
2025-05-27,4200759,영동정미소,129.03644448557495,37.62779710955012,,,False
2025-05-27,4201341,영동정미소,129.0362624021505,37.62780024862322,,,False
2025-05-27,4200209,영진입구,128.83637261045655,37.87054167536418,27,19,True
2025-05-27,4201226,영진입구,128.83626865951734,37.87047570517143,35,16,True
2025-05-27,4201270,영진항,128.84778900128174,37.86736001237831,,,False
2025-05-27,4201269,영진항,128.8478764921571,37.86744935186811,0,5,True
2025-05-27,4201271,영진해변,128.84407553359966,37.870005012045354,5,0,True
2025-05-27,4201272,영진해변,128.84410671788726,37.87009887053988,3,1,True
2025-05-27,4200406,오대산휴게소,128.648222920777,37.83491560552007,,,False
2025-05-27,4200407,오대산휴게소,128.64806989287274,37.83498136245625,,,False
2025-05-27,4200816,오뚜기물류서비스,128.87782869819907,37.71615014292806,2,1,True
2025-05-27,4200815,오뚜기물류서비스,128.8777698382652,37.71622341645464,1,0,True
2025-05-27,4201078,오리동,129.01320871433214,37.68272714510743,18,0,True
2025-05-27,4201079,오리동,129.01320324945965,37.682803393955474,,,False
2025-05-27,4201058,오리들마을,128.93730145779827,37.744469925122935,9,0,True
2025-05-27,4201252,오리들마을,128.93739401500017,37.74438483019564,,,False
2025-05-27,4200536,오리진항,128.8317047746547,37.90064451287537,5,0,True
2025-05-27,4200527,오리진항,128.8317491433552,37.9007448060665,2,2,True
2025-05-27,4200961,오봉,128.8206361867679,37.70638660212798,,,False
2025-05-27,4200962,오봉,128.8205322494514,37.7062887289534,,,False
2025-05-27,4200964,오봉리,128.82222083699313,37.709588124281694,,,False
2025-05-27,4200963,오봉리,128.8222695914709,37.70939016181609,2,0,True
2025-05-27,4200053,오성학교,128.93312248716418,37.77978287851338,49,8,True
2025-05-27,4201428,오션시티아이파크,128.94156983542882,37.775150292669956,,,False
2025-05-27,4201427,오션시티아이파크,128.94172063887467,37.77534012183183,,,False
2025-05-27,4200239,오죽헌,128.88242080274284,37.78040719543912,81,39,True
2025-05-27,4200238,오죽헌,128.8827262588498,37.779841129260745,98,60,True
2025-05-27,4200092,오죽헌,128.8797380363922,37.77879711032111,18,1,True
2025-05-27,4200093,오죽헌,128.88009218006442,37.77900408798861,0,10,True
2025-05-27,4200769,오죽헌입구,128.8828973977968,37.77942746550242,7,1,True
2025-05-27,4201382,오죽헌입구,128.88300783523746,37.779420150144524,11,13,True
2025-05-27,4201097,옥계119안전센터,129.03045031861078,37.60261800571139,,,False
2025-05-27,4201098,옥계119안전센터,129.0299579795461,37.602418475944106,,,False
2025-05-27,4202042,옥계면사무소,129.03870359107486,37.61225376052538,4,0,True
2025-05-27,4202052,옥계면사무소,129.03863134955023,37.61234830848836,0,4,True
2025-05-27,4202092,옥계역,129.04915585739857,37.61793983643156,,,False
2025-05-27,4202082,옥계역,129.0492092887644,37.61767316323472,,,False
2025-05-27,4201368,옥계저수지,128.9806153158948,37.62190318324612,,,False
2025-05-27,4201367,옥계저수지,128.98049757084706,37.62195561397405,,,False
2025-05-27,4201366,옥계저수지,128.9806745254139,37.62197726022537,,,False
2025-05-27,4202032,옥계현내시장,129.03512810350702,37.608949806593664,31,20,True
2025-05-27,4202022,옥계현내시장,129.03523947374634,37.60889735545031,69,6,True
2025-05-27,4201285,옥골,129.0451011119314,37.58480257343729,2,0,True
2025-05-27,4200701,옥봉마을,128.89299808417252,37.703844690722654,,,False
2025-05-27,4200257,옥천119안전센터,128.90305174420297,37.761041080134646,73,30,True
2025-05-27,4200256,옥천119안전센터,128.9022376115818,37.76136928474395,13,16,True
2025-05-27,4201000,옥터가든,128.8137241133093,37.7280870855366,,,False
2025-05-27,4200999,옥터가든,128.81373332317625,37.728008981659464,,,False
2025-05-27,4201284,올밑,129.03979791391387,37.58885317796911,6,0,True
2025-05-27,4201363,옹기마을,129.00369924320785,37.616995401978194,1,0,True
2025-05-27,4201362,옹기마을,129.0036684835799,37.617059917346076,1,0,True
2025-05-27,4200897,왕산골,128.78735259066167,37.65458906689652,,,False
2025-05-27,4200896,왕산골,128.7872211119886,37.65448843873245,,,False
2025-05-27,4200468,왕산골한옥,128.79462643294355,37.66636911752362,,,False
2025-05-27,4200930,왕산구)종점,128.8604095757484,37.623711657099335,0,1,True
2025-05-27,4200929,왕산구)종점,128.8604892853729,37.62367273667524,,,False
2025-05-27,4200960,왕산대기교차로,128.80856548851528,37.68962515075815,,,False
2025-05-27,4200959,왕산대기교차로,128.80857307337496,37.68975019804283,,,False
2025-05-27,4200889,왕산리2반,128.80297738702234,37.675963955897956,2,0,True
2025-05-27,4200888,왕산리2반,128.80288061474792,37.67595542199383,,,False
2025-05-27,4200891,왕산리마을회관,128.79682095717135,37.67030353806043,,,False
2025-05-27,4200890,왕산리마을회관,128.79684011914176,37.670392794275685,,,False
2025-05-27,4200952,왕산면사무소앞,128.83831324436588,37.672144012562036,0,2,True
2025-05-27,4200951,왕산면사무소앞,128.83840731782888,37.6721688588501,8,0,True
2025-05-27,4200928,왕산사,128.8594660677207,37.61509686617323,,,False
2025-05-27,4200927,왕산사,128.85972406418662,37.614998007179736,1,0,True
2025-05-27,4200955,왕산사슴목장,128.82575088668412,37.681344715824196,,,False
2025-05-27,4200956,왕산사슴목장,128.82565717295802,37.68132318009433,,,False
2025-05-27,4200607,왜골안길,128.9242847541364,37.72773866042556,,,False
2025-05-27,4200606,왜골안길,128.92431613988109,37.72776258609913,1,0,True
2025-05-27,4201035,용강동,128.89127858305645,37.75423171492401,3,53,True
2025-05-27,4201036,용강동,128.89145488440622,37.7543870741593,46,2,True
2025-05-27,4200250,용강동서부시장,128.89174828581776,37.7556582744871,339,90,True
2025-05-27,4200249,용강동서부시장,128.89167287030088,37.75492247590215,225,458,True
2025-05-27,4200874,용봉자동차학원,128.83460209459432,37.72175943182151,,,False
2025-05-27,4200259,용지각,128.90537716328666,37.76184119439877,202,44,True
2025-05-27,4200258,용지각,128.90534669055177,37.76147384168322,105,102,True
2025-05-27,4201407,우미린아파트,128.87047584429433,37.757205866745004,,,False
2025-05-27,4200565,우미린아파트,128.87023572987053,37.75716460769394,28,42,True
2025-05-27,4200241,우성공업사,128.8881180126791,37.77538642162077,19,12,True
2025-05-27,4200520,우신아파트,128.8255393760297,37.87241785986445,12,0,True
2025-05-27,4200123,우편집중국,128.8733706824724,37.76051485370646,16,33,True
2025-05-27,4200124,우편집중국,128.87347187490323,37.76156496879712,177,12,True
2025-05-27,4200600,운산노인회관,128.93671028942424,37.732907768416084,,,False
2025-05-27,4200601,운산노인회관,128.93684858416998,37.73287788594293,,,False
2025-05-27,4200602,운산분교,128.93677350637265,37.730734508227286,3,0,True
2025-05-27,4200603,운산분교,128.93686556902622,37.730747600300575,0,3,True
2025-05-27,4200390,운양초교,128.85999131659992,37.833521248123965,,,False
2025-05-27,4202153,운양초등학교,128.8590953489884,37.83649095483332,2,0,True
2025-05-27,4200198,원마트,128.82575730347685,37.88826959645488,45,95,True
2025-05-27,4201050,원마트,128.9185145864492,37.76040631401962,0,5,True
2025-05-27,4201232,원마트,128.8255161831108,37.88764901879385,163,26,True
2025-05-27,4201049,원마트,128.91839757804996,37.76020248248705,,,False
2025-05-27,4200787,원예농협강남점,128.8968065666806,37.74246510458876,1,0,True
2025-05-27,4200788,원예농협강남점,128.89681243940322,37.742695820214294,,,False
2025-05-27,4201059,월호평동,128.94896909223806,37.74860767924179,2,0,True
2025-05-27,4200561,위촌1교,128.85248954070696,37.758669118271264,1,0,True
2025-05-27,4200562,위촌1교,128.85256313236903,37.758700268834,,,False
2025-05-27,4201401,위촌1리마을회관,128.8493169939177,37.752759763627935,1,0,True
2025-05-27,4201402,위촌1리마을회관,128.84922183855028,37.75276536684672,1,0,True
2025-05-27,4200557,위촌2리경로당,128.84459001673955,37.75958593352651,2,0,True
2025-05-27,4209994,위촌2리경로당,128.8446791622344,37.75971028072801,2,0,True
2025-05-27,4200558,위촌2리경로당,128.84480889532918,37.75954345559538,,,False
2025-05-27,4201408,위촌리,128.8362872937098,37.75958677922043,3,0,True
2025-05-27,4200556,위촌리,128.83630340406063,37.75966855469253,0,1,True
2025-05-27,4200870,윗회산,128.8624600126061,37.71152374867891,1,0,True
2025-05-27,4200064,윗회산,128.86237406495107,37.71154075190158,,,False
2025-05-27,4200331,유등.백운사입구,128.75900654206438,37.850462767351864,2,0,True
2025-05-27,4200332,유등.백운사입구,128.75795827699417,37.850487600912274,0,1,True
2025-05-27,4200680,유산동노인회관,128.90975279156388,37.73997249911831,0,2,True
2025-05-27,4200679,유산동노인회관,128.9098408904697,37.73999573125917,,,False
2025-05-27,4200677,유산민물장어,128.91188581173668,37.73590297036683,,,False
2025-05-27,4200678,유산민물장어,128.9117917615037,37.73586343058287,,,False
2025-05-27,4200555,유천동,128.86153738164376,37.766528036862,,,False
2025-05-27,4200479,유천행복주택,128.86570448042954,37.76159011454386,5,2,True
2025-05-27,4200039,유화아파트,128.91342886671308,37.785727014906996,48,2,True
2025-05-27,4200363,율곡중정문,128.88882882673292,37.76926965127901,,,False
2025-05-27,4200243,율곡중학교,128.89033943348878,37.77216892177817,49,15,True
2025-05-27,4200242,율곡중학교,128.89021344037266,37.771874448370795,49,25,True
2025-05-27,4200132,율곡초등학교,128.88221538693716,37.765100900268116,38,3,True
2025-05-27,4200770,은마아파트,128.89705025699647,37.747304327883974,6,2,True
2025-05-27,4200771,은마아파트,128.89677272965307,37.746541962257844,2,1,True
2025-05-27,4201313,음촌,128.99426321534403,37.590067749479466,,,False
2025-05-27,4201312,음촌,128.9943519708324,37.590218452220576,,,False
2025-05-27,4200269,이마트,128.92346774482266,37.772222356268564,16,50,True
2025-05-27,4200270,이마트,128.92290403192536,37.77218493598484,91,14,True
2025-05-27,4200246,이명사거리,128.89177153862124,37.764700407126554,93,78,True
2025-05-27,4200245,이명사거리,128.89157918705828,37.764565078717,242,39,True
2025-05-27,4200043,이화해변타운,128.91744670191798,37.78316591377611,42,0,True
2025-05-27,4201397,임경당입구,128.85065952125555,37.73971869052315,,,False
2025-05-27,4201398,임경당입구,128.85060665622572,37.73967510840446,,,False
2025-05-27,4200573,임곡,128.95981869884417,37.65381523982265,3,0,True
2025-05-27,4200584,임곡1리,128.97599759967915,37.693758829867754,2,0,True
2025-05-27,4200585,임곡1리,128.97590980007564,37.693767123079255,,,False
2025-05-27,4200583,임곡1리마을회관,128.97465402746607,37.69113733741365,,,False
2025-05-27,4200582,임곡1리마을회관,128.9747545332243,37.69109651601256,4,0,True
2025-05-27,4200575,임곡2리마을회관,128.96541432118602,37.66322091980088,,,False
2025-05-27,4200574,임곡2리마을회관,128.96548889686682,37.66318854424863,,,False
2025-05-27,4200578,임곡초등학교,128.970266319495,37.67657078197406,5,0,True
2025-05-27,4200579,임곡초등학교,128.97019094901066,37.676575911433936,,,False
2025-05-27,4200893,임내폭포,128.7939174576728,37.66377320023954,,,False
2025-05-27,4200892,임내폭포,128.79372069070962,37.66362299663701,0,1,True
2025-05-27,4200767,입암1주공아파트,128.90600846284408,37.75457671115239,4,4,True
2025-05-27,4200766,입암1주공아파트,128.90620017782277,37.75501242269486,46,7,True
2025-05-27,4201205,입암2.3주공,128.9161850255649,37.765072488547595,169,0,True
2025-05-27,4201206,입암2.3주공,128.9164847952377,37.764981798289845,0,42,True
2025-05-27,4201047,입암4주공아파트,128.91655461094618,37.76166752794127,22,0,True
2025-05-27,4201048,입암4주공아파트,128.9166989706064,37.761858842951916,3,2,True
2025-05-27,4200757,입암5주공아파트,128.91468852686768,37.759901363335864,67,0,True
2025-05-27,4200755,입암6주공아파트,128.91994172349143,37.75895755917794,6,30,True
2025-05-27,4200754,입암6주공아파트,128.9200510349674,37.759167158773394,156,1,True
2025-05-27,4201052,입암6주공오거리,128.91746262041485,37.758678282328006,1,17,True
2025-05-27,4201051,입암6주공오거리,128.91813149011642,37.75937340656549,28,0,True
2025-05-27,4200763,입암현대아파트,128.91229270015563,37.753112836072376,9,21,True
2025-05-27,4200762,입암현대아파트,128.91270364556544,37.753026994257695,72,2,True
2025-05-27,4200742,자루뫼.옹심이마을,128.93910155337016,37.76225882808405,39,0,True
2025-05-27,4200743,자루뫼.옹심이마을,128.93907508604704,37.76218611247613,1,11,True
2025-05-27,4200588,자원순환센터,128.9884350583326,37.69589916205473,5,0,True
2025-05-27,4200589,자원순환센터,128.98825794255524,37.6958847446048,,,False
2025-05-27,4200807,자조와리,128.87870578002008,37.72632672967291,3,1,True
2025-05-27,4200808,자조와리,128.8787893136159,37.726283262247435,1,0,True
2025-05-27,4200886,자포골,128.83086667060377,37.70702334781653,,,False
2025-05-27,4200196,작은다리,128.8261349428677,37.89101262248175,62,131,True
2025-05-27,4200197,작은다리,128.82583778093624,37.88994679111109,214,19,True
2025-05-27,4200454,작은다리사거리,128.82450182834083,37.890319810643184,0,8,True
2025-05-27,4201147,작은다리사거리,128.82430578974427,37.890298608665205,,,False
2025-05-27,4200793,잠수교,128.89948844495035,37.7500516781015,,,False
2025-05-27,4200794,잠수교,128.8998046277538,37.75006345498387,1,0,True
2025-05-27,4200462,장덕1리,128.79552757430156,37.87818242033292,,,False
2025-05-27,4200461,장덕1리,128.7955229122852,37.878113650066226,11,1,True
2025-05-27,4200458,장덕2리,128.77147712645024,37.883516051343115,1,2,True
2025-05-27,4200457,장덕2리,128.77149035836987,37.88343140927676,7,0,True
2025-05-27,4200460,장덕2리마을회관,128.77790630744494,37.87964207357677,2,2,True
2025-05-27,4200459,장덕2리마을회관,128.7777930908638,37.879609504906774,3,0,True
2025-05-27,4201034,장수탕,128.8873508979562,37.75226332684143,9,7,True
2025-05-27,4201033,장수탕,128.88740033590045,37.75217314835415,20,13,True
2025-05-27,4201151,장터마을,128.9723977075807,37.72307968130474,1,4,True
2025-05-27,4201150,장터마을,128.97235424591028,37.72315567930139,8,0,True
2025-05-27,4200116,적십자입구,128.88726321660565,37.757196360936135,20,17,True
2025-05-27,4200117,적십자입구,128.88647213220725,37.75676623567213,67,15,True
2025-05-27,4201125,정동교,129.0324614525895,37.688438171101524,21,0,True
2025-05-27,4201126,정동교,129.03237659003923,37.68846940398579,1,5,True
2025-05-27,4201127,정동진역,129.03224964663548,37.690253441678834,49,12,True
2025-05-27,4201128,정동진역,129.0319921573861,37.69035571739087,6,26,True
2025-05-27,4201123,정동초등학교,129.03393804786398,37.68800336105405,8,0,True
2025-05-27,4201124,정동초등학교,129.03365499665549,37.68789867201399,1,0,True
2025-05-27,4201119,정동해변,129.04025543414897,37.68609620523521,4,2,True
2025-05-27,4201120,정동해변,129.04018588407186,37.686033834572385,2,0,True
2025-05-27,4200833,제비1리마을회관,128.8620977553537,37.71966811408695,1,0,True
2025-05-27,4200832,제비1리마을회관,128.8621891338796,37.71968864008052,2,0,True
2025-05-27,4200826,제비리,128.85827155633717,37.70524685021708,2,0,True
2025-05-27,4200838,제비리정미소,128.85946417278979,37.72991051863758,0,1,True
2025-05-27,4200839,제비리정미소,128.8594036715264,37.72987082372568,,,False
2025-05-27,4200878,제비산북교차로,128.85195266618172,37.70260144877975,,,False
2025-05-27,4200879,제비산북교차로,128.85204215694216,37.702600950909385,,,False
2025-05-27,4200825,제비삼거리,128.8615088123862,37.70915992717116,,,False
2025-05-27,4200824,제비삼거리,128.8614786499892,37.70922991859699,,,False
2025-05-27,4200240,젤마을,128.887733025105,37.775438249928285,42,17,True
2025-05-27,4201116,조각공원,129.0419778617943,37.68142324301774,1,0,True
2025-05-27,4201117,조각공원,129.04194075670452,37.681301432273415,0,1,True
2025-05-27,4201409,조순생가,128.88832466397164,37.713711387376655,1,0,True
2025-05-27,4201423,조순생가,128.88844816983337,37.713682167259954,,,False
2025-05-27,4200432,종합경기장,128.89654249784542,37.771109941446205,27,1,True
2025-05-27,4200433,종합경기장,128.89677683645317,37.77125900731557,0,17,True
2025-05-27,4200544,종합경기장입구,128.89740621946726,37.770531883728914,3,0,True
2025-05-27,4200292,주공1차아파트,128.88256780330317,37.766843575404636,106,4,True
2025-05-27,4200133,주공1차아파트,128.88288690646792,37.76665665089728,11,36,True
2025-05-27,4200530,주공2차아파트,128.8850454710998,37.768615366200436,18,3,True
2025-05-27,4200566,주공2차아파트,128.88486622636958,37.76845428049225,2,0,True
2025-05-27,4200129,주공3차아파트,128.87933873663175,37.76410589188944,46,35,True
2025-05-27,4201378,주문10리,128.81057617544894,37.89757955797342,,,False
2025-05-27,4200027,주문10리,128.81049106440693,37.89755886763472,,,False
2025-05-27,4201377,주문10리종점,128.80246523281295,37.89335520402651,1,0,True
2025-05-27,4200189,주문2리,128.83046007450088,37.897540604441176,37,3,True
2025-05-27,4200299,주문2리,128.83067123183636,37.89750003400375,6,15,True
2025-05-27,4201278,주문진등대,128.83413482750083,37.898607108297156,0,2,True
2025-05-27,4201277,주문진등대,128.83402573057427,37.898641534767464,,,False
2025-05-27,4200452,주문진문화교육센터,128.82210321817664,37.88251990280632,1,0,True
2025-05-27,4200453,주문진문화교육센터,128.8216607096042,37.88251737897711,7,0,True
2025-05-27,4201276,주문진수산시장,128.82844614486706,37.89014411628092,2,24,True
2025-05-27,4201275,주문진수산시장,128.82825290581502,37.88995969444888,30,13,True
2025-05-27,4200200,주문진시외버스터미널,128.8253113527999,37.88508198031381,31,79,True
2025-05-27,4200448,주문진시외버스터미널,128.8255388895829,37.884201127994984,22,27,True
2025-05-27,4200305,주문진시외버스터미널,128.82509871282576,37.88458386690221,169,28,True
2025-05-27,4200202,주문진식자재마트,128.82596782269363,37.881485546216574,46,34,True
2025-05-27,4200029,주문진읍사무소,128.82486977710943,37.892686971435495,0,1,True
2025-05-27,4201393,주문진읍사무소,128.82369473290439,37.893285463228835,,,False
2025-05-27,4200971,주문진읍사무소,128.8246799183624,37.892745035212215,4,3,True
2025-05-27,4201391,주문진읍사무소,128.8238312459903,37.8934502421149,1,0,True
2025-05-27,4200308,주문진중.고등학교.강릉정보고,128.82672327638434,37.87982425913257,70,40,True
2025-05-27,4200204,주문진중학교,128.82690197641236,37.87887483229283,151,26,True
2025-05-27,4200532,주문진항,128.8290758047728,37.892766657375546,3,3,True
2025-05-27,4200195,주문진항입구,128.82690557497094,37.892668432750234,25,71,True
2025-05-27,4200194,주문진항입구,128.82670250148865,37.8926318795772,133,26,True
2025-05-27,4200181,주문진해변,128.81692175696733,37.90940788063508,41,8,True
2025-05-27,4200182,주문진해변,128.81704671925502,37.90944057885068,0,35,True
2025-05-27,4202062,주수1리,129.04484649940426,37.61466278284313,2,0,True
2025-05-27,4202072,주수1리,129.0445825275631,37.61484876921252,,,False
2025-05-27,4202102,주수2리,129.05347399898523,37.618026714837086,,,False
2025-05-27,4202112,주수2리,129.0534798781985,37.618295982570245,,,False
2025-05-27,4200752,중앙초교,128.9223833558042,37.757342016100644,90,7,True
2025-05-27,4200753,중앙초교,128.92202942311576,37.75730416097501,4,15,True
2025-05-27,4200229,즈므.과학단지,128.86079294239343,37.79710821329875,4,24,True
2025-05-27,4200138,즈므.과학단지,128.8604076986006,37.79746479759031,45,1,True
2025-05-27,4200378,즈므교,128.8504671545161,37.79077991715075,,,False
2025-05-27,4200377,즈므교,128.8503710096998,37.790650810639626,,,False
2025-05-27,4200083,지변동,128.87676045382563,37.771874023944235,2,12,True
2025-05-27,4201406,지암사입구,128.8326543984501,37.76849221810292,,,False
2025-05-27,4200412,진고개휴게소,128.65865259925027,37.84288643809636,4,0,True
2025-05-27,4200413,진고개휴게소,128.6587993033944,37.842974758114,,,False
2025-05-27,4200023,진골,128.863668793898,37.7068476306324,,,False
2025-05-27,4200284,진골,128.86337243060487,37.70683089545619,,,False
2025-05-27,4200044,차고지대기(미정차),128.93316603832002,37.76938974153612,1,0,True
2025-05-27,4200749,차돌광,128.92683577267843,37.75897194822883,0,3,True
2025-05-27,4200748,차돌광,128.92675717507132,37.75922428188879,5,0,True
2025-05-27,4200469,참샘,128.79799114449304,37.90957457625894,,,False
2025-05-27,4200638,천주교회,128.91475255178224,37.69917256372598,,,False
2025-05-27,4200637,천주교회,128.9146583268783,37.69918070112344,4,1,True
2025-05-27,4201070,철길건널목앞,128.9484470278131,37.73765389539244,2,0,True
2025-05-27,4201071,철길건널목앞,128.94850270661007,37.73757538406423,0,1,True
2025-05-27,4200219,청솔공원,128.84744835859598,37.832296445829655,10,2,True
2025-05-27,4200314,청솔공원,128.84780404863866,37.83218520189828,1,2,True
2025-05-27,4201234,초당분수공원,128.92421540479356,37.78614360918137,3,23,True
2025-05-27,4201233,초당분수공원,128.9221385517862,37.785996929695614,67,13,True
2025-05-27,4200617,초당순두부마을,128.91553146572582,37.791098464762065,0,4,True
2025-05-27,4200616,초당순두부마을,128.91545728509436,37.791144787216254,2,0,True
2025-05-27,4202175,큰방파제,128.83179865169402,37.89485760516111,,,False
2025-05-27,4200947,탑동교,128.84609145028975,37.66009383864923,8,0,True
2025-05-27,4200948,탑동교,128.84599983023696,37.66005118972853,0,3,True
2025-05-27,4200119,터미널오거리,128.88381140539954,37.755579088211434,104,14,True
2025-05-27,4200118,터미널오거리,128.8840640923818,37.75608209292866,31,39,True
2025-05-27,4200175,퇴곡,128.75248295369062,37.85110547320165,2,0,True
2025-05-27,4200174,퇴곡,128.75226108332112,37.851299039517386,,,False
2025-05-27,4200329,퇴곡1리경로당,128.74128473074444,37.849334595953835,7,0,True
2025-05-27,4200330,퇴곡1리경로당,128.7415928535256,37.84950756791581,1,2,True
2025-05-27,4200173,퇴곡2리,128.71633081209328,37.84807753595964,0,1,True
2025-05-27,4200032,퇴곡2리,128.71714904545294,37.84816614353958,2,0,True
2025-05-27,4200015,퇴곡2리마을회관,128.72561567385543,37.84863292575607,,,False
2025-05-27,4201200,파란바다지역아동센터,128.82465599155947,37.88451042268901,0,1,True
2025-05-27,4201146,파란바다지역아동센터,128.8248619925949,37.88456697851607,0,4,True
2025-05-27,4200529,판교2리마을회관,128.84660458171092,37.84287891189836,,,False
2025-05-27,4200391,판교리,128.86009464856716,37.83346652558502,,,False
2025-05-27,4200389,판교리,128.8629774027657,37.834258791663885,,,False
2025-05-27,4200733,평안의집,128.90510785537055,37.74063841474535,,,False
2025-05-27,4200734,평안의집,128.90504736881275,37.740698188102115,,,False
2025-05-27,4200921,평촌,128.84963218200156,37.552631723106046,,,False
2025-05-27,4200922,평촌,128.84954094616108,37.55267396579829,,,False
2025-05-27,4201236,포남2주공입구,128.91810027987142,37.77873395771816,2,31,True
2025-05-27,4201220,포남2주공입구,128.9179885478381,37.77901498558293,80,2,True
2025-05-27,4200318,포남시장,128.90766061502285,37.76392281820552,134,22,True
2025-05-27,4200084,풋살경기장옆,128.87680703199706,37.77165010517057,16,1,True
2025-05-27,4200806,프라자약국,128.87901214606964,37.728760157474696,3,0,True
2025-05-27,4200805,프라자약국,128.8789292364003,37.728699480498165,1,0,True
2025-05-27,4201091,피내,129.0067163489339,37.64587762691358,,,False
2025-05-27,4201090,피내,129.00674352158242,37.645808828332775,2,0,True
2025-05-27,4200359,하나로마트내곡점,128.88026417146904,37.7410809708167,136,1,True
2025-05-27,4200360,하나로마트내곡점,128.88016921110417,37.740597240336115,1,28,True
2025-05-27,4201315,하반암,128.98110553425494,37.584185619903295,,,False
2025-05-27,4201314,하반암,128.98089810223846,37.584168867911764,,,False
2025-05-27,4201132,하슬라아트월드,129.01185439171851,37.70733375846832,8,8,True
2025-05-27,4201131,하슬라아트월드,129.0118479436692,37.70752248078149,20,13,True
2025-05-27,4200110,하슬라중,128.90715554439282,37.77053362559672,131,12,True
2025-05-27,4200111,하슬라중,128.90761293140218,37.77043125987649,63,27,True
2025-05-27,4201063,하시동3리3반,128.96021404883618,37.74070043268972,,,False
2025-05-27,4201069,하시동3리3반,128.96017032919647,37.7406590489229,1,0,True
2025-05-27,4201065,하시동3리마을회관,128.95566357584553,37.73740461978908,,,False
2025-05-27,4200028,하시동3리마을회관,128.95568079152127,37.73745764026289,9,0,True
2025-05-27,4201182,하시동입구,128.94045988509035,37.73612720331248,1,0,True
2025-05-27,4201181,하시동입구,128.94066964706647,37.73622577281252,1,1,True
2025-05-27,4200131,하이빌현대아파트,128.8824547932286,37.764860822549025,21,16,True
2025-05-27,4200669,하이샤시,128.91728256074563,37.71407658570209,2,0,True
2025-05-27,4200670,하이샤시,128.91718137940222,37.71406745689133,,,False
2025-05-27,4200387,하평리,128.86670662673083,37.834355194382326,,,False
2025-05-27,4200386,하평리,128.86662078612576,37.834407329862614,2,0,True
2025-05-27,4200008,하평리,128.87213896973955,37.836286638716444,5,0,True
2025-05-27,4200228,학고개,128.8599242703853,37.80596957371411,11,2,True
2025-05-27,4200227,학고개,128.86104076560957,37.80452897124611,3,3,True
2025-05-27,4200718,학마을앞,128.88924569543022,37.716217165702425,,,False
2025-05-27,4200717,학마을앞,128.88924287497164,37.716130571204594,,,False
2025-05-27,4200720,학산1리,128.8893588713931,37.7158468763211,8,1,True
2025-05-27,4200697,학산1리,128.89410318195965,37.709756692977734,,,False
2025-05-27,4201424,학산1리,128.88951590870155,37.71580085246317,,,False
2025-05-27,4200703,학산2리,128.89237120059903,37.69808781147039,,,False
2025-05-27,4200709,학산2리마을회관,128.8886619883527,37.70619292326437,,,False
2025-05-27,4200710,학산2리마을회관,128.88859103012294,37.70624396434639,0,1,True
2025-05-27,4200657,학산3리마을회관,128.90349173805726,37.7044381914233,1,0,True
2025-05-27,4200658,학산3리마을회관,128.9032366866668,37.70451960385839,,,False
2025-05-27,4200664,학산기갑부대앞,128.9059307650165,37.71218874629587,,,False
2025-05-27,4200663,학산기갑부대앞,128.90587703156245,37.71210753958188,,,False
2025-05-27,4200695,학산둔지,128.89465764592643,37.71376560853827,,,False
2025-05-27,4200691,학산부대앞,128.9016572721052,37.71202064934549,,,False
2025-05-27,4200662,학산부대앞,128.90202642695186,37.711725950607516,1,0,True
2025-05-27,4200661,학산부대앞,128.9019476905442,37.7115824967992,,,False
2025-05-27,4200685,학산부대후문,128.90185937428248,37.71950094147702,,,False
2025-05-27,4200705,학산설래,128.89315390645208,37.69579111479832,,,False
2025-05-27,4200706,학산설래,128.8930578775653,37.69580131479523,2,0,True
2025-05-27,4200744,학우리,128.93367670500427,37.76075578732405,4,1,True
2025-05-27,4200157,한과마을,128.83514950759155,37.81456555427515,4,0,True
2025-05-27,4200158,한과마을,128.8351667630484,37.81469760511987,0,1,True
2025-05-27,4200251,한국은행,128.89406630781096,37.753485602290496,989,298,True
2025-05-27,4200095,한국자산관리공사,128.90111921880606,37.75827929877246,132,41,True
2025-05-27,4200780,한국폴리텍대학,128.8886097800722,37.73837235643407,7,2,True
2025-05-27,4200567,한내들아파트,128.8681446784216,37.75790349269205,90,2,True
2025-05-27,4200568,한내들아파트,128.86810919243274,37.75812879141779,,,False
2025-05-27,4202132,한라시멘트,129.05801411879924,37.61804339970914,0,1,True
2025-05-27,4202122,한라시멘트,129.0576841685535,37.617825813670024,3,0,True
2025-05-27,4201096,한라아파트,129.0309268732134,37.598168202920746,3,0,True
2025-05-27,4200737,한라아파트,129.03082754941428,37.598166681025575,,,False
2025-05-27,4200231,한밭입구,128.86496052027113,37.791610745411326,0,6,True
2025-05-27,4200230,한밭입구,128.86424835021418,37.79176559208253,14,3,True
2025-05-27,4200641,한빛마을입구,128.9070507747374,37.69408474392719,5,0,True
2025-05-27,4200642,한빛마을입구,128.90709305020837,37.69401534995285,,,False
2025-05-27,4200290,한솔초교,128.91448068318238,37.77500059793141,15,23,True
2025-05-27,4200289,한솔초교,128.9142086436632,37.775058134113436,139,8,True
2025-05-27,4200091,한옥마을,128.877399547533,37.77711052551884,0,7,True
2025-05-27,4200090,한옥마을,128.8775249835254,37.777067812459386,6,0,True
2025-05-27,4201141,한전사택,128.98448942076186,37.73113028141804,6,0,True
2025-05-27,4201142,한전사택,128.9844997909205,37.731015358793705,0,2,True
2025-05-27,4200872,할머니추어탕,128.85042441394495,37.73470101792724,,,False
2025-05-27,4201399,항생골입구,128.84855527295463,37.74848089866381,0,1,True
2025-05-27,4201400,항생골입구,128.84848669485692,37.7484721037036,1,0,True
2025-05-27,4200056,해당화연립,128.9356053065312,37.7785328972295,0,21,True
2025-05-27,4200055,해당화연립,128.93501598562065,37.778964657496246,53,16,True
2025-05-27,4200144,해살이,128.81433946380196,37.79231712471411,,,False
2025-05-27,4200143,해살이,128.81431621857197,37.79226836473926,2,0,True
2025-05-27,4200554,해송삼거리,128.92513343525474,37.78843042396744,6,0,True
2025-05-27,4200553,해송삼거리,128.9252087534945,37.78824187943356,4,3,True
2025-05-27,4201349,해수리튬연구센터,129.04470822782702,37.636135770169766,1,0,True
2025-05-27,4201346,해수리튬연구센터,129.0451313882053,37.63512172396965,,,False
2025-05-27,4200539,해오름쉼터,128.8415292308554,37.871715916564284,2,1,True
2025-05-27,4200517,해오름쉼터,128.8414184387453,37.87167485028107,2,0,True
2025-05-27,4200283,해운정,128.8896806331549,37.78564440698094,,,False
2025-05-27,4200074,해운정,128.8896478172347,37.78577024652339,2,0,True
2025-05-27,4200659,해찬들,128.90171063124305,37.70707432471398,4,0,True
2025-05-27,4200660,해찬들,128.9016482334898,37.707080017547234,,,False
2025-05-27,4200746,핸들,128.93045204662351,37.75995348297138,3,0,True
2025-05-27,4200747,핸들,128.9303807394757,37.75966393792041,0,1,True
2025-05-27,4200341,행정,128.7939888659289,37.852922738954625,0,1,True
2025-05-27,4200340,행정,128.79244492389662,37.85304272496013,5,0,True
2025-05-27,4200333,행정2리,128.7667909122159,37.85086547031576,,,False
2025-05-27,4200334,행정2리,128.76721113927047,37.850915515839276,,,False
2025-05-27,4201384,행정2리마을회관,128.7837597224069,37.85121868121593,1,0,True
2025-05-27,4200338,행정2리마을회관,128.783920231759,37.85143615617747,0,1,True
2025-05-27,4200177,행정2리신촌마을,128.7785874984292,37.85062890818297,,,False
2025-05-27,4200176,행정2리신촌마을,128.77862819412928,37.85045242944766,,,False
2025-05-27,4200232,행정마을,128.8694510816438,37.7889272082235,53,6,True
2025-05-27,4200233,행정마을,128.8703519994515,37.78859256038236,6,16,True
2025-05-27,4202176,향호리,128.8104013560146,37.915168235805275,,,False
2025-05-27,4200473,향호리,128.81023394642006,37.915207861254615,68,42,True
2025-05-27,4202177,향호리,128.81064186477658,37.91536952760439,,,False
2025-05-27,4200180,향호리,128.81000074924998,37.91526938265188,,,False
2025-05-27,4200470,향호삼거리,128.8055443775983,37.91039955131909,,,False
2025-05-27,4200467,향호저수지,128.78868941134147,37.904053051022615,2,2,True
2025-05-27,4200466,향호회관,128.8035439820285,37.89964778843476,2,0,True
2025-05-27,4200371,허균.허난설헌기념공원,128.9099040371541,37.79022786972901,9,11,True
2025-05-27,4201259,허균.허난설헌기념공원,128.90952498226952,37.789422425132265,2,10,True
2025-05-27,4200370,허균.허난설헌기념공원,128.90979333997709,37.79017067397969,2,0,True
2025-05-27,4201258,허균.허난설헌기념공원,128.9098403915302,37.789953897145395,27,0,True
2025-05-27,4200041,허균생가입구,128.91292892790995,37.78786454215139,11,0,True
2025-05-27,4200647,허난설헌삼거리,128.91326614067623,37.792240418323686,11,17,True
2025-05-27,4200098,허난설헌삼거리,128.9131333359753,37.79177727582709,9,19,True
2025-05-27,4202012,현내1리연탄직매장,129.03280124237224,37.6062049238953,,,False
2025-05-27,4202002,현내1리연탄직매장,129.03293193002432,37.60609468782852,0,1,True
2025-05-27,4201309,현내교,129.02932870216884,37.60121947406311,,,False
2025-05-27,4201308,현내교,129.02929130812174,37.60128987598838,,,False
2025-05-27,4200034,현내리,129.03644185085787,37.61785851158642,,,False
2025-05-27,4200046,현내리,129.03655884799974,37.617883796095704,,,False
2025-05-27,4200130,현대2차아파트,128.87999435131803,37.764311243841746,230,15,True
2025-05-27,4200591,현대모비스,128.98854560129584,37.70748766417137,,,False
2025-05-27,4200590,현대모비스,128.98862075193523,37.70745325617163,,,False
2025-05-27,4201207,현대자동차서비스,128.9189460603978,37.76507644083287,0,6,True
2025-05-27,4200326,현덕사입구,128.71038523685135,37.84696339414248,2,0,True
2025-05-27,4200172,현덕사입구,128.7097155940442,37.84705089816417,0,1,True
2025-05-27,4200045,형제막국수,128.86624288991882,37.755124519467394,7,1,True
2025-05-27,4209992,형제막국수,128.8658104402118,37.755293592514285,0,2,True
2025-05-27,4200265,혜성연립,128.91575952067353,37.76841531999017,17,73,True
2025-05-27,4200266,혜성연립,128.9154402649905,37.76852760326643,195,12,True
2025-05-27,4201064,호장골,128.96090744086658,37.738133233851606,,,False
2025-05-27,4201068,호장골,128.96083159328956,37.73815121425806,,,False
2025-05-27,4201405,홈방골,128.83894035853254,37.753110338802365,1,0,True
2025-05-27,4201029,홍제I.C,128.87894077910576,37.74749468304007,9,5,True
2025-05-27,4201028,홍제I.C,128.8794230311205,37.7473811776377,17,7,True
2025-05-27,4201030,홍제동주민센터,128.88454291738702,37.74807153236862,15,33,True
2025-05-27,4200067,홍제동주민센터,128.8842229051066,37.747848454396006,142,15,True
2025-05-27,4200683,화신주방,128.90243322099724,37.721781731022375,,,False
2025-05-27,4200615,화실길,128.85175310347609,37.575351952404525,,,False
2025-05-27,4200614,화실길,128.85164256606296,37.57535230419804,,,False
2025-05-27,4201324,황기골,128.95704823893803,37.573480554142556,,,False
2025-05-27,4201325,황기골,128.9570289624241,37.57336816682693,1,0,True
2025-05-27,4200845,회산교,128.86893532851613,37.74168123777201,1,8,True
2025-05-27,4200844,회산교,128.86938257728545,37.741799533605175,9,0,True
2025-05-27,4200398,회산종점,128.8605464983993,37.731597103272264,19,4,True
2025-05-27,4200847,회산주공1단지,128.87955033053632,37.744879735537495,0,12,True
2025-05-27,4200846,회산주공1단지,128.87934233274848,37.74463886683866,59,2,True
2025-05-27,4200758,회산주공2단지,128.8755135006868,37.7435978056025,1,11,True
2025-05-27,4200062,회산주공2단지,128.87633822960112,37.74368399842067,83,5,True
2025-05-27,4201115,효도마을,129.04503133124638,37.67430713535879,,,False
2025-05-27,4201114,효도마을,129.04512985205253,37.674325626528194,,,False
2025-05-27,4201293,흑시골,129.02374105990518,37.577665442657434,,,False
2025-05-27,4201292,흑시골,129.023679012477,37.57773843891508,,,False
2025-05-28,4201421,(구)월호평동사무소,128.93612294474602,37.73542207247549,,,False
2025-05-28,4200106,KT,128.91181164590185,37.77275858732733,351,26,True
2025-05-28,4200107,KT,128.9125052185983,37.77309475265464,61,82,True
2025-05-28,4200797,KTX공영주차장환승장,128.8967850727094,37.762190942376556,7,1,True
2025-05-28,4200547,e-편한세상아파트,128.895218937497,37.769600465674785,7,11,True
2025-05-28,4200546,e-편한세상아파트,128.89508217030252,37.76981271024109,30,6,True
2025-05-28,4200368,가둔지유적,128.882327030694,37.82527019767428,,,False
2025-05-28,4200369,가둔지유적,128.882153019297,37.82520493756786,2,0,True
2025-05-28,4200969,가마골,128.79478117549075,37.72231567644804,4,0,True
2025-05-28,4200533,가마골,128.79546755385968,37.722099902068294,,,False
2025-05-28,4201327,가사골,128.95364127595002,37.572947377645065,,,False
2025-05-28,4201326,가사골,128.95366508671376,37.57302501168563,,,False
2025-05-28,4201376,가작다리입구,128.8944549231389,37.76589747732919,11,2,True
2025-05-28,4201375,가작다리입구,128.8943546413669,37.766101443660936,1,0,True
2025-05-28,4200726,가축위생시험사업소,128.90125274168807,37.729547291652196,,,False
2025-05-28,4200725,가축위생시험사업소,128.90146946473587,37.729510021653965,,,False
2025-05-28,4200050,가톨릭관동대북문,128.8721246228799,37.73769671240302,72,5,True
2025-05-28,4200063,가톨릭관동대학교,128.87804152995903,37.738296118202754,395,87,True
2025-05-28,4200164,갈골한과,128.84368704633178,37.82462303691711,0,1,True
2025-05-28,4200163,갈골한과,128.84366180450007,37.82449975412136,,,False
2025-05-28,4200577,갈버든,128.96722169547306,37.666241797535086,,,False
2025-05-28,4200576,갈버든,128.9673126799485,37.66623695179046,,,False
2025-05-28,4200982,감나무민박,128.7987894816223,37.73785238030648,,,False
2025-05-28,4200981,감나무민박,128.79885844666603,37.737822198803215,,,False
2025-05-28,4200914,감자채종포마을,128.83346021183766,37.53338333057324,,,False
2025-05-28,4200915,감자채종포마을,128.8336264013535,37.53350667836036,3,0,True
2025-05-28,4200789,강남동주민센터,128.9049218912141,37.74425517651889,2,0,True
2025-05-28,4201177,강동면사무소,128.9546118972993,37.72728097155823,5,3,True
2025-05-28,4200005,강동무료주차장,129.03151265934136,37.688945395109045,,,False
2025-05-28,4200019,강동무료주차장,129.03136520192535,37.68890256497467,3,4,True
2025-05-28,4200016,강동종합복지회관,128.9534097899608,37.72765187744945,16,8,True
2025-05-28,4200026,강동종합복지회관,128.95225785335822,37.72821012800672,1,1,True
2025-05-28,4201178,강동하나로마트,128.95391314710383,37.72680705851969,0,1,True
2025-05-28,4200525,강동하나로마트,128.95401701690832,37.726761856774424,1,0,True
2025-05-28,4200542,강릉MBC,128.90392601394964,37.77039013888439,2,2,True
2025-05-28,4200058,강릉경찰서,128.906855517511,37.76775326359568,0,10,True
2025-05-28,4200057,강릉경찰서,128.90688706685629,37.768055768979885,71,4,True
2025-05-28,4200287,강릉고등학교,128.91470458416677,37.788540253578724,71,1,True
2025-05-28,4200101,강릉고입구,128.92013482012848,37.783607089094346,128,7,True
2025-05-28,4200102,강릉고입구,128.92044843215433,37.78352944320342,7,35,True
2025-05-28,4200048,강릉고정문,128.91587216477294,37.7875280017598,4,2,True
2025-05-28,4200047,강릉고정문,128.91550078840652,37.78828834947499,1,35,True
2025-05-28,4200112,강릉관광개발공사,128.9085231695166,37.76800046518587,23,13,True
2025-05-28,4200113,강릉관광개발공사,128.90865897771857,37.76820323697218,6,17,True
2025-05-28,4201024,강릉교도소,128.86643612221636,37.745817949506176,5,0,True
2025-05-28,4201023,강릉교도소,128.8655195073396,37.7459157793766,0,5,True
2025-05-28,4200430,강릉국민체육센터,128.89711747432256,37.77640154864734,2,10,True
2025-05-28,4200431,강릉국민체육센터,128.8964868887264,37.776906315186,21,1,True
2025-05-28,4200881,강릉기도원입구,128.8490436050476,37.69867520520206,,,False
2025-05-28,4200880,강릉기도원입구,128.84913047105903,37.69875658463013,,,False
2025-05-28,4201257,강릉녹색도시체험센터,128.90662264590688,37.78655657001431,12,1,True
2025-05-28,4201256,강릉녹색도시체험센터,128.90742209068117,37.786856581754364,2,5,True
2025-05-28,4201038,강릉농협중앙지점,128.90002047054392,37.7602043259228,20,11,True
2025-05-28,4201039,강릉농협중앙지점,128.8996914930678,37.76005119983009,10,17,True
2025-05-28,4200852,강릉대도호부관아,128.8916610029413,37.75117323796815,83,31,True
2025-05-28,4200853,강릉대도호부관아,128.89234522879923,37.75163825691615,18,81,True
2025-05-28,4200146,강릉면허시험장,128.81937813512624,37.79573671702786,,,False
2025-05-28,4200145,강릉면허시험장,128.81940419285692,37.79563172548221,,,False
2025-05-28,4200122,강릉문화원,128.8740921031382,37.75789663608161,8,35,True
2025-05-28,4201136,강릉바다내음캠핑장,129.00390469104653,37.71858688540818,,,False
2025-05-28,4201135,강릉바다내음캠핑장,129.0043696849979,37.7181216327924,,,False
2025-05-28,4200400,강릉복합복지체육센터,128.87000704257403,37.762859214055275,16,12,True
2025-05-28,4200401,강릉복합복지체육센터,128.87017698555522,37.76290354322161,7,6,True
2025-05-28,4200291,강릉소방서,128.87109869210374,37.758191496775595,8,8,True
2025-05-28,4200548,강릉소방서,128.87119323619314,37.7580009949989,115,11,True
2025-05-28,4200009,강릉솔향수목원,128.86668479243338,37.701851797491,,,False
2025-05-28,4201144,강릉승마장,128.9814636223547,37.728585253094074,0,1,True
2025-05-28,4201143,강릉승마장,128.98140559088012,37.728642395571235,1,0,True
2025-05-28,4200120,강릉시외.고속터미널,128.8792265208128,37.75505492071011,179,210,True
2025-05-28,4200121,강릉시외.고속터미널,128.87911620808939,37.75486594086855,512,107,True
2025-05-28,4201027,강릉시청,128.8780384572547,37.75085435055292,0,1,True
2025-05-28,4200750,강릉시청앞,128.88013307678156,37.753651204654936,2,0,True
2025-05-28,4201237,강릉아산병원(강릉방면),128.8575951802683,37.81786664293397,51,8,True
2025-05-28,4200446,강릉아산병원(주문진방면),128.8575142394361,37.817740516347506,10,18,True
2025-05-28,4200317,강릉아산병원.강릉약국,128.856152685967,37.816231407654854,280,23,True
2025-05-28,4200418,강릉아산병원.강릉약국,128.8564121349402,37.81631278949057,65,105,True
2025-05-28,4200612,강릉아이스아레나,128.89502259832767,37.78025795268572,16,1,True
2025-05-28,4200006,강릉아이스아레나,128.89519306784848,37.78029319605429,3,5,True
2025-05-28,4200094,강릉여고,128.90248424479844,37.75904463050879,222,129,True
2025-05-28,4201203,강릉여고정문,128.90560348975578,37.75872376948264,0,2,True
2025-05-28,4201202,강릉여고정문,128.90529773129947,37.759257611132256,5,0,True
2025-05-28,4200721,강릉역,128.8992580056024,37.76416330670135,476,180,True
2025-05-28,4200293,강릉역건너편,128.8990669694857,37.76400772021464,141,149,True
2025-05-28,4200624,강릉역공영주차장,128.89773544865136,37.76439168846434,1,7,True
2025-05-28,4200625,강릉역공영주차장,128.89784270199107,37.76437149155158,0,2,True
2025-05-28,4200319,강릉역육거리,128.90168116661832,37.76358515067785,5,3,True
2025-05-28,4200320,강릉역육거리,128.9015605860337,37.763796951176055,33,16,True
2025-05-28,4201022,강릉영동대학,128.8591288923703,37.74495955027462,1,46,True
2025-05-28,4201021,강릉영동대학,128.85922425091306,37.74487059276654,145,2,True
2025-05-28,4200850,강릉의료원,128.88880799404643,37.748819708567,27,20,True
2025-05-28,4200851,강릉의료원,128.89091430945297,37.74975576653371,21,22,True
2025-05-28,4200650,강릉자동차극장,128.89662514456037,37.69318993028765,,,False
2025-05-28,4200649,강릉자동차극장,128.89682798746503,37.69309290590324,4,0,True
2025-05-28,4200033,강릉전파관리소,128.83186726371997,37.85836861510729,,,False
2025-05-28,4200035,강릉전파관리소,128.83226068928573,37.85830420673383,,,False
2025-05-28,4200247,강릉제일고,128.8918779735197,37.759537356247826,61,52,True
2025-05-28,4200248,강릉제일고,128.89200478710157,37.759050283679514,62,27,True
2025-05-28,4200761,강릉중앙고,128.912160218414,37.75937561358479,2,6,True
2025-05-28,4200760,강릉중앙고,128.9128964493442,37.75959593531339,25,2,True
2025-05-28,4201197,강릉중입구,128.9042740269736,37.752586182446684,40,1,True
2025-05-28,4201196,강릉중입구,128.90469921141985,37.752586496675974,4,5,True
2025-05-28,4200321,강릉축산농협,128.9049229187372,37.76619229629584,6,21,True
2025-05-28,4201138,강릉통일공원,128.99659850067323,37.72434136600358,2,1,True
2025-05-28,4201137,강릉통일공원,128.99670944982654,37.7243539137021,1,0,True
2025-05-28,4209998,강문해변,128.91631032849583,37.79540813828357,10,7,True
2025-05-28,4200613,강문해변,128.91641678869786,37.79529298920251,17,30,True
2025-05-28,4201261,강문해변입구,128.9152492720649,37.794762154181576,2,33,True
2025-05-28,4201260,강문해변입구,128.91519487645675,37.79459950672752,68,4,True
2025-05-28,4200356,강원대학교,128.87391738137654,37.77033026766949,290,46,True
2025-05-28,4201041,강원대학교입구,128.87514521071003,37.77009542292022,24,8,True
2025-05-28,4201042,강원대학교입구,128.87494102107277,37.7696221436885,12,8,True
2025-05-28,4200085,강원대학교입구,128.874129341808,37.77078800232456,,,False
2025-05-28,4209996,강원대학교치과대학병원,128.86960214597158,37.764020747480245,,,False
2025-05-28,4209995,강원대학교치과대학병원,128.86959763767547,37.76381436688745,2,3,True
2025-05-28,4200086,강원대학교후문,128.8748802531449,37.77322772576275,0,17,True
2025-05-28,4200087,강원대학교후문,128.87498639848286,37.77315204059329,69,1,True
2025-05-28,4200059,강원도교육연수원,128.9180532877992,37.78499697853126,1,0,True
2025-05-28,4200100,강원도교육연수원,128.91813970318609,37.785074864473685,0,36,True
2025-05-28,4200205,강원도립대,128.82840415011668,37.87652579934979,154,33,True
2025-05-28,4200206,강원도립대,128.8283096996467,37.87693859362977,63,53,True
2025-05-28,4200836,강원예술고교,128.8616868324728,37.72543906074348,1,0,True
2025-05-28,4200837,강원예술고교,128.86150617422848,37.725488347649346,,,False
2025-05-28,4200081,강일여고정문,128.88831689919587,37.76415997041872,1,1,True
2025-05-28,4200082,강일여고정문,128.8875516595327,37.76393626119314,1,1,True
2025-05-28,4200840,강일운수(회산한신더휴아파트),128.8635961632995,37.73687831617277,41,0,True
2025-05-28,4200841,강일운수(회산한신더휴아파트),128.86326996430768,37.736857601908014,0,7,True
2025-05-28,4200834,개화대,128.8608572684192,37.723176690790936,,,False
2025-05-28,4200835,개화대,128.8607659459164,37.72312828112019,2,0,True
2025-05-28,4200899,검뎅이골위,128.78664108542844,37.649625029205744,2,0,True
2025-05-28,4200898,검뎅이골위,128.78655586032616,37.64966319680761,,,False
2025-05-28,4200522,게스트하우스거리,128.8339253329715,37.896167167389095,3,4,True
2025-05-28,4200531,게스트하우스거리,128.83380690814315,37.89613511363595,2,0,True
2025-05-28,4200103,경포고교,128.9190546436117,37.78057981084284,11,21,True
2025-05-28,4200288,경포고교,128.91881546540267,37.78075927662396,273,3,True
2025-05-28,4200073,경포대.참소리박물관,128.89723222843386,37.79547838966498,0,2,True
2025-05-28,4200072,경포대.참소리박물관,128.89706080745114,37.7955214111198,16,0,True
2025-05-28,4200077,경포동주민센터,128.88052383810168,37.78412865726848,2,3,True
2025-05-28,4200078,경포동주민센터,128.8806150484207,37.78405330055861,0,1,True
2025-05-28,4200061,경포중학교,128.90033514931517,37.74283267675838,,,False
2025-05-28,4200618,경포중학교,128.90069076576023,37.743138298255545,,,False
2025-05-28,4200080,경포초등학교,128.87893593974582,37.76974854746925,96,9,True
2025-05-28,4201242,경포해변,128.9052529004403,37.80440358093674,212,158,True
2025-05-28,4200323,경포해변,128.90582022350918,37.80466237027648,25,22,True
2025-05-28,4201420,경포해변(종점),128.9052815401602,37.80443707912235,,,False
2025-05-28,4200071,경포현대아파트,128.90335968993816,37.80120612421906,5,8,True
2025-05-28,4200070,경포현대아파트,128.90338270723402,37.80169652808461,58,2,True
2025-05-28,4201267,경포호,128.91154424859525,37.79966287216199,8,44,True
2025-05-28,4201266,경포호,128.91144337577538,37.79931158521169,33,10,True
2025-05-28,4200918,고단,128.84976344595395,37.5207024756447,,,False
2025-05-28,4201394,고단,128.84964328725079,37.520715172151846,,,False
2025-05-28,4201392,고단2.3리교차로,128.8353830314886,37.52461528706331,,,False
2025-05-28,4200917,고단2.3리교차로,128.8355935759617,37.52458832137048,,,False
2025-05-28,4200916,고단2.3리교차로,128.83542781016814,37.524465083382744,5,0,True
2025-05-28,4202165,고단3리,128.81638819970956,37.540155755487774,,,False
2025-05-28,4202166,고단3리,128.81639746865173,37.540229174022585,,,False
2025-05-28,4201396,고단경로당,128.83061361145448,37.52560229950637,,,False
2025-05-28,4201395,고단경로당,128.83055880947413,37.52554334571904,,,False
2025-05-28,4201390,고단보건소,128.84167794386417,37.52176894228016,,,False
2025-05-28,4201389,고단보건소,128.84161540861714,37.52185303156361,,,False
2025-05-28,4200115,고용센터,128.8890663454416,37.75714942132559,75,41,True
2025-05-28,4200114,고용센터,128.88893105798073,37.75744085258255,37,32,True
2025-05-28,4201113,곰두리연수원,129.04780833020064,37.667941690344094,,,False
2025-05-28,4201112,곰두리연수원,129.04789745395954,37.66792061520934,,,False
2025-05-28,4200153,공군부대앞,128.9401442605218,37.74622686326912,,,False
2025-05-28,4201061,공군부대앞,128.94003300356817,37.746317953634374,1,0,True
2025-05-28,4201186,공군부대입구,128.93000750087512,37.7400489172058,,,False
2025-05-28,4201187,공군부대입구,128.93007021980833,37.739837207659924,0,2,True
2025-05-28,4201062,공군부대후문,128.95917736919824,37.74910624884217,4,1,True
2025-05-28,4201209,공단,128.92205416940635,37.765196014305694,35,0,True
2025-05-28,4200191,공단,128.92224127533925,37.765245144772656,1,10,True
2025-05-28,4201025,공제마을,128.87156333276334,37.74608024312632,6,2,True
2025-05-28,4201026,공제마을,128.87155618347816,37.74635646052236,1,6,True
2025-05-28,4200379,과학교차로,128.85431089568786,37.79406859939951,,,False
2025-05-28,4200380,과학교차로,128.85488574683825,37.79412119394899,,,False
2025-05-28,4202174,관동중학교,128.88185544452548,37.756909416385795,,,False
2025-05-28,4202173,관동중학교,128.88157113042865,37.75688715011548,,,False
2025-05-28,4201228,관솔길,128.86971281684745,37.739544628947385,10,0,True
2025-05-28,4201229,관솔길,128.86962790539826,37.73951707468259,0,1,True
2025-05-28,4200860,관음1리,128.82994944568443,37.72835720885695,1,0,True
2025-05-28,4200863,관음1리,128.81811453963772,37.738720613334934,2,0,True
2025-05-28,4200861,관음1리노인회관,128.82663819526005,37.73031764277183,,,False
2025-05-28,4200569,교2동주민센터,128.8921038226677,37.76840335678918,69,58,True
2025-05-28,4202155,교동하늘채스카이파크,128.90139949657416,37.77044271657007,,,False
2025-05-28,4201221,교동하늘채스카이파크,128.90200271905258,37.770481553669924,3,1,True
2025-05-28,4200622,교동한신아파트,128.90061649844188,37.76762859683901,10,1,True
2025-05-28,4200623,교동한신아파트,128.90062829229592,37.76751299917391,,,False
2025-05-28,4200253,교보생명,128.89811415297848,37.756002485379526,2826,1439,True
2025-05-28,4201224,교통안전교육장,128.94081916548228,37.76277976059592,0,2,True
2025-05-28,4201225,교통안전교육장,128.94086858039023,37.762907619978066,4,0,True
2025-05-28,4200465,교항2리금용교,128.81051132966252,37.87794196218265,1,0,True
2025-05-28,4200464,교향2리금용교,128.81059960534566,37.877872107197874,,,False
2025-05-28,4200264,구)동해상사,128.91165113985977,37.76683747950902,135,10,True
2025-05-28,4200217,구라미,128.8421871924033,37.84071328241807,6,4,True
2025-05-28,4200216,구라미,128.84187680750063,37.84088026429458,18,1,True
2025-05-28,4200215,구라미휴게소,128.8412803433516,37.845869087009575,4,2,True
2025-05-28,4200312,구라미휴게소,128.84078612253998,37.84523742281921,5,4,True
2025-05-28,4200128,구름다리,128.87743298775584,37.764682397677966,328,33,True
2025-05-28,4200127,구름다리,128.87654770197503,37.764512872809554,40,106,True
2025-05-28,4200820,구정마을회관,128.87139646095704,37.71008533483099,5,1,True
2025-05-28,4200821,구정마을회관,128.87144937425245,37.71002947764621,8,0,True
2025-05-28,4200814,구정면사무소,128.88002787863965,37.71794143004597,3,0,True
2025-05-28,4200813,구정면사무소,128.87999133744066,37.71800809783438,1,1,True
2025-05-28,4200812,구정보건지소,128.88246310473926,37.72030864287925,2,0,True
2025-05-28,4201422,구정옥봉길,128.8928182495002,37.70145893549343,,,False
2025-05-28,4200811,구정자율방범대,128.88237819871995,37.72033853165244,1,4,True
2025-05-28,4200315,구터미널,128.8988430353628,37.76163002626936,45,15,True
2025-05-28,4200619,국립수산물품질관리원,128.82606517101954,37.891507384213114,68,11,True
2025-05-28,4200711,굴산사입구,128.88905996426578,37.70832144703753,,,False
2025-05-28,4200699,굴산사지,128.89328371501892,37.70698044216881,,,False
2025-05-28,4201251,궁궁동,128.7299683412454,37.880375202506656,6,4,True
2025-05-28,4200417,궁궁소,128.67164304000795,37.843611675479615,,,False
2025-05-28,4200681,금강사입구,128.90287627896166,37.72624677465358,,,False
2025-05-28,4200682,금강사입구,128.90297134006664,37.726211833119876,,,False
2025-05-28,4200628,금광1리마을회관,128.91600348378523,37.70952097409381,,,False
2025-05-28,4201385,금광1리마을회관,128.91594038830377,37.70955296171714,,,False
2025-05-28,4200667,금광교회입구,128.91743884657853,37.711688785639396,2,0,True
2025-05-28,4200668,금광교회입구,128.91734376603898,37.7117034048731,,,False
2025-05-28,4200635,금광리1반,128.9143131847074,37.70220671426674,3,0,True
2025-05-28,4200636,금광리1반,128.91440542620646,37.702215446502585,,,False
2025-05-28,4200672,금광리성황당,128.91735327783445,37.717909805835454,,,False
2025-05-28,4200671,금광리성황당,128.9174498206258,37.717903115802514,2,0,True
2025-05-28,4200665,금광삼거리,128.91515459286336,37.70904726058568,6,0,True
2025-05-28,4200666,금광삼거리,128.91521668110562,37.70911511431863,,,False
2025-05-28,4200632,금광정미소,128.9154068776427,37.70823176641904,,,False
2025-05-28,4200631,금광정미소,128.91530343519958,37.70823344476309,,,False
2025-05-28,4201018,금산,128.85573010993187,37.74018242418162,,,False
2025-05-28,4201017,금산,128.8558273611666,37.7401726731367,1,0,True
2025-05-28,4200858,금산1리경로당,128.83882591103156,37.7302092460205,,,False
2025-05-28,4201014,금산2리,128.8489374376084,37.736639355017815,3,3,True
2025-05-28,4201013,금산2리,128.84906667066036,37.736625360708075,19,0,True
2025-05-28,4201012,금산남밭,128.8447607772083,37.73146258389618,0,3,True
2025-05-28,4200862,금산남밭,128.84482898011785,37.73142005932311,1,1,True
2025-05-28,4201020,금산입구,128.8576797637003,37.74318792289404,,,False
2025-05-28,4201019,금산입구,128.85784327525297,37.7432987440744,25,0,True
2025-05-28,4201016,금산장수마을,128.85163955991283,37.738245657769,,,False
2025-05-28,4201015,금산장수마을,128.85168575797542,37.73818340581975,1,0,True
2025-05-28,4201344,금진2리마을회관,129.0433695932886,37.64179516691084,,,False
2025-05-28,4201345,금진2리마을회관,129.04327917048357,37.641779891088895,1,0,True
2025-05-28,4201342,금진초교,129.04347549729948,37.63336468757593,,,False
2025-05-28,4201343,금진초교,129.04343902328037,37.63345845978064,,,False
2025-05-28,4201108,금진항,129.05240741359285,37.652884325935844,1,0,True
2025-05-28,4201109,금진항,129.05231089842698,37.65294332211634,,,False
2025-05-28,4201347,금진해변,129.04374932629693,37.63904067736818,,,False
2025-05-28,4201348,금진해변,129.04365646301486,37.63903832962265,1,0,True
2025-05-28,4201107,금진해양파출소,129.04894882127985,37.652089382747484,,,False
2025-05-28,4200017,금진해양파출소,129.04913775965355,37.65213019488429,3,3,True
2025-05-28,4201053,금호어울림,128.9156520837289,37.754995794611034,37,0,True
2025-05-28,4201054,금호어울림,128.91590296498018,37.75518531900659,0,6,True
2025-05-28,4200025,금호어울림정문,128.9194883208178,37.754726898441014,,,False
2025-05-28,4200751,금호어울림정문,128.91957971290998,37.754473371718376,8,3,True
2025-05-28,4200988,기도원삼거리,128.7947703606971,37.75829009149865,3,0,True
2025-05-28,4200989,기도원삼거리,128.79494112774387,37.75822759306287,,,False
2025-05-28,4200801,기산아파트,128.8795888615329,37.73406712685544,0,2,True
2025-05-28,4200802,기산아파트,128.87993356966643,37.73422591779592,3,0,True
2025-05-28,4201371,기스목이골,128.9690415480403,37.6284779460996,1,0,True
2025-05-28,4200024,까치골,129.02541919838254,37.69553819595472,,,False
2025-05-28,4201185,까치골,129.02590617324884,37.695440046965246,,,False
2025-05-28,4201351,낙풍1리경로당,129.0340430096228,37.620207611399294,,,False
2025-05-28,4201350,낙풍1리경로당,129.034020875236,37.62025949844816,,,False
2025-05-28,4201339,낙풍교,129.03403331310147,37.625467245037875,,,False
2025-05-28,4201340,낙풍교,129.03370052447866,37.6252600803972,1,0,True
2025-05-28,4201095,낙풍리입구,129.03490564391961,37.623384805058976,3,2,True
2025-05-28,4201094,낙풍리입구,129.03474260887603,37.62332181243499,,,False
2025-05-28,4200654,남강릉IC입구,128.9004512852528,37.70007553036854,,,False
2025-05-28,4200653,남강릉IC입구,128.90059387366637,37.69980820493369,3,0,True
2025-05-28,4200049,남강초교,128.91338089940805,37.76735161096919,34,57,True
2025-05-28,4201198,남대천.강릉교,128.9010015999516,37.75454267936518,30,199,True
2025-05-28,4201199,남대천.강릉교,128.9010687000649,37.75417893755025,564,45,True
2025-05-28,4200021,남밭,128.84058789182106,37.72883964188799,,,False
2025-05-28,4201379,남밭,128.84064951853864,37.72871037302059,6,0,True
2025-05-28,4200873,남밭,128.8415299784495,37.72906449025603,,,False
2025-05-28,4201011,남밭,128.84079334848028,37.72889804215958,0,4,True
2025-05-28,4202167,남부노인종합복지관,128.91383118471262,37.752564379737024,,,False
2025-05-28,4202168,남부노인종합복지관,128.91401073487134,37.753047049518,,,False
2025-05-28,4200781,남산삼익아파트,128.8901808969545,37.74229155338584,9,0,True
2025-05-28,4200782,남산삼익아파트,128.89009058765018,37.74235973416757,0,1,True
2025-05-28,4200798,남산입구,128.8920065213286,37.747695999509396,,,False
2025-05-28,4200783,남산초교,128.8913405517673,37.744206285908824,27,0,True
2025-05-28,4200784,남산초교,128.89124028586525,37.74425071826271,0,2,True
2025-05-28,4200785,남산현대아파트,128.89462531897348,37.74186237968639,16,0,True
2025-05-28,4200786,남산현대아파트,128.89442793639103,37.74202687203957,2,3,True
2025-05-28,4201289,남양1리경로당,129.03162816015924,37.582429974327795,,,False
2025-05-28,4201288,남양1리경로당,129.03154436503664,37.58248287177823,,,False
2025-05-28,4201296,남양2리경로당,129.012950139964,37.56658372788056,3,0,True
2025-05-28,4201295,남양2리교,129.01486079643942,37.57192160373686,,,False
2025-05-28,4201294,남양2리교,129.01479874463647,37.571994595503725,,,False
2025-05-28,4200738,남양3리마을회관,129.03540040998968,37.59157285051617,,,False
2025-05-28,4201283,남양3리입구,129.03313884463265,37.593033115433954,,,False
2025-05-28,4201287,남양리옛경로당,129.03508624074675,37.582691373708194,,,False
2025-05-28,4200596,남양보건진료소,129.030003520806,37.581216311095346,,,False
2025-05-28,4200597,남양보건진료소,129.02994555182676,37.58125941742724,,,False
2025-05-28,4200741,남항진,128.95055410190812,37.76391565217945,,,False
2025-05-28,4200740,남항진,128.95041066307658,37.76404538789595,11,0,True
2025-05-28,4200739,남항진해변,128.95440005417075,37.764111085296946,35,17,True
2025-05-28,4200655,내곡과수원,128.901945977448,37.70187078093137,1,0,True
2025-05-28,4200656,내곡과수원,128.9017164423086,37.70199871134109,,,False
2025-05-28,4200066,내곡교,128.88659128664105,37.74625364038564,7,1,True
2025-05-28,4200001,내곡교,128.88717490623026,37.74653766880734,14,37,True
2025-05-28,4200357,내곡교,128.88814500034871,37.745625057468914,83,8,True
2025-05-28,4200800,내곡동주민센터,128.88065784045662,37.7384607745783,,,False
2025-05-28,4200799,내곡동주민센터,128.88038166245803,37.73840220332427,,,False
2025-05-28,4200366,내곡한라아파트,128.88110089995297,37.74513149140333,2,9,True
2025-05-28,4201208,내곡한라아파트,128.88109989979574,37.744994216797494,40,0,True
2025-05-28,4200848,내곡현대아파트,128.8834148503297,37.74546973753321,27,2,True
2025-05-28,4200849,내곡현대아파트,128.88327994384045,37.74557191636756,5,5,True
2025-05-28,4201286,너구리골,129.0453774808948,37.58278119535933,,,False
2025-05-28,4201381,너다리,128.85390220166778,37.83022805772032,,,False
2025-05-28,4200154,너다리,128.85384039907868,37.83030516388511,0,2,True
2025-05-28,4200147,노동3리,128.82566919932256,37.79922359821094,2,0,True
2025-05-28,4200148,노동3리,128.8256207085255,37.79927586550659,0,1,True
2025-05-28,4200149,노동리,128.82874179258144,37.80069747027654,2,0,True
2025-05-28,4200150,노동리,128.82882389300474,37.80095549884616,0,1,True
2025-05-28,4201416,노동상리경로당,128.8298366569875,37.803466498207534,1,0,True
2025-05-28,4201415,노동상리경로당,128.82974913139455,37.80349598363215,,,False
2025-05-28,4200161,노동하리.우리정미소,128.8414822247496,37.82225221697478,2,0,True
2025-05-28,4200162,노동하리.우리정미소,128.84138542146533,37.82227295047229,,,False
2025-05-28,4200159,노동회관,128.83796621765993,37.818138280477356,7,0,True
2025-05-28,4200160,노동회관,128.8379192525419,37.818202495776156,0,1,True
2025-05-28,4200773,노암대림아파트,128.89670020630172,37.7443968332287,15,0,True
2025-05-28,4200772,노암대림아파트,128.8964957795506,37.74447513098166,0,2,True
2025-05-28,4200790,노암한라아파트,128.9030338994368,37.744009473539954,14,0,True
2025-05-28,4201195,노암현대아파트,128.9064519321124,37.750397397899654,1,3,True
2025-05-28,4200756,녹원아파트,128.9163613451306,37.7599236396456,1,12,True
2025-05-28,4200156,농업기술센터,128.83374479432362,37.810623749433574,,,False
2025-05-28,4200155,농업기술센터,128.8338261188764,37.81060324304077,3,0,True
2025-05-28,4201105,농협주유소,129.03818611643504,37.61343914150935,,,False
2025-05-28,4200803,농협창고,128.87887127233301,37.73227146178355,,,False
2025-05-28,4200804,농협창고,128.87906447230628,37.732212820532425,1,0,True
2025-05-28,4201352,다리목,129.03192147742433,37.6205042855377,,,False
2025-05-28,4201353,다리목,129.03198761433356,37.62043300135372,,,False
2025-05-28,4200768,단오문화관,128.8967729024353,37.7481043414214,0,2,True
2025-05-28,4200901,닭목골,128.78595382346253,37.64781596633364,,,False
2025-05-28,4200900,닭목골,128.78583483882048,37.64776835827971,0,2,True
2025-05-28,4200687,담산1리,128.90238189653846,37.71752043471821,,,False
2025-05-28,4200689,담산2리,128.90107050248153,37.7152173518283,,,False
2025-05-28,4200693,대경상사앞,128.89804496237466,37.71104193868198,,,False
2025-05-28,4200968,대관령박물관,128.80478202234156,37.716950876906495,1,0,True
2025-05-28,4200967,대관령박물관,128.80456089771366,37.71714451138875,0,3,True
2025-05-28,4201414,대굴령목공소,128.7963265827597,37.72854223767263,1,0,True
2025-05-28,4200991,대궁산장,128.7956519785838,37.75672773187815,,,False
2025-05-28,4200990,대궁산장,128.7955529097602,37.75668446239291,3,0,True
2025-05-28,4200913,대기1리경로당,128.79579724292137,37.56561101591886,1,0,True
2025-05-28,4200912,대기1리경로당,128.79557170937235,37.565622156510386,,,False
2025-05-28,4200764,대목아파트,128.91036775859212,37.7552461618319,9,13,True
2025-05-28,4200707,대성사입구,128.88866018338805,37.699701320397004,,,False
2025-05-28,4200708,대성사입구,128.88799509811798,37.70047298433208,0,1,True
2025-05-28,4201279,더글로리촬영지,128.82911039533775,37.904460082879105,24,0,True
2025-05-28,4201280,더글로리촬영지,128.82924239568416,37.90441068117994,0,13,True
2025-05-28,4201056,더샵아파트,128.91218064135074,37.749852342787776,,,False
2025-05-28,4201055,더샵아파트,128.91179177957773,37.7496554344983,,,False
2025-05-28,4201192,더샵아파트후문,128.90917534552304,37.74798409080578,4,1,True
2025-05-28,4200385,덕실리,128.83425245451167,37.806566789081664,1,1,True
2025-05-28,4200883,덕중상사입구,128.84174479743382,37.70242273367911,,,False
2025-05-28,4200882,덕중상사입구,128.8418138875879,37.70249050751822,1,0,True
2025-05-28,4200512,덕현리,128.92611817321585,37.705859421056175,,,False
2025-05-28,4200513,덕현리,128.92602088648235,37.70591024035886,2,0,True
2025-05-28,4201170,덕현리마을회관,128.92969308316043,37.71031249336467,1,0,True
2025-05-28,4201169,덕현리마을회관,128.92976451553793,37.71025688950383,,,False
2025-05-28,4201172,덕현리입구,128.9336781922055,37.71393030895838,,,False
2025-05-28,4201171,덕현리입구,128.93375842948848,37.71390020089169,,,False
2025-05-28,4201273,도깨비촬영지,128.83285849096714,37.88049253785593,11,2,True
2025-05-28,4201274,도깨비촬영지,128.83366615521564,37.879702674494396,2,1,True
2025-05-28,4200953,도마1리경로당,128.83580313705878,37.675863266048,2,0,True
2025-05-28,4200954,도마1리경로당,128.83571199204746,37.67583487527786,0,2,True
2025-05-28,4202142,도직리,129.067789814241,37.60871993490825,1,0,True
2025-05-28,4202152,도직리,129.06871069327684,37.60826859797961,,,False
2025-05-28,4200911,도화목이,128.79899268103495,37.57580683121861,6,0,True
2025-05-28,4200910,도화목이,128.79876118261876,37.575812376849754,,,False
2025-05-28,4201184,독송마을회관,128.93632837845826,37.737443377869745,,,False
2025-05-28,4201183,독송마을회관,128.93638737959347,37.73749824702616,5,0,True
2025-05-28,4200593,동광주유소,128.988869023967,37.71446203608272,,,False
2025-05-28,4200592,동광주유소,128.98895762865502,37.71450646675624,,,False
2025-05-28,4201157,동그린,128.96124692830767,37.71693200282111,4,0,True
2025-05-28,4201156,동그린,128.96116060941432,37.71694910240202,,,False
2025-05-28,4200260,동남아파트,128.9088062489658,37.764638779656714,75,112,True
2025-05-28,4200322,동도센트리움,128.90456486009336,37.76619195310031,48,5,True
2025-05-28,4200104,동명중학교,128.91637238303827,37.777185998905715,56,0,True
2025-05-28,4200105,동명중학교,128.9161008666347,37.77658681943468,23,8,True
2025-05-28,4200970,동물사랑센터,128.8298483336448,37.69899913101563,,,False
2025-05-28,4200934,동물사랑센터,128.8296897075576,37.69907525653717,,,False
2025-05-28,4200011,동부아파트,128.9151327017873,37.78401368458876,123,0,True
2025-05-28,4200545,동산교,129.03188210282585,37.596478436012994,,,False
2025-05-28,4201180,동양석재,128.95027125993667,37.731215731549426,,,False
2025-05-28,4201179,동양석재,128.9503404370837,37.730986647751536,,,False
2025-05-28,4200342,동양시멘트입구,128.80418115038393,37.85051141718022,,,False
2025-05-28,4200343,동양시멘트입구,128.80439889049126,37.850687991240484,,,False
2025-05-28,4200109,동인병원입구,128.9094857690125,37.77102450992961,25,56,True
2025-05-28,4200108,동인병원입구,128.90953558421478,37.77125258486367,178,13,True
2025-05-28,4201426,동해식품,128.89855245250976,37.72443751894129,,,False
2025-05-28,4200950,둔지마을,128.8402142080388,37.66721532951788,0,2,True
2025-05-28,4200949,둔지마을,128.84032622893565,37.667211942204936,3,0,True
2025-05-28,4200944,들꽃마을,128.85442858144177,37.65082634282393,0,2,True
2025-05-28,4200943,들꽃마을,128.85452027887206,37.65078274958405,2,1,True
2025-05-28,4200831,등고비,128.8616371241439,37.71615919045265,,,False
2025-05-28,4200830,등고비,128.86171284130654,37.716127363746615,1,0,True
2025-05-28,4201134,등명락가사,129.0099873440744,37.71142599542753,1,0,True
2025-05-28,4201133,등명락가사,129.01030860073715,37.71121753055649,4,4,True
2025-05-28,4201129,등명해변,129.01625265982383,37.701980786481954,7,4,True
2025-05-28,4201130,등명해변,129.015876711037,37.70233040602598,1,3,True
2025-05-28,4200736,똑갑재,128.9084947975427,37.742997829596284,0,1,True
2025-05-28,4200735,똑갑재,128.9083233266339,37.74372779918021,3,0,True
2025-05-28,4200262,로얄아파트.포남1동주민센터,128.90933288179943,37.76545703763149,200,16,True
2025-05-28,4201010,롯데물류센터,128.83446803238593,37.72201867130479,0,1,True
2025-05-28,4201380,롯데물류센터,128.83451710426255,37.72199688820527,3,0,True
2025-05-28,4202154,롯데캐슬시그니처,128.88177646219214,37.761744282876045,9,3,True
2025-05-28,4202157,롯데캐슬시그니처,128.88150991460472,37.76169156053964,5,3,True
2025-05-28,4200042,롯데캐슬아파트,128.89120929799194,37.766948306391974,174,30,True
2025-05-28,4201037,말나눔터공원,128.8946789617544,37.758644529934365,1,0,True
2025-05-28,4200538,망월이마을,128.792107212951,37.72942872713486,2,0,True
2025-05-28,4200524,망월이마을,128.7922011149757,37.729439560975074,,,False
2025-05-28,4200626,명륜고교후문,128.8957168427019,37.761692970005,,,False
2025-05-28,4200627,명륜고교후문,128.8959116900896,37.761745147071196,,,False
2025-05-28,4200220,모래내행복센터,128.84888855200666,37.82654759560158,56,22,True
2025-05-28,4200221,모래내행복센터,128.84881781800846,37.82675602435266,17,12,True
2025-05-28,4201121,모래시계공원,129.03719508337943,37.68592446993947,33,19,True
2025-05-28,4201122,모래시계공원,129.0380673722024,37.685653946463454,,,False
2025-05-28,4200728,모산초교,128.90028293302265,37.73143070810136,0,1,True
2025-05-28,4200727,모산초교,128.90037137412145,37.73145457144734,2,0,True
2025-05-28,4201254,모안이서낭당,128.90286872766467,37.783490145093076,0,2,True
2025-05-28,4201255,모안이서낭당,128.90266311761613,37.78356022910187,5,2,True
2025-05-28,4201155,모전1리,128.96150382823714,37.719819173700856,,,False
2025-05-28,4201154,모전1리,128.96141013771185,37.71981098253356,,,False
2025-05-28,4201159,모전리,128.95776740747448,37.71232268018703,,,False
2025-05-28,4201158,모전리,128.95769412799663,37.712385507146145,,,False
2025-05-28,4200031,모전리.돌평,128.95074649026657,37.70985195102544,3,1,True
2025-05-28,4201162,모전리.돌평,128.95076445202812,37.70977883566453,,,False
2025-05-28,4201073,모전삼거리,128.96506056244797,37.72569325398637,13,0,True
2025-05-28,4201072,모전삼거리,128.96457294836412,37.72564861436484,3,7,True
2025-05-28,4200941,목계리,128.8539720247843,37.64675613253988,,,False
2025-05-28,4200937,목계리경로당,128.85926935902992,37.63755434898131,,,False
2025-05-28,4200938,목계리경로당,128.85882831535346,37.63808751377066,,,False
2025-05-28,4200935,목계마을회관,128.8591158870725,37.63273899723025,5,0,True
2025-05-28,4200936,목계마을회관,128.8589875953329,37.632647124497325,1,3,True
2025-05-28,4201358,몽탕골,129.01871214696766,37.61920866828569,,,False
2025-05-28,4201359,몽탕골,129.01872766257262,37.61915302416518,1,0,True
2025-05-28,4200979,무시골,128.79407884048865,37.737843607578455,,,False
2025-05-28,4200980,무시골,128.79415740714765,37.73788769905595,,,False
2025-05-28,4200895,무위사입구,128.79048797979135,37.65800841053956,1,0,True
2025-05-28,4200894,무위사입구,128.7904596075833,37.65806985505733,,,False
2025-05-28,4200088,문성고등학교,128.8747975765768,37.776789915738114,71,1,True
2025-05-28,4200089,문성고등학교,128.87460137001867,37.776791669303456,1,10,True
2025-05-28,4201191,문암정,128.91520371371126,37.744240782298405,4,1,True
2025-05-28,4201190,문암정,128.91570481769043,37.74371491111339,,,False
2025-05-28,4200810,문화마을,128.88042620487306,37.72295333667196,1,0,True
2025-05-28,4200809,문화마을,128.88033505218718,37.72293252489115,0,1,True
2025-05-28,4200384,미노리,128.86484857598091,37.82971678699962,,,False
2025-05-28,4200388,미노마을입구,128.86381568177012,37.83417468045317,,,False
2025-05-28,4200543,미디어촌5단지,128.86758571434657,37.753701754139904,205,64,True
2025-05-28,4200621,미라보아파트,128.90255177945858,37.769019304198096,,,False
2025-05-28,4200620,미라보아파트,128.902500537792,37.76907532540921,4,1,True
2025-05-28,4200676,박월동마을회관,128.9141099667606,37.7303231623845,,,False
2025-05-28,4200675,박월동마을회관,128.91430313467623,37.73038001057271,11,0,True
2025-05-28,4200745,반쟁이,128.93382070402052,37.76052490759301,,,False
2025-05-28,4201092,밤재휴게소,129.01588441130582,37.643605803090345,,,False
2025-05-28,4201093,밤재휴게소,129.01598617822128,37.64361623880892,,,False
2025-05-28,4200226,방골마을입구,128.8558844116181,37.81329996910386,6,18,True
2025-05-28,4200069,방골마을입구,128.85540756146614,37.81366779247799,37,3,True
2025-05-28,4200137,방축거리,128.88360346383243,37.77333257715457,1,7,True
2025-05-28,4200136,방축거리,128.88380882582484,37.773889373429355,0,1,True
2025-05-28,4200940,방터골입구,128.8542224426066,37.642387639932174,,,False
2025-05-28,4200939,방터골입구,128.8543538779494,37.64239089992679,2,0,True
2025-05-28,4200519,방학골,128.82351587730795,37.90381462090833,14,0,True
2025-05-28,4200521,방학골,128.82291244813646,37.90463362511824,0,17,True
2025-05-28,4200945,백운암입구,128.8503640197509,37.65589468864246,2,0,True
2025-05-28,4200946,백운암입구,128.8502357538194,37.655869833853565,,,False
2025-05-28,4201153,버당말,128.96287505180277,37.72274811896261,8,0,True
2025-05-28,4201152,버당말,128.96277963489464,37.72278384606697,1,2,True
2025-05-28,4201290,버들골,129.02605567209912,37.579297897903295,,,False
2025-05-28,4201291,버들골,129.02611729989363,37.57922947953465,,,False
2025-05-28,4200336,버들교,128.77473855753414,37.850247080571705,2,0,True
2025-05-28,4200673,버들교,128.91800220365803,37.72225137691791,3,0,True
2025-05-28,4200335,버들교,128.77324803807656,37.850410055201316,,,False
2025-05-28,4200674,버들교,128.9179091300679,37.722227707735385,,,False
2025-05-28,4200904,벌말,128.77753093157395,37.586312333418526,,,False
2025-05-28,4200235,법원.검찰청,128.8739503928752,37.785042447818554,30,31,True
2025-05-28,4200234,법원.검찰청,128.87342400102995,37.78526073982707,54,21,True
2025-05-28,4201067,벽산블루밍아파트,128.82413067836563,37.88870981452805,,,False
2025-05-28,4201193,병무청,128.90845061267927,37.74811821805219,13,6,True
2025-05-28,4201194,병무청,128.90730907557136,37.749719639382455,6,1,True
2025-05-28,4200361,보건소,128.8822115594926,37.743635964592464,1,41,True
2025-05-28,4200065,보건소,128.8829859719751,37.74393637256719,125,1,True
2025-05-28,4200580,보건진료소,128.97335780368653,37.6877997329295,1,0,True
2025-05-28,4200581,보건진료소,128.97326166656484,37.6877802990832,,,False
2025-05-28,4200541,보광리,128.7969029719891,37.73733219171309,,,False
2025-05-28,4200540,보광리,128.79683168120394,37.73726419118738,2,0,True
2025-05-28,4200965,보광리입구,128.81696481575804,37.72096716251408,,,False
2025-05-28,4201003,보광리입구,128.81690957708614,37.721147642825436,,,False
2025-05-28,4201235,보광리체험학습장,128.80754877575424,37.738056785776784,,,False
2025-05-28,4200977,보광리체험학습장,128.80793365498167,37.73787511002778,6,0,True
2025-05-28,4200998,보광리체험학습장,128.8076688924087,37.73819161617253,,,False
2025-05-28,4200986,보광보건진료소,128.80534439890508,37.738079523472834,,,False
2025-05-28,4200985,보광보건진료소,128.8054363627245,37.73800718407803,,,False
2025-05-28,4200995,보광본동,128.79947706651464,37.746310402073284,0,1,True
2025-05-28,4200994,보광본동,128.79938186856992,37.746227466734425,2,0,True
2025-05-28,4200983,보광평,128.8024466454297,37.73817584117786,1,0,True
2025-05-28,4200984,보광평,128.8025237456016,37.73822613746055,1,0,True
2025-05-28,4200730,보리사입구,128.89777570598176,37.73631225974452,,,False
2025-05-28,4200729,보리사입구,128.89785144363964,37.73626831506908,,,False
2025-05-28,4200186,보성연립,128.82551362915504,37.901974724913615,10,0,True
2025-05-28,4200298,보성연립,128.82558444232305,37.90204313561504,0,6,True
2025-05-28,4200301,보현사입구주차장,128.78312046358457,37.738359845157134,,,False
2025-05-28,4200014,보현사종점,128.79263641819853,37.73803701177597,,,False
2025-05-28,4200978,보현사종점,128.7926653824033,37.738105478358804,,,False
2025-05-28,4202161,부귀터,128.77935529659743,37.83384969713505,,,False
2025-05-28,4202162,부귀터,128.7794599312011,37.83385966124151,2,0,True
2025-05-28,4200410,부연동입구,128.6565982881532,37.84023340079426,1,0,True
2025-05-28,4200411,부연동입구,128.65649150006797,37.84037999546802,,,False
2025-05-28,4200134,부영2차아파트,128.88281079370944,37.77016072015751,114,40,True
2025-05-28,4200135,부영2차아파트,128.8825125758686,37.77002923948558,31,7,True
2025-05-28,4200792,부흥마을,128.90633218029933,37.74678151751788,3,0,True
2025-05-28,4200791,부흥마을,128.90637359052232,37.746896583401664,1,0,True
2025-05-28,4200261,북강릉IC,128.84425534198513,37.83689529134246,0,4,True
2025-05-28,4201374,북동리종점,128.97206281726505,37.61168685078856,2,0,True
2025-05-28,4201365,북동리회관,128.9920439010217,37.61732896340916,,,False
2025-05-28,4201364,북동리회관,128.99203781944024,37.61727491738219,,,False
2025-05-28,4200224,북부노인대학,128.85070066292354,37.820164105652225,4,1,True
2025-05-28,4200225,북부노인대학,128.85083641112433,37.82016343083045,5,12,True
2025-05-28,4200207,북부노인종합복지관,128.83062989490628,37.8743072338123,98,36,True
2025-05-28,4200208,북부노인종합복지관,128.83042321750824,37.874681277863154,77,46,True
2025-05-28,4200192,북부지구대,128.829270567591,37.89460960314925,9,40,True
2025-05-28,4200193,북부지구대,128.82860680406648,37.894535177399845,100,5,True
2025-05-28,4201075,분수동,129.02442625222523,37.68416226671518,9,0,True
2025-05-28,4201074,분수동,129.02438633004448,37.68420512704344,0,2,True
2025-05-28,4201323,비상거리,128.96147017456914,37.57419041505788,1,0,True
2025-05-28,4201322,비상거리,128.96170555823903,37.574443710141345,,,False
2025-05-28,4200277,비치소라아파트,128.93435177478304,37.77578862012879,2,20,True
2025-05-28,4200434,사근진해변,128.898597450209,37.812322584245415,3,2,True
2025-05-28,4200435,사근진해변,128.89766129562162,37.81294729745145,9,5,True
2025-05-28,4200140,사기막,128.80639533289897,37.79268220157816,3,0,True
2025-05-28,4201231,사기막리,128.81838250417627,37.7939296154463,1,0,True
2025-05-28,4201230,사기막리,128.8183214702477,37.793964034615996,,,False
2025-05-28,4200142,사기막마을회관,128.8109379000351,37.79306001321451,,,False
2025-05-28,4200141,사기막마을회관,128.81090286737634,37.79301923903732,3,0,True
2025-05-28,4200919,사반,128.8467909201167,37.5342056043505,2,0,True
2025-05-28,4200920,사반,128.84669362641395,37.534157761808984,,,False
2025-05-28,4200714,사이말교,128.88798046545247,37.71196552544221,3,0,True
2025-05-28,4200713,사이말교,128.88807348333134,37.711972121452696,,,False
2025-05-28,4200924,사이소재길,128.8475369146747,37.557798436516386,,,False
2025-05-28,4200923,사이소재길,128.8476417163746,37.55780194237984,,,False
2025-05-28,4200223,사천면사무소,128.84914337332015,37.8229406699122,83,17,True
2025-05-28,4200222,사천면사무소,128.84928192865996,37.82385848393331,46,41,True
2025-05-28,4200449,사천물회거리,128.8755979856823,37.838072593350674,13,1,True
2025-05-28,4200447,사천물회거리,128.8757309061334,37.83810545841113,16,8,True
2025-05-28,4202163,사천보헤미안커피,128.86756687053622,37.84672399113912,,,False
2025-05-28,4202164,사천보헤미안커피,128.8676784641814,37.846752776517754,,,False
2025-05-28,4200294,사천중학교,128.84663312060465,37.82670813694838,1,0,True
2025-05-28,4200165,사천중학교,128.84662013233944,37.82677848556301,1,0,True
2025-05-28,4201238,사천진리,128.87339689589916,37.83812340174815,8,4,True
2025-05-28,4202159,사천진바위섬,128.87633882234948,37.84060226740597,5,3,True
2025-05-28,4202160,사천진바위섬,128.8764473285357,37.8406481132808,0,2,True
2025-05-28,4209999,사천진해변,128.87344886491002,37.842977470664934,,,False
2025-05-28,4201268,사천진해변,128.87339749147367,37.84293833117085,6,3,True
2025-05-28,4200444,사천캠핑장,128.87516834469744,37.831731302711255,0,1,True
2025-05-28,4200445,사천캠핑장,128.8750445298634,37.831686225915426,2,4,True
2025-05-28,4200442,사천해변,128.87869491904522,37.828713817312966,3,0,True
2025-05-28,4200443,사천해변,128.87827311977188,37.82882341864164,3,0,True
2025-05-28,4201321,산계2리,128.97229539203417,37.57962245004452,1,0,True
2025-05-28,4201320,산계2리,128.97246971139714,37.57976114585706,,,False
2025-05-28,4201328,산계리종점,128.9460355736469,37.57495852194761,3,0,True
2025-05-28,4200440,산대월리.순포,128.88547702493108,37.822903011074914,2,0,True
2025-05-28,4200441,산대월리.순포,128.88527417343033,37.822868850849,1,1,True
2025-05-28,4200383,산대월리마을회관,128.8709163724858,37.815914215160845,2,0,True
2025-05-28,4200594,산두골,128.9840168065266,37.71859873395223,5,0,True
2025-05-28,4200595,산두골,128.98401664518687,37.71851617972176,,,False
2025-05-28,4200179,산림조합,128.81641190280698,37.85471554225067,,,False
2025-05-28,4200295,산림조합,128.81634583702206,37.85478178935546,,,False
2025-05-28,4200877,산북,128.84586150037325,37.704935503831294,,,False
2025-05-28,4200875,산북2리경로당,128.83409128779982,37.71149810424752,,,False
2025-05-28,4200876,산북2리경로당,128.83404425902265,37.71143075108243,,,False
2025-05-28,4201060,산성우1리,129.0046545324227,37.68347462505554,8,2,True
2025-05-28,4201084,산성우2리,129.01725588482054,37.67160656267303,,,False
2025-05-28,4201085,산성우2리,129.01735333412336,37.671618793132126,,,False
2025-05-28,4201083,산성우2리마을회관,129.02279471216545,37.67820045840464,1,0,True
2025-05-28,4201082,산성우2리마을회관,129.02269902654416,37.678299838704675,0,1,True
2025-05-28,4201031,삼개사입구,128.88695285563512,37.7503693771254,23,1,True
2025-05-28,4201032,삼개사입구,128.88684645443755,37.75026780562399,5,12,True
2025-05-28,4200867,삼거리,128.83456155956415,37.745154825533675,,,False
2025-05-28,4200866,삼거리,128.8345942629299,37.74509162495973,1,0,True
2025-05-28,4200455,삼교리종점,128.74996246309584,37.87971842334567,6,0,True
2025-05-28,4200456,삼교리종점,128.7500022864006,37.879776675728266,,,False
2025-05-28,4201370,삼밭골,128.97299626468876,37.625881433054694,1,0,True
2025-05-28,4201369,삼밭골,128.97299344360636,37.62595039665499,,,False
2025-05-28,4200514,삼산,128.69251552941094,37.84710607104921,,,False
2025-05-28,4200516,삼산,128.6925944995912,37.847189566163216,,,False
2025-05-28,4200170,삼산1리,128.70464319375566,37.845506729172776,1,2,True
2025-05-28,4200171,삼산1리,128.7047914618132,37.84575283130434,0,1,True
2025-05-28,4200324,삼산1리마을회관,128.7032068078098,37.84670520300259,0,1,True
2025-05-28,4200325,삼산1리마을회관,128.7039248000704,37.84665394357494,,,False
2025-05-28,4200408,삼산4리,128.65358585892187,37.836375046564235,,,False
2025-05-28,4200409,삼산4리,128.65339766055644,37.8363605430016,,,False
2025-05-28,4200426,삼산보건진료소,128.69992094735875,37.846599335592536,1,0,True
2025-05-28,4200427,삼산보건진료소,128.6999017867484,37.84667116560819,,,False
2025-05-28,4200328,삼산분소,128.72806310762525,37.8484167632985,0,4,True
2025-05-28,4201411,삼성디지털센터,128.89671612387085,37.758421567843364,1,0,True
2025-05-28,4200365,삼성디지털센터,128.8966989039856,37.75811194350719,44,21,True
2025-05-28,4200987,삼왕,128.79442364222726,37.75959705206606,2,0,True
2025-05-28,4200267,삼우은성아파트,128.91973659122027,37.77025900516923,21,39,True
2025-05-28,4200268,삼우은성아파트,128.91881978171756,37.77007704319862,188,10,True
2025-05-28,4200054,삼익아파트,128.93336344346523,37.7794509217129,2,28,True
2025-05-28,4200358,삼창그린맨션,128.88749893563826,37.744743384730015,18,3,True
2025-05-28,4200310,삼천리아파트,128.8379309322555,37.8689470039461,162,52,True
2025-05-28,4200211,삼천리아파트,128.8383288212433,37.86906384505761,152,58,True
2025-05-28,4200732,삼흥사,128.901198738292,37.739798973918525,2,1,True
2025-05-28,4200731,삼흥사,128.90121043083064,37.739730650079785,1,0,True
2025-05-28,4200925,삽당령휴게소,128.85348981301368,37.57765377589509,1,0,True
2025-05-28,4200926,삽당령휴게소,128.85335366163847,37.57771787179165,,,False
2025-05-28,4201429,삿갓2교,128.89440260554116,37.72191310597893,,,False
2025-05-28,4200022,상근내,128.7796924207031,37.8773758413694,3,0,True
2025-05-28,4200099,상근내,128.77960655925375,37.87745059496862,,,False
2025-05-28,4201317,상반암,128.97555145054721,37.581507187334616,,,False
2025-05-28,4201316,상반암,128.97543453934762,37.581480242671276,,,False
2025-05-28,4201318,상반암2교,128.97515057257976,37.579938893006116,,,False
2025-05-28,4201319,상반암2교,128.97526025138177,37.580104674041834,,,False
2025-05-28,4201173,상시동,128.94246528458484,37.71818427280178,2,0,True
2025-05-28,4201174,상시동,128.94244611636475,37.71825557931822,1,0,True
2025-05-28,4201175,상시동2리마을구판장,128.9490236053727,37.7224263738442,2,0,True
2025-05-28,4201176,상시동2리마을구판장,128.94913379195222,37.72251033214177,,,False
2025-05-28,4200526,새이골,128.79025907473746,37.85322227035808,1,1,True
2025-05-28,4200957,새재마을,128.8242487855186,37.68544901419477,2,0,True
2025-05-28,4200958,새재마을,128.8242669560502,37.685279144065696,0,1,True
2025-05-28,4201360,샘골,129.00918544930587,37.619230471502696,,,False
2025-05-28,4201361,샘골,129.0091899817426,37.61916886212585,,,False
2025-05-28,4200974,샘골식당,128.8117504319814,37.72973210273536,1,0,True
2025-05-28,4200973,샘골식당,128.81165805890132,37.72970284088515,2,0,True
2025-05-28,4200932,샘터휴게실,128.8616379939255,37.62586846407014,0,1,True
2025-05-28,4200931,샘터휴게실,128.86196479739877,37.62603907325114,6,0,True
2025-05-28,4200515,서당마을,128.8153409524242,37.87964681225348,1,0,True
2025-05-28,4200842,서희아파트,128.86542964738,37.739494273568006,2,22,True
2025-05-28,4200843,서희아파트,128.86634677134685,37.73976016715972,99,0,True
2025-05-28,4200139,석교2리마을회관,128.82066862382376,37.842307094394954,,,False
2025-05-28,4200992,석불사입구,128.79428550244546,37.75401121249684,,,False
2025-05-28,4200993,석불사입구,128.79436174094738,37.75400145159608,,,False
2025-05-28,4200076,선교장,128.88470029533363,37.78507057730054,20,2,True
2025-05-28,4200075,선교장,128.8853532167783,37.785455385598155,6,2,True
2025-05-28,4200236,선교장입구,128.87978791945434,37.782182641690056,41,22,True
2025-05-28,4200237,선교장입구,128.8801857915523,37.78222354537227,21,27,True
2025-05-28,4201250,선수촌8단지,128.87011109214671,37.76078977894948,75,3,True
2025-05-28,4201249,선수촌8단지,128.87029355520082,37.76060110592661,22,11,True
2025-05-28,4200534,선자령고개입구,128.79239579933846,37.73245610705835,,,False
2025-05-28,4200537,선자령고개입구,128.79231046446523,37.732508544183865,,,False
2025-05-28,4201310,설암마을,128.99822461811513,37.59527911024018,,,False
2025-05-28,4201311,설암마을,128.9983494117808,37.59541501641899,,,False
2025-05-28,4201189,섬석교,128.92156879198023,37.740684165183964,1,1,True
2025-05-28,4201188,섬석교,128.92171052547354,37.74090783532175,6,0,True
2025-05-28,4200854,성내동광장,128.89469082592495,37.750838877146485,2,0,True
2025-05-28,4200855,성내동광장,128.89488299521074,37.75095303991505,0,4,True
2025-05-28,4201046,성덕동주민센터,128.91533375948597,37.76294836172143,0,5,True
2025-05-28,4201045,성덕동주민센터,128.91516594318634,37.762763608124146,5,0,True
2025-05-28,4200765,성덕초등학교,128.91017117535122,37.75573609872045,68,3,True
2025-05-28,4201004,성산,128.82713990486903,37.71438975242994,0,1,True
2025-05-28,4201005,성산,128.8271623742617,37.714502339268236,7,2,True
2025-05-28,4201009,성산면사무소,128.832602033901,37.718970827982346,8,11,True
2025-05-28,4201008,성산면사무소,128.83255254171343,37.71856830087688,36,10,True
2025-05-28,4201007,성산치안센터,128.8310696649731,37.7159774839219,1,11,True
2025-05-28,4201006,성산치안센터,128.83090633919258,37.71566752965487,19,1,True
2025-05-28,4200422,성원사입구,128.6867712693139,37.847205451671535,5,0,True
2025-05-28,4200423,성원사입구,128.68646040632865,37.84726485901322,,,False
2025-05-28,4200817,성황당,128.87341590911527,37.71242819076422,1,0,True
2025-05-28,4200818,성황당,128.8735164959862,37.712407011021696,1,0,True
2025-05-28,4201425,성황당교,128.89068764552184,37.7193346055837,,,False
2025-05-28,4200550,세인트존스호텔,128.9216970367292,37.79098344901958,9,4,True
2025-05-28,4200549,세인트존스호텔,128.92167986735865,37.790864197302774,4,3,True
2025-05-28,4202156,세인트존스호텔,128.92066155176954,37.789921292283566,2,6,True
2025-05-28,4202158,세인트존스호텔,128.9208321964743,37.79000919070631,7,0,True
2025-05-28,4200167,소금강산,128.71230365715414,37.82166854276753,1,0,True
2025-05-28,4200166,소금강산,128.7124812586759,37.82175517040325,1,0,True
2025-05-28,4200327,소금강산돌박물관,128.72545746023172,37.848484193808346,14,0,True
2025-05-28,4200168,소금강산분교,128.710000116687,37.83125700946602,3,0,True
2025-05-28,4200169,소금강산분교,128.70996109009303,37.83105237281379,0,1,True
2025-05-28,4200429,소금강산삼거리,128.70652525366145,37.84687236867498,,,False
2025-05-28,4200428,소금강산삼거리,128.70675214581883,37.84674771999477,4,0,True
2025-05-28,4200419,소금강산종점,128.70783064886766,37.81649025417566,3,2,True
2025-05-28,4200337,소금강산체험학습장,128.78576790854493,37.85169587352382,2,0,True
2025-05-28,4200184,소돌,128.82175443074843,37.905415537268986,85,6,True
2025-05-28,4200185,소돌,128.8213252547112,37.90592204016269,4,23,True
2025-05-28,4200523,소돌해변,128.82357421556765,37.90742431202615,,,False
2025-05-28,4200518,소돌해변,128.8237001059589,37.9072478711743,4,0,True
2025-05-28,4200002,소돌해변입구,128.81905535960837,37.90780434670355,0,3,True
2025-05-28,4200633,소양가든,128.91470984838725,37.70545388269156,2,0,True
2025-05-28,4200634,소양가든,128.91482886328737,37.70544797167058,,,False
2025-05-28,4200609,소재골길,128.92430261228944,37.73030112286398,,,False
2025-05-28,4200608,소재골길,128.9243373158486,37.73032246539831,,,False
2025-05-28,4200126,솔올공연장,128.87424793205705,37.763507530751156,127,12,True
2025-05-28,4200125,솔올공연장,128.87460623301726,37.76366952964576,13,72,True
2025-05-28,4200060,솔올중학교,128.8798722504925,37.77163504014371,28,5,True
2025-05-28,4200822,솔향수목원입구,128.8693376080556,37.70921581710481,,,False
2025-05-28,4200823,솔향수목원입구,128.86937194102438,37.70931046077696,1,0,True
2025-05-28,4201165,송담서원,128.92985457221653,37.6927197945936,3,1,True
2025-05-28,4200351,송림,128.82064394298325,37.85559369331711,0,2,True
2025-05-28,4200350,송림,128.8201619228096,37.85539548451919,3,0,True
2025-05-28,4200347,송림2리,128.81062888375345,37.853558399575036,2,0,True
2025-05-28,4200346,송림2리,128.8099436136846,37.853407423711076,,,False
2025-05-28,4200345,송림2리경로당,128.80789598964623,37.85203614474543,,,False
2025-05-28,4200344,송림2리경로당,128.807966000434,37.85197372236723,2,0,True
2025-05-28,4200510,송림길,128.8252555621319,37.855656749226185,,,False
2025-05-28,4200511,송림길,128.8248292251072,37.8557650289636,,,False
2025-05-28,4200372,송암,128.82637877635176,37.78089823387296,3,0,True
2025-05-28,4200374,송암리노인복지회관,128.8371281193178,37.78167045367396,0,3,True
2025-05-28,4200373,송암리노인복지회관,128.83714806452136,37.781611643083856,6,0,True
2025-05-28,4200560,송양초교,128.84779064633727,37.75738270190068,0,1,True
2025-05-28,4200559,송양초교,128.84774510140426,37.757348769268916,2,0,True
2025-05-28,4200274,송정노인회관,128.93141909498914,37.77512821569013,195,4,True
2025-05-28,4200272,송정동주민센터,128.92775106138072,37.77430053196711,66,3,True
2025-05-28,4200271,송정동주민센터,128.9281580126049,37.77420386430584,4,26,True
2025-05-28,4200052,송정래미안,128.93038982126572,37.78292573478735,6,4,True
2025-05-28,4200051,송정래미안,128.93021609974548,37.78282723196739,1,5,True
2025-05-28,4200273,송정신원아침도시,128.93190852770562,37.774810233413945,3,64,True
2025-05-28,4200275,송정한신아파트입구,128.93667614488956,37.77380916737768,0,29,True
2025-05-28,4200276,송정한신아파트입구,128.93668274097607,37.7740287226972,153,1,True
2025-05-28,4201386,송정한신아파트후문,128.93962441064605,37.773612640324636,72,3,True
2025-05-28,4200263,송정한신아파트후문,128.9386138022858,37.773558747641985,3,16,True
2025-05-28,4200280,송정해변,128.9381119893655,37.77768849372205,54,0,True
2025-05-28,4201265,송정해변,128.937243026154,37.779799396228796,14,0,True
2025-05-28,4201264,송정해변,128.93690998005923,37.77994173288209,1,4,True
2025-05-28,4200404,송천,128.64305128748416,37.832454612861596,,,False
2025-05-28,4200405,송천,128.64294987987037,37.832536995608294,0,2,True
2025-05-28,4200399,송천종점,128.63433752494774,37.82213931034025,2,0,True
2025-05-28,4200300,수협사거리,128.8314095884837,37.895774457125356,5,25,True
2025-05-28,4200190,수협사거리,128.83119347169236,37.89590191816579,85,6,True
2025-05-28,4200436,순긋해변,128.89252003394913,37.81667547893821,1,2,True
2025-05-28,4200437,순긋해변,128.89288352206873,37.81622289476459,5,0,True
2025-05-28,4201241,순두부마을,128.8929863409179,37.7864529101926,0,1,True
2025-05-28,4201240,순두부마을,128.89327386744634,37.786738816066666,4,0,True
2025-05-28,4200439,순포해변,128.8896479640838,37.81947984719446,1,0,True
2025-05-28,4200438,순포해변,128.8909555032514,37.81845994015455,0,1,True
2025-05-28,4200004,숲사랑홍보관,128.85126457297872,37.81878304910103,5,7,True
2025-05-28,4200828,신광사입구,128.85959135500886,37.70844237993537,1,0,True
2025-05-28,4200829,신광사입구,128.85953628339269,37.70852190735515,1,0,True
2025-05-28,4200279,신도브래뉴,128.93862914925478,37.77730338810464,0,24,True
2025-05-28,4202169,신라모노그램,128.92993128709296,37.78509796814699,,,False
2025-05-28,4202172,신라모노그램,128.92730314100064,37.78470637599459,,,False
2025-05-28,4202170,신라모노그램,128.92998485011893,37.785132389833336,,,False
2025-05-28,4202171,신라모노그램,128.92766337576,37.78423838201166,,,False
2025-05-28,4200068,신석,128.9222626638924,37.73522591649743,1,0,True
2025-05-28,4201244,신석,128.92220564964913,37.73521532481458,0,1,True
2025-05-28,4200570,신석입구,128.92112104933958,37.74060070408295,,,False
2025-05-28,4200571,신석입구,128.92121434678074,37.740633508275124,,,False
2025-05-28,4200605,신석종점,128.92550135841566,37.72411554187395,,,False
2025-05-28,4200604,신석종점,128.92548856169705,37.724168770541205,3,0,True
2025-05-28,4200610,신석회관,128.922128840552,37.73330388403426,4,0,True
2025-05-28,4200611,신석회관,128.92206674319968,37.733298030104976,,,False
2025-05-28,4200563,신암동산,128.856450486855,37.759838948235505,,,False
2025-05-28,4200564,신암동산,128.85644693333413,37.7598894548062,,,False
2025-05-28,4200252,신영극장,128.8961287589657,37.75448236011555,2263,2185,True
2025-05-28,4200395,신왕리,128.7909165521197,37.84823170892436,,,False
2025-05-28,4200396,신왕리,128.79081224615587,37.848255771655694,,,False
2025-05-28,4200393,신왕리마을회관,128.78881339413073,37.84406973819415,,,False
2025-05-28,4200394,신왕리마을회관,128.78872771686466,37.84404617250474,,,False
2025-05-28,4200392,신왕종점,128.77479795503757,37.82848497778013,1,2,True
2025-05-28,4200339,신왕초등학교,128.78962228209244,37.85282870829282,1,0,True
2025-05-28,4200178,신왕초등학교.소금강산체험학습장,128.7874843369829,37.85236789721056,1,0,True
2025-05-28,4200376,신평교,128.84751858457875,37.787025988717744,,,False
2025-05-28,4200375,신평교,128.8476422534893,37.786964946063456,,,False
2025-05-28,4200795,신화아파트,128.89739318948855,37.749293198227164,,,False
2025-05-28,4200796,신화아파트,128.8983309878122,37.7493513359141,,,False
2025-05-28,4201111,심곡,129.05072825701674,37.66496744031941,45,0,True
2025-05-28,4201110,심곡,129.05054407613815,37.66494664843006,3,7,True
2025-05-28,4200885,심불사입구,128.83994507873663,37.70295599504848,,,False
2025-05-28,4200884,심불사입구,128.84001194474018,37.70305298286866,,,False
2025-05-28,4201118,썬크루즈,129.0440946513368,37.6820368944123,4,2,True
2025-05-28,4201373,아래흐내,128.97754794808964,37.614630687418135,,,False
2025-05-28,4201372,아래흐내,128.9775173341677,37.61462843088557,,,False
2025-05-28,4201388,안고단,128.81682784184864,37.52450097063033,,,False
2025-05-28,4200865,안곡,128.82914470078177,37.745465477199204,1,0,True
2025-05-28,4200871,안곡약수터입구,128.8379137142218,37.73973940790299,,,False
2025-05-28,4200020,안곡약수터입구,128.8378468662133,37.73975627758666,1,0,True
2025-05-28,4200869,안국고개입구,128.83777031179514,37.74152814933456,,,False
2025-05-28,4200868,안국고개입구,128.8377139800973,37.741484552653596,,,False
2025-05-28,4201043,안목,128.94526892930932,37.77285146151794,252,0,True
2025-05-28,4200281,안목.강릉항,128.94934241574012,37.770520507065875,,,False
2025-05-28,4201040,안목.강릉항,128.94944155473152,37.77036079213364,,,False
2025-05-28,4201057,안목커피거리,128.94590416266868,37.77225695392567,27,0,True
2025-05-28,4201044,안목커피거리,128.94543559396536,37.77260342997581,16,188,True
2025-05-28,4200244,안목커피거리,128.94578809167245,37.77230230429985,0,36,True
2025-05-28,4201263,안목해변,128.94493768408068,37.774178194287636,27,0,True
2025-05-28,4201262,안목해변,128.9453268042541,37.77365094131008,0,12,True
2025-05-28,4200587,안소재길,128.84955884022355,37.563768804870946,,,False
2025-05-28,4200586,안소재길,128.84946322181048,37.56376109313163,,,False
2025-05-28,4201139,안인,128.98934561422945,37.734014720107886,25,2,True
2025-05-28,4201140,안인,128.98934458573052,37.73394318769602,0,8,True
2025-05-28,4200599,안인삼거리,128.98037760076,37.72789657042197,,,False
2025-05-28,4200598,안인삼거리,128.98042188065915,37.72782929827981,,,False
2025-05-28,4201148,안인화력발전소,128.97827596831831,37.72739115413768,23,0,True
2025-05-28,4201149,안인화력발전소,128.97827482863894,37.727294808983075,1,4,True
2025-05-28,4201001,암반욕체험장,128.8174715505199,37.72568745788923,,,False
2025-05-28,4201002,암반욕체험장,128.81756412801548,37.725703466430105,,,False
2025-05-28,4200528,앞무쇠골,128.7909149887738,37.735806871417466,,,False
2025-05-28,4200535,앞무쇠골,128.7907679545247,37.73580475645548,,,False
2025-05-28,4200187,양양고개,128.82805578782853,37.90002854060149,55,2,True
2025-05-28,4200188,양양고개,128.82822436017406,37.899998054568016,0,24,True
2025-05-28,4201243,양우내안애아파트,128.90225216607172,37.751490811466354,,,False
2025-05-28,4201245,양우내안애아파트,128.9018874469489,37.75145322200816,,,False
2025-05-28,4200201,양조장,128.8258300942643,37.881274388703744,172,29,True
2025-05-28,4201403,양지골,128.84419682263942,37.754675826474795,,,False
2025-05-28,4201404,양지골,128.8442384161847,37.75462833677575,,,False
2025-05-28,4201357,양지마을,129.0219835892014,37.61975733717636,1,0,True
2025-05-28,4201356,양지마을,129.02194175334466,37.619812201556556,,,False
2025-05-28,4201354,양지말상,129.02550426571582,37.620299361941775,,,False
2025-05-28,4201355,양지말상,129.02549637985018,37.62023673439294,1,0,True
2025-05-28,4200651,어단1리,128.89857868128925,37.69687081252176,3,1,True
2025-05-28,4200652,어단1리,128.89835375718442,37.69689880719406,,,False
2025-05-28,4200644,어단1리마을회관,128.90166199367852,37.69299424582564,,,False
2025-05-28,4200643,어단1리마을회관,128.90163121019464,37.69306524952247,1,0,True
2025-05-28,4200646,어단1리성황당,128.8998102046769,37.691407412019785,,,False
2025-05-28,4200645,어단1리성황당,128.8997465866069,37.69146948045897,,,False
2025-05-28,4200639,어단2리마을회관,128.91146885408946,37.6964376324294,3,1,True
2025-05-28,4200640,어단2리마을회관,128.91152104480037,37.696373262130535,,,False
2025-05-28,4200648,어단리.법왕사,128.89523586027252,37.689105321389235,2,1,True
2025-05-28,4200972,어흘리.굴면동,128.81242525863513,37.71968494003737,1,0,True
2025-05-28,4200966,어흘리.굴면동,128.81355554198663,37.72030372991263,,,False
2025-05-28,4201412,어흘리산림관광안내센터,128.79622345209006,37.720248969562334,1,0,True
2025-05-28,4201413,어흘리산림관광안내센터,128.79677626958596,37.720179974904156,,,False
2025-05-28,4201163,언별2리,128.93981173016869,37.70173122003391,,,False
2025-05-28,4201164,언별2리,128.93990494422928,37.70171510089973,6,0,True
2025-05-28,4200036,언별리,128.932462653647,37.69147304189006,,,False
2025-05-28,4201227,연곡면사무소,128.83749819485607,37.86001175022627,130,53,True
2025-05-28,4200212,연곡면사무소,128.83761397394952,37.85995465828368,98,94,True
2025-05-28,4200354,연곡면사무소,128.83726140830402,37.85982528703765,71,61,True
2025-05-28,4200355,연곡면사무소,128.8369030857598,37.8592954872826,2,0,True
2025-05-28,4200381,연곡소나무길,128.86219953750597,37.850074873961454,,,False
2025-05-28,4200509,연곡소나무길,128.8618386269624,37.85018703668437,8,3,True
2025-05-28,4200353,연곡초교,128.82814655157526,37.8569020930201,,,False
2025-05-28,4200352,연곡초교,128.82816906723454,37.856817110094816,1,6,True
2025-05-28,4200349,연곡취수장입구,128.8134029222452,37.854479588535305,0,1,True
2025-05-28,4200348,연곡취수장입구,128.81321638321742,37.85436534997662,,,False
2025-05-28,4200451,연곡해변,128.85309149153562,37.85745785808507,0,1,True
2025-05-28,4200450,연곡해변,128.8529783059013,37.85739414992972,1,4,True
2025-05-28,4200213,연곡해변입구,128.84130813848452,37.85462580337619,11,0,True
2025-05-28,4200214,연곡해변입구,128.84162112920617,37.854539181009365,2,14,True
2025-05-28,4200152,연변,128.83155522186766,37.80584297639379,,,False
2025-05-28,4200151,연변,128.83161739090895,37.80576988356887,3,0,True
2025-05-28,4200759,영동정미소,129.03644448557495,37.62779710955012,,,False
2025-05-28,4201341,영동정미소,129.0362624021505,37.62780024862322,,,False
2025-05-28,4200209,영진입구,128.83637261045655,37.87054167536418,40,20,True
2025-05-28,4201226,영진입구,128.83626865951734,37.87047570517143,30,14,True
2025-05-28,4201270,영진항,128.84778900128174,37.86736001237831,1,1,True
2025-05-28,4201269,영진항,128.8478764921571,37.86744935186811,,,False
2025-05-28,4201271,영진해변,128.84407553359966,37.870005012045354,5,0,True
2025-05-28,4201272,영진해변,128.84410671788726,37.87009887053988,3,2,True
2025-05-28,4200406,오대산휴게소,128.648222920777,37.83491560552007,,,False
2025-05-28,4200407,오대산휴게소,128.64806989287274,37.83498136245625,,,False
2025-05-28,4200816,오뚜기물류서비스,128.87782869819907,37.71615014292806,2,1,True
2025-05-28,4200815,오뚜기물류서비스,128.8777698382652,37.71622341645464,1,1,True
2025-05-28,4201078,오리동,129.01320871433214,37.68272714510743,11,0,True
2025-05-28,4201079,오리동,129.01320324945965,37.682803393955474,0,1,True
2025-05-28,4201058,오리들마을,128.93730145779827,37.744469925122935,1,0,True
2025-05-28,4201252,오리들마을,128.93739401500017,37.74438483019564,1,0,True
2025-05-28,4200536,오리진항,128.8317047746547,37.90064451287537,5,0,True
2025-05-28,4200527,오리진항,128.8317491433552,37.9007448060665,0,1,True
2025-05-28,4200961,오봉,128.8206361867679,37.70638660212798,,,False
2025-05-28,4200962,오봉,128.8205322494514,37.7062887289534,,,False
2025-05-28,4200964,오봉리,128.82222083699313,37.709588124281694,,,False
2025-05-28,4200963,오봉리,128.8222695914709,37.70939016181609,1,0,True
2025-05-28,4200053,오성학교,128.93312248716418,37.77978287851338,37,5,True
2025-05-28,4201428,오션시티아이파크,128.94156983542882,37.775150292669956,,,False
2025-05-28,4201427,오션시티아이파크,128.94172063887467,37.77534012183183,,,False
2025-05-28,4200239,오죽헌,128.88242080274284,37.78040719543912,69,33,True
2025-05-28,4200238,오죽헌,128.8827262588498,37.779841129260745,61,47,True
2025-05-28,4200092,오죽헌,128.8797380363922,37.77879711032111,9,5,True
2025-05-28,4200093,오죽헌,128.88009218006442,37.77900408798861,0,7,True
2025-05-28,4200769,오죽헌입구,128.8828973977968,37.77942746550242,7,0,True
2025-05-28,4201382,오죽헌입구,128.88300783523746,37.779420150144524,12,8,True
2025-05-28,4201097,옥계119안전센터,129.03045031861078,37.60261800571139,,,False
2025-05-28,4201098,옥계119안전센터,129.0299579795461,37.602418475944106,,,False
2025-05-28,4202042,옥계면사무소,129.03870359107486,37.61225376052538,2,0,True
2025-05-28,4202052,옥계면사무소,129.03863134955023,37.61234830848836,0,6,True
2025-05-28,4202092,옥계역,129.04915585739857,37.61793983643156,0,1,True
2025-05-28,4202082,옥계역,129.0492092887644,37.61767316323472,3,0,True
2025-05-28,4201368,옥계저수지,128.9806153158948,37.62190318324612,,,False
2025-05-28,4201367,옥계저수지,128.98049757084706,37.62195561397405,,,False
2025-05-28,4201366,옥계저수지,128.9806745254139,37.62197726022537,,,False
2025-05-28,4202032,옥계현내시장,129.03512810350702,37.608949806593664,20,18,True
2025-05-28,4202022,옥계현내시장,129.03523947374634,37.60889735545031,71,6,True
2025-05-28,4201285,옥골,129.0451011119314,37.58480257343729,2,0,True
2025-05-28,4200701,옥봉마을,128.89299808417252,37.703844690722654,,,False
2025-05-28,4200257,옥천119안전센터,128.90305174420297,37.761041080134646,47,38,True
2025-05-28,4200256,옥천119안전센터,128.9022376115818,37.76136928474395,12,15,True
2025-05-28,4201000,옥터가든,128.8137241133093,37.7280870855366,,,False
2025-05-28,4200999,옥터가든,128.81373332317625,37.728008981659464,,,False
2025-05-28,4201284,올밑,129.03979791391387,37.58885317796911,,,False
2025-05-28,4201363,옹기마을,129.00369924320785,37.616995401978194,,,False
2025-05-28,4201362,옹기마을,129.0036684835799,37.617059917346076,,,False
2025-05-28,4200897,왕산골,128.78735259066167,37.65458906689652,3,0,True
2025-05-28,4200896,왕산골,128.7872211119886,37.65448843873245,,,False
2025-05-28,4200468,왕산골한옥,128.79462643294355,37.66636911752362,,,False
2025-05-28,4200930,왕산구)종점,128.8604095757484,37.623711657099335,0,1,True
2025-05-28,4200929,왕산구)종점,128.8604892853729,37.62367273667524,,,False
2025-05-28,4200960,왕산대기교차로,128.80856548851528,37.68962515075815,,,False
2025-05-28,4200959,왕산대기교차로,128.80857307337496,37.68975019804283,,,False
2025-05-28,4200889,왕산리2반,128.80297738702234,37.675963955897956,1,0,True
2025-05-28,4200888,왕산리2반,128.80288061474792,37.67595542199383,,,False
2025-05-28,4200891,왕산리마을회관,128.79682095717135,37.67030353806043,,,False
2025-05-28,4200890,왕산리마을회관,128.79684011914176,37.670392794275685,,,False
2025-05-28,4200952,왕산면사무소앞,128.83831324436588,37.672144012562036,,,False
2025-05-28,4200951,왕산면사무소앞,128.83840731782888,37.6721688588501,9,0,True
2025-05-28,4200928,왕산사,128.8594660677207,37.61509686617323,1,0,True
2025-05-28,4200927,왕산사,128.85972406418662,37.614998007179736,1,0,True
2025-05-28,4200955,왕산사슴목장,128.82575088668412,37.681344715824196,,,False
2025-05-28,4200956,왕산사슴목장,128.82565717295802,37.68132318009433,,,False
2025-05-28,4200607,왜골안길,128.9242847541364,37.72773866042556,,,False
2025-05-28,4200606,왜골안길,128.92431613988109,37.72776258609913,3,0,True
2025-05-28,4201035,용강동,128.89127858305645,37.75423171492401,7,38,True
2025-05-28,4201036,용강동,128.89145488440622,37.7543870741593,46,4,True
2025-05-28,4200250,용강동서부시장,128.89174828581776,37.7556582744871,334,69,True
2025-05-28,4200249,용강동서부시장,128.89167287030088,37.75492247590215,196,372,True
2025-05-28,4200874,용봉자동차학원,128.83460209459432,37.72175943182151,,,False
2025-05-28,4200259,용지각,128.90537716328666,37.76184119439877,174,38,True
2025-05-28,4200258,용지각,128.90534669055177,37.76147384168322,90,103,True
2025-05-28,4201407,우미린아파트,128.87047584429433,37.757205866745004,,,False
2025-05-28,4200565,우미린아파트,128.87023572987053,37.75716460769394,26,34,True
2025-05-28,4200241,우성공업사,128.8881180126791,37.77538642162077,20,15,True
2025-05-28,4200520,우신아파트,128.8255393760297,37.87241785986445,11,0,True
2025-05-28,4200123,우편집중국,128.8733706824724,37.76051485370646,16,34,True
2025-05-28,4200124,우편집중국,128.87347187490323,37.76156496879712,158,15,True
2025-05-28,4200600,운산노인회관,128.93671028942424,37.732907768416084,,,False
2025-05-28,4200601,운산노인회관,128.93684858416998,37.73287788594293,0,1,True
2025-05-28,4200602,운산분교,128.93677350637265,37.730734508227286,,,False
2025-05-28,4200603,운산분교,128.93686556902622,37.730747600300575,,,False
2025-05-28,4200390,운양초교,128.85999131659992,37.833521248123965,3,0,True
2025-05-28,4202153,운양초등학교,128.8590953489884,37.83649095483332,3,0,True
2025-05-28,4200198,원마트,128.82575730347685,37.88826959645488,27,102,True
2025-05-28,4201050,원마트,128.9185145864492,37.76040631401962,0,2,True
2025-05-28,4201232,원마트,128.8255161831108,37.88764901879385,136,9,True
2025-05-28,4201049,원마트,128.91839757804996,37.76020248248705,,,False
2025-05-28,4200787,원예농협강남점,128.8968065666806,37.74246510458876,,,False
2025-05-28,4200788,원예농협강남점,128.89681243940322,37.742695820214294,,,False
2025-05-28,4201059,월호평동,128.94896909223806,37.74860767924179,4,0,True
2025-05-28,4200561,위촌1교,128.85248954070696,37.758669118271264,1,0,True
2025-05-28,4200562,위촌1교,128.85256313236903,37.758700268834,,,False
2025-05-28,4201401,위촌1리마을회관,128.8493169939177,37.752759763627935,,,False
2025-05-28,4201402,위촌1리마을회관,128.84922183855028,37.75276536684672,,,False
2025-05-28,4200557,위촌2리경로당,128.84459001673955,37.75958593352651,3,0,True
2025-05-28,4209994,위촌2리경로당,128.8446791622344,37.75971028072801,4,0,True
2025-05-28,4200558,위촌2리경로당,128.84480889532918,37.75954345559538,0,1,True
2025-05-28,4201408,위촌리,128.8362872937098,37.75958677922043,1,0,True
2025-05-28,4200556,위촌리,128.83630340406063,37.75966855469253,0,1,True
2025-05-28,4200870,윗회산,128.8624600126061,37.71152374867891,,,False
2025-05-28,4200064,윗회산,128.86237406495107,37.71154075190158,,,False
2025-05-28,4200331,유등.백운사입구,128.75900654206438,37.850462767351864,3,0,True
2025-05-28,4200332,유등.백운사입구,128.75795827699417,37.850487600912274,,,False
2025-05-28,4200680,유산동노인회관,128.90975279156388,37.73997249911831,0,1,True
2025-05-28,4200679,유산동노인회관,128.9098408904697,37.73999573125917,2,0,True
2025-05-28,4200677,유산민물장어,128.91188581173668,37.73590297036683,1,0,True
2025-05-28,4200678,유산민물장어,128.9117917615037,37.73586343058287,,,False
2025-05-28,4200555,유천동,128.86153738164376,37.766528036862,,,False
2025-05-28,4200479,유천행복주택,128.86570448042954,37.76159011454386,2,2,True
2025-05-28,4200039,유화아파트,128.91342886671308,37.785727014906996,37,0,True
2025-05-28,4200363,율곡중정문,128.88882882673292,37.76926965127901,,,False
2025-05-28,4200243,율곡중학교,128.89033943348878,37.77216892177817,43,7,True
2025-05-28,4200242,율곡중학교,128.89021344037266,37.771874448370795,34,15,True
2025-05-28,4200132,율곡초등학교,128.88221538693716,37.765100900268116,33,4,True
2025-05-28,4200770,은마아파트,128.89705025699647,37.747304327883974,7,0,True
2025-05-28,4200771,은마아파트,128.89677272965307,37.746541962257844,2,1,True
2025-05-28,4201313,음촌,128.99426321534403,37.590067749479466,,,False
2025-05-28,4201312,음촌,128.9943519708324,37.590218452220576,,,False
2025-05-28,4200269,이마트,128.92346774482266,37.772222356268564,8,20,True
2025-05-28,4200270,이마트,128.92290403192536,37.77218493598484,57,10,True
2025-05-28,4200246,이명사거리,128.89177153862124,37.764700407126554,87,72,True
2025-05-28,4200245,이명사거리,128.89157918705828,37.764565078717,208,53,True
2025-05-28,4200043,이화해변타운,128.91744670191798,37.78316591377611,33,2,True
2025-05-28,4201397,임경당입구,128.85065952125555,37.73971869052315,,,False
2025-05-28,4201398,임경당입구,128.85060665622572,37.73967510840446,,,False
2025-05-28,4200573,임곡,128.95981869884417,37.65381523982265,2,0,True
2025-05-28,4200584,임곡1리,128.97599759967915,37.693758829867754,1,0,True
2025-05-28,4200585,임곡1리,128.97590980007564,37.693767123079255,,,False
2025-05-28,4200583,임곡1리마을회관,128.97465402746607,37.69113733741365,0,1,True
2025-05-28,4200582,임곡1리마을회관,128.9747545332243,37.69109651601256,3,0,True
2025-05-28,4200575,임곡2리마을회관,128.96541432118602,37.66322091980088,,,False
2025-05-28,4200574,임곡2리마을회관,128.96548889686682,37.66318854424863,,,False
2025-05-28,4200578,임곡초등학교,128.970266319495,37.67657078197406,1,0,True
2025-05-28,4200579,임곡초등학교,128.97019094901066,37.676575911433936,,,False
2025-05-28,4200893,임내폭포,128.7939174576728,37.66377320023954,,,False
2025-05-28,4200892,임내폭포,128.79372069070962,37.66362299663701,,,False
2025-05-28,4200767,입암1주공아파트,128.90600846284408,37.75457671115239,1,8,True
2025-05-28,4200766,입암1주공아파트,128.90620017782277,37.75501242269486,35,10,True
2025-05-28,4201205,입암2.3주공,128.9161850255649,37.765072488547595,161,1,True
2025-05-28,4201206,입암2.3주공,128.9164847952377,37.764981798289845,0,38,True
2025-05-28,4201047,입암4주공아파트,128.91655461094618,37.76166752794127,15,0,True
2025-05-28,4201048,입암4주공아파트,128.9166989706064,37.761858842951916,3,2,True
2025-05-28,4200757,입암5주공아파트,128.91468852686768,37.759901363335864,66,2,True
2025-05-28,4200755,입암6주공아파트,128.91994172349143,37.75895755917794,6,29,True
2025-05-28,4200754,입암6주공아파트,128.9200510349674,37.759167158773394,154,2,True
2025-05-28,4201052,입암6주공오거리,128.91746262041485,37.758678282328006,0,18,True
2025-05-28,4201051,입암6주공오거리,128.91813149011642,37.75937340656549,45,0,True
2025-05-28,4200763,입암현대아파트,128.91229270015563,37.753112836072376,5,28,True
2025-05-28,4200762,입암현대아파트,128.91270364556544,37.753026994257695,64,1,True
2025-05-28,4200742,자루뫼.옹심이마을,128.93910155337016,37.76225882808405,31,1,True
2025-05-28,4200743,자루뫼.옹심이마을,128.93907508604704,37.76218611247613,0,11,True
2025-05-28,4200588,자원순환센터,128.9884350583326,37.69589916205473,,,False
2025-05-28,4200589,자원순환센터,128.98825794255524,37.6958847446048,,,False
2025-05-28,4200807,자조와리,128.87870578002008,37.72632672967291,0,1,True
2025-05-28,4200808,자조와리,128.8787893136159,37.726283262247435,2,0,True
2025-05-28,4200886,자포골,128.83086667060377,37.70702334781653,2,0,True
2025-05-28,4200196,작은다리,128.8261349428677,37.89101262248175,41,133,True
2025-05-28,4200197,작은다리,128.82583778093624,37.88994679111109,211,14,True
2025-05-28,4200454,작은다리사거리,128.82450182834083,37.890319810643184,0,4,True
2025-05-28,4201147,작은다리사거리,128.82430578974427,37.890298608665205,2,0,True
2025-05-28,4200793,잠수교,128.89948844495035,37.7500516781015,,,False
2025-05-28,4200794,잠수교,128.8998046277538,37.75006345498387,,,False
2025-05-28,4200462,장덕1리,128.79552757430156,37.87818242033292,0,1,True
2025-05-28,4200461,장덕1리,128.7955229122852,37.878113650066226,4,0,True
2025-05-28,4200458,장덕2리,128.77147712645024,37.883516051343115,0,4,True
2025-05-28,4200457,장덕2리,128.77149035836987,37.88343140927676,8,0,True
2025-05-28,4200460,장덕2리마을회관,128.77790630744494,37.87964207357677,0,1,True
2025-05-28,4200459,장덕2리마을회관,128.7777930908638,37.879609504906774,2,0,True
2025-05-28,4201034,장수탕,128.8873508979562,37.75226332684143,6,12,True
2025-05-28,4201033,장수탕,128.88740033590045,37.75217314835415,22,11,True
2025-05-28,4201151,장터마을,128.9723977075807,37.72307968130474,1,3,True
2025-05-28,4201150,장터마을,128.97235424591028,37.72315567930139,6,0,True
2025-05-28,4200116,적십자입구,128.88726321660565,37.757196360936135,28,26,True
2025-05-28,4200117,적십자입구,128.88647213220725,37.75676623567213,66,10,True
2025-05-28,4201125,정동교,129.0324614525895,37.688438171101524,19,2,True
2025-05-28,4201126,정동교,129.03237659003923,37.68846940398579,1,7,True
2025-05-28,4201127,정동진역,129.03224964663548,37.690253441678834,52,5,True
2025-05-28,4201128,정동진역,129.0319921573861,37.69035571739087,6,26,True
2025-05-28,4201123,정동초등학교,129.03393804786398,37.68800336105405,3,0,True
2025-05-28,4201124,정동초등학교,129.03365499665549,37.68789867201399,,,False
2025-05-28,4201119,정동해변,129.04025543414897,37.68609620523521,3,11,True
2025-05-28,4201120,정동해변,129.04018588407186,37.686033834572385,8,0,True
2025-05-28,4200833,제비1리마을회관,128.8620977553537,37.71966811408695,1,0,True
2025-05-28,4200832,제비1리마을회관,128.8621891338796,37.71968864008052,,,False
2025-05-28,4200826,제비리,128.85827155633717,37.70524685021708,,,False
2025-05-28,4200838,제비리정미소,128.85946417278979,37.72991051863758,1,0,True
2025-05-28,4200839,제비리정미소,128.8594036715264,37.72987082372568,3,0,True
2025-05-28,4200878,제비산북교차로,128.85195266618172,37.70260144877975,,,False
2025-05-28,4200879,제비산북교차로,128.85204215694216,37.702600950909385,,,False
2025-05-28,4200825,제비삼거리,128.8615088123862,37.70915992717116,,,False
2025-05-28,4200824,제비삼거리,128.8614786499892,37.70922991859699,,,False
2025-05-28,4200240,젤마을,128.887733025105,37.775438249928285,31,14,True
2025-05-28,4201116,조각공원,129.0419778617943,37.68142324301774,,,False
2025-05-28,4201117,조각공원,129.04194075670452,37.681301432273415,,,False
2025-05-28,4201409,조순생가,128.88832466397164,37.713711387376655,,,False
2025-05-28,4201423,조순생가,128.88844816983337,37.713682167259954,,,False
2025-05-28,4200432,종합경기장,128.89654249784542,37.771109941446205,21,1,True
2025-05-28,4200433,종합경기장,128.89677683645317,37.77125900731557,5,15,True
2025-05-28,4200544,종합경기장입구,128.89740621946726,37.770531883728914,3,0,True
2025-05-28,4200292,주공1차아파트,128.88256780330317,37.766843575404636,120,1,True
2025-05-28,4200133,주공1차아파트,128.88288690646792,37.76665665089728,11,35,True
2025-05-28,4200530,주공2차아파트,128.8850454710998,37.768615366200436,12,5,True
2025-05-28,4200566,주공2차아파트,128.88486622636958,37.76845428049225,3,0,True
2025-05-28,4200129,주공3차아파트,128.87933873663175,37.76410589188944,38,42,True
2025-05-28,4201378,주문10리,128.81057617544894,37.89757955797342,3,0,True
2025-05-28,4200027,주문10리,128.81049106440693,37.89755886763472,,,False
2025-05-28,4201377,주문10리종점,128.80246523281295,37.89335520402651,,,False
2025-05-28,4200189,주문2리,128.83046007450088,37.897540604441176,35,4,True
2025-05-28,4200299,주문2리,128.83067123183636,37.89750003400375,6,13,True
2025-05-28,4201278,주문진등대,128.83413482750083,37.898607108297156,1,3,True
2025-05-28,4201277,주문진등대,128.83402573057427,37.898641534767464,2,0,True
2025-05-28,4200452,주문진문화교육센터,128.82210321817664,37.88251990280632,,,False
2025-05-28,4200453,주문진문화교육센터,128.8216607096042,37.88251737897711,2,0,True
2025-05-28,4201276,주문진수산시장,128.82844614486706,37.89014411628092,1,22,True
2025-05-28,4201275,주문진수산시장,128.82825290581502,37.88995969444888,25,16,True
2025-05-28,4200200,주문진시외버스터미널,128.8253113527999,37.88508198031381,41,81,True
2025-05-28,4200448,주문진시외버스터미널,128.8255388895829,37.884201127994984,21,21,True
2025-05-28,4200305,주문진시외버스터미널,128.82509871282576,37.88458386690221,180,20,True
2025-05-28,4200202,주문진식자재마트,128.82596782269363,37.881485546216574,63,32,True
2025-05-28,4200029,주문진읍사무소,128.82486977710943,37.892686971435495,1,2,True
2025-05-28,4201393,주문진읍사무소,128.82369473290439,37.893285463228835,,,False
2025-05-28,4200971,주문진읍사무소,128.8246799183624,37.892745035212215,3,0,True
2025-05-28,4201391,주문진읍사무소,128.8238312459903,37.8934502421149,,,False
2025-05-28,4200308,주문진중.고등학교.강릉정보고,128.82672327638434,37.87982425913257,71,29,True
2025-05-28,4200204,주문진중학교,128.82690197641236,37.87887483229283,115,19,True
2025-05-28,4200532,주문진항,128.8290758047728,37.892766657375546,1,4,True
2025-05-28,4200195,주문진항입구,128.82690557497094,37.892668432750234,31,92,True
2025-05-28,4200194,주문진항입구,128.82670250148865,37.8926318795772,162,26,True
2025-05-28,4200181,주문진해변,128.81692175696733,37.90940788063508,38,10,True
2025-05-28,4200182,주문진해변,128.81704671925502,37.90944057885068,0,26,True
2025-05-28,4202062,주수1리,129.04484649940426,37.61466278284313,4,0,True
2025-05-28,4202072,주수1리,129.0445825275631,37.61484876921252,,,False
2025-05-28,4202102,주수2리,129.05347399898523,37.618026714837086,,,False
2025-05-28,4202112,주수2리,129.0534798781985,37.618295982570245,,,False
2025-05-28,4200752,중앙초교,128.9223833558042,37.757342016100644,96,3,True
2025-05-28,4200753,중앙초교,128.92202942311576,37.75730416097501,4,16,True
2025-05-28,4200229,즈므.과학단지,128.86079294239343,37.79710821329875,2,19,True
2025-05-28,4200138,즈므.과학단지,128.8604076986006,37.79746479759031,43,3,True
2025-05-28,4200378,즈므교,128.8504671545161,37.79077991715075,,,False
2025-05-28,4200377,즈므교,128.8503710096998,37.790650810639626,,,False
2025-05-28,4200083,지변동,128.87676045382563,37.771874023944235,1,5,True
2025-05-28,4201406,지암사입구,128.8326543984501,37.76849221810292,1,0,True
2025-05-28,4200412,진고개휴게소,128.65865259925027,37.84288643809636,3,1,True
2025-05-28,4200413,진고개휴게소,128.6587993033944,37.842974758114,,,False
2025-05-28,4200023,진골,128.863668793898,37.7068476306324,,,False
2025-05-28,4200284,진골,128.86337243060487,37.70683089545619,,,False
2025-05-28,4200044,차고지대기(미정차),128.93316603832002,37.76938974153612,,,False
2025-05-28,4200749,차돌광,128.92683577267843,37.75897194822883,0,2,True
2025-05-28,4200748,차돌광,128.92675717507132,37.75922428188879,5,0,True
2025-05-28,4200469,참샘,128.79799114449304,37.90957457625894,1,2,True
2025-05-28,4200638,천주교회,128.91475255178224,37.69917256372598,,,False
2025-05-28,4200637,천주교회,128.9146583268783,37.69918070112344,,,False
2025-05-28,4201070,철길건널목앞,128.9484470278131,37.73765389539244,2,0,True
2025-05-28,4201071,철길건널목앞,128.94850270661007,37.73757538406423,0,1,True
2025-05-28,4200219,청솔공원,128.84744835859598,37.832296445829655,12,2,True
2025-05-28,4200314,청솔공원,128.84780404863866,37.83218520189828,5,3,True
2025-05-28,4201234,초당분수공원,128.92421540479356,37.78614360918137,2,29,True
2025-05-28,4201233,초당분수공원,128.9221385517862,37.785996929695614,63,14,True
2025-05-28,4200617,초당순두부마을,128.91553146572582,37.791098464762065,0,7,True
2025-05-28,4200616,초당순두부마을,128.91545728509436,37.791144787216254,3,0,True
2025-05-28,4202175,큰방파제,128.83179865169402,37.89485760516111,,,False
2025-05-28,4200947,탑동교,128.84609145028975,37.66009383864923,3,1,True
2025-05-28,4200948,탑동교,128.84599983023696,37.66005118972853,,,False
2025-05-28,4200119,터미널오거리,128.88381140539954,37.755579088211434,104,17,True
2025-05-28,4200118,터미널오거리,128.8840640923818,37.75608209292866,45,38,True
2025-05-28,4200175,퇴곡,128.75248295369062,37.85110547320165,,,False
2025-05-28,4200174,퇴곡,128.75226108332112,37.851299039517386,0,1,True
2025-05-28,4200329,퇴곡1리경로당,128.74128473074444,37.849334595953835,6,0,True
2025-05-28,4200330,퇴곡1리경로당,128.7415928535256,37.84950756791581,0,2,True
2025-05-28,4200173,퇴곡2리,128.71633081209328,37.84807753595964,,,False
2025-05-28,4200032,퇴곡2리,128.71714904545294,37.84816614353958,1,0,True
2025-05-28,4200015,퇴곡2리마을회관,128.72561567385543,37.84863292575607,,,False
2025-05-28,4201200,파란바다지역아동센터,128.82465599155947,37.88451042268901,,,False
2025-05-28,4201146,파란바다지역아동센터,128.8248619925949,37.88456697851607,0,3,True
2025-05-28,4200529,판교2리마을회관,128.84660458171092,37.84287891189836,,,False
2025-05-28,4200391,판교리,128.86009464856716,37.83346652558502,0,1,True
2025-05-28,4200389,판교리,128.8629774027657,37.834258791663885,,,False
2025-05-28,4200733,평안의집,128.90510785537055,37.74063841474535,1,0,True
2025-05-28,4200734,평안의집,128.90504736881275,37.740698188102115,,,False
2025-05-28,4200921,평촌,128.84963218200156,37.552631723106046,,,False
2025-05-28,4200922,평촌,128.84954094616108,37.55267396579829,,,False
2025-05-28,4201236,포남2주공입구,128.91810027987142,37.77873395771816,3,34,True
2025-05-28,4201220,포남2주공입구,128.9179885478381,37.77901498558293,81,3,True
2025-05-28,4200318,포남시장,128.90766061502285,37.76392281820552,138,20,True
2025-05-28,4200084,풋살경기장옆,128.87680703199706,37.77165010517057,14,0,True
2025-05-28,4200806,프라자약국,128.87901214606964,37.728760157474696,2,0,True
2025-05-28,4200805,프라자약국,128.8789292364003,37.728699480498165,,,False
2025-05-28,4201091,피내,129.0067163489339,37.64587762691358,,,False
2025-05-28,4201090,피내,129.00674352158242,37.645808828332775,,,False
2025-05-28,4200359,하나로마트내곡점,128.88026417146904,37.7410809708167,115,2,True
2025-05-28,4200360,하나로마트내곡점,128.88016921110417,37.740597240336115,5,23,True
2025-05-28,4201315,하반암,128.98110553425494,37.584185619903295,,,False
2025-05-28,4201314,하반암,128.98089810223846,37.584168867911764,,,False
2025-05-28,4201132,하슬라아트월드,129.01185439171851,37.70733375846832,2,4,True
2025-05-28,4201131,하슬라아트월드,129.0118479436692,37.70752248078149,6,3,True
2025-05-28,4200110,하슬라중,128.90715554439282,37.77053362559672,105,12,True
2025-05-28,4200111,하슬라중,128.90761293140218,37.77043125987649,55,34,True
2025-05-28,4201063,하시동3리3반,128.96021404883618,37.74070043268972,,,False
2025-05-28,4201069,하시동3리3반,128.96017032919647,37.7406590489229,,,False
2025-05-28,4201065,하시동3리마을회관,128.95566357584553,37.73740461978908,,,False
2025-05-28,4200028,하시동3리마을회관,128.95568079152127,37.73745764026289,7,0,True
2025-05-28,4201182,하시동입구,128.94045988509035,37.73612720331248,,,False
2025-05-28,4201181,하시동입구,128.94066964706647,37.73622577281252,1,0,True
2025-05-28,4200131,하이빌현대아파트,128.8824547932286,37.764860822549025,16,19,True
2025-05-28,4200669,하이샤시,128.91728256074563,37.71407658570209,1,0,True
2025-05-28,4200670,하이샤시,128.91718137940222,37.71406745689133,,,False
2025-05-28,4200387,하평리,128.86670662673083,37.834355194382326,,,False
2025-05-28,4200386,하평리,128.86662078612576,37.834407329862614,,,False
2025-05-28,4200008,하평리,128.87213896973955,37.836286638716444,4,1,True
2025-05-28,4200228,학고개,128.8599242703853,37.80596957371411,12,0,True
2025-05-28,4200227,학고개,128.86104076560957,37.80452897124611,2,4,True
2025-05-28,4200718,학마을앞,128.88924569543022,37.716217165702425,0,1,True
2025-05-28,4200717,학마을앞,128.88924287497164,37.716130571204594,,,False
2025-05-28,4200720,학산1리,128.8893588713931,37.7158468763211,7,3,True
2025-05-28,4200697,학산1리,128.89410318195965,37.709756692977734,,,False
2025-05-28,4201424,학산1리,128.88951590870155,37.71580085246317,,,False
2025-05-28,4200703,학산2리,128.89237120059903,37.69808781147039,,,False
2025-05-28,4200709,학산2리마을회관,128.8886619883527,37.70619292326437,,,False
2025-05-28,4200710,학산2리마을회관,128.88859103012294,37.70624396434639,,,False
2025-05-28,4200657,학산3리마을회관,128.90349173805726,37.7044381914233,4,1,True
2025-05-28,4200658,학산3리마을회관,128.9032366866668,37.70451960385839,,,False
2025-05-28,4200664,학산기갑부대앞,128.9059307650165,37.71218874629587,,,False
2025-05-28,4200663,학산기갑부대앞,128.90587703156245,37.71210753958188,,,False
2025-05-28,4200695,학산둔지,128.89465764592643,37.71376560853827,,,False
2025-05-28,4200691,학산부대앞,128.9016572721052,37.71202064934549,,,False
2025-05-28,4200662,학산부대앞,128.90202642695186,37.711725950607516,1,0,True
2025-05-28,4200661,학산부대앞,128.9019476905442,37.7115824967992,,,False
2025-05-28,4200685,학산부대후문,128.90185937428248,37.71950094147702,,,False
2025-05-28,4200705,학산설래,128.89315390645208,37.69579111479832,0,2,True
2025-05-28,4200706,학산설래,128.8930578775653,37.69580131479523,2,1,True
2025-05-28,4200744,학우리,128.93367670500427,37.76075578732405,6,0,True
2025-05-28,4200157,한과마을,128.83514950759155,37.81456555427515,2,0,True
2025-05-28,4200158,한과마을,128.8351667630484,37.81469760511987,0,1,True
2025-05-28,4200251,한국은행,128.89406630781096,37.753485602290496,1029,249,True
2025-05-28,4200095,한국자산관리공사,128.90111921880606,37.75827929877246,144,47,True
2025-05-28,4200780,한국폴리텍대학,128.8886097800722,37.73837235643407,13,2,True
2025-05-28,4200567,한내들아파트,128.8681446784216,37.75790349269205,66,6,True
2025-05-28,4200568,한내들아파트,128.86810919243274,37.75812879141779,,,False
2025-05-28,4202132,한라시멘트,129.05801411879924,37.61804339970914,,,False
2025-05-28,4202122,한라시멘트,129.0576841685535,37.617825813670024,,,False
2025-05-28,4201096,한라아파트,129.0309268732134,37.598168202920746,1,0,True
2025-05-28,4200737,한라아파트,129.03082754941428,37.598166681025575,,,False
2025-05-28,4200231,한밭입구,128.86496052027113,37.791610745411326,0,12,True
2025-05-28,4200230,한밭입구,128.86424835021418,37.79176559208253,16,4,True
2025-05-28,4200641,한빛마을입구,128.9070507747374,37.69408474392719,7,3,True
2025-05-28,4200642,한빛마을입구,128.90709305020837,37.69401534995285,,,False
2025-05-28,4200290,한솔초교,128.91448068318238,37.77500059793141,8,26,True
2025-05-28,4200289,한솔초교,128.9142086436632,37.775058134113436,121,7,True
2025-05-28,4200091,한옥마을,128.877399547533,37.77711052551884,0,6,True
2025-05-28,4200090,한옥마을,128.8775249835254,37.777067812459386,4,0,True
2025-05-28,4201141,한전사택,128.98448942076186,37.73113028141804,7,0,True
2025-05-28,4201142,한전사택,128.9844997909205,37.731015358793705,0,4,True
2025-05-28,4200872,할머니추어탕,128.85042441394495,37.73470101792724,,,False
2025-05-28,4201399,항생골입구,128.84855527295463,37.74848089866381,,,False
2025-05-28,4201400,항생골입구,128.84848669485692,37.7484721037036,,,False
2025-05-28,4200056,해당화연립,128.9356053065312,37.7785328972295,0,20,True
2025-05-28,4200055,해당화연립,128.93501598562065,37.778964657496246,50,10,True
2025-05-28,4200144,해살이,128.81433946380196,37.79231712471411,,,False
2025-05-28,4200143,해살이,128.81431621857197,37.79226836473926,6,0,True
2025-05-28,4200554,해송삼거리,128.92513343525474,37.78843042396744,6,0,True
2025-05-28,4200553,해송삼거리,128.9252087534945,37.78824187943356,0,3,True
2025-05-28,4201349,해수리튬연구센터,129.04470822782702,37.636135770169766,2,0,True
2025-05-28,4201346,해수리튬연구센터,129.0451313882053,37.63512172396965,,,False
2025-05-28,4200539,해오름쉼터,128.8415292308554,37.871715916564284,4,1,True
2025-05-28,4200517,해오름쉼터,128.8414184387453,37.87167485028107,6,1,True
2025-05-28,4200283,해운정,128.8896806331549,37.78564440698094,,,False
2025-05-28,4200074,해운정,128.8896478172347,37.78577024652339,3,0,True
2025-05-28,4200659,해찬들,128.90171063124305,37.70707432471398,2,0,True
2025-05-28,4200660,해찬들,128.9016482334898,37.707080017547234,,,False
2025-05-28,4200746,핸들,128.93045204662351,37.75995348297138,2,0,True
2025-05-28,4200747,핸들,128.9303807394757,37.75966393792041,0,2,True
2025-05-28,4200341,행정,128.7939888659289,37.852922738954625,0,2,True
2025-05-28,4200340,행정,128.79244492389662,37.85304272496013,5,0,True
2025-05-28,4200333,행정2리,128.7667909122159,37.85086547031576,1,0,True
2025-05-28,4200334,행정2리,128.76721113927047,37.850915515839276,,,False
2025-05-28,4201384,행정2리마을회관,128.7837597224069,37.85121868121593,1,0,True
2025-05-28,4200338,행정2리마을회관,128.783920231759,37.85143615617747,0,1,True
2025-05-28,4200177,행정2리신촌마을,128.7785874984292,37.85062890818297,0,1,True
2025-05-28,4200176,행정2리신촌마을,128.77862819412928,37.85045242944766,,,False
2025-05-28,4200232,행정마을,128.8694510816438,37.7889272082235,76,11,True
2025-05-28,4200233,행정마을,128.8703519994515,37.78859256038236,13,38,True
2025-05-28,4202176,향호리,128.8104013560146,37.915168235805275,,,False
2025-05-28,4200473,향호리,128.81023394642006,37.915207861254615,62,19,True
2025-05-28,4202177,향호리,128.81064186477658,37.91536952760439,,,False
2025-05-28,4200180,향호리,128.81000074924998,37.91526938265188,2,0,True
2025-05-28,4200470,향호삼거리,128.8055443775983,37.91039955131909,,,False
2025-05-28,4200467,향호저수지,128.78868941134147,37.904053051022615,3,1,True
2025-05-28,4200466,향호회관,128.8035439820285,37.89964778843476,1,1,True
2025-05-28,4200371,허균.허난설헌기념공원,128.9099040371541,37.79022786972901,4,3,True
2025-05-28,4201259,허균.허난설헌기념공원,128.90952498226952,37.789422425132265,4,11,True
2025-05-28,4200370,허균.허난설헌기념공원,128.90979333997709,37.79017067397969,3,0,True
2025-05-28,4201258,허균.허난설헌기념공원,128.9098403915302,37.789953897145395,8,2,True
2025-05-28,4200041,허균생가입구,128.91292892790995,37.78786454215139,9,0,True
2025-05-28,4200647,허난설헌삼거리,128.91326614067623,37.792240418323686,28,13,True
2025-05-28,4200098,허난설헌삼거리,128.9131333359753,37.79177727582709,13,16,True
2025-05-28,4202012,현내1리연탄직매장,129.03280124237224,37.6062049238953,,,False
2025-05-28,4202002,현내1리연탄직매장,129.03293193002432,37.60609468782852,,,False
2025-05-28,4201309,현내교,129.02932870216884,37.60121947406311,,,False
2025-05-28,4201308,현내교,129.02929130812174,37.60128987598838,,,False
2025-05-28,4200034,현내리,129.03644185085787,37.61785851158642,,,False
2025-05-28,4200046,현내리,129.03655884799974,37.617883796095704,,,False
2025-05-28,4200130,현대2차아파트,128.87999435131803,37.764311243841746,181,5,True
2025-05-28,4200591,현대모비스,128.98854560129584,37.70748766417137,0,1,True
2025-05-28,4200590,현대모비스,128.98862075193523,37.70745325617163,,,False
2025-05-28,4201207,현대자동차서비스,128.9189460603978,37.76507644083287,0,3,True
2025-05-28,4200326,현덕사입구,128.71038523685135,37.84696339414248,,,False
2025-05-28,4200172,현덕사입구,128.7097155940442,37.84705089816417,,,False
2025-05-28,4200045,형제막국수,128.86624288991882,37.755124519467394,24,0,True
2025-05-28,4209992,형제막국수,128.8658104402118,37.755293592514285,0,2,True
2025-05-28,4200265,혜성연립,128.91575952067353,37.76841531999017,22,67,True
2025-05-28,4200266,혜성연립,128.9154402649905,37.76852760326643,209,15,True
2025-05-28,4201064,호장골,128.96090744086658,37.738133233851606,,,False
2025-05-28,4201068,호장골,128.96083159328956,37.73815121425806,,,False
2025-05-28,4201405,홈방골,128.83894035853254,37.753110338802365,,,False
2025-05-28,4201029,홍제I.C,128.87894077910576,37.74749468304007,6,10,True
2025-05-28,4201028,홍제I.C,128.8794230311205,37.7473811776377,11,7,True
2025-05-28,4201030,홍제동주민센터,128.88454291738702,37.74807153236862,15,49,True
2025-05-28,4200067,홍제동주민센터,128.8842229051066,37.747848454396006,127,18,True
2025-05-28,4200683,화신주방,128.90243322099724,37.721781731022375,,,False
2025-05-28,4200615,화실길,128.85175310347609,37.575351952404525,,,False
2025-05-28,4200614,화실길,128.85164256606296,37.57535230419804,,,False
2025-05-28,4201324,황기골,128.95704823893803,37.573480554142556,,,False
2025-05-28,4201325,황기골,128.9570289624241,37.57336816682693,,,False
2025-05-28,4200845,회산교,128.86893532851613,37.74168123777201,2,15,True
2025-05-28,4200844,회산교,128.86938257728545,37.741799533605175,6,1,True
2025-05-28,4200398,회산종점,128.8605464983993,37.731597103272264,14,6,True
2025-05-28,4200847,회산주공1단지,128.87955033053632,37.744879735537495,0,12,True
2025-05-28,4200846,회산주공1단지,128.87934233274848,37.74463886683866,52,0,True
2025-05-28,4200758,회산주공2단지,128.8755135006868,37.7435978056025,3,8,True
2025-05-28,4200062,회산주공2단지,128.87633822960112,37.74368399842067,82,1,True
2025-05-28,4201115,효도마을,129.04503133124638,37.67430713535879,,,False
2025-05-28,4201114,효도마을,129.04512985205253,37.674325626528194,1,0,True
2025-05-28,4201293,흑시골,129.02374105990518,37.577665442657434,,,False
2025-05-28,4201292,흑시골,129.023679012477,37.57773843891508,,,False
2025-05-29,4201421,(구)월호평동사무소,128.93612294474602,37.73542207247549,,,False
2025-05-29,4200106,KT,128.91181164590185,37.77275858732733,379,18,True
2025-05-29,4200107,KT,128.9125052185983,37.77309475265464,77,112,True
2025-05-29,4200797,KTX공영주차장환승장,128.8967850727094,37.762190942376556,11,1,True
2025-05-29,4200547,e-편한세상아파트,128.895218937497,37.769600465674785,8,5,True
2025-05-29,4200546,e-편한세상아파트,128.89508217030252,37.76981271024109,27,7,True
2025-05-29,4200368,가둔지유적,128.882327030694,37.82527019767428,,,False
2025-05-29,4200369,가둔지유적,128.882153019297,37.82520493756786,0,2,True
2025-05-29,4200969,가마골,128.79478117549075,37.72231567644804,3,0,True
2025-05-29,4200533,가마골,128.79546755385968,37.722099902068294,1,1,True
2025-05-29,4201327,가사골,128.95364127595002,37.572947377645065,,,False
2025-05-29,4201326,가사골,128.95366508671376,37.57302501168563,,,False
2025-05-29,4201376,가작다리입구,128.8944549231389,37.76589747732919,0,3,True
2025-05-29,4201375,가작다리입구,128.8943546413669,37.766101443660936,0,3,True
2025-05-29,4200726,가축위생시험사업소,128.90125274168807,37.729547291652196,,,False
2025-05-29,4200725,가축위생시험사업소,128.90146946473587,37.729510021653965,1,0,True
2025-05-29,4200050,가톨릭관동대북문,128.8721246228799,37.73769671240302,79,7,True
2025-05-29,4200063,가톨릭관동대학교,128.87804152995903,37.738296118202754,415,93,True
2025-05-29,4200164,갈골한과,128.84368704633178,37.82462303691711,,,False
2025-05-29,4200163,갈골한과,128.84366180450007,37.82449975412136,,,False
2025-05-29,4200577,갈버든,128.96722169547306,37.666241797535086,,,False
2025-05-29,4200576,갈버든,128.9673126799485,37.66623695179046,,,False
2025-05-29,4200982,감나무민박,128.7987894816223,37.73785238030648,,,False
2025-05-29,4200981,감나무민박,128.79885844666603,37.737822198803215,,,False
2025-05-29,4200914,감자채종포마을,128.83346021183766,37.53338333057324,,,False
2025-05-29,4200915,감자채종포마을,128.8336264013535,37.53350667836036,2,0,True
2025-05-29,4200789,강남동주민센터,128.9049218912141,37.74425517651889,1,0,True
2025-05-29,4201177,강동면사무소,128.9546118972993,37.72728097155823,7,4,True
2025-05-29,4200005,강동무료주차장,129.03151265934136,37.688945395109045,3,1,True
2025-05-29,4200019,강동무료주차장,129.03136520192535,37.68890256497467,0,2,True
2025-05-29,4200016,강동종합복지회관,128.9534097899608,37.72765187744945,28,20,True
2025-05-29,4200026,강동종합복지회관,128.95225785335822,37.72821012800672,1,2,True
2025-05-29,4201178,강동하나로마트,128.95391314710383,37.72680705851969,,,False
2025-05-29,4200525,강동하나로마트,128.95401701690832,37.726761856774424,,,False
2025-05-29,4200542,강릉MBC,128.90392601394964,37.77039013888439,2,0,True
2025-05-29,4200058,강릉경찰서,128.906855517511,37.76775326359568,0,17,True
2025-05-29,4200057,강릉경찰서,128.90688706685629,37.768055768979885,74,8,True
2025-05-29,4200287,강릉고등학교,128.91470458416677,37.788540253578724,74,0,True
2025-05-29,4200101,강릉고입구,128.92013482012848,37.783607089094346,97,9,True
2025-05-29,4200102,강릉고입구,128.92044843215433,37.78352944320342,19,39,True
2025-05-29,4200048,강릉고정문,128.91587216477294,37.7875280017598,20,0,True
2025-05-29,4200047,강릉고정문,128.91550078840652,37.78828834947499,5,55,True
2025-05-29,4200112,강릉관광개발공사,128.9085231695166,37.76800046518587,26,7,True
2025-05-29,4200113,강릉관광개발공사,128.90865897771857,37.76820323697218,15,19,True
2025-05-29,4201024,강릉교도소,128.86643612221636,37.745817949506176,8,0,True
2025-05-29,4201023,강릉교도소,128.8655195073396,37.7459157793766,0,9,True
2025-05-29,4200430,강릉국민체육센터,128.89711747432256,37.77640154864734,4,12,True
2025-05-29,4200431,강릉국민체육센터,128.8964868887264,37.776906315186,22,0,True
2025-05-29,4200881,강릉기도원입구,128.8490436050476,37.69867520520206,,,False
2025-05-29,4200880,강릉기도원입구,128.84913047105903,37.69875658463013,,,False
2025-05-29,4201257,강릉녹색도시체험센터,128.90662264590688,37.78655657001431,7,0,True
2025-05-29,4201256,강릉녹색도시체험센터,128.90742209068117,37.786856581754364,5,15,True
2025-05-29,4201038,강릉농협중앙지점,128.90002047054392,37.7602043259228,7,7,True
2025-05-29,4201039,강릉농협중앙지점,128.8996914930678,37.76005119983009,12,18,True
2025-05-29,4200852,강릉대도호부관아,128.8916610029413,37.75117323796815,60,31,True
2025-05-29,4200853,강릉대도호부관아,128.89234522879923,37.75163825691615,23,84,True
2025-05-29,4200146,강릉면허시험장,128.81937813512624,37.79573671702786,,,False
2025-05-29,4200145,강릉면허시험장,128.81940419285692,37.79563172548221,3,0,True
2025-05-29,4200122,강릉문화원,128.8740921031382,37.75789663608161,8,27,True
2025-05-29,4201136,강릉바다내음캠핑장,129.00390469104653,37.71858688540818,,,False
2025-05-29,4201135,강릉바다내음캠핑장,129.0043696849979,37.7181216327924,1,0,True
2025-05-29,4200400,강릉복합복지체육센터,128.87000704257403,37.762859214055275,22,3,True
2025-05-29,4200401,강릉복합복지체육센터,128.87017698555522,37.76290354322161,7,15,True
2025-05-29,4200291,강릉소방서,128.87109869210374,37.758191496775595,7,13,True
2025-05-29,4200548,강릉소방서,128.87119323619314,37.7580009949989,147,11,True
2025-05-29,4200009,강릉솔향수목원,128.86668479243338,37.701851797491,,,False
2025-05-29,4201144,강릉승마장,128.9814636223547,37.728585253094074,,,False
2025-05-29,4201143,강릉승마장,128.98140559088012,37.728642395571235,2,1,True
2025-05-29,4200120,강릉시외.고속터미널,128.8792265208128,37.75505492071011,202,232,True
2025-05-29,4200121,강릉시외.고속터미널,128.87911620808939,37.75486594086855,518,155,True
2025-05-29,4201027,강릉시청,128.8780384572547,37.75085435055292,0,3,True
2025-05-29,4200750,강릉시청앞,128.88013307678156,37.753651204654936,0,1,True
2025-05-29,4201237,강릉아산병원(강릉방면),128.8575951802683,37.81786664293397,74,9,True
2025-05-29,4200446,강릉아산병원(주문진방면),128.8575142394361,37.817740516347506,9,20,True
2025-05-29,4200317,강릉아산병원.강릉약국,128.856152685967,37.816231407654854,290,24,True
2025-05-29,4200418,강릉아산병원.강릉약국,128.8564121349402,37.81631278949057,76,100,True
2025-05-29,4200612,강릉아이스아레나,128.89502259832767,37.78025795268572,11,1,True
2025-05-29,4200006,강릉아이스아레나,128.89519306784848,37.78029319605429,0,12,True
2025-05-29,4200094,강릉여고,128.90248424479844,37.75904463050879,203,134,True
2025-05-29,4201203,강릉여고정문,128.90560348975578,37.75872376948264,4,2,True
2025-05-29,4201202,강릉여고정문,128.90529773129947,37.759257611132256,2,0,True
2025-05-29,4200721,강릉역,128.8992580056024,37.76416330670135,549,152,True
2025-05-29,4200293,강릉역건너편,128.8990669694857,37.76400772021464,169,163,True
2025-05-29,4200624,강릉역공영주차장,128.89773544865136,37.76439168846434,3,2,True
2025-05-29,4200625,강릉역공영주차장,128.89784270199107,37.76437149155158,,,False
2025-05-29,4200319,강릉역육거리,128.90168116661832,37.76358515067785,7,1,True
2025-05-29,4200320,강릉역육거리,128.9015605860337,37.763796951176055,35,16,True
2025-05-29,4201022,강릉영동대학,128.8591288923703,37.74495955027462,4,48,True
2025-05-29,4201021,강릉영동대학,128.85922425091306,37.74487059276654,228,3,True
2025-05-29,4200850,강릉의료원,128.88880799404643,37.748819708567,22,21,True
2025-05-29,4200851,강릉의료원,128.89091430945297,37.74975576653371,25,32,True
2025-05-29,4200650,강릉자동차극장,128.89662514456037,37.69318993028765,,,False
2025-05-29,4200649,강릉자동차극장,128.89682798746503,37.69309290590324,2,0,True
2025-05-29,4200033,강릉전파관리소,128.83186726371997,37.85836861510729,,,False
2025-05-29,4200035,강릉전파관리소,128.83226068928573,37.85830420673383,,,False
2025-05-29,4200247,강릉제일고,128.8918779735197,37.759537356247826,109,189,True
2025-05-29,4200248,강릉제일고,128.89200478710157,37.759050283679514,158,32,True
2025-05-29,4200761,강릉중앙고,128.912160218414,37.75937561358479,3,4,True
2025-05-29,4200760,강릉중앙고,128.9128964493442,37.75959593531339,18,6,True
2025-05-29,4201197,강릉중입구,128.9042740269736,37.752586182446684,26,1,True
2025-05-29,4201196,강릉중입구,128.90469921141985,37.752586496675974,1,17,True
2025-05-29,4200321,강릉축산농협,128.9049229187372,37.76619229629584,4,11,True
2025-05-29,4201138,강릉통일공원,128.99659850067323,37.72434136600358,0,1,True
2025-05-29,4201137,강릉통일공원,128.99670944982654,37.7243539137021,,,False
2025-05-29,4209998,강문해변,128.91631032849583,37.79540813828357,11,3,True
2025-05-29,4200613,강문해변,128.91641678869786,37.79529298920251,24,26,True
2025-05-29,4201261,강문해변입구,128.9152492720649,37.794762154181576,18,42,True
2025-05-29,4201260,강문해변입구,128.91519487645675,37.79459950672752,68,2,True
2025-05-29,4200356,강원대학교,128.87391738137654,37.77033026766949,287,43,True
2025-05-29,4201041,강원대학교입구,128.87514521071003,37.77009542292022,15,4,True
2025-05-29,4201042,강원대학교입구,128.87494102107277,37.7696221436885,31,10,True
2025-05-29,4200085,강원대학교입구,128.874129341808,37.77078800232456,,,False
2025-05-29,4209996,강원대학교치과대학병원,128.86960214597158,37.764020747480245,,,False
2025-05-29,4209995,강원대학교치과대학병원,128.86959763767547,37.76381436688745,1,3,True
2025-05-29,4200086,강원대학교후문,128.8748802531449,37.77322772576275,0,16,True
2025-05-29,4200087,강원대학교후문,128.87498639848286,37.77315204059329,77,0,True
2025-05-29,4200059,강원도교육연수원,128.9180532877992,37.78499697853126,2,2,True
2025-05-29,4200100,강원도교육연수원,128.91813970318609,37.785074864473685,0,19,True
2025-05-29,4200205,강원도립대,128.82840415011668,37.87652579934979,176,24,True
2025-05-29,4200206,강원도립대,128.8283096996467,37.87693859362977,58,65,True
2025-05-29,4200836,강원예술고교,128.8616868324728,37.72543906074348,1,0,True
2025-05-29,4200837,강원예술고교,128.86150617422848,37.725488347649346,,,False
2025-05-29,4200081,강일여고정문,128.88831689919587,37.76415997041872,1,0,True
2025-05-29,4200082,강일여고정문,128.8875516595327,37.76393626119314,1,0,True
2025-05-29,4200840,강일운수(회산한신더휴아파트),128.8635961632995,37.73687831617277,68,0,True
2025-05-29,4200841,강일운수(회산한신더휴아파트),128.86326996430768,37.736857601908014,0,2,True
2025-05-29,4200834,개화대,128.8608572684192,37.723176690790936,,,False
2025-05-29,4200835,개화대,128.8607659459164,37.72312828112019,,,False
2025-05-29,4200899,검뎅이골위,128.78664108542844,37.649625029205744,3,0,True
2025-05-29,4200898,검뎅이골위,128.78655586032616,37.64966319680761,,,False
2025-05-29,4200522,게스트하우스거리,128.8339253329715,37.896167167389095,0,1,True
2025-05-29,4200531,게스트하우스거리,128.83380690814315,37.89613511363595,6,0,True
2025-05-29,4200103,경포고교,128.9190546436117,37.78057981084284,11,22,True
2025-05-29,4200288,경포고교,128.91881546540267,37.78075927662396,298,8,True
2025-05-29,4200073,경포대.참소리박물관,128.89723222843386,37.79547838966498,0,14,True
2025-05-29,4200072,경포대.참소리박물관,128.89706080745114,37.7955214111198,15,0,True
2025-05-29,4200077,경포동주민센터,128.88052383810168,37.78412865726848,0,4,True
2025-05-29,4200078,경포동주민센터,128.8806150484207,37.78405330055861,0,2,True
2025-05-29,4200061,경포중학교,128.90033514931517,37.74283267675838,,,False
2025-05-29,4200618,경포중학교,128.90069076576023,37.743138298255545,,,False
2025-05-29,4200080,경포초등학교,128.87893593974582,37.76974854746925,91,6,True
2025-05-29,4201242,경포해변,128.9052529004403,37.80440358093674,279,171,True
2025-05-29,4200323,경포해변,128.90582022350918,37.80466237027648,15,17,True
2025-05-29,4201420,경포해변(종점),128.9052815401602,37.80443707912235,,,False
2025-05-29,4200071,경포현대아파트,128.90335968993816,37.80120612421906,0,9,True
2025-05-29,4200070,경포현대아파트,128.90338270723402,37.80169652808461,36,0,True
2025-05-29,4201267,경포호,128.91154424859525,37.79966287216199,1,35,True
2025-05-29,4201266,경포호,128.91144337577538,37.79931158521169,30,7,True
2025-05-29,4200918,고단,128.84976344595395,37.5207024756447,,,False
2025-05-29,4201394,고단,128.84964328725079,37.520715172151846,,,False
2025-05-29,4201392,고단2.3리교차로,128.8353830314886,37.52461528706331,,,False
2025-05-29,4200917,고단2.3리교차로,128.8355935759617,37.52458832137048,,,False
2025-05-29,4200916,고단2.3리교차로,128.83542781016814,37.524465083382744,3,0,True
2025-05-29,4202165,고단3리,128.81638819970956,37.540155755487774,,,False
2025-05-29,4202166,고단3리,128.81639746865173,37.540229174022585,,,False
2025-05-29,4201396,고단경로당,128.83061361145448,37.52560229950637,,,False
2025-05-29,4201395,고단경로당,128.83055880947413,37.52554334571904,,,False
2025-05-29,4201390,고단보건소,128.84167794386417,37.52176894228016,,,False
2025-05-29,4201389,고단보건소,128.84161540861714,37.52185303156361,,,False
2025-05-29,4200115,고용센터,128.8890663454416,37.75714942132559,108,162,True
2025-05-29,4200114,고용센터,128.88893105798073,37.75744085258255,90,22,True
2025-05-29,4201113,곰두리연수원,129.04780833020064,37.667941690344094,,,False
2025-05-29,4201112,곰두리연수원,129.04789745395954,37.66792061520934,,,False
2025-05-29,4200153,공군부대앞,128.9401442605218,37.74622686326912,,,False
2025-05-29,4201061,공군부대앞,128.94003300356817,37.746317953634374,1,0,True
2025-05-29,4201186,공군부대입구,128.93000750087512,37.7400489172058,,,False
2025-05-29,4201187,공군부대입구,128.93007021980833,37.739837207659924,0,2,True
2025-05-29,4201062,공군부대후문,128.95917736919824,37.74910624884217,1,1,True
2025-05-29,4201209,공단,128.92205416940635,37.765196014305694,30,1,True
2025-05-29,4200191,공단,128.92224127533925,37.765245144772656,0,2,True
2025-05-29,4201025,공제마을,128.87156333276334,37.74608024312632,9,2,True
2025-05-29,4201026,공제마을,128.87155618347816,37.74635646052236,1,9,True
2025-05-29,4200379,과학교차로,128.85431089568786,37.79406859939951,,,False
2025-05-29,4200380,과학교차로,128.85488574683825,37.79412119394899,,,False
2025-05-29,4202174,관동중학교,128.88185544452548,37.756909416385795,,,False
2025-05-29,4202173,관동중학교,128.88157113042865,37.75688715011548,,,False
2025-05-29,4201228,관솔길,128.86971281684745,37.739544628947385,9,1,True
2025-05-29,4201229,관솔길,128.86962790539826,37.73951707468259,3,0,True
2025-05-29,4200860,관음1리,128.82994944568443,37.72835720885695,1,0,True
2025-05-29,4200863,관음1리,128.81811453963772,37.738720613334934,1,0,True
2025-05-29,4200861,관음1리노인회관,128.82663819526005,37.73031764277183,,,False
2025-05-29,4200569,교2동주민센터,128.8921038226677,37.76840335678918,104,47,True
2025-05-29,4202155,교동하늘채스카이파크,128.90139949657416,37.77044271657007,,,False
2025-05-29,4201221,교동하늘채스카이파크,128.90200271905258,37.770481553669924,3,1,True
2025-05-29,4200622,교동한신아파트,128.90061649844188,37.76762859683901,6,0,True
2025-05-29,4200623,교동한신아파트,128.90062829229592,37.76751299917391,,,False
2025-05-29,4200253,교보생명,128.89811415297848,37.756002485379526,2565,1356,True
2025-05-29,4201224,교통안전교육장,128.94081916548228,37.76277976059592,0,4,True
2025-05-29,4201225,교통안전교육장,128.94086858039023,37.762907619978066,6,0,True
2025-05-29,4200465,교항2리금용교,128.81051132966252,37.87794196218265,,,False
2025-05-29,4200464,교향2리금용교,128.81059960534566,37.877872107197874,1,0,True
2025-05-29,4200264,구)동해상사,128.91165113985977,37.76683747950902,147,11,True
2025-05-29,4200217,구라미,128.8421871924033,37.84071328241807,5,4,True
2025-05-29,4200216,구라미,128.84187680750063,37.84088026429458,12,0,True
2025-05-29,4200215,구라미휴게소,128.8412803433516,37.845869087009575,2,1,True
2025-05-29,4200312,구라미휴게소,128.84078612253998,37.84523742281921,7,1,True
2025-05-29,4200128,구름다리,128.87743298775584,37.764682397677966,340,42,True
2025-05-29,4200127,구름다리,128.87654770197503,37.764512872809554,48,83,True
2025-05-29,4200820,구정마을회관,128.87139646095704,37.71008533483099,9,1,True
2025-05-29,4200821,구정마을회관,128.87144937425245,37.71002947764621,16,0,True
2025-05-29,4200814,구정면사무소,128.88002787863965,37.71794143004597,2,2,True
2025-05-29,4200813,구정면사무소,128.87999133744066,37.71800809783438,6,1,True
2025-05-29,4200812,구정보건지소,128.88246310473926,37.72030864287925,5,0,True
2025-05-29,4201422,구정옥봉길,128.8928182495002,37.70145893549343,,,False
2025-05-29,4200811,구정자율방범대,128.88237819871995,37.72033853165244,0,1,True
2025-05-29,4200315,구터미널,128.8988430353628,37.76163002626936,91,31,True
2025-05-29,4200619,국립수산물품질관리원,128.82606517101954,37.891507384213114,60,3,True
2025-05-29,4200711,굴산사입구,128.88905996426578,37.70832144703753,,,False
2025-05-29,4200699,굴산사지,128.89328371501892,37.70698044216881,,,False
2025-05-29,4201251,궁궁동,128.7299683412454,37.880375202506656,5,1,True
2025-05-29,4200417,궁궁소,128.67164304000795,37.843611675479615,,,False
2025-05-29,4200681,금강사입구,128.90287627896166,37.72624677465358,,,False
2025-05-29,4200682,금강사입구,128.90297134006664,37.726211833119876,1,0,True
2025-05-29,4200628,금광1리마을회관,128.91600348378523,37.70952097409381,,,False
2025-05-29,4201385,금광1리마을회관,128.91594038830377,37.70955296171714,0,1,True
2025-05-29,4200667,금광교회입구,128.91743884657853,37.711688785639396,1,0,True
2025-05-29,4200668,금광교회입구,128.91734376603898,37.7117034048731,,,False
2025-05-29,4200635,금광리1반,128.9143131847074,37.70220671426674,,,False
2025-05-29,4200636,금광리1반,128.91440542620646,37.702215446502585,,,False
2025-05-29,4200672,금광리성황당,128.91735327783445,37.717909805835454,,,False
2025-05-29,4200671,금광리성황당,128.9174498206258,37.717903115802514,2,0,True
2025-05-29,4200665,금광삼거리,128.91515459286336,37.70904726058568,5,0,True
2025-05-29,4200666,금광삼거리,128.91521668110562,37.70911511431863,,,False
2025-05-29,4200632,금광정미소,128.9154068776427,37.70823176641904,,,False
2025-05-29,4200631,금광정미소,128.91530343519958,37.70823344476309,0,1,True
2025-05-29,4201018,금산,128.85573010993187,37.74018242418162,0,1,True
2025-05-29,4201017,금산,128.8558273611666,37.7401726731367,3,0,True
2025-05-29,4200858,금산1리경로당,128.83882591103156,37.7302092460205,1,0,True
2025-05-29,4201014,금산2리,128.8489374376084,37.736639355017815,1,3,True
2025-05-29,4201013,금산2리,128.84906667066036,37.736625360708075,20,0,True
2025-05-29,4201012,금산남밭,128.8447607772083,37.73146258389618,0,1,True
2025-05-29,4200862,금산남밭,128.84482898011785,37.73142005932311,5,2,True
2025-05-29,4201020,금산입구,128.8576797637003,37.74318792289404,,,False
2025-05-29,4201019,금산입구,128.85784327525297,37.7432987440744,21,2,True
2025-05-29,4201016,금산장수마을,128.85163955991283,37.738245657769,0,2,True
2025-05-29,4201015,금산장수마을,128.85168575797542,37.73818340581975,3,0,True
2025-05-29,4201344,금진2리마을회관,129.0433695932886,37.64179516691084,,,False
2025-05-29,4201345,금진2리마을회관,129.04327917048357,37.641779891088895,,,False
2025-05-29,4201342,금진초교,129.04347549729948,37.63336468757593,1,0,True
2025-05-29,4201343,금진초교,129.04343902328037,37.63345845978064,,,False
2025-05-29,4201108,금진항,129.05240741359285,37.652884325935844,,,False
2025-05-29,4201109,금진항,129.05231089842698,37.65294332211634,,,False
2025-05-29,4201347,금진해변,129.04374932629693,37.63904067736818,,,False
2025-05-29,4201348,금진해변,129.04365646301486,37.63903832962265,9,0,True
2025-05-29,4201107,금진해양파출소,129.04894882127985,37.652089382747484,7,1,True
2025-05-29,4200017,금진해양파출소,129.04913775965355,37.65213019488429,9,1,True
2025-05-29,4201053,금호어울림,128.9156520837289,37.754995794611034,30,1,True
2025-05-29,4201054,금호어울림,128.91590296498018,37.75518531900659,0,9,True
2025-05-29,4200025,금호어울림정문,128.9194883208178,37.754726898441014,,,False
2025-05-29,4200751,금호어울림정문,128.91957971290998,37.754473371718376,7,2,True
2025-05-29,4200988,기도원삼거리,128.7947703606971,37.75829009149865,3,0,True
2025-05-29,4200989,기도원삼거리,128.79494112774387,37.75822759306287,,,False
2025-05-29,4200801,기산아파트,128.8795888615329,37.73406712685544,4,0,True
2025-05-29,4200802,기산아파트,128.87993356966643,37.73422591779592,2,0,True
2025-05-29,4201371,기스목이골,128.9690415480403,37.6284779460996,2,0,True
2025-05-29,4200024,까치골,129.02541919838254,37.69553819595472,0,3,True
2025-05-29,4201185,까치골,129.02590617324884,37.695440046965246,2,0,True
2025-05-29,4201351,낙풍1리경로당,129.0340430096228,37.620207611399294,,,False
2025-05-29,4201350,낙풍1리경로당,129.034020875236,37.62025949844816,,,False
2025-05-29,4201339,낙풍교,129.03403331310147,37.625467245037875,,,False
2025-05-29,4201340,낙풍교,129.03370052447866,37.6252600803972,1,0,True
2025-05-29,4201095,낙풍리입구,129.03490564391961,37.623384805058976,7,1,True
2025-05-29,4201094,낙풍리입구,129.03474260887603,37.62332181243499,,,False
2025-05-29,4200654,남강릉IC입구,128.9004512852528,37.70007553036854,,,False
2025-05-29,4200653,남강릉IC입구,128.90059387366637,37.69980820493369,4,0,True
2025-05-29,4200049,남강초교,128.91338089940805,37.76735161096919,31,48,True
2025-05-29,4201198,남대천.강릉교,128.9010015999516,37.75454267936518,73,212,True
2025-05-29,4201199,남대천.강릉교,128.9010687000649,37.75417893755025,486,48,True
2025-05-29,4200021,남밭,128.84058789182106,37.72883964188799,,,False
2025-05-29,4201379,남밭,128.84064951853864,37.72871037302059,9,0,True
2025-05-29,4200873,남밭,128.8415299784495,37.72906449025603,,,False
2025-05-29,4201011,남밭,128.84079334848028,37.72889804215958,0,4,True
2025-05-29,4202167,남부노인종합복지관,128.91383118471262,37.752564379737024,,,False
2025-05-29,4202168,남부노인종합복지관,128.91401073487134,37.753047049518,,,False
2025-05-29,4200781,남산삼익아파트,128.8901808969545,37.74229155338584,4,0,True
2025-05-29,4200782,남산삼익아파트,128.89009058765018,37.74235973416757,,,False
2025-05-29,4200798,남산입구,128.8920065213286,37.747695999509396,,,False
2025-05-29,4200783,남산초교,128.8913405517673,37.744206285908824,20,1,True
2025-05-29,4200784,남산초교,128.89124028586525,37.74425071826271,0,1,True
2025-05-29,4200785,남산현대아파트,128.89462531897348,37.74186237968639,15,0,True
2025-05-29,4200786,남산현대아파트,128.89442793639103,37.74202687203957,0,3,True
2025-05-29,4201289,남양1리경로당,129.03162816015924,37.582429974327795,,,False
2025-05-29,4201288,남양1리경로당,129.03154436503664,37.58248287177823,,,False
2025-05-29,4201296,남양2리경로당,129.012950139964,37.56658372788056,5,0,True
2025-05-29,4201295,남양2리교,129.01486079643942,37.57192160373686,2,0,True
2025-05-29,4201294,남양2리교,129.01479874463647,37.571994595503725,1,0,True
2025-05-29,4200738,남양3리마을회관,129.03540040998968,37.59157285051617,,,False
2025-05-29,4201283,남양3리입구,129.03313884463265,37.593033115433954,,,False
2025-05-29,4201287,남양리옛경로당,129.03508624074675,37.582691373708194,,,False
2025-05-29,4200596,남양보건진료소,129.030003520806,37.581216311095346,,,False
2025-05-29,4200597,남양보건진료소,129.02994555182676,37.58125941742724,,,False
2025-05-29,4200741,남항진,128.95055410190812,37.76391565217945,0,3,True
2025-05-29,4200740,남항진,128.95041066307658,37.76404538789595,9,0,True
2025-05-29,4200739,남항진해변,128.95440005417075,37.764111085296946,56,10,True
2025-05-29,4200655,내곡과수원,128.901945977448,37.70187078093137,2,0,True
2025-05-29,4200656,내곡과수원,128.9017164423086,37.70199871134109,,,False
2025-05-29,4200066,내곡교,128.88659128664105,37.74625364038564,10,29,True
2025-05-29,4200001,내곡교,128.88717490623026,37.74653766880734,14,25,True
2025-05-29,4200357,내곡교,128.88814500034871,37.745625057468914,87,5,True
2025-05-29,4200800,내곡동주민센터,128.88065784045662,37.7384607745783,,,False
2025-05-29,4200799,내곡동주민센터,128.88038166245803,37.73840220332427,,,False
2025-05-29,4200366,내곡한라아파트,128.88110089995297,37.74513149140333,2,13,True
2025-05-29,4201208,내곡한라아파트,128.88109989979574,37.744994216797494,44,3,True
2025-05-29,4200848,내곡현대아파트,128.8834148503297,37.74546973753321,24,3,True
2025-05-29,4200849,내곡현대아파트,128.88327994384045,37.74557191636756,5,8,True
2025-05-29,4201286,너구리골,129.0453774808948,37.58278119535933,,,False
2025-05-29,4201381,너다리,128.85390220166778,37.83022805772032,,,False
2025-05-29,4200154,너다리,128.85384039907868,37.83030516388511,,,False
2025-05-29,4200147,노동3리,128.82566919932256,37.79922359821094,1,0,True
2025-05-29,4200148,노동3리,128.8256207085255,37.79927586550659,0,1,True
2025-05-29,4200149,노동리,128.82874179258144,37.80069747027654,1,0,True
2025-05-29,4200150,노동리,128.82882389300474,37.80095549884616,,,False
2025-05-29,4201416,노동상리경로당,128.8298366569875,37.803466498207534,,,False
2025-05-29,4201415,노동상리경로당,128.82974913139455,37.80349598363215,0,1,True
2025-05-29,4200161,노동하리.우리정미소,128.8414822247496,37.82225221697478,2,0,True
2025-05-29,4200162,노동하리.우리정미소,128.84138542146533,37.82227295047229,,,False
2025-05-29,4200159,노동회관,128.83796621765993,37.818138280477356,15,0,True
2025-05-29,4200160,노동회관,128.8379192525419,37.818202495776156,0,2,True
2025-05-29,4200773,노암대림아파트,128.89670020630172,37.7443968332287,13,0,True
2025-05-29,4200772,노암대림아파트,128.8964957795506,37.74447513098166,0,3,True
2025-05-29,4200790,노암한라아파트,128.9030338994368,37.744009473539954,11,0,True
2025-05-29,4201195,노암현대아파트,128.9064519321124,37.750397397899654,0,3,True
2025-05-29,4200756,녹원아파트,128.9163613451306,37.7599236396456,0,12,True
2025-05-29,4200156,농업기술센터,128.83374479432362,37.810623749433574,,,False
2025-05-29,4200155,농업기술센터,128.8338261188764,37.81060324304077,2,0,True
2025-05-29,4201105,농협주유소,129.03818611643504,37.61343914150935,,,False
2025-05-29,4200803,농협창고,128.87887127233301,37.73227146178355,,,False
2025-05-29,4200804,농협창고,128.87906447230628,37.732212820532425,1,0,True
2025-05-29,4201352,다리목,129.03192147742433,37.6205042855377,,,False
2025-05-29,4201353,다리목,129.03198761433356,37.62043300135372,,,False
2025-05-29,4200768,단오문화관,128.8967729024353,37.7481043414214,,,False
2025-05-29,4200901,닭목골,128.78595382346253,37.64781596633364,,,False
2025-05-29,4200900,닭목골,128.78583483882048,37.64776835827971,,,False
2025-05-29,4200687,담산1리,128.90238189653846,37.71752043471821,,,False
2025-05-29,4200689,담산2리,128.90107050248153,37.7152173518283,,,False
2025-05-29,4200693,대경상사앞,128.89804496237466,37.71104193868198,,,False
2025-05-29,4200968,대관령박물관,128.80478202234156,37.716950876906495,,,False
2025-05-29,4200967,대관령박물관,128.80456089771366,37.71714451138875,1,2,True
2025-05-29,4201414,대굴령목공소,128.7963265827597,37.72854223767263,,,False
2025-05-29,4200991,대궁산장,128.7956519785838,37.75672773187815,,,False
2025-05-29,4200990,대궁산장,128.7955529097602,37.75668446239291,2,0,True
2025-05-29,4200913,대기1리경로당,128.79579724292137,37.56561101591886,2,0,True
2025-05-29,4200912,대기1리경로당,128.79557170937235,37.565622156510386,,,False
2025-05-29,4200764,대목아파트,128.91036775859212,37.7552461618319,11,13,True
2025-05-29,4200707,대성사입구,128.88866018338805,37.699701320397004,,,False
2025-05-29,4200708,대성사입구,128.88799509811798,37.70047298433208,,,False
2025-05-29,4201279,더글로리촬영지,128.82911039533775,37.904460082879105,13,3,True
2025-05-29,4201280,더글로리촬영지,128.82924239568416,37.90441068117994,,,False
2025-05-29,4201056,더샵아파트,128.91218064135074,37.749852342787776,,,False
2025-05-29,4201055,더샵아파트,128.91179177957773,37.7496554344983,,,False
2025-05-29,4201192,더샵아파트후문,128.90917534552304,37.74798409080578,19,0,True
2025-05-29,4200385,덕실리,128.83425245451167,37.806566789081664,3,3,True
2025-05-29,4200883,덕중상사입구,128.84174479743382,37.70242273367911,,,False
2025-05-29,4200882,덕중상사입구,128.8418138875879,37.70249050751822,1,0,True
2025-05-29,4200512,덕현리,128.92611817321585,37.705859421056175,,,False
2025-05-29,4200513,덕현리,128.92602088648235,37.70591024035886,,,False
2025-05-29,4201170,덕현리마을회관,128.92969308316043,37.71031249336467,,,False
2025-05-29,4201169,덕현리마을회관,128.92976451553793,37.71025688950383,,,False
2025-05-29,4201172,덕현리입구,128.9336781922055,37.71393030895838,,,False
2025-05-29,4201171,덕현리입구,128.93375842948848,37.71390020089169,1,0,True
2025-05-29,4201273,도깨비촬영지,128.83285849096714,37.88049253785593,20,5,True
2025-05-29,4201274,도깨비촬영지,128.83366615521564,37.879702674494396,0,14,True
2025-05-29,4200953,도마1리경로당,128.83580313705878,37.675863266048,3,0,True
2025-05-29,4200954,도마1리경로당,128.83571199204746,37.67583487527786,0,2,True
2025-05-29,4202142,도직리,129.067789814241,37.60871993490825,,,False
2025-05-29,4202152,도직리,129.06871069327684,37.60826859797961,,,False
2025-05-29,4200911,도화목이,128.79899268103495,37.57580683121861,1,0,True
2025-05-29,4200910,도화목이,128.79876118261876,37.575812376849754,,,False
2025-05-29,4201184,독송마을회관,128.93632837845826,37.737443377869745,2,1,True
2025-05-29,4201183,독송마을회관,128.93638737959347,37.73749824702616,5,0,True
2025-05-29,4200593,동광주유소,128.988869023967,37.71446203608272,,,False
2025-05-29,4200592,동광주유소,128.98895762865502,37.71450646675624,1,0,True
2025-05-29,4201157,동그린,128.96124692830767,37.71693200282111,,,False
2025-05-29,4201156,동그린,128.96116060941432,37.71694910240202,1,0,True
2025-05-29,4200260,동남아파트,128.9088062489658,37.764638779656714,91,139,True
2025-05-29,4200322,동도센트리움,128.90456486009336,37.76619195310031,66,8,True
2025-05-29,4200104,동명중학교,128.91637238303827,37.777185998905715,71,6,True
2025-05-29,4200105,동명중학교,128.9161008666347,37.77658681943468,21,10,True
2025-05-29,4200970,동물사랑센터,128.8298483336448,37.69899913101563,,,False
2025-05-29,4200934,동물사랑센터,128.8296897075576,37.69907525653717,,,False
2025-05-29,4200011,동부아파트,128.9151327017873,37.78401368458876,113,0,True
2025-05-29,4200545,동산교,129.03188210282585,37.596478436012994,,,False
2025-05-29,4201180,동양석재,128.95027125993667,37.731215731549426,,,False
2025-05-29,4201179,동양석재,128.9503404370837,37.730986647751536,,,False
2025-05-29,4200342,동양시멘트입구,128.80418115038393,37.85051141718022,,,False
2025-05-29,4200343,동양시멘트입구,128.80439889049126,37.850687991240484,0,1,True
2025-05-29,4200109,동인병원입구,128.9094857690125,37.77102450992961,23,53,True
2025-05-29,4200108,동인병원입구,128.90953558421478,37.77125258486367,177,21,True
2025-05-29,4201426,동해식품,128.89855245250976,37.72443751894129,,,False
2025-05-29,4200950,둔지마을,128.8402142080388,37.66721532951788,0,1,True
2025-05-29,4200949,둔지마을,128.84032622893565,37.667211942204936,3,0,True
2025-05-29,4200944,들꽃마을,128.85442858144177,37.65082634282393,0,1,True
2025-05-29,4200943,들꽃마을,128.85452027887206,37.65078274958405,,,False
2025-05-29,4200831,등고비,128.8616371241439,37.71615919045265,,,False
2025-05-29,4200830,등고비,128.86171284130654,37.716127363746615,2,0,True
2025-05-29,4201134,등명락가사,129.0099873440744,37.71142599542753,,,False
2025-05-29,4201133,등명락가사,129.01030860073715,37.71121753055649,7,0,True
2025-05-29,4201129,등명해변,129.01625265982383,37.701980786481954,1,2,True
2025-05-29,4201130,등명해변,129.015876711037,37.70233040602598,5,0,True
2025-05-29,4200736,똑갑재,128.9084947975427,37.742997829596284,0,1,True
2025-05-29,4200735,똑갑재,128.9083233266339,37.74372779918021,4,0,True
2025-05-29,4200262,로얄아파트.포남1동주민센터,128.90933288179943,37.76545703763149,273,31,True
2025-05-29,4201010,롯데물류센터,128.83446803238593,37.72201867130479,0,2,True
2025-05-29,4201380,롯데물류센터,128.83451710426255,37.72199688820527,1,0,True
2025-05-29,4202154,롯데캐슬시그니처,128.88177646219214,37.761744282876045,9,2,True
2025-05-29,4202157,롯데캐슬시그니처,128.88150991460472,37.76169156053964,5,1,True
2025-05-29,4200042,롯데캐슬아파트,128.89120929799194,37.766948306391974,198,74,True
2025-05-29,4201037,말나눔터공원,128.8946789617544,37.758644529934365,8,2,True
2025-05-29,4200538,망월이마을,128.792107212951,37.72942872713486,,,False
2025-05-29,4200524,망월이마을,128.7922011149757,37.729439560975074,,,False
2025-05-29,4200626,명륜고교후문,128.8957168427019,37.761692970005,,,False
2025-05-29,4200627,명륜고교후문,128.8959116900896,37.761745147071196,0,1,True
2025-05-29,4200220,모래내행복센터,128.84888855200666,37.82654759560158,82,24,True
2025-05-29,4200221,모래내행복센터,128.84881781800846,37.82675602435266,27,29,True
2025-05-29,4201121,모래시계공원,129.03719508337943,37.68592446993947,28,18,True
2025-05-29,4201122,모래시계공원,129.0380673722024,37.685653946463454,,,False
2025-05-29,4200728,모산초교,128.90028293302265,37.73143070810136,0,3,True
2025-05-29,4200727,모산초교,128.90037137412145,37.73145457144734,4,0,True
2025-05-29,4201254,모안이서낭당,128.90286872766467,37.783490145093076,2,5,True
2025-05-29,4201255,모안이서낭당,128.90266311761613,37.78356022910187,3,0,True
2025-05-29,4201155,모전1리,128.96150382823714,37.719819173700856,4,0,True
2025-05-29,4201154,모전1리,128.96141013771185,37.71981098253356,1,1,True
2025-05-29,4201159,모전리,128.95776740747448,37.71232268018703,,,False
2025-05-29,4201158,모전리,128.95769412799663,37.712385507146145,,,False
2025-05-29,4200031,모전리.돌평,128.95074649026657,37.70985195102544,9,0,True
2025-05-29,4201162,모전리.돌평,128.95076445202812,37.70977883566453,,,False
2025-05-29,4201073,모전삼거리,128.96506056244797,37.72569325398637,13,0,True
2025-05-29,4201072,모전삼거리,128.96457294836412,37.72564861436484,3,1,True
2025-05-29,4200941,목계리,128.8539720247843,37.64675613253988,2,0,True
2025-05-29,4200937,목계리경로당,128.85926935902992,37.63755434898131,,,False
2025-05-29,4200938,목계리경로당,128.85882831535346,37.63808751377066,1,0,True
2025-05-29,4200935,목계마을회관,128.8591158870725,37.63273899723025,4,0,True
2025-05-29,4200936,목계마을회관,128.8589875953329,37.632647124497325,1,2,True
2025-05-29,4201358,몽탕골,129.01871214696766,37.61920866828569,,,False
2025-05-29,4201359,몽탕골,129.01872766257262,37.61915302416518,1,0,True
2025-05-29,4200979,무시골,128.79407884048865,37.737843607578455,,,False
2025-05-29,4200980,무시골,128.79415740714765,37.73788769905595,,,False
2025-05-29,4200895,무위사입구,128.79048797979135,37.65800841053956,,,False
2025-05-29,4200894,무위사입구,128.7904596075833,37.65806985505733,,,False
2025-05-29,4200088,문성고등학교,128.8747975765768,37.776789915738114,79,1,True
2025-05-29,4200089,문성고등학교,128.87460137001867,37.776791669303456,2,6,True
2025-05-29,4201191,문암정,128.91520371371126,37.744240782298405,2,0,True
2025-05-29,4201190,문암정,128.91570481769043,37.74371491111339,,,False
2025-05-29,4200810,문화마을,128.88042620487306,37.72295333667196,2,0,True
2025-05-29,4200809,문화마을,128.88033505218718,37.72293252489115,,,False
2025-05-29,4200384,미노리,128.86484857598091,37.82971678699962,1,0,True
2025-05-29,4200388,미노마을입구,128.86381568177012,37.83417468045317,0,1,True
2025-05-29,4200543,미디어촌5단지,128.86758571434657,37.753701754139904,257,37,True
2025-05-29,4200621,미라보아파트,128.90255177945858,37.769019304198096,,,False
2025-05-29,4200620,미라보아파트,128.902500537792,37.76907532540921,6,0,True
2025-05-29,4200676,박월동마을회관,128.9141099667606,37.7303231623845,,,False
2025-05-29,4200675,박월동마을회관,128.91430313467623,37.73038001057271,4,0,True
2025-05-29,4200745,반쟁이,128.93382070402052,37.76052490759301,0,3,True
2025-05-29,4201092,밤재휴게소,129.01588441130582,37.643605803090345,,,False
2025-05-29,4201093,밤재휴게소,129.01598617822128,37.64361623880892,,,False
2025-05-29,4200226,방골마을입구,128.8558844116181,37.81329996910386,5,11,True
2025-05-29,4200069,방골마을입구,128.85540756146614,37.81366779247799,26,6,True
2025-05-29,4200137,방축거리,128.88360346383243,37.77333257715457,2,6,True
2025-05-29,4200136,방축거리,128.88380882582484,37.773889373429355,2,5,True
2025-05-29,4200940,방터골입구,128.8542224426066,37.642387639932174,,,False
2025-05-29,4200939,방터골입구,128.8543538779494,37.64239089992679,2,0,True
2025-05-29,4200519,방학골,128.82351587730795,37.90381462090833,8,0,True
2025-05-29,4200521,방학골,128.82291244813646,37.90463362511824,0,14,True
2025-05-29,4200945,백운암입구,128.8503640197509,37.65589468864246,3,0,True
2025-05-29,4200946,백운암입구,128.8502357538194,37.655869833853565,,,False
2025-05-29,4201153,버당말,128.96287505180277,37.72274811896261,5,0,True
2025-05-29,4201152,버당말,128.96277963489464,37.72278384606697,2,0,True
2025-05-29,4201290,버들골,129.02605567209912,37.579297897903295,,,False
2025-05-29,4201291,버들골,129.02611729989363,37.57922947953465,,,False
2025-05-29,4200336,버들교,128.77473855753414,37.850247080571705,,,False
2025-05-29,4200673,버들교,128.91800220365803,37.72225137691791,4,0,True
2025-05-29,4200335,버들교,128.77324803807656,37.850410055201316,,,False
2025-05-29,4200674,버들교,128.9179091300679,37.722227707735385,0,3,True
2025-05-29,4200904,벌말,128.77753093157395,37.586312333418526,,,False
2025-05-29,4200235,법원.검찰청,128.8739503928752,37.785042447818554,12,15,True
2025-05-29,4200234,법원.검찰청,128.87342400102995,37.78526073982707,62,10,True
2025-05-29,4201067,벽산블루밍아파트,128.82413067836563,37.88870981452805,,,False
2025-05-29,4201193,병무청,128.90845061267927,37.74811821805219,8,3,True
2025-05-29,4201194,병무청,128.90730907557136,37.749719639382455,1,2,True
2025-05-29,4200361,보건소,128.8822115594926,37.743635964592464,4,59,True
2025-05-29,4200065,보건소,128.8829859719751,37.74393637256719,144,0,True
2025-05-29,4200580,보건진료소,128.97335780368653,37.6877997329295,3,0,True
2025-05-29,4200581,보건진료소,128.97326166656484,37.6877802990832,,,False
2025-05-29,4200541,보광리,128.7969029719891,37.73733219171309,1,0,True
2025-05-29,4200540,보광리,128.79683168120394,37.73726419118738,,,False
2025-05-29,4200965,보광리입구,128.81696481575804,37.72096716251408,1,0,True
2025-05-29,4201003,보광리입구,128.81690957708614,37.721147642825436,,,False
2025-05-29,4201235,보광리체험학습장,128.80754877575424,37.738056785776784,,,False
2025-05-29,4200977,보광리체험학습장,128.80793365498167,37.73787511002778,6,1,True
2025-05-29,4200998,보광리체험학습장,128.8076688924087,37.73819161617253,,,False
2025-05-29,4200986,보광보건진료소,128.80534439890508,37.738079523472834,1,0,True
2025-05-29,4200985,보광보건진료소,128.8054363627245,37.73800718407803,,,False
2025-05-29,4200995,보광본동,128.79947706651464,37.746310402073284,,,False
2025-05-29,4200994,보광본동,128.79938186856992,37.746227466734425,7,0,True
2025-05-29,4200983,보광평,128.8024466454297,37.73817584117786,,,False
2025-05-29,4200984,보광평,128.8025237456016,37.73822613746055,,,False
2025-05-29,4200730,보리사입구,128.89777570598176,37.73631225974452,,,False
2025-05-29,4200729,보리사입구,128.89785144363964,37.73626831506908,,,False
2025-05-29,4200186,보성연립,128.82551362915504,37.901974724913615,12,0,True
2025-05-29,4200298,보성연립,128.82558444232305,37.90204313561504,0,7,True
2025-05-29,4200301,보현사입구주차장,128.78312046358457,37.738359845157134,,,False
2025-05-29,4200014,보현사종점,128.79263641819853,37.73803701177597,1,0,True
2025-05-29,4200978,보현사종점,128.7926653824033,37.738105478358804,1,0,True
2025-05-29,4202161,부귀터,128.77935529659743,37.83384969713505,,,False
2025-05-29,4202162,부귀터,128.7794599312011,37.83385966124151,3,0,True
2025-05-29,4200410,부연동입구,128.6565982881532,37.84023340079426,,,False
2025-05-29,4200411,부연동입구,128.65649150006797,37.84037999546802,,,False
2025-05-29,4200134,부영2차아파트,128.88281079370944,37.77016072015751,107,37,True
2025-05-29,4200135,부영2차아파트,128.8825125758686,37.77002923948558,20,5,True
2025-05-29,4200792,부흥마을,128.90633218029933,37.74678151751788,2,1,True
2025-05-29,4200791,부흥마을,128.90637359052232,37.746896583401664,1,0,True
2025-05-29,4200261,북강릉IC,128.84425534198513,37.83689529134246,3,4,True
2025-05-29,4201374,북동리종점,128.97206281726505,37.61168685078856,,,False
2025-05-29,4201365,북동리회관,128.9920439010217,37.61732896340916,,,False
2025-05-29,4201364,북동리회관,128.99203781944024,37.61727491738219,1,0,True
2025-05-29,4200224,북부노인대학,128.85070066292354,37.820164105652225,15,1,True
2025-05-29,4200225,북부노인대학,128.85083641112433,37.82016343083045,5,9,True
2025-05-29,4200207,북부노인종합복지관,128.83062989490628,37.8743072338123,127,40,True
2025-05-29,4200208,북부노인종합복지관,128.83042321750824,37.874681277863154,89,52,True
2025-05-29,4200192,북부지구대,128.829270567591,37.89460960314925,10,44,True
2025-05-29,4200193,북부지구대,128.82860680406648,37.894535177399845,109,8,True
2025-05-29,4201075,분수동,129.02442625222523,37.68416226671518,8,0,True
2025-05-29,4201074,분수동,129.02438633004448,37.68420512704344,1,1,True
2025-05-29,4201323,비상거리,128.96147017456914,37.57419041505788,,,False
2025-05-29,4201322,비상거리,128.96170555823903,37.574443710141345,,,False
2025-05-29,4200277,비치소라아파트,128.93435177478304,37.77578862012879,3,20,True
2025-05-29,4200434,사근진해변,128.898597450209,37.812322584245415,4,6,True
2025-05-29,4200435,사근진해변,128.89766129562162,37.81294729745145,12,7,True
2025-05-29,4200140,사기막,128.80639533289897,37.79268220157816,3,0,True
2025-05-29,4201231,사기막리,128.81838250417627,37.7939296154463,4,0,True
2025-05-29,4201230,사기막리,128.8183214702477,37.793964034615996,,,False
2025-05-29,4200142,사기막마을회관,128.8109379000351,37.79306001321451,,,False
2025-05-29,4200141,사기막마을회관,128.81090286737634,37.79301923903732,5,0,True
2025-05-29,4200919,사반,128.8467909201167,37.5342056043505,,,False
2025-05-29,4200920,사반,128.84669362641395,37.534157761808984,,,False
2025-05-29,4200714,사이말교,128.88798046545247,37.71196552544221,3,0,True
2025-05-29,4200713,사이말교,128.88807348333134,37.711972121452696,,,False
2025-05-29,4200924,사이소재길,128.8475369146747,37.557798436516386,,,False
2025-05-29,4200923,사이소재길,128.8476417163746,37.55780194237984,1,0,True
2025-05-29,4200223,사천면사무소,128.84914337332015,37.8229406699122,120,30,True
2025-05-29,4200222,사천면사무소,128.84928192865996,37.82385848393331,41,33,True
2025-05-29,4200449,사천물회거리,128.8755979856823,37.838072593350674,15,1,True
2025-05-29,4200447,사천물회거리,128.8757309061334,37.83810545841113,21,5,True
2025-05-29,4202163,사천보헤미안커피,128.86756687053622,37.84672399113912,,,False
2025-05-29,4202164,사천보헤미안커피,128.8676784641814,37.846752776517754,,,False
2025-05-29,4200294,사천중학교,128.84663312060465,37.82670813694838,2,1,True
2025-05-29,4200165,사천중학교,128.84662013233944,37.82677848556301,1,0,True
2025-05-29,4201238,사천진리,128.87339689589916,37.83812340174815,13,2,True
2025-05-29,4202159,사천진바위섬,128.87633882234948,37.84060226740597,4,0,True
2025-05-29,4202160,사천진바위섬,128.8764473285357,37.8406481132808,0,2,True
2025-05-29,4209999,사천진해변,128.87344886491002,37.842977470664934,1,5,True
2025-05-29,4201268,사천진해변,128.87339749147367,37.84293833117085,4,1,True
2025-05-29,4200444,사천캠핑장,128.87516834469744,37.831731302711255,0,2,True
2025-05-29,4200445,사천캠핑장,128.8750445298634,37.831686225915426,3,1,True
2025-05-29,4200442,사천해변,128.87869491904522,37.828713817312966,2,1,True
2025-05-29,4200443,사천해변,128.87827311977188,37.82882341864164,,,False
2025-05-29,4201321,산계2리,128.97229539203417,37.57962245004452,2,0,True
2025-05-29,4201320,산계2리,128.97246971139714,37.57976114585706,,,False
2025-05-29,4201328,산계리종점,128.9460355736469,37.57495852194761,12,1,True
2025-05-29,4200440,산대월리.순포,128.88547702493108,37.822903011074914,0,1,True
2025-05-29,4200441,산대월리.순포,128.88527417343033,37.822868850849,8,0,True
2025-05-29,4200383,산대월리마을회관,128.8709163724858,37.815914215160845,3,0,True
2025-05-29,4200594,산두골,128.9840168065266,37.71859873395223,5,0,True
2025-05-29,4200595,산두골,128.98401664518687,37.71851617972176,0,1,True
2025-05-29,4200179,산림조합,128.81641190280698,37.85471554225067,4,2,True
2025-05-29,4200295,산림조합,128.81634583702206,37.85478178935546,2,3,True
2025-05-29,4200877,산북,128.84586150037325,37.704935503831294,,,False
2025-05-29,4200875,산북2리경로당,128.83409128779982,37.71149810424752,,,False
2025-05-29,4200876,산북2리경로당,128.83404425902265,37.71143075108243,,,False
2025-05-29,4201060,산성우1리,129.0046545324227,37.68347462505554,4,0,True
2025-05-29,4201084,산성우2리,129.01725588482054,37.67160656267303,,,False
2025-05-29,4201085,산성우2리,129.01735333412336,37.671618793132126,,,False
2025-05-29,4201083,산성우2리마을회관,129.02279471216545,37.67820045840464,,,False
2025-05-29,4201082,산성우2리마을회관,129.02269902654416,37.678299838704675,,,False
2025-05-29,4201031,삼개사입구,128.88695285563512,37.7503693771254,30,6,True
2025-05-29,4201032,삼개사입구,128.88684645443755,37.75026780562399,2,11,True
2025-05-29,4200867,삼거리,128.83456155956415,37.745154825533675,,,False
2025-05-29,4200866,삼거리,128.8345942629299,37.74509162495973,,,False
2025-05-29,4200455,삼교리종점,128.74996246309584,37.87971842334567,6,0,True
2025-05-29,4200456,삼교리종점,128.7500022864006,37.879776675728266,0,1,True
2025-05-29,4201370,삼밭골,128.97299626468876,37.625881433054694,2,0,True
2025-05-29,4201369,삼밭골,128.97299344360636,37.62595039665499,1,0,True
2025-05-29,4200514,삼산,128.69251552941094,37.84710607104921,,,False
2025-05-29,4200516,삼산,128.6925944995912,37.847189566163216,,,False
2025-05-29,4200170,삼산1리,128.70464319375566,37.845506729172776,2,0,True
2025-05-29,4200171,삼산1리,128.7047914618132,37.84575283130434,0,1,True
2025-05-29,4200324,삼산1리마을회관,128.7032068078098,37.84670520300259,0,1,True
2025-05-29,4200325,삼산1리마을회관,128.7039248000704,37.84665394357494,,,False
2025-05-29,4200408,삼산4리,128.65358585892187,37.836375046564235,,,False
2025-05-29,4200409,삼산4리,128.65339766055644,37.8363605430016,,,False
2025-05-29,4200426,삼산보건진료소,128.69992094735875,37.846599335592536,2,0,True
2025-05-29,4200427,삼산보건진료소,128.6999017867484,37.84667116560819,,,False
2025-05-29,4200328,삼산분소,128.72806310762525,37.8484167632985,1,3,True
2025-05-29,4201411,삼성디지털센터,128.89671612387085,37.758421567843364,0,2,True
2025-05-29,4200365,삼성디지털센터,128.8966989039856,37.75811194350719,145,104,True
2025-05-29,4200987,삼왕,128.79442364222726,37.75959705206606,1,2,True
2025-05-29,4200267,삼우은성아파트,128.91973659122027,37.77025900516923,28,57,True
2025-05-29,4200268,삼우은성아파트,128.91881978171756,37.77007704319862,197,6,True
2025-05-29,4200054,삼익아파트,128.93336344346523,37.7794509217129,2,25,True
2025-05-29,4200358,삼창그린맨션,128.88749893563826,37.744743384730015,14,1,True
2025-05-29,4200310,삼천리아파트,128.8379309322555,37.8689470039461,184,57,True
2025-05-29,4200211,삼천리아파트,128.8383288212433,37.86906384505761,153,64,True
2025-05-29,4200732,삼흥사,128.901198738292,37.739798973918525,1,3,True
2025-05-29,4200731,삼흥사,128.90121043083064,37.739730650079785,2,0,True
2025-05-29,4200925,삽당령휴게소,128.85348981301368,37.57765377589509,,,False
2025-05-29,4200926,삽당령휴게소,128.85335366163847,37.57771787179165,0,1,True
2025-05-29,4201429,삿갓2교,128.89440260554116,37.72191310597893,,,False
2025-05-29,4200022,상근내,128.7796924207031,37.8773758413694,8,0,True
2025-05-29,4200099,상근내,128.77960655925375,37.87745059496862,0,1,True
2025-05-29,4201317,상반암,128.97555145054721,37.581507187334616,,,False
2025-05-29,4201316,상반암,128.97543453934762,37.581480242671276,,,False
2025-05-29,4201318,상반암2교,128.97515057257976,37.579938893006116,,,False
2025-05-29,4201319,상반암2교,128.97526025138177,37.580104674041834,1,0,True
2025-05-29,4201173,상시동,128.94246528458484,37.71818427280178,3,0,True
2025-05-29,4201174,상시동,128.94244611636475,37.71825557931822,,,False
2025-05-29,4201175,상시동2리마을구판장,128.9490236053727,37.7224263738442,3,0,True
2025-05-29,4201176,상시동2리마을구판장,128.94913379195222,37.72251033214177,,,False
2025-05-29,4200526,새이골,128.79025907473746,37.85322227035808,1,1,True
2025-05-29,4200957,새재마을,128.8242487855186,37.68544901419477,,,False
2025-05-29,4200958,새재마을,128.8242669560502,37.685279144065696,,,False
2025-05-29,4201360,샘골,129.00918544930587,37.619230471502696,,,False
2025-05-29,4201361,샘골,129.0091899817426,37.61916886212585,,,False
2025-05-29,4200974,샘골식당,128.8117504319814,37.72973210273536,,,False
2025-05-29,4200973,샘골식당,128.81165805890132,37.72970284088515,2,0,True
2025-05-29,4200932,샘터휴게실,128.8616379939255,37.62586846407014,,,False
2025-05-29,4200931,샘터휴게실,128.86196479739877,37.62603907325114,3,0,True
2025-05-29,4200515,서당마을,128.8153409524242,37.87964681225348,,,False
2025-05-29,4200842,서희아파트,128.86542964738,37.739494273568006,0,18,True
2025-05-29,4200843,서희아파트,128.86634677134685,37.73976016715972,125,1,True
2025-05-29,4200139,석교2리마을회관,128.82066862382376,37.842307094394954,2,0,True
2025-05-29,4200992,석불사입구,128.79428550244546,37.75401121249684,,,False
2025-05-29,4200993,석불사입구,128.79436174094738,37.75400145159608,,,False
2025-05-29,4200076,선교장,128.88470029533363,37.78507057730054,17,1,True
2025-05-29,4200075,선교장,128.8853532167783,37.785455385598155,6,2,True
2025-05-29,4200236,선교장입구,128.87978791945434,37.782182641690056,42,18,True
2025-05-29,4200237,선교장입구,128.8801857915523,37.78222354537227,17,22,True
2025-05-29,4201250,선수촌8단지,128.87011109214671,37.76078977894948,96,4,True
2025-05-29,4201249,선수촌8단지,128.87029355520082,37.76060110592661,13,12,True
2025-05-29,4200534,선자령고개입구,128.79239579933846,37.73245610705835,,,False
2025-05-29,4200537,선자령고개입구,128.79231046446523,37.732508544183865,,,False
2025-05-29,4201310,설암마을,128.99822461811513,37.59527911024018,,,False
2025-05-29,4201311,설암마을,128.9983494117808,37.59541501641899,,,False
2025-05-29,4201189,섬석교,128.92156879198023,37.740684165183964,0,1,True
2025-05-29,4201188,섬석교,128.92171052547354,37.74090783532175,8,0,True
2025-05-29,4200854,성내동광장,128.89469082592495,37.750838877146485,0,2,True
2025-05-29,4200855,성내동광장,128.89488299521074,37.75095303991505,0,1,True
2025-05-29,4201046,성덕동주민센터,128.91533375948597,37.76294836172143,0,1,True
2025-05-29,4201045,성덕동주민센터,128.91516594318634,37.762763608124146,7,0,True
2025-05-29,4200765,성덕초등학교,128.91017117535122,37.75573609872045,64,1,True
2025-05-29,4201004,성산,128.82713990486903,37.71438975242994,,,False
2025-05-29,4201005,성산,128.8271623742617,37.714502339268236,6,4,True
2025-05-29,4201009,성산면사무소,128.832602033901,37.718970827982346,9,17,True
2025-05-29,4201008,성산면사무소,128.83255254171343,37.71856830087688,65,26,True
2025-05-29,4201007,성산치안센터,128.8310696649731,37.7159774839219,0,9,True
2025-05-29,4201006,성산치안센터,128.83090633919258,37.71566752965487,25,0,True
2025-05-29,4200422,성원사입구,128.6867712693139,37.847205451671535,1,0,True
2025-05-29,4200423,성원사입구,128.68646040632865,37.84726485901322,0,1,True
2025-05-29,4200817,성황당,128.87341590911527,37.71242819076422,1,0,True
2025-05-29,4200818,성황당,128.8735164959862,37.712407011021696,,,False
2025-05-29,4201425,성황당교,128.89068764552184,37.7193346055837,,,False
2025-05-29,4200550,세인트존스호텔,128.9216970367292,37.79098344901958,9,5,True
2025-05-29,4200549,세인트존스호텔,128.92167986735865,37.790864197302774,8,14,True
2025-05-29,4202156,세인트존스호텔,128.92066155176954,37.789921292283566,2,8,True
2025-05-29,4202158,세인트존스호텔,128.9208321964743,37.79000919070631,1,3,True
2025-05-29,4200167,소금강산,128.71230365715414,37.82166854276753,0,2,True
2025-05-29,4200166,소금강산,128.7124812586759,37.82175517040325,5,0,True
2025-05-29,4200327,소금강산돌박물관,128.72545746023172,37.848484193808346,17,0,True
2025-05-29,4200168,소금강산분교,128.710000116687,37.83125700946602,2,0,True
2025-05-29,4200169,소금강산분교,128.70996109009303,37.83105237281379,,,False
2025-05-29,4200429,소금강산삼거리,128.70652525366145,37.84687236867498,,,False
2025-05-29,4200428,소금강산삼거리,128.70675214581883,37.84674771999477,3,0,True
2025-05-29,4200419,소금강산종점,128.70783064886766,37.81649025417566,5,3,True
2025-05-29,4200337,소금강산체험학습장,128.78576790854493,37.85169587352382,2,0,True
2025-05-29,4200184,소돌,128.82175443074843,37.905415537268986,102,4,True
2025-05-29,4200185,소돌,128.8213252547112,37.90592204016269,1,23,True
2025-05-29,4200523,소돌해변,128.82357421556765,37.90742431202615,0,3,True
2025-05-29,4200518,소돌해변,128.8237001059589,37.9072478711743,15,0,True
2025-05-29,4200002,소돌해변입구,128.81905535960837,37.90780434670355,0,6,True
2025-05-29,4200633,소양가든,128.91470984838725,37.70545388269156,2,0,True
2025-05-29,4200634,소양가든,128.91482886328737,37.70544797167058,,,False
2025-05-29,4200609,소재골길,128.92430261228944,37.73030112286398,,,False
2025-05-29,4200608,소재골길,128.9243373158486,37.73032246539831,,,False
2025-05-29,4200126,솔올공연장,128.87424793205705,37.763507530751156,194,9,True
2025-05-29,4200125,솔올공연장,128.87460623301726,37.76366952964576,11,103,True
2025-05-29,4200060,솔올중학교,128.8798722504925,37.77163504014371,42,10,True
2025-05-29,4200822,솔향수목원입구,128.8693376080556,37.70921581710481,5,0,True
2025-05-29,4200823,솔향수목원입구,128.86937194102438,37.70931046077696,4,0,True
2025-05-29,4201165,송담서원,128.92985457221653,37.6927197945936,4,1,True
2025-05-29,4200351,송림,128.82064394298325,37.85559369331711,0,1,True
2025-05-29,4200350,송림,128.8201619228096,37.85539548451919,,,False
2025-05-29,4200347,송림2리,128.81062888375345,37.853558399575036,5,0,True
2025-05-29,4200346,송림2리,128.8099436136846,37.853407423711076,0,1,True
2025-05-29,4200345,송림2리경로당,128.80789598964623,37.85203614474543,0,1,True
2025-05-29,4200344,송림2리경로당,128.807966000434,37.85197372236723,6,0,True
2025-05-29,4200510,송림길,128.8252555621319,37.855656749226185,,,False
2025-05-29,4200511,송림길,128.8248292251072,37.8557650289636,0,1,True
2025-05-29,4200372,송암,128.82637877635176,37.78089823387296,1,0,True
2025-05-29,4200374,송암리노인복지회관,128.8371281193178,37.78167045367396,,,False
2025-05-29,4200373,송암리노인복지회관,128.83714806452136,37.781611643083856,7,0,True
2025-05-29,4200560,송양초교,128.84779064633727,37.75738270190068,,,False
2025-05-29,4200559,송양초교,128.84774510140426,37.757348769268916,3,0,True
2025-05-29,4200274,송정노인회관,128.93141909498914,37.77512821569013,225,8,True
2025-05-29,4200272,송정동주민센터,128.92775106138072,37.77430053196711,113,10,True
2025-05-29,4200271,송정동주민센터,128.9281580126049,37.77420386430584,11,30,True
2025-05-29,4200052,송정래미안,128.93038982126572,37.78292573478735,15,2,True
2025-05-29,4200051,송정래미안,128.93021609974548,37.78282723196739,0,5,True
2025-05-29,4200273,송정신원아침도시,128.93190852770562,37.774810233413945,7,52,True
2025-05-29,4200275,송정한신아파트입구,128.93667614488956,37.77380916737768,0,27,True
2025-05-29,4200276,송정한신아파트입구,128.93668274097607,37.7740287226972,125,0,True
2025-05-29,4201386,송정한신아파트후문,128.93962441064605,37.773612640324636,96,0,True
2025-05-29,4200263,송정한신아파트후문,128.9386138022858,37.773558747641985,0,18,True
2025-05-29,4200280,송정해변,128.9381119893655,37.77768849372205,53,1,True
2025-05-29,4201265,송정해변,128.937243026154,37.779799396228796,9,0,True
2025-05-29,4201264,송정해변,128.93690998005923,37.77994173288209,0,6,True
2025-05-29,4200404,송천,128.64305128748416,37.832454612861596,,,False
2025-05-29,4200405,송천,128.64294987987037,37.832536995608294,0,2,True
2025-05-29,4200399,송천종점,128.63433752494774,37.82213931034025,10,1,True
2025-05-29,4200300,수협사거리,128.8314095884837,37.895774457125356,10,38,True
2025-05-29,4200190,수협사거리,128.83119347169236,37.89590191816579,81,9,True
2025-05-29,4200436,순긋해변,128.89252003394913,37.81667547893821,1,0,True
2025-05-29,4200437,순긋해변,128.89288352206873,37.81622289476459,5,6,True
2025-05-29,4201241,순두부마을,128.8929863409179,37.7864529101926,0,5,True
2025-05-29,4201240,순두부마을,128.89327386744634,37.786738816066666,4,0,True
2025-05-29,4200439,순포해변,128.8896479640838,37.81947984719446,0,1,True
2025-05-29,4200438,순포해변,128.8909555032514,37.81845994015455,1,1,True
2025-05-29,4200004,숲사랑홍보관,128.85126457297872,37.81878304910103,8,8,True
2025-05-29,4200828,신광사입구,128.85959135500886,37.70844237993537,,,False
2025-05-29,4200829,신광사입구,128.85953628339269,37.70852190735515,,,False
2025-05-29,4200279,신도브래뉴,128.93862914925478,37.77730338810464,2,30,True
2025-05-29,4202169,신라모노그램,128.92993128709296,37.78509796814699,,,False
2025-05-29,4202172,신라모노그램,128.92730314100064,37.78470637599459,,,False
2025-05-29,4202170,신라모노그램,128.92998485011893,37.785132389833336,,,False
2025-05-29,4202171,신라모노그램,128.92766337576,37.78423838201166,,,False
2025-05-29,4200068,신석,128.9222626638924,37.73522591649743,1,0,True
2025-05-29,4201244,신석,128.92220564964913,37.73521532481458,0,1,True
2025-05-29,4200570,신석입구,128.92112104933958,37.74060070408295,,,False
2025-05-29,4200571,신석입구,128.92121434678074,37.740633508275124,0,2,True
2025-05-29,4200605,신석종점,128.92550135841566,37.72411554187395,,,False
2025-05-29,4200604,신석종점,128.92548856169705,37.724168770541205,,,False
2025-05-29,4200610,신석회관,128.922128840552,37.73330388403426,9,0,True
2025-05-29,4200611,신석회관,128.92206674319968,37.733298030104976,,,False
2025-05-29,4200563,신암동산,128.856450486855,37.759838948235505,2,0,True
2025-05-29,4200564,신암동산,128.85644693333413,37.7598894548062,,,False
2025-05-29,4200252,신영극장,128.8961287589657,37.75448236011555,1964,2170,True
2025-05-29,4200395,신왕리,128.7909165521197,37.84823170892436,1,0,True
2025-05-29,4200396,신왕리,128.79081224615587,37.848255771655694,,,False
2025-05-29,4200393,신왕리마을회관,128.78881339413073,37.84406973819415,,,False
2025-05-29,4200394,신왕리마을회관,128.78872771686466,37.84404617250474,,,False
2025-05-29,4200392,신왕종점,128.77479795503757,37.82848497778013,1,0,True
2025-05-29,4200339,신왕초등학교,128.78962228209244,37.85282870829282,2,0,True
2025-05-29,4200178,신왕초등학교.소금강산체험학습장,128.7874843369829,37.85236789721056,1,0,True
2025-05-29,4200376,신평교,128.84751858457875,37.787025988717744,,,False
2025-05-29,4200375,신평교,128.8476422534893,37.786964946063456,,,False
2025-05-29,4200795,신화아파트,128.89739318948855,37.749293198227164,,,False
2025-05-29,4200796,신화아파트,128.8983309878122,37.7493513359141,0,1,True
2025-05-29,4201111,심곡,129.05072825701674,37.66496744031941,20,2,True
2025-05-29,4201110,심곡,129.05054407613815,37.66494664843006,0,2,True
2025-05-29,4200885,심불사입구,128.83994507873663,37.70295599504848,,,False
2025-05-29,4200884,심불사입구,128.84001194474018,37.70305298286866,1,0,True
2025-05-29,4201118,썬크루즈,129.0440946513368,37.6820368944123,2,1,True
2025-05-29,4201373,아래흐내,128.97754794808964,37.614630687418135,,,False
2025-05-29,4201372,아래흐내,128.9775173341677,37.61462843088557,,,False
2025-05-29,4201388,안고단,128.81682784184864,37.52450097063033,,,False
2025-05-29,4200865,안곡,128.82914470078177,37.745465477199204,1,0,True
2025-05-29,4200871,안곡약수터입구,128.8379137142218,37.73973940790299,,,False
2025-05-29,4200020,안곡약수터입구,128.8378468662133,37.73975627758666,1,0,True
2025-05-29,4200869,안국고개입구,128.83777031179514,37.74152814933456,,,False
2025-05-29,4200868,안국고개입구,128.8377139800973,37.741484552653596,,,False
2025-05-29,4201043,안목,128.94526892930932,37.77285146151794,267,4,True
2025-05-29,4200281,안목.강릉항,128.94934241574012,37.770520507065875,,,False
2025-05-29,4201040,안목.강릉항,128.94944155473152,37.77036079213364,,,False
2025-05-29,4201057,안목커피거리,128.94590416266868,37.77225695392567,32,2,True
2025-05-29,4201044,안목커피거리,128.94543559396536,37.77260342997581,48,200,True
2025-05-29,4200244,안목커피거리,128.94578809167245,37.77230230429985,6,34,True
2025-05-29,4201263,안목해변,128.94493768408068,37.774178194287636,30,0,True
2025-05-29,4201262,안목해변,128.9453268042541,37.77365094131008,0,4,True
2025-05-29,4200587,안소재길,128.84955884022355,37.563768804870946,1,0,True
2025-05-29,4200586,안소재길,128.84946322181048,37.56376109313163,,,False
2025-05-29,4201139,안인,128.98934561422945,37.734014720107886,25,0,True
2025-05-29,4201140,안인,128.98934458573052,37.73394318769602,5,15,True
2025-05-29,4200599,안인삼거리,128.98037760076,37.72789657042197,,,False
2025-05-29,4200598,안인삼거리,128.98042188065915,37.72782929827981,,,False
2025-05-29,4201148,안인화력발전소,128.97827596831831,37.72739115413768,14,0,True
2025-05-29,4201149,안인화력발전소,128.97827482863894,37.727294808983075,0,4,True
2025-05-29,4201001,암반욕체험장,128.8174715505199,37.72568745788923,,,False
2025-05-29,4201002,암반욕체험장,128.81756412801548,37.725703466430105,,,False
2025-05-29,4200528,앞무쇠골,128.7909149887738,37.735806871417466,,,False
2025-05-29,4200535,앞무쇠골,128.7907679545247,37.73580475645548,2,0,True
2025-05-29,4200187,양양고개,128.82805578782853,37.90002854060149,49,2,True
2025-05-29,4200188,양양고개,128.82822436017406,37.899998054568016,2,37,True
2025-05-29,4201243,양우내안애아파트,128.90225216607172,37.751490811466354,1,0,True
2025-05-29,4201245,양우내안애아파트,128.9018874469489,37.75145322200816,,,False
2025-05-29,4200201,양조장,128.8258300942643,37.881274388703744,166,22,True
2025-05-29,4201403,양지골,128.84419682263942,37.754675826474795,,,False
2025-05-29,4201404,양지골,128.8442384161847,37.75462833677575,,,False
2025-05-29,4201357,양지마을,129.0219835892014,37.61975733717636,2,0,True
2025-05-29,4201356,양지마을,129.02194175334466,37.619812201556556,,,False
2025-05-29,4201354,양지말상,129.02550426571582,37.620299361941775,,,False
2025-05-29,4201355,양지말상,129.02549637985018,37.62023673439294,1,0,True
2025-05-29,4200651,어단1리,128.89857868128925,37.69687081252176,2,2,True
2025-05-29,4200652,어단1리,128.89835375718442,37.69689880719406,,,False
2025-05-29,4200644,어단1리마을회관,128.90166199367852,37.69299424582564,,,False
2025-05-29,4200643,어단1리마을회관,128.90163121019464,37.69306524952247,1,1,True
2025-05-29,4200646,어단1리성황당,128.8998102046769,37.691407412019785,,,False
2025-05-29,4200645,어단1리성황당,128.8997465866069,37.69146948045897,1,1,True
2025-05-29,4200639,어단2리마을회관,128.91146885408946,37.6964376324294,6,1,True
2025-05-29,4200640,어단2리마을회관,128.91152104480037,37.696373262130535,,,False
2025-05-29,4200648,어단리.법왕사,128.89523586027252,37.689105321389235,2,0,True
2025-05-29,4200972,어흘리.굴면동,128.81242525863513,37.71968494003737,1,2,True
2025-05-29,4200966,어흘리.굴면동,128.81355554198663,37.72030372991263,3,0,True
2025-05-29,4201412,어흘리산림관광안내센터,128.79622345209006,37.720248969562334,3,0,True
2025-05-29,4201413,어흘리산림관광안내센터,128.79677626958596,37.720179974904156,,,False
2025-05-29,4201163,언별2리,128.93981173016869,37.70173122003391,,,False
2025-05-29,4201164,언별2리,128.93990494422928,37.70171510089973,4,0,True
2025-05-29,4200036,언별리,128.932462653647,37.69147304189006,1,0,True
2025-05-29,4201227,연곡면사무소,128.83749819485607,37.86001175022627,171,84,True
2025-05-29,4200212,연곡면사무소,128.83761397394952,37.85995465828368,132,98,True
2025-05-29,4200354,연곡면사무소,128.83726140830402,37.85982528703765,80,69,True
2025-05-29,4200355,연곡면사무소,128.8369030857598,37.8592954872826,4,0,True
2025-05-29,4200381,연곡소나무길,128.86219953750597,37.850074873961454,4,0,True
2025-05-29,4200509,연곡소나무길,128.8618386269624,37.85018703668437,1,0,True
2025-05-29,4200353,연곡초교,128.82814655157526,37.8569020930201,,,False
2025-05-29,4200352,연곡초교,128.82816906723454,37.856817110094816,1,2,True
2025-05-29,4200349,연곡취수장입구,128.8134029222452,37.854479588535305,0,1,True
2025-05-29,4200348,연곡취수장입구,128.81321638321742,37.85436534997662,1,0,True
2025-05-29,4200451,연곡해변,128.85309149153562,37.85745785808507,3,1,True
2025-05-29,4200450,연곡해변,128.8529783059013,37.85739414992972,2,2,True
2025-05-29,4200213,연곡해변입구,128.84130813848452,37.85462580337619,21,1,True
2025-05-29,4200214,연곡해변입구,128.84162112920617,37.854539181009365,4,12,True
2025-05-29,4200152,연변,128.83155522186766,37.80584297639379,,,False
2025-05-29,4200151,연변,128.83161739090895,37.80576988356887,5,0,True
2025-05-29,4200759,영동정미소,129.03644448557495,37.62779710955012,,,False
2025-05-29,4201341,영동정미소,129.0362624021505,37.62780024862322,,,False
2025-05-29,4200209,영진입구,128.83637261045655,37.87054167536418,35,26,True
2025-05-29,4201226,영진입구,128.83626865951734,37.87047570517143,40,15,True
2025-05-29,4201270,영진항,128.84778900128174,37.86736001237831,2,0,True
2025-05-29,4201269,영진항,128.8478764921571,37.86744935186811,,,False
2025-05-29,4201271,영진해변,128.84407553359966,37.870005012045354,3,0,True
2025-05-29,4201272,영진해변,128.84410671788726,37.87009887053988,1,1,True
2025-05-29,4200406,오대산휴게소,128.648222920777,37.83491560552007,,,False
2025-05-29,4200407,오대산휴게소,128.64806989287274,37.83498136245625,,,False
2025-05-29,4200816,오뚜기물류서비스,128.87782869819907,37.71615014292806,8,1,True
2025-05-29,4200815,오뚜기물류서비스,128.8777698382652,37.71622341645464,1,1,True
2025-05-29,4201078,오리동,129.01320871433214,37.68272714510743,14,0,True
2025-05-29,4201079,오리동,129.01320324945965,37.682803393955474,0,2,True
2025-05-29,4201058,오리들마을,128.93730145779827,37.744469925122935,10,0,True
2025-05-29,4201252,오리들마을,128.93739401500017,37.74438483019564,0,1,True
2025-05-29,4200536,오리진항,128.8317047746547,37.90064451287537,5,0,True
2025-05-29,4200527,오리진항,128.8317491433552,37.9007448060665,0,3,True
2025-05-29,4200961,오봉,128.8206361867679,37.70638660212798,,,False
2025-05-29,4200962,오봉,128.8205322494514,37.7062887289534,,,False
2025-05-29,4200964,오봉리,128.82222083699313,37.709588124281694,,,False
2025-05-29,4200963,오봉리,128.8222695914709,37.70939016181609,2,0,True
2025-05-29,4200053,오성학교,128.93312248716418,37.77978287851338,39,8,True
2025-05-29,4201428,오션시티아이파크,128.94156983542882,37.775150292669956,,,False
2025-05-29,4201427,오션시티아이파크,128.94172063887467,37.77534012183183,,,False
2025-05-29,4200239,오죽헌,128.88242080274284,37.78040719543912,68,35,True
2025-05-29,4200238,오죽헌,128.8827262588498,37.779841129260745,83,54,True
2025-05-29,4200092,오죽헌,128.8797380363922,37.77879711032111,23,6,True
2025-05-29,4200093,오죽헌,128.88009218006442,37.77900408798861,3,8,True
2025-05-29,4200769,오죽헌입구,128.8828973977968,37.77942746550242,8,1,True
2025-05-29,4201382,오죽헌입구,128.88300783523746,37.779420150144524,11,14,True
2025-05-29,4201097,옥계119안전센터,129.03045031861078,37.60261800571139,,,False
2025-05-29,4201098,옥계119안전센터,129.0299579795461,37.602418475944106,,,False
2025-05-29,4202042,옥계면사무소,129.03870359107486,37.61225376052538,3,0,True
2025-05-29,4202052,옥계면사무소,129.03863134955023,37.61234830848836,0,3,True
2025-05-29,4202092,옥계역,129.04915585739857,37.61793983643156,1,0,True
2025-05-29,4202082,옥계역,129.0492092887644,37.61767316323472,0,1,True
2025-05-29,4201368,옥계저수지,128.9806153158948,37.62190318324612,,,False
2025-05-29,4201367,옥계저수지,128.98049757084706,37.62195561397405,,,False
2025-05-29,4201366,옥계저수지,128.9806745254139,37.62197726022537,,,False
2025-05-29,4202032,옥계현내시장,129.03512810350702,37.608949806593664,38,19,True
2025-05-29,4202022,옥계현내시장,129.03523947374634,37.60889735545031,89,8,True
2025-05-29,4201285,옥골,129.0451011119314,37.58480257343729,4,0,True
2025-05-29,4200701,옥봉마을,128.89299808417252,37.703844690722654,,,False
2025-05-29,4200257,옥천119안전센터,128.90305174420297,37.761041080134646,53,24,True
2025-05-29,4200256,옥천119안전센터,128.9022376115818,37.76136928474395,16,38,True
2025-05-29,4201000,옥터가든,128.8137241133093,37.7280870855366,0,2,True
2025-05-29,4200999,옥터가든,128.81373332317625,37.728008981659464,,,False
2025-05-29,4201284,올밑,129.03979791391387,37.58885317796911,4,0,True
2025-05-29,4201363,옹기마을,129.00369924320785,37.616995401978194,1,0,True
2025-05-29,4201362,옹기마을,129.0036684835799,37.617059917346076,,,False
2025-05-29,4200897,왕산골,128.78735259066167,37.65458906689652,4,0,True
2025-05-29,4200896,왕산골,128.7872211119886,37.65448843873245,0,1,True
2025-05-29,4200468,왕산골한옥,128.79462643294355,37.66636911752362,1,0,True
2025-05-29,4200930,왕산구)종점,128.8604095757484,37.623711657099335,0,2,True
2025-05-29,4200929,왕산구)종점,128.8604892853729,37.62367273667524,1,0,True
2025-05-29,4200960,왕산대기교차로,128.80856548851528,37.68962515075815,,,False
2025-05-29,4200959,왕산대기교차로,128.80857307337496,37.68975019804283,,,False
2025-05-29,4200889,왕산리2반,128.80297738702234,37.675963955897956,,,False
2025-05-29,4200888,왕산리2반,128.80288061474792,37.67595542199383,,,False
2025-05-29,4200891,왕산리마을회관,128.79682095717135,37.67030353806043,,,False
2025-05-29,4200890,왕산리마을회관,128.79684011914176,37.670392794275685,0,1,True
2025-05-29,4200952,왕산면사무소앞,128.83831324436588,37.672144012562036,3,0,True
2025-05-29,4200951,왕산면사무소앞,128.83840731782888,37.6721688588501,9,2,True
2025-05-29,4200928,왕산사,128.8594660677207,37.61509686617323,1,0,True
2025-05-29,4200927,왕산사,128.85972406418662,37.614998007179736,2,0,True
2025-05-29,4200955,왕산사슴목장,128.82575088668412,37.681344715824196,,,False
2025-05-29,4200956,왕산사슴목장,128.82565717295802,37.68132318009433,,,False
2025-05-29,4200607,왜골안길,128.9242847541364,37.72773866042556,1,0,True
2025-05-29,4200606,왜골안길,128.92431613988109,37.72776258609913,3,0,True
2025-05-29,4201035,용강동,128.89127858305645,37.75423171492401,31,73,True
2025-05-29,4201036,용강동,128.89145488440622,37.7543870741593,49,4,True
2025-05-29,4200250,용강동서부시장,128.89174828581776,37.7556582744871,319,70,True
2025-05-29,4200249,용강동서부시장,128.89167287030088,37.75492247590215,180,477,True
2025-05-29,4200874,용봉자동차학원,128.83460209459432,37.72175943182151,,,False
2025-05-29,4200259,용지각,128.90537716328666,37.76184119439877,247,55,True
2025-05-29,4200258,용지각,128.90534669055177,37.76147384168322,170,83,True
2025-05-29,4201407,우미린아파트,128.87047584429433,37.757205866745004,,,False
2025-05-29,4200565,우미린아파트,128.87023572987053,37.75716460769394,32,53,True
2025-05-29,4200241,우성공업사,128.8881180126791,37.77538642162077,22,16,True
2025-05-29,4200520,우신아파트,128.8255393760297,37.87241785986445,14,1,True
2025-05-29,4200123,우편집중국,128.8733706824724,37.76051485370646,17,51,True
2025-05-29,4200124,우편집중국,128.87347187490323,37.76156496879712,212,24,True
2025-05-29,4200600,운산노인회관,128.93671028942424,37.732907768416084,,,False
2025-05-29,4200601,운산노인회관,128.93684858416998,37.73287788594293,,,False
2025-05-29,4200602,운산분교,128.93677350637265,37.730734508227286,4,0,True
2025-05-29,4200603,운산분교,128.93686556902622,37.730747600300575,,,False
2025-05-29,4200390,운양초교,128.85999131659992,37.833521248123965,2,0,True
2025-05-29,4202153,운양초등학교,128.8590953489884,37.83649095483332,5,0,True
2025-05-29,4200198,원마트,128.82575730347685,37.88826959645488,40,77,True
2025-05-29,4201050,원마트,128.9185145864492,37.76040631401962,0,2,True
2025-05-29,4201232,원마트,128.8255161831108,37.88764901879385,162,16,True
2025-05-29,4201049,원마트,128.91839757804996,37.76020248248705,3,0,True
2025-05-29,4200787,원예농협강남점,128.8968065666806,37.74246510458876,,,False
2025-05-29,4200788,원예농협강남점,128.89681243940322,37.742695820214294,3,0,True
2025-05-29,4201059,월호평동,128.94896909223806,37.74860767924179,3,2,True
2025-05-29,4200561,위촌1교,128.85248954070696,37.758669118271264,,,False
2025-05-29,4200562,위촌1교,128.85256313236903,37.758700268834,,,False
2025-05-29,4201401,위촌1리마을회관,128.8493169939177,37.752759763627935,1,0,True
2025-05-29,4201402,위촌1리마을회관,128.84922183855028,37.75276536684672,,,False
2025-05-29,4200557,위촌2리경로당,128.84459001673955,37.75958593352651,4,0,True
2025-05-29,4209994,위촌2리경로당,128.8446791622344,37.75971028072801,5,0,True
2025-05-29,4200558,위촌2리경로당,128.84480889532918,37.75954345559538,1,1,True
2025-05-29,4201408,위촌리,128.8362872937098,37.75958677922043,1,0,True
2025-05-29,4200556,위촌리,128.83630340406063,37.75966855469253,0,1,True
2025-05-29,4200870,윗회산,128.8624600126061,37.71152374867891,2,0,True
2025-05-29,4200064,윗회산,128.86237406495107,37.71154075190158,,,False
2025-05-29,4200331,유등.백운사입구,128.75900654206438,37.850462767351864,1,0,True
2025-05-29,4200332,유등.백운사입구,128.75795827699417,37.850487600912274,1,1,True
2025-05-29,4200680,유산동노인회관,128.90975279156388,37.73997249911831,,,False
2025-05-29,4200679,유산동노인회관,128.9098408904697,37.73999573125917,3,0,True
2025-05-29,4200677,유산민물장어,128.91188581173668,37.73590297036683,2,0,True
2025-05-29,4200678,유산민물장어,128.9117917615037,37.73586343058287,,,False
2025-05-29,4200555,유천동,128.86153738164376,37.766528036862,,,False
2025-05-29,4200479,유천행복주택,128.86570448042954,37.76159011454386,4,1,True
2025-05-29,4200039,유화아파트,128.91342886671308,37.785727014906996,45,0,True
2025-05-29,4200363,율곡중정문,128.88882882673292,37.76926965127901,,,False
2025-05-29,4200243,율곡중학교,128.89033943348878,37.77216892177817,31,9,True
2025-05-29,4200242,율곡중학교,128.89021344037266,37.771874448370795,54,18,True
2025-05-29,4200132,율곡초등학교,128.88221538693716,37.765100900268116,39,0,True
2025-05-29,4200770,은마아파트,128.89705025699647,37.747304327883974,11,1,True
2025-05-29,4200771,은마아파트,128.89677272965307,37.746541962257844,2,1,True
2025-05-29,4201313,음촌,128.99426321534403,37.590067749479466,2,0,True
2025-05-29,4201312,음촌,128.9943519708324,37.590218452220576,,,False
2025-05-29,4200269,이마트,128.92346774482266,37.772222356268564,20,65,True
2025-05-29,4200270,이마트,128.92290403192536,37.77218493598484,81,7,True
2025-05-29,4200246,이명사거리,128.89177153862124,37.764700407126554,79,74,True
2025-05-29,4200245,이명사거리,128.89157918705828,37.764565078717,207,38,True
2025-05-29,4200043,이화해변타운,128.91744670191798,37.78316591377611,33,1,True
2025-05-29,4201397,임경당입구,128.85065952125555,37.73971869052315,,,False
2025-05-29,4201398,임경당입구,128.85060665622572,37.73967510840446,,,False
2025-05-29,4200573,임곡,128.95981869884417,37.65381523982265,4,0,True
2025-05-29,4200584,임곡1리,128.97599759967915,37.693758829867754,2,0,True
2025-05-29,4200585,임곡1리,128.97590980007564,37.693767123079255,,,False
2025-05-29,4200583,임곡1리마을회관,128.97465402746607,37.69113733741365,,,False
2025-05-29,4200582,임곡1리마을회관,128.9747545332243,37.69109651601256,2,0,True
2025-05-29,4200575,임곡2리마을회관,128.96541432118602,37.66322091980088,,,False
2025-05-29,4200574,임곡2리마을회관,128.96548889686682,37.66318854424863,,,False
2025-05-29,4200578,임곡초등학교,128.970266319495,37.67657078197406,1,0,True
2025-05-29,4200579,임곡초등학교,128.97019094901066,37.676575911433936,,,False
2025-05-29,4200893,임내폭포,128.7939174576728,37.66377320023954,,,False
2025-05-29,4200892,임내폭포,128.79372069070962,37.66362299663701,,,False
2025-05-29,4200767,입암1주공아파트,128.90600846284408,37.75457671115239,8,5,True
2025-05-29,4200766,입암1주공아파트,128.90620017782277,37.75501242269486,49,44,True
2025-05-29,4201205,입암2.3주공,128.9161850255649,37.765072488547595,160,0,True
2025-05-29,4201206,입암2.3주공,128.9164847952377,37.764981798289845,0,36,True
2025-05-29,4201047,입암4주공아파트,128.91655461094618,37.76166752794127,20,0,True
2025-05-29,4201048,입암4주공아파트,128.9166989706064,37.761858842951916,2,4,True
2025-05-29,4200757,입암5주공아파트,128.91468852686768,37.759901363335864,65,3,True
2025-05-29,4200755,입암6주공아파트,128.91994172349143,37.75895755917794,6,26,True
2025-05-29,4200754,입암6주공아파트,128.9200510349674,37.759167158773394,186,7,True
2025-05-29,4201052,입암6주공오거리,128.91746262041485,37.758678282328006,1,20,True
2025-05-29,4201051,입암6주공오거리,128.91813149011642,37.75937340656549,41,0,True
2025-05-29,4200763,입암현대아파트,128.91229270015563,37.753112836072376,9,17,True
2025-05-29,4200762,입암현대아파트,128.91270364556544,37.753026994257695,75,4,True
2025-05-29,4200742,자루뫼.옹심이마을,128.93910155337016,37.76225882808405,31,3,True
2025-05-29,4200743,자루뫼.옹심이마을,128.93907508604704,37.76218611247613,0,11,True
2025-05-29,4200588,자원순환센터,128.9884350583326,37.69589916205473,3,0,True
2025-05-29,4200589,자원순환센터,128.98825794255524,37.6958847446048,,,False
2025-05-29,4200807,자조와리,128.87870578002008,37.72632672967291,2,0,True
2025-05-29,4200808,자조와리,128.8787893136159,37.726283262247435,,,False
2025-05-29,4200886,자포골,128.83086667060377,37.70702334781653,1,0,True
2025-05-29,4200196,작은다리,128.8261349428677,37.89101262248175,33,140,True
2025-05-29,4200197,작은다리,128.82583778093624,37.88994679111109,254,12,True
2025-05-29,4200454,작은다리사거리,128.82450182834083,37.890319810643184,0,5,True
2025-05-29,4201147,작은다리사거리,128.82430578974427,37.890298608665205,1,2,True
2025-05-29,4200793,잠수교,128.89948844495035,37.7500516781015,,,False
2025-05-29,4200794,잠수교,128.8998046277538,37.75006345498387,,,False
2025-05-29,4200462,장덕1리,128.79552757430156,37.87818242033292,0,2,True
2025-05-29,4200461,장덕1리,128.7955229122852,37.878113650066226,2,0,True
2025-05-29,4200458,장덕2리,128.77147712645024,37.883516051343115,0,1,True
2025-05-29,4200457,장덕2리,128.77149035836987,37.88343140927676,6,0,True
2025-05-29,4200460,장덕2리마을회관,128.77790630744494,37.87964207357677,,,False
2025-05-29,4200459,장덕2리마을회관,128.7777930908638,37.879609504906774,2,0,True
2025-05-29,4201034,장수탕,128.8873508979562,37.75226332684143,9,11,True
2025-05-29,4201033,장수탕,128.88740033590045,37.75217314835415,30,9,True
2025-05-29,4201151,장터마을,128.9723977075807,37.72307968130474,1,2,True
2025-05-29,4201150,장터마을,128.97235424591028,37.72315567930139,4,0,True
2025-05-29,4200116,적십자입구,128.88726321660565,37.757196360936135,38,28,True
2025-05-29,4200117,적십자입구,128.88647213220725,37.75676623567213,66,17,True
2025-05-29,4201125,정동교,129.0324614525895,37.688438171101524,27,0,True
2025-05-29,4201126,정동교,129.03237659003923,37.68846940398579,1,7,True
2025-05-29,4201127,정동진역,129.03224964663548,37.690253441678834,16,9,True
2025-05-29,4201128,정동진역,129.0319921573861,37.69035571739087,9,16,True
2025-05-29,4201123,정동초등학교,129.03393804786398,37.68800336105405,7,0,True
2025-05-29,4201124,정동초등학교,129.03365499665549,37.68789867201399,2,5,True
2025-05-29,4201119,정동해변,129.04025543414897,37.68609620523521,3,12,True
2025-05-29,4201120,정동해변,129.04018588407186,37.686033834572385,2,0,True
2025-05-29,4200833,제비1리마을회관,128.8620977553537,37.71966811408695,,,False
2025-05-29,4200832,제비1리마을회관,128.8621891338796,37.71968864008052,1,0,True
2025-05-29,4200826,제비리,128.85827155633717,37.70524685021708,,,False
2025-05-29,4200838,제비리정미소,128.85946417278979,37.72991051863758,1,1,True
2025-05-29,4200839,제비리정미소,128.8594036715264,37.72987082372568,,,False
2025-05-29,4200878,제비산북교차로,128.85195266618172,37.70260144877975,,,False
2025-05-29,4200879,제비산북교차로,128.85204215694216,37.702600950909385,,,False
2025-05-29,4200825,제비삼거리,128.8615088123862,37.70915992717116,,,False
2025-05-29,4200824,제비삼거리,128.8614786499892,37.70922991859699,,,False
2025-05-29,4200240,젤마을,128.887733025105,37.775438249928285,37,8,True
2025-05-29,4201116,조각공원,129.0419778617943,37.68142324301774,,,False
2025-05-29,4201117,조각공원,129.04194075670452,37.681301432273415,0,1,True
2025-05-29,4201409,조순생가,128.88832466397164,37.713711387376655,1,0,True
2025-05-29,4201423,조순생가,128.88844816983337,37.713682167259954,,,False
2025-05-29,4200432,종합경기장,128.89654249784542,37.771109941446205,17,0,True
2025-05-29,4200433,종합경기장,128.89677683645317,37.77125900731557,3,10,True
2025-05-29,4200544,종합경기장입구,128.89740621946726,37.770531883728914,8,0,True
2025-05-29,4200292,주공1차아파트,128.88256780330317,37.766843575404636,144,8,True
2025-05-29,4200133,주공1차아파트,128.88288690646792,37.76665665089728,19,30,True
2025-05-29,4200530,주공2차아파트,128.8850454710998,37.768615366200436,21,4,True
2025-05-29,4200566,주공2차아파트,128.88486622636958,37.76845428049225,2,0,True
2025-05-29,4200129,주공3차아파트,128.87933873663175,37.76410589188944,39,27,True
2025-05-29,4201378,주문10리,128.81057617544894,37.89757955797342,3,1,True
2025-05-29,4200027,주문10리,128.81049106440693,37.89755886763472,,,False
2025-05-29,4201377,주문10리종점,128.80246523281295,37.89335520402651,1,0,True
2025-05-29,4200189,주문2리,128.83046007450088,37.897540604441176,32,3,True
2025-05-29,4200299,주문2리,128.83067123183636,37.89750003400375,8,15,True
2025-05-29,4201278,주문진등대,128.83413482750083,37.898607108297156,0,2,True
2025-05-29,4201277,주문진등대,128.83402573057427,37.898641534767464,2,0,True
2025-05-29,4200452,주문진문화교육센터,128.82210321817664,37.88251990280632,0,1,True
2025-05-29,4200453,주문진문화교육센터,128.8216607096042,37.88251737897711,9,0,True
2025-05-29,4201276,주문진수산시장,128.82844614486706,37.89014411628092,0,20,True
2025-05-29,4201275,주문진수산시장,128.82825290581502,37.88995969444888,36,14,True
2025-05-29,4200200,주문진시외버스터미널,128.8253113527999,37.88508198031381,30,94,True
2025-05-29,4200448,주문진시외버스터미널,128.8255388895829,37.884201127994984,13,23,True
2025-05-29,4200305,주문진시외버스터미널,128.82509871282576,37.88458386690221,186,31,True
2025-05-29,4200202,주문진식자재마트,128.82596782269363,37.881485546216574,64,34,True
2025-05-29,4200029,주문진읍사무소,128.82486977710943,37.892686971435495,0,2,True
2025-05-29,4201393,주문진읍사무소,128.82369473290439,37.893285463228835,0,1,True
2025-05-29,4200971,주문진읍사무소,128.8246799183624,37.892745035212215,5,3,True
2025-05-29,4201391,주문진읍사무소,128.8238312459903,37.8934502421149,,,False
2025-05-29,4200308,주문진중.고등학교.강릉정보고,128.82672327638434,37.87982425913257,67,24,True
2025-05-29,4200204,주문진중학교,128.82690197641236,37.87887483229283,129,29,True
2025-05-29,4200532,주문진항,128.8290758047728,37.892766657375546,5,2,True
2025-05-29,4200195,주문진항입구,128.82690557497094,37.892668432750234,23,90,True
2025-05-29,4200194,주문진항입구,128.82670250148865,37.8926318795772,169,21,True
2025-05-29,4200181,주문진해변,128.81692175696733,37.90940788063508,46,2,True
2025-05-29,4200182,주문진해변,128.81704671925502,37.90944057885068,3,58,True
2025-05-29,4202062,주수1리,129.04484649940426,37.61466278284313,4,0,True
2025-05-29,4202072,주수1리,129.0445825275631,37.61484876921252,,,False
2025-05-29,4202102,주수2리,129.05347399898523,37.618026714837086,,,False
2025-05-29,4202112,주수2리,129.0534798781985,37.618295982570245,1,0,True
2025-05-29,4200752,중앙초교,128.9223833558042,37.757342016100644,112,2,True
2025-05-29,4200753,중앙초교,128.92202942311576,37.75730416097501,1,17,True
2025-05-29,4200229,즈므.과학단지,128.86079294239343,37.79710821329875,4,19,True
2025-05-29,4200138,즈므.과학단지,128.8604076986006,37.79746479759031,45,2,True
2025-05-29,4200378,즈므교,128.8504671545161,37.79077991715075,,,False
2025-05-29,4200377,즈므교,128.8503710096998,37.790650810639626,,,False
2025-05-29,4200083,지변동,128.87676045382563,37.771874023944235,2,6,True
2025-05-29,4201406,지암사입구,128.8326543984501,37.76849221810292,2,0,True
2025-05-29,4200412,진고개휴게소,128.65865259925027,37.84288643809636,5,0,True
2025-05-29,4200413,진고개휴게소,128.6587993033944,37.842974758114,,,False
2025-05-29,4200023,진골,128.863668793898,37.7068476306324,,,False
2025-05-29,4200284,진골,128.86337243060487,37.70683089545619,,,False
2025-05-29,4200044,차고지대기(미정차),128.93316603832002,37.76938974153612,,,False
2025-05-29,4200749,차돌광,128.92683577267843,37.75897194822883,,,False
2025-05-29,4200748,차돌광,128.92675717507132,37.75922428188879,9,0,True
2025-05-29,4200469,참샘,128.79799114449304,37.90957457625894,2,3,True
2025-05-29,4200638,천주교회,128.91475255178224,37.69917256372598,,,False
2025-05-29,4200637,천주교회,128.9146583268783,37.69918070112344,0,1,True
2025-05-29,4201070,철길건널목앞,128.9484470278131,37.73765389539244,1,0,True
2025-05-29,4201071,철길건널목앞,128.94850270661007,37.73757538406423,0,1,True
2025-05-29,4200219,청솔공원,128.84744835859598,37.832296445829655,13,3,True
2025-05-29,4200314,청솔공원,128.84780404863866,37.83218520189828,4,0,True
2025-05-29,4201234,초당분수공원,128.92421540479356,37.78614360918137,3,32,True
2025-05-29,4201233,초당분수공원,128.9221385517862,37.785996929695614,76,19,True
2025-05-29,4200617,초당순두부마을,128.91553146572582,37.791098464762065,0,4,True
2025-05-29,4200616,초당순두부마을,128.91545728509436,37.791144787216254,5,0,True
2025-05-29,4202175,큰방파제,128.83179865169402,37.89485760516111,,,False
2025-05-29,4200947,탑동교,128.84609145028975,37.66009383864923,4,0,True
2025-05-29,4200948,탑동교,128.84599983023696,37.66005118972853,,,False
2025-05-29,4200119,터미널오거리,128.88381140539954,37.755579088211434,115,11,True
2025-05-29,4200118,터미널오거리,128.8840640923818,37.75608209292866,41,56,True
2025-05-29,4200175,퇴곡,128.75248295369062,37.85110547320165,,,False
2025-05-29,4200174,퇴곡,128.75226108332112,37.851299039517386,,,False
2025-05-29,4200329,퇴곡1리경로당,128.74128473074444,37.849334595953835,3,0,True
2025-05-29,4200330,퇴곡1리경로당,128.7415928535256,37.84950756791581,0,2,True
2025-05-29,4200173,퇴곡2리,128.71633081209328,37.84807753595964,,,False
2025-05-29,4200032,퇴곡2리,128.71714904545294,37.84816614353958,,,False
2025-05-29,4200015,퇴곡2리마을회관,128.72561567385543,37.84863292575607,,,False
2025-05-29,4201200,파란바다지역아동센터,128.82465599155947,37.88451042268901,1,0,True
2025-05-29,4201146,파란바다지역아동센터,128.8248619925949,37.88456697851607,0,6,True
2025-05-29,4200529,판교2리마을회관,128.84660458171092,37.84287891189836,,,False
2025-05-29,4200391,판교리,128.86009464856716,37.83346652558502,,,False
2025-05-29,4200389,판교리,128.8629774027657,37.834258791663885,,,False
2025-05-29,4200733,평안의집,128.90510785537055,37.74063841474535,1,0,True
2025-05-29,4200734,평안의집,128.90504736881275,37.740698188102115,,,False
2025-05-29,4200921,평촌,128.84963218200156,37.552631723106046,,,False
2025-05-29,4200922,평촌,128.84954094616108,37.55267396579829,,,False
2025-05-29,4201236,포남2주공입구,128.91810027987142,37.77873395771816,10,28,True
2025-05-29,4201220,포남2주공입구,128.9179885478381,37.77901498558293,85,3,True
2025-05-29,4200318,포남시장,128.90766061502285,37.76392281820552,154,15,True
2025-05-29,4200084,풋살경기장옆,128.87680703199706,37.77165010517057,18,0,True
2025-05-29,4200806,프라자약국,128.87901214606964,37.728760157474696,1,0,True
2025-05-29,4200805,프라자약국,128.8789292364003,37.728699480498165,,,False
2025-05-29,4201091,피내,129.0067163489339,37.64587762691358,,,False
2025-05-29,4201090,피내,129.00674352158242,37.645808828332775,1,0,True
2025-05-29,4200359,하나로마트내곡점,128.88026417146904,37.7410809708167,127,2,True
2025-05-29,4200360,하나로마트내곡점,128.88016921110417,37.740597240336115,2,20,True
2025-05-29,4201315,하반암,128.98110553425494,37.584185619903295,1,0,True
2025-05-29,4201314,하반암,128.98089810223846,37.584168867911764,,,False
2025-05-29,4201132,하슬라아트월드,129.01185439171851,37.70733375846832,0,6,True
2025-05-29,4201131,하슬라아트월드,129.0118479436692,37.70752248078149,14,0,True
2025-05-29,4200110,하슬라중,128.90715554439282,37.77053362559672,137,8,True
2025-05-29,4200111,하슬라중,128.90761293140218,37.77043125987649,55,38,True
2025-05-29,4201063,하시동3리3반,128.96021404883618,37.74070043268972,,,False
2025-05-29,4201069,하시동3리3반,128.96017032919647,37.7406590489229,,,False
2025-05-29,4201065,하시동3리마을회관,128.95566357584553,37.73740461978908,,,False
2025-05-29,4200028,하시동3리마을회관,128.95568079152127,37.73745764026289,8,0,True
2025-05-29,4201182,하시동입구,128.94045988509035,37.73612720331248,,,False
2025-05-29,4201181,하시동입구,128.94066964706647,37.73622577281252,2,0,True
2025-05-29,4200131,하이빌현대아파트,128.8824547932286,37.764860822549025,17,23,True
2025-05-29,4200669,하이샤시,128.91728256074563,37.71407658570209,3,0,True
2025-05-29,4200670,하이샤시,128.91718137940222,37.71406745689133,,,False
2025-05-29,4200387,하평리,128.86670662673083,37.834355194382326,,,False
2025-05-29,4200386,하평리,128.86662078612576,37.834407329862614,,,False
2025-05-29,4200008,하평리,128.87213896973955,37.836286638716444,4,1,True
2025-05-29,4200228,학고개,128.8599242703853,37.80596957371411,8,2,True
2025-05-29,4200227,학고개,128.86104076560957,37.80452897124611,2,4,True
2025-05-29,4200718,학마을앞,128.88924569543022,37.716217165702425,,,False
2025-05-29,4200717,학마을앞,128.88924287497164,37.716130571204594,,,False
2025-05-29,4200720,학산1리,128.8893588713931,37.7158468763211,4,0,True
2025-05-29,4200697,학산1리,128.89410318195965,37.709756692977734,,,False
2025-05-29,4201424,학산1리,128.88951590870155,37.71580085246317,,,False
2025-05-29,4200703,학산2리,128.89237120059903,37.69808781147039,,,False
2025-05-29,4200709,학산2리마을회관,128.8886619883527,37.70619292326437,4,0,True
2025-05-29,4200710,학산2리마을회관,128.88859103012294,37.70624396434639,1,0,True
2025-05-29,4200657,학산3리마을회관,128.90349173805726,37.7044381914233,7,0,True
2025-05-29,4200658,학산3리마을회관,128.9032366866668,37.70451960385839,,,False
2025-05-29,4200664,학산기갑부대앞,128.9059307650165,37.71218874629587,,,False
2025-05-29,4200663,학산기갑부대앞,128.90587703156245,37.71210753958188,0,1,True
2025-05-29,4200695,학산둔지,128.89465764592643,37.71376560853827,,,False
2025-05-29,4200691,학산부대앞,128.9016572721052,37.71202064934549,,,False
2025-05-29,4200662,학산부대앞,128.90202642695186,37.711725950607516,1,0,True
2025-05-29,4200661,학산부대앞,128.9019476905442,37.7115824967992,,,False
2025-05-29,4200685,학산부대후문,128.90185937428248,37.71950094147702,,,False
2025-05-29,4200705,학산설래,128.89315390645208,37.69579111479832,,,False
2025-05-29,4200706,학산설래,128.8930578775653,37.69580131479523,5,1,True
2025-05-29,4200744,학우리,128.93367670500427,37.76075578732405,8,1,True
2025-05-29,4200157,한과마을,128.83514950759155,37.81456555427515,2,0,True
2025-05-29,4200158,한과마을,128.8351667630484,37.81469760511987,,,False
2025-05-29,4200251,한국은행,128.89406630781096,37.753485602290496,834,322,True
2025-05-29,4200095,한국자산관리공사,128.90111921880606,37.75827929877246,125,78,True
2025-05-29,4200780,한국폴리텍대학,128.8886097800722,37.73837235643407,6,1,True
2025-05-29,4200567,한내들아파트,128.8681446784216,37.75790349269205,77,5,True
2025-05-29,4200568,한내들아파트,128.86810919243274,37.75812879141779,,,False
2025-05-29,4202132,한라시멘트,129.05801411879924,37.61804339970914,,,False
2025-05-29,4202122,한라시멘트,129.0576841685535,37.617825813670024,,,False
2025-05-29,4201096,한라아파트,129.0309268732134,37.598168202920746,,,False
2025-05-29,4200737,한라아파트,129.03082754941428,37.598166681025575,,,False
2025-05-29,4200231,한밭입구,128.86496052027113,37.791610745411326,1,11,True
2025-05-29,4200230,한밭입구,128.86424835021418,37.79176559208253,10,4,True
2025-05-29,4200641,한빛마을입구,128.9070507747374,37.69408474392719,8,2,True
2025-05-29,4200642,한빛마을입구,128.90709305020837,37.69401534995285,,,False
2025-05-29,4200290,한솔초교,128.91448068318238,37.77500059793141,11,24,True
2025-05-29,4200289,한솔초교,128.9142086436632,37.775058134113436,145,12,True
2025-05-29,4200091,한옥마을,128.877399547533,37.77711052551884,0,13,True
2025-05-29,4200090,한옥마을,128.8775249835254,37.777067812459386,5,2,True
2025-05-29,4201141,한전사택,128.98448942076186,37.73113028141804,9,0,True
2025-05-29,4201142,한전사택,128.9844997909205,37.731015358793705,0,4,True
2025-05-29,4200872,할머니추어탕,128.85042441394495,37.73470101792724,,,False
2025-05-29,4201399,항생골입구,128.84855527295463,37.74848089866381,,,False
2025-05-29,4201400,항생골입구,128.84848669485692,37.7484721037036,1,0,True
2025-05-29,4200056,해당화연립,128.9356053065312,37.7785328972295,0,19,True
2025-05-29,4200055,해당화연립,128.93501598562065,37.778964657496246,58,10,True
2025-05-29,4200144,해살이,128.81433946380196,37.79231712471411,,,False
2025-05-29,4200143,해살이,128.81431621857197,37.79226836473926,2,0,True
2025-05-29,4200554,해송삼거리,128.92513343525474,37.78843042396744,4,2,True
2025-05-29,4200553,해송삼거리,128.9252087534945,37.78824187943356,0,9,True
2025-05-29,4201349,해수리튬연구센터,129.04470822782702,37.636135770169766,5,0,True
2025-05-29,4201346,해수리튬연구센터,129.0451313882053,37.63512172396965,,,False
2025-05-29,4200539,해오름쉼터,128.8415292308554,37.871715916564284,2,2,True
2025-05-29,4200517,해오름쉼터,128.8414184387453,37.87167485028107,4,1,True
2025-05-29,4200283,해운정,128.8896806331549,37.78564440698094,,,False
2025-05-29,4200074,해운정,128.8896478172347,37.78577024652339,3,0,True
2025-05-29,4200659,해찬들,128.90171063124305,37.70707432471398,3,0,True
2025-05-29,4200660,해찬들,128.9016482334898,37.707080017547234,,,False
2025-05-29,4200746,핸들,128.93045204662351,37.75995348297138,,,False
2025-05-29,4200747,핸들,128.9303807394757,37.75966393792041,,,False
2025-05-29,4200341,행정,128.7939888659289,37.852922738954625,0,1,True
2025-05-29,4200340,행정,128.79244492389662,37.85304272496013,3,0,True
2025-05-29,4200333,행정2리,128.7667909122159,37.85086547031576,1,0,True
2025-05-29,4200334,행정2리,128.76721113927047,37.850915515839276,,,False
2025-05-29,4201384,행정2리마을회관,128.7837597224069,37.85121868121593,1,0,True
2025-05-29,4200338,행정2리마을회관,128.783920231759,37.85143615617747,0,1,True
2025-05-29,4200177,행정2리신촌마을,128.7785874984292,37.85062890818297,,,False
2025-05-29,4200176,행정2리신촌마을,128.77862819412928,37.85045242944766,1,0,True
2025-05-29,4200232,행정마을,128.8694510816438,37.7889272082235,28,6,True
2025-05-29,4200233,행정마을,128.8703519994515,37.78859256038236,7,16,True
2025-05-29,4202176,향호리,128.8104013560146,37.915168235805275,,,False
2025-05-29,4200473,향호리,128.81023394642006,37.915207861254615,65,27,True
2025-05-29,4202177,향호리,128.81064186477658,37.91536952760439,,,False
2025-05-29,4200180,향호리,128.81000074924998,37.91526938265188,2,0,True
2025-05-29,4200470,향호삼거리,128.8055443775983,37.91039955131909,,,False
2025-05-29,4200467,향호저수지,128.78868941134147,37.904053051022615,2,1,True
2025-05-29,4200466,향호회관,128.8035439820285,37.89964778843476,1,1,True
2025-05-29,4200371,허균.허난설헌기념공원,128.9099040371541,37.79022786972901,1,6,True
2025-05-29,4201259,허균.허난설헌기념공원,128.90952498226952,37.789422425132265,2,9,True
2025-05-29,4200370,허균.허난설헌기념공원,128.90979333997709,37.79017067397969,3,0,True
2025-05-29,4201258,허균.허난설헌기념공원,128.9098403915302,37.789953897145395,24,1,True
2025-05-29,4200041,허균생가입구,128.91292892790995,37.78786454215139,4,0,True
2025-05-29,4200647,허난설헌삼거리,128.91326614067623,37.792240418323686,15,10,True
2025-05-29,4200098,허난설헌삼거리,128.9131333359753,37.79177727582709,15,13,True
2025-05-29,4202012,현내1리연탄직매장,129.03280124237224,37.6062049238953,1,0,True
2025-05-29,4202002,현내1리연탄직매장,129.03293193002432,37.60609468782852,,,False
2025-05-29,4201309,현내교,129.02932870216884,37.60121947406311,,,False
2025-05-29,4201308,현내교,129.02929130812174,37.60128987598838,,,False
2025-05-29,4200034,현내리,129.03644185085787,37.61785851158642,2,2,True
2025-05-29,4200046,현내리,129.03655884799974,37.617883796095704,,,False
2025-05-29,4200130,현대2차아파트,128.87999435131803,37.764311243841746,210,25,True
2025-05-29,4200591,현대모비스,128.98854560129584,37.70748766417137,0,1,True
2025-05-29,4200590,현대모비스,128.98862075193523,37.70745325617163,,,False
2025-05-29,4201207,현대자동차서비스,128.9189460603978,37.76507644083287,0,2,True
2025-05-29,4200326,현덕사입구,128.71038523685135,37.84696339414248,2,0,True
2025-05-29,4200172,현덕사입구,128.7097155940442,37.84705089816417,,,False
2025-05-29,4200045,형제막국수,128.86624288991882,37.755124519467394,1,0,True
2025-05-29,4209992,형제막국수,128.8658104402118,37.755293592514285,0,2,True
2025-05-29,4200265,혜성연립,128.91575952067353,37.76841531999017,21,76,True
2025-05-29,4200266,혜성연립,128.9154402649905,37.76852760326643,235,12,True
2025-05-29,4201064,호장골,128.96090744086658,37.738133233851606,,,False
2025-05-29,4201068,호장골,128.96083159328956,37.73815121425806,2,0,True
2025-05-29,4201405,홈방골,128.83894035853254,37.753110338802365,4,0,True
2025-05-29,4201029,홍제I.C,128.87894077910576,37.74749468304007,10,5,True
2025-05-29,4201028,홍제I.C,128.8794230311205,37.7473811776377,18,9,True
2025-05-29,4201030,홍제동주민센터,128.88454291738702,37.74807153236862,22,52,True
2025-05-29,4200067,홍제동주민센터,128.8842229051066,37.747848454396006,158,48,True
2025-05-29,4200683,화신주방,128.90243322099724,37.721781731022375,,,False
2025-05-29,4200615,화실길,128.85175310347609,37.575351952404525,,,False
2025-05-29,4200614,화실길,128.85164256606296,37.57535230419804,,,False
2025-05-29,4201324,황기골,128.95704823893803,37.573480554142556,,,False
2025-05-29,4201325,황기골,128.9570289624241,37.57336816682693,,,False
2025-05-29,4200845,회산교,128.86893532851613,37.74168123777201,0,13,True
2025-05-29,4200844,회산교,128.86938257728545,37.741799533605175,11,0,True
2025-05-29,4200398,회산종점,128.8605464983993,37.731597103272264,19,5,True
2025-05-29,4200847,회산주공1단지,128.87955033053632,37.744879735537495,1,8,True
2025-05-29,4200846,회산주공1단지,128.87934233274848,37.74463886683866,51,3,True
2025-05-29,4200758,회산주공2단지,128.8755135006868,37.7435978056025,3,12,True
2025-05-29,4200062,회산주공2단지,128.87633822960112,37.74368399842067,87,3,True
2025-05-29,4201115,효도마을,129.04503133124638,37.67430713535879,,,False
2025-05-29,4201114,효도마을,129.04512985205253,37.674325626528194,1,0,True
2025-05-29,4201293,흑시골,129.02374105990518,37.577665442657434,1,0,True
2025-05-29,4201292,흑시골,129.023679012477,37.57773843891508,,,False
2025-05-30,4201421,(구)월호평동사무소,128.93612294474602,37.73542207247549,,,False
2025-05-30,4200106,KT,128.91181164590185,37.77275858732733,453,32,True
2025-05-30,4200107,KT,128.9125052185983,37.77309475265464,79,96,True
2025-05-30,4200797,KTX공영주차장환승장,128.8967850727094,37.762190942376556,13,2,True
2025-05-30,4200547,e-편한세상아파트,128.895218937497,37.769600465674785,6,5,True
2025-05-30,4200546,e-편한세상아파트,128.89508217030252,37.76981271024109,36,12,True
2025-05-30,4200368,가둔지유적,128.882327030694,37.82527019767428,1,0,True
2025-05-30,4200369,가둔지유적,128.882153019297,37.82520493756786,1,2,True
2025-05-30,4200969,가마골,128.79478117549075,37.72231567644804,6,3,True
2025-05-30,4200533,가마골,128.79546755385968,37.722099902068294,2,0,True
2025-05-30,4201327,가사골,128.95364127595002,37.572947377645065,,,False
2025-05-30,4201326,가사골,128.95366508671376,37.57302501168563,,,False
2025-05-30,4201376,가작다리입구,128.8944549231389,37.76589747732919,2,2,True
2025-05-30,4201375,가작다리입구,128.8943546413669,37.766101443660936,0,1,True
2025-05-30,4200726,가축위생시험사업소,128.90125274168807,37.729547291652196,,,False
2025-05-30,4200725,가축위생시험사업소,128.90146946473587,37.729510021653965,,,False
2025-05-30,4200050,가톨릭관동대북문,128.8721246228799,37.73769671240302,62,6,True
2025-05-30,4200063,가톨릭관동대학교,128.87804152995903,37.738296118202754,413,127,True
2025-05-30,4200164,갈골한과,128.84368704633178,37.82462303691711,0,1,True
2025-05-30,4200163,갈골한과,128.84366180450007,37.82449975412136,1,0,True
2025-05-30,4200577,갈버든,128.96722169547306,37.666241797535086,,,False
2025-05-30,4200576,갈버든,128.9673126799485,37.66623695179046,,,False
2025-05-30,4200982,감나무민박,128.7987894816223,37.73785238030648,,,False
2025-05-30,4200981,감나무민박,128.79885844666603,37.737822198803215,,,False
2025-05-30,4200914,감자채종포마을,128.83346021183766,37.53338333057324,,,False
2025-05-30,4200915,감자채종포마을,128.8336264013535,37.53350667836036,2,0,True
2025-05-30,4200789,강남동주민센터,128.9049218912141,37.74425517651889,1,0,True
2025-05-30,4201177,강동면사무소,128.9546118972993,37.72728097155823,5,2,True
2025-05-30,4200005,강동무료주차장,129.03151265934136,37.688945395109045,4,0,True
2025-05-30,4200019,강동무료주차장,129.03136520192535,37.68890256497467,2,1,True
2025-05-30,4200016,강동종합복지회관,128.9534097899608,37.72765187744945,22,10,True
2025-05-30,4200026,강동종합복지회관,128.95225785335822,37.72821012800672,1,3,True
2025-05-30,4201178,강동하나로마트,128.95391314710383,37.72680705851969,,,False
2025-05-30,4200525,강동하나로마트,128.95401701690832,37.726761856774424,,,False
2025-05-30,4200542,강릉MBC,128.90392601394964,37.77039013888439,2,2,True
2025-05-30,4200058,강릉경찰서,128.906855517511,37.76775326359568,3,12,True
2025-05-30,4200057,강릉경찰서,128.90688706685629,37.768055768979885,71,5,True
2025-05-30,4200287,강릉고등학교,128.91470458416677,37.788540253578724,85,0,True
2025-05-30,4200101,강릉고입구,128.92013482012848,37.783607089094346,126,5,True
2025-05-30,4200102,강릉고입구,128.92044843215433,37.78352944320342,23,43,True
2025-05-30,4200048,강릉고정문,128.91587216477294,37.7875280017598,7,1,True
2025-05-30,4200047,강릉고정문,128.91550078840652,37.78828834947499,5,71,True
2025-05-30,4200112,강릉관광개발공사,128.9085231695166,37.76800046518587,33,12,True
2025-05-30,4200113,강릉관광개발공사,128.90865897771857,37.76820323697218,17,32,True
2025-05-30,4201024,강릉교도소,128.86643612221636,37.745817949506176,6,0,True
2025-05-30,4201023,강릉교도소,128.8655195073396,37.7459157793766,0,3,True
2025-05-30,4200430,강릉국민체육센터,128.89711747432256,37.77640154864734,2,12,True
2025-05-30,4200431,강릉국민체육센터,128.8964868887264,37.776906315186,27,0,True
2025-05-30,4200881,강릉기도원입구,128.8490436050476,37.69867520520206,,,False
2025-05-30,4200880,강릉기도원입구,128.84913047105903,37.69875658463013,1,0,True
2025-05-30,4201257,강릉녹색도시체험센터,128.90662264590688,37.78655657001431,7,6,True
2025-05-30,4201256,강릉녹색도시체험센터,128.90742209068117,37.786856581754364,10,8,True
2025-05-30,4201038,강릉농협중앙지점,128.90002047054392,37.7602043259228,20,16,True
2025-05-30,4201039,강릉농협중앙지점,128.8996914930678,37.76005119983009,13,11,True
2025-05-30,4200852,강릉대도호부관아,128.8916610029413,37.75117323796815,86,15,True
2025-05-30,4200853,강릉대도호부관아,128.89234522879923,37.75163825691615,27,92,True
2025-05-30,4200146,강릉면허시험장,128.81937813512624,37.79573671702786,0,1,True
2025-05-30,4200145,강릉면허시험장,128.81940419285692,37.79563172548221,2,0,True
2025-05-30,4200122,강릉문화원,128.8740921031382,37.75789663608161,16,39,True
2025-05-30,4201136,강릉바다내음캠핑장,129.00390469104653,37.71858688540818,,,False
2025-05-30,4201135,강릉바다내음캠핑장,129.0043696849979,37.7181216327924,,,False
2025-05-30,4200400,강릉복합복지체육센터,128.87000704257403,37.762859214055275,22,13,True
2025-05-30,4200401,강릉복합복지체육센터,128.87017698555522,37.76290354322161,14,17,True
2025-05-30,4200291,강릉소방서,128.87109869210374,37.758191496775595,10,9,True
2025-05-30,4200548,강릉소방서,128.87119323619314,37.7580009949989,135,16,True
2025-05-30,4200009,강릉솔향수목원,128.86668479243338,37.701851797491,,,False
2025-05-30,4201144,강릉승마장,128.9814636223547,37.728585253094074,,,False
2025-05-30,4201143,강릉승마장,128.98140559088012,37.728642395571235,,,False
2025-05-30,4200120,강릉시외.고속터미널,128.8792265208128,37.75505492071011,198,283,True
2025-05-30,4200121,강릉시외.고속터미널,128.87911620808939,37.75486594086855,746,168,True
2025-05-30,4201027,강릉시청,128.8780384572547,37.75085435055292,,,False
2025-05-30,4200750,강릉시청앞,128.88013307678156,37.753651204654936,1,5,True
2025-05-30,4201237,강릉아산병원(강릉방면),128.8575951802683,37.81786664293397,48,3,True
2025-05-30,4200446,강릉아산병원(주문진방면),128.8575142394361,37.817740516347506,11,30,True
2025-05-30,4200317,강릉아산병원.강릉약국,128.856152685967,37.816231407654854,257,28,True
2025-05-30,4200418,강릉아산병원.강릉약국,128.8564121349402,37.81631278949057,70,109,True
2025-05-30,4200612,강릉아이스아레나,128.89502259832767,37.78025795268572,9,3,True
2025-05-30,4200006,강릉아이스아레나,128.89519306784848,37.78029319605429,0,4,True
2025-05-30,4200094,강릉여고,128.90248424479844,37.75904463050879,231,118,True
2025-05-30,4201203,강릉여고정문,128.90560348975578,37.75872376948264,3,7,True
2025-05-30,4201202,강릉여고정문,128.90529773129947,37.759257611132256,5,1,True
2025-05-30,4200721,강릉역,128.8992580056024,37.76416330670135,736,255,True
2025-05-30,4200293,강릉역건너편,128.8990669694857,37.76400772021464,216,189,True
2025-05-30,4200624,강릉역공영주차장,128.89773544865136,37.76439168846434,2,0,True
2025-05-30,4200625,강릉역공영주차장,128.89784270199107,37.76437149155158,0,2,True
2025-05-30,4200319,강릉역육거리,128.90168116661832,37.76358515067785,2,6,True
2025-05-30,4200320,강릉역육거리,128.9015605860337,37.763796951176055,34,22,True
2025-05-30,4201022,강릉영동대학,128.8591288923703,37.74495955027462,1,41,True
2025-05-30,4201021,강릉영동대학,128.85922425091306,37.74487059276654,142,4,True
2025-05-30,4200850,강릉의료원,128.88880799404643,37.748819708567,21,33,True
2025-05-30,4200851,강릉의료원,128.89091430945297,37.74975576653371,28,47,True
2025-05-30,4200650,강릉자동차극장,128.89662514456037,37.69318993028765,,,False
2025-05-30,4200649,강릉자동차극장,128.89682798746503,37.69309290590324,2,0,True
2025-05-30,4200033,강릉전파관리소,128.83186726371997,37.85836861510729,,,False
2025-05-30,4200035,강릉전파관리소,128.83226068928573,37.85830420673383,,,False
2025-05-30,4200247,강릉제일고,128.8918779735197,37.759537356247826,88,70,True
2025-05-30,4200248,강릉제일고,128.89200478710157,37.759050283679514,80,55,True
2025-05-30,4200761,강릉중앙고,128.912160218414,37.75937561358479,2,7,True
2025-05-30,4200760,강릉중앙고,128.9128964493442,37.75959593531339,25,0,True
2025-05-30,4201197,강릉중입구,128.9042740269736,37.752586182446684,49,1,True
2025-05-30,4201196,강릉중입구,128.90469921141985,37.752586496675974,3,6,True
2025-05-30,4200321,강릉축산농협,128.9049229187372,37.76619229629584,6,23,True
2025-05-30,4201138,강릉통일공원,128.99659850067323,37.72434136600358,,,False
2025-05-30,4201137,강릉통일공원,128.99670944982654,37.7243539137021,,,False
2025-05-30,4209998,강문해변,128.91631032849583,37.79540813828357,16,7,True
2025-05-30,4200613,강문해변,128.91641678869786,37.79529298920251,38,54,True
2025-05-30,4201261,강문해변입구,128.9152492720649,37.794762154181576,23,71,True
2025-05-30,4201260,강문해변입구,128.91519487645675,37.79459950672752,94,2,True
2025-05-30,4200356,강원대학교,128.87391738137654,37.77033026766949,186,36,True
2025-05-30,4201041,강원대학교입구,128.87514521071003,37.77009542292022,18,14,True
2025-05-30,4201042,강원대학교입구,128.87494102107277,37.7696221436885,30,8,True
2025-05-30,4200085,강원대학교입구,128.874129341808,37.77078800232456,,,False
2025-05-30,4209996,강원대학교치과대학병원,128.86960214597158,37.764020747480245,,,False
2025-05-30,4209995,강원대학교치과대학병원,128.86959763767547,37.76381436688745,2,1,True
2025-05-30,4200086,강원대학교후문,128.8748802531449,37.77322772576275,0,21,True
2025-05-30,4200087,강원대학교후문,128.87498639848286,37.77315204059329,85,0,True
2025-05-30,4200059,강원도교육연수원,128.9180532877992,37.78499697853126,1,0,True
2025-05-30,4200100,강원도교육연수원,128.91813970318609,37.785074864473685,0,27,True
2025-05-30,4200205,강원도립대,128.82840415011668,37.87652579934979,159,21,True
2025-05-30,4200206,강원도립대,128.8283096996467,37.87693859362977,65,71,True
2025-05-30,4200836,강원예술고교,128.8616868324728,37.72543906074348,1,0,True
2025-05-30,4200837,강원예술고교,128.86150617422848,37.725488347649346,,,False
2025-05-30,4200081,강일여고정문,128.88831689919587,37.76415997041872,0,1,True
2025-05-30,4200082,강일여고정문,128.8875516595327,37.76393626119314,1,0,True
2025-05-30,4200840,강일운수(회산한신더휴아파트),128.8635961632995,37.73687831617277,70,1,True
2025-05-30,4200841,강일운수(회산한신더휴아파트),128.86326996430768,37.736857601908014,0,1,True
2025-05-30,4200834,개화대,128.8608572684192,37.723176690790936,3,0,True
2025-05-30,4200835,개화대,128.8607659459164,37.72312828112019,2,0,True
2025-05-30,4200899,검뎅이골위,128.78664108542844,37.649625029205744,1,0,True
2025-05-30,4200898,검뎅이골위,128.78655586032616,37.64966319680761,,,False
2025-05-30,4200522,게스트하우스거리,128.8339253329715,37.896167167389095,2,0,True
2025-05-30,4200531,게스트하우스거리,128.83380690814315,37.89613511363595,3,0,True
2025-05-30,4200103,경포고교,128.9190546436117,37.78057981084284,17,18,True
2025-05-30,4200288,경포고교,128.91881546540267,37.78075927662396,252,4,True
2025-05-30,4200073,경포대.참소리박물관,128.89723222843386,37.79547838966498,0,9,True
2025-05-30,4200072,경포대.참소리박물관,128.89706080745114,37.7955214111198,16,0,True
2025-05-30,4200077,경포동주민센터,128.88052383810168,37.78412865726848,4,2,True
2025-05-30,4200078,경포동주민센터,128.8806150484207,37.78405330055861,1,1,True
2025-05-30,4200061,경포중학교,128.90033514931517,37.74283267675838,,,False
2025-05-30,4200618,경포중학교,128.90069076576023,37.743138298255545,,,False
2025-05-30,4200080,경포초등학교,128.87893593974582,37.76974854746925,88,5,True
2025-05-30,4201242,경포해변,128.9052529004403,37.80440358093674,273,222,True
2025-05-30,4200323,경포해변,128.90582022350918,37.80466237027648,28,12,True
2025-05-30,4201420,경포해변(종점),128.9052815401602,37.80443707912235,,,False
2025-05-30,4200071,경포현대아파트,128.90335968993816,37.80120612421906,10,18,True
2025-05-30,4200070,경포현대아파트,128.90338270723402,37.80169652808461,39,0,True
2025-05-30,4201267,경포호,128.91154424859525,37.79966287216199,13,51,True
2025-05-30,4201266,경포호,128.91144337577538,37.79931158521169,36,3,True
2025-05-30,4200918,고단,128.84976344595395,37.5207024756447,,,False
2025-05-30,4201394,고단,128.84964328725079,37.520715172151846,,,False
2025-05-30,4201392,고단2.3리교차로,128.8353830314886,37.52461528706331,,,False
2025-05-30,4200917,고단2.3리교차로,128.8355935759617,37.52458832137048,,,False
2025-05-30,4200916,고단2.3리교차로,128.83542781016814,37.524465083382744,4,0,True
2025-05-30,4202165,고단3리,128.81638819970956,37.540155755487774,,,False
2025-05-30,4202166,고단3리,128.81639746865173,37.540229174022585,,,False
2025-05-30,4201396,고단경로당,128.83061361145448,37.52560229950637,,,False
2025-05-30,4201395,고단경로당,128.83055880947413,37.52554334571904,,,False
2025-05-30,4201390,고단보건소,128.84167794386417,37.52176894228016,,,False
2025-05-30,4201389,고단보건소,128.84161540861714,37.52185303156361,,,False
2025-05-30,4200115,고용센터,128.8890663454416,37.75714942132559,72,46,True
2025-05-30,4200114,고용센터,128.88893105798073,37.75744085258255,54,34,True
2025-05-30,4201113,곰두리연수원,129.04780833020064,37.667941690344094,0,1,True
2025-05-30,4201112,곰두리연수원,129.04789745395954,37.66792061520934,,,False
2025-05-30,4200153,공군부대앞,128.9401442605218,37.74622686326912,,,False
2025-05-30,4201061,공군부대앞,128.94003300356817,37.746317953634374,1,0,True
2025-05-30,4201186,공군부대입구,128.93000750087512,37.7400489172058,,,False
2025-05-30,4201187,공군부대입구,128.93007021980833,37.739837207659924,1,0,True
2025-05-30,4201062,공군부대후문,128.95917736919824,37.74910624884217,9,1,True
2025-05-30,4201209,공단,128.92205416940635,37.765196014305694,45,1,True
2025-05-30,4200191,공단,128.92224127533925,37.765245144772656,0,4,True
2025-05-30,4201025,공제마을,128.87156333276334,37.74608024312632,11,2,True
2025-05-30,4201026,공제마을,128.87155618347816,37.74635646052236,1,10,True
2025-05-30,4200379,과학교차로,128.85431089568786,37.79406859939951,,,False
2025-05-30,4200380,과학교차로,128.85488574683825,37.79412119394899,,,False
2025-05-30,4202174,관동중학교,128.88185544452548,37.756909416385795,,,False
2025-05-30,4202173,관동중학교,128.88157113042865,37.75688715011548,,,False
2025-05-30,4201228,관솔길,128.86971281684745,37.739544628947385,10,0,True
2025-05-30,4201229,관솔길,128.86962790539826,37.73951707468259,1,0,True
2025-05-30,4200860,관음1리,128.82994944568443,37.72835720885695,1,0,True
2025-05-30,4200863,관음1리,128.81811453963772,37.738720613334934,2,0,True
2025-05-30,4200861,관음1리노인회관,128.82663819526005,37.73031764277183,,,False
2025-05-30,4200569,교2동주민센터,128.8921038226677,37.76840335678918,93,55,True
2025-05-30,4202155,교동하늘채스카이파크,128.90139949657416,37.77044271657007,1,0,True
2025-05-30,4201221,교동하늘채스카이파크,128.90200271905258,37.770481553669924,5,0,True
2025-05-30,4200622,교동한신아파트,128.90061649844188,37.76762859683901,6,1,True
2025-05-30,4200623,교동한신아파트,128.90062829229592,37.76751299917391,2,0,True
2025-05-30,4200253,교보생명,128.89811415297848,37.756002485379526,3285,1877,True
2025-05-30,4201224,교통안전교육장,128.94081916548228,37.76277976059592,0,1,True
2025-05-30,4201225,교통안전교육장,128.94086858039023,37.762907619978066,8,0,True
2025-05-30,4200465,교항2리금용교,128.81051132966252,37.87794196218265,0,1,True
2025-05-30,4200464,교향2리금용교,128.81059960534566,37.877872107197874,,,False
2025-05-30,4200264,구)동해상사,128.91165113985977,37.76683747950902,186,10,True
2025-05-30,4200217,구라미,128.8421871924033,37.84071328241807,5,2,True
2025-05-30,4200216,구라미,128.84187680750063,37.84088026429458,15,1,True
2025-05-30,4200215,구라미휴게소,128.8412803433516,37.845869087009575,3,4,True
2025-05-30,4200312,구라미휴게소,128.84078612253998,37.84523742281921,6,3,True
2025-05-30,4200128,구름다리,128.87743298775584,37.764682397677966,490,38,True
2025-05-30,4200127,구름다리,128.87654770197503,37.764512872809554,50,141,True
2025-05-30,4200820,구정마을회관,128.87139646095704,37.71008533483099,1,0,True
2025-05-30,4200821,구정마을회관,128.87144937425245,37.71002947764621,10,0,True
2025-05-30,4200814,구정면사무소,128.88002787863965,37.71794143004597,2,0,True
2025-05-30,4200813,구정면사무소,128.87999133744066,37.71800809783438,0,1,True
2025-05-30,4200812,구정보건지소,128.88246310473926,37.72030864287925,2,0,True
2025-05-30,4201422,구정옥봉길,128.8928182495002,37.70145893549343,,,False
2025-05-30,4200811,구정자율방범대,128.88237819871995,37.72033853165244,1,0,True
2025-05-30,4200315,구터미널,128.8988430353628,37.76163002626936,67,26,True
2025-05-30,4200619,국립수산물품질관리원,128.82606517101954,37.891507384213114,89,9,True
2025-05-30,4200711,굴산사입구,128.88905996426578,37.70832144703753,,,False
2025-05-30,4200699,굴산사지,128.89328371501892,37.70698044216881,,,False
2025-05-30,4201251,궁궁동,128.7299683412454,37.880375202506656,1,0,True
2025-05-30,4200417,궁궁소,128.67164304000795,37.843611675479615,0,3,True
2025-05-30,4200681,금강사입구,128.90287627896166,37.72624677465358,,,False
2025-05-30,4200682,금강사입구,128.90297134006664,37.726211833119876,5,0,True
2025-05-30,4200628,금광1리마을회관,128.91600348378523,37.70952097409381,,,False
2025-05-30,4201385,금광1리마을회관,128.91594038830377,37.70955296171714,,,False
2025-05-30,4200667,금광교회입구,128.91743884657853,37.711688785639396,5,0,True
2025-05-30,4200668,금광교회입구,128.91734376603898,37.7117034048731,0,1,True
2025-05-30,4200635,금광리1반,128.9143131847074,37.70220671426674,5,0,True
2025-05-30,4200636,금광리1반,128.91440542620646,37.702215446502585,,,False
2025-05-30,4200672,금광리성황당,128.91735327783445,37.717909805835454,,,False
2025-05-30,4200671,금광리성황당,128.9174498206258,37.717903115802514,3,0,True
2025-05-30,4200665,금광삼거리,128.91515459286336,37.70904726058568,4,0,True
2025-05-30,4200666,금광삼거리,128.91521668110562,37.70911511431863,,,False
2025-05-30,4200632,금광정미소,128.9154068776427,37.70823176641904,,,False
2025-05-30,4200631,금광정미소,128.91530343519958,37.70823344476309,0,3,True
2025-05-30,4201018,금산,128.85573010993187,37.74018242418162,0,1,True
2025-05-30,4201017,금산,128.8558273611666,37.7401726731367,1,0,True
2025-05-30,4200858,금산1리경로당,128.83882591103156,37.7302092460205,,,False
2025-05-30,4201014,금산2리,128.8489374376084,37.736639355017815,5,3,True
2025-05-30,4201013,금산2리,128.84906667066036,37.736625360708075,23,0,True
2025-05-30,4201012,금산남밭,128.8447607772083,37.73146258389618,0,1,True
2025-05-30,4200862,금산남밭,128.84482898011785,37.73142005932311,1,1,True
2025-05-30,4201020,금산입구,128.8576797637003,37.74318792289404,,,False
2025-05-30,4201019,금산입구,128.85784327525297,37.7432987440744,15,0,True
2025-05-30,4201016,금산장수마을,128.85163955991283,37.738245657769,0,1,True
2025-05-30,4201015,금산장수마을,128.85168575797542,37.73818340581975,7,0,True
2025-05-30,4201344,금진2리마을회관,129.0433695932886,37.64179516691084,,,False
2025-05-30,4201345,금진2리마을회관,129.04327917048357,37.641779891088895,,,False
2025-05-30,4201342,금진초교,129.04347549729948,37.63336468757593,,,False
2025-05-30,4201343,금진초교,129.04343902328037,37.63345845978064,,,False
2025-05-30,4201108,금진항,129.05240741359285,37.652884325935844,1,0,True
2025-05-30,4201109,금진항,129.05231089842698,37.65294332211634,0,2,True
2025-05-30,4201347,금진해변,129.04374932629693,37.63904067736818,,,False
2025-05-30,4201348,금진해변,129.04365646301486,37.63903832962265,1,0,True
2025-05-30,4201107,금진해양파출소,129.04894882127985,37.652089382747484,,,False
2025-05-30,4200017,금진해양파출소,129.04913775965355,37.65213019488429,4,7,True
2025-05-30,4201053,금호어울림,128.9156520837289,37.754995794611034,38,1,True
2025-05-30,4201054,금호어울림,128.91590296498018,37.75518531900659,0,7,True
2025-05-30,4200025,금호어울림정문,128.9194883208178,37.754726898441014,1,0,True
2025-05-30,4200751,금호어울림정문,128.91957971290998,37.754473371718376,7,2,True
2025-05-30,4200988,기도원삼거리,128.7947703606971,37.75829009149865,4,0,True
2025-05-30,4200989,기도원삼거리,128.79494112774387,37.75822759306287,,,False
2025-05-30,4200801,기산아파트,128.8795888615329,37.73406712685544,2,0,True
2025-05-30,4200802,기산아파트,128.87993356966643,37.73422591779592,2,0,True
2025-05-30,4201371,기스목이골,128.9690415480403,37.6284779460996,2,0,True
2025-05-30,4200024,까치골,129.02541919838254,37.69553819595472,0,2,True
2025-05-30,4201185,까치골,129.02590617324884,37.695440046965246,1,0,True
2025-05-30,4201351,낙풍1리경로당,129.0340430096228,37.620207611399294,,,False
2025-05-30,4201350,낙풍1리경로당,129.034020875236,37.62025949844816,,,False
2025-05-30,4201339,낙풍교,129.03403331310147,37.625467245037875,,,False
2025-05-30,4201340,낙풍교,129.03370052447866,37.6252600803972,,,False
2025-05-30,4201095,낙풍리입구,129.03490564391961,37.623384805058976,6,3,True
2025-05-30,4201094,낙풍리입구,129.03474260887603,37.62332181243499,0,1,True
2025-05-30,4200654,남강릉IC입구,128.9004512852528,37.70007553036854,,,False
2025-05-30,4200653,남강릉IC입구,128.90059387366637,37.69980820493369,2,0,True
2025-05-30,4200049,남강초교,128.91338089940805,37.76735161096919,29,77,True
2025-05-30,4201198,남대천.강릉교,128.9010015999516,37.75454267936518,69,272,True
2025-05-30,4201199,남대천.강릉교,128.9010687000649,37.75417893755025,602,67,True
2025-05-30,4200021,남밭,128.84058789182106,37.72883964188799,,,False
2025-05-30,4201379,남밭,128.84064951853864,37.72871037302059,9,0,True
2025-05-30,4200873,남밭,128.8415299784495,37.72906449025603,,,False
2025-05-30,4201011,남밭,128.84079334848028,37.72889804215958,2,4,True
2025-05-30,4202167,남부노인종합복지관,128.91383118471262,37.752564379737024,,,False
2025-05-30,4202168,남부노인종합복지관,128.91401073487134,37.753047049518,,,False
2025-05-30,4200781,남산삼익아파트,128.8901808969545,37.74229155338584,6,0,True
2025-05-30,4200782,남산삼익아파트,128.89009058765018,37.74235973416757,,,False
2025-05-30,4200798,남산입구,128.8920065213286,37.747695999509396,,,False
2025-05-30,4200783,남산초교,128.8913405517673,37.744206285908824,20,0,True
2025-05-30,4200784,남산초교,128.89124028586525,37.74425071826271,0,3,True
2025-05-30,4200785,남산현대아파트,128.89462531897348,37.74186237968639,13,0,True
2025-05-30,4200786,남산현대아파트,128.89442793639103,37.74202687203957,0,1,True
2025-05-30,4201289,남양1리경로당,129.03162816015924,37.582429974327795,2,0,True
2025-05-30,4201288,남양1리경로당,129.03154436503664,37.58248287177823,,,False
2025-05-30,4201296,남양2리경로당,129.012950139964,37.56658372788056,2,0,True
2025-05-30,4201295,남양2리교,129.01486079643942,37.57192160373686,3,0,True
2025-05-30,4201294,남양2리교,129.01479874463647,37.571994595503725,,,False
2025-05-30,4200738,남양3리마을회관,129.03540040998968,37.59157285051617,1,0,True
2025-05-30,4201283,남양3리입구,129.03313884463265,37.593033115433954,,,False
2025-05-30,4201287,남양리옛경로당,129.03508624074675,37.582691373708194,1,0,True
2025-05-30,4200596,남양보건진료소,129.030003520806,37.581216311095346,,,False
2025-05-30,4200597,남양보건진료소,129.02994555182676,37.58125941742724,,,False
2025-05-30,4200741,남항진,128.95055410190812,37.76391565217945,0,8,True
2025-05-30,4200740,남항진,128.95041066307658,37.76404538789595,12,0,True
2025-05-30,4200739,남항진해변,128.95440005417075,37.764111085296946,50,18,True
2025-05-30,4200655,내곡과수원,128.901945977448,37.70187078093137,1,0,True
2025-05-30,4200656,내곡과수원,128.9017164423086,37.70199871134109,,,False
2025-05-30,4200066,내곡교,128.88659128664105,37.74625364038564,5,3,True
2025-05-30,4200001,내곡교,128.88717490623026,37.74653766880734,12,32,True
2025-05-30,4200357,내곡교,128.88814500034871,37.745625057468914,73,5,True
2025-05-30,4200800,내곡동주민센터,128.88065784045662,37.7384607745783,,,False
2025-05-30,4200799,내곡동주민센터,128.88038166245803,37.73840220332427,,,False
2025-05-30,4200366,내곡한라아파트,128.88110089995297,37.74513149140333,2,13,True
2025-05-30,4201208,내곡한라아파트,128.88109989979574,37.744994216797494,51,3,True
2025-05-30,4200848,내곡현대아파트,128.8834148503297,37.74546973753321,30,2,True
2025-05-30,4200849,내곡현대아파트,128.88327994384045,37.74557191636756,5,10,True
2025-05-30,4201286,너구리골,129.0453774808948,37.58278119535933,1,0,True
2025-05-30,4201381,너다리,128.85390220166778,37.83022805772032,,,False
2025-05-30,4200154,너다리,128.85384039907868,37.83030516388511,2,0,True
2025-05-30,4200147,노동3리,128.82566919932256,37.79922359821094,3,0,True
2025-05-30,4200148,노동3리,128.8256207085255,37.79927586550659,,,False
2025-05-30,4200149,노동리,128.82874179258144,37.80069747027654,2,0,True
2025-05-30,4200150,노동리,128.82882389300474,37.80095549884616,,,False
2025-05-30,4201416,노동상리경로당,128.8298366569875,37.803466498207534,,,False
2025-05-30,4201415,노동상리경로당,128.82974913139455,37.80349598363215,0,1,True
2025-05-30,4200161,노동하리.우리정미소,128.8414822247496,37.82225221697478,2,0,True
2025-05-30,4200162,노동하리.우리정미소,128.84138542146533,37.82227295047229,,,False
2025-05-30,4200159,노동회관,128.83796621765993,37.818138280477356,8,0,True
2025-05-30,4200160,노동회관,128.8379192525419,37.818202495776156,0,1,True
2025-05-30,4200773,노암대림아파트,128.89670020630172,37.7443968332287,13,0,True
2025-05-30,4200772,노암대림아파트,128.8964957795506,37.74447513098166,0,3,True
2025-05-30,4200790,노암한라아파트,128.9030338994368,37.744009473539954,14,0,True
2025-05-30,4201195,노암현대아파트,128.9064519321124,37.750397397899654,2,1,True
2025-05-30,4200756,녹원아파트,128.9163613451306,37.7599236396456,0,14,True
2025-05-30,4200156,농업기술센터,128.83374479432362,37.810623749433574,,,False
2025-05-30,4200155,농업기술센터,128.8338261188764,37.81060324304077,,,False
2025-05-30,4201105,농협주유소,129.03818611643504,37.61343914150935,1,0,True
2025-05-30,4200803,농협창고,128.87887127233301,37.73227146178355,0,1,True
2025-05-30,4200804,농협창고,128.87906447230628,37.732212820532425,1,0,True
2025-05-30,4201352,다리목,129.03192147742433,37.6205042855377,,,False
2025-05-30,4201353,다리목,129.03198761433356,37.62043300135372,,,False
2025-05-30,4200768,단오문화관,128.8967729024353,37.7481043414214,0,4,True
2025-05-30,4200901,닭목골,128.78595382346253,37.64781596633364,1,1,True
2025-05-30,4200900,닭목골,128.78583483882048,37.64776835827971,2,1,True
2025-05-30,4200687,담산1리,128.90238189653846,37.71752043471821,,,False
2025-05-30,4200689,담산2리,128.90107050248153,37.7152173518283,,,False
2025-05-30,4200693,대경상사앞,128.89804496237466,37.71104193868198,,,False
2025-05-30,4200968,대관령박물관,128.80478202234156,37.716950876906495,2,0,True
2025-05-30,4200967,대관령박물관,128.80456089771366,37.71714451138875,6,0,True
2025-05-30,4201414,대굴령목공소,128.7963265827597,37.72854223767263,1,0,True
2025-05-30,4200991,대궁산장,128.7956519785838,37.75672773187815,,,False
2025-05-30,4200990,대궁산장,128.7955529097602,37.75668446239291,1,0,True
2025-05-30,4200913,대기1리경로당,128.79579724292137,37.56561101591886,2,0,True
2025-05-30,4200912,대기1리경로당,128.79557170937235,37.565622156510386,,,False
2025-05-30,4200764,대목아파트,128.91036775859212,37.7552461618319,5,17,True
2025-05-30,4200707,대성사입구,128.88866018338805,37.699701320397004,,,False
2025-05-30,4200708,대성사입구,128.88799509811798,37.70047298433208,1,0,True
2025-05-30,4201279,더글로리촬영지,128.82911039533775,37.904460082879105,15,0,True
2025-05-30,4201280,더글로리촬영지,128.82924239568416,37.90441068117994,1,1,True
2025-05-30,4201056,더샵아파트,128.91218064135074,37.749852342787776,,,False
2025-05-30,4201055,더샵아파트,128.91179177957773,37.7496554344983,,,False
2025-05-30,4201192,더샵아파트후문,128.90917534552304,37.74798409080578,8,3,True
2025-05-30,4200385,덕실리,128.83425245451167,37.806566789081664,1,1,True
2025-05-30,4200883,덕중상사입구,128.84174479743382,37.70242273367911,,,False
2025-05-30,4200882,덕중상사입구,128.8418138875879,37.70249050751822,1,0,True
2025-05-30,4200512,덕현리,128.92611817321585,37.705859421056175,1,0,True
2025-05-30,4200513,덕현리,128.92602088648235,37.70591024035886,1,0,True
2025-05-30,4201170,덕현리마을회관,128.92969308316043,37.71031249336467,,,False
2025-05-30,4201169,덕현리마을회관,128.92976451553793,37.71025688950383,1,0,True
2025-05-30,4201172,덕현리입구,128.9336781922055,37.71393030895838,1,0,True
2025-05-30,4201171,덕현리입구,128.93375842948848,37.71390020089169,4,0,True
2025-05-30,4201273,도깨비촬영지,128.83285849096714,37.88049253785593,30,11,True
2025-05-30,4201274,도깨비촬영지,128.83366615521564,37.879702674494396,4,6,True
2025-05-30,4200953,도마1리경로당,128.83580313705878,37.675863266048,3,0,True
2025-05-30,4200954,도마1리경로당,128.83571199204746,37.67583487527786,,,False
2025-05-30,4202142,도직리,129.067789814241,37.60871993490825,,,False
2025-05-30,4202152,도직리,129.06871069327684,37.60826859797961,,,False
2025-05-30,4200911,도화목이,128.79899268103495,37.57580683121861,4,1,True
2025-05-30,4200910,도화목이,128.79876118261876,37.575812376849754,,,False
2025-05-30,4201184,독송마을회관,128.93632837845826,37.737443377869745,0,1,True
2025-05-30,4201183,독송마을회관,128.93638737959347,37.73749824702616,9,0,True
2025-05-30,4200593,동광주유소,128.988869023967,37.71446203608272,,,False
2025-05-30,4200592,동광주유소,128.98895762865502,37.71450646675624,2,0,True
2025-05-30,4201157,동그린,128.96124692830767,37.71693200282111,,,False
2025-05-30,4201156,동그린,128.96116060941432,37.71694910240202,,,False
2025-05-30,4200260,동남아파트,128.9088062489658,37.764638779656714,91,174,True
2025-05-30,4200322,동도센트리움,128.90456486009336,37.76619195310031,67,16,True
2025-05-30,4200104,동명중학교,128.91637238303827,37.777185998905715,61,2,True
2025-05-30,4200105,동명중학교,128.9161008666347,37.77658681943468,23,12,True
2025-05-30,4200970,동물사랑센터,128.8298483336448,37.69899913101563,,,False
2025-05-30,4200934,동물사랑센터,128.8296897075576,37.69907525653717,,,False
2025-05-30,4200011,동부아파트,128.9151327017873,37.78401368458876,111,0,True
2025-05-30,4200545,동산교,129.03188210282585,37.596478436012994,1,0,True
2025-05-30,4201180,동양석재,128.95027125993667,37.731215731549426,2,1,True
2025-05-30,4201179,동양석재,128.9503404370837,37.730986647751536,,,False
2025-05-30,4200342,동양시멘트입구,128.80418115038393,37.85051141718022,,,False
2025-05-30,4200343,동양시멘트입구,128.80439889049126,37.850687991240484,0,2,True
2025-05-30,4200109,동인병원입구,128.9094857690125,37.77102450992961,23,67,True
2025-05-30,4200108,동인병원입구,128.90953558421478,37.77125258486367,197,9,True
2025-05-30,4201426,동해식품,128.89855245250976,37.72443751894129,,,False
2025-05-30,4200950,둔지마을,128.8402142080388,37.66721532951788,0,2,True
2025-05-30,4200949,둔지마을,128.84032622893565,37.667211942204936,2,0,True
2025-05-30,4200944,들꽃마을,128.85442858144177,37.65082634282393,,,False
2025-05-30,4200943,들꽃마을,128.85452027887206,37.65078274958405,2,0,True
2025-05-30,4200831,등고비,128.8616371241439,37.71615919045265,,,False
2025-05-30,4200830,등고비,128.86171284130654,37.716127363746615,,,False
2025-05-30,4201134,등명락가사,129.0099873440744,37.71142599542753,0,4,True
2025-05-30,4201133,등명락가사,129.01030860073715,37.71121753055649,1,0,True
2025-05-30,4201129,등명해변,129.01625265982383,37.701980786481954,0,3,True
2025-05-30,4201130,등명해변,129.015876711037,37.70233040602598,10,2,True
2025-05-30,4200736,똑갑재,128.9084947975427,37.742997829596284,0,2,True
2025-05-30,4200735,똑갑재,128.9083233266339,37.74372779918021,1,0,True
2025-05-30,4200262,로얄아파트.포남1동주민센터,128.90933288179943,37.76545703763149,306,27,True
2025-05-30,4201010,롯데물류센터,128.83446803238593,37.72201867130479,0,2,True
2025-05-30,4201380,롯데물류센터,128.83451710426255,37.72199688820527,2,0,True
2025-05-30,4202154,롯데캐슬시그니처,128.88177646219214,37.761744282876045,10,3,True
2025-05-30,4202157,롯데캐슬시그니처,128.88150991460472,37.76169156053964,4,0,True
2025-05-30,4200042,롯데캐슬아파트,128.89120929799194,37.766948306391974,201,73,True
2025-05-30,4201037,말나눔터공원,128.8946789617544,37.758644529934365,1,2,True
2025-05-30,4200538,망월이마을,128.792107212951,37.72942872713486,1,0,True
2025-05-30,4200524,망월이마을,128.7922011149757,37.729439560975074,2,0,True
2025-05-30,4200626,명륜고교후문,128.8957168427019,37.761692970005,,,False
2025-05-30,4200627,명륜고교후문,128.8959116900896,37.761745147071196,,,False
2025-05-30,4200220,모래내행복센터,128.84888855200666,37.82654759560158,70,25,True
2025-05-30,4200221,모래내행복센터,128.84881781800846,37.82675602435266,20,20,True
2025-05-30,4201121,모래시계공원,129.03719508337943,37.68592446993947,40,23,True
2025-05-30,4201122,모래시계공원,129.0380673722024,37.685653946463454,,,False
2025-05-30,4200728,모산초교,128.90028293302265,37.73143070810136,1,2,True
2025-05-30,4200727,모산초교,128.90037137412145,37.73145457144734,4,0,True
2025-05-30,4201254,모안이서낭당,128.90286872766467,37.783490145093076,1,4,True
2025-05-30,4201255,모안이서낭당,128.90266311761613,37.78356022910187,5,1,True
2025-05-30,4201155,모전1리,128.96150382823714,37.719819173700856,3,2,True
2025-05-30,4201154,모전1리,128.96141013771185,37.71981098253356,2,0,True
2025-05-30,4201159,모전리,128.95776740747448,37.71232268018703,,,False
2025-05-30,4201158,모전리,128.95769412799663,37.712385507146145,,,False
2025-05-30,4200031,모전리.돌평,128.95074649026657,37.70985195102544,10,0,True
2025-05-30,4201162,모전리.돌평,128.95076445202812,37.70977883566453,,,False
2025-05-30,4201073,모전삼거리,128.96506056244797,37.72569325398637,12,1,True
2025-05-30,4201072,모전삼거리,128.96457294836412,37.72564861436484,2,6,True
2025-05-30,4200941,목계리,128.8539720247843,37.64675613253988,,,False
2025-05-30,4200937,목계리경로당,128.85926935902992,37.63755434898131,,,False
2025-05-30,4200938,목계리경로당,128.85882831535346,37.63808751377066,,,False
2025-05-30,4200935,목계마을회관,128.8591158870725,37.63273899723025,4,0,True
2025-05-30,4200936,목계마을회관,128.8589875953329,37.632647124497325,1,2,True
2025-05-30,4201358,몽탕골,129.01871214696766,37.61920866828569,,,False
2025-05-30,4201359,몽탕골,129.01872766257262,37.61915302416518,1,0,True
2025-05-30,4200979,무시골,128.79407884048865,37.737843607578455,,,False
2025-05-30,4200980,무시골,128.79415740714765,37.73788769905595,,,False
2025-05-30,4200895,무위사입구,128.79048797979135,37.65800841053956,,,False
2025-05-30,4200894,무위사입구,128.7904596075833,37.65806985505733,,,False
2025-05-30,4200088,문성고등학교,128.8747975765768,37.776789915738114,103,1,True
2025-05-30,4200089,문성고등학교,128.87460137001867,37.776791669303456,1,20,True
2025-05-30,4201191,문암정,128.91520371371126,37.744240782298405,3,1,True
2025-05-30,4201190,문암정,128.91570481769043,37.74371491111339,,,False
2025-05-30,4200810,문화마을,128.88042620487306,37.72295333667196,4,0,True
2025-05-30,4200809,문화마을,128.88033505218718,37.72293252489115,4,1,True
2025-05-30,4200384,미노리,128.86484857598091,37.82971678699962,3,0,True
2025-05-30,4200388,미노마을입구,128.86381568177012,37.83417468045317,0,2,True
2025-05-30,4200543,미디어촌5단지,128.86758571434657,37.753701754139904,281,70,True
2025-05-30,4200621,미라보아파트,128.90255177945858,37.769019304198096,0,1,True
2025-05-30,4200620,미라보아파트,128.902500537792,37.76907532540921,7,0,True
2025-05-30,4200676,박월동마을회관,128.9141099667606,37.7303231623845,0,2,True
2025-05-30,4200675,박월동마을회관,128.91430313467623,37.73038001057271,8,1,True
2025-05-30,4200745,반쟁이,128.93382070402052,37.76052490759301,0,3,True
2025-05-30,4201092,밤재휴게소,129.01588441130582,37.643605803090345,,,False
2025-05-30,4201093,밤재휴게소,129.01598617822128,37.64361623880892,,,False
2025-05-30,4200226,방골마을입구,128.8558844116181,37.81329996910386,6,7,True
2025-05-30,4200069,방골마을입구,128.85540756146614,37.81366779247799,30,1,True
2025-05-30,4200137,방축거리,128.88360346383243,37.77333257715457,1,4,True
2025-05-30,4200136,방축거리,128.88380882582484,37.773889373429355,0,3,True
2025-05-30,4200940,방터골입구,128.8542224426066,37.642387639932174,0,2,True
2025-05-30,4200939,방터골입구,128.8543538779494,37.64239089992679,6,0,True
2025-05-30,4200519,방학골,128.82351587730795,37.90381462090833,13,0,True
2025-05-30,4200521,방학골,128.82291244813646,37.90463362511824,1,18,True
2025-05-30,4200945,백운암입구,128.8503640197509,37.65589468864246,1,0,True
2025-05-30,4200946,백운암입구,128.8502357538194,37.655869833853565,0,1,True
2025-05-30,4201153,버당말,128.96287505180277,37.72274811896261,6,0,True
2025-05-30,4201152,버당말,128.96277963489464,37.72278384606697,1,2,True
2025-05-30,4201290,버들골,129.02605567209912,37.579297897903295,,,False
2025-05-30,4201291,버들골,129.02611729989363,37.57922947953465,,,False
2025-05-30,4200336,버들교,128.77473855753414,37.850247080571705,3,0,True
2025-05-30,4200673,버들교,128.91800220365803,37.72225137691791,3,0,True
2025-05-30,4200335,버들교,128.77324803807656,37.850410055201316,,,False
2025-05-30,4200674,버들교,128.9179091300679,37.722227707735385,,,False
2025-05-30,4200904,벌말,128.77753093157395,37.586312333418526,0,1,True
2025-05-30,4200235,법원.검찰청,128.8739503928752,37.785042447818554,13,18,True
2025-05-30,4200234,법원.검찰청,128.87342400102995,37.78526073982707,50,18,True
2025-05-30,4201067,벽산블루밍아파트,128.82413067836563,37.88870981452805,,,False
2025-05-30,4201193,병무청,128.90845061267927,37.74811821805219,11,2,True
2025-05-30,4201194,병무청,128.90730907557136,37.749719639382455,6,7,True
2025-05-30,4200361,보건소,128.8822115594926,37.743635964592464,1,47,True
2025-05-30,4200065,보건소,128.8829859719751,37.74393637256719,128,1,True
2025-05-30,4200580,보건진료소,128.97335780368653,37.6877997329295,,,False
2025-05-30,4200581,보건진료소,128.97326166656484,37.6877802990832,,,False
2025-05-30,4200541,보광리,128.7969029719891,37.73733219171309,0,1,True
2025-05-30,4200540,보광리,128.79683168120394,37.73726419118738,1,0,True
2025-05-30,4200965,보광리입구,128.81696481575804,37.72096716251408,2,0,True
2025-05-30,4201003,보광리입구,128.81690957708614,37.721147642825436,,,False
2025-05-30,4201235,보광리체험학습장,128.80754877575424,37.738056785776784,,,False
2025-05-30,4200977,보광리체험학습장,128.80793365498167,37.73787511002778,7,1,True
2025-05-30,4200998,보광리체험학습장,128.8076688924087,37.73819161617253,1,1,True
2025-05-30,4200986,보광보건진료소,128.80534439890508,37.738079523472834,2,0,True
2025-05-30,4200985,보광보건진료소,128.8054363627245,37.73800718407803,,,False
2025-05-30,4200995,보광본동,128.79947706651464,37.746310402073284,0,2,True
2025-05-30,4200994,보광본동,128.79938186856992,37.746227466734425,5,0,True
2025-05-30,4200983,보광평,128.8024466454297,37.73817584117786,1,0,True
2025-05-30,4200984,보광평,128.8025237456016,37.73822613746055,,,False
2025-05-30,4200730,보리사입구,128.89777570598176,37.73631225974452,,,False
2025-05-30,4200729,보리사입구,128.89785144363964,37.73626831506908,,,False
2025-05-30,4200186,보성연립,128.82551362915504,37.901974724913615,15,0,True
2025-05-30,4200298,보성연립,128.82558444232305,37.90204313561504,0,11,True
2025-05-30,4200301,보현사입구주차장,128.78312046358457,37.738359845157134,,,False
2025-05-30,4200014,보현사종점,128.79263641819853,37.73803701177597,1,0,True
2025-05-30,4200978,보현사종점,128.7926653824033,37.738105478358804,0,1,True
2025-05-30,4202161,부귀터,128.77935529659743,37.83384969713505,,,False
2025-05-30,4202162,부귀터,128.7794599312011,37.83385966124151,,,False
2025-05-30,4200410,부연동입구,128.6565982881532,37.84023340079426,,,False
2025-05-30,4200411,부연동입구,128.65649150006797,37.84037999546802,,,False
2025-05-30,4200134,부영2차아파트,128.88281079370944,37.77016072015751,130,35,True
2025-05-30,4200135,부영2차아파트,128.8825125758686,37.77002923948558,40,7,True
2025-05-30,4200792,부흥마을,128.90633218029933,37.74678151751788,2,0,True
2025-05-30,4200791,부흥마을,128.90637359052232,37.746896583401664,1,0,True
2025-05-30,4200261,북강릉IC,128.84425534198513,37.83689529134246,1,4,True
2025-05-30,4201374,북동리종점,128.97206281726505,37.61168685078856,1,0,True
2025-05-30,4201365,북동리회관,128.9920439010217,37.61732896340916,,,False
2025-05-30,4201364,북동리회관,128.99203781944024,37.61727491738219,1,0,True
2025-05-30,4200224,북부노인대학,128.85070066292354,37.820164105652225,12,2,True
2025-05-30,4200225,북부노인대학,128.85083641112433,37.82016343083045,7,15,True
2025-05-30,4200207,북부노인종합복지관,128.83062989490628,37.8743072338123,147,33,True
2025-05-30,4200208,북부노인종합복지관,128.83042321750824,37.874681277863154,89,66,True
2025-05-30,4200192,북부지구대,128.829270567591,37.89460960314925,9,47,True
2025-05-30,4200193,북부지구대,128.82860680406648,37.894535177399845,93,6,True
2025-05-30,4201075,분수동,129.02442625222523,37.68416226671518,5,0,True
2025-05-30,4201074,분수동,129.02438633004448,37.68420512704344,,,False
2025-05-30,4201323,비상거리,128.96147017456914,37.57419041505788,,,False
2025-05-30,4201322,비상거리,128.96170555823903,37.574443710141345,,,False
2025-05-30,4200277,비치소라아파트,128.93435177478304,37.77578862012879,3,13,True
2025-05-30,4200434,사근진해변,128.898597450209,37.812322584245415,8,2,True
2025-05-30,4200435,사근진해변,128.89766129562162,37.81294729745145,21,18,True
2025-05-30,4200140,사기막,128.80639533289897,37.79268220157816,2,0,True
2025-05-30,4201231,사기막리,128.81838250417627,37.7939296154463,2,0,True
2025-05-30,4201230,사기막리,128.8183214702477,37.793964034615996,,,False
2025-05-30,4200142,사기막마을회관,128.8109379000351,37.79306001321451,,,False
2025-05-30,4200141,사기막마을회관,128.81090286737634,37.79301923903732,7,0,True
2025-05-30,4200919,사반,128.8467909201167,37.5342056043505,,,False
2025-05-30,4200920,사반,128.84669362641395,37.534157761808984,,,False
2025-05-30,4200714,사이말교,128.88798046545247,37.71196552544221,5,0,True
2025-05-30,4200713,사이말교,128.88807348333134,37.711972121452696,,,False
2025-05-30,4200924,사이소재길,128.8475369146747,37.557798436516386,,,False
2025-05-30,4200923,사이소재길,128.8476417163746,37.55780194237984,,,False
2025-05-30,4200223,사천면사무소,128.84914337332015,37.8229406699122,90,28,True
2025-05-30,4200222,사천면사무소,128.84928192865996,37.82385848393331,60,51,True
2025-05-30,4200449,사천물회거리,128.8755979856823,37.838072593350674,16,2,True
2025-05-30,4200447,사천물회거리,128.8757309061334,37.83810545841113,14,10,True
2025-05-30,4202163,사천보헤미안커피,128.86756687053622,37.84672399113912,,,False
2025-05-30,4202164,사천보헤미안커피,128.8676784641814,37.846752776517754,,,False
2025-05-30,4200294,사천중학교,128.84663312060465,37.82670813694838,1,0,True
2025-05-30,4200165,사천중학교,128.84662013233944,37.82677848556301,2,0,True
2025-05-30,4201238,사천진리,128.87339689589916,37.83812340174815,13,4,True
2025-05-30,4202159,사천진바위섬,128.87633882234948,37.84060226740597,5,4,True
2025-05-30,4202160,사천진바위섬,128.8764473285357,37.8406481132808,2,3,True
2025-05-30,4209999,사천진해변,128.87344886491002,37.842977470664934,3,1,True
2025-05-30,4201268,사천진해변,128.87339749147367,37.84293833117085,3,3,True
2025-05-30,4200444,사천캠핑장,128.87516834469744,37.831731302711255,2,2,True
2025-05-30,4200445,사천캠핑장,128.8750445298634,37.831686225915426,3,3,True
2025-05-30,4200442,사천해변,128.87869491904522,37.828713817312966,1,1,True
2025-05-30,4200443,사천해변,128.87827311977188,37.82882341864164,3,0,True
2025-05-30,4201321,산계2리,128.97229539203417,37.57962245004452,1,0,True
2025-05-30,4201320,산계2리,128.97246971139714,37.57976114585706,,,False
2025-05-30,4201328,산계리종점,128.9460355736469,37.57495852194761,6,1,True
2025-05-30,4200440,산대월리.순포,128.88547702493108,37.822903011074914,2,0,True
2025-05-30,4200441,산대월리.순포,128.88527417343033,37.822868850849,4,0,True
2025-05-30,4200383,산대월리마을회관,128.8709163724858,37.815914215160845,3,0,True
2025-05-30,4200594,산두골,128.9840168065266,37.71859873395223,8,0,True
2025-05-30,4200595,산두골,128.98401664518687,37.71851617972176,1,1,True
2025-05-30,4200179,산림조합,128.81641190280698,37.85471554225067,1,0,True
2025-05-30,4200295,산림조합,128.81634583702206,37.85478178935546,,,False
2025-05-30,4200877,산북,128.84586150037325,37.704935503831294,2,0,True
2025-05-30,4200875,산북2리경로당,128.83409128779982,37.71149810424752,,,False
2025-05-30,4200876,산북2리경로당,128.83404425902265,37.71143075108243,,,False
2025-05-30,4201060,산성우1리,129.0046545324227,37.68347462505554,5,1,True
2025-05-30,4201084,산성우2리,129.01725588482054,37.67160656267303,,,False
2025-05-30,4201085,산성우2리,129.01735333412336,37.671618793132126,,,False
2025-05-30,4201083,산성우2리마을회관,129.02279471216545,37.67820045840464,,,False
2025-05-30,4201082,산성우2리마을회관,129.02269902654416,37.678299838704675,,,False
2025-05-30,4201031,삼개사입구,128.88695285563512,37.7503693771254,14,5,True
2025-05-30,4201032,삼개사입구,128.88684645443755,37.75026780562399,6,9,True
2025-05-30,4200867,삼거리,128.83456155956415,37.745154825533675,,,False
2025-05-30,4200866,삼거리,128.8345942629299,37.74509162495973,,,False
2025-05-30,4200455,삼교리종점,128.74996246309584,37.87971842334567,14,0,True
2025-05-30,4200456,삼교리종점,128.7500022864006,37.879776675728266,,,False
2025-05-30,4201370,삼밭골,128.97299626468876,37.625881433054694,,,False
2025-05-30,4201369,삼밭골,128.97299344360636,37.62595039665499,,,False
2025-05-30,4200514,삼산,128.69251552941094,37.84710607104921,,,False
2025-05-30,4200516,삼산,128.6925944995912,37.847189566163216,,,False
2025-05-30,4200170,삼산1리,128.70464319375566,37.845506729172776,,,False
2025-05-30,4200171,삼산1리,128.7047914618132,37.84575283130434,0,2,True
2025-05-30,4200324,삼산1리마을회관,128.7032068078098,37.84670520300259,,,False
2025-05-30,4200325,삼산1리마을회관,128.7039248000704,37.84665394357494,,,False
2025-05-30,4200408,삼산4리,128.65358585892187,37.836375046564235,,,False
2025-05-30,4200409,삼산4리,128.65339766055644,37.8363605430016,,,False
2025-05-30,4200426,삼산보건진료소,128.69992094735875,37.846599335592536,6,0,True
2025-05-30,4200427,삼산보건진료소,128.6999017867484,37.84667116560819,1,2,True
2025-05-30,4200328,삼산분소,128.72806310762525,37.8484167632985,0,4,True
2025-05-30,4201411,삼성디지털센터,128.89671612387085,37.758421567843364,1,0,True
2025-05-30,4200365,삼성디지털센터,128.8966989039856,37.75811194350719,41,42,True
2025-05-30,4200987,삼왕,128.79442364222726,37.75959705206606,5,1,True
2025-05-30,4200267,삼우은성아파트,128.91973659122027,37.77025900516923,27,53,True
2025-05-30,4200268,삼우은성아파트,128.91881978171756,37.77007704319862,214,13,True
2025-05-30,4200054,삼익아파트,128.93336344346523,37.7794509217129,2,28,True
2025-05-30,4200358,삼창그린맨션,128.88749893563826,37.744743384730015,25,2,True
2025-05-30,4200310,삼천리아파트,128.8379309322555,37.8689470039461,192,66,True
2025-05-30,4200211,삼천리아파트,128.8383288212433,37.86906384505761,167,84,True
2025-05-30,4200732,삼흥사,128.901198738292,37.739798973918525,1,1,True
2025-05-30,4200731,삼흥사,128.90121043083064,37.739730650079785,,,False
2025-05-30,4200925,삽당령휴게소,128.85348981301368,37.57765377589509,,,False
2025-05-30,4200926,삽당령휴게소,128.85335366163847,37.57771787179165,,,False
2025-05-30,4201429,삿갓2교,128.89440260554116,37.72191310597893,,,False
2025-05-30,4200022,상근내,128.7796924207031,37.8773758413694,7,0,True
2025-05-30,4200099,상근내,128.77960655925375,37.87745059496862,,,False
2025-05-30,4201317,상반암,128.97555145054721,37.581507187334616,1,0,True
2025-05-30,4201316,상반암,128.97543453934762,37.581480242671276,,,False
2025-05-30,4201318,상반암2교,128.97515057257976,37.579938893006116,,,False
2025-05-30,4201319,상반암2교,128.97526025138177,37.580104674041834,,,False
2025-05-30,4201173,상시동,128.94246528458484,37.71818427280178,4,0,True
2025-05-30,4201174,상시동,128.94244611636475,37.71825557931822,,,False
2025-05-30,4201175,상시동2리마을구판장,128.9490236053727,37.7224263738442,2,0,True
2025-05-30,4201176,상시동2리마을구판장,128.94913379195222,37.72251033214177,,,False
2025-05-30,4200526,새이골,128.79025907473746,37.85322227035808,1,0,True
2025-05-30,4200957,새재마을,128.8242487855186,37.68544901419477,1,0,True
2025-05-30,4200958,새재마을,128.8242669560502,37.685279144065696,,,False
2025-05-30,4201360,샘골,129.00918544930587,37.619230471502696,,,False
2025-05-30,4201361,샘골,129.0091899817426,37.61916886212585,,,False
2025-05-30,4200974,샘골식당,128.8117504319814,37.72973210273536,1,0,True
2025-05-30,4200973,샘골식당,128.81165805890132,37.72970284088515,4,0,True
2025-05-30,4200932,샘터휴게실,128.8616379939255,37.62586846407014,,,False
2025-05-30,4200931,샘터휴게실,128.86196479739877,37.62603907325114,2,0,True
2025-05-30,4200515,서당마을,128.8153409524242,37.87964681225348,2,0,True
2025-05-30,4200842,서희아파트,128.86542964738,37.739494273568006,0,17,True
2025-05-30,4200843,서희아파트,128.86634677134685,37.73976016715972,101,2,True
2025-05-30,4200139,석교2리마을회관,128.82066862382376,37.842307094394954,,,False
2025-05-30,4200992,석불사입구,128.79428550244546,37.75401121249684,,,False
2025-05-30,4200993,석불사입구,128.79436174094738,37.75400145159608,,,False
2025-05-30,4200076,선교장,128.88470029533363,37.78507057730054,2,5,True
2025-05-30,4200075,선교장,128.8853532167783,37.785455385598155,4,1,True
2025-05-30,4200236,선교장입구,128.87978791945434,37.782182641690056,43,25,True
2025-05-30,4200237,선교장입구,128.8801857915523,37.78222354537227,15,18,True
2025-05-30,4201250,선수촌8단지,128.87011109214671,37.76078977894948,121,5,True
2025-05-30,4201249,선수촌8단지,128.87029355520082,37.76060110592661,21,10,True
2025-05-30,4200534,선자령고개입구,128.79239579933846,37.73245610705835,,,False
2025-05-30,4200537,선자령고개입구,128.79231046446523,37.732508544183865,,,False
2025-05-30,4201310,설암마을,128.99822461811513,37.59527911024018,,,False
2025-05-30,4201311,설암마을,128.9983494117808,37.59541501641899,,,False
2025-05-30,4201189,섬석교,128.92156879198023,37.740684165183964,0,1,True
2025-05-30,4201188,섬석교,128.92171052547354,37.74090783532175,10,0,True
2025-05-30,4200854,성내동광장,128.89469082592495,37.750838877146485,,,False
2025-05-30,4200855,성내동광장,128.89488299521074,37.75095303991505,0,2,True
2025-05-30,4201046,성덕동주민센터,128.91533375948597,37.76294836172143,0,1,True
2025-05-30,4201045,성덕동주민센터,128.91516594318634,37.762763608124146,2,0,True
2025-05-30,4200765,성덕초등학교,128.91017117535122,37.75573609872045,67,1,True
2025-05-30,4201004,성산,128.82713990486903,37.71438975242994,,,False
2025-05-30,4201005,성산,128.8271623742617,37.714502339268236,5,11,True
2025-05-30,4201009,성산면사무소,128.832602033901,37.718970827982346,8,18,True
2025-05-30,4201008,성산면사무소,128.83255254171343,37.71856830087688,56,23,True
2025-05-30,4201007,성산치안센터,128.8310696649731,37.7159774839219,2,9,True
2025-05-30,4201006,성산치안센터,128.83090633919258,37.71566752965487,25,0,True
2025-05-30,4200422,성원사입구,128.6867712693139,37.847205451671535,5,0,True
2025-05-30,4200423,성원사입구,128.68646040632865,37.84726485901322,0,3,True
2025-05-30,4200817,성황당,128.87341590911527,37.71242819076422,1,0,True
2025-05-30,4200818,성황당,128.8735164959862,37.712407011021696,,,False
2025-05-30,4201425,성황당교,128.89068764552184,37.7193346055837,,,False
2025-05-30,4200550,세인트존스호텔,128.9216970367292,37.79098344901958,6,4,True
2025-05-30,4200549,세인트존스호텔,128.92167986735865,37.790864197302774,3,8,True
2025-05-30,4202156,세인트존스호텔,128.92066155176954,37.789921292283566,,,False
2025-05-30,4202158,세인트존스호텔,128.9208321964743,37.79000919070631,9,2,True
2025-05-30,4200167,소금강산,128.71230365715414,37.82166854276753,1,1,True
2025-05-30,4200166,소금강산,128.7124812586759,37.82175517040325,,,False
2025-05-30,4200327,소금강산돌박물관,128.72545746023172,37.848484193808346,13,0,True
2025-05-30,4200168,소금강산분교,128.710000116687,37.83125700946602,4,0,True
2025-05-30,4200169,소금강산분교,128.70996109009303,37.83105237281379,0,1,True
2025-05-30,4200429,소금강산삼거리,128.70652525366145,37.84687236867498,0,1,True
2025-05-30,4200428,소금강산삼거리,128.70675214581883,37.84674771999477,4,1,True
2025-05-30,4200419,소금강산종점,128.70783064886766,37.81649025417566,8,8,True
2025-05-30,4200337,소금강산체험학습장,128.78576790854493,37.85169587352382,4,1,True
2025-05-30,4200184,소돌,128.82175443074843,37.905415537268986,85,8,True
2025-05-30,4200185,소돌,128.8213252547112,37.90592204016269,1,20,True
2025-05-30,4200523,소돌해변,128.82357421556765,37.90742431202615,0,3,True
2025-05-30,4200518,소돌해변,128.8237001059589,37.9072478711743,8,0,True
2025-05-30,4200002,소돌해변입구,128.81905535960837,37.90780434670355,0,1,True
2025-05-30,4200633,소양가든,128.91470984838725,37.70545388269156,1,0,True
2025-05-30,4200634,소양가든,128.91482886328737,37.70544797167058,1,0,True
2025-05-30,4200609,소재골길,128.92430261228944,37.73030112286398,,,False
2025-05-30,4200608,소재골길,128.9243373158486,37.73032246539831,,,False
2025-05-30,4200126,솔올공연장,128.87424793205705,37.763507530751156,257,9,True
2025-05-30,4200125,솔올공연장,128.87460623301726,37.76366952964576,13,117,True
2025-05-30,4200060,솔올중학교,128.8798722504925,37.77163504014371,40,6,True
2025-05-30,4200822,솔향수목원입구,128.8693376080556,37.70921581710481,4,1,True
2025-05-30,4200823,솔향수목원입구,128.86937194102438,37.70931046077696,1,0,True
2025-05-30,4201165,송담서원,128.92985457221653,37.6927197945936,2,0,True
2025-05-30,4200351,송림,128.82064394298325,37.85559369331711,,,False
2025-05-30,4200350,송림,128.8201619228096,37.85539548451919,,,False
2025-05-30,4200347,송림2리,128.81062888375345,37.853558399575036,3,0,True
2025-05-30,4200346,송림2리,128.8099436136846,37.853407423711076,,,False
2025-05-30,4200345,송림2리경로당,128.80789598964623,37.85203614474543,0,2,True
2025-05-30,4200344,송림2리경로당,128.807966000434,37.85197372236723,8,0,True
2025-05-30,4200510,송림길,128.8252555621319,37.855656749226185,,,False
2025-05-30,4200511,송림길,128.8248292251072,37.8557650289636,,,False
2025-05-30,4200372,송암,128.82637877635176,37.78089823387296,1,0,True
2025-05-30,4200374,송암리노인복지회관,128.8371281193178,37.78167045367396,,,False
2025-05-30,4200373,송암리노인복지회관,128.83714806452136,37.781611643083856,5,0,True
2025-05-30,4200560,송양초교,128.84779064633727,37.75738270190068,,,False
2025-05-30,4200559,송양초교,128.84774510140426,37.757348769268916,2,0,True
2025-05-30,4200274,송정노인회관,128.93141909498914,37.77512821569013,259,1,True
2025-05-30,4200272,송정동주민센터,128.92775106138072,37.77430053196711,111,7,True
2025-05-30,4200271,송정동주민센터,128.9281580126049,37.77420386430584,3,27,True
2025-05-30,4200052,송정래미안,128.93038982126572,37.78292573478735,10,11,True
2025-05-30,4200051,송정래미안,128.93021609974548,37.78282723196739,3,8,True
2025-05-30,4200273,송정신원아침도시,128.93190852770562,37.774810233413945,5,71,True
2025-05-30,4200275,송정한신아파트입구,128.93667614488956,37.77380916737768,0,24,True
2025-05-30,4200276,송정한신아파트입구,128.93668274097607,37.7740287226972,140,0,True
2025-05-30,4201386,송정한신아파트후문,128.93962441064605,37.773612640324636,102,1,True
2025-05-30,4200263,송정한신아파트후문,128.9386138022858,37.773558747641985,0,24,True
2025-05-30,4200280,송정해변,128.9381119893655,37.77768849372205,46,3,True
2025-05-30,4201265,송정해변,128.937243026154,37.779799396228796,24,0,True
2025-05-30,4201264,송정해변,128.93690998005923,37.77994173288209,0,4,True
2025-05-30,4200404,송천,128.64305128748416,37.832454612861596,,,False
2025-05-30,4200405,송천,128.64294987987037,37.832536995608294,0,1,True
2025-05-30,4200399,송천종점,128.63433752494774,37.82213931034025,,,False
2025-05-30,4200300,수협사거리,128.8314095884837,37.895774457125356,3,29,True
2025-05-30,4200190,수협사거리,128.83119347169236,37.89590191816579,81,7,True
2025-05-30,4200436,순긋해변,128.89252003394913,37.81667547893821,1,10,True
2025-05-30,4200437,순긋해변,128.89288352206873,37.81622289476459,10,1,True
2025-05-30,4201241,순두부마을,128.8929863409179,37.7864529101926,0,2,True
2025-05-30,4201240,순두부마을,128.89327386744634,37.786738816066666,4,0,True
2025-05-30,4200439,순포해변,128.8896479640838,37.81947984719446,,,False
2025-05-30,4200438,순포해변,128.8909555032514,37.81845994015455,1,0,True
2025-05-30,4200004,숲사랑홍보관,128.85126457297872,37.81878304910103,9,7,True
2025-05-30,4200828,신광사입구,128.85959135500886,37.70844237993537,,,False
2025-05-30,4200829,신광사입구,128.85953628339269,37.70852190735515,,,False
2025-05-30,4200279,신도브래뉴,128.93862914925478,37.77730338810464,0,40,True
2025-05-30,4202169,신라모노그램,128.92993128709296,37.78509796814699,,,False
2025-05-30,4202172,신라모노그램,128.92730314100064,37.78470637599459,,,False
2025-05-30,4202170,신라모노그램,128.92998485011893,37.785132389833336,,,False
2025-05-30,4202171,신라모노그램,128.92766337576,37.78423838201166,,,False
2025-05-30,4200068,신석,128.9222626638924,37.73522591649743,,,False
2025-05-30,4201244,신석,128.92220564964913,37.73521532481458,,,False
2025-05-30,4200570,신석입구,128.92112104933958,37.74060070408295,,,False
2025-05-30,4200571,신석입구,128.92121434678074,37.740633508275124,0,1,True
2025-05-30,4200605,신석종점,128.92550135841566,37.72411554187395,0,1,True
2025-05-30,4200604,신석종점,128.92548856169705,37.724168770541205,2,0,True
2025-05-30,4200610,신석회관,128.922128840552,37.73330388403426,2,0,True
2025-05-30,4200611,신석회관,128.92206674319968,37.733298030104976,,,False
2025-05-30,4200563,신암동산,128.856450486855,37.759838948235505,,,False
2025-05-30,4200564,신암동산,128.85644693333413,37.7598894548062,,,False
2025-05-30,4200252,신영극장,128.8961287589657,37.75448236011555,2875,2601,True
2025-05-30,4200395,신왕리,128.7909165521197,37.84823170892436,,,False
2025-05-30,4200396,신왕리,128.79081224615587,37.848255771655694,,,False
2025-05-30,4200393,신왕리마을회관,128.78881339413073,37.84406973819415,,,False
2025-05-30,4200394,신왕리마을회관,128.78872771686466,37.84404617250474,,,False
2025-05-30,4200392,신왕종점,128.77479795503757,37.82848497778013,,,False
2025-05-30,4200339,신왕초등학교,128.78962228209244,37.85282870829282,1,0,True
2025-05-30,4200178,신왕초등학교.소금강산체험학습장,128.7874843369829,37.85236789721056,1,2,True
2025-05-30,4200376,신평교,128.84751858457875,37.787025988717744,,,False
2025-05-30,4200375,신평교,128.8476422534893,37.786964946063456,,,False
2025-05-30,4200795,신화아파트,128.89739318948855,37.749293198227164,0,2,True
2025-05-30,4200796,신화아파트,128.8983309878122,37.7493513359141,,,False
2025-05-30,4201111,심곡,129.05072825701674,37.66496744031941,31,0,True
2025-05-30,4201110,심곡,129.05054407613815,37.66494664843006,0,3,True
2025-05-30,4200885,심불사입구,128.83994507873663,37.70295599504848,,,False
2025-05-30,4200884,심불사입구,128.84001194474018,37.70305298286866,,,False
2025-05-30,4201118,썬크루즈,129.0440946513368,37.6820368944123,2,2,True
2025-05-30,4201373,아래흐내,128.97754794808964,37.614630687418135,,,False
2025-05-30,4201372,아래흐내,128.9775173341677,37.61462843088557,,,False
2025-05-30,4201388,안고단,128.81682784184864,37.52450097063033,,,False
2025-05-30,4200865,안곡,128.82914470078177,37.745465477199204,2,0,True
2025-05-30,4200871,안곡약수터입구,128.8379137142218,37.73973940790299,,,False
2025-05-30,4200020,안곡약수터입구,128.8378468662133,37.73975627758666,2,0,True
2025-05-30,4200869,안국고개입구,128.83777031179514,37.74152814933456,,,False
2025-05-30,4200868,안국고개입구,128.8377139800973,37.741484552653596,,,False
2025-05-30,4201043,안목,128.94526892930932,37.77285146151794,338,1,True
2025-05-30,4200281,안목.강릉항,128.94934241574012,37.770520507065875,,,False
2025-05-30,4201040,안목.강릉항,128.94944155473152,37.77036079213364,,,False
2025-05-30,4201057,안목커피거리,128.94590416266868,37.77225695392567,25,0,True
2025-05-30,4201044,안목커피거리,128.94543559396536,37.77260342997581,78,291,True
2025-05-30,4200244,안목커피거리,128.94578809167245,37.77230230429985,9,52,True
2025-05-30,4201263,안목해변,128.94493768408068,37.774178194287636,22,0,True
2025-05-30,4201262,안목해변,128.9453268042541,37.77365094131008,0,15,True
2025-05-30,4200587,안소재길,128.84955884022355,37.563768804870946,,,False
2025-05-30,4200586,안소재길,128.84946322181048,37.56376109313163,,,False
2025-05-30,4201139,안인,128.98934561422945,37.734014720107886,29,0,True
2025-05-30,4201140,안인,128.98934458573052,37.73394318769602,0,11,True
2025-05-30,4200599,안인삼거리,128.98037760076,37.72789657042197,,,False
2025-05-30,4200598,안인삼거리,128.98042188065915,37.72782929827981,,,False
2025-05-30,4201148,안인화력발전소,128.97827596831831,37.72739115413768,20,0,True
2025-05-30,4201149,안인화력발전소,128.97827482863894,37.727294808983075,0,5,True
2025-05-30,4201001,암반욕체험장,128.8174715505199,37.72568745788923,,,False
2025-05-30,4201002,암반욕체험장,128.81756412801548,37.725703466430105,,,False
2025-05-30,4200528,앞무쇠골,128.7909149887738,37.735806871417466,,,False
2025-05-30,4200535,앞무쇠골,128.7907679545247,37.73580475645548,1,0,True
2025-05-30,4200187,양양고개,128.82805578782853,37.90002854060149,53,4,True
2025-05-30,4200188,양양고개,128.82822436017406,37.899998054568016,3,25,True
2025-05-30,4201243,양우내안애아파트,128.90225216607172,37.751490811466354,1,0,True
2025-05-30,4201245,양우내안애아파트,128.9018874469489,37.75145322200816,,,False
2025-05-30,4200201,양조장,128.8258300942643,37.881274388703744,262,27,True
2025-05-30,4201403,양지골,128.84419682263942,37.754675826474795,,,False
2025-05-30,4201404,양지골,128.8442384161847,37.75462833677575,1,0,True
2025-05-30,4201357,양지마을,129.0219835892014,37.61975733717636,1,0,True
2025-05-30,4201356,양지마을,129.02194175334466,37.619812201556556,,,False
2025-05-30,4201354,양지말상,129.02550426571582,37.620299361941775,,,False
2025-05-30,4201355,양지말상,129.02549637985018,37.62023673439294,,,False
2025-05-30,4200651,어단1리,128.89857868128925,37.69687081252176,1,0,True
2025-05-30,4200652,어단1리,128.89835375718442,37.69689880719406,,,False
2025-05-30,4200644,어단1리마을회관,128.90166199367852,37.69299424582564,,,False
2025-05-30,4200643,어단1리마을회관,128.90163121019464,37.69306524952247,2,0,True
2025-05-30,4200646,어단1리성황당,128.8998102046769,37.691407412019785,,,False
2025-05-30,4200645,어단1리성황당,128.8997465866069,37.69146948045897,2,1,True
2025-05-30,4200639,어단2리마을회관,128.91146885408946,37.6964376324294,5,2,True
2025-05-30,4200640,어단2리마을회관,128.91152104480037,37.696373262130535,,,False
2025-05-30,4200648,어단리.법왕사,128.89523586027252,37.689105321389235,1,0,True
2025-05-30,4200972,어흘리.굴면동,128.81242525863513,37.71968494003737,1,0,True
2025-05-30,4200966,어흘리.굴면동,128.81355554198663,37.72030372991263,,,False
2025-05-30,4201412,어흘리산림관광안내센터,128.79622345209006,37.720248969562334,3,1,True
2025-05-30,4201413,어흘리산림관광안내센터,128.79677626958596,37.720179974904156,0,2,True
2025-05-30,4201163,언별2리,128.93981173016869,37.70173122003391,,,False
2025-05-30,4201164,언별2리,128.93990494422928,37.70171510089973,6,0,True
2025-05-30,4200036,언별리,128.932462653647,37.69147304189006,1,0,True
2025-05-30,4201227,연곡면사무소,128.83749819485607,37.86001175022627,182,56,True
2025-05-30,4200212,연곡면사무소,128.83761397394952,37.85995465828368,113,135,True
2025-05-30,4200354,연곡면사무소,128.83726140830402,37.85982528703765,95,81,True
2025-05-30,4200355,연곡면사무소,128.8369030857598,37.8592954872826,2,0,True
2025-05-30,4200381,연곡소나무길,128.86219953750597,37.850074873961454,,,False
2025-05-30,4200509,연곡소나무길,128.8618386269624,37.85018703668437,0,2,True
2025-05-30,4200353,연곡초교,128.82814655157526,37.8569020930201,,,False
2025-05-30,4200352,연곡초교,128.82816906723454,37.856817110094816,1,1,True
2025-05-30,4200349,연곡취수장입구,128.8134029222452,37.854479588535305,0,1,True
2025-05-30,4200348,연곡취수장입구,128.81321638321742,37.85436534997662,2,0,True
2025-05-30,4200451,연곡해변,128.85309149153562,37.85745785808507,0,1,True
2025-05-30,4200450,연곡해변,128.8529783059013,37.85739414992972,2,0,True
2025-05-30,4200213,연곡해변입구,128.84130813848452,37.85462580337619,20,0,True
2025-05-30,4200214,연곡해변입구,128.84162112920617,37.854539181009365,2,18,True
2025-05-30,4200152,연변,128.83155522186766,37.80584297639379,0,1,True
2025-05-30,4200151,연변,128.83161739090895,37.80576988356887,10,0,True
2025-05-30,4200759,영동정미소,129.03644448557495,37.62779710955012,,,False
2025-05-30,4201341,영동정미소,129.0362624021505,37.62780024862322,,,False
2025-05-30,4200209,영진입구,128.83637261045655,37.87054167536418,33,22,True
2025-05-30,4201226,영진입구,128.83626865951734,37.87047570517143,30,21,True
2025-05-30,4201270,영진항,128.84778900128174,37.86736001237831,3,0,True
2025-05-30,4201269,영진항,128.8478764921571,37.86744935186811,0,4,True
2025-05-30,4201271,영진해변,128.84407553359966,37.870005012045354,18,4,True
2025-05-30,4201272,영진해변,128.84410671788726,37.87009887053988,1,4,True
2025-05-30,4200406,오대산휴게소,128.648222920777,37.83491560552007,,,False
2025-05-30,4200407,오대산휴게소,128.64806989287274,37.83498136245625,,,False
2025-05-30,4200816,오뚜기물류서비스,128.87782869819907,37.71615014292806,,,False
2025-05-30,4200815,오뚜기물류서비스,128.8777698382652,37.71622341645464,,,False
2025-05-30,4201078,오리동,129.01320871433214,37.68272714510743,17,1,True
2025-05-30,4201079,오리동,129.01320324945965,37.682803393955474,0,1,True
2025-05-30,4201058,오리들마을,128.93730145779827,37.744469925122935,2,0,True
2025-05-30,4201252,오리들마을,128.93739401500017,37.74438483019564,0,1,True
2025-05-30,4200536,오리진항,128.8317047746547,37.90064451287537,11,0,True
2025-05-30,4200527,오리진항,128.8317491433552,37.9007448060665,0,1,True
2025-05-30,4200961,오봉,128.8206361867679,37.70638660212798,,,False
2025-05-30,4200962,오봉,128.8205322494514,37.7062887289534,,,False
2025-05-30,4200964,오봉리,128.82222083699313,37.709588124281694,,,False
2025-05-30,4200963,오봉리,128.8222695914709,37.70939016181609,1,0,True
2025-05-30,4200053,오성학교,128.93312248716418,37.77978287851338,30,0,True
2025-05-30,4201428,오션시티아이파크,128.94156983542882,37.775150292669956,,,False
2025-05-30,4201427,오션시티아이파크,128.94172063887467,37.77534012183183,,,False
2025-05-30,4200239,오죽헌,128.88242080274284,37.78040719543912,71,45,True
2025-05-30,4200238,오죽헌,128.8827262588498,37.779841129260745,71,42,True
2025-05-30,4200092,오죽헌,128.8797380363922,37.77879711032111,15,0,True
2025-05-30,4200093,오죽헌,128.88009218006442,37.77900408798861,0,11,True
2025-05-30,4200769,오죽헌입구,128.8828973977968,37.77942746550242,5,2,True
2025-05-30,4201382,오죽헌입구,128.88300783523746,37.779420150144524,2,11,True
2025-05-30,4201097,옥계119안전센터,129.03045031861078,37.60261800571139,,,False
2025-05-30,4201098,옥계119안전센터,129.0299579795461,37.602418475944106,,,False
2025-05-30,4202042,옥계면사무소,129.03870359107486,37.61225376052538,8,0,True
2025-05-30,4202052,옥계면사무소,129.03863134955023,37.61234830848836,0,5,True
2025-05-30,4202092,옥계역,129.04915585739857,37.61793983643156,1,0,True
2025-05-30,4202082,옥계역,129.0492092887644,37.61767316323472,,,False
2025-05-30,4201368,옥계저수지,128.9806153158948,37.62190318324612,,,False
2025-05-30,4201367,옥계저수지,128.98049757084706,37.62195561397405,2,0,True
2025-05-30,4201366,옥계저수지,128.9806745254139,37.62197726022537,,,False
2025-05-30,4202032,옥계현내시장,129.03512810350702,37.608949806593664,27,24,True
2025-05-30,4202022,옥계현내시장,129.03523947374634,37.60889735545031,65,7,True
2025-05-30,4201285,옥골,129.0451011119314,37.58480257343729,1,0,True
2025-05-30,4200701,옥봉마을,128.89299808417252,37.703844690722654,,,False
2025-05-30,4200257,옥천119안전센터,128.90305174420297,37.761041080134646,66,40,True
2025-05-30,4200256,옥천119안전센터,128.9022376115818,37.76136928474395,5,11,True
2025-05-30,4201000,옥터가든,128.8137241133093,37.7280870855366,,,False
2025-05-30,4200999,옥터가든,128.81373332317625,37.728008981659464,1,0,True
2025-05-30,4201284,올밑,129.03979791391387,37.58885317796911,,,False
2025-05-30,4201363,옹기마을,129.00369924320785,37.616995401978194,1,0,True
2025-05-30,4201362,옹기마을,129.0036684835799,37.617059917346076,,,False
2025-05-30,4200897,왕산골,128.78735259066167,37.65458906689652,2,0,True
2025-05-30,4200896,왕산골,128.7872211119886,37.65448843873245,,,False
2025-05-30,4200468,왕산골한옥,128.79462643294355,37.66636911752362,,,False
2025-05-30,4200930,왕산구)종점,128.8604095757484,37.623711657099335,0,1,True
2025-05-30,4200929,왕산구)종점,128.8604892853729,37.62367273667524,2,0,True
2025-05-30,4200960,왕산대기교차로,128.80856548851528,37.68962515075815,,,False
2025-05-30,4200959,왕산대기교차로,128.80857307337496,37.68975019804283,,,False
2025-05-30,4200889,왕산리2반,128.80297738702234,37.675963955897956,1,0,True
2025-05-30,4200888,왕산리2반,128.80288061474792,37.67595542199383,,,False
2025-05-30,4200891,왕산리마을회관,128.79682095717135,37.67030353806043,,,False
2025-05-30,4200890,왕산리마을회관,128.79684011914176,37.670392794275685,0,1,True
2025-05-30,4200952,왕산면사무소앞,128.83831324436588,37.672144012562036,1,3,True
2025-05-30,4200951,왕산면사무소앞,128.83840731782888,37.6721688588501,10,0,True
2025-05-30,4200928,왕산사,128.8594660677207,37.61509686617323,2,0,True
2025-05-30,4200927,왕산사,128.85972406418662,37.614998007179736,1,0,True
2025-05-30,4200955,왕산사슴목장,128.82575088668412,37.681344715824196,,,False
2025-05-30,4200956,왕산사슴목장,128.82565717295802,37.68132318009433,,,False
2025-05-30,4200607,왜골안길,128.9242847541364,37.72773866042556,,,False
2025-05-30,4200606,왜골안길,128.92431613988109,37.72776258609913,1,0,True
2025-05-30,4201035,용강동,128.89127858305645,37.75423171492401,8,44,True
2025-05-30,4201036,용강동,128.89145488440622,37.7543870741593,53,4,True
2025-05-30,4200250,용강동서부시장,128.89174828581776,37.7556582744871,377,75,True
2025-05-30,4200249,용강동서부시장,128.89167287030088,37.75492247590215,227,510,True
2025-05-30,4200874,용봉자동차학원,128.83460209459432,37.72175943182151,,,False
2025-05-30,4200259,용지각,128.90537716328666,37.76184119439877,210,56,True
2025-05-30,4200258,용지각,128.90534669055177,37.76147384168322,101,136,True
2025-05-30,4201407,우미린아파트,128.87047584429433,37.757205866745004,1,0,True
2025-05-30,4200565,우미린아파트,128.87023572987053,37.75716460769394,22,57,True
2025-05-30,4200241,우성공업사,128.8881180126791,37.77538642162077,17,10,True
2025-05-30,4200520,우신아파트,128.8255393760297,37.87241785986445,11,1,True
2025-05-30,4200123,우편집중국,128.8733706824724,37.76051485370646,15,47,True
2025-05-30,4200124,우편집중국,128.87347187490323,37.76156496879712,206,16,True
2025-05-30,4200600,운산노인회관,128.93671028942424,37.732907768416084,,,False
2025-05-30,4200601,운산노인회관,128.93684858416998,37.73287788594293,,,False
2025-05-30,4200602,운산분교,128.93677350637265,37.730734508227286,3,0,True
2025-05-30,4200603,운산분교,128.93686556902622,37.730747600300575,,,False
2025-05-30,4200390,운양초교,128.85999131659992,37.833521248123965,2,0,True
2025-05-30,4202153,운양초등학교,128.8590953489884,37.83649095483332,4,0,True
2025-05-30,4200198,원마트,128.82575730347685,37.88826959645488,40,115,True
2025-05-30,4201050,원마트,128.9185145864492,37.76040631401962,0,1,True
2025-05-30,4201232,원마트,128.8255161831108,37.88764901879385,168,23,True
2025-05-30,4201049,원마트,128.91839757804996,37.76020248248705,2,0,True
2025-05-30,4200787,원예농협강남점,128.8968065666806,37.74246510458876,,,False
2025-05-30,4200788,원예농협강남점,128.89681243940322,37.742695820214294,2,0,True
2025-05-30,4201059,월호평동,128.94896909223806,37.74860767924179,1,0,True
2025-05-30,4200561,위촌1교,128.85248954070696,37.758669118271264,1,0,True
2025-05-30,4200562,위촌1교,128.85256313236903,37.758700268834,,,False
2025-05-30,4201401,위촌1리마을회관,128.8493169939177,37.752759763627935,1,1,True
2025-05-30,4201402,위촌1리마을회관,128.84922183855028,37.75276536684672,2,0,True
2025-05-30,4200557,위촌2리경로당,128.84459001673955,37.75958593352651,3,0,True
2025-05-30,4209994,위촌2리경로당,128.8446791622344,37.75971028072801,2,0,True
2025-05-30,4200558,위촌2리경로당,128.84480889532918,37.75954345559538,,,False
2025-05-30,4201408,위촌리,128.8362872937098,37.75958677922043,3,0,True
2025-05-30,4200556,위촌리,128.83630340406063,37.75966855469253,0,3,True
2025-05-30,4200870,윗회산,128.8624600126061,37.71152374867891,,,False
2025-05-30,4200064,윗회산,128.86237406495107,37.71154075190158,,,False
2025-05-30,4200331,유등.백운사입구,128.75900654206438,37.850462767351864,3,0,True
2025-05-30,4200332,유등.백운사입구,128.75795827699417,37.850487600912274,0,1,True
2025-05-30,4200680,유산동노인회관,128.90975279156388,37.73997249911831,0,1,True
2025-05-30,4200679,유산동노인회관,128.9098408904697,37.73999573125917,,,False
2025-05-30,4200677,유산민물장어,128.91188581173668,37.73590297036683,2,0,True
2025-05-30,4200678,유산민물장어,128.9117917615037,37.73586343058287,,,False
2025-05-30,4200555,유천동,128.86153738164376,37.766528036862,,,False
2025-05-30,4200479,유천행복주택,128.86570448042954,37.76159011454386,4,0,True
2025-05-30,4200039,유화아파트,128.91342886671308,37.785727014906996,51,0,True
2025-05-30,4200363,율곡중정문,128.88882882673292,37.76926965127901,,,False
2025-05-30,4200243,율곡중학교,128.89033943348878,37.77216892177817,38,15,True
2025-05-30,4200242,율곡중학교,128.89021344037266,37.771874448370795,48,20,True
2025-05-30,4200132,율곡초등학교,128.88221538693716,37.765100900268116,45,3,True
2025-05-30,4200770,은마아파트,128.89705025699647,37.747304327883974,3,1,True
2025-05-30,4200771,은마아파트,128.89677272965307,37.746541962257844,2,2,True
2025-05-30,4201313,음촌,128.99426321534403,37.590067749479466,,,False
2025-05-30,4201312,음촌,128.9943519708324,37.590218452220576,,,False
2025-05-30,4200269,이마트,128.92346774482266,37.772222356268564,31,63,True
2025-05-30,4200270,이마트,128.92290403192536,37.77218493598484,88,10,True
2025-05-30,4200246,이명사거리,128.89177153862124,37.764700407126554,72,99,True
2025-05-30,4200245,이명사거리,128.89157918705828,37.764565078717,276,35,True
2025-05-30,4200043,이화해변타운,128.91744670191798,37.78316591377611,33,0,True
2025-05-30,4201397,임경당입구,128.85065952125555,37.73971869052315,,,False
2025-05-30,4201398,임경당입구,128.85060665622572,37.73967510840446,,,False
2025-05-30,4200573,임곡,128.95981869884417,37.65381523982265,1,0,True
2025-05-30,4200584,임곡1리,128.97599759967915,37.693758829867754,1,0,True
2025-05-30,4200585,임곡1리,128.97590980007564,37.693767123079255,,,False
2025-05-30,4200583,임곡1리마을회관,128.97465402746607,37.69113733741365,,,False
2025-05-30,4200582,임곡1리마을회관,128.9747545332243,37.69109651601256,5,0,True
2025-05-30,4200575,임곡2리마을회관,128.96541432118602,37.66322091980088,,,False
2025-05-30,4200574,임곡2리마을회관,128.96548889686682,37.66318854424863,1,0,True
2025-05-30,4200578,임곡초등학교,128.970266319495,37.67657078197406,3,0,True
2025-05-30,4200579,임곡초등학교,128.97019094901066,37.676575911433936,,,False
2025-05-30,4200893,임내폭포,128.7939174576728,37.66377320023954,,,False
2025-05-30,4200892,임내폭포,128.79372069070962,37.66362299663701,0,1,True
2025-05-30,4200767,입암1주공아파트,128.90600846284408,37.75457671115239,8,10,True
2025-05-30,4200766,입암1주공아파트,128.90620017782277,37.75501242269486,35,8,True
2025-05-30,4201205,입암2.3주공,128.9161850255649,37.765072488547595,172,0,True
2025-05-30,4201206,입암2.3주공,128.9164847952377,37.764981798289845,0,36,True
2025-05-30,4201047,입암4주공아파트,128.91655461094618,37.76166752794127,18,0,True
2025-05-30,4201048,입암4주공아파트,128.9166989706064,37.761858842951916,1,3,True
2025-05-30,4200757,입암5주공아파트,128.91468852686768,37.759901363335864,97,3,True
2025-05-30,4200755,입암6주공아파트,128.91994172349143,37.75895755917794,8,29,True
2025-05-30,4200754,입암6주공아파트,128.9200510349674,37.759167158773394,144,2,True
2025-05-30,4201052,입암6주공오거리,128.91746262041485,37.758678282328006,0,21,True
2025-05-30,4201051,입암6주공오거리,128.91813149011642,37.75937340656549,23,0,True
2025-05-30,4200763,입암현대아파트,128.91229270015563,37.753112836072376,7,19,True
2025-05-30,4200762,입암현대아파트,128.91270364556544,37.753026994257695,66,2,True
2025-05-30,4200742,자루뫼.옹심이마을,128.93910155337016,37.76225882808405,44,2,True
2025-05-30,4200743,자루뫼.옹심이마을,128.93907508604704,37.76218611247613,2,9,True
2025-05-30,4200588,자원순환센터,128.9884350583326,37.69589916205473,2,0,True
2025-05-30,4200589,자원순환센터,128.98825794255524,37.6958847446048,,,False
2025-05-30,4200807,자조와리,128.87870578002008,37.72632672967291,3,0,True
2025-05-30,4200808,자조와리,128.8787893136159,37.726283262247435,2,1,True
2025-05-30,4200886,자포골,128.83086667060377,37.70702334781653,,,False
2025-05-30,4200196,작은다리,128.8261349428677,37.89101262248175,50,148,True
2025-05-30,4200197,작은다리,128.82583778093624,37.88994679111109,231,17,True
2025-05-30,4200454,작은다리사거리,128.82450182834083,37.890319810643184,0,6,True
2025-05-30,4201147,작은다리사거리,128.82430578974427,37.890298608665205,0,3,True
2025-05-30,4200793,잠수교,128.89948844495035,37.7500516781015,,,False
2025-05-30,4200794,잠수교,128.8998046277538,37.75006345498387,,,False
2025-05-30,4200462,장덕1리,128.79552757430156,37.87818242033292,0,1,True
2025-05-30,4200461,장덕1리,128.7955229122852,37.878113650066226,7,0,True
2025-05-30,4200458,장덕2리,128.77147712645024,37.883516051343115,0,3,True
2025-05-30,4200457,장덕2리,128.77149035836987,37.88343140927676,2,0,True
2025-05-30,4200460,장덕2리마을회관,128.77790630744494,37.87964207357677,0,2,True
2025-05-30,4200459,장덕2리마을회관,128.7777930908638,37.879609504906774,3,0,True
2025-05-30,4201034,장수탕,128.8873508979562,37.75226332684143,7,15,True
2025-05-30,4201033,장수탕,128.88740033590045,37.75217314835415,21,17,True
2025-05-30,4201151,장터마을,128.9723977075807,37.72307968130474,1,4,True
2025-05-30,4201150,장터마을,128.97235424591028,37.72315567930139,7,1,True
2025-05-30,4200116,적십자입구,128.88726321660565,37.757196360936135,21,20,True
2025-05-30,4200117,적십자입구,128.88647213220725,37.75676623567213,56,9,True
2025-05-30,4201125,정동교,129.0324614525895,37.688438171101524,26,0,True
2025-05-30,4201126,정동교,129.03237659003923,37.68846940398579,4,13,True
2025-05-30,4201127,정동진역,129.03224964663548,37.690253441678834,65,4,True
2025-05-30,4201128,정동진역,129.0319921573861,37.69035571739087,9,50,True
2025-05-30,4201123,정동초등학교,129.03393804786398,37.68800336105405,8,0,True
2025-05-30,4201124,정동초등학교,129.03365499665549,37.68789867201399,3,4,True
2025-05-30,4201119,정동해변,129.04025543414897,37.68609620523521,3,13,True
2025-05-30,4201120,정동해변,129.04018588407186,37.686033834572385,2,0,True
2025-05-30,4200833,제비1리마을회관,128.8620977553537,37.71966811408695,1,0,True
2025-05-30,4200832,제비1리마을회관,128.8621891338796,37.71968864008052,,,False
2025-05-30,4200826,제비리,128.85827155633717,37.70524685021708,1,0,True
2025-05-30,4200838,제비리정미소,128.85946417278979,37.72991051863758,2,0,True
2025-05-30,4200839,제비리정미소,128.8594036715264,37.72987082372568,,,False
2025-05-30,4200878,제비산북교차로,128.85195266618172,37.70260144877975,,,False
2025-05-30,4200879,제비산북교차로,128.85204215694216,37.702600950909385,,,False
2025-05-30,4200825,제비삼거리,128.8615088123862,37.70915992717116,,,False
2025-05-30,4200824,제비삼거리,128.8614786499892,37.70922991859699,,,False
2025-05-30,4200240,젤마을,128.887733025105,37.775438249928285,36,7,True
2025-05-30,4201116,조각공원,129.0419778617943,37.68142324301774,1,0,True
2025-05-30,4201117,조각공원,129.04194075670452,37.681301432273415,,,False
2025-05-30,4201409,조순생가,128.88832466397164,37.713711387376655,1,1,True
2025-05-30,4201423,조순생가,128.88844816983337,37.713682167259954,,,False
2025-05-30,4200432,종합경기장,128.89654249784542,37.771109941446205,43,2,True
2025-05-30,4200433,종합경기장,128.89677683645317,37.77125900731557,3,21,True
2025-05-30,4200544,종합경기장입구,128.89740621946726,37.770531883728914,5,0,True
2025-05-30,4200292,주공1차아파트,128.88256780330317,37.766843575404636,173,14,True
2025-05-30,4200133,주공1차아파트,128.88288690646792,37.76665665089728,23,42,True
2025-05-30,4200530,주공2차아파트,128.8850454710998,37.768615366200436,13,10,True
2025-05-30,4200566,주공2차아파트,128.88486622636958,37.76845428049225,4,0,True
2025-05-30,4200129,주공3차아파트,128.87933873663175,37.76410589188944,46,44,True
2025-05-30,4201378,주문10리,128.81057617544894,37.89757955797342,2,1,True
2025-05-30,4200027,주문10리,128.81049106440693,37.89755886763472,,,False
2025-05-30,4201377,주문10리종점,128.80246523281295,37.89335520402651,,,False
2025-05-30,4200189,주문2리,128.83046007450088,37.897540604441176,31,2,True
2025-05-30,4200299,주문2리,128.83067123183636,37.89750003400375,3,16,True
2025-05-30,4201278,주문진등대,128.83413482750083,37.898607108297156,1,0,True
2025-05-30,4201277,주문진등대,128.83402573057427,37.898641534767464,4,0,True
2025-05-30,4200452,주문진문화교육센터,128.82210321817664,37.88251990280632,,,False
2025-05-30,4200453,주문진문화교육센터,128.8216607096042,37.88251737897711,2,1,True
2025-05-30,4201276,주문진수산시장,128.82844614486706,37.89014411628092,0,25,True
2025-05-30,4201275,주문진수산시장,128.82825290581502,37.88995969444888,48,9,True
2025-05-30,4200200,주문진시외버스터미널,128.8253113527999,37.88508198031381,34,103,True
2025-05-30,4200448,주문진시외버스터미널,128.8255388895829,37.884201127994984,28,26,True
2025-05-30,4200305,주문진시외버스터미널,128.82509871282576,37.88458386690221,195,39,True
2025-05-30,4200202,주문진식자재마트,128.82596782269363,37.881485546216574,78,43,True
2025-05-30,4200029,주문진읍사무소,128.82486977710943,37.892686971435495,0,2,True
2025-05-30,4201393,주문진읍사무소,128.82369473290439,37.893285463228835,0,2,True
2025-05-30,4200971,주문진읍사무소,128.8246799183624,37.892745035212215,3,1,True
2025-05-30,4201391,주문진읍사무소,128.8238312459903,37.8934502421149,,,False
2025-05-30,4200308,주문진중.고등학교.강릉정보고,128.82672327638434,37.87982425913257,74,48,True
2025-05-30,4200204,주문진중학교,128.82690197641236,37.87887483229283,167,26,True
2025-05-30,4200532,주문진항,128.8290758047728,37.892766657375546,1,2,True
2025-05-30,4200195,주문진항입구,128.82690557497094,37.892668432750234,31,96,True
2025-05-30,4200194,주문진항입구,128.82670250148865,37.8926318795772,185,25,True
2025-05-30,4200181,주문진해변,128.81692175696733,37.90940788063508,63,3,True
2025-05-30,4200182,주문진해변,128.81704671925502,37.90944057885068,1,72,True
2025-05-30,4202062,주수1리,129.04484649940426,37.61466278284313,1,0,True
2025-05-30,4202072,주수1리,129.0445825275631,37.61484876921252,,,False
2025-05-30,4202102,주수2리,129.05347399898523,37.618026714837086,,,False
2025-05-30,4202112,주수2리,129.0534798781985,37.618295982570245,,,False
2025-05-30,4200752,중앙초교,128.9223833558042,37.757342016100644,116,3,True
2025-05-30,4200753,중앙초교,128.92202942311576,37.75730416097501,5,21,True
2025-05-30,4200229,즈므.과학단지,128.86079294239343,37.79710821329875,5,22,True
2025-05-30,4200138,즈므.과학단지,128.8604076986006,37.79746479759031,39,3,True
2025-05-30,4200378,즈므교,128.8504671545161,37.79077991715075,,,False
2025-05-30,4200377,즈므교,128.8503710096998,37.790650810639626,,,False
2025-05-30,4200083,지변동,128.87676045382563,37.771874023944235,2,3,True
2025-05-30,4201406,지암사입구,128.8326543984501,37.76849221810292,3,0,True
2025-05-30,4200412,진고개휴게소,128.65865259925027,37.84288643809636,4,0,True
2025-05-30,4200413,진고개휴게소,128.6587993033944,37.842974758114,,,False
2025-05-30,4200023,진골,128.863668793898,37.7068476306324,,,False
2025-05-30,4200284,진골,128.86337243060487,37.70683089545619,,,False
2025-05-30,4200044,차고지대기(미정차),128.93316603832002,37.76938974153612,2,0,True
2025-05-30,4200749,차돌광,128.92683577267843,37.75897194822883,0,2,True
2025-05-30,4200748,차돌광,128.92675717507132,37.75922428188879,5,1,True
2025-05-30,4200469,참샘,128.79799114449304,37.90957457625894,3,2,True
2025-05-30,4200638,천주교회,128.91475255178224,37.69917256372598,,,False
2025-05-30,4200637,천주교회,128.9146583268783,37.69918070112344,4,0,True
2025-05-30,4201070,철길건널목앞,128.9484470278131,37.73765389539244,4,0,True
2025-05-30,4201071,철길건널목앞,128.94850270661007,37.73757538406423,0,1,True
2025-05-30,4200219,청솔공원,128.84744835859598,37.832296445829655,9,2,True
2025-05-30,4200314,청솔공원,128.84780404863866,37.83218520189828,4,3,True
2025-05-30,4201234,초당분수공원,128.92421540479356,37.78614360918137,4,37,True
2025-05-30,4201233,초당분수공원,128.9221385517862,37.785996929695614,100,14,True
2025-05-30,4200617,초당순두부마을,128.91553146572582,37.791098464762065,3,17,True
2025-05-30,4200616,초당순두부마을,128.91545728509436,37.791144787216254,6,0,True
2025-05-30,4202175,큰방파제,128.83179865169402,37.89485760516111,,,False
2025-05-30,4200947,탑동교,128.84609145028975,37.66009383864923,3,0,True
2025-05-30,4200948,탑동교,128.84599983023696,37.66005118972853,0,1,True
2025-05-30,4200119,터미널오거리,128.88381140539954,37.755579088211434,121,14,True
2025-05-30,4200118,터미널오거리,128.8840640923818,37.75608209292866,38,66,True
2025-05-30,4200175,퇴곡,128.75248295369062,37.85110547320165,,,False
2025-05-30,4200174,퇴곡,128.75226108332112,37.851299039517386,,,False
2025-05-30,4200329,퇴곡1리경로당,128.74128473074444,37.849334595953835,10,0,True
2025-05-30,4200330,퇴곡1리경로당,128.7415928535256,37.84950756791581,0,3,True
2025-05-30,4200173,퇴곡2리,128.71633081209328,37.84807753595964,,,False
2025-05-30,4200032,퇴곡2리,128.71714904545294,37.84816614353958,1,0,True
2025-05-30,4200015,퇴곡2리마을회관,128.72561567385543,37.84863292575607,,,False
2025-05-30,4201200,파란바다지역아동센터,128.82465599155947,37.88451042268901,2,0,True
2025-05-30,4201146,파란바다지역아동센터,128.8248619925949,37.88456697851607,0,8,True
2025-05-30,4200529,판교2리마을회관,128.84660458171092,37.84287891189836,,,False
2025-05-30,4200391,판교리,128.86009464856716,37.83346652558502,,,False
2025-05-30,4200389,판교리,128.8629774027657,37.834258791663885,1,0,True
2025-05-30,4200733,평안의집,128.90510785537055,37.74063841474535,2,0,True
2025-05-30,4200734,평안의집,128.90504736881275,37.740698188102115,0,2,True
2025-05-30,4200921,평촌,128.84963218200156,37.552631723106046,,,False
2025-05-30,4200922,평촌,128.84954094616108,37.55267396579829,0,1,True
2025-05-30,4201236,포남2주공입구,128.91810027987142,37.77873395771816,3,28,True
2025-05-30,4201220,포남2주공입구,128.9179885478381,37.77901498558293,85,1,True
2025-05-30,4200318,포남시장,128.90766061502285,37.76392281820552,162,17,True
2025-05-30,4200084,풋살경기장옆,128.87680703199706,37.77165010517057,17,0,True
2025-05-30,4200806,프라자약국,128.87901214606964,37.728760157474696,1,1,True
2025-05-30,4200805,프라자약국,128.8789292364003,37.728699480498165,,,False
2025-05-30,4201091,피내,129.0067163489339,37.64587762691358,,,False
2025-05-30,4201090,피내,129.00674352158242,37.645808828332775,,,False
2025-05-30,4200359,하나로마트내곡점,128.88026417146904,37.7410809708167,157,7,True
2025-05-30,4200360,하나로마트내곡점,128.88016921110417,37.740597240336115,0,42,True
2025-05-30,4201315,하반암,128.98110553425494,37.584185619903295,,,False
2025-05-30,4201314,하반암,128.98089810223846,37.584168867911764,,,False
2025-05-30,4201132,하슬라아트월드,129.01185439171851,37.70733375846832,20,7,True
2025-05-30,4201131,하슬라아트월드,129.0118479436692,37.70752248078149,28,29,True
2025-05-30,4200110,하슬라중,128.90715554439282,37.77053362559672,142,17,True
2025-05-30,4200111,하슬라중,128.90761293140218,37.77043125987649,36,38,True
2025-05-30,4201063,하시동3리3반,128.96021404883618,37.74070043268972,0,1,True
2025-05-30,4201069,하시동3리3반,128.96017032919647,37.7406590489229,1,0,True
2025-05-30,4201065,하시동3리마을회관,128.95566357584553,37.73740461978908,,,False
2025-05-30,4200028,하시동3리마을회관,128.95568079152127,37.73745764026289,10,0,True
2025-05-30,4201182,하시동입구,128.94045988509035,37.73612720331248,1,0,True
2025-05-30,4201181,하시동입구,128.94066964706647,37.73622577281252,,,False
2025-05-30,4200131,하이빌현대아파트,128.8824547932286,37.764860822549025,18,14,True
2025-05-30,4200669,하이샤시,128.91728256074563,37.71407658570209,,,False
2025-05-30,4200670,하이샤시,128.91718137940222,37.71406745689133,,,False
2025-05-30,4200387,하평리,128.86670662673083,37.834355194382326,0,1,True
2025-05-30,4200386,하평리,128.86662078612576,37.834407329862614,,,False
2025-05-30,4200008,하평리,128.87213896973955,37.836286638716444,8,0,True
2025-05-30,4200228,학고개,128.8599242703853,37.80596957371411,14,0,True
2025-05-30,4200227,학고개,128.86104076560957,37.80452897124611,1,5,True
2025-05-30,4200718,학마을앞,128.88924569543022,37.716217165702425,,,False
2025-05-30,4200717,학마을앞,128.88924287497164,37.716130571204594,,,False
2025-05-30,4200720,학산1리,128.8893588713931,37.7158468763211,8,2,True
2025-05-30,4200697,학산1리,128.89410318195965,37.709756692977734,,,False
2025-05-30,4201424,학산1리,128.88951590870155,37.71580085246317,,,False
2025-05-30,4200703,학산2리,128.89237120059903,37.69808781147039,,,False
2025-05-30,4200709,학산2리마을회관,128.8886619883527,37.70619292326437,1,0,True
2025-05-30,4200710,학산2리마을회관,128.88859103012294,37.70624396434639,2,1,True
2025-05-30,4200657,학산3리마을회관,128.90349173805726,37.7044381914233,6,0,True
2025-05-30,4200658,학산3리마을회관,128.9032366866668,37.70451960385839,,,False
2025-05-30,4200664,학산기갑부대앞,128.9059307650165,37.71218874629587,,,False
2025-05-30,4200663,학산기갑부대앞,128.90587703156245,37.71210753958188,0,1,True
2025-05-30,4200695,학산둔지,128.89465764592643,37.71376560853827,,,False
2025-05-30,4200691,학산부대앞,128.9016572721052,37.71202064934549,,,False
2025-05-30,4200662,학산부대앞,128.90202642695186,37.711725950607516,2,1,True
2025-05-30,4200661,학산부대앞,128.9019476905442,37.7115824967992,,,False
2025-05-30,4200685,학산부대후문,128.90185937428248,37.71950094147702,,,False
2025-05-30,4200705,학산설래,128.89315390645208,37.69579111479832,,,False
2025-05-30,4200706,학산설래,128.8930578775653,37.69580131479523,14,1,True
2025-05-30,4200744,학우리,128.93367670500427,37.76075578732405,4,1,True
2025-05-30,4200157,한과마을,128.83514950759155,37.81456555427515,4,0,True
2025-05-30,4200158,한과마을,128.8351667630484,37.81469760511987,0,1,True
2025-05-30,4200251,한국은행,128.89406630781096,37.753485602290496,1298,438,True
2025-05-30,4200095,한국자산관리공사,128.90111921880606,37.75827929877246,138,50,True
2025-05-30,4200780,한국폴리텍대학,128.8886097800722,37.73837235643407,7,1,True
2025-05-30,4200567,한내들아파트,128.8681446784216,37.75790349269205,78,7,True
2025-05-30,4200568,한내들아파트,128.86810919243274,37.75812879141779,,,False
2025-05-30,4202132,한라시멘트,129.05801411879924,37.61804339970914,,,False
2025-05-30,4202122,한라시멘트,129.0576841685535,37.617825813670024,,,False
2025-05-30,4201096,한라아파트,129.0309268732134,37.598168202920746,1,0,True
2025-05-30,4200737,한라아파트,129.03082754941428,37.598166681025575,,,False
2025-05-30,4200231,한밭입구,128.86496052027113,37.791610745411326,1,7,True
2025-05-30,4200230,한밭입구,128.86424835021418,37.79176559208253,17,3,True
2025-05-30,4200641,한빛마을입구,128.9070507747374,37.69408474392719,9,0,True
2025-05-30,4200642,한빛마을입구,128.90709305020837,37.69401534995285,,,False
2025-05-30,4200290,한솔초교,128.91448068318238,37.77500059793141,9,18,True
2025-05-30,4200289,한솔초교,128.9142086436632,37.775058134113436,130,12,True
2025-05-30,4200091,한옥마을,128.877399547533,37.77711052551884,0,9,True
2025-05-30,4200090,한옥마을,128.8775249835254,37.777067812459386,13,0,True
2025-05-30,4201141,한전사택,128.98448942076186,37.73113028141804,9,0,True
2025-05-30,4201142,한전사택,128.9844997909205,37.731015358793705,0,1,True
2025-05-30,4200872,할머니추어탕,128.85042441394495,37.73470101792724,,,False
2025-05-30,4201399,항생골입구,128.84855527295463,37.74848089866381,,,False
2025-05-30,4201400,항생골입구,128.84848669485692,37.7484721037036,,,False
2025-05-30,4200056,해당화연립,128.9356053065312,37.7785328972295,2,31,True
2025-05-30,4200055,해당화연립,128.93501598562065,37.778964657496246,64,27,True
2025-05-30,4200144,해살이,128.81433946380196,37.79231712471411,,,False
2025-05-30,4200143,해살이,128.81431621857197,37.79226836473926,3,0,True
2025-05-30,4200554,해송삼거리,128.92513343525474,37.78843042396744,9,0,True
2025-05-30,4200553,해송삼거리,128.9252087534945,37.78824187943356,0,13,True
2025-05-30,4201349,해수리튬연구센터,129.04470822782702,37.636135770169766,,,False
2025-05-30,4201346,해수리튬연구센터,129.0451313882053,37.63512172396965,,,False
2025-05-30,4200539,해오름쉼터,128.8415292308554,37.871715916564284,1,2,True
2025-05-30,4200517,해오름쉼터,128.8414184387453,37.87167485028107,2,1,True
2025-05-30,4200283,해운정,128.8896806331549,37.78564440698094,0,1,True
2025-05-30,4200074,해운정,128.8896478172347,37.78577024652339,4,0,True
2025-05-30,4200659,해찬들,128.90171063124305,37.70707432471398,2,0,True
2025-05-30,4200660,해찬들,128.9016482334898,37.707080017547234,,,False
2025-05-30,4200746,핸들,128.93045204662351,37.75995348297138,1,0,True
2025-05-30,4200747,핸들,128.9303807394757,37.75966393792041,,,False
2025-05-30,4200341,행정,128.7939888659289,37.852922738954625,0,1,True
2025-05-30,4200340,행정,128.79244492389662,37.85304272496013,5,0,True
2025-05-30,4200333,행정2리,128.7667909122159,37.85086547031576,1,0,True
2025-05-30,4200334,행정2리,128.76721113927047,37.850915515839276,,,False
2025-05-30,4201384,행정2리마을회관,128.7837597224069,37.85121868121593,,,False
2025-05-30,4200338,행정2리마을회관,128.783920231759,37.85143615617747,0,2,True
2025-05-30,4200177,행정2리신촌마을,128.7785874984292,37.85062890818297,,,False
2025-05-30,4200176,행정2리신촌마을,128.77862819412928,37.85045242944766,1,0,True
2025-05-30,4200232,행정마을,128.8694510816438,37.7889272082235,39,3,True
2025-05-30,4200233,행정마을,128.8703519994515,37.78859256038236,5,15,True
2025-05-30,4202176,향호리,128.8104013560146,37.915168235805275,,,False
2025-05-30,4200473,향호리,128.81023394642006,37.915207861254615,67,27,True
2025-05-30,4202177,향호리,128.81064186477658,37.91536952760439,,,False
2025-05-30,4200180,향호리,128.81000074924998,37.91526938265188,,,False
2025-05-30,4200470,향호삼거리,128.8055443775983,37.91039955131909,,,False
2025-05-30,4200467,향호저수지,128.78868941134147,37.904053051022615,5,1,True
2025-05-30,4200466,향호회관,128.8035439820285,37.89964778843476,1,0,True
2025-05-30,4200371,허균.허난설헌기념공원,128.9099040371541,37.79022786972901,6,10,True
2025-05-30,4201259,허균.허난설헌기념공원,128.90952498226952,37.789422425132265,4,9,True
2025-05-30,4200370,허균.허난설헌기념공원,128.90979333997709,37.79017067397969,15,0,True
2025-05-30,4201258,허균.허난설헌기념공원,128.9098403915302,37.789953897145395,8,2,True
2025-05-30,4200041,허균생가입구,128.91292892790995,37.78786454215139,15,0,True
2025-05-30,4200647,허난설헌삼거리,128.91326614067623,37.792240418323686,24,14,True
2025-05-30,4200098,허난설헌삼거리,128.9131333359753,37.79177727582709,22,33,True
2025-05-30,4202012,현내1리연탄직매장,129.03280124237224,37.6062049238953,,,False
2025-05-30,4202002,현내1리연탄직매장,129.03293193002432,37.60609468782852,0,1,True
2025-05-30,4201309,현내교,129.02932870216884,37.60121947406311,,,False
2025-05-30,4201308,현내교,129.02929130812174,37.60128987598838,1,0,True
2025-05-30,4200034,현내리,129.03644185085787,37.61785851158642,,,False
2025-05-30,4200046,현내리,129.03655884799974,37.617883796095704,,,False
2025-05-30,4200130,현대2차아파트,128.87999435131803,37.764311243841746,208,16,True
2025-05-30,4200591,현대모비스,128.98854560129584,37.70748766417137,,,False
2025-05-30,4200590,현대모비스,128.98862075193523,37.70745325617163,,,False
2025-05-30,4201207,현대자동차서비스,128.9189460603978,37.76507644083287,0,5,True
2025-05-30,4200326,현덕사입구,128.71038523685135,37.84696339414248,2,0,True
2025-05-30,4200172,현덕사입구,128.7097155940442,37.84705089816417,,,False
2025-05-30,4200045,형제막국수,128.86624288991882,37.755124519467394,11,0,True
2025-05-30,4209992,형제막국수,128.8658104402118,37.755293592514285,0,1,True
2025-05-30,4200265,혜성연립,128.91575952067353,37.76841531999017,28,90,True
2025-05-30,4200266,혜성연립,128.9154402649905,37.76852760326643,194,18,True
2025-05-30,4201064,호장골,128.96090744086658,37.738133233851606,,,False
2025-05-30,4201068,호장골,128.96083159328956,37.73815121425806,1,0,True
2025-05-30,4201405,홈방골,128.83894035853254,37.753110338802365,2,0,True
2025-05-30,4201029,홍제I.C,128.87894077910576,37.74749468304007,4,13,True
2025-05-30,4201028,홍제I.C,128.8794230311205,37.7473811776377,20,3,True
2025-05-30,4201030,홍제동주민센터,128.88454291738702,37.74807153236862,15,52,True
2025-05-30,4200067,홍제동주민센터,128.8842229051066,37.747848454396006,135,18,True
2025-05-30,4200683,화신주방,128.90243322099724,37.721781731022375,,,False
2025-05-30,4200615,화실길,128.85175310347609,37.575351952404525,,,False
2025-05-30,4200614,화실길,128.85164256606296,37.57535230419804,,,False
2025-05-30,4201324,황기골,128.95704823893803,37.573480554142556,,,False
2025-05-30,4201325,황기골,128.9570289624241,37.57336816682693,,,False
2025-05-30,4200845,회산교,128.86893532851613,37.74168123777201,0,9,True
2025-05-30,4200844,회산교,128.86938257728545,37.741799533605175,20,1,True
2025-05-30,4200398,회산종점,128.8605464983993,37.731597103272264,11,4,True
2025-05-30,4200847,회산주공1단지,128.87955033053632,37.744879735537495,0,11,True
2025-05-30,4200846,회산주공1단지,128.87934233274848,37.74463886683866,51,2,True
2025-05-30,4200758,회산주공2단지,128.8755135006868,37.7435978056025,1,11,True
2025-05-30,4200062,회산주공2단지,128.87633822960112,37.74368399842067,63,0,True
2025-05-30,4201115,효도마을,129.04503133124638,37.67430713535879,,,False
2025-05-30,4201114,효도마을,129.04512985205253,37.674325626528194,,,False
2025-05-30,4201293,흑시골,129.02374105990518,37.577665442657434,,,False
2025-05-30,4201292,흑시골,129.023679012477,37.57773843891508,,,False
2025-05-31,4201421,(구)월호평동사무소,128.93612294474602,37.73542207247549,,,False
2025-05-31,4200106,KT,128.91181164590185,37.77275858732733,433,16,True
2025-05-31,4200107,KT,128.9125052185983,37.77309475265464,70,110,True
2025-05-31,4200797,KTX공영주차장환승장,128.8967850727094,37.762190942376556,1,5,True
2025-05-31,4200547,e-편한세상아파트,128.895218937497,37.769600465674785,4,7,True
2025-05-31,4200546,e-편한세상아파트,128.89508217030252,37.76981271024109,37,7,True
2025-05-31,4200368,가둔지유적,128.882327030694,37.82527019767428,,,False
2025-05-31,4200369,가둔지유적,128.882153019297,37.82520493756786,,,False
2025-05-31,4200969,가마골,128.79478117549075,37.72231567644804,1,0,True
2025-05-31,4200533,가마골,128.79546755385968,37.722099902068294,,,False
2025-05-31,4201327,가사골,128.95364127595002,37.572947377645065,,,False
2025-05-31,4201326,가사골,128.95366508671376,37.57302501168563,,,False
2025-05-31,4201376,가작다리입구,128.8944549231389,37.76589747732919,2,1,True
2025-05-31,4201375,가작다리입구,128.8943546413669,37.766101443660936,7,0,True
2025-05-31,4200726,가축위생시험사업소,128.90125274168807,37.729547291652196,0,1,True
2025-05-31,4200725,가축위생시험사업소,128.90146946473587,37.729510021653965,2,0,True
2025-05-31,4200050,가톨릭관동대북문,128.8721246228799,37.73769671240302,31,1,True
2025-05-31,4200063,가톨릭관동대학교,128.87804152995903,37.738296118202754,319,91,True
2025-05-31,4200164,갈골한과,128.84368704633178,37.82462303691711,,,False
2025-05-31,4200163,갈골한과,128.84366180450007,37.82449975412136,,,False
2025-05-31,4200577,갈버든,128.96722169547306,37.666241797535086,,,False
2025-05-31,4200576,갈버든,128.9673126799485,37.66623695179046,,,False
2025-05-31,4200982,감나무민박,128.7987894816223,37.73785238030648,,,False
2025-05-31,4200981,감나무민박,128.79885844666603,37.737822198803215,,,False
2025-05-31,4200914,감자채종포마을,128.83346021183766,37.53338333057324,,,False
2025-05-31,4200915,감자채종포마을,128.8336264013535,37.53350667836036,,,False
2025-05-31,4200789,강남동주민센터,128.9049218912141,37.74425517651889,,,False
2025-05-31,4201177,강동면사무소,128.9546118972993,37.72728097155823,1,4,True
2025-05-31,4200005,강동무료주차장,129.03151265934136,37.688945395109045,2,0,True
2025-05-31,4200019,강동무료주차장,129.03136520192535,37.68890256497467,1,1,True
2025-05-31,4200016,강동종합복지회관,128.9534097899608,37.72765187744945,9,7,True
2025-05-31,4200026,강동종합복지회관,128.95225785335822,37.72821012800672,0,2,True
2025-05-31,4201178,강동하나로마트,128.95391314710383,37.72680705851969,,,False
2025-05-31,4200525,강동하나로마트,128.95401701690832,37.726761856774424,,,False
2025-05-31,4200542,강릉MBC,128.90392601394964,37.77039013888439,2,0,True
2025-05-31,4200058,강릉경찰서,128.906855517511,37.76775326359568,4,26,True
2025-05-31,4200057,강릉경찰서,128.90688706685629,37.768055768979885,82,14,True
2025-05-31,4200287,강릉고등학교,128.91470458416677,37.788540253578724,96,0,True
2025-05-31,4200101,강릉고입구,128.92013482012848,37.783607089094346,129,5,True
2025-05-31,4200102,강릉고입구,128.92044843215433,37.78352944320342,20,63,True
2025-05-31,4200048,강릉고정문,128.91587216477294,37.7875280017598,5,2,True
2025-05-31,4200047,강릉고정문,128.91550078840652,37.78828834947499,6,94,True
2025-05-31,4200112,강릉관광개발공사,128.9085231695166,37.76800046518587,21,2,True
2025-05-31,4200113,강릉관광개발공사,128.90865897771857,37.76820323697218,15,24,True
2025-05-31,4201024,강릉교도소,128.86643612221636,37.745817949506176,6,0,True
2025-05-31,4201023,강릉교도소,128.8655195073396,37.7459157793766,0,4,True
2025-05-31,4200430,강릉국민체육센터,128.89711747432256,37.77640154864734,4,6,True
2025-05-31,4200431,강릉국민체육센터,128.8964868887264,37.776906315186,14,0,True
2025-05-31,4200881,강릉기도원입구,128.8490436050476,37.69867520520206,,,False
2025-05-31,4200880,강릉기도원입구,128.84913047105903,37.69875658463013,,,False
2025-05-31,4201257,강릉녹색도시체험센터,128.90662264590688,37.78655657001431,22,4,True
2025-05-31,4201256,강릉녹색도시체험센터,128.90742209068117,37.786856581754364,13,15,True
2025-05-31,4201038,강릉농협중앙지점,128.90002047054392,37.7602043259228,22,10,True
2025-05-31,4201039,강릉농협중앙지점,128.8996914930678,37.76005119983009,11,12,True
2025-05-31,4200852,강릉대도호부관아,128.8916610029413,37.75117323796815,31,49,True
2025-05-31,4200853,강릉대도호부관아,128.89234522879923,37.75163825691615,45,70,True
2025-05-31,4200146,강릉면허시험장,128.81937813512624,37.79573671702786,0,1,True
2025-05-31,4200145,강릉면허시험장,128.81940419285692,37.79563172548221,,,False
2025-05-31,4200122,강릉문화원,128.8740921031382,37.75789663608161,5,34,True
2025-05-31,4201136,강릉바다내음캠핑장,129.00390469104653,37.71858688540818,0,2,True
2025-05-31,4201135,강릉바다내음캠핑장,129.0043696849979,37.7181216327924,,,False
2025-05-31,4200400,강릉복합복지체육센터,128.87000704257403,37.762859214055275,11,0,True
2025-05-31,4200401,강릉복합복지체육센터,128.87017698555522,37.76290354322161,2,13,True
2025-05-31,4200291,강릉소방서,128.87109869210374,37.758191496775595,5,10,True
2025-05-31,4200548,강릉소방서,128.87119323619314,37.7580009949989,171,7,True
2025-05-31,4200009,강릉솔향수목원,128.86668479243338,37.701851797491,,,False
2025-05-31,4201144,강릉승마장,128.9814636223547,37.728585253094074,,,False
2025-05-31,4201143,강릉승마장,128.98140559088012,37.728642395571235,,,False
2025-05-31,4200120,강릉시외.고속터미널,128.8792265208128,37.75505492071011,170,314,True
2025-05-31,4200121,강릉시외.고속터미널,128.87911620808939,37.75486594086855,993,136,True
2025-05-31,4201027,강릉시청,128.8780384572547,37.75085435055292,,,False
2025-05-31,4200750,강릉시청앞,128.88013307678156,37.753651204654936,,,False
2025-05-31,4201237,강릉아산병원(강릉방면),128.8575951802683,37.81786664293397,6,0,True
2025-05-31,4200446,강릉아산병원(주문진방면),128.8575142394361,37.817740516347506,3,6,True
2025-05-31,4200317,강릉아산병원.강릉약국,128.856152685967,37.816231407654854,95,8,True
2025-05-31,4200418,강릉아산병원.강릉약국,128.8564121349402,37.81631278949057,25,46,True
2025-05-31,4200612,강릉아이스아레나,128.89502259832767,37.78025795268572,11,3,True
2025-05-31,4200006,강릉아이스아레나,128.89519306784848,37.78029319605429,6,8,True
2025-05-31,4200094,강릉여고,128.90248424479844,37.75904463050879,190,136,True
2025-05-31,4201203,강릉여고정문,128.90560348975578,37.75872376948264,2,0,True
2025-05-31,4201202,강릉여고정문,128.90529773129947,37.759257611132256,,,False
2025-05-31,4200721,강릉역,128.8992580056024,37.76416330670135,910,244,True
2025-05-31,4200293,강릉역건너편,128.8990669694857,37.76400772021464,270,142,True
2025-05-31,4200624,강릉역공영주차장,128.89773544865136,37.76439168846434,2,0,True
2025-05-31,4200625,강릉역공영주차장,128.89784270199107,37.76437149155158,2,0,True
2025-05-31,4200319,강릉역육거리,128.90168116661832,37.76358515067785,18,10,True
2025-05-31,4200320,강릉역육거리,128.9015605860337,37.763796951176055,57,15,True
2025-05-31,4201022,강릉영동대학,128.8591288923703,37.74495955027462,0,28,True
2025-05-31,4201021,강릉영동대학,128.85922425091306,37.74487059276654,95,2,True
2025-05-31,4200850,강릉의료원,128.88880799404643,37.748819708567,20,14,True
2025-05-31,4200851,강릉의료원,128.89091430945297,37.74975576653371,37,61,True
2025-05-31,4200650,강릉자동차극장,128.89662514456037,37.69318993028765,,,False
2025-05-31,4200649,강릉자동차극장,128.89682798746503,37.69309290590324,2,0,True
2025-05-31,4200033,강릉전파관리소,128.83186726371997,37.85836861510729,,,False
2025-05-31,4200035,강릉전파관리소,128.83226068928573,37.85830420673383,,,False
2025-05-31,4200247,강릉제일고,128.8918779735197,37.759537356247826,57,67,True
2025-05-31,4200248,강릉제일고,128.89200478710157,37.759050283679514,79,45,True
2025-05-31,4200761,강릉중앙고,128.912160218414,37.75937561358479,2,2,True
2025-05-31,4200760,강릉중앙고,128.9128964493442,37.75959593531339,8,2,True
2025-05-31,4201197,강릉중입구,128.9042740269736,37.752586182446684,61,3,True
2025-05-31,4201196,강릉중입구,128.90469921141985,37.752586496675974,2,12,True
2025-05-31,4200321,강릉축산농협,128.9049229187372,37.76619229629584,3,14,True
2025-05-31,4201138,강릉통일공원,128.99659850067323,37.72434136600358,2,0,True
2025-05-31,4201137,강릉통일공원,128.99670944982654,37.7243539137021,,,False
2025-05-31,4209998,강문해변,128.91631032849583,37.79540813828357,10,4,True
2025-05-31,4200613,강문해변,128.91641678869786,37.79529298920251,57,54,True
2025-05-31,4201261,강문해변입구,128.9152492720649,37.794762154181576,37,165,True
2025-05-31,4201260,강문해변입구,128.91519487645675,37.79459950672752,110,7,True
2025-05-31,4200356,강원대학교,128.87391738137654,37.77033026766949,76,9,True
2025-05-31,4201041,강원대학교입구,128.87514521071003,37.77009542292022,13,6,True
2025-05-31,4201042,강원대학교입구,128.87494102107277,37.7696221436885,13,2,True
2025-05-31,4200085,강원대학교입구,128.874129341808,37.77078800232456,,,False
2025-05-31,4209996,강원대학교치과대학병원,128.86960214597158,37.764020747480245,,,False
2025-05-31,4209995,강원대학교치과대학병원,128.86959763767547,37.76381436688745,,,False
2025-05-31,4200086,강원대학교후문,128.8748802531449,37.77322772576275,2,13,True
2025-05-31,4200087,강원대학교후문,128.87498639848286,37.77315204059329,54,0,True
2025-05-31,4200059,강원도교육연수원,128.9180532877992,37.78499697853126,,,False
2025-05-31,4200100,강원도교육연수원,128.91813970318609,37.785074864473685,0,36,True
2025-05-31,4200205,강원도립대,128.82840415011668,37.87652579934979,154,21,True
2025-05-31,4200206,강원도립대,128.8283096996467,37.87693859362977,45,58,True
2025-05-31,4200836,강원예술고교,128.8616868324728,37.72543906074348,,,False
2025-05-31,4200837,강원예술고교,128.86150617422848,37.725488347649346,,,False
2025-05-31,4200081,강일여고정문,128.88831689919587,37.76415997041872,0,3,True
2025-05-31,4200082,강일여고정문,128.8875516595327,37.76393626119314,,,False
2025-05-31,4200840,강일운수(회산한신더휴아파트),128.8635961632995,37.73687831617277,55,0,True
2025-05-31,4200841,강일운수(회산한신더휴아파트),128.86326996430768,37.736857601908014,0,2,True
2025-05-31,4200834,개화대,128.8608572684192,37.723176690790936,4,0,True
2025-05-31,4200835,개화대,128.8607659459164,37.72312828112019,1,0,True
2025-05-31,4200899,검뎅이골위,128.78664108542844,37.649625029205744,,,False
2025-05-31,4200898,검뎅이골위,128.78655586032616,37.64966319680761,,,False
2025-05-31,4200522,게스트하우스거리,128.8339253329715,37.896167167389095,0,5,True
2025-05-31,4200531,게스트하우스거리,128.83380690814315,37.89613511363595,5,1,True
2025-05-31,4200103,경포고교,128.9190546436117,37.78057981084284,6,16,True
2025-05-31,4200288,경포고교,128.91881546540267,37.78075927662396,101,9,True
2025-05-31,4200073,경포대.참소리박물관,128.89723222843386,37.79547838966498,0,7,True
2025-05-31,4200072,경포대.참소리박물관,128.89706080745114,37.7955214111198,24,3,True
2025-05-31,4200077,경포동주민센터,128.88052383810168,37.78412865726848,2,2,True
2025-05-31,4200078,경포동주민센터,128.8806150484207,37.78405330055861,0,2,True
2025-05-31,4200061,경포중학교,128.90033514931517,37.74283267675838,,,False
2025-05-31,4200618,경포중학교,128.90069076576023,37.743138298255545,,,False
2025-05-31,4200080,경포초등학교,128.87893593974582,37.76974854746925,93,5,True
2025-05-31,4201242,경포해변,128.9052529004403,37.80440358093674,353,334,True
2025-05-31,4200323,경포해변,128.90582022350918,37.80466237027648,16,15,True
2025-05-31,4201420,경포해변(종점),128.9052815401602,37.80443707912235,,,False
2025-05-31,4200071,경포현대아파트,128.90335968993816,37.80120612421906,0,14,True
2025-05-31,4200070,경포현대아파트,128.90338270723402,37.80169652808461,45,2,True
2025-05-31,4201267,경포호,128.91154424859525,37.79966287216199,18,120,True
2025-05-31,4201266,경포호,128.91144337577538,37.79931158521169,78,14,True
2025-05-31,4200918,고단,128.84976344595395,37.5207024756447,,,False
2025-05-31,4201394,고단,128.84964328725079,37.520715172151846,,,False
2025-05-31,4201392,고단2.3리교차로,128.8353830314886,37.52461528706331,,,False
2025-05-31,4200917,고단2.3리교차로,128.8355935759617,37.52458832137048,,,False
2025-05-31,4200916,고단2.3리교차로,128.83542781016814,37.524465083382744,3,0,True
2025-05-31,4202165,고단3리,128.81638819970956,37.540155755487774,,,False
2025-05-31,4202166,고단3리,128.81639746865173,37.540229174022585,,,False
2025-05-31,4201396,고단경로당,128.83061361145448,37.52560229950637,,,False
2025-05-31,4201395,고단경로당,128.83055880947413,37.52554334571904,,,False
2025-05-31,4201390,고단보건소,128.84167794386417,37.52176894228016,,,False
2025-05-31,4201389,고단보건소,128.84161540861714,37.52185303156361,,,False
2025-05-31,4200115,고용센터,128.8890663454416,37.75714942132559,63,80,True
2025-05-31,4200114,고용센터,128.88893105798073,37.75744085258255,42,29,True
2025-05-31,4201113,곰두리연수원,129.04780833020064,37.667941690344094,,,False
2025-05-31,4201112,곰두리연수원,129.04789745395954,37.66792061520934,2,0,True
2025-05-31,4200153,공군부대앞,128.9401442605218,37.74622686326912,,,False
2025-05-31,4201061,공군부대앞,128.94003300356817,37.746317953634374,1,0,True
2025-05-31,4201186,공군부대입구,128.93000750087512,37.7400489172058,0,1,True
2025-05-31,4201187,공군부대입구,128.93007021980833,37.739837207659924,0,2,True
2025-05-31,4201062,공군부대후문,128.95917736919824,37.74910624884217,7,0,True
2025-05-31,4201209,공단,128.92205416940635,37.765196014305694,19,0,True
2025-05-31,4200191,공단,128.92224127533925,37.765245144772656,1,4,True
2025-05-31,4201025,공제마을,128.87156333276334,37.74608024312632,4,0,True
2025-05-31,4201026,공제마을,128.87155618347816,37.74635646052236,2,3,True
2025-05-31,4200379,과학교차로,128.85431089568786,37.79406859939951,,,False
2025-05-31,4200380,과학교차로,128.85488574683825,37.79412119394899,,,False
2025-05-31,4202174,관동중학교,128.88185544452548,37.756909416385795,,,False
2025-05-31,4202173,관동중학교,128.88157113042865,37.75688715011548,,,False
2025-05-31,4201228,관솔길,128.86971281684745,37.739544628947385,17,0,True
2025-05-31,4201229,관솔길,128.86962790539826,37.73951707468259,3,0,True
2025-05-31,4200860,관음1리,128.82994944568443,37.72835720885695,,,False
2025-05-31,4200863,관음1리,128.81811453963772,37.738720613334934,2,0,True
2025-05-31,4200861,관음1리노인회관,128.82663819526005,37.73031764277183,,,False
2025-05-31,4200569,교2동주민센터,128.8921038226677,37.76840335678918,60,51,True
2025-05-31,4202155,교동하늘채스카이파크,128.90139949657416,37.77044271657007,,,False
2025-05-31,4201221,교동하늘채스카이파크,128.90200271905258,37.770481553669924,3,3,True
2025-05-31,4200622,교동한신아파트,128.90061649844188,37.76762859683901,7,0,True
2025-05-31,4200623,교동한신아파트,128.90062829229592,37.76751299917391,2,0,True
2025-05-31,4200253,교보생명,128.89811415297848,37.756002485379526,3065,1996,True
2025-05-31,4201224,교통안전교육장,128.94081916548228,37.76277976059592,0,5,True
2025-05-31,4201225,교통안전교육장,128.94086858039023,37.762907619978066,10,0,True
2025-05-31,4200465,교항2리금용교,128.81051132966252,37.87794196218265,,,False
2025-05-31,4200464,교향2리금용교,128.81059960534566,37.877872107197874,1,0,True
2025-05-31,4200264,구)동해상사,128.91165113985977,37.76683747950902,149,24,True
2025-05-31,4200217,구라미,128.8421871924033,37.84071328241807,3,5,True
2025-05-31,4200216,구라미,128.84187680750063,37.84088026429458,14,0,True
2025-05-31,4200215,구라미휴게소,128.8412803433516,37.845869087009575,3,1,True
2025-05-31,4200312,구라미휴게소,128.84078612253998,37.84523742281921,3,2,True
2025-05-31,4200128,구름다리,128.87743298775584,37.764682397677966,443,26,True
2025-05-31,4200127,구름다리,128.87654770197503,37.764512872809554,32,166,True
2025-05-31,4200820,구정마을회관,128.87139646095704,37.71008533483099,4,0,True
2025-05-31,4200821,구정마을회관,128.87144937425245,37.71002947764621,9,0,True
2025-05-31,4200814,구정면사무소,128.88002787863965,37.71794143004597,2,0,True
2025-05-31,4200813,구정면사무소,128.87999133744066,37.71800809783438,1,1,True
2025-05-31,4200812,구정보건지소,128.88246310473926,37.72030864287925,1,0,True
2025-05-31,4201422,구정옥봉길,128.8928182495002,37.70145893549343,,,False
2025-05-31,4200811,구정자율방범대,128.88237819871995,37.72033853165244,1,1,True
2025-05-31,4200315,구터미널,128.8988430353628,37.76163002626936,71,24,True
2025-05-31,4200619,국립수산물품질관리원,128.82606517101954,37.891507384213114,70,4,True
2025-05-31,4200711,굴산사입구,128.88905996426578,37.70832144703753,,,False
2025-05-31,4200699,굴산사지,128.89328371501892,37.70698044216881,,,False
2025-05-31,4201251,궁궁동,128.7299683412454,37.880375202506656,,,False
2025-05-31,4200417,궁궁소,128.67164304000795,37.843611675479615,,,False
2025-05-31,4200681,금강사입구,128.90287627896166,37.72624677465358,0,1,True
2025-05-31,4200682,금강사입구,128.90297134006664,37.726211833119876,3,0,True
2025-05-31,4200628,금광1리마을회관,128.91600348378523,37.70952097409381,,,False
2025-05-31,4201385,금광1리마을회관,128.91594038830377,37.70955296171714,,,False
2025-05-31,4200667,금광교회입구,128.91743884657853,37.711688785639396,2,0,True
2025-05-31,4200668,금광교회입구,128.91734376603898,37.7117034048731,,,False
2025-05-31,4200635,금광리1반,128.9143131847074,37.70220671426674,1,0,True
2025-05-31,4200636,금광리1반,128.91440542620646,37.702215446502585,,,False
2025-05-31,4200672,금광리성황당,128.91735327783445,37.717909805835454,,,False
2025-05-31,4200671,금광리성황당,128.9174498206258,37.717903115802514,2,0,True
2025-05-31,4200665,금광삼거리,128.91515459286336,37.70904726058568,3,0,True
2025-05-31,4200666,금광삼거리,128.91521668110562,37.70911511431863,,,False
2025-05-31,4200632,금광정미소,128.9154068776427,37.70823176641904,,,False
2025-05-31,4200631,금광정미소,128.91530343519958,37.70823344476309,1,1,True
2025-05-31,4201018,금산,128.85573010993187,37.74018242418162,,,False
2025-05-31,4201017,금산,128.8558273611666,37.7401726731367,2,0,True
2025-05-31,4200858,금산1리경로당,128.83882591103156,37.7302092460205,1,0,True
2025-05-31,4201014,금산2리,128.8489374376084,37.736639355017815,0,3,True
2025-05-31,4201013,금산2리,128.84906667066036,37.736625360708075,20,0,True
2025-05-31,4201012,금산남밭,128.8447607772083,37.73146258389618,0,1,True
2025-05-31,4200862,금산남밭,128.84482898011785,37.73142005932311,5,0,True
2025-05-31,4201020,금산입구,128.8576797637003,37.74318792289404,,,False
2025-05-31,4201019,금산입구,128.85784327525297,37.7432987440744,,,False
2025-05-31,4201016,금산장수마을,128.85163955991283,37.738245657769,0,1,True
2025-05-31,4201015,금산장수마을,128.85168575797542,37.73818340581975,5,0,True
2025-05-31,4201344,금진2리마을회관,129.0433695932886,37.64179516691084,0,1,True
2025-05-31,4201345,금진2리마을회관,129.04327917048357,37.641779891088895,3,0,True
2025-05-31,4201342,금진초교,129.04347549729948,37.63336468757593,,,False
2025-05-31,4201343,금진초교,129.04343902328037,37.63345845978064,,,False
2025-05-31,4201108,금진항,129.05240741359285,37.652884325935844,3,0,True
2025-05-31,4201109,금진항,129.05231089842698,37.65294332211634,,,False
2025-05-31,4201347,금진해변,129.04374932629693,37.63904067736818,,,False
2025-05-31,4201348,금진해변,129.04365646301486,37.63903832962265,3,0,True
2025-05-31,4201107,금진해양파출소,129.04894882127985,37.652089382747484,,,False
2025-05-31,4200017,금진해양파출소,129.04913775965355,37.65213019488429,5,0,True
2025-05-31,4201053,금호어울림,128.9156520837289,37.754995794611034,48,2,True
2025-05-31,4201054,금호어울림,128.91590296498018,37.75518531900659,0,7,True
2025-05-31,4200025,금호어울림정문,128.9194883208178,37.754726898441014,,,False
2025-05-31,4200751,금호어울림정문,128.91957971290998,37.754473371718376,,,False
2025-05-31,4200988,기도원삼거리,128.7947703606971,37.75829009149865,2,0,True
2025-05-31,4200989,기도원삼거리,128.79494112774387,37.75822759306287,,,False
2025-05-31,4200801,기산아파트,128.8795888615329,37.73406712685544,,,False
2025-05-31,4200802,기산아파트,128.87993356966643,37.73422591779592,4,0,True
2025-05-31,4201371,기스목이골,128.9690415480403,37.6284779460996,,,False
2025-05-31,4200024,까치골,129.02541919838254,37.69553819595472,0,1,True
2025-05-31,4201185,까치골,129.02590617324884,37.695440046965246,,,False
2025-05-31,4201351,낙풍1리경로당,129.0340430096228,37.620207611399294,,,False
2025-05-31,4201350,낙풍1리경로당,129.034020875236,37.62025949844816,,,False
2025-05-31,4201339,낙풍교,129.03403331310147,37.625467245037875,,,False
2025-05-31,4201340,낙풍교,129.03370052447866,37.6252600803972,,,False
2025-05-31,4201095,낙풍리입구,129.03490564391961,37.623384805058976,13,0,True
2025-05-31,4201094,낙풍리입구,129.03474260887603,37.62332181243499,0,1,True
2025-05-31,4200654,남강릉IC입구,128.9004512852528,37.70007553036854,,,False
2025-05-31,4200653,남강릉IC입구,128.90059387366637,37.69980820493369,1,1,True
2025-05-31,4200049,남강초교,128.91338089940805,37.76735161096919,58,92,True
2025-05-31,4201198,남대천.강릉교,128.9010015999516,37.75454267936518,46,296,True
2025-05-31,4201199,남대천.강릉교,128.9010687000649,37.75417893755025,649,55,True
2025-05-31,4200021,남밭,128.84058789182106,37.72883964188799,,,False
2025-05-31,4201379,남밭,128.84064951853864,37.72871037302059,5,0,True
2025-05-31,4200873,남밭,128.8415299784495,37.72906449025603,,,False
2025-05-31,4201011,남밭,128.84079334848028,37.72889804215958,1,2,True
2025-05-31,4202167,남부노인종합복지관,128.91383118471262,37.752564379737024,,,False
2025-05-31,4202168,남부노인종합복지관,128.91401073487134,37.753047049518,,,False
2025-05-31,4200781,남산삼익아파트,128.8901808969545,37.74229155338584,,,False
2025-05-31,4200782,남산삼익아파트,128.89009058765018,37.74235973416757,,,False
2025-05-31,4200798,남산입구,128.8920065213286,37.747695999509396,,,False
2025-05-31,4200783,남산초교,128.8913405517673,37.744206285908824,11,1,True
2025-05-31,4200784,남산초교,128.89124028586525,37.74425071826271,0,3,True
2025-05-31,4200785,남산현대아파트,128.89462531897348,37.74186237968639,5,0,True
2025-05-31,4200786,남산현대아파트,128.89442793639103,37.74202687203957,0,1,True
2025-05-31,4201289,남양1리경로당,129.03162816015924,37.582429974327795,4,0,True
2025-05-31,4201288,남양1리경로당,129.03154436503664,37.58248287177823,0,1,True
2025-05-31,4201296,남양2리경로당,129.012950139964,37.56658372788056,,,False
2025-05-31,4201295,남양2리교,129.01486079643942,37.57192160373686,2,0,True
2025-05-31,4201294,남양2리교,129.01479874463647,37.571994595503725,,,False
2025-05-31,4200738,남양3리마을회관,129.03540040998968,37.59157285051617,,,False
2025-05-31,4201283,남양3리입구,129.03313884463265,37.593033115433954,,,False
2025-05-31,4201287,남양리옛경로당,129.03508624074675,37.582691373708194,0,1,True
2025-05-31,4200596,남양보건진료소,129.030003520806,37.581216311095346,,,False
2025-05-31,4200597,남양보건진료소,129.02994555182676,37.58125941742724,,,False
2025-05-31,4200741,남항진,128.95055410190812,37.76391565217945,0,8,True
2025-05-31,4200740,남항진,128.95041066307658,37.76404538789595,5,0,True
2025-05-31,4200739,남항진해변,128.95440005417075,37.764111085296946,71,21,True
2025-05-31,4200655,내곡과수원,128.901945977448,37.70187078093137,5,0,True
2025-05-31,4200656,내곡과수원,128.9017164423086,37.70199871134109,,,False
2025-05-31,4200066,내곡교,128.88659128664105,37.74625364038564,9,5,True
2025-05-31,4200001,내곡교,128.88717490623026,37.74653766880734,15,25,True
2025-05-31,4200357,내곡교,128.88814500034871,37.745625057468914,53,11,True
2025-05-31,4200800,내곡동주민센터,128.88065784045662,37.7384607745783,,,False
2025-05-31,4200799,내곡동주민센터,128.88038166245803,37.73840220332427,0,2,True
2025-05-31,4200366,내곡한라아파트,128.88110089995297,37.74513149140333,1,6,True
2025-05-31,4201208,내곡한라아파트,128.88109989979574,37.744994216797494,29,0,True
2025-05-31,4200848,내곡현대아파트,128.8834148503297,37.74546973753321,14,2,True
2025-05-31,4200849,내곡현대아파트,128.88327994384045,37.74557191636756,1,5,True
2025-05-31,4201286,너구리골,129.0453774808948,37.58278119535933,1,0,True
2025-05-31,4201381,너다리,128.85390220166778,37.83022805772032,0,1,True
2025-05-31,4200154,너다리,128.85384039907868,37.83030516388511,1,0,True
2025-05-31,4200147,노동3리,128.82566919932256,37.79922359821094,5,0,True
2025-05-31,4200148,노동3리,128.8256207085255,37.79927586550659,,,False
2025-05-31,4200149,노동리,128.82874179258144,37.80069747027654,3,0,True
2025-05-31,4200150,노동리,128.82882389300474,37.80095549884616,0,4,True
2025-05-31,4201416,노동상리경로당,128.8298366569875,37.803466498207534,,,False
2025-05-31,4201415,노동상리경로당,128.82974913139455,37.80349598363215,,,False
2025-05-31,4200161,노동하리.우리정미소,128.8414822247496,37.82225221697478,2,0,True
2025-05-31,4200162,노동하리.우리정미소,128.84138542146533,37.82227295047229,,,False
2025-05-31,4200159,노동회관,128.83796621765993,37.818138280477356,12,0,True
2025-05-31,4200160,노동회관,128.8379192525419,37.818202495776156,1,1,True
2025-05-31,4200773,노암대림아파트,128.89670020630172,37.7443968332287,8,0,True
2025-05-31,4200772,노암대림아파트,128.8964957795506,37.74447513098166,0,3,True
2025-05-31,4200790,노암한라아파트,128.9030338994368,37.744009473539954,4,0,True
2025-05-31,4201195,노암현대아파트,128.9064519321124,37.750397397899654,1,1,True
2025-05-31,4200756,녹원아파트,128.9163613451306,37.7599236396456,0,15,True
2025-05-31,4200156,농업기술센터,128.83374479432362,37.810623749433574,,,False
2025-05-31,4200155,농업기술센터,128.8338261188764,37.81060324304077,1,0,True
2025-05-31,4201105,농협주유소,129.03818611643504,37.61343914150935,,,False
2025-05-31,4200803,농협창고,128.87887127233301,37.73227146178355,,,False
2025-05-31,4200804,농협창고,128.87906447230628,37.732212820532425,,,False
2025-05-31,4201352,다리목,129.03192147742433,37.6205042855377,,,False
2025-05-31,4201353,다리목,129.03198761433356,37.62043300135372,,,False
2025-05-31,4200768,단오문화관,128.8967729024353,37.7481043414214,,,False
2025-05-31,4200901,닭목골,128.78595382346253,37.64781596633364,1,0,True
2025-05-31,4200900,닭목골,128.78583483882048,37.64776835827971,0,1,True
2025-05-31,4200687,담산1리,128.90238189653846,37.71752043471821,,,False
2025-05-31,4200689,담산2리,128.90107050248153,37.7152173518283,,,False
2025-05-31,4200693,대경상사앞,128.89804496237466,37.71104193868198,,,False
2025-05-31,4200968,대관령박물관,128.80478202234156,37.716950876906495,2,0,True
2025-05-31,4200967,대관령박물관,128.80456089771366,37.71714451138875,1,0,True
2025-05-31,4201414,대굴령목공소,128.7963265827597,37.72854223767263,,,False
2025-05-31,4200991,대궁산장,128.7956519785838,37.75672773187815,,,False
2025-05-31,4200990,대궁산장,128.7955529097602,37.75668446239291,,,False
2025-05-31,4200913,대기1리경로당,128.79579724292137,37.56561101591886,2,1,True
2025-05-31,4200912,대기1리경로당,128.79557170937235,37.565622156510386,,,False
2025-05-31,4200764,대목아파트,128.91036775859212,37.7552461618319,2,15,True
2025-05-31,4200707,대성사입구,128.88866018338805,37.699701320397004,,,False
2025-05-31,4200708,대성사입구,128.88799509811798,37.70047298433208,3,0,True
2025-05-31,4201279,더글로리촬영지,128.82911039533775,37.904460082879105,25,2,True
2025-05-31,4201280,더글로리촬영지,128.82924239568416,37.90441068117994,1,13,True
2025-05-31,4201056,더샵아파트,128.91218064135074,37.749852342787776,,,False
2025-05-31,4201055,더샵아파트,128.91179177957773,37.7496554344983,,,False
2025-05-31,4201192,더샵아파트후문,128.90917534552304,37.74798409080578,2,4,True
2025-05-31,4200385,덕실리,128.83425245451167,37.806566789081664,1,1,True
2025-05-31,4200883,덕중상사입구,128.84174479743382,37.70242273367911,,,False
2025-05-31,4200882,덕중상사입구,128.8418138875879,37.70249050751822,,,False
2025-05-31,4200512,덕현리,128.92611817321585,37.705859421056175,2,0,True
2025-05-31,4200513,덕현리,128.92602088648235,37.70591024035886,,,False
2025-05-31,4201170,덕현리마을회관,128.92969308316043,37.71031249336467,,,False
2025-05-31,4201169,덕현리마을회관,128.92976451553793,37.71025688950383,3,0,True
2025-05-31,4201172,덕현리입구,128.9336781922055,37.71393030895838,,,False
2025-05-31,4201171,덕현리입구,128.93375842948848,37.71390020089169,1,0,True
2025-05-31,4201273,도깨비촬영지,128.83285849096714,37.88049253785593,24,6,True
2025-05-31,4201274,도깨비촬영지,128.83366615521564,37.879702674494396,0,11,True
2025-05-31,4200953,도마1리경로당,128.83580313705878,37.675863266048,4,0,True
2025-05-31,4200954,도마1리경로당,128.83571199204746,37.67583487527786,0,2,True
2025-05-31,4202142,도직리,129.067789814241,37.60871993490825,,,False
2025-05-31,4202152,도직리,129.06871069327684,37.60826859797961,,,False
2025-05-31,4200911,도화목이,128.79899268103495,37.57580683121861,5,0,True
2025-05-31,4200910,도화목이,128.79876118261876,37.575812376849754,,,False
2025-05-31,4201184,독송마을회관,128.93632837845826,37.737443377869745,,,False
2025-05-31,4201183,독송마을회관,128.93638737959347,37.73749824702616,5,0,True
2025-05-31,4200593,동광주유소,128.988869023967,37.71446203608272,,,False
2025-05-31,4200592,동광주유소,128.98895762865502,37.71450646675624,,,False
2025-05-31,4201157,동그린,128.96124692830767,37.71693200282111,,,False
2025-05-31,4201156,동그린,128.96116060941432,37.71694910240202,3,0,True
2025-05-31,4200260,동남아파트,128.9088062489658,37.764638779656714,92,170,True
2025-05-31,4200322,동도센트리움,128.90456486009336,37.76619195310031,40,13,True
2025-05-31,4200104,동명중학교,128.91637238303827,37.777185998905715,71,1,True
2025-05-31,4200105,동명중학교,128.9161008666347,37.77658681943468,4,7,True
2025-05-31,4200970,동물사랑센터,128.8298483336448,37.69899913101563,1,0,True
2025-05-31,4200934,동물사랑센터,128.8296897075576,37.69907525653717,,,False
2025-05-31,4200011,동부아파트,128.9151327017873,37.78401368458876,121,1,True
2025-05-31,4200545,동산교,129.03188210282585,37.596478436012994,2,0,True
2025-05-31,4201180,동양석재,128.95027125993667,37.731215731549426,1,0,True
2025-05-31,4201179,동양석재,128.9503404370837,37.730986647751536,,,False
2025-05-31,4200342,동양시멘트입구,128.80418115038393,37.85051141718022,,,False
2025-05-31,4200343,동양시멘트입구,128.80439889049126,37.850687991240484,0,1,True
2025-05-31,4200109,동인병원입구,128.9094857690125,37.77102450992961,11,48,True
2025-05-31,4200108,동인병원입구,128.90953558421478,37.77125258486367,142,9,True
2025-05-31,4201426,동해식품,128.89855245250976,37.72443751894129,,,False
2025-05-31,4200950,둔지마을,128.8402142080388,37.66721532951788,0,3,True
2025-05-31,4200949,둔지마을,128.84032622893565,37.667211942204936,7,0,True
2025-05-31,4200944,들꽃마을,128.85442858144177,37.65082634282393,0,1,True
2025-05-31,4200943,들꽃마을,128.85452027887206,37.65078274958405,2,0,True
2025-05-31,4200831,등고비,128.8616371241439,37.71615919045265,,,False
2025-05-31,4200830,등고비,128.86171284130654,37.716127363746615,1,0,True
2025-05-31,4201134,등명락가사,129.0099873440744,37.71142599542753,,,False
2025-05-31,4201133,등명락가사,129.01030860073715,37.71121753055649,3,0,True
2025-05-31,4201129,등명해변,129.01625265982383,37.701980786481954,8,3,True
2025-05-31,4201130,등명해변,129.015876711037,37.70233040602598,10,1,True
2025-05-31,4200736,똑갑재,128.9084947975427,37.742997829596284,,,False
2025-05-31,4200735,똑갑재,128.9083233266339,37.74372779918021,3,0,True
2025-05-31,4200262,로얄아파트.포남1동주민센터,128.90933288179943,37.76545703763149,272,23,True
2025-05-31,4201010,롯데물류센터,128.83446803238593,37.72201867130479,,,False
2025-05-31,4201380,롯데물류센터,128.83451710426255,37.72199688820527,,,False
2025-05-31,4202154,롯데캐슬시그니처,128.88177646219214,37.761744282876045,3,3,True
2025-05-31,4202157,롯데캐슬시그니처,128.88150991460472,37.76169156053964,9,3,True
2025-05-31,4200042,롯데캐슬아파트,128.89120929799194,37.766948306391974,253,73,True
2025-05-31,4201037,말나눔터공원,128.8946789617544,37.758644529934365,4,2,True
2025-05-31,4200538,망월이마을,128.792107212951,37.72942872713486,,,False
2025-05-31,4200524,망월이마을,128.7922011149757,37.729439560975074,,,False
2025-05-31,4200626,명륜고교후문,128.8957168427019,37.761692970005,,,False
2025-05-31,4200627,명륜고교후문,128.8959116900896,37.761745147071196,,,False
2025-05-31,4200220,모래내행복센터,128.84888855200666,37.82654759560158,98,16,True
2025-05-31,4200221,모래내행복센터,128.84881781800846,37.82675602435266,19,29,True
2025-05-31,4201121,모래시계공원,129.03719508337943,37.68592446993947,28,14,True
2025-05-31,4201122,모래시계공원,129.0380673722024,37.685653946463454,1,0,True
2025-05-31,4200728,모산초교,128.90028293302265,37.73143070810136,,,False
2025-05-31,4200727,모산초교,128.90037137412145,37.73145457144734,1,0,True
2025-05-31,4201254,모안이서낭당,128.90286872766467,37.783490145093076,0,5,True
2025-05-31,4201255,모안이서낭당,128.90266311761613,37.78356022910187,4,0,True
2025-05-31,4201155,모전1리,128.96150382823714,37.719819173700856,,,False
2025-05-31,4201154,모전1리,128.96141013771185,37.71981098253356,2,0,True
2025-05-31,4201159,모전리,128.95776740747448,37.71232268018703,,,False
2025-05-31,4201158,모전리,128.95769412799663,37.712385507146145,,,False
2025-05-31,4200031,모전리.돌평,128.95074649026657,37.70985195102544,6,2,True
2025-05-31,4201162,모전리.돌평,128.95076445202812,37.70977883566453,,,False
2025-05-31,4201073,모전삼거리,128.96506056244797,37.72569325398637,8,0,True
2025-05-31,4201072,모전삼거리,128.96457294836412,37.72564861436484,1,4,True
2025-05-31,4200941,목계리,128.8539720247843,37.64675613253988,,,False
2025-05-31,4200937,목계리경로당,128.85926935902992,37.63755434898131,,,False
2025-05-31,4200938,목계리경로당,128.85882831535346,37.63808751377066,1,0,True
2025-05-31,4200935,목계마을회관,128.8591158870725,37.63273899723025,7,0,True
2025-05-31,4200936,목계마을회관,128.8589875953329,37.632647124497325,1,1,True
2025-05-31,4201358,몽탕골,129.01871214696766,37.61920866828569,,,False
2025-05-31,4201359,몽탕골,129.01872766257262,37.61915302416518,,,False
2025-05-31,4200979,무시골,128.79407884048865,37.737843607578455,,,False
2025-05-31,4200980,무시골,128.79415740714765,37.73788769905595,,,False
2025-05-31,4200895,무위사입구,128.79048797979135,37.65800841053956,,,False
2025-05-31,4200894,무위사입구,128.7904596075833,37.65806985505733,,,False
2025-05-31,4200088,문성고등학교,128.8747975765768,37.776789915738114,24,0,True
2025-05-31,4200089,문성고등학교,128.87460137001867,37.776791669303456,0,7,True
2025-05-31,4201191,문암정,128.91520371371126,37.744240782298405,3,0,True
2025-05-31,4201190,문암정,128.91570481769043,37.74371491111339,,,False
2025-05-31,4200810,문화마을,128.88042620487306,37.72295333667196,,,False
2025-05-31,4200809,문화마을,128.88033505218718,37.72293252489115,1,3,True
2025-05-31,4200384,미노리,128.86484857598091,37.82971678699962,3,0,True
2025-05-31,4200388,미노마을입구,128.86381568177012,37.83417468045317,,,False
2025-05-31,4200543,미디어촌5단지,128.86758571434657,37.753701754139904,225,50,True
2025-05-31,4200621,미라보아파트,128.90255177945858,37.769019304198096,0,1,True
2025-05-31,4200620,미라보아파트,128.902500537792,37.76907532540921,4,3,True
2025-05-31,4200676,박월동마을회관,128.9141099667606,37.7303231623845,0,3,True
2025-05-31,4200675,박월동마을회관,128.91430313467623,37.73038001057271,4,0,True
2025-05-31,4200745,반쟁이,128.93382070402052,37.76052490759301,0,8,True
2025-05-31,4201092,밤재휴게소,129.01588441130582,37.643605803090345,,,False
2025-05-31,4201093,밤재휴게소,129.01598617822128,37.64361623880892,,,False
2025-05-31,4200226,방골마을입구,128.8558844116181,37.81329996910386,5,9,True
2025-05-31,4200069,방골마을입구,128.85540756146614,37.81366779247799,15,0,True
2025-05-31,4200137,방축거리,128.88360346383243,37.77333257715457,0,9,True
2025-05-31,4200136,방축거리,128.88380882582484,37.773889373429355,0,1,True
2025-05-31,4200940,방터골입구,128.8542224426066,37.642387639932174,0,2,True
2025-05-31,4200939,방터골입구,128.8543538779494,37.64239089992679,4,0,True
2025-05-31,4200519,방학골,128.82351587730795,37.90381462090833,11,0,True
2025-05-31,4200521,방학골,128.82291244813646,37.90463362511824,0,17,True
2025-05-31,4200945,백운암입구,128.8503640197509,37.65589468864246,,,False
2025-05-31,4200946,백운암입구,128.8502357538194,37.655869833853565,,,False
2025-05-31,4201153,버당말,128.96287505180277,37.72274811896261,9,0,True
2025-05-31,4201152,버당말,128.96277963489464,37.72278384606697,0,2,True
2025-05-31,4201290,버들골,129.02605567209912,37.579297897903295,,,False
2025-05-31,4201291,버들골,129.02611729989363,37.57922947953465,,,False
2025-05-31,4200336,버들교,128.77473855753414,37.850247080571705,3,0,True
2025-05-31,4200673,버들교,128.91800220365803,37.72225137691791,2,0,True
2025-05-31,4200335,버들교,128.77324803807656,37.850410055201316,,,False
2025-05-31,4200674,버들교,128.9179091300679,37.722227707735385,0,4,True
2025-05-31,4200904,벌말,128.77753093157395,37.586312333418526,0,1,True
2025-05-31,4200235,법원.검찰청,128.8739503928752,37.785042447818554,1,11,True
2025-05-31,4200234,법원.검찰청,128.87342400102995,37.78526073982707,35,8,True
2025-05-31,4201067,벽산블루밍아파트,128.82413067836563,37.88870981452805,,,False
2025-05-31,4201193,병무청,128.90845061267927,37.74811821805219,5,3,True
2025-05-31,4201194,병무청,128.90730907557136,37.749719639382455,3,3,True
2025-05-31,4200361,보건소,128.8822115594926,37.743635964592464,1,39,True
2025-05-31,4200065,보건소,128.8829859719751,37.74393637256719,71,0,True
2025-05-31,4200580,보건진료소,128.97335780368653,37.6877997329295,1,0,True
2025-05-31,4200581,보건진료소,128.97326166656484,37.6877802990832,,,False
2025-05-31,4200541,보광리,128.7969029719891,37.73733219171309,,,False
2025-05-31,4200540,보광리,128.79683168120394,37.73726419118738,2,0,True
2025-05-31,4200965,보광리입구,128.81696481575804,37.72096716251408,,,False
2025-05-31,4201003,보광리입구,128.81690957708614,37.721147642825436,,,False
2025-05-31,4201235,보광리체험학습장,128.80754877575424,37.738056785776784,,,False
2025-05-31,4200977,보광리체험학습장,128.80793365498167,37.73787511002778,9,0,True
2025-05-31,4200998,보광리체험학습장,128.8076688924087,37.73819161617253,0,2,True
2025-05-31,4200986,보광보건진료소,128.80534439890508,37.738079523472834,2,0,True
2025-05-31,4200985,보광보건진료소,128.8054363627245,37.73800718407803,,,False
2025-05-31,4200995,보광본동,128.79947706651464,37.746310402073284,0,2,True
2025-05-31,4200994,보광본동,128.79938186856992,37.746227466734425,8,0,True
2025-05-31,4200983,보광평,128.8024466454297,37.73817584117786,,,False
2025-05-31,4200984,보광평,128.8025237456016,37.73822613746055,1,0,True
2025-05-31,4200730,보리사입구,128.89777570598176,37.73631225974452,,,False
2025-05-31,4200729,보리사입구,128.89785144363964,37.73626831506908,,,False
2025-05-31,4200186,보성연립,128.82551362915504,37.901974724913615,8,1,True
2025-05-31,4200298,보성연립,128.82558444232305,37.90204313561504,0,3,True
2025-05-31,4200301,보현사입구주차장,128.78312046358457,37.738359845157134,,,False
2025-05-31,4200014,보현사종점,128.79263641819853,37.73803701177597,,,False
2025-05-31,4200978,보현사종점,128.7926653824033,37.738105478358804,,,False
2025-05-31,4202161,부귀터,128.77935529659743,37.83384969713505,,,False
2025-05-31,4202162,부귀터,128.7794599312011,37.83385966124151,,,False
2025-05-31,4200410,부연동입구,128.6565982881532,37.84023340079426,,,False
2025-05-31,4200411,부연동입구,128.65649150006797,37.84037999546802,,,False
2025-05-31,4200134,부영2차아파트,128.88281079370944,37.77016072015751,109,50,True
2025-05-31,4200135,부영2차아파트,128.8825125758686,37.77002923948558,21,4,True
2025-05-31,4200792,부흥마을,128.90633218029933,37.74678151751788,3,2,True
2025-05-31,4200791,부흥마을,128.90637359052232,37.746896583401664,2,0,True
2025-05-31,4200261,북강릉IC,128.84425534198513,37.83689529134246,2,1,True
2025-05-31,4201374,북동리종점,128.97206281726505,37.61168685078856,1,0,True
2025-05-31,4201365,북동리회관,128.9920439010217,37.61732896340916,,,False
2025-05-31,4201364,북동리회관,128.99203781944024,37.61727491738219,2,0,True
2025-05-31,4200224,북부노인대학,128.85070066292354,37.820164105652225,8,1,True
2025-05-31,4200225,북부노인대학,128.85083641112433,37.82016343083045,2,9,True
2025-05-31,4200207,북부노인종합복지관,128.83062989490628,37.8743072338123,133,19,True
2025-05-31,4200208,북부노인종합복지관,128.83042321750824,37.874681277863154,56,46,True
2025-05-31,4200192,북부지구대,128.829270567591,37.89460960314925,9,33,True
2025-05-31,4200193,북부지구대,128.82860680406648,37.894535177399845,82,11,True
2025-05-31,4201075,분수동,129.02442625222523,37.68416226671518,2,0,True
2025-05-31,4201074,분수동,129.02438633004448,37.68420512704344,0,1,True
2025-05-31,4201323,비상거리,128.96147017456914,37.57419041505788,,,False
2025-05-31,4201322,비상거리,128.96170555823903,37.574443710141345,,,False
2025-05-31,4200277,비치소라아파트,128.93435177478304,37.77578862012879,4,14,True
2025-05-31,4200434,사근진해변,128.898597450209,37.812322584245415,14,17,True
2025-05-31,4200435,사근진해변,128.89766129562162,37.81294729745145,31,14,True
2025-05-31,4200140,사기막,128.80639533289897,37.79268220157816,2,0,True
2025-05-31,4201231,사기막리,128.81838250417627,37.7939296154463,2,0,True
2025-05-31,4201230,사기막리,128.8183214702477,37.793964034615996,,,False
2025-05-31,4200142,사기막마을회관,128.8109379000351,37.79306001321451,0,1,True
2025-05-31,4200141,사기막마을회관,128.81090286737634,37.79301923903732,5,0,True
2025-05-31,4200919,사반,128.8467909201167,37.5342056043505,2,0,True
2025-05-31,4200920,사반,128.84669362641395,37.534157761808984,,,False
2025-05-31,4200714,사이말교,128.88798046545247,37.71196552544221,3,1,True
2025-05-31,4200713,사이말교,128.88807348333134,37.711972121452696,,,False
2025-05-31,4200924,사이소재길,128.8475369146747,37.557798436516386,,,False
2025-05-31,4200923,사이소재길,128.8476417163746,37.55780194237984,,,False
2025-05-31,4200223,사천면사무소,128.84914337332015,37.8229406699122,73,17,True
2025-05-31,4200222,사천면사무소,128.84928192865996,37.82385848393331,31,49,True
2025-05-31,4200449,사천물회거리,128.8755979856823,37.838072593350674,21,0,True
2025-05-31,4200447,사천물회거리,128.8757309061334,37.83810545841113,9,27,True
2025-05-31,4202163,사천보헤미안커피,128.86756687053622,37.84672399113912,,,False
2025-05-31,4202164,사천보헤미안커피,128.8676784641814,37.846752776517754,,,False
2025-05-31,4200294,사천중학교,128.84663312060465,37.82670813694838,,,False
2025-05-31,4200165,사천중학교,128.84662013233944,37.82677848556301,,,False
2025-05-31,4201238,사천진리,128.87339689589916,37.83812340174815,2,0,True
2025-05-31,4202159,사천진바위섬,128.87633882234948,37.84060226740597,5,5,True
2025-05-31,4202160,사천진바위섬,128.8764473285357,37.8406481132808,1,4,True
2025-05-31,4209999,사천진해변,128.87344886491002,37.842977470664934,3,2,True
2025-05-31,4201268,사천진해변,128.87339749147367,37.84293833117085,5,2,True
2025-05-31,4200444,사천캠핑장,128.87516834469744,37.831731302711255,2,0,True
2025-05-31,4200445,사천캠핑장,128.8750445298634,37.831686225915426,2,2,True
2025-05-31,4200442,사천해변,128.87869491904522,37.828713817312966,0,5,True
2025-05-31,4200443,사천해변,128.87827311977188,37.82882341864164,13,0,True
2025-05-31,4201321,산계2리,128.97229539203417,37.57962245004452,,,False
2025-05-31,4201320,산계2리,128.97246971139714,37.57976114585706,,,False
2025-05-31,4201328,산계리종점,128.9460355736469,37.57495852194761,4,1,True
2025-05-31,4200440,산대월리.순포,128.88547702493108,37.822903011074914,5,5,True
2025-05-31,4200441,산대월리.순포,128.88527417343033,37.822868850849,1,1,True
2025-05-31,4200383,산대월리마을회관,128.8709163724858,37.815914215160845,1,0,True
2025-05-31,4200594,산두골,128.9840168065266,37.71859873395223,1,0,True
2025-05-31,4200595,산두골,128.98401664518687,37.71851617972176,0,1,True
2025-05-31,4200179,산림조합,128.81641190280698,37.85471554225067,3,0,True
2025-05-31,4200295,산림조합,128.81634583702206,37.85478178935546,0,2,True
2025-05-31,4200877,산북,128.84586150037325,37.704935503831294,1,0,True
2025-05-31,4200875,산북2리경로당,128.83409128779982,37.71149810424752,,,False
2025-05-31,4200876,산북2리경로당,128.83404425902265,37.71143075108243,,,False
2025-05-31,4201060,산성우1리,129.0046545324227,37.68347462505554,6,1,True
2025-05-31,4201084,산성우2리,129.01725588482054,37.67160656267303,,,False
2025-05-31,4201085,산성우2리,129.01735333412336,37.671618793132126,,,False
2025-05-31,4201083,산성우2리마을회관,129.02279471216545,37.67820045840464,,,False
2025-05-31,4201082,산성우2리마을회관,129.02269902654416,37.678299838704675,,,False
2025-05-31,4201031,삼개사입구,128.88695285563512,37.7503693771254,17,3,True
2025-05-31,4201032,삼개사입구,128.88684645443755,37.75026780562399,0,9,True
2025-05-31,4200867,삼거리,128.83456155956415,37.745154825533675,,,False
2025-05-31,4200866,삼거리,128.8345942629299,37.74509162495973,,,False
2025-05-31,4200455,삼교리종점,128.74996246309584,37.87971842334567,7,0,True
2025-05-31,4200456,삼교리종점,128.7500022864006,37.879776675728266,0,1,True
2025-05-31,4201370,삼밭골,128.97299626468876,37.625881433054694,5,0,True
2025-05-31,4201369,삼밭골,128.97299344360636,37.62595039665499,,,False
2025-05-31,4200514,삼산,128.69251552941094,37.84710607104921,,,False
2025-05-31,4200516,삼산,128.6925944995912,37.847189566163216,,,False
2025-05-31,4200170,삼산1리,128.70464319375566,37.845506729172776,,,False
2025-05-31,4200171,삼산1리,128.7047914618132,37.84575283130434,0,1,True
2025-05-31,4200324,삼산1리마을회관,128.7032068078098,37.84670520300259,,,False
2025-05-31,4200325,삼산1리마을회관,128.7039248000704,37.84665394357494,,,False
2025-05-31,4200408,삼산4리,128.65358585892187,37.836375046564235,,,False
2025-05-31,4200409,삼산4리,128.65339766055644,37.8363605430016,,,False
2025-05-31,4200426,삼산보건진료소,128.69992094735875,37.846599335592536,,,False
2025-05-31,4200427,삼산보건진료소,128.6999017867484,37.84667116560819,,,False
2025-05-31,4200328,삼산분소,128.72806310762525,37.8484167632985,0,1,True
2025-05-31,4201411,삼성디지털센터,128.89671612387085,37.758421567843364,4,1,True
2025-05-31,4200365,삼성디지털센터,128.8966989039856,37.75811194350719,64,49,True
2025-05-31,4200987,삼왕,128.79442364222726,37.75959705206606,3,1,True
2025-05-31,4200267,삼우은성아파트,128.91973659122027,37.77025900516923,32,60,True
2025-05-31,4200268,삼우은성아파트,128.91881978171756,37.77007704319862,250,8,True
2025-05-31,4200054,삼익아파트,128.93336344346523,37.7794509217129,2,13,True
2025-05-31,4200358,삼창그린맨션,128.88749893563826,37.744743384730015,15,1,True
2025-05-31,4200310,삼천리아파트,128.8379309322555,37.8689470039461,234,36,True
2025-05-31,4200211,삼천리아파트,128.8383288212433,37.86906384505761,125,66,True
2025-05-31,4200732,삼흥사,128.901198738292,37.739798973918525,2,2,True
2025-05-31,4200731,삼흥사,128.90121043083064,37.739730650079785,2,2,True
2025-05-31,4200925,삽당령휴게소,128.85348981301368,37.57765377589509,,,False
2025-05-31,4200926,삽당령휴게소,128.85335366163847,37.57771787179165,,,False
2025-05-31,4201429,삿갓2교,128.89440260554116,37.72191310597893,,,False
2025-05-31,4200022,상근내,128.7796924207031,37.8773758413694,1,0,True
2025-05-31,4200099,상근내,128.77960655925375,37.87745059496862,,,False
2025-05-31,4201317,상반암,128.97555145054721,37.581507187334616,,,False
2025-05-31,4201316,상반암,128.97543453934762,37.581480242671276,,,False
2025-05-31,4201318,상반암2교,128.97515057257976,37.579938893006116,,,False
2025-05-31,4201319,상반암2교,128.97526025138177,37.580104674041834,,,False
2025-05-31,4201173,상시동,128.94246528458484,37.71818427280178,4,0,True
2025-05-31,4201174,상시동,128.94244611636475,37.71825557931822,1,0,True
2025-05-31,4201175,상시동2리마을구판장,128.9490236053727,37.7224263738442,1,0,True
2025-05-31,4201176,상시동2리마을구판장,128.94913379195222,37.72251033214177,,,False
2025-05-31,4200526,새이골,128.79025907473746,37.85322227035808,0,1,True
2025-05-31,4200957,새재마을,128.8242487855186,37.68544901419477,2,0,True
2025-05-31,4200958,새재마을,128.8242669560502,37.685279144065696,0,1,True
2025-05-31,4201360,샘골,129.00918544930587,37.619230471502696,,,False
2025-05-31,4201361,샘골,129.0091899817426,37.61916886212585,,,False
2025-05-31,4200974,샘골식당,128.8117504319814,37.72973210273536,3,0,True
2025-05-31,4200973,샘골식당,128.81165805890132,37.72970284088515,2,0,True
2025-05-31,4200932,샘터휴게실,128.8616379939255,37.62586846407014,,,False
2025-05-31,4200931,샘터휴게실,128.86196479739877,37.62603907325114,3,0,True
2025-05-31,4200515,서당마을,128.8153409524242,37.87964681225348,1,0,True
2025-05-31,4200842,서희아파트,128.86542964738,37.739494273568006,1,14,True
2025-05-31,4200843,서희아파트,128.86634677134685,37.73976016715972,103,3,True
2025-05-31,4200139,석교2리마을회관,128.82066862382376,37.842307094394954,1,0,True
2025-05-31,4200992,석불사입구,128.79428550244546,37.75401121249684,,,False
2025-05-31,4200993,석불사입구,128.79436174094738,37.75400145159608,,,False
2025-05-31,4200076,선교장,128.88470029533363,37.78507057730054,1,1,True
2025-05-31,4200075,선교장,128.8853532167783,37.785455385598155,9,1,True
2025-05-31,4200236,선교장입구,128.87978791945434,37.782182641690056,48,26,True
2025-05-31,4200237,선교장입구,128.8801857915523,37.78222354537227,18,19,True
2025-05-31,4201250,선수촌8단지,128.87011109214671,37.76078977894948,95,2,True
2025-05-31,4201249,선수촌8단지,128.87029355520082,37.76060110592661,12,14,True
2025-05-31,4200534,선자령고개입구,128.79239579933846,37.73245610705835,,,False
2025-05-31,4200537,선자령고개입구,128.79231046446523,37.732508544183865,,,False
2025-05-31,4201310,설암마을,128.99822461811513,37.59527911024018,,,False
2025-05-31,4201311,설암마을,128.9983494117808,37.59541501641899,,,False
2025-05-31,4201189,섬석교,128.92156879198023,37.740684165183964,6,0,True
2025-05-31,4201188,섬석교,128.92171052547354,37.74090783532175,5,0,True
2025-05-31,4200854,성내동광장,128.89469082592495,37.750838877146485,1,1,True
2025-05-31,4200855,성내동광장,128.89488299521074,37.75095303991505,2,2,True
2025-05-31,4201046,성덕동주민센터,128.91533375948597,37.76294836172143,0,1,True
2025-05-31,4201045,성덕동주민센터,128.91516594318634,37.762763608124146,2,0,True
2025-05-31,4200765,성덕초등학교,128.91017117535122,37.75573609872045,55,3,True
2025-05-31,4201004,성산,128.82713990486903,37.71438975242994,,,False
2025-05-31,4201005,성산,128.8271623742617,37.714502339268236,8,11,True
2025-05-31,4201009,성산면사무소,128.832602033901,37.718970827982346,9,20,True
2025-05-31,4201008,성산면사무소,128.83255254171343,37.71856830087688,41,21,True
2025-05-31,4201007,성산치안센터,128.8310696649731,37.7159774839219,2,8,True
2025-05-31,4201006,성산치안센터,128.83090633919258,37.71566752965487,32,2,True
2025-05-31,4200422,성원사입구,128.6867712693139,37.847205451671535,2,0,True
2025-05-31,4200423,성원사입구,128.68646040632865,37.84726485901322,0,2,True
2025-05-31,4200817,성황당,128.87341590911527,37.71242819076422,1,0,True
2025-05-31,4200818,성황당,128.8735164959862,37.712407011021696,1,0,True
2025-05-31,4201425,성황당교,128.89068764552184,37.7193346055837,,,False
2025-05-31,4200550,세인트존스호텔,128.9216970367292,37.79098344901958,12,1,True
2025-05-31,4200549,세인트존스호텔,128.92167986735865,37.790864197302774,8,8,True
2025-05-31,4202156,세인트존스호텔,128.92066155176954,37.789921292283566,1,6,True
2025-05-31,4202158,세인트존스호텔,128.9208321964743,37.79000919070631,3,2,True
2025-05-31,4200167,소금강산,128.71230365715414,37.82166854276753,,,False
2025-05-31,4200166,소금강산,128.7124812586759,37.82175517040325,1,0,True
2025-05-31,4200327,소금강산돌박물관,128.72545746023172,37.848484193808346,8,0,True
2025-05-31,4200168,소금강산분교,128.710000116687,37.83125700946602,3,0,True
2025-05-31,4200169,소금강산분교,128.70996109009303,37.83105237281379,0,1,True
2025-05-31,4200429,소금강산삼거리,128.70652525366145,37.84687236867498,0,1,True
2025-05-31,4200428,소금강산삼거리,128.70675214581883,37.84674771999477,,,False
2025-05-31,4200419,소금강산종점,128.70783064886766,37.81649025417566,10,6,True
2025-05-31,4200337,소금강산체험학습장,128.78576790854493,37.85169587352382,3,0,True
2025-05-31,4200184,소돌,128.82175443074843,37.905415537268986,74,0,True
2025-05-31,4200185,소돌,128.8213252547112,37.90592204016269,1,21,True
2025-05-31,4200523,소돌해변,128.82357421556765,37.90742431202615,0,9,True
2025-05-31,4200518,소돌해변,128.8237001059589,37.9072478711743,12,0,True
2025-05-31,4200002,소돌해변입구,128.81905535960837,37.90780434670355,1,7,True
2025-05-31,4200633,소양가든,128.91470984838725,37.70545388269156,,,False
2025-05-31,4200634,소양가든,128.91482886328737,37.70544797167058,,,False
2025-05-31,4200609,소재골길,128.92430261228944,37.73030112286398,,,False
2025-05-31,4200608,소재골길,128.9243373158486,37.73032246539831,,,False
2025-05-31,4200126,솔올공연장,128.87424793205705,37.763507530751156,149,3,True
2025-05-31,4200125,솔올공연장,128.87460623301726,37.76366952964576,5,97,True
2025-05-31,4200060,솔올중학교,128.8798722504925,37.77163504014371,42,11,True
2025-05-31,4200822,솔향수목원입구,128.8693376080556,37.70921581710481,2,0,True
2025-05-31,4200823,솔향수목원입구,128.86937194102438,37.70931046077696,1,0,True
2025-05-31,4201165,송담서원,128.92985457221653,37.6927197945936,4,1,True
2025-05-31,4200351,송림,128.82064394298325,37.85559369331711,,,False
2025-05-31,4200350,송림,128.8201619228096,37.85539548451919,1,0,True
2025-05-31,4200347,송림2리,128.81062888375345,37.853558399575036,4,1,True
2025-05-31,4200346,송림2리,128.8099436136846,37.853407423711076,1,0,True
2025-05-31,4200345,송림2리경로당,128.80789598964623,37.85203614474543,,,False
2025-05-31,4200344,송림2리경로당,128.807966000434,37.85197372236723,4,0,True
2025-05-31,4200510,송림길,128.8252555621319,37.855656749226185,1,1,True
2025-05-31,4200511,송림길,128.8248292251072,37.8557650289636,,,False
2025-05-31,4200372,송암,128.82637877635176,37.78089823387296,3,0,True
2025-05-31,4200374,송암리노인복지회관,128.8371281193178,37.78167045367396,0,2,True
2025-05-31,4200373,송암리노인복지회관,128.83714806452136,37.781611643083856,10,0,True
2025-05-31,4200560,송양초교,128.84779064633727,37.75738270190068,,,False
2025-05-31,4200559,송양초교,128.84774510140426,37.757348769268916,1,0,True
2025-05-31,4200274,송정노인회관,128.93141909498914,37.77512821569013,325,0,True
2025-05-31,4200272,송정동주민센터,128.92775106138072,37.77430053196711,72,3,True
2025-05-31,4200271,송정동주민센터,128.9281580126049,37.77420386430584,1,22,True
2025-05-31,4200052,송정래미안,128.93038982126572,37.78292573478735,7,1,True
2025-05-31,4200051,송정래미안,128.93021609974548,37.78282723196739,0,16,True
2025-05-31,4200273,송정신원아침도시,128.93190852770562,37.774810233413945,4,57,True
2025-05-31,4200275,송정한신아파트입구,128.93667614488956,37.77380916737768,0,41,True
2025-05-31,4200276,송정한신아파트입구,128.93668274097607,37.7740287226972,127,2,True
2025-05-31,4201386,송정한신아파트후문,128.93962441064605,37.773612640324636,85,3,True
2025-05-31,4200263,송정한신아파트후문,128.9386138022858,37.773558747641985,0,24,True
2025-05-31,4200280,송정해변,128.9381119893655,37.77768849372205,25,1,True
2025-05-31,4201265,송정해변,128.937243026154,37.779799396228796,16,0,True
2025-05-31,4201264,송정해변,128.93690998005923,37.77994173288209,2,3,True
2025-05-31,4200404,송천,128.64305128748416,37.832454612861596,,,False
2025-05-31,4200405,송천,128.64294987987037,37.832536995608294,0,3,True
2025-05-31,4200399,송천종점,128.63433752494774,37.82213931034025,3,0,True
2025-05-31,4200300,수협사거리,128.8314095884837,37.895774457125356,5,26,True
2025-05-31,4200190,수협사거리,128.83119347169236,37.89590191816579,79,6,True
2025-05-31,4200436,순긋해변,128.89252003394913,37.81667547893821,1,3,True
2025-05-31,4200437,순긋해변,128.89288352206873,37.81622289476459,14,6,True
2025-05-31,4201241,순두부마을,128.8929863409179,37.7864529101926,0,3,True
2025-05-31,4201240,순두부마을,128.89327386744634,37.786738816066666,3,1,True
2025-05-31,4200439,순포해변,128.8896479640838,37.81947984719446,5,0,True
2025-05-31,4200438,순포해변,128.8909555032514,37.81845994015455,0,1,True
2025-05-31,4200004,숲사랑홍보관,128.85126457297872,37.81878304910103,10,2,True
2025-05-31,4200828,신광사입구,128.85959135500886,37.70844237993537,3,1,True
2025-05-31,4200829,신광사입구,128.85953628339269,37.70852190735515,,,False
2025-05-31,4200279,신도브래뉴,128.93862914925478,37.77730338810464,1,39,True
2025-05-31,4202169,신라모노그램,128.92993128709296,37.78509796814699,,,False
2025-05-31,4202172,신라모노그램,128.92730314100064,37.78470637599459,,,False
2025-05-31,4202170,신라모노그램,128.92998485011893,37.785132389833336,,,False
2025-05-31,4202171,신라모노그램,128.92766337576,37.78423838201166,,,False
2025-05-31,4200068,신석,128.9222626638924,37.73522591649743,2,0,True
2025-05-31,4201244,신석,128.92220564964913,37.73521532481458,0,1,True
2025-05-31,4200570,신석입구,128.92112104933958,37.74060070408295,,,False
2025-05-31,4200571,신석입구,128.92121434678074,37.740633508275124,0,2,True
2025-05-31,4200605,신석종점,128.92550135841566,37.72411554187395,0,1,True
2025-05-31,4200604,신석종점,128.92548856169705,37.724168770541205,1,0,True
2025-05-31,4200610,신석회관,128.922128840552,37.73330388403426,1,0,True
2025-05-31,4200611,신석회관,128.92206674319968,37.733298030104976,,,False
2025-05-31,4200563,신암동산,128.856450486855,37.759838948235505,1,0,True
2025-05-31,4200564,신암동산,128.85644693333413,37.7598894548062,,,False
2025-05-31,4200252,신영극장,128.8961287589657,37.75448236011555,3277,2519,True
2025-05-31,4200395,신왕리,128.7909165521197,37.84823170892436,3,0,True
2025-05-31,4200396,신왕리,128.79081224615587,37.848255771655694,,,False
2025-05-31,4200393,신왕리마을회관,128.78881339413073,37.84406973819415,,,False
2025-05-31,4200394,신왕리마을회관,128.78872771686466,37.84404617250474,,,False
2025-05-31,4200392,신왕종점,128.77479795503757,37.82848497778013,1,1,True
2025-05-31,4200339,신왕초등학교,128.78962228209244,37.85282870829282,,,False
2025-05-31,4200178,신왕초등학교.소금강산체험학습장,128.7874843369829,37.85236789721056,1,0,True
2025-05-31,4200376,신평교,128.84751858457875,37.787025988717744,,,False
2025-05-31,4200375,신평교,128.8476422534893,37.786964946063456,,,False
2025-05-31,4200795,신화아파트,128.89739318948855,37.749293198227164,,,False
2025-05-31,4200796,신화아파트,128.8983309878122,37.7493513359141,,,False
2025-05-31,4201111,심곡,129.05072825701674,37.66496744031941,43,1,True
2025-05-31,4201110,심곡,129.05054407613815,37.66494664843006,0,3,True
2025-05-31,4200885,심불사입구,128.83994507873663,37.70295599504848,,,False
2025-05-31,4200884,심불사입구,128.84001194474018,37.70305298286866,,,False
2025-05-31,4201118,썬크루즈,129.0440946513368,37.6820368944123,0,1,True
2025-05-31,4201373,아래흐내,128.97754794808964,37.614630687418135,,,False
2025-05-31,4201372,아래흐내,128.9775173341677,37.61462843088557,,,False
2025-05-31,4201388,안고단,128.81682784184864,37.52450097063033,,,False
2025-05-31,4200865,안곡,128.82914470078177,37.745465477199204,,,False
2025-05-31,4200871,안곡약수터입구,128.8379137142218,37.73973940790299,,,False
2025-05-31,4200020,안곡약수터입구,128.8378468662133,37.73975627758666,1,0,True
2025-05-31,4200869,안국고개입구,128.83777031179514,37.74152814933456,,,False
2025-05-31,4200868,안국고개입구,128.8377139800973,37.741484552653596,,,False
2025-05-31,4201043,안목,128.94526892930932,37.77285146151794,553,0,True
2025-05-31,4200281,안목.강릉항,128.94934241574012,37.770520507065875,,,False
2025-05-31,4201040,안목.강릉항,128.94944155473152,37.77036079213364,,,False
2025-05-31,4201057,안목커피거리,128.94590416266868,37.77225695392567,42,0,True
2025-05-31,4201044,안목커피거리,128.94543559396536,37.77260342997581,124,475,True
2025-05-31,4200244,안목커피거리,128.94578809167245,37.77230230429985,12,89,True
2025-05-31,4201263,안목해변,128.94493768408068,37.774178194287636,45,0,True
2025-05-31,4201262,안목해변,128.9453268042541,37.77365094131008,1,17,True
2025-05-31,4200587,안소재길,128.84955884022355,37.563768804870946,1,0,True
2025-05-31,4200586,안소재길,128.84946322181048,37.56376109313163,,,False
2025-05-31,4201139,안인,128.98934561422945,37.734014720107886,22,5,True
2025-05-31,4201140,안인,128.98934458573052,37.73394318769602,9,8,True
2025-05-31,4200599,안인삼거리,128.98037760076,37.72789657042197,,,False
2025-05-31,4200598,안인삼거리,128.98042188065915,37.72782929827981,,,False
2025-05-31,4201148,안인화력발전소,128.97827596831831,37.72739115413768,8,0,True
2025-05-31,4201149,안인화력발전소,128.97827482863894,37.727294808983075,1,0,True
2025-05-31,4201001,암반욕체험장,128.8174715505199,37.72568745788923,,,False
2025-05-31,4201002,암반욕체험장,128.81756412801548,37.725703466430105,,,False
2025-05-31,4200528,앞무쇠골,128.7909149887738,37.735806871417466,,,False
2025-05-31,4200535,앞무쇠골,128.7907679545247,37.73580475645548,,,False
2025-05-31,4200187,양양고개,128.82805578782853,37.90002854060149,40,2,True
2025-05-31,4200188,양양고개,128.82822436017406,37.899998054568016,0,27,True
2025-05-31,4201243,양우내안애아파트,128.90225216607172,37.751490811466354,,,False
2025-05-31,4201245,양우내안애아파트,128.9018874469489,37.75145322200816,,,False
2025-05-31,4200201,양조장,128.8258300942643,37.881274388703744,95,25,True
2025-05-31,4201403,양지골,128.84419682263942,37.754675826474795,,,False
2025-05-31,4201404,양지골,128.8442384161847,37.75462833677575,1,0,True
2025-05-31,4201357,양지마을,129.0219835892014,37.61975733717636,2,0,True
2025-05-31,4201356,양지마을,129.02194175334466,37.619812201556556,,,False
2025-05-31,4201354,양지말상,129.02550426571582,37.620299361941775,,,False
2025-05-31,4201355,양지말상,129.02549637985018,37.62023673439294,1,0,True
2025-05-31,4200651,어단1리,128.89857868128925,37.69687081252176,5,0,True
2025-05-31,4200652,어단1리,128.89835375718442,37.69689880719406,,,False
2025-05-31,4200644,어단1리마을회관,128.90166199367852,37.69299424582564,,,False
2025-05-31,4200643,어단1리마을회관,128.90163121019464,37.69306524952247,1,0,True
2025-05-31,4200646,어단1리성황당,128.8998102046769,37.691407412019785,,,False
2025-05-31,4200645,어단1리성황당,128.8997465866069,37.69146948045897,4,3,True
2025-05-31,4200639,어단2리마을회관,128.91146885408946,37.6964376324294,3,1,True
2025-05-31,4200640,어단2리마을회관,128.91152104480037,37.696373262130535,,,False
2025-05-31,4200648,어단리.법왕사,128.89523586027252,37.689105321389235,2,0,True
2025-05-31,4200972,어흘리.굴면동,128.81242525863513,37.71968494003737,1,2,True
2025-05-31,4200966,어흘리.굴면동,128.81355554198663,37.72030372991263,,,False
2025-05-31,4201412,어흘리산림관광안내센터,128.79622345209006,37.720248969562334,5,0,True
2025-05-31,4201413,어흘리산림관광안내센터,128.79677626958596,37.720179974904156,1,1,True
2025-05-31,4201163,언별2리,128.93981173016869,37.70173122003391,2,0,True
2025-05-31,4201164,언별2리,128.93990494422928,37.70171510089973,7,0,True
2025-05-31,4200036,언별리,128.932462653647,37.69147304189006,,,False
2025-05-31,4201227,연곡면사무소,128.83749819485607,37.86001175022627,164,45,True
2025-05-31,4200212,연곡면사무소,128.83761397394952,37.85995465828368,60,97,True
2025-05-31,4200354,연곡면사무소,128.83726140830402,37.85982528703765,55,60,True
2025-05-31,4200355,연곡면사무소,128.8369030857598,37.8592954872826,1,0,True
2025-05-31,4200381,연곡소나무길,128.86219953750597,37.850074873961454,1,2,True
2025-05-31,4200509,연곡소나무길,128.8618386269624,37.85018703668437,2,0,True
2025-05-31,4200353,연곡초교,128.82814655157526,37.8569020930201,,,False
2025-05-31,4200352,연곡초교,128.82816906723454,37.856817110094816,1,1,True
2025-05-31,4200349,연곡취수장입구,128.8134029222452,37.854479588535305,,,False
2025-05-31,4200348,연곡취수장입구,128.81321638321742,37.85436534997662,2,0,True
2025-05-31,4200451,연곡해변,128.85309149153562,37.85745785808507,2,0,True
2025-05-31,4200450,연곡해변,128.8529783059013,37.85739414992972,4,0,True
2025-05-31,4200213,연곡해변입구,128.84130813848452,37.85462580337619,7,2,True
2025-05-31,4200214,연곡해변입구,128.84162112920617,37.854539181009365,1,8,True
2025-05-31,4200152,연변,128.83155522186766,37.80584297639379,,,False
2025-05-31,4200151,연변,128.83161739090895,37.80576988356887,3,0,True
2025-05-31,4200759,영동정미소,129.03644448557495,37.62779710955012,,,False
2025-05-31,4201341,영동정미소,129.0362624021505,37.62780024862322,,,False
2025-05-31,4200209,영진입구,128.83637261045655,37.87054167536418,26,31,True
2025-05-31,4201226,영진입구,128.83626865951734,37.87047570517143,49,21,True
2025-05-31,4201270,영진항,128.84778900128174,37.86736001237831,1,0,True
2025-05-31,4201269,영진항,128.8478764921571,37.86744935186811,3,2,True
2025-05-31,4201271,영진해변,128.84407553359966,37.870005012045354,16,2,True
2025-05-31,4201272,영진해변,128.84410671788726,37.87009887053988,3,8,True
2025-05-31,4200406,오대산휴게소,128.648222920777,37.83491560552007,,,False
2025-05-31,4200407,오대산휴게소,128.64806989287274,37.83498136245625,,,False
2025-05-31,4200816,오뚜기물류서비스,128.87782869819907,37.71615014292806,4,2,True
2025-05-31,4200815,오뚜기물류서비스,128.8777698382652,37.71622341645464,,,False
2025-05-31,4201078,오리동,129.01320871433214,37.68272714510743,12,0,True
2025-05-31,4201079,오리동,129.01320324945965,37.682803393955474,0,1,True
2025-05-31,4201058,오리들마을,128.93730145779827,37.744469925122935,10,0,True
2025-05-31,4201252,오리들마을,128.93739401500017,37.74438483019564,0,1,True
2025-05-31,4200536,오리진항,128.8317047746547,37.90064451287537,4,0,True
2025-05-31,4200527,오리진항,128.8317491433552,37.9007448060665,,,False
2025-05-31,4200961,오봉,128.8206361867679,37.70638660212798,,,False
2025-05-31,4200962,오봉,128.8205322494514,37.7062887289534,,,False
2025-05-31,4200964,오봉리,128.82222083699313,37.709588124281694,,,False
2025-05-31,4200963,오봉리,128.8222695914709,37.70939016181609,,,False
2025-05-31,4200053,오성학교,128.93312248716418,37.77978287851338,22,4,True
2025-05-31,4201428,오션시티아이파크,128.94156983542882,37.775150292669956,,,False
2025-05-31,4201427,오션시티아이파크,128.94172063887467,37.77534012183183,,,False
2025-05-31,4200239,오죽헌,128.88242080274284,37.78040719543912,72,82,True
2025-05-31,4200238,오죽헌,128.8827262588498,37.779841129260745,110,45,True
2025-05-31,4200092,오죽헌,128.8797380363922,37.77879711032111,12,4,True
2025-05-31,4200093,오죽헌,128.88009218006442,37.77900408798861,0,3,True
2025-05-31,4200769,오죽헌입구,128.8828973977968,37.77942746550242,3,3,True
2025-05-31,4201382,오죽헌입구,128.88300783523746,37.779420150144524,1,4,True
2025-05-31,4201097,옥계119안전센터,129.03045031861078,37.60261800571139,,,False
2025-05-31,4201098,옥계119안전센터,129.0299579795461,37.602418475944106,,,False
2025-05-31,4202042,옥계면사무소,129.03870359107486,37.61225376052538,11,0,True
2025-05-31,4202052,옥계면사무소,129.03863134955023,37.61234830848836,0,5,True
2025-05-31,4202092,옥계역,129.04915585739857,37.61793983643156,0,3,True
2025-05-31,4202082,옥계역,129.0492092887644,37.61767316323472,3,0,True
2025-05-31,4201368,옥계저수지,128.9806153158948,37.62190318324612,,,False
2025-05-31,4201367,옥계저수지,128.98049757084706,37.62195561397405,,,False
2025-05-31,4201366,옥계저수지,128.9806745254139,37.62197726022537,,,False
2025-05-31,4202032,옥계현내시장,129.03512810350702,37.608949806593664,20,25,True
2025-05-31,4202022,옥계현내시장,129.03523947374634,37.60889735545031,101,5,True
2025-05-31,4201285,옥골,129.0451011119314,37.58480257343729,,,False
2025-05-31,4200701,옥봉마을,128.89299808417252,37.703844690722654,,,False
2025-05-31,4200257,옥천119안전센터,128.90305174420297,37.761041080134646,66,41,True
2025-05-31,4200256,옥천119안전센터,128.9022376115818,37.76136928474395,9,18,True
2025-05-31,4201000,옥터가든,128.8137241133093,37.7280870855366,,,False
2025-05-31,4200999,옥터가든,128.81373332317625,37.728008981659464,,,False
2025-05-31,4201284,올밑,129.03979791391387,37.58885317796911,5,0,True
2025-05-31,4201363,옹기마을,129.00369924320785,37.616995401978194,1,0,True
2025-05-31,4201362,옹기마을,129.0036684835799,37.617059917346076,,,False
2025-05-31,4200897,왕산골,128.78735259066167,37.65458906689652,,,False
2025-05-31,4200896,왕산골,128.7872211119886,37.65448843873245,,,False
2025-05-31,4200468,왕산골한옥,128.79462643294355,37.66636911752362,,,False
2025-05-31,4200930,왕산구)종점,128.8604095757484,37.623711657099335,0,1,True
2025-05-31,4200929,왕산구)종점,128.8604892853729,37.62367273667524,1,0,True
2025-05-31,4200960,왕산대기교차로,128.80856548851528,37.68962515075815,,,False
2025-05-31,4200959,왕산대기교차로,128.80857307337496,37.68975019804283,,,False
2025-05-31,4200889,왕산리2반,128.80297738702234,37.675963955897956,,,False
2025-05-31,4200888,왕산리2반,128.80288061474792,37.67595542199383,,,False
2025-05-31,4200891,왕산리마을회관,128.79682095717135,37.67030353806043,,,False
2025-05-31,4200890,왕산리마을회관,128.79684011914176,37.670392794275685,,,False
2025-05-31,4200952,왕산면사무소앞,128.83831324436588,37.672144012562036,0,1,True
2025-05-31,4200951,왕산면사무소앞,128.83840731782888,37.6721688588501,8,0,True
2025-05-31,4200928,왕산사,128.8594660677207,37.61509686617323,,,False
2025-05-31,4200927,왕산사,128.85972406418662,37.614998007179736,,,False
2025-05-31,4200955,왕산사슴목장,128.82575088668412,37.681344715824196,1,0,True
2025-05-31,4200956,왕산사슴목장,128.82565717295802,37.68132318009433,,,False
2025-05-31,4200607,왜골안길,128.9242847541364,37.72773866042556,,,False
2025-05-31,4200606,왜골안길,128.92431613988109,37.72776258609913,2,0,True
2025-05-31,4201035,용강동,128.89127858305645,37.75423171492401,12,46,True
2025-05-31,4201036,용강동,128.89145488440622,37.7543870741593,37,4,True
2025-05-31,4200250,용강동서부시장,128.89174828581776,37.7556582744871,311,85,True
2025-05-31,4200249,용강동서부시장,128.89167287030088,37.75492247590215,175,613,True
2025-05-31,4200874,용봉자동차학원,128.83460209459432,37.72175943182151,,,False
2025-05-31,4200259,용지각,128.90537716328666,37.76184119439877,188,26,True
2025-05-31,4200258,용지각,128.90534669055177,37.76147384168322,97,133,True
2025-05-31,4201407,우미린아파트,128.87047584429433,37.757205866745004,,,False
2025-05-31,4200565,우미린아파트,128.87023572987053,37.75716460769394,28,43,True
2025-05-31,4200241,우성공업사,128.8881180126791,37.77538642162077,17,19,True
2025-05-31,4200520,우신아파트,128.8255393760297,37.87241785986445,6,1,True
2025-05-31,4200123,우편집중국,128.8733706824724,37.76051485370646,3,82,True
2025-05-31,4200124,우편집중국,128.87347187490323,37.76156496879712,260,8,True
2025-05-31,4200600,운산노인회관,128.93671028942424,37.732907768416084,,,False
2025-05-31,4200601,운산노인회관,128.93684858416998,37.73287788594293,,,False
2025-05-31,4200602,운산분교,128.93677350637265,37.730734508227286,2,0,True
2025-05-31,4200603,운산분교,128.93686556902622,37.730747600300575,,,False
2025-05-31,4200390,운양초교,128.85999131659992,37.833521248123965,5,0,True
2025-05-31,4202153,운양초등학교,128.8590953489884,37.83649095483332,1,0,True
2025-05-31,4200198,원마트,128.82575730347685,37.88826959645488,13,112,True
2025-05-31,4201050,원마트,128.9185145864492,37.76040631401962,0,1,True
2025-05-31,4201232,원마트,128.8255161831108,37.88764901879385,174,17,True
2025-05-31,4201049,원마트,128.91839757804996,37.76020248248705,,,False
2025-05-31,4200787,원예농협강남점,128.8968065666806,37.74246510458876,,,False
2025-05-31,4200788,원예농협강남점,128.89681243940322,37.742695820214294,1,0,True
2025-05-31,4201059,월호평동,128.94896909223806,37.74860767924179,3,0,True
2025-05-31,4200561,위촌1교,128.85248954070696,37.758669118271264,1,0,True
2025-05-31,4200562,위촌1교,128.85256313236903,37.758700268834,1,0,True
2025-05-31,4201401,위촌1리마을회관,128.8493169939177,37.752759763627935,,,False
2025-05-31,4201402,위촌1리마을회관,128.84922183855028,37.75276536684672,,,False
2025-05-31,4200557,위촌2리경로당,128.84459001673955,37.75958593352651,2,0,True
2025-05-31,4209994,위촌2리경로당,128.8446791622344,37.75971028072801,,,False
2025-05-31,4200558,위촌2리경로당,128.84480889532918,37.75954345559538,,,False
2025-05-31,4201408,위촌리,128.8362872937098,37.75958677922043,,,False
2025-05-31,4200556,위촌리,128.83630340406063,37.75966855469253,,,False
2025-05-31,4200870,윗회산,128.8624600126061,37.71152374867891,,,False
2025-05-31,4200064,윗회산,128.86237406495107,37.71154075190158,,,False
2025-05-31,4200331,유등.백운사입구,128.75900654206438,37.850462767351864,3,0,True
2025-05-31,4200332,유등.백운사입구,128.75795827699417,37.850487600912274,2,1,True
2025-05-31,4200680,유산동노인회관,128.90975279156388,37.73997249911831,,,False
2025-05-31,4200679,유산동노인회관,128.9098408904697,37.73999573125917,1,0,True
2025-05-31,4200677,유산민물장어,128.91188581173668,37.73590297036683,2,0,True
2025-05-31,4200678,유산민물장어,128.9117917615037,37.73586343058287,0,2,True
2025-05-31,4200555,유천동,128.86153738164376,37.766528036862,,,False
2025-05-31,4200479,유천행복주택,128.86570448042954,37.76159011454386,,,False
2025-05-31,4200039,유화아파트,128.91342886671308,37.785727014906996,43,0,True
2025-05-31,4200363,율곡중정문,128.88882882673292,37.76926965127901,,,False
2025-05-31,4200243,율곡중학교,128.89033943348878,37.77216892177817,23,24,True
2025-05-31,4200242,율곡중학교,128.89021344037266,37.771874448370795,56,18,True
2025-05-31,4200132,율곡초등학교,128.88221538693716,37.765100900268116,34,1,True
2025-05-31,4200770,은마아파트,128.89705025699647,37.747304327883974,1,1,True
2025-05-31,4200771,은마아파트,128.89677272965307,37.746541962257844,0,1,True
2025-05-31,4201313,음촌,128.99426321534403,37.590067749479466,,,False
2025-05-31,4201312,음촌,128.9943519708324,37.590218452220576,,,False
2025-05-31,4200269,이마트,128.92346774482266,37.772222356268564,26,60,True
2025-05-31,4200270,이마트,128.92290403192536,37.77218493598484,107,8,True
2025-05-31,4200246,이명사거리,128.89177153862124,37.764700407126554,56,103,True
2025-05-31,4200245,이명사거리,128.89157918705828,37.764565078717,185,20,True
2025-05-31,4200043,이화해변타운,128.91744670191798,37.78316591377611,20,0,True
2025-05-31,4201397,임경당입구,128.85065952125555,37.73971869052315,0,1,True
2025-05-31,4201398,임경당입구,128.85060665622572,37.73967510840446,,,False
2025-05-31,4200573,임곡,128.95981869884417,37.65381523982265,1,0,True
2025-05-31,4200584,임곡1리,128.97599759967915,37.693758829867754,7,0,True
2025-05-31,4200585,임곡1리,128.97590980007564,37.693767123079255,,,False
2025-05-31,4200583,임곡1리마을회관,128.97465402746607,37.69113733741365,,,False
2025-05-31,4200582,임곡1리마을회관,128.9747545332243,37.69109651601256,4,0,True
2025-05-31,4200575,임곡2리마을회관,128.96541432118602,37.66322091980088,,,False
2025-05-31,4200574,임곡2리마을회관,128.96548889686682,37.66318854424863,1,0,True
2025-05-31,4200578,임곡초등학교,128.970266319495,37.67657078197406,4,0,True
2025-05-31,4200579,임곡초등학교,128.97019094901066,37.676575911433936,,,False
2025-05-31,4200893,임내폭포,128.7939174576728,37.66377320023954,,,False
2025-05-31,4200892,임내폭포,128.79372069070962,37.66362299663701,0,1,True
2025-05-31,4200767,입암1주공아파트,128.90600846284408,37.75457671115239,6,5,True
2025-05-31,4200766,입암1주공아파트,128.90620017782277,37.75501242269486,17,9,True
2025-05-31,4201205,입암2.3주공,128.9161850255649,37.765072488547595,132,1,True
2025-05-31,4201206,입암2.3주공,128.9164847952377,37.764981798289845,5,34,True
2025-05-31,4201047,입암4주공아파트,128.91655461094618,37.76166752794127,4,0,True
2025-05-31,4201048,입암4주공아파트,128.9166989706064,37.761858842951916,0,2,True
2025-05-31,4200757,입암5주공아파트,128.91468852686768,37.759901363335864,47,1,True
2025-05-31,4200755,입암6주공아파트,128.91994172349143,37.75895755917794,5,36,True
2025-05-31,4200754,입암6주공아파트,128.9200510349674,37.759167158773394,164,3,True
2025-05-31,4201052,입암6주공오거리,128.91746262041485,37.758678282328006,0,15,True
2025-05-31,4201051,입암6주공오거리,128.91813149011642,37.75937340656549,38,0,True
2025-05-31,4200763,입암현대아파트,128.91229270015563,37.753112836072376,5,22,True
2025-05-31,4200762,입암현대아파트,128.91270364556544,37.753026994257695,69,0,True
2025-05-31,4200742,자루뫼.옹심이마을,128.93910155337016,37.76225882808405,32,0,True
2025-05-31,4200743,자루뫼.옹심이마을,128.93907508604704,37.76218611247613,0,10,True
2025-05-31,4200588,자원순환센터,128.9884350583326,37.69589916205473,2,0,True
2025-05-31,4200589,자원순환센터,128.98825794255524,37.6958847446048,,,False
2025-05-31,4200807,자조와리,128.87870578002008,37.72632672967291,6,0,True
2025-05-31,4200808,자조와리,128.8787893136159,37.726283262247435,3,0,True
2025-05-31,4200886,자포골,128.83086667060377,37.70702334781653,2,0,True
2025-05-31,4200196,작은다리,128.8261349428677,37.89101262248175,25,143,True
2025-05-31,4200197,작은다리,128.82583778093624,37.88994679111109,200,15,True
2025-05-31,4200454,작은다리사거리,128.82450182834083,37.890319810643184,0,2,True
2025-05-31,4201147,작은다리사거리,128.82430578974427,37.890298608665205,0,2,True
2025-05-31,4200793,잠수교,128.89948844495035,37.7500516781015,,,False
2025-05-31,4200794,잠수교,128.8998046277538,37.75006345498387,,,False
2025-05-31,4200462,장덕1리,128.79552757430156,37.87818242033292,0,1,True
2025-05-31,4200461,장덕1리,128.7955229122852,37.878113650066226,5,0,True
2025-05-31,4200458,장덕2리,128.77147712645024,37.883516051343115,0,1,True
2025-05-31,4200457,장덕2리,128.77149035836987,37.88343140927676,3,0,True
2025-05-31,4200460,장덕2리마을회관,128.77790630744494,37.87964207357677,,,False
2025-05-31,4200459,장덕2리마을회관,128.7777930908638,37.879609504906774,2,0,True
2025-05-31,4201034,장수탕,128.8873508979562,37.75226332684143,4,13,True
2025-05-31,4201033,장수탕,128.88740033590045,37.75217314835415,5,4,True
2025-05-31,4201151,장터마을,128.9723977075807,37.72307968130474,0,1,True
2025-05-31,4201150,장터마을,128.97235424591028,37.72315567930139,2,0,True
2025-05-31,4200116,적십자입구,128.88726321660565,37.757196360936135,24,14,True
2025-05-31,4200117,적십자입구,128.88647213220725,37.75676623567213,52,9,True
2025-05-31,4201125,정동교,129.0324614525895,37.688438171101524,29,0,True
2025-05-31,4201126,정동교,129.03237659003923,37.68846940398579,1,7,True
2025-05-31,4201127,정동진역,129.03224964663548,37.690253441678834,44,14,True
2025-05-31,4201128,정동진역,129.0319921573861,37.69035571739087,7,42,True
2025-05-31,4201123,정동초등학교,129.03393804786398,37.68800336105405,6,0,True
2025-05-31,4201124,정동초등학교,129.03365499665549,37.68789867201399,0,7,True
2025-05-31,4201119,정동해변,129.04025543414897,37.68609620523521,0,9,True
2025-05-31,4201120,정동해변,129.04018588407186,37.686033834572385,4,1,True
2025-05-31,4200833,제비1리마을회관,128.8620977553537,37.71966811408695,,,False
2025-05-31,4200832,제비1리마을회관,128.8621891338796,37.71968864008052,1,0,True
2025-05-31,4200826,제비리,128.85827155633717,37.70524685021708,,,False
2025-05-31,4200838,제비리정미소,128.85946417278979,37.72991051863758,,,False
2025-05-31,4200839,제비리정미소,128.8594036715264,37.72987082372568,0,1,True
2025-05-31,4200878,제비산북교차로,128.85195266618172,37.70260144877975,,,False
2025-05-31,4200879,제비산북교차로,128.85204215694216,37.702600950909385,,,False
2025-05-31,4200825,제비삼거리,128.8615088123862,37.70915992717116,,,False
2025-05-31,4200824,제비삼거리,128.8614786499892,37.70922991859699,,,False
2025-05-31,4200240,젤마을,128.887733025105,37.775438249928285,56,10,True
2025-05-31,4201116,조각공원,129.0419778617943,37.68142324301774,0,7,True
2025-05-31,4201117,조각공원,129.04194075670452,37.681301432273415,,,False
2025-05-31,4201409,조순생가,128.88832466397164,37.713711387376655,1,0,True
2025-05-31,4201423,조순생가,128.88844816983337,37.713682167259954,,,False
2025-05-31,4200432,종합경기장,128.89654249784542,37.771109941446205,23,4,True
2025-05-31,4200433,종합경기장,128.89677683645317,37.77125900731557,6,11,True
2025-05-31,4200544,종합경기장입구,128.89740621946726,37.770531883728914,5,0,True
2025-05-31,4200292,주공1차아파트,128.88256780330317,37.766843575404636,157,4,True
2025-05-31,4200133,주공1차아파트,128.88288690646792,37.76665665089728,3,42,True
2025-05-31,4200530,주공2차아파트,128.8850454710998,37.768615366200436,17,5,True
2025-05-31,4200566,주공2차아파트,128.88486622636958,37.76845428049225,,,False
2025-05-31,4200129,주공3차아파트,128.87933873663175,37.76410589188944,26,45,True
2025-05-31,4201378,주문10리,128.81057617544894,37.89757955797342,1,0,True
2025-05-31,4200027,주문10리,128.81049106440693,37.89755886763472,,,False
2025-05-31,4201377,주문10리종점,128.80246523281295,37.89335520402651,2,0,True
2025-05-31,4200189,주문2리,128.83046007450088,37.897540604441176,31,1,True
2025-05-31,4200299,주문2리,128.83067123183636,37.89750003400375,2,17,True
2025-05-31,4201278,주문진등대,128.83413482750083,37.898607108297156,,,False
2025-05-31,4201277,주문진등대,128.83402573057427,37.898641534767464,7,0,True
2025-05-31,4200452,주문진문화교육센터,128.82210321817664,37.88251990280632,,,False
2025-05-31,4200453,주문진문화교육센터,128.8216607096042,37.88251737897711,2,0,True
2025-05-31,4201276,주문진수산시장,128.82844614486706,37.89014411628092,1,35,True
2025-05-31,4201275,주문진수산시장,128.82825290581502,37.88995969444888,41,18,True
2025-05-31,4200200,주문진시외버스터미널,128.8253113527999,37.88508198031381,32,96,True
2025-05-31,4200448,주문진시외버스터미널,128.8255388895829,37.884201127994984,13,15,True
2025-05-31,4200305,주문진시외버스터미널,128.82509871282576,37.88458386690221,176,28,True
2025-05-31,4200202,주문진식자재마트,128.82596782269363,37.881485546216574,34,30,True
2025-05-31,4200029,주문진읍사무소,128.82486977710943,37.892686971435495,,,False
2025-05-31,4201393,주문진읍사무소,128.82369473290439,37.893285463228835,,,False
2025-05-31,4200971,주문진읍사무소,128.8246799183624,37.892745035212215,1,0,True
2025-05-31,4201391,주문진읍사무소,128.8238312459903,37.8934502421149,,,False
2025-05-31,4200308,주문진중.고등학교.강릉정보고,128.82672327638434,37.87982425913257,49,44,True
2025-05-31,4200204,주문진중학교,128.82690197641236,37.87887483229283,132,23,True
2025-05-31,4200532,주문진항,128.8290758047728,37.892766657375546,0,4,True
2025-05-31,4200195,주문진항입구,128.82690557497094,37.892668432750234,13,65,True
2025-05-31,4200194,주문진항입구,128.82670250148865,37.8926318795772,165,9,True
2025-05-31,4200181,주문진해변,128.81692175696733,37.90940788063508,65,4,True
2025-05-31,4200182,주문진해변,128.81704671925502,37.90944057885068,0,61,True
2025-05-31,4202062,주수1리,129.04484649940426,37.61466278284313,2,0,True
2025-05-31,4202072,주수1리,129.0445825275631,37.61484876921252,,,False
2025-05-31,4202102,주수2리,129.05347399898523,37.618026714837086,,,False
2025-05-31,4202112,주수2리,129.0534798781985,37.618295982570245,,,False
2025-05-31,4200752,중앙초교,128.9223833558042,37.757342016100644,76,4,True
2025-05-31,4200753,중앙초교,128.92202942311576,37.75730416097501,3,16,True
2025-05-31,4200229,즈므.과학단지,128.86079294239343,37.79710821329875,3,7,True
2025-05-31,4200138,즈므.과학단지,128.8604076986006,37.79746479759031,28,6,True
2025-05-31,4200378,즈므교,128.8504671545161,37.79077991715075,,,False
2025-05-31,4200377,즈므교,128.8503710096998,37.790650810639626,,,False
2025-05-31,4200083,지변동,128.87676045382563,37.771874023944235,0,6,True
2025-05-31,4201406,지암사입구,128.8326543984501,37.76849221810292,1,0,True
2025-05-31,4200412,진고개휴게소,128.65865259925027,37.84288643809636,1,0,True
2025-05-31,4200413,진고개휴게소,128.6587993033944,37.842974758114,,,False
2025-05-31,4200023,진골,128.863668793898,37.7068476306324,,,False
2025-05-31,4200284,진골,128.86337243060487,37.70683089545619,1,0,True
2025-05-31,4200044,차고지대기(미정차),128.93316603832002,37.76938974153612,,,False
2025-05-31,4200749,차돌광,128.92683577267843,37.75897194822883,2,2,True
2025-05-31,4200748,차돌광,128.92675717507132,37.75922428188879,5,0,True
2025-05-31,4200469,참샘,128.79799114449304,37.90957457625894,,,False
2025-05-31,4200638,천주교회,128.91475255178224,37.69917256372598,,,False
2025-05-31,4200637,천주교회,128.9146583268783,37.69918070112344,2,0,True
2025-05-31,4201070,철길건널목앞,128.9484470278131,37.73765389539244,3,1,True
2025-05-31,4201071,철길건널목앞,128.94850270661007,37.73757538406423,,,False
2025-05-31,4200219,청솔공원,128.84744835859598,37.832296445829655,15,5,True
2025-05-31,4200314,청솔공원,128.84780404863866,37.83218520189828,3,1,True
2025-05-31,4201234,초당분수공원,128.92421540479356,37.78614360918137,7,75,True
2025-05-31,4201233,초당분수공원,128.9221385517862,37.785996929695614,85,27,True
2025-05-31,4200617,초당순두부마을,128.91553146572582,37.791098464762065,0,16,True
2025-05-31,4200616,초당순두부마을,128.91545728509436,37.791144787216254,1,0,True
2025-05-31,4202175,큰방파제,128.83179865169402,37.89485760516111,,,False
2025-05-31,4200947,탑동교,128.84609145028975,37.66009383864923,9,0,True
2025-05-31,4200948,탑동교,128.84599983023696,37.66005118972853,0,5,True
2025-05-31,4200119,터미널오거리,128.88381140539954,37.755579088211434,121,10,True
2025-05-31,4200118,터미널오거리,128.8840640923818,37.75608209292866,27,68,True
2025-05-31,4200175,퇴곡,128.75248295369062,37.85110547320165,1,0,True
2025-05-31,4200174,퇴곡,128.75226108332112,37.851299039517386,,,False
2025-05-31,4200329,퇴곡1리경로당,128.74128473074444,37.849334595953835,2,0,True
2025-05-31,4200330,퇴곡1리경로당,128.7415928535256,37.84950756791581,,,False
2025-05-31,4200173,퇴곡2리,128.71633081209328,37.84807753595964,,,False
2025-05-31,4200032,퇴곡2리,128.71714904545294,37.84816614353958,,,False
2025-05-31,4200015,퇴곡2리마을회관,128.72561567385543,37.84863292575607,,,False
2025-05-31,4201200,파란바다지역아동센터,128.82465599155947,37.88451042268901,,,False
2025-05-31,4201146,파란바다지역아동센터,128.8248619925949,37.88456697851607,0,2,True
2025-05-31,4200529,판교2리마을회관,128.84660458171092,37.84287891189836,,,False
2025-05-31,4200391,판교리,128.86009464856716,37.83346652558502,,,False
2025-05-31,4200389,판교리,128.8629774027657,37.834258791663885,2,0,True
2025-05-31,4200733,평안의집,128.90510785537055,37.74063841474535,2,0,True
2025-05-31,4200734,평안의집,128.90504736881275,37.740698188102115,,,False
2025-05-31,4200921,평촌,128.84963218200156,37.552631723106046,1,0,True
2025-05-31,4200922,평촌,128.84954094616108,37.55267396579829,,,False
2025-05-31,4201236,포남2주공입구,128.91810027987142,37.77873395771816,3,30,True
2025-05-31,4201220,포남2주공입구,128.9179885478381,37.77901498558293,68,5,True
2025-05-31,4200318,포남시장,128.90766061502285,37.76392281820552,137,16,True
2025-05-31,4200084,풋살경기장옆,128.87680703199706,37.77165010517057,22,0,True
2025-05-31,4200806,프라자약국,128.87901214606964,37.728760157474696,,,False
2025-05-31,4200805,프라자약국,128.8789292364003,37.728699480498165,,,False
2025-05-31,4201091,피내,129.0067163489339,37.64587762691358,,,False
2025-05-31,4201090,피내,129.00674352158242,37.645808828332775,,,False
2025-05-31,4200359,하나로마트내곡점,128.88026417146904,37.7410809708167,104,0,True
2025-05-31,4200360,하나로마트내곡점,128.88016921110417,37.740597240336115,2,26,True
2025-05-31,4201315,하반암,128.98110553425494,37.584185619903295,,,False
2025-05-31,4201314,하반암,128.98089810223846,37.584168867911764,,,False
2025-05-31,4201132,하슬라아트월드,129.01185439171851,37.70733375846832,5,25,True
2025-05-31,4201131,하슬라아트월드,129.0118479436692,37.70752248078149,15,4,True
2025-05-31,4200110,하슬라중,128.90715554439282,37.77053362559672,116,10,True
2025-05-31,4200111,하슬라중,128.90761293140218,37.77043125987649,16,25,True
2025-05-31,4201063,하시동3리3반,128.96021404883618,37.74070043268972,0,1,True
2025-05-31,4201069,하시동3리3반,128.96017032919647,37.7406590489229,,,False
2025-05-31,4201065,하시동3리마을회관,128.95566357584553,37.73740461978908,,,False
2025-05-31,4200028,하시동3리마을회관,128.95568079152127,37.73745764026289,5,0,True
2025-05-31,4201182,하시동입구,128.94045988509035,37.73612720331248,,,False
2025-05-31,4201181,하시동입구,128.94066964706647,37.73622577281252,1,0,True
2025-05-31,4200131,하이빌현대아파트,128.8824547932286,37.764860822549025,10,21,True
2025-05-31,4200669,하이샤시,128.91728256074563,37.71407658570209,1,0,True
2025-05-31,4200670,하이샤시,128.91718137940222,37.71406745689133,,,False
2025-05-31,4200387,하평리,128.86670662673083,37.834355194382326,,,False
2025-05-31,4200386,하평리,128.86662078612576,37.834407329862614,1,0,True
2025-05-31,4200008,하평리,128.87213896973955,37.836286638716444,4,0,True
2025-05-31,4200228,학고개,128.8599242703853,37.80596957371411,5,1,True
2025-05-31,4200227,학고개,128.86104076560957,37.80452897124611,2,5,True
2025-05-31,4200718,학마을앞,128.88924569543022,37.716217165702425,,,False
2025-05-31,4200717,학마을앞,128.88924287497164,37.716130571204594,,,False
2025-05-31,4200720,학산1리,128.8893588713931,37.7158468763211,4,1,True
2025-05-31,4200697,학산1리,128.89410318195965,37.709756692977734,,,False
2025-05-31,4201424,학산1리,128.88951590870155,37.71580085246317,,,False
2025-05-31,4200703,학산2리,128.89237120059903,37.69808781147039,,,False
2025-05-31,4200709,학산2리마을회관,128.8886619883527,37.70619292326437,,,False
2025-05-31,4200710,학산2리마을회관,128.88859103012294,37.70624396434639,0,3,True
2025-05-31,4200657,학산3리마을회관,128.90349173805726,37.7044381914233,2,0,True
2025-05-31,4200658,학산3리마을회관,128.9032366866668,37.70451960385839,,,False
2025-05-31,4200664,학산기갑부대앞,128.9059307650165,37.71218874629587,,,False
2025-05-31,4200663,학산기갑부대앞,128.90587703156245,37.71210753958188,0,1,True
2025-05-31,4200695,학산둔지,128.89465764592643,37.71376560853827,,,False
2025-05-31,4200691,학산부대앞,128.9016572721052,37.71202064934549,,,False
2025-05-31,4200662,학산부대앞,128.90202642695186,37.711725950607516,,,False
2025-05-31,4200661,학산부대앞,128.9019476905442,37.7115824967992,,,False
2025-05-31,4200685,학산부대후문,128.90185937428248,37.71950094147702,,,False
2025-05-31,4200705,학산설래,128.89315390645208,37.69579111479832,,,False
2025-05-31,4200706,학산설래,128.8930578775653,37.69580131479523,2,2,True
2025-05-31,4200744,학우리,128.93367670500427,37.76075578732405,11,1,True
2025-05-31,4200157,한과마을,128.83514950759155,37.81456555427515,3,0,True
2025-05-31,4200158,한과마을,128.8351667630484,37.81469760511987,,,False
2025-05-31,4200251,한국은행,128.89406630781096,37.753485602290496,1441,491,True
2025-05-31,4200095,한국자산관리공사,128.90111921880606,37.75827929877246,71,65,True
2025-05-31,4200780,한국폴리텍대학,128.8886097800722,37.73837235643407,3,1,True
2025-05-31,4200567,한내들아파트,128.8681446784216,37.75790349269205,63,5,True
2025-05-31,4200568,한내들아파트,128.86810919243274,37.75812879141779,,,False
2025-05-31,4202132,한라시멘트,129.05801411879924,37.61804339970914,,,False
2025-05-31,4202122,한라시멘트,129.0576841685535,37.617825813670024,,,False
2025-05-31,4201096,한라아파트,129.0309268732134,37.598168202920746,4,0,True
2025-05-31,4200737,한라아파트,129.03082754941428,37.598166681025575,,,False
2025-05-31,4200231,한밭입구,128.86496052027113,37.791610745411326,0,5,True
2025-05-31,4200230,한밭입구,128.86424835021418,37.79176559208253,7,0,True
2025-05-31,4200641,한빛마을입구,128.9070507747374,37.69408474392719,7,3,True
2025-05-31,4200642,한빛마을입구,128.90709305020837,37.69401534995285,,,False
2025-05-31,4200290,한솔초교,128.91448068318238,37.77500059793141,14,17,True
2025-05-31,4200289,한솔초교,128.9142086436632,37.775058134113436,117,3,True
2025-05-31,4200091,한옥마을,128.877399547533,37.77711052551884,,,False
2025-05-31,4200090,한옥마을,128.8775249835254,37.777067812459386,6,0,True
2025-05-31,4201141,한전사택,128.98448942076186,37.73113028141804,5,0,True
2025-05-31,4201142,한전사택,128.9844997909205,37.731015358793705,0,2,True
2025-05-31,4200872,할머니추어탕,128.85042441394495,37.73470101792724,,,False
2025-05-31,4201399,항생골입구,128.84855527295463,37.74848089866381,,,False
2025-05-31,4201400,항생골입구,128.84848669485692,37.7484721037036,1,0,True
2025-05-31,4200056,해당화연립,128.9356053065312,37.7785328972295,1,9,True
2025-05-31,4200055,해당화연립,128.93501598562065,37.778964657496246,44,19,True
2025-05-31,4200144,해살이,128.81433946380196,37.79231712471411,0,1,True
2025-05-31,4200143,해살이,128.81431621857197,37.79226836473926,8,0,True
2025-05-31,4200554,해송삼거리,128.92513343525474,37.78843042396744,14,0,True
2025-05-31,4200553,해송삼거리,128.9252087534945,37.78824187943356,0,19,True
2025-05-31,4201349,해수리튬연구센터,129.04470822782702,37.636135770169766,2,0,True
2025-05-31,4201346,해수리튬연구센터,129.0451313882053,37.63512172396965,,,False
2025-05-31,4200539,해오름쉼터,128.8415292308554,37.871715916564284,2,2,True
2025-05-31,4200517,해오름쉼터,128.8414184387453,37.87167485028107,,,False
2025-05-31,4200283,해운정,128.8896806331549,37.78564440698094,0,4,True
2025-05-31,4200074,해운정,128.8896478172347,37.78577024652339,3,0,True
2025-05-31,4200659,해찬들,128.90171063124305,37.70707432471398,3,1,True
2025-05-31,4200660,해찬들,128.9016482334898,37.707080017547234,,,False
2025-05-31,4200746,핸들,128.93045204662351,37.75995348297138,2,0,True
2025-05-31,4200747,핸들,128.9303807394757,37.75966393792041,0,1,True
2025-05-31,4200341,행정,128.7939888659289,37.852922738954625,1,0,True
2025-05-31,4200340,행정,128.79244492389662,37.85304272496013,4,0,True
2025-05-31,4200333,행정2리,128.7667909122159,37.85086547031576,,,False
2025-05-31,4200334,행정2리,128.76721113927047,37.850915515839276,,,False
2025-05-31,4201384,행정2리마을회관,128.7837597224069,37.85121868121593,1,0,True
2025-05-31,4200338,행정2리마을회관,128.783920231759,37.85143615617747,0,1,True
2025-05-31,4200177,행정2리신촌마을,128.7785874984292,37.85062890818297,,,False
2025-05-31,4200176,행정2리신촌마을,128.77862819412928,37.85045242944766,,,False
2025-05-31,4200232,행정마을,128.8694510816438,37.7889272082235,11,2,True
2025-05-31,4200233,행정마을,128.8703519994515,37.78859256038236,1,5,True
2025-05-31,4202176,향호리,128.8104013560146,37.915168235805275,,,False
2025-05-31,4200473,향호리,128.81023394642006,37.915207861254615,73,19,True
2025-05-31,4202177,향호리,128.81064186477658,37.91536952760439,,,False
2025-05-31,4200180,향호리,128.81000074924998,37.91526938265188,,,False
2025-05-31,4200470,향호삼거리,128.8055443775983,37.91039955131909,,,False
2025-05-31,4200467,향호저수지,128.78868941134147,37.904053051022615,,,False
2025-05-31,4200466,향호회관,128.8035439820285,37.89964778843476,0,1,True
2025-05-31,4200371,허균.허난설헌기념공원,128.9099040371541,37.79022786972901,6,8,True
2025-05-31,4201259,허균.허난설헌기념공원,128.90952498226952,37.789422425132265,12,23,True
2025-05-31,4200370,허균.허난설헌기념공원,128.90979333997709,37.79017067397969,,,False
2025-05-31,4201258,허균.허난설헌기념공원,128.9098403915302,37.789953897145395,17,2,True
2025-05-31,4200041,허균생가입구,128.91292892790995,37.78786454215139,18,0,True
2025-05-31,4200647,허난설헌삼거리,128.91326614067623,37.792240418323686,27,21,True
2025-05-31,4200098,허난설헌삼거리,128.9131333359753,37.79177727582709,17,50,True
2025-05-31,4202012,현내1리연탄직매장,129.03280124237224,37.6062049238953,1,0,True
2025-05-31,4202002,현내1리연탄직매장,129.03293193002432,37.60609468782852,,,False
2025-05-31,4201309,현내교,129.02932870216884,37.60121947406311,,,False
2025-05-31,4201308,현내교,129.02929130812174,37.60128987598838,,,False
2025-05-31,4200034,현내리,129.03644185085787,37.61785851158642,0,1,True
2025-05-31,4200046,현내리,129.03655884799974,37.617883796095704,,,False
2025-05-31,4200130,현대2차아파트,128.87999435131803,37.764311243841746,254,8,True
2025-05-31,4200591,현대모비스,128.98854560129584,37.70748766417137,,,False
2025-05-31,4200590,현대모비스,128.98862075193523,37.70745325617163,,,False
2025-05-31,4201207,현대자동차서비스,128.9189460603978,37.76507644083287,,,False
2025-05-31,4200326,현덕사입구,128.71038523685135,37.84696339414248,3,0,True
2025-05-31,4200172,현덕사입구,128.7097155940442,37.84705089816417,0,1,True
2025-05-31,4200045,형제막국수,128.86624288991882,37.755124519467394,12,0,True
2025-05-31,4209992,형제막국수,128.8658104402118,37.755293592514285,0,1,True
2025-05-31,4200265,혜성연립,128.91575952067353,37.76841531999017,14,85,True
2025-05-31,4200266,혜성연립,128.9154402649905,37.76852760326643,238,15,True
2025-05-31,4201064,호장골,128.96090744086658,37.738133233851606,0,2,True
2025-05-31,4201068,호장골,128.96083159328956,37.73815121425806,1,0,True
2025-05-31,4201405,홈방골,128.83894035853254,37.753110338802365,6,0,True
2025-05-31,4201029,홍제I.C,128.87894077910576,37.74749468304007,0,2,True
2025-05-31,4201028,홍제I.C,128.8794230311205,37.7473811776377,15,1,True
2025-05-31,4201030,홍제동주민센터,128.88454291738702,37.74807153236862,1,13,True
2025-05-31,4200067,홍제동주민센터,128.8842229051066,37.747848454396006,22,7,True
2025-05-31,4200683,화신주방,128.90243322099724,37.721781731022375,,,False
2025-05-31,4200615,화실길,128.85175310347609,37.575351952404525,,,False
2025-05-31,4200614,화실길,128.85164256606296,37.57535230419804,,,False
2025-05-31,4201324,황기골,128.95704823893803,37.573480554142556,,,False
2025-05-31,4201325,황기골,128.9570289624241,37.57336816682693,,,False
2025-05-31,4200845,회산교,128.86893532851613,37.74168123777201,0,13,True
2025-05-31,4200844,회산교,128.86938257728545,37.741799533605175,18,0,True
2025-05-31,4200398,회산종점,128.8605464983993,37.731597103272264,17,0,True
2025-05-31,4200847,회산주공1단지,128.87955033053632,37.744879735537495,0,5,True
2025-05-31,4200846,회산주공1단지,128.87934233274848,37.74463886683866,35,0,True
2025-05-31,4200758,회산주공2단지,128.8755135006868,37.7435978056025,0,7,True
2025-05-31,4200062,회산주공2단지,128.87633822960112,37.74368399842067,66,0,True
2025-05-31,4201115,효도마을,129.04503133124638,37.67430713535879,,,False
2025-05-31,4201114,효도마을,129.04512985205253,37.674325626528194,,,False
2025-05-31,4201293,흑시골,129.02374105990518,37.577665442657434,,,False
2025-05-31,4201292,흑시골,129.023679012477,37.57773843891508,,,False
2025-06-01,4201421,(구)월호평동사무소,128.93612294474602,37.73542207247549,,,False
2025-06-01,4200106,KT,128.91181164590185,37.77275858732733,246,6,True
2025-06-01,4200107,KT,128.9125052185983,37.77309475265464,24,65,True
2025-06-01,4200797,KTX공영주차장환승장,128.8967850727094,37.762190942376556,5,7,True
2025-06-01,4200547,e-편한세상아파트,128.895218937497,37.769600465674785,3,8,True
2025-06-01,4200546,e-편한세상아파트,128.89508217030252,37.76981271024109,21,7,True
2025-06-01,4200368,가둔지유적,128.882327030694,37.82527019767428,2,0,True
2025-06-01,4200369,가둔지유적,128.882153019297,37.82520493756786,2,2,True
2025-06-01,4200969,가마골,128.79478117549075,37.72231567644804,1,0,True
2025-06-01,4200533,가마골,128.79546755385968,37.722099902068294,1,1,True
2025-06-01,4201327,가사골,128.95364127595002,37.572947377645065,,,False
2025-06-01,4201326,가사골,128.95366508671376,37.57302501168563,,,False
2025-06-01,4201376,가작다리입구,128.8944549231389,37.76589747732919,4,12,True
2025-06-01,4201375,가작다리입구,128.8943546413669,37.766101443660936,2,1,True
2025-06-01,4200726,가축위생시험사업소,128.90125274168807,37.729547291652196,0,1,True
2025-06-01,4200725,가축위생시험사업소,128.90146946473587,37.729510021653965,3,0,True
2025-06-01,4200050,가톨릭관동대북문,128.8721246228799,37.73769671240302,39,5,True
2025-06-01,4200063,가톨릭관동대학교,128.87804152995903,37.738296118202754,286,103,True
2025-06-01,4200164,갈골한과,128.84368704633178,37.82462303691711,,,False
2025-06-01,4200163,갈골한과,128.84366180450007,37.82449975412136,1,0,True
2025-06-01,4200577,갈버든,128.96722169547306,37.666241797535086,,,False
2025-06-01,4200576,갈버든,128.9673126799485,37.66623695179046,1,0,True
2025-06-01,4200982,감나무민박,128.7987894816223,37.73785238030648,,,False
2025-06-01,4200981,감나무민박,128.79885844666603,37.737822198803215,,,False
2025-06-01,4200914,감자채종포마을,128.83346021183766,37.53338333057324,,,False
2025-06-01,4200915,감자채종포마을,128.8336264013535,37.53350667836036,2,0,True
2025-06-01,4200789,강남동주민센터,128.9049218912141,37.74425517651889,,,False
2025-06-01,4201177,강동면사무소,128.9546118972993,37.72728097155823,1,6,True
2025-06-01,4200005,강동무료주차장,129.03151265934136,37.688945395109045,1,0,True
2025-06-01,4200019,강동무료주차장,129.03136520192535,37.68890256497467,0,4,True
2025-06-01,4200016,강동종합복지회관,128.9534097899608,37.72765187744945,7,2,True
2025-06-01,4200026,강동종합복지회관,128.95225785335822,37.72821012800672,,,False
2025-06-01,4201178,강동하나로마트,128.95391314710383,37.72680705851969,,,False
2025-06-01,4200525,강동하나로마트,128.95401701690832,37.726761856774424,,,False
2025-06-01,4200542,강릉MBC,128.90392601394964,37.77039013888439,2,1,True
2025-06-01,4200058,강릉경찰서,128.906855517511,37.76775326359568,9,4,True
2025-06-01,4200057,강릉경찰서,128.90688706685629,37.768055768979885,43,9,True
2025-06-01,4200287,강릉고등학교,128.91470458416677,37.788540253578724,85,0,True
2025-06-01,4200101,강릉고입구,128.92013482012848,37.783607089094346,82,8,True
2025-06-01,4200102,강릉고입구,128.92044843215433,37.78352944320342,17,41,True
2025-06-01,4200048,강릉고정문,128.91587216477294,37.7875280017598,15,2,True
2025-06-01,4200047,강릉고정문,128.91550078840652,37.78828834947499,7,99,True
2025-06-01,4200112,강릉관광개발공사,128.9085231695166,37.76800046518587,7,1,True
2025-06-01,4200113,강릉관광개발공사,128.90865897771857,37.76820323697218,9,6,True
2025-06-01,4201024,강릉교도소,128.86643612221636,37.745817949506176,2,1,True
2025-06-01,4201023,강릉교도소,128.8655195073396,37.7459157793766,0,3,True
2025-06-01,4200430,강릉국민체육센터,128.89711747432256,37.77640154864734,2,6,True
2025-06-01,4200431,강릉국민체육센터,128.8964868887264,37.776906315186,17,0,True
2025-06-01,4200881,강릉기도원입구,128.8490436050476,37.69867520520206,,,False
2025-06-01,4200880,강릉기도원입구,128.84913047105903,37.69875658463013,,,False
2025-06-01,4201257,강릉녹색도시체험센터,128.90662264590688,37.78655657001431,16,3,True
2025-06-01,4201256,강릉녹색도시체험센터,128.90742209068117,37.786856581754364,2,12,True
2025-06-01,4201038,강릉농협중앙지점,128.90002047054392,37.7602043259228,11,14,True
2025-06-01,4201039,강릉농협중앙지점,128.8996914930678,37.76005119983009,11,25,True
2025-06-01,4200852,강릉대도호부관아,128.8916610029413,37.75117323796815,20,27,True
2025-06-01,4200853,강릉대도호부관아,128.89234522879923,37.75163825691615,23,62,True
2025-06-01,4200146,강릉면허시험장,128.81937813512624,37.79573671702786,,,False
2025-06-01,4200145,강릉면허시험장,128.81940419285692,37.79563172548221,,,False
2025-06-01,4200122,강릉문화원,128.8740921031382,37.75789663608161,3,21,True
2025-06-01,4201136,강릉바다내음캠핑장,129.00390469104653,37.71858688540818,,,False
2025-06-01,4201135,강릉바다내음캠핑장,129.0043696849979,37.7181216327924,,,False
2025-06-01,4200400,강릉복합복지체육센터,128.87000704257403,37.762859214055275,13,0,True
2025-06-01,4200401,강릉복합복지체육센터,128.87017698555522,37.76290354322161,8,22,True
2025-06-01,4200291,강릉소방서,128.87109869210374,37.758191496775595,6,9,True
2025-06-01,4200548,강릉소방서,128.87119323619314,37.7580009949989,114,11,True
2025-06-01,4200009,강릉솔향수목원,128.86668479243338,37.701851797491,,,False
2025-06-01,4201144,강릉승마장,128.9814636223547,37.728585253094074,0,1,True
2025-06-01,4201143,강릉승마장,128.98140559088012,37.728642395571235,,,False
2025-06-01,4200120,강릉시외.고속터미널,128.8792265208128,37.75505492071011,150,426,True
2025-06-01,4200121,강릉시외.고속터미널,128.87911620808939,37.75486594086855,627,126,True
2025-06-01,4201027,강릉시청,128.8780384572547,37.75085435055292,,,False
2025-06-01,4200750,강릉시청앞,128.88013307678156,37.753651204654936,0,3,True
2025-06-01,4201237,강릉아산병원(강릉방면),128.8575951802683,37.81786664293397,5,2,True
2025-06-01,4200446,강릉아산병원(주문진방면),128.8575142394361,37.817740516347506,0,1,True
2025-06-01,4200317,강릉아산병원.강릉약국,128.856152685967,37.816231407654854,69,6,True
2025-06-01,4200418,강릉아산병원.강릉약국,128.8564121349402,37.81631278949057,18,29,True
2025-06-01,4200612,강릉아이스아레나,128.89502259832767,37.78025795268572,20,3,True
2025-06-01,4200006,강릉아이스아레나,128.89519306784848,37.78029319605429,2,5,True
2025-06-01,4200094,강릉여고,128.90248424479844,37.75904463050879,169,90,True
2025-06-01,4201203,강릉여고정문,128.90560348975578,37.75872376948264,0,2,True
2025-06-01,4201202,강릉여고정문,128.90529773129947,37.759257611132256,0,1,True
2025-06-01,4200721,강릉역,128.8992580056024,37.76416330670135,775,254,True
2025-06-01,4200293,강릉역건너편,128.8990669694857,37.76400772021464,216,193,True
2025-06-01,4200624,강릉역공영주차장,128.89773544865136,37.76439168846434,3,4,True
2025-06-01,4200625,강릉역공영주차장,128.89784270199107,37.76437149155158,4,0,True
2025-06-01,4200319,강릉역육거리,128.90168116661832,37.76358515067785,1,3,True
2025-06-01,4200320,강릉역육거리,128.9015605860337,37.763796951176055,23,26,True
2025-06-01,4201022,강릉영동대학,128.8591288923703,37.74495955027462,0,22,True
2025-06-01,4201021,강릉영동대학,128.85922425091306,37.74487059276654,67,1,True
2025-06-01,4200850,강릉의료원,128.88880799404643,37.748819708567,14,18,True
2025-06-01,4200851,강릉의료원,128.89091430945297,37.74975576653371,15,23,True
2025-06-01,4200650,강릉자동차극장,128.89662514456037,37.69318993028765,,,False
2025-06-01,4200649,강릉자동차극장,128.89682798746503,37.69309290590324,1,0,True
2025-06-01,4200033,강릉전파관리소,128.83186726371997,37.85836861510729,,,False
2025-06-01,4200035,강릉전파관리소,128.83226068928573,37.85830420673383,,,False
2025-06-01,4200247,강릉제일고,128.8918779735197,37.759537356247826,37,54,True
2025-06-01,4200248,강릉제일고,128.89200478710157,37.759050283679514,53,41,True
2025-06-01,4200761,강릉중앙고,128.912160218414,37.75937561358479,1,1,True
2025-06-01,4200760,강릉중앙고,128.9128964493442,37.75959593531339,11,0,True
2025-06-01,4201197,강릉중입구,128.9042740269736,37.752586182446684,28,1,True
2025-06-01,4201196,강릉중입구,128.90469921141985,37.752586496675974,3,19,True
2025-06-01,4200321,강릉축산농협,128.9049229187372,37.76619229629584,2,11,True
2025-06-01,4201138,강릉통일공원,128.99659850067323,37.72434136600358,,,False
2025-06-01,4201137,강릉통일공원,128.99670944982654,37.7243539137021,2,0,True
2025-06-01,4209998,강문해변,128.91631032849583,37.79540813828357,12,4,True
2025-06-01,4200613,강문해변,128.91641678869786,37.79529298920251,37,71,True
2025-06-01,4201261,강문해변입구,128.9152492720649,37.794762154181576,23,102,True
2025-06-01,4201260,강문해변입구,128.91519487645675,37.79459950672752,154,8,True
2025-06-01,4200356,강원대학교,128.87391738137654,37.77033026766949,65,16,True
2025-06-01,4201041,강원대학교입구,128.87514521071003,37.77009542292022,3,7,True
2025-06-01,4201042,강원대학교입구,128.87494102107277,37.7696221436885,5,3,True
2025-06-01,4200085,강원대학교입구,128.874129341808,37.77078800232456,,,False
2025-06-01,4209996,강원대학교치과대학병원,128.86960214597158,37.764020747480245,,,False
2025-06-01,4209995,강원대학교치과대학병원,128.86959763767547,37.76381436688745,,,False
2025-06-01,4200086,강원대학교후문,128.8748802531449,37.77322772576275,0,9,True
2025-06-01,4200087,강원대학교후문,128.87498639848286,37.77315204059329,41,0,True
2025-06-01,4200059,강원도교육연수원,128.9180532877992,37.78499697853126,3,1,True
2025-06-01,4200100,강원도교육연수원,128.91813970318609,37.785074864473685,0,36,True
2025-06-01,4200205,강원도립대,128.82840415011668,37.87652579934979,142,16,True
2025-06-01,4200206,강원도립대,128.8283096996467,37.87693859362977,31,61,True
2025-06-01,4200836,강원예술고교,128.8616868324728,37.72543906074348,,,False
2025-06-01,4200837,강원예술고교,128.86150617422848,37.725488347649346,,,False
2025-06-01,4200081,강일여고정문,128.88831689919587,37.76415997041872,0,1,True
2025-06-01,4200082,강일여고정문,128.8875516595327,37.76393626119314,,,False
2025-06-01,4200840,강일운수(회산한신더휴아파트),128.8635961632995,37.73687831617277,33,1,True
2025-06-01,4200841,강일운수(회산한신더휴아파트),128.86326996430768,37.736857601908014,0,1,True
2025-06-01,4200834,개화대,128.8608572684192,37.723176690790936,,,False
2025-06-01,4200835,개화대,128.8607659459164,37.72312828112019,,,False
2025-06-01,4200899,검뎅이골위,128.78664108542844,37.649625029205744,1,0,True
2025-06-01,4200898,검뎅이골위,128.78655586032616,37.64966319680761,,,False
2025-06-01,4200522,게스트하우스거리,128.8339253329715,37.896167167389095,0,2,True
2025-06-01,4200531,게스트하우스거리,128.83380690814315,37.89613511363595,,,False
2025-06-01,4200103,경포고교,128.9190546436117,37.78057981084284,4,11,True
2025-06-01,4200288,경포고교,128.91881546540267,37.78075927662396,76,9,True
2025-06-01,4200073,경포대.참소리박물관,128.89723222843386,37.79547838966498,3,13,True
2025-06-01,4200072,경포대.참소리박물관,128.89706080745114,37.7955214111198,20,2,True
2025-06-01,4200077,경포동주민센터,128.88052383810168,37.78412865726848,3,1,True
2025-06-01,4200078,경포동주민센터,128.8806150484207,37.78405330055861,2,1,True
2025-06-01,4200061,경포중학교,128.90033514931517,37.74283267675838,,,False
2025-06-01,4200618,경포중학교,128.90069076576023,37.743138298255545,,,False
2025-06-01,4200080,경포초등학교,128.87893593974582,37.76974854746925,80,6,True
2025-06-01,4201242,경포해변,128.9052529004403,37.80440358093674,410,235,True
2025-06-01,4200323,경포해변,128.90582022350918,37.80466237027648,19,26,True
2025-06-01,4201420,경포해변(종점),128.9052815401602,37.80443707912235,,,False
2025-06-01,4200071,경포현대아파트,128.90335968993816,37.80120612421906,0,7,True
2025-06-01,4200070,경포현대아파트,128.90338270723402,37.80169652808461,65,1,True
2025-06-01,4201267,경포호,128.91154424859525,37.79966287216199,24,79,True
2025-06-01,4201266,경포호,128.91144337577538,37.79931158521169,99,18,True
2025-06-01,4200918,고단,128.84976344595395,37.5207024756447,,,False
2025-06-01,4201394,고단,128.84964328725079,37.520715172151846,,,False
2025-06-01,4201392,고단2.3리교차로,128.8353830314886,37.52461528706331,,,False
2025-06-01,4200917,고단2.3리교차로,128.8355935759617,37.52458832137048,,,False
2025-06-01,4200916,고단2.3리교차로,128.83542781016814,37.524465083382744,1,1,True
2025-06-01,4202165,고단3리,128.81638819970956,37.540155755487774,,,False
2025-06-01,4202166,고단3리,128.81639746865173,37.540229174022585,,,False
2025-06-01,4201396,고단경로당,128.83061361145448,37.52560229950637,,,False
2025-06-01,4201395,고단경로당,128.83055880947413,37.52554334571904,,,False
2025-06-01,4201390,고단보건소,128.84167794386417,37.52176894228016,,,False
2025-06-01,4201389,고단보건소,128.84161540861714,37.52185303156361,,,False
2025-06-01,4200115,고용센터,128.8890663454416,37.75714942132559,62,33,True
2025-06-01,4200114,고용센터,128.88893105798073,37.75744085258255,32,21,True
2025-06-01,4201113,곰두리연수원,129.04780833020064,37.667941690344094,,,False
2025-06-01,4201112,곰두리연수원,129.04789745395954,37.66792061520934,,,False
2025-06-01,4200153,공군부대앞,128.9401442605218,37.74622686326912,0,1,True
2025-06-01,4201061,공군부대앞,128.94003300356817,37.746317953634374,3,0,True
2025-06-01,4201186,공군부대입구,128.93000750087512,37.7400489172058,2,0,True
2025-06-01,4201187,공군부대입구,128.93007021980833,37.739837207659924,0,2,True
2025-06-01,4201062,공군부대후문,128.95917736919824,37.74910624884217,3,0,True
2025-06-01,4201209,공단,128.92205416940635,37.765196014305694,9,0,True
2025-06-01,4200191,공단,128.92224127533925,37.765245144772656,0,1,True
2025-06-01,4201025,공제마을,128.87156333276334,37.74608024312632,3,0,True
2025-06-01,4201026,공제마을,128.87155618347816,37.74635646052236,1,2,True
2025-06-01,4200379,과학교차로,128.85431089568786,37.79406859939951,,,False
2025-06-01,4200380,과학교차로,128.85488574683825,37.79412119394899,,,False
2025-06-01,4202174,관동중학교,128.88185544452548,37.756909416385795,,,False
2025-06-01,4202173,관동중학교,128.88157113042865,37.75688715011548,,,False
2025-06-01,4201228,관솔길,128.86971281684745,37.739544628947385,7,0,True
2025-06-01,4201229,관솔길,128.86962790539826,37.73951707468259,2,0,True
2025-06-01,4200860,관음1리,128.82994944568443,37.72835720885695,,,False
2025-06-01,4200863,관음1리,128.81811453963772,37.738720613334934,2,0,True
2025-06-01,4200861,관음1리노인회관,128.82663819526005,37.73031764277183,,,False
2025-06-01,4200569,교2동주민센터,128.8921038226677,37.76840335678918,55,46,True
2025-06-01,4202155,교동하늘채스카이파크,128.90139949657416,37.77044271657007,,,False
2025-06-01,4201221,교동하늘채스카이파크,128.90200271905258,37.770481553669924,4,12,True
2025-06-01,4200622,교동한신아파트,128.90061649844188,37.76762859683901,2,0,True
2025-06-01,4200623,교동한신아파트,128.90062829229592,37.76751299917391,,,False
2025-06-01,4200253,교보생명,128.89811415297848,37.756002485379526,2310,1363,True
2025-06-01,4201224,교통안전교육장,128.94081916548228,37.76277976059592,0,3,True
2025-06-01,4201225,교통안전교육장,128.94086858039023,37.762907619978066,14,0,True
2025-06-01,4200465,교항2리금용교,128.81051132966252,37.87794196218265,,,False
2025-06-01,4200464,교향2리금용교,128.81059960534566,37.877872107197874,2,0,True
2025-06-01,4200264,구)동해상사,128.91165113985977,37.76683747950902,116,18,True
2025-06-01,4200217,구라미,128.8421871924033,37.84071328241807,3,3,True
2025-06-01,4200216,구라미,128.84187680750063,37.84088026429458,10,0,True
2025-06-01,4200215,구라미휴게소,128.8412803433516,37.845869087009575,1,1,True
2025-06-01,4200312,구라미휴게소,128.84078612253998,37.84523742281921,2,1,True
2025-06-01,4200128,구름다리,128.87743298775584,37.764682397677966,320,26,True
2025-06-01,4200127,구름다리,128.87654770197503,37.764512872809554,31,112,True
2025-06-01,4200820,구정마을회관,128.87139646095704,37.71008533483099,2,0,True
2025-06-01,4200821,구정마을회관,128.87144937425245,37.71002947764621,9,0,True
2025-06-01,4200814,구정면사무소,128.88002787863965,37.71794143004597,,,False
2025-06-01,4200813,구정면사무소,128.87999133744066,37.71800809783438,,,False
2025-06-01,4200812,구정보건지소,128.88246310473926,37.72030864287925,1,0,True
2025-06-01,4201422,구정옥봉길,128.8928182495002,37.70145893549343,,,False
2025-06-01,4200811,구정자율방범대,128.88237819871995,37.72033853165244,2,1,True
2025-06-01,4200315,구터미널,128.8988430353628,37.76163002626936,66,9,True
2025-06-01,4200619,국립수산물품질관리원,128.82606517101954,37.891507384213114,57,8,True
2025-06-01,4200711,굴산사입구,128.88905996426578,37.70832144703753,,,False
2025-06-01,4200699,굴산사지,128.89328371501892,37.70698044216881,,,False
2025-06-01,4201251,궁궁동,128.7299683412454,37.880375202506656,,,False
2025-06-01,4200417,궁궁소,128.67164304000795,37.843611675479615,,,False
2025-06-01,4200681,금강사입구,128.90287627896166,37.72624677465358,,,False
2025-06-01,4200682,금강사입구,128.90297134006664,37.726211833119876,3,0,True
2025-06-01,4200628,금광1리마을회관,128.91600348378523,37.70952097409381,,,False
2025-06-01,4201385,금광1리마을회관,128.91594038830377,37.70955296171714,,,False
2025-06-01,4200667,금광교회입구,128.91743884657853,37.711688785639396,,,False
2025-06-01,4200668,금광교회입구,128.91734376603898,37.7117034048731,,,False
2025-06-01,4200635,금광리1반,128.9143131847074,37.70220671426674,4,0,True
2025-06-01,4200636,금광리1반,128.91440542620646,37.702215446502585,,,False
2025-06-01,4200672,금광리성황당,128.91735327783445,37.717909805835454,,,False
2025-06-01,4200671,금광리성황당,128.9174498206258,37.717903115802514,1,0,True
2025-06-01,4200665,금광삼거리,128.91515459286336,37.70904726058568,3,0,True
2025-06-01,4200666,금광삼거리,128.91521668110562,37.70911511431863,,,False
2025-06-01,4200632,금광정미소,128.9154068776427,37.70823176641904,,,False
2025-06-01,4200631,금광정미소,128.91530343519958,37.70823344476309,,,False
2025-06-01,4201018,금산,128.85573010993187,37.74018242418162,,,False
2025-06-01,4201017,금산,128.8558273611666,37.7401726731367,5,0,True
2025-06-01,4200858,금산1리경로당,128.83882591103156,37.7302092460205,,,False
2025-06-01,4201014,금산2리,128.8489374376084,37.736639355017815,0,1,True
2025-06-01,4201013,금산2리,128.84906667066036,37.736625360708075,10,0,True
2025-06-01,4201012,금산남밭,128.8447607772083,37.73146258389618,,,False
2025-06-01,4200862,금산남밭,128.84482898011785,37.73142005932311,2,0,True
2025-06-01,4201020,금산입구,128.8576797637003,37.74318792289404,,,False
2025-06-01,4201019,금산입구,128.85784327525297,37.7432987440744,0,1,True
2025-06-01,4201016,금산장수마을,128.85163955991283,37.738245657769,0,1,True
2025-06-01,4201015,금산장수마을,128.85168575797542,37.73818340581975,6,0,True
2025-06-01,4201344,금진2리마을회관,129.0433695932886,37.64179516691084,,,False
2025-06-01,4201345,금진2리마을회관,129.04327917048357,37.641779891088895,1,0,True
2025-06-01,4201342,금진초교,129.04347549729948,37.63336468757593,1,0,True
2025-06-01,4201343,금진초교,129.04343902328037,37.63345845978064,,,False
2025-06-01,4201108,금진항,129.05240741359285,37.652884325935844,,,False
2025-06-01,4201109,금진항,129.05231089842698,37.65294332211634,,,False
2025-06-01,4201347,금진해변,129.04374932629693,37.63904067736818,,,False
2025-06-01,4201348,금진해변,129.04365646301486,37.63903832962265,,,False
2025-06-01,4201107,금진해양파출소,129.04894882127985,37.652089382747484,0,1,True
2025-06-01,4200017,금진해양파출소,129.04913775965355,37.65213019488429,8,2,True
2025-06-01,4201053,금호어울림,128.9156520837289,37.754995794611034,26,0,True
2025-06-01,4201054,금호어울림,128.91590296498018,37.75518531900659,0,2,True
2025-06-01,4200025,금호어울림정문,128.9194883208178,37.754726898441014,,,False
2025-06-01,4200751,금호어울림정문,128.91957971290998,37.754473371718376,,,False
2025-06-01,4200988,기도원삼거리,128.7947703606971,37.75829009149865,1,0,True
2025-06-01,4200989,기도원삼거리,128.79494112774387,37.75822759306287,,,False
2025-06-01,4200801,기산아파트,128.8795888615329,37.73406712685544,,,False
2025-06-01,4200802,기산아파트,128.87993356966643,37.73422591779592,,,False
2025-06-01,4201371,기스목이골,128.9690415480403,37.6284779460996,,,False
2025-06-01,4200024,까치골,129.02541919838254,37.69553819595472,,,False
2025-06-01,4201185,까치골,129.02590617324884,37.695440046965246,,,False
2025-06-01,4201351,낙풍1리경로당,129.0340430096228,37.620207611399294,,,False
2025-06-01,4201350,낙풍1리경로당,129.034020875236,37.62025949844816,,,False
2025-06-01,4201339,낙풍교,129.03403331310147,37.625467245037875,,,False
2025-06-01,4201340,낙풍교,129.03370052447866,37.6252600803972,,,False
2025-06-01,4201095,낙풍리입구,129.03490564391961,37.623384805058976,6,0,True
2025-06-01,4201094,낙풍리입구,129.03474260887603,37.62332181243499,1,2,True
2025-06-01,4200654,남강릉IC입구,128.9004512852528,37.70007553036854,,,False
2025-06-01,4200653,남강릉IC입구,128.90059387366637,37.69980820493369,,,False
2025-06-01,4200049,남강초교,128.91338089940805,37.76735161096919,32,56,True
2025-06-01,4201198,남대천.강릉교,128.9010015999516,37.75454267936518,34,214,True
2025-06-01,4201199,남대천.강릉교,128.9010687000649,37.75417893755025,386,44,True
2025-06-01,4200021,남밭,128.84058789182106,37.72883964188799,,,False
2025-06-01,4201379,남밭,128.84064951853864,37.72871037302059,5,0,True
2025-06-01,4200873,남밭,128.8415299784495,37.72906449025603,,,False
2025-06-01,4201011,남밭,128.84079334848028,37.72889804215958,,,False
2025-06-01,4202167,남부노인종합복지관,128.91383118471262,37.752564379737024,,,False
2025-06-01,4202168,남부노인종합복지관,128.91401073487134,37.753047049518,,,False
2025-06-01,4200781,남산삼익아파트,128.8901808969545,37.74229155338584,2,0,True
2025-06-01,4200782,남산삼익아파트,128.89009058765018,37.74235973416757,,,False
2025-06-01,4200798,남산입구,128.8920065213286,37.747695999509396,,,False
2025-06-01,4200783,남산초교,128.8913405517673,37.744206285908824,6,0,True
2025-06-01,4200784,남산초교,128.89124028586525,37.74425071826271,0,1,True
2025-06-01,4200785,남산현대아파트,128.89462531897348,37.74186237968639,4,0,True
2025-06-01,4200786,남산현대아파트,128.89442793639103,37.74202687203957,,,False
2025-06-01,4201289,남양1리경로당,129.03162816015924,37.582429974327795,1,0,True
2025-06-01,4201288,남양1리경로당,129.03154436503664,37.58248287177823,0,2,True
2025-06-01,4201296,남양2리경로당,129.012950139964,37.56658372788056,1,0,True
2025-06-01,4201295,남양2리교,129.01486079643942,37.57192160373686,,,False
2025-06-01,4201294,남양2리교,129.01479874463647,37.571994595503725,,,False
2025-06-01,4200738,남양3리마을회관,129.03540040998968,37.59157285051617,,,False
2025-06-01,4201283,남양3리입구,129.03313884463265,37.593033115433954,,,False
2025-06-01,4201287,남양리옛경로당,129.03508624074675,37.582691373708194,2,0,True
2025-06-01,4200596,남양보건진료소,129.030003520806,37.581216311095346,,,False
2025-06-01,4200597,남양보건진료소,129.02994555182676,37.58125941742724,,,False
2025-06-01,4200741,남항진,128.95055410190812,37.76391565217945,1,1,True
2025-06-01,4200740,남항진,128.95041066307658,37.76404538789595,11,0,True
2025-06-01,4200739,남항진해변,128.95440005417075,37.764111085296946,30,14,True
2025-06-01,4200655,내곡과수원,128.901945977448,37.70187078093137,,,False
2025-06-01,4200656,내곡과수원,128.9017164423086,37.70199871134109,,,False
2025-06-01,4200066,내곡교,128.88659128664105,37.74625364038564,6,6,True
2025-06-01,4200001,내곡교,128.88717490623026,37.74653766880734,9,18,True
2025-06-01,4200357,내곡교,128.88814500034871,37.745625057468914,36,1,True
2025-06-01,4200800,내곡동주민센터,128.88065784045662,37.7384607745783,,,False
2025-06-01,4200799,내곡동주민센터,128.88038166245803,37.73840220332427,,,False
2025-06-01,4200366,내곡한라아파트,128.88110089995297,37.74513149140333,,,False
2025-06-01,4201208,내곡한라아파트,128.88109989979574,37.744994216797494,14,0,True
2025-06-01,4200848,내곡현대아파트,128.8834148503297,37.74546973753321,16,4,True
2025-06-01,4200849,내곡현대아파트,128.88327994384045,37.74557191636756,1,2,True
2025-06-01,4201286,너구리골,129.0453774808948,37.58278119535933,,,False
2025-06-01,4201381,너다리,128.85390220166778,37.83022805772032,,,False
2025-06-01,4200154,너다리,128.85384039907868,37.83030516388511,,,False
2025-06-01,4200147,노동3리,128.82566919932256,37.79922359821094,3,0,True
2025-06-01,4200148,노동3리,128.8256207085255,37.79927586550659,,,False
2025-06-01,4200149,노동리,128.82874179258144,37.80069747027654,1,0,True
2025-06-01,4200150,노동리,128.82882389300474,37.80095549884616,0,1,True
2025-06-01,4201416,노동상리경로당,128.8298366569875,37.803466498207534,,,False
2025-06-01,4201415,노동상리경로당,128.82974913139455,37.80349598363215,,,False
2025-06-01,4200161,노동하리.우리정미소,128.8414822247496,37.82225221697478,1,0,True
2025-06-01,4200162,노동하리.우리정미소,128.84138542146533,37.82227295047229,,,False
2025-06-01,4200159,노동회관,128.83796621765993,37.818138280477356,6,0,True
2025-06-01,4200160,노동회관,128.8379192525419,37.818202495776156,0,1,True
2025-06-01,4200773,노암대림아파트,128.89670020630172,37.7443968332287,3,0,True
2025-06-01,4200772,노암대림아파트,128.8964957795506,37.74447513098166,0,2,True
2025-06-01,4200790,노암한라아파트,128.9030338994368,37.744009473539954,5,0,True
2025-06-01,4201195,노암현대아파트,128.9064519321124,37.750397397899654,1,0,True
2025-06-01,4200756,녹원아파트,128.9163613451306,37.7599236396456,0,2,True
2025-06-01,4200156,농업기술센터,128.83374479432362,37.810623749433574,,,False
2025-06-01,4200155,농업기술센터,128.8338261188764,37.81060324304077,,,False
2025-06-01,4201105,농협주유소,129.03818611643504,37.61343914150935,,,False
2025-06-01,4200803,농협창고,128.87887127233301,37.73227146178355,,,False
2025-06-01,4200804,농협창고,128.87906447230628,37.732212820532425,1,0,True
2025-06-01,4201352,다리목,129.03192147742433,37.6205042855377,,,False
2025-06-01,4201353,다리목,129.03198761433356,37.62043300135372,,,False
2025-06-01,4200768,단오문화관,128.8967729024353,37.7481043414214,0,3,True
2025-06-01,4200901,닭목골,128.78595382346253,37.64781596633364,,,False
2025-06-01,4200900,닭목골,128.78583483882048,37.64776835827971,1,0,True
2025-06-01,4200687,담산1리,128.90238189653846,37.71752043471821,,,False
2025-06-01,4200689,담산2리,128.90107050248153,37.7152173518283,,,False
2025-06-01,4200693,대경상사앞,128.89804496237466,37.71104193868198,,,False
2025-06-01,4200968,대관령박물관,128.80478202234156,37.716950876906495,,,False
2025-06-01,4200967,대관령박물관,128.80456089771366,37.71714451138875,,,False
2025-06-01,4201414,대굴령목공소,128.7963265827597,37.72854223767263,,,False
2025-06-01,4200991,대궁산장,128.7956519785838,37.75672773187815,,,False
2025-06-01,4200990,대궁산장,128.7955529097602,37.75668446239291,,,False
2025-06-01,4200913,대기1리경로당,128.79579724292137,37.56561101591886,1,0,True
2025-06-01,4200912,대기1리경로당,128.79557170937235,37.565622156510386,,,False
2025-06-01,4200764,대목아파트,128.91036775859212,37.7552461618319,2,3,True
2025-06-01,4200707,대성사입구,128.88866018338805,37.699701320397004,,,False
2025-06-01,4200708,대성사입구,128.88799509811798,37.70047298433208,1,0,True
2025-06-01,4201279,더글로리촬영지,128.82911039533775,37.904460082879105,29,0,True
2025-06-01,4201280,더글로리촬영지,128.82924239568416,37.90441068117994,0,6,True
2025-06-01,4201056,더샵아파트,128.91218064135074,37.749852342787776,,,False
2025-06-01,4201055,더샵아파트,128.91179177957773,37.7496554344983,,,False
2025-06-01,4201192,더샵아파트후문,128.90917534552304,37.74798409080578,1,6,True
2025-06-01,4200385,덕실리,128.83425245451167,37.806566789081664,2,2,True
2025-06-01,4200883,덕중상사입구,128.84174479743382,37.70242273367911,,,False
2025-06-01,4200882,덕중상사입구,128.8418138875879,37.70249050751822,,,False
2025-06-01,4200512,덕현리,128.92611817321585,37.705859421056175,,,False
2025-06-01,4200513,덕현리,128.92602088648235,37.70591024035886,,,False
2025-06-01,4201170,덕현리마을회관,128.92969308316043,37.71031249336467,,,False
2025-06-01,4201169,덕현리마을회관,128.92976451553793,37.71025688950383,,,False
2025-06-01,4201172,덕현리입구,128.9336781922055,37.71393030895838,,,False
2025-06-01,4201171,덕현리입구,128.93375842948848,37.71390020089169,1,0,True
2025-06-01,4201273,도깨비촬영지,128.83285849096714,37.88049253785593,22,16,True
2025-06-01,4201274,도깨비촬영지,128.83366615521564,37.879702674494396,3,13,True
2025-06-01,4200953,도마1리경로당,128.83580313705878,37.675863266048,3,0,True
2025-06-01,4200954,도마1리경로당,128.83571199204746,37.67583487527786,,,False
2025-06-01,4202142,도직리,129.067789814241,37.60871993490825,,,False
2025-06-01,4202152,도직리,129.06871069327684,37.60826859797961,,,False
2025-06-01,4200911,도화목이,128.79899268103495,37.57580683121861,4,1,True
2025-06-01,4200910,도화목이,128.79876118261876,37.575812376849754,,,False
2025-06-01,4201184,독송마을회관,128.93632837845826,37.737443377869745,,,False
2025-06-01,4201183,독송마을회관,128.93638737959347,37.73749824702616,4,0,True
2025-06-01,4200593,동광주유소,128.988869023967,37.71446203608272,,,False
2025-06-01,4200592,동광주유소,128.98895762865502,37.71450646675624,,,False
2025-06-01,4201157,동그린,128.96124692830767,37.71693200282111,,,False
2025-06-01,4201156,동그린,128.96116060941432,37.71694910240202,1,0,True
2025-06-01,4200260,동남아파트,128.9088062489658,37.764638779656714,45,139,True
2025-06-01,4200322,동도센트리움,128.90456486009336,37.76619195310031,45,3,True
2025-06-01,4200104,동명중학교,128.91637238303827,37.777185998905715,53,0,True
2025-06-01,4200105,동명중학교,128.9161008666347,37.77658681943468,5,11,True
2025-06-01,4200970,동물사랑센터,128.8298483336448,37.69899913101563,1,0,True
2025-06-01,4200934,동물사랑센터,128.8296897075576,37.69907525653717,,,False
2025-06-01,4200011,동부아파트,128.9151327017873,37.78401368458876,96,0,True
2025-06-01,4200545,동산교,129.03188210282585,37.596478436012994,2,0,True
2025-06-01,4201180,동양석재,128.95027125993667,37.731215731549426,3,0,True
2025-06-01,4201179,동양석재,128.9503404370837,37.730986647751536,0,2,True
2025-06-01,4200342,동양시멘트입구,128.80418115038393,37.85051141718022,,,False
2025-06-01,4200343,동양시멘트입구,128.80439889049126,37.850687991240484,,,False
2025-06-01,4200109,동인병원입구,128.9094857690125,37.77102450992961,20,27,True
2025-06-01,4200108,동인병원입구,128.90953558421478,37.77125258486367,80,10,True
2025-06-01,4201426,동해식품,128.89855245250976,37.72443751894129,,,False
2025-06-01,4200950,둔지마을,128.8402142080388,37.66721532951788,,,False
2025-06-01,4200949,둔지마을,128.84032622893565,37.667211942204936,2,0,True
2025-06-01,4200944,들꽃마을,128.85442858144177,37.65082634282393,1,0,True
2025-06-01,4200943,들꽃마을,128.85452027887206,37.65078274958405,2,0,True
2025-06-01,4200831,등고비,128.8616371241439,37.71615919045265,,,False
2025-06-01,4200830,등고비,128.86171284130654,37.716127363746615,,,False
2025-06-01,4201134,등명락가사,129.0099873440744,37.71142599542753,4,4,True
2025-06-01,4201133,등명락가사,129.01030860073715,37.71121753055649,3,4,True
2025-06-01,4201129,등명해변,129.01625265982383,37.701980786481954,3,3,True
2025-06-01,4201130,등명해변,129.015876711037,37.70233040602598,6,1,True
2025-06-01,4200736,똑갑재,128.9084947975427,37.742997829596284,0,1,True
2025-06-01,4200735,똑갑재,128.9083233266339,37.74372779918021,2,1,True
2025-06-01,4200262,로얄아파트.포남1동주민센터,128.90933288179943,37.76545703763149,235,37,True
2025-06-01,4201010,롯데물류센터,128.83446803238593,37.72201867130479,,,False
2025-06-01,4201380,롯데물류센터,128.83451710426255,37.72199688820527,,,False
2025-06-01,4202154,롯데캐슬시그니처,128.88177646219214,37.761744282876045,2,2,True
2025-06-01,4202157,롯데캐슬시그니처,128.88150991460472,37.76169156053964,4,2,True
2025-06-01,4200042,롯데캐슬아파트,128.89120929799194,37.766948306391974,139,61,True
2025-06-01,4201037,말나눔터공원,128.8946789617544,37.758644529934365,3,6,True
2025-06-01,4200538,망월이마을,128.792107212951,37.72942872713486,,,False
2025-06-01,4200524,망월이마을,128.7922011149757,37.729439560975074,,,False
2025-06-01,4200626,명륜고교후문,128.8957168427019,37.761692970005,,,False
2025-06-01,4200627,명륜고교후문,128.8959116900896,37.761745147071196,1,0,True
2025-06-01,4200220,모래내행복센터,128.84888855200666,37.82654759560158,60,14,True
2025-06-01,4200221,모래내행복센터,128.84881781800846,37.82675602435266,12,18,True
2025-06-01,4201121,모래시계공원,129.03719508337943,37.68592446993947,28,21,True
2025-06-01,4201122,모래시계공원,129.0380673722024,37.685653946463454,,,False
2025-06-01,4200728,모산초교,128.90028293302265,37.73143070810136,,,False
2025-06-01,4200727,모산초교,128.90037137412145,37.73145457144734,1,0,True
2025-06-01,4201254,모안이서낭당,128.90286872766467,37.783490145093076,1,2,True
2025-06-01,4201255,모안이서낭당,128.90266311761613,37.78356022910187,4,0,True
2025-06-01,4201155,모전1리,128.96150382823714,37.719819173700856,,,False
2025-06-01,4201154,모전1리,128.96141013771185,37.71981098253356,,,False
2025-06-01,4201159,모전리,128.95776740747448,37.71232268018703,,,False
2025-06-01,4201158,모전리,128.95769412799663,37.712385507146145,,,False
2025-06-01,4200031,모전리.돌평,128.95074649026657,37.70985195102544,6,1,True
2025-06-01,4201162,모전리.돌평,128.95076445202812,37.70977883566453,,,False
2025-06-01,4201073,모전삼거리,128.96506056244797,37.72569325398637,7,0,True
2025-06-01,4201072,모전삼거리,128.96457294836412,37.72564861436484,1,3,True
2025-06-01,4200941,목계리,128.8539720247843,37.64675613253988,,,False
2025-06-01,4200937,목계리경로당,128.85926935902992,37.63755434898131,0,1,True
2025-06-01,4200938,목계리경로당,128.85882831535346,37.63808751377066,1,0,True
2025-06-01,4200935,목계마을회관,128.8591158870725,37.63273899723025,4,0,True
2025-06-01,4200936,목계마을회관,128.8589875953329,37.632647124497325,0,2,True
2025-06-01,4201358,몽탕골,129.01871214696766,37.61920866828569,,,False
2025-06-01,4201359,몽탕골,129.01872766257262,37.61915302416518,,,False
2025-06-01,4200979,무시골,128.79407884048865,37.737843607578455,,,False
2025-06-01,4200980,무시골,128.79415740714765,37.73788769905595,,,False
2025-06-01,4200895,무위사입구,128.79048797979135,37.65800841053956,,,False
2025-06-01,4200894,무위사입구,128.7904596075833,37.65806985505733,,,False
2025-06-01,4200088,문성고등학교,128.8747975765768,37.776789915738114,14,0,True
2025-06-01,4200089,문성고등학교,128.87460137001867,37.776791669303456,0,1,True
2025-06-01,4201191,문암정,128.91520371371126,37.744240782298405,6,0,True
2025-06-01,4201190,문암정,128.91570481769043,37.74371491111339,0,1,True
2025-06-01,4200810,문화마을,128.88042620487306,37.72295333667196,1,1,True
2025-06-01,4200809,문화마을,128.88033505218718,37.72293252489115,4,0,True
2025-06-01,4200384,미노리,128.86484857598091,37.82971678699962,1,0,True
2025-06-01,4200388,미노마을입구,128.86381568177012,37.83417468045317,,,False
2025-06-01,4200543,미디어촌5단지,128.86758571434657,37.753701754139904,153,54,True
2025-06-01,4200621,미라보아파트,128.90255177945858,37.769019304198096,,,False
2025-06-01,4200620,미라보아파트,128.902500537792,37.76907532540921,,,False
2025-06-01,4200676,박월동마을회관,128.9141099667606,37.7303231623845,,,False
2025-06-01,4200675,박월동마을회관,128.91430313467623,37.73038001057271,5,0,True
2025-06-01,4200745,반쟁이,128.93382070402052,37.76052490759301,,,False
2025-06-01,4201092,밤재휴게소,129.01588441130582,37.643605803090345,,,False
2025-06-01,4201093,밤재휴게소,129.01598617822128,37.64361623880892,,,False
2025-06-01,4200226,방골마을입구,128.8558844116181,37.81329996910386,2,4,True
2025-06-01,4200069,방골마을입구,128.85540756146614,37.81366779247799,9,1,True
2025-06-01,4200137,방축거리,128.88360346383243,37.77333257715457,2,2,True
2025-06-01,4200136,방축거리,128.88380882582484,37.773889373429355,1,4,True
2025-06-01,4200940,방터골입구,128.8542224426066,37.642387639932174,,,False
2025-06-01,4200939,방터골입구,128.8543538779494,37.64239089992679,,,False
2025-06-01,4200519,방학골,128.82351587730795,37.90381462090833,13,1,True
2025-06-01,4200521,방학골,128.82291244813646,37.90463362511824,0,10,True
2025-06-01,4200945,백운암입구,128.8503640197509,37.65589468864246,,,False
2025-06-01,4200946,백운암입구,128.8502357538194,37.655869833853565,,,False
2025-06-01,4201153,버당말,128.96287505180277,37.72274811896261,3,1,True
2025-06-01,4201152,버당말,128.96277963489464,37.72278384606697,,,False
2025-06-01,4201290,버들골,129.02605567209912,37.579297897903295,,,False
2025-06-01,4201291,버들골,129.02611729989363,37.57922947953465,,,False
2025-06-01,4200336,버들교,128.77473855753414,37.850247080571705,,,False
2025-06-01,4200673,버들교,128.91800220365803,37.72225137691791,5,0,True
2025-06-01,4200335,버들교,128.77324803807656,37.850410055201316,,,False
2025-06-01,4200674,버들교,128.9179091300679,37.722227707735385,,,False
2025-06-01,4200904,벌말,128.77753093157395,37.586312333418526,,,False
2025-06-01,4200235,법원.검찰청,128.8739503928752,37.785042447818554,6,8,True
2025-06-01,4200234,법원.검찰청,128.87342400102995,37.78526073982707,21,4,True
2025-06-01,4201067,벽산블루밍아파트,128.82413067836563,37.88870981452805,,,False
2025-06-01,4201193,병무청,128.90845061267927,37.74811821805219,5,1,True
2025-06-01,4201194,병무청,128.90730907557136,37.749719639382455,1,0,True
2025-06-01,4200361,보건소,128.8822115594926,37.743635964592464,0,30,True
2025-06-01,4200065,보건소,128.8829859719751,37.74393637256719,71,1,True
2025-06-01,4200580,보건진료소,128.97335780368653,37.6877997329295,,,False
2025-06-01,4200581,보건진료소,128.97326166656484,37.6877802990832,,,False
2025-06-01,4200541,보광리,128.7969029719891,37.73733219171309,,,False
2025-06-01,4200540,보광리,128.79683168120394,37.73726419118738,,,False
2025-06-01,4200965,보광리입구,128.81696481575804,37.72096716251408,,,False
2025-06-01,4201003,보광리입구,128.81690957708614,37.721147642825436,,,False
2025-06-01,4201235,보광리체험학습장,128.80754877575424,37.738056785776784,,,False
2025-06-01,4200977,보광리체험학습장,128.80793365498167,37.73787511002778,2,1,True
2025-06-01,4200998,보광리체험학습장,128.8076688924087,37.73819161617253,0,1,True
2025-06-01,4200986,보광보건진료소,128.80534439890508,37.738079523472834,,,False
2025-06-01,4200985,보광보건진료소,128.8054363627245,37.73800718407803,,,False
2025-06-01,4200995,보광본동,128.79947706651464,37.746310402073284,,,False
2025-06-01,4200994,보광본동,128.79938186856992,37.746227466734425,8,0,True
2025-06-01,4200983,보광평,128.8024466454297,37.73817584117786,,,False
2025-06-01,4200984,보광평,128.8025237456016,37.73822613746055,,,False
2025-06-01,4200730,보리사입구,128.89777570598176,37.73631225974452,,,False
2025-06-01,4200729,보리사입구,128.89785144363964,37.73626831506908,,,False
2025-06-01,4200186,보성연립,128.82551362915504,37.901974724913615,1,0,True
2025-06-01,4200298,보성연립,128.82558444232305,37.90204313561504,0,4,True
2025-06-01,4200301,보현사입구주차장,128.78312046358457,37.738359845157134,,,False
2025-06-01,4200014,보현사종점,128.79263641819853,37.73803701177597,,,False
2025-06-01,4200978,보현사종점,128.7926653824033,37.738105478358804,,,False
2025-06-01,4202161,부귀터,128.77935529659743,37.83384969713505,,,False
2025-06-01,4202162,부귀터,128.7794599312011,37.83385966124151,2,0,True
2025-06-01,4200410,부연동입구,128.6565982881532,37.84023340079426,,,False
2025-06-01,4200411,부연동입구,128.65649150006797,37.84037999546802,,,False
2025-06-01,4200134,부영2차아파트,128.88281079370944,37.77016072015751,92,40,True
2025-06-01,4200135,부영2차아파트,128.8825125758686,37.77002923948558,13,7,True
2025-06-01,4200792,부흥마을,128.90633218029933,37.74678151751788,2,1,True
2025-06-01,4200791,부흥마을,128.90637359052232,37.746896583401664,,,False
2025-06-01,4200261,북강릉IC,128.84425534198513,37.83689529134246,0,1,True
2025-06-01,4201374,북동리종점,128.97206281726505,37.61168685078856,,,False
2025-06-01,4201365,북동리회관,128.9920439010217,37.61732896340916,,,False
2025-06-01,4201364,북동리회관,128.99203781944024,37.61727491738219,,,False
2025-06-01,4200224,북부노인대학,128.85070066292354,37.820164105652225,8,0,True
2025-06-01,4200225,북부노인대학,128.85083641112433,37.82016343083045,0,14,True
2025-06-01,4200207,북부노인종합복지관,128.83062989490628,37.8743072338123,100,18,True
2025-06-01,4200208,북부노인종합복지관,128.83042321750824,37.874681277863154,38,61,True
2025-06-01,4200192,북부지구대,128.829270567591,37.89460960314925,12,16,True
2025-06-01,4200193,북부지구대,128.82860680406648,37.894535177399845,47,6,True
2025-06-01,4201075,분수동,129.02442625222523,37.68416226671518,5,0,True
2025-06-01,4201074,분수동,129.02438633004448,37.68420512704344,0,3,True
2025-06-01,4201323,비상거리,128.96147017456914,37.57419041505788,,,False
2025-06-01,4201322,비상거리,128.96170555823903,37.574443710141345,,,False
2025-06-01,4200277,비치소라아파트,128.93435177478304,37.77578862012879,4,2,True
2025-06-01,4200434,사근진해변,128.898597450209,37.812322584245415,7,3,True
2025-06-01,4200435,사근진해변,128.89766129562162,37.81294729745145,23,12,True
2025-06-01,4200140,사기막,128.80639533289897,37.79268220157816,2,0,True
2025-06-01,4201231,사기막리,128.81838250417627,37.7939296154463,1,0,True
2025-06-01,4201230,사기막리,128.8183214702477,37.793964034615996,,,False
2025-06-01,4200142,사기막마을회관,128.8109379000351,37.79306001321451,,,False
2025-06-01,4200141,사기막마을회관,128.81090286737634,37.79301923903732,3,0,True
2025-06-01,4200919,사반,128.8467909201167,37.5342056043505,,,False
2025-06-01,4200920,사반,128.84669362641395,37.534157761808984,,,False
2025-06-01,4200714,사이말교,128.88798046545247,37.71196552544221,3,1,True
2025-06-01,4200713,사이말교,128.88807348333134,37.711972121452696,,,False
2025-06-01,4200924,사이소재길,128.8475369146747,37.557798436516386,,,False
2025-06-01,4200923,사이소재길,128.8476417163746,37.55780194237984,,,False
2025-06-01,4200223,사천면사무소,128.84914337332015,37.8229406699122,67,14,True
2025-06-01,4200222,사천면사무소,128.84928192865996,37.82385848393331,35,26,True
2025-06-01,4200449,사천물회거리,128.8755979856823,37.838072593350674,33,0,True
2025-06-01,4200447,사천물회거리,128.8757309061334,37.83810545841113,16,20,True
2025-06-01,4202163,사천보헤미안커피,128.86756687053622,37.84672399113912,,,False
2025-06-01,4202164,사천보헤미안커피,128.8676784641814,37.846752776517754,,,False
2025-06-01,4200294,사천중학교,128.84663312060465,37.82670813694838,,,False
2025-06-01,4200165,사천중학교,128.84662013233944,37.82677848556301,1,0,True
2025-06-01,4201238,사천진리,128.87339689589916,37.83812340174815,6,3,True
2025-06-01,4202159,사천진바위섬,128.87633882234948,37.84060226740597,3,0,True
2025-06-01,4202160,사천진바위섬,128.8764473285357,37.8406481132808,2,0,True
2025-06-01,4209999,사천진해변,128.87344886491002,37.842977470664934,5,2,True
2025-06-01,4201268,사천진해변,128.87339749147367,37.84293833117085,5,4,True
2025-06-01,4200444,사천캠핑장,128.87516834469744,37.831731302711255,4,1,True
2025-06-01,4200445,사천캠핑장,128.8750445298634,37.831686225915426,,,False
2025-06-01,4200442,사천해변,128.87869491904522,37.828713817312966,0,4,True
2025-06-01,4200443,사천해변,128.87827311977188,37.82882341864164,8,0,True
2025-06-01,4201321,산계2리,128.97229539203417,37.57962245004452,,,False
2025-06-01,4201320,산계2리,128.97246971139714,37.57976114585706,,,False
2025-06-01,4201328,산계리종점,128.9460355736469,37.57495852194761,3,0,True
2025-06-01,4200440,산대월리.순포,128.88547702493108,37.822903011074914,2,0,True
2025-06-01,4200441,산대월리.순포,128.88527417343033,37.822868850849,2,0,True
2025-06-01,4200383,산대월리마을회관,128.8709163724858,37.815914215160845,1,0,True
2025-06-01,4200594,산두골,128.9840168065266,37.71859873395223,2,0,True
2025-06-01,4200595,산두골,128.98401664518687,37.71851617972176,0,1,True
2025-06-01,4200179,산림조합,128.81641190280698,37.85471554225067,,,False
2025-06-01,4200295,산림조합,128.81634583702206,37.85478178935546,,,False
2025-06-01,4200877,산북,128.84586150037325,37.704935503831294,2,1,True
2025-06-01,4200875,산북2리경로당,128.83409128779982,37.71149810424752,,,False
2025-06-01,4200876,산북2리경로당,128.83404425902265,37.71143075108243,6,0,True
2025-06-01,4201060,산성우1리,129.0046545324227,37.68347462505554,1,1,True
2025-06-01,4201084,산성우2리,129.01725588482054,37.67160656267303,,,False
2025-06-01,4201085,산성우2리,129.01735333412336,37.671618793132126,,,False
2025-06-01,4201083,산성우2리마을회관,129.02279471216545,37.67820045840464,,,False
2025-06-01,4201082,산성우2리마을회관,129.02269902654416,37.678299838704675,,,False
2025-06-01,4201031,삼개사입구,128.88695285563512,37.7503693771254,11,0,True
2025-06-01,4201032,삼개사입구,128.88684645443755,37.75026780562399,2,8,True
2025-06-01,4200867,삼거리,128.83456155956415,37.745154825533675,,,False
2025-06-01,4200866,삼거리,128.8345942629299,37.74509162495973,1,0,True
2025-06-01,4200455,삼교리종점,128.74996246309584,37.87971842334567,5,1,True
2025-06-01,4200456,삼교리종점,128.7500022864006,37.879776675728266,,,False
2025-06-01,4201370,삼밭골,128.97299626468876,37.625881433054694,1,0,True
2025-06-01,4201369,삼밭골,128.97299344360636,37.62595039665499,,,False
2025-06-01,4200514,삼산,128.69251552941094,37.84710607104921,2,0,True
2025-06-01,4200516,삼산,128.6925944995912,37.847189566163216,0,2,True
2025-06-01,4200170,삼산1리,128.70464319375566,37.845506729172776,,,False
2025-06-01,4200171,삼산1리,128.7047914618132,37.84575283130434,,,False
2025-06-01,4200324,삼산1리마을회관,128.7032068078098,37.84670520300259,,,False
2025-06-01,4200325,삼산1리마을회관,128.7039248000704,37.84665394357494,,,False
2025-06-01,4200408,삼산4리,128.65358585892187,37.836375046564235,,,False
2025-06-01,4200409,삼산4리,128.65339766055644,37.8363605430016,,,False
2025-06-01,4200426,삼산보건진료소,128.69992094735875,37.846599335592536,1,0,True
2025-06-01,4200427,삼산보건진료소,128.6999017867484,37.84667116560819,1,1,True
2025-06-01,4200328,삼산분소,128.72806310762525,37.8484167632985,0,1,True
2025-06-01,4201411,삼성디지털센터,128.89671612387085,37.758421567843364,2,1,True
2025-06-01,4200365,삼성디지털센터,128.8966989039856,37.75811194350719,44,37,True
2025-06-01,4200987,삼왕,128.79442364222726,37.75959705206606,1,0,True
2025-06-01,4200267,삼우은성아파트,128.91973659122027,37.77025900516923,29,38,True
2025-06-01,4200268,삼우은성아파트,128.91881978171756,37.77007704319862,131,8,True
2025-06-01,4200054,삼익아파트,128.93336344346523,37.7794509217129,3,12,True
2025-06-01,4200358,삼창그린맨션,128.88749893563826,37.744743384730015,6,1,True
2025-06-01,4200310,삼천리아파트,128.8379309322555,37.8689470039461,164,41,True
2025-06-01,4200211,삼천리아파트,128.8383288212433,37.86906384505761,98,47,True
2025-06-01,4200732,삼흥사,128.901198738292,37.739798973918525,0,1,True
2025-06-01,4200731,삼흥사,128.90121043083064,37.739730650079785,3,0,True
2025-06-01,4200925,삽당령휴게소,128.85348981301368,37.57765377589509,,,False
2025-06-01,4200926,삽당령휴게소,128.85335366163847,37.57771787179165,,,False
2025-06-01,4201429,삿갓2교,128.89440260554116,37.72191310597893,,,False
2025-06-01,4200022,상근내,128.7796924207031,37.8773758413694,3,0,True
2025-06-01,4200099,상근내,128.77960655925375,37.87745059496862,,,False
2025-06-01,4201317,상반암,128.97555145054721,37.581507187334616,,,False
2025-06-01,4201316,상반암,128.97543453934762,37.581480242671276,,,False
2025-06-01,4201318,상반암2교,128.97515057257976,37.579938893006116,,,False
2025-06-01,4201319,상반암2교,128.97526025138177,37.580104674041834,,,False
2025-06-01,4201173,상시동,128.94246528458484,37.71818427280178,1,0,True
2025-06-01,4201174,상시동,128.94244611636475,37.71825557931822,,,False
2025-06-01,4201175,상시동2리마을구판장,128.9490236053727,37.7224263738442,3,0,True
2025-06-01,4201176,상시동2리마을구판장,128.94913379195222,37.72251033214177,,,False
2025-06-01,4200526,새이골,128.79025907473746,37.85322227035808,,,False
2025-06-01,4200957,새재마을,128.8242487855186,37.68544901419477,1,0,True
2025-06-01,4200958,새재마을,128.8242669560502,37.685279144065696,,,False
2025-06-01,4201360,샘골,129.00918544930587,37.619230471502696,,,False
2025-06-01,4201361,샘골,129.0091899817426,37.61916886212585,,,False
2025-06-01,4200974,샘골식당,128.8117504319814,37.72973210273536,2,0,True
2025-06-01,4200973,샘골식당,128.81165805890132,37.72970284088515,1,0,True
2025-06-01,4200932,샘터휴게실,128.8616379939255,37.62586846407014,,,False
2025-06-01,4200931,샘터휴게실,128.86196479739877,37.62603907325114,6,0,True
2025-06-01,4200515,서당마을,128.8153409524242,37.87964681225348,1,0,True
2025-06-01,4200842,서희아파트,128.86542964738,37.739494273568006,0,17,True
2025-06-01,4200843,서희아파트,128.86634677134685,37.73976016715972,86,0,True
2025-06-01,4200139,석교2리마을회관,128.82066862382376,37.842307094394954,,,False
2025-06-01,4200992,석불사입구,128.79428550244546,37.75401121249684,,,False
2025-06-01,4200993,석불사입구,128.79436174094738,37.75400145159608,,,False
2025-06-01,4200076,선교장,128.88470029533363,37.78507057730054,6,8,True
2025-06-01,4200075,선교장,128.8853532167783,37.785455385598155,9,5,True
2025-06-01,4200236,선교장입구,128.87978791945434,37.782182641690056,40,34,True
2025-06-01,4200237,선교장입구,128.8801857915523,37.78222354537227,21,13,True
2025-06-01,4201250,선수촌8단지,128.87011109214671,37.76078977894948,47,0,True
2025-06-01,4201249,선수촌8단지,128.87029355520082,37.76060110592661,5,11,True
2025-06-01,4200534,선자령고개입구,128.79239579933846,37.73245610705835,,,False
2025-06-01,4200537,선자령고개입구,128.79231046446523,37.732508544183865,,,False
2025-06-01,4201310,설암마을,128.99822461811513,37.59527911024018,,,False
2025-06-01,4201311,설암마을,128.9983494117808,37.59541501641899,1,0,True
2025-06-01,4201189,섬석교,128.92156879198023,37.740684165183964,1,0,True
2025-06-01,4201188,섬석교,128.92171052547354,37.74090783532175,3,1,True
2025-06-01,4200854,성내동광장,128.89469082592495,37.750838877146485,1,0,True
2025-06-01,4200855,성내동광장,128.89488299521074,37.75095303991505,0,2,True
2025-06-01,4201046,성덕동주민센터,128.91533375948597,37.76294836172143,0,1,True
2025-06-01,4201045,성덕동주민센터,128.91516594318634,37.762763608124146,,,False
2025-06-01,4200765,성덕초등학교,128.91017117535122,37.75573609872045,30,2,True
2025-06-01,4201004,성산,128.82713990486903,37.71438975242994,,,False
2025-06-01,4201005,성산,128.8271623742617,37.714502339268236,4,3,True
2025-06-01,4201009,성산면사무소,128.832602033901,37.718970827982346,3,9,True
2025-06-01,4201008,성산면사무소,128.83255254171343,37.71856830087688,22,5,True
2025-06-01,4201007,성산치안센터,128.8310696649731,37.7159774839219,2,14,True
2025-06-01,4201006,성산치안센터,128.83090633919258,37.71566752965487,21,0,True
2025-06-01,4200422,성원사입구,128.6867712693139,37.847205451671535,,,False
2025-06-01,4200423,성원사입구,128.68646040632865,37.84726485901322,0,1,True
2025-06-01,4200817,성황당,128.87341590911527,37.71242819076422,1,0,True
2025-06-01,4200818,성황당,128.8735164959862,37.712407011021696,,,False
2025-06-01,4201425,성황당교,128.89068764552184,37.7193346055837,,,False
2025-06-01,4200550,세인트존스호텔,128.9216970367292,37.79098344901958,6,9,True
2025-06-01,4200549,세인트존스호텔,128.92167986735865,37.790864197302774,12,5,True
2025-06-01,4202156,세인트존스호텔,128.92066155176954,37.789921292283566,0,5,True
2025-06-01,4202158,세인트존스호텔,128.9208321964743,37.79000919070631,8,1,True
2025-06-01,4200167,소금강산,128.71230365715414,37.82166854276753,,,False
2025-06-01,4200166,소금강산,128.7124812586759,37.82175517040325,,,False
2025-06-01,4200327,소금강산돌박물관,128.72545746023172,37.848484193808346,2,0,True
2025-06-01,4200168,소금강산분교,128.710000116687,37.83125700946602,1,0,True
2025-06-01,4200169,소금강산분교,128.70996109009303,37.83105237281379,,,False
2025-06-01,4200429,소금강산삼거리,128.70652525366145,37.84687236867498,0,2,True
2025-06-01,4200428,소금강산삼거리,128.70675214581883,37.84674771999477,6,0,True
2025-06-01,4200419,소금강산종점,128.70783064886766,37.81649025417566,9,10,True
2025-06-01,4200337,소금강산체험학습장,128.78576790854493,37.85169587352382,5,0,True
2025-06-01,4200184,소돌,128.82175443074843,37.905415537268986,82,4,True
2025-06-01,4200185,소돌,128.8213252547112,37.90592204016269,1,18,True
2025-06-01,4200523,소돌해변,128.82357421556765,37.90742431202615,0,2,True
2025-06-01,4200518,소돌해변,128.8237001059589,37.9072478711743,7,0,True
2025-06-01,4200002,소돌해변입구,128.81905535960837,37.90780434670355,0,9,True
2025-06-01,4200633,소양가든,128.91470984838725,37.70545388269156,,,False
2025-06-01,4200634,소양가든,128.91482886328737,37.70544797167058,,,False
2025-06-01,4200609,소재골길,128.92430261228944,37.73030112286398,,,False
2025-06-01,4200608,소재골길,128.9243373158486,37.73032246539831,,,False
2025-06-01,4200126,솔올공연장,128.87424793205705,37.763507530751156,96,5,True
2025-06-01,4200125,솔올공연장,128.87460623301726,37.76366952964576,2,84,True
2025-06-01,4200060,솔올중학교,128.8798722504925,37.77163504014371,27,8,True
2025-06-01,4200822,솔향수목원입구,128.8693376080556,37.70921581710481,1,0,True
2025-06-01,4200823,솔향수목원입구,128.86937194102438,37.70931046077696,1,0,True
2025-06-01,4201165,송담서원,128.92985457221653,37.6927197945936,7,0,True
2025-06-01,4200351,송림,128.82064394298325,37.85559369331711,0,1,True
2025-06-01,4200350,송림,128.8201619228096,37.85539548451919,,,False
2025-06-01,4200347,송림2리,128.81062888375345,37.853558399575036,2,0,True
2025-06-01,4200346,송림2리,128.8099436136846,37.853407423711076,,,False
2025-06-01,4200345,송림2리경로당,128.80789598964623,37.85203614474543,,,False
2025-06-01,4200344,송림2리경로당,128.807966000434,37.85197372236723,1,0,True
2025-06-01,4200510,송림길,128.8252555621319,37.855656749226185,1,0,True
2025-06-01,4200511,송림길,128.8248292251072,37.8557650289636,,,False
2025-06-01,4200372,송암,128.82637877635176,37.78089823387296,1,0,True
2025-06-01,4200374,송암리노인복지회관,128.8371281193178,37.78167045367396,,,False
2025-06-01,4200373,송암리노인복지회관,128.83714806452136,37.781611643083856,8,0,True
2025-06-01,4200560,송양초교,128.84779064633727,37.75738270190068,,,False
2025-06-01,4200559,송양초교,128.84774510140426,37.757348769268916,3,0,True
2025-06-01,4200274,송정노인회관,128.93141909498914,37.77512821569013,155,2,True
2025-06-01,4200272,송정동주민센터,128.92775106138072,37.77430053196711,37,3,True
2025-06-01,4200271,송정동주민센터,128.9281580126049,37.77420386430584,3,15,True
2025-06-01,4200052,송정래미안,128.93038982126572,37.78292573478735,13,2,True
2025-06-01,4200051,송정래미안,128.93021609974548,37.78282723196739,4,7,True
2025-06-01,4200273,송정신원아침도시,128.93190852770562,37.774810233413945,1,35,True
2025-06-01,4200275,송정한신아파트입구,128.93667614488956,37.77380916737768,1,17,True
2025-06-01,4200276,송정한신아파트입구,128.93668274097607,37.7740287226972,70,0,True
2025-06-01,4201386,송정한신아파트후문,128.93962441064605,37.773612640324636,64,0,True
2025-06-01,4200263,송정한신아파트후문,128.9386138022858,37.773558747641985,1,13,True
2025-06-01,4200280,송정해변,128.9381119893655,37.77768849372205,31,0,True
2025-06-01,4201265,송정해변,128.937243026154,37.779799396228796,23,0,True
2025-06-01,4201264,송정해변,128.93690998005923,37.77994173288209,0,6,True
2025-06-01,4200404,송천,128.64305128748416,37.832454612861596,,,False
2025-06-01,4200405,송천,128.64294987987037,37.832536995608294,0,4,True
2025-06-01,4200399,송천종점,128.63433752494774,37.82213931034025,4,0,True
2025-06-01,4200300,수협사거리,128.8314095884837,37.895774457125356,3,33,True
2025-06-01,4200190,수협사거리,128.83119347169236,37.89590191816579,55,6,True
2025-06-01,4200436,순긋해변,128.89252003394913,37.81667547893821,2,2,True
2025-06-01,4200437,순긋해변,128.89288352206873,37.81622289476459,11,7,True
2025-06-01,4201241,순두부마을,128.8929863409179,37.7864529101926,1,6,True
2025-06-01,4201240,순두부마을,128.89327386744634,37.786738816066666,4,0,True
2025-06-01,4200439,순포해변,128.8896479640838,37.81947984719446,4,0,True
2025-06-01,4200438,순포해변,128.8909555032514,37.81845994015455,0,1,True
2025-06-01,4200004,숲사랑홍보관,128.85126457297872,37.81878304910103,6,0,True
2025-06-01,4200828,신광사입구,128.85959135500886,37.70844237993537,1,1,True
2025-06-01,4200829,신광사입구,128.85953628339269,37.70852190735515,,,False
2025-06-01,4200279,신도브래뉴,128.93862914925478,37.77730338810464,0,27,True
2025-06-01,4202169,신라모노그램,128.92993128709296,37.78509796814699,,,False
2025-06-01,4202172,신라모노그램,128.92730314100064,37.78470637599459,,,False
2025-06-01,4202170,신라모노그램,128.92998485011893,37.785132389833336,,,False
2025-06-01,4202171,신라모노그램,128.92766337576,37.78423838201166,,,False
2025-06-01,4200068,신석,128.9222626638924,37.73522591649743,1,0,True
2025-06-01,4201244,신석,128.92220564964913,37.73521532481458,,,False
2025-06-01,4200570,신석입구,128.92112104933958,37.74060070408295,,,False
2025-06-01,4200571,신석입구,128.92121434678074,37.740633508275124,0,1,True
2025-06-01,4200605,신석종점,128.92550135841566,37.72411554187395,0,1,True
2025-06-01,4200604,신석종점,128.92548856169705,37.724168770541205,,,False
2025-06-01,4200610,신석회관,128.922128840552,37.73330388403426,4,0,True
2025-06-01,4200611,신석회관,128.92206674319968,37.733298030104976,,,False
2025-06-01,4200563,신암동산,128.856450486855,37.759838948235505,,,False
2025-06-01,4200564,신암동산,128.85644693333413,37.7598894548062,,,False
2025-06-01,4200252,신영극장,128.8961287589657,37.75448236011555,2218,1775,True
2025-06-01,4200395,신왕리,128.7909165521197,37.84823170892436,,,False
2025-06-01,4200396,신왕리,128.79081224615587,37.848255771655694,,,False
2025-06-01,4200393,신왕리마을회관,128.78881339413073,37.84406973819415,,,False
2025-06-01,4200394,신왕리마을회관,128.78872771686466,37.84404617250474,,,False
2025-06-01,4200392,신왕종점,128.77479795503757,37.82848497778013,1,0,True
2025-06-01,4200339,신왕초등학교,128.78962228209244,37.85282870829282,,,False
2025-06-01,4200178,신왕초등학교.소금강산체험학습장,128.7874843369829,37.85236789721056,1,1,True
2025-06-01,4200376,신평교,128.84751858457875,37.787025988717744,,,False
2025-06-01,4200375,신평교,128.8476422534893,37.786964946063456,,,False
2025-06-01,4200795,신화아파트,128.89739318948855,37.749293198227164,,,False
2025-06-01,4200796,신화아파트,128.8983309878122,37.7493513359141,,,False
2025-06-01,4201111,심곡,129.05072825701674,37.66496744031941,49,0,True
2025-06-01,4201110,심곡,129.05054407613815,37.66494664843006,1,8,True
2025-06-01,4200885,심불사입구,128.83994507873663,37.70295599504848,,,False
2025-06-01,4200884,심불사입구,128.84001194474018,37.70305298286866,,,False
2025-06-01,4201118,썬크루즈,129.0440946513368,37.6820368944123,0,3,True
2025-06-01,4201373,아래흐내,128.97754794808964,37.614630687418135,,,False
2025-06-01,4201372,아래흐내,128.9775173341677,37.61462843088557,,,False
2025-06-01,4201388,안고단,128.81682784184864,37.52450097063033,,,False
2025-06-01,4200865,안곡,128.82914470078177,37.745465477199204,,,False
2025-06-01,4200871,안곡약수터입구,128.8379137142218,37.73973940790299,,,False
2025-06-01,4200020,안곡약수터입구,128.8378468662133,37.73975627758666,,,False
2025-06-01,4200869,안국고개입구,128.83777031179514,37.74152814933456,,,False
2025-06-01,4200868,안국고개입구,128.8377139800973,37.741484552653596,,,False
2025-06-01,4201043,안목,128.94526892930932,37.77285146151794,505,2,True
2025-06-01,4200281,안목.강릉항,128.94934241574012,37.770520507065875,,,False
2025-06-01,4201040,안목.강릉항,128.94944155473152,37.77036079213364,,,False
2025-06-01,4201057,안목커피거리,128.94590416266868,37.77225695392567,25,1,True
2025-06-01,4201044,안목커피거리,128.94543559396536,37.77260342997581,41,375,True
2025-06-01,4200244,안목커피거리,128.94578809167245,37.77230230429985,13,64,True
2025-06-01,4201263,안목해변,128.94493768408068,37.774178194287636,28,0,True
2025-06-01,4201262,안목해변,128.9453268042541,37.77365094131008,0,52,True
2025-06-01,4200587,안소재길,128.84955884022355,37.563768804870946,,,False
2025-06-01,4200586,안소재길,128.84946322181048,37.56376109313163,,,False
2025-06-01,4201139,안인,128.98934561422945,37.734014720107886,19,4,True
2025-06-01,4201140,안인,128.98934458573052,37.73394318769602,5,4,True
2025-06-01,4200599,안인삼거리,128.98037760076,37.72789657042197,,,False
2025-06-01,4200598,안인삼거리,128.98042188065915,37.72782929827981,,,False
2025-06-01,4201148,안인화력발전소,128.97827596831831,37.72739115413768,9,0,True
2025-06-01,4201149,안인화력발전소,128.97827482863894,37.727294808983075,0,4,True
2025-06-01,4201001,암반욕체험장,128.8174715505199,37.72568745788923,,,False
2025-06-01,4201002,암반욕체험장,128.81756412801548,37.725703466430105,,,False
2025-06-01,4200528,앞무쇠골,128.7909149887738,37.735806871417466,0,1,True
2025-06-01,4200535,앞무쇠골,128.7907679545247,37.73580475645548,,,False
2025-06-01,4200187,양양고개,128.82805578782853,37.90002854060149,43,1,True
2025-06-01,4200188,양양고개,128.82822436017406,37.899998054568016,0,21,True
2025-06-01,4201243,양우내안애아파트,128.90225216607172,37.751490811466354,,,False
2025-06-01,4201245,양우내안애아파트,128.9018874469489,37.75145322200816,,,False
2025-06-01,4200201,양조장,128.8258300942643,37.881274388703744,92,16,True
2025-06-01,4201403,양지골,128.84419682263942,37.754675826474795,,,False
2025-06-01,4201404,양지골,128.8442384161847,37.75462833677575,,,False
2025-06-01,4201357,양지마을,129.0219835892014,37.61975733717636,,,False
2025-06-01,4201356,양지마을,129.02194175334466,37.619812201556556,,,False
2025-06-01,4201354,양지말상,129.02550426571582,37.620299361941775,,,False
2025-06-01,4201355,양지말상,129.02549637985018,37.62023673439294,,,False
2025-06-01,4200651,어단1리,128.89857868128925,37.69687081252176,3,0,True
2025-06-01,4200652,어단1리,128.89835375718442,37.69689880719406,,,False
2025-06-01,4200644,어단1리마을회관,128.90166199367852,37.69299424582564,,,False
2025-06-01,4200643,어단1리마을회관,128.90163121019464,37.69306524952247,0,2,True
2025-06-01,4200646,어단1리성황당,128.8998102046769,37.691407412019785,,,False
2025-06-01,4200645,어단1리성황당,128.8997465866069,37.69146948045897,1,1,True
2025-06-01,4200639,어단2리마을회관,128.91146885408946,37.6964376324294,3,1,True
2025-06-01,4200640,어단2리마을회관,128.91152104480037,37.696373262130535,,,False
2025-06-01,4200648,어단리.법왕사,128.89523586027252,37.689105321389235,,,False
2025-06-01,4200972,어흘리.굴면동,128.81242525863513,37.71968494003737,1,0,True
2025-06-01,4200966,어흘리.굴면동,128.81355554198663,37.72030372991263,,,False
2025-06-01,4201412,어흘리산림관광안내센터,128.79622345209006,37.720248969562334,1,0,True
2025-06-01,4201413,어흘리산림관광안내센터,128.79677626958596,37.720179974904156,,,False
2025-06-01,4201163,언별2리,128.93981173016869,37.70173122003391,,,False
2025-06-01,4201164,언별2리,128.93990494422928,37.70171510089973,3,0,True
2025-06-01,4200036,언별리,128.932462653647,37.69147304189006,,,False
2025-06-01,4201227,연곡면사무소,128.83749819485607,37.86001175022627,107,36,True
2025-06-01,4200212,연곡면사무소,128.83761397394952,37.85995465828368,57,74,True
2025-06-01,4200354,연곡면사무소,128.83726140830402,37.85982528703765,55,52,True
2025-06-01,4200355,연곡면사무소,128.8369030857598,37.8592954872826,4,0,True
2025-06-01,4200381,연곡소나무길,128.86219953750597,37.850074873961454,1,2,True
2025-06-01,4200509,연곡소나무길,128.8618386269624,37.85018703668437,2,0,True
2025-06-01,4200353,연곡초교,128.82814655157526,37.8569020930201,,,False
2025-06-01,4200352,연곡초교,128.82816906723454,37.856817110094816,2,0,True
2025-06-01,4200349,연곡취수장입구,128.8134029222452,37.854479588535305,0,1,True
2025-06-01,4200348,연곡취수장입구,128.81321638321742,37.85436534997662,2,0,True
2025-06-01,4200451,연곡해변,128.85309149153562,37.85745785808507,1,0,True
2025-06-01,4200450,연곡해변,128.8529783059013,37.85739414992972,2,0,True
2025-06-01,4200213,연곡해변입구,128.84130813848452,37.85462580337619,6,1,True
2025-06-01,4200214,연곡해변입구,128.84162112920617,37.854539181009365,2,7,True
2025-06-01,4200152,연변,128.83155522186766,37.80584297639379,0,1,True
2025-06-01,4200151,연변,128.83161739090895,37.80576988356887,7,0,True
2025-06-01,4200759,영동정미소,129.03644448557495,37.62779710955012,,,False
2025-06-01,4201341,영동정미소,129.0362624021505,37.62780024862322,,,False
2025-06-01,4200209,영진입구,128.83637261045655,37.87054167536418,21,19,True
2025-06-01,4201226,영진입구,128.83626865951734,37.87047570517143,29,17,True
2025-06-01,4201270,영진항,128.84778900128174,37.86736001237831,5,0,True
2025-06-01,4201269,영진항,128.8478764921571,37.86744935186811,,,False
2025-06-01,4201271,영진해변,128.84407553359966,37.870005012045354,24,4,True
2025-06-01,4201272,영진해변,128.84410671788726,37.87009887053988,0,3,True
2025-06-01,4200406,오대산휴게소,128.648222920777,37.83491560552007,,,False
2025-06-01,4200407,오대산휴게소,128.64806989287274,37.83498136245625,,,False
2025-06-01,4200816,오뚜기물류서비스,128.87782869819907,37.71615014292806,1,1,True
2025-06-01,4200815,오뚜기물류서비스,128.8777698382652,37.71622341645464,3,0,True
2025-06-01,4201078,오리동,129.01320871433214,37.68272714510743,11,0,True
2025-06-01,4201079,오리동,129.01320324945965,37.682803393955474,,,False
2025-06-01,4201058,오리들마을,128.93730145779827,37.744469925122935,,,False
2025-06-01,4201252,오리들마을,128.93739401500017,37.74438483019564,,,False
2025-06-01,4200536,오리진항,128.8317047746547,37.90064451287537,2,0,True
2025-06-01,4200527,오리진항,128.8317491433552,37.9007448060665,2,3,True
2025-06-01,4200961,오봉,128.8206361867679,37.70638660212798,,,False
2025-06-01,4200962,오봉,128.8205322494514,37.7062887289534,,,False
2025-06-01,4200964,오봉리,128.82222083699313,37.709588124281694,,,False
2025-06-01,4200963,오봉리,128.8222695914709,37.70939016181609,1,0,True
2025-06-01,4200053,오성학교,128.93312248716418,37.77978287851338,22,6,True
2025-06-01,4201428,오션시티아이파크,128.94156983542882,37.775150292669956,,,False
2025-06-01,4201427,오션시티아이파크,128.94172063887467,37.77534012183183,,,False
2025-06-01,4200239,오죽헌,128.88242080274284,37.78040719543912,83,66,True
2025-06-01,4200238,오죽헌,128.8827262588498,37.779841129260745,91,45,True
2025-06-01,4200092,오죽헌,128.8797380363922,37.77879711032111,1,0,True
2025-06-01,4200093,오죽헌,128.88009218006442,37.77900408798861,0,2,True
2025-06-01,4200769,오죽헌입구,128.8828973977968,37.77942746550242,1,0,True
2025-06-01,4201382,오죽헌입구,128.88300783523746,37.779420150144524,1,14,True
2025-06-01,4201097,옥계119안전센터,129.03045031861078,37.60261800571139,,,False
2025-06-01,4201098,옥계119안전센터,129.0299579795461,37.602418475944106,,,False
2025-06-01,4202042,옥계면사무소,129.03870359107486,37.61225376052538,5,0,True
2025-06-01,4202052,옥계면사무소,129.03863134955023,37.61234830848836,3,0,True
2025-06-01,4202092,옥계역,129.04915585739857,37.61793983643156,,,False
2025-06-01,4202082,옥계역,129.0492092887644,37.61767316323472,1,0,True
2025-06-01,4201368,옥계저수지,128.9806153158948,37.62190318324612,,,False
2025-06-01,4201367,옥계저수지,128.98049757084706,37.62195561397405,,,False
2025-06-01,4201366,옥계저수지,128.9806745254139,37.62197726022537,,,False
2025-06-01,4202032,옥계현내시장,129.03512810350702,37.608949806593664,18,16,True
2025-06-01,4202022,옥계현내시장,129.03523947374634,37.60889735545031,52,9,True
2025-06-01,4201285,옥골,129.0451011119314,37.58480257343729,,,False
2025-06-01,4200701,옥봉마을,128.89299808417252,37.703844690722654,,,False
2025-06-01,4200257,옥천119안전센터,128.90305174420297,37.761041080134646,65,37,True
2025-06-01,4200256,옥천119안전센터,128.9022376115818,37.76136928474395,19,35,True
2025-06-01,4201000,옥터가든,128.8137241133093,37.7280870855366,,,False
2025-06-01,4200999,옥터가든,128.81373332317625,37.728008981659464,,,False
2025-06-01,4201284,올밑,129.03979791391387,37.58885317796911,,,False
2025-06-01,4201363,옹기마을,129.00369924320785,37.616995401978194,,,False
2025-06-01,4201362,옹기마을,129.0036684835799,37.617059917346076,,,False
2025-06-01,4200897,왕산골,128.78735259066167,37.65458906689652,,,False
2025-06-01,4200896,왕산골,128.7872211119886,37.65448843873245,,,False
2025-06-01,4200468,왕산골한옥,128.79462643294355,37.66636911752362,,,False
2025-06-01,4200930,왕산구)종점,128.8604095757484,37.623711657099335,0,1,True
2025-06-01,4200929,왕산구)종점,128.8604892853729,37.62367273667524,,,False
2025-06-01,4200960,왕산대기교차로,128.80856548851528,37.68962515075815,,,False
2025-06-01,4200959,왕산대기교차로,128.80857307337496,37.68975019804283,,,False
2025-06-01,4200889,왕산리2반,128.80297738702234,37.675963955897956,,,False
2025-06-01,4200888,왕산리2반,128.80288061474792,37.67595542199383,,,False
2025-06-01,4200891,왕산리마을회관,128.79682095717135,37.67030353806043,,,False
2025-06-01,4200890,왕산리마을회관,128.79684011914176,37.670392794275685,,,False
2025-06-01,4200952,왕산면사무소앞,128.83831324436588,37.672144012562036,0,1,True
2025-06-01,4200951,왕산면사무소앞,128.83840731782888,37.6721688588501,2,1,True
2025-06-01,4200928,왕산사,128.8594660677207,37.61509686617323,,,False
2025-06-01,4200927,왕산사,128.85972406418662,37.614998007179736,,,False
2025-06-01,4200955,왕산사슴목장,128.82575088668412,37.681344715824196,1,0,True
2025-06-01,4200956,왕산사슴목장,128.82565717295802,37.68132318009433,,,False
2025-06-01,4200607,왜골안길,128.9242847541364,37.72773866042556,,,False
2025-06-01,4200606,왜골안길,128.92431613988109,37.72776258609913,,,False
2025-06-01,4201035,용강동,128.89127858305645,37.75423171492401,4,40,True
2025-06-01,4201036,용강동,128.89145488440622,37.7543870741593,38,9,True
2025-06-01,4200250,용강동서부시장,128.89174828581776,37.7556582744871,278,62,True
2025-06-01,4200249,용강동서부시장,128.89167287030088,37.75492247590215,109,410,True
2025-06-01,4200874,용봉자동차학원,128.83460209459432,37.72175943182151,,,False
2025-06-01,4200259,용지각,128.90537716328666,37.76184119439877,96,25,True
2025-06-01,4200258,용지각,128.90534669055177,37.76147384168322,89,83,True
2025-06-01,4201407,우미린아파트,128.87047584429433,37.757205866745004,,,False
2025-06-01,4200565,우미린아파트,128.87023572987053,37.75716460769394,26,30,True
2025-06-01,4200241,우성공업사,128.8881180126791,37.77538642162077,39,17,True
2025-06-01,4200520,우신아파트,128.8255393760297,37.87241785986445,5,2,True
2025-06-01,4200123,우편집중국,128.8733706824724,37.76051485370646,6,35,True
2025-06-01,4200124,우편집중국,128.87347187490323,37.76156496879712,169,2,True
2025-06-01,4200600,운산노인회관,128.93671028942424,37.732907768416084,,,False
2025-06-01,4200601,운산노인회관,128.93684858416998,37.73287788594293,,,False
2025-06-01,4200602,운산분교,128.93677350637265,37.730734508227286,3,0,True
2025-06-01,4200603,운산분교,128.93686556902622,37.730747600300575,,,False
2025-06-01,4200390,운양초교,128.85999131659992,37.833521248123965,,,False
2025-06-01,4202153,운양초등학교,128.8590953489884,37.83649095483332,0,1,True
2025-06-01,4200198,원마트,128.82575730347685,37.88826959645488,26,87,True
2025-06-01,4201050,원마트,128.9185145864492,37.76040631401962,0,1,True
2025-06-01,4201232,원마트,128.8255161831108,37.88764901879385,106,24,True
2025-06-01,4201049,원마트,128.91839757804996,37.76020248248705,,,False
2025-06-01,4200787,원예농협강남점,128.8968065666806,37.74246510458876,,,False
2025-06-01,4200788,원예농협강남점,128.89681243940322,37.742695820214294,,,False
2025-06-01,4201059,월호평동,128.94896909223806,37.74860767924179,,,False
2025-06-01,4200561,위촌1교,128.85248954070696,37.758669118271264,2,0,True
2025-06-01,4200562,위촌1교,128.85256313236903,37.758700268834,,,False
2025-06-01,4201401,위촌1리마을회관,128.8493169939177,37.752759763627935,,,False
2025-06-01,4201402,위촌1리마을회관,128.84922183855028,37.75276536684672,,,False
2025-06-01,4200557,위촌2리경로당,128.84459001673955,37.75958593352651,2,0,True
2025-06-01,4209994,위촌2리경로당,128.8446791622344,37.75971028072801,2,0,True
2025-06-01,4200558,위촌2리경로당,128.84480889532918,37.75954345559538,0,1,True
2025-06-01,4201408,위촌리,128.8362872937098,37.75958677922043,2,0,True
2025-06-01,4200556,위촌리,128.83630340406063,37.75966855469253,,,False
2025-06-01,4200870,윗회산,128.8624600126061,37.71152374867891,1,0,True
2025-06-01,4200064,윗회산,128.86237406495107,37.71154075190158,,,False
2025-06-01,4200331,유등.백운사입구,128.75900654206438,37.850462767351864,2,0,True
2025-06-01,4200332,유등.백운사입구,128.75795827699417,37.850487600912274,0,1,True
2025-06-01,4200680,유산동노인회관,128.90975279156388,37.73997249911831,,,False
2025-06-01,4200679,유산동노인회관,128.9098408904697,37.73999573125917,,,False
2025-06-01,4200677,유산민물장어,128.91188581173668,37.73590297036683,,,False
2025-06-01,4200678,유산민물장어,128.9117917615037,37.73586343058287,,,False
2025-06-01,4200555,유천동,128.86153738164376,37.766528036862,,,False
2025-06-01,4200479,유천행복주택,128.86570448042954,37.76159011454386,,,False
2025-06-01,4200039,유화아파트,128.91342886671308,37.785727014906996,48,0,True
2025-06-01,4200363,율곡중정문,128.88882882673292,37.76926965127901,,,False
2025-06-01,4200243,율곡중학교,128.89033943348878,37.77216892177817,50,12,True
2025-06-01,4200242,율곡중학교,128.89021344037266,37.771874448370795,51,25,True
2025-06-01,4200132,율곡초등학교,128.88221538693716,37.765100900268116,27,2,True
2025-06-01,4200770,은마아파트,128.89705025699647,37.747304327883974,1,0,True
2025-06-01,4200771,은마아파트,128.89677272965307,37.746541962257844,,,False
2025-06-01,4201313,음촌,128.99426321534403,37.590067749479466,,,False
2025-06-01,4201312,음촌,128.9943519708324,37.590218452220576,,,False
2025-06-01,4200269,이마트,128.92346774482266,37.772222356268564,20,44,True
2025-06-01,4200270,이마트,128.92290403192536,37.77218493598484,73,17,True
2025-06-01,4200246,이명사거리,128.89177153862124,37.764700407126554,47,45,True
2025-06-01,4200245,이명사거리,128.89157918705828,37.764565078717,116,37,True
2025-06-01,4200043,이화해변타운,128.91744670191798,37.78316591377611,23,0,True
2025-06-01,4201397,임경당입구,128.85065952125555,37.73971869052315,,,False
2025-06-01,4201398,임경당입구,128.85060665622572,37.73967510840446,,,False
2025-06-01,4200573,임곡,128.95981869884417,37.65381523982265,3,0,True
2025-06-01,4200584,임곡1리,128.97599759967915,37.693758829867754,1,0,True
2025-06-01,4200585,임곡1리,128.97590980007564,37.693767123079255,,,False
2025-06-01,4200583,임곡1리마을회관,128.97465402746607,37.69113733741365,,,False
2025-06-01,4200582,임곡1리마을회관,128.9747545332243,37.69109651601256,,,False
2025-06-01,4200575,임곡2리마을회관,128.96541432118602,37.66322091980088,,,False
2025-06-01,4200574,임곡2리마을회관,128.96548889686682,37.66318854424863,,,False
2025-06-01,4200578,임곡초등학교,128.970266319495,37.67657078197406,3,0,True
2025-06-01,4200579,임곡초등학교,128.97019094901066,37.676575911433936,,,False
2025-06-01,4200893,임내폭포,128.7939174576728,37.66377320023954,,,False
2025-06-01,4200892,임내폭포,128.79372069070962,37.66362299663701,0,1,True
2025-06-01,4200767,입암1주공아파트,128.90600846284408,37.75457671115239,2,3,True
2025-06-01,4200766,입암1주공아파트,128.90620017782277,37.75501242269486,16,4,True
2025-06-01,4201205,입암2.3주공,128.9161850255649,37.765072488547595,99,2,True
2025-06-01,4201206,입암2.3주공,128.9164847952377,37.764981798289845,0,27,True
2025-06-01,4201047,입암4주공아파트,128.91655461094618,37.76166752794127,1,0,True
2025-06-01,4201048,입암4주공아파트,128.9166989706064,37.761858842951916,,,False
2025-06-01,4200757,입암5주공아파트,128.91468852686768,37.759901363335864,31,1,True
2025-06-01,4200755,입암6주공아파트,128.91994172349143,37.75895755917794,13,26,True
2025-06-01,4200754,입암6주공아파트,128.9200510349674,37.759167158773394,112,2,True
2025-06-01,4201052,입암6주공오거리,128.91746262041485,37.758678282328006,0,23,True
2025-06-01,4201051,입암6주공오거리,128.91813149011642,37.75937340656549,33,0,True
2025-06-01,4200763,입암현대아파트,128.91229270015563,37.753112836072376,3,6,True
2025-06-01,4200762,입암현대아파트,128.91270364556544,37.753026994257695,26,1,True
2025-06-01,4200742,자루뫼.옹심이마을,128.93910155337016,37.76225882808405,18,3,True
2025-06-01,4200743,자루뫼.옹심이마을,128.93907508604704,37.76218611247613,2,6,True
2025-06-01,4200588,자원순환센터,128.9884350583326,37.69589916205473,,,False
2025-06-01,4200589,자원순환센터,128.98825794255524,37.6958847446048,,,False
2025-06-01,4200807,자조와리,128.87870578002008,37.72632672967291,8,0,True
2025-06-01,4200808,자조와리,128.8787893136159,37.726283262247435,,,False
2025-06-01,4200886,자포골,128.83086667060377,37.70702334781653,,,False
2025-06-01,4200196,작은다리,128.8261349428677,37.89101262248175,35,122,True
2025-06-01,4200197,작은다리,128.82583778093624,37.88994679111109,197,11,True
2025-06-01,4200454,작은다리사거리,128.82450182834083,37.890319810643184,0,2,True
2025-06-01,4201147,작은다리사거리,128.82430578974427,37.890298608665205,0,3,True
2025-06-01,4200793,잠수교,128.89948844495035,37.7500516781015,,,False
2025-06-01,4200794,잠수교,128.8998046277538,37.75006345498387,,,False
2025-06-01,4200462,장덕1리,128.79552757430156,37.87818242033292,,,False
2025-06-01,4200461,장덕1리,128.7955229122852,37.878113650066226,7,0,True
2025-06-01,4200458,장덕2리,128.77147712645024,37.883516051343115,0,2,True
2025-06-01,4200457,장덕2리,128.77149035836987,37.88343140927676,3,0,True
2025-06-01,4200460,장덕2리마을회관,128.77790630744494,37.87964207357677,,,False
2025-06-01,4200459,장덕2리마을회관,128.7777930908638,37.879609504906774,1,0,True
2025-06-01,4201034,장수탕,128.8873508979562,37.75226332684143,1,9,True
2025-06-01,4201033,장수탕,128.88740033590045,37.75217314835415,9,3,True
2025-06-01,4201151,장터마을,128.9723977075807,37.72307968130474,0,1,True
2025-06-01,4201150,장터마을,128.97235424591028,37.72315567930139,2,0,True
2025-06-01,4200116,적십자입구,128.88726321660565,37.757196360936135,16,16,True
2025-06-01,4200117,적십자입구,128.88647213220725,37.75676623567213,36,11,True
2025-06-01,4201125,정동교,129.0324614525895,37.688438171101524,21,1,True
2025-06-01,4201126,정동교,129.03237659003923,37.68846940398579,4,14,True
2025-06-01,4201127,정동진역,129.03224964663548,37.690253441678834,49,5,True
2025-06-01,4201128,정동진역,129.0319921573861,37.69035571739087,10,31,True
2025-06-01,4201123,정동초등학교,129.03393804786398,37.68800336105405,3,0,True
2025-06-01,4201124,정동초등학교,129.03365499665549,37.68789867201399,1,2,True
2025-06-01,4201119,정동해변,129.04025543414897,37.68609620523521,0,18,True
2025-06-01,4201120,정동해변,129.04018588407186,37.686033834572385,6,0,True
2025-06-01,4200833,제비1리마을회관,128.8620977553537,37.71966811408695,,,False
2025-06-01,4200832,제비1리마을회관,128.8621891338796,37.71968864008052,1,0,True
2025-06-01,4200826,제비리,128.85827155633717,37.70524685021708,,,False
2025-06-01,4200838,제비리정미소,128.85946417278979,37.72991051863758,1,0,True
2025-06-01,4200839,제비리정미소,128.8594036715264,37.72987082372568,,,False
2025-06-01,4200878,제비산북교차로,128.85195266618172,37.70260144877975,,,False
2025-06-01,4200879,제비산북교차로,128.85204215694216,37.702600950909385,,,False
2025-06-01,4200825,제비삼거리,128.8615088123862,37.70915992717116,,,False
2025-06-01,4200824,제비삼거리,128.8614786499892,37.70922991859699,,,False
2025-06-01,4200240,젤마을,128.887733025105,37.775438249928285,34,17,True
2025-06-01,4201116,조각공원,129.0419778617943,37.68142324301774,,,False
2025-06-01,4201117,조각공원,129.04194075670452,37.681301432273415,,,False
2025-06-01,4201409,조순생가,128.88832466397164,37.713711387376655,1,0,True
2025-06-01,4201423,조순생가,128.88844816983337,37.713682167259954,,,False
2025-06-01,4200432,종합경기장,128.89654249784542,37.771109941446205,57,7,True
2025-06-01,4200433,종합경기장,128.89677683645317,37.77125900731557,5,22,True
2025-06-01,4200544,종합경기장입구,128.89740621946726,37.770531883728914,1,2,True
2025-06-01,4200292,주공1차아파트,128.88256780330317,37.766843575404636,111,4,True
2025-06-01,4200133,주공1차아파트,128.88288690646792,37.76665665089728,16,27,True
2025-06-01,4200530,주공2차아파트,128.8850454710998,37.768615366200436,2,2,True
2025-06-01,4200566,주공2차아파트,128.88486622636958,37.76845428049225,,,False
2025-06-01,4200129,주공3차아파트,128.87933873663175,37.76410589188944,21,24,True
2025-06-01,4201378,주문10리,128.81057617544894,37.89757955797342,1,0,True
2025-06-01,4200027,주문10리,128.81049106440693,37.89755886763472,,,False
2025-06-01,4201377,주문10리종점,128.80246523281295,37.89335520402651,3,0,True
2025-06-01,4200189,주문2리,128.83046007450088,37.897540604441176,23,0,True
2025-06-01,4200299,주문2리,128.83067123183636,37.89750003400375,2,19,True
2025-06-01,4201278,주문진등대,128.83413482750083,37.898607108297156,0,6,True
2025-06-01,4201277,주문진등대,128.83402573057427,37.898641534767464,6,0,True
2025-06-01,4200452,주문진문화교육센터,128.82210321817664,37.88251990280632,,,False
2025-06-01,4200453,주문진문화교육센터,128.8216607096042,37.88251737897711,,,False
2025-06-01,4201276,주문진수산시장,128.82844614486706,37.89014411628092,3,25,True
2025-06-01,4201275,주문진수산시장,128.82825290581502,37.88995969444888,42,5,True
2025-06-01,4200200,주문진시외버스터미널,128.8253113527999,37.88508198031381,21,64,True
2025-06-01,4200448,주문진시외버스터미널,128.8255388895829,37.884201127994984,9,17,True
2025-06-01,4200305,주문진시외버스터미널,128.82509871282576,37.88458386690221,152,20,True
2025-06-01,4200202,주문진식자재마트,128.82596782269363,37.881485546216574,23,37,True
2025-06-01,4200029,주문진읍사무소,128.82486977710943,37.892686971435495,,,False
2025-06-01,4201393,주문진읍사무소,128.82369473290439,37.893285463228835,,,False
2025-06-01,4200971,주문진읍사무소,128.8246799183624,37.892745035212215,0,1,True
2025-06-01,4201391,주문진읍사무소,128.8238312459903,37.8934502421149,2,0,True
2025-06-01,4200308,주문진중.고등학교.강릉정보고,128.82672327638434,37.87982425913257,45,31,True
2025-06-01,4200204,주문진중학교,128.82690197641236,37.87887483229283,93,16,True
2025-06-01,4200532,주문진항,128.8290758047728,37.892766657375546,5,3,True
2025-06-01,4200195,주문진항입구,128.82690557497094,37.892668432750234,15,43,True
2025-06-01,4200194,주문진항입구,128.82670250148865,37.8926318795772,117,14,True
2025-06-01,4200181,주문진해변,128.81692175696733,37.90940788063508,64,5,True
2025-06-01,4200182,주문진해변,128.81704671925502,37.90944057885068,1,76,True
2025-06-01,4202062,주수1리,129.04484649940426,37.61466278284313,,,False
2025-06-01,4202072,주수1리,129.0445825275631,37.61484876921252,0,1,True
2025-06-01,4202102,주수2리,129.05347399898523,37.618026714837086,,,False
2025-06-01,4202112,주수2리,129.0534798781985,37.618295982570245,,,False
2025-06-01,4200752,중앙초교,128.9223833558042,37.757342016100644,55,4,True
2025-06-01,4200753,중앙초교,128.92202942311576,37.75730416097501,2,14,True
2025-06-01,4200229,즈므.과학단지,128.86079294239343,37.79710821329875,4,2,True
2025-06-01,4200138,즈므.과학단지,128.8604076986006,37.79746479759031,27,3,True
2025-06-01,4200378,즈므교,128.8504671545161,37.79077991715075,,,False
2025-06-01,4200377,즈므교,128.8503710096998,37.790650810639626,,,False
2025-06-01,4200083,지변동,128.87676045382563,37.771874023944235,0,6,True
2025-06-01,4201406,지암사입구,128.8326543984501,37.76849221810292,,,False
2025-06-01,4200412,진고개휴게소,128.65865259925027,37.84288643809636,5,0,True
2025-06-01,4200413,진고개휴게소,128.6587993033944,37.842974758114,,,False
2025-06-01,4200023,진골,128.863668793898,37.7068476306324,,,False
2025-06-01,4200284,진골,128.86337243060487,37.70683089545619,,,False
2025-06-01,4200044,차고지대기(미정차),128.93316603832002,37.76938974153612,2,0,True
2025-06-01,4200749,차돌광,128.92683577267843,37.75897194822883,0,3,True
2025-06-01,4200748,차돌광,128.92675717507132,37.75922428188879,5,0,True
2025-06-01,4200469,참샘,128.79799114449304,37.90957457625894,,,False
2025-06-01,4200638,천주교회,128.91475255178224,37.69917256372598,,,False
2025-06-01,4200637,천주교회,128.9146583268783,37.69918070112344,1,1,True
2025-06-01,4201070,철길건널목앞,128.9484470278131,37.73765389539244,,,False
2025-06-01,4201071,철길건널목앞,128.94850270661007,37.73757538406423,,,False
2025-06-01,4200219,청솔공원,128.84744835859598,37.832296445829655,13,3,True
2025-06-01,4200314,청솔공원,128.84780404863866,37.83218520189828,5,3,True
2025-06-01,4201234,초당분수공원,128.92421540479356,37.78614360918137,2,46,True
2025-06-01,4201233,초당분수공원,128.9221385517862,37.785996929695614,87,29,True
2025-06-01,4200617,초당순두부마을,128.91553146572582,37.791098464762065,0,5,True
2025-06-01,4200616,초당순두부마을,128.91545728509436,37.791144787216254,4,0,True
2025-06-01,4202175,큰방파제,128.83179865169402,37.89485760516111,,,False
2025-06-01,4200947,탑동교,128.84609145028975,37.66009383864923,4,0,True
2025-06-01,4200948,탑동교,128.84599983023696,37.66005118972853,0,2,True
2025-06-01,4200119,터미널오거리,128.88381140539954,37.755579088211434,73,5,True
2025-06-01,4200118,터미널오거리,128.8840640923818,37.75608209292866,7,76,True
2025-06-01,4200175,퇴곡,128.75248295369062,37.85110547320165,,,False
2025-06-01,4200174,퇴곡,128.75226108332112,37.851299039517386,,,False
2025-06-01,4200329,퇴곡1리경로당,128.74128473074444,37.849334595953835,5,0,True
2025-06-01,4200330,퇴곡1리경로당,128.7415928535256,37.84950756791581,0,3,True
2025-06-01,4200173,퇴곡2리,128.71633081209328,37.84807753595964,,,False
2025-06-01,4200032,퇴곡2리,128.71714904545294,37.84816614353958,1,0,True
2025-06-01,4200015,퇴곡2리마을회관,128.72561567385543,37.84863292575607,,,False
2025-06-01,4201200,파란바다지역아동센터,128.82465599155947,37.88451042268901,,,False
2025-06-01,4201146,파란바다지역아동센터,128.8248619925949,37.88456697851607,,,False
2025-06-01,4200529,판교2리마을회관,128.84660458171092,37.84287891189836,,,False
2025-06-01,4200391,판교리,128.86009464856716,37.83346652558502,,,False
2025-06-01,4200389,판교리,128.8629774027657,37.834258791663885,1,0,True
2025-06-01,4200733,평안의집,128.90510785537055,37.74063841474535,1,0,True
2025-06-01,4200734,평안의집,128.90504736881275,37.740698188102115,,,False
2025-06-01,4200921,평촌,128.84963218200156,37.552631723106046,,,False
2025-06-01,4200922,평촌,128.84954094616108,37.55267396579829,,,False
2025-06-01,4201236,포남2주공입구,128.91810027987142,37.77873395771816,6,23,True
2025-06-01,4201220,포남2주공입구,128.9179885478381,37.77901498558293,63,3,True
2025-06-01,4200318,포남시장,128.90766061502285,37.76392281820552,117,14,True
2025-06-01,4200084,풋살경기장옆,128.87680703199706,37.77165010517057,14,0,True
2025-06-01,4200806,프라자약국,128.87901214606964,37.728760157474696,1,0,True
2025-06-01,4200805,프라자약국,128.8789292364003,37.728699480498165,,,False
2025-06-01,4201091,피내,129.0067163489339,37.64587762691358,,,False
2025-06-01,4201090,피내,129.00674352158242,37.645808828332775,,,False
2025-06-01,4200359,하나로마트내곡점,128.88026417146904,37.7410809708167,93,0,True
2025-06-01,4200360,하나로마트내곡점,128.88016921110417,37.740597240336115,2,27,True
2025-06-01,4201315,하반암,128.98110553425494,37.584185619903295,1,0,True
2025-06-01,4201314,하반암,128.98089810223846,37.584168867911764,,,False
2025-06-01,4201132,하슬라아트월드,129.01185439171851,37.70733375846832,11,12,True
2025-06-01,4201131,하슬라아트월드,129.0118479436692,37.70752248078149,39,16,True
2025-06-01,4200110,하슬라중,128.90715554439282,37.77053362559672,84,10,True
2025-06-01,4200111,하슬라중,128.90761293140218,37.77043125987649,14,31,True
2025-06-01,4201063,하시동3리3반,128.96021404883618,37.74070043268972,,,False
2025-06-01,4201069,하시동3리3반,128.96017032919647,37.7406590489229,,,False
2025-06-01,4201065,하시동3리마을회관,128.95566357584553,37.73740461978908,,,False
2025-06-01,4200028,하시동3리마을회관,128.95568079152127,37.73745764026289,2,0,True
2025-06-01,4201182,하시동입구,128.94045988509035,37.73612720331248,,,False
2025-06-01,4201181,하시동입구,128.94066964706647,37.73622577281252,,,False
2025-06-01,4200131,하이빌현대아파트,128.8824547932286,37.764860822549025,6,14,True
2025-06-01,4200669,하이샤시,128.91728256074563,37.71407658570209,1,0,True
2025-06-01,4200670,하이샤시,128.91718137940222,37.71406745689133,,,False
2025-06-01,4200387,하평리,128.86670662673083,37.834355194382326,,,False
2025-06-01,4200386,하평리,128.86662078612576,37.834407329862614,,,False
2025-06-01,4200008,하평리,128.87213896973955,37.836286638716444,2,0,True
2025-06-01,4200228,학고개,128.8599242703853,37.80596957371411,4,1,True
2025-06-01,4200227,학고개,128.86104076560957,37.80452897124611,1,1,True
2025-06-01,4200718,학마을앞,128.88924569543022,37.716217165702425,,,False
2025-06-01,4200717,학마을앞,128.88924287497164,37.716130571204594,,,False
2025-06-01,4200720,학산1리,128.8893588713931,37.7158468763211,5,0,True
2025-06-01,4200697,학산1리,128.89410318195965,37.709756692977734,,,False
2025-06-01,4201424,학산1리,128.88951590870155,37.71580085246317,,,False
2025-06-01,4200703,학산2리,128.89237120059903,37.69808781147039,,,False
2025-06-01,4200709,학산2리마을회관,128.8886619883527,37.70619292326437,,,False
2025-06-01,4200710,학산2리마을회관,128.88859103012294,37.70624396434639,4,0,True
2025-06-01,4200657,학산3리마을회관,128.90349173805726,37.7044381914233,4,0,True
2025-06-01,4200658,학산3리마을회관,128.9032366866668,37.70451960385839,,,False
2025-06-01,4200664,학산기갑부대앞,128.9059307650165,37.71218874629587,,,False
2025-06-01,4200663,학산기갑부대앞,128.90587703156245,37.71210753958188,,,False
2025-06-01,4200695,학산둔지,128.89465764592643,37.71376560853827,,,False
2025-06-01,4200691,학산부대앞,128.9016572721052,37.71202064934549,,,False
2025-06-01,4200662,학산부대앞,128.90202642695186,37.711725950607516,,,False
2025-06-01,4200661,학산부대앞,128.9019476905442,37.7115824967992,,,False
2025-06-01,4200685,학산부대후문,128.90185937428248,37.71950094147702,,,False
2025-06-01,4200705,학산설래,128.89315390645208,37.69579111479832,,,False
2025-06-01,4200706,학산설래,128.8930578775653,37.69580131479523,0,1,True
2025-06-01,4200744,학우리,128.93367670500427,37.76075578732405,2,0,True
2025-06-01,4200157,한과마을,128.83514950759155,37.81456555427515,3,0,True
2025-06-01,4200158,한과마을,128.8351667630484,37.81469760511987,,,False
2025-06-01,4200251,한국은행,128.89406630781096,37.753485602290496,1066,382,True
2025-06-01,4200095,한국자산관리공사,128.90111921880606,37.75827929877246,55,39,True
2025-06-01,4200780,한국폴리텍대학,128.8886097800722,37.73837235643407,2,1,True
2025-06-01,4200567,한내들아파트,128.8681446784216,37.75790349269205,36,4,True
2025-06-01,4200568,한내들아파트,128.86810919243274,37.75812879141779,,,False
2025-06-01,4202132,한라시멘트,129.05801411879924,37.61804339970914,,,False
2025-06-01,4202122,한라시멘트,129.0576841685535,37.617825813670024,,,False
2025-06-01,4201096,한라아파트,129.0309268732134,37.598168202920746,4,0,True
2025-06-01,4200737,한라아파트,129.03082754941428,37.598166681025575,1,0,True
2025-06-01,4200231,한밭입구,128.86496052027113,37.791610745411326,0,2,True
2025-06-01,4200230,한밭입구,128.86424835021418,37.79176559208253,14,3,True
2025-06-01,4200641,한빛마을입구,128.9070507747374,37.69408474392719,3,2,True
2025-06-01,4200642,한빛마을입구,128.90709305020837,37.69401534995285,,,False
2025-06-01,4200290,한솔초교,128.91448068318238,37.77500059793141,11,22,True
2025-06-01,4200289,한솔초교,128.9142086436632,37.775058134113436,87,4,True
2025-06-01,4200091,한옥마을,128.877399547533,37.77711052551884,,,False
2025-06-01,4200090,한옥마을,128.8775249835254,37.777067812459386,3,0,True
2025-06-01,4201141,한전사택,128.98448942076186,37.73113028141804,3,0,True
2025-06-01,4201142,한전사택,128.9844997909205,37.731015358793705,,,False
2025-06-01,4200872,할머니추어탕,128.85042441394495,37.73470101792724,,,False
2025-06-01,4201399,항생골입구,128.84855527295463,37.74848089866381,0,1,True
2025-06-01,4201400,항생골입구,128.84848669485692,37.7484721037036,3,0,True
2025-06-01,4200056,해당화연립,128.9356053065312,37.7785328972295,3,22,True
2025-06-01,4200055,해당화연립,128.93501598562065,37.778964657496246,61,24,True
2025-06-01,4200144,해살이,128.81433946380196,37.79231712471411,0,4,True
2025-06-01,4200143,해살이,128.81431621857197,37.79226836473926,1,0,True
2025-06-01,4200554,해송삼거리,128.92513343525474,37.78843042396744,17,1,True
2025-06-01,4200553,해송삼거리,128.9252087534945,37.78824187943356,3,11,True
2025-06-01,4201349,해수리튬연구센터,129.04470822782702,37.636135770169766,1,0,True
2025-06-01,4201346,해수리튬연구센터,129.0451313882053,37.63512172396965,,,False
2025-06-01,4200539,해오름쉼터,128.8415292308554,37.871715916564284,2,4,True
2025-06-01,4200517,해오름쉼터,128.8414184387453,37.87167485028107,2,2,True
2025-06-01,4200283,해운정,128.8896806331549,37.78564440698094,1,0,True
2025-06-01,4200074,해운정,128.8896478172347,37.78577024652339,1,0,True
2025-06-01,4200659,해찬들,128.90171063124305,37.70707432471398,4,0,True
2025-06-01,4200660,해찬들,128.9016482334898,37.707080017547234,,,False
2025-06-01,4200746,핸들,128.93045204662351,37.75995348297138,,,False
2025-06-01,4200747,핸들,128.9303807394757,37.75966393792041,0,2,True
2025-06-01,4200341,행정,128.7939888659289,37.852922738954625,1,1,True
2025-06-01,4200340,행정,128.79244492389662,37.85304272496013,2,0,True
2025-06-01,4200333,행정2리,128.7667909122159,37.85086547031576,,,False
2025-06-01,4200334,행정2리,128.76721113927047,37.850915515839276,,,False
2025-06-01,4201384,행정2리마을회관,128.7837597224069,37.85121868121593,,,False
2025-06-01,4200338,행정2리마을회관,128.783920231759,37.85143615617747,0,1,True
2025-06-01,4200177,행정2리신촌마을,128.7785874984292,37.85062890818297,,,False
2025-06-01,4200176,행정2리신촌마을,128.77862819412928,37.85045242944766,,,False
2025-06-01,4200232,행정마을,128.8694510816438,37.7889272082235,111,10,True
2025-06-01,4200233,행정마을,128.8703519994515,37.78859256038236,7,36,True
2025-06-01,4202176,향호리,128.8104013560146,37.915168235805275,,,False
2025-06-01,4200473,향호리,128.81023394642006,37.915207861254615,81,32,True
2025-06-01,4202177,향호리,128.81064186477658,37.91536952760439,,,False
2025-06-01,4200180,향호리,128.81000074924998,37.91526938265188,,,False
2025-06-01,4200470,향호삼거리,128.8055443775983,37.91039955131909,,,False
2025-06-01,4200467,향호저수지,128.78868941134147,37.904053051022615,2,2,True
2025-06-01,4200466,향호회관,128.8035439820285,37.89964778843476,1,0,True
2025-06-01,4200371,허균.허난설헌기념공원,128.9099040371541,37.79022786972901,5,4,True
2025-06-01,4201259,허균.허난설헌기념공원,128.90952498226952,37.789422425132265,10,21,True
2025-06-01,4200370,허균.허난설헌기념공원,128.90979333997709,37.79017067397969,3,0,True
2025-06-01,4201258,허균.허난설헌기념공원,128.9098403915302,37.789953897145395,28,5,True
2025-06-01,4200041,허균생가입구,128.91292892790995,37.78786454215139,8,0,True
2025-06-01,4200647,허난설헌삼거리,128.91326614067623,37.792240418323686,30,28,True
2025-06-01,4200098,허난설헌삼거리,128.9131333359753,37.79177727582709,15,37,True
2025-06-01,4202012,현내1리연탄직매장,129.03280124237224,37.6062049238953,1,0,True
2025-06-01,4202002,현내1리연탄직매장,129.03293193002432,37.60609468782852,,,False
2025-06-01,4201309,현내교,129.02932870216884,37.60121947406311,,,False
2025-06-01,4201308,현내교,129.02929130812174,37.60128987598838,,,False
2025-06-01,4200034,현내리,129.03644185085787,37.61785851158642,0,1,True
2025-06-01,4200046,현내리,129.03655884799974,37.617883796095704,1,0,True
2025-06-01,4200130,현대2차아파트,128.87999435131803,37.764311243841746,146,6,True
2025-06-01,4200591,현대모비스,128.98854560129584,37.70748766417137,,,False
2025-06-01,4200590,현대모비스,128.98862075193523,37.70745325617163,,,False
2025-06-01,4201207,현대자동차서비스,128.9189460603978,37.76507644083287,0,2,True
2025-06-01,4200326,현덕사입구,128.71038523685135,37.84696339414248,,,False
2025-06-01,4200172,현덕사입구,128.7097155940442,37.84705089816417,,,False
2025-06-01,4200045,형제막국수,128.86624288991882,37.755124519467394,11,1,True
2025-06-01,4209992,형제막국수,128.8658104402118,37.755293592514285,,,False
2025-06-01,4200265,혜성연립,128.91575952067353,37.76841531999017,16,43,True
2025-06-01,4200266,혜성연립,128.9154402649905,37.76852760326643,146,8,True
2025-06-01,4201064,호장골,128.96090744086658,37.738133233851606,,,False
2025-06-01,4201068,호장골,128.96083159328956,37.73815121425806,,,False
2025-06-01,4201405,홈방골,128.83894035853254,37.753110338802365,1,0,True
2025-06-01,4201029,홍제I.C,128.87894077910576,37.74749468304007,2,7,True
2025-06-01,4201028,홍제I.C,128.8794230311205,37.7473811776377,14,1,True
2025-06-01,4201030,홍제동주민센터,128.88454291738702,37.74807153236862,1,4,True
2025-06-01,4200067,홍제동주민센터,128.8842229051066,37.747848454396006,21,2,True
2025-06-01,4200683,화신주방,128.90243322099724,37.721781731022375,,,False
2025-06-01,4200615,화실길,128.85175310347609,37.575351952404525,,,False
2025-06-01,4200614,화실길,128.85164256606296,37.57535230419804,,,False
2025-06-01,4201324,황기골,128.95704823893803,37.573480554142556,,,False
2025-06-01,4201325,황기골,128.9570289624241,37.57336816682693,1,0,True
2025-06-01,4200845,회산교,128.86893532851613,37.74168123777201,0,6,True
2025-06-01,4200844,회산교,128.86938257728545,37.741799533605175,9,0,True
2025-06-01,4200398,회산종점,128.8605464983993,37.731597103272264,12,4,True
2025-06-01,4200847,회산주공1단지,128.87955033053632,37.744879735537495,1,9,True
2025-06-01,4200846,회산주공1단지,128.87934233274848,37.74463886683866,30,0,True
2025-06-01,4200758,회산주공2단지,128.8755135006868,37.7435978056025,0,8,True
2025-06-01,4200062,회산주공2단지,128.87633822960112,37.74368399842067,48,1,True
2025-06-01,4201115,효도마을,129.04503133124638,37.67430713535879,,,False
2025-06-01,4201114,효도마을,129.04512985205253,37.674325626528194,,,False
2025-06-01,4201293,흑시골,129.02374105990518,37.577665442657434,,,False
2025-06-01,4201292,흑시골,129.023679012477,37.57773843891508,,,False
2025-06-02,4201421,(구)월호평동사무소,128.93612294474602,37.73542207247549,,,False
2025-06-02,4200106,KT,128.91181164590185,37.77275858732733,370,20,True
2025-06-02,4200107,KT,128.9125052185983,37.77309475265464,64,111,True
2025-06-02,4200797,KTX공영주차장환승장,128.8967850727094,37.762190942376556,14,8,True
2025-06-02,4200547,e-편한세상아파트,128.895218937497,37.769600465674785,9,8,True
2025-06-02,4200546,e-편한세상아파트,128.89508217030252,37.76981271024109,28,5,True
2025-06-02,4200368,가둔지유적,128.882327030694,37.82527019767428,,,False
2025-06-02,4200369,가둔지유적,128.882153019297,37.82520493756786,1,0,True
2025-06-02,4200969,가마골,128.79478117549075,37.72231567644804,2,0,True
2025-06-02,4200533,가마골,128.79546755385968,37.722099902068294,,,False
2025-06-02,4201327,가사골,128.95364127595002,37.572947377645065,,,False
2025-06-02,4201326,가사골,128.95366508671376,37.57302501168563,,,False
2025-06-02,4201376,가작다리입구,128.8944549231389,37.76589747732919,2,3,True
2025-06-02,4201375,가작다리입구,128.8943546413669,37.766101443660936,6,3,True
2025-06-02,4200726,가축위생시험사업소,128.90125274168807,37.729547291652196,,,False
2025-06-02,4200725,가축위생시험사업소,128.90146946473587,37.729510021653965,5,0,True
2025-06-02,4200050,가톨릭관동대북문,128.8721246228799,37.73769671240302,64,7,True
2025-06-02,4200063,가톨릭관동대학교,128.87804152995903,37.738296118202754,375,110,True
2025-06-02,4200164,갈골한과,128.84368704633178,37.82462303691711,,,False
2025-06-02,4200163,갈골한과,128.84366180450007,37.82449975412136,,,False
2025-06-02,4200577,갈버든,128.96722169547306,37.666241797535086,,,False
2025-06-02,4200576,갈버든,128.9673126799485,37.66623695179046,,,False
2025-06-02,4200982,감나무민박,128.7987894816223,37.73785238030648,,,False
2025-06-02,4200981,감나무민박,128.79885844666603,37.737822198803215,,,False
2025-06-02,4200914,감자채종포마을,128.83346021183766,37.53338333057324,,,False
2025-06-02,4200915,감자채종포마을,128.8336264013535,37.53350667836036,,,False
2025-06-02,4200789,강남동주민센터,128.9049218912141,37.74425517651889,,,False
2025-06-02,4201177,강동면사무소,128.9546118972993,37.72728097155823,3,4,True
2025-06-02,4200005,강동무료주차장,129.03151265934136,37.688945395109045,5,0,True
2025-06-02,4200019,강동무료주차장,129.03136520192535,37.68890256497467,1,7,True
2025-06-02,4200016,강동종합복지회관,128.9534097899608,37.72765187744945,15,4,True
2025-06-02,4200026,강동종합복지회관,128.95225785335822,37.72821012800672,0,3,True
2025-06-02,4201178,강동하나로마트,128.95391314710383,37.72680705851969,,,False
2025-06-02,4200525,강동하나로마트,128.95401701690832,37.726761856774424,,,False
2025-06-02,4200542,강릉MBC,128.90392601394964,37.77039013888439,3,0,True
2025-06-02,4200058,강릉경찰서,128.906855517511,37.76775326359568,4,13,True
2025-06-02,4200057,강릉경찰서,128.90688706685629,37.768055768979885,54,8,True
2025-06-02,4200287,강릉고등학교,128.91470458416677,37.788540253578724,88,1,True
2025-06-02,4200101,강릉고입구,128.92013482012848,37.783607089094346,104,6,True
2025-06-02,4200102,강릉고입구,128.92044843215433,37.78352944320342,20,48,True
2025-06-02,4200048,강릉고정문,128.91587216477294,37.7875280017598,13,0,True
2025-06-02,4200047,강릉고정문,128.91550078840652,37.78828834947499,7,72,True
2025-06-02,4200112,강릉관광개발공사,128.9085231695166,37.76800046518587,32,3,True
2025-06-02,4200113,강릉관광개발공사,128.90865897771857,37.76820323697218,16,15,True
2025-06-02,4201024,강릉교도소,128.86643612221636,37.745817949506176,3,0,True
2025-06-02,4201023,강릉교도소,128.8655195073396,37.7459157793766,0,2,True
2025-06-02,4200430,강릉국민체육센터,128.89711747432256,37.77640154864734,2,19,True
2025-06-02,4200431,강릉국민체육센터,128.8964868887264,37.776906315186,25,0,True
2025-06-02,4200881,강릉기도원입구,128.8490436050476,37.69867520520206,,,False
2025-06-02,4200880,강릉기도원입구,128.84913047105903,37.69875658463013,1,0,True
2025-06-02,4201257,강릉녹색도시체험센터,128.90662264590688,37.78655657001431,16,2,True
2025-06-02,4201256,강릉녹색도시체험센터,128.90742209068117,37.786856581754364,14,10,True
2025-06-02,4201038,강릉농협중앙지점,128.90002047054392,37.7602043259228,14,23,True
2025-06-02,4201039,강릉농협중앙지점,128.8996914930678,37.76005119983009,15,20,True
2025-06-02,4200852,강릉대도호부관아,128.8916610029413,37.75117323796815,82,21,True
2025-06-02,4200853,강릉대도호부관아,128.89234522879923,37.75163825691615,40,74,True
2025-06-02,4200146,강릉면허시험장,128.81937813512624,37.79573671702786,0,3,True
2025-06-02,4200145,강릉면허시험장,128.81940419285692,37.79563172548221,6,0,True
2025-06-02,4200122,강릉문화원,128.8740921031382,37.75789663608161,11,43,True
2025-06-02,4201136,강릉바다내음캠핑장,129.00390469104653,37.71858688540818,,,False
2025-06-02,4201135,강릉바다내음캠핑장,129.0043696849979,37.7181216327924,,,False
2025-06-02,4200400,강릉복합복지체육센터,128.87000704257403,37.762859214055275,15,5,True
2025-06-02,4200401,강릉복합복지체육센터,128.87017698555522,37.76290354322161,6,15,True
2025-06-02,4200291,강릉소방서,128.87109869210374,37.758191496775595,8,6,True
2025-06-02,4200548,강릉소방서,128.87119323619314,37.7580009949989,106,15,True
2025-06-02,4200009,강릉솔향수목원,128.86668479243338,37.701851797491,,,False
2025-06-02,4201144,강릉승마장,128.9814636223547,37.728585253094074,,,False
2025-06-02,4201143,강릉승마장,128.98140559088012,37.728642395571235,1,0,True
2025-06-02,4200120,강릉시외.고속터미널,128.8792265208128,37.75505492071011,218,283,True
2025-06-02,4200121,강릉시외.고속터미널,128.87911620808939,37.75486594086855,590,126,True
2025-06-02,4201027,강릉시청,128.8780384572547,37.75085435055292,,,False
2025-06-02,4200750,강릉시청앞,128.88013307678156,37.753651204654936,1,3,True
2025-06-02,4201237,강릉아산병원(강릉방면),128.8575951802683,37.81786664293397,48,5,True
2025-06-02,4200446,강릉아산병원(주문진방면),128.8575142394361,37.817740516347506,9,22,True
2025-06-02,4200317,강릉아산병원.강릉약국,128.856152685967,37.816231407654854,301,35,True
2025-06-02,4200418,강릉아산병원.강릉약국,128.8564121349402,37.81631278949057,66,91,True
2025-06-02,4200612,강릉아이스아레나,128.89502259832767,37.78025795268572,3,0,True
2025-06-02,4200006,강릉아이스아레나,128.89519306784848,37.78029319605429,0,1,True
2025-06-02,4200094,강릉여고,128.90248424479844,37.75904463050879,232,129,True
2025-06-02,4201203,강릉여고정문,128.90560348975578,37.75872376948264,0,1,True
2025-06-02,4201202,강릉여고정문,128.90529773129947,37.759257611132256,3,1,True
2025-06-02,4200721,강릉역,128.8992580056024,37.76416330670135,759,215,True
2025-06-02,4200293,강릉역건너편,128.8990669694857,37.76400772021464,177,142,True
2025-06-02,4200624,강릉역공영주차장,128.89773544865136,37.76439168846434,1,0,True
2025-06-02,4200625,강릉역공영주차장,128.89784270199107,37.76437149155158,3,1,True
2025-06-02,4200319,강릉역육거리,128.90168116661832,37.76358515067785,2,3,True
2025-06-02,4200320,강릉역육거리,128.9015605860337,37.763796951176055,32,14,True
2025-06-02,4201022,강릉영동대학,128.8591288923703,37.74495955027462,1,40,True
2025-06-02,4201021,강릉영동대학,128.85922425091306,37.74487059276654,175,1,True
2025-06-02,4200850,강릉의료원,128.88880799404643,37.748819708567,25,25,True
2025-06-02,4200851,강릉의료원,128.89091430945297,37.74975576653371,37,33,True
2025-06-02,4200650,강릉자동차극장,128.89662514456037,37.69318993028765,,,False
2025-06-02,4200649,강릉자동차극장,128.89682798746503,37.69309290590324,3,0,True
2025-06-02,4200033,강릉전파관리소,128.83186726371997,37.85836861510729,,,False
2025-06-02,4200035,강릉전파관리소,128.83226068928573,37.85830420673383,,,False
2025-06-02,4200247,강릉제일고,128.8918779735197,37.759537356247826,47,58,True
2025-06-02,4200248,강릉제일고,128.89200478710157,37.759050283679514,79,24,True
2025-06-02,4200761,강릉중앙고,128.912160218414,37.75937561358479,1,3,True
2025-06-02,4200760,강릉중앙고,128.9128964493442,37.75959593531339,25,0,True
2025-06-02,4201197,강릉중입구,128.9042740269736,37.752586182446684,48,5,True
2025-06-02,4201196,강릉중입구,128.90469921141985,37.752586496675974,4,16,True
2025-06-02,4200321,강릉축산농협,128.9049229187372,37.76619229629584,11,13,True
2025-06-02,4201138,강릉통일공원,128.99659850067323,37.72434136600358,,,False
2025-06-02,4201137,강릉통일공원,128.99670944982654,37.7243539137021,,,False
2025-06-02,4209998,강문해변,128.91631032849583,37.79540813828357,13,1,True
2025-06-02,4200613,강문해변,128.91641678869786,37.79529298920251,30,51,True
2025-06-02,4201261,강문해변입구,128.9152492720649,37.794762154181576,24,103,True
2025-06-02,4201260,강문해변입구,128.91519487645675,37.79459950672752,79,1,True
2025-06-02,4200356,강원대학교,128.87391738137654,37.77033026766949,272,43,True
2025-06-02,4201041,강원대학교입구,128.87514521071003,37.77009542292022,18,14,True
2025-06-02,4201042,강원대학교입구,128.87494102107277,37.7696221436885,16,7,True
2025-06-02,4200085,강원대학교입구,128.874129341808,37.77078800232456,,,False
2025-06-02,4209996,강원대학교치과대학병원,128.86960214597158,37.764020747480245,,,False
2025-06-02,4209995,강원대학교치과대학병원,128.86959763767547,37.76381436688745,2,0,True
2025-06-02,4200086,강원대학교후문,128.8748802531449,37.77322772576275,0,12,True
2025-06-02,4200087,강원대학교후문,128.87498639848286,37.77315204059329,91,1,True
2025-06-02,4200059,강원도교육연수원,128.9180532877992,37.78499697853126,5,0,True
2025-06-02,4200100,강원도교육연수원,128.91813970318609,37.785074864473685,0,38,True
2025-06-02,4200205,강원도립대,128.82840415011668,37.87652579934979,165,24,True
2025-06-02,4200206,강원도립대,128.8283096996467,37.87693859362977,51,61,True
2025-06-02,4200836,강원예술고교,128.8616868324728,37.72543906074348,,,False
2025-06-02,4200837,강원예술고교,128.86150617422848,37.725488347649346,,,False
2025-06-02,4200081,강일여고정문,128.88831689919587,37.76415997041872,,,False
2025-06-02,4200082,강일여고정문,128.8875516595327,37.76393626119314,1,1,True
2025-06-02,4200840,강일운수(회산한신더휴아파트),128.8635961632995,37.73687831617277,48,0,True
2025-06-02,4200841,강일운수(회산한신더휴아파트),128.86326996430768,37.736857601908014,0,7,True
2025-06-02,4200834,개화대,128.8608572684192,37.723176690790936,,,False
2025-06-02,4200835,개화대,128.8607659459164,37.72312828112019,,,False
2025-06-02,4200899,검뎅이골위,128.78664108542844,37.649625029205744,1,0,True
2025-06-02,4200898,검뎅이골위,128.78655586032616,37.64966319680761,,,False
2025-06-02,4200522,게스트하우스거리,128.8339253329715,37.896167167389095,0,2,True
2025-06-02,4200531,게스트하우스거리,128.83380690814315,37.89613511363595,0,1,True
2025-06-02,4200103,경포고교,128.9190546436117,37.78057981084284,13,17,True
2025-06-02,4200288,경포고교,128.91881546540267,37.78075927662396,255,5,True
2025-06-02,4200073,경포대.참소리박물관,128.89723222843386,37.79547838966498,0,6,True
2025-06-02,4200072,경포대.참소리박물관,128.89706080745114,37.7955214111198,20,0,True
2025-06-02,4200077,경포동주민센터,128.88052383810168,37.78412865726848,5,1,True
2025-06-02,4200078,경포동주민센터,128.8806150484207,37.78405330055861,1,0,True
2025-06-02,4200061,경포중학교,128.90033514931517,37.74283267675838,,,False
2025-06-02,4200618,경포중학교,128.90069076576023,37.743138298255545,,,False
2025-06-02,4200080,경포초등학교,128.87893593974582,37.76974854746925,78,7,True
2025-06-02,4201242,경포해변,128.9052529004403,37.80440358093674,272,219,True
2025-06-02,4200323,경포해변,128.90582022350918,37.80466237027648,12,13,True
2025-06-02,4201420,경포해변(종점),128.9052815401602,37.80443707912235,,,False
2025-06-02,4200071,경포현대아파트,128.90335968993816,37.80120612421906,0,12,True
2025-06-02,4200070,경포현대아파트,128.90338270723402,37.80169652808461,40,0,True
2025-06-02,4201267,경포호,128.91154424859525,37.79966287216199,7,29,True
2025-06-02,4201266,경포호,128.91144337577538,37.79931158521169,31,5,True
2025-06-02,4200918,고단,128.84976344595395,37.5207024756447,,,False
2025-06-02,4201394,고단,128.84964328725079,37.520715172151846,,,False
2025-06-02,4201392,고단2.3리교차로,128.8353830314886,37.52461528706331,,,False
2025-06-02,4200917,고단2.3리교차로,128.8355935759617,37.52458832137048,,,False
2025-06-02,4200916,고단2.3리교차로,128.83542781016814,37.524465083382744,5,1,True
2025-06-02,4202165,고단3리,128.81638819970956,37.540155755487774,,,False
2025-06-02,4202166,고단3리,128.81639746865173,37.540229174022585,,,False
2025-06-02,4201396,고단경로당,128.83061361145448,37.52560229950637,,,False
2025-06-02,4201395,고단경로당,128.83055880947413,37.52554334571904,,,False
2025-06-02,4201390,고단보건소,128.84167794386417,37.52176894228016,,,False
2025-06-02,4201389,고단보건소,128.84161540861714,37.52185303156361,,,False
2025-06-02,4200115,고용센터,128.8890663454416,37.75714942132559,66,27,True
2025-06-02,4200114,고용센터,128.88893105798073,37.75744085258255,32,26,True
2025-06-02,4201113,곰두리연수원,129.04780833020064,37.667941690344094,,,False
2025-06-02,4201112,곰두리연수원,129.04789745395954,37.66792061520934,,,False
2025-06-02,4200153,공군부대앞,128.9401442605218,37.74622686326912,,,False
2025-06-02,4201061,공군부대앞,128.94003300356817,37.746317953634374,1,0,True
2025-06-02,4201186,공군부대입구,128.93000750087512,37.7400489172058,1,0,True
2025-06-02,4201187,공군부대입구,128.93007021980833,37.739837207659924,,,False
2025-06-02,4201062,공군부대후문,128.95917736919824,37.74910624884217,5,0,True
2025-06-02,4201209,공단,128.92205416940635,37.765196014305694,60,3,True
2025-06-02,4200191,공단,128.92224127533925,37.765245144772656,0,4,True
2025-06-02,4201025,공제마을,128.87156333276334,37.74608024312632,12,1,True
2025-06-02,4201026,공제마을,128.87155618347816,37.74635646052236,0,5,True
2025-06-02,4200379,과학교차로,128.85431089568786,37.79406859939951,,,False
2025-06-02,4200380,과학교차로,128.85488574683825,37.79412119394899,,,False
2025-06-02,4202174,관동중학교,128.88185544452548,37.756909416385795,,,False
2025-06-02,4202173,관동중학교,128.88157113042865,37.75688715011548,,,False
2025-06-02,4201228,관솔길,128.86971281684745,37.739544628947385,10,0,True
2025-06-02,4201229,관솔길,128.86962790539826,37.73951707468259,,,False
2025-06-02,4200860,관음1리,128.82994944568443,37.72835720885695,1,0,True
2025-06-02,4200863,관음1리,128.81811453963772,37.738720613334934,3,0,True
2025-06-02,4200861,관음1리노인회관,128.82663819526005,37.73031764277183,,,False
2025-06-02,4200569,교2동주민센터,128.8921038226677,37.76840335678918,70,42,True
2025-06-02,4202155,교동하늘채스카이파크,128.90139949657416,37.77044271657007,0,1,True
2025-06-02,4201221,교동하늘채스카이파크,128.90200271905258,37.770481553669924,4,1,True
2025-06-02,4200622,교동한신아파트,128.90061649844188,37.76762859683901,9,0,True
2025-06-02,4200623,교동한신아파트,128.90062829229592,37.76751299917391,,,False
2025-06-02,4200253,교보생명,128.89811415297848,37.756002485379526,3003,1631,True
2025-06-02,4201224,교통안전교육장,128.94081916548228,37.76277976059592,0,3,True
2025-06-02,4201225,교통안전교육장,128.94086858039023,37.762907619978066,7,0,True
2025-06-02,4200465,교항2리금용교,128.81051132966252,37.87794196218265,,,False
2025-06-02,4200464,교향2리금용교,128.81059960534566,37.877872107197874,1,0,True
2025-06-02,4200264,구)동해상사,128.91165113985977,37.76683747950902,150,12,True
2025-06-02,4200217,구라미,128.8421871924033,37.84071328241807,2,3,True
2025-06-02,4200216,구라미,128.84187680750063,37.84088026429458,10,1,True
2025-06-02,4200215,구라미휴게소,128.8412803433516,37.845869087009575,3,1,True
2025-06-02,4200312,구라미휴게소,128.84078612253998,37.84523742281921,4,1,True
2025-06-02,4200128,구름다리,128.87743298775584,37.764682397677966,348,29,True
2025-06-02,4200127,구름다리,128.87654770197503,37.764512872809554,37,105,True
2025-06-02,4200820,구정마을회관,128.87139646095704,37.71008533483099,1,0,True
2025-06-02,4200821,구정마을회관,128.87144937425245,37.71002947764621,13,1,True
2025-06-02,4200814,구정면사무소,128.88002787863965,37.71794143004597,1,0,True
2025-06-02,4200813,구정면사무소,128.87999133744066,37.71800809783438,,,False
2025-06-02,4200812,구정보건지소,128.88246310473926,37.72030864287925,4,0,True
2025-06-02,4201422,구정옥봉길,128.8928182495002,37.70145893549343,,,False
2025-06-02,4200811,구정자율방범대,128.88237819871995,37.72033853165244,1,1,True
2025-06-02,4200315,구터미널,128.8988430353628,37.76163002626936,54,30,True
2025-06-02,4200619,국립수산물품질관리원,128.82606517101954,37.891507384213114,62,11,True
2025-06-02,4200711,굴산사입구,128.88905996426578,37.70832144703753,,,False
2025-06-02,4200699,굴산사지,128.89328371501892,37.70698044216881,,,False
2025-06-02,4201251,궁궁동,128.7299683412454,37.880375202506656,1,1,True
2025-06-02,4200417,궁궁소,128.67164304000795,37.843611675479615,,,False
2025-06-02,4200681,금강사입구,128.90287627896166,37.72624677465358,,,False
2025-06-02,4200682,금강사입구,128.90297134006664,37.726211833119876,,,False
2025-06-02,4200628,금광1리마을회관,128.91600348378523,37.70952097409381,,,False
2025-06-02,4201385,금광1리마을회관,128.91594038830377,37.70955296171714,,,False
2025-06-02,4200667,금광교회입구,128.91743884657853,37.711688785639396,2,0,True
2025-06-02,4200668,금광교회입구,128.91734376603898,37.7117034048731,,,False
2025-06-02,4200635,금광리1반,128.9143131847074,37.70220671426674,1,1,True
2025-06-02,4200636,금광리1반,128.91440542620646,37.702215446502585,,,False
2025-06-02,4200672,금광리성황당,128.91735327783445,37.717909805835454,,,False
2025-06-02,4200671,금광리성황당,128.9174498206258,37.717903115802514,2,0,True
2025-06-02,4200665,금광삼거리,128.91515459286336,37.70904726058568,7,0,True
2025-06-02,4200666,금광삼거리,128.91521668110562,37.70911511431863,,,False
2025-06-02,4200632,금광정미소,128.9154068776427,37.70823176641904,,,False
2025-06-02,4200631,금광정미소,128.91530343519958,37.70823344476309,,,False
2025-06-02,4201018,금산,128.85573010993187,37.74018242418162,,,False
2025-06-02,4201017,금산,128.8558273611666,37.7401726731367,3,0,True
2025-06-02,4200858,금산1리경로당,128.83882591103156,37.7302092460205,,,False
2025-06-02,4201014,금산2리,128.8489374376084,37.736639355017815,1,8,True
2025-06-02,4201013,금산2리,128.84906667066036,37.736625360708075,20,0,True
2025-06-02,4201012,금산남밭,128.8447607772083,37.73146258389618,0,1,True
2025-06-02,4200862,금산남밭,128.84482898011785,37.73142005932311,6,1,True
2025-06-02,4201020,금산입구,128.8576797637003,37.74318792289404,,,False
2025-06-02,4201019,금산입구,128.85784327525297,37.7432987440744,26,0,True
2025-06-02,4201016,금산장수마을,128.85163955991283,37.738245657769,0,1,True
2025-06-02,4201015,금산장수마을,128.85168575797542,37.73818340581975,5,0,True
2025-06-02,4201344,금진2리마을회관,129.0433695932886,37.64179516691084,,,False
2025-06-02,4201345,금진2리마을회관,129.04327917048357,37.641779891088895,2,0,True
2025-06-02,4201342,금진초교,129.04347549729948,37.63336468757593,,,False
2025-06-02,4201343,금진초교,129.04343902328037,37.63345845978064,1,0,True
2025-06-02,4201108,금진항,129.05240741359285,37.652884325935844,,,False
2025-06-02,4201109,금진항,129.05231089842698,37.65294332211634,,,False
2025-06-02,4201347,금진해변,129.04374932629693,37.63904067736818,,,False
2025-06-02,4201348,금진해변,129.04365646301486,37.63903832962265,1,0,True
2025-06-02,4201107,금진해양파출소,129.04894882127985,37.652089382747484,3,0,True
2025-06-02,4200017,금진해양파출소,129.04913775965355,37.65213019488429,6,1,True
2025-06-02,4201053,금호어울림,128.9156520837289,37.754995794611034,44,0,True
2025-06-02,4201054,금호어울림,128.91590296498018,37.75518531900659,0,5,True
2025-06-02,4200025,금호어울림정문,128.9194883208178,37.754726898441014,,,False
2025-06-02,4200751,금호어울림정문,128.91957971290998,37.754473371718376,8,1,True
2025-06-02,4200988,기도원삼거리,128.7947703606971,37.75829009149865,1,0,True
2025-06-02,4200989,기도원삼거리,128.79494112774387,37.75822759306287,,,False
2025-06-02,4200801,기산아파트,128.8795888615329,37.73406712685544,,,False
2025-06-02,4200802,기산아파트,128.87993356966643,37.73422591779592,5,0,True
2025-06-02,4201371,기스목이골,128.9690415480403,37.6284779460996,1,0,True
2025-06-02,4200024,까치골,129.02541919838254,37.69553819595472,0,4,True
2025-06-02,4201185,까치골,129.02590617324884,37.695440046965246,,,False
2025-06-02,4201351,낙풍1리경로당,129.0340430096228,37.620207611399294,,,False
2025-06-02,4201350,낙풍1리경로당,129.034020875236,37.62025949844816,,,False
2025-06-02,4201339,낙풍교,129.03403331310147,37.625467245037875,,,False
2025-06-02,4201340,낙풍교,129.03370052447866,37.6252600803972,0,1,True
2025-06-02,4201095,낙풍리입구,129.03490564391961,37.623384805058976,6,2,True
2025-06-02,4201094,낙풍리입구,129.03474260887603,37.62332181243499,0,1,True
2025-06-02,4200654,남강릉IC입구,128.9004512852528,37.70007553036854,,,False
2025-06-02,4200653,남강릉IC입구,128.90059387366637,37.69980820493369,2,0,True
2025-06-02,4200049,남강초교,128.91338089940805,37.76735161096919,34,81,True
2025-06-02,4201198,남대천.강릉교,128.9010015999516,37.75454267936518,44,230,True
2025-06-02,4201199,남대천.강릉교,128.9010687000649,37.75417893755025,579,57,True
2025-06-02,4200021,남밭,128.84058789182106,37.72883964188799,1,0,True
2025-06-02,4201379,남밭,128.84064951853864,37.72871037302059,8,0,True
2025-06-02,4200873,남밭,128.8415299784495,37.72906449025603,,,False
2025-06-02,4201011,남밭,128.84079334848028,37.72889804215958,0,4,True
2025-06-02,4202167,남부노인종합복지관,128.91383118471262,37.752564379737024,,,False
2025-06-02,4202168,남부노인종합복지관,128.91401073487134,37.753047049518,,,False
2025-06-02,4200781,남산삼익아파트,128.8901808969545,37.74229155338584,9,0,True
2025-06-02,4200782,남산삼익아파트,128.89009058765018,37.74235973416757,0,3,True
2025-06-02,4200798,남산입구,128.8920065213286,37.747695999509396,,,False
2025-06-02,4200783,남산초교,128.8913405517673,37.744206285908824,28,0,True
2025-06-02,4200784,남산초교,128.89124028586525,37.74425071826271,0,2,True
2025-06-02,4200785,남산현대아파트,128.89462531897348,37.74186237968639,7,0,True
2025-06-02,4200786,남산현대아파트,128.89442793639103,37.74202687203957,1,5,True
2025-06-02,4201289,남양1리경로당,129.03162816015924,37.582429974327795,1,0,True
2025-06-02,4201288,남양1리경로당,129.03154436503664,37.58248287177823,0,3,True
2025-06-02,4201296,남양2리경로당,129.012950139964,37.56658372788056,1,0,True
2025-06-02,4201295,남양2리교,129.01486079643942,37.57192160373686,1,0,True
2025-06-02,4201294,남양2리교,129.01479874463647,37.571994595503725,,,False
2025-06-02,4200738,남양3리마을회관,129.03540040998968,37.59157285051617,,,False
2025-06-02,4201283,남양3리입구,129.03313884463265,37.593033115433954,,,False
2025-06-02,4201287,남양리옛경로당,129.03508624074675,37.582691373708194,,,False
2025-06-02,4200596,남양보건진료소,129.030003520806,37.581216311095346,,,False
2025-06-02,4200597,남양보건진료소,129.02994555182676,37.58125941742724,,,False
2025-06-02,4200741,남항진,128.95055410190812,37.76391565217945,0,5,True
2025-06-02,4200740,남항진,128.95041066307658,37.76404538789595,2,0,True
2025-06-02,4200739,남항진해변,128.95440005417075,37.764111085296946,40,20,True
2025-06-02,4200655,내곡과수원,128.901945977448,37.70187078093137,3,0,True
2025-06-02,4200656,내곡과수원,128.9017164423086,37.70199871134109,,,False
2025-06-02,4200066,내곡교,128.88659128664105,37.74625364038564,5,4,True
2025-06-02,4200001,내곡교,128.88717490623026,37.74653766880734,12,34,True
2025-06-02,4200357,내곡교,128.88814500034871,37.745625057468914,83,8,True
2025-06-02,4200800,내곡동주민센터,128.88065784045662,37.7384607745783,,,False
2025-06-02,4200799,내곡동주민센터,128.88038166245803,37.73840220332427,,,False
2025-06-02,4200366,내곡한라아파트,128.88110089995297,37.74513149140333,3,10,True
2025-06-02,4201208,내곡한라아파트,128.88109989979574,37.744994216797494,54,1,True
2025-06-02,4200848,내곡현대아파트,128.8834148503297,37.74546973753321,22,3,True
2025-06-02,4200849,내곡현대아파트,128.88327994384045,37.74557191636756,5,7,True
2025-06-02,4201286,너구리골,129.0453774808948,37.58278119535933,2,0,True
2025-06-02,4201381,너다리,128.85390220166778,37.83022805772032,2,0,True
2025-06-02,4200154,너다리,128.85384039907868,37.83030516388511,,,False
2025-06-02,4200147,노동3리,128.82566919932256,37.79922359821094,1,0,True
2025-06-02,4200148,노동3리,128.8256207085255,37.79927586550659,,,False
2025-06-02,4200149,노동리,128.82874179258144,37.80069747027654,3,0,True
2025-06-02,4200150,노동리,128.82882389300474,37.80095549884616,,,False
2025-06-02,4201416,노동상리경로당,128.8298366569875,37.803466498207534,,,False
2025-06-02,4201415,노동상리경로당,128.82974913139455,37.80349598363215,,,False
2025-06-02,4200161,노동하리.우리정미소,128.8414822247496,37.82225221697478,1,1,True
2025-06-02,4200162,노동하리.우리정미소,128.84138542146533,37.82227295047229,,,False
2025-06-02,4200159,노동회관,128.83796621765993,37.818138280477356,9,0,True
2025-06-02,4200160,노동회관,128.8379192525419,37.818202495776156,0,3,True
2025-06-02,4200773,노암대림아파트,128.89670020630172,37.7443968332287,19,0,True
2025-06-02,4200772,노암대림아파트,128.8964957795506,37.74447513098166,0,2,True
2025-06-02,4200790,노암한라아파트,128.9030338994368,37.744009473539954,14,0,True
2025-06-02,4201195,노암현대아파트,128.9064519321124,37.750397397899654,2,2,True
2025-06-02,4200756,녹원아파트,128.9163613451306,37.7599236396456,2,13,True
2025-06-02,4200156,농업기술센터,128.83374479432362,37.810623749433574,,,False
2025-06-02,4200155,농업기술센터,128.8338261188764,37.81060324304077,,,False
2025-06-02,4201105,농협주유소,129.03818611643504,37.61343914150935,,,False
2025-06-02,4200803,농협창고,128.87887127233301,37.73227146178355,,,False
2025-06-02,4200804,농협창고,128.87906447230628,37.732212820532425,,,False
2025-06-02,4201352,다리목,129.03192147742433,37.6205042855377,,,False
2025-06-02,4201353,다리목,129.03198761433356,37.62043300135372,,,False
2025-06-02,4200768,단오문화관,128.8967729024353,37.7481043414214,1,1,True
2025-06-02,4200901,닭목골,128.78595382346253,37.64781596633364,3,1,True
2025-06-02,4200900,닭목골,128.78583483882048,37.64776835827971,,,False
2025-06-02,4200687,담산1리,128.90238189653846,37.71752043471821,,,False
2025-06-02,4200689,담산2리,128.90107050248153,37.7152173518283,,,False
2025-06-02,4200693,대경상사앞,128.89804496237466,37.71104193868198,,,False
2025-06-02,4200968,대관령박물관,128.80478202234156,37.716950876906495,2,0,True
2025-06-02,4200967,대관령박물관,128.80456089771366,37.71714451138875,,,False
2025-06-02,4201414,대굴령목공소,128.7963265827597,37.72854223767263,1,0,True
2025-06-02,4200991,대궁산장,128.7956519785838,37.75672773187815,,,False
2025-06-02,4200990,대궁산장,128.7955529097602,37.75668446239291,1,0,True
2025-06-02,4200913,대기1리경로당,128.79579724292137,37.56561101591886,1,0,True
2025-06-02,4200912,대기1리경로당,128.79557170937235,37.565622156510386,,,False
2025-06-02,4200764,대목아파트,128.91036775859212,37.7552461618319,15,15,True
2025-06-02,4200707,대성사입구,128.88866018338805,37.699701320397004,,,False
2025-06-02,4200708,대성사입구,128.88799509811798,37.70047298433208,,,False
2025-06-02,4201279,더글로리촬영지,128.82911039533775,37.904460082879105,9,0,True
2025-06-02,4201280,더글로리촬영지,128.82924239568416,37.90441068117994,0,3,True
2025-06-02,4201056,더샵아파트,128.91218064135074,37.749852342787776,0,1,True
2025-06-02,4201055,더샵아파트,128.91179177957773,37.7496554344983,,,False
2025-06-02,4201192,더샵아파트후문,128.90917534552304,37.74798409080578,11,3,True
2025-06-02,4200385,덕실리,128.83425245451167,37.806566789081664,2,2,True
2025-06-02,4200883,덕중상사입구,128.84174479743382,37.70242273367911,,,False
2025-06-02,4200882,덕중상사입구,128.8418138875879,37.70249050751822,1,0,True
2025-06-02,4200512,덕현리,128.92611817321585,37.705859421056175,,,False
2025-06-02,4200513,덕현리,128.92602088648235,37.70591024035886,,,False
2025-06-02,4201170,덕현리마을회관,128.92969308316043,37.71031249336467,,,False
2025-06-02,4201169,덕현리마을회관,128.92976451553793,37.71025688950383,,,False
2025-06-02,4201172,덕현리입구,128.9336781922055,37.71393030895838,,,False
2025-06-02,4201171,덕현리입구,128.93375842948848,37.71390020089169,,,False
2025-06-02,4201273,도깨비촬영지,128.83285849096714,37.88049253785593,15,4,True
2025-06-02,4201274,도깨비촬영지,128.83366615521564,37.879702674494396,9,5,True
2025-06-02,4200953,도마1리경로당,128.83580313705878,37.675863266048,2,0,True
2025-06-02,4200954,도마1리경로당,128.83571199204746,37.67583487527786,0,2,True
2025-06-02,4202142,도직리,129.067789814241,37.60871993490825,,,False
2025-06-02,4202152,도직리,129.06871069327684,37.60826859797961,2,0,True
2025-06-02,4200911,도화목이,128.79899268103495,37.57580683121861,2,0,True
2025-06-02,4200910,도화목이,128.79876118261876,37.575812376849754,,,False
2025-06-02,4201184,독송마을회관,128.93632837845826,37.737443377869745,1,2,True
2025-06-02,4201183,독송마을회관,128.93638737959347,37.73749824702616,7,0,True
2025-06-02,4200593,동광주유소,128.988869023967,37.71446203608272,,,False
2025-06-02,4200592,동광주유소,128.98895762865502,37.71450646675624,,,False
2025-06-02,4201157,동그린,128.96124692830767,37.71693200282111,,,False
2025-06-02,4201156,동그린,128.96116060941432,37.71694910240202,,,False
2025-06-02,4200260,동남아파트,128.9088062489658,37.764638779656714,80,141,True
2025-06-02,4200322,동도센트리움,128.90456486009336,37.76619195310031,50,5,True
2025-06-02,4200104,동명중학교,128.91637238303827,37.777185998905715,70,1,True
2025-06-02,4200105,동명중학교,128.9161008666347,37.77658681943468,28,19,True
2025-06-02,4200970,동물사랑센터,128.8298483336448,37.69899913101563,1,0,True
2025-06-02,4200934,동물사랑센터,128.8296897075576,37.69907525653717,,,False
2025-06-02,4200011,동부아파트,128.9151327017873,37.78401368458876,91,3,True
2025-06-02,4200545,동산교,129.03188210282585,37.596478436012994,3,0,True
2025-06-02,4201180,동양석재,128.95027125993667,37.731215731549426,,,False
2025-06-02,4201179,동양석재,128.9503404370837,37.730986647751536,,,False
2025-06-02,4200342,동양시멘트입구,128.80418115038393,37.85051141718022,,,False
2025-06-02,4200343,동양시멘트입구,128.80439889049126,37.850687991240484,,,False
2025-06-02,4200109,동인병원입구,128.9094857690125,37.77102450992961,27,49,True
2025-06-02,4200108,동인병원입구,128.90953558421478,37.77125258486367,181,12,True
2025-06-02,4201426,동해식품,128.89855245250976,37.72443751894129,,,False
2025-06-02,4200950,둔지마을,128.8402142080388,37.66721532951788,0,1,True
2025-06-02,4200949,둔지마을,128.84032622893565,37.667211942204936,5,0,True
2025-06-02,4200944,들꽃마을,128.85442858144177,37.65082634282393,1,1,True
2025-06-02,4200943,들꽃마을,128.85452027887206,37.65078274958405,,,False
2025-06-02,4200831,등고비,128.8616371241439,37.71615919045265,,,False
2025-06-02,4200830,등고비,128.86171284130654,37.716127363746615,1,0,True
2025-06-02,4201134,등명락가사,129.0099873440744,37.71142599542753,0,1,True
2025-06-02,4201133,등명락가사,129.01030860073715,37.71121753055649,7,1,True
2025-06-02,4201129,등명해변,129.01625265982383,37.701980786481954,4,4,True
2025-06-02,4201130,등명해변,129.015876711037,37.70233040602598,14,1,True
2025-06-02,4200736,똑갑재,128.9084947975427,37.742997829596284,0,3,True
2025-06-02,4200735,똑갑재,128.9083233266339,37.74372779918021,2,0,True
2025-06-02,4200262,로얄아파트.포남1동주민센터,128.90933288179943,37.76545703763149,256,28,True
2025-06-02,4201010,롯데물류센터,128.83446803238593,37.72201867130479,0,1,True
2025-06-02,4201380,롯데물류센터,128.83451710426255,37.72199688820527,3,0,True
2025-06-02,4202154,롯데캐슬시그니처,128.88177646219214,37.761744282876045,9,5,True
2025-06-02,4202157,롯데캐슬시그니처,128.88150991460472,37.76169156053964,0,4,True
2025-06-02,4200042,롯데캐슬아파트,128.89120929799194,37.766948306391974,196,93,True
2025-06-02,4201037,말나눔터공원,128.8946789617544,37.758644529934365,4,4,True
2025-06-02,4200538,망월이마을,128.792107212951,37.72942872713486,,,False
2025-06-02,4200524,망월이마을,128.7922011149757,37.729439560975074,,,False
2025-06-02,4200626,명륜고교후문,128.8957168427019,37.761692970005,,,False
2025-06-02,4200627,명륜고교후문,128.8959116900896,37.761745147071196,,,False
2025-06-02,4200220,모래내행복센터,128.84888855200666,37.82654759560158,83,37,True
2025-06-02,4200221,모래내행복센터,128.84881781800846,37.82675602435266,23,23,True
2025-06-02,4201121,모래시계공원,129.03719508337943,37.68592446993947,37,19,True
2025-06-02,4201122,모래시계공원,129.0380673722024,37.685653946463454,,,False
2025-06-02,4200728,모산초교,128.90028293302265,37.73143070810136,,,False
2025-06-02,4200727,모산초교,128.90037137412145,37.73145457144734,6,0,True
2025-06-02,4201254,모안이서낭당,128.90286872766467,37.783490145093076,1,4,True
2025-06-02,4201255,모안이서낭당,128.90266311761613,37.78356022910187,4,1,True
2025-06-02,4201155,모전1리,128.96150382823714,37.719819173700856,,,False
2025-06-02,4201154,모전1리,128.96141013771185,37.71981098253356,1,0,True
2025-06-02,4201159,모전리,128.95776740747448,37.71232268018703,,,False
2025-06-02,4201158,모전리,128.95769412799663,37.712385507146145,,,False
2025-06-02,4200031,모전리.돌평,128.95074649026657,37.70985195102544,4,0,True
2025-06-02,4201162,모전리.돌평,128.95076445202812,37.70977883566453,,,False
2025-06-02,4201073,모전삼거리,128.96506056244797,37.72569325398637,4,0,True
2025-06-02,4201072,모전삼거리,128.96457294836412,37.72564861436484,3,1,True
2025-06-02,4200941,목계리,128.8539720247843,37.64675613253988,2,0,True
2025-06-02,4200937,목계리경로당,128.85926935902992,37.63755434898131,,,False
2025-06-02,4200938,목계리경로당,128.85882831535346,37.63808751377066,2,0,True
2025-06-02,4200935,목계마을회관,128.8591158870725,37.63273899723025,4,0,True
2025-06-02,4200936,목계마을회관,128.8589875953329,37.632647124497325,1,2,True
2025-06-02,4201358,몽탕골,129.01871214696766,37.61920866828569,,,False
2025-06-02,4201359,몽탕골,129.01872766257262,37.61915302416518,1,0,True
2025-06-02,4200979,무시골,128.79407884048865,37.737843607578455,,,False
2025-06-02,4200980,무시골,128.79415740714765,37.73788769905595,,,False
2025-06-02,4200895,무위사입구,128.79048797979135,37.65800841053956,1,0,True
2025-06-02,4200894,무위사입구,128.7904596075833,37.65806985505733,,,False
2025-06-02,4200088,문성고등학교,128.8747975765768,37.776789915738114,91,2,True
2025-06-02,4200089,문성고등학교,128.87460137001867,37.776791669303456,2,10,True
2025-06-02,4201191,문암정,128.91520371371126,37.744240782298405,2,0,True
2025-06-02,4201190,문암정,128.91570481769043,37.74371491111339,1,0,True
2025-06-02,4200810,문화마을,128.88042620487306,37.72295333667196,5,2,True
2025-06-02,4200809,문화마을,128.88033505218718,37.72293252489115,0,1,True
2025-06-02,4200384,미노리,128.86484857598091,37.82971678699962,2,0,True
2025-06-02,4200388,미노마을입구,128.86381568177012,37.83417468045317,,,False
2025-06-02,4200543,미디어촌5단지,128.86758571434657,37.753701754139904,240,60,True
2025-06-02,4200621,미라보아파트,128.90255177945858,37.769019304198096,0,2,True
2025-06-02,4200620,미라보아파트,128.902500537792,37.76907532540921,5,0,True
2025-06-02,4200676,박월동마을회관,128.9141099667606,37.7303231623845,,,False
2025-06-02,4200675,박월동마을회관,128.91430313467623,37.73038001057271,6,1,True
2025-06-02,4200745,반쟁이,128.93382070402052,37.76052490759301,0,2,True
2025-06-02,4201092,밤재휴게소,129.01588441130582,37.643605803090345,,,False
2025-06-02,4201093,밤재휴게소,129.01598617822128,37.64361623880892,,,False
2025-06-02,4200226,방골마을입구,128.8558844116181,37.81329996910386,4,18,True
2025-06-02,4200069,방골마을입구,128.85540756146614,37.81366779247799,32,2,True
2025-06-02,4200137,방축거리,128.88360346383243,37.77333257715457,1,4,True
2025-06-02,4200136,방축거리,128.88380882582484,37.773889373429355,0,1,True
2025-06-02,4200940,방터골입구,128.8542224426066,37.642387639932174,,,False
2025-06-02,4200939,방터골입구,128.8543538779494,37.64239089992679,3,0,True
2025-06-02,4200519,방학골,128.82351587730795,37.90381462090833,16,1,True
2025-06-02,4200521,방학골,128.82291244813646,37.90463362511824,3,13,True
2025-06-02,4200945,백운암입구,128.8503640197509,37.65589468864246,1,0,True
2025-06-02,4200946,백운암입구,128.8502357538194,37.655869833853565,0,1,True
2025-06-02,4201153,버당말,128.96287505180277,37.72274811896261,2,0,True
2025-06-02,4201152,버당말,128.96277963489464,37.72278384606697,0,1,True
2025-06-02,4201290,버들골,129.02605567209912,37.579297897903295,1,0,True
2025-06-02,4201291,버들골,129.02611729989363,37.57922947953465,,,False
2025-06-02,4200336,버들교,128.77473855753414,37.850247080571705,1,0,True
2025-06-02,4200673,버들교,128.91800220365803,37.72225137691791,3,0,True
2025-06-02,4200335,버들교,128.77324803807656,37.850410055201316,,,False
2025-06-02,4200674,버들교,128.9179091300679,37.722227707735385,,,False
2025-06-02,4200904,벌말,128.77753093157395,37.586312333418526,,,False
2025-06-02,4200235,법원.검찰청,128.8739503928752,37.785042447818554,12,16,True
2025-06-02,4200234,법원.검찰청,128.87342400102995,37.78526073982707,42,14,True
2025-06-02,4201067,벽산블루밍아파트,128.82413067836563,37.88870981452805,,,False
2025-06-02,4201193,병무청,128.90845061267927,37.74811821805219,8,1,True
2025-06-02,4201194,병무청,128.90730907557136,37.749719639382455,6,2,True
2025-06-02,4200361,보건소,128.8822115594926,37.743635964592464,3,47,True
2025-06-02,4200065,보건소,128.8829859719751,37.74393637256719,125,2,True
2025-06-02,4200580,보건진료소,128.97335780368653,37.6877997329295,1,0,True
2025-06-02,4200581,보건진료소,128.97326166656484,37.6877802990832,,,False
2025-06-02,4200541,보광리,128.7969029719891,37.73733219171309,,,False
2025-06-02,4200540,보광리,128.79683168120394,37.73726419118738,1,0,True
2025-06-02,4200965,보광리입구,128.81696481575804,37.72096716251408,,,False
2025-06-02,4201003,보광리입구,128.81690957708614,37.721147642825436,,,False
2025-06-02,4201235,보광리체험학습장,128.80754877575424,37.738056785776784,,,False
2025-06-02,4200977,보광리체험학습장,128.80793365498167,37.73787511002778,9,0,True
2025-06-02,4200998,보광리체험학습장,128.8076688924087,37.73819161617253,0,3,True
2025-06-02,4200986,보광보건진료소,128.80534439890508,37.738079523472834,1,0,True
2025-06-02,4200985,보광보건진료소,128.8054363627245,37.73800718407803,,,False
2025-06-02,4200995,보광본동,128.79947706651464,37.746310402073284,0,1,True
2025-06-02,4200994,보광본동,128.79938186856992,37.746227466734425,5,0,True
2025-06-02,4200983,보광평,128.8024466454297,37.73817584117786,,,False
2025-06-02,4200984,보광평,128.8025237456016,37.73822613746055,,,False
2025-06-02,4200730,보리사입구,128.89777570598176,37.73631225974452,,,False
2025-06-02,4200729,보리사입구,128.89785144363964,37.73626831506908,,,False
2025-06-02,4200186,보성연립,128.82551362915504,37.901974724913615,9,0,True
2025-06-02,4200298,보성연립,128.82558444232305,37.90204313561504,0,6,True
2025-06-02,4200301,보현사입구주차장,128.78312046358457,37.738359845157134,,,False
2025-06-02,4200014,보현사종점,128.79263641819853,37.73803701177597,,,False
2025-06-02,4200978,보현사종점,128.7926653824033,37.738105478358804,,,False
2025-06-02,4202161,부귀터,128.77935529659743,37.83384969713505,,,False
2025-06-02,4202162,부귀터,128.7794599312011,37.83385966124151,1,0,True
2025-06-02,4200410,부연동입구,128.6565982881532,37.84023340079426,,,False
2025-06-02,4200411,부연동입구,128.65649150006797,37.84037999546802,,,False
2025-06-02,4200134,부영2차아파트,128.88281079370944,37.77016072015751,111,38,True
2025-06-02,4200135,부영2차아파트,128.8825125758686,37.77002923948558,39,8,True
2025-06-02,4200792,부흥마을,128.90633218029933,37.74678151751788,3,5,True
2025-06-02,4200791,부흥마을,128.90637359052232,37.746896583401664,2,0,True
2025-06-02,4200261,북강릉IC,128.84425534198513,37.83689529134246,0,4,True
2025-06-02,4201374,북동리종점,128.97206281726505,37.61168685078856,,,False
2025-06-02,4201365,북동리회관,128.9920439010217,37.61732896340916,,,False
2025-06-02,4201364,북동리회관,128.99203781944024,37.61727491738219,2,0,True
2025-06-02,4200224,북부노인대학,128.85070066292354,37.820164105652225,8,0,True
2025-06-02,4200225,북부노인대학,128.85083641112433,37.82016343083045,3,12,True
2025-06-02,4200207,북부노인종합복지관,128.83062989490628,37.8743072338123,122,60,True
2025-06-02,4200208,북부노인종합복지관,128.83042321750824,37.874681277863154,94,59,True
2025-06-02,4200192,북부지구대,128.829270567591,37.89460960314925,12,48,True
2025-06-02,4200193,북부지구대,128.82860680406648,37.894535177399845,93,12,True
2025-06-02,4201075,분수동,129.02442625222523,37.68416226671518,7,0,True
2025-06-02,4201074,분수동,129.02438633004448,37.68420512704344,0,3,True
2025-06-02,4201323,비상거리,128.96147017456914,37.57419041505788,,,False
2025-06-02,4201322,비상거리,128.96170555823903,37.574443710141345,,,False
2025-06-02,4200277,비치소라아파트,128.93435177478304,37.77578862012879,3,11,True
2025-06-02,4200434,사근진해변,128.898597450209,37.812322584245415,2,0,True
2025-06-02,4200435,사근진해변,128.89766129562162,37.81294729745145,13,6,True
2025-06-02,4200140,사기막,128.80639533289897,37.79268220157816,1,0,True
2025-06-02,4201231,사기막리,128.81838250417627,37.7939296154463,1,0,True
2025-06-02,4201230,사기막리,128.8183214702477,37.793964034615996,,,False
2025-06-02,4200142,사기막마을회관,128.8109379000351,37.79306001321451,,,False
2025-06-02,4200141,사기막마을회관,128.81090286737634,37.79301923903732,4,0,True
2025-06-02,4200919,사반,128.8467909201167,37.5342056043505,1,0,True
2025-06-02,4200920,사반,128.84669362641395,37.534157761808984,,,False
2025-06-02,4200714,사이말교,128.88798046545247,37.71196552544221,7,0,True
2025-06-02,4200713,사이말교,128.88807348333134,37.711972121452696,,,False
2025-06-02,4200924,사이소재길,128.8475369146747,37.557798436516386,,,False
2025-06-02,4200923,사이소재길,128.8476417163746,37.55780194237984,,,False
2025-06-02,4200223,사천면사무소,128.84914337332015,37.8229406699122,86,19,True
2025-06-02,4200222,사천면사무소,128.84928192865996,37.82385848393331,40,41,True
2025-06-02,4200449,사천물회거리,128.8755979856823,37.838072593350674,12,6,True
2025-06-02,4200447,사천물회거리,128.8757309061334,37.83810545841113,19,12,True
2025-06-02,4202163,사천보헤미안커피,128.86756687053622,37.84672399113912,,,False
2025-06-02,4202164,사천보헤미안커피,128.8676784641814,37.846752776517754,,,False
2025-06-02,4200294,사천중학교,128.84663312060465,37.82670813694838,,,False
2025-06-02,4200165,사천중학교,128.84662013233944,37.82677848556301,1,0,True
2025-06-02,4201238,사천진리,128.87339689589916,37.83812340174815,9,2,True
2025-06-02,4202159,사천진바위섬,128.87633882234948,37.84060226740597,2,4,True
2025-06-02,4202160,사천진바위섬,128.8764473285357,37.8406481132808,2,0,True
2025-06-02,4209999,사천진해변,128.87344886491002,37.842977470664934,3,0,True
2025-06-02,4201268,사천진해변,128.87339749147367,37.84293833117085,2,1,True
2025-06-02,4200444,사천캠핑장,128.87516834469744,37.831731302711255,,,False
2025-06-02,4200445,사천캠핑장,128.8750445298634,37.831686225915426,3,0,True
2025-06-02,4200442,사천해변,128.87869491904522,37.828713817312966,2,3,True
2025-06-02,4200443,사천해변,128.87827311977188,37.82882341864164,,,False
2025-06-02,4201321,산계2리,128.97229539203417,37.57962245004452,,,False
2025-06-02,4201320,산계2리,128.97246971139714,37.57976114585706,,,False
2025-06-02,4201328,산계리종점,128.9460355736469,37.57495852194761,1,0,True
2025-06-02,4200440,산대월리.순포,128.88547702493108,37.822903011074914,2,2,True
2025-06-02,4200441,산대월리.순포,128.88527417343033,37.822868850849,6,2,True
2025-06-02,4200383,산대월리마을회관,128.8709163724858,37.815914215160845,2,0,True
2025-06-02,4200594,산두골,128.9840168065266,37.71859873395223,3,0,True
2025-06-02,4200595,산두골,128.98401664518687,37.71851617972176,0,1,True
2025-06-02,4200179,산림조합,128.81641190280698,37.85471554225067,1,0,True
2025-06-02,4200295,산림조합,128.81634583702206,37.85478178935546,,,False
2025-06-02,4200877,산북,128.84586150037325,37.704935503831294,1,0,True
2025-06-02,4200875,산북2리경로당,128.83409128779982,37.71149810424752,,,False
2025-06-02,4200876,산북2리경로당,128.83404425902265,37.71143075108243,,,False
2025-06-02,4201060,산성우1리,129.0046545324227,37.68347462505554,6,0,True
2025-06-02,4201084,산성우2리,129.01725588482054,37.67160656267303,,,False
2025-06-02,4201085,산성우2리,129.01735333412336,37.671618793132126,,,False
2025-06-02,4201083,산성우2리마을회관,129.02279471216545,37.67820045840464,6,0,True
2025-06-02,4201082,산성우2리마을회관,129.02269902654416,37.678299838704675,,,False
2025-06-02,4201031,삼개사입구,128.88695285563512,37.7503693771254,24,3,True
2025-06-02,4201032,삼개사입구,128.88684645443755,37.75026780562399,5,12,True
2025-06-02,4200867,삼거리,128.83456155956415,37.745154825533675,,,False
2025-06-02,4200866,삼거리,128.8345942629299,37.74509162495973,1,0,True
2025-06-02,4200455,삼교리종점,128.74996246309584,37.87971842334567,6,0,True
2025-06-02,4200456,삼교리종점,128.7500022864006,37.879776675728266,1,0,True
2025-06-02,4201370,삼밭골,128.97299626468876,37.625881433054694,2,0,True
2025-06-02,4201369,삼밭골,128.97299344360636,37.62595039665499,,,False
2025-06-02,4200514,삼산,128.69251552941094,37.84710607104921,,,False
2025-06-02,4200516,삼산,128.6925944995912,37.847189566163216,,,False
2025-06-02,4200170,삼산1리,128.70464319375566,37.845506729172776,0,1,True
2025-06-02,4200171,삼산1리,128.7047914618132,37.84575283130434,0,2,True
2025-06-02,4200324,삼산1리마을회관,128.7032068078098,37.84670520300259,0,1,True
2025-06-02,4200325,삼산1리마을회관,128.7039248000704,37.84665394357494,,,False
2025-06-02,4200408,삼산4리,128.65358585892187,37.836375046564235,,,False
2025-06-02,4200409,삼산4리,128.65339766055644,37.8363605430016,,,False
2025-06-02,4200426,삼산보건진료소,128.69992094735875,37.846599335592536,3,0,True
2025-06-02,4200427,삼산보건진료소,128.6999017867484,37.84667116560819,1,0,True
2025-06-02,4200328,삼산분소,128.72806310762525,37.8484167632985,0,3,True
2025-06-02,4201411,삼성디지털센터,128.89671612387085,37.758421567843364,0,2,True
2025-06-02,4200365,삼성디지털센터,128.8966989039856,37.75811194350719,41,27,True
2025-06-02,4200987,삼왕,128.79442364222726,37.75959705206606,1,0,True
2025-06-02,4200267,삼우은성아파트,128.91973659122027,37.77025900516923,28,58,True
2025-06-02,4200268,삼우은성아파트,128.91881978171756,37.77007704319862,183,12,True
2025-06-02,4200054,삼익아파트,128.93336344346523,37.7794509217129,2,20,True
2025-06-02,4200358,삼창그린맨션,128.88749893563826,37.744743384730015,19,1,True
2025-06-02,4200310,삼천리아파트,128.8379309322555,37.8689470039461,186,55,True
2025-06-02,4200211,삼천리아파트,128.8383288212433,37.86906384505761,157,76,True
2025-06-02,4200732,삼흥사,128.901198738292,37.739798973918525,0,2,True
2025-06-02,4200731,삼흥사,128.90121043083064,37.739730650079785,3,0,True
2025-06-02,4200925,삽당령휴게소,128.85348981301368,37.57765377589509,1,0,True
2025-06-02,4200926,삽당령휴게소,128.85335366163847,37.57771787179165,,,False
2025-06-02,4201429,삿갓2교,128.89440260554116,37.72191310597893,,,False
2025-06-02,4200022,상근내,128.7796924207031,37.8773758413694,7,0,True
2025-06-02,4200099,상근내,128.77960655925375,37.87745059496862,2,0,True
2025-06-02,4201317,상반암,128.97555145054721,37.581507187334616,,,False
2025-06-02,4201316,상반암,128.97543453934762,37.581480242671276,,,False
2025-06-02,4201318,상반암2교,128.97515057257976,37.579938893006116,,,False
2025-06-02,4201319,상반암2교,128.97526025138177,37.580104674041834,,,False
2025-06-02,4201173,상시동,128.94246528458484,37.71818427280178,2,0,True
2025-06-02,4201174,상시동,128.94244611636475,37.71825557931822,1,0,True
2025-06-02,4201175,상시동2리마을구판장,128.9490236053727,37.7224263738442,2,0,True
2025-06-02,4201176,상시동2리마을구판장,128.94913379195222,37.72251033214177,,,False
2025-06-02,4200526,새이골,128.79025907473746,37.85322227035808,1,0,True
2025-06-02,4200957,새재마을,128.8242487855186,37.68544901419477,,,False
2025-06-02,4200958,새재마을,128.8242669560502,37.685279144065696,0,1,True
2025-06-02,4201360,샘골,129.00918544930587,37.619230471502696,,,False
2025-06-02,4201361,샘골,129.0091899817426,37.61916886212585,1,0,True
2025-06-02,4200974,샘골식당,128.8117504319814,37.72973210273536,1,0,True
2025-06-02,4200973,샘골식당,128.81165805890132,37.72970284088515,2,0,True
2025-06-02,4200932,샘터휴게실,128.8616379939255,37.62586846407014,,,False
2025-06-02,4200931,샘터휴게실,128.86196479739877,37.62603907325114,3,0,True
2025-06-02,4200515,서당마을,128.8153409524242,37.87964681225348,1,0,True
2025-06-02,4200842,서희아파트,128.86542964738,37.739494273568006,2,20,True
2025-06-02,4200843,서희아파트,128.86634677134685,37.73976016715972,103,2,True
2025-06-02,4200139,석교2리마을회관,128.82066862382376,37.842307094394954,,,False
2025-06-02,4200992,석불사입구,128.79428550244546,37.75401121249684,,,False
2025-06-02,4200993,석불사입구,128.79436174094738,37.75400145159608,,,False
2025-06-02,4200076,선교장,128.88470029533363,37.78507057730054,8,3,True
2025-06-02,4200075,선교장,128.8853532167783,37.785455385598155,12,5,True
2025-06-02,4200236,선교장입구,128.87978791945434,37.782182641690056,40,19,True
2025-06-02,4200237,선교장입구,128.8801857915523,37.78222354537227,27,19,True
2025-06-02,4201250,선수촌8단지,128.87011109214671,37.76078977894948,86,2,True
2025-06-02,4201249,선수촌8단지,128.87029355520082,37.76060110592661,15,18,True
2025-06-02,4200534,선자령고개입구,128.79239579933846,37.73245610705835,,,False
2025-06-02,4200537,선자령고개입구,128.79231046446523,37.732508544183865,,,False
2025-06-02,4201310,설암마을,128.99822461811513,37.59527911024018,,,False
2025-06-02,4201311,설암마을,128.9983494117808,37.59541501641899,1,0,True
2025-06-02,4201189,섬석교,128.92156879198023,37.740684165183964,,,False
2025-06-02,4201188,섬석교,128.92171052547354,37.74090783532175,10,0,True
2025-06-02,4200854,성내동광장,128.89469082592495,37.750838877146485,2,0,True
2025-06-02,4200855,성내동광장,128.89488299521074,37.75095303991505,0,2,True
2025-06-02,4201046,성덕동주민센터,128.91533375948597,37.76294836172143,0,5,True
2025-06-02,4201045,성덕동주민센터,128.91516594318634,37.762763608124146,3,0,True
2025-06-02,4200765,성덕초등학교,128.91017117535122,37.75573609872045,59,2,True
2025-06-02,4201004,성산,128.82713990486903,37.71438975242994,,,False
2025-06-02,4201005,성산,128.8271623742617,37.714502339268236,5,1,True
2025-06-02,4201009,성산면사무소,128.832602033901,37.718970827982346,9,12,True
2025-06-02,4201008,성산면사무소,128.83255254171343,37.71856830087688,34,7,True
2025-06-02,4201007,성산치안센터,128.8310696649731,37.7159774839219,1,10,True
2025-06-02,4201006,성산치안센터,128.83090633919258,37.71566752965487,19,0,True
2025-06-02,4200422,성원사입구,128.6867712693139,37.847205451671535,3,0,True
2025-06-02,4200423,성원사입구,128.68646040632865,37.84726485901322,0,2,True
2025-06-02,4200817,성황당,128.87341590911527,37.71242819076422,1,0,True
2025-06-02,4200818,성황당,128.8735164959862,37.712407011021696,,,False
2025-06-02,4201425,성황당교,128.89068764552184,37.7193346055837,,,False
2025-06-02,4200550,세인트존스호텔,128.9216970367292,37.79098344901958,12,3,True
2025-06-02,4200549,세인트존스호텔,128.92167986735865,37.790864197302774,6,5,True
2025-06-02,4202156,세인트존스호텔,128.92066155176954,37.789921292283566,2,4,True
2025-06-02,4202158,세인트존스호텔,128.9208321964743,37.79000919070631,1,0,True
2025-06-02,4200167,소금강산,128.71230365715414,37.82166854276753,,,False
2025-06-02,4200166,소금강산,128.7124812586759,37.82175517040325,2,0,True
2025-06-02,4200327,소금강산돌박물관,128.72545746023172,37.848484193808346,6,0,True
2025-06-02,4200168,소금강산분교,128.710000116687,37.83125700946602,3,0,True
2025-06-02,4200169,소금강산분교,128.70996109009303,37.83105237281379,,,False
2025-06-02,4200429,소금강산삼거리,128.70652525366145,37.84687236867498,,,False
2025-06-02,4200428,소금강산삼거리,128.70675214581883,37.84674771999477,4,0,True
2025-06-02,4200419,소금강산종점,128.70783064886766,37.81649025417566,6,2,True
2025-06-02,4200337,소금강산체험학습장,128.78576790854493,37.85169587352382,3,0,True
2025-06-02,4200184,소돌,128.82175443074843,37.905415537268986,98,6,True
2025-06-02,4200185,소돌,128.8213252547112,37.90592204016269,1,38,True
2025-06-02,4200523,소돌해변,128.82357421556765,37.90742431202615,0,5,True
2025-06-02,4200518,소돌해변,128.8237001059589,37.9072478711743,7,0,True
2025-06-02,4200002,소돌해변입구,128.81905535960837,37.90780434670355,0,5,True
2025-06-02,4200633,소양가든,128.91470984838725,37.70545388269156,3,0,True
2025-06-02,4200634,소양가든,128.91482886328737,37.70544797167058,,,False
2025-06-02,4200609,소재골길,128.92430261228944,37.73030112286398,,,False
2025-06-02,4200608,소재골길,128.9243373158486,37.73032246539831,,,False
2025-06-02,4200126,솔올공연장,128.87424793205705,37.763507530751156,136,10,True
2025-06-02,4200125,솔올공연장,128.87460623301726,37.76366952964576,19,103,True
2025-06-02,4200060,솔올중학교,128.8798722504925,37.77163504014371,36,5,True
2025-06-02,4200822,솔향수목원입구,128.8693376080556,37.70921581710481,,,False
2025-06-02,4200823,솔향수목원입구,128.86937194102438,37.70931046077696,3,0,True
2025-06-02,4201165,송담서원,128.92985457221653,37.6927197945936,3,1,True
2025-06-02,4200351,송림,128.82064394298325,37.85559369331711,,,False
2025-06-02,4200350,송림,128.8201619228096,37.85539548451919,,,False
2025-06-02,4200347,송림2리,128.81062888375345,37.853558399575036,3,0,True
2025-06-02,4200346,송림2리,128.8099436136846,37.853407423711076,,,False
2025-06-02,4200345,송림2리경로당,128.80789598964623,37.85203614474543,,,False
2025-06-02,4200344,송림2리경로당,128.807966000434,37.85197372236723,4,0,True
2025-06-02,4200510,송림길,128.8252555621319,37.855656749226185,,,False
2025-06-02,4200511,송림길,128.8248292251072,37.8557650289636,0,1,True
2025-06-02,4200372,송암,128.82637877635176,37.78089823387296,1,0,True
2025-06-02,4200374,송암리노인복지회관,128.8371281193178,37.78167045367396,,,False
2025-06-02,4200373,송암리노인복지회관,128.83714806452136,37.781611643083856,7,0,True
2025-06-02,4200560,송양초교,128.84779064633727,37.75738270190068,0,2,True
2025-06-02,4200559,송양초교,128.84774510140426,37.757348769268916,1,0,True
2025-06-02,4200274,송정노인회관,128.93141909498914,37.77512821569013,224,3,True
2025-06-02,4200272,송정동주민센터,128.92775106138072,37.77430053196711,67,3,True
2025-06-02,4200271,송정동주민센터,128.9281580126049,37.77420386430584,8,22,True
2025-06-02,4200052,송정래미안,128.93038982126572,37.78292573478735,7,5,True
2025-06-02,4200051,송정래미안,128.93021609974548,37.78282723196739,0,6,True
2025-06-02,4200273,송정신원아침도시,128.93190852770562,37.774810233413945,3,53,True
2025-06-02,4200275,송정한신아파트입구,128.93667614488956,37.77380916737768,0,20,True
2025-06-02,4200276,송정한신아파트입구,128.93668274097607,37.7740287226972,141,1,True
2025-06-02,4201386,송정한신아파트후문,128.93962441064605,37.773612640324636,81,0,True
2025-06-02,4200263,송정한신아파트후문,128.9386138022858,37.773558747641985,1,14,True
2025-06-02,4200280,송정해변,128.9381119893655,37.77768849372205,61,0,True
2025-06-02,4201265,송정해변,128.937243026154,37.779799396228796,10,0,True
2025-06-02,4201264,송정해변,128.93690998005923,37.77994173288209,0,9,True
2025-06-02,4200404,송천,128.64305128748416,37.832454612861596,,,False
2025-06-02,4200405,송천,128.64294987987037,37.832536995608294,0,1,True
2025-06-02,4200399,송천종점,128.63433752494774,37.82213931034025,,,False
2025-06-02,4200300,수협사거리,128.8314095884837,37.895774457125356,8,25,True
2025-06-02,4200190,수협사거리,128.83119347169236,37.89590191816579,84,7,True
2025-06-02,4200436,순긋해변,128.89252003394913,37.81667547893821,1,2,True
2025-06-02,4200437,순긋해변,128.89288352206873,37.81622289476459,8,1,True
2025-06-02,4201241,순두부마을,128.8929863409179,37.7864529101926,0,4,True
2025-06-02,4201240,순두부마을,128.89327386744634,37.786738816066666,4,0,True
2025-06-02,4200439,순포해변,128.8896479640838,37.81947984719446,0,1,True
2025-06-02,4200438,순포해변,128.8909555032514,37.81845994015455,2,0,True
2025-06-02,4200004,숲사랑홍보관,128.85126457297872,37.81878304910103,6,2,True
2025-06-02,4200828,신광사입구,128.85959135500886,37.70844237993537,,,False
2025-06-02,4200829,신광사입구,128.85953628339269,37.70852190735515,,,False
2025-06-02,4200279,신도브래뉴,128.93862914925478,37.77730338810464,5,26,True
2025-06-02,4202169,신라모노그램,128.92993128709296,37.78509796814699,,,False
2025-06-02,4202172,신라모노그램,128.92730314100064,37.78470637599459,,,False
2025-06-02,4202170,신라모노그램,128.92998485011893,37.785132389833336,,,False
2025-06-02,4202171,신라모노그램,128.92766337576,37.78423838201166,,,False
2025-06-02,4200068,신석,128.9222626638924,37.73522591649743,1,0,True
2025-06-02,4201244,신석,128.92220564964913,37.73521532481458,,,False
2025-06-02,4200570,신석입구,128.92112104933958,37.74060070408295,0,1,True
2025-06-02,4200571,신석입구,128.92121434678074,37.740633508275124,,,False
2025-06-02,4200605,신석종점,128.92550135841566,37.72411554187395,,,False
2025-06-02,4200604,신석종점,128.92548856169705,37.724168770541205,2,0,True
2025-06-02,4200610,신석회관,128.922128840552,37.73330388403426,3,0,True
2025-06-02,4200611,신석회관,128.92206674319968,37.733298030104976,,,False
2025-06-02,4200563,신암동산,128.856450486855,37.759838948235505,,,False
2025-06-02,4200564,신암동산,128.85644693333413,37.7598894548062,,,False
2025-06-02,4200252,신영극장,128.8961287589657,37.75448236011555,2532,2318,True
2025-06-02,4200395,신왕리,128.7909165521197,37.84823170892436,,,False
2025-06-02,4200396,신왕리,128.79081224615587,37.848255771655694,,,False
2025-06-02,4200393,신왕리마을회관,128.78881339413073,37.84406973819415,,,False
2025-06-02,4200394,신왕리마을회관,128.78872771686466,37.84404617250474,,,False
2025-06-02,4200392,신왕종점,128.77479795503757,37.82848497778013,2,2,True
2025-06-02,4200339,신왕초등학교,128.78962228209244,37.85282870829282,1,0,True
2025-06-02,4200178,신왕초등학교.소금강산체험학습장,128.7874843369829,37.85236789721056,0,1,True
2025-06-02,4200376,신평교,128.84751858457875,37.787025988717744,1,0,True
2025-06-02,4200375,신평교,128.8476422534893,37.786964946063456,,,False
2025-06-02,4200795,신화아파트,128.89739318948855,37.749293198227164,,,False
2025-06-02,4200796,신화아파트,128.8983309878122,37.7493513359141,,,False
2025-06-02,4201111,심곡,129.05072825701674,37.66496744031941,12,0,True
2025-06-02,4201110,심곡,129.05054407613815,37.66494664843006,0,6,True
2025-06-02,4200885,심불사입구,128.83994507873663,37.70295599504848,,,False
2025-06-02,4200884,심불사입구,128.84001194474018,37.70305298286866,,,False
2025-06-02,4201118,썬크루즈,129.0440946513368,37.6820368944123,0,1,True
2025-06-02,4201373,아래흐내,128.97754794808964,37.614630687418135,,,False
2025-06-02,4201372,아래흐내,128.9775173341677,37.61462843088557,,,False
2025-06-02,4201388,안고단,128.81682784184864,37.52450097063033,,,False
2025-06-02,4200865,안곡,128.82914470078177,37.745465477199204,2,0,True
2025-06-02,4200871,안곡약수터입구,128.8379137142218,37.73973940790299,1,0,True
2025-06-02,4200020,안곡약수터입구,128.8378468662133,37.73975627758666,1,0,True
2025-06-02,4200869,안국고개입구,128.83777031179514,37.74152814933456,,,False
2025-06-02,4200868,안국고개입구,128.8377139800973,37.741484552653596,,,False
2025-06-02,4201043,안목,128.94526892930932,37.77285146151794,300,2,True
2025-06-02,4200281,안목.강릉항,128.94934241574012,37.770520507065875,,,False
2025-06-02,4201040,안목.강릉항,128.94944155473152,37.77036079213364,,,False
2025-06-02,4201057,안목커피거리,128.94590416266868,37.77225695392567,25,0,True
2025-06-02,4201044,안목커피거리,128.94543559396536,37.77260342997581,21,203,True
2025-06-02,4200244,안목커피거리,128.94578809167245,37.77230230429985,7,43,True
2025-06-02,4201263,안목해변,128.94493768408068,37.774178194287636,26,1,True
2025-06-02,4201262,안목해변,128.9453268042541,37.77365094131008,0,25,True
2025-06-02,4200587,안소재길,128.84955884022355,37.563768804870946,,,False
2025-06-02,4200586,안소재길,128.84946322181048,37.56376109313163,,,False
2025-06-02,4201139,안인,128.98934561422945,37.734014720107886,22,3,True
2025-06-02,4201140,안인,128.98934458573052,37.73394318769602,0,7,True
2025-06-02,4200599,안인삼거리,128.98037760076,37.72789657042197,,,False
2025-06-02,4200598,안인삼거리,128.98042188065915,37.72782929827981,,,False
2025-06-02,4201148,안인화력발전소,128.97827596831831,37.72739115413768,15,0,True
2025-06-02,4201149,안인화력발전소,128.97827482863894,37.727294808983075,1,4,True
2025-06-02,4201001,암반욕체험장,128.8174715505199,37.72568745788923,,,False
2025-06-02,4201002,암반욕체험장,128.81756412801548,37.725703466430105,,,False
2025-06-02,4200528,앞무쇠골,128.7909149887738,37.735806871417466,2,1,True
2025-06-02,4200535,앞무쇠골,128.7907679545247,37.73580475645548,,,False
2025-06-02,4200187,양양고개,128.82805578782853,37.90002854060149,52,2,True
2025-06-02,4200188,양양고개,128.82822436017406,37.899998054568016,1,42,True
2025-06-02,4201243,양우내안애아파트,128.90225216607172,37.751490811466354,1,0,True
2025-06-02,4201245,양우내안애아파트,128.9018874469489,37.75145322200816,,,False
2025-06-02,4200201,양조장,128.8258300942643,37.881274388703744,230,39,True
2025-06-02,4201403,양지골,128.84419682263942,37.754675826474795,1,0,True
2025-06-02,4201404,양지골,128.8442384161847,37.75462833677575,1,0,True
2025-06-02,4201357,양지마을,129.0219835892014,37.61975733717636,3,0,True
2025-06-02,4201356,양지마을,129.02194175334466,37.619812201556556,,,False
2025-06-02,4201354,양지말상,129.02550426571582,37.620299361941775,,,False
2025-06-02,4201355,양지말상,129.02549637985018,37.62023673439294,,,False
2025-06-02,4200651,어단1리,128.89857868128925,37.69687081252176,4,0,True
2025-06-02,4200652,어단1리,128.89835375718442,37.69689880719406,,,False
2025-06-02,4200644,어단1리마을회관,128.90166199367852,37.69299424582564,,,False
2025-06-02,4200643,어단1리마을회관,128.90163121019464,37.69306524952247,3,1,True
2025-06-02,4200646,어단1리성황당,128.8998102046769,37.691407412019785,,,False
2025-06-02,4200645,어단1리성황당,128.8997465866069,37.69146948045897,1,0,True
2025-06-02,4200639,어단2리마을회관,128.91146885408946,37.6964376324294,8,1,True
2025-06-02,4200640,어단2리마을회관,128.91152104480037,37.696373262130535,,,False
2025-06-02,4200648,어단리.법왕사,128.89523586027252,37.689105321389235,2,1,True
2025-06-02,4200972,어흘리.굴면동,128.81242525863513,37.71968494003737,1,0,True
2025-06-02,4200966,어흘리.굴면동,128.81355554198663,37.72030372991263,1,0,True
2025-06-02,4201412,어흘리산림관광안내센터,128.79622345209006,37.720248969562334,1,0,True
2025-06-02,4201413,어흘리산림관광안내센터,128.79677626958596,37.720179974904156,,,False
2025-06-02,4201163,언별2리,128.93981173016869,37.70173122003391,1,0,True
2025-06-02,4201164,언별2리,128.93990494422928,37.70171510089973,6,0,True
2025-06-02,4200036,언별리,128.932462653647,37.69147304189006,1,0,True
2025-06-02,4201227,연곡면사무소,128.83749819485607,37.86001175022627,140,53,True
2025-06-02,4200212,연곡면사무소,128.83761397394952,37.85995465828368,89,80,True
2025-06-02,4200354,연곡면사무소,128.83726140830402,37.85982528703765,76,70,True
2025-06-02,4200355,연곡면사무소,128.8369030857598,37.8592954872826,1,0,True
2025-06-02,4200381,연곡소나무길,128.86219953750597,37.850074873961454,2,10,True
2025-06-02,4200509,연곡소나무길,128.8618386269624,37.85018703668437,3,0,True
2025-06-02,4200353,연곡초교,128.82814655157526,37.8569020930201,,,False
2025-06-02,4200352,연곡초교,128.82816906723454,37.856817110094816,2,1,True
2025-06-02,4200349,연곡취수장입구,128.8134029222452,37.854479588535305,,,False
2025-06-02,4200348,연곡취수장입구,128.81321638321742,37.85436534997662,,,False
2025-06-02,4200451,연곡해변,128.85309149153562,37.85745785808507,2,0,True
2025-06-02,4200450,연곡해변,128.8529783059013,37.85739414992972,2,0,True
2025-06-02,4200213,연곡해변입구,128.84130813848452,37.85462580337619,14,0,True
2025-06-02,4200214,연곡해변입구,128.84162112920617,37.854539181009365,0,11,True
2025-06-02,4200152,연변,128.83155522186766,37.80584297639379,0,2,True
2025-06-02,4200151,연변,128.83161739090895,37.80576988356887,11,0,True
2025-06-02,4200759,영동정미소,129.03644448557495,37.62779710955012,,,False
2025-06-02,4201341,영동정미소,129.0362624021505,37.62780024862322,,,False
2025-06-02,4200209,영진입구,128.83637261045655,37.87054167536418,50,32,True
2025-06-02,4201226,영진입구,128.83626865951734,37.87047570517143,69,20,True
2025-06-02,4201270,영진항,128.84778900128174,37.86736001237831,,,False
2025-06-02,4201269,영진항,128.8478764921571,37.86744935186811,0,1,True
2025-06-02,4201271,영진해변,128.84407553359966,37.870005012045354,15,0,True
2025-06-02,4201272,영진해변,128.84410671788726,37.87009887053988,4,2,True
2025-06-02,4200406,오대산휴게소,128.648222920777,37.83491560552007,,,False
2025-06-02,4200407,오대산휴게소,128.64806989287274,37.83498136245625,,,False
2025-06-02,4200816,오뚜기물류서비스,128.87782869819907,37.71615014292806,1,0,True
2025-06-02,4200815,오뚜기물류서비스,128.8777698382652,37.71622341645464,1,1,True
2025-06-02,4201078,오리동,129.01320871433214,37.68272714510743,11,0,True
2025-06-02,4201079,오리동,129.01320324945965,37.682803393955474,,,False
2025-06-02,4201058,오리들마을,128.93730145779827,37.744469925122935,2,0,True
2025-06-02,4201252,오리들마을,128.93739401500017,37.74438483019564,,,False
2025-06-02,4200536,오리진항,128.8317047746547,37.90064451287537,6,0,True
2025-06-02,4200527,오리진항,128.8317491433552,37.9007448060665,0,4,True
2025-06-02,4200961,오봉,128.8206361867679,37.70638660212798,,,False
2025-06-02,4200962,오봉,128.8205322494514,37.7062887289534,,,False
2025-06-02,4200964,오봉리,128.82222083699313,37.709588124281694,1,0,True
2025-06-02,4200963,오봉리,128.8222695914709,37.70939016181609,3,1,True
2025-06-02,4200053,오성학교,128.93312248716418,37.77978287851338,53,9,True
2025-06-02,4201428,오션시티아이파크,128.94156983542882,37.775150292669956,,,False
2025-06-02,4201427,오션시티아이파크,128.94172063887467,37.77534012183183,,,False
2025-06-02,4200239,오죽헌,128.88242080274284,37.78040719543912,94,44,True
2025-06-02,4200238,오죽헌,128.8827262588498,37.779841129260745,78,76,True
2025-06-02,4200092,오죽헌,128.8797380363922,37.77879711032111,9,0,True
2025-06-02,4200093,오죽헌,128.88009218006442,37.77900408798861,1,8,True
2025-06-02,4200769,오죽헌입구,128.8828973977968,37.77942746550242,4,5,True
2025-06-02,4201382,오죽헌입구,128.88300783523746,37.779420150144524,12,11,True
2025-06-02,4201097,옥계119안전센터,129.03045031861078,37.60261800571139,,,False
2025-06-02,4201098,옥계119안전센터,129.0299579795461,37.602418475944106,,,False
2025-06-02,4202042,옥계면사무소,129.03870359107486,37.61225376052538,2,0,True
2025-06-02,4202052,옥계면사무소,129.03863134955023,37.61234830848836,0,3,True
2025-06-02,4202092,옥계역,129.04915585739857,37.61793983643156,0,1,True
2025-06-02,4202082,옥계역,129.0492092887644,37.61767316323472,4,0,True
2025-06-02,4201368,옥계저수지,128.9806153158948,37.62190318324612,,,False
2025-06-02,4201367,옥계저수지,128.98049757084706,37.62195561397405,,,False
2025-06-02,4201366,옥계저수지,128.9806745254139,37.62197726022537,,,False
2025-06-02,4202032,옥계현내시장,129.03512810350702,37.608949806593664,19,12,True
2025-06-02,4202022,옥계현내시장,129.03523947374634,37.60889735545031,83,3,True
2025-06-02,4201285,옥골,129.0451011119314,37.58480257343729,1,0,True
2025-06-02,4200701,옥봉마을,128.89299808417252,37.703844690722654,,,False
2025-06-02,4200257,옥천119안전센터,128.90305174420297,37.761041080134646,65,32,True
2025-06-02,4200256,옥천119안전센터,128.9022376115818,37.76136928474395,17,11,True
2025-06-02,4201000,옥터가든,128.8137241133093,37.7280870855366,,,False
2025-06-02,4200999,옥터가든,128.81373332317625,37.728008981659464,,,False
2025-06-02,4201284,올밑,129.03979791391387,37.58885317796911,3,0,True
2025-06-02,4201363,옹기마을,129.00369924320785,37.616995401978194,2,0,True
2025-06-02,4201362,옹기마을,129.0036684835799,37.617059917346076,,,False
2025-06-02,4200897,왕산골,128.78735259066167,37.65458906689652,,,False
2025-06-02,4200896,왕산골,128.7872211119886,37.65448843873245,,,False
2025-06-02,4200468,왕산골한옥,128.79462643294355,37.66636911752362,,,False
2025-06-02,4200930,왕산구)종점,128.8604095757484,37.623711657099335,0,1,True
2025-06-02,4200929,왕산구)종점,128.8604892853729,37.62367273667524,1,0,True
2025-06-02,4200960,왕산대기교차로,128.80856548851528,37.68962515075815,,,False
2025-06-02,4200959,왕산대기교차로,128.80857307337496,37.68975019804283,1,0,True
2025-06-02,4200889,왕산리2반,128.80297738702234,37.675963955897956,2,0,True
2025-06-02,4200888,왕산리2반,128.80288061474792,37.67595542199383,,,False
2025-06-02,4200891,왕산리마을회관,128.79682095717135,37.67030353806043,,,False
2025-06-02,4200890,왕산리마을회관,128.79684011914176,37.670392794275685,3,0,True
2025-06-02,4200952,왕산면사무소앞,128.83831324436588,37.672144012562036,1,0,True
2025-06-02,4200951,왕산면사무소앞,128.83840731782888,37.6721688588501,12,2,True
2025-06-02,4200928,왕산사,128.8594660677207,37.61509686617323,,,False
2025-06-02,4200927,왕산사,128.85972406418662,37.614998007179736,,,False
2025-06-02,4200955,왕산사슴목장,128.82575088668412,37.681344715824196,,,False
2025-06-02,4200956,왕산사슴목장,128.82565717295802,37.68132318009433,,,False
2025-06-02,4200607,왜골안길,128.9242847541364,37.72773866042556,,,False
2025-06-02,4200606,왜골안길,128.92431613988109,37.72776258609913,,,False
2025-06-02,4201035,용강동,128.89127858305645,37.75423171492401,7,56,True
2025-06-02,4201036,용강동,128.89145488440622,37.7543870741593,33,6,True
2025-06-02,4200250,용강동서부시장,128.89174828581776,37.7556582744871,307,100,True
2025-06-02,4200249,용강동서부시장,128.89167287030088,37.75492247590215,224,456,True
2025-06-02,4200874,용봉자동차학원,128.83460209459432,37.72175943182151,,,False
2025-06-02,4200259,용지각,128.90537716328666,37.76184119439877,200,47,True
2025-06-02,4200258,용지각,128.90534669055177,37.76147384168322,95,80,True
2025-06-02,4201407,우미린아파트,128.87047584429433,37.757205866745004,,,False
2025-06-02,4200565,우미린아파트,128.87023572987053,37.75716460769394,27,38,True
2025-06-02,4200241,우성공업사,128.8881180126791,37.77538642162077,27,26,True
2025-06-02,4200520,우신아파트,128.8255393760297,37.87241785986445,13,0,True
2025-06-02,4200123,우편집중국,128.8733706824724,37.76051485370646,13,46,True
2025-06-02,4200124,우편집중국,128.87347187490323,37.76156496879712,196,13,True
2025-06-02,4200600,운산노인회관,128.93671028942424,37.732907768416084,,,False
2025-06-02,4200601,운산노인회관,128.93684858416998,37.73287788594293,,,False
2025-06-02,4200602,운산분교,128.93677350637265,37.730734508227286,3,0,True
2025-06-02,4200603,운산분교,128.93686556902622,37.730747600300575,,,False
2025-06-02,4200390,운양초교,128.85999131659992,37.833521248123965,4,0,True
2025-06-02,4202153,운양초등학교,128.8590953489884,37.83649095483332,3,0,True
2025-06-02,4200198,원마트,128.82575730347685,37.88826959645488,36,108,True
2025-06-02,4201050,원마트,128.9185145864492,37.76040631401962,0,4,True
2025-06-02,4201232,원마트,128.8255161831108,37.88764901879385,167,23,True
2025-06-02,4201049,원마트,128.91839757804996,37.76020248248705,3,0,True
2025-06-02,4200787,원예농협강남점,128.8968065666806,37.74246510458876,,,False
2025-06-02,4200788,원예농협강남점,128.89681243940322,37.742695820214294,2,0,True
2025-06-02,4201059,월호평동,128.94896909223806,37.74860767924179,1,0,True
2025-06-02,4200561,위촌1교,128.85248954070696,37.758669118271264,1,0,True
2025-06-02,4200562,위촌1교,128.85256313236903,37.758700268834,,,False
2025-06-02,4201401,위촌1리마을회관,128.8493169939177,37.752759763627935,2,0,True
2025-06-02,4201402,위촌1리마을회관,128.84922183855028,37.75276536684672,,,False
2025-06-02,4200557,위촌2리경로당,128.84459001673955,37.75958593352651,2,0,True
2025-06-02,4209994,위촌2리경로당,128.8446791622344,37.75971028072801,,,False
2025-06-02,4200558,위촌2리경로당,128.84480889532918,37.75954345559538,0,1,True
2025-06-02,4201408,위촌리,128.8362872937098,37.75958677922043,1,0,True
2025-06-02,4200556,위촌리,128.83630340406063,37.75966855469253,,,False
2025-06-02,4200870,윗회산,128.8624600126061,37.71152374867891,,,False
2025-06-02,4200064,윗회산,128.86237406495107,37.71154075190158,,,False
2025-06-02,4200331,유등.백운사입구,128.75900654206438,37.850462767351864,2,0,True
2025-06-02,4200332,유등.백운사입구,128.75795827699417,37.850487600912274,0,1,True
2025-06-02,4200680,유산동노인회관,128.90975279156388,37.73997249911831,,,False
2025-06-02,4200679,유산동노인회관,128.9098408904697,37.73999573125917,1,0,True
2025-06-02,4200677,유산민물장어,128.91188581173668,37.73590297036683,0,1,True
2025-06-02,4200678,유산민물장어,128.9117917615037,37.73586343058287,,,False
2025-06-02,4200555,유천동,128.86153738164376,37.766528036862,,,False
2025-06-02,4200479,유천행복주택,128.86570448042954,37.76159011454386,4,1,True
2025-06-02,4200039,유화아파트,128.91342886671308,37.785727014906996,44,0,True
2025-06-02,4200363,율곡중정문,128.88882882673292,37.76926965127901,,,False
2025-06-02,4200243,율곡중학교,128.89033943348878,37.77216892177817,41,15,True
2025-06-02,4200242,율곡중학교,128.89021344037266,37.771874448370795,50,20,True
2025-06-02,4200132,율곡초등학교,128.88221538693716,37.765100900268116,39,1,True
2025-06-02,4200770,은마아파트,128.89705025699647,37.747304327883974,7,0,True
2025-06-02,4200771,은마아파트,128.89677272965307,37.746541962257844,2,0,True
2025-06-02,4201313,음촌,128.99426321534403,37.590067749479466,,,False
2025-06-02,4201312,음촌,128.9943519708324,37.590218452220576,,,False
2025-06-02,4200269,이마트,128.92346774482266,37.772222356268564,22,60,True
2025-06-02,4200270,이마트,128.92290403192536,37.77218493598484,81,14,True
2025-06-02,4200246,이명사거리,128.89177153862124,37.764700407126554,77,78,True
2025-06-02,4200245,이명사거리,128.89157918705828,37.764565078717,245,50,True
2025-06-02,4200043,이화해변타운,128.91744670191798,37.78316591377611,40,0,True
2025-06-02,4201397,임경당입구,128.85065952125555,37.73971869052315,,,False
2025-06-02,4201398,임경당입구,128.85060665622572,37.73967510840446,,,False
2025-06-02,4200573,임곡,128.95981869884417,37.65381523982265,2,0,True
2025-06-02,4200584,임곡1리,128.97599759967915,37.693758829867754,1,0,True
2025-06-02,4200585,임곡1리,128.97590980007564,37.693767123079255,,,False
2025-06-02,4200583,임곡1리마을회관,128.97465402746607,37.69113733741365,,,False
2025-06-02,4200582,임곡1리마을회관,128.9747545332243,37.69109651601256,2,0,True
2025-06-02,4200575,임곡2리마을회관,128.96541432118602,37.66322091980088,1,0,True
2025-06-02,4200574,임곡2리마을회관,128.96548889686682,37.66318854424863,3,0,True
2025-06-02,4200578,임곡초등학교,128.970266319495,37.67657078197406,2,0,True
2025-06-02,4200579,임곡초등학교,128.97019094901066,37.676575911433936,,,False
2025-06-02,4200893,임내폭포,128.7939174576728,37.66377320023954,,,False
2025-06-02,4200892,임내폭포,128.79372069070962,37.66362299663701,0,1,True
2025-06-02,4200767,입암1주공아파트,128.90600846284408,37.75457671115239,8,7,True
2025-06-02,4200766,입암1주공아파트,128.90620017782277,37.75501242269486,38,5,True
2025-06-02,4201205,입암2.3주공,128.9161850255649,37.765072488547595,153,1,True
2025-06-02,4201206,입암2.3주공,128.9164847952377,37.764981798289845,1,50,True
2025-06-02,4201047,입암4주공아파트,128.91655461094618,37.76166752794127,15,0,True
2025-06-02,4201048,입암4주공아파트,128.9166989706064,37.761858842951916,2,5,True
2025-06-02,4200757,입암5주공아파트,128.91468852686768,37.759901363335864,71,2,True
2025-06-02,4200755,입암6주공아파트,128.91994172349143,37.75895755917794,6,27,True
2025-06-02,4200754,입암6주공아파트,128.9200510349674,37.759167158773394,169,3,True
2025-06-02,4201052,입암6주공오거리,128.91746262041485,37.758678282328006,1,27,True
2025-06-02,4201051,입암6주공오거리,128.91813149011642,37.75937340656549,39,1,True
2025-06-02,4200763,입암현대아파트,128.91229270015563,37.753112836072376,3,19,True
2025-06-02,4200762,입암현대아파트,128.91270364556544,37.753026994257695,54,2,True
2025-06-02,4200742,자루뫼.옹심이마을,128.93910155337016,37.76225882808405,37,0,True
2025-06-02,4200743,자루뫼.옹심이마을,128.93907508604704,37.76218611247613,0,12,True
2025-06-02,4200588,자원순환센터,128.9884350583326,37.69589916205473,3,0,True
2025-06-02,4200589,자원순환센터,128.98825794255524,37.6958847446048,,,False
2025-06-02,4200807,자조와리,128.87870578002008,37.72632672967291,1,0,True
2025-06-02,4200808,자조와리,128.8787893136159,37.726283262247435,4,0,True
2025-06-02,4200886,자포골,128.83086667060377,37.70702334781653,1,0,True
2025-06-02,4200196,작은다리,128.8261349428677,37.89101262248175,55,138,True
2025-06-02,4200197,작은다리,128.82583778093624,37.88994679111109,240,20,True
2025-06-02,4200454,작은다리사거리,128.82450182834083,37.890319810643184,0,6,True
2025-06-02,4201147,작은다리사거리,128.82430578974427,37.890298608665205,2,1,True
2025-06-02,4200793,잠수교,128.89948844495035,37.7500516781015,,,False
2025-06-02,4200794,잠수교,128.8998046277538,37.75006345498387,,,False
2025-06-02,4200462,장덕1리,128.79552757430156,37.87818242033292,0,1,True
2025-06-02,4200461,장덕1리,128.7955229122852,37.878113650066226,4,0,True
2025-06-02,4200458,장덕2리,128.77147712645024,37.883516051343115,0,1,True
2025-06-02,4200457,장덕2리,128.77149035836987,37.88343140927676,3,0,True
2025-06-02,4200460,장덕2리마을회관,128.77790630744494,37.87964207357677,2,1,True
2025-06-02,4200459,장덕2리마을회관,128.7777930908638,37.879609504906774,3,0,True
2025-06-02,4201034,장수탕,128.8873508979562,37.75226332684143,8,9,True
2025-06-02,4201033,장수탕,128.88740033590045,37.75217314835415,18,9,True
2025-06-02,4201151,장터마을,128.9723977075807,37.72307968130474,1,2,True
2025-06-02,4201150,장터마을,128.97235424591028,37.72315567930139,8,0,True
2025-06-02,4200116,적십자입구,128.88726321660565,37.757196360936135,32,20,True
2025-06-02,4200117,적십자입구,128.88647213220725,37.75676623567213,66,15,True
2025-06-02,4201125,정동교,129.0324614525895,37.688438171101524,25,0,True
2025-06-02,4201126,정동교,129.03237659003923,37.68846940398579,3,13,True
2025-06-02,4201127,정동진역,129.03224964663548,37.690253441678834,52,4,True
2025-06-02,4201128,정동진역,129.0319921573861,37.69035571739087,10,34,True
2025-06-02,4201123,정동초등학교,129.03393804786398,37.68800336105405,4,0,True
2025-06-02,4201124,정동초등학교,129.03365499665549,37.68789867201399,1,0,True
2025-06-02,4201119,정동해변,129.04025543414897,37.68609620523521,,,False
2025-06-02,4201120,정동해변,129.04018588407186,37.686033834572385,5,0,True
2025-06-02,4200833,제비1리마을회관,128.8620977553537,37.71966811408695,,,False
2025-06-02,4200832,제비1리마을회관,128.8621891338796,37.71968864008052,,,False
2025-06-02,4200826,제비리,128.85827155633717,37.70524685021708,,,False
2025-06-02,4200838,제비리정미소,128.85946417278979,37.72991051863758,,,False
2025-06-02,4200839,제비리정미소,128.8594036715264,37.72987082372568,,,False
2025-06-02,4200878,제비산북교차로,128.85195266618172,37.70260144877975,,,False
2025-06-02,4200879,제비산북교차로,128.85204215694216,37.702600950909385,,,False
2025-06-02,4200825,제비삼거리,128.8615088123862,37.70915992717116,,,False
2025-06-02,4200824,제비삼거리,128.8614786499892,37.70922991859699,,,False
2025-06-02,4200240,젤마을,128.887733025105,37.775438249928285,50,15,True
2025-06-02,4201116,조각공원,129.0419778617943,37.68142324301774,,,False
2025-06-02,4201117,조각공원,129.04194075670452,37.681301432273415,0,2,True
2025-06-02,4201409,조순생가,128.88832466397164,37.713711387376655,1,0,True
2025-06-02,4201423,조순생가,128.88844816983337,37.713682167259954,,,False
2025-06-02,4200432,종합경기장,128.89654249784542,37.771109941446205,8,1,True
2025-06-02,4200433,종합경기장,128.89677683645317,37.77125900731557,5,14,True
2025-06-02,4200544,종합경기장입구,128.89740621946726,37.770531883728914,3,0,True
2025-06-02,4200292,주공1차아파트,128.88256780330317,37.766843575404636,149,4,True
2025-06-02,4200133,주공1차아파트,128.88288690646792,37.76665665089728,13,38,True
2025-06-02,4200530,주공2차아파트,128.8850454710998,37.768615366200436,23,2,True
2025-06-02,4200566,주공2차아파트,128.88486622636958,37.76845428049225,3,0,True
2025-06-02,4200129,주공3차아파트,128.87933873663175,37.76410589188944,36,42,True
2025-06-02,4201378,주문10리,128.81057617544894,37.89757955797342,,,False
2025-06-02,4200027,주문10리,128.81049106440693,37.89755886763472,,,False
2025-06-02,4201377,주문10리종점,128.80246523281295,37.89335520402651,,,False
2025-06-02,4200189,주문2리,128.83046007450088,37.897540604441176,32,5,True
2025-06-02,4200299,주문2리,128.83067123183636,37.89750003400375,8,9,True
2025-06-02,4201278,주문진등대,128.83413482750083,37.898607108297156,0,3,True
2025-06-02,4201277,주문진등대,128.83402573057427,37.898641534767464,4,0,True
2025-06-02,4200452,주문진문화교육센터,128.82210321817664,37.88251990280632,0,1,True
2025-06-02,4200453,주문진문화교육센터,128.8216607096042,37.88251737897711,1,0,True
2025-06-02,4201276,주문진수산시장,128.82844614486706,37.89014411628092,2,25,True
2025-06-02,4201275,주문진수산시장,128.82825290581502,37.88995969444888,31,11,True
2025-06-02,4200200,주문진시외버스터미널,128.8253113527999,37.88508198031381,33,67,True
2025-06-02,4200448,주문진시외버스터미널,128.8255388895829,37.884201127994984,14,20,True
2025-06-02,4200305,주문진시외버스터미널,128.82509871282576,37.88458386690221,164,20,True
2025-06-02,4200202,주문진식자재마트,128.82596782269363,37.881485546216574,59,37,True
2025-06-02,4200029,주문진읍사무소,128.82486977710943,37.892686971435495,0,2,True
2025-06-02,4201393,주문진읍사무소,128.82369473290439,37.893285463228835,,,False
2025-06-02,4200971,주문진읍사무소,128.8246799183624,37.892745035212215,1,1,True
2025-06-02,4201391,주문진읍사무소,128.8238312459903,37.8934502421149,,,False
2025-06-02,4200308,주문진중.고등학교.강릉정보고,128.82672327638434,37.87982425913257,65,47,True
2025-06-02,4200204,주문진중학교,128.82690197641236,37.87887483229283,155,35,True
2025-06-02,4200532,주문진항,128.8290758047728,37.892766657375546,0,3,True
2025-06-02,4200195,주문진항입구,128.82690557497094,37.892668432750234,27,85,True
2025-06-02,4200194,주문진항입구,128.82670250148865,37.8926318795772,150,17,True
2025-06-02,4200181,주문진해변,128.81692175696733,37.90940788063508,78,6,True
2025-06-02,4200182,주문진해변,128.81704671925502,37.90944057885068,0,68,True
2025-06-02,4202062,주수1리,129.04484649940426,37.61466278284313,5,0,True
2025-06-02,4202072,주수1리,129.0445825275631,37.61484876921252,,,False
2025-06-02,4202102,주수2리,129.05347399898523,37.618026714837086,,,False
2025-06-02,4202112,주수2리,129.0534798781985,37.618295982570245,,,False
2025-06-02,4200752,중앙초교,128.9223833558042,37.757342016100644,80,4,True
2025-06-02,4200753,중앙초교,128.92202942311576,37.75730416097501,1,12,True
2025-06-02,4200229,즈므.과학단지,128.86079294239343,37.79710821329875,3,16,True
2025-06-02,4200138,즈므.과학단지,128.8604076986006,37.79746479759031,34,4,True
2025-06-02,4200378,즈므교,128.8504671545161,37.79077991715075,,,False
2025-06-02,4200377,즈므교,128.8503710096998,37.790650810639626,,,False
2025-06-02,4200083,지변동,128.87676045382563,37.771874023944235,4,6,True
2025-06-02,4201406,지암사입구,128.8326543984501,37.76849221810292,1,0,True
2025-06-02,4200412,진고개휴게소,128.65865259925027,37.84288643809636,6,0,True
2025-06-02,4200413,진고개휴게소,128.6587993033944,37.842974758114,,,False
2025-06-02,4200023,진골,128.863668793898,37.7068476306324,2,0,True
2025-06-02,4200284,진골,128.86337243060487,37.70683089545619,,,False
2025-06-02,4200044,차고지대기(미정차),128.93316603832002,37.76938974153612,,,False
2025-06-02,4200749,차돌광,128.92683577267843,37.75897194822883,0,2,True
2025-06-02,4200748,차돌광,128.92675717507132,37.75922428188879,4,0,True
2025-06-02,4200469,참샘,128.79799114449304,37.90957457625894,,,False
2025-06-02,4200638,천주교회,128.91475255178224,37.69917256372598,,,False
2025-06-02,4200637,천주교회,128.9146583268783,37.69918070112344,3,0,True
2025-06-02,4201070,철길건널목앞,128.9484470278131,37.73765389539244,2,2,True
2025-06-02,4201071,철길건널목앞,128.94850270661007,37.73757538406423,0,1,True
2025-06-02,4200219,청솔공원,128.84744835859598,37.832296445829655,10,1,True
2025-06-02,4200314,청솔공원,128.84780404863866,37.83218520189828,0,2,True
2025-06-02,4201234,초당분수공원,128.92421540479356,37.78614360918137,3,56,True
2025-06-02,4201233,초당분수공원,128.9221385517862,37.785996929695614,86,15,True
2025-06-02,4200617,초당순두부마을,128.91553146572582,37.791098464762065,0,12,True
2025-06-02,4200616,초당순두부마을,128.91545728509436,37.791144787216254,8,0,True
2025-06-02,4202175,큰방파제,128.83179865169402,37.89485760516111,,,False
2025-06-02,4200947,탑동교,128.84609145028975,37.66009383864923,4,0,True
2025-06-02,4200948,탑동교,128.84599983023696,37.66005118972853,0,2,True
2025-06-02,4200119,터미널오거리,128.88381140539954,37.755579088211434,95,13,True
2025-06-02,4200118,터미널오거리,128.8840640923818,37.75608209292866,33,50,True
2025-06-02,4200175,퇴곡,128.75248295369062,37.85110547320165,,,False
2025-06-02,4200174,퇴곡,128.75226108332112,37.851299039517386,,,False
2025-06-02,4200329,퇴곡1리경로당,128.74128473074444,37.849334595953835,12,0,True
2025-06-02,4200330,퇴곡1리경로당,128.7415928535256,37.84950756791581,0,4,True
2025-06-02,4200173,퇴곡2리,128.71633081209328,37.84807753595964,,,False
2025-06-02,4200032,퇴곡2리,128.71714904545294,37.84816614353958,1,0,True
2025-06-02,4200015,퇴곡2리마을회관,128.72561567385543,37.84863292575607,,,False
2025-06-02,4201200,파란바다지역아동센터,128.82465599155947,37.88451042268901,1,0,True
2025-06-02,4201146,파란바다지역아동센터,128.8248619925949,37.88456697851607,0,2,True
2025-06-02,4200529,판교2리마을회관,128.84660458171092,37.84287891189836,,,False
2025-06-02,4200391,판교리,128.86009464856716,37.83346652558502,0,2,True
2025-06-02,4200389,판교리,128.8629774027657,37.834258791663885,1,0,True
2025-06-02,4200733,평안의집,128.90510785537055,37.74063841474535,3,0,True
2025-06-02,4200734,평안의집,128.90504736881275,37.740698188102115,,,False
2025-06-02,4200921,평촌,128.84963218200156,37.552631723106046,,,False
2025-06-02,4200922,평촌,128.84954094616108,37.55267396579829,,,False
2025-06-02,4201236,포남2주공입구,128.91810027987142,37.77873395771816,8,31,True
2025-06-02,4201220,포남2주공입구,128.9179885478381,37.77901498558293,74,6,True
2025-06-02,4200318,포남시장,128.90766061502285,37.76392281820552,178,20,True
2025-06-02,4200084,풋살경기장옆,128.87680703199706,37.77165010517057,20,1,True
2025-06-02,4200806,프라자약국,128.87901214606964,37.728760157474696,,,False
2025-06-02,4200805,프라자약국,128.8789292364003,37.728699480498165,1,0,True
2025-06-02,4201091,피내,129.0067163489339,37.64587762691358,,,False
2025-06-02,4201090,피내,129.00674352158242,37.645808828332775,,,False
2025-06-02,4200359,하나로마트내곡점,128.88026417146904,37.7410809708167,131,3,True
2025-06-02,4200360,하나로마트내곡점,128.88016921110417,37.740597240336115,1,29,True
2025-06-02,4201315,하반암,128.98110553425494,37.584185619903295,1,0,True
2025-06-02,4201314,하반암,128.98089810223846,37.584168867911764,,,False
2025-06-02,4201132,하슬라아트월드,129.01185439171851,37.70733375846832,18,17,True
2025-06-02,4201131,하슬라아트월드,129.0118479436692,37.70752248078149,40,26,True
2025-06-02,4200110,하슬라중,128.90715554439282,37.77053362559672,134,17,True
2025-06-02,4200111,하슬라중,128.90761293140218,37.77043125987649,50,32,True
2025-06-02,4201063,하시동3리3반,128.96021404883618,37.74070043268972,0,1,True
2025-06-02,4201069,하시동3리3반,128.96017032919647,37.7406590489229,2,0,True
2025-06-02,4201065,하시동3리마을회관,128.95566357584553,37.73740461978908,,,False
2025-06-02,4200028,하시동3리마을회관,128.95568079152127,37.73745764026289,9,0,True
2025-06-02,4201182,하시동입구,128.94045988509035,37.73612720331248,,,False
2025-06-02,4201181,하시동입구,128.94066964706647,37.73622577281252,1,1,True
2025-06-02,4200131,하이빌현대아파트,128.8824547932286,37.764860822549025,11,30,True
2025-06-02,4200669,하이샤시,128.91728256074563,37.71407658570209,3,0,True
2025-06-02,4200670,하이샤시,128.91718137940222,37.71406745689133,,,False
2025-06-02,4200387,하평리,128.86670662673083,37.834355194382326,0,2,True
2025-06-02,4200386,하평리,128.86662078612576,37.834407329862614,,,False
2025-06-02,4200008,하평리,128.87213896973955,37.836286638716444,6,0,True
2025-06-02,4200228,학고개,128.8599242703853,37.80596957371411,17,2,True
2025-06-02,4200227,학고개,128.86104076560957,37.80452897124611,2,4,True
2025-06-02,4200718,학마을앞,128.88924569543022,37.716217165702425,,,False
2025-06-02,4200717,학마을앞,128.88924287497164,37.716130571204594,,,False
2025-06-02,4200720,학산1리,128.8893588713931,37.7158468763211,5,2,True
2025-06-02,4200697,학산1리,128.89410318195965,37.709756692977734,,,False
2025-06-02,4201424,학산1리,128.88951590870155,37.71580085246317,,,False
2025-06-02,4200703,학산2리,128.89237120059903,37.69808781147039,,,False
2025-06-02,4200709,학산2리마을회관,128.8886619883527,37.70619292326437,1,0,True
2025-06-02,4200710,학산2리마을회관,128.88859103012294,37.70624396434639,1,0,True
2025-06-02,4200657,학산3리마을회관,128.90349173805726,37.7044381914233,2,0,True
2025-06-02,4200658,학산3리마을회관,128.9032366866668,37.70451960385839,,,False
2025-06-02,4200664,학산기갑부대앞,128.9059307650165,37.71218874629587,,,False
2025-06-02,4200663,학산기갑부대앞,128.90587703156245,37.71210753958188,2,1,True
2025-06-02,4200695,학산둔지,128.89465764592643,37.71376560853827,,,False
2025-06-02,4200691,학산부대앞,128.9016572721052,37.71202064934549,,,False
2025-06-02,4200662,학산부대앞,128.90202642695186,37.711725950607516,,,False
2025-06-02,4200661,학산부대앞,128.9019476905442,37.7115824967992,,,False
2025-06-02,4200685,학산부대후문,128.90185937428248,37.71950094147702,,,False
2025-06-02,4200705,학산설래,128.89315390645208,37.69579111479832,,,False
2025-06-02,4200706,학산설래,128.8930578775653,37.69580131479523,9,2,True
2025-06-02,4200744,학우리,128.93367670500427,37.76075578732405,3,1,True
2025-06-02,4200157,한과마을,128.83514950759155,37.81456555427515,4,0,True
2025-06-02,4200158,한과마을,128.8351667630484,37.81469760511987,0,1,True
2025-06-02,4200251,한국은행,128.89406630781096,37.753485602290496,1157,399,True
2025-06-02,4200095,한국자산관리공사,128.90111921880606,37.75827929877246,125,57,True
2025-06-02,4200780,한국폴리텍대학,128.8886097800722,37.73837235643407,5,3,True
2025-06-02,4200567,한내들아파트,128.8681446784216,37.75790349269205,71,2,True
2025-06-02,4200568,한내들아파트,128.86810919243274,37.75812879141779,,,False
2025-06-02,4202132,한라시멘트,129.05801411879924,37.61804339970914,,,False
2025-06-02,4202122,한라시멘트,129.0576841685535,37.617825813670024,,,False
2025-06-02,4201096,한라아파트,129.0309268732134,37.598168202920746,1,0,True
2025-06-02,4200737,한라아파트,129.03082754941428,37.598166681025575,,,False
2025-06-02,4200231,한밭입구,128.86496052027113,37.791610745411326,2,13,True
2025-06-02,4200230,한밭입구,128.86424835021418,37.79176559208253,15,4,True
2025-06-02,4200641,한빛마을입구,128.9070507747374,37.69408474392719,8,1,True
2025-06-02,4200642,한빛마을입구,128.90709305020837,37.69401534995285,,,False
2025-06-02,4200290,한솔초교,128.91448068318238,37.77500059793141,8,21,True
2025-06-02,4200289,한솔초교,128.9142086436632,37.775058134113436,113,7,True
2025-06-02,4200091,한옥마을,128.877399547533,37.77711052551884,1,11,True
2025-06-02,4200090,한옥마을,128.8775249835254,37.777067812459386,8,0,True
2025-06-02,4201141,한전사택,128.98448942076186,37.73113028141804,8,0,True
2025-06-02,4201142,한전사택,128.9844997909205,37.731015358793705,1,1,True
2025-06-02,4200872,할머니추어탕,128.85042441394495,37.73470101792724,,,False
2025-06-02,4201399,항생골입구,128.84855527295463,37.74848089866381,,,False
2025-06-02,4201400,항생골입구,128.84848669485692,37.7484721037036,,,False
2025-06-02,4200056,해당화연립,128.9356053065312,37.7785328972295,3,18,True
2025-06-02,4200055,해당화연립,128.93501598562065,37.778964657496246,69,17,True
2025-06-02,4200144,해살이,128.81433946380196,37.79231712471411,,,False
2025-06-02,4200143,해살이,128.81431621857197,37.79226836473926,4,0,True
2025-06-02,4200554,해송삼거리,128.92513343525474,37.78843042396744,11,0,True
2025-06-02,4200553,해송삼거리,128.9252087534945,37.78824187943356,2,0,True
2025-06-02,4201349,해수리튬연구센터,129.04470822782702,37.636135770169766,2,0,True
2025-06-02,4201346,해수리튬연구센터,129.0451313882053,37.63512172396965,,,False
2025-06-02,4200539,해오름쉼터,128.8415292308554,37.871715916564284,2,0,True
2025-06-02,4200517,해오름쉼터,128.8414184387453,37.87167485028107,0,2,True
2025-06-02,4200283,해운정,128.8896806331549,37.78564440698094,0,6,True
2025-06-02,4200074,해운정,128.8896478172347,37.78577024652339,4,0,True
2025-06-02,4200659,해찬들,128.90171063124305,37.70707432471398,2,0,True
2025-06-02,4200660,해찬들,128.9016482334898,37.707080017547234,,,False
2025-06-02,4200746,핸들,128.93045204662351,37.75995348297138,4,0,True
2025-06-02,4200747,핸들,128.9303807394757,37.75966393792041,0,2,True
2025-06-02,4200341,행정,128.7939888659289,37.852922738954625,,,False
2025-06-02,4200340,행정,128.79244492389662,37.85304272496013,7,0,True
2025-06-02,4200333,행정2리,128.7667909122159,37.85086547031576,1,0,True
2025-06-02,4200334,행정2리,128.76721113927047,37.850915515839276,,,False
2025-06-02,4201384,행정2리마을회관,128.7837597224069,37.85121868121593,1,0,True
2025-06-02,4200338,행정2리마을회관,128.783920231759,37.85143615617747,,,False
2025-06-02,4200177,행정2리신촌마을,128.7785874984292,37.85062890818297,,,False
2025-06-02,4200176,행정2리신촌마을,128.77862819412928,37.85045242944766,,,False
2025-06-02,4200232,행정마을,128.8694510816438,37.7889272082235,53,7,True
2025-06-02,4200233,행정마을,128.8703519994515,37.78859256038236,6,19,True
2025-06-02,4202176,향호리,128.8104013560146,37.915168235805275,,,False
2025-06-02,4200473,향호리,128.81023394642006,37.915207861254615,74,38,True
2025-06-02,4202177,향호리,128.81064186477658,37.91536952760439,,,False
2025-06-02,4200180,향호리,128.81000074924998,37.91526938265188,,,False
2025-06-02,4200470,향호삼거리,128.8055443775983,37.91039955131909,,,False
2025-06-02,4200467,향호저수지,128.78868941134147,37.904053051022615,1,0,True
2025-06-02,4200466,향호회관,128.8035439820285,37.89964778843476,3,0,True
2025-06-02,4200371,허균.허난설헌기념공원,128.9099040371541,37.79022786972901,0,6,True
2025-06-02,4201259,허균.허난설헌기념공원,128.90952498226952,37.789422425132265,4,7,True
2025-06-02,4200370,허균.허난설헌기념공원,128.90979333997709,37.79017067397969,,,False
2025-06-02,4201258,허균.허난설헌기념공원,128.9098403915302,37.789953897145395,15,5,True
2025-06-02,4200041,허균생가입구,128.91292892790995,37.78786454215139,9,0,True
2025-06-02,4200647,허난설헌삼거리,128.91326614067623,37.792240418323686,23,19,True
2025-06-02,4200098,허난설헌삼거리,128.9131333359753,37.79177727582709,24,45,True
2025-06-02,4202012,현내1리연탄직매장,129.03280124237224,37.6062049238953,,,False
2025-06-02,4202002,현내1리연탄직매장,129.03293193002432,37.60609468782852,,,False
2025-06-02,4201309,현내교,129.02932870216884,37.60121947406311,,,False
2025-06-02,4201308,현내교,129.02929130812174,37.60128987598838,,,False
2025-06-02,4200034,현내리,129.03644185085787,37.61785851158642,1,1,True
2025-06-02,4200046,현내리,129.03655884799974,37.617883796095704,,,False
2025-06-02,4200130,현대2차아파트,128.87999435131803,37.764311243841746,195,16,True
2025-06-02,4200591,현대모비스,128.98854560129584,37.70748766417137,,,False
2025-06-02,4200590,현대모비스,128.98862075193523,37.70745325617163,,,False
2025-06-02,4201207,현대자동차서비스,128.9189460603978,37.76507644083287,0,5,True
2025-06-02,4200326,현덕사입구,128.71038523685135,37.84696339414248,1,0,True
2025-06-02,4200172,현덕사입구,128.7097155940442,37.84705089816417,,,False
2025-06-02,4200045,형제막국수,128.86624288991882,37.755124519467394,2,1,True
2025-06-02,4209992,형제막국수,128.8658104402118,37.755293592514285,0,2,True
2025-06-02,4200265,혜성연립,128.91575952067353,37.76841531999017,17,62,True
2025-06-02,4200266,혜성연립,128.9154402649905,37.76852760326643,227,11,True
2025-06-02,4201064,호장골,128.96090744086658,37.738133233851606,,,False
2025-06-02,4201068,호장골,128.96083159328956,37.73815121425806,,,False
2025-06-02,4201405,홈방골,128.83894035853254,37.753110338802365,1,0,True
2025-06-02,4201029,홍제I.C,128.87894077910576,37.74749468304007,7,3,True
2025-06-02,4201028,홍제I.C,128.8794230311205,37.7473811776377,13,6,True
2025-06-02,4201030,홍제동주민센터,128.88454291738702,37.74807153236862,19,50,True
2025-06-02,4200067,홍제동주민센터,128.8842229051066,37.747848454396006,131,22,True
2025-06-02,4200683,화신주방,128.90243322099724,37.721781731022375,,,False
2025-06-02,4200615,화실길,128.85175310347609,37.575351952404525,,,False
2025-06-02,4200614,화실길,128.85164256606296,37.57535230419804,,,False
2025-06-02,4201324,황기골,128.95704823893803,37.573480554142556,,,False
2025-06-02,4201325,황기골,128.9570289624241,37.57336816682693,1,0,True
2025-06-02,4200845,회산교,128.86893532851613,37.74168123777201,1,11,True
2025-06-02,4200844,회산교,128.86938257728545,37.741799533605175,12,0,True
2025-06-02,4200398,회산종점,128.8605464983993,37.731597103272264,15,4,True
2025-06-02,4200847,회산주공1단지,128.87955033053632,37.744879735537495,0,7,True
2025-06-02,4200846,회산주공1단지,128.87934233274848,37.74463886683866,43,3,True
2025-06-02,4200758,회산주공2단지,128.8755135006868,37.7435978056025,3,26,True
2025-06-02,4200062,회산주공2단지,128.87633822960112,37.74368399842067,79,3,True
2025-06-02,4201115,효도마을,129.04503133124638,37.67430713535879,,,False
2025-06-02,4201114,효도마을,129.04512985205253,37.674325626528194,,,False
2025-06-02,4201293,흑시골,129.02374105990518,37.577665442657434,,,False
2025-06-02,4201292,흑시골,129.023679012477,37.57773843891508,,,False
2025-06-03,4201421,(구)월호평동사무소,128.93612294474602,37.73542207247549,,,False
2025-06-03,4200106,KT,128.91181164590185,37.77275858732733,360,17,True
2025-06-03,4200107,KT,128.9125052185983,37.77309475265464,41,82,True
2025-06-03,4200797,KTX공영주차장환승장,128.8967850727094,37.762190942376556,6,3,True
2025-06-03,4200547,e-편한세상아파트,128.895218937497,37.769600465674785,3,7,True
2025-06-03,4200546,e-편한세상아파트,128.89508217030252,37.76981271024109,31,4,True
2025-06-03,4200368,가둔지유적,128.882327030694,37.82527019767428,,,False
2025-06-03,4200369,가둔지유적,128.882153019297,37.82520493756786,,,False
2025-06-03,4200969,가마골,128.79478117549075,37.72231567644804,1,0,True
2025-06-03,4200533,가마골,128.79546755385968,37.722099902068294,1,0,True
2025-06-03,4201327,가사골,128.95364127595002,37.572947377645065,,,False
2025-06-03,4201326,가사골,128.95366508671376,37.57302501168563,,,False
2025-06-03,4201376,가작다리입구,128.8944549231389,37.76589747732919,4,5,True
2025-06-03,4201375,가작다리입구,128.8943546413669,37.766101443660936,3,4,True
2025-06-03,4200726,가축위생시험사업소,128.90125274168807,37.729547291652196,0,1,True
2025-06-03,4200725,가축위생시험사업소,128.90146946473587,37.729510021653965,3,0,True
2025-06-03,4200050,가톨릭관동대북문,128.8721246228799,37.73769671240302,51,0,True
2025-06-03,4200063,가톨릭관동대학교,128.87804152995903,37.738296118202754,391,109,True
2025-06-03,4200164,갈골한과,128.84368704633178,37.82462303691711,,,False
2025-06-03,4200163,갈골한과,128.84366180450007,37.82449975412136,1,0,True
2025-06-03,4200577,갈버든,128.96722169547306,37.666241797535086,,,False
2025-06-03,4200576,갈버든,128.9673126799485,37.66623695179046,1,0,True
2025-06-03,4200982,감나무민박,128.7987894816223,37.73785238030648,,,False
2025-06-03,4200981,감나무민박,128.79885844666603,37.737822198803215,,,False
2025-06-03,4200914,감자채종포마을,128.83346021183766,37.53338333057324,,,False
2025-06-03,4200915,감자채종포마을,128.8336264013535,37.53350667836036,3,0,True
2025-06-03,4200789,강남동주민센터,128.9049218912141,37.74425517651889,,,False
2025-06-03,4201177,강동면사무소,128.9546118972993,37.72728097155823,4,2,True
2025-06-03,4200005,강동무료주차장,129.03151265934136,37.688945395109045,,,False
2025-06-03,4200019,강동무료주차장,129.03136520192535,37.68890256497467,5,2,True
2025-06-03,4200016,강동종합복지회관,128.9534097899608,37.72765187744945,33,21,True
2025-06-03,4200026,강동종합복지회관,128.95225785335822,37.72821012800672,4,3,True
2025-06-03,4201178,강동하나로마트,128.95391314710383,37.72680705851969,,,False
2025-06-03,4200525,강동하나로마트,128.95401701690832,37.726761856774424,,,False
2025-06-03,4200542,강릉MBC,128.90392601394964,37.77039013888439,2,0,True
2025-06-03,4200058,강릉경찰서,128.906855517511,37.76775326359568,3,9,True
2025-06-03,4200057,강릉경찰서,128.90688706685629,37.768055768979885,48,6,True
2025-06-03,4200287,강릉고등학교,128.91470458416677,37.788540253578724,62,0,True
2025-06-03,4200101,강릉고입구,128.92013482012848,37.783607089094346,71,7,True
2025-06-03,4200102,강릉고입구,128.92044843215433,37.78352944320342,10,32,True
2025-06-03,4200048,강릉고정문,128.91587216477294,37.7875280017598,7,3,True
2025-06-03,4200047,강릉고정문,128.91550078840652,37.78828834947499,1,87,True
2025-06-03,4200112,강릉관광개발공사,128.9085231695166,37.76800046518587,23,7,True
2025-06-03,4200113,강릉관광개발공사,128.90865897771857,37.76820323697218,6,18,True
2025-06-03,4201024,강릉교도소,128.86643612221636,37.745817949506176,3,0,True
2025-06-03,4201023,강릉교도소,128.8655195073396,37.7459157793766,1,6,True
2025-06-03,4200430,강릉국민체육센터,128.89711747432256,37.77640154864734,4,6,True
2025-06-03,4200431,강릉국민체육센터,128.8964868887264,37.776906315186,11,2,True
2025-06-03,4200881,강릉기도원입구,128.8490436050476,37.69867520520206,,,False
2025-06-03,4200880,강릉기도원입구,128.84913047105903,37.69875658463013,,,False
2025-06-03,4201257,강릉녹색도시체험센터,128.90662264590688,37.78655657001431,12,6,True
2025-06-03,4201256,강릉녹색도시체험센터,128.90742209068117,37.786856581754364,12,8,True
2025-06-03,4201038,강릉농협중앙지점,128.90002047054392,37.7602043259228,13,8,True
2025-06-03,4201039,강릉농협중앙지점,128.8996914930678,37.76005119983009,11,10,True
2025-06-03,4200852,강릉대도호부관아,128.8916610029413,37.75117323796815,20,40,True
2025-06-03,4200853,강릉대도호부관아,128.89234522879923,37.75163825691615,24,54,True
2025-06-03,4200146,강릉면허시험장,128.81937813512624,37.79573671702786,,,False
2025-06-03,4200145,강릉면허시험장,128.81940419285692,37.79563172548221,,,False
2025-06-03,4200122,강릉문화원,128.8740921031382,37.75789663608161,3,37,True
2025-06-03,4201136,강릉바다내음캠핑장,129.00390469104653,37.71858688540818,,,False
2025-06-03,4201135,강릉바다내음캠핑장,129.0043696849979,37.7181216327924,0,2,True
2025-06-03,4200400,강릉복합복지체육센터,128.87000704257403,37.762859214055275,24,2,True
2025-06-03,4200401,강릉복합복지체육센터,128.87017698555522,37.76290354322161,12,22,True
2025-06-03,4200291,강릉소방서,128.87109869210374,37.758191496775595,7,6,True
2025-06-03,4200548,강릉소방서,128.87119323619314,37.7580009949989,129,10,True
2025-06-03,4200009,강릉솔향수목원,128.86668479243338,37.701851797491,,,False
2025-06-03,4201144,강릉승마장,128.9814636223547,37.728585253094074,,,False
2025-06-03,4201143,강릉승마장,128.98140559088012,37.728642395571235,4,0,True
2025-06-03,4200120,강릉시외.고속터미널,128.8792265208128,37.75505492071011,127,230,True
2025-06-03,4200121,강릉시외.고속터미널,128.87911620808939,37.75486594086855,514,102,True
2025-06-03,4201027,강릉시청,128.8780384572547,37.75085435055292,,,False
2025-06-03,4200750,강릉시청앞,128.88013307678156,37.753651204654936,0,1,True
2025-06-03,4201237,강릉아산병원(강릉방면),128.8575951802683,37.81786664293397,17,0,True
2025-06-03,4200446,강릉아산병원(주문진방면),128.8575142394361,37.817740516347506,2,3,True
2025-06-03,4200317,강릉아산병원.강릉약국,128.856152685967,37.816231407654854,190,21,True
2025-06-03,4200418,강릉아산병원.강릉약국,128.8564121349402,37.81631278949057,55,68,True
2025-06-03,4200612,강릉아이스아레나,128.89502259832767,37.78025795268572,10,1,True
2025-06-03,4200006,강릉아이스아레나,128.89519306784848,37.78029319605429,2,1,True
2025-06-03,4200094,강릉여고,128.90248424479844,37.75904463050879,158,94,True
2025-06-03,4201203,강릉여고정문,128.90560348975578,37.75872376948264,0,2,True
2025-06-03,4201202,강릉여고정문,128.90529773129947,37.759257611132256,1,2,True
2025-06-03,4200721,강릉역,128.8992580056024,37.76416330670135,565,219,True
2025-06-03,4200293,강릉역건너편,128.8990669694857,37.76400772021464,199,104,True
2025-06-03,4200624,강릉역공영주차장,128.89773544865136,37.76439168846434,1,0,True
2025-06-03,4200625,강릉역공영주차장,128.89784270199107,37.76437149155158,1,3,True
2025-06-03,4200319,강릉역육거리,128.90168116661832,37.76358515067785,2,1,True
2025-06-03,4200320,강릉역육거리,128.9015605860337,37.763796951176055,32,17,True
2025-06-03,4201022,강릉영동대학,128.8591288923703,37.74495955027462,1,18,True
2025-06-03,4201021,강릉영동대학,128.85922425091306,37.74487059276654,87,1,True
2025-06-03,4200850,강릉의료원,128.88880799404643,37.748819708567,14,14,True
2025-06-03,4200851,강릉의료원,128.89091430945297,37.74975576653371,15,33,True
2025-06-03,4200650,강릉자동차극장,128.89662514456037,37.69318993028765,,,False
2025-06-03,4200649,강릉자동차극장,128.89682798746503,37.69309290590324,3,0,True
2025-06-03,4200033,강릉전파관리소,128.83186726371997,37.85836861510729,,,False
2025-06-03,4200035,강릉전파관리소,128.83226068928573,37.85830420673383,,,False
2025-06-03,4200247,강릉제일고,128.8918779735197,37.759537356247826,31,41,True
2025-06-03,4200248,강릉제일고,128.89200478710157,37.759050283679514,29,17,True
2025-06-03,4200761,강릉중앙고,128.912160218414,37.75937561358479,1,0,True
2025-06-03,4200760,강릉중앙고,128.9128964493442,37.75959593531339,14,0,True
2025-06-03,4201197,강릉중입구,128.9042740269736,37.752586182446684,40,4,True
2025-06-03,4201196,강릉중입구,128.90469921141985,37.752586496675974,2,16,True
2025-06-03,4200321,강릉축산농협,128.9049229187372,37.76619229629584,3,9,True
2025-06-03,4201138,강릉통일공원,128.99659850067323,37.72434136600358,2,3,True
2025-06-03,4201137,강릉통일공원,128.99670944982654,37.7243539137021,,,False
2025-06-03,4209998,강문해변,128.91631032849583,37.79540813828357,4,8,True
2025-06-03,4200613,강문해변,128.91641678869786,37.79529298920251,26,46,True
2025-06-03,4201261,강문해변입구,128.9152492720649,37.794762154181576,19,69,True
2025-06-03,4201260,강문해변입구,128.91519487645675,37.79459950672752,104,11,True
2025-06-03,4200356,강원대학교,128.87391738137654,37.77033026766949,99,18,True
2025-06-03,4201041,강원대학교입구,128.87514521071003,37.77009542292022,12,11,True
2025-06-03,4201042,강원대학교입구,128.87494102107277,37.7696221436885,9,1,True
2025-06-03,4200085,강원대학교입구,128.874129341808,37.77078800232456,,,False
2025-06-03,4209996,강원대학교치과대학병원,128.86960214597158,37.764020747480245,,,False
2025-06-03,4209995,강원대학교치과대학병원,128.86959763767547,37.76381436688745,,,False
2025-06-03,4200086,강원대학교후문,128.8748802531449,37.77322772576275,0,14,True
2025-06-03,4200087,강원대학교후문,128.87498639848286,37.77315204059329,49,0,True
2025-06-03,4200059,강원도교육연수원,128.9180532877992,37.78499697853126,1,0,True
2025-06-03,4200100,강원도교육연수원,128.91813970318609,37.785074864473685,0,26,True
2025-06-03,4200205,강원도립대,128.82840415011668,37.87652579934979,138,17,True
2025-06-03,4200206,강원도립대,128.8283096996467,37.87693859362977,43,55,True
2025-06-03,4200836,강원예술고교,128.8616868324728,37.72543906074348,,,False
2025-06-03,4200837,강원예술고교,128.86150617422848,37.725488347649346,,,False
2025-06-03,4200081,강일여고정문,128.88831689919587,37.76415997041872,1,2,True
2025-06-03,4200082,강일여고정문,128.8875516595327,37.76393626119314,,,False
2025-06-03,4200840,강일운수(회산한신더휴아파트),128.8635961632995,37.73687831617277,35,0,True
2025-06-03,4200841,강일운수(회산한신더휴아파트),128.86326996430768,37.736857601908014,0,3,True
2025-06-03,4200834,개화대,128.8608572684192,37.723176690790936,2,0,True
2025-06-03,4200835,개화대,128.8607659459164,37.72312828112019,,,False
2025-06-03,4200899,검뎅이골위,128.78664108542844,37.649625029205744,,,False
2025-06-03,4200898,검뎅이골위,128.78655586032616,37.64966319680761,,,False
2025-06-03,4200522,게스트하우스거리,128.8339253329715,37.896167167389095,,,False
2025-06-03,4200531,게스트하우스거리,128.83380690814315,37.89613511363595,,,False
2025-06-03,4200103,경포고교,128.9190546436117,37.78057981084284,5,10,True
2025-06-03,4200288,경포고교,128.91881546540267,37.78075927662396,67,5,True
2025-06-03,4200073,경포대.참소리박물관,128.89723222843386,37.79547838966498,0,14,True
2025-06-03,4200072,경포대.참소리박물관,128.89706080745114,37.7955214111198,21,1,True
2025-06-03,4200077,경포동주민센터,128.88052383810168,37.78412865726848,1,0,True
2025-06-03,4200078,경포동주민센터,128.8806150484207,37.78405330055861,2,5,True
2025-06-03,4200061,경포중학교,128.90033514931517,37.74283267675838,,,False
2025-06-03,4200618,경포중학교,128.90069076576023,37.743138298255545,,,False
2025-06-03,4200080,경포초등학교,128.87893593974582,37.76974854746925,121,12,True
2025-06-03,4201242,경포해변,128.9052529004403,37.80440358093674,322,202,True
2025-06-03,4200323,경포해변,128.90582022350918,37.80466237027648,22,18,True
2025-06-03,4201420,경포해변(종점),128.9052815401602,37.80443707912235,,,False
2025-06-03,4200071,경포현대아파트,128.90335968993816,37.80120612421906,5,9,True
2025-06-03,4200070,경포현대아파트,128.90338270723402,37.80169652808461,29,1,True
2025-06-03,4201267,경포호,128.91154424859525,37.79966287216199,3,33,True
2025-06-03,4201266,경포호,128.91144337577538,37.79931158521169,30,9,True
2025-06-03,4200918,고단,128.84976344595395,37.5207024756447,,,False
2025-06-03,4201394,고단,128.84964328725079,37.520715172151846,,,False
2025-06-03,4201392,고단2.3리교차로,128.8353830314886,37.52461528706331,,,False
2025-06-03,4200917,고단2.3리교차로,128.8355935759617,37.52458832137048,,,False
2025-06-03,4200916,고단2.3리교차로,128.83542781016814,37.524465083382744,3,1,True
2025-06-03,4202165,고단3리,128.81638819970956,37.540155755487774,,,False
2025-06-03,4202166,고단3리,128.81639746865173,37.540229174022585,,,False
2025-06-03,4201396,고단경로당,128.83061361145448,37.52560229950637,,,False
2025-06-03,4201395,고단경로당,128.83055880947413,37.52554334571904,,,False
2025-06-03,4201390,고단보건소,128.84167794386417,37.52176894228016,,,False
2025-06-03,4201389,고단보건소,128.84161540861714,37.52185303156361,,,False
2025-06-03,4200115,고용센터,128.8890663454416,37.75714942132559,47,24,True
2025-06-03,4200114,고용센터,128.88893105798073,37.75744085258255,26,14,True
2025-06-03,4201113,곰두리연수원,129.04780833020064,37.667941690344094,,,False
2025-06-03,4201112,곰두리연수원,129.04789745395954,37.66792061520934,,,False
2025-06-03,4200153,공군부대앞,128.9401442605218,37.74622686326912,0,1,True
2025-06-03,4201061,공군부대앞,128.94003300356817,37.746317953634374,3,0,True
2025-06-03,4201186,공군부대입구,128.93000750087512,37.7400489172058,,,False
2025-06-03,4201187,공군부대입구,128.93007021980833,37.739837207659924,0,1,True
2025-06-03,4201062,공군부대후문,128.95917736919824,37.74910624884217,6,0,True
2025-06-03,4201209,공단,128.92205416940635,37.765196014305694,11,0,True
2025-06-03,4200191,공단,128.92224127533925,37.765245144772656,0,2,True
2025-06-03,4201025,공제마을,128.87156333276334,37.74608024312632,9,0,True
2025-06-03,4201026,공제마을,128.87155618347816,37.74635646052236,0,3,True
2025-06-03,4200379,과학교차로,128.85431089568786,37.79406859939951,,,False
2025-06-03,4200380,과학교차로,128.85488574683825,37.79412119394899,,,False
2025-06-03,4202174,관동중학교,128.88185544452548,37.756909416385795,,,False
2025-06-03,4202173,관동중학교,128.88157113042865,37.75688715011548,,,False
2025-06-03,4201228,관솔길,128.86971281684745,37.739544628947385,11,2,True
2025-06-03,4201229,관솔길,128.86962790539826,37.73951707468259,3,0,True
2025-06-03,4200860,관음1리,128.82994944568443,37.72835720885695,1,0,True
2025-06-03,4200863,관음1리,128.81811453963772,37.738720613334934,2,1,True
2025-06-03,4200861,관음1리노인회관,128.82663819526005,37.73031764277183,,,False
2025-06-03,4200569,교2동주민센터,128.8921038226677,37.76840335678918,35,29,True
2025-06-03,4202155,교동하늘채스카이파크,128.90139949657416,37.77044271657007,1,1,True
2025-06-03,4201221,교동하늘채스카이파크,128.90200271905258,37.770481553669924,4,4,True
2025-06-03,4200622,교동한신아파트,128.90061649844188,37.76762859683901,6,0,True
2025-06-03,4200623,교동한신아파트,128.90062829229592,37.76751299917391,,,False
2025-06-03,4200253,교보생명,128.89811415297848,37.756002485379526,2443,1420,True
2025-06-03,4201224,교통안전교육장,128.94081916548228,37.76277976059592,0,2,True
2025-06-03,4201225,교통안전교육장,128.94086858039023,37.762907619978066,7,0,True
2025-06-03,4200465,교항2리금용교,128.81051132966252,37.87794196218265,0,1,True
2025-06-03,4200464,교향2리금용교,128.81059960534566,37.877872107197874,,,False
2025-06-03,4200264,구)동해상사,128.91165113985977,37.76683747950902,153,11,True
2025-06-03,4200217,구라미,128.8421871924033,37.84071328241807,3,4,True
2025-06-03,4200216,구라미,128.84187680750063,37.84088026429458,5,3,True
2025-06-03,4200215,구라미휴게소,128.8412803433516,37.845869087009575,,,False
2025-06-03,4200312,구라미휴게소,128.84078612253998,37.84523742281921,4,0,True
2025-06-03,4200128,구름다리,128.87743298775584,37.764682397677966,435,18,True
2025-06-03,4200127,구름다리,128.87654770197503,37.764512872809554,36,102,True
2025-06-03,4200820,구정마을회관,128.87139646095704,37.71008533483099,2,0,True
2025-06-03,4200821,구정마을회관,128.87144937425245,37.71002947764621,8,0,True
2025-06-03,4200814,구정면사무소,128.88002787863965,37.71794143004597,5,0,True
2025-06-03,4200813,구정면사무소,128.87999133744066,37.71800809783438,1,2,True
2025-06-03,4200812,구정보건지소,128.88246310473926,37.72030864287925,1,0,True
2025-06-03,4201422,구정옥봉길,128.8928182495002,37.70145893549343,,,False
2025-06-03,4200811,구정자율방범대,128.88237819871995,37.72033853165244,1,1,True
2025-06-03,4200315,구터미널,128.8988430353628,37.76163002626936,59,18,True
2025-06-03,4200619,국립수산물품질관리원,128.82606517101954,37.891507384213114,46,8,True
2025-06-03,4200711,굴산사입구,128.88905996426578,37.70832144703753,,,False
2025-06-03,4200699,굴산사지,128.89328371501892,37.70698044216881,,,False
2025-06-03,4201251,궁궁동,128.7299683412454,37.880375202506656,1,0,True
2025-06-03,4200417,궁궁소,128.67164304000795,37.843611675479615,,,False
2025-06-03,4200681,금강사입구,128.90287627896166,37.72624677465358,0,1,True
2025-06-03,4200682,금강사입구,128.90297134006664,37.726211833119876,2,0,True
2025-06-03,4200628,금광1리마을회관,128.91600348378523,37.70952097409381,,,False
2025-06-03,4201385,금광1리마을회관,128.91594038830377,37.70955296171714,,,False
2025-06-03,4200667,금광교회입구,128.91743884657853,37.711688785639396,1,0,True
2025-06-03,4200668,금광교회입구,128.91734376603898,37.7117034048731,,,False
2025-06-03,4200635,금광리1반,128.9143131847074,37.70220671426674,2,0,True
2025-06-03,4200636,금광리1반,128.91440542620646,37.702215446502585,,,False
2025-06-03,4200672,금광리성황당,128.91735327783445,37.717909805835454,,,False
2025-06-03,4200671,금광리성황당,128.9174498206258,37.717903115802514,2,0,True
2025-06-03,4200665,금광삼거리,128.91515459286336,37.70904726058568,6,0,True
2025-06-03,4200666,금광삼거리,128.91521668110562,37.70911511431863,,,False
2025-06-03,4200632,금광정미소,128.9154068776427,37.70823176641904,,,False
2025-06-03,4200631,금광정미소,128.91530343519958,37.70823344476309,,,False
2025-06-03,4201018,금산,128.85573010993187,37.74018242418162,1,0,True
2025-06-03,4201017,금산,128.8558273611666,37.7401726731367,,,False
2025-06-03,4200858,금산1리경로당,128.83882591103156,37.7302092460205,,,False
2025-06-03,4201014,금산2리,128.8489374376084,37.736639355017815,6,1,True
2025-06-03,4201013,금산2리,128.84906667066036,37.736625360708075,19,0,True
2025-06-03,4201012,금산남밭,128.8447607772083,37.73146258389618,1,1,True
2025-06-03,4200862,금산남밭,128.84482898011785,37.73142005932311,2,1,True
2025-06-03,4201020,금산입구,128.8576797637003,37.74318792289404,,,False
2025-06-03,4201019,금산입구,128.85784327525297,37.7432987440744,1,0,True
2025-06-03,4201016,금산장수마을,128.85163955991283,37.738245657769,1,2,True
2025-06-03,4201015,금산장수마을,128.85168575797542,37.73818340581975,1,3,True
2025-06-03,4201344,금진2리마을회관,129.0433695932886,37.64179516691084,,,False
2025-06-03,4201345,금진2리마을회관,129.04327917048357,37.641779891088895,4,0,True
2025-06-03,4201342,금진초교,129.04347549729948,37.63336468757593,,,False
2025-06-03,4201343,금진초교,129.04343902328037,37.63345845978064,,,False
2025-06-03,4201108,금진항,129.05240741359285,37.652884325935844,1,0,True
2025-06-03,4201109,금진항,129.05231089842698,37.65294332211634,,,False
2025-06-03,4201347,금진해변,129.04374932629693,37.63904067736818,,,False
2025-06-03,4201348,금진해변,129.04365646301486,37.63903832962265,2,0,True
2025-06-03,4201107,금진해양파출소,129.04894882127985,37.652089382747484,4,0,True
2025-06-03,4200017,금진해양파출소,129.04913775965355,37.65213019488429,13,7,True
2025-06-03,4201053,금호어울림,128.9156520837289,37.754995794611034,31,1,True
2025-06-03,4201054,금호어울림,128.91590296498018,37.75518531900659,1,9,True
2025-06-03,4200025,금호어울림정문,128.9194883208178,37.754726898441014,,,False
2025-06-03,4200751,금호어울림정문,128.91957971290998,37.754473371718376,,,False
2025-06-03,4200988,기도원삼거리,128.7947703606971,37.75829009149865,2,0,True
2025-06-03,4200989,기도원삼거리,128.79494112774387,37.75822759306287,,,False
2025-06-03,4200801,기산아파트,128.8795888615329,37.73406712685544,,,False
2025-06-03,4200802,기산아파트,128.87993356966643,37.73422591779592,3,0,True
2025-06-03,4201371,기스목이골,128.9690415480403,37.6284779460996,1,0,True
2025-06-03,4200024,까치골,129.02541919838254,37.69553819595472,,,False
2025-06-03,4201185,까치골,129.02590617324884,37.695440046965246,,,False
2025-06-03,4201351,낙풍1리경로당,129.0340430096228,37.620207611399294,,,False
2025-06-03,4201350,낙풍1리경로당,129.034020875236,37.62025949844816,,,False
2025-06-03,4201339,낙풍교,129.03403331310147,37.625467245037875,,,False
2025-06-03,4201340,낙풍교,129.03370052447866,37.6252600803972,,,False
2025-06-03,4201095,낙풍리입구,129.03490564391961,37.623384805058976,8,0,True
2025-06-03,4201094,낙풍리입구,129.03474260887603,37.62332181243499,,,False
2025-06-03,4200654,남강릉IC입구,128.9004512852528,37.70007553036854,,,False
2025-06-03,4200653,남강릉IC입구,128.90059387366637,37.69980820493369,,,False
2025-06-03,4200049,남강초교,128.91338089940805,37.76735161096919,24,58,True
2025-06-03,4201198,남대천.강릉교,128.9010015999516,37.75454267936518,58,239,True
2025-06-03,4201199,남대천.강릉교,128.9010687000649,37.75417893755025,457,62,True
2025-06-03,4200021,남밭,128.84058789182106,37.72883964188799,,,False
2025-06-03,4201379,남밭,128.84064951853864,37.72871037302059,3,0,True
2025-06-03,4200873,남밭,128.8415299784495,37.72906449025603,,,False
2025-06-03,4201011,남밭,128.84079334848028,37.72889804215958,0,3,True
2025-06-03,4202167,남부노인종합복지관,128.91383118471262,37.752564379737024,,,False
2025-06-03,4202168,남부노인종합복지관,128.91401073487134,37.753047049518,,,False
2025-06-03,4200781,남산삼익아파트,128.8901808969545,37.74229155338584,4,0,True
2025-06-03,4200782,남산삼익아파트,128.89009058765018,37.74235973416757,0,1,True
2025-06-03,4200798,남산입구,128.8920065213286,37.747695999509396,,,False
2025-06-03,4200783,남산초교,128.8913405517673,37.744206285908824,6,0,True
2025-06-03,4200784,남산초교,128.89124028586525,37.74425071826271,0,1,True
2025-06-03,4200785,남산현대아파트,128.89462531897348,37.74186237968639,3,0,True
2025-06-03,4200786,남산현대아파트,128.89442793639103,37.74202687203957,0,2,True
2025-06-03,4201289,남양1리경로당,129.03162816015924,37.582429974327795,,,False
2025-06-03,4201288,남양1리경로당,129.03154436503664,37.58248287177823,,,False
2025-06-03,4201296,남양2리경로당,129.012950139964,37.56658372788056,2,0,True
2025-06-03,4201295,남양2리교,129.01486079643942,37.57192160373686,3,0,True
2025-06-03,4201294,남양2리교,129.01479874463647,37.571994595503725,,,False
2025-06-03,4200738,남양3리마을회관,129.03540040998968,37.59157285051617,,,False
2025-06-03,4201283,남양3리입구,129.03313884463265,37.593033115433954,,,False
2025-06-03,4201287,남양리옛경로당,129.03508624074675,37.582691373708194,2,0,True
2025-06-03,4200596,남양보건진료소,129.030003520806,37.581216311095346,,,False
2025-06-03,4200597,남양보건진료소,129.02994555182676,37.58125941742724,,,False
2025-06-03,4200741,남항진,128.95055410190812,37.76391565217945,1,5,True
2025-06-03,4200740,남항진,128.95041066307658,37.76404538789595,8,0,True
2025-06-03,4200739,남항진해변,128.95440005417075,37.764111085296946,39,6,True
2025-06-03,4200655,내곡과수원,128.901945977448,37.70187078093137,2,0,True
2025-06-03,4200656,내곡과수원,128.9017164423086,37.70199871134109,,,False
2025-06-03,4200066,내곡교,128.88659128664105,37.74625364038564,4,4,True
2025-06-03,4200001,내곡교,128.88717490623026,37.74653766880734,9,18,True
2025-06-03,4200357,내곡교,128.88814500034871,37.745625057468914,38,3,True
2025-06-03,4200800,내곡동주민센터,128.88065784045662,37.7384607745783,,,False
2025-06-03,4200799,내곡동주민센터,128.88038166245803,37.73840220332427,,,False
2025-06-03,4200366,내곡한라아파트,128.88110089995297,37.74513149140333,1,5,True
2025-06-03,4201208,내곡한라아파트,128.88109989979574,37.744994216797494,20,0,True
2025-06-03,4200848,내곡현대아파트,128.8834148503297,37.74546973753321,25,0,True
2025-06-03,4200849,내곡현대아파트,128.88327994384045,37.74557191636756,0,5,True
2025-06-03,4201286,너구리골,129.0453774808948,37.58278119535933,,,False
2025-06-03,4201381,너다리,128.85390220166778,37.83022805772032,,,False
2025-06-03,4200154,너다리,128.85384039907868,37.83030516388511,,,False
2025-06-03,4200147,노동3리,128.82566919932256,37.79922359821094,,,False
2025-06-03,4200148,노동3리,128.8256207085255,37.79927586550659,0,1,True
2025-06-03,4200149,노동리,128.82874179258144,37.80069747027654,2,0,True
2025-06-03,4200150,노동리,128.82882389300474,37.80095549884616,0,1,True
2025-06-03,4201416,노동상리경로당,128.8298366569875,37.803466498207534,,,False
2025-06-03,4201415,노동상리경로당,128.82974913139455,37.80349598363215,0,2,True
2025-06-03,4200161,노동하리.우리정미소,128.8414822247496,37.82225221697478,,,False
2025-06-03,4200162,노동하리.우리정미소,128.84138542146533,37.82227295047229,1,0,True
2025-06-03,4200159,노동회관,128.83796621765993,37.818138280477356,5,0,True
2025-06-03,4200160,노동회관,128.8379192525419,37.818202495776156,,,False
2025-06-03,4200773,노암대림아파트,128.89670020630172,37.7443968332287,10,0,True
2025-06-03,4200772,노암대림아파트,128.8964957795506,37.74447513098166,0,1,True
2025-06-03,4200790,노암한라아파트,128.9030338994368,37.744009473539954,7,0,True
2025-06-03,4201195,노암현대아파트,128.9064519321124,37.750397397899654,1,3,True
2025-06-03,4200756,녹원아파트,128.9163613451306,37.7599236396456,0,9,True
2025-06-03,4200156,농업기술센터,128.83374479432362,37.810623749433574,,,False
2025-06-03,4200155,농업기술센터,128.8338261188764,37.81060324304077,,,False
2025-06-03,4201105,농협주유소,129.03818611643504,37.61343914150935,1,0,True
2025-06-03,4200803,농협창고,128.87887127233301,37.73227146178355,,,False
2025-06-03,4200804,농협창고,128.87906447230628,37.732212820532425,0,1,True
2025-06-03,4201352,다리목,129.03192147742433,37.6205042855377,,,False
2025-06-03,4201353,다리목,129.03198761433356,37.62043300135372,,,False
2025-06-03,4200768,단오문화관,128.8967729024353,37.7481043414214,0,4,True
2025-06-03,4200901,닭목골,128.78595382346253,37.64781596633364,,,False
2025-06-03,4200900,닭목골,128.78583483882048,37.64776835827971,0,1,True
2025-06-03,4200687,담산1리,128.90238189653846,37.71752043471821,,,False
2025-06-03,4200689,담산2리,128.90107050248153,37.7152173518283,,,False
2025-06-03,4200693,대경상사앞,128.89804496237466,37.71104193868198,,,False
2025-06-03,4200968,대관령박물관,128.80478202234156,37.716950876906495,1,0,True
2025-06-03,4200967,대관령박물관,128.80456089771366,37.71714451138875,,,False
2025-06-03,4201414,대굴령목공소,128.7963265827597,37.72854223767263,,,False
2025-06-03,4200991,대궁산장,128.7956519785838,37.75672773187815,,,False
2025-06-03,4200990,대궁산장,128.7955529097602,37.75668446239291,2,0,True
2025-06-03,4200913,대기1리경로당,128.79579724292137,37.56561101591886,1,0,True
2025-06-03,4200912,대기1리경로당,128.79557170937235,37.565622156510386,,,False
2025-06-03,4200764,대목아파트,128.91036775859212,37.7552461618319,4,7,True
2025-06-03,4200707,대성사입구,128.88866018338805,37.699701320397004,,,False
2025-06-03,4200708,대성사입구,128.88799509811798,37.70047298433208,,,False
2025-06-03,4201279,더글로리촬영지,128.82911039533775,37.904460082879105,23,0,True
2025-06-03,4201280,더글로리촬영지,128.82924239568416,37.90441068117994,0,4,True
2025-06-03,4201056,더샵아파트,128.91218064135074,37.749852342787776,,,False
2025-06-03,4201055,더샵아파트,128.91179177957773,37.7496554344983,,,False
2025-06-03,4201192,더샵아파트후문,128.90917534552304,37.74798409080578,3,1,True
2025-06-03,4200385,덕실리,128.83425245451167,37.806566789081664,3,2,True
2025-06-03,4200883,덕중상사입구,128.84174479743382,37.70242273367911,0,1,True
2025-06-03,4200882,덕중상사입구,128.8418138875879,37.70249050751822,2,0,True
2025-06-03,4200512,덕현리,128.92611817321585,37.705859421056175,,,False
2025-06-03,4200513,덕현리,128.92602088648235,37.70591024035886,1,0,True
2025-06-03,4201170,덕현리마을회관,128.92969308316043,37.71031249336467,,,False
2025-06-03,4201169,덕현리마을회관,128.92976451553793,37.71025688950383,,,False
2025-06-03,4201172,덕현리입구,128.9336781922055,37.71393030895838,,,False
2025-06-03,4201171,덕현리입구,128.93375842948848,37.71390020089169,1,0,True
2025-06-03,4201273,도깨비촬영지,128.83285849096714,37.88049253785593,20,0,True
2025-06-03,4201274,도깨비촬영지,128.83366615521564,37.879702674494396,3,10,True
2025-06-03,4200953,도마1리경로당,128.83580313705878,37.675863266048,4,0,True
2025-06-03,4200954,도마1리경로당,128.83571199204746,37.67583487527786,0,2,True
2025-06-03,4202142,도직리,129.067789814241,37.60871993490825,,,False
2025-06-03,4202152,도직리,129.06871069327684,37.60826859797961,,,False
2025-06-03,4200911,도화목이,128.79899268103495,37.57580683121861,4,0,True
2025-06-03,4200910,도화목이,128.79876118261876,37.575812376849754,,,False
2025-06-03,4201184,독송마을회관,128.93632837845826,37.737443377869745,0,1,True
2025-06-03,4201183,독송마을회관,128.93638737959347,37.73749824702616,7,0,True
2025-06-03,4200593,동광주유소,128.988869023967,37.71446203608272,,,False
2025-06-03,4200592,동광주유소,128.98895762865502,37.71450646675624,,,False
2025-06-03,4201157,동그린,128.96124692830767,37.71693200282111,1,0,True
2025-06-03,4201156,동그린,128.96116060941432,37.71694910240202,,,False
2025-06-03,4200260,동남아파트,128.9088062489658,37.764638779656714,64,128,True
2025-06-03,4200322,동도센트리움,128.90456486009336,37.76619195310031,54,4,True
2025-06-03,4200104,동명중학교,128.91637238303827,37.777185998905715,60,2,True
2025-06-03,4200105,동명중학교,128.9161008666347,37.77658681943468,4,11,True
2025-06-03,4200970,동물사랑센터,128.8298483336448,37.69899913101563,,,False
2025-06-03,4200934,동물사랑센터,128.8296897075576,37.69907525653717,,,False
2025-06-03,4200011,동부아파트,128.9151327017873,37.78401368458876,66,1,True
2025-06-03,4200545,동산교,129.03188210282585,37.596478436012994,,,False
2025-06-03,4201180,동양석재,128.95027125993667,37.731215731549426,,,False
2025-06-03,4201179,동양석재,128.9503404370837,37.730986647751536,,,False
2025-06-03,4200342,동양시멘트입구,128.80418115038393,37.85051141718022,,,False
2025-06-03,4200343,동양시멘트입구,128.80439889049126,37.850687991240484,,,False
2025-06-03,4200109,동인병원입구,128.9094857690125,37.77102450992961,11,43,True
2025-06-03,4200108,동인병원입구,128.90953558421478,37.77125258486367,131,8,True
2025-06-03,4201426,동해식품,128.89855245250976,37.72443751894129,,,False
2025-06-03,4200950,둔지마을,128.8402142080388,37.66721532951788,0,2,True
2025-06-03,4200949,둔지마을,128.84032622893565,37.667211942204936,4,1,True
2025-06-03,4200944,들꽃마을,128.85442858144177,37.65082634282393,,,False
2025-06-03,4200943,들꽃마을,128.85452027887206,37.65078274958405,2,0,True
2025-06-03,4200831,등고비,128.8616371241439,37.71615919045265,3,0,True
2025-06-03,4200830,등고비,128.86171284130654,37.716127363746615,0,1,True
2025-06-03,4201134,등명락가사,129.0099873440744,37.71142599542753,0,1,True
2025-06-03,4201133,등명락가사,129.01030860073715,37.71121753055649,3,0,True
2025-06-03,4201129,등명해변,129.01625265982383,37.701980786481954,0,1,True
2025-06-03,4201130,등명해변,129.015876711037,37.70233040602598,13,2,True
2025-06-03,4200736,똑갑재,128.9084947975427,37.742997829596284,,,False
2025-06-03,4200735,똑갑재,128.9083233266339,37.74372779918021,2,0,True
2025-06-03,4200262,로얄아파트.포남1동주민센터,128.90933288179943,37.76545703763149,260,12,True
2025-06-03,4201010,롯데물류센터,128.83446803238593,37.72201867130479,0,1,True
2025-06-03,4201380,롯데물류센터,128.83451710426255,37.72199688820527,4,0,True
2025-06-03,4202154,롯데캐슬시그니처,128.88177646219214,37.761744282876045,2,4,True
2025-06-03,4202157,롯데캐슬시그니처,128.88150991460472,37.76169156053964,5,1,True
2025-06-03,4200042,롯데캐슬아파트,128.89120929799194,37.766948306391974,157,59,True
2025-06-03,4201037,말나눔터공원,128.8946789617544,37.758644529934365,0,8,True
2025-06-03,4200538,망월이마을,128.792107212951,37.72942872713486,2,0,True
2025-06-03,4200524,망월이마을,128.7922011149757,37.729439560975074,,,False
2025-06-03,4200626,명륜고교후문,128.8957168427019,37.761692970005,,,False
2025-06-03,4200627,명륜고교후문,128.8959116900896,37.761745147071196,,,False
2025-06-03,4200220,모래내행복센터,128.84888855200666,37.82654759560158,80,29,True
2025-06-03,4200221,모래내행복센터,128.84881781800846,37.82675602435266,14,8,True
2025-06-03,4201121,모래시계공원,129.03719508337943,37.68592446993947,34,18,True
2025-06-03,4201122,모래시계공원,129.0380673722024,37.685653946463454,,,False
2025-06-03,4200728,모산초교,128.90028293302265,37.73143070810136,0,1,True
2025-06-03,4200727,모산초교,128.90037137412145,37.73145457144734,4,1,True
2025-06-03,4201254,모안이서낭당,128.90286872766467,37.783490145093076,0,1,True
2025-06-03,4201255,모안이서낭당,128.90266311761613,37.78356022910187,3,1,True
2025-06-03,4201155,모전1리,128.96150382823714,37.719819173700856,0,2,True
2025-06-03,4201154,모전1리,128.96141013771185,37.71981098253356,3,0,True
2025-06-03,4201159,모전리,128.95776740747448,37.71232268018703,,,False
2025-06-03,4201158,모전리,128.95769412799663,37.712385507146145,,,False
2025-06-03,4200031,모전리.돌평,128.95074649026657,37.70985195102544,1,0,True
2025-06-03,4201162,모전리.돌평,128.95076445202812,37.70977883566453,,,False
2025-06-03,4201073,모전삼거리,128.96506056244797,37.72569325398637,5,0,True
2025-06-03,4201072,모전삼거리,128.96457294836412,37.72564861436484,2,3,True
2025-06-03,4200941,목계리,128.8539720247843,37.64675613253988,2,0,True
2025-06-03,4200937,목계리경로당,128.85926935902992,37.63755434898131,,,False
2025-06-03,4200938,목계리경로당,128.85882831535346,37.63808751377066,1,0,True
2025-06-03,4200935,목계마을회관,128.8591158870725,37.63273899723025,6,1,True
2025-06-03,4200936,목계마을회관,128.8589875953329,37.632647124497325,0,2,True
2025-06-03,4201358,몽탕골,129.01871214696766,37.61920866828569,,,False
2025-06-03,4201359,몽탕골,129.01872766257262,37.61915302416518,1,0,True
2025-06-03,4200979,무시골,128.79407884048865,37.737843607578455,,,False
2025-06-03,4200980,무시골,128.79415740714765,37.73788769905595,1,0,True
2025-06-03,4200895,무위사입구,128.79048797979135,37.65800841053956,,,False
2025-06-03,4200894,무위사입구,128.7904596075833,37.65806985505733,,,False
2025-06-03,4200088,문성고등학교,128.8747975765768,37.776789915738114,31,1,True
2025-06-03,4200089,문성고등학교,128.87460137001867,37.776791669303456,0,4,True
2025-06-03,4201191,문암정,128.91520371371126,37.744240782298405,,,False
2025-06-03,4201190,문암정,128.91570481769043,37.74371491111339,,,False
2025-06-03,4200810,문화마을,128.88042620487306,37.72295333667196,1,1,True
2025-06-03,4200809,문화마을,128.88033505218718,37.72293252489115,0,1,True
2025-06-03,4200384,미노리,128.86484857598091,37.82971678699962,4,0,True
2025-06-03,4200388,미노마을입구,128.86381568177012,37.83417468045317,,,False
2025-06-03,4200543,미디어촌5단지,128.86758571434657,37.753701754139904,211,52,True
2025-06-03,4200621,미라보아파트,128.90255177945858,37.769019304198096,0,1,True
2025-06-03,4200620,미라보아파트,128.902500537792,37.76907532540921,3,2,True
2025-06-03,4200676,박월동마을회관,128.9141099667606,37.7303231623845,,,False
2025-06-03,4200675,박월동마을회관,128.91430313467623,37.73038001057271,3,0,True
2025-06-03,4200745,반쟁이,128.93382070402052,37.76052490759301,0,3,True
2025-06-03,4201092,밤재휴게소,129.01588441130582,37.643605803090345,,,False
2025-06-03,4201093,밤재휴게소,129.01598617822128,37.64361623880892,,,False
2025-06-03,4200226,방골마을입구,128.8558844116181,37.81329996910386,7,8,True
2025-06-03,4200069,방골마을입구,128.85540756146614,37.81366779247799,17,2,True
2025-06-03,4200137,방축거리,128.88360346383243,37.77333257715457,0,4,True
2025-06-03,4200136,방축거리,128.88380882582484,37.773889373429355,0,1,True
2025-06-03,4200940,방터골입구,128.8542224426066,37.642387639932174,,,False
2025-06-03,4200939,방터골입구,128.8543538779494,37.64239089992679,2,0,True
2025-06-03,4200519,방학골,128.82351587730795,37.90381462090833,11,0,True
2025-06-03,4200521,방학골,128.82291244813646,37.90463362511824,1,12,True
2025-06-03,4200945,백운암입구,128.8503640197509,37.65589468864246,1,0,True
2025-06-03,4200946,백운암입구,128.8502357538194,37.655869833853565,,,False
2025-06-03,4201153,버당말,128.96287505180277,37.72274811896261,1,0,True
2025-06-03,4201152,버당말,128.96277963489464,37.72278384606697,4,2,True
2025-06-03,4201290,버들골,129.02605567209912,37.579297897903295,,,False
2025-06-03,4201291,버들골,129.02611729989363,37.57922947953465,,,False
2025-06-03,4200336,버들교,128.77473855753414,37.850247080571705,5,0,True
2025-06-03,4200673,버들교,128.91800220365803,37.72225137691791,1,0,True
2025-06-03,4200335,버들교,128.77324803807656,37.850410055201316,,,False
2025-06-03,4200674,버들교,128.9179091300679,37.722227707735385,0,1,True
2025-06-03,4200904,벌말,128.77753093157395,37.586312333418526,,,False
2025-06-03,4200235,법원.검찰청,128.8739503928752,37.785042447818554,3,9,True
2025-06-03,4200234,법원.검찰청,128.87342400102995,37.78526073982707,15,8,True
2025-06-03,4201067,벽산블루밍아파트,128.82413067836563,37.88870981452805,,,False
2025-06-03,4201193,병무청,128.90845061267927,37.74811821805219,3,5,True
2025-06-03,4201194,병무청,128.90730907557136,37.749719639382455,2,1,True
2025-06-03,4200361,보건소,128.8822115594926,37.743635964592464,1,33,True
2025-06-03,4200065,보건소,128.8829859719751,37.74393637256719,64,1,True
2025-06-03,4200580,보건진료소,128.97335780368653,37.6877997329295,,,False
2025-06-03,4200581,보건진료소,128.97326166656484,37.6877802990832,3,0,True
2025-06-03,4200541,보광리,128.7969029719891,37.73733219171309,,,False
2025-06-03,4200540,보광리,128.79683168120394,37.73726419118738,1,0,True
2025-06-03,4200965,보광리입구,128.81696481575804,37.72096716251408,,,False
2025-06-03,4201003,보광리입구,128.81690957708614,37.721147642825436,,,False
2025-06-03,4201235,보광리체험학습장,128.80754877575424,37.738056785776784,,,False
2025-06-03,4200977,보광리체험학습장,128.80793365498167,37.73787511002778,3,0,True
2025-06-03,4200998,보광리체험학습장,128.8076688924087,37.73819161617253,0,1,True
2025-06-03,4200986,보광보건진료소,128.80534439890508,37.738079523472834,5,0,True
2025-06-03,4200985,보광보건진료소,128.8054363627245,37.73800718407803,,,False
2025-06-03,4200995,보광본동,128.79947706651464,37.746310402073284,,,False
2025-06-03,4200994,보광본동,128.79938186856992,37.746227466734425,2,0,True
2025-06-03,4200983,보광평,128.8024466454297,37.73817584117786,1,0,True
2025-06-03,4200984,보광평,128.8025237456016,37.73822613746055,1,0,True
2025-06-03,4200730,보리사입구,128.89777570598176,37.73631225974452,,,False
2025-06-03,4200729,보리사입구,128.89785144363964,37.73626831506908,,,False
2025-06-03,4200186,보성연립,128.82551362915504,37.901974724913615,5,0,True
2025-06-03,4200298,보성연립,128.82558444232305,37.90204313561504,0,4,True
2025-06-03,4200301,보현사입구주차장,128.78312046358457,37.738359845157134,,,False
2025-06-03,4200014,보현사종점,128.79263641819853,37.73803701177597,,,False
2025-06-03,4200978,보현사종점,128.7926653824033,37.738105478358804,,,False
2025-06-03,4202161,부귀터,128.77935529659743,37.83384969713505,,,False
2025-06-03,4202162,부귀터,128.7794599312011,37.83385966124151,,,False
2025-06-03,4200410,부연동입구,128.6565982881532,37.84023340079426,,,False
2025-06-03,4200411,부연동입구,128.65649150006797,37.84037999546802,,,False
2025-06-03,4200134,부영2차아파트,128.88281079370944,37.77016072015751,89,26,True
2025-06-03,4200135,부영2차아파트,128.8825125758686,37.77002923948558,21,6,True
2025-06-03,4200792,부흥마을,128.90633218029933,37.74678151751788,2,2,True
2025-06-03,4200791,부흥마을,128.90637359052232,37.746896583401664,1,1,True
2025-06-03,4200261,북강릉IC,128.84425534198513,37.83689529134246,0,2,True
2025-06-03,4201374,북동리종점,128.97206281726505,37.61168685078856,,,False
2025-06-03,4201365,북동리회관,128.9920439010217,37.61732896340916,,,False
2025-06-03,4201364,북동리회관,128.99203781944024,37.61727491738219,2,0,True
2025-06-03,4200224,북부노인대학,128.85070066292354,37.820164105652225,6,0,True
2025-06-03,4200225,북부노인대학,128.85083641112433,37.82016343083045,0,12,True
2025-06-03,4200207,북부노인종합복지관,128.83062989490628,37.8743072338123,104,15,True
2025-06-03,4200208,북부노인종합복지관,128.83042321750824,37.874681277863154,36,33,True
2025-06-03,4200192,북부지구대,128.829270567591,37.89460960314925,10,21,True
2025-06-03,4200193,북부지구대,128.82860680406648,37.894535177399845,50,3,True
2025-06-03,4201075,분수동,129.02442625222523,37.68416226671518,3,0,True
2025-06-03,4201074,분수동,129.02438633004448,37.68420512704344,0,2,True
2025-06-03,4201323,비상거리,128.96147017456914,37.57419041505788,,,False
2025-06-03,4201322,비상거리,128.96170555823903,37.574443710141345,,,False
2025-06-03,4200277,비치소라아파트,128.93435177478304,37.77578862012879,3,12,True
2025-06-03,4200434,사근진해변,128.898597450209,37.812322584245415,9,9,True
2025-06-03,4200435,사근진해변,128.89766129562162,37.81294729745145,16,10,True
2025-06-03,4200140,사기막,128.80639533289897,37.79268220157816,5,0,True
2025-06-03,4201231,사기막리,128.81838250417627,37.7939296154463,1,0,True
2025-06-03,4201230,사기막리,128.8183214702477,37.793964034615996,,,False
2025-06-03,4200142,사기막마을회관,128.8109379000351,37.79306001321451,,,False
2025-06-03,4200141,사기막마을회관,128.81090286737634,37.79301923903732,4,0,True
2025-06-03,4200919,사반,128.8467909201167,37.5342056043505,,,False
2025-06-03,4200920,사반,128.84669362641395,37.534157761808984,,,False
2025-06-03,4200714,사이말교,128.88798046545247,37.71196552544221,5,0,True
2025-06-03,4200713,사이말교,128.88807348333134,37.711972121452696,,,False
2025-06-03,4200924,사이소재길,128.8475369146747,37.557798436516386,,,False
2025-06-03,4200923,사이소재길,128.8476417163746,37.55780194237984,,,False
2025-06-03,4200223,사천면사무소,128.84914337332015,37.8229406699122,75,14,True
2025-06-03,4200222,사천면사무소,128.84928192865996,37.82385848393331,38,39,True
2025-06-03,4200449,사천물회거리,128.8755979856823,37.838072593350674,28,6,True
2025-06-03,4200447,사천물회거리,128.8757309061334,37.83810545841113,15,12,True
2025-06-03,4202163,사천보헤미안커피,128.86756687053622,37.84672399113912,,,False
2025-06-03,4202164,사천보헤미안커피,128.8676784641814,37.846752776517754,,,False
2025-06-03,4200294,사천중학교,128.84663312060465,37.82670813694838,0,7,True
2025-06-03,4200165,사천중학교,128.84662013233944,37.82677848556301,5,1,True
2025-06-03,4201238,사천진리,128.87339689589916,37.83812340174815,8,1,True
2025-06-03,4202159,사천진바위섬,128.87633882234948,37.84060226740597,4,0,True
2025-06-03,4202160,사천진바위섬,128.8764473285357,37.8406481132808,,,False
2025-06-03,4209999,사천진해변,128.87344886491002,37.842977470664934,,,False
2025-06-03,4201268,사천진해변,128.87339749147367,37.84293833117085,3,3,True
2025-06-03,4200444,사천캠핑장,128.87516834469744,37.831731302711255,1,0,True
2025-06-03,4200445,사천캠핑장,128.8750445298634,37.831686225915426,2,0,True
2025-06-03,4200442,사천해변,128.87869491904522,37.828713817312966,1,3,True
2025-06-03,4200443,사천해변,128.87827311977188,37.82882341864164,4,0,True
2025-06-03,4201321,산계2리,128.97229539203417,37.57962245004452,,,False
2025-06-03,4201320,산계2리,128.97246971139714,37.57976114585706,,,False
2025-06-03,4201328,산계리종점,128.9460355736469,37.57495852194761,7,2,True
2025-06-03,4200440,산대월리.순포,128.88547702493108,37.822903011074914,5,2,True
2025-06-03,4200441,산대월리.순포,128.88527417343033,37.822868850849,2,1,True
2025-06-03,4200383,산대월리마을회관,128.8709163724858,37.815914215160845,1,0,True
2025-06-03,4200594,산두골,128.9840168065266,37.71859873395223,2,0,True
2025-06-03,4200595,산두골,128.98401664518687,37.71851617972176,,,False
2025-06-03,4200179,산림조합,128.81641190280698,37.85471554225067,1,0,True
2025-06-03,4200295,산림조합,128.81634583702206,37.85478178935546,,,False
2025-06-03,4200877,산북,128.84586150037325,37.704935503831294,,,False
2025-06-03,4200875,산북2리경로당,128.83409128779982,37.71149810424752,,,False
2025-06-03,4200876,산북2리경로당,128.83404425902265,37.71143075108243,,,False
2025-06-03,4201060,산성우1리,129.0046545324227,37.68347462505554,7,0,True
2025-06-03,4201084,산성우2리,129.01725588482054,37.67160656267303,,,False
2025-06-03,4201085,산성우2리,129.01735333412336,37.671618793132126,,,False
2025-06-03,4201083,산성우2리마을회관,129.02279471216545,37.67820045840464,,,False
2025-06-03,4201082,산성우2리마을회관,129.02269902654416,37.678299838704675,,,False
2025-06-03,4201031,삼개사입구,128.88695285563512,37.7503693771254,14,6,True
2025-06-03,4201032,삼개사입구,128.88684645443755,37.75026780562399,1,5,True
2025-06-03,4200867,삼거리,128.83456155956415,37.745154825533675,,,False
2025-06-03,4200866,삼거리,128.8345942629299,37.74509162495973,1,0,True
2025-06-03,4200455,삼교리종점,128.74996246309584,37.87971842334567,6,0,True
2025-06-03,4200456,삼교리종점,128.7500022864006,37.879776675728266,,,False
2025-06-03,4201370,삼밭골,128.97299626468876,37.625881433054694,,,False
2025-06-03,4201369,삼밭골,128.97299344360636,37.62595039665499,2,0,True
2025-06-03,4200514,삼산,128.69251552941094,37.84710607104921,1,0,True
2025-06-03,4200516,삼산,128.6925944995912,37.847189566163216,,,False
2025-06-03,4200170,삼산1리,128.70464319375566,37.845506729172776,,,False
2025-06-03,4200171,삼산1리,128.7047914618132,37.84575283130434,0,3,True
2025-06-03,4200324,삼산1리마을회관,128.7032068078098,37.84670520300259,,,False
2025-06-03,4200325,삼산1리마을회관,128.7039248000704,37.84665394357494,,,False
2025-06-03,4200408,삼산4리,128.65358585892187,37.836375046564235,,,False
2025-06-03,4200409,삼산4리,128.65339766055644,37.8363605430016,,,False
2025-06-03,4200426,삼산보건진료소,128.69992094735875,37.846599335592536,3,0,True
2025-06-03,4200427,삼산보건진료소,128.6999017867484,37.84667116560819,,,False
2025-06-03,4200328,삼산분소,128.72806310762525,37.8484167632985,0,3,True
2025-06-03,4201411,삼성디지털센터,128.89671612387085,37.758421567843364,,,False
2025-06-03,4200365,삼성디지털센터,128.8966989039856,37.75811194350719,38,24,True
2025-06-03,4200987,삼왕,128.79442364222726,37.75959705206606,3,0,True
2025-06-03,4200267,삼우은성아파트,128.91973659122027,37.77025900516923,41,45,True
2025-06-03,4200268,삼우은성아파트,128.91881978171756,37.77007704319862,158,11,True
2025-06-03,4200054,삼익아파트,128.93336344346523,37.7794509217129,8,18,True
2025-06-03,4200358,삼창그린맨션,128.88749893563826,37.744743384730015,6,3,True
2025-06-03,4200310,삼천리아파트,128.8379309322555,37.8689470039461,238,43,True
2025-06-03,4200211,삼천리아파트,128.8383288212433,37.86906384505761,86,70,True
2025-06-03,4200732,삼흥사,128.901198738292,37.739798973918525,1,1,True
2025-06-03,4200731,삼흥사,128.90121043083064,37.739730650079785,,,False
2025-06-03,4200925,삽당령휴게소,128.85348981301368,37.57765377589509,,,False
2025-06-03,4200926,삽당령휴게소,128.85335366163847,37.57771787179165,0,1,True
2025-06-03,4201429,삿갓2교,128.89440260554116,37.72191310597893,,,False
2025-06-03,4200022,상근내,128.7796924207031,37.8773758413694,5,0,True
2025-06-03,4200099,상근내,128.77960655925375,37.87745059496862,1,0,True
2025-06-03,4201317,상반암,128.97555145054721,37.581507187334616,1,0,True
2025-06-03,4201316,상반암,128.97543453934762,37.581480242671276,,,False
2025-06-03,4201318,상반암2교,128.97515057257976,37.579938893006116,,,False
2025-06-03,4201319,상반암2교,128.97526025138177,37.580104674041834,,,False
2025-06-03,4201173,상시동,128.94246528458484,37.71818427280178,3,0,True
2025-06-03,4201174,상시동,128.94244611636475,37.71825557931822,,,False
2025-06-03,4201175,상시동2리마을구판장,128.9490236053727,37.7224263738442,1,0,True
2025-06-03,4201176,상시동2리마을구판장,128.94913379195222,37.72251033214177,1,0,True
2025-06-03,4200526,새이골,128.79025907473746,37.85322227035808,4,1,True
2025-06-03,4200957,새재마을,128.8242487855186,37.68544901419477,2,0,True
2025-06-03,4200958,새재마을,128.8242669560502,37.685279144065696,,,False
2025-06-03,4201360,샘골,129.00918544930587,37.619230471502696,,,False
2025-06-03,4201361,샘골,129.0091899817426,37.61916886212585,,,False
2025-06-03,4200974,샘골식당,128.8117504319814,37.72973210273536,4,0,True
2025-06-03,4200973,샘골식당,128.81165805890132,37.72970284088515,1,0,True
2025-06-03,4200932,샘터휴게실,128.8616379939255,37.62586846407014,0,1,True
2025-06-03,4200931,샘터휴게실,128.86196479739877,37.62603907325114,2,0,True
2025-06-03,4200515,서당마을,128.8153409524242,37.87964681225348,,,False
2025-06-03,4200842,서희아파트,128.86542964738,37.739494273568006,0,11,True
2025-06-03,4200843,서희아파트,128.86634677134685,37.73976016715972,86,1,True
2025-06-03,4200139,석교2리마을회관,128.82066862382376,37.842307094394954,3,0,True
2025-06-03,4200992,석불사입구,128.79428550244546,37.75401121249684,,,False
2025-06-03,4200993,석불사입구,128.79436174094738,37.75400145159608,,,False
2025-06-03,4200076,선교장,128.88470029533363,37.78507057730054,7,4,True
2025-06-03,4200075,선교장,128.8853532167783,37.785455385598155,8,3,True
2025-06-03,4200236,선교장입구,128.87978791945434,37.782182641690056,47,25,True
2025-06-03,4200237,선교장입구,128.8801857915523,37.78222354537227,10,12,True
2025-06-03,4201250,선수촌8단지,128.87011109214671,37.76078977894948,61,1,True
2025-06-03,4201249,선수촌8단지,128.87029355520082,37.76060110592661,5,8,True
2025-06-03,4200534,선자령고개입구,128.79239579933846,37.73245610705835,,,False
2025-06-03,4200537,선자령고개입구,128.79231046446523,37.732508544183865,,,False
2025-06-03,4201310,설암마을,128.99822461811513,37.59527911024018,,,False
2025-06-03,4201311,설암마을,128.9983494117808,37.59541501641899,,,False
2025-06-03,4201189,섬석교,128.92156879198023,37.740684165183964,,,False
2025-06-03,4201188,섬석교,128.92171052547354,37.74090783532175,3,0,True
2025-06-03,4200854,성내동광장,128.89469082592495,37.750838877146485,1,1,True
2025-06-03,4200855,성내동광장,128.89488299521074,37.75095303991505,0,3,True
2025-06-03,4201046,성덕동주민센터,128.91533375948597,37.76294836172143,,,False
2025-06-03,4201045,성덕동주민센터,128.91516594318634,37.762763608124146,,,False
2025-06-03,4200765,성덕초등학교,128.91017117535122,37.75573609872045,49,0,True
2025-06-03,4201004,성산,128.82713990486903,37.71438975242994,,,False
2025-06-03,4201005,성산,128.8271623742617,37.714502339268236,4,3,True
2025-06-03,4201009,성산면사무소,128.832602033901,37.718970827982346,11,16,True
2025-06-03,4201008,성산면사무소,128.83255254171343,37.71856830087688,43,24,True
2025-06-03,4201007,성산치안센터,128.8310696649731,37.7159774839219,0,12,True
2025-06-03,4201006,성산치안센터,128.83090633919258,37.71566752965487,24,0,True
2025-06-03,4200422,성원사입구,128.6867712693139,37.847205451671535,5,0,True
2025-06-03,4200423,성원사입구,128.68646040632865,37.84726485901322,0,5,True
2025-06-03,4200817,성황당,128.87341590911527,37.71242819076422,2,0,True
2025-06-03,4200818,성황당,128.8735164959862,37.712407011021696,1,0,True
2025-06-03,4201425,성황당교,128.89068764552184,37.7193346055837,,,False
2025-06-03,4200550,세인트존스호텔,128.9216970367292,37.79098344901958,23,1,True
2025-06-03,4200549,세인트존스호텔,128.92167986735865,37.790864197302774,4,12,True
2025-06-03,4202156,세인트존스호텔,128.92066155176954,37.789921292283566,1,2,True
2025-06-03,4202158,세인트존스호텔,128.9208321964743,37.79000919070631,2,0,True
2025-06-03,4200167,소금강산,128.71230365715414,37.82166854276753,1,0,True
2025-06-03,4200166,소금강산,128.7124812586759,37.82175517040325,,,False
2025-06-03,4200327,소금강산돌박물관,128.72545746023172,37.848484193808346,5,0,True
2025-06-03,4200168,소금강산분교,128.710000116687,37.83125700946602,7,0,True
2025-06-03,4200169,소금강산분교,128.70996109009303,37.83105237281379,,,False
2025-06-03,4200429,소금강산삼거리,128.70652525366145,37.84687236867498,0,1,True
2025-06-03,4200428,소금강산삼거리,128.70675214581883,37.84674771999477,3,0,True
2025-06-03,4200419,소금강산종점,128.70783064886766,37.81649025417566,7,4,True
2025-06-03,4200337,소금강산체험학습장,128.78576790854493,37.85169587352382,3,0,True
2025-06-03,4200184,소돌,128.82175443074843,37.905415537268986,76,1,True
2025-06-03,4200185,소돌,128.8213252547112,37.90592204016269,0,20,True
2025-06-03,4200523,소돌해변,128.82357421556765,37.90742431202615,2,6,True
2025-06-03,4200518,소돌해변,128.8237001059589,37.9072478711743,3,0,True
2025-06-03,4200002,소돌해변입구,128.81905535960837,37.90780434670355,0,2,True
2025-06-03,4200633,소양가든,128.91470984838725,37.70545388269156,,,False
2025-06-03,4200634,소양가든,128.91482886328737,37.70544797167058,,,False
2025-06-03,4200609,소재골길,128.92430261228944,37.73030112286398,,,False
2025-06-03,4200608,소재골길,128.9243373158486,37.73032246539831,,,False
2025-06-03,4200126,솔올공연장,128.87424793205705,37.763507530751156,155,6,True
2025-06-03,4200125,솔올공연장,128.87460623301726,37.76366952964576,4,82,True
2025-06-03,4200060,솔올중학교,128.8798722504925,37.77163504014371,24,8,True
2025-06-03,4200822,솔향수목원입구,128.8693376080556,37.70921581710481,,,False
2025-06-03,4200823,솔향수목원입구,128.86937194102438,37.70931046077696,3,0,True
2025-06-03,4201165,송담서원,128.92985457221653,37.6927197945936,6,0,True
2025-06-03,4200351,송림,128.82064394298325,37.85559369331711,1,1,True
2025-06-03,4200350,송림,128.8201619228096,37.85539548451919,3,0,True
2025-06-03,4200347,송림2리,128.81062888375345,37.853558399575036,,,False
2025-06-03,4200346,송림2리,128.8099436136846,37.853407423711076,,,False
2025-06-03,4200345,송림2리경로당,128.80789598964623,37.85203614474543,,,False
2025-06-03,4200344,송림2리경로당,128.807966000434,37.85197372236723,1,1,True
2025-06-03,4200510,송림길,128.8252555621319,37.855656749226185,1,0,True
2025-06-03,4200511,송림길,128.8248292251072,37.8557650289636,1,0,True
2025-06-03,4200372,송암,128.82637877635176,37.78089823387296,1,0,True
2025-06-03,4200374,송암리노인복지회관,128.8371281193178,37.78167045367396,,,False
2025-06-03,4200373,송암리노인복지회관,128.83714806452136,37.781611643083856,8,0,True
2025-06-03,4200560,송양초교,128.84779064633727,37.75738270190068,,,False
2025-06-03,4200559,송양초교,128.84774510140426,37.757348769268916,2,0,True
2025-06-03,4200274,송정노인회관,128.93141909498914,37.77512821569013,210,1,True
2025-06-03,4200272,송정동주민센터,128.92775106138072,37.77430053196711,88,2,True
2025-06-03,4200271,송정동주민센터,128.9281580126049,37.77420386430584,2,25,True
2025-06-03,4200052,송정래미안,128.93038982126572,37.78292573478735,13,2,True
2025-06-03,4200051,송정래미안,128.93021609974548,37.78282723196739,2,7,True
2025-06-03,4200273,송정신원아침도시,128.93190852770562,37.774810233413945,9,60,True
2025-06-03,4200275,송정한신아파트입구,128.93667614488956,37.77380916737768,0,23,True
2025-06-03,4200276,송정한신아파트입구,128.93668274097607,37.7740287226972,85,0,True
2025-06-03,4201386,송정한신아파트후문,128.93962441064605,37.773612640324636,68,1,True
2025-06-03,4200263,송정한신아파트후문,128.9386138022858,37.773558747641985,1,7,True
2025-06-03,4200280,송정해변,128.9381119893655,37.77768849372205,45,0,True
2025-06-03,4201265,송정해변,128.937243026154,37.779799396228796,9,1,True
2025-06-03,4201264,송정해변,128.93690998005923,37.77994173288209,0,2,True
2025-06-03,4200404,송천,128.64305128748416,37.832454612861596,,,False
2025-06-03,4200405,송천,128.64294987987037,37.832536995608294,0,2,True
2025-06-03,4200399,송천종점,128.63433752494774,37.82213931034025,2,0,True
2025-06-03,4200300,수협사거리,128.8314095884837,37.895774457125356,5,17,True
2025-06-03,4200190,수협사거리,128.83119347169236,37.89590191816579,65,4,True
2025-06-03,4200436,순긋해변,128.89252003394913,37.81667547893821,3,4,True
2025-06-03,4200437,순긋해변,128.89288352206873,37.81622289476459,10,2,True
2025-06-03,4201241,순두부마을,128.8929863409179,37.7864529101926,3,1,True
2025-06-03,4201240,순두부마을,128.89327386744634,37.786738816066666,11,4,True
2025-06-03,4200439,순포해변,128.8896479640838,37.81947984719446,,,False
2025-06-03,4200438,순포해변,128.8909555032514,37.81845994015455,,,False
2025-06-03,4200004,숲사랑홍보관,128.85126457297872,37.81878304910103,1,4,True
2025-06-03,4200828,신광사입구,128.85959135500886,37.70844237993537,4,0,True
2025-06-03,4200829,신광사입구,128.85953628339269,37.70852190735515,,,False
2025-06-03,4200279,신도브래뉴,128.93862914925478,37.77730338810464,0,17,True
2025-06-03,4202169,신라모노그램,128.92993128709296,37.78509796814699,,,False
2025-06-03,4202172,신라모노그램,128.92730314100064,37.78470637599459,,,False
2025-06-03,4202170,신라모노그램,128.92998485011893,37.785132389833336,,,False
2025-06-03,4202171,신라모노그램,128.92766337576,37.78423838201166,,,False
2025-06-03,4200068,신석,128.9222626638924,37.73522591649743,,,False
2025-06-03,4201244,신석,128.92220564964913,37.73521532481458,,,False
2025-06-03,4200570,신석입구,128.92112104933958,37.74060070408295,,,False
2025-06-03,4200571,신석입구,128.92121434678074,37.740633508275124,,,False
2025-06-03,4200605,신석종점,128.92550135841566,37.72411554187395,0,1,True
2025-06-03,4200604,신석종점,128.92548856169705,37.724168770541205,,,False
2025-06-03,4200610,신석회관,128.922128840552,37.73330388403426,2,0,True
2025-06-03,4200611,신석회관,128.92206674319968,37.733298030104976,,,False
2025-06-03,4200563,신암동산,128.856450486855,37.759838948235505,,,False
2025-06-03,4200564,신암동산,128.85644693333413,37.7598894548062,,,False
2025-06-03,4200252,신영극장,128.8961287589657,37.75448236011555,2273,2058,True
2025-06-03,4200395,신왕리,128.7909165521197,37.84823170892436,,,False
2025-06-03,4200396,신왕리,128.79081224615587,37.848255771655694,,,False
2025-06-03,4200393,신왕리마을회관,128.78881339413073,37.84406973819415,,,False
2025-06-03,4200394,신왕리마을회관,128.78872771686466,37.84404617250474,,,False
2025-06-03,4200392,신왕종점,128.77479795503757,37.82848497778013,2,0,True
2025-06-03,4200339,신왕초등학교,128.78962228209244,37.85282870829282,2,6,True
2025-06-03,4200178,신왕초등학교.소금강산체험학습장,128.7874843369829,37.85236789721056,,,False
2025-06-03,4200376,신평교,128.84751858457875,37.787025988717744,,,False
2025-06-03,4200375,신평교,128.8476422534893,37.786964946063456,,,False
2025-06-03,4200795,신화아파트,128.89739318948855,37.749293198227164,,,False
2025-06-03,4200796,신화아파트,128.8983309878122,37.7493513359141,,,False
2025-06-03,4201111,심곡,129.05072825701674,37.66496744031941,27,0,True
2025-06-03,4201110,심곡,129.05054407613815,37.66494664843006,0,2,True
2025-06-03,4200885,심불사입구,128.83994507873663,37.70295599504848,,,False
2025-06-03,4200884,심불사입구,128.84001194474018,37.70305298286866,,,False
2025-06-03,4201118,썬크루즈,129.0440946513368,37.6820368944123,4,6,True
2025-06-03,4201373,아래흐내,128.97754794808964,37.614630687418135,,,False
2025-06-03,4201372,아래흐내,128.9775173341677,37.61462843088557,,,False
2025-06-03,4201388,안고단,128.81682784184864,37.52450097063033,,,False
2025-06-03,4200865,안곡,128.82914470078177,37.745465477199204,1,0,True
2025-06-03,4200871,안곡약수터입구,128.8379137142218,37.73973940790299,,,False
2025-06-03,4200020,안곡약수터입구,128.8378468662133,37.73975627758666,1,0,True
2025-06-03,4200869,안국고개입구,128.83777031179514,37.74152814933456,,,False
2025-06-03,4200868,안국고개입구,128.8377139800973,37.741484552653596,,,False
2025-06-03,4201043,안목,128.94526892930932,37.77285146151794,380,2,True
2025-06-03,4200281,안목.강릉항,128.94934241574012,37.770520507065875,,,False
2025-06-03,4201040,안목.강릉항,128.94944155473152,37.77036079213364,,,False
2025-06-03,4201057,안목커피거리,128.94590416266868,37.77225695392567,29,0,True
2025-06-03,4201044,안목커피거리,128.94543559396536,37.77260342997581,55,344,True
2025-06-03,4200244,안목커피거리,128.94578809167245,37.77230230429985,23,54,True
2025-06-03,4201263,안목해변,128.94493768408068,37.774178194287636,15,0,True
2025-06-03,4201262,안목해변,128.9453268042541,37.77365094131008,0,23,True
2025-06-03,4200587,안소재길,128.84955884022355,37.563768804870946,,,False
2025-06-03,4200586,안소재길,128.84946322181048,37.56376109313163,,,False
2025-06-03,4201139,안인,128.98934561422945,37.734014720107886,26,4,True
2025-06-03,4201140,안인,128.98934458573052,37.73394318769602,0,6,True
2025-06-03,4200599,안인삼거리,128.98037760076,37.72789657042197,,,False
2025-06-03,4200598,안인삼거리,128.98042188065915,37.72782929827981,,,False
2025-06-03,4201148,안인화력발전소,128.97827596831831,37.72739115413768,17,0,True
2025-06-03,4201149,안인화력발전소,128.97827482863894,37.727294808983075,0,2,True
2025-06-03,4201001,암반욕체험장,128.8174715505199,37.72568745788923,,,False
2025-06-03,4201002,암반욕체험장,128.81756412801548,37.725703466430105,,,False
2025-06-03,4200528,앞무쇠골,128.7909149887738,37.735806871417466,1,0,True
2025-06-03,4200535,앞무쇠골,128.7907679545247,37.73580475645548,1,0,True
2025-06-03,4200187,양양고개,128.82805578782853,37.90002854060149,50,12,True
2025-06-03,4200188,양양고개,128.82822436017406,37.899998054568016,6,28,True
2025-06-03,4201243,양우내안애아파트,128.90225216607172,37.751490811466354,,,False
2025-06-03,4201245,양우내안애아파트,128.9018874469489,37.75145322200816,,,False
2025-06-03,4200201,양조장,128.8258300942643,37.881274388703744,111,26,True
2025-06-03,4201403,양지골,128.84419682263942,37.754675826474795,,,False
2025-06-03,4201404,양지골,128.8442384161847,37.75462833677575,,,False
2025-06-03,4201357,양지마을,129.0219835892014,37.61975733717636,,,False
2025-06-03,4201356,양지마을,129.02194175334466,37.619812201556556,,,False
2025-06-03,4201354,양지말상,129.02550426571582,37.620299361941775,,,False
2025-06-03,4201355,양지말상,129.02549637985018,37.62023673439294,,,False
2025-06-03,4200651,어단1리,128.89857868128925,37.69687081252176,2,0,True
2025-06-03,4200652,어단1리,128.89835375718442,37.69689880719406,,,False
2025-06-03,4200644,어단1리마을회관,128.90166199367852,37.69299424582564,,,False
2025-06-03,4200643,어단1리마을회관,128.90163121019464,37.69306524952247,,,False
2025-06-03,4200646,어단1리성황당,128.8998102046769,37.691407412019785,,,False
2025-06-03,4200645,어단1리성황당,128.8997465866069,37.69146948045897,2,1,True
2025-06-03,4200639,어단2리마을회관,128.91146885408946,37.6964376324294,8,2,True
2025-06-03,4200640,어단2리마을회관,128.91152104480037,37.696373262130535,,,False
2025-06-03,4200648,어단리.법왕사,128.89523586027252,37.689105321389235,2,0,True
2025-06-03,4200972,어흘리.굴면동,128.81242525863513,37.71968494003737,0,1,True
2025-06-03,4200966,어흘리.굴면동,128.81355554198663,37.72030372991263,1,0,True
2025-06-03,4201412,어흘리산림관광안내센터,128.79622345209006,37.720248969562334,,,False
2025-06-03,4201413,어흘리산림관광안내센터,128.79677626958596,37.720179974904156,0,1,True
2025-06-03,4201163,언별2리,128.93981173016869,37.70173122003391,2,2,True
2025-06-03,4201164,언별2리,128.93990494422928,37.70171510089973,4,0,True
2025-06-03,4200036,언별리,128.932462653647,37.69147304189006,,,False
2025-06-03,4201227,연곡면사무소,128.83749819485607,37.86001175022627,141,74,True
2025-06-03,4200212,연곡면사무소,128.83761397394952,37.85995465828368,117,103,True
2025-06-03,4200354,연곡면사무소,128.83726140830402,37.85982528703765,65,60,True
2025-06-03,4200355,연곡면사무소,128.8369030857598,37.8592954872826,4,0,True
2025-06-03,4200381,연곡소나무길,128.86219953750597,37.850074873961454,0,1,True
2025-06-03,4200509,연곡소나무길,128.8618386269624,37.85018703668437,0,1,True
2025-06-03,4200353,연곡초교,128.82814655157526,37.8569020930201,0,1,True
2025-06-03,4200352,연곡초교,128.82816906723454,37.856817110094816,2,2,True
2025-06-03,4200349,연곡취수장입구,128.8134029222452,37.854479588535305,0,1,True
2025-06-03,4200348,연곡취수장입구,128.81321638321742,37.85436534997662,1,0,True
2025-06-03,4200451,연곡해변,128.85309149153562,37.85745785808507,0,2,True
2025-06-03,4200450,연곡해변,128.8529783059013,37.85739414992972,4,0,True
2025-06-03,4200213,연곡해변입구,128.84130813848452,37.85462580337619,7,3,True
2025-06-03,4200214,연곡해변입구,128.84162112920617,37.854539181009365,0,6,True
2025-06-03,4200152,연변,128.83155522186766,37.80584297639379,,,False
2025-06-03,4200151,연변,128.83161739090895,37.80576988356887,8,0,True
2025-06-03,4200759,영동정미소,129.03644448557495,37.62779710955012,,,False
2025-06-03,4201341,영동정미소,129.0362624021505,37.62780024862322,,,False
2025-06-03,4200209,영진입구,128.83637261045655,37.87054167536418,19,13,True
2025-06-03,4201226,영진입구,128.83626865951734,37.87047570517143,38,11,True
2025-06-03,4201270,영진항,128.84778900128174,37.86736001237831,0,2,True
2025-06-03,4201269,영진항,128.8478764921571,37.86744935186811,0,3,True
2025-06-03,4201271,영진해변,128.84407553359966,37.870005012045354,11,0,True
2025-06-03,4201272,영진해변,128.84410671788726,37.87009887053988,3,0,True
2025-06-03,4200406,오대산휴게소,128.648222920777,37.83491560552007,1,0,True
2025-06-03,4200407,오대산휴게소,128.64806989287274,37.83498136245625,,,False
2025-06-03,4200816,오뚜기물류서비스,128.87782869819907,37.71615014292806,1,0,True
2025-06-03,4200815,오뚜기물류서비스,128.8777698382652,37.71622341645464,0,1,True
2025-06-03,4201078,오리동,129.01320871433214,37.68272714510743,14,0,True
2025-06-03,4201079,오리동,129.01320324945965,37.682803393955474,0,3,True
2025-06-03,4201058,오리들마을,128.93730145779827,37.744469925122935,7,0,True
2025-06-03,4201252,오리들마을,128.93739401500017,37.74438483019564,,,False
2025-06-03,4200536,오리진항,128.8317047746547,37.90064451287537,7,0,True
2025-06-03,4200527,오리진항,128.8317491433552,37.9007448060665,0,4,True
2025-06-03,4200961,오봉,128.8206361867679,37.70638660212798,,,False
2025-06-03,4200962,오봉,128.8205322494514,37.7062887289534,,,False
2025-06-03,4200964,오봉리,128.82222083699313,37.709588124281694,,,False
2025-06-03,4200963,오봉리,128.8222695914709,37.70939016181609,5,0,True
2025-06-03,4200053,오성학교,128.93312248716418,37.77978287851338,30,1,True
2025-06-03,4201428,오션시티아이파크,128.94156983542882,37.775150292669956,,,False
2025-06-03,4201427,오션시티아이파크,128.94172063887467,37.77534012183183,,,False
2025-06-03,4200239,오죽헌,128.88242080274284,37.78040719543912,92,69,True
2025-06-03,4200238,오죽헌,128.8827262588498,37.779841129260745,88,46,True
2025-06-03,4200092,오죽헌,128.8797380363922,37.77879711032111,2,5,True
2025-06-03,4200093,오죽헌,128.88009218006442,37.77900408798861,2,0,True
2025-06-03,4200769,오죽헌입구,128.8828973977968,37.77942746550242,2,1,True
2025-06-03,4201382,오죽헌입구,128.88300783523746,37.779420150144524,0,7,True
2025-06-03,4201097,옥계119안전센터,129.03045031861078,37.60261800571139,,,False
2025-06-03,4201098,옥계119안전센터,129.0299579795461,37.602418475944106,,,False
2025-06-03,4202042,옥계면사무소,129.03870359107486,37.61225376052538,4,0,True
2025-06-03,4202052,옥계면사무소,129.03863134955023,37.61234830848836,1,1,True
2025-06-03,4202092,옥계역,129.04915585739857,37.61793983643156,,,False
2025-06-03,4202082,옥계역,129.0492092887644,37.61767316323472,,,False
2025-06-03,4201368,옥계저수지,128.9806153158948,37.62190318324612,,,False
2025-06-03,4201367,옥계저수지,128.98049757084706,37.62195561397405,1,0,True
2025-06-03,4201366,옥계저수지,128.9806745254139,37.62197726022537,1,1,True
2025-06-03,4202032,옥계현내시장,129.03512810350702,37.608949806593664,23,26,True
2025-06-03,4202022,옥계현내시장,129.03523947374634,37.60889735545031,75,3,True
2025-06-03,4201285,옥골,129.0451011119314,37.58480257343729,1,0,True
2025-06-03,4200701,옥봉마을,128.89299808417252,37.703844690722654,,,False
2025-06-03,4200257,옥천119안전센터,128.90305174420297,37.761041080134646,48,49,True
2025-06-03,4200256,옥천119안전센터,128.9022376115818,37.76136928474395,8,16,True
2025-06-03,4201000,옥터가든,128.8137241133093,37.7280870855366,,,False
2025-06-03,4200999,옥터가든,128.81373332317625,37.728008981659464,,,False
2025-06-03,4201284,올밑,129.03979791391387,37.58885317796911,2,0,True
2025-06-03,4201363,옹기마을,129.00369924320785,37.616995401978194,1,0,True
2025-06-03,4201362,옹기마을,129.0036684835799,37.617059917346076,,,False
2025-06-03,4200897,왕산골,128.78735259066167,37.65458906689652,1,0,True
2025-06-03,4200896,왕산골,128.7872211119886,37.65448843873245,,,False
2025-06-03,4200468,왕산골한옥,128.79462643294355,37.66636911752362,,,False
2025-06-03,4200930,왕산구)종점,128.8604095757484,37.623711657099335,0,1,True
2025-06-03,4200929,왕산구)종점,128.8604892853729,37.62367273667524,2,0,True
2025-06-03,4200960,왕산대기교차로,128.80856548851528,37.68962515075815,,,False
2025-06-03,4200959,왕산대기교차로,128.80857307337496,37.68975019804283,,,False
2025-06-03,4200889,왕산리2반,128.80297738702234,37.675963955897956,,,False
2025-06-03,4200888,왕산리2반,128.80288061474792,37.67595542199383,,,False
2025-06-03,4200891,왕산리마을회관,128.79682095717135,37.67030353806043,,,False
2025-06-03,4200890,왕산리마을회관,128.79684011914176,37.670392794275685,,,False
2025-06-03,4200952,왕산면사무소앞,128.83831324436588,37.672144012562036,0,1,True
2025-06-03,4200951,왕산면사무소앞,128.83840731782888,37.6721688588501,8,4,True
2025-06-03,4200928,왕산사,128.8594660677207,37.61509686617323,,,False
2025-06-03,4200927,왕산사,128.85972406418662,37.614998007179736,,,False
2025-06-03,4200955,왕산사슴목장,128.82575088668412,37.681344715824196,,,False
2025-06-03,4200956,왕산사슴목장,128.82565717295802,37.68132318009433,,,False
2025-06-03,4200607,왜골안길,128.9242847541364,37.72773866042556,,,False
2025-06-03,4200606,왜골안길,128.92431613988109,37.72776258609913,2,0,True
2025-06-03,4201035,용강동,128.89127858305645,37.75423171492401,7,45,True
2025-06-03,4201036,용강동,128.89145488440622,37.7543870741593,25,8,True
2025-06-03,4200250,용강동서부시장,128.89174828581776,37.7556582744871,210,51,True
2025-06-03,4200249,용강동서부시장,128.89167287030088,37.75492247590215,151,402,True
2025-06-03,4200874,용봉자동차학원,128.83460209459432,37.72175943182151,,,False
2025-06-03,4200259,용지각,128.90537716328666,37.76184119439877,120,27,True
2025-06-03,4200258,용지각,128.90534669055177,37.76147384168322,109,82,True
2025-06-03,4201407,우미린아파트,128.87047584429433,37.757205866745004,,,False
2025-06-03,4200565,우미린아파트,128.87023572987053,37.75716460769394,33,41,True
2025-06-03,4200241,우성공업사,128.8881180126791,37.77538642162077,11,12,True
2025-06-03,4200520,우신아파트,128.8255393760297,37.87241785986445,4,2,True
2025-06-03,4200123,우편집중국,128.8733706824724,37.76051485370646,6,40,True
2025-06-03,4200124,우편집중국,128.87347187490323,37.76156496879712,165,10,True
2025-06-03,4200600,운산노인회관,128.93671028942424,37.732907768416084,,,False
2025-06-03,4200601,운산노인회관,128.93684858416998,37.73287788594293,,,False
2025-06-03,4200602,운산분교,128.93677350637265,37.730734508227286,3,0,True
2025-06-03,4200603,운산분교,128.93686556902622,37.730747600300575,,,False
2025-06-03,4200390,운양초교,128.85999131659992,37.833521248123965,1,0,True
2025-06-03,4202153,운양초등학교,128.8590953489884,37.83649095483332,2,0,True
2025-06-03,4200198,원마트,128.82575730347685,37.88826959645488,12,70,True
2025-06-03,4201050,원마트,128.9185145864492,37.76040631401962,,,False
2025-06-03,4201232,원마트,128.8255161831108,37.88764901879385,130,12,True
2025-06-03,4201049,원마트,128.91839757804996,37.76020248248705,,,False
2025-06-03,4200787,원예농협강남점,128.8968065666806,37.74246510458876,,,False
2025-06-03,4200788,원예농협강남점,128.89681243940322,37.742695820214294,,,False
2025-06-03,4201059,월호평동,128.94896909223806,37.74860767924179,1,0,True
2025-06-03,4200561,위촌1교,128.85248954070696,37.758669118271264,2,0,True
2025-06-03,4200562,위촌1교,128.85256313236903,37.758700268834,,,False
2025-06-03,4201401,위촌1리마을회관,128.8493169939177,37.752759763627935,,,False
2025-06-03,4201402,위촌1리마을회관,128.84922183855028,37.75276536684672,2,0,True
2025-06-03,4200557,위촌2리경로당,128.84459001673955,37.75958593352651,3,0,True
2025-06-03,4209994,위촌2리경로당,128.8446791622344,37.75971028072801,,,False
2025-06-03,4200558,위촌2리경로당,128.84480889532918,37.75954345559538,,,False
2025-06-03,4201408,위촌리,128.8362872937098,37.75958677922043,3,0,True
2025-06-03,4200556,위촌리,128.83630340406063,37.75966855469253,0,1,True
2025-06-03,4200870,윗회산,128.8624600126061,37.71152374867891,1,0,True
2025-06-03,4200064,윗회산,128.86237406495107,37.71154075190158,,,False
2025-06-03,4200331,유등.백운사입구,128.75900654206438,37.850462767351864,3,0,True
2025-06-03,4200332,유등.백운사입구,128.75795827699417,37.850487600912274,0,2,True
2025-06-03,4200680,유산동노인회관,128.90975279156388,37.73997249911831,0,1,True
2025-06-03,4200679,유산동노인회관,128.9098408904697,37.73999573125917,1,0,True
2025-06-03,4200677,유산민물장어,128.91188581173668,37.73590297036683,,,False
2025-06-03,4200678,유산민물장어,128.9117917615037,37.73586343058287,,,False
2025-06-03,4200555,유천동,128.86153738164376,37.766528036862,,,False
2025-06-03,4200479,유천행복주택,128.86570448042954,37.76159011454386,,,False
2025-06-03,4200039,유화아파트,128.91342886671308,37.785727014906996,30,0,True
2025-06-03,4200363,율곡중정문,128.88882882673292,37.76926965127901,,,False
2025-06-03,4200243,율곡중학교,128.89033943348878,37.77216892177817,18,8,True
2025-06-03,4200242,율곡중학교,128.89021344037266,37.771874448370795,35,15,True
2025-06-03,4200132,율곡초등학교,128.88221538693716,37.765100900268116,45,2,True
2025-06-03,4200770,은마아파트,128.89705025699647,37.747304327883974,,,False
2025-06-03,4200771,은마아파트,128.89677272965307,37.746541962257844,,,False
2025-06-03,4201313,음촌,128.99426321534403,37.590067749479466,1,0,True
2025-06-03,4201312,음촌,128.9943519708324,37.590218452220576,,,False
2025-06-03,4200269,이마트,128.92346774482266,37.772222356268564,19,51,True
2025-06-03,4200270,이마트,128.92290403192536,37.77218493598484,75,10,True
2025-06-03,4200246,이명사거리,128.89177153862124,37.764700407126554,51,58,True
2025-06-03,4200245,이명사거리,128.89157918705828,37.764565078717,149,30,True
2025-06-03,4200043,이화해변타운,128.91744670191798,37.78316591377611,26,0,True
2025-06-03,4201397,임경당입구,128.85065952125555,37.73971869052315,,,False
2025-06-03,4201398,임경당입구,128.85060665622572,37.73967510840446,,,False
2025-06-03,4200573,임곡,128.95981869884417,37.65381523982265,3,0,True
2025-06-03,4200584,임곡1리,128.97599759967915,37.693758829867754,3,0,True
2025-06-03,4200585,임곡1리,128.97590980007564,37.693767123079255,,,False
2025-06-03,4200583,임곡1리마을회관,128.97465402746607,37.69113733741365,,,False
2025-06-03,4200582,임곡1리마을회관,128.9747545332243,37.69109651601256,5,0,True
2025-06-03,4200575,임곡2리마을회관,128.96541432118602,37.66322091980088,,,False
2025-06-03,4200574,임곡2리마을회관,128.96548889686682,37.66318854424863,1,0,True
2025-06-03,4200578,임곡초등학교,128.970266319495,37.67657078197406,1,0,True
2025-06-03,4200579,임곡초등학교,128.97019094901066,37.676575911433936,,,False
2025-06-03,4200893,임내폭포,128.7939174576728,37.66377320023954,,,False
2025-06-03,4200892,임내폭포,128.79372069070962,37.66362299663701,0,1,True
2025-06-03,4200767,입암1주공아파트,128.90600846284408,37.75457671115239,1,7,True
2025-06-03,4200766,입암1주공아파트,128.90620017782277,37.75501242269486,17,6,True
2025-06-03,4201205,입암2.3주공,128.9161850255649,37.765072488547595,145,0,True
2025-06-03,4201206,입암2.3주공,128.9164847952377,37.764981798289845,0,42,True
2025-06-03,4201047,입암4주공아파트,128.91655461094618,37.76166752794127,3,0,True
2025-06-03,4201048,입암4주공아파트,128.9166989706064,37.761858842951916,0,5,True
2025-06-03,4200757,입암5주공아파트,128.91468852686768,37.759901363335864,37,0,True
2025-06-03,4200755,입암6주공아파트,128.91994172349143,37.75895755917794,10,14,True
2025-06-03,4200754,입암6주공아파트,128.9200510349674,37.759167158773394,119,4,True
2025-06-03,4201052,입암6주공오거리,128.91746262041485,37.758678282328006,0,23,True
2025-06-03,4201051,입암6주공오거리,128.91813149011642,37.75937340656549,32,0,True
2025-06-03,4200763,입암현대아파트,128.91229270015563,37.753112836072376,2,10,True
2025-06-03,4200762,입암현대아파트,128.91270364556544,37.753026994257695,39,1,True
2025-06-03,4200742,자루뫼.옹심이마을,128.93910155337016,37.76225882808405,29,5,True
2025-06-03,4200743,자루뫼.옹심이마을,128.93907508604704,37.76218611247613,3,10,True
2025-06-03,4200588,자원순환센터,128.9884350583326,37.69589916205473,6,0,True
2025-06-03,4200589,자원순환센터,128.98825794255524,37.6958847446048,,,False
2025-06-03,4200807,자조와리,128.87870578002008,37.72632672967291,2,0,True
2025-06-03,4200808,자조와리,128.8787893136159,37.726283262247435,2,0,True
2025-06-03,4200886,자포골,128.83086667060377,37.70702334781653,,,False
2025-06-03,4200196,작은다리,128.8261349428677,37.89101262248175,29,102,True
2025-06-03,4200197,작은다리,128.82583778093624,37.88994679111109,167,7,True
2025-06-03,4200454,작은다리사거리,128.82450182834083,37.890319810643184,,,False
2025-06-03,4201147,작은다리사거리,128.82430578974427,37.890298608665205,0,2,True
2025-06-03,4200793,잠수교,128.89948844495035,37.7500516781015,,,False
2025-06-03,4200794,잠수교,128.8998046277538,37.75006345498387,,,False
2025-06-03,4200462,장덕1리,128.79552757430156,37.87818242033292,0,1,True
2025-06-03,4200461,장덕1리,128.7955229122852,37.878113650066226,2,0,True
2025-06-03,4200458,장덕2리,128.77147712645024,37.883516051343115,2,2,True
2025-06-03,4200457,장덕2리,128.77149035836987,37.88343140927676,2,0,True
2025-06-03,4200460,장덕2리마을회관,128.77790630744494,37.87964207357677,1,0,True
2025-06-03,4200459,장덕2리마을회관,128.7777930908638,37.879609504906774,5,4,True
2025-06-03,4201034,장수탕,128.8873508979562,37.75226332684143,6,11,True
2025-06-03,4201033,장수탕,128.88740033590045,37.75217314835415,11,5,True
2025-06-03,4201151,장터마을,128.9723977075807,37.72307968130474,1,0,True
2025-06-03,4201150,장터마을,128.97235424591028,37.72315567930139,5,0,True
2025-06-03,4200116,적십자입구,128.88726321660565,37.757196360936135,15,17,True
2025-06-03,4200117,적십자입구,128.88647213220725,37.75676623567213,55,9,True
2025-06-03,4201125,정동교,129.0324614525895,37.688438171101524,19,3,True
2025-06-03,4201126,정동교,129.03237659003923,37.68846940398579,4,7,True
2025-06-03,4201127,정동진역,129.03224964663548,37.690253441678834,38,5,True
2025-06-03,4201128,정동진역,129.0319921573861,37.69035571739087,12,42,True
2025-06-03,4201123,정동초등학교,129.03393804786398,37.68800336105405,6,2,True
2025-06-03,4201124,정동초등학교,129.03365499665549,37.68789867201399,0,6,True
2025-06-03,4201119,정동해변,129.04025543414897,37.68609620523521,4,11,True
2025-06-03,4201120,정동해변,129.04018588407186,37.686033834572385,,,False
2025-06-03,4200833,제비1리마을회관,128.8620977553537,37.71966811408695,,,False
2025-06-03,4200832,제비1리마을회관,128.8621891338796,37.71968864008052,,,False
2025-06-03,4200826,제비리,128.85827155633717,37.70524685021708,,,False
2025-06-03,4200838,제비리정미소,128.85946417278979,37.72991051863758,,,False
2025-06-03,4200839,제비리정미소,128.8594036715264,37.72987082372568,,,False
2025-06-03,4200878,제비산북교차로,128.85195266618172,37.70260144877975,,,False
2025-06-03,4200879,제비산북교차로,128.85204215694216,37.702600950909385,,,False
2025-06-03,4200825,제비삼거리,128.8615088123862,37.70915992717116,,,False
2025-06-03,4200824,제비삼거리,128.8614786499892,37.70922991859699,,,False
2025-06-03,4200240,젤마을,128.887733025105,37.775438249928285,19,5,True
2025-06-03,4201116,조각공원,129.0419778617943,37.68142324301774,,,False
2025-06-03,4201117,조각공원,129.04194075670452,37.681301432273415,,,False
2025-06-03,4201409,조순생가,128.88832466397164,37.713711387376655,2,0,True
2025-06-03,4201423,조순생가,128.88844816983337,37.713682167259954,,,False
2025-06-03,4200432,종합경기장,128.89654249784542,37.771109941446205,32,2,True
2025-06-03,4200433,종합경기장,128.89677683645317,37.77125900731557,1,10,True
2025-06-03,4200544,종합경기장입구,128.89740621946726,37.770531883728914,1,0,True
2025-06-03,4200292,주공1차아파트,128.88256780330317,37.766843575404636,131,4,True
2025-06-03,4200133,주공1차아파트,128.88288690646792,37.76665665089728,13,28,True
2025-06-03,4200530,주공2차아파트,128.8850454710998,37.768615366200436,9,4,True
2025-06-03,4200566,주공2차아파트,128.88486622636958,37.76845428049225,,,False
2025-06-03,4200129,주공3차아파트,128.87933873663175,37.76410589188944,17,42,True
2025-06-03,4201378,주문10리,128.81057617544894,37.89757955797342,,,False
2025-06-03,4200027,주문10리,128.81049106440693,37.89755886763472,,,False
2025-06-03,4201377,주문10리종점,128.80246523281295,37.89335520402651,2,0,True
2025-06-03,4200189,주문2리,128.83046007450088,37.897540604441176,21,2,True
2025-06-03,4200299,주문2리,128.83067123183636,37.89750003400375,1,9,True
2025-06-03,4201278,주문진등대,128.83413482750083,37.898607108297156,0,1,True
2025-06-03,4201277,주문진등대,128.83402573057427,37.898641534767464,,,False
2025-06-03,4200452,주문진문화교육센터,128.82210321817664,37.88251990280632,,,False
2025-06-03,4200453,주문진문화교육센터,128.8216607096042,37.88251737897711,2,0,True
2025-06-03,4201276,주문진수산시장,128.82844614486706,37.89014411628092,0,15,True
2025-06-03,4201275,주문진수산시장,128.82825290581502,37.88995969444888,23,3,True
2025-06-03,4200200,주문진시외버스터미널,128.8253113527999,37.88508198031381,20,92,True
2025-06-03,4200448,주문진시외버스터미널,128.8255388895829,37.884201127994984,12,14,True
2025-06-03,4200305,주문진시외버스터미널,128.82509871282576,37.88458386690221,164,13,True
2025-06-03,4200202,주문진식자재마트,128.82596782269363,37.881485546216574,39,27,True
2025-06-03,4200029,주문진읍사무소,128.82486977710943,37.892686971435495,,,False
2025-06-03,4201393,주문진읍사무소,128.82369473290439,37.893285463228835,,,False
2025-06-03,4200971,주문진읍사무소,128.8246799183624,37.892745035212215,0,3,True
2025-06-03,4201391,주문진읍사무소,128.8238312459903,37.8934502421149,,,False
2025-06-03,4200308,주문진중.고등학교.강릉정보고,128.82672327638434,37.87982425913257,36,33,True
2025-06-03,4200204,주문진중학교,128.82690197641236,37.87887483229283,110,20,True
2025-06-03,4200532,주문진항,128.8290758047728,37.892766657375546,6,4,True
2025-06-03,4200195,주문진항입구,128.82690557497094,37.892668432750234,24,57,True
2025-06-03,4200194,주문진항입구,128.82670250148865,37.8926318795772,124,20,True
2025-06-03,4200181,주문진해변,128.81692175696733,37.90940788063508,62,0,True
2025-06-03,4200182,주문진해변,128.81704671925502,37.90944057885068,2,85,True
2025-06-03,4202062,주수1리,129.04484649940426,37.61466278284313,,,False
2025-06-03,4202072,주수1리,129.0445825275631,37.61484876921252,,,False
2025-06-03,4202102,주수2리,129.05347399898523,37.618026714837086,,,False
2025-06-03,4202112,주수2리,129.0534798781985,37.618295982570245,,,False
2025-06-03,4200752,중앙초교,128.9223833558042,37.757342016100644,81,3,True
2025-06-03,4200753,중앙초교,128.92202942311576,37.75730416097501,5,17,True
2025-06-03,4200229,즈므.과학단지,128.86079294239343,37.79710821329875,2,6,True
2025-06-03,4200138,즈므.과학단지,128.8604076986006,37.79746479759031,25,3,True
2025-06-03,4200378,즈므교,128.8504671545161,37.79077991715075,,,False
2025-06-03,4200377,즈므교,128.8503710096998,37.790650810639626,,,False
2025-06-03,4200083,지변동,128.87676045382563,37.771874023944235,,,False
2025-06-03,4201406,지암사입구,128.8326543984501,37.76849221810292,1,0,True
2025-06-03,4200412,진고개휴게소,128.65865259925027,37.84288643809636,6,0,True
2025-06-03,4200413,진고개휴게소,128.6587993033944,37.842974758114,,,False
2025-06-03,4200023,진골,128.863668793898,37.7068476306324,,,False
2025-06-03,4200284,진골,128.86337243060487,37.70683089545619,,,False
2025-06-03,4200044,차고지대기(미정차),128.93316603832002,37.76938974153612,,,False
2025-06-03,4200749,차돌광,128.92683577267843,37.75897194822883,1,4,True
2025-06-03,4200748,차돌광,128.92675717507132,37.75922428188879,4,1,True
2025-06-03,4200469,참샘,128.79799114449304,37.90957457625894,2,0,True
2025-06-03,4200638,천주교회,128.91475255178224,37.69917256372598,,,False
2025-06-03,4200637,천주교회,128.9146583268783,37.69918070112344,6,1,True
2025-06-03,4201070,철길건널목앞,128.9484470278131,37.73765389539244,1,0,True
2025-06-03,4201071,철길건널목앞,128.94850270661007,37.73757538406423,0,1,True
2025-06-03,4200219,청솔공원,128.84744835859598,37.832296445829655,9,6,True
2025-06-03,4200314,청솔공원,128.84780404863866,37.83218520189828,4,1,True
2025-06-03,4201234,초당분수공원,128.92421540479356,37.78614360918137,4,57,True
2025-06-03,4201233,초당분수공원,128.9221385517862,37.785996929695614,54,17,True
2025-06-03,4200617,초당순두부마을,128.91553146572582,37.791098464762065,4,13,True
2025-06-03,4200616,초당순두부마을,128.91545728509436,37.791144787216254,,,False
2025-06-03,4202175,큰방파제,128.83179865169402,37.89485760516111,,,False
2025-06-03,4200947,탑동교,128.84609145028975,37.66009383864923,3,0,True
2025-06-03,4200948,탑동교,128.84599983023696,37.66005118972853,1,3,True
2025-06-03,4200119,터미널오거리,128.88381140539954,37.755579088211434,87,10,True
2025-06-03,4200118,터미널오거리,128.8840640923818,37.75608209292866,19,39,True
2025-06-03,4200175,퇴곡,128.75248295369062,37.85110547320165,1,0,True
2025-06-03,4200174,퇴곡,128.75226108332112,37.851299039517386,,,False
2025-06-03,4200329,퇴곡1리경로당,128.74128473074444,37.849334595953835,6,0,True
2025-06-03,4200330,퇴곡1리경로당,128.7415928535256,37.84950756791581,0,3,True
2025-06-03,4200173,퇴곡2리,128.71633081209328,37.84807753595964,,,False
2025-06-03,4200032,퇴곡2리,128.71714904545294,37.84816614353958,,,False
2025-06-03,4200015,퇴곡2리마을회관,128.72561567385543,37.84863292575607,,,False
2025-06-03,4201200,파란바다지역아동센터,128.82465599155947,37.88451042268901,,,False
2025-06-03,4201146,파란바다지역아동센터,128.8248619925949,37.88456697851607,,,False
2025-06-03,4200529,판교2리마을회관,128.84660458171092,37.84287891189836,,,False
2025-06-03,4200391,판교리,128.86009464856716,37.83346652558502,,,False
2025-06-03,4200389,판교리,128.8629774027657,37.834258791663885,,,False
2025-06-03,4200733,평안의집,128.90510785537055,37.74063841474535,1,0,True
2025-06-03,4200734,평안의집,128.90504736881275,37.740698188102115,2,0,True
2025-06-03,4200921,평촌,128.84963218200156,37.552631723106046,,,False
2025-06-03,4200922,평촌,128.84954094616108,37.55267396579829,,,False
2025-06-03,4201236,포남2주공입구,128.91810027987142,37.77873395771816,7,16,True
2025-06-03,4201220,포남2주공입구,128.9179885478381,37.77901498558293,59,2,True
2025-06-03,4200318,포남시장,128.90766061502285,37.76392281820552,99,8,True
2025-06-03,4200084,풋살경기장옆,128.87680703199706,37.77165010517057,7,0,True
2025-06-03,4200806,프라자약국,128.87901214606964,37.728760157474696,4,0,True
2025-06-03,4200805,프라자약국,128.8789292364003,37.728699480498165,0,2,True
2025-06-03,4201091,피내,129.0067163489339,37.64587762691358,,,False
2025-06-03,4201090,피내,129.00674352158242,37.645808828332775,,,False
2025-06-03,4200359,하나로마트내곡점,128.88026417146904,37.7410809708167,127,1,True
2025-06-03,4200360,하나로마트내곡점,128.88016921110417,37.740597240336115,3,36,True
2025-06-03,4201315,하반암,128.98110553425494,37.584185619903295,,,False
2025-06-03,4201314,하반암,128.98089810223846,37.584168867911764,,,False
2025-06-03,4201132,하슬라아트월드,129.01185439171851,37.70733375846832,11,7,True
2025-06-03,4201131,하슬라아트월드,129.0118479436692,37.70752248078149,18,6,True
2025-06-03,4200110,하슬라중,128.90715554439282,37.77053362559672,113,9,True
2025-06-03,4200111,하슬라중,128.90761293140218,37.77043125987649,12,34,True
2025-06-03,4201063,하시동3리3반,128.96021404883618,37.74070043268972,,,False
2025-06-03,4201069,하시동3리3반,128.96017032919647,37.7406590489229,2,1,True
2025-06-03,4201065,하시동3리마을회관,128.95566357584553,37.73740461978908,,,False
2025-06-03,4200028,하시동3리마을회관,128.95568079152127,37.73745764026289,7,0,True
2025-06-03,4201182,하시동입구,128.94045988509035,37.73612720331248,1,0,True
2025-06-03,4201181,하시동입구,128.94066964706647,37.73622577281252,,,False
2025-06-03,4200131,하이빌현대아파트,128.8824547932286,37.764860822549025,7,13,True
2025-06-03,4200669,하이샤시,128.91728256074563,37.71407658570209,2,0,True
2025-06-03,4200670,하이샤시,128.91718137940222,37.71406745689133,,,False
2025-06-03,4200387,하평리,128.86670662673083,37.834355194382326,0,1,True
2025-06-03,4200386,하평리,128.86662078612576,37.834407329862614,,,False
2025-06-03,4200008,하평리,128.87213896973955,37.836286638716444,1,0,True
2025-06-03,4200228,학고개,128.8599242703853,37.80596957371411,3,2,True
2025-06-03,4200227,학고개,128.86104076560957,37.80452897124611,3,3,True
2025-06-03,4200718,학마을앞,128.88924569543022,37.716217165702425,,,False
2025-06-03,4200717,학마을앞,128.88924287497164,37.716130571204594,,,False
2025-06-03,4200720,학산1리,128.8893588713931,37.7158468763211,2,1,True
2025-06-03,4200697,학산1리,128.89410318195965,37.709756692977734,,,False
2025-06-03,4201424,학산1리,128.88951590870155,37.71580085246317,,,False
2025-06-03,4200703,학산2리,128.89237120059903,37.69808781147039,,,False
2025-06-03,4200709,학산2리마을회관,128.8886619883527,37.70619292326437,,,False
2025-06-03,4200710,학산2리마을회관,128.88859103012294,37.70624396434639,2,0,True
2025-06-03,4200657,학산3리마을회관,128.90349173805726,37.7044381914233,,,False
2025-06-03,4200658,학산3리마을회관,128.9032366866668,37.70451960385839,,,False
2025-06-03,4200664,학산기갑부대앞,128.9059307650165,37.71218874629587,,,False
2025-06-03,4200663,학산기갑부대앞,128.90587703156245,37.71210753958188,,,False
2025-06-03,4200695,학산둔지,128.89465764592643,37.71376560853827,,,False
2025-06-03,4200691,학산부대앞,128.9016572721052,37.71202064934549,,,False
2025-06-03,4200662,학산부대앞,128.90202642695186,37.711725950607516,1,0,True
2025-06-03,4200661,학산부대앞,128.9019476905442,37.7115824967992,,,False
2025-06-03,4200685,학산부대후문,128.90185937428248,37.71950094147702,,,False
2025-06-03,4200705,학산설래,128.89315390645208,37.69579111479832,,,False
2025-06-03,4200706,학산설래,128.8930578775653,37.69580131479523,1,1,True
2025-06-03,4200744,학우리,128.93367670500427,37.76075578732405,1,0,True
2025-06-03,4200157,한과마을,128.83514950759155,37.81456555427515,3,0,True
2025-06-03,4200158,한과마을,128.8351667630484,37.81469760511987,,,False
2025-06-03,4200251,한국은행,128.89406630781096,37.753485602290496,913,285,True
2025-06-03,4200095,한국자산관리공사,128.90111921880606,37.75827929877246,60,47,True
2025-06-03,4200780,한국폴리텍대학,128.8886097800722,37.73837235643407,2,0,True
2025-06-03,4200567,한내들아파트,128.8681446784216,37.75790349269205,66,6,True
2025-06-03,4200568,한내들아파트,128.86810919243274,37.75812879141779,,,False
2025-06-03,4202132,한라시멘트,129.05801411879924,37.61804339970914,,,False
2025-06-03,4202122,한라시멘트,129.0576841685535,37.617825813670024,,,False
2025-06-03,4201096,한라아파트,129.0309268732134,37.598168202920746,1,0,True
2025-06-03,4200737,한라아파트,129.03082754941428,37.598166681025575,,,False
2025-06-03,4200231,한밭입구,128.86496052027113,37.791610745411326,1,6,True
2025-06-03,4200230,한밭입구,128.86424835021418,37.79176559208253,8,3,True
2025-06-03,4200641,한빛마을입구,128.9070507747374,37.69408474392719,3,0,True
2025-06-03,4200642,한빛마을입구,128.90709305020837,37.69401534995285,,,False
2025-06-03,4200290,한솔초교,128.91448068318238,37.77500059793141,7,17,True
2025-06-03,4200289,한솔초교,128.9142086436632,37.775058134113436,90,6,True
2025-06-03,4200091,한옥마을,128.877399547533,37.77711052551884,0,1,True
2025-06-03,4200090,한옥마을,128.8775249835254,37.777067812459386,2,0,True
2025-06-03,4201141,한전사택,128.98448942076186,37.73113028141804,5,0,True
2025-06-03,4201142,한전사택,128.9844997909205,37.731015358793705,0,1,True
2025-06-03,4200872,할머니추어탕,128.85042441394495,37.73470101792724,,,False
2025-06-03,4201399,항생골입구,128.84855527295463,37.74848089866381,0,1,True
2025-06-03,4201400,항생골입구,128.84848669485692,37.7484721037036,,,False
2025-06-03,4200056,해당화연립,128.9356053065312,37.7785328972295,1,15,True
2025-06-03,4200055,해당화연립,128.93501598562065,37.778964657496246,30,13,True
2025-06-03,4200144,해살이,128.81433946380196,37.79231712471411,,,False
2025-06-03,4200143,해살이,128.81431621857197,37.79226836473926,4,0,True
2025-06-03,4200554,해송삼거리,128.92513343525474,37.78843042396744,10,0,True
2025-06-03,4200553,해송삼거리,128.9252087534945,37.78824187943356,2,9,True
2025-06-03,4201349,해수리튬연구센터,129.04470822782702,37.636135770169766,1,0,True
2025-06-03,4201346,해수리튬연구센터,129.0451313882053,37.63512172396965,,,False
2025-06-03,4200539,해오름쉼터,128.8415292308554,37.871715916564284,3,4,True
2025-06-03,4200517,해오름쉼터,128.8414184387453,37.87167485028107,1,1,True
2025-06-03,4200283,해운정,128.8896806331549,37.78564440698094,,,False
2025-06-03,4200074,해운정,128.8896478172347,37.78577024652339,3,0,True
2025-06-03,4200659,해찬들,128.90171063124305,37.70707432471398,5,1,True
2025-06-03,4200660,해찬들,128.9016482334898,37.707080017547234,,,False
2025-06-03,4200746,핸들,128.93045204662351,37.75995348297138,,,False
2025-06-03,4200747,핸들,128.9303807394757,37.75966393792041,,,False
2025-06-03,4200341,행정,128.7939888659289,37.852922738954625,,,False
2025-06-03,4200340,행정,128.79244492389662,37.85304272496013,4,0,True
2025-06-03,4200333,행정2리,128.7667909122159,37.85086547031576,,,False
2025-06-03,4200334,행정2리,128.76721113927047,37.850915515839276,,,False
2025-06-03,4201384,행정2리마을회관,128.7837597224069,37.85121868121593,,,False
2025-06-03,4200338,행정2리마을회관,128.783920231759,37.85143615617747,0,2,True
2025-06-03,4200177,행정2리신촌마을,128.7785874984292,37.85062890818297,1,0,True
2025-06-03,4200176,행정2리신촌마을,128.77862819412928,37.85045242944766,1,0,True
2025-06-03,4200232,행정마을,128.8694510816438,37.7889272082235,45,1,True
2025-06-03,4200233,행정마을,128.8703519994515,37.78859256038236,6,13,True
2025-06-03,4202176,향호리,128.8104013560146,37.915168235805275,,,False
2025-06-03,4200473,향호리,128.81023394642006,37.915207861254615,70,22,True
2025-06-03,4202177,향호리,128.81064186477658,37.91536952760439,,,False
2025-06-03,4200180,향호리,128.81000074924998,37.91526938265188,,,False
2025-06-03,4200470,향호삼거리,128.8055443775983,37.91039955131909,,,False
2025-06-03,4200467,향호저수지,128.78868941134147,37.904053051022615,1,1,True
2025-06-03,4200466,향호회관,128.8035439820285,37.89964778843476,1,0,True
2025-06-03,4200371,허균.허난설헌기념공원,128.9099040371541,37.79022786972901,3,5,True
2025-06-03,4201259,허균.허난설헌기념공원,128.90952498226952,37.789422425132265,4,18,True
2025-06-03,4200370,허균.허난설헌기념공원,128.90979333997709,37.79017067397969,,,False
2025-06-03,4201258,허균.허난설헌기념공원,128.9098403915302,37.789953897145395,19,0,True
2025-06-03,4200041,허균생가입구,128.91292892790995,37.78786454215139,17,0,True
2025-06-03,4200647,허난설헌삼거리,128.91326614067623,37.792240418323686,13,12,True
2025-06-03,4200098,허난설헌삼거리,128.9131333359753,37.79177727582709,14,37,True
2025-06-03,4202012,현내1리연탄직매장,129.03280124237224,37.6062049238953,1,0,True
2025-06-03,4202002,현내1리연탄직매장,129.03293193002432,37.60609468782852,0,1,True
2025-06-03,4201309,현내교,129.02932870216884,37.60121947406311,,,False
2025-06-03,4201308,현내교,129.02929130812174,37.60128987598838,,,False
2025-06-03,4200034,현내리,129.03644185085787,37.61785851158642,0,1,True
2025-06-03,4200046,현내리,129.03655884799974,37.617883796095704,1,1,True
2025-06-03,4200130,현대2차아파트,128.87999435131803,37.764311243841746,154,9,True
2025-06-03,4200591,현대모비스,128.98854560129584,37.70748766417137,,,False
2025-06-03,4200590,현대모비스,128.98862075193523,37.70745325617163,,,False
2025-06-03,4201207,현대자동차서비스,128.9189460603978,37.76507644083287,,,False
2025-06-03,4200326,현덕사입구,128.71038523685135,37.84696339414248,2,0,True
2025-06-03,4200172,현덕사입구,128.7097155940442,37.84705089816417,,,False
2025-06-03,4200045,형제막국수,128.86624288991882,37.755124519467394,6,0,True
2025-06-03,4209992,형제막국수,128.8658104402118,37.755293592514285,,,False
2025-06-03,4200265,혜성연립,128.91575952067353,37.76841531999017,17,71,True
2025-06-03,4200266,혜성연립,128.9154402649905,37.76852760326643,179,20,True
2025-06-03,4201064,호장골,128.96090744086658,37.738133233851606,0,1,True
2025-06-03,4201068,호장골,128.96083159328956,37.73815121425806,1,0,True
2025-06-03,4201405,홈방골,128.83894035853254,37.753110338802365,1,0,True
2025-06-03,4201029,홍제I.C,128.87894077910576,37.74749468304007,0,6,True
2025-06-03,4201028,홍제I.C,128.8794230311205,37.7473811776377,7,0,True
2025-06-03,4201030,홍제동주민센터,128.88454291738702,37.74807153236862,4,20,True
2025-06-03,4200067,홍제동주민센터,128.8842229051066,37.747848454396006,31,9,True
2025-06-03,4200683,화신주방,128.90243322099724,37.721781731022375,,,False
2025-06-03,4200615,화실길,128.85175310347609,37.575351952404525,,,False
2025-06-03,4200614,화실길,128.85164256606296,37.57535230419804,,,False
2025-06-03,4201324,황기골,128.95704823893803,37.573480554142556,,,False
2025-06-03,4201325,황기골,128.9570289624241,37.57336816682693,2,0,True
2025-06-03,4200845,회산교,128.86893532851613,37.74168123777201,0,8,True
2025-06-03,4200844,회산교,128.86938257728545,37.741799533605175,9,0,True
2025-06-03,4200398,회산종점,128.8605464983993,37.731597103272264,14,1,True
2025-06-03,4200847,회산주공1단지,128.87955033053632,37.744879735537495,1,8,True
2025-06-03,4200846,회산주공1단지,128.87934233274848,37.74463886683866,44,0,True
2025-06-03,4200758,회산주공2단지,128.8755135006868,37.7435978056025,5,13,True
2025-06-03,4200062,회산주공2단지,128.87633822960112,37.74368399842067,67,5,True
2025-06-03,4201115,효도마을,129.04503133124638,37.67430713535879,,,False
2025-06-03,4201114,효도마을,129.04512985205253,37.674325626528194,,,False
2025-06-03,4201293,흑시골,129.02374105990518,37.577665442657434,,,False
2025-06-03,4201292,흑시골,129.023679012477,37.57773843891508,1,0,True
