sttn_id,sttn_nm,longitude,latitude,coordinate_source,coordinate_retrieved_at,bis_api_name,in_analysis_bbox,annual_2025_ride_nope,annual_2025_goff_nope,annual_record_present,danoje_start,danoje_end,danoje_ride_nope,danoje_goff_nope,danoje_days_with_record,danoje_days_supplied
4201421,(구)월호평동사무소,128.93612294474602,37.73542207247549,https://bis.gn.go.kr/search/station,2026-09-25T06:03:45.938750+00:00,(구)월호평동사무소,True,,,False,2025-05-27,2025-06-03,,,0,8
4200106,KT,128.91181164590185,37.77275858732733,https://bis.gn.go.kr/search/station,2026-09-25T06:03:45.938750+00:00,KT,True,89366,8297,True,2025-05-27,2025-06-03,3007,151,8,8
4200107,KT,128.9125052185983,37.77309475265464,https://bis.gn.go.kr/search/station,2026-09-25T06:03:45.938750+00:00,KT,True,21908,24618,True,2025-05-27,2025-06-03,473,760,8,8
4200797,KTX공영주차장환승장,128.8967850727094,37.762190942376556,https://bis.gn.go.kr/search/station,2026-09-25T06:03:45.938750+00:00,KTX공영주차장환승장,True,2442,1636,True,2025-05-27,2025-06-03,61,31,8,8
4200547,e-편한세상아파트,128.895218937497,37.769600465674785,https://bis.gn.go.kr/search/station,2026-09-25T06:03:45.938750+00:00,e-편한세상아파트,True,1920,1871,True,2025-05-27,2025-06-03,48,59,8,8
4200546,e-편한세상아파트,128.89508217030252,37.76981271024109,https://bis.gn.go.kr/search/station,2026-09-25T06:03:45.938750+00:00,e-편한세상아파트,True,7600,2103,True,2025-05-27,2025-06-03,241,52,8,8
4200368,가둔지유적,128.882327030694,37.82527019767428,https://bis.gn.go.kr/search/station,2026-09-25T06:03:45.938750+00:00,가둔지유적,False,183,158,True,2025-05-27,2025-06-03,3,0,2,8
4200369,가둔지유적,128.882153019297,37.82520493756786,https://bis.gn.go.kr/search/station,2026-09-25T06:03:45.938750+00:00,가둔지유적,False,292,75,True,2025-05-27,2025-06-03,6,6,5,8
4200969,가마골,128.79478117549075,37.72231567644804,https://bis.gn.go.kr/search/station,2026-09-25T06:03:45.938750+00:00,가마골,False,718,74,True,2025-05-27,2025-06-03,21,3,8,8
4200533,가마골,128.79546755385968,37.722099902068294,https://bis.gn.go.kr/search/station,2026-09-25T06:03:45.938750+00:00,가마골,False,399,285,True,2025-05-27,2025-06-03,6,4,5,8
4201327,가사골,128.95364127595002,37.572947377645065,https://bis.gn.go.kr/search/station,2026-09-25T06:03:45.938750+00:00,가사골,False,4,0,True,2025-05-27,2025-06-03,,,0,8
4201326,가사골,128.95366508671376,37.57302501168563,https://bis.gn.go.kr/search/station,2026-09-25T06:03:45.938750+00:00,가사골,False,7,0,True,2025-05-27,2025-06-03,,,0,8
4201376,가작다리입구,128.8944549231389,37.76589747732919,https://bis.gn.go.kr/search/station,2026-09-25T06:03:45.938750+00:00,가작다리입구,True,639,975,True,2025-05-27,2025-06-03,30,29,8,8
4201375,가작다리입구,128.8943546413669,37.766101443660936,https://bis.gn.go.kr/search/station,2026-09-25T06:03:45.938750+00:00,가작다리입구,True,1393,922,True,2025-05-27,2025-06-03,22,14,8,8
4200726,가축위생시험사업소,128.90125274168807,37.729547291652196,https://bis.gn.go.kr/search/station,2026-09-25T06:03:45.938750+00:00,가축위생시험사업소,False,5,73,True,2025-05-27,2025-06-03,0,3,3,8
4200725,가축위생시험사업소,128.90146946473587,37.729510021653965,https://bis.gn.go.kr/search/station,2026-09-25T06:03:45.938750+00:00,가축위생시험사업소,False,398,8,True,2025-05-27,2025-06-03,16,0,6,8
4200050,가톨릭관동대북문,128.8721246228799,37.73769671240302,https://bis.gn.go.kr/search/station,2026-09-25T06:03:45.938750+00:00,가톨릭관동대북문,True,15131,1299,True,2025-05-27,2025-06-03,477,34,8,8
4200063,가톨릭관동대학교,128.87804152995903,37.738296118202754,https://bis.gn.go.kr/search/station,2026-09-25T06:03:45.938750+00:00,가톨릭관동대학교,True,104531,28285,True,2025-05-27,2025-06-03,3052,830,8,8
4200164,갈골한과,128.84368704633178,37.82462303691711,https://bis.gn.go.kr/search/station,2026-09-25T06:03:45.938750+00:00,갈골한과,False,4,120,True,2025-05-27,2025-06-03,0,2,2,8
4200163,갈골한과,128.84366180450007,37.82449975412136,https://bis.gn.go.kr/search/station,2026-09-25T06:03:45.938750+00:00,갈골한과,False,140,3,True,2025-05-27,2025-06-03,3,0,3,8
4200577,갈버든,128.96722169547306,37.666241797535086,https://bis.gn.go.kr/search/station,2026-09-25T06:03:45.938750+00:00,갈버든,False,1,5,True,2025-05-27,2025-06-03,,,0,8
4200576,갈버든,128.9673126799485,37.66623695179046,https://bis.gn.go.kr/search/station,2026-09-25T06:03:45.938750+00:00,갈버든,False,103,1,True,2025-05-27,2025-06-03,2,0,2,8
4200982,감나무민박,128.7987894816223,37.73785238030648,https://bis.gn.go.kr/search/station,2026-09-25T06:03:45.938750+00:00,감나무민박,False,24,3,True,2025-05-27,2025-06-03,,,0,8
4200981,감나무민박,128.79885844666603,37.737822198803215,https://bis.gn.go.kr/search/station,2026-09-25T06:03:45.938750+00:00,감나무민박,False,10,3,True,2025-05-27,2025-06-03,,,0,8
4200914,감자채종포마을,128.83346021183766,37.53338333057324,https://bis.gn.go.kr/search/station,2026-09-25T06:03:45.938750+00:00,감자채종포마을,False,1,10,True,2025-05-27,2025-06-03,,,0,8
4200915,감자채종포마을,128.8336264013535,37.53350667836036,https://bis.gn.go.kr/search/station,2026-09-25T06:03:45.938750+00:00,감자채종포마을,False,515,7,True,2025-05-27,2025-06-03,14,0,6,8
4200789,강남동주민센터,128.9049218912141,37.74425517651889,https://bis.gn.go.kr/search/station,2026-09-25T06:03:45.938750+00:00,강남동주민센터,True,309,8,True,2025-05-27,2025-06-03,6,0,4,8
4201177,강동면사무소,128.9546118972993,37.72728097155823,https://bis.gn.go.kr/search/station,2026-09-25T06:03:45.938750+00:00,강동면사무소,False,841,1312,True,2025-05-27,2025-06-03,31,31,8,8
4200005,강동무료주차장,129.03151265934136,37.688945395109045,https://bis.gn.go.kr/search/station,2026-09-25T06:03:45.938750+00:00,강동무료주차장,False,815,17,True,2025-05-27,2025-06-03,19,1,6,8
4200019,강동무료주차장,129.03136520192535,37.68890256497467,https://bis.gn.go.kr/search/station,2026-09-25T06:03:45.938750+00:00,강동무료주차장,False,453,1059,True,2025-05-27,2025-06-03,13,24,8,8
4200016,강동종합복지회관,128.9534097899608,37.72765187744945,https://bis.gn.go.kr/search/station,2026-09-25T06:03:45.938750+00:00,강동종합복지회관,False,4523,1384,True,2025-05-27,2025-06-03,147,77,8,8
4200026,강동종합복지회관,128.95225785335822,37.72821012800672,https://bis.gn.go.kr/search/station,2026-09-25T06:03:45.938750+00:00,강동종합복지회관,False,184,380,True,2025-05-27,2025-06-03,8,14,7,8
4201178,강동하나로마트,128.95391314710383,37.72680705851969,https://bis.gn.go.kr/search/station,2026-09-25T06:03:45.938750+00:00,강동하나로마트,False,62,26,True,2025-05-27,2025-06-03,0,1,1,8
4200525,강동하나로마트,128.95401701690832,37.726761856774424,https://bis.gn.go.kr/search/station,2026-09-25T06:03:45.938750+00:00,강동하나로마트,False,56,48,True,2025-05-27,2025-06-03,1,1,2,8
4200542,강릉MBC,128.90392601394964,37.77039013888439,https://bis.gn.go.kr/search/station,2026-09-25T06:03:45.938750+00:00,강릉MBC,True,813,130,True,2025-05-27,2025-06-03,20,7,8,8
4200058,강릉경찰서,128.906855517511,37.76775326359568,https://bis.gn.go.kr/search/station,2026-09-25T06:03:45.938750+00:00,강릉경찰서,True,1338,3839,True,2025-05-27,2025-06-03,24,107,8,8
4200057,강릉경찰서,128.90688706685629,37.768055768979885,https://bis.gn.go.kr/search/station,2026-09-25T06:03:45.938750+00:00,강릉경찰서,True,19765,2827,True,2025-05-27,2025-06-03,506,64,8,8
4200287,강릉고등학교,128.91470458416677,37.788540253578724,https://bis.gn.go.kr/search/station,2026-09-25T06:03:45.938750+00:00,강릉고등학교,True,22415,220,True,2025-05-27,2025-06-03,632,3,8,8
4200101,강릉고입구,128.92013482012848,37.783607089094346,https://bis.gn.go.kr/search/station,2026-09-25T06:03:45.938750+00:00,강릉고입구,True,30496,2605,True,2025-05-27,2025-06-03,860,52,8,8
4200102,강릉고입구,128.92044843215433,37.78352944320342,https://bis.gn.go.kr/search/station,2026-09-25T06:03:45.938750+00:00,강릉고입구,True,5588,12079,True,2025-05-27,2025-06-03,140,323,8,8
4200048,강릉고정문,128.91587216477294,37.7875280017598,https://bis.gn.go.kr/search/station,2026-09-25T06:03:45.938750+00:00,강릉고정문,True,3621,311,True,2025-05-27,2025-06-03,96,11,8,8
4200047,강릉고정문,128.91550078840652,37.78828834947499,https://bis.gn.go.kr/search/station,2026-09-25T06:03:45.938750+00:00,강릉고정문,True,1604,21600,True,2025-05-27,2025-06-03,34,559,8,8
4200112,강릉관광개발공사,128.9085231695166,37.76800046518587,https://bis.gn.go.kr/search/station,2026-09-25T06:03:45.938750+00:00,강릉관광개발공사,True,6300,2228,True,2025-05-27,2025-06-03,188,53,8,8
4200113,강릉관광개발공사,128.90865897771857,37.76820323697218,https://bis.gn.go.kr/search/station,2026-09-25T06:03:45.938750+00:00,강릉관광개발공사,True,4335,6297,True,2025-05-27,2025-06-03,95,148,8,8
4201024,강릉교도소,128.86643612221636,37.745817949506176,https://bis.gn.go.kr/search/station,2026-09-25T06:03:45.938750+00:00,강릉교도소,True,1985,75,True,2025-05-27,2025-06-03,38,1,8,8
4201023,강릉교도소,128.8655195073396,37.7459157793766,https://bis.gn.go.kr/search/station,2026-09-25T06:03:45.938750+00:00,강릉교도소,True,35,1709,True,2025-05-27,2025-06-03,1,39,8,8
4200430,강릉국민체육센터,128.89711747432256,37.77640154864734,https://bis.gn.go.kr/search/station,2026-09-25T06:03:45.938750+00:00,강릉국민체육센터,True,648,2931,True,2025-05-27,2025-06-03,22,78,8,8
4200431,강릉국민체육센터,128.8964868887264,37.776906315186,https://bis.gn.go.kr/search/station,2026-09-25T06:03:45.938750+00:00,강릉국민체육센터,True,5598,283,True,2025-05-27,2025-06-03,158,3,8,8
4200881,강릉기도원입구,128.8490436050476,37.69867520520206,https://bis.gn.go.kr/search/station,2026-09-25T06:03:45.938750+00:00,강릉기도원입구,False,2,11,True,2025-05-27,2025-06-03,,,0,8
4200880,강릉기도원입구,128.84913047105903,37.69875658463013,https://bis.gn.go.kr/search/station,2026-09-25T06:03:45.938750+00:00,강릉기도원입구,False,74,1,True,2025-05-27,2025-06-03,2,0,2,8
4201257,강릉녹색도시체험센터,128.90662264590688,37.78655657001431,https://bis.gn.go.kr/search/station,2026-09-25T06:03:45.938750+00:00,강릉녹색도시체험센터,True,4572,962,True,2025-05-27,2025-06-03,101,28,8,8
4201256,강릉녹색도시체험센터,128.90742209068117,37.786856581754364,https://bis.gn.go.kr/search/station,2026-09-25T06:03:45.938750+00:00,강릉녹색도시체험센터,True,3028,3736,True,2025-05-27,2025-06-03,70,88,8,8
4201038,강릉농협중앙지점,128.90002047054392,37.7602043259228,https://bis.gn.go.kr/search/station,2026-09-25T06:03:45.938750+00:00,강릉농협중앙지점,True,6295,4449,True,2025-05-27,2025-06-03,120,93,8,8
4201039,강릉농협중앙지점,128.8996914930678,37.76005119983009,https://bis.gn.go.kr/search/station,2026-09-25T06:03:45.938750+00:00,강릉농협중앙지점,True,4431,4022,True,2025-05-27,2025-06-03,103,124,8,8
4200852,강릉대도호부관아,128.8916610029413,37.75117323796815,https://bis.gn.go.kr/search/station,2026-09-25T06:03:45.938750+00:00,강릉대도호부관아,True,14242,4353,True,2025-05-27,2025-06-03,447,234,8,8
4200853,강릉대도호부관아,128.89234522879923,37.75163825691615,https://bis.gn.go.kr/search/station,2026-09-25T06:03:45.938750+00:00,강릉대도호부관아,True,6473,18540,True,2025-05-27,2025-06-03,215,611,8,8
4200146,강릉면허시험장,128.81937813512624,37.79573671702786,https://bis.gn.go.kr/search/station,2026-09-25T06:03:45.938750+00:00,강릉면허시험장,False,3,376,True,2025-05-27,2025-06-03,0,5,3,8
4200145,강릉면허시험장,128.81940419285692,37.79563172548221,https://bis.gn.go.kr/search/station,2026-09-25T06:03:45.938750+00:00,강릉면허시험장,False,584,7,True,2025-05-27,2025-06-03,13,0,4,8
4200122,강릉문화원,128.8740921031382,37.75789663608161,https://bis.gn.go.kr/search/station,2026-09-25T06:03:45.938750+00:00,강릉문화원,True,2730,9178,True,2025-05-27,2025-06-03,62,267,8,8
4201136,강릉바다내음캠핑장,129.00390469104653,37.71858688540818,https://bis.gn.go.kr/search/station,2026-09-25T06:03:45.938750+00:00,강릉바다내음캠핑장,False,27,96,True,2025-05-27,2025-06-03,0,2,1,8
4201135,강릉바다내음캠핑장,129.0043696849979,37.7181216327924,https://bis.gn.go.kr/search/station,2026-09-25T06:03:45.938750+00:00,강릉바다내음캠핑장,False,26,25,True,2025-05-27,2025-06-03,2,2,3,8
4200400,강릉복합복지체육센터,128.87000704257403,37.762859214055275,https://bis.gn.go.kr/search/station,2026-09-25T06:03:45.938750+00:00,강릉복합복지체육센터,True,5111,1450,True,2025-05-27,2025-06-03,138,40,8,8
4200401,강릉복합복지체육센터,128.87017698555522,37.76290354322161,https://bis.gn.go.kr/search/station,2026-09-25T06:03:45.938750+00:00,강릉복합복지체육센터,True,2321,4722,True,2025-05-27,2025-06-03,62,130,8,8
4200291,강릉소방서,128.87109869210374,37.758191496775595,https://bis.gn.go.kr/search/station,2026-09-25T06:03:45.938750+00:00,강릉소방서,True,3225,2757,True,2025-05-27,2025-06-03,57,71,8,8
4200548,강릉소방서,128.87119323619314,37.7580009949989,https://bis.gn.go.kr/search/station,2026-09-25T06:03:45.938750+00:00,강릉소방서,True,30357,3719,True,2025-05-27,2025-06-03,1048,95,8,8
4200009,강릉솔향수목원,128.86668479243338,37.701851797491,https://bis.gn.go.kr/search/station,2026-09-25T06:03:45.938750+00:00,강릉솔향수목원,False,56,12,True,2025-05-27,2025-06-03,,,0,8
4201144,강릉승마장,128.9814636223547,37.728585253094074,https://bis.gn.go.kr/search/station,2026-09-25T06:03:45.938750+00:00,강릉승마장,False,19,116,True,2025-05-27,2025-06-03,0,2,2,8
4201143,강릉승마장,128.98140559088012,37.728642395571235,https://bis.gn.go.kr/search/station,2026-09-25T06:03:45.938750+00:00,강릉승마장,False,271,8,True,2025-05-27,2025-06-03,10,1,5,8
4200120,강릉시외.고속터미널,128.8792265208128,37.75505492071011,https://bis.gn.go.kr/search/station,2026-09-25T06:03:45.938750+00:00,강릉시외.고속터미널,True,62067,82858,True,2025-05-27,2025-06-03,1440,2180,8,8
4200121,강릉시외.고속터미널,128.87911620808939,37.75486594086855,https://bis.gn.go.kr/search/station,2026-09-25T06:03:45.938750+00:00,강릉시외.고속터미널,True,184800,40323,True,2025-05-27,2025-06-03,4995,1024,8,8
4201027,강릉시청,128.8780384572547,37.75085435055292,https://bis.gn.go.kr/search/station,2026-09-25T06:03:45.938750+00:00,강릉시청,True,17,292,True,2025-05-27,2025-06-03,0,4,2,8
4200750,강릉시청앞,128.88013307678156,37.753651204654936,https://bis.gn.go.kr/search/station,2026-09-25T06:03:45.938750+00:00,강릉시청앞,True,350,886,True,2025-05-27,2025-06-03,5,16,7,8
4201237,강릉아산병원(강릉방면),128.8575951802683,37.81786664293397,https://bis.gn.go.kr/search/station,2026-09-25T06:03:45.938750+00:00,강릉아산병원(강릉방면),False,12787,1597,True,2025-05-27,2025-06-03,306,39,8,8
4200446,강릉아산병원(주문진방면),128.8575142394361,37.817740516347506,https://bis.gn.go.kr/search/station,2026-09-25T06:03:45.938750+00:00,강릉아산병원(주문진방면),False,3024,5436,True,2025-05-27,2025-06-03,49,121,8,8
4200317,강릉아산병원.강릉약국,128.856152685967,37.816231407654854,https://bis.gn.go.kr/search/station,2026-09-25T06:03:45.938750+00:00,강릉아산병원.강릉약국,False,71663,8536,True,2025-05-27,2025-06-03,1810,180,8,8
4200418,강릉아산병원.강릉약국,128.8564121349402,37.81631278949057,https://bis.gn.go.kr/search/station,2026-09-25T06:03:45.938750+00:00,강릉아산병원.강릉약국,False,20724,28205,True,2025-05-27,2025-06-03,457,643,8,8
4200612,강릉아이스아레나,128.89502259832767,37.78025795268572,https://bis.gn.go.kr/search/station,2026-09-25T06:03:45.938750+00:00,강릉아이스아레나,True,3610,331,True,2025-05-27,2025-06-03,96,13,8,8
4200006,강릉아이스아레나,128.89519306784848,37.78029319605429,https://bis.gn.go.kr/search/station,2026-09-25T06:03:45.938750+00:00,강릉아이스아레나,True,534,2137,True,2025-05-27,2025-06-03,14,40,8,8
4200094,강릉여고,128.90248424479844,37.75904463050879,https://bis.gn.go.kr/search/station,2026-09-25T06:03:45.938750+00:00,강릉여고,True,71120,41625,True,2025-05-27,2025-06-03,1628,947,8,8
4201203,강릉여고정문,128.90560348975578,37.75872376948264,https://bis.gn.go.kr/search/station,2026-09-25T06:03:45.938750+00:00,강릉여고정문,True,369,635,True,2025-05-27,2025-06-03,9,19,8,8
4201202,강릉여고정문,128.90529773129947,37.759257611132256,https://bis.gn.go.kr/search/station,2026-09-25T06:03:45.938750+00:00,강릉여고정문,True,979,449,True,2025-05-27,2025-06-03,23,8,7,8
4200721,강릉역,128.8992580056024,37.76416330670135,https://bis.gn.go.kr/search/station,2026-09-25T06:03:45.938750+00:00,강릉역,True,220190,70725,True,2025-05-27,2025-06-03,5392,1706,8,8
4200293,강릉역건너편,128.8990669694857,37.76400772021464,https://bis.gn.go.kr/search/station,2026-09-25T06:03:45.938750+00:00,강릉역건너편,True,55613,47266,True,2025-05-27,2025-06-03,1535,1186,8,8
4200624,강릉역공영주차장,128.89773544865136,37.76439168846434,https://bis.gn.go.kr/search/station,2026-09-25T06:03:45.938750+00:00,강릉역공영주차장,True,373,199,True,2025-05-27,2025-06-03,14,15,8,8
4200625,강릉역공영주차장,128.89784270199107,37.76437149155158,https://bis.gn.go.kr/search/station,2026-09-25T06:03:45.938750+00:00,강릉역공영주차장,True,195,379,True,2025-05-27,2025-06-03,10,11,7,8
4200319,강릉역육거리,128.90168116661832,37.76358515067785,https://bis.gn.go.kr/search/station,2026-09-25T06:03:45.938750+00:00,강릉역육거리,True,1784,1497,True,2025-05-27,2025-06-03,38,33,8,8
4200320,강릉역육거리,128.9015605860337,37.763796951176055,https://bis.gn.go.kr/search/station,2026-09-25T06:03:45.938750+00:00,강릉역육거리,True,11605,7467,True,2025-05-27,2025-06-03,268,153,8,8
4201022,강릉영동대학,128.8591288923703,37.74495955027462,https://bis.gn.go.kr/search/station,2026-09-25T06:03:45.938750+00:00,강릉영동대학,False,293,8955,True,2025-05-27,2025-06-03,9,280,8,8
4201021,강릉영동대학,128.85922425091306,37.74487059276654,https://bis.gn.go.kr/search/station,2026-09-25T06:03:45.938750+00:00,강릉영동대학,False,35664,571,True,2025-05-27,2025-06-03,1166,14,8,8
4200850,강릉의료원,128.88880799404643,37.748819708567,https://bis.gn.go.kr/search/station,2026-09-25T06:03:45.938750+00:00,강릉의료원,True,4463,7270,True,2025-05-27,2025-06-03,172,167,8,8
4200851,강릉의료원,128.89091430945297,37.74975576653371,https://bis.gn.go.kr/search/station,2026-09-25T06:03:45.938750+00:00,강릉의료원,True,6317,3545,True,2025-05-27,2025-06-03,208,306,8,8
4200650,강릉자동차극장,128.89662514456037,37.69318993028765,https://bis.gn.go.kr/search/station,2026-09-25T06:03:45.938750+00:00,강릉자동차극장,False,,,False,2025-05-27,2025-06-03,,,0,8
4200649,강릉자동차극장,128.89682798746503,37.69309290590324,https://bis.gn.go.kr/search/station,2026-09-25T06:03:45.938750+00:00,강릉자동차극장,False,635,55,True,2025-05-27,2025-06-03,19,0,8,8
4200033,강릉전파관리소,128.83186726371997,37.85836861510729,https://bis.gn.go.kr/search/station,2026-09-25T06:03:45.938750+00:00,강릉전파관리소,False,,,False,2025-05-27,2025-06-03,,,0,8
4200035,강릉전파관리소,128.83226068928573,37.85830420673383,https://bis.gn.go.kr/search/station,2026-09-25T06:03:45.938750+00:00,강릉전파관리소,False,,,False,2025-05-27,2025-06-03,,,0,8
4200247,강릉제일고,128.8918779735197,37.759537356247826,https://bis.gn.go.kr/search/station,2026-09-25T06:03:45.938750+00:00,강릉제일고,True,21596,17694,True,2025-05-27,2025-06-03,469,570,8,8
4200248,강릉제일고,128.89200478710157,37.759050283679514,https://bis.gn.go.kr/search/station,2026-09-25T06:03:45.938750+00:00,강릉제일고,True,23053,12178,True,2025-05-27,2025-06-03,609,266,8,8
4200761,강릉중앙고,128.912160218414,37.75937561358479,https://bis.gn.go.kr/search/station,2026-09-25T06:03:45.938750+00:00,강릉중앙고,True,537,1114,True,2025-05-27,2025-06-03,16,25,8,8
4200760,강릉중앙고,128.9128964493442,37.75959593531339,https://bis.gn.go.kr/search/station,2026-09-25T06:03:45.938750+00:00,강릉중앙고,True,5519,228,True,2025-05-27,2025-06-03,150,13,8,8
4201197,강릉중입구,128.9042740269736,37.752586182446684,https://bis.gn.go.kr/search/station,2026-09-25T06:03:45.938750+00:00,강릉중입구,True,7228,507,True,2025-05-27,2025-06-03,324,17,8,8
4201196,강릉중입구,128.90469921141985,37.752586496675974,https://bis.gn.go.kr/search/station,2026-09-25T06:03:45.938750+00:00,강릉중입구,True,965,2956,True,2025-05-27,2025-06-03,22,98,8,8
4200321,강릉축산농협,128.9049229187372,37.76619229629584,https://bis.gn.go.kr/search/station,2026-09-25T06:03:45.938750+00:00,강릉축산농협,True,2272,5165,True,2025-05-27,2025-06-03,39,113,8,8
4201138,강릉통일공원,128.99659850067323,37.72434136600358,https://bis.gn.go.kr/search/station,2026-09-25T06:03:45.938750+00:00,강릉통일공원,False,70,82,True,2025-05-27,2025-06-03,6,5,4,8
4201137,강릉통일공원,128.99670944982654,37.7243539137021,https://bis.gn.go.kr/search/station,2026-09-25T06:03:45.938750+00:00,강릉통일공원,False,110,136,True,2025-05-27,2025-06-03,3,1,3,8
4209998,강문해변,128.91631032849583,37.79540813828357,https://bis.gn.go.kr/search/station,2026-09-25T06:03:45.938750+00:00,강문해변,True,5101,2154,True,2025-05-27,2025-06-03,87,42,8,8
4200613,강문해변,128.91641678869786,37.79529298920251,https://bis.gn.go.kr/search/station,2026-09-25T06:03:45.938750+00:00,강문해변,True,14406,19705,True,2025-05-27,2025-06-03,258,376,8,8
4201261,강문해변입구,128.9152492720649,37.794762154181576,https://bis.gn.go.kr/search/station,2026-09-25T06:03:45.938750+00:00,강문해변입구,True,8066,33127,True,2025-05-27,2025-06-03,158,653,8,8
4201260,강문해변입구,128.91519487645675,37.79459950672752,https://bis.gn.go.kr/search/station,2026-09-25T06:03:45.938750+00:00,강문해변입구,True,27978,1546,True,2025-05-27,2025-06-03,749,40,8,8
4200356,강원대학교,128.87391738137654,37.77033026766949,https://bis.gn.go.kr/search/station,2026-09-25T06:03:45.938750+00:00,강원대학교,True,47677,10615,True,2025-05-27,2025-06-03,1670,274,8,8
4201041,강원대학교입구,128.87514521071003,37.77009542292022,https://bis.gn.go.kr/search/station,2026-09-25T06:03:45.938750+00:00,강원대학교입구,True,4526,2586,True,2025-05-27,2025-06-03,124,68,8,8
4201042,강원대학교입구,128.87494102107277,37.7696221436885,https://bis.gn.go.kr/search/station,2026-09-25T06:03:45.938750+00:00,강원대학교입구,True,4000,2214,True,2025-05-27,2025-06-03,132,49,8,8
4200085,강원대학교입구,128.874129341808,37.77078800232456,https://bis.gn.go.kr/search/station,2026-09-25T06:03:45.938750+00:00,강원대학교입구,True,,,False,2025-05-27,2025-06-03,,,0,8
4209996,강원대학교치과대학병원,128.86960214597158,37.764020747480245,https://bis.gn.go.kr/search/station,2026-09-25T06:03:45.938750+00:00,강원대학교치과대학병원,True,,,False,2025-05-27,2025-06-03,,,0,8
4209995,강원대학교치과대학병원,128.86959763767547,37.76381436688745,https://bis.gn.go.kr/search/station,2026-09-25T06:03:45.938750+00:00,강원대학교치과대학병원,True,243,419,True,2025-05-27,2025-06-03,7,8,5,8
4200086,강원대학교후문,128.8748802531449,37.77322772576275,https://bis.gn.go.kr/search/station,2026-09-25T06:03:45.938750+00:00,강원대학교후문,True,47,4517,True,2025-05-27,2025-06-03,2,119,8,8
4200087,강원대학교후문,128.87498639848286,37.77315204059329,https://bis.gn.go.kr/search/station,2026-09-25T06:03:45.938750+00:00,강원대학교후문,True,21465,107,True,2025-05-27,2025-06-03,564,3,8,8
4200059,강원도교육연수원,128.9180532877992,37.78499697853126,https://bis.gn.go.kr/search/station,2026-09-25T06:03:45.938750+00:00,강원도교육연수원,True,536,167,True,2025-05-27,2025-06-03,13,5,7,8
4200100,강원도교육연수원,128.91813970318609,37.785074864473685,https://bis.gn.go.kr/search/station,2026-09-25T06:03:45.938750+00:00,강원도교육연수원,True,579,10708,True,2025-05-27,2025-06-03,4,255,8,8
4200205,강원도립대,128.82840415011668,37.87652579934979,https://bis.gn.go.kr/search/station,2026-09-25T06:03:45.938750+00:00,강원도립대,False,40900,7582,True,2025-05-27,2025-06-03,1244,179,8,8
4200206,강원도립대,128.8283096996467,37.87693859362977,https://bis.gn.go.kr/search/station,2026-09-25T06:03:45.938750+00:00,강원도립대,False,18939,16611,True,2025-05-27,2025-06-03,412,477,8,8
4200836,강원예술고교,128.8616868324728,37.72543906074348,https://bis.gn.go.kr/search/station,2026-09-25T06:03:45.938750+00:00,강원예술고교,False,78,7,True,2025-05-27,2025-06-03,4,0,4,8
4200837,강원예술고교,128.86150617422848,37.725488347649346,https://bis.gn.go.kr/search/station,2026-09-25T06:03:45.938750+00:00,강원예술고교,False,4,10,True,2025-05-27,2025-06-03,,,0,8
4200081,강일여고정문,128.88831689919587,37.76415997041872,https://bis.gn.go.kr/search/station,2026-09-25T06:03:45.938750+00:00,강일여고정문,True,142,285,True,2025-05-27,2025-06-03,3,9,7,8
4200082,강일여고정문,128.8875516595327,37.76393626119314,https://bis.gn.go.kr/search/station,2026-09-25T06:03:45.938750+00:00,강일여고정문,True,245,297,True,2025-05-27,2025-06-03,5,7,5,8
4200840,강일운수(회산한신더휴아파트),128.8635961632995,37.73687831617277,https://bis.gn.go.kr/search/station,2026-09-25T06:03:45.938750+00:00,강일운수(회산한신더휴아파트),True,11367,106,True,2025-05-27,2025-06-03,417,3,8,8
4200841,강일운수(회산한신더휴아파트),128.86326996430768,37.736857601908014,https://bis.gn.go.kr/search/station,2026-09-25T06:03:45.938750+00:00,강일운수(회산한신더휴아파트),True,52,1279,True,2025-05-27,2025-06-03,0,28,8,8
4200834,개화대,128.8608572684192,37.723176690790936,https://bis.gn.go.kr/search/station,2026-09-25T06:03:45.938750+00:00,개화대,False,272,5,True,2025-05-27,2025-06-03,13,0,4,8
4200835,개화대,128.8607659459164,37.72312828112019,https://bis.gn.go.kr/search/station,2026-09-25T06:03:45.938750+00:00,개화대,False,108,4,True,2025-05-27,2025-06-03,6,0,4,8
4200899,검뎅이골위,128.78664108542844,37.649625029205744,https://bis.gn.go.kr/search/station,2026-09-25T06:03:45.938750+00:00,검뎅이골위,False,159,0,True,2025-05-27,2025-06-03,8,0,5,8
4200898,검뎅이골위,128.78655586032616,37.64966319680761,https://bis.gn.go.kr/search/station,2026-09-25T06:03:45.938750+00:00,검뎅이골위,False,0,15,True,2025-05-27,2025-06-03,,,0,8
4200522,게스트하우스거리,128.8339253329715,37.896167167389095,https://bis.gn.go.kr/search/station,2026-09-25T06:03:45.938750+00:00,게스트하우스거리,False,285,470,True,2025-05-27,2025-06-03,5,15,7,8
4200531,게스트하우스거리,128.83380690814315,37.89613511363595,https://bis.gn.go.kr/search/station,2026-09-25T06:03:45.938750+00:00,게스트하우스거리,False,817,235,True,2025-05-27,2025-06-03,20,4,6,8
4200103,경포고교,128.9190546436117,37.78057981084284,https://bis.gn.go.kr/search/station,2026-09-25T06:03:45.938750+00:00,경포고교,True,3405,5368,True,2025-05-27,2025-06-03,78,139,8,8
4200288,경포고교,128.91881546540267,37.78075927662396,https://bis.gn.go.kr/search/station,2026-09-25T06:03:45.938750+00:00,경포고교,True,56269,1921,True,2025-05-27,2025-06-03,1601,47,8,8
4200073,경포대.참소리박물관,128.89723222843386,37.79547838966498,https://bis.gn.go.kr/search/station,2026-09-25T06:03:45.938750+00:00,경포대.참소리박물관,True,568,2865,True,2025-05-27,2025-06-03,3,68,8,8
4200072,경포대.참소리박물관,128.89706080745114,37.7955214111198,https://bis.gn.go.kr/search/station,2026-09-25T06:03:45.938750+00:00,경포대.참소리박물관,True,5777,372,True,2025-05-27,2025-06-03,163,6,8,8
4200077,경포동주민센터,128.88052383810168,37.78412865726848,https://bis.gn.go.kr/search/station,2026-09-25T06:03:45.938750+00:00,경포동주민센터,True,896,719,True,2025-05-27,2025-06-03,18,13,8,8
4200078,경포동주민센터,128.8806150484207,37.78405330055861,https://bis.gn.go.kr/search/station,2026-09-25T06:03:45.938750+00:00,경포동주민센터,True,356,498,True,2025-05-27,2025-06-03,9,14,8,8
4200061,경포중학교,128.90033514931517,37.74283267675838,https://bis.gn.go.kr/search/station,2026-09-25T06:03:45.938750+00:00,경포중학교,True,41,27,True,2025-05-27,2025-06-03,,,0,8
4200618,경포중학교,128.90069076576023,37.743138298255545,https://bis.gn.go.kr/search/station,2026-09-25T06:03:45.938750+00:00,경포중학교,True,43,2,True,2025-05-27,2025-06-03,,,0,8
4200080,경포초등학교,128.87893593974582,37.76974854746925,https://bis.gn.go.kr/search/station,2026-09-25T06:03:45.938750+00:00,경포초등학교,True,24296,2478,True,2025-05-27,2025-06-03,763,54,8,8
4201242,경포해변,128.9052529004403,37.80440358093674,https://bis.gn.go.kr/search/station,2026-09-25T06:03:45.938750+00:00,경포해변,True,91472,71653,True,2025-05-27,2025-06-03,2391,1760,8,8
4200323,경포해변,128.90582022350918,37.80466237027648,https://bis.gn.go.kr/search/station,2026-09-25T06:03:45.938750+00:00,경포해변,True,8493,5469,True,2025-05-27,2025-06-03,157,135,8,8
4201420,경포해변(종점),128.9052815401602,37.80443707912235,https://bis.gn.go.kr/search/station,2026-09-25T06:03:45.938750+00:00,경포해변(종점),True,,,False,2025-05-27,2025-06-03,,,0,8
4200071,경포현대아파트,128.90335968993816,37.80120612421906,https://bis.gn.go.kr/search/station,2026-09-25T06:03:45.938750+00:00,경포현대아파트,True,1000,3532,True,2025-05-27,2025-06-03,20,92,8,8
4200070,경포현대아파트,128.90338270723402,37.80169652808461,https://bis.gn.go.kr/search/station,2026-09-25T06:03:45.938750+00:00,경포현대아파트,True,12141,111,True,2025-05-27,2025-06-03,359,6,8,8
4201267,경포호,128.91154424859525,37.79966287216199,https://bis.gn.go.kr/search/station,2026-09-25T06:03:45.938750+00:00,경포호,True,3154,18730,True,2025-05-27,2025-06-03,78,426,8,8
4201266,경포호,128.91144337577538,37.79931158521169,https://bis.gn.go.kr/search/station,2026-09-25T06:03:45.938750+00:00,경포호,True,13072,2943,True,2025-05-27,2025-06-03,371,74,8,8
4200918,고단,128.84976344595395,37.5207024756447,https://bis.gn.go.kr/search/station,2026-09-25T06:03:45.938750+00:00,고단,False,,,False,2025-05-27,2025-06-03,,,0,8
4201394,고단,128.84964328725079,37.520715172151846,https://bis.gn.go.kr/search/station,2026-09-25T06:03:45.938750+00:00,고단,False,,,False,2025-05-27,2025-06-03,,,0,8
4201392,고단2.3리교차로,128.8353830314886,37.52461528706331,https://bis.gn.go.kr/search/station,2026-09-25T06:03:45.938750+00:00,고단2.3리교차로,False,3,0,True,2025-05-27,2025-06-03,,,0,8
4200917,고단2.3리교차로,128.8355935759617,37.52458832137048,https://bis.gn.go.kr/search/station,2026-09-25T06:03:45.938750+00:00,고단2.3리교차로,False,28,4,True,2025-05-27,2025-06-03,1,0,1,8
4200916,고단2.3리교차로,128.83542781016814,37.524465083382744,https://bis.gn.go.kr/search/station,2026-09-25T06:03:45.938750+00:00,고단2.3리교차로,False,623,101,True,2025-05-27,2025-06-03,27,3,8,8
4202165,고단3리,128.81638819970956,37.540155755487774,https://bis.gn.go.kr/search/station,2026-09-25T06:03:45.938750+00:00,고단3리,False,5,0,True,2025-05-27,2025-06-03,,,0,8
4202166,고단3리,128.81639746865173,37.540229174022585,https://bis.gn.go.kr/search/station,2026-09-25T06:03:45.938750+00:00,고단3리,False,122,0,True,2025-05-27,2025-06-03,,,0,8
4201396,고단경로당,128.83061361145448,37.52560229950637,https://bis.gn.go.kr/search/station,2026-09-25T06:03:45.938750+00:00,고단경로당,False,12,2,True,2025-05-27,2025-06-03,,,0,8
4201395,고단경로당,128.83055880947413,37.52554334571904,https://bis.gn.go.kr/search/station,2026-09-25T06:03:45.938750+00:00,고단경로당,False,42,1,True,2025-05-27,2025-06-03,,,0,8
4201390,고단보건소,128.84167794386417,37.52176894228016,https://bis.gn.go.kr/search/station,2026-09-25T06:03:45.938750+00:00,고단보건소,False,15,0,True,2025-05-27,2025-06-03,,,0,8
4201389,고단보건소,128.84161540861714,37.52185303156361,https://bis.gn.go.kr/search/station,2026-09-25T06:03:45.938750+00:00,고단보건소,False,3,0,True,2025-05-27,2025-06-03,,,0,8
4200115,고용센터,128.8890663454416,37.75714942132559,https://bis.gn.go.kr/search/station,2026-09-25T06:03:45.938750+00:00,고용센터,True,25500,13534,True,2025-05-27,2025-06-03,580,442,8,8
4200114,고용센터,128.88893105798073,37.75744085258255,https://bis.gn.go.kr/search/station,2026-09-25T06:03:45.938750+00:00,고용센터,True,15708,8271,True,2025-05-27,2025-06-03,352,198,8,8
4201113,곰두리연수원,129.04780833020064,37.667941690344094,https://bis.gn.go.kr/search/station,2026-09-25T06:03:45.938750+00:00,곰두리연수원,False,2,17,True,2025-05-27,2025-06-03,0,1,1,8
4201112,곰두리연수원,129.04789745395954,37.66792061520934,https://bis.gn.go.kr/search/station,2026-09-25T06:03:45.938750+00:00,곰두리연수원,False,8,5,True,2025-05-27,2025-06-03,4,0,2,8
4200153,공군부대앞,128.9401442605218,37.74622686326912,https://bis.gn.go.kr/search/station,2026-09-25T06:03:45.938750+00:00,공군부대앞,True,0,51,True,2025-05-27,2025-06-03,0,2,2,8
4201061,공군부대앞,128.94003300356817,37.746317953634374,https://bis.gn.go.kr/search/station,2026-09-25T06:03:45.938750+00:00,공군부대앞,True,282,1,True,2025-05-27,2025-06-03,11,0,7,8
4201186,공군부대입구,128.93000750087512,37.7400489172058,https://bis.gn.go.kr/search/station,2026-09-25T06:03:45.938750+00:00,공군부대입구,True,419,70,True,2025-05-27,2025-06-03,3,1,3,8
4201187,공군부대입구,128.93007021980833,37.739837207659924,https://bis.gn.go.kr/search/station,2026-09-25T06:03:45.938750+00:00,공군부대입구,True,22,317,True,2025-05-27,2025-06-03,1,10,7,8
4201062,공군부대후문,128.95917736919824,37.74910624884217,https://bis.gn.go.kr/search/station,2026-09-25T06:03:45.938750+00:00,공군부대후문,False,1022,61,True,2025-05-27,2025-06-03,36,3,8,8
4201209,공단,128.92205416940635,37.765196014305694,https://bis.gn.go.kr/search/station,2026-09-25T06:03:45.938750+00:00,공단,True,8426,177,True,2025-05-27,2025-06-03,242,6,8,8
4200191,공단,128.92224127533925,37.765245144772656,https://bis.gn.go.kr/search/station,2026-09-25T06:03:45.938750+00:00,공단,True,192,1653,True,2025-05-27,2025-06-03,2,30,8,8
4201025,공제마을,128.87156333276334,37.74608024312632,https://bis.gn.go.kr/search/station,2026-09-25T06:03:45.938750+00:00,공제마을,True,2115,170,True,2025-05-27,2025-06-03,64,9,8,8
4201026,공제마을,128.87155618347816,37.74635646052236,https://bis.gn.go.kr/search/station,2026-09-25T06:03:45.938750+00:00,공제마을,True,270,1340,True,2025-05-27,2025-06-03,7,43,8,8
4200379,과학교차로,128.85431089568786,37.79406859939951,https://bis.gn.go.kr/search/station,2026-09-25T06:03:45.938750+00:00,과학교차로,False,,,False,2025-05-27,2025-06-03,,,0,8
4200380,과학교차로,128.85488574683825,37.79412119394899,https://bis.gn.go.kr/search/station,2026-09-25T06:03:45.938750+00:00,과학교차로,False,,,False,2025-05-27,2025-06-03,,,0,8
4202174,관동중학교,128.88185544452548,37.756909416385795,https://bis.gn.go.kr/search/station,2026-09-25T06:03:45.938750+00:00,관동중학교,True,61,42,True,2025-05-27,2025-06-03,,,0,8
4202173,관동중학교,128.88157113042865,37.75688715011548,https://bis.gn.go.kr/search/station,2026-09-25T06:03:45.938750+00:00,관동중학교,True,30,32,True,2025-05-27,2025-06-03,,,0,8
4201228,관솔길,128.86971281684745,37.739544628947385,https://bis.gn.go.kr/search/station,2026-09-25T06:03:45.938750+00:00,관솔길,True,2717,23,True,2025-05-27,2025-06-03,86,3,8,8
4201229,관솔길,128.86962790539826,37.73951707468259,https://bis.gn.go.kr/search/station,2026-09-25T06:03:45.938750+00:00,관솔길,True,278,62,True,2025-05-27,2025-06-03,12,3,7,8
4200860,관음1리,128.82994944568443,37.72835720885695,https://bis.gn.go.kr/search/station,2026-09-25T06:03:45.938750+00:00,관음1리,False,104,4,True,2025-05-27,2025-06-03,6,0,6,8
4200863,관음1리,128.81811453963772,37.738720613334934,https://bis.gn.go.kr/search/station,2026-09-25T06:03:45.938750+00:00,관음1리,False,627,176,True,2025-05-27,2025-06-03,16,2,8,8
4200861,관음1리노인회관,128.82663819526005,37.73031764277183,https://bis.gn.go.kr/search/station,2026-09-25T06:03:45.938750+00:00,관음1리노인회관,False,27,18,True,2025-05-27,2025-06-03,,,0,8
4200569,교2동주민센터,128.8921038226677,37.76840335678918,https://bis.gn.go.kr/search/station,2026-09-25T06:03:45.938750+00:00,교2동주민센터,True,24364,13032,True,2025-05-27,2025-06-03,567,372,8,8
4202155,교동하늘채스카이파크,128.90139949657416,37.77044271657007,https://bis.gn.go.kr/search/station,2026-09-25T06:03:45.938750+00:00,교동하늘채스카이파크,True,144,172,True,2025-05-27,2025-06-03,3,2,4,8
4201221,교동하늘채스카이파크,128.90200271905258,37.770481553669924,https://bis.gn.go.kr/search/station,2026-09-25T06:03:45.938750+00:00,교동하늘채스카이파크,True,1270,539,True,2025-05-27,2025-06-03,30,24,8,8
4200622,교동한신아파트,128.90061649844188,37.76762859683901,https://bis.gn.go.kr/search/station,2026-09-25T06:03:45.938750+00:00,교동한신아파트,True,2083,26,True,2025-05-27,2025-06-03,53,2,8,8
4200623,교동한신아파트,128.90062829229592,37.76751299917391,https://bis.gn.go.kr/search/station,2026-09-25T06:03:45.938750+00:00,교동한신아파트,True,219,107,True,2025-05-27,2025-06-03,6,1,3,8
4200253,교보생명,128.89811415297848,37.756002485379526,https://bis.gn.go.kr/search/station,2026-09-25T06:03:45.938750+00:00,교보생명,True,811275,436867,True,2025-05-27,2025-06-03,22340,12646,8,8
4201224,교통안전교육장,128.94081916548228,37.76277976059592,https://bis.gn.go.kr/search/station,2026-09-25T06:03:45.938750+00:00,교통안전교육장,True,226,1029,True,2025-05-27,2025-06-03,0,24,8,8
4201225,교통안전교육장,128.94086858039023,37.762907619978066,https://bis.gn.go.kr/search/station,2026-09-25T06:03:45.938750+00:00,교통안전교육장,True,2767,74,True,2025-05-27,2025-06-03,68,0,8,8
4200465,교항2리금용교,128.81051132966252,37.87794196218265,https://bis.gn.go.kr/search/station,2026-09-25T06:03:45.938750+00:00,교항2리금용교,False,6,163,True,2025-05-27,2025-06-03,1,2,3,8
4200464,교향2리금용교,128.81059960534566,37.877872107197874,https://bis.gn.go.kr/search/station,2026-09-25T06:03:45.938750+00:00,교향2리금용교,False,410,6,True,2025-05-27,2025-06-03,7,0,5,8
4200264,구)동해상사,128.91165113985977,37.76683747950902,https://bis.gn.go.kr/search/station,2026-09-25T06:03:45.938750+00:00,구)동해상사,True,35014,3400,True,2025-05-27,2025-06-03,1181,107,8,8
4200217,구라미,128.8421871924033,37.84071328241807,https://bis.gn.go.kr/search/station,2026-09-25T06:03:45.938750+00:00,구라미,False,1626,873,True,2025-05-27,2025-06-03,30,28,8,8
4200216,구라미,128.84187680750063,37.84088026429458,https://bis.gn.go.kr/search/station,2026-09-25T06:03:45.938750+00:00,구라미,False,3026,428,True,2025-05-27,2025-06-03,101,6,8,8
4200215,구라미휴게소,128.8412803433516,37.845869087009575,https://bis.gn.go.kr/search/station,2026-09-25T06:03:45.938750+00:00,구라미휴게소,False,1117,903,True,2025-05-27,2025-06-03,19,13,7,8
4200312,구라미휴게소,128.84078612253998,37.84523742281921,https://bis.gn.go.kr/search/station,2026-09-25T06:03:45.938750+00:00,구라미휴게소,False,2019,443,True,2025-05-27,2025-06-03,39,12,8,8
4200128,구름다리,128.87743298775584,37.764682397677966,https://bis.gn.go.kr/search/station,2026-09-25T06:03:45.938750+00:00,구름다리,True,108822,9640,True,2025-05-27,2025-06-03,3071,237,8,8
4200127,구름다리,128.87654770197503,37.764512872809554,https://bis.gn.go.kr/search/station,2026-09-25T06:03:45.938750+00:00,구름다리,True,14070,39130,True,2025-05-27,2025-06-03,306,905,8,8
4200820,구정마을회관,128.87139646095704,37.71008533483099,https://bis.gn.go.kr/search/station,2026-09-25T06:03:45.938750+00:00,구정마을회관,False,1175,147,True,2025-05-27,2025-06-03,26,4,8,8
4200821,구정마을회관,128.87144937425245,37.71002947764621,https://bis.gn.go.kr/search/station,2026-09-25T06:03:45.938750+00:00,구정마을회관,False,2525,34,True,2025-05-27,2025-06-03,86,1,8,8
4200814,구정면사무소,128.88002787863965,37.71794143004597,https://bis.gn.go.kr/search/station,2026-09-25T06:03:45.938750+00:00,구정면사무소,False,618,86,True,2025-05-27,2025-06-03,18,4,7,8
4200813,구정면사무소,128.87999133744066,37.71800809783438,https://bis.gn.go.kr/search/station,2026-09-25T06:03:45.938750+00:00,구정면사무소,False,296,282,True,2025-05-27,2025-06-03,9,8,6,8
4200812,구정보건지소,128.88246310473926,37.72030864287925,https://bis.gn.go.kr/search/station,2026-09-25T06:03:45.938750+00:00,구정보건지소,False,857,73,True,2025-05-27,2025-06-03,19,0,8,8
4201422,구정옥봉길,128.8928182495002,37.70145893549343,https://bis.gn.go.kr/search/station,2026-09-25T06:03:45.938750+00:00,구정옥봉길,False,,,False,2025-05-27,2025-06-03,,,0,8
4200811,구정자율방범대,128.88237819871995,37.72033853165244,https://bis.gn.go.kr/search/station,2026-09-25T06:03:45.938750+00:00,구정자율방범대,False,322,143,True,2025-05-27,2025-06-03,7,9,7,8
4200315,구터미널,128.8988430353628,37.76163002626936,https://bis.gn.go.kr/search/station,2026-09-25T06:03:45.938750+00:00,구터미널,True,20964,8177,True,2025-05-27,2025-06-03,513,183,8,8
4200619,국립수산물품질관리원,128.82606517101954,37.891507384213114,https://bis.gn.go.kr/search/station,2026-09-25T06:03:45.938750+00:00,국립수산물품질관리원,False,18548,2976,True,2025-05-27,2025-06-03,516,63,8,8
4200711,굴산사입구,128.88905996426578,37.70832144703753,https://bis.gn.go.kr/search/station,2026-09-25T06:03:45.938750+00:00,굴산사입구,False,,,False,2025-05-27,2025-06-03,,,0,8
4200699,굴산사지,128.89328371501892,37.70698044216881,https://bis.gn.go.kr/search/station,2026-09-25T06:03:45.938750+00:00,굴산사지,False,,,False,2025-05-27,2025-06-03,,,0,8
4201251,궁궁동,128.7299683412454,37.880375202506656,https://bis.gn.go.kr/search/station,2026-09-25T06:03:45.938750+00:00,궁궁동,False,531,103,True,2025-05-27,2025-06-03,14,7,6,8
4200417,궁궁소,128.67164304000795,37.843611675479615,https://bis.gn.go.kr/search/station,2026-09-25T06:03:45.938750+00:00,궁궁소,False,6,87,True,2025-05-27,2025-06-03,0,3,1,8
4200681,금강사입구,128.90287627896166,37.72624677465358,https://bis.gn.go.kr/search/station,2026-09-25T06:03:45.938750+00:00,금강사입구,False,3,66,True,2025-05-27,2025-06-03,0,2,2,8
4200682,금강사입구,128.90297134006664,37.726211833119876,https://bis.gn.go.kr/search/station,2026-09-25T06:03:45.938750+00:00,금강사입구,False,719,4,True,2025-05-27,2025-06-03,16,0,6,8
4200628,금광1리마을회관,128.91600348378523,37.70952097409381,https://bis.gn.go.kr/search/station,2026-09-25T06:03:45.938750+00:00,금광1리마을회관,False,11,1,True,2025-05-27,2025-06-03,,,0,8
4201385,금광1리마을회관,128.91594038830377,37.70955296171714,https://bis.gn.go.kr/search/station,2026-09-25T06:03:45.938750+00:00,금광1리마을회관,False,0,29,True,2025-05-27,2025-06-03,0,1,1,8
4200667,금광교회입구,128.91743884657853,37.711688785639396,https://bis.gn.go.kr/search/station,2026-09-25T06:03:45.938750+00:00,금광교회입구,False,390,2,True,2025-05-27,2025-06-03,14,0,7,8
4200668,금광교회입구,128.91734376603898,37.7117034048731,https://bis.gn.go.kr/search/station,2026-09-25T06:03:45.938750+00:00,금광교회입구,False,0,12,True,2025-05-27,2025-06-03,0,1,1,8
4200635,금광리1반,128.9143131847074,37.70220671426674,https://bis.gn.go.kr/search/station,2026-09-25T06:03:45.938750+00:00,금광리1반,False,796,48,True,2025-05-27,2025-06-03,20,3,7,8
4200636,금광리1반,128.91440542620646,37.702215446502585,https://bis.gn.go.kr/search/station,2026-09-25T06:03:45.938750+00:00,금광리1반,False,,,False,2025-05-27,2025-06-03,,,0,8
4200672,금광리성황당,128.91735327783445,37.717909805835454,https://bis.gn.go.kr/search/station,2026-09-25T06:03:45.938750+00:00,금광리성황당,False,1,49,True,2025-05-27,2025-06-03,,,0,8
4200671,금광리성황당,128.9174498206258,37.717903115802514,https://bis.gn.go.kr/search/station,2026-09-25T06:03:45.938750+00:00,금광리성황당,False,686,7,True,2025-05-27,2025-06-03,17,0,8,8
4200665,금광삼거리,128.91515459286336,37.70904726058568,https://bis.gn.go.kr/search/station,2026-09-25T06:03:45.938750+00:00,금광삼거리,False,1227,10,True,2025-05-27,2025-06-03,38,0,8,8
4200666,금광삼거리,128.91521668110562,37.70911511431863,https://bis.gn.go.kr/search/station,2026-09-25T06:03:45.938750+00:00,금광삼거리,False,,,False,2025-05-27,2025-06-03,,,0,8
4200632,금광정미소,128.9154068776427,37.70823176641904,https://bis.gn.go.kr/search/station,2026-09-25T06:03:45.938750+00:00,금광정미소,False,,,False,2025-05-27,2025-06-03,,,0,8
4200631,금광정미소,128.91530343519958,37.70823344476309,https://bis.gn.go.kr/search/station,2026-09-25T06:03:45.938750+00:00,금광정미소,False,30,186,True,2025-05-27,2025-06-03,1,8,4,8
4201018,금산,128.85573010993187,37.74018242418162,https://bis.gn.go.kr/search/station,2026-09-25T06:03:45.938750+00:00,금산,False,46,115,True,2025-05-27,2025-06-03,1,2,3,8
4201017,금산,128.8558273611666,37.7401726731367,https://bis.gn.go.kr/search/station,2026-09-25T06:03:45.938750+00:00,금산,False,579,33,True,2025-05-27,2025-06-03,16,0,7,8
4200858,금산1리경로당,128.83882591103156,37.7302092460205,https://bis.gn.go.kr/search/station,2026-09-25T06:03:45.938750+00:00,금산1리경로당,False,62,1,True,2025-05-27,2025-06-03,2,0,2,8
4201014,금산2리,128.8489374376084,37.736639355017815,https://bis.gn.go.kr/search/station,2026-09-25T06:03:45.938750+00:00,금산2리,False,617,1037,True,2025-05-27,2025-06-03,20,28,8,8
4201013,금산2리,128.84906667066036,37.736625360708075,https://bis.gn.go.kr/search/station,2026-09-25T06:03:45.938750+00:00,금산2리,False,5189,80,True,2025-05-27,2025-06-03,150,0,8,8
4201012,금산남밭,128.8447607772083,37.73146258389618,https://bis.gn.go.kr/search/station,2026-09-25T06:03:45.938750+00:00,금산남밭,False,50,358,True,2025-05-27,2025-06-03,1,9,7,8
4200862,금산남밭,128.84482898011785,37.73142005932311,https://bis.gn.go.kr/search/station,2026-09-25T06:03:45.938750+00:00,금산남밭,False,827,190,True,2025-05-27,2025-06-03,26,8,8,8
4201020,금산입구,128.8576797637003,37.74318792289404,https://bis.gn.go.kr/search/station,2026-09-25T06:03:45.938750+00:00,금산입구,False,39,72,True,2025-05-27,2025-06-03,0,1,1,8
4201019,금산입구,128.85784327525297,37.7432987440744,https://bis.gn.go.kr/search/station,2026-09-25T06:03:45.938750+00:00,금산입구,False,2853,79,True,2025-05-27,2025-06-03,114,3,7,8
4201016,금산장수마을,128.85163955991283,37.738245657769,https://bis.gn.go.kr/search/station,2026-09-25T06:03:45.938750+00:00,금산장수마을,False,59,418,True,2025-05-27,2025-06-03,1,10,7,8
4201015,금산장수마을,128.85168575797542,37.73818340581975,https://bis.gn.go.kr/search/station,2026-09-25T06:03:45.938750+00:00,금산장수마을,False,1103,55,True,2025-05-27,2025-06-03,29,3,8,8
4201344,금진2리마을회관,129.0433695932886,37.64179516691084,https://bis.gn.go.kr/search/station,2026-09-25T06:03:45.938750+00:00,금진2리마을회관,False,19,31,True,2025-05-27,2025-06-03,0,2,2,8
4201345,금진2리마을회관,129.04327917048357,37.641779891088895,https://bis.gn.go.kr/search/station,2026-09-25T06:03:45.938750+00:00,금진2리마을회관,False,650,8,True,2025-05-27,2025-06-03,13,0,6,8
4201342,금진초교,129.04347549729948,37.63336468757593,https://bis.gn.go.kr/search/station,2026-09-25T06:03:45.938750+00:00,금진초교,False,25,17,True,2025-05-27,2025-06-03,2,0,2,8
4201343,금진초교,129.04343902328037,37.63345845978064,https://bis.gn.go.kr/search/station,2026-09-25T06:03:45.938750+00:00,금진초교,False,245,5,True,2025-05-27,2025-06-03,2,0,2,8
4201108,금진항,129.05240741359285,37.652884325935844,https://bis.gn.go.kr/search/station,2026-09-25T06:03:45.938750+00:00,금진항,False,380,19,True,2025-05-27,2025-06-03,9,0,5,8
4201109,금진항,129.05231089842698,37.65294332211634,https://bis.gn.go.kr/search/station,2026-09-25T06:03:45.938750+00:00,금진항,False,2,148,True,2025-05-27,2025-06-03,0,3,2,8
4201347,금진해변,129.04374932629693,37.63904067736818,https://bis.gn.go.kr/search/station,2026-09-25T06:03:45.938750+00:00,금진해변,False,22,38,True,2025-05-27,2025-06-03,,,0,8
4201348,금진해변,129.04365646301486,37.63903832962265,https://bis.gn.go.kr/search/station,2026-09-25T06:03:45.938750+00:00,금진해변,False,1050,17,True,2025-05-27,2025-06-03,20,0,7,8
4201107,금진해양파출소,129.04894882127985,37.652089382747484,https://bis.gn.go.kr/search/station,2026-09-25T06:03:45.938750+00:00,금진해양파출소,False,566,136,True,2025-05-27,2025-06-03,14,2,4,8
4200017,금진해양파출소,129.04913775965355,37.65213019488429,https://bis.gn.go.kr/search/station,2026-09-25T06:03:45.938750+00:00,금진해양파출소,False,1636,380,True,2025-05-27,2025-06-03,49,22,8,8
4201053,금호어울림,128.9156520837289,37.754995794611034,https://bis.gn.go.kr/search/station,2026-09-25T06:03:45.938750+00:00,금호어울림,True,11110,279,True,2025-05-27,2025-06-03,293,6,8,8
4201054,금호어울림,128.91590296498018,37.75518531900659,https://bis.gn.go.kr/search/station,2026-09-25T06:03:45.938750+00:00,금호어울림,True,124,2392,True,2025-05-27,2025-06-03,1,53,8,8
4200025,금호어울림정문,128.9194883208178,37.754726898441014,https://bis.gn.go.kr/search/station,2026-09-25T06:03:45.938750+00:00,금호어울림정문,True,13,2,True,2025-05-27,2025-06-03,1,0,1,8
4200751,금호어울림정문,128.91957971290998,37.754473371718376,https://bis.gn.go.kr/search/station,2026-09-25T06:03:45.938750+00:00,금호어울림정문,True,1198,242,True,2025-05-27,2025-06-03,40,10,5,8
4200988,기도원삼거리,128.7947703606971,37.75829009149865,https://bis.gn.go.kr/search/station,2026-09-25T06:03:45.938750+00:00,기도원삼거리,False,766,8,True,2025-05-27,2025-06-03,17,0,8,8
4200989,기도원삼거리,128.79494112774387,37.75822759306287,https://bis.gn.go.kr/search/station,2026-09-25T06:03:45.938750+00:00,기도원삼거리,False,5,11,True,2025-05-27,2025-06-03,,,0,8
4200801,기산아파트,128.8795888615329,37.73406712685544,https://bis.gn.go.kr/search/station,2026-09-25T06:03:45.938750+00:00,기산아파트,True,96,114,True,2025-05-27,2025-06-03,7,2,4,8
4200802,기산아파트,128.87993356966643,37.73422591779592,https://bis.gn.go.kr/search/station,2026-09-25T06:03:45.938750+00:00,기산아파트,True,1067,10,True,2025-05-27,2025-06-03,21,0,7,8
4201371,기스목이골,128.9690415480403,37.6284779460996,https://bis.gn.go.kr/search/station,2026-09-25T06:03:45.938750+00:00,기스목이골,False,287,9,True,2025-05-27,2025-06-03,8,0,6,8
4200024,까치골,129.02541919838254,37.69553819595472,https://bis.gn.go.kr/search/station,2026-09-25T06:03:45.938750+00:00,까치골,False,5,400,True,2025-05-27,2025-06-03,0,11,5,8
4201185,까치골,129.02590617324884,37.695440046965246,https://bis.gn.go.kr/search/station,2026-09-25T06:03:45.938750+00:00,까치골,False,27,15,True,2025-05-27,2025-06-03,3,0,2,8
4201351,낙풍1리경로당,129.0340430096228,37.620207611399294,https://bis.gn.go.kr/search/station,2026-09-25T06:03:45.938750+00:00,낙풍1리경로당,False,10,0,True,2025-05-27,2025-06-03,,,0,8
4201350,낙풍1리경로당,129.034020875236,37.62025949844816,https://bis.gn.go.kr/search/station,2026-09-25T06:03:45.938750+00:00,낙풍1리경로당,False,11,1,True,2025-05-27,2025-06-03,,,0,8
4201339,낙풍교,129.03403331310147,37.625467245037875,https://bis.gn.go.kr/search/station,2026-09-25T06:03:45.938750+00:00,낙풍교,False,3,5,True,2025-05-27,2025-06-03,,,0,8
4201340,낙풍교,129.03370052447866,37.6252600803972,https://bis.gn.go.kr/search/station,2026-09-25T06:03:45.938750+00:00,낙풍교,False,147,16,True,2025-05-27,2025-06-03,3,1,4,8
4201095,낙풍리입구,129.03490564391961,37.623384805058976,https://bis.gn.go.kr/search/station,2026-09-25T06:03:45.938750+00:00,낙풍리입구,False,1576,167,True,2025-05-27,2025-06-03,56,10,8,8
4201094,낙풍리입구,129.03474260887603,37.62332181243499,https://bis.gn.go.kr/search/station,2026-09-25T06:03:45.938750+00:00,낙풍리입구,False,55,234,True,2025-05-27,2025-06-03,1,5,4,8
4200654,남강릉IC입구,128.9004512852528,37.70007553036854,https://bis.gn.go.kr/search/station,2026-09-25T06:03:45.938750+00:00,남강릉IC입구,False,,,False,2025-05-27,2025-06-03,,,0,8
4200653,남강릉IC입구,128.90059387366637,37.69980820493369,https://bis.gn.go.kr/search/station,2026-09-25T06:03:45.938750+00:00,남강릉IC입구,False,465,31,True,2025-05-27,2025-06-03,15,1,6,8
4200049,남강초교,128.91338089940805,37.76735161096919,https://bis.gn.go.kr/search/station,2026-09-25T06:03:45.938750+00:00,남강초교,True,10229,18649,True,2025-05-27,2025-06-03,276,534,8,8
4201198,남대천.강릉교,128.9010015999516,37.75454267936518,https://bis.gn.go.kr/search/station,2026-09-25T06:03:45.938750+00:00,남대천.강릉교,True,13095,56318,True,2025-05-27,2025-06-03,402,1912,8,8
4201199,남대천.강릉교,128.9010687000649,37.75417893755025,https://bis.gn.go.kr/search/station,2026-09-25T06:03:45.938750+00:00,남대천.강릉교,True,140129,13415,True,2025-05-27,2025-06-03,4257,427,8,8
4200021,남밭,128.84058789182106,37.72883964188799,https://bis.gn.go.kr/search/station,2026-09-25T06:03:45.938750+00:00,남밭,False,18,9,True,2025-05-27,2025-06-03,1,0,1,8
4201379,남밭,128.84064951853864,37.72871037302059,https://bis.gn.go.kr/search/station,2026-09-25T06:03:45.938750+00:00,남밭,False,1618,40,True,2025-05-27,2025-06-03,52,0,8,8
4200873,남밭,128.8415299784495,37.72906449025603,https://bis.gn.go.kr/search/station,2026-09-25T06:03:45.938750+00:00,남밭,False,,,False,2025-05-27,2025-06-03,,,0,8
4201011,남밭,128.84079334848028,37.72889804215958,https://bis.gn.go.kr/search/station,2026-09-25T06:03:45.938750+00:00,남밭,False,97,872,True,2025-05-27,2025-06-03,4,25,7,8
4202167,남부노인종합복지관,128.91383118471262,37.752564379737024,https://bis.gn.go.kr/search/station,2026-09-25T06:03:45.938750+00:00,남부노인종합복지관,True,556,996,True,2025-05-27,2025-06-03,,,0,8
4202168,남부노인종합복지관,128.91401073487134,37.753047049518,https://bis.gn.go.kr/search/station,2026-09-25T06:03:45.938750+00:00,남부노인종합복지관,True,2140,313,True,2025-05-27,2025-06-03,,,0,8
4200781,남산삼익아파트,128.8901808969545,37.74229155338584,https://bis.gn.go.kr/search/station,2026-09-25T06:03:45.938750+00:00,남산삼익아파트,True,2269,68,True,2025-05-27,2025-06-03,40,0,7,8
4200782,남산삼익아파트,128.89009058765018,37.74235973416757,https://bis.gn.go.kr/search/station,2026-09-25T06:03:45.938750+00:00,남산삼익아파트,True,13,509,True,2025-05-27,2025-06-03,0,6,4,8
4200798,남산입구,128.8920065213286,37.747695999509396,https://bis.gn.go.kr/search/station,2026-09-25T06:03:45.938750+00:00,남산입구,True,7,9,True,2025-05-27,2025-06-03,,,0,8
4200783,남산초교,128.8913405517673,37.744206285908824,https://bis.gn.go.kr/search/station,2026-09-25T06:03:45.938750+00:00,남산초교,True,7384,27,True,2025-05-27,2025-06-03,138,2,8,8
4200784,남산초교,128.89124028586525,37.74425071826271,https://bis.gn.go.kr/search/station,2026-09-25T06:03:45.938750+00:00,남산초교,True,6,957,True,2025-05-27,2025-06-03,0,17,8,8
4200785,남산현대아파트,128.89462531897348,37.74186237968639,https://bis.gn.go.kr/search/station,2026-09-25T06:03:45.938750+00:00,남산현대아파트,True,4819,24,True,2025-05-27,2025-06-03,80,0,8,8
4200786,남산현대아파트,128.89442793639103,37.74202687203957,https://bis.gn.go.kr/search/station,2026-09-25T06:03:45.938750+00:00,남산현대아파트,True,50,918,True,2025-05-27,2025-06-03,3,16,7,8
4201289,남양1리경로당,129.03162816015924,37.582429974327795,https://bis.gn.go.kr/search/station,2026-09-25T06:03:45.938750+00:00,남양1리경로당,False,401,8,True,2025-05-27,2025-06-03,9,0,5,8
4201288,남양1리경로당,129.03154436503664,37.58248287177823,https://bis.gn.go.kr/search/station,2026-09-25T06:03:45.938750+00:00,남양1리경로당,False,30,137,True,2025-05-27,2025-06-03,0,6,3,8
4201296,남양2리경로당,129.012950139964,37.56658372788056,https://bis.gn.go.kr/search/station,2026-09-25T06:03:45.938750+00:00,남양2리경로당,False,773,29,True,2025-05-27,2025-06-03,16,0,7,8
4201295,남양2리교,129.01486079643942,37.57192160373686,https://bis.gn.go.kr/search/station,2026-09-25T06:03:45.938750+00:00,남양2리교,False,422,2,True,2025-05-27,2025-06-03,12,0,6,8
4201294,남양2리교,129.01479874463647,37.571994595503725,https://bis.gn.go.kr/search/station,2026-09-25T06:03:45.938750+00:00,남양2리교,False,71,14,True,2025-05-27,2025-06-03,1,0,1,8
4200738,남양3리마을회관,129.03540040998968,37.59157285051617,https://bis.gn.go.kr/search/station,2026-09-25T06:03:45.938750+00:00,남양3리마을회관,False,16,2,True,2025-05-27,2025-06-03,1,0,1,8
4201283,남양3리입구,129.03313884463265,37.593033115433954,https://bis.gn.go.kr/search/station,2026-09-25T06:03:45.938750+00:00,남양3리입구,False,5,0,True,2025-05-27,2025-06-03,,,0,8
4201287,남양리옛경로당,129.03508624074675,37.582691373708194,https://bis.gn.go.kr/search/station,2026-09-25T06:03:45.938750+00:00,남양리옛경로당,False,418,73,True,2025-05-27,2025-06-03,5,1,4,8
4200596,남양보건진료소,129.030003520806,37.581216311095346,https://bis.gn.go.kr/search/station,2026-09-25T06:03:45.938750+00:00,남양보건진료소,False,,,False,2025-05-27,2025-06-03,,,0,8
4200597,남양보건진료소,129.02994555182676,37.58125941742724,https://bis.gn.go.kr/search/station,2026-09-25T06:03:45.938750+00:00,남양보건진료소,False,,,False,2025-05-27,2025-06-03,,,0,8
4200741,남항진,128.95055410190812,37.76391565217945,https://bis.gn.go.kr/search/station,2026-09-25T06:03:45.938750+00:00,남항진,True,164,1250,True,2025-05-27,2025-06-03,2,31,7,8
4200740,남항진,128.95041066307658,37.76404538789595,https://bis.gn.go.kr/search/station,2026-09-25T06:03:45.938750+00:00,남항진,True,3265,24,True,2025-05-27,2025-06-03,67,0,8,8
4200739,남항진해변,128.95440005417075,37.764111085296946,https://bis.gn.go.kr/search/station,2026-09-25T06:03:45.938750+00:00,남항진해변,True,13027,4181,True,2025-05-27,2025-06-03,386,119,8,8
4200655,내곡과수원,128.901945977448,37.70187078093137,https://bis.gn.go.kr/search/station,2026-09-25T06:03:45.938750+00:00,내곡과수원,False,325,15,True,2025-05-27,2025-06-03,14,0,6,8
4200656,내곡과수원,128.9017164423086,37.70199871134109,https://bis.gn.go.kr/search/station,2026-09-25T06:03:45.938750+00:00,내곡과수원,False,,,False,2025-05-27,2025-06-03,,,0,8
4200066,내곡교,128.88659128664105,37.74625364038564,https://bis.gn.go.kr/search/station,2026-09-25T06:03:45.938750+00:00,내곡교,True,2465,609,True,2025-05-27,2025-06-03,54,59,8,8
4200001,내곡교,128.88717490623026,37.74653766880734,https://bis.gn.go.kr/search/station,2026-09-25T06:03:45.938750+00:00,내곡교,True,1935,10392,True,2025-05-27,2025-06-03,104,224,8,8
4200357,내곡교,128.88814500034871,37.745625057468914,https://bis.gn.go.kr/search/station,2026-09-25T06:03:45.938750+00:00,내곡교,True,24588,690,True,2025-05-27,2025-06-03,531,51,8,8
4200800,내곡동주민센터,128.88065784045662,37.7384607745783,https://bis.gn.go.kr/search/station,2026-09-25T06:03:45.938750+00:00,내곡동주민센터,True,194,20,True,2025-05-27,2025-06-03,,,0,8
4200799,내곡동주민센터,128.88038166245803,37.73840220332427,https://bis.gn.go.kr/search/station,2026-09-25T06:03:45.938750+00:00,내곡동주민센터,True,24,272,True,2025-05-27,2025-06-03,0,5,2,8
4200366,내곡한라아파트,128.88110089995297,37.74513149140333,https://bis.gn.go.kr/search/station,2026-09-25T06:03:45.938750+00:00,내곡한라아파트,True,830,2975,True,2025-05-27,2025-06-03,15,64,7,8
4201208,내곡한라아파트,128.88109989979574,37.744994216797494,https://bis.gn.go.kr/search/station,2026-09-25T06:03:45.938750+00:00,내곡한라아파트,True,12094,430,True,2025-05-27,2025-06-03,302,7,8,8
4200848,내곡현대아파트,128.8834148503297,37.74546973753321,https://bis.gn.go.kr/search/station,2026-09-25T06:03:45.938750+00:00,내곡현대아파트,True,7397,357,True,2025-05-27,2025-06-03,182,21,8,8
4200849,내곡현대아파트,128.88327994384045,37.74557191636756,https://bis.gn.go.kr/search/station,2026-09-25T06:03:45.938750+00:00,내곡현대아파트,True,858,2917,True,2025-05-27,2025-06-03,27,54,8,8
4201286,너구리골,129.0453774808948,37.58278119535933,https://bis.gn.go.kr/search/station,2026-09-25T06:03:45.938750+00:00,너구리골,False,267,2,True,2025-05-27,2025-06-03,5,0,4,8
4201381,너다리,128.85390220166778,37.83022805772032,https://bis.gn.go.kr/search/station,2026-09-25T06:03:45.938750+00:00,너다리,False,328,55,True,2025-05-27,2025-06-03,2,1,2,8
4200154,너다리,128.85384039907868,37.83030516388511,https://bis.gn.go.kr/search/station,2026-09-25T06:03:45.938750+00:00,너다리,False,121,53,True,2025-05-27,2025-06-03,3,2,3,8
4200147,노동3리,128.82566919932256,37.79922359821094,https://bis.gn.go.kr/search/station,2026-09-25T06:03:45.938750+00:00,노동3리,False,526,1,True,2025-05-27,2025-06-03,18,0,7,8
4200148,노동3리,128.8256207085255,37.79927586550659,https://bis.gn.go.kr/search/station,2026-09-25T06:03:45.938750+00:00,노동3리,False,9,166,True,2025-05-27,2025-06-03,0,3,3,8
4200149,노동리,128.82874179258144,37.80069747027654,https://bis.gn.go.kr/search/station,2026-09-25T06:03:45.938750+00:00,노동리,False,671,0,True,2025-05-27,2025-06-03,18,0,8,8
4200150,노동리,128.82882389300474,37.80095549884616,https://bis.gn.go.kr/search/station,2026-09-25T06:03:45.938750+00:00,노동리,False,1,173,True,2025-05-27,2025-06-03,0,7,4,8
4201416,노동상리경로당,128.8298366569875,37.803466498207534,https://bis.gn.go.kr/search/station,2026-09-25T06:03:45.938750+00:00,노동상리경로당,False,40,28,True,2025-05-27,2025-06-03,2,0,2,8
4201415,노동상리경로당,128.82974913139455,37.80349598363215,https://bis.gn.go.kr/search/station,2026-09-25T06:03:45.938750+00:00,노동상리경로당,False,27,118,True,2025-05-27,2025-06-03,0,4,3,8
4200161,노동하리.우리정미소,128.8414822247496,37.82225221697478,https://bis.gn.go.kr/search/station,2026-09-25T06:03:45.938750+00:00,노동하리.우리정미소,False,334,7,True,2025-05-27,2025-06-03,11,1,7,8
4200162,노동하리.우리정미소,128.84138542146533,37.82227295047229,https://bis.gn.go.kr/search/station,2026-09-25T06:03:45.938750+00:00,노동하리.우리정미소,False,7,41,True,2025-05-27,2025-06-03,1,1,2,8
4200159,노동회관,128.83796621765993,37.818138280477356,https://bis.gn.go.kr/search/station,2026-09-25T06:03:45.938750+00:00,노동회관,False,1859,31,True,2025-05-27,2025-06-03,70,0,8,8
4200160,노동회관,128.8379192525419,37.818202495776156,https://bis.gn.go.kr/search/station,2026-09-25T06:03:45.938750+00:00,노동회관,False,16,314,True,2025-05-27,2025-06-03,1,12,7,8
4200773,노암대림아파트,128.89670020630172,37.7443968332287,https://bis.gn.go.kr/search/station,2026-09-25T06:03:45.938750+00:00,노암대림아파트,True,5491,34,True,2025-05-27,2025-06-03,99,0,8,8
4200772,노암대림아파트,128.8964957795506,37.74447513098166,https://bis.gn.go.kr/search/station,2026-09-25T06:03:45.938750+00:00,노암대림아파트,True,123,871,True,2025-05-27,2025-06-03,0,20,8,8
4200790,노암한라아파트,128.9030338994368,37.744009473539954,https://bis.gn.go.kr/search/station,2026-09-25T06:03:45.938750+00:00,노암한라아파트,True,3487,72,True,2025-05-27,2025-06-03,82,0,8,8
4201195,노암현대아파트,128.9064519321124,37.750397397899654,https://bis.gn.go.kr/search/station,2026-09-25T06:03:45.938750+00:00,노암현대아파트,True,497,904,True,2025-05-27,2025-06-03,9,17,8,8
4200756,녹원아파트,128.9163613451306,37.7599236396456,https://bis.gn.go.kr/search/station,2026-09-25T06:03:45.938750+00:00,녹원아파트,True,385,3090,True,2025-05-27,2025-06-03,3,89,8,8
4200156,농업기술센터,128.83374479432362,37.810623749433574,https://bis.gn.go.kr/search/station,2026-09-25T06:03:45.938750+00:00,농업기술센터,False,5,43,True,2025-05-27,2025-06-03,,,0,8
4200155,농업기술센터,128.8338261188764,37.81060324304077,https://bis.gn.go.kr/search/station,2026-09-25T06:03:45.938750+00:00,농업기술센터,False,378,1,True,2025-05-27,2025-06-03,7,0,4,8
4201105,농협주유소,129.03818611643504,37.61343914150935,https://bis.gn.go.kr/search/station,2026-09-25T06:03:45.938750+00:00,농협주유소,False,41,1,True,2025-05-27,2025-06-03,2,0,2,8
4200803,농협창고,128.87887127233301,37.73227146178355,https://bis.gn.go.kr/search/station,2026-09-25T06:03:45.938750+00:00,농협창고,True,22,77,True,2025-05-27,2025-06-03,0,1,1,8
4200804,농협창고,128.87906447230628,37.732212820532425,https://bis.gn.go.kr/search/station,2026-09-25T06:03:45.938750+00:00,농협창고,True,188,24,True,2025-05-27,2025-06-03,6,1,6,8
4201352,다리목,129.03192147742433,37.6205042855377,https://bis.gn.go.kr/search/station,2026-09-25T06:03:45.938750+00:00,다리목,False,,,False,2025-05-27,2025-06-03,,,0,8
4201353,다리목,129.03198761433356,37.62043300135372,https://bis.gn.go.kr/search/station,2026-09-25T06:03:45.938750+00:00,다리목,False,53,2,True,2025-05-27,2025-06-03,,,0,8
4200768,단오문화관,128.8967729024353,37.7481043414214,https://bis.gn.go.kr/search/station,2026-09-25T06:03:45.938750+00:00,단오문화관,True,16,212,True,2025-05-27,2025-06-03,2,19,6,8
4200901,닭목골,128.78595382346253,37.64781596633364,https://bis.gn.go.kr/search/station,2026-09-25T06:03:45.938750+00:00,닭목골,False,181,4,True,2025-05-27,2025-06-03,5,2,3,8
4200900,닭목골,128.78583483882048,37.64776835827971,https://bis.gn.go.kr/search/station,2026-09-25T06:03:45.938750+00:00,닭목골,False,19,211,True,2025-05-27,2025-06-03,5,5,6,8
4200687,담산1리,128.90238189653846,37.71752043471821,https://bis.gn.go.kr/search/station,2026-09-25T06:03:45.938750+00:00,담산1리,False,,,False,2025-05-27,2025-06-03,,,0,8
4200689,담산2리,128.90107050248153,37.7152173518283,https://bis.gn.go.kr/search/station,2026-09-25T06:03:45.938750+00:00,담산2리,False,,,False,2025-05-27,2025-06-03,,,0,8
4200693,대경상사앞,128.89804496237466,37.71104193868198,https://bis.gn.go.kr/search/station,2026-09-25T06:03:45.938750+00:00,대경상사앞,False,,,False,2025-05-27,2025-06-03,,,0,8
4200968,대관령박물관,128.80478202234156,37.716950876906495,https://bis.gn.go.kr/search/station,2026-09-25T06:03:45.938750+00:00,대관령박물관,False,473,2,True,2025-05-27,2025-06-03,8,0,5,8
4200967,대관령박물관,128.80456089771366,37.71714451138875,https://bis.gn.go.kr/search/station,2026-09-25T06:03:45.938750+00:00,대관령박물관,False,192,366,True,2025-05-27,2025-06-03,8,8,5,8
4201414,대굴령목공소,128.7963265827597,37.72854223767263,https://bis.gn.go.kr/search/station,2026-09-25T06:03:45.938750+00:00,대굴령목공소,False,71,12,True,2025-05-27,2025-06-03,3,0,3,8
4200991,대궁산장,128.7956519785838,37.75672773187815,https://bis.gn.go.kr/search/station,2026-09-25T06:03:45.938750+00:00,대궁산장,False,1,29,True,2025-05-27,2025-06-03,,,0,8
4200990,대궁산장,128.7955529097602,37.75668446239291,https://bis.gn.go.kr/search/station,2026-09-25T06:03:45.938750+00:00,대궁산장,False,469,6,True,2025-05-27,2025-06-03,10,0,6,8
4200913,대기1리경로당,128.79579724292137,37.56561101591886,https://bis.gn.go.kr/search/station,2026-09-25T06:03:45.938750+00:00,대기1리경로당,False,395,6,True,2025-05-27,2025-06-03,12,1,8,8
4200912,대기1리경로당,128.79557170937235,37.565622156510386,https://bis.gn.go.kr/search/station,2026-09-25T06:03:45.938750+00:00,대기1리경로당,False,17,25,True,2025-05-27,2025-06-03,,,0,8
4200764,대목아파트,128.91036775859212,37.7552461618319,https://bis.gn.go.kr/search/station,2026-09-25T06:03:45.938750+00:00,대목아파트,True,2498,4989,True,2025-05-27,2025-06-03,59,97,8,8
4200707,대성사입구,128.88866018338805,37.699701320397004,https://bis.gn.go.kr/search/station,2026-09-25T06:03:45.938750+00:00,대성사입구,False,3,2,True,2025-05-27,2025-06-03,,,0,8
4200708,대성사입구,128.88799509811798,37.70047298433208,https://bis.gn.go.kr/search/station,2026-09-25T06:03:45.938750+00:00,대성사입구,False,190,33,True,2025-05-27,2025-06-03,5,1,4,8
4201279,더글로리촬영지,128.82911039533775,37.904460082879105,https://bis.gn.go.kr/search/station,2026-09-25T06:03:45.938750+00:00,더글로리촬영지,False,4339,126,True,2025-05-27,2025-06-03,148,7,8,8
4201280,더글로리촬영지,128.82924239568416,37.90441068117994,https://bis.gn.go.kr/search/station,2026-09-25T06:03:45.938750+00:00,더글로리촬영지,False,102,1646,True,2025-05-27,2025-06-03,2,42,7,8
4201056,더샵아파트,128.91218064135074,37.749852342787776,https://bis.gn.go.kr/search/station,2026-09-25T06:03:45.938750+00:00,더샵아파트,True,3,8,True,2025-05-27,2025-06-03,0,1,1,8
4201055,더샵아파트,128.91179177957773,37.7496554344983,https://bis.gn.go.kr/search/station,2026-09-25T06:03:45.938750+00:00,더샵아파트,True,,,False,2025-05-27,2025-06-03,,,0,8
4201192,더샵아파트후문,128.90917534552304,37.74798409080578,https://bis.gn.go.kr/search/station,2026-09-25T06:03:45.938750+00:00,더샵아파트후문,True,2678,651,True,2025-05-27,2025-06-03,62,22,8,8
4200385,덕실리,128.83425245451167,37.806566789081664,https://bis.gn.go.kr/search/station,2026-09-25T06:03:45.938750+00:00,덕실리,False,369,343,True,2025-05-27,2025-06-03,15,14,8,8
4200883,덕중상사입구,128.84174479743382,37.70242273367911,https://bis.gn.go.kr/search/station,2026-09-25T06:03:45.938750+00:00,덕중상사입구,False,2,34,True,2025-05-27,2025-06-03,0,1,1,8
4200882,덕중상사입구,128.8418138875879,37.70249050751822,https://bis.gn.go.kr/search/station,2026-09-25T06:03:45.938750+00:00,덕중상사입구,False,314,1,True,2025-05-27,2025-06-03,7,0,6,8
4200512,덕현리,128.92611817321585,37.705859421056175,https://bis.gn.go.kr/search/station,2026-09-25T06:03:45.938750+00:00,덕현리,False,93,18,True,2025-05-27,2025-06-03,5,0,3,8
4200513,덕현리,128.92602088648235,37.70591024035886,https://bis.gn.go.kr/search/station,2026-09-25T06:03:45.938750+00:00,덕현리,False,174,34,True,2025-05-27,2025-06-03,5,0,4,8
4201170,덕현리마을회관,128.92969308316043,37.71031249336467,https://bis.gn.go.kr/search/station,2026-09-25T06:03:45.938750+00:00,덕현리마을회관,False,79,17,True,2025-05-27,2025-06-03,1,0,1,8
4201169,덕현리마을회관,128.92976451553793,37.71025688950383,https://bis.gn.go.kr/search/station,2026-09-25T06:03:45.938750+00:00,덕현리마을회관,False,164,13,True,2025-05-27,2025-06-03,6,0,3,8
4201172,덕현리입구,128.9336781922055,37.71393030895838,https://bis.gn.go.kr/search/station,2026-09-25T06:03:45.938750+00:00,덕현리입구,False,65,4,True,2025-05-27,2025-06-03,1,0,1,8
4201171,덕현리입구,128.93375842948848,37.71390020089169,https://bis.gn.go.kr/search/station,2026-09-25T06:03:45.938750+00:00,덕현리입구,False,275,3,True,2025-05-27,2025-06-03,10,0,6,8
4201273,도깨비촬영지,128.83285849096714,37.88049253785593,https://bis.gn.go.kr/search/station,2026-09-25T06:03:45.938750+00:00,도깨비촬영지,False,7424,2341,True,2025-05-27,2025-06-03,160,49,8,8
4201274,도깨비촬영지,128.83366615521564,37.879702674494396,https://bis.gn.go.kr/search/station,2026-09-25T06:03:45.938750+00:00,도깨비촬영지,False,1374,4889,True,2025-05-27,2025-06-03,26,67,8,8
4200953,도마1리경로당,128.83580313705878,37.675863266048,https://bis.gn.go.kr/search/station,2026-09-25T06:03:45.938750+00:00,도마1리경로당,False,432,3,True,2025-05-27,2025-06-03,23,0,8,8
4200954,도마1리경로당,128.83571199204746,37.67583487527786,https://bis.gn.go.kr/search/station,2026-09-25T06:03:45.938750+00:00,도마1리경로당,False,3,501,True,2025-05-27,2025-06-03,0,10,5,8
4202142,도직리,129.067789814241,37.60871993490825,https://bis.gn.go.kr/search/station,2026-09-25T06:03:45.938750+00:00,도직리,False,264,5,True,2025-05-27,2025-06-03,1,0,1,8
4202152,도직리,129.06871069327684,37.60826859797961,https://bis.gn.go.kr/search/station,2026-09-25T06:03:45.938750+00:00,도직리,False,78,20,True,2025-05-27,2025-06-03,2,0,1,8
4200911,도화목이,128.79899268103495,37.57580683121861,https://bis.gn.go.kr/search/station,2026-09-25T06:03:45.938750+00:00,도화목이,False,765,19,True,2025-05-27,2025-06-03,27,2,8,8
4200910,도화목이,128.79876118261876,37.575812376849754,https://bis.gn.go.kr/search/station,2026-09-25T06:03:45.938750+00:00,도화목이,False,0,16,True,2025-05-27,2025-06-03,,,0,8
4201184,독송마을회관,128.93632837845826,37.737443377869745,https://bis.gn.go.kr/search/station,2026-09-25T06:03:45.938750+00:00,독송마을회관,True,278,216,True,2025-05-27,2025-06-03,4,6,5,8
4201183,독송마을회관,128.93638737959347,37.73749824702616,https://bis.gn.go.kr/search/station,2026-09-25T06:03:45.938750+00:00,독송마을회관,True,2272,83,True,2025-05-27,2025-06-03,48,0,8,8
4200593,동광주유소,128.988869023967,37.71446203608272,https://bis.gn.go.kr/search/station,2026-09-25T06:03:45.938750+00:00,동광주유소,False,1,9,True,2025-05-27,2025-06-03,,,0,8
4200592,동광주유소,128.98895762865502,37.71450646675624,https://bis.gn.go.kr/search/station,2026-09-25T06:03:45.938750+00:00,동광주유소,False,94,1,True,2025-05-27,2025-06-03,5,0,3,8
4201157,동그린,128.96124692830767,37.71693200282111,https://bis.gn.go.kr/search/station,2026-09-25T06:03:45.938750+00:00,동그린,False,98,17,True,2025-05-27,2025-06-03,6,1,3,8
4201156,동그린,128.96116060941432,37.71694910240202,https://bis.gn.go.kr/search/station,2026-09-25T06:03:45.938750+00:00,동그린,False,92,19,True,2025-05-27,2025-06-03,5,0,3,8
4200260,동남아파트,128.9088062489658,37.764638779656714,https://bis.gn.go.kr/search/station,2026-09-25T06:03:45.938750+00:00,동남아파트,True,28294,44501,True,2025-05-27,2025-06-03,622,1150,8,8
4200322,동도센트리움,128.90456486009336,37.76619195310031,https://bis.gn.go.kr/search/station,2026-09-25T06:03:45.938750+00:00,동도센트리움,True,17957,3587,True,2025-05-27,2025-06-03,431,64,8,8
4200104,동명중학교,128.91637238303827,37.777185998905715,https://bis.gn.go.kr/search/station,2026-09-25T06:03:45.938750+00:00,동명중학교,True,15443,778,True,2025-05-27,2025-06-03,519,14,8,8
4200105,동명중학교,128.9161008666347,37.77658681943468,https://bis.gn.go.kr/search/station,2026-09-25T06:03:45.938750+00:00,동명중학교,True,5553,3154,True,2025-05-27,2025-06-03,139,100,8,8
4200970,동물사랑센터,128.8298483336448,37.69899913101563,https://bis.gn.go.kr/search/station,2026-09-25T06:03:45.938750+00:00,동물사랑센터,False,118,0,True,2025-05-27,2025-06-03,4,0,4,8
4200934,동물사랑센터,128.8296897075576,37.69907525653717,https://bis.gn.go.kr/search/station,2026-09-25T06:03:45.938750+00:00,동물사랑센터,False,0,3,True,2025-05-27,2025-06-03,,,0,8
4200011,동부아파트,128.9151327017873,37.78401368458876,https://bis.gn.go.kr/search/station,2026-09-25T06:03:45.938750+00:00,동부아파트,True,30503,201,True,2025-05-27,2025-06-03,842,5,8,8
4200545,동산교,129.03188210282585,37.596478436012994,https://bis.gn.go.kr/search/station,2026-09-25T06:03:45.938750+00:00,동산교,False,337,34,True,2025-05-27,2025-06-03,9,0,5,8
4201180,동양석재,128.95027125993667,37.731215731549426,https://bis.gn.go.kr/search/station,2026-09-25T06:03:45.938750+00:00,동양석재,False,521,17,True,2025-05-27,2025-06-03,7,1,4,8
4201179,동양석재,128.9503404370837,37.730986647751536,https://bis.gn.go.kr/search/station,2026-09-25T06:03:45.938750+00:00,동양석재,False,8,217,True,2025-05-27,2025-06-03,0,3,2,8
4200342,동양시멘트입구,128.80418115038393,37.85051141718022,https://bis.gn.go.kr/search/station,2026-09-25T06:03:45.938750+00:00,동양시멘트입구,False,12,9,True,2025-05-27,2025-06-03,,,0,8
4200343,동양시멘트입구,128.80439889049126,37.850687991240484,https://bis.gn.go.kr/search/station,2026-09-25T06:03:45.938750+00:00,동양시멘트입구,False,66,350,True,2025-05-27,2025-06-03,0,5,4,8
4200109,동인병원입구,128.9094857690125,37.77102450992961,https://bis.gn.go.kr/search/station,2026-09-25T06:03:45.938750+00:00,동인병원입구,True,5509,15224,True,2025-05-27,2025-06-03,159,400,8,8
4200108,동인병원입구,128.90953558421478,37.77125258486367,https://bis.gn.go.kr/search/station,2026-09-25T06:03:45.938750+00:00,동인병원입구,True,43096,3880,True,2025-05-27,2025-06-03,1247,101,8,8
4201426,동해식품,128.89855245250976,37.72443751894129,https://bis.gn.go.kr/search/station,2026-09-25T06:03:45.938750+00:00,동해식품,False,,,False,2025-05-27,2025-06-03,,,0,8
4200950,둔지마을,128.8402142080388,37.66721532951788,https://bis.gn.go.kr/search/station,2026-09-25T06:03:45.938750+00:00,둔지마을,False,3,317,True,2025-05-27,2025-06-03,0,13,7,8
4200949,둔지마을,128.84032622893565,37.667211942204936,https://bis.gn.go.kr/search/station,2026-09-25T06:03:45.938750+00:00,둔지마을,False,632,10,True,2025-05-27,2025-06-03,27,1,8,8
4200944,들꽃마을,128.85442858144177,37.65082634282393,https://bis.gn.go.kr/search/station,2026-09-25T06:03:45.938750+00:00,들꽃마을,False,231,214,True,2025-05-27,2025-06-03,2,7,6,8
4200943,들꽃마을,128.85452027887206,37.65078274958405,https://bis.gn.go.kr/search/station,2026-09-25T06:03:45.938750+00:00,들꽃마을,False,335,18,True,2025-05-27,2025-06-03,11,1,6,8
4200831,등고비,128.8616371241439,37.71615919045265,https://bis.gn.go.kr/search/station,2026-09-25T06:03:45.938750+00:00,등고비,False,38,34,True,2025-05-27,2025-06-03,3,0,1,8
4200830,등고비,128.86171284130654,37.716127363746615,https://bis.gn.go.kr/search/station,2026-09-25T06:03:45.938750+00:00,등고비,False,128,22,True,2025-05-27,2025-06-03,5,1,5,8
4201134,등명락가사,129.0099873440744,37.71142599542753,https://bis.gn.go.kr/search/station,2026-09-25T06:03:45.938750+00:00,등명락가사,False,102,572,True,2025-05-27,2025-06-03,5,11,6,8
4201133,등명락가사,129.01030860073715,37.71121753055649,https://bis.gn.go.kr/search/station,2026-09-25T06:03:45.938750+00:00,등명락가사,False,1218,236,True,2025-05-27,2025-06-03,37,10,8,8
4201129,등명해변,129.01625265982383,37.701980786481954,https://bis.gn.go.kr/search/station,2026-09-25T06:03:45.938750+00:00,등명해변,False,680,616,True,2025-05-27,2025-06-03,23,21,8,8
4201130,등명해변,129.015876711037,37.70233040602598,https://bis.gn.go.kr/search/station,2026-09-25T06:03:45.938750+00:00,등명해변,False,2059,472,True,2025-05-27,2025-06-03,65,10,8,8
4200736,똑갑재,128.9084947975427,37.742997829596284,https://bis.gn.go.kr/search/station,2026-09-25T06:03:45.938750+00:00,똑갑재,True,31,385,True,2025-05-27,2025-06-03,0,9,6,8
4200735,똑갑재,128.9083233266339,37.74372779918021,https://bis.gn.go.kr/search/station,2026-09-25T06:03:45.938750+00:00,똑갑재,True,632,95,True,2025-05-27,2025-06-03,18,1,8,8
4200262,로얄아파트.포남1동주민센터,128.90933288179943,37.76545703763149,https://bis.gn.go.kr/search/station,2026-09-25T06:03:45.938750+00:00,로얄아파트.포남1동주민센터,True,64961,9392,True,2025-05-27,2025-06-03,2074,204,8,8
4201010,롯데물류센터,128.83446803238593,37.72201867130479,https://bis.gn.go.kr/search/station,2026-09-25T06:03:45.938750+00:00,롯데물류센터,False,5,496,True,2025-05-27,2025-06-03,0,8,6,8
4201380,롯데물류센터,128.83451710426255,37.72199688820527,https://bis.gn.go.kr/search/station,2026-09-25T06:03:45.938750+00:00,롯데물류센터,False,634,17,True,2025-05-27,2025-06-03,14,0,6,8
4202154,롯데캐슬시그니처,128.88177646219214,37.761744282876045,https://bis.gn.go.kr/search/station,2026-09-25T06:03:45.938750+00:00,롯데캐슬시그니처,True,2047,741,True,2025-05-27,2025-06-03,51,25,8,8
4202157,롯데캐슬시그니처,128.88150991460472,37.76169156053964,https://bis.gn.go.kr/search/station,2026-09-25T06:03:45.938750+00:00,롯데캐슬시그니처,True,973,576,True,2025-05-27,2025-06-03,33,15,8,8
4200042,롯데캐슬아파트,128.89120929799194,37.766948306391974,https://bis.gn.go.kr/search/station,2026-09-25T06:03:45.938750+00:00,롯데캐슬아파트,True,45680,20309,True,2025-05-27,2025-06-03,1493,505,8,8
4201037,말나눔터공원,128.8946789617544,37.758644529934365,https://bis.gn.go.kr/search/station,2026-09-25T06:03:45.938750+00:00,말나눔터공원,True,666,686,True,2025-05-27,2025-06-03,24,26,8,8
4200538,망월이마을,128.792107212951,37.72942872713486,https://bis.gn.go.kr/search/station,2026-09-25T06:03:45.938750+00:00,망월이마을,False,240,9,True,2025-05-27,2025-06-03,5,0,3,8
4200524,망월이마을,128.7922011149757,37.729439560975074,https://bis.gn.go.kr/search/station,2026-09-25T06:03:45.938750+00:00,망월이마을,False,25,5,True,2025-05-27,2025-06-03,2,0,1,8
4200626,명륜고교후문,128.8957168427019,37.761692970005,https://bis.gn.go.kr/search/station,2026-09-25T06:03:45.938750+00:00,명륜고교후문,True,25,46,True,2025-05-27,2025-06-03,,,0,8
4200627,명륜고교후문,128.8959116900896,37.761745147071196,https://bis.gn.go.kr/search/station,2026-09-25T06:03:45.938750+00:00,명륜고교후문,True,74,126,True,2025-05-27,2025-06-03,2,3,3,8
4200220,모래내행복센터,128.84888855200666,37.82654759560158,https://bis.gn.go.kr/search/station,2026-09-25T06:03:45.938750+00:00,모래내행복센터,False,17701,8088,True,2025-05-27,2025-06-03,604,195,8,8
4200221,모래내행복센터,128.84881781800846,37.82675602435266,https://bis.gn.go.kr/search/station,2026-09-25T06:03:45.938750+00:00,모래내행복센터,False,6443,4507,True,2025-05-27,2025-06-03,160,154,8,8
4201121,모래시계공원,129.03719508337943,37.68592446993947,https://bis.gn.go.kr/search/station,2026-09-25T06:03:45.938750+00:00,모래시계공원,False,8510,4996,True,2025-05-27,2025-06-03,262,146,8,8
4201122,모래시계공원,129.0380673722024,37.685653946463454,https://bis.gn.go.kr/search/station,2026-09-25T06:03:45.938750+00:00,모래시계공원,False,155,53,True,2025-05-27,2025-06-03,1,0,1,8
4200728,모산초교,128.90028293302265,37.73143070810136,https://bis.gn.go.kr/search/station,2026-09-25T06:03:45.938750+00:00,모산초교,False,9,202,True,2025-05-27,2025-06-03,1,8,5,8
4200727,모산초교,128.90037137412145,37.73145457144734,https://bis.gn.go.kr/search/station,2026-09-25T06:03:45.938750+00:00,모산초교,False,916,2,True,2025-05-27,2025-06-03,27,1,8,8
4201254,모안이서낭당,128.90286872766467,37.783490145093076,https://bis.gn.go.kr/search/station,2026-09-25T06:03:45.938750+00:00,모안이서낭당,True,1029,1588,True,2025-05-27,2025-06-03,5,38,8,8
4201255,모안이서낭당,128.90266311761613,37.78356022910187,https://bis.gn.go.kr/search/station,2026-09-25T06:03:45.938750+00:00,모안이서낭당,True,1515,289,True,2025-05-27,2025-06-03,32,6,8,8
4201155,모전1리,128.96150382823714,37.719819173700856,https://bis.gn.go.kr/search/station,2026-09-25T06:03:45.938750+00:00,모전1리,False,462,22,True,2025-05-27,2025-06-03,9,4,4,8
4201154,모전1리,128.96141013771185,37.71981098253356,https://bis.gn.go.kr/search/station,2026-09-25T06:03:45.938750+00:00,모전1리,False,313,138,True,2025-05-27,2025-06-03,10,2,6,8
4201159,모전리,128.95776740747448,37.71232268018703,https://bis.gn.go.kr/search/station,2026-09-25T06:03:45.938750+00:00,모전리,False,40,3,True,2025-05-27,2025-06-03,,,0,8
4201158,모전리,128.95769412799663,37.712385507146145,https://bis.gn.go.kr/search/station,2026-09-25T06:03:45.938750+00:00,모전리,False,43,6,True,2025-05-27,2025-06-03,,,0,8
4200031,모전리.돌평,128.95074649026657,37.70985195102544,https://bis.gn.go.kr/search/station,2026-09-25T06:03:45.938750+00:00,모전리.돌평,False,1333,148,True,2025-05-27,2025-06-03,43,4,8,8
4201162,모전리.돌평,128.95076445202812,37.70977883566453,https://bis.gn.go.kr/search/station,2026-09-25T06:03:45.938750+00:00,모전리.돌평,False,187,3,True,2025-05-27,2025-06-03,1,0,1,8
4201073,모전삼거리,128.96506056244797,37.72569325398637,https://bis.gn.go.kr/search/station,2026-09-25T06:03:45.938750+00:00,모전삼거리,False,2560,234,True,2025-05-27,2025-06-03,74,1,8,8
4201072,모전삼거리,128.96457294836412,37.72564861436484,https://bis.gn.go.kr/search/station,2026-09-25T06:03:45.938750+00:00,모전삼거리,False,641,921,True,2025-05-27,2025-06-03,18,26,8,8
4200941,목계리,128.8539720247843,37.64675613253988,https://bis.gn.go.kr/search/station,2026-09-25T06:03:45.938750+00:00,목계리,False,383,5,True,2025-05-27,2025-06-03,6,0,3,8
4200937,목계리경로당,128.85926935902992,37.63755434898131,https://bis.gn.go.kr/search/station,2026-09-25T06:03:45.938750+00:00,목계리경로당,False,8,120,True,2025-05-27,2025-06-03,0,2,2,8
4200938,목계리경로당,128.85882831535346,37.63808751377066,https://bis.gn.go.kr/search/station,2026-09-25T06:03:45.938750+00:00,목계리경로당,False,239,2,True,2025-05-27,2025-06-03,7,0,6,8
4200935,목계마을회관,128.8591158870725,37.63273899723025,https://bis.gn.go.kr/search/station,2026-09-25T06:03:45.938750+00:00,목계마을회관,False,1365,3,True,2025-05-27,2025-06-03,41,1,8,8
4200936,목계마을회관,128.8589875953329,37.632647124497325,https://bis.gn.go.kr/search/station,2026-09-25T06:03:45.938750+00:00,목계마을회관,False,237,596,True,2025-05-27,2025-06-03,6,17,8,8
4201358,몽탕골,129.01871214696766,37.61920866828569,https://bis.gn.go.kr/search/station,2026-09-25T06:03:45.938750+00:00,몽탕골,False,0,1,True,2025-05-27,2025-06-03,,,0,8
4201359,몽탕골,129.01872766257262,37.61915302416518,https://bis.gn.go.kr/search/station,2026-09-25T06:03:45.938750+00:00,몽탕골,False,247,1,True,2025-05-27,2025-06-03,6,0,6,8
4200979,무시골,128.79407884048865,37.737843607578455,https://bis.gn.go.kr/search/station,2026-09-25T06:03:45.938750+00:00,무시골,False,9,1,True,2025-05-27,2025-06-03,,,0,8
4200980,무시골,128.79415740714765,37.73788769905595,https://bis.gn.go.kr/search/station,2026-09-25T06:03:45.938750+00:00,무시골,False,52,21,True,2025-05-27,2025-06-03,2,0,2,8
4200895,무위사입구,128.79048797979135,37.65800841053956,https://bis.gn.go.kr/search/station,2026-09-25T06:03:45.938750+00:00,무위사입구,False,120,5,True,2025-05-27,2025-06-03,3,0,3,8
4200894,무위사입구,128.7904596075833,37.65806985505733,https://bis.gn.go.kr/search/station,2026-09-25T06:03:45.938750+00:00,무위사입구,False,0,22,True,2025-05-27,2025-06-03,,,0,8
4200088,문성고등학교,128.8747975765768,37.776789915738114,https://bis.gn.go.kr/search/station,2026-09-25T06:03:45.938750+00:00,문성고등학교,True,19111,231,True,2025-05-27,2025-06-03,484,7,8,8
4200089,문성고등학교,128.87460137001867,37.776791669303456,https://bis.gn.go.kr/search/station,2026-09-25T06:03:45.938750+00:00,문성고등학교,True,389,3406,True,2025-05-27,2025-06-03,9,72,8,8
4201191,문암정,128.91520371371126,37.744240782298405,https://bis.gn.go.kr/search/station,2026-09-25T06:03:45.938750+00:00,문암정,True,729,102,True,2025-05-27,2025-06-03,22,2,7,8
4201190,문암정,128.91570481769043,37.74371491111339,https://bis.gn.go.kr/search/station,2026-09-25T06:03:45.938750+00:00,문암정,True,89,161,True,2025-05-27,2025-06-03,2,1,3,8
4200810,문화마을,128.88042620487306,37.72295333667196,https://bis.gn.go.kr/search/station,2026-09-25T06:03:45.938750+00:00,문화마을,False,520,36,True,2025-05-27,2025-06-03,16,4,7,8
4200809,문화마을,128.88033505218718,37.72293252489115,https://bis.gn.go.kr/search/station,2026-09-25T06:03:45.938750+00:00,문화마을,False,354,161,True,2025-05-27,2025-06-03,11,7,7,8
4200384,미노리,128.86484857598091,37.82971678699962,https://bis.gn.go.kr/search/station,2026-09-25T06:03:45.938750+00:00,미노리,False,278,19,True,2025-05-27,2025-06-03,15,0,7,8
4200388,미노마을입구,128.86381568177012,37.83417468045317,https://bis.gn.go.kr/search/station,2026-09-25T06:03:45.938750+00:00,미노마을입구,False,2,24,True,2025-05-27,2025-06-03,0,3,2,8
4200543,미디어촌5단지,128.86758571434657,37.753701754139904,https://bis.gn.go.kr/search/station,2026-09-25T06:03:45.938750+00:00,미디어촌5단지,True,61560,16570,True,2025-05-27,2025-06-03,1825,442,8,8
4200621,미라보아파트,128.90255177945858,37.769019304198096,https://bis.gn.go.kr/search/station,2026-09-25T06:03:45.938750+00:00,미라보아파트,True,52,139,True,2025-05-27,2025-06-03,0,5,4,8
4200620,미라보아파트,128.902500537792,37.76907532540921,https://bis.gn.go.kr/search/station,2026-09-25T06:03:45.938750+00:00,미라보아파트,True,1119,71,True,2025-05-27,2025-06-03,33,7,7,8
4200676,박월동마을회관,128.9141099667606,37.7303231623845,https://bis.gn.go.kr/search/station,2026-09-25T06:03:45.938750+00:00,박월동마을회관,False,25,223,True,2025-05-27,2025-06-03,0,7,3,8
4200675,박월동마을회관,128.91430313467623,37.73038001057271,https://bis.gn.go.kr/search/station,2026-09-25T06:03:45.938750+00:00,박월동마을회관,False,1828,79,True,2025-05-27,2025-06-03,48,2,8,8
4200745,반쟁이,128.93382070402052,37.76052490759301,https://bis.gn.go.kr/search/station,2026-09-25T06:03:45.938750+00:00,반쟁이,True,109,669,True,2025-05-27,2025-06-03,0,22,6,8
4201092,밤재휴게소,129.01588441130582,37.643605803090345,https://bis.gn.go.kr/search/station,2026-09-25T06:03:45.938750+00:00,밤재휴게소,False,1,0,True,2025-05-27,2025-06-03,,,0,8
4201093,밤재휴게소,129.01598617822128,37.64361623880892,https://bis.gn.go.kr/search/station,2026-09-25T06:03:45.938750+00:00,밤재휴게소,False,,,False,2025-05-27,2025-06-03,,,0,8
4200226,방골마을입구,128.8558844116181,37.81329996910386,https://bis.gn.go.kr/search/station,2026-09-25T06:03:45.938750+00:00,방골마을입구,False,1948,3248,True,2025-05-27,2025-06-03,42,90,8,8
4200069,방골마을입구,128.85540756146614,37.81366779247799,https://bis.gn.go.kr/search/station,2026-09-25T06:03:45.938750+00:00,방골마을입구,False,7889,1057,True,2025-05-27,2025-06-03,190,16,8,8
4200137,방축거리,128.88360346383243,37.77333257715457,https://bis.gn.go.kr/search/station,2026-09-25T06:03:45.938750+00:00,방축거리,True,453,1573,True,2025-05-27,2025-06-03,9,42,8,8
4200136,방축거리,128.88380882582484,37.773889373429355,https://bis.gn.go.kr/search/station,2026-09-25T06:03:45.938750+00:00,방축거리,True,203,397,True,2025-05-27,2025-06-03,5,17,8,8
4200940,방터골입구,128.8542224426066,37.642387639932174,https://bis.gn.go.kr/search/station,2026-09-25T06:03:45.938750+00:00,방터골입구,False,5,221,True,2025-05-27,2025-06-03,0,4,2,8
4200939,방터골입구,128.8543538779494,37.64239089992679,https://bis.gn.go.kr/search/station,2026-09-25T06:03:45.938750+00:00,방터골입구,False,567,7,True,2025-05-27,2025-06-03,21,0,7,8
4200519,방학골,128.82351587730795,37.90381462090833,https://bis.gn.go.kr/search/station,2026-09-25T06:03:45.938750+00:00,방학골,False,2989,68,True,2025-05-27,2025-06-03,97,2,8,8
4200521,방학골,128.82291244813646,37.90463362511824,https://bis.gn.go.kr/search/station,2026-09-25T06:03:45.938750+00:00,방학골,False,118,4121,True,2025-05-27,2025-06-03,5,114,8,8
4200945,백운암입구,128.8503640197509,37.65589468864246,https://bis.gn.go.kr/search/station,2026-09-25T06:03:45.938750+00:00,백운암입구,False,334,8,True,2025-05-27,2025-06-03,8,0,5,8
4200946,백운암입구,128.8502357538194,37.655869833853565,https://bis.gn.go.kr/search/station,2026-09-25T06:03:45.938750+00:00,백운암입구,False,18,165,True,2025-05-27,2025-06-03,0,2,2,8
4201153,버당말,128.96287505180277,37.72274811896261,https://bis.gn.go.kr/search/station,2026-09-25T06:03:45.938750+00:00,버당말,False,1006,93,True,2025-05-27,2025-06-03,36,1,8,8
4201152,버당말,128.96277963489464,37.72278384606697,https://bis.gn.go.kr/search/station,2026-09-25T06:03:45.938750+00:00,버당말,False,456,351,True,2025-05-27,2025-06-03,9,9,7,8
4201290,버들골,129.02605567209912,37.579297897903295,https://bis.gn.go.kr/search/station,2026-09-25T06:03:45.938750+00:00,버들골,False,30,15,True,2025-05-27,2025-06-03,1,0,1,8
4201291,버들골,129.02611729989363,37.57922947953465,https://bis.gn.go.kr/search/station,2026-09-25T06:03:45.938750+00:00,버들골,False,62,0,True,2025-05-27,2025-06-03,1,0,1,8
4200336,버들교,128.77473855753414,37.850247080571705,https://bis.gn.go.kr/search/station,2026-09-25T06:03:45.938750+00:00,버들교,False,236,7,True,2025-05-27,2025-06-03,14,0,5,8
4200673,버들교,128.91800220365803,37.72225137691791,https://bis.gn.go.kr/search/station,2026-09-25T06:03:45.938750+00:00,버들교,False,925,2,True,2025-05-27,2025-06-03,27,0,8,8
4200335,버들교,128.77324803807656,37.850410055201316,https://bis.gn.go.kr/search/station,2026-09-25T06:03:45.938750+00:00,버들교,False,10,31,True,2025-05-27,2025-06-03,,,0,8
4200674,버들교,128.9179091300679,37.722227707735385,https://bis.gn.go.kr/search/station,2026-09-25T06:03:45.938750+00:00,버들교,False,0,116,True,2025-05-27,2025-06-03,0,9,4,8
4200904,벌말,128.77753093157395,37.586312333418526,https://bis.gn.go.kr/search/station,2026-09-25T06:03:45.938750+00:00,벌말,False,7,42,True,2025-05-27,2025-06-03,0,2,2,8
4200235,법원.검찰청,128.8739503928752,37.785042447818554,https://bis.gn.go.kr/search/station,2026-09-25T06:03:45.938750+00:00,법원.검찰청,True,4119,5862,True,2025-05-27,2025-06-03,91,126,8,8
4200234,법원.검찰청,128.87342400102995,37.78526073982707,https://bis.gn.go.kr/search/station,2026-09-25T06:03:45.938750+00:00,법원.검찰청,True,13469,3506,True,2025-05-27,2025-06-03,345,95,8,8
4201067,벽산블루밍아파트,128.82413067836563,37.88870981452805,https://bis.gn.go.kr/search/station,2026-09-25T06:03:45.938750+00:00,벽산블루밍아파트,False,0,24,True,2025-05-27,2025-06-03,,,0,8
4201193,병무청,128.90845061267927,37.74811821805219,https://bis.gn.go.kr/search/station,2026-09-25T06:03:45.938750+00:00,병무청,True,2462,929,True,2025-05-27,2025-06-03,62,25,8,8
4201194,병무청,128.90730907557136,37.749719639382455,https://bis.gn.go.kr/search/station,2026-09-25T06:03:45.938750+00:00,병무청,True,1512,671,True,2025-05-27,2025-06-03,33,17,8,8
4200361,보건소,128.8822115594926,37.743635964592464,https://bis.gn.go.kr/search/station,2026-09-25T06:03:45.938750+00:00,보건소,True,730,15392,True,2025-05-27,2025-06-03,14,348,8,8
4200065,보건소,128.8829859719751,37.74393637256719,https://bis.gn.go.kr/search/station,2026-09-25T06:03:45.938750+00:00,보건소,True,36084,454,True,2025-05-27,2025-06-03,857,7,8,8
4200580,보건진료소,128.97335780368653,37.6877997329295,https://bis.gn.go.kr/search/station,2026-09-25T06:03:45.938750+00:00,보건진료소,False,189,1,True,2025-05-27,2025-06-03,6,0,4,8
4200581,보건진료소,128.97326166656484,37.6877802990832,https://bis.gn.go.kr/search/station,2026-09-25T06:03:45.938750+00:00,보건진료소,False,21,4,True,2025-05-27,2025-06-03,3,0,1,8
4200541,보광리,128.7969029719891,37.73733219171309,https://bis.gn.go.kr/search/station,2026-09-25T06:03:45.938750+00:00,보광리,False,113,29,True,2025-05-27,2025-06-03,1,1,2,8
4200540,보광리,128.79683168120394,37.73726419118738,https://bis.gn.go.kr/search/station,2026-09-25T06:03:45.938750+00:00,보광리,False,137,47,True,2025-05-27,2025-06-03,7,0,5,8
4200965,보광리입구,128.81696481575804,37.72096716251408,https://bis.gn.go.kr/search/station,2026-09-25T06:03:45.938750+00:00,보광리입구,False,117,5,True,2025-05-27,2025-06-03,5,0,3,8
4201003,보광리입구,128.81690957708614,37.721147642825436,https://bis.gn.go.kr/search/station,2026-09-25T06:03:45.938750+00:00,보광리입구,False,7,34,True,2025-05-27,2025-06-03,0,1,1,8
4201235,보광리체험학습장,128.80754877575424,37.738056785776784,https://bis.gn.go.kr/search/station,2026-09-25T06:03:45.938750+00:00,보광리체험학습장,False,49,2,True,2025-05-27,2025-06-03,,,0,8
4200977,보광리체험학습장,128.80793365498167,37.73787511002778,https://bis.gn.go.kr/search/station,2026-09-25T06:03:45.938750+00:00,보광리체험학습장,False,1925,167,True,2025-05-27,2025-06-03,48,3,8,8
4200998,보광리체험학습장,128.8076688924087,37.73819161617253,https://bis.gn.go.kr/search/station,2026-09-25T06:03:45.938750+00:00,보광리체험학습장,False,57,368,True,2025-05-27,2025-06-03,1,8,5,8
4200986,보광보건진료소,128.80534439890508,37.738079523472834,https://bis.gn.go.kr/search/station,2026-09-25T06:03:45.938750+00:00,보광보건진료소,False,210,6,True,2025-05-27,2025-06-03,11,0,5,8
4200985,보광보건진료소,128.8054363627245,37.73800718407803,https://bis.gn.go.kr/search/station,2026-09-25T06:03:45.938750+00:00,보광보건진료소,False,4,0,True,2025-05-27,2025-06-03,1,0,1,8
4200995,보광본동,128.79947706651464,37.746310402073284,https://bis.gn.go.kr/search/station,2026-09-25T06:03:45.938750+00:00,보광본동,False,63,87,True,2025-05-27,2025-06-03,0,6,4,8
4200994,보광본동,128.79938186856992,37.746227466734425,https://bis.gn.go.kr/search/station,2026-09-25T06:03:45.938750+00:00,보광본동,False,1732,20,True,2025-05-27,2025-06-03,45,0,8,8
4200983,보광평,128.8024466454297,37.73817584117786,https://bis.gn.go.kr/search/station,2026-09-25T06:03:45.938750+00:00,보광평,False,83,15,True,2025-05-27,2025-06-03,4,0,4,8
4200984,보광평,128.8025237456016,37.73822613746055,https://bis.gn.go.kr/search/station,2026-09-25T06:03:45.938750+00:00,보광평,False,53,4,True,2025-05-27,2025-06-03,3,0,3,8
4200730,보리사입구,128.89777570598176,37.73631225974452,https://bis.gn.go.kr/search/station,2026-09-25T06:03:45.938750+00:00,보리사입구,True,5,15,True,2025-05-27,2025-06-03,,,0,8
4200729,보리사입구,128.89785144363964,37.73626831506908,https://bis.gn.go.kr/search/station,2026-09-25T06:03:45.938750+00:00,보리사입구,True,23,33,True,2025-05-27,2025-06-03,1,0,1,8
4200186,보성연립,128.82551362915504,37.901974724913615,https://bis.gn.go.kr/search/station,2026-09-25T06:03:45.938750+00:00,보성연립,False,3432,110,True,2025-05-27,2025-06-03,75,1,8,8
4200298,보성연립,128.82558444232305,37.90204313561504,https://bis.gn.go.kr/search/station,2026-09-25T06:03:45.938750+00:00,보성연립,False,45,1927,True,2025-05-27,2025-06-03,0,51,8,8
4200301,보현사입구주차장,128.78312046358457,37.738359845157134,https://bis.gn.go.kr/search/station,2026-09-25T06:03:45.938750+00:00,보현사입구주차장,False,30,10,True,2025-05-27,2025-06-03,,,0,8
4200014,보현사종점,128.79263641819853,37.73803701177597,https://bis.gn.go.kr/search/station,2026-09-25T06:03:45.938750+00:00,보현사종점,False,63,9,True,2025-05-27,2025-06-03,3,0,3,8
4200978,보현사종점,128.7926653824033,37.738105478358804,https://bis.gn.go.kr/search/station,2026-09-25T06:03:45.938750+00:00,보현사종점,False,72,2,True,2025-05-27,2025-06-03,1,1,2,8
4202161,부귀터,128.77935529659743,37.83384969713505,https://bis.gn.go.kr/search/station,2026-09-25T06:03:45.938750+00:00,부귀터,False,0,21,True,2025-05-27,2025-06-03,,,0,8
4202162,부귀터,128.7794599312011,37.83385966124151,https://bis.gn.go.kr/search/station,2026-09-25T06:03:45.938750+00:00,부귀터,False,346,5,True,2025-05-27,2025-06-03,10,0,5,8
4200410,부연동입구,128.6565982881532,37.84023340079426,https://bis.gn.go.kr/search/station,2026-09-25T06:03:45.938750+00:00,부연동입구,False,96,0,True,2025-05-27,2025-06-03,2,0,2,8
4200411,부연동입구,128.65649150006797,37.84037999546802,https://bis.gn.go.kr/search/station,2026-09-25T06:03:45.938750+00:00,부연동입구,False,1,87,True,2025-05-27,2025-06-03,0,1,1,8
4200134,부영2차아파트,128.88281079370944,37.77016072015751,https://bis.gn.go.kr/search/station,2026-09-25T06:03:45.938750+00:00,부영2차아파트,True,31017,11100,True,2025-05-27,2025-06-03,869,301,8,8
4200135,부영2차아파트,128.8825125758686,37.77002923948558,https://bis.gn.go.kr/search/station,2026-09-25T06:03:45.938750+00:00,부영2차아파트,True,8731,2629,True,2025-05-27,2025-06-03,212,52,8,8
4200792,부흥마을,128.90633218029933,37.74678151751788,https://bis.gn.go.kr/search/station,2026-09-25T06:03:45.938750+00:00,부흥마을,True,369,512,True,2025-05-27,2025-06-03,20,11,8,8
4200791,부흥마을,128.90637359052232,37.746896583401664,https://bis.gn.go.kr/search/station,2026-09-25T06:03:45.938750+00:00,부흥마을,True,649,110,True,2025-05-27,2025-06-03,9,2,7,8
4200261,북강릉IC,128.84425534198513,37.83689529134246,https://bis.gn.go.kr/search/station,2026-09-25T06:03:45.938750+00:00,북강릉IC,False,233,590,True,2025-05-27,2025-06-03,6,24,8,8
4201374,북동리종점,128.97206281726505,37.61168685078856,https://bis.gn.go.kr/search/station,2026-09-25T06:03:45.938750+00:00,북동리종점,False,160,41,True,2025-05-27,2025-06-03,6,0,4,8
4201365,북동리회관,128.9920439010217,37.61732896340916,https://bis.gn.go.kr/search/station,2026-09-25T06:03:45.938750+00:00,북동리회관,False,14,4,True,2025-05-27,2025-06-03,,,0,8
4201364,북동리회관,128.99203781944024,37.61727491738219,https://bis.gn.go.kr/search/station,2026-09-25T06:03:45.938750+00:00,북동리회관,False,377,2,True,2025-05-27,2025-06-03,11,0,6,8
4200224,북부노인대학,128.85070066292354,37.820164105652225,https://bis.gn.go.kr/search/station,2026-09-25T06:03:45.938750+00:00,북부노인대학,False,1970,243,True,2025-05-27,2025-06-03,68,6,8,8
4200225,북부노인대학,128.85083641112433,37.82016343083045,https://bis.gn.go.kr/search/station,2026-09-25T06:03:45.938750+00:00,북부노인대학,False,1377,2960,True,2025-05-27,2025-06-03,31,100,8,8
4200207,북부노인종합복지관,128.83062989490628,37.8743072338123,https://bis.gn.go.kr/search/station,2026-09-25T06:03:45.938750+00:00,북부노인종합복지관,False,34835,12586,True,2025-05-27,2025-06-03,948,268,8,8
4200208,북부노인종합복지관,128.83042321750824,37.874681277863154,https://bis.gn.go.kr/search/station,2026-09-25T06:03:45.938750+00:00,북부노인종합복지관,False,29239,16363,True,2025-05-27,2025-06-03,572,415,8,8
4200192,북부지구대,128.829270567591,37.89460960314925,https://bis.gn.go.kr/search/station,2026-09-25T06:03:45.938750+00:00,북부지구대,False,2958,13121,True,2025-05-27,2025-06-03,80,293,8,8
4200193,북부지구대,128.82860680406648,37.894535177399845,https://bis.gn.go.kr/search/station,2026-09-25T06:03:45.938750+00:00,북부지구대,False,26343,3104,True,2025-05-27,2025-06-03,663,62,8,8
4201075,분수동,129.02442625222523,37.68416226671518,https://bis.gn.go.kr/search/station,2026-09-25T06:03:45.938750+00:00,분수동,False,1709,24,True,2025-05-27,2025-06-03,45,3,8,8
4201074,분수동,129.02438633004448,37.68420512704344,https://bis.gn.go.kr/search/station,2026-09-25T06:03:45.938750+00:00,분수동,False,139,328,True,2025-05-27,2025-06-03,1,12,6,8
4201323,비상거리,128.96147017456914,37.57419041505788,https://bis.gn.go.kr/search/station,2026-09-25T06:03:45.938750+00:00,비상거리,False,179,1,True,2025-05-27,2025-06-03,2,0,2,8
4201322,비상거리,128.96170555823903,37.574443710141345,https://bis.gn.go.kr/search/station,2026-09-25T06:03:45.938750+00:00,비상거리,False,24,1,True,2025-05-27,2025-06-03,,,0,8
4200277,비치소라아파트,128.93435177478304,37.77578862012879,https://bis.gn.go.kr/search/station,2026-09-25T06:03:45.938750+00:00,비치소라아파트,True,1367,4489,True,2025-05-27,2025-06-03,24,113,8,8
4200434,사근진해변,128.898597450209,37.812322584245415,https://bis.gn.go.kr/search/station,2026-09-25T06:03:45.938750+00:00,사근진해변,False,2076,2489,True,2025-05-27,2025-06-03,50,45,8,8
4200435,사근진해변,128.89766129562162,37.81294729745145,https://bis.gn.go.kr/search/station,2026-09-25T06:03:45.938750+00:00,사근진해변,False,6204,2200,True,2025-05-27,2025-06-03,141,77,8,8
4200140,사기막,128.80639533289897,37.79268220157816,https://bis.gn.go.kr/search/station,2026-09-25T06:03:45.938750+00:00,사기막,False,1303,169,True,2025-05-27,2025-06-03,20,0,8,8
4201231,사기막리,128.81838250417627,37.7939296154463,https://bis.gn.go.kr/search/station,2026-09-25T06:03:45.938750+00:00,사기막리,False,947,9,True,2025-05-27,2025-06-03,15,0,8,8
4201230,사기막리,128.8183214702477,37.793964034615996,https://bis.gn.go.kr/search/station,2026-09-25T06:03:45.938750+00:00,사기막리,False,58,111,True,2025-05-27,2025-06-03,,,0,8
4200142,사기막마을회관,128.8109379000351,37.79306001321451,https://bis.gn.go.kr/search/station,2026-09-25T06:03:45.938750+00:00,사기막마을회관,False,4,176,True,2025-05-27,2025-06-03,0,1,1,8
4200141,사기막마을회관,128.81090286737634,37.79301923903732,https://bis.gn.go.kr/search/station,2026-09-25T06:03:45.938750+00:00,사기막마을회관,False,1035,3,True,2025-05-27,2025-06-03,33,0,8,8
4200919,사반,128.8467909201167,37.5342056043505,https://bis.gn.go.kr/search/station,2026-09-25T06:03:45.938750+00:00,사반,False,85,4,True,2025-05-27,2025-06-03,7,0,4,8
4200920,사반,128.84669362641395,37.534157761808984,https://bis.gn.go.kr/search/station,2026-09-25T06:03:45.938750+00:00,사반,False,2,5,True,2025-05-27,2025-06-03,,,0,8
4200714,사이말교,128.88798046545247,37.71196552544221,https://bis.gn.go.kr/search/station,2026-09-25T06:03:45.938750+00:00,사이말교,False,856,40,True,2025-05-27,2025-06-03,33,2,8,8
4200713,사이말교,128.88807348333134,37.711972121452696,https://bis.gn.go.kr/search/station,2026-09-25T06:03:45.938750+00:00,사이말교,False,3,0,True,2025-05-27,2025-06-03,,,0,8
4200924,사이소재길,128.8475369146747,37.557798436516386,https://bis.gn.go.kr/search/station,2026-09-25T06:03:45.938750+00:00,사이소재길,False,2,67,True,2025-05-27,2025-06-03,,,0,8
4200923,사이소재길,128.8476417163746,37.55780194237984,https://bis.gn.go.kr/search/station,2026-09-25T06:03:45.938750+00:00,사이소재길,False,69,0,True,2025-05-27,2025-06-03,1,0,1,8
4200223,사천면사무소,128.84914337332015,37.8229406699122,https://bis.gn.go.kr/search/station,2026-09-25T06:03:45.938750+00:00,사천면사무소,False,20924,6689,True,2025-05-27,2025-06-03,676,159,8,8
4200222,사천면사무소,128.84928192865996,37.82385848393331,https://bis.gn.go.kr/search/station,2026-09-25T06:03:45.938750+00:00,사천면사무소,False,13547,12717,True,2025-05-27,2025-06-03,334,330,8,8
4200449,사천물회거리,128.8755979856823,37.838072593350674,https://bis.gn.go.kr/search/station,2026-09-25T06:03:45.938750+00:00,사천물회거리,False,6683,1495,True,2025-05-27,2025-06-03,153,17,8,8
4200447,사천물회거리,128.8757309061334,37.83810545841113,https://bis.gn.go.kr/search/station,2026-09-25T06:03:45.938750+00:00,사천물회거리,False,7578,5817,True,2025-05-27,2025-06-03,126,105,8,8
4202163,사천보헤미안커피,128.86756687053622,37.84672399113912,https://bis.gn.go.kr/search/station,2026-09-25T06:03:45.938750+00:00,사천보헤미안커피,False,423,158,True,2025-05-27,2025-06-03,,,0,8
4202164,사천보헤미안커피,128.8676784641814,37.846752776517754,https://bis.gn.go.kr/search/station,2026-09-25T06:03:45.938750+00:00,사천보헤미안커피,False,225,324,True,2025-05-27,2025-06-03,,,0,8
4200294,사천중학교,128.84663312060465,37.82670813694838,https://bis.gn.go.kr/search/station,2026-09-25T06:03:45.938750+00:00,사천중학교,False,72,76,True,2025-05-27,2025-06-03,4,8,4,8
4200165,사천중학교,128.84662013233944,37.82677848556301,https://bis.gn.go.kr/search/station,2026-09-25T06:03:45.938750+00:00,사천중학교,False,440,12,True,2025-05-27,2025-06-03,11,1,6,8
4201238,사천진리,128.87339689589916,37.83812340174815,https://bis.gn.go.kr/search/station,2026-09-25T06:03:45.938750+00:00,사천진리,False,3281,734,True,2025-05-27,2025-06-03,68,19,8,8
4202159,사천진바위섬,128.87633882234948,37.84060226740597,https://bis.gn.go.kr/search/station,2026-09-25T06:03:45.938750+00:00,사천진바위섬,False,976,248,True,2025-05-27,2025-06-03,31,16,8,8
4202160,사천진바위섬,128.8764473285357,37.8406481132808,https://bis.gn.go.kr/search/station,2026-09-25T06:03:45.938750+00:00,사천진바위섬,False,247,560,True,2025-05-27,2025-06-03,7,11,6,8
4209999,사천진해변,128.87344886491002,37.842977470664934,https://bis.gn.go.kr/search/station,2026-09-25T06:03:45.938750+00:00,사천진해변,False,593,754,True,2025-05-27,2025-06-03,16,10,6,8
4201268,사천진해변,128.87339749147367,37.84293833117085,https://bis.gn.go.kr/search/station,2026-09-25T06:03:45.938750+00:00,사천진해변,False,1892,676,True,2025-05-27,2025-06-03,32,17,8,8
4200444,사천캠핑장,128.87516834469744,37.831731302711255,https://bis.gn.go.kr/search/station,2026-09-25T06:03:45.938750+00:00,사천캠핑장,False,391,728,True,2025-05-27,2025-06-03,9,6,6,8
4200445,사천캠핑장,128.8750445298634,37.831686225915426,https://bis.gn.go.kr/search/station,2026-09-25T06:03:45.938750+00:00,사천캠핑장,False,934,151,True,2025-05-27,2025-06-03,19,10,7,8
4200442,사천해변,128.87869491904522,37.828713817312966,https://bis.gn.go.kr/search/station,2026-09-25T06:03:45.938750+00:00,사천해변,False,613,636,True,2025-05-27,2025-06-03,10,18,8,8
4200443,사천해변,128.87827311977188,37.82882341864164,https://bis.gn.go.kr/search/station,2026-09-25T06:03:45.938750+00:00,사천해변,False,1223,387,True,2025-05-27,2025-06-03,39,0,6,8
4201321,산계2리,128.97229539203417,37.57962245004452,https://bis.gn.go.kr/search/station,2026-09-25T06:03:45.938750+00:00,산계2리,False,97,0,True,2025-05-27,2025-06-03,4,0,3,8
4201320,산계2리,128.97246971139714,37.57976114585706,https://bis.gn.go.kr/search/station,2026-09-25T06:03:45.938750+00:00,산계2리,False,47,0,True,2025-05-27,2025-06-03,,,0,8
4201328,산계리종점,128.9460355736469,37.57495852194761,https://bis.gn.go.kr/search/station,2026-09-25T06:03:45.938750+00:00,산계리종점,False,1303,178,True,2025-05-27,2025-06-03,38,6,8,8
4200440,산대월리.순포,128.88547702493108,37.822903011074914,https://bis.gn.go.kr/search/station,2026-09-25T06:03:45.938750+00:00,산대월리.순포,False,837,339,True,2025-05-27,2025-06-03,20,12,8,8
4200441,산대월리.순포,128.88527417343033,37.822868850849,https://bis.gn.go.kr/search/station,2026-09-25T06:03:45.938750+00:00,산대월리.순포,False,993,326,True,2025-05-27,2025-06-03,24,6,8,8
4200383,산대월리마을회관,128.8709163724858,37.815914215160845,https://bis.gn.go.kr/search/station,2026-09-25T06:03:45.938750+00:00,산대월리마을회관,False,279,9,True,2025-05-27,2025-06-03,13,0,7,8
4200594,산두골,128.9840168065266,37.71859873395223,https://bis.gn.go.kr/search/station,2026-09-25T06:03:45.938750+00:00,산두골,False,829,6,True,2025-05-27,2025-06-03,32,0,8,8
4200595,산두골,128.98401664518687,37.71851617972176,https://bis.gn.go.kr/search/station,2026-09-25T06:03:45.938750+00:00,산두골,False,53,167,True,2025-05-27,2025-06-03,1,6,6,8
4200179,산림조합,128.81641190280698,37.85471554225067,https://bis.gn.go.kr/search/station,2026-09-25T06:03:45.938750+00:00,산림조합,False,355,38,True,2025-05-27,2025-06-03,12,2,6,8
4200295,산림조합,128.81634583702206,37.85478178935546,https://bis.gn.go.kr/search/station,2026-09-25T06:03:45.938750+00:00,산림조합,False,30,240,True,2025-05-27,2025-06-03,2,6,3,8
4200877,산북,128.84586150037325,37.704935503831294,https://bis.gn.go.kr/search/station,2026-09-25T06:03:45.938750+00:00,산북,False,214,34,True,2025-05-27,2025-06-03,7,1,5,8
4200875,산북2리경로당,128.83409128779982,37.71149810424752,https://bis.gn.go.kr/search/station,2026-09-25T06:03:45.938750+00:00,산북2리경로당,False,83,0,True,2025-05-27,2025-06-03,,,0,8
4200876,산북2리경로당,128.83404425902265,37.71143075108243,https://bis.gn.go.kr/search/station,2026-09-25T06:03:45.938750+00:00,산북2리경로당,False,355,15,True,2025-05-27,2025-06-03,6,0,1,8
4201060,산성우1리,129.0046545324227,37.68347462505554,https://bis.gn.go.kr/search/station,2026-09-25T06:03:45.938750+00:00,산성우1리,False,1654,106,True,2025-05-27,2025-06-03,43,5,8,8
4201084,산성우2리,129.01725588482054,37.67160656267303,https://bis.gn.go.kr/search/station,2026-09-25T06:03:45.938750+00:00,산성우2리,False,2,26,True,2025-05-27,2025-06-03,,,0,8
4201085,산성우2리,129.01735333412336,37.671618793132126,https://bis.gn.go.kr/search/station,2026-09-25T06:03:45.938750+00:00,산성우2리,False,1,1,True,2025-05-27,2025-06-03,,,0,8
4201083,산성우2리마을회관,129.02279471216545,37.67820045840464,https://bis.gn.go.kr/search/station,2026-09-25T06:03:45.938750+00:00,산성우2리마을회관,False,278,118,True,2025-05-27,2025-06-03,7,0,2,8
4201082,산성우2리마을회관,129.02269902654416,37.678299838704675,https://bis.gn.go.kr/search/station,2026-09-25T06:03:45.938750+00:00,산성우2리마을회관,False,74,8,True,2025-05-27,2025-06-03,0,1,1,8
4201031,삼개사입구,128.88695285563512,37.7503693771254,https://bis.gn.go.kr/search/station,2026-09-25T06:03:45.938750+00:00,삼개사입구,True,8321,1022,True,2025-05-27,2025-06-03,157,35,8,8
4201032,삼개사입구,128.88684645443755,37.75026780562399,https://bis.gn.go.kr/search/station,2026-09-25T06:03:45.938750+00:00,삼개사입구,True,1118,4324,True,2025-05-27,2025-06-03,24,78,8,8
4200867,삼거리,128.83456155956415,37.745154825533675,https://bis.gn.go.kr/search/station,2026-09-25T06:03:45.938750+00:00,삼거리,False,0,6,True,2025-05-27,2025-06-03,,,0,8
4200866,삼거리,128.8345942629299,37.74509162495973,https://bis.gn.go.kr/search/station,2026-09-25T06:03:45.938750+00:00,삼거리,False,206,3,True,2025-05-27,2025-06-03,5,0,5,8
4200455,삼교리종점,128.74996246309584,37.87971842334567,https://bis.gn.go.kr/search/station,2026-09-25T06:03:45.938750+00:00,삼교리종점,False,1858,26,True,2025-05-27,2025-06-03,54,1,8,8
4200456,삼교리종점,128.7500022864006,37.879776675728266,https://bis.gn.go.kr/search/station,2026-09-25T06:03:45.938750+00:00,삼교리종점,False,72,85,True,2025-05-27,2025-06-03,2,2,4,8
4201370,삼밭골,128.97299626468876,37.625881433054694,https://bis.gn.go.kr/search/station,2026-09-25T06:03:45.938750+00:00,삼밭골,False,232,0,True,2025-05-27,2025-06-03,12,0,6,8
4201369,삼밭골,128.97299344360636,37.62595039665499,https://bis.gn.go.kr/search/station,2026-09-25T06:03:45.938750+00:00,삼밭골,False,182,0,True,2025-05-27,2025-06-03,3,0,2,8
4200514,삼산,128.69251552941094,37.84710607104921,https://bis.gn.go.kr/search/station,2026-09-25T06:03:45.938750+00:00,삼산,False,148,6,True,2025-05-27,2025-06-03,3,0,2,8
4200516,삼산,128.6925944995912,37.847189566163216,https://bis.gn.go.kr/search/station,2026-09-25T06:03:45.938750+00:00,삼산,False,8,70,True,2025-05-27,2025-06-03,0,2,1,8
4200170,삼산1리,128.70464319375566,37.845506729172776,https://bis.gn.go.kr/search/station,2026-09-25T06:03:45.938750+00:00,삼산1리,False,295,20,True,2025-05-27,2025-06-03,4,3,4,8
4200171,삼산1리,128.7047914618132,37.84575283130434,https://bis.gn.go.kr/search/station,2026-09-25T06:03:45.938750+00:00,삼산1리,False,23,181,True,2025-05-27,2025-06-03,0,10,6,8
4200324,삼산1리마을회관,128.7032068078098,37.84670520300259,https://bis.gn.go.kr/search/station,2026-09-25T06:03:45.938750+00:00,삼산1리마을회관,False,19,109,True,2025-05-27,2025-06-03,0,3,3,8
4200325,삼산1리마을회관,128.7039248000704,37.84665394357494,https://bis.gn.go.kr/search/station,2026-09-25T06:03:45.938750+00:00,삼산1리마을회관,False,40,66,True,2025-05-27,2025-06-03,,,0,8
4200408,삼산4리,128.65358585892187,37.836375046564235,https://bis.gn.go.kr/search/station,2026-09-25T06:03:45.938750+00:00,삼산4리,False,3,0,True,2025-05-27,2025-06-03,,,0,8
4200409,삼산4리,128.65339766055644,37.8363605430016,https://bis.gn.go.kr/search/station,2026-09-25T06:03:45.938750+00:00,삼산4리,False,0,1,True,2025-05-27,2025-06-03,,,0,8
4200426,삼산보건진료소,128.69992094735875,37.846599335592536,https://bis.gn.go.kr/search/station,2026-09-25T06:03:45.938750+00:00,삼산보건진료소,False,565,17,True,2025-05-27,2025-06-03,22,0,7,8
4200427,삼산보건진료소,128.6999017867484,37.84667116560819,https://bis.gn.go.kr/search/station,2026-09-25T06:03:45.938750+00:00,삼산보건진료소,False,97,159,True,2025-05-27,2025-06-03,3,6,4,8
4200328,삼산분소,128.72806310762525,37.8484167632985,https://bis.gn.go.kr/search/station,2026-09-25T06:03:45.938750+00:00,삼산분소,False,32,980,True,2025-05-27,2025-06-03,1,20,8,8
4201411,삼성디지털센터,128.89671612387085,37.758421567843364,https://bis.gn.go.kr/search/station,2026-09-25T06:03:45.938750+00:00,삼성디지털센터,True,301,293,True,2025-05-27,2025-06-03,8,6,6,8
4200365,삼성디지털센터,128.8966989039856,37.75811194350719,https://bis.gn.go.kr/search/station,2026-09-25T06:03:45.938750+00:00,삼성디지털센터,True,11966,13242,True,2025-05-27,2025-06-03,461,341,8,8
4200987,삼왕,128.79442364222726,37.75959705206606,https://bis.gn.go.kr/search/station,2026-09-25T06:03:45.938750+00:00,삼왕,False,696,175,True,2025-05-27,2025-06-03,17,5,8,8
4200267,삼우은성아파트,128.91973659122027,37.77025900516923,https://bis.gn.go.kr/search/station,2026-09-25T06:03:45.938750+00:00,삼우은성아파트,True,9687,14895,True,2025-05-27,2025-06-03,235,408,8,8
4200268,삼우은성아파트,128.91881978171756,37.77007704319862,https://bis.gn.go.kr/search/station,2026-09-25T06:03:45.938750+00:00,삼우은성아파트,True,45621,3244,True,2025-05-27,2025-06-03,1525,79,8,8
4200054,삼익아파트,128.93336344346523,37.7794509217129,https://bis.gn.go.kr/search/station,2026-09-25T06:03:45.938750+00:00,삼익아파트,True,552,7056,True,2025-05-27,2025-06-03,23,177,8,8
4200358,삼창그린맨션,128.88749893563826,37.744743384730015,https://bis.gn.go.kr/search/station,2026-09-25T06:03:45.938750+00:00,삼창그린맨션,True,4634,264,True,2025-05-27,2025-06-03,124,16,8,8
4200310,삼천리아파트,128.8379309322555,37.8689470039461,https://bis.gn.go.kr/search/station,2026-09-25T06:03:45.938750+00:00,삼천리아파트,False,49390,19666,True,2025-05-27,2025-06-03,1536,403,8,8
4200211,삼천리아파트,128.8383288212433,37.86906384505761,https://bis.gn.go.kr/search/station,2026-09-25T06:03:45.938750+00:00,삼천리아파트,False,52276,18456,True,2025-05-27,2025-06-03,1112,527,8,8
4200732,삼흥사,128.901198738292,37.739798973918525,https://bis.gn.go.kr/search/station,2026-09-25T06:03:45.938750+00:00,삼흥사,True,142,566,True,2025-05-27,2025-06-03,8,14,8,8
4200731,삼흥사,128.90121043083064,37.739730650079785,https://bis.gn.go.kr/search/station,2026-09-25T06:03:45.938750+00:00,삼흥사,True,1042,60,True,2025-05-27,2025-06-03,14,2,6,8
4200925,삽당령휴게소,128.85348981301368,37.57765377589509,https://bis.gn.go.kr/search/station,2026-09-25T06:03:45.938750+00:00,삽당령휴게소,False,23,2,True,2025-05-27,2025-06-03,2,0,2,8
4200926,삽당령휴게소,128.85335366163847,37.57771787179165,https://bis.gn.go.kr/search/station,2026-09-25T06:03:45.938750+00:00,삽당령휴게소,False,0,5,True,2025-05-27,2025-06-03,0,2,2,8
4201429,삿갓2교,128.89440260554116,37.72191310597893,https://bis.gn.go.kr/search/station,2026-09-25T06:03:45.938750+00:00,삿갓2교,False,,,False,2025-05-27,2025-06-03,,,0,8
4200022,상근내,128.7796924207031,37.8773758413694,https://bis.gn.go.kr/search/station,2026-09-25T06:03:45.938750+00:00,상근내,False,1335,23,True,2025-05-27,2025-06-03,44,0,8,8
4200099,상근내,128.77960655925375,37.87745059496862,https://bis.gn.go.kr/search/station,2026-09-25T06:03:45.938750+00:00,상근내,False,282,149,True,2025-05-27,2025-06-03,3,3,4,8
4201317,상반암,128.97555145054721,37.581507187334616,https://bis.gn.go.kr/search/station,2026-09-25T06:03:45.938750+00:00,상반암,False,12,1,True,2025-05-27,2025-06-03,2,0,2,8
4201316,상반암,128.97543453934762,37.581480242671276,https://bis.gn.go.kr/search/station,2026-09-25T06:03:45.938750+00:00,상반암,False,0,4,True,2025-05-27,2025-06-03,,,0,8
4201318,상반암2교,128.97515057257976,37.579938893006116,https://bis.gn.go.kr/search/station,2026-09-25T06:03:45.938750+00:00,상반암2교,False,2,16,True,2025-05-27,2025-06-03,0,1,1,8
4201319,상반암2교,128.97526025138177,37.580104674041834,https://bis.gn.go.kr/search/station,2026-09-25T06:03:45.938750+00:00,상반암2교,False,187,0,True,2025-05-27,2025-06-03,2,0,2,8
4201173,상시동,128.94246528458484,37.71818427280178,https://bis.gn.go.kr/search/station,2026-09-25T06:03:45.938750+00:00,상시동,False,730,26,True,2025-05-27,2025-06-03,21,0,8,8
4201174,상시동,128.94244611636475,37.71825557931822,https://bis.gn.go.kr/search/station,2026-09-25T06:03:45.938750+00:00,상시동,False,186,24,True,2025-05-27,2025-06-03,4,0,4,8
4201175,상시동2리마을구판장,128.9490236053727,37.7224263738442,https://bis.gn.go.kr/search/station,2026-09-25T06:03:45.938750+00:00,상시동2리마을구판장,False,475,8,True,2025-05-27,2025-06-03,16,0,8,8
4201176,상시동2리마을구판장,128.94913379195222,37.72251033214177,https://bis.gn.go.kr/search/station,2026-09-25T06:03:45.938750+00:00,상시동2리마을구판장,False,76,7,True,2025-05-27,2025-06-03,2,0,2,8
4200526,새이골,128.79025907473746,37.85322227035808,https://bis.gn.go.kr/search/station,2026-09-25T06:03:45.938750+00:00,새이골,False,258,138,True,2025-05-27,2025-06-03,9,4,7,8
4200957,새재마을,128.8242487855186,37.68544901419477,https://bis.gn.go.kr/search/station,2026-09-25T06:03:45.938750+00:00,새재마을,False,304,4,True,2025-05-27,2025-06-03,12,2,6,8
4200958,새재마을,128.8242669560502,37.685279144065696,https://bis.gn.go.kr/search/station,2026-09-25T06:03:45.938750+00:00,새재마을,False,0,80,True,2025-05-27,2025-06-03,0,5,4,8
4201360,샘골,129.00918544930587,37.619230471502696,https://bis.gn.go.kr/search/station,2026-09-25T06:03:45.938750+00:00,샘골,False,2,7,True,2025-05-27,2025-06-03,,,0,8
4201361,샘골,129.0091899817426,37.61916886212585,https://bis.gn.go.kr/search/station,2026-09-25T06:03:45.938750+00:00,샘골,False,93,2,True,2025-05-27,2025-06-03,1,0,1,8
4200974,샘골식당,128.8117504319814,37.72973210273536,https://bis.gn.go.kr/search/station,2026-09-25T06:03:45.938750+00:00,샘골식당,False,254,40,True,2025-05-27,2025-06-03,13,0,7,8
4200973,샘골식당,128.81165805890132,37.72970284088515,https://bis.gn.go.kr/search/station,2026-09-25T06:03:45.938750+00:00,샘골식당,False,583,6,True,2025-05-27,2025-06-03,18,0,8,8
4200932,샘터휴게실,128.8616379939255,37.62586846407014,https://bis.gn.go.kr/search/station,2026-09-25T06:03:45.938750+00:00,샘터휴게실,False,1,120,True,2025-05-27,2025-06-03,0,2,2,8
4200931,샘터휴게실,128.86196479739877,37.62603907325114,https://bis.gn.go.kr/search/station,2026-09-25T06:03:45.938750+00:00,샘터휴게실,False,1029,1,True,2025-05-27,2025-06-03,28,0,8,8
4200515,서당마을,128.8153409524242,37.87964681225348,https://bis.gn.go.kr/search/station,2026-09-25T06:03:45.938750+00:00,서당마을,False,354,48,True,2025-05-27,2025-06-03,8,0,6,8
4200842,서희아파트,128.86542964738,37.739494273568006,https://bis.gn.go.kr/search/station,2026-09-25T06:03:45.938750+00:00,서희아파트,True,164,4989,True,2025-05-27,2025-06-03,6,137,8,8
4200843,서희아파트,128.86634677134685,37.73976016715972,https://bis.gn.go.kr/search/station,2026-09-25T06:03:45.938750+00:00,서희아파트,True,26458,397,True,2025-05-27,2025-06-03,825,11,8,8
4200139,석교2리마을회관,128.82066862382376,37.842307094394954,https://bis.gn.go.kr/search/station,2026-09-25T06:03:45.938750+00:00,석교2리마을회관,False,244,41,True,2025-05-27,2025-06-03,6,0,3,8
4200992,석불사입구,128.79428550244546,37.75401121249684,https://bis.gn.go.kr/search/station,2026-09-25T06:03:45.938750+00:00,석불사입구,False,19,17,True,2025-05-27,2025-06-03,,,0,8
4200993,석불사입구,128.79436174094738,37.75400145159608,https://bis.gn.go.kr/search/station,2026-09-25T06:03:45.938750+00:00,석불사입구,False,1,4,True,2025-05-27,2025-06-03,,,0,8
4200076,선교장,128.88470029533363,37.78507057730054,https://bis.gn.go.kr/search/station,2026-09-25T06:03:45.938750+00:00,선교장,True,1453,749,True,2025-05-27,2025-06-03,61,27,8,8
4200075,선교장,128.8853532167783,37.785455385598155,https://bis.gn.go.kr/search/station,2026-09-25T06:03:45.938750+00:00,선교장,True,1862,650,True,2025-05-27,2025-06-03,61,21,8,8
4200236,선교장입구,128.87978791945434,37.782182641690056,https://bis.gn.go.kr/search/station,2026-09-25T06:03:45.938750+00:00,선교장입구,True,11626,6257,True,2025-05-27,2025-06-03,337,183,8,8
4200237,선교장입구,128.8801857915523,37.78222354537227,https://bis.gn.go.kr/search/station,2026-09-25T06:03:45.938750+00:00,선교장입구,True,5877,5568,True,2025-05-27,2025-06-03,145,160,8,8
4201250,선수촌8단지,128.87011109214671,37.76078977894948,https://bis.gn.go.kr/search/station,2026-09-25T06:03:45.938750+00:00,선수촌8단지,True,17344,1320,True,2025-05-27,2025-06-03,659,23,8,8
4201249,선수촌8단지,128.87029355520082,37.76060110592661,https://bis.gn.go.kr/search/station,2026-09-25T06:03:45.938750+00:00,선수촌8단지,True,5193,3387,True,2025-05-27,2025-06-03,112,94,8,8
4200534,선자령고개입구,128.79239579933846,37.73245610705835,https://bis.gn.go.kr/search/station,2026-09-25T06:03:45.938750+00:00,선자령고개입구,False,2,0,True,2025-05-27,2025-06-03,,,0,8
4200537,선자령고개입구,128.79231046446523,37.732508544183865,https://bis.gn.go.kr/search/station,2026-09-25T06:03:45.938750+00:00,선자령고개입구,False,2,2,True,2025-05-27,2025-06-03,,,0,8
4201310,설암마을,128.99822461811513,37.59527911024018,https://bis.gn.go.kr/search/station,2026-09-25T06:03:45.938750+00:00,설암마을,False,2,0,True,2025-05-27,2025-06-03,,,0,8
4201311,설암마을,128.9983494117808,37.59541501641899,https://bis.gn.go.kr/search/station,2026-09-25T06:03:45.938750+00:00,설암마을,False,13,1,True,2025-05-27,2025-06-03,2,0,2,8
4201189,섬석교,128.92156879198023,37.740684165183964,https://bis.gn.go.kr/search/station,2026-09-25T06:03:45.938750+00:00,섬석교,True,166,182,True,2025-05-27,2025-06-03,9,4,6,8
4201188,섬석교,128.92171052547354,37.74090783532175,https://bis.gn.go.kr/search/station,2026-09-25T06:03:45.938750+00:00,섬석교,True,2321,87,True,2025-05-27,2025-06-03,56,1,8,8
4200854,성내동광장,128.89469082592495,37.750838877146485,https://bis.gn.go.kr/search/station,2026-09-25T06:03:45.938750+00:00,성내동광장,True,293,153,True,2025-05-27,2025-06-03,7,5,7,8
4200855,성내동광장,128.89488299521074,37.75095303991505,https://bis.gn.go.kr/search/station,2026-09-25T06:03:45.938750+00:00,성내동광장,True,228,1200,True,2025-05-27,2025-06-03,2,20,8,8
4201046,성덕동주민센터,128.91533375948597,37.76294836172143,https://bis.gn.go.kr/search/station,2026-09-25T06:03:45.938750+00:00,성덕동주민센터,True,28,733,True,2025-05-27,2025-06-03,0,16,7,8
4201045,성덕동주민센터,128.91516594318634,37.762763608124146,https://bis.gn.go.kr/search/station,2026-09-25T06:03:45.938750+00:00,성덕동주민센터,True,1031,26,True,2025-05-27,2025-06-03,25,0,6,8
4200765,성덕초등학교,128.91017117535122,37.75573609872045,https://bis.gn.go.kr/search/station,2026-09-25T06:03:45.938750+00:00,성덕초등학교,True,19818,851,True,2025-05-27,2025-06-03,472,17,8,8
4201004,성산,128.82713990486903,37.71438975242994,https://bis.gn.go.kr/search/station,2026-09-25T06:03:45.938750+00:00,성산,False,5,60,True,2025-05-27,2025-06-03,0,2,2,8
4201005,성산,128.8271623742617,37.714502339268236,https://bis.gn.go.kr/search/station,2026-09-25T06:03:45.938750+00:00,성산,False,1939,1045,True,2025-05-27,2025-06-03,49,41,8,8
4201009,성산면사무소,128.832602033901,37.718970827982346,https://bis.gn.go.kr/search/station,2026-09-25T06:03:45.938750+00:00,성산면사무소,False,2774,4185,True,2025-05-27,2025-06-03,70,123,8,8
4201008,성산면사무소,128.83255254171343,37.71856830087688,https://bis.gn.go.kr/search/station,2026-09-25T06:03:45.938750+00:00,성산면사무소,False,10648,2552,True,2025-05-27,2025-06-03,347,127,8,8
4201007,성산치안센터,128.8310696649731,37.7159774839219,https://bis.gn.go.kr/search/station,2026-09-25T06:03:45.938750+00:00,성산치안센터,False,249,2079,True,2025-05-27,2025-06-03,10,79,8,8
4201006,성산치안센터,128.83090633919258,37.71566752965487,https://bis.gn.go.kr/search/station,2026-09-25T06:03:45.938750+00:00,성산치안센터,False,6098,137,True,2025-05-27,2025-06-03,189,5,8,8
4200422,성원사입구,128.6867712693139,37.847205451671535,https://bis.gn.go.kr/search/station,2026-09-25T06:03:45.938750+00:00,성원사입구,False,761,3,True,2025-05-27,2025-06-03,25,0,7,8
4200423,성원사입구,128.68646040632865,37.84726485901322,https://bis.gn.go.kr/search/station,2026-09-25T06:03:45.938750+00:00,성원사입구,False,20,444,True,2025-05-27,2025-06-03,1,18,7,8
4200817,성황당,128.87341590911527,37.71242819076422,https://bis.gn.go.kr/search/station,2026-09-25T06:03:45.938750+00:00,성황당,False,202,22,True,2025-05-27,2025-06-03,8,0,7,8
4200818,성황당,128.8735164959862,37.712407011021696,https://bis.gn.go.kr/search/station,2026-09-25T06:03:45.938750+00:00,성황당,False,210,17,True,2025-05-27,2025-06-03,6,0,4,8
4201425,성황당교,128.89068764552184,37.7193346055837,https://bis.gn.go.kr/search/station,2026-09-25T06:03:45.938750+00:00,성황당교,False,,,False,2025-05-27,2025-06-03,,,0,8
4200550,세인트존스호텔,128.9216970367292,37.79098344901958,https://bis.gn.go.kr/search/station,2026-09-25T06:03:45.938750+00:00,세인트존스호텔,True,3788,988,True,2025-05-27,2025-06-03,92,32,8,8
4200549,세인트존스호텔,128.92167986735865,37.790864197302774,https://bis.gn.go.kr/search/station,2026-09-25T06:03:45.938750+00:00,세인트존스호텔,True,2222,3299,True,2025-05-27,2025-06-03,53,64,8,8
4202156,세인트존스호텔,128.92066155176954,37.789921292283566,https://bis.gn.go.kr/search/station,2026-09-25T06:03:45.938750+00:00,세인트존스호텔,True,531,1574,True,2025-05-27,2025-06-03,8,37,7,8
4202158,세인트존스호텔,128.9208321964743,37.79000919070631,https://bis.gn.go.kr/search/station,2026-09-25T06:03:45.938750+00:00,세인트존스호텔,True,953,272,True,2025-05-27,2025-06-03,34,8,8,8
4200167,소금강산,128.71230365715414,37.82166854276753,https://bis.gn.go.kr/search/station,2026-09-25T06:03:45.938750+00:00,소금강산,False,248,149,True,2025-05-27,2025-06-03,3,5,5,8
4200166,소금강산,128.7124812586759,37.82175517040325,https://bis.gn.go.kr/search/station,2026-09-25T06:03:45.938750+00:00,소금강산,False,430,8,True,2025-05-27,2025-06-03,11,0,5,8
4200327,소금강산돌박물관,128.72545746023172,37.848484193808346,https://bis.gn.go.kr/search/station,2026-09-25T06:03:45.938750+00:00,소금강산돌박물관,False,3207,16,True,2025-05-27,2025-06-03,76,0,8,8
4200168,소금강산분교,128.710000116687,37.83125700946602,https://bis.gn.go.kr/search/station,2026-09-25T06:03:45.938750+00:00,소금강산분교,False,636,4,True,2025-05-27,2025-06-03,25,0,8,8
4200169,소금강산분교,128.70996109009303,37.83105237281379,https://bis.gn.go.kr/search/station,2026-09-25T06:03:45.938750+00:00,소금강산분교,False,13,180,True,2025-05-27,2025-06-03,0,4,4,8
4200429,소금강산삼거리,128.70652525366145,37.84687236867498,https://bis.gn.go.kr/search/station,2026-09-25T06:03:45.938750+00:00,소금강산삼거리,False,34,593,True,2025-05-27,2025-06-03,0,7,5,8
4200428,소금강산삼거리,128.70675214581883,37.84674771999477,https://bis.gn.go.kr/search/station,2026-09-25T06:03:45.938750+00:00,소금강산삼거리,False,974,32,True,2025-05-27,2025-06-03,26,1,7,8
4200419,소금강산종점,128.70783064886766,37.81649025417566,https://bis.gn.go.kr/search/station,2026-09-25T06:03:45.938750+00:00,소금강산종점,False,1805,1120,True,2025-05-27,2025-06-03,53,38,8,8
4200337,소금강산체험학습장,128.78576790854493,37.85169587352382,https://bis.gn.go.kr/search/station,2026-09-25T06:03:45.938750+00:00,소금강산체험학습장,False,911,14,True,2025-05-27,2025-06-03,24,1,8,8
4200184,소돌,128.82175443074843,37.905415537268986,https://bis.gn.go.kr/search/station,2026-09-25T06:03:45.938750+00:00,소돌,False,28769,1445,True,2025-05-27,2025-06-03,693,33,8,8
4200185,소돌,128.8213252547112,37.90592204016269,https://bis.gn.go.kr/search/station,2026-09-25T06:03:45.938750+00:00,소돌,False,463,7951,True,2025-05-27,2025-06-03,10,178,8,8
4200523,소돌해변,128.82357421556765,37.90742431202615,https://bis.gn.go.kr/search/station,2026-09-25T06:03:45.938750+00:00,소돌해변,False,28,1231,True,2025-05-27,2025-06-03,2,30,7,8
4200518,소돌해변,128.8237001059589,37.9072478711743,https://bis.gn.go.kr/search/station,2026-09-25T06:03:45.938750+00:00,소돌해변,False,1922,36,True,2025-05-27,2025-06-03,65,0,8,8
4200002,소돌해변입구,128.81905535960837,37.90780434670355,https://bis.gn.go.kr/search/station,2026-09-25T06:03:45.938750+00:00,소돌해변입구,False,339,2529,True,2025-05-27,2025-06-03,1,43,8,8
4200633,소양가든,128.91470984838725,37.70545388269156,https://bis.gn.go.kr/search/station,2026-09-25T06:03:45.938750+00:00,소양가든,False,582,80,True,2025-05-27,2025-06-03,11,0,5,8
4200634,소양가든,128.91482886328737,37.70544797167058,https://bis.gn.go.kr/search/station,2026-09-25T06:03:45.938750+00:00,소양가든,False,7,3,True,2025-05-27,2025-06-03,1,0,1,8
4200609,소재골길,128.92430261228944,37.73030112286398,https://bis.gn.go.kr/search/station,2026-09-25T06:03:45.938750+00:00,소재골길,False,1,33,True,2025-05-27,2025-06-03,,,0,8
4200608,소재골길,128.9243373158486,37.73032246539831,https://bis.gn.go.kr/search/station,2026-09-25T06:03:45.938750+00:00,소재골길,False,18,2,True,2025-05-27,2025-06-03,,,0,8
4200126,솔올공연장,128.87424793205705,37.763507530751156,https://bis.gn.go.kr/search/station,2026-09-25T06:03:45.938750+00:00,솔올공연장,True,34834,2194,True,2025-05-27,2025-06-03,1268,62,8,8
4200125,솔올공연장,128.87460623301726,37.76366952964576,https://bis.gn.go.kr/search/station,2026-09-25T06:03:45.938750+00:00,솔올공연장,True,3928,25593,True,2025-05-27,2025-06-03,82,756,8,8
4200060,솔올중학교,128.8798722504925,37.77163504014371,https://bis.gn.go.kr/search/station,2026-09-25T06:03:45.938750+00:00,솔올중학교,True,9657,2787,True,2025-05-27,2025-06-03,280,60,8,8
4200822,솔향수목원입구,128.8693376080556,37.70921581710481,https://bis.gn.go.kr/search/station,2026-09-25T06:03:45.938750+00:00,솔향수목원입구,False,610,86,True,2025-05-27,2025-06-03,15,2,5,8
4200823,솔향수목원입구,128.86937194102438,37.70931046077696,https://bis.gn.go.kr/search/station,2026-09-25T06:03:45.938750+00:00,솔향수목원입구,False,665,139,True,2025-05-27,2025-06-03,18,0,8,8
4201165,송담서원,128.92985457221653,37.6927197945936,https://bis.gn.go.kr/search/station,2026-09-25T06:03:45.938750+00:00,송담서원,False,1039,238,True,2025-05-27,2025-06-03,32,4,8,8
4200351,송림,128.82064394298325,37.85559369331711,https://bis.gn.go.kr/search/station,2026-09-25T06:03:45.938750+00:00,송림,False,50,224,True,2025-05-27,2025-06-03,1,7,5,8
4200350,송림,128.8201619228096,37.85539548451919,https://bis.gn.go.kr/search/station,2026-09-25T06:03:45.938750+00:00,송림,False,445,11,True,2025-05-27,2025-06-03,8,0,4,8
4200347,송림2리,128.81062888375345,37.853558399575036,https://bis.gn.go.kr/search/station,2026-09-25T06:03:45.938750+00:00,송림2리,False,608,15,True,2025-05-27,2025-06-03,21,1,7,8
4200346,송림2리,128.8099436136846,37.853407423711076,https://bis.gn.go.kr/search/station,2026-09-25T06:03:45.938750+00:00,송림2리,False,17,36,True,2025-05-27,2025-06-03,1,2,3,8
4200345,송림2리경로당,128.80789598964623,37.85203614474543,https://bis.gn.go.kr/search/station,2026-09-25T06:03:45.938750+00:00,송림2리경로당,False,19,74,True,2025-05-27,2025-06-03,0,4,3,8
4200344,송림2리경로당,128.807966000434,37.85197372236723,https://bis.gn.go.kr/search/station,2026-09-25T06:03:45.938750+00:00,송림2리경로당,False,1006,42,True,2025-05-27,2025-06-03,31,1,8,8
4200510,송림길,128.8252555621319,37.855656749226185,https://bis.gn.go.kr/search/station,2026-09-25T06:03:45.938750+00:00,송림길,False,108,8,True,2025-05-27,2025-06-03,4,1,4,8
4200511,송림길,128.8248292251072,37.8557650289636,https://bis.gn.go.kr/search/station,2026-09-25T06:03:45.938750+00:00,송림길,False,15,22,True,2025-05-27,2025-06-03,1,2,3,8
4200372,송암,128.82637877635176,37.78089823387296,https://bis.gn.go.kr/search/station,2026-09-25T06:03:45.938750+00:00,송암,False,404,19,True,2025-05-27,2025-06-03,13,0,8,8
4200374,송암리노인복지회관,128.8371281193178,37.78167045367396,https://bis.gn.go.kr/search/station,2026-09-25T06:03:45.938750+00:00,송암리노인복지회관,False,49,133,True,2025-05-27,2025-06-03,0,6,3,8
4200373,송암리노인복지회관,128.83714806452136,37.781611643083856,https://bis.gn.go.kr/search/station,2026-09-25T06:03:45.938750+00:00,송암리노인복지회관,False,1311,11,True,2025-05-27,2025-06-03,56,0,8,8
4200560,송양초교,128.84779064633727,37.75738270190068,https://bis.gn.go.kr/search/station,2026-09-25T06:03:45.938750+00:00,송양초교,False,4,103,True,2025-05-27,2025-06-03,0,3,2,8
4200559,송양초교,128.84774510140426,37.757348769268916,https://bis.gn.go.kr/search/station,2026-09-25T06:03:45.938750+00:00,송양초교,False,774,5,True,2025-05-27,2025-06-03,14,0,7,8
4200274,송정노인회관,128.93141909498914,37.77512821569013,https://bis.gn.go.kr/search/station,2026-09-25T06:03:45.938750+00:00,송정노인회관,True,56917,815,True,2025-05-27,2025-06-03,1837,23,8,8
4200272,송정동주민센터,128.92775106138072,37.77430053196711,https://bis.gn.go.kr/search/station,2026-09-25T06:03:45.938750+00:00,송정동주민센터,True,18445,1583,True,2025-05-27,2025-06-03,633,37,8,8
4200271,송정동주민센터,128.9281580126049,37.77420386430584,https://bis.gn.go.kr/search/station,2026-09-25T06:03:45.938750+00:00,송정동주민센터,True,1353,7520,True,2025-05-27,2025-06-03,37,195,8,8
4200052,송정래미안,128.93038982126572,37.78292573478735,https://bis.gn.go.kr/search/station,2026-09-25T06:03:45.938750+00:00,송정래미안,True,3737,1204,True,2025-05-27,2025-06-03,79,28,8,8
4200051,송정래미안,128.93021609974548,37.78282723196739,https://bis.gn.go.kr/search/station,2026-09-25T06:03:45.938750+00:00,송정래미안,True,323,2437,True,2025-05-27,2025-06-03,12,57,8,8
4200273,송정신원아침도시,128.93190852770562,37.774810233413945,https://bis.gn.go.kr/search/station,2026-09-25T06:03:45.938750+00:00,송정신원아침도시,True,1617,14854,True,2025-05-27,2025-06-03,37,452,8,8
4200275,송정한신아파트입구,128.93667614488956,37.77380916737768,https://bis.gn.go.kr/search/station,2026-09-25T06:03:45.938750+00:00,송정한신아파트입구,True,227,6614,True,2025-05-27,2025-06-03,1,211,8,8
4200276,송정한신아파트입구,128.93668274097607,37.7740287226972,https://bis.gn.go.kr/search/station,2026-09-25T06:03:45.938750+00:00,송정한신아파트입구,True,29236,274,True,2025-05-27,2025-06-03,981,6,8,8
4201386,송정한신아파트후문,128.93962441064605,37.773612640324636,https://bis.gn.go.kr/search/station,2026-09-25T06:03:45.938750+00:00,송정한신아파트후문,True,22807,154,True,2025-05-27,2025-06-03,650,8,8,8
4200263,송정한신아파트후문,128.9386138022858,37.773558747641985,https://bis.gn.go.kr/search/station,2026-09-25T06:03:45.938750+00:00,송정한신아파트후문,True,654,5366,True,2025-05-27,2025-06-03,10,138,8,8
4200280,송정해변,128.9381119893655,37.77768849372205,https://bis.gn.go.kr/search/station,2026-09-25T06:03:45.938750+00:00,송정해변,True,13787,183,True,2025-05-27,2025-06-03,363,5,8,8
4201265,송정해변,128.937243026154,37.779799396228796,https://bis.gn.go.kr/search/station,2026-09-25T06:03:45.938750+00:00,송정해변,True,5471,90,True,2025-05-27,2025-06-03,121,1,8,8
4201264,송정해변,128.93690998005923,37.77994173288209,https://bis.gn.go.kr/search/station,2026-09-25T06:03:45.938750+00:00,송정해변,True,256,2791,True,2025-05-27,2025-06-03,4,38,8,8
4200404,송천,128.64305128748416,37.832454612861596,https://bis.gn.go.kr/search/station,2026-09-25T06:03:45.938750+00:00,송천,False,35,0,True,2025-05-27,2025-06-03,,,0,8
4200405,송천,128.64294987987037,37.832536995608294,https://bis.gn.go.kr/search/station,2026-09-25T06:03:45.938750+00:00,송천,False,22,765,True,2025-05-27,2025-06-03,0,17,8,8
4200399,송천종점,128.63433752494774,37.82213931034025,https://bis.gn.go.kr/search/station,2026-09-25T06:03:45.938750+00:00,송천종점,False,1067,65,True,2025-05-27,2025-06-03,27,1,6,8
4200300,수협사거리,128.8314095884837,37.895774457125356,https://bis.gn.go.kr/search/station,2026-09-25T06:03:45.938750+00:00,수협사거리,False,2320,9507,True,2025-05-27,2025-06-03,40,235,8,8
4200190,수협사거리,128.83119347169236,37.89590191816579,https://bis.gn.go.kr/search/station,2026-09-25T06:03:45.938750+00:00,수협사거리,False,25530,1907,True,2025-05-27,2025-06-03,623,54,8,8
4200436,순긋해변,128.89252003394913,37.81667547893821,https://bis.gn.go.kr/search/station,2026-09-25T06:03:45.938750+00:00,순긋해변,False,1232,1016,True,2025-05-27,2025-06-03,12,28,8,8
4200437,순긋해변,128.89288352206873,37.81622289476459,https://bis.gn.go.kr/search/station,2026-09-25T06:03:45.938750+00:00,순긋해변,False,3382,549,True,2025-05-27,2025-06-03,74,24,8,8
4201241,순두부마을,128.8929863409179,37.7864529101926,https://bis.gn.go.kr/search/station,2026-09-25T06:03:45.938750+00:00,순두부마을,True,148,775,True,2025-05-27,2025-06-03,4,23,8,8
4201240,순두부마을,128.89327386744634,37.786738816066666,https://bis.gn.go.kr/search/station,2026-09-25T06:03:45.938750+00:00,순두부마을,True,1293,237,True,2025-05-27,2025-06-03,37,5,8,8
4200439,순포해변,128.8896479640838,37.81947984719446,https://bis.gn.go.kr/search/station,2026-09-25T06:03:45.938750+00:00,순포해변,False,303,214,True,2025-05-27,2025-06-03,11,2,6,8
4200438,순포해변,128.8909555032514,37.81845994015455,https://bis.gn.go.kr/search/station,2026-09-25T06:03:45.938750+00:00,순포해변,False,408,230,True,2025-05-27,2025-06-03,5,4,7,8
4200004,숲사랑홍보관,128.85126457297872,37.81878304910103,https://bis.gn.go.kr/search/station,2026-09-25T06:03:45.938750+00:00,숲사랑홍보관,False,992,1231,True,2025-05-27,2025-06-03,48,37,8,8
4200828,신광사입구,128.85959135500886,37.70844237993537,https://bis.gn.go.kr/search/station,2026-09-25T06:03:45.938750+00:00,신광사입구,False,405,88,True,2025-05-27,2025-06-03,9,2,4,8
4200829,신광사입구,128.85953628339269,37.70852190735515,https://bis.gn.go.kr/search/station,2026-09-25T06:03:45.938750+00:00,신광사입구,False,12,33,True,2025-05-27,2025-06-03,1,0,1,8
4200279,신도브래뉴,128.93862914925478,37.77730338810464,https://bis.gn.go.kr/search/station,2026-09-25T06:03:45.938750+00:00,신도브래뉴,True,498,8495,True,2025-05-27,2025-06-03,16,236,8,8
4202169,신라모노그램,128.92993128709296,37.78509796814699,https://bis.gn.go.kr/search/station,2026-09-25T06:03:45.938750+00:00,신라모노그램,True,258,490,True,2025-05-27,2025-06-03,,,0,8
4202172,신라모노그램,128.92730314100064,37.78470637599459,https://bis.gn.go.kr/search/station,2026-09-25T06:03:45.938750+00:00,신라모노그램,True,4336,1301,True,2025-05-27,2025-06-03,,,0,8
4202170,신라모노그램,128.92998485011893,37.785132389833336,https://bis.gn.go.kr/search/station,2026-09-25T06:03:45.938750+00:00,신라모노그램,True,634,86,True,2025-05-27,2025-06-03,,,0,8
4202171,신라모노그램,128.92766337576,37.78423838201166,https://bis.gn.go.kr/search/station,2026-09-25T06:03:45.938750+00:00,신라모노그램,True,420,2288,True,2025-05-27,2025-06-03,,,0,8
4200068,신석,128.9222626638924,37.73522591649743,https://bis.gn.go.kr/search/station,2026-09-25T06:03:45.938750+00:00,신석,True,114,5,True,2025-05-27,2025-06-03,6,0,5,8
4201244,신석,128.92220564964913,37.73521532481458,https://bis.gn.go.kr/search/station,2026-09-25T06:03:45.938750+00:00,신석,True,0,5,True,2025-05-27,2025-06-03,0,3,3,8
4200570,신석입구,128.92112104933958,37.74060070408295,https://bis.gn.go.kr/search/station,2026-09-25T06:03:45.938750+00:00,신석입구,True,0,17,True,2025-05-27,2025-06-03,0,1,1,8
4200571,신석입구,128.92121434678074,37.740633508275124,https://bis.gn.go.kr/search/station,2026-09-25T06:03:45.938750+00:00,신석입구,True,19,68,True,2025-05-27,2025-06-03,0,7,5,8
4200605,신석종점,128.92550135841566,37.72411554187395,https://bis.gn.go.kr/search/station,2026-09-25T06:03:45.938750+00:00,신석종점,False,2,79,True,2025-05-27,2025-06-03,0,5,5,8
4200604,신석종점,128.92548856169705,37.724168770541205,https://bis.gn.go.kr/search/station,2026-09-25T06:03:45.938750+00:00,신석종점,False,300,0,True,2025-05-27,2025-06-03,11,0,5,8
4200610,신석회관,128.922128840552,37.73330388403426,https://bis.gn.go.kr/search/station,2026-09-25T06:03:45.938750+00:00,신석회관,True,903,4,True,2025-05-27,2025-06-03,31,0,8,8
4200611,신석회관,128.92206674319968,37.733298030104976,https://bis.gn.go.kr/search/station,2026-09-25T06:03:45.938750+00:00,신석회관,True,1,7,True,2025-05-27,2025-06-03,,,0,8
4200563,신암동산,128.856450486855,37.759838948235505,https://bis.gn.go.kr/search/station,2026-09-25T06:03:45.938750+00:00,신암동산,False,129,18,True,2025-05-27,2025-06-03,3,0,2,8
4200564,신암동산,128.85644693333413,37.7598894548062,https://bis.gn.go.kr/search/station,2026-09-25T06:03:45.938750+00:00,신암동산,False,2,16,True,2025-05-27,2025-06-03,,,0,8
4200252,신영극장,128.8961287589657,37.75448236011555,https://bis.gn.go.kr/search/station,2026-09-25T06:03:45.938750+00:00,신영극장,True,692716,636336,True,2025-05-27,2025-06-03,19812,18083,8,8
4200395,신왕리,128.7909165521197,37.84823170892436,https://bis.gn.go.kr/search/station,2026-09-25T06:03:45.938750+00:00,신왕리,False,176,0,True,2025-05-27,2025-06-03,4,0,2,8
4200396,신왕리,128.79081224615587,37.848255771655694,https://bis.gn.go.kr/search/station,2026-09-25T06:03:45.938750+00:00,신왕리,False,0,48,True,2025-05-27,2025-06-03,,,0,8
4200393,신왕리마을회관,128.78881339413073,37.84406973819415,https://bis.gn.go.kr/search/station,2026-09-25T06:03:45.938750+00:00,신왕리마을회관,False,1,12,True,2025-05-27,2025-06-03,,,0,8
4200394,신왕리마을회관,128.78872771686466,37.84404617250474,https://bis.gn.go.kr/search/station,2026-09-25T06:03:45.938750+00:00,신왕리마을회관,False,15,15,True,2025-05-27,2025-06-03,,,0,8
4200392,신왕종점,128.77479795503757,37.82848497778013,https://bis.gn.go.kr/search/station,2026-09-25T06:03:45.938750+00:00,신왕종점,False,417,138,True,2025-05-27,2025-06-03,10,6,7,8
4200339,신왕초등학교,128.78962228209244,37.85282870829282,https://bis.gn.go.kr/search/station,2026-09-25T06:03:45.938750+00:00,신왕초등학교,False,397,28,True,2025-05-27,2025-06-03,9,6,6,8
4200178,신왕초등학교.소금강산체험학습장,128.7874843369829,37.85236789721056,https://bis.gn.go.kr/search/station,2026-09-25T06:03:45.938750+00:00,신왕초등학교.소금강산체험학습장,False,197,145,True,2025-05-27,2025-06-03,6,4,7,8
4200376,신평교,128.84751858457875,37.787025988717744,https://bis.gn.go.kr/search/station,2026-09-25T06:03:45.938750+00:00,신평교,False,173,11,True,2025-05-27,2025-06-03,3,0,2,8
4200375,신평교,128.8476422534893,37.786964946063456,https://bis.gn.go.kr/search/station,2026-09-25T06:03:45.938750+00:00,신평교,False,111,1,True,2025-05-27,2025-06-03,,,0,8
4200795,신화아파트,128.89739318948855,37.749293198227164,https://bis.gn.go.kr/search/station,2026-09-25T06:03:45.938750+00:00,신화아파트,True,9,19,True,2025-05-27,2025-06-03,0,2,1,8
4200796,신화아파트,128.8983309878122,37.7493513359141,https://bis.gn.go.kr/search/station,2026-09-25T06:03:45.938750+00:00,신화아파트,True,128,5,True,2025-05-27,2025-06-03,0,1,1,8
4201111,심곡,129.05072825701674,37.66496744031941,https://bis.gn.go.kr/search/station,2026-09-25T06:03:45.938750+00:00,심곡,False,7625,232,True,2025-05-27,2025-06-03,252,3,8,8
4201110,심곡,129.05054407613815,37.66494664843006,https://bis.gn.go.kr/search/station,2026-09-25T06:03:45.938750+00:00,심곡,False,207,1304,True,2025-05-27,2025-06-03,4,32,8,8
4200885,심불사입구,128.83994507873663,37.70295599504848,https://bis.gn.go.kr/search/station,2026-09-25T06:03:45.938750+00:00,심불사입구,False,1,56,True,2025-05-27,2025-06-03,,,0,8
4200884,심불사입구,128.84001194474018,37.70305298286866,https://bis.gn.go.kr/search/station,2026-09-25T06:03:45.938750+00:00,심불사입구,False,38,0,True,2025-05-27,2025-06-03,2,0,2,8
4201118,썬크루즈,129.0440946513368,37.6820368944123,https://bis.gn.go.kr/search/station,2026-09-25T06:03:45.938750+00:00,썬크루즈,False,349,520,True,2025-05-27,2025-06-03,12,17,8,8
4201373,아래흐내,128.97754794808964,37.614630687418135,https://bis.gn.go.kr/search/station,2026-09-25T06:03:45.938750+00:00,아래흐내,False,6,0,True,2025-05-27,2025-06-03,,,0,8
4201372,아래흐내,128.9775173341677,37.61462843088557,https://bis.gn.go.kr/search/station,2026-09-25T06:03:45.938750+00:00,아래흐내,False,1,1,True,2025-05-27,2025-06-03,,,0,8
4201388,안고단,128.81682784184864,37.52450097063033,https://bis.gn.go.kr/search/station,2026-09-25T06:03:45.938750+00:00,안고단,False,131,1,True,2025-05-27,2025-06-03,,,0,8
4200865,안곡,128.82914470078177,37.745465477199204,https://bis.gn.go.kr/search/station,2026-09-25T06:03:45.938750+00:00,안곡,False,386,14,True,2025-05-27,2025-06-03,10,0,6,8
4200871,안곡약수터입구,128.8379137142218,37.73973940790299,https://bis.gn.go.kr/search/station,2026-09-25T06:03:45.938750+00:00,안곡약수터입구,False,7,60,True,2025-05-27,2025-06-03,1,0,1,8
4200020,안곡약수터입구,128.8378468662133,37.73975627758666,https://bis.gn.go.kr/search/station,2026-09-25T06:03:45.938750+00:00,안곡약수터입구,False,324,5,True,2025-05-27,2025-06-03,8,0,7,8
4200869,안국고개입구,128.83777031179514,37.74152814933456,https://bis.gn.go.kr/search/station,2026-09-25T06:03:45.938750+00:00,안국고개입구,False,,,False,2025-05-27,2025-06-03,,,0,8
4200868,안국고개입구,128.8377139800973,37.741484552653596,https://bis.gn.go.kr/search/station,2026-09-25T06:03:45.938750+00:00,안국고개입구,False,18,0,True,2025-05-27,2025-06-03,,,0,8
4201043,안목,128.94526892930932,37.77285146151794,https://bis.gn.go.kr/search/station,2026-09-25T06:03:45.938750+00:00,안목,True,106348,824,True,2025-05-27,2025-06-03,2842,15,8,8
4200281,안목.강릉항,128.94934241574012,37.770520507065875,https://bis.gn.go.kr/search/station,2026-09-25T06:03:45.938750+00:00,안목.강릉항,True,,,False,2025-05-27,2025-06-03,,,0,8
4201040,안목.강릉항,128.94944155473152,37.77036079213364,https://bis.gn.go.kr/search/station,2026-09-25T06:03:45.938750+00:00,안목.강릉항,True,,,False,2025-05-27,2025-06-03,,,0,8
4201057,안목커피거리,128.94590416266868,37.77225695392567,https://bis.gn.go.kr/search/station,2026-09-25T06:03:45.938750+00:00,안목커피거리,True,9939,119,True,2025-05-27,2025-06-03,224,3,8,8
4201044,안목커피거리,128.94543559396536,37.77260342997581,https://bis.gn.go.kr/search/station,2026-09-25T06:03:45.938750+00:00,안목커피거리,True,12782,87552,True,2025-05-27,2025-06-03,436,2260,8,8
4200244,안목커피거리,128.94578809167245,37.77230230429985,https://bis.gn.go.kr/search/station,2026-09-25T06:03:45.938750+00:00,안목커피거리,True,4344,17735,True,2025-05-27,2025-06-03,84,407,8,8
4201263,안목해변,128.94493768408068,37.774178194287636,https://bis.gn.go.kr/search/station,2026-09-25T06:03:45.938750+00:00,안목해변,True,7800,82,True,2025-05-27,2025-06-03,234,2,8,8
4201262,안목해변,128.9453268042541,37.77365094131008,https://bis.gn.go.kr/search/station,2026-09-25T06:03:45.938750+00:00,안목해변,True,42,7568,True,2025-05-27,2025-06-03,1,171,8,8
4200587,안소재길,128.84955884022355,37.563768804870946,https://bis.gn.go.kr/search/station,2026-09-25T06:03:45.938750+00:00,안소재길,False,101,0,True,2025-05-27,2025-06-03,2,0,2,8
4200586,안소재길,128.84946322181048,37.56376109313163,https://bis.gn.go.kr/search/station,2026-09-25T06:03:45.938750+00:00,안소재길,False,4,80,True,2025-05-27,2025-06-03,,,0,8
4201139,안인,128.98934561422945,37.734014720107886,https://bis.gn.go.kr/search/station,2026-09-25T06:03:45.938750+00:00,안인,False,6872,539,True,2025-05-27,2025-06-03,193,21,8,8
4201140,안인,128.98934458573052,37.73394318769602,https://bis.gn.go.kr/search/station,2026-09-25T06:03:45.938750+00:00,안인,False,641,2636,True,2025-05-27,2025-06-03,19,71,8,8
4200599,안인삼거리,128.98037760076,37.72789657042197,https://bis.gn.go.kr/search/station,2026-09-25T06:03:45.938750+00:00,안인삼거리,False,1,11,True,2025-05-27,2025-06-03,,,0,8
4200598,안인삼거리,128.98042188065915,37.72782929827981,https://bis.gn.go.kr/search/station,2026-09-25T06:03:45.938750+00:00,안인삼거리,False,10,2,True,2025-05-27,2025-06-03,,,0,8
4201148,안인화력발전소,128.97827596831831,37.72739115413768,https://bis.gn.go.kr/search/station,2026-09-25T06:03:45.938750+00:00,안인화력발전소,False,3477,89,True,2025-05-27,2025-06-03,113,0,8,8
4201149,안인화력발전소,128.97827482863894,37.727294808983075,https://bis.gn.go.kr/search/station,2026-09-25T06:03:45.938750+00:00,안인화력발전소,False,140,950,True,2025-05-27,2025-06-03,4,25,8,8
4201001,암반욕체험장,128.8174715505199,37.72568745788923,https://bis.gn.go.kr/search/station,2026-09-25T06:03:45.938750+00:00,암반욕체험장,False,8,0,True,2025-05-27,2025-06-03,,,0,8
4201002,암반욕체험장,128.81756412801548,37.725703466430105,https://bis.gn.go.kr/search/station,2026-09-25T06:03:45.938750+00:00,암반욕체험장,False,0,4,True,2025-05-27,2025-06-03,,,0,8
4200528,앞무쇠골,128.7909149887738,37.735806871417466,https://bis.gn.go.kr/search/station,2026-09-25T06:03:45.938750+00:00,앞무쇠골,False,59,42,True,2025-05-27,2025-06-03,6,2,4,8
4200535,앞무쇠골,128.7907679545247,37.73580475645548,https://bis.gn.go.kr/search/station,2026-09-25T06:03:45.938750+00:00,앞무쇠골,False,53,2,True,2025-05-27,2025-06-03,5,0,4,8
4200187,양양고개,128.82805578782853,37.90002854060149,https://bis.gn.go.kr/search/station,2026-09-25T06:03:45.938750+00:00,양양고개,False,17338,531,True,2025-05-27,2025-06-03,395,26,8,8
4200188,양양고개,128.82822436017406,37.899998054568016,https://bis.gn.go.kr/search/station,2026-09-25T06:03:45.938750+00:00,양양고개,False,335,9315,True,2025-05-27,2025-06-03,13,233,8,8
4201243,양우내안애아파트,128.90225216607172,37.751490811466354,https://bis.gn.go.kr/search/station,2026-09-25T06:03:45.938750+00:00,양우내안애아파트,True,99,3,True,2025-05-27,2025-06-03,4,0,4,8
4201245,양우내안애아파트,128.9018874469489,37.75145322200816,https://bis.gn.go.kr/search/station,2026-09-25T06:03:45.938750+00:00,양우내안애아파트,True,4,8,True,2025-05-27,2025-06-03,,,0,8
4200201,양조장,128.8258300942643,37.881274388703744,https://bis.gn.go.kr/search/station,2026-09-25T06:03:45.938750+00:00,양조장,False,48030,8685,True,2025-05-27,2025-06-03,1324,214,8,8
4201403,양지골,128.84419682263942,37.754675826474795,https://bis.gn.go.kr/search/station,2026-09-25T06:03:45.938750+00:00,양지골,False,81,2,True,2025-05-27,2025-06-03,2,0,2,8
4201404,양지골,128.8442384161847,37.75462833677575,https://bis.gn.go.kr/search/station,2026-09-25T06:03:45.938750+00:00,양지골,False,241,1,True,2025-05-27,2025-06-03,3,0,3,8
4201357,양지마을,129.0219835892014,37.61975733717636,https://bis.gn.go.kr/search/station,2026-09-25T06:03:45.938750+00:00,양지마을,False,691,0,True,2025-05-27,2025-06-03,14,0,6,8
4201356,양지마을,129.02194175334466,37.619812201556556,https://bis.gn.go.kr/search/station,2026-09-25T06:03:45.938750+00:00,양지마을,False,,,False,2025-05-27,2025-06-03,,,0,8
4201354,양지말상,129.02550426571582,37.620299361941775,https://bis.gn.go.kr/search/station,2026-09-25T06:03:45.938750+00:00,양지말상,False,,,False,2025-05-27,2025-06-03,,,0,8
4201355,양지말상,129.02549637985018,37.62023673439294,https://bis.gn.go.kr/search/station,2026-09-25T06:03:45.938750+00:00,양지말상,False,164,5,True,2025-05-27,2025-06-03,3,0,3,8
4200651,어단1리,128.89857868128925,37.69687081252176,https://bis.gn.go.kr/search/station,2026-09-25T06:03:45.938750+00:00,어단1리,False,571,80,True,2025-05-27,2025-06-03,21,3,8,8
4200652,어단1리,128.89835375718442,37.69689880719406,https://bis.gn.go.kr/search/station,2026-09-25T06:03:45.938750+00:00,어단1리,False,,,False,2025-05-27,2025-06-03,,,0,8
4200644,어단1리마을회관,128.90166199367852,37.69299424582564,https://bis.gn.go.kr/search/station,2026-09-25T06:03:45.938750+00:00,어단1리마을회관,False,1,6,True,2025-05-27,2025-06-03,,,0,8
4200643,어단1리마을회관,128.90163121019464,37.69306524952247,https://bis.gn.go.kr/search/station,2026-09-25T06:03:45.938750+00:00,어단1리마을회관,False,237,31,True,2025-05-27,2025-06-03,8,4,6,8
4200646,어단1리성황당,128.8998102046769,37.691407412019785,https://bis.gn.go.kr/search/station,2026-09-25T06:03:45.938750+00:00,어단1리성황당,False,0,2,True,2025-05-27,2025-06-03,,,0,8
4200645,어단1리성황당,128.8997465866069,37.69146948045897,https://bis.gn.go.kr/search/station,2026-09-25T06:03:45.938750+00:00,어단1리성황당,False,618,154,True,2025-05-27,2025-06-03,11,7,6,8
4200639,어단2리마을회관,128.91146885408946,37.6964376324294,https://bis.gn.go.kr/search/station,2026-09-25T06:03:45.938750+00:00,어단2리마을회관,False,1364,363,True,2025-05-27,2025-06-03,41,9,8,8
4200640,어단2리마을회관,128.91152104480037,37.696373262130535,https://bis.gn.go.kr/search/station,2026-09-25T06:03:45.938750+00:00,어단2리마을회관,False,0,5,True,2025-05-27,2025-06-03,,,0,8
4200648,어단리.법왕사,128.89523586027252,37.689105321389235,https://bis.gn.go.kr/search/station,2026-09-25T06:03:45.938750+00:00,어단리.법왕사,False,443,114,True,2025-05-27,2025-06-03,12,2,7,8
4200972,어흘리.굴면동,128.81242525863513,37.71968494003737,https://bis.gn.go.kr/search/station,2026-09-25T06:03:45.938750+00:00,어흘리.굴면동,False,70,203,True,2025-05-27,2025-06-03,7,7,8,8
4200966,어흘리.굴면동,128.81355554198663,37.72030372991263,https://bis.gn.go.kr/search/station,2026-09-25T06:03:45.938750+00:00,어흘리.굴면동,False,331,1,True,2025-05-27,2025-06-03,7,0,4,8
4201412,어흘리산림관광안내센터,128.79622345209006,37.720248969562334,https://bis.gn.go.kr/search/station,2026-09-25T06:03:45.938750+00:00,어흘리산림관광안내센터,False,613,54,True,2025-05-27,2025-06-03,16,1,7,8
4201413,어흘리산림관광안내센터,128.79677626958596,37.720179974904156,https://bis.gn.go.kr/search/station,2026-09-25T06:03:45.938750+00:00,어흘리산림관광안내센터,False,5,66,True,2025-05-27,2025-06-03,1,4,3,8
4201163,언별2리,128.93981173016869,37.70173122003391,https://bis.gn.go.kr/search/station,2026-09-25T06:03:45.938750+00:00,언별2리,False,267,56,True,2025-05-27,2025-06-03,5,2,3,8
4201164,언별2리,128.93990494422928,37.70171510089973,https://bis.gn.go.kr/search/station,2026-09-25T06:03:45.938750+00:00,언별2리,False,1145,82,True,2025-05-27,2025-06-03,46,0,8,8
4200036,언별리,128.932462653647,37.69147304189006,https://bis.gn.go.kr/search/station,2026-09-25T06:03:45.938750+00:00,언별리,False,77,20,True,2025-05-27,2025-06-03,4,0,4,8
4201227,연곡면사무소,128.83749819485607,37.86001175022627,https://bis.gn.go.kr/search/station,2026-09-25T06:03:45.938750+00:00,연곡면사무소,False,40287,17400,True,2025-05-27,2025-06-03,1174,455,8,8
4200212,연곡면사무소,128.83761397394952,37.85995465828368,https://bis.gn.go.kr/search/station,2026-09-25T06:03:45.938750+00:00,연곡면사무소,False,28168,27453,True,2025-05-27,2025-06-03,736,772,8,8
4200354,연곡면사무소,128.83726140830402,37.85982528703765,https://bis.gn.go.kr/search/station,2026-09-25T06:03:45.938750+00:00,연곡면사무소,False,22405,19382,True,2025-05-27,2025-06-03,588,530,8,8
4200355,연곡면사무소,128.8369030857598,37.8592954872826,https://bis.gn.go.kr/search/station,2026-09-25T06:03:45.938750+00:00,연곡면사무소,False,401,7,True,2025-05-27,2025-06-03,18,0,7,8
4200381,연곡소나무길,128.86219953750597,37.850074873961454,https://bis.gn.go.kr/search/station,2026-09-25T06:03:45.938750+00:00,연곡소나무길,False,284,382,True,2025-05-27,2025-06-03,8,15,5,8
4200509,연곡소나무길,128.8618386269624,37.85018703668437,https://bis.gn.go.kr/search/station,2026-09-25T06:03:45.938750+00:00,연곡소나무길,False,707,177,True,2025-05-27,2025-06-03,16,6,7,8
4200353,연곡초교,128.82814655157526,37.8569020930201,https://bis.gn.go.kr/search/station,2026-09-25T06:03:45.938750+00:00,연곡초교,False,48,152,True,2025-05-27,2025-06-03,0,3,2,8
4200352,연곡초교,128.82816906723454,37.856817110094816,https://bis.gn.go.kr/search/station,2026-09-25T06:03:45.938750+00:00,연곡초교,False,437,467,True,2025-05-27,2025-06-03,11,14,8,8
4200349,연곡취수장입구,128.8134029222452,37.854479588535305,https://bis.gn.go.kr/search/station,2026-09-25T06:03:45.938750+00:00,연곡취수장입구,False,18,85,True,2025-05-27,2025-06-03,0,5,5,8
4200348,연곡취수장입구,128.81321638321742,37.85436534997662,https://bis.gn.go.kr/search/station,2026-09-25T06:03:45.938750+00:00,연곡취수장입구,False,528,12,True,2025-05-27,2025-06-03,8,0,5,8
4200451,연곡해변,128.85309149153562,37.85745785808507,https://bis.gn.go.kr/search/station,2026-09-25T06:03:45.938750+00:00,연곡해변,False,424,301,True,2025-05-27,2025-06-03,8,6,8,8
4200450,연곡해변,128.8529783059013,37.85739414992972,https://bis.gn.go.kr/search/station,2026-09-25T06:03:45.938750+00:00,연곡해변,False,640,204,True,2025-05-27,2025-06-03,18,6,8,8
4200213,연곡해변입구,128.84130813848452,37.85462580337619,https://bis.gn.go.kr/search/station,2026-09-25T06:03:45.938750+00:00,연곡해변입구,False,3377,599,True,2025-05-27,2025-06-03,103,9,8,8
4200214,연곡해변입구,128.84162112920617,37.854539181009365,https://bis.gn.go.kr/search/station,2026-09-25T06:03:45.938750+00:00,연곡해변입구,False,812,2654,True,2025-05-27,2025-06-03,12,87,8,8
4200152,연변,128.83155522186766,37.80584297639379,https://bis.gn.go.kr/search/station,2026-09-25T06:03:45.938750+00:00,연변,False,8,398,True,2025-05-27,2025-06-03,1,6,4,8
4200151,연변,128.83161739090895,37.80576988356887,https://bis.gn.go.kr/search/station,2026-09-25T06:03:45.938750+00:00,연변,False,1811,7,True,2025-05-27,2025-06-03,53,0,8,8
4200759,영동정미소,129.03644448557495,37.62779710955012,https://bis.gn.go.kr/search/station,2026-09-25T06:03:45.938750+00:00,영동정미소,False,3,1,True,2025-05-27,2025-06-03,,,0,8
4201341,영동정미소,129.0362624021505,37.62780024862322,https://bis.gn.go.kr/search/station,2026-09-25T06:03:45.938750+00:00,영동정미소,False,6,0,True,2025-05-27,2025-06-03,,,0,8
4200209,영진입구,128.83637261045655,37.87054167536418,https://bis.gn.go.kr/search/station,2026-09-25T06:03:45.938750+00:00,영진입구,False,9951,6026,True,2025-05-27,2025-06-03,251,182,8,8
4201226,영진입구,128.83626865951734,37.87047570517143,https://bis.gn.go.kr/search/station,2026-09-25T06:03:45.938750+00:00,영진입구,False,8496,5504,True,2025-05-27,2025-06-03,320,135,8,8
4201270,영진항,128.84778900128174,37.86736001237831,https://bis.gn.go.kr/search/station,2026-09-25T06:03:45.938750+00:00,영진항,False,723,209,True,2025-05-27,2025-06-03,12,3,6,8
4201269,영진항,128.8478764921571,37.86744935186811,https://bis.gn.go.kr/search/station,2026-09-25T06:03:45.938750+00:00,영진항,False,210,586,True,2025-05-27,2025-06-03,3,15,5,8
4201271,영진해변,128.84407553359966,37.870005012045354,https://bis.gn.go.kr/search/station,2026-09-25T06:03:45.938750+00:00,영진해변,False,3513,599,True,2025-05-27,2025-06-03,97,10,8,8
4201272,영진해변,128.84410671788726,37.87009887053988,https://bis.gn.go.kr/search/station,2026-09-25T06:03:45.938750+00:00,영진해변,False,1271,1413,True,2025-05-27,2025-06-03,18,21,8,8
4200406,오대산휴게소,128.648222920777,37.83491560552007,https://bis.gn.go.kr/search/station,2026-09-25T06:03:45.938750+00:00,오대산휴게소,False,77,0,True,2025-05-27,2025-06-03,1,0,1,8
4200407,오대산휴게소,128.64806989287274,37.83498136245625,https://bis.gn.go.kr/search/station,2026-09-25T06:03:45.938750+00:00,오대산휴게소,False,2,26,True,2025-05-27,2025-06-03,,,0,8
4200816,오뚜기물류서비스,128.87782869819907,37.71615014292806,https://bis.gn.go.kr/search/station,2026-09-25T06:03:45.938750+00:00,오뚜기물류서비스,False,370,62,True,2025-05-27,2025-06-03,19,6,7,8
4200815,오뚜기물류서비스,128.8777698382652,37.71622341645464,https://bis.gn.go.kr/search/station,2026-09-25T06:03:45.938750+00:00,오뚜기물류서비스,False,231,158,True,2025-05-27,2025-06-03,7,4,6,8
4201078,오리동,129.01320871433214,37.68272714510743,https://bis.gn.go.kr/search/station,2026-09-25T06:03:45.938750+00:00,오리동,False,3390,18,True,2025-05-27,2025-06-03,108,1,8,8
4201079,오리동,129.01320324945965,37.682803393955474,https://bis.gn.go.kr/search/station,2026-09-25T06:03:45.938750+00:00,오리동,False,71,330,True,2025-05-27,2025-06-03,0,8,5,8
4201058,오리들마을,128.93730145779827,37.744469925122935,https://bis.gn.go.kr/search/station,2026-09-25T06:03:45.938750+00:00,오리들마을,True,1324,3,True,2025-05-27,2025-06-03,41,0,7,8
4201252,오리들마을,128.93739401500017,37.74438483019564,https://bis.gn.go.kr/search/station,2026-09-25T06:03:45.938750+00:00,오리들마을,True,1,34,True,2025-05-27,2025-06-03,1,3,4,8
4200536,오리진항,128.8317047746547,37.90064451287537,https://bis.gn.go.kr/search/station,2026-09-25T06:03:45.938750+00:00,오리진항,False,2173,28,True,2025-05-27,2025-06-03,45,0,8,8
4200527,오리진항,128.8317491433552,37.9007448060665,https://bis.gn.go.kr/search/station,2026-09-25T06:03:45.938750+00:00,오리진항,False,48,770,True,2025-05-27,2025-06-03,4,18,7,8
4200961,오봉,128.8206361867679,37.70638660212798,https://bis.gn.go.kr/search/station,2026-09-25T06:03:45.938750+00:00,오봉,False,16,0,True,2025-05-27,2025-06-03,,,0,8
4200962,오봉,128.8205322494514,37.7062887289534,https://bis.gn.go.kr/search/station,2026-09-25T06:03:45.938750+00:00,오봉,False,6,23,True,2025-05-27,2025-06-03,,,0,8
4200964,오봉리,128.82222083699313,37.709588124281694,https://bis.gn.go.kr/search/station,2026-09-25T06:03:45.938750+00:00,오봉리,False,24,19,True,2025-05-27,2025-06-03,1,0,1,8
4200963,오봉리,128.8222695914709,37.70939016181609,https://bis.gn.go.kr/search/station,2026-09-25T06:03:45.938750+00:00,오봉리,False,503,8,True,2025-05-27,2025-06-03,15,1,7,8
4200053,오성학교,128.93312248716418,37.77978287851338,https://bis.gn.go.kr/search/station,2026-09-25T06:03:45.938750+00:00,오성학교,True,11490,1710,True,2025-05-27,2025-06-03,282,41,8,8
4201428,오션시티아이파크,128.94156983542882,37.775150292669956,https://bis.gn.go.kr/search/station,2026-09-25T06:03:45.938750+00:00,오션시티아이파크,True,,,False,2025-05-27,2025-06-03,,,0,8
4201427,오션시티아이파크,128.94172063887467,37.77534012183183,https://bis.gn.go.kr/search/station,2026-09-25T06:03:45.938750+00:00,오션시티아이파크,True,,,False,2025-05-27,2025-06-03,,,0,8
4200239,오죽헌,128.88242080274284,37.78040719543912,https://bis.gn.go.kr/search/station,2026-09-25T06:03:45.938750+00:00,오죽헌,True,24244,16079,True,2025-05-27,2025-06-03,630,413,8,8
4200238,오죽헌,128.8827262588498,37.779841129260745,https://bis.gn.go.kr/search/station,2026-09-25T06:03:45.938750+00:00,오죽헌,True,23884,13958,True,2025-05-27,2025-06-03,680,415,8,8
4200092,오죽헌,128.8797380363922,37.77879711032111,https://bis.gn.go.kr/search/station,2026-09-25T06:03:45.938750+00:00,오죽헌,True,2522,477,True,2025-05-27,2025-06-03,89,21,8,8
4200093,오죽헌,128.88009218006442,37.77900408798861,https://bis.gn.go.kr/search/station,2026-09-25T06:03:45.938750+00:00,오죽헌,True,248,1537,True,2025-05-27,2025-06-03,6,49,8,8
4200769,오죽헌입구,128.8828973977968,37.77942746550242,https://bis.gn.go.kr/search/station,2026-09-25T06:03:45.938750+00:00,오죽헌입구,True,1641,594,True,2025-05-27,2025-06-03,37,13,8,8
4201382,오죽헌입구,128.88300783523746,37.779420150144524,https://bis.gn.go.kr/search/station,2026-09-25T06:03:45.938750+00:00,오죽헌입구,True,1039,3649,True,2025-05-27,2025-06-03,50,82,8,8
4201097,옥계119안전센터,129.03045031861078,37.60261800571139,https://bis.gn.go.kr/search/station,2026-09-25T06:03:45.938750+00:00,옥계119안전센터,False,16,10,True,2025-05-27,2025-06-03,,,0,8
4201098,옥계119안전센터,129.0299579795461,37.602418475944106,https://bis.gn.go.kr/search/station,2026-09-25T06:03:45.938750+00:00,옥계119안전센터,False,32,11,True,2025-05-27,2025-06-03,,,0,8
4202042,옥계면사무소,129.03870359107486,37.61225376052538,https://bis.gn.go.kr/search/station,2026-09-25T06:03:45.938750+00:00,옥계면사무소,False,1449,19,True,2025-05-27,2025-06-03,39,0,8,8
4202052,옥계면사무소,129.03863134955023,37.61234830848836,https://bis.gn.go.kr/search/station,2026-09-25T06:03:45.938750+00:00,옥계면사무소,False,163,1062,True,2025-05-27,2025-06-03,4,27,8,8
4202092,옥계역,129.04915585739857,37.61793983643156,https://bis.gn.go.kr/search/station,2026-09-25T06:03:45.938750+00:00,옥계역,False,49,105,True,2025-05-27,2025-06-03,2,5,5,8
4202082,옥계역,129.0492092887644,37.61767316323472,https://bis.gn.go.kr/search/station,2026-09-25T06:03:45.938750+00:00,옥계역,False,309,21,True,2025-05-27,2025-06-03,11,1,5,8
4201368,옥계저수지,128.9806153158948,37.62190318324612,https://bis.gn.go.kr/search/station,2026-09-25T06:03:45.938750+00:00,옥계저수지,False,12,1,True,2025-05-27,2025-06-03,,,0,8
4201367,옥계저수지,128.98049757084706,37.62195561397405,https://bis.gn.go.kr/search/station,2026-09-25T06:03:45.938750+00:00,옥계저수지,False,92,1,True,2025-05-27,2025-06-03,3,0,2,8
4201366,옥계저수지,128.9806745254139,37.62197726022537,https://bis.gn.go.kr/search/station,2026-09-25T06:03:45.938750+00:00,옥계저수지,False,19,1,True,2025-05-27,2025-06-03,1,1,1,8
4202032,옥계현내시장,129.03512810350702,37.608949806593664,https://bis.gn.go.kr/search/station,2026-09-25T06:03:45.938750+00:00,옥계현내시장,False,9048,6463,True,2025-05-27,2025-06-03,196,160,8,8
4202022,옥계현내시장,129.03523947374634,37.60889735545031,https://bis.gn.go.kr/search/station,2026-09-25T06:03:45.938750+00:00,옥계현내시장,False,19193,1620,True,2025-05-27,2025-06-03,605,47,8,8
4201285,옥골,129.0451011119314,37.58480257343729,https://bis.gn.go.kr/search/station,2026-09-25T06:03:45.938750+00:00,옥골,False,464,4,True,2025-05-27,2025-06-03,11,0,6,8
4200701,옥봉마을,128.89299808417252,37.703844690722654,https://bis.gn.go.kr/search/station,2026-09-25T06:03:45.938750+00:00,옥봉마을,False,,,False,2025-05-27,2025-06-03,,,0,8
4200257,옥천119안전센터,128.90305174420297,37.761041080134646,https://bis.gn.go.kr/search/station,2026-09-25T06:03:45.938750+00:00,옥천119안전센터,True,23805,12858,True,2025-05-27,2025-06-03,483,291,8,8
4200256,옥천119안전센터,128.9022376115818,37.76136928474395,https://bis.gn.go.kr/search/station,2026-09-25T06:03:45.938750+00:00,옥천119안전센터,True,3727,3769,True,2025-05-27,2025-06-03,99,160,8,8
4201000,옥터가든,128.8137241133093,37.7280870855366,https://bis.gn.go.kr/search/station,2026-09-25T06:03:45.938750+00:00,옥터가든,False,0,14,True,2025-05-27,2025-06-03,0,2,1,8
4200999,옥터가든,128.81373332317625,37.728008981659464,https://bis.gn.go.kr/search/station,2026-09-25T06:03:45.938750+00:00,옥터가든,False,19,3,True,2025-05-27,2025-06-03,1,0,1,8
4201284,올밑,129.03979791391387,37.58885317796911,https://bis.gn.go.kr/search/station,2026-09-25T06:03:45.938750+00:00,올밑,False,855,1,True,2025-05-27,2025-06-03,20,0,5,8
4201363,옹기마을,129.00369924320785,37.616995401978194,https://bis.gn.go.kr/search/station,2026-09-25T06:03:45.938750+00:00,옹기마을,False,300,4,True,2025-05-27,2025-06-03,7,0,6,8
4201362,옹기마을,129.0036684835799,37.617059917346076,https://bis.gn.go.kr/search/station,2026-09-25T06:03:45.938750+00:00,옹기마을,False,8,18,True,2025-05-27,2025-06-03,1,0,1,8
4200897,왕산골,128.78735259066167,37.65458906689652,https://bis.gn.go.kr/search/station,2026-09-25T06:03:45.938750+00:00,왕산골,False,384,6,True,2025-05-27,2025-06-03,10,0,4,8
4200896,왕산골,128.7872211119886,37.65448843873245,https://bis.gn.go.kr/search/station,2026-09-25T06:03:45.938750+00:00,왕산골,False,0,177,True,2025-05-27,2025-06-03,0,1,1,8
4200468,왕산골한옥,128.79462643294355,37.66636911752362,https://bis.gn.go.kr/search/station,2026-09-25T06:03:45.938750+00:00,왕산골한옥,False,31,1,True,2025-05-27,2025-06-03,1,0,1,8
4200930,왕산구)종점,128.8604095757484,37.623711657099335,https://bis.gn.go.kr/search/station,2026-09-25T06:03:45.938750+00:00,왕산구)종점,False,4,345,True,2025-05-27,2025-06-03,0,9,8,8
4200929,왕산구)종점,128.8604892853729,37.62367273667524,https://bis.gn.go.kr/search/station,2026-09-25T06:03:45.938750+00:00,왕산구)종점,False,232,0,True,2025-05-27,2025-06-03,7,0,5,8
4200960,왕산대기교차로,128.80856548851528,37.68962515075815,https://bis.gn.go.kr/search/station,2026-09-25T06:03:45.938750+00:00,왕산대기교차로,False,4,27,True,2025-05-27,2025-06-03,,,0,8
4200959,왕산대기교차로,128.80857307337496,37.68975019804283,https://bis.gn.go.kr/search/station,2026-09-25T06:03:45.938750+00:00,왕산대기교차로,False,74,1,True,2025-05-27,2025-06-03,1,0,1,8
4200889,왕산리2반,128.80297738702234,37.675963955897956,https://bis.gn.go.kr/search/station,2026-09-25T06:03:45.938750+00:00,왕산리2반,False,183,0,True,2025-05-27,2025-06-03,6,0,4,8
4200888,왕산리2반,128.80288061474792,37.67595542199383,https://bis.gn.go.kr/search/station,2026-09-25T06:03:45.938750+00:00,왕산리2반,False,0,14,True,2025-05-27,2025-06-03,,,0,8
4200891,왕산리마을회관,128.79682095717135,37.67030353806043,https://bis.gn.go.kr/search/station,2026-09-25T06:03:45.938750+00:00,왕산리마을회관,False,43,1,True,2025-05-27,2025-06-03,,,0,8
4200890,왕산리마을회관,128.79684011914176,37.670392794275685,https://bis.gn.go.kr/search/station,2026-09-25T06:03:45.938750+00:00,왕산리마을회관,False,231,31,True,2025-05-27,2025-06-03,3,2,3,8
4200952,왕산면사무소앞,128.83831324436588,37.672144012562036,https://bis.gn.go.kr/search/station,2026-09-25T06:03:45.938750+00:00,왕산면사무소앞,False,226,336,True,2025-05-27,2025-06-03,5,8,7,8
4200951,왕산면사무소앞,128.83840731782888,37.6721688588501,https://bis.gn.go.kr/search/station,2026-09-25T06:03:45.938750+00:00,왕산면사무소앞,False,2310,163,True,2025-05-27,2025-06-03,66,9,8,8
4200928,왕산사,128.8594660677207,37.61509686617323,https://bis.gn.go.kr/search/station,2026-09-25T06:03:45.938750+00:00,왕산사,False,155,71,True,2025-05-27,2025-06-03,4,0,3,8
4200927,왕산사,128.85972406418662,37.614998007179736,https://bis.gn.go.kr/search/station,2026-09-25T06:03:45.938750+00:00,왕산사,False,32,1,True,2025-05-27,2025-06-03,5,0,4,8
4200955,왕산사슴목장,128.82575088668412,37.681344715824196,https://bis.gn.go.kr/search/station,2026-09-25T06:03:45.938750+00:00,왕산사슴목장,False,85,1,True,2025-05-27,2025-06-03,2,0,2,8
4200956,왕산사슴목장,128.82565717295802,37.68132318009433,https://bis.gn.go.kr/search/station,2026-09-25T06:03:45.938750+00:00,왕산사슴목장,False,2,7,True,2025-05-27,2025-06-03,,,0,8
4200607,왜골안길,128.9242847541364,37.72773866042556,https://bis.gn.go.kr/search/station,2026-09-25T06:03:45.938750+00:00,왜골안길,False,1,6,True,2025-05-27,2025-06-03,1,0,1,8
4200606,왜골안길,128.92431613988109,37.72776258609913,https://bis.gn.go.kr/search/station,2026-09-25T06:03:45.938750+00:00,왜골안길,False,394,3,True,2025-05-27,2025-06-03,12,0,6,8
4201035,용강동,128.89127858305645,37.75423171492401,https://bis.gn.go.kr/search/station,2026-09-25T06:03:45.938750+00:00,용강동,True,2280,15125,True,2025-05-27,2025-06-03,79,395,8,8
4201036,용강동,128.89145488440622,37.7543870741593,https://bis.gn.go.kr/search/station,2026-09-25T06:03:45.938750+00:00,용강동,True,12147,2594,True,2025-05-27,2025-06-03,327,41,8,8
4200250,용강동서부시장,128.89174828581776,37.7556582744871,https://bis.gn.go.kr/search/station,2026-09-25T06:03:45.938750+00:00,용강동서부시장,True,103252,26008,True,2025-05-27,2025-06-03,2475,602,8,8
4200249,용강동서부시장,128.89167287030088,37.75492247590215,https://bis.gn.go.kr/search/station,2026-09-25T06:03:45.938750+00:00,용강동서부시장,True,71433,110496,True,2025-05-27,2025-06-03,1487,3698,8,8
4200874,용봉자동차학원,128.83460209459432,37.72175943182151,https://bis.gn.go.kr/search/station,2026-09-25T06:03:45.938750+00:00,용봉자동차학원,False,,,False,2025-05-27,2025-06-03,,,0,8
4200259,용지각,128.90537716328666,37.76184119439877,https://bis.gn.go.kr/search/station,2026-09-25T06:03:45.938750+00:00,용지각,True,53872,12402,True,2025-05-27,2025-06-03,1437,318,8,8
4200258,용지각,128.90534669055177,37.76147384168322,https://bis.gn.go.kr/search/station,2026-09-25T06:03:45.938750+00:00,용지각,True,30794,32211,True,2025-05-27,2025-06-03,856,802,8,8
4201407,우미린아파트,128.87047584429433,37.757205866745004,https://bis.gn.go.kr/search/station,2026-09-25T06:03:45.938750+00:00,우미린아파트,True,20,0,True,2025-05-27,2025-06-03,1,0,1,8
4200565,우미린아파트,128.87023572987053,37.75716460769394,https://bis.gn.go.kr/search/station,2026-09-25T06:03:45.938750+00:00,우미린아파트,True,7472,14406,True,2025-05-27,2025-06-03,222,338,8,8
4200241,우성공업사,128.8881180126791,37.77538642162077,https://bis.gn.go.kr/search/station,2026-09-25T06:03:45.938750+00:00,우성공업사,True,7047,4879,True,2025-05-27,2025-06-03,172,127,8,8
4200520,우신아파트,128.8255393760297,37.87241785986445,https://bis.gn.go.kr/search/station,2026-09-25T06:03:45.938750+00:00,우신아파트,False,3586,537,True,2025-05-27,2025-06-03,76,7,8,8
4200123,우편집중국,128.8733706824724,37.76051485370646,https://bis.gn.go.kr/search/station,2026-09-25T06:03:45.938750+00:00,우편집중국,True,4160,12600,True,2025-05-27,2025-06-03,92,368,8,8
4200124,우편집중국,128.87347187490323,37.76156496879712,https://bis.gn.go.kr/search/station,2026-09-25T06:03:45.938750+00:00,우편집중국,True,46290,4021,True,2025-05-27,2025-06-03,1543,100,8,8
4200600,운산노인회관,128.93671028942424,37.732907768416084,https://bis.gn.go.kr/search/station,2026-09-25T06:03:45.938750+00:00,운산노인회관,True,12,0,True,2025-05-27,2025-06-03,,,0,8
4200601,운산노인회관,128.93684858416998,37.73287788594293,https://bis.gn.go.kr/search/station,2026-09-25T06:03:45.938750+00:00,운산노인회관,True,1,28,True,2025-05-27,2025-06-03,0,1,1,8
4200602,운산분교,128.93677350637265,37.730734508227286,https://bis.gn.go.kr/search/station,2026-09-25T06:03:45.938750+00:00,운산분교,False,868,4,True,2025-05-27,2025-06-03,21,0,7,8
4200603,운산분교,128.93686556902622,37.730747600300575,https://bis.gn.go.kr/search/station,2026-09-25T06:03:45.938750+00:00,운산분교,False,49,32,True,2025-05-27,2025-06-03,0,3,1,8
4200390,운양초교,128.85999131659992,37.833521248123965,https://bis.gn.go.kr/search/station,2026-09-25T06:03:45.938750+00:00,운양초교,False,568,25,True,2025-05-27,2025-06-03,17,0,6,8
4202153,운양초등학교,128.8590953489884,37.83649095483332,https://bis.gn.go.kr/search/station,2026-09-25T06:03:45.938750+00:00,운양초등학교,False,654,34,True,2025-05-27,2025-06-03,20,1,8,8
4200198,원마트,128.82575730347685,37.88826959645488,https://bis.gn.go.kr/search/station,2026-09-25T06:03:45.938750+00:00,원마트,False,11511,30104,True,2025-05-27,2025-06-03,239,766,8,8
4201050,원마트,128.9185145864492,37.76040631401962,https://bis.gn.go.kr/search/station,2026-09-25T06:03:45.938750+00:00,원마트,True,25,867,True,2025-05-27,2025-06-03,0,16,7,8
4201232,원마트,128.8255161831108,37.88764901879385,https://bis.gn.go.kr/search/station,2026-09-25T06:03:45.938750+00:00,원마트,False,44617,7066,True,2025-05-27,2025-06-03,1206,150,8,8
4201049,원마트,128.91839757804996,37.76020248248705,https://bis.gn.go.kr/search/station,2026-09-25T06:03:45.938750+00:00,원마트,True,509,40,True,2025-05-27,2025-06-03,8,0,3,8
4200787,원예농협강남점,128.8968065666806,37.74246510458876,https://bis.gn.go.kr/search/station,2026-09-25T06:03:45.938750+00:00,원예농협강남점,True,105,6,True,2025-05-27,2025-06-03,1,0,1,8
4200788,원예농협강남점,128.89681243940322,37.742695820214294,https://bis.gn.go.kr/search/station,2026-09-25T06:03:45.938750+00:00,원예농협강남점,True,628,10,True,2025-05-27,2025-06-03,8,0,4,8
4201059,월호평동,128.94896909223806,37.74860767924179,https://bis.gn.go.kr/search/station,2026-09-25T06:03:45.938750+00:00,월호평동,True,723,61,True,2025-05-27,2025-06-03,15,2,7,8
4200561,위촌1교,128.85248954070696,37.758669118271264,https://bis.gn.go.kr/search/station,2026-09-25T06:03:45.938750+00:00,위촌1교,False,339,0,True,2025-05-27,2025-06-03,9,0,7,8
4200562,위촌1교,128.85256313236903,37.758700268834,https://bis.gn.go.kr/search/station,2026-09-25T06:03:45.938750+00:00,위촌1교,False,11,22,True,2025-05-27,2025-06-03,1,0,1,8
4201401,위촌1리마을회관,128.8493169939177,37.752759763627935,https://bis.gn.go.kr/search/station,2026-09-25T06:03:45.938750+00:00,위촌1리마을회관,False,218,134,True,2025-05-27,2025-06-03,5,1,4,8
4201402,위촌1리마을회관,128.84922183855028,37.75276536684672,https://bis.gn.go.kr/search/station,2026-09-25T06:03:45.938750+00:00,위촌1리마을회관,False,280,0,True,2025-05-27,2025-06-03,5,0,3,8
4200557,위촌2리경로당,128.84459001673955,37.75958593352651,https://bis.gn.go.kr/search/station,2026-09-25T06:03:45.938750+00:00,위촌2리경로당,False,802,6,True,2025-05-27,2025-06-03,21,0,8,8
4209994,위촌2리경로당,128.8446791622344,37.75971028072801,https://bis.gn.go.kr/search/station,2026-09-25T06:03:45.938750+00:00,위촌2리경로당,False,282,6,True,2025-05-27,2025-06-03,15,0,5,8
4200558,위촌2리경로당,128.84480889532918,37.75954345559538,https://bis.gn.go.kr/search/station,2026-09-25T06:03:45.938750+00:00,위촌2리경로당,False,45,276,True,2025-05-27,2025-06-03,1,4,4,8
4201408,위촌리,128.8362872937098,37.75958677922043,https://bis.gn.go.kr/search/station,2026-09-25T06:03:45.938750+00:00,위촌리,False,408,5,True,2025-05-27,2025-06-03,14,0,7,8
4200556,위촌리,128.83630340406063,37.75966855469253,https://bis.gn.go.kr/search/station,2026-09-25T06:03:45.938750+00:00,위촌리,False,35,259,True,2025-05-27,2025-06-03,0,7,5,8
4200870,윗회산,128.8624600126061,37.71152374867891,https://bis.gn.go.kr/search/station,2026-09-25T06:03:45.938750+00:00,윗회산,False,194,3,True,2025-05-27,2025-06-03,5,0,4,8
4200064,윗회산,128.86237406495107,37.71154075190158,https://bis.gn.go.kr/search/station,2026-09-25T06:03:45.938750+00:00,윗회산,False,126,11,True,2025-05-27,2025-06-03,,,0,8
4200331,유등.백운사입구,128.75900654206438,37.850462767351864,https://bis.gn.go.kr/search/station,2026-09-25T06:03:45.938750+00:00,유등.백운사입구,False,911,21,True,2025-05-27,2025-06-03,19,0,8,8
4200332,유등.백운사입구,128.75795827699417,37.850487600912274,https://bis.gn.go.kr/search/station,2026-09-25T06:03:45.938750+00:00,유등.백운사입구,False,49,266,True,2025-05-27,2025-06-03,3,8,7,8
4200680,유산동노인회관,128.90975279156388,37.73997249911831,https://bis.gn.go.kr/search/station,2026-09-25T06:03:45.938750+00:00,유산동노인회관,True,2,111,True,2025-05-27,2025-06-03,0,5,4,8
4200679,유산동노인회관,128.9098408904697,37.73999573125917,https://bis.gn.go.kr/search/station,2026-09-25T06:03:45.938750+00:00,유산동노인회관,True,226,8,True,2025-05-27,2025-06-03,8,0,5,8
4200677,유산민물장어,128.91188581173668,37.73590297036683,https://bis.gn.go.kr/search/station,2026-09-25T06:03:45.938750+00:00,유산민물장어,True,186,6,True,2025-05-27,2025-06-03,7,1,5,8
4200678,유산민물장어,128.9117917615037,37.73586343058287,https://bis.gn.go.kr/search/station,2026-09-25T06:03:45.938750+00:00,유산민물장어,True,1,59,True,2025-05-27,2025-06-03,0,2,1,8
4200555,유천동,128.86153738164376,37.766528036862,https://bis.gn.go.kr/search/station,2026-09-25T06:03:45.938750+00:00,유천동,True,,,False,2025-05-27,2025-06-03,,,0,8
4200479,유천행복주택,128.86570448042954,37.76159011454386,https://bis.gn.go.kr/search/station,2026-09-25T06:03:45.938750+00:00,유천행복주택,True,650,438,True,2025-05-27,2025-06-03,19,6,5,8
4200039,유화아파트,128.91342886671308,37.785727014906996,https://bis.gn.go.kr/search/station,2026-09-25T06:03:45.938750+00:00,유화아파트,True,10961,85,True,2025-05-27,2025-06-03,346,2,8,8
4200363,율곡중정문,128.88882882673292,37.76926965127901,https://bis.gn.go.kr/search/station,2026-09-25T06:03:45.938750+00:00,율곡중정문,True,4,37,True,2025-05-27,2025-06-03,,,0,8
4200243,율곡중학교,128.89033943348878,37.77216892177817,https://bis.gn.go.kr/search/station,2026-09-25T06:03:45.938750+00:00,율곡중학교,True,11650,4453,True,2025-05-27,2025-06-03,293,105,8,8
4200242,율곡중학교,128.89021344037266,37.771874448370795,https://bis.gn.go.kr/search/station,2026-09-25T06:03:45.938750+00:00,율곡중학교,True,16109,6044,True,2025-05-27,2025-06-03,377,156,8,8
4200132,율곡초등학교,128.88221538693716,37.765100900268116,https://bis.gn.go.kr/search/station,2026-09-25T06:03:45.938750+00:00,율곡초등학교,True,8652,1055,True,2025-05-27,2025-06-03,300,16,8,8
4200770,은마아파트,128.89705025699647,37.747304327883974,https://bis.gn.go.kr/search/station,2026-09-25T06:03:45.938750+00:00,은마아파트,True,1938,164,True,2025-05-27,2025-06-03,36,5,7,8
4200771,은마아파트,128.89677272965307,37.746541962257844,https://bis.gn.go.kr/search/station,2026-09-25T06:03:45.938750+00:00,은마아파트,True,406,136,True,2025-05-27,2025-06-03,10,6,6,8
4201313,음촌,128.99426321534403,37.590067749479466,https://bis.gn.go.kr/search/station,2026-09-25T06:03:45.938750+00:00,음촌,False,44,0,True,2025-05-27,2025-06-03,3,0,2,8
4201312,음촌,128.9943519708324,37.590218452220576,https://bis.gn.go.kr/search/station,2026-09-25T06:03:45.938750+00:00,음촌,False,1,4,True,2025-05-27,2025-06-03,,,0,8
4200269,이마트,128.92346774482266,37.772222356268564,https://bis.gn.go.kr/search/station,2026-09-25T06:03:45.938750+00:00,이마트,True,7700,19652,True,2025-05-27,2025-06-03,162,413,8,8
4200270,이마트,128.92290403192536,37.77218493598484,https://bis.gn.go.kr/search/station,2026-09-25T06:03:45.938750+00:00,이마트,True,28240,3845,True,2025-05-27,2025-06-03,653,90,8,8
4200246,이명사거리,128.89177153862124,37.764700407126554,https://bis.gn.go.kr/search/station,2026-09-25T06:03:45.938750+00:00,이명사거리,True,25496,21043,True,2025-05-27,2025-06-03,562,607,8,8
4200245,이명사거리,128.89157918705828,37.764565078717,https://bis.gn.go.kr/search/station,2026-09-25T06:03:45.938750+00:00,이명사거리,True,51608,12810,True,2025-05-27,2025-06-03,1628,302,8,8
4200043,이화해변타운,128.91744670191798,37.78316591377611,https://bis.gn.go.kr/search/station,2026-09-25T06:03:45.938750+00:00,이화해변타운,True,5457,38,True,2025-05-27,2025-06-03,250,3,8,8
4201397,임경당입구,128.85065952125555,37.73971869052315,https://bis.gn.go.kr/search/station,2026-09-25T06:03:45.938750+00:00,임경당입구,False,4,23,True,2025-05-27,2025-06-03,0,1,1,8
4201398,임경당입구,128.85060665622572,37.73967510840446,https://bis.gn.go.kr/search/station,2026-09-25T06:03:45.938750+00:00,임경당입구,False,3,1,True,2025-05-27,2025-06-03,,,0,8
4200573,임곡,128.95981869884417,37.65381523982265,https://bis.gn.go.kr/search/station,2026-09-25T06:03:45.938750+00:00,임곡,False,909,89,True,2025-05-27,2025-06-03,19,0,8,8
4200584,임곡1리,128.97599759967915,37.693758829867754,https://bis.gn.go.kr/search/station,2026-09-25T06:03:45.938750+00:00,임곡1리,False,553,5,True,2025-05-27,2025-06-03,18,0,8,8
4200585,임곡1리,128.97590980007564,37.693767123079255,https://bis.gn.go.kr/search/station,2026-09-25T06:03:45.938750+00:00,임곡1리,False,1,16,True,2025-05-27,2025-06-03,,,0,8
4200583,임곡1리마을회관,128.97465402746607,37.69113733741365,https://bis.gn.go.kr/search/station,2026-09-25T06:03:45.938750+00:00,임곡1리마을회관,False,6,192,True,2025-05-27,2025-06-03,0,1,1,8
4200582,임곡1리마을회관,128.9747545332243,37.69109651601256,https://bis.gn.go.kr/search/station,2026-09-25T06:03:45.938750+00:00,임곡1리마을회관,False,946,14,True,2025-05-27,2025-06-03,25,0,7,8
4200575,임곡2리마을회관,128.96541432118602,37.66322091980088,https://bis.gn.go.kr/search/station,2026-09-25T06:03:45.938750+00:00,임곡2리마을회관,False,105,24,True,2025-05-27,2025-06-03,1,0,1,8
4200574,임곡2리마을회관,128.96548889686682,37.66318854424863,https://bis.gn.go.kr/search/station,2026-09-25T06:03:45.938750+00:00,임곡2리마을회관,False,261,1,True,2025-05-27,2025-06-03,6,0,4,8
4200578,임곡초등학교,128.970266319495,37.67657078197406,https://bis.gn.go.kr/search/station,2026-09-25T06:03:45.938750+00:00,임곡초등학교,False,559,40,True,2025-05-27,2025-06-03,20,0,8,8
4200579,임곡초등학교,128.97019094901066,37.676575911433936,https://bis.gn.go.kr/search/station,2026-09-25T06:03:45.938750+00:00,임곡초등학교,False,10,12,True,2025-05-27,2025-06-03,,,0,8
4200893,임내폭포,128.7939174576728,37.66377320023954,https://bis.gn.go.kr/search/station,2026-09-25T06:03:45.938750+00:00,임내폭포,False,78,2,True,2025-05-27,2025-06-03,,,0,8
4200892,임내폭포,128.79372069070962,37.66362299663701,https://bis.gn.go.kr/search/station,2026-09-25T06:03:45.938750+00:00,임내폭포,False,2,165,True,2025-05-27,2025-06-03,0,6,6,8
4200767,입암1주공아파트,128.90600846284408,37.75457671115239,https://bis.gn.go.kr/search/station,2026-09-25T06:03:45.938750+00:00,입암1주공아파트,True,1440,2384,True,2025-05-27,2025-06-03,38,49,8,8
4200766,입암1주공아파트,128.90620017782277,37.75501242269486,https://bis.gn.go.kr/search/station,2026-09-25T06:03:45.938750+00:00,입암1주공아파트,True,10261,1452,True,2025-05-27,2025-06-03,253,93,8,8
4201205,입암2.3주공,128.9161850255649,37.765072488547595,https://bis.gn.go.kr/search/station,2026-09-25T06:03:45.938750+00:00,입암2.3주공,True,44259,407,True,2025-05-27,2025-06-03,1191,5,8,8
4201206,입암2.3주공,128.9164847952377,37.764981798289845,https://bis.gn.go.kr/search/station,2026-09-25T06:03:45.938750+00:00,입암2.3주공,True,187,10089,True,2025-05-27,2025-06-03,6,305,8,8
4201047,입암4주공아파트,128.91655461094618,37.76166752794127,https://bis.gn.go.kr/search/station,2026-09-25T06:03:45.938750+00:00,입암4주공아파트,True,3996,27,True,2025-05-27,2025-06-03,98,0,8,8
4201048,입암4주공아파트,128.9166989706064,37.761858842951916,https://bis.gn.go.kr/search/station,2026-09-25T06:03:45.938750+00:00,입암4주공아파트,True,335,624,True,2025-05-27,2025-06-03,11,23,7,8
4200757,입암5주공아파트,128.91468852686768,37.759901363335864,https://bis.gn.go.kr/search/station,2026-09-25T06:03:45.938750+00:00,입암5주공아파트,True,15005,360,True,2025-05-27,2025-06-03,481,12,8,8
4200755,입암6주공아파트,128.91994172349143,37.75895755917794,https://bis.gn.go.kr/search/station,2026-09-25T06:03:45.938750+00:00,입암6주공아파트,True,2546,6577,True,2025-05-27,2025-06-03,60,217,8,8
4200754,입암6주공아파트,128.9200510349674,37.759167158773394,https://bis.gn.go.kr/search/station,2026-09-25T06:03:45.938750+00:00,입암6주공아파트,True,34910,1314,True,2025-05-27,2025-06-03,1204,24,8,8
4201052,입암6주공오거리,128.91746262041485,37.758678282328006,https://bis.gn.go.kr/search/station,2026-09-25T06:03:45.938750+00:00,입암6주공오거리,True,329,6009,True,2025-05-27,2025-06-03,3,164,8,8
4201051,입암6주공오거리,128.91813149011642,37.75937340656549,https://bis.gn.go.kr/search/station,2026-09-25T06:03:45.938750+00:00,입암6주공오거리,True,12889,368,True,2025-05-27,2025-06-03,279,1,8,8
4200763,입암현대아파트,128.91229270015563,37.753112836072376,https://bis.gn.go.kr/search/station,2026-09-25T06:03:45.938750+00:00,입암현대아파트,True,2876,6043,True,2025-05-27,2025-06-03,43,142,8,8
4200762,입암현대아파트,128.91270364556544,37.753026994257695,https://bis.gn.go.kr/search/station,2026-09-25T06:03:45.938750+00:00,입암현대아파트,True,19861,853,True,2025-05-27,2025-06-03,465,13,8,8
4200742,자루뫼.옹심이마을,128.93910155337016,37.76225882808405,https://bis.gn.go.kr/search/station,2026-09-25T06:03:45.938750+00:00,자루뫼.옹심이마을,True,11987,326,True,2025-05-27,2025-06-03,261,14,8,8
4200743,자루뫼.옹심이마을,128.93907508604704,37.76218611247613,https://bis.gn.go.kr/search/station,2026-09-25T06:03:45.938750+00:00,자루뫼.옹심이마을,True,257,4242,True,2025-05-27,2025-06-03,8,80,8,8
4200588,자원순환센터,128.9884350583326,37.69589916205473,https://bis.gn.go.kr/search/station,2026-09-25T06:03:45.938750+00:00,자원순환센터,False,819,4,True,2025-05-27,2025-06-03,21,0,6,8
4200589,자원순환센터,128.98825794255524,37.6958847446048,https://bis.gn.go.kr/search/station,2026-09-25T06:03:45.938750+00:00,자원순환센터,False,4,18,True,2025-05-27,2025-06-03,,,0,8
4200807,자조와리,128.87870578002008,37.72632672967291,https://bis.gn.go.kr/search/station,2026-09-25T06:03:45.938750+00:00,자조와리,False,330,86,True,2025-05-27,2025-06-03,25,2,8,8
4200808,자조와리,128.8787893136159,37.726283262247435,https://bis.gn.go.kr/search/station,2026-09-25T06:03:45.938750+00:00,자조와리,False,523,94,True,2025-05-27,2025-06-03,14,1,6,8
4200886,자포골,128.83086667060377,37.70702334781653,https://bis.gn.go.kr/search/station,2026-09-25T06:03:45.938750+00:00,자포골,False,383,10,True,2025-05-27,2025-06-03,6,0,4,8
4200196,작은다리,128.8261349428677,37.89101262248175,https://bis.gn.go.kr/search/station,2026-09-25T06:03:45.938750+00:00,작은다리,False,15285,45289,True,2025-05-27,2025-06-03,330,1057,8,8
4200197,작은다리,128.82583778093624,37.88994679111109,https://bis.gn.go.kr/search/station,2026-09-25T06:03:45.938750+00:00,작은다리,False,75658,6107,True,2025-05-27,2025-06-03,1714,115,8,8
4200454,작은다리사거리,128.82450182834083,37.890319810643184,https://bis.gn.go.kr/search/station,2026-09-25T06:03:45.938750+00:00,작은다리사거리,False,6,1299,True,2025-05-27,2025-06-03,0,33,7,8
4201147,작은다리사거리,128.82430578974427,37.890298608665205,https://bis.gn.go.kr/search/station,2026-09-25T06:03:45.938750+00:00,작은다리사거리,False,234,296,True,2025-05-27,2025-06-03,5,13,7,8
4200793,잠수교,128.89948844495035,37.7500516781015,https://bis.gn.go.kr/search/station,2026-09-25T06:03:45.938750+00:00,잠수교,True,0,6,True,2025-05-27,2025-06-03,,,0,8
4200794,잠수교,128.8998046277538,37.75006345498387,https://bis.gn.go.kr/search/station,2026-09-25T06:03:45.938750+00:00,잠수교,True,146,4,True,2025-05-27,2025-06-03,1,0,1,8
4200462,장덕1리,128.79552757430156,37.87818242033292,https://bis.gn.go.kr/search/station,2026-09-25T06:03:45.938750+00:00,장덕1리,False,6,297,True,2025-05-27,2025-06-03,0,7,6,8
4200461,장덕1리,128.7955229122852,37.878113650066226,https://bis.gn.go.kr/search/station,2026-09-25T06:03:45.938750+00:00,장덕1리,False,1411,13,True,2025-05-27,2025-06-03,42,1,8,8
4200458,장덕2리,128.77147712645024,37.883516051343115,https://bis.gn.go.kr/search/station,2026-09-25T06:03:45.938750+00:00,장덕2리,False,23,580,True,2025-05-27,2025-06-03,3,16,8,8
4200457,장덕2리,128.77149035836987,37.88343140927676,https://bis.gn.go.kr/search/station,2026-09-25T06:03:45.938750+00:00,장덕2리,False,1538,7,True,2025-05-27,2025-06-03,34,0,8,8
4200460,장덕2리마을회관,128.77790630744494,37.87964207357677,https://bis.gn.go.kr/search/station,2026-09-25T06:03:45.938750+00:00,장덕2리마을회관,False,383,311,True,2025-05-27,2025-06-03,5,6,5,8
4200459,장덕2리마을회관,128.7777930908638,37.879609504906774,https://bis.gn.go.kr/search/station,2026-09-25T06:03:45.938750+00:00,장덕2리마을회관,False,970,63,True,2025-05-27,2025-06-03,21,4,8,8
4201034,장수탕,128.8873508979562,37.75226332684143,https://bis.gn.go.kr/search/station,2026-09-25T06:03:45.938750+00:00,장수탕,True,1433,4364,True,2025-05-27,2025-06-03,50,87,8,8
4201033,장수탕,128.88740033590045,37.75217314835415,https://bis.gn.go.kr/search/station,2026-09-25T06:03:45.938750+00:00,장수탕,True,6371,2700,True,2025-05-27,2025-06-03,136,71,8,8
4201151,장터마을,128.9723977075807,37.72307968130474,https://bis.gn.go.kr/search/station,2026-09-25T06:03:45.938750+00:00,장터마을,False,280,532,True,2025-05-27,2025-06-03,6,17,8,8
4201150,장터마을,128.97235424591028,37.72315567930139,https://bis.gn.go.kr/search/station,2026-09-25T06:03:45.938750+00:00,장터마을,False,1618,31,True,2025-05-27,2025-06-03,42,1,8,8
4200116,적십자입구,128.88726321660565,37.757196360936135,https://bis.gn.go.kr/search/station,2026-09-25T06:03:45.938750+00:00,적십자입구,True,8371,7060,True,2025-05-27,2025-06-03,194,158,8,8
4200117,적십자입구,128.88647213220725,37.75676623567213,https://bis.gn.go.kr/search/station,2026-09-25T06:03:45.938750+00:00,적십자입구,True,17584,4275,True,2025-05-27,2025-06-03,464,95,8,8
4201125,정동교,129.0324614525895,37.688438171101524,https://bis.gn.go.kr/search/station,2026-09-25T06:03:45.938750+00:00,정동교,False,6433,132,True,2025-05-27,2025-06-03,187,6,8,8
4201126,정동교,129.03237659003923,37.68846940398579,https://bis.gn.go.kr/search/station,2026-09-25T06:03:45.938750+00:00,정동교,False,362,2733,True,2025-05-27,2025-06-03,19,73,8,8
4201127,정동진역,129.03224964663548,37.690253441678834,https://bis.gn.go.kr/search/station,2026-09-25T06:03:45.938750+00:00,정동진역,False,12653,1769,True,2025-05-27,2025-06-03,365,58,8,8
4201128,정동진역,129.0319921573861,37.69035571739087,https://bis.gn.go.kr/search/station,2026-09-25T06:03:45.938750+00:00,정동진역,False,2371,8320,True,2025-05-27,2025-06-03,69,267,8,8
4201123,정동초등학교,129.03393804786398,37.68800336105405,https://bis.gn.go.kr/search/station,2026-09-25T06:03:45.938750+00:00,정동초등학교,False,863,137,True,2025-05-27,2025-06-03,45,2,8,8
4201124,정동초등학교,129.03365499665549,37.68789867201399,https://bis.gn.go.kr/search/station,2026-09-25T06:03:45.938750+00:00,정동초등학교,False,295,681,True,2025-05-27,2025-06-03,8,24,7,8
4201119,정동해변,129.04025543414897,37.68609620523521,https://bis.gn.go.kr/search/station,2026-09-25T06:03:45.938750+00:00,정동해변,False,503,2607,True,2025-05-27,2025-06-03,17,76,7,8
4201120,정동해변,129.04018588407186,37.686033834572385,https://bis.gn.go.kr/search/station,2026-09-25T06:03:45.938750+00:00,정동해변,False,1263,200,True,2025-05-27,2025-06-03,29,1,7,8
4200833,제비1리마을회관,128.8620977553537,37.71966811408695,https://bis.gn.go.kr/search/station,2026-09-25T06:03:45.938750+00:00,제비1리마을회관,False,46,11,True,2025-05-27,2025-06-03,3,0,3,8
4200832,제비1리마을회관,128.8621891338796,37.71968864008052,https://bis.gn.go.kr/search/station,2026-09-25T06:03:45.938750+00:00,제비1리마을회관,False,186,13,True,2025-05-27,2025-06-03,5,0,4,8
4200826,제비리,128.85827155633717,37.70524685021708,https://bis.gn.go.kr/search/station,2026-09-25T06:03:45.938750+00:00,제비리,False,115,72,True,2025-05-27,2025-06-03,3,0,2,8
4200838,제비리정미소,128.85946417278979,37.72991051863758,https://bis.gn.go.kr/search/station,2026-09-25T06:03:45.938750+00:00,제비리정미소,False,282,51,True,2025-05-27,2025-06-03,5,2,5,8
4200839,제비리정미소,128.8594036715264,37.72987082372568,https://bis.gn.go.kr/search/station,2026-09-25T06:03:45.938750+00:00,제비리정미소,False,225,55,True,2025-05-27,2025-06-03,3,1,2,8
4200878,제비산북교차로,128.85195266618172,37.70260144877975,https://bis.gn.go.kr/search/station,2026-09-25T06:03:45.938750+00:00,제비산북교차로,False,,,False,2025-05-27,2025-06-03,,,0,8
4200879,제비산북교차로,128.85204215694216,37.702600950909385,https://bis.gn.go.kr/search/station,2026-09-25T06:03:45.938750+00:00,제비산북교차로,False,2,1,True,2025-05-27,2025-06-03,,,0,8
4200825,제비삼거리,128.8615088123862,37.70915992717116,https://bis.gn.go.kr/search/station,2026-09-25T06:03:45.938750+00:00,제비삼거리,False,31,1,True,2025-05-27,2025-06-03,,,0,8
4200824,제비삼거리,128.8614786499892,37.70922991859699,https://bis.gn.go.kr/search/station,2026-09-25T06:03:45.938750+00:00,제비삼거리,False,19,28,True,2025-05-27,2025-06-03,,,0,8
4200240,젤마을,128.887733025105,37.775438249928285,https://bis.gn.go.kr/search/station,2026-09-25T06:03:45.938750+00:00,젤마을,True,9791,3738,True,2025-05-27,2025-06-03,305,93,8,8
4201116,조각공원,129.0419778617943,37.68142324301774,https://bis.gn.go.kr/search/station,2026-09-25T06:03:45.938750+00:00,조각공원,False,375,254,True,2025-05-27,2025-06-03,2,7,3,8
4201117,조각공원,129.04194075670452,37.681301432273415,https://bis.gn.go.kr/search/station,2026-09-25T06:03:45.938750+00:00,조각공원,False,21,285,True,2025-05-27,2025-06-03,0,4,3,8
4201409,조순생가,128.88832466397164,37.713711387376655,https://bis.gn.go.kr/search/station,2026-09-25T06:03:45.938750+00:00,조순생가,False,186,42,True,2025-05-27,2025-06-03,8,1,7,8
4201423,조순생가,128.88844816983337,37.713682167259954,https://bis.gn.go.kr/search/station,2026-09-25T06:03:45.938750+00:00,조순생가,False,,,False,2025-05-27,2025-06-03,,,0,8
4200432,종합경기장,128.89654249784542,37.771109941446205,https://bis.gn.go.kr/search/station,2026-09-25T06:03:45.938750+00:00,종합경기장,True,6098,761,True,2025-05-27,2025-06-03,228,18,8,8
4200433,종합경기장,128.89677683645317,37.77125900731557,https://bis.gn.go.kr/search/station,2026-09-25T06:03:45.938750+00:00,종합경기장,True,1785,4801,True,2025-05-27,2025-06-03,28,120,8,8
4200544,종합경기장입구,128.89740621946726,37.770531883728914,https://bis.gn.go.kr/search/station,2026-09-25T06:03:45.938750+00:00,종합경기장입구,True,1041,87,True,2025-05-27,2025-06-03,29,2,8,8
4200292,주공1차아파트,128.88256780330317,37.766843575404636,https://bis.gn.go.kr/search/station,2026-09-25T06:03:45.938750+00:00,주공1차아파트,True,33595,1175,True,2025-05-27,2025-06-03,1091,43,8,8
4200133,주공1차아파트,128.88288690646792,37.76665665089728,https://bis.gn.go.kr/search/station,2026-09-25T06:03:45.938750+00:00,주공1차아파트,True,5397,9246,True,2025-05-27,2025-06-03,109,278,8,8
4200530,주공2차아파트,128.8850454710998,37.768615366200436,https://bis.gn.go.kr/search/station,2026-09-25T06:03:45.938750+00:00,주공2차아파트,True,4197,1541,True,2025-05-27,2025-06-03,115,35,8,8
4200566,주공2차아파트,128.88486622636958,37.76845428049225,https://bis.gn.go.kr/search/station,2026-09-25T06:03:45.938750+00:00,주공2차아파트,True,463,2,True,2025-05-27,2025-06-03,14,0,5,8
4200129,주공3차아파트,128.87933873663175,37.76410589188944,https://bis.gn.go.kr/search/station,2026-09-25T06:03:45.938750+00:00,주공3차아파트,True,11824,12287,True,2025-05-27,2025-06-03,269,301,8,8
4201378,주문10리,128.81057617544894,37.89757955797342,https://bis.gn.go.kr/search/station,2026-09-25T06:03:45.938750+00:00,주문10리,False,348,153,True,2025-05-27,2025-06-03,10,2,5,8
4200027,주문10리,128.81049106440693,37.89755886763472,https://bis.gn.go.kr/search/station,2026-09-25T06:03:45.938750+00:00,주문10리,False,21,25,True,2025-05-27,2025-06-03,,,0,8
4201377,주문10리종점,128.80246523281295,37.89335520402651,https://bis.gn.go.kr/search/station,2026-09-25T06:03:45.938750+00:00,주문10리종점,False,227,18,True,2025-05-27,2025-06-03,9,0,5,8
4200189,주문2리,128.83046007450088,37.897540604441176,https://bis.gn.go.kr/search/station,2026-09-25T06:03:45.938750+00:00,주문2리,False,10236,696,True,2025-05-27,2025-06-03,242,20,8,8
4200299,주문2리,128.83067123183636,37.89750003400375,https://bis.gn.go.kr/search/station,2026-09-25T06:03:45.938750+00:00,주문2리,False,1612,4879,True,2025-05-27,2025-06-03,36,113,8,8
4201278,주문진등대,128.83413482750083,37.898607108297156,https://bis.gn.go.kr/search/station,2026-09-25T06:03:45.938750+00:00,주문진등대,False,228,552,True,2025-05-27,2025-06-03,2,17,7,8
4201277,주문진등대,128.83402573057427,37.898641534767464,https://bis.gn.go.kr/search/station,2026-09-25T06:03:45.938750+00:00,주문진등대,False,1097,48,True,2025-05-27,2025-06-03,25,0,6,8
4200452,주문진문화교육센터,128.82210321817664,37.88251990280632,https://bis.gn.go.kr/search/station,2026-09-25T06:03:45.938750+00:00,주문진문화교육센터,False,128,74,True,2025-05-27,2025-06-03,1,2,3,8
4200453,주문진문화교육센터,128.8216607096042,37.88251737897711,https://bis.gn.go.kr/search/station,2026-09-25T06:03:45.938750+00:00,주문진문화교육센터,False,317,25,True,2025-05-27,2025-06-03,25,1,7,8
4201276,주문진수산시장,128.82844614486706,37.89014411628092,https://bis.gn.go.kr/search/station,2026-09-25T06:03:45.938750+00:00,주문진수산시장,False,676,8740,True,2025-05-27,2025-06-03,9,191,8,8
4201275,주문진수산시장,128.82825290581502,37.88995969444888,https://bis.gn.go.kr/search/station,2026-09-25T06:03:45.938750+00:00,주문진수산시장,False,12956,2053,True,2025-05-27,2025-06-03,276,89,8,8
4200200,주문진시외버스터미널,128.8253113527999,37.88508198031381,https://bis.gn.go.kr/search/station,2026-09-25T06:03:45.938750+00:00,주문진시외버스터미널,False,12942,26171,True,2025-05-27,2025-06-03,242,676,8,8
4200448,주문진시외버스터미널,128.8255388895829,37.884201127994984,https://bis.gn.go.kr/search/station,2026-09-25T06:03:45.938750+00:00,주문진시외버스터미널,False,5782,5955,True,2025-05-27,2025-06-03,132,163,8,8
4200305,주문진시외버스터미널,128.82509871282576,37.88458386690221,https://bis.gn.go.kr/search/station,2026-09-25T06:03:45.938750+00:00,주문진시외버스터미널,False,55206,9392,True,2025-05-27,2025-06-03,1386,199,8,8
4200202,주문진식자재마트,128.82596782269363,37.881485546216574,https://bis.gn.go.kr/search/station,2026-09-25T06:03:45.938750+00:00,주문진식자재마트,False,20259,9230,True,2025-05-27,2025-06-03,406,274,8,8
4200029,주문진읍사무소,128.82486977710943,37.892686971435495,https://bis.gn.go.kr/search/station,2026-09-25T06:03:45.938750+00:00,주문진읍사무소,False,20,491,True,2025-05-27,2025-06-03,1,9,5,8
4201393,주문진읍사무소,128.82369473290439,37.893285463228835,https://bis.gn.go.kr/search/station,2026-09-25T06:03:45.938750+00:00,주문진읍사무소,False,6,86,True,2025-05-27,2025-06-03,0,3,2,8
4200971,주문진읍사무소,128.8246799183624,37.892745035212215,https://bis.gn.go.kr/search/station,2026-09-25T06:03:45.938750+00:00,주문진읍사무소,False,698,323,True,2025-05-27,2025-06-03,17,12,8,8
4201391,주문진읍사무소,128.8238312459903,37.8934502421149,https://bis.gn.go.kr/search/station,2026-09-25T06:03:45.938750+00:00,주문진읍사무소,False,79,11,True,2025-05-27,2025-06-03,3,0,2,8
4200308,주문진중.고등학교.강릉정보고,128.82672327638434,37.87982425913257,https://bis.gn.go.kr/search/station,2026-09-25T06:03:45.938750+00:00,주문진중.고등학교.강릉정보고,False,20084,11294,True,2025-05-27,2025-06-03,477,296,8,8
4200204,주문진중학교,128.82690197641236,37.87887483229283,https://bis.gn.go.kr/search/station,2026-09-25T06:03:45.938750+00:00,주문진중학교,False,38817,8180,True,2025-05-27,2025-06-03,1052,194,8,8
4200532,주문진항,128.8290758047728,37.892766657375546,https://bis.gn.go.kr/search/station,2026-09-25T06:03:45.938750+00:00,주문진항,False,500,2070,True,2025-05-27,2025-06-03,21,25,8,8
4200195,주문진항입구,128.82690557497094,37.892668432750234,https://bis.gn.go.kr/search/station,2026-09-25T06:03:45.938750+00:00,주문진항입구,False,8926,24776,True,2025-05-27,2025-06-03,189,599,8,8
4200194,주문진항입구,128.82670250148865,37.8926318795772,https://bis.gn.go.kr/search/station,2026-09-25T06:03:45.938750+00:00,주문진항입구,False,50053,7433,True,2025-05-27,2025-06-03,1205,158,8,8
4200181,주문진해변,128.81692175696733,37.90940788063508,https://bis.gn.go.kr/search/station,2026-09-25T06:03:45.938750+00:00,주문진해변,False,19112,1167,True,2025-05-27,2025-06-03,457,38,8,8
4200182,주문진해변,128.81704671925502,37.90944057885068,https://bis.gn.go.kr/search/station,2026-09-25T06:03:45.938750+00:00,주문진해변,False,376,17153,True,2025-05-27,2025-06-03,7,481,8,8
4202062,주수1리,129.04484649940426,37.61466278284313,https://bis.gn.go.kr/search/station,2026-09-25T06:03:45.938750+00:00,주수1리,False,538,4,True,2025-05-27,2025-06-03,18,0,6,8
4202072,주수1리,129.0445825275631,37.61484876921252,https://bis.gn.go.kr/search/station,2026-09-25T06:03:45.938750+00:00,주수1리,False,27,75,True,2025-05-27,2025-06-03,0,1,1,8
4202102,주수2리,129.05347399898523,37.618026714837086,https://bis.gn.go.kr/search/station,2026-09-25T06:03:45.938750+00:00,주수2리,False,83,19,True,2025-05-27,2025-06-03,,,0,8
4202112,주수2리,129.0534798781985,37.618295982570245,https://bis.gn.go.kr/search/station,2026-09-25T06:03:45.938750+00:00,주수2리,False,111,32,True,2025-05-27,2025-06-03,1,0,1,8
4200752,중앙초교,128.9223833558042,37.757342016100644,https://bis.gn.go.kr/search/station,2026-09-25T06:03:45.938750+00:00,중앙초교,True,22944,925,True,2025-05-27,2025-06-03,706,30,8,8
4200753,중앙초교,128.92202942311576,37.75730416097501,https://bis.gn.go.kr/search/station,2026-09-25T06:03:45.938750+00:00,중앙초교,True,2018,4197,True,2025-05-27,2025-06-03,25,128,8,8
4200229,즈므.과학단지,128.86079294239343,37.79710821329875,https://bis.gn.go.kr/search/station,2026-09-25T06:03:45.938750+00:00,즈므.과학단지,True,1080,4335,True,2025-05-27,2025-06-03,27,115,8,8
4200138,즈므.과학단지,128.8604076986006,37.79746479759031,https://bis.gn.go.kr/search/station,2026-09-25T06:03:45.938750+00:00,즈므.과학단지,True,10743,862,True,2025-05-27,2025-06-03,286,25,8,8
4200378,즈므교,128.8504671545161,37.79077991715075,https://bis.gn.go.kr/search/station,2026-09-25T06:03:45.938750+00:00,즈므교,False,14,2,True,2025-05-27,2025-06-03,,,0,8
4200377,즈므교,128.8503710096998,37.790650810639626,https://bis.gn.go.kr/search/station,2026-09-25T06:03:45.938750+00:00,즈므교,False,8,12,True,2025-05-27,2025-06-03,,,0,8
4200083,지변동,128.87676045382563,37.771874023944235,https://bis.gn.go.kr/search/station,2026-09-25T06:03:45.938750+00:00,지변동,True,725,1419,True,2025-05-27,2025-06-03,11,44,7,8
4201406,지암사입구,128.8326543984501,37.76849221810292,https://bis.gn.go.kr/search/station,2026-09-25T06:03:45.938750+00:00,지암사입구,False,463,7,True,2025-05-27,2025-06-03,9,0,6,8
4200412,진고개휴게소,128.65865259925027,37.84288643809636,https://bis.gn.go.kr/search/station,2026-09-25T06:03:45.938750+00:00,진고개휴게소,False,1120,11,True,2025-05-27,2025-06-03,34,1,8,8
4200413,진고개휴게소,128.6587993033944,37.842974758114,https://bis.gn.go.kr/search/station,2026-09-25T06:03:45.938750+00:00,진고개휴게소,False,0,13,True,2025-05-27,2025-06-03,,,0,8
4200023,진골,128.863668793898,37.7068476306324,https://bis.gn.go.kr/search/station,2026-09-25T06:03:45.938750+00:00,진골,False,30,38,True,2025-05-27,2025-06-03,2,0,1,8
4200284,진골,128.86337243060487,37.70683089545619,https://bis.gn.go.kr/search/station,2026-09-25T06:03:45.938750+00:00,진골,False,41,18,True,2025-05-27,2025-06-03,1,0,1,8
4200044,차고지대기(미정차),128.93316603832002,37.76938974153612,https://bis.gn.go.kr/search/station,2026-09-25T06:03:45.938750+00:00,차고지대기(미정차),True,183,5,True,2025-05-27,2025-06-03,5,0,3,8
4200749,차돌광,128.92683577267843,37.75897194822883,https://bis.gn.go.kr/search/station,2026-09-25T06:03:45.938750+00:00,차돌광,True,109,753,True,2025-05-27,2025-06-03,3,18,7,8
4200748,차돌광,128.92675717507132,37.75922428188879,https://bis.gn.go.kr/search/station,2026-09-25T06:03:45.938750+00:00,차돌광,True,1403,148,True,2025-05-27,2025-06-03,42,2,8,8
4200469,참샘,128.79799114449304,37.90957457625894,https://bis.gn.go.kr/search/station,2026-09-25T06:03:45.938750+00:00,참샘,False,288,47,True,2025-05-27,2025-06-03,8,7,4,8
4200638,천주교회,128.91475255178224,37.69917256372598,https://bis.gn.go.kr/search/station,2026-09-25T06:03:45.938750+00:00,천주교회,False,1,1,True,2025-05-27,2025-06-03,,,0,8
4200637,천주교회,128.9146583268783,37.69918070112344,https://bis.gn.go.kr/search/station,2026-09-25T06:03:45.938750+00:00,천주교회,False,737,141,True,2025-05-27,2025-06-03,20,4,7,8
4201070,철길건널목앞,128.9484470278131,37.73765389539244,https://bis.gn.go.kr/search/station,2026-09-25T06:03:45.938750+00:00,철길건널목앞,True,398,36,True,2025-05-27,2025-06-03,15,3,7,8
4201071,철길건널목앞,128.94850270661007,37.73757538406423,https://bis.gn.go.kr/search/station,2026-09-25T06:03:45.938750+00:00,철길건널목앞,True,4,168,True,2025-05-27,2025-06-03,0,6,6,8
4200219,청솔공원,128.84744835859598,37.832296445829655,https://bis.gn.go.kr/search/station,2026-09-25T06:03:45.938750+00:00,청솔공원,False,3454,748,True,2025-05-27,2025-06-03,91,24,8,8
4200314,청솔공원,128.84780404863866,37.83218520189828,https://bis.gn.go.kr/search/station,2026-09-25T06:03:45.938750+00:00,청솔공원,False,854,694,True,2025-05-27,2025-06-03,26,15,8,8
4201234,초당분수공원,128.92421540479356,37.78614360918137,https://bis.gn.go.kr/search/station,2026-09-25T06:03:45.938750+00:00,초당분수공원,True,1527,12949,True,2025-05-27,2025-06-03,28,355,8,8
4201233,초당분수공원,128.9221385517862,37.785996929695614,https://bis.gn.go.kr/search/station,2026-09-25T06:03:45.938750+00:00,초당분수공원,True,21223,5933,True,2025-05-27,2025-06-03,618,148,8,8
4200617,초당순두부마을,128.91553146572582,37.791098464762065,https://bis.gn.go.kr/search/station,2026-09-25T06:03:45.938750+00:00,초당순두부마을,True,172,4090,True,2025-05-27,2025-06-03,7,78,8,8
4200616,초당순두부마을,128.91545728509436,37.791144787216254,https://bis.gn.go.kr/search/station,2026-09-25T06:03:45.938750+00:00,초당순두부마을,True,1781,50,True,2025-05-27,2025-06-03,29,0,7,8
4202175,큰방파제,128.83179865169402,37.89485760516111,https://bis.gn.go.kr/search/station,2026-09-25T06:03:45.938750+00:00,큰방파제,False,2,38,True,2025-05-27,2025-06-03,,,0,8
4200947,탑동교,128.84609145028975,37.66009383864923,https://bis.gn.go.kr/search/station,2026-09-25T06:03:45.938750+00:00,탑동교,False,1418,30,True,2025-05-27,2025-06-03,38,1,8,8
4200948,탑동교,128.84599983023696,37.66005118972853,https://bis.gn.go.kr/search/station,2026-09-25T06:03:45.938750+00:00,탑동교,False,15,505,True,2025-05-27,2025-06-03,1,16,6,8
4200119,터미널오거리,128.88381140539954,37.755579088211434,https://bis.gn.go.kr/search/station,2026-09-25T06:03:45.938750+00:00,터미널오거리,True,31650,4042,True,2025-05-27,2025-06-03,820,94,8,8
4200118,터미널오거리,128.8840640923818,37.75608209292866,https://bis.gn.go.kr/search/station,2026-09-25T06:03:45.938750+00:00,터미널오거리,True,10260,14188,True,2025-05-27,2025-06-03,241,432,8,8
4200175,퇴곡,128.75248295369062,37.85110547320165,https://bis.gn.go.kr/search/station,2026-09-25T06:03:45.938750+00:00,퇴곡,False,210,2,True,2025-05-27,2025-06-03,4,0,3,8
4200174,퇴곡,128.75226108332112,37.851299039517386,https://bis.gn.go.kr/search/station,2026-09-25T06:03:45.938750+00:00,퇴곡,False,9,179,True,2025-05-27,2025-06-03,0,1,1,8
4200329,퇴곡1리경로당,128.74128473074444,37.849334595953835,https://bis.gn.go.kr/search/station,2026-09-25T06:03:45.938750+00:00,퇴곡1리경로당,False,1685,24,True,2025-05-27,2025-06-03,51,0,8,8
4200330,퇴곡1리경로당,128.7415928535256,37.84950756791581,https://bis.gn.go.kr/search/station,2026-09-25T06:03:45.938750+00:00,퇴곡1리경로당,False,37,807,True,2025-05-27,2025-06-03,1,19,7,8
4200173,퇴곡2리,128.71633081209328,37.84807753595964,https://bis.gn.go.kr/search/station,2026-09-25T06:03:45.938750+00:00,퇴곡2리,False,1,13,True,2025-05-27,2025-06-03,0,1,1,8
4200032,퇴곡2리,128.71714904545294,37.84816614353958,https://bis.gn.go.kr/search/station,2026-09-25T06:03:45.938750+00:00,퇴곡2리,False,207,3,True,2025-05-27,2025-06-03,6,0,5,8
4200015,퇴곡2리마을회관,128.72561567385543,37.84863292575607,https://bis.gn.go.kr/search/station,2026-09-25T06:03:45.938750+00:00,퇴곡2리마을회관,False,,,False,2025-05-27,2025-06-03,,,0,8
4201200,파란바다지역아동센터,128.82465599155947,37.88451042268901,https://bis.gn.go.kr/search/station,2026-09-25T06:03:45.938750+00:00,파란바다지역아동센터,False,232,243,True,2025-05-27,2025-06-03,4,1,4,8
4201146,파란바다지역아동센터,128.8248619925949,37.88456697851607,https://bis.gn.go.kr/search/station,2026-09-25T06:03:45.938750+00:00,파란바다지역아동센터,False,43,1103,True,2025-05-27,2025-06-03,0,25,6,8
4200529,판교2리마을회관,128.84660458171092,37.84287891189836,https://bis.gn.go.kr/search/station,2026-09-25T06:03:45.938750+00:00,판교2리마을회관,False,40,1,True,2025-05-27,2025-06-03,,,0,8
4200391,판교리,128.86009464856716,37.83346652558502,https://bis.gn.go.kr/search/station,2026-09-25T06:03:45.938750+00:00,판교리,False,13,62,True,2025-05-27,2025-06-03,0,3,2,8
4200389,판교리,128.8629774027657,37.834258791663885,https://bis.gn.go.kr/search/station,2026-09-25T06:03:45.938750+00:00,판교리,False,46,10,True,2025-05-27,2025-06-03,5,0,4,8
4200733,평안의집,128.90510785537055,37.74063841474535,https://bis.gn.go.kr/search/station,2026-09-25T06:03:45.938750+00:00,평안의집,True,272,51,True,2025-05-27,2025-06-03,11,0,7,8
4200734,평안의집,128.90504736881275,37.740698188102115,https://bis.gn.go.kr/search/station,2026-09-25T06:03:45.938750+00:00,평안의집,True,15,140,True,2025-05-27,2025-06-03,2,2,2,8
4200921,평촌,128.84963218200156,37.552631723106046,https://bis.gn.go.kr/search/station,2026-09-25T06:03:45.938750+00:00,평촌,False,30,1,True,2025-05-27,2025-06-03,1,0,1,8
4200922,평촌,128.84954094616108,37.55267396579829,https://bis.gn.go.kr/search/station,2026-09-25T06:03:45.938750+00:00,평촌,False,3,35,True,2025-05-27,2025-06-03,0,1,1,8
4201236,포남2주공입구,128.91810027987142,37.77873395771816,https://bis.gn.go.kr/search/station,2026-09-25T06:03:45.938750+00:00,포남2주공입구,True,1816,8762,True,2025-05-27,2025-06-03,42,221,8,8
4201220,포남2주공입구,128.9179885478381,37.77901498558293,https://bis.gn.go.kr/search/station,2026-09-25T06:03:45.938750+00:00,포남2주공입구,True,20983,968,True,2025-05-27,2025-06-03,595,25,8,8
4200318,포남시장,128.90766061502285,37.76392281820552,https://bis.gn.go.kr/search/station,2026-09-25T06:03:45.938750+00:00,포남시장,True,41836,6709,True,2025-05-27,2025-06-03,1119,132,8,8
4200084,풋살경기장옆,128.87680703199706,37.77165010517057,https://bis.gn.go.kr/search/station,2026-09-25T06:03:45.938750+00:00,풋살경기장옆,True,5864,120,True,2025-05-27,2025-06-03,128,2,8,8
4200806,프라자약국,128.87901214606964,37.728760157474696,https://bis.gn.go.kr/search/station,2026-09-25T06:03:45.938750+00:00,프라자약국,False,292,57,True,2025-05-27,2025-06-03,12,1,6,8
4200805,프라자약국,128.8789292364003,37.728699480498165,https://bis.gn.go.kr/search/station,2026-09-25T06:03:45.938750+00:00,프라자약국,False,42,108,True,2025-05-27,2025-06-03,2,2,3,8
4201091,피내,129.0067163489339,37.64587762691358,https://bis.gn.go.kr/search/station,2026-09-25T06:03:45.938750+00:00,피내,False,20,54,True,2025-05-27,2025-06-03,,,0,8
4201090,피내,129.00674352158242,37.645808828332775,https://bis.gn.go.kr/search/station,2026-09-25T06:03:45.938750+00:00,피내,False,246,2,True,2025-05-27,2025-06-03,3,0,2,8
4200359,하나로마트내곡점,128.88026417146904,37.7410809708167,https://bis.gn.go.kr/search/station,2026-09-25T06:03:45.938750+00:00,하나로마트내곡점,True,38821,393,True,2025-05-27,2025-06-03,990,16,8,8
4200360,하나로마트내곡점,128.88016921110417,37.740597240336115,https://bis.gn.go.kr/search/station,2026-09-25T06:03:45.938750+00:00,하나로마트내곡점,True,507,11332,True,2025-05-27,2025-06-03,16,231,8,8
4201315,하반암,128.98110553425494,37.584185619903295,https://bis.gn.go.kr/search/station,2026-09-25T06:03:45.938750+00:00,하반암,False,102,2,True,2025-05-27,2025-06-03,3,0,3,8
4201314,하반암,128.98089810223846,37.584168867911764,https://bis.gn.go.kr/search/station,2026-09-25T06:03:45.938750+00:00,하반암,False,1,2,True,2025-05-27,2025-06-03,,,0,8
4201132,하슬라아트월드,129.01185439171851,37.70733375846832,https://bis.gn.go.kr/search/station,2026-09-25T06:03:45.938750+00:00,하슬라아트월드,False,1923,2697,True,2025-05-27,2025-06-03,75,86,8,8
4201131,하슬라아트월드,129.0118479436692,37.70752248078149,https://bis.gn.go.kr/search/station,2026-09-25T06:03:45.938750+00:00,하슬라아트월드,False,5291,2861,True,2025-05-27,2025-06-03,180,97,8,8
4200110,하슬라중,128.90715554439282,37.77053362559672,https://bis.gn.go.kr/search/station,2026-09-25T06:03:45.938750+00:00,하슬라중,True,30061,3805,True,2025-05-27,2025-06-03,962,95,8,8
4200111,하슬라중,128.90761293140218,37.77043125987649,https://bis.gn.go.kr/search/station,2026-09-25T06:03:45.938750+00:00,하슬라중,True,12224,8822,True,2025-05-27,2025-06-03,301,259,8,8
4201063,하시동3리3반,128.96021404883618,37.74070043268972,https://bis.gn.go.kr/search/station,2026-09-25T06:03:45.938750+00:00,하시동3리3반,False,4,26,True,2025-05-27,2025-06-03,0,3,3,8
4201069,하시동3리3반,128.96017032919647,37.7406590489229,https://bis.gn.go.kr/search/station,2026-09-25T06:03:45.938750+00:00,하시동3리3반,False,232,1,True,2025-05-27,2025-06-03,6,1,4,8
4201065,하시동3리마을회관,128.95566357584553,37.73740461978908,https://bis.gn.go.kr/search/station,2026-09-25T06:03:45.938750+00:00,하시동3리마을회관,False,9,45,True,2025-05-27,2025-06-03,,,0,8
4200028,하시동3리마을회관,128.95568079152127,37.73745764026289,https://bis.gn.go.kr/search/station,2026-09-25T06:03:45.938750+00:00,하시동3리마을회관,False,2028,16,True,2025-05-27,2025-06-03,57,0,8,8
4201182,하시동입구,128.94045988509035,37.73612720331248,https://bis.gn.go.kr/search/station,2026-09-25T06:03:45.938750+00:00,하시동입구,True,63,78,True,2025-05-27,2025-06-03,3,0,3,8
4201181,하시동입구,128.94066964706647,37.73622577281252,https://bis.gn.go.kr/search/station,2026-09-25T06:03:45.938750+00:00,하시동입구,True,237,6,True,2025-05-27,2025-06-03,6,2,5,8
4200131,하이빌현대아파트,128.8824547932286,37.764860822549025,https://bis.gn.go.kr/search/station,2026-09-25T06:03:45.938750+00:00,하이빌현대아파트,True,4361,5419,True,2025-05-27,2025-06-03,106,150,8,8
4200669,하이샤시,128.91728256074563,37.71407658570209,https://bis.gn.go.kr/search/station,2026-09-25T06:03:45.938750+00:00,하이샤시,False,418,3,True,2025-05-27,2025-06-03,13,0,7,8
4200670,하이샤시,128.91718137940222,37.71406745689133,https://bis.gn.go.kr/search/station,2026-09-25T06:03:45.938750+00:00,하이샤시,False,0,45,True,2025-05-27,2025-06-03,,,0,8
4200387,하평리,128.86670662673083,37.834355194382326,https://bis.gn.go.kr/search/station,2026-09-25T06:03:45.938750+00:00,하평리,False,15,183,True,2025-05-27,2025-06-03,0,4,3,8
4200386,하평리,128.86662078612576,37.834407329862614,https://bis.gn.go.kr/search/station,2026-09-25T06:03:45.938750+00:00,하평리,False,91,2,True,2025-05-27,2025-06-03,3,0,2,8
4200008,하평리,128.87213896973955,37.836286638716444,https://bis.gn.go.kr/search/station,2026-09-25T06:03:45.938750+00:00,하평리,False,1257,89,True,2025-05-27,2025-06-03,34,2,8,8
4200228,학고개,128.8599242703853,37.80596957371411,https://bis.gn.go.kr/search/station,2026-09-25T06:03:45.938750+00:00,학고개,True,3292,195,True,2025-05-27,2025-06-03,74,10,8,8
4200227,학고개,128.86104076560957,37.80452897124611,https://bis.gn.go.kr/search/station,2026-09-25T06:03:45.938750+00:00,학고개,True,895,1186,True,2025-05-27,2025-06-03,16,29,8,8
4200718,학마을앞,128.88924569543022,37.716217165702425,https://bis.gn.go.kr/search/station,2026-09-25T06:03:45.938750+00:00,학마을앞,False,5,2,True,2025-05-27,2025-06-03,0,1,1,8
4200717,학마을앞,128.88924287497164,37.716130571204594,https://bis.gn.go.kr/search/station,2026-09-25T06:03:45.938750+00:00,학마을앞,False,,,False,2025-05-27,2025-06-03,,,0,8
4200720,학산1리,128.8893588713931,37.7158468763211,https://bis.gn.go.kr/search/station,2026-09-25T06:03:45.938750+00:00,학산1리,False,982,280,True,2025-05-27,2025-06-03,43,10,8,8
4200697,학산1리,128.89410318195965,37.709756692977734,https://bis.gn.go.kr/search/station,2026-09-25T06:03:45.938750+00:00,학산1리,False,,,False,2025-05-27,2025-06-03,,,0,8
4201424,학산1리,128.88951590870155,37.71580085246317,https://bis.gn.go.kr/search/station,2026-09-25T06:03:45.938750+00:00,학산1리,False,,,False,2025-05-27,2025-06-03,,,0,8
4200703,학산2리,128.89237120059903,37.69808781147039,https://bis.gn.go.kr/search/station,2026-09-25T06:03:45.938750+00:00,학산2리,False,,,False,2025-05-27,2025-06-03,,,0,8
4200709,학산2리마을회관,128.8886619883527,37.70619292326437,https://bis.gn.go.kr/search/station,2026-09-25T06:03:45.938750+00:00,학산2리마을회관,False,40,1,True,2025-05-27,2025-06-03,6,0,3,8
4200710,학산2리마을회관,128.88859103012294,37.70624396434639,https://bis.gn.go.kr/search/station,2026-09-25T06:03:45.938750+00:00,학산2리마을회관,False,298,162,True,2025-05-27,2025-06-03,10,5,7,8
4200657,학산3리마을회관,128.90349173805726,37.7044381914233,https://bis.gn.go.kr/search/station,2026-09-25T06:03:45.938750+00:00,학산3리마을회관,False,820,83,True,2025-05-27,2025-06-03,26,1,7,8
4200658,학산3리마을회관,128.9032366866668,37.70451960385839,https://bis.gn.go.kr/search/station,2026-09-25T06:03:45.938750+00:00,학산3리마을회관,False,,,False,2025-05-27,2025-06-03,,,0,8
4200664,학산기갑부대앞,128.9059307650165,37.71218874629587,https://bis.gn.go.kr/search/station,2026-09-25T06:03:45.938750+00:00,학산기갑부대앞,False,,,False,2025-05-27,2025-06-03,,,0,8
4200663,학산기갑부대앞,128.90587703156245,37.71210753958188,https://bis.gn.go.kr/search/station,2026-09-25T06:03:45.938750+00:00,학산기갑부대앞,False,57,14,True,2025-05-27,2025-06-03,2,4,4,8
4200695,학산둔지,128.89465764592643,37.71376560853827,https://bis.gn.go.kr/search/station,2026-09-25T06:03:45.938750+00:00,학산둔지,False,,,False,2025-05-27,2025-06-03,,,0,8
4200691,학산부대앞,128.9016572721052,37.71202064934549,https://bis.gn.go.kr/search/station,2026-09-25T06:03:45.938750+00:00,학산부대앞,False,,,False,2025-05-27,2025-06-03,,,0,8
4200662,학산부대앞,128.90202642695186,37.711725950607516,https://bis.gn.go.kr/search/station,2026-09-25T06:03:45.938750+00:00,학산부대앞,False,347,162,True,2025-05-27,2025-06-03,6,1,5,8
4200661,학산부대앞,128.9019476905442,37.7115824967992,https://bis.gn.go.kr/search/station,2026-09-25T06:03:45.938750+00:00,학산부대앞,False,,,False,2025-05-27,2025-06-03,,,0,8
4200685,학산부대후문,128.90185937428248,37.71950094147702,https://bis.gn.go.kr/search/station,2026-09-25T06:03:45.938750+00:00,학산부대후문,False,,,False,2025-05-27,2025-06-03,,,0,8
4200705,학산설래,128.89315390645208,37.69579111479832,https://bis.gn.go.kr/search/station,2026-09-25T06:03:45.938750+00:00,학산설래,False,5,11,True,2025-05-27,2025-06-03,0,2,1,8
4200706,학산설래,128.8930578775653,37.69580131479523,https://bis.gn.go.kr/search/station,2026-09-25T06:03:45.938750+00:00,학산설래,False,1123,269,True,2025-05-27,2025-06-03,35,9,8,8
4200744,학우리,128.93367670500427,37.76075578732405,https://bis.gn.go.kr/search/station,2026-09-25T06:03:45.938750+00:00,학우리,True,1173,160,True,2025-05-27,2025-06-03,39,5,8,8
4200157,한과마을,128.83514950759155,37.81456555427515,https://bis.gn.go.kr/search/station,2026-09-25T06:03:45.938750+00:00,한과마을,False,736,3,True,2025-05-27,2025-06-03,25,0,8,8
4200158,한과마을,128.8351667630484,37.81469760511987,https://bis.gn.go.kr/search/station,2026-09-25T06:03:45.938750+00:00,한과마을,False,4,93,True,2025-05-27,2025-06-03,0,4,4,8
4200251,한국은행,128.89406630781096,37.753485602290496,https://bis.gn.go.kr/search/station,2026-09-25T06:03:45.938750+00:00,한국은행,True,296073,79792,True,2025-05-27,2025-06-03,8727,2864,8,8
4200095,한국자산관리공사,128.90111921880606,37.75827929877246,https://bis.gn.go.kr/search/station,2026-09-25T06:03:45.938750+00:00,한국자산관리공사,True,32983,16675,True,2025-05-27,2025-06-03,850,424,8,8
4200780,한국폴리텍대학,128.8886097800722,37.73837235643407,https://bis.gn.go.kr/search/station,2026-09-25T06:03:45.938750+00:00,한국폴리텍대학,True,1489,430,True,2025-05-27,2025-06-03,45,11,8,8
4200567,한내들아파트,128.8681446784216,37.75790349269205,https://bis.gn.go.kr/search/station,2026-09-25T06:03:45.938750+00:00,한내들아파트,True,20003,1768,True,2025-05-27,2025-06-03,547,37,8,8
4200568,한내들아파트,128.86810919243274,37.75812879141779,https://bis.gn.go.kr/search/station,2026-09-25T06:03:45.938750+00:00,한내들아파트,True,1,0,True,2025-05-27,2025-06-03,,,0,8
4202132,한라시멘트,129.05801411879924,37.61804339970914,https://bis.gn.go.kr/search/station,2026-09-25T06:03:45.938750+00:00,한라시멘트,False,19,16,True,2025-05-27,2025-06-03,0,1,1,8
4202122,한라시멘트,129.0576841685535,37.617825813670024,https://bis.gn.go.kr/search/station,2026-09-25T06:03:45.938750+00:00,한라시멘트,False,103,3,True,2025-05-27,2025-06-03,3,0,1,8
4201096,한라아파트,129.0309268732134,37.598168202920746,https://bis.gn.go.kr/search/station,2026-09-25T06:03:45.938750+00:00,한라아파트,False,743,65,True,2025-05-27,2025-06-03,15,0,7,8
4200737,한라아파트,129.03082754941428,37.598166681025575,https://bis.gn.go.kr/search/station,2026-09-25T06:03:45.938750+00:00,한라아파트,False,67,78,True,2025-05-27,2025-06-03,1,0,1,8
4200231,한밭입구,128.86496052027113,37.791610745411326,https://bis.gn.go.kr/search/station,2026-09-25T06:03:45.938750+00:00,한밭입구,True,422,2357,True,2025-05-27,2025-06-03,5,62,8,8
4200230,한밭입구,128.86424835021418,37.79176559208253,https://bis.gn.go.kr/search/station,2026-09-25T06:03:45.938750+00:00,한밭입구,True,3402,824,True,2025-05-27,2025-06-03,101,24,8,8
4200641,한빛마을입구,128.9070507747374,37.69408474392719,https://bis.gn.go.kr/search/station,2026-09-25T06:03:45.938750+00:00,한빛마을입구,False,1329,117,True,2025-05-27,2025-06-03,50,11,8,8
4200642,한빛마을입구,128.90709305020837,37.69401534995285,https://bis.gn.go.kr/search/station,2026-09-25T06:03:45.938750+00:00,한빛마을입구,False,0,34,True,2025-05-27,2025-06-03,,,0,8
4200290,한솔초교,128.91448068318238,37.77500059793141,https://bis.gn.go.kr/search/station,2026-09-25T06:03:45.938750+00:00,한솔초교,True,3410,5542,True,2025-05-27,2025-06-03,83,168,8,8
4200289,한솔초교,128.9142086436632,37.775058134113436,https://bis.gn.go.kr/search/station,2026-09-25T06:03:45.938750+00:00,한솔초교,True,27765,2512,True,2025-05-27,2025-06-03,942,59,8,8
4200091,한옥마을,128.877399547533,37.77711052551884,https://bis.gn.go.kr/search/station,2026-09-25T06:03:45.938750+00:00,한옥마을,True,99,994,True,2025-05-27,2025-06-03,1,47,6,8
4200090,한옥마을,128.8775249835254,37.777067812459386,https://bis.gn.go.kr/search/station,2026-09-25T06:03:45.938750+00:00,한옥마을,True,957,105,True,2025-05-27,2025-06-03,47,2,8,8
4201141,한전사택,128.98448942076186,37.73113028141804,https://bis.gn.go.kr/search/station,2026-09-25T06:03:45.938750+00:00,한전사택,False,1184,24,True,2025-05-27,2025-06-03,52,0,8,8
4201142,한전사택,128.9844997909205,37.731015358793705,https://bis.gn.go.kr/search/station,2026-09-25T06:03:45.938750+00:00,한전사택,False,14,472,True,2025-05-27,2025-06-03,1,15,7,8
4200872,할머니추어탕,128.85042441394495,37.73470101792724,https://bis.gn.go.kr/search/station,2026-09-25T06:03:45.938750+00:00,할머니추어탕,False,,,False,2025-05-27,2025-06-03,,,0,8
4201399,항생골입구,128.84855527295463,37.74848089866381,https://bis.gn.go.kr/search/station,2026-09-25T06:03:45.938750+00:00,항생골입구,False,10,201,True,2025-05-27,2025-06-03,0,3,3,8
4201400,항생골입구,128.84848669485692,37.7484721037036,https://bis.gn.go.kr/search/station,2026-09-25T06:03:45.938750+00:00,항생골입구,False,302,0,True,2025-05-27,2025-06-03,6,0,4,8
4200056,해당화연립,128.9356053065312,37.7785328972295,https://bis.gn.go.kr/search/station,2026-09-25T06:03:45.938750+00:00,해당화연립,True,609,4857,True,2025-05-27,2025-06-03,10,155,8,8
4200055,해당화연립,128.93501598562065,37.778964657496246,https://bis.gn.go.kr/search/station,2026-09-25T06:03:45.938750+00:00,해당화연립,True,15869,5977,True,2025-05-27,2025-06-03,429,136,8,8
4200144,해살이,128.81433946380196,37.79231712471411,https://bis.gn.go.kr/search/station,2026-09-25T06:03:45.938750+00:00,해살이,False,42,165,True,2025-05-27,2025-06-03,0,5,2,8
4200143,해살이,128.81431621857197,37.79226836473926,https://bis.gn.go.kr/search/station,2026-09-25T06:03:45.938750+00:00,해살이,False,1434,4,True,2025-05-27,2025-06-03,30,0,8,8
4200554,해송삼거리,128.92513343525474,37.78843042396744,https://bis.gn.go.kr/search/station,2026-09-25T06:03:45.938750+00:00,해송삼거리,True,3181,146,True,2025-05-27,2025-06-03,77,3,8,8
4200553,해송삼거리,128.9252087534945,37.78824187943356,https://bis.gn.go.kr/search/station,2026-09-25T06:03:45.938750+00:00,해송삼거리,True,346,3102,True,2025-05-27,2025-06-03,11,67,8,8
4201349,해수리튬연구센터,129.04470822782702,37.636135770169766,https://bis.gn.go.kr/search/station,2026-09-25T06:03:45.938750+00:00,해수리튬연구센터,False,844,13,True,2025-05-27,2025-06-03,14,0,7,8
4201346,해수리튬연구센터,129.0451313882053,37.63512172396965,https://bis.gn.go.kr/search/station,2026-09-25T06:03:45.938750+00:00,해수리튬연구센터,False,17,27,True,2025-05-27,2025-06-03,,,0,8
4200539,해오름쉼터,128.8415292308554,37.871715916564284,https://bis.gn.go.kr/search/station,2026-09-25T06:03:45.938750+00:00,해오름쉼터,False,615,1089,True,2025-05-27,2025-06-03,18,16,8,8
4200517,해오름쉼터,128.8414184387453,37.87167485028107,https://bis.gn.go.kr/search/station,2026-09-25T06:03:45.938750+00:00,해오름쉼터,False,759,332,True,2025-05-27,2025-06-03,17,8,7,8
4200283,해운정,128.8896806331549,37.78564440698094,https://bis.gn.go.kr/search/station,2026-09-25T06:03:45.938750+00:00,해운정,True,58,166,True,2025-05-27,2025-06-03,1,11,4,8
4200074,해운정,128.8896478172347,37.78577024652339,https://bis.gn.go.kr/search/station,2026-09-25T06:03:45.938750+00:00,해운정,True,770,68,True,2025-05-27,2025-06-03,23,0,8,8
4200659,해찬들,128.90171063124305,37.70707432471398,https://bis.gn.go.kr/search/station,2026-09-25T06:03:45.938750+00:00,해찬들,False,784,51,True,2025-05-27,2025-06-03,25,2,8,8
4200660,해찬들,128.9016482334898,37.707080017547234,https://bis.gn.go.kr/search/station,2026-09-25T06:03:45.938750+00:00,해찬들,False,,,False,2025-05-27,2025-06-03,,,0,8
4200746,핸들,128.93045204662351,37.75995348297138,https://bis.gn.go.kr/search/station,2026-09-25T06:03:45.938750+00:00,핸들,True,775,37,True,2025-05-27,2025-06-03,12,0,5,8
4200747,핸들,128.9303807394757,37.75966393792041,https://bis.gn.go.kr/search/station,2026-09-25T06:03:45.938750+00:00,핸들,True,67,486,True,2025-05-27,2025-06-03,0,8,5,8
4200341,행정,128.7939888659289,37.852922738954625,https://bis.gn.go.kr/search/station,2026-09-25T06:03:45.938750+00:00,행정,False,119,244,True,2025-05-27,2025-06-03,2,6,6,8
4200340,행정,128.79244492389662,37.85304272496013,https://bis.gn.go.kr/search/station,2026-09-25T06:03:45.938750+00:00,행정,False,981,10,True,2025-05-27,2025-06-03,35,0,8,8
4200333,행정2리,128.7667909122159,37.85086547031576,https://bis.gn.go.kr/search/station,2026-09-25T06:03:45.938750+00:00,행정2리,False,131,1,True,2025-05-27,2025-06-03,4,0,4,8
4200334,행정2리,128.76721113927047,37.850915515839276,https://bis.gn.go.kr/search/station,2026-09-25T06:03:45.938750+00:00,행정2리,False,1,15,True,2025-05-27,2025-06-03,,,0,8
4201384,행정2리마을회관,128.7837597224069,37.85121868121593,https://bis.gn.go.kr/search/station,2026-09-25T06:03:45.938750+00:00,행정2리마을회관,False,257,3,True,2025-05-27,2025-06-03,5,0,5,8
4200338,행정2리마을회관,128.783920231759,37.85143615617747,https://bis.gn.go.kr/search/station,2026-09-25T06:03:45.938750+00:00,행정2리마을회관,False,18,257,True,2025-05-27,2025-06-03,0,9,7,8
4200177,행정2리신촌마을,128.7785874984292,37.85062890818297,https://bis.gn.go.kr/search/station,2026-09-25T06:03:45.938750+00:00,행정2리신촌마을,False,8,61,True,2025-05-27,2025-06-03,1,1,2,8
4200176,행정2리신촌마을,128.77862819412928,37.85045242944766,https://bis.gn.go.kr/search/station,2026-09-25T06:03:45.938750+00:00,행정2리신촌마을,False,182,3,True,2025-05-27,2025-06-03,3,0,3,8
4200232,행정마을,128.8694510816438,37.7889272082235,https://bis.gn.go.kr/search/station,2026-09-25T06:03:45.938750+00:00,행정마을,True,21192,1739,True,2025-05-27,2025-06-03,416,46,8,8
4200233,행정마을,128.8703519994515,37.78859256038236,https://bis.gn.go.kr/search/station,2026-09-25T06:03:45.938750+00:00,행정마을,True,1840,7364,True,2025-05-27,2025-06-03,51,158,8,8
4202176,향호리,128.8104013560146,37.915168235805275,https://bis.gn.go.kr/search/station,2026-09-25T06:03:45.938750+00:00,향호리,False,,,False,2025-05-27,2025-06-03,,,0,8
4200473,향호리,128.81023394642006,37.915207861254615,https://bis.gn.go.kr/search/station,2026-09-25T06:03:45.938750+00:00,향호리,False,19512,9011,True,2025-05-27,2025-06-03,560,226,8,8
4202177,향호리,128.81064186477658,37.91536952760439,https://bis.gn.go.kr/search/station,2026-09-25T06:03:45.938750+00:00,향호리,False,,,False,2025-05-27,2025-06-03,,,0,8
4200180,향호리,128.81000074924998,37.91526938265188,https://bis.gn.go.kr/search/station,2026-09-25T06:03:45.938750+00:00,향호리,False,29,25,True,2025-05-27,2025-06-03,4,0,2,8
4200470,향호삼거리,128.8055443775983,37.91039955131909,https://bis.gn.go.kr/search/station,2026-09-25T06:03:45.938750+00:00,향호삼거리,False,27,34,True,2025-05-27,2025-06-03,,,0,8
4200467,향호저수지,128.78868941134147,37.904053051022615,https://bis.gn.go.kr/search/station,2026-09-25T06:03:45.938750+00:00,향호저수지,False,608,320,True,2025-05-27,2025-06-03,16,8,7,8
4200466,향호회관,128.8035439820285,37.89964778843476,https://bis.gn.go.kr/search/station,2026-09-25T06:03:45.938750+00:00,향호회관,False,558,178,True,2025-05-27,2025-06-03,10,3,8,8
4200371,허균.허난설헌기념공원,128.9099040371541,37.79022786972901,https://bis.gn.go.kr/search/station,2026-09-25T06:03:45.938750+00:00,허균.허난설헌기념공원,True,1392,2438,True,2025-05-27,2025-06-03,34,53,8,8
4201259,허균.허난설헌기념공원,128.90952498226952,37.789422425132265,https://bis.gn.go.kr/search/station,2026-09-25T06:03:45.938750+00:00,허균.허난설헌기념공원,True,2372,7215,True,2025-05-27,2025-06-03,42,108,8,8
4200370,허균.허난설헌기념공원,128.90979333997709,37.79017067397969,https://bis.gn.go.kr/search/station,2026-09-25T06:03:45.938750+00:00,허균.허난설헌기념공원,True,1047,20,True,2025-05-27,2025-06-03,26,0,5,8
4201258,허균.허난설헌기념공원,128.9098403915302,37.789953897145395,https://bis.gn.go.kr/search/station,2026-09-25T06:03:45.938750+00:00,허균.허난설헌기념공원,True,5415,1119,True,2025-05-27,2025-06-03,146,17,8,8
4200041,허균생가입구,128.91292892790995,37.78786454215139,https://bis.gn.go.kr/search/station,2026-09-25T06:03:45.938750+00:00,허균생가입구,True,3316,34,True,2025-05-27,2025-06-03,91,0,8,8
4200647,허난설헌삼거리,128.91326614067623,37.792240418323686,https://bis.gn.go.kr/search/station,2026-09-25T06:03:45.938750+00:00,허난설헌삼거리,True,7939,4873,True,2025-05-27,2025-06-03,171,134,8,8
4200098,허난설헌삼거리,128.9131333359753,37.79177727582709,https://bis.gn.go.kr/search/station,2026-09-25T06:03:45.938750+00:00,허난설헌삼거리,True,6175,13224,True,2025-05-27,2025-06-03,129,250,8,8
4202012,현내1리연탄직매장,129.03280124237224,37.6062049238953,https://bis.gn.go.kr/search/station,2026-09-25T06:03:45.938750+00:00,현내1리연탄직매장,False,179,3,True,2025-05-27,2025-06-03,4,0,4,8
4202002,현내1리연탄직매장,129.03293193002432,37.60609468782852,https://bis.gn.go.kr/search/station,2026-09-25T06:03:45.938750+00:00,현내1리연탄직매장,False,14,67,True,2025-05-27,2025-06-03,0,3,3,8
4201309,현내교,129.02932870216884,37.60121947406311,https://bis.gn.go.kr/search/station,2026-09-25T06:03:45.938750+00:00,현내교,False,1,2,True,2025-05-27,2025-06-03,,,0,8
4201308,현내교,129.02929130812174,37.60128987598838,https://bis.gn.go.kr/search/station,2026-09-25T06:03:45.938750+00:00,현내교,False,25,7,True,2025-05-27,2025-06-03,1,0,1,8
4200034,현내리,129.03644185085787,37.61785851158642,https://bis.gn.go.kr/search/station,2026-09-25T06:03:45.938750+00:00,현내리,False,134,118,True,2025-05-27,2025-06-03,3,6,5,8
4200046,현내리,129.03655884799974,37.617883796095704,https://bis.gn.go.kr/search/station,2026-09-25T06:03:45.938750+00:00,현내리,False,90,15,True,2025-05-27,2025-06-03,2,1,2,8
4200130,현대2차아파트,128.87999435131803,37.764311243841746,https://bis.gn.go.kr/search/station,2026-09-25T06:03:45.938750+00:00,현대2차아파트,True,46056,4348,True,2025-05-27,2025-06-03,1578,100,8,8
4200591,현대모비스,128.98854560129584,37.70748766417137,https://bis.gn.go.kr/search/station,2026-09-25T06:03:45.938750+00:00,현대모비스,False,0,33,True,2025-05-27,2025-06-03,0,2,2,8
4200590,현대모비스,128.98862075193523,37.70745325617163,https://bis.gn.go.kr/search/station,2026-09-25T06:03:45.938750+00:00,현대모비스,False,10,0,True,2025-05-27,2025-06-03,,,0,8
4201207,현대자동차서비스,128.9189460603978,37.76507644083287,https://bis.gn.go.kr/search/station,2026-09-25T06:03:45.938750+00:00,현대자동차서비스,True,15,1318,True,2025-05-27,2025-06-03,0,23,6,8
4200326,현덕사입구,128.71038523685135,37.84696339414248,https://bis.gn.go.kr/search/station,2026-09-25T06:03:45.938750+00:00,현덕사입구,False,416,6,True,2025-05-27,2025-06-03,12,0,6,8
4200172,현덕사입구,128.7097155940442,37.84705089816417,https://bis.gn.go.kr/search/station,2026-09-25T06:03:45.938750+00:00,현덕사입구,False,4,174,True,2025-05-27,2025-06-03,0,2,2,8
4200045,형제막국수,128.86624288991882,37.755124519467394,https://bis.gn.go.kr/search/station,2026-09-25T06:03:45.938750+00:00,형제막국수,True,3118,671,True,2025-05-27,2025-06-03,74,3,8,8
4209992,형제막국수,128.8658104402118,37.755293592514285,https://bis.gn.go.kr/search/station,2026-09-25T06:03:45.938750+00:00,형제막국수,True,28,313,True,2025-05-27,2025-06-03,0,10,6,8
4200265,혜성연립,128.91575952067353,37.76841531999017,https://bis.gn.go.kr/search/station,2026-09-25T06:03:45.938750+00:00,혜성연립,True,7987,18643,True,2025-05-27,2025-06-03,152,567,8,8
4200266,혜성연립,128.9154402649905,37.76852760326643,https://bis.gn.go.kr/search/station,2026-09-25T06:03:45.938750+00:00,혜성연립,True,47609,4869,True,2025-05-27,2025-06-03,1623,111,8,8
4201064,호장골,128.96090744086658,37.738133233851606,https://bis.gn.go.kr/search/station,2026-09-25T06:03:45.938750+00:00,호장골,False,0,23,True,2025-05-27,2025-06-03,0,3,2,8
4201068,호장골,128.96083159328956,37.73815121425806,https://bis.gn.go.kr/search/station,2026-09-25T06:03:45.938750+00:00,호장골,False,163,1,True,2025-05-27,2025-06-03,5,0,4,8
4201405,홈방골,128.83894035853254,37.753110338802365,https://bis.gn.go.kr/search/station,2026-09-25T06:03:45.938750+00:00,홈방골,False,256,5,True,2025-05-27,2025-06-03,16,0,7,8
4201029,홍제I.C,128.87894077910576,37.74749468304007,https://bis.gn.go.kr/search/station,2026-09-25T06:03:45.938750+00:00,홍제I.C,True,1608,1911,True,2025-05-27,2025-06-03,38,51,8,8
4201028,홍제I.C,128.8794230311205,37.7473811776377,https://bis.gn.go.kr/search/station,2026-09-25T06:03:45.938750+00:00,홍제I.C,True,4672,1239,True,2025-05-27,2025-06-03,115,34,8,8
4201030,홍제동주민센터,128.88454291738702,37.74807153236862,https://bis.gn.go.kr/search/station,2026-09-25T06:03:45.938750+00:00,홍제동주민센터,True,3777,11254,True,2025-05-27,2025-06-03,92,273,8,8
4200067,홍제동주민센터,128.8842229051066,37.747848454396006,https://bis.gn.go.kr/search/station,2026-09-25T06:03:45.938750+00:00,홍제동주민센터,True,33568,3649,True,2025-05-27,2025-06-03,767,139,8,8
4200683,화신주방,128.90243322099724,37.721781731022375,https://bis.gn.go.kr/search/station,2026-09-25T06:03:45.938750+00:00,화신주방,False,,,False,2025-05-27,2025-06-03,,,0,8
4200615,화실길,128.85175310347609,37.575351952404525,https://bis.gn.go.kr/search/station,2026-09-25T06:03:45.938750+00:00,화실길,False,82,0,True,2025-05-27,2025-06-03,,,0,8
4200614,화실길,128.85164256606296,37.57535230419804,https://bis.gn.go.kr/search/station,2026-09-25T06:03:45.938750+00:00,화실길,False,0,6,True,2025-05-27,2025-06-03,,,0,8
4201324,황기골,128.95704823893803,37.573480554142556,https://bis.gn.go.kr/search/station,2026-09-25T06:03:45.938750+00:00,황기골,False,3,1,True,2025-05-27,2025-06-03,,,0,8
4201325,황기골,128.9570289624241,37.57336816682693,https://bis.gn.go.kr/search/station,2026-09-25T06:03:45.938750+00:00,황기골,False,239,1,True,2025-05-27,2025-06-03,5,0,4,8
4200845,회산교,128.86893532851613,37.74168123777201,https://bis.gn.go.kr/search/station,2026-09-25T06:03:45.938750+00:00,회산교,True,143,3163,True,2025-05-27,2025-06-03,4,83,8,8
4200844,회산교,128.86938257728545,37.741799533605175,https://bis.gn.go.kr/search/station,2026-09-25T06:03:45.938750+00:00,회산교,True,3942,67,True,2025-05-27,2025-06-03,94,2,8,8
4200398,회산종점,128.8605464983993,37.731597103272264,https://bis.gn.go.kr/search/station,2026-09-25T06:03:45.938750+00:00,회산종점,False,3918,700,True,2025-05-27,2025-06-03,121,28,8,8
4200847,회산주공1단지,128.87955033053632,37.744879735537495,https://bis.gn.go.kr/search/station,2026-09-25T06:03:45.938750+00:00,회산주공1단지,True,212,2672,True,2025-05-27,2025-06-03,3,72,8,8
4200846,회산주공1단지,128.87934233274848,37.74463886683866,https://bis.gn.go.kr/search/station,2026-09-25T06:03:45.938750+00:00,회산주공1단지,True,13659,204,True,2025-05-27,2025-06-03,365,10,8,8
4200758,회산주공2단지,128.8755135006868,37.7435978056025,https://bis.gn.go.kr/search/station,2026-09-25T06:03:45.938750+00:00,회산주공2단지,True,691,4527,True,2025-05-27,2025-06-03,16,96,8,8
4200062,회산주공2단지,128.87633822960112,37.74368399842067,https://bis.gn.go.kr/search/station,2026-09-25T06:03:45.938750+00:00,회산주공2단지,True,22608,405,True,2025-05-27,2025-06-03,575,18,8,8
4201115,효도마을,129.04503133124638,37.67430713535879,https://bis.gn.go.kr/search/station,2026-09-25T06:03:45.938750+00:00,효도마을,False,3,32,True,2025-05-27,2025-06-03,,,0,8
4201114,효도마을,129.04512985205253,37.674325626528194,https://bis.gn.go.kr/search/station,2026-09-25T06:03:45.938750+00:00,효도마을,False,85,7,True,2025-05-27,2025-06-03,2,0,2,8
4201293,흑시골,129.02374105990518,37.577665442657434,https://bis.gn.go.kr/search/station,2026-09-25T06:03:45.938750+00:00,흑시골,False,91,1,True,2025-05-27,2025-06-03,1,0,1,8
4201292,흑시골,129.023679012477,37.57773843891508,https://bis.gn.go.kr/search/station,2026-09-25T06:03:45.938750+00:00,흑시골,False,7,13,True,2025-05-27,2025-06-03,1,0,1,8
