year,route_id,route_name_current,company_name_current,metric,rank,sttn_id,sttn_nm,count,route_total,share_pct,stop_on_current_route,period_start,period_end,days_supplied,route_name_source_2025,days_with_record
2025,42001001,200,강릉-동진버스,goff,1,4200252,신영극장,568,2863,19.839329,True,2025-05-27,2025-06-03,8,안목-안목커피거리,8
2025,42001001,200,강릉-동진버스,goff,2,4200253,교보생명,440,2863,15.368495,True,2025-05-27,2025-06-03,8,안목-안목커피거리,8
2025,42001001,200,강릉-동진버스,goff,3,4200249,용강동서부시장,176,2863,6.147398,True,2025-05-27,2025-06-03,8,안목-안목커피거리,8
2025,42001001,200,강릉-동진버스,goff,4,4200107,KT,130,2863,4.540692,True,2025-05-27,2025-06-03,8,안목-안목커피거리,8
2025,42001001,200,강릉-동진버스,goff,5,4200356,강원대학교,122,2863,4.261264,True,2025-05-27,2025-06-03,8,안목-안목커피거리,8
2025,42001001,200,강릉-동진버스,ride,1,4200252,신영극장,996,6294,15.824595,True,2025-05-27,2025-06-03,8,안목-안목커피거리,8
2025,42001001,200,강릉-동진버스,ride,2,4200356,강원대학교,810,6294,12.869399,True,2025-05-27,2025-06-03,8,안목-안목커피거리,8
2025,42001001,200,강릉-동진버스,ride,3,4200253,교보생명,532,6294,8.452494,True,2025-05-27,2025-06-03,8,안목-안목커피거리,8
2025,42001001,200,강릉-동진버스,ride,4,4200087,강원대학교후문,333,6294,5.290753,True,2025-05-27,2025-06-03,8,안목-안목커피거리,8
2025,42001001,200,강릉-동진버스,ride,5,4200088,문성고등학교,315,6294,5.004766,True,2025-05-27,2025-06-03,8,안목-안목커피거리,8
2025,42001002,202,강릉-동진버스,goff,1,4200253,교보생명,696,3411,20.404573,True,2025-05-27,2025-06-03,8,경포해변-경포해변,8
2025,42001002,202,강릉-동진버스,goff,2,4201242,경포해변,393,3411,11.521548,True,2025-05-27,2025-06-03,8,경포해변-경포해변,8
2025,42001002,202,강릉-동진버스,goff,3,4200293,강릉역건너편,305,3411,8.941659,True,2025-05-27,2025-06-03,8,경포해변-경포해변,8
2025,42001002,202,강릉-동진버스,goff,4,4200120,강릉시외.고속터미널,302,3411,8.853709,True,2025-05-27,2025-06-03,8,경포해변-경포해변,8
2025,42001002,202,강릉-동진버스,goff,5,4200543,미디어촌5단지,172,3411,5.04251,True,2025-05-27,2025-06-03,8,경포해변-경포해변,8
2025,42001002,202,강릉-동진버스,ride,1,4200253,교보생명,1031,5646,18.260716,True,2025-05-27,2025-06-03,8,경포해변-경포해변,8
2025,42001002,202,강릉-동진버스,ride,2,4201242,경포해변,897,5646,15.887354,True,2025-05-27,2025-06-03,8,경포해변-경포해변,8
2025,42001002,202,강릉-동진버스,ride,3,4201260,강문해변입구,508,5646,8.99752,True,2025-05-27,2025-06-03,8,경포해변-경포해변,8
2025,42001002,202,강릉-동진버스,ride,4,4200251,한국은행,481,5646,8.519306,True,2025-05-27,2025-06-03,8,경포해변-경포해변,8
2025,42001002,202,강릉-동진버스,ride,5,4200293,강릉역건너편,220,5646,3.896564,True,2025-05-27,2025-06-03,8,경포해변-경포해변,8
2025,42001003,206,강릉-동진버스,goff,1,4200252,신영극장,786,4336,18.127306,True,2025-05-27,2025-06-03,8,강릉고등학교-강릉고정문,8
2025,42001003,206,강릉-동진버스,goff,2,4200253,교보생명,567,4336,13.076568,True,2025-05-27,2025-06-03,8,강릉고등학교-강릉고정문,8
2025,42001003,206,강릉-동진버스,goff,3,4200120,강릉시외.고속터미널,343,4336,7.910517,True,2025-05-27,2025-06-03,8,강릉고등학교-강릉고정문,8
2025,42001003,206,강릉-동진버스,goff,4,4200249,용강동서부시장,250,4336,5.765683,True,2025-05-27,2025-06-03,8,강릉고등학교-강릉고정문,8
2025,42001003,206,강릉-동진버스,goff,5,4200125,솔올공연장,181,4336,4.174354,True,2025-05-27,2025-06-03,8,강릉고등학교-강릉고정문,8
2025,42001003,206,강릉-동진버스,ride,1,4200253,교보생명,1245,9193,13.542913,True,2025-05-27,2025-06-03,8,강릉고등학교-강릉고정문,8
2025,42001003,206,강릉-동진버스,ride,2,4200252,신영극장,1106,9193,12.030893,True,2025-05-27,2025-06-03,8,강릉고등학교-강릉고정문,8
2025,42001003,206,강릉-동진버스,ride,3,4200251,한국은행,652,9193,7.092353,True,2025-05-27,2025-06-03,8,강릉고등학교-강릉고정문,8
2025,42001003,206,강릉-동진버스,ride,4,4200121,강릉시외.고속터미널,610,9193,6.635484,True,2025-05-27,2025-06-03,8,강릉고등학교-강릉고정문,8
2025,42001003,206,강릉-동진버스,ride,5,4200128,구름다리,589,9193,6.407049,True,2025-05-27,2025-06-03,8,강릉고등학교-강릉고정문,8
2025,42001004,207,강릉-동진버스,goff,1,4200252,신영극장,479,2540,18.858268,True,2025-05-27,2025-06-03,8,허균.허난설헌기-허균.허난설헌기,8
2025,42001004,207,강릉-동진버스,goff,2,4200253,교보생명,375,2540,14.76378,True,2025-05-27,2025-06-03,8,허균.허난설헌기-허균.허난설헌기,8
2025,42001004,207,강릉-동진버스,goff,3,4200120,강릉시외.고속터미널,142,2540,5.590551,True,2025-05-27,2025-06-03,8,허균.허난설헌기-허균.허난설헌기,8
2025,42001004,207,강릉-동진버스,goff,4,4200249,용강동서부시장,127,2540,5.0,True,2025-05-27,2025-06-03,8,허균.허난설헌기-허균.허난설헌기,8
2025,42001004,207,강릉-동진버스,goff,5,4200127,구름다리,96,2540,3.779528,True,2025-05-27,2025-06-03,8,허균.허난설헌기-허균.허난설헌기,8
2025,42001004,207,강릉-동진버스,ride,1,4200253,교보생명,588,4960,11.854839,True,2025-05-27,2025-06-03,8,허균.허난설헌기-허균.허난설헌기,8
2025,42001004,207,강릉-동진버스,ride,2,4200252,신영극장,538,4960,10.846774,True,2025-05-27,2025-06-03,8,허균.허난설헌기-허균.허난설헌기,8
2025,42001004,207,강릉-동진버스,ride,3,4200121,강릉시외.고속터미널,383,4960,7.721774,True,2025-05-27,2025-06-03,8,허균.허난설헌기-허균.허난설헌기,8
2025,42001004,207,강릉-동진버스,ride,4,4200251,한국은행,282,4960,5.685484,True,2025-05-27,2025-06-03,8,허균.허난설헌기-허균.허난설헌기,8
2025,42001004,207,강릉-동진버스,ride,5,4200106,KT,261,4960,5.262097,True,2025-05-27,2025-06-03,8,허균.허난설헌기-허균.허난설헌기,8
2025,42001005,300,강릉-동진버스,goff,1,4200253,교보생명,1103,6333,17.416706,True,2025-05-27,2025-06-03,8,공단-향호리,8
2025,42001005,300,강릉-동진버스,goff,2,4200196,작은다리,438,6333,6.916153,True,2025-05-27,2025-06-03,8,공단-향호리,8
2025,42001005,300,강릉-동진버스,goff,3,4200212,연곡면사무소,351,6333,5.542397,True,2025-05-27,2025-06-03,8,공단-향호리,8
2025,42001005,300,강릉-동진버스,goff,4,4200198,원마트,331,6333,5.226591,True,2025-05-27,2025-06-03,8,공단-향호리,8
2025,42001005,300,강릉-동진버스,goff,5,4200200,주문진시외버스터미널,273,6333,4.310753,True,2025-05-27,2025-06-03,8,공단-향호리,8
2025,42001005,300,강릉-동진버스,ride,1,4200253,교보생명,3856,13094,29.448602,True,2025-05-27,2025-06-03,8,공단-향호리,8
2025,42001005,300,강릉-동진버스,ride,2,4200721,강릉역,1392,13094,10.630823,True,2025-05-27,2025-06-03,8,공단-향호리,8
2025,42001005,300,강릉-동진버스,ride,3,4200251,한국은행,1215,13094,9.279059,True,2025-05-27,2025-06-03,8,공단-향호리,8
2025,42001005,300,강릉-동진버스,ride,4,4201205,입암2.3주공,870,13094,6.644265,True,2025-05-27,2025-06-03,8,공단-향호리,8
2025,42001005,300,강릉-동진버스,ride,5,4200250,용강동서부시장,524,13094,4.001833,True,2025-05-27,2025-06-03,8,공단-향호리,8
2025,42001007,302,강릉-동진버스,goff,1,4200253,교보생명,129,1040,12.403846,True,2025-05-27,2025-06-03,8,공단-향호리,8
2025,42001007,302,강릉-동진버스,goff,2,4200120,강릉시외.고속터미널,76,1040,7.307692,True,2025-05-27,2025-06-03,8,공단-향호리,8
2025,42001007,302,강릉-동진버스,goff,3,4200196,작은다리,62,1040,5.961538,True,2025-05-27,2025-06-03,8,공단-향호리,8
2025,42001007,302,강릉-동진버스,goff,4,4200446,강릉아산병원(주문진방면),61,1040,5.865385,True,2025-05-27,2025-06-03,8,공단-향호리,7
2025,42001007,302,강릉-동진버스,goff,5,4200195,주문진항입구,44,1040,4.230769,True,2025-05-27,2025-06-03,8,공단-향호리,8
2025,42001007,302,강릉-동진버스,ride,1,4200253,교보생명,425,2251,18.880498,True,2025-05-27,2025-06-03,8,공단-향호리,8
2025,42001007,302,강릉-동진버스,ride,2,4200251,한국은행,157,2251,6.974678,True,2025-05-27,2025-06-03,8,공단-향호리,8
2025,42001007,302,강릉-동진버스,ride,3,4200120,강릉시외.고속터미널,137,2251,6.086184,True,2025-05-27,2025-06-03,8,공단-향호리,8
2025,42001007,302,강릉-동진버스,ride,4,4200762,입암현대아파트,114,2251,5.064416,True,2025-05-27,2025-06-03,8,공단-향호리,7
2025,42001007,302,강릉-동진버스,ride,5,4200765,성덕초등학교,108,2251,4.797868,True,2025-05-27,2025-06-03,8,공단-향호리,8
2025,42001012,315,강릉-동진버스,goff,1,4200229,즈므.과학단지,29,268,10.820896,True,2025-05-27,2025-06-03,8,가톨릭관동대학교-가톨릭관동대학교,5
2025,42001012,315,강릉-동진버스,goff,2,4200067,홍제동주민센터,23,268,8.58209,True,2025-05-27,2025-06-03,8,가톨릭관동대학교-가톨릭관동대학교,5
2025,42001012,315,강릉-동진버스,goff,3,4200454,작은다리사거리,18,268,6.716418,True,2025-05-27,2025-06-03,8,가톨릭관동대학교-가톨릭관동대학교,5
2025,42001012,315,강릉-동진버스,goff,4,4200446,강릉아산병원(주문진방면),17,268,6.343284,True,2025-05-27,2025-06-03,8,가톨릭관동대학교-가톨릭관동대학교,5
2025,42001012,315,강릉-동진버스,goff,5,4201146,파란바다지역아동센터,16,268,5.970149,True,2025-05-27,2025-06-03,8,가톨릭관동대학교-가톨릭관동대학교,5
2025,42001012,315,강릉-동진버스,ride,1,4200063,가톨릭관동대학교,61,663,9.200603,True,2025-05-27,2025-06-03,8,가톨릭관동대학교-가톨릭관동대학교,5
2025,42001012,315,강릉-동진버스,ride,2,4200357,내곡교,43,663,6.485671,True,2025-05-27,2025-06-03,8,가톨릭관동대학교-가톨릭관동대학교,5
2025,42001012,315,강릉-동진버스,ride,3,4200120,강릉시외.고속터미널,41,663,6.184012,True,2025-05-27,2025-06-03,8,가톨릭관동대학교-가톨릭관동대학교,5
2025,42001012,315,강릉-동진버스,ride,4,4200065,보건소,34,663,5.128205,True,2025-05-27,2025-06-03,8,가톨릭관동대학교-가톨릭관동대학교,5
2025,42001012,315,강릉-동진버스,ride,5,4200211,삼천리아파트,29,663,4.374057,True,2025-05-27,2025-06-03,8,가톨릭관동대학교-가톨릭관동대학교,5
2025,42002001,101,강릉-동진버스,goff,1,4201198,남대천.강릉교,202,609,33.16913,True,2025-05-27,2025-06-03,8,공단-공단,8
2025,42002001,101,강릉-동진버스,goff,2,4200252,신영극장,104,609,17.077176,True,2025-05-27,2025-06-03,8,공단-공단,8
2025,42002001,101,강릉-동진버스,goff,3,4201199,남대천.강릉교,43,609,7.060755,True,2025-05-27,2025-06-03,8,공단-공단,8
2025,42002001,101,강릉-동진버스,goff,4,4200249,용강동서부시장,31,609,5.090312,True,2025-05-27,2025-06-03,8,공단-공단,8
2025,42002001,101,강릉-동진버스,goff,5,4200094,강릉여고,23,609,3.776683,True,2025-05-27,2025-06-03,8,공단-공단,7
2025,42002001,101,강릉-동진버스,ride,1,4201199,남대천.강릉교,290,1277,22.709475,True,2025-05-27,2025-06-03,8,공단-공단,8
2025,42002001,101,강릉-동진버스,ride,2,4200121,강릉시외.고속터미널,154,1277,12.059514,True,2025-05-27,2025-06-03,8,공단-공단,8
2025,42002001,101,강릉-동진버스,ride,3,4200252,신영극장,77,1277,6.029757,True,2025-05-27,2025-06-03,8,공단-공단,8
2025,42002001,101,강릉-동진버스,ride,4,4200704,학산2리,51,1277,3.993735,False,2025-05-27,2025-06-03,8,공단-공단,8
2025,42002001,101,강릉-동진버스,ride,5,4200702,옥봉마을,49,1277,3.837118,False,2025-05-27,2025-06-03,8,공단-공단,8
2025,42002003,103,강릉-동진버스,goff,1,4201198,남대천.강릉교,146,449,32.516704,True,2025-05-27,2025-06-03,8,차고지대기(미정-차고지대기(미정,8
2025,42002003,103,강릉-동진버스,goff,2,4200252,신영극장,63,449,14.03118,True,2025-05-27,2025-06-03,8,차고지대기(미정-차고지대기(미정,8
2025,42002003,103,강릉-동진버스,goff,3,4201199,남대천.강릉교,50,449,11.135857,True,2025-05-27,2025-06-03,8,차고지대기(미정-차고지대기(미정,8
2025,42002003,103,강릉-동진버스,goff,4,4200249,용강동서부시장,22,449,4.899777,True,2025-05-27,2025-06-03,8,차고지대기(미정-차고지대기(미정,8
2025,42002003,103,강릉-동진버스,goff,5,4201196,강릉중입구,17,449,3.786192,True,2025-05-27,2025-06-03,8,차고지대기(미정-차고지대기(미정,7
2025,42002003,103,강릉-동진버스,ride,1,4201199,남대천.강릉교,387,1241,31.184529,True,2025-05-27,2025-06-03,8,차고지대기(미정-차고지대기(미정,8
2025,42002003,103,강릉-동진버스,ride,2,4200252,신영극장,75,1241,6.043513,True,2025-05-27,2025-06-03,8,차고지대기(미정-차고지대기(미정,8
2025,42002003,103,강릉-동진버스,ride,3,4201197,강릉중입구,63,1241,5.076551,True,2025-05-27,2025-06-03,8,차고지대기(미정-차고지대기(미정,8
2025,42002003,103,강릉-동진버스,ride,4,4200641,한빛마을입구,48,1241,3.867849,True,2025-05-27,2025-06-03,8,차고지대기(미정-차고지대기(미정,8
2025,42002003,103,강릉-동진버스,ride,4,4200675,박월동마을회관,48,1241,3.867849,True,2025-05-27,2025-06-03,8,차고지대기(미정-차고지대기(미정,8
2025,42002004,104,강릉-동진버스,goff,1,4200252,신영극장,76,170,44.705882,True,2025-05-27,2025-06-03,8,안목-안목커피거리,8
2025,42002004,104,강릉-동진버스,goff,2,4200253,교보생명,13,170,7.647059,True,2025-05-27,2025-06-03,8,안목-안목커피거리,8
2025,42002004,104,강릉-동진버스,goff,3,4200361,보건소,12,170,7.058824,True,2025-05-27,2025-06-03,8,안목-안목커피거리,7
2025,42002004,104,강릉-동진버스,goff,4,4200107,KT,10,170,5.882353,True,2025-05-27,2025-06-03,8,안목-안목커피거리,7
2025,42002004,104,강릉-동진버스,goff,5,4200102,강릉고입구,6,170,3.529412,True,2025-05-27,2025-06-03,8,안목-안목커피거리,4
2025,42002004,104,강릉-동진버스,ride,1,4200359,하나로마트내곡점,74,349,21.203438,True,2025-05-27,2025-06-03,8,안목-안목커피거리,8
2025,42002004,104,강릉-동진버스,ride,2,4200821,구정마을회관,39,349,11.174785,True,2025-05-27,2025-06-03,8,안목-안목커피거리,8
2025,42002004,104,강릉-동진버스,ride,3,4200252,신영극장,33,349,9.455587,True,2025-05-27,2025-06-03,8,안목-안목커피거리,8
2025,42002004,104,강릉-동진버스,ride,4,4200106,KT,23,349,6.590258,True,2025-05-27,2025-06-03,8,안목-안목커피거리,7
2025,42002004,104,강릉-동진버스,ride,5,4200357,내곡교,15,349,4.297994,True,2025-05-27,2025-06-03,8,안목-안목커피거리,6
2025,42002005,104-1,강릉-동진버스,goff,1,4200253,교보생명,144,521,27.639155,True,2025-05-27,2025-06-03,8,안목-안목커피거리,8
2025,42002005,104-1,강릉-동진버스,goff,2,4200252,신영극장,72,521,13.819578,True,2025-05-27,2025-06-03,8,안목-안목커피거리,8
2025,42002005,104-1,강릉-동진버스,goff,3,4200251,한국은행,32,521,6.142035,True,2025-05-27,2025-06-03,8,안목-안목커피거리,8
2025,42002005,104-1,강릉-동진버스,goff,4,4200360,하나로마트내곡점,22,521,4.222649,True,2025-05-27,2025-06-03,8,안목-안목커피거리,7
2025,42002005,104-1,강릉-동진버스,goff,5,4201044,안목커피거리,21,521,4.03071,True,2025-05-27,2025-06-03,8,안목-안목커피거리,4
2025,42002005,104-1,강릉-동진버스,ride,1,4200253,교보생명,200,1244,16.07717,True,2025-05-27,2025-06-03,8,안목-안목커피거리,8
2025,42002005,104-1,강릉-동진버스,ride,2,4200252,신영극장,126,1244,10.128617,True,2025-05-27,2025-06-03,8,안목-안목커피거리,8
2025,42002005,104-1,강릉-동진버스,ride,3,4200106,KT,87,1244,6.993569,True,2025-05-27,2025-06-03,8,안목-안목커피거리,8
2025,42002005,104-1,강릉-동진버스,ride,4,4200251,한국은행,57,1244,4.581994,True,2025-05-27,2025-06-03,8,안목-안목커피거리,8
2025,42002005,104-1,강릉-동진버스,ride,5,4201043,안목,55,1244,4.421222,True,2025-05-27,2025-06-03,8,안목-안목커피거리,8
2025,42002006,104-2,강릉-동진버스,goff,1,4200252,신영극장,107,481,22.245322,True,2025-05-27,2025-06-03,8,안목-안목커피거리,8
2025,42002006,104-2,강릉-동진버스,goff,2,4200253,교보생명,91,481,18.918919,True,2025-05-27,2025-06-03,8,안목-안목커피거리,8
2025,42002006,104-2,강릉-동진버스,goff,3,4201044,안목커피거리,32,481,6.652807,True,2025-05-27,2025-06-03,8,안목-안목커피거리,8
2025,42002006,104-2,강릉-동진버스,goff,4,4200853,강릉대도호부관아,19,481,3.950104,True,2025-05-27,2025-06-03,8,안목-안목커피거리,8
2025,42002006,104-2,강릉-동진버스,goff,5,4200107,KT,15,481,3.118503,True,2025-05-27,2025-06-03,8,안목-안목커피거리,8
2025,42002006,104-2,강릉-동진버스,ride,1,4200253,교보생명,192,1194,16.080402,True,2025-05-27,2025-06-03,8,안목-안목커피거리,8
2025,42002006,104-2,강릉-동진버스,ride,2,4200252,신영극장,189,1194,15.829146,True,2025-05-27,2025-06-03,8,안목-안목커피거리,8
2025,42002006,104-2,강릉-동진버스,ride,3,4200359,하나로마트내곡점,55,1194,4.606365,True,2025-05-27,2025-06-03,8,안목-안목커피거리,8
2025,42002006,104-2,강릉-동진버스,ride,4,4200065,보건소,52,1194,4.355109,True,2025-05-27,2025-06-03,8,안목-안목커피거리,8
2025,42002006,104-2,강릉-동진버스,ride,5,4201043,안목,48,1194,4.020101,True,2025-05-27,2025-06-03,8,안목-안목커피거리,8
2025,42002010,110,강릉-동진버스,goff,1,4201198,남대천.강릉교,116,297,39.057239,True,2025-05-27,2025-06-03,8,강릉역건너편-강릉역,8
2025,42002010,110,강릉-동진버스,goff,2,4202032,옥계현내시장,79,297,26.599327,True,2025-05-27,2025-06-03,8,강릉역건너편-강릉역,8
2025,42002010,110,강릉-동진버스,goff,3,4200094,강릉여고,16,297,5.387205,True,2025-05-27,2025-06-03,8,강릉역건너편-강릉역,7
2025,42002010,110,강릉-동진버스,goff,3,4200721,강릉역,16,297,5.387205,True,2025-05-27,2025-06-03,8,강릉역건너편-강릉역,8
2025,42002010,110,강릉-동진버스,goff,5,4201095,낙풍리입구,10,297,3.367003,True,2025-05-27,2025-06-03,8,강릉역건너편-강릉역,8
2025,42002010,110,강릉-동진버스,goff,5,4201199,남대천.강릉교,10,297,3.367003,True,2025-05-27,2025-06-03,8,강릉역건너편-강릉역,8
2025,42002010,110,강릉-동진버스,goff,5,4202052,옥계면사무소,10,297,3.367003,True,2025-05-27,2025-06-03,8,강릉역건너편-강릉역,7
2025,42002010,110,강릉-동진버스,ride,1,4202022,옥계현내시장,424,1085,39.078341,True,2025-05-27,2025-06-03,8,강릉역건너편-강릉역,8
2025,42002010,110,강릉-동진버스,ride,2,4201199,남대천.강릉교,315,1085,29.032258,True,2025-05-27,2025-06-03,8,강릉역건너편-강릉역,8
2025,42002010,110,강릉-동진버스,ride,3,4201197,강릉중입구,95,1085,8.75576,True,2025-05-27,2025-06-03,8,강릉역건너편-강릉역,8
2025,42002010,110,강릉-동진버스,ride,4,4201095,낙풍리입구,56,1085,5.16129,True,2025-05-27,2025-06-03,8,강릉역건너편-강릉역,8
2025,42002010,110,강릉-동진버스,ride,5,4200293,강릉역건너편,44,1085,4.0553,True,2025-05-27,2025-06-03,8,강릉역건너편-강릉역,8
2025,42002013,112,강릉-동진버스,goff,1,4201198,남대천.강릉교,366,1148,31.881533,True,2025-05-27,2025-06-03,8,차고지대기(미정-차고지대기(미정,8
2025,42002013,112,강릉-동진버스,goff,2,4201128,정동진역,104,1148,9.059233,True,2025-05-27,2025-06-03,8,차고지대기(미정-차고지대기(미정,8
2025,42002013,112,강릉-동진버스,goff,3,4200094,강릉여고,85,1148,7.404181,True,2025-05-27,2025-06-03,8,차고지대기(미정-차고지대기(미정,8
2025,42002013,112,강릉-동진버스,goff,4,4201121,모래시계공원,54,1148,4.703833,True,2025-05-27,2025-06-03,8,차고지대기(미정-차고지대기(미정,8
2025,42002013,112,강릉-동진버스,goff,5,4201196,강릉중입구,46,1148,4.006969,True,2025-05-27,2025-06-03,8,차고지대기(미정-차고지대기(미정,8
2025,42002013,112,강릉-동진버스,ride,1,4201199,남대천.강릉교,573,2139,26.788219,True,2025-05-27,2025-06-03,8,차고지대기(미정-차고지대기(미정,8
2025,42002013,112,강릉-동진버스,ride,2,4201121,모래시계공원,261,2139,12.201964,True,2025-05-27,2025-06-03,8,차고지대기(미정-차고지대기(미정,8
2025,42002013,112,강릉-동진버스,ride,3,4201127,정동진역,157,2139,7.339878,True,2025-05-27,2025-06-03,8,차고지대기(미정-차고지대기(미정,8
2025,42002013,112,강릉-동진버스,ride,4,4200293,강릉역건너편,145,2139,6.778869,True,2025-05-27,2025-06-03,8,차고지대기(미정-차고지대기(미정,8
2025,42002013,112,강릉-동진버스,ride,5,4201131,하슬라아트월드,90,2139,4.207574,True,2025-05-27,2025-06-03,8,차고지대기(미정-차고지대기(미정,8
2025,42002014,113,강릉-동진버스,goff,1,4200253,교보생명,211,1113,18.957772,True,2025-05-27,2025-06-03,8,강릉역건너편-강릉역,8
2025,42002014,113,강릉-동진버스,goff,2,4201198,남대천.강릉교,180,1113,16.172507,True,2025-05-27,2025-06-03,8,강릉역건너편-강릉역,8
2025,42002014,113,강릉-동진버스,goff,3,4201128,정동진역,163,1113,14.645103,True,2025-05-27,2025-06-03,8,강릉역건너편-강릉역,8
2025,42002014,113,강릉-동진버스,goff,4,4200721,강릉역,88,1113,7.906559,True,2025-05-27,2025-06-03,8,강릉역건너편-강릉역,8
2025,42002014,113,강릉-동진버스,goff,5,4201131,하슬라아트월드,67,1113,6.019766,True,2025-05-27,2025-06-03,8,강릉역건너편-강릉역,7
2025,42002014,113,강릉-동진버스,ride,1,4201199,남대천.강릉교,522,2152,24.256506,True,2025-05-27,2025-06-03,8,강릉역건너편-강릉역,8
2025,42002014,113,강릉-동진버스,ride,2,4201127,정동진역,208,2152,9.665428,True,2025-05-27,2025-06-03,8,강릉역건너편-강릉역,8
2025,42002014,113,강릉-동진버스,ride,3,4201125,정동교,127,2152,5.901487,True,2025-05-27,2025-06-03,8,강릉역건너편-강릉역,8
2025,42002014,113,강릉-동진버스,ride,4,4200293,강릉역건너편,120,2152,5.576208,True,2025-05-27,2025-06-03,8,강릉역건너편-강릉역,8
2025,42002014,113,강릉-동진버스,ride,5,4201139,안인,113,2152,5.250929,True,2025-05-27,2025-06-03,8,강릉역건너편-강릉역,8
2025,42002026,205,강릉-동진버스,goff,1,4200252,신영극장,23,48,47.916667,True,2025-05-27,2025-06-03,8,공단-공단,5
2025,42002026,205,강릉-동진버스,goff,2,4200249,용강동서부시장,6,48,12.5,True,2025-05-27,2025-06-03,8,공단-공단,4
2025,42002026,205,강릉-동진버스,goff,3,4200763,입암현대아파트,5,48,10.416667,True,2025-05-27,2025-06-03,8,공단-공단,4
2025,42002026,205,강릉-동진버스,goff,4,4200764,대목아파트,3,48,6.25,True,2025-05-27,2025-06-03,8,공단-공단,3
2025,42002026,205,강릉-동진버스,goff,4,4201050,원마트,3,48,6.25,True,2025-05-27,2025-06-03,8,공단-공단,3
2025,42002026,205,강릉-동진버스,ride,1,4200245,이명사거리,33,165,20.0,True,2025-05-27,2025-06-03,8,공단-공단,5
2025,42002026,205,강릉-동진버스,ride,1,4200356,강원대학교,33,165,20.0,True,2025-05-27,2025-06-03,8,공단-공단,4
2025,42002026,205,강릉-동진버스,ride,3,4200252,신영극장,21,165,12.727273,True,2025-05-27,2025-06-03,8,공단-공단,5
2025,42002026,205,강릉-동진버스,ride,4,4201209,공단,18,165,10.909091,True,2025-05-27,2025-06-03,8,공단-공단,1
2025,42002026,205,강릉-동진버스,ride,5,4201199,남대천.강릉교,14,165,8.484848,True,2025-05-27,2025-06-03,8,공단-공단,5
2025,42002030,211,강릉-동진버스,goff,1,4200253,교보생명,70,319,21.943574,True,2025-05-27,2025-06-03,8,안목-안목커피거리,8
2025,42002030,211,강릉-동진버스,goff,2,4200252,신영극장,62,319,19.435737,True,2025-05-27,2025-06-03,8,안목-안목커피거리,8
2025,42002030,211,강릉-동진버스,goff,3,4201044,안목커피거리,26,319,8.15047,True,2025-05-27,2025-06-03,8,안목-안목커피거리,5
2025,42002030,211,강릉-동진버스,goff,4,4200251,한국은행,18,319,5.642633,True,2025-05-27,2025-06-03,8,안목-안목커피거리,8
2025,42002030,211,강릉-동진버스,goff,5,4200107,KT,13,319,4.075235,True,2025-05-27,2025-06-03,8,안목-안목커피거리,7
2025,42002030,211,강릉-동진버스,ride,1,4200252,신영극장,164,832,19.711538,True,2025-05-27,2025-06-03,8,안목-안목커피거리,8
2025,42002030,211,강릉-동진버스,ride,2,4200783,남산초교,76,832,9.134615,True,2025-05-27,2025-06-03,8,안목-안목커피거리,8
2025,42002030,211,강릉-동진버스,ride,3,4200253,교보생명,62,832,7.451923,True,2025-05-27,2025-06-03,8,안목-안목커피거리,8
2025,42002030,211,강릉-동진버스,ride,4,4200773,노암대림아파트,41,832,4.927885,True,2025-05-27,2025-06-03,8,안목-안목커피거리,8
2025,42002030,211,강릉-동진버스,ride,4,4200790,노암한라아파트,41,832,4.927885,True,2025-05-27,2025-06-03,8,안목-안목커피거리,8
2025,42002035,222,강릉-동진버스,goff,1,4200253,교보생명,443,2084,21.257198,True,2025-05-27,2025-06-03,8,안목-안목커피거리,8
2025,42002035,222,강릉-동진버스,goff,2,4200252,신영극장,432,2084,20.729367,True,2025-05-27,2025-06-03,8,안목-안목커피거리,8
2025,42002035,222,강릉-동진버스,goff,3,4200063,가톨릭관동대학교,137,2084,6.573896,True,2025-05-27,2025-06-03,8,안목-안목커피거리,8
2025,42002035,222,강릉-동진버스,goff,4,4201044,안목커피거리,102,2084,4.894434,True,2025-05-27,2025-06-03,8,안목-안목커피거리,8
2025,42002035,222,강릉-동진버스,goff,5,4200251,한국은행,99,2084,4.75048,True,2025-05-27,2025-06-03,8,안목-안목커피거리,8
2025,42002035,222,강릉-동진버스,ride,1,4200063,가톨릭관동대학교,659,4207,15.664369,True,2025-05-27,2025-06-03,8,안목-안목커피거리,8
2025,42002035,222,강릉-동진버스,ride,2,4200252,신영극장,658,4207,15.640599,True,2025-05-27,2025-06-03,8,안목-안목커피거리,8
2025,42002035,222,강릉-동진버스,ride,3,4200253,교보생명,407,4207,9.674352,True,2025-05-27,2025-06-03,8,안목-안목커피거리,8
2025,42002035,222,강릉-동진버스,ride,4,4200106,KT,226,4207,5.371999,True,2025-05-27,2025-06-03,8,안목-안목커피거리,8
2025,42002035,222,강릉-동진버스,ride,5,4200251,한국은행,213,4207,5.06299,True,2025-05-27,2025-06-03,8,안목-안목커피거리,8
2025,42002036,223,강릉-동진버스,goff,1,4200253,교보생명,908,3086,29.423202,True,2025-05-27,2025-06-03,8,안목-가톨릭관동대학교,8
2025,42002036,223,강릉-동진버스,goff,2,4200063,가톨릭관동대학교,654,3086,21.192482,True,2025-05-27,2025-06-03,8,안목-가톨릭관동대학교,8
2025,42002036,223,강릉-동진버스,goff,3,4200721,강릉역,289,3086,9.364874,True,2025-05-27,2025-06-03,8,안목-가톨릭관동대학교,8
2025,42002036,223,강릉-동진버스,goff,4,4200361,보건소,230,3086,7.453014,True,2025-05-27,2025-06-03,8,안목-가톨릭관동대학교,8
2025,42002036,223,강릉-동진버스,goff,5,4200251,한국은행,219,3086,7.096565,True,2025-05-27,2025-06-03,8,안목-가톨릭관동대학교,8
2025,42002036,223,강릉-동진버스,ride,1,4200253,교보생명,1366,6597,20.706382,True,2025-05-27,2025-06-03,8,안목-가톨릭관동대학교,8
2025,42002036,223,강릉-동진버스,ride,2,4200251,한국은행,823,6597,12.475368,True,2025-05-27,2025-06-03,8,안목-가톨릭관동대학교,8
2025,42002036,223,강릉-동진버스,ride,3,4200721,강릉역,642,6597,9.731696,True,2025-05-27,2025-06-03,8,안목-가톨릭관동대학교,8
2025,42002036,223,강릉-동진버스,ride,4,4201043,안목,591,6597,8.958618,True,2025-05-27,2025-06-03,8,안목-가톨릭관동대학교,8
2025,42002036,223,강릉-동진버스,ride,5,4200106,KT,545,6597,8.261331,True,2025-05-27,2025-06-03,8,안목-가톨릭관동대학교,8
2025,42002037,224,강릉-동진버스,goff,1,4200103,경포고교,3,15,20.0,True,2025-05-27,2025-06-03,8,안목-안목커피거리,3
2025,42002037,224,강릉-동진버스,goff,2,4200051,송정래미안,2,15,13.333333,True,2025-05-27,2025-06-03,8,안목-안목커피거리,2
2025,42002037,224,강릉-동진버스,goff,2,4200054,삼익아파트,2,15,13.333333,True,2025-05-27,2025-06-03,8,안목-안목커피거리,2
2025,42002037,224,강릉-동진버스,goff,2,4200795,신화아파트,2,15,13.333333,True,2025-05-27,2025-06-03,8,안목-안목커피거리,1
2025,42002037,224,강릉-동진버스,goff,2,4201046,성덕동주민센터,2,15,13.333333,True,2025-05-27,2025-06-03,8,안목-안목커피거리,2
2025,42002037,224,강릉-동진버스,ride,1,4200288,경포고교,44,221,19.909502,True,2025-05-27,2025-06-03,8,안목-안목커피거리,5
2025,42002037,224,강릉-동진버스,ride,2,4200751,금호어울림정문,32,221,14.479638,True,2025-05-27,2025-06-03,8,안목-안목커피거리,5
2025,42002037,224,강릉-동진버스,ride,3,4201233,초당분수공원,23,221,10.40724,True,2025-05-27,2025-06-03,8,안목-안목커피거리,4
2025,42002037,224,강릉-동진버스,ride,4,4200101,강릉고입구,20,221,9.049774,True,2025-05-27,2025-06-03,8,안목-안목커피거리,4
2025,42002037,224,강릉-동진버스,ride,5,4201048,입암4주공아파트,11,221,4.977376,True,2025-05-27,2025-06-03,8,안목-안목커피거리,5
2025,42002038,227,강릉-동진버스,goff,1,4200252,신영극장,955,4867,19.621944,True,2025-05-27,2025-06-03,8,남항진해변-남항진해변,8
2025,42002038,227,강릉-동진버스,goff,2,4200253,교보생명,592,4867,12.16355,True,2025-05-27,2025-06-03,8,남항진해변-남항진해변,8
2025,42002038,227,강릉-동진버스,goff,3,4201198,남대천.강릉교,364,4867,7.47894,True,2025-05-27,2025-06-03,8,남항진해변-남항진해변,8
2025,42002038,227,강릉-동진버스,goff,4,4200120,강릉시외.고속터미널,317,4867,6.513253,True,2025-05-27,2025-06-03,8,남항진해변-남항진해변,8
2025,42002038,227,강릉-동진버스,goff,5,4200249,용강동서부시장,287,4867,5.896856,True,2025-05-27,2025-06-03,8,남항진해변-남항진해변,8
2025,42002038,227,강릉-동진버스,ride,1,4200253,교보생명,1329,11098,11.975131,True,2025-05-27,2025-06-03,8,남항진해변-남항진해변,8
2025,42002038,227,강릉-동진버스,ride,2,4201199,남대천.강릉교,1297,11098,11.68679,True,2025-05-27,2025-06-03,8,남항진해변-남항진해변,8
2025,42002038,227,강릉-동진버스,ride,3,4200252,신영극장,865,11098,7.794197,True,2025-05-27,2025-06-03,8,남항진해변-남항진해변,8
2025,42002038,227,강릉-동진버스,ride,4,4200754,입암6주공아파트,669,11098,6.028113,True,2025-05-27,2025-06-03,8,남항진해변-남항진해변,8
2025,42002038,227,강릉-동진버스,ride,5,4200128,구름다리,666,11098,6.001081,True,2025-05-27,2025-06-03,8,남항진해변-남항진해변,8
2025,42002040,228,강릉-동진버스,goff,1,4200252,신영극장,520,2499,20.808323,True,2025-05-27,2025-06-03,8,남항진해변-남항진해변,8
2025,42002040,228,강릉-동진버스,goff,2,4200253,교보생명,451,2499,18.047219,True,2025-05-27,2025-06-03,8,남항진해변-남항진해변,8
2025,42002040,228,강릉-동진버스,goff,3,4201198,남대천.강릉교,262,2499,10.484194,True,2025-05-27,2025-06-03,8,남항진해변-남항진해변,8
2025,42002040,228,강릉-동진버스,goff,4,4200249,용강동서부시장,130,2499,5.202081,True,2025-05-27,2025-06-03,8,남항진해변-남항진해변,8
2025,42002040,228,강릉-동진버스,goff,5,4200120,강릉시외.고속터미널,118,2499,4.721889,True,2025-05-27,2025-06-03,8,남항진해변-남항진해변,8
2025,42002040,228,강릉-동진버스,ride,1,4200543,미디어촌5단지,751,5411,13.879135,True,2025-05-27,2025-06-03,8,남항진해변-남항진해변,8
2025,42002040,228,강릉-동진버스,ride,2,4201199,남대천.강릉교,530,5411,9.794862,True,2025-05-27,2025-06-03,8,남항진해변-남항진해변,8
2025,42002040,228,강릉-동진버스,ride,3,4200754,입암6주공아파트,527,5411,9.73942,True,2025-05-27,2025-06-03,8,남항진해변-남항진해변,8
2025,42002040,228,강릉-동진버스,ride,4,4200757,입암5주공아파트,481,5411,8.8893,True,2025-05-27,2025-06-03,8,남항진해변-남항진해변,8
2025,42002040,228,강릉-동진버스,ride,5,4200253,교보생명,400,5411,7.392349,True,2025-05-27,2025-06-03,8,남항진해변-남항진해변,8
2025,42002042,230,강릉-동진버스,goff,1,4200252,신영극장,191,624,30.608974,True,2025-05-27,2025-06-03,8,강문해변-강문해변,8
2025,42002042,230,강릉-동진버스,goff,2,4200613,강문해변,71,624,11.378205,True,2025-05-27,2025-06-03,8,강문해변-강문해변,8
2025,42002042,230,강릉-동진버스,goff,3,4200249,용강동서부시장,55,624,8.814103,True,2025-05-27,2025-06-03,8,강문해변-강문해변,8
2025,42002042,230,강릉-동진버스,goff,4,4200617,초당순두부마을,42,624,6.730769,True,2025-05-27,2025-06-03,8,강문해변-강문해변,8
2025,42002042,230,강릉-동진버스,goff,5,4201037,말나눔터공원,21,624,3.365385,True,2025-05-27,2025-06-03,8,강문해변-강문해변,7
2025,42002042,230,강릉-동진버스,ride,1,4200252,신영극장,210,1263,16.627078,True,2025-05-27,2025-06-03,8,강문해변-강문해변,8
2025,42002042,230,강릉-동진버스,ride,2,4200121,강릉시외.고속터미널,136,1263,10.768013,True,2025-05-27,2025-06-03,8,강문해변-강문해변,8
2025,42002042,230,강릉-동진버스,ride,3,4200128,구름다리,105,1263,8.313539,True,2025-05-27,2025-06-03,8,강문해변-강문해변,8
2025,42002042,230,강릉-동진버스,ride,4,4200130,현대2차아파트,82,1263,6.492478,True,2025-05-27,2025-06-03,8,강문해변-강문해변,8
2025,42002042,230,강릉-동진버스,ride,5,4200124,우편집중국,76,1263,6.017419,True,2025-05-27,2025-06-03,8,강문해변-강문해변,8
2025,42002043,230-1,강릉-동진버스,goff,1,4200252,신영극장,295,1289,22.885958,True,2025-05-27,2025-06-03,8,강문해변-강문해변,8
2025,42002043,230-1,강릉-동진버스,goff,2,4200253,교보생명,132,1289,10.240497,True,2025-05-27,2025-06-03,8,강문해변-강문해변,8
2025,42002043,230-1,강릉-동진버스,goff,3,4200120,강릉시외.고속터미널,89,1289,6.904577,True,2025-05-27,2025-06-03,8,강문해변-강문해변,8
2025,42002043,230-1,강릉-동진버스,goff,4,4200249,용강동서부시장,88,1289,6.826998,True,2025-05-27,2025-06-03,8,강문해변-강문해변,8
2025,42002043,230-1,강릉-동진버스,goff,5,4200613,강문해변,61,1289,4.732351,True,2025-05-27,2025-06-03,8,강문해변-강문해변,8
2025,42002043,230-1,강릉-동진버스,ride,1,4200253,교보생명,319,2788,11.441894,True,2025-05-27,2025-06-03,8,강문해변-강문해변,8
2025,42002043,230-1,강릉-동진버스,ride,2,4200252,신영극장,318,2788,11.406026,True,2025-05-27,2025-06-03,8,강문해변-강문해변,8
2025,42002043,230-1,강릉-동진버스,ride,3,4200121,강릉시외.고속터미널,248,2788,8.895265,True,2025-05-27,2025-06-03,8,강문해변-강문해변,8
2025,42002043,230-1,강릉-동진버스,ride,4,4200106,KT,131,2788,4.698709,True,2025-05-27,2025-06-03,8,강문해변-강문해변,8
2025,42002043,230-1,강릉-동진버스,ride,5,4200124,우편집중국,122,2788,4.375897,True,2025-05-27,2025-06-03,8,강문해변-강문해변,8
2025,42002072,202-1,강릉-동진버스,goff,1,4200252,신영극장,923,4038,22.85785,True,2025-05-27,2025-06-03,8,경포해변-경포해변,8
2025,42002072,202-1,강릉-동진버스,goff,2,4201242,경포해변,517,4038,12.803368,True,2025-05-27,2025-06-03,8,경포해변-경포해변,8
2025,42002072,202-1,강릉-동진버스,goff,3,4200721,강릉역,436,4038,10.797424,True,2025-05-27,2025-06-03,8,경포해변-경포해변,8
2025,42002072,202-1,강릉-동진버스,goff,4,4201261,강문해변입구,400,4038,9.905894,True,2025-05-27,2025-06-03,8,경포해변-경포해변,8
2025,42002072,202-1,강릉-동진버스,goff,5,4200249,용강동서부시장,274,4038,6.785537,True,2025-05-27,2025-06-03,8,경포해변-경포해변,8
2025,42002072,202-1,강릉-동진버스,ride,1,4200252,신영극장,1348,6294,21.417223,True,2025-05-27,2025-06-03,8,경포해변-경포해변,8
2025,42002072,202-1,강릉-동진버스,ride,2,4200721,강릉역,727,6294,11.550683,True,2025-05-27,2025-06-03,8,경포해변-경포해변,8
2025,42002072,202-1,강릉-동진버스,ride,3,4201242,경포해변,553,6294,8.786146,True,2025-05-27,2025-06-03,8,경포해변-경포해변,8
2025,42002072,202-1,강릉-동진버스,ride,4,4200121,강릉시외.고속터미널,542,6294,8.611376,True,2025-05-27,2025-06-03,8,경포해변-경포해변,8
2025,42002072,202-1,강릉-동진버스,ride,5,4200543,미디어촌5단지,502,6294,7.97585,True,2025-05-27,2025-06-03,8,경포해변-경포해변,8
2025,42002078,211-1,강릉-동진버스,goff,1,4200252,신영극장,96,431,22.273782,True,2025-05-27,2025-06-03,8,안목-안목커피거리,8
2025,42002078,211-1,강릉-동진버스,goff,2,4200253,교보생명,72,431,16.705336,True,2025-05-27,2025-06-03,8,안목-안목커피거리,8
2025,42002078,211-1,강릉-동진버스,goff,3,4201044,안목커피거리,24,431,5.568445,True,2025-05-27,2025-06-03,8,안목-안목커피거리,8
2025,42002078,211-1,강릉-동진버스,goff,4,4200107,KT,22,431,5.104408,True,2025-05-27,2025-06-03,8,안목-안목커피거리,7
2025,42002078,211-1,강릉-동진버스,goff,5,4200624,강릉역공영주차장,15,431,3.480278,True,2025-05-27,2025-06-03,8,안목-안목커피거리,8
2025,42002078,211-1,강릉-동진버스,ride,1,4200252,신영극장,139,894,15.548098,True,2025-05-27,2025-06-03,8,안목-안목커피거리,8
2025,42002078,211-1,강릉-동진버스,ride,2,4200253,교보생명,70,894,7.829978,True,2025-05-27,2025-06-03,8,안목-안목커피거리,8
2025,42002078,211-1,강릉-동진버스,ride,3,4200783,남산초교,62,894,6.935123,True,2025-05-27,2025-06-03,8,안목-안목커피거리,8
2025,42002078,211-1,강릉-동진버스,ride,4,4200106,KT,60,894,6.711409,True,2025-05-27,2025-06-03,8,안목-안목커피거리,8
2025,42002078,211-1,강릉-동진버스,ride,5,4200773,노암대림아파트,58,894,6.487696,True,2025-05-27,2025-06-03,8,안목-안목커피거리,7
2025,42002080,,,goff,1,4200088,문성고등학교,5,10,50.0,False,2025-05-27,2025-06-03,8,공단-문성고등학교,5
2025,42002080,,,goff,2,4200087,강원대학교후문,2,10,20.0,False,2025-05-27,2025-06-03,8,공단-문성고등학교,2
2025,42002080,,,goff,2,4200257,옥천119안전센터,2,10,20.0,False,2025-05-27,2025-06-03,8,공단-문성고등학교,2
2025,42002080,,,goff,4,4200765,성덕초등학교,1,10,10.0,False,2025-05-27,2025-06-03,8,공단-문성고등학교,2
2025,42002080,,,ride,1,4200762,입암현대아파트,21,79,26.582278,False,2025-05-27,2025-06-03,8,공단-문성고등학교,5
2025,42002080,,,ride,2,4200130,현대2차아파트,16,79,20.253165,False,2025-05-27,2025-06-03,8,공단-문성고등학교,5
2025,42002080,,,ride,3,4201047,입암4주공아파트,9,79,11.392405,False,2025-05-27,2025-06-03,8,공단-문성고등학교,5
2025,42002080,,,ride,4,4201202,강릉여고정문,7,79,8.860759,False,2025-05-27,2025-06-03,8,공단-문성고등학교,4
2025,42002080,,,ride,5,4201053,금호어울림,6,79,7.594937,False,2025-05-27,2025-06-03,8,공단-문성고등학교,5
2025,42002083,,,goff,1,4200111,하슬라중,1,1,100.0,False,2025-05-27,2025-06-03,8,선수촌8단지-강릉고정문,2
2025,42002083,,,ride,1,4200543,미디어촌5단지,15,61,24.590164,False,2025-05-27,2025-06-03,8,선수촌8단지-강릉고정문,2
2025,42002083,,,ride,2,4200131,하이빌현대아파트,7,61,11.47541,False,2025-05-27,2025-06-03,8,선수촌8단지-강릉고정문,2
2025,42002083,,,ride,3,4200567,한내들아파트,6,61,9.836066,False,2025-05-27,2025-06-03,8,선수촌8단지-강릉고정문,2
2025,42002083,,,ride,4,4200107,KT,5,61,8.196721,False,2025-05-27,2025-06-03,8,선수촌8단지-강릉고정문,2
2025,42002083,,,ride,5,4200111,하슬라중,4,61,6.557377,False,2025-05-27,2025-06-03,8,선수촌8단지-강릉고정문,2
2025,42002083,,,ride,5,4200123,우편집중국,4,61,6.557377,False,2025-05-27,2025-06-03,8,선수촌8단지-강릉고정문,2
2025,42002083,,,ride,5,4200129,주공3차아파트,4,61,6.557377,False,2025-05-27,2025-06-03,8,선수촌8단지-강릉고정문,2
2025,42002083,,,ride,5,4200566,주공2차아파트,4,61,6.557377,False,2025-05-27,2025-06-03,8,선수촌8단지-강릉고정문,2
2025,42002083,,,ride,5,4201250,선수촌8단지,4,61,6.557377,False,2025-05-27,2025-06-03,8,선수촌8단지-강릉고정문,2
2025,42002084,224-1,강릉-동진버스,goff,1,4200751,금호어울림정문,10,30,33.333333,True,2025-05-27,2025-06-03,8,안목-안목커피거리,5
2025,42002084,224-1,강릉-동진버스,goff,2,4200848,내곡현대아파트,6,30,20.0,True,2025-05-27,2025-06-03,8,안목-안목커피거리,4
2025,42002084,224-1,강릉-동진버스,goff,3,4200062,회산주공2단지,4,30,13.333333,True,2025-05-27,2025-06-03,8,안목-안목커피거리,5
2025,42002084,224-1,강릉-동진버스,goff,4,4200105,동명중학교,3,30,10.0,True,2025-05-27,2025-06-03,8,안목-안목커피거리,3
2025,42002084,224-1,강릉-동진버스,goff,5,4200066,내곡교,1,30,3.333333,True,2025-05-27,2025-06-03,8,안목-안목커피거리,1
2025,42002084,224-1,강릉-동진버스,goff,5,4200103,경포고교,1,30,3.333333,True,2025-05-27,2025-06-03,8,안목-안목커피거리,1
2025,42002084,224-1,강릉-동진버스,goff,5,4200107,KT,1,30,3.333333,True,2025-05-27,2025-06-03,8,안목-안목커피거리,3
2025,42002084,224-1,강릉-동진버스,goff,5,4200109,동인병원입구,1,30,3.333333,True,2025-05-27,2025-06-03,8,안목-안목커피거리,1
2025,42002084,224-1,강릉-동진버스,goff,5,4200754,입암6주공아파트,1,30,3.333333,True,2025-05-27,2025-06-03,8,안목-안목커피거리,2
2025,42002084,224-1,강릉-동진버스,goff,5,4200768,단오문화관,1,30,3.333333,True,2025-05-27,2025-06-03,8,안목-안목커피거리,2
2025,42002084,224-1,강릉-동진버스,goff,5,4201056,더샵아파트,1,30,3.333333,True,2025-05-27,2025-06-03,8,안목-안목커피거리,1
2025,42002084,224-1,강릉-동진버스,ride,1,4201043,안목,34,101,33.663366,True,2025-05-27,2025-06-03,8,안목-안목커피거리,5
2025,42002084,224-1,강릉-동진버스,ride,2,4200062,회산주공2단지,12,101,11.881188,True,2025-05-27,2025-06-03,8,안목-안목커피거리,5
2025,42002084,224-1,강릉-동진버스,ride,3,4200771,은마아파트,10,101,9.90099,True,2025-05-27,2025-06-03,8,안목-안목커피거리,5
2025,42002084,224-1,강릉-동진버스,ride,3,4200846,회산주공1단지,10,101,9.90099,True,2025-05-27,2025-06-03,8,안목-안목커피거리,5
2025,42002084,224-1,강릉-동진버스,ride,5,4200751,금호어울림정문,8,101,7.920792,True,2025-05-27,2025-06-03,8,안목-안목커피거리,5
2025,42002085,220,강릉-동진버스,goff,1,4200252,신영극장,902,4192,21.517176,True,2025-05-27,2025-06-03,8,안목-안목커피거리,8
2025,42002085,220,강릉-동진버스,goff,2,4200253,교보생명,710,4192,16.937023,True,2025-05-27,2025-06-03,8,안목-안목커피거리,8
2025,42002085,220,강릉-동진버스,goff,3,4200853,강릉대도호부관아,262,4192,6.25,True,2025-05-27,2025-06-03,8,안목-안목커피거리,8
2025,42002085,220,강릉-동진버스,goff,4,4200107,KT,163,4192,3.888359,True,2025-05-27,2025-06-03,8,안목-안목커피거리,8
2025,42002085,220,강릉-동진버스,goff,5,4201044,안목커피거리,157,4192,3.745229,True,2025-05-27,2025-06-03,8,안목-안목커피거리,8
2025,42002085,220,강릉-동진버스,ride,1,4200252,신영극장,1394,9807,14.214337,True,2025-05-27,2025-06-03,8,안목-안목커피거리,8
2025,42002085,220,강릉-동진버스,ride,2,4200253,교보생명,1094,9807,11.155297,True,2025-05-27,2025-06-03,8,안목-안목커피거리,8
2025,42002085,220,강릉-동진버스,ride,3,4200843,서희아파트,782,9807,7.973896,True,2025-05-27,2025-06-03,8,안목-안목커피거리,8
2025,42002085,220,강릉-동진버스,ride,4,4200062,회산주공2단지,522,9807,5.322729,True,2025-05-27,2025-06-03,8,안목-안목커피거리,8
2025,42002085,220,강릉-동진버스,ride,5,4200050,가톨릭관동대북문,477,9807,4.863873,True,2025-05-27,2025-06-03,8,안목-안목커피거리,8
2025,42002086,225,강릉-동진버스,goff,1,4200253,교보생명,18,128,14.0625,True,2025-05-27,2025-06-03,8,안목-회산종점,2
2025,42002086,225,강릉-동진버스,goff,2,4200543,미디어촌5단지,16,128,12.5,True,2025-05-27,2025-06-03,8,안목-회산종점,2
2025,42002086,225,강릉-동진버스,goff,3,4200120,강릉시외.고속터미널,11,128,8.59375,True,2025-05-27,2025-06-03,8,안목-회산종점,2
2025,42002086,225,강릉-동진버스,goff,3,4200121,강릉시외.고속터미널,11,128,8.59375,True,2025-05-27,2025-06-03,8,안목-회산종점,2
2025,42002086,225,강릉-동진버스,goff,3,4200565,우미린아파트,11,128,8.59375,True,2025-05-27,2025-06-03,8,안목-회산종점,2
2025,42002086,225,강릉-동진버스,ride,1,4200253,교보생명,59,224,26.339286,True,2025-05-27,2025-06-03,8,안목-회산종점,2
2025,42002086,225,강릉-동진버스,ride,2,4200274,송정노인회관,18,224,8.035714,True,2025-05-27,2025-06-03,8,안목-회산종점,2
2025,42002086,225,강릉-동진버스,ride,3,4200276,송정한신아파트입구,14,224,6.25,True,2025-05-27,2025-06-03,8,안목-회산종점,2
2025,42002086,225,강릉-동진버스,ride,3,4200548,강릉소방서,14,224,6.25,True,2025-05-27,2025-06-03,8,안목-회산종점,2
2025,42002086,225,강릉-동진버스,ride,5,4201250,선수촌8단지,12,224,5.357143,True,2025-05-27,2025-06-03,8,안목-회산종점,2
2025,42002087,225-1,강릉-동진버스,goff,1,4200252,신영극장,25,69,36.231884,True,2025-05-27,2025-06-03,8,회산종점-안목커피거리,2
2025,42002087,225-1,강릉-동진버스,goff,2,4200249,용강동서부시장,14,69,20.289855,True,2025-05-27,2025-06-03,8,회산종점-안목커피거리,2
2025,42002087,225-1,강릉-동진버스,goff,3,4201044,안목커피거리,8,69,11.594203,True,2025-05-27,2025-06-03,8,회산종점-안목커피거리,2
2025,42002087,225-1,강릉-동진버스,goff,4,4200293,강릉역건너편,4,69,5.797101,True,2025-05-27,2025-06-03,8,회산종점-안목커피거리,2
2025,42002087,225-1,강릉-동진버스,goff,5,4200094,강릉여고,3,69,4.347826,True,2025-05-27,2025-06-03,8,회산종점-안목커피거리,2
2025,42002087,225-1,강릉-동진버스,goff,5,4200269,이마트,3,69,4.347826,True,2025-05-27,2025-06-03,8,회산종점-안목커피거리,2
2025,42002087,225-1,강릉-동진버스,ride,1,4200121,강릉시외.고속터미널,27,135,20.0,True,2025-05-27,2025-06-03,8,회산종점-안목커피거리,2
2025,42002087,225-1,강릉-동진버스,ride,2,4200252,신영극장,23,135,17.037037,True,2025-05-27,2025-06-03,8,회산종점-안목커피거리,2
2025,42002087,225-1,강릉-동진버스,ride,3,4201250,선수촌8단지,12,135,8.888889,True,2025-05-27,2025-06-03,8,회산종점-안목커피거리,2
2025,42002087,225-1,강릉-동진버스,ride,4,4200543,미디어촌5단지,10,135,7.407407,True,2025-05-27,2025-06-03,8,회산종점-안목커피거리,2
2025,42002087,225-1,강릉-동진버스,ride,4,4200548,강릉소방서,10,135,7.407407,True,2025-05-27,2025-06-03,8,회산종점-안목커피거리,2
2025,42002089,223-1,강릉-동진버스,goff,1,4200252,신영극장,1356,4262,31.816049,True,2025-05-27,2025-06-03,8,가톨릭관동대학교-안목커피거리,8
2025,42002089,223-1,강릉-동진버스,goff,2,4200293,강릉역건너편,458,4262,10.746129,True,2025-05-27,2025-06-03,8,가톨릭관동대학교-안목커피거리,8
2025,42002089,223-1,강릉-동진버스,goff,3,4201044,안목커피거리,420,4262,9.854528,True,2025-05-27,2025-06-03,8,가톨릭관동대학교-안목커피거리,8
2025,42002089,223-1,강릉-동진버스,goff,4,4201035,용강동,395,4262,9.267949,True,2025-05-27,2025-06-03,8,가톨릭관동대학교-안목커피거리,8
2025,42002089,223-1,강릉-동진버스,goff,5,4200107,KT,225,4262,5.279212,True,2025-05-27,2025-06-03,8,가톨릭관동대학교-안목커피거리,8
2025,42002089,223-1,강릉-동진버스,ride,1,4200252,신영극장,2328,7860,29.618321,True,2025-05-27,2025-06-03,8,가톨릭관동대학교-안목커피거리,8
2025,42002089,223-1,강릉-동진버스,ride,2,4200063,가톨릭관동대학교,2266,7860,28.829517,True,2025-05-27,2025-06-03,8,가톨릭관동대학교-안목커피거리,8
2025,42002089,223-1,강릉-동진버스,ride,3,4200293,강릉역건너편,687,7860,8.740458,True,2025-05-27,2025-06-03,8,가톨릭관동대학교-안목커피거리,8
2025,42002089,223-1,강릉-동진버스,ride,4,4200359,하나로마트내곡점,656,7860,8.346056,True,2025-05-27,2025-06-03,8,가톨릭관동대학교-안목커피거리,8
2025,42002089,223-1,강릉-동진버스,ride,5,4200065,보건소,585,7860,7.442748,True,2025-05-27,2025-06-03,8,가톨릭관동대학교-안목커피거리,8
2025,42002090,300-2,강릉-동진버스,goff,1,4200252,신영극장,2621,6390,41.017214,True,2025-05-27,2025-06-03,8,향호리-공단,8
2025,42002090,300-2,강릉-동진버스,goff,2,4200249,용강동서부시장,681,6390,10.657277,True,2025-05-27,2025-06-03,8,향호리-공단,8
2025,42002090,300-2,강릉-동진버스,goff,3,4200247,강릉제일고,286,6390,4.475743,True,2025-05-27,2025-06-03,8,향호리-공단,8
2025,42002090,300-2,강릉-동진버스,goff,4,4201206,입암2.3주공,241,6390,3.771518,True,2025-05-27,2025-06-03,8,향호리-공단,8
2025,42002090,300-2,강릉-동진버스,goff,5,4200260,동남아파트,238,6390,3.72457,True,2025-05-27,2025-06-03,8,향호리-공단,8
2025,42002090,300-2,강릉-동진버스,ride,1,4200252,신영극장,969,12491,7.757585,True,2025-05-27,2025-06-03,8,향호리-공단,8
2025,42002090,300-2,강릉-동진버스,ride,2,4200197,작은다리,792,12491,6.340565,True,2025-05-27,2025-06-03,8,향호리-공단,8
2025,42002090,300-2,강릉-동진버스,ride,3,4200317,강릉아산병원.강릉약국,666,12491,5.331839,True,2025-05-27,2025-06-03,8,향호리-공단,8
2025,42002090,300-2,강릉-동진버스,ride,4,4200310,삼천리아파트,640,12491,5.123689,True,2025-05-27,2025-06-03,8,향호리-공단,8
2025,42002090,300-2,강릉-동진버스,ride,5,4200305,주문진시외버스터미널,594,12491,4.755424,True,2025-05-27,2025-06-03,8,향호리-공단,8
2025,42002091,302-2,강릉-동진버스,goff,1,4200252,신영극장,454,1259,36.060365,True,2025-05-27,2025-06-03,8,향호리-공단,8
2025,42002091,302-2,강릉-동진버스,goff,2,4200249,용강동서부시장,113,1259,8.975377,True,2025-05-27,2025-06-03,8,향호리-공단,8
2025,42002091,302-2,강릉-동진버스,goff,3,4200121,강릉시외.고속터미널,112,1259,8.895949,True,2025-05-27,2025-06-03,8,향호리-공단,8
2025,42002091,302-2,강릉-동진버스,goff,4,4200128,구름다리,53,1259,4.20969,True,2025-05-27,2025-06-03,8,향호리-공단,8
2025,42002091,302-2,강릉-동진버스,goff,5,4200763,입암현대아파트,36,1259,2.859412,True,2025-05-27,2025-06-03,8,향호리-공단,7
2025,42002091,302-2,강릉-동진버스,ride,1,4200252,신영극장,341,2582,13.206816,True,2025-05-27,2025-06-03,8,향호리-공단,8
2025,42002091,302-2,강릉-동진버스,ride,2,4201237,강릉아산병원(강릉방면),194,2582,7.513555,True,2025-05-27,2025-06-03,8,향호리-공단,8
2025,42002091,302-2,강릉-동진버스,ride,3,4200128,구름다리,186,2582,7.203718,True,2025-05-27,2025-06-03,8,향호리-공단,8
2025,42002091,302-2,강릉-동진버스,ride,4,4200121,강릉시외.고속터미널,182,2582,7.048799,True,2025-05-27,2025-06-03,8,향호리-공단,8
2025,42002091,302-2,강릉-동진버스,ride,5,4200317,강릉아산병원.강릉약국,143,2582,5.538342,True,2025-05-27,2025-06-03,8,향호리-공단,7
2025,42002092,314,강릉-동진버스,goff,1,4200253,교보생명,119,638,18.652038,True,2025-05-27,2025-06-03,8,공단-향호리,8
2025,42002092,314,강릉-동진버스,goff,2,4200120,강릉시외.고속터미널,59,638,9.247649,True,2025-05-27,2025-06-03,8,공단-향호리,8
2025,42002092,314,강릉-동진버스,goff,3,4200251,한국은행,37,638,5.799373,True,2025-05-27,2025-06-03,8,공단-향호리,8
2025,42002092,314,강릉-동진버스,goff,4,4200418,강릉아산병원.강릉약국,31,638,4.858934,True,2025-05-27,2025-06-03,8,공단-향호리,8
2025,42002092,314,강릉-동진버스,goff,5,4200196,작은다리,28,638,4.388715,True,2025-05-27,2025-06-03,8,공단-향호리,8
2025,42002092,314,강릉-동진버스,goff,5,4200212,연곡면사무소,28,638,4.388715,True,2025-05-27,2025-06-03,8,공단-향호리,8
2025,42002092,314,강릉-동진버스,ride,1,4200253,교보생명,271,1231,22.014622,True,2025-05-27,2025-06-03,8,공단-향호리,8
2025,42002092,314,강릉-동진버스,ride,2,4201205,입암2.3주공,141,1231,11.454102,True,2025-05-27,2025-06-03,8,공단-향호리,8
2025,42002092,314,강릉-동진버스,ride,3,4200721,강릉역,133,1231,10.804224,True,2025-05-27,2025-06-03,8,공단-향호리,8
2025,42002092,314,강릉-동진버스,ride,4,4200120,강릉시외.고속터미널,103,1231,8.367181,True,2025-05-27,2025-06-03,8,공단-향호리,8
2025,42002092,314,강릉-동진버스,ride,5,4200251,한국은행,95,1231,7.717303,True,2025-05-27,2025-06-03,8,공단-향호리,8
2025,42002094,314-2,강릉-동진버스,goff,1,4200252,신영극장,198,604,32.781457,True,2025-05-27,2025-06-03,8,향호리-공단,8
2025,42002094,314-2,강릉-동진버스,goff,2,4200293,강릉역건너편,57,604,9.437086,True,2025-05-27,2025-06-03,8,향호리-공단,8
2025,42002094,314-2,강릉-동진버스,goff,3,4200249,용강동서부시장,49,604,8.112583,True,2025-05-27,2025-06-03,8,향호리-공단,8
2025,42002094,314-2,강릉-동진버스,goff,4,4200121,강릉시외.고속터미널,45,604,7.450331,True,2025-05-27,2025-06-03,8,향호리-공단,8
2025,42002094,314-2,강릉-동진버스,goff,5,4200548,강릉소방서,33,604,5.463576,True,2025-05-27,2025-06-03,8,향호리-공단,8
2025,42002094,314-2,강릉-동진버스,ride,1,4200121,강릉시외.고속터미널,162,1161,13.953488,True,2025-05-27,2025-06-03,8,향호리-공단,8
2025,42002094,314-2,강릉-동진버스,ride,2,4201250,선수촌8단지,88,1161,7.579673,True,2025-05-27,2025-06-03,8,향호리-공단,8
2025,42002094,314-2,강릉-동진버스,ride,3,4200548,강릉소방서,85,1161,7.321275,True,2025-05-27,2025-06-03,8,향호리-공단,8
2025,42002094,314-2,강릉-동진버스,ride,4,4200317,강릉아산병원.강릉약국,69,1161,5.943152,True,2025-05-27,2025-06-03,8,향호리-공단,7
2025,42002094,314-2,강릉-동진버스,ride,5,4200252,신영극장,61,1161,5.254091,True,2025-05-27,2025-06-03,8,향호리-공단,8
2025,42002096,202-2,강릉-동진버스,goff,1,4201242,경포해변,58,208,27.884615,True,2025-05-27,2025-06-03,8,경포해변-경포해변,8
2025,42002096,202-2,강릉-동진버스,goff,2,4201261,강문해변입구,28,208,13.461538,True,2025-05-27,2025-06-03,8,경포해변-경포해변,7
2025,42002096,202-2,강릉-동진버스,goff,3,4201267,경포호,26,208,12.5,True,2025-05-27,2025-06-03,8,경포해변-경포해변,4
2025,42002096,202-2,강릉-동진버스,goff,4,4200252,신영극장,22,208,10.576923,True,2025-05-27,2025-06-03,8,경포해변-경포해변,8
2025,42002096,202-2,강릉-동진버스,goff,5,4200098,허난설헌삼거리,13,208,6.25,True,2025-05-27,2025-06-03,8,경포해변-경포해변,7
2025,42002096,202-2,강릉-동진버스,ride,1,4200252,신영극장,129,491,26.272912,True,2025-05-27,2025-06-03,8,경포해변-경포해변,8
2025,42002096,202-2,강릉-동진버스,ride,2,4200721,강릉역,114,491,23.217923,True,2025-05-27,2025-06-03,8,경포해변-경포해변,8
2025,42002096,202-2,강릉-동진버스,ride,3,4200121,강릉시외.고속터미널,39,491,7.942974,True,2025-05-27,2025-06-03,8,경포해변-경포해변,8
2025,42002096,202-2,강릉-동진버스,ride,4,4200249,용강동서부시장,34,491,6.924644,True,2025-05-27,2025-06-03,8,경포해변-경포해변,8
2025,42002096,202-2,강릉-동진버스,ride,5,4200070,경포현대아파트,30,491,6.10998,True,2025-05-27,2025-06-03,8,경포해변-경포해변,7
2025,42002104,234,강릉-동진버스,goff,1,4200252,신영극장,11,33,33.333333,True,2025-05-27,2025-06-03,8,강릉역-강릉역,5
2025,42002104,234,강릉-동진버스,goff,2,4200400,강릉복합복지체육센터,5,33,15.151515,True,2025-05-27,2025-06-03,8,강릉역-강릉역,5
2025,42002104,234,강릉-동진버스,goff,3,4200128,구름다리,4,33,12.121212,True,2025-05-27,2025-06-03,8,강릉역-강릉역,4
2025,42002104,234,강릉-동진버스,goff,3,4200257,옥천119안전센터,4,33,12.121212,True,2025-05-27,2025-06-03,8,강릉역-강릉역,4
2025,42002104,234,강릉-동진버스,goff,5,4200721,강릉역,3,33,9.090909,True,2025-05-27,2025-06-03,8,강릉역-강릉역,5
2025,42002104,234,강릉-동진버스,ride,1,4201250,선수촌8단지,30,142,21.126761,True,2025-05-27,2025-06-03,8,강릉역-강릉역,5
2025,42002104,234,강릉-동진버스,ride,2,4200567,한내들아파트,20,142,14.084507,True,2025-05-27,2025-06-03,8,강릉역-강릉역,5
2025,42002104,234,강릉-동진버스,ride,3,4200543,미디어촌5단지,18,142,12.676056,True,2025-05-27,2025-06-03,8,강릉역-강릉역,5
2025,42002104,234,강릉-동진버스,ride,3,4200721,강릉역,18,142,12.676056,True,2025-05-27,2025-06-03,8,강릉역-강릉역,5
2025,42002104,234,강릉-동진버스,ride,5,4200565,우미린아파트,13,142,9.15493,True,2025-05-27,2025-06-03,8,강릉역-강릉역,5
2025,42002107,921,강릉-동진버스,goff,1,4200354,연곡면사무소,205,290,70.689655,True,2025-05-27,2025-06-03,8,연곡면사무소-연곡면사무소,8
2025,42002107,921,강릉-동진버스,goff,2,4200405,송천,16,290,5.517241,True,2025-05-27,2025-06-03,8,연곡면사무소-연곡면사무소,8
2025,42002107,921,강릉-동진버스,goff,3,4200423,성원사입구,10,290,3.448276,True,2025-05-27,2025-06-03,8,연곡면사무소-연곡면사무소,5
2025,42002107,921,강릉-동진버스,goff,4,4200332,유등.백운사입구,7,290,2.413793,True,2025-05-27,2025-06-03,8,연곡면사무소-연곡면사무소,6
2025,42002107,921,강릉-동진버스,goff,5,4200328,삼산분소,6,290,2.068966,True,2025-05-27,2025-06-03,8,연곡면사무소-연곡면사무소,3
2025,42002107,921,강릉-동진버스,goff,5,4200429,소금강산삼거리,6,290,2.068966,True,2025-05-27,2025-06-03,8,연곡면사무소-연곡면사무소,4
2025,42002107,921,강릉-동진버스,ride,1,4200354,연곡면사무소,170,421,40.380048,True,2025-05-27,2025-06-03,8,연곡면사무소-연곡면사무소,8
2025,42002107,921,강릉-동진버스,ride,2,4200412,진고개휴게소,29,421,6.888361,True,2025-05-27,2025-06-03,8,연곡면사무소-연곡면사무소,7
2025,42002107,921,강릉-동진버스,ride,3,4200329,퇴곡1리경로당,28,421,6.650831,True,2025-05-27,2025-06-03,8,연곡면사무소-연곡면사무소,8
2025,42002107,921,강릉-동진버스,ride,4,4200327,소금강산돌박물관,22,421,5.225653,True,2025-05-27,2025-06-03,8,연곡면사무소-연곡면사무소,8
2025,42002107,921,강릉-동진버스,ride,5,4200422,성원사입구,19,421,4.513064,True,2025-05-27,2025-06-03,8,연곡면사무소-연곡면사무소,7
2025,42002109,922,강릉-동진버스,goff,1,4200354,연곡면사무소,178,269,66.171004,True,2025-05-27,2025-06-03,8,연곡면사무소-연곡면사무소,8
2025,42002109,922,강릉-동진버스,goff,2,4200419,소금강산종점,31,269,11.524164,True,2025-05-27,2025-06-03,8,연곡면사무소-연곡면사무소,8
2025,42002109,922,강릉-동진버스,goff,3,4200328,삼산분소,8,269,2.973978,True,2025-05-27,2025-06-03,8,연곡면사무소-연곡면사무소,6
2025,42002109,922,강릉-동진버스,goff,4,4200338,행정2리마을회관,7,269,2.60223,True,2025-05-27,2025-06-03,8,연곡면사무소-연곡면사무소,6
2025,42002109,922,강릉-동진버스,goff,5,4200167,소금강산,5,269,1.858736,True,2025-05-27,2025-06-03,8,연곡면사무소-연곡면사무소,3
2025,42002109,922,강릉-동진버스,goff,5,4200295,산림조합,5,269,1.858736,True,2025-05-27,2025-06-03,8,연곡면사무소-연곡면사무소,3
2025,42002109,922,강릉-동진버스,ride,1,4200354,연곡면사무소,209,426,49.061033,True,2025-05-27,2025-06-03,8,연곡면사무소-연곡면사무소,8
2025,42002109,922,강릉-동진버스,ride,2,4200327,소금강산돌박물관,40,426,9.389671,True,2025-05-27,2025-06-03,8,연곡면사무소-연곡면사무소,8
2025,42002109,922,강릉-동진버스,ride,3,4200168,소금강산분교,20,426,4.694836,True,2025-05-27,2025-06-03,8,연곡면사무소-연곡면사무소,7
2025,42002109,922,강릉-동진버스,ride,3,4200419,소금강산종점,20,426,4.694836,True,2025-05-27,2025-06-03,8,연곡면사무소-연곡면사무소,8
2025,42002109,922,강릉-동진버스,ride,5,4200329,퇴곡1리경로당,19,426,4.460094,True,2025-05-27,2025-06-03,8,연곡면사무소-연곡면사무소,7
2025,42002110,923,강릉-동진버스,goff,1,4200354,연곡면사무소,24,34,70.588235,True,2025-05-27,2025-06-03,8,연곡면사무소-연곡면사무소,8
2025,42002110,923,강릉-동진버스,goff,2,4200392,신왕종점,6,34,17.647059,True,2025-05-27,2025-06-03,8,연곡면사무소-연곡면사무소,7
2025,42002110,923,강릉-동진버스,goff,3,4200343,동양시멘트입구,2,34,5.882353,True,2025-05-27,2025-06-03,8,연곡면사무소-연곡면사무소,2
2025,42002110,923,강릉-동진버스,goff,4,4200351,송림,1,34,2.941176,True,2025-05-27,2025-06-03,8,연곡면사무소-연곡면사무소,1
2025,42002110,923,강릉-동진버스,goff,4,4200352,연곡초교,1,34,2.941176,True,2025-05-27,2025-06-03,8,연곡면사무소-연곡면사무소,2
2025,42002110,923,강릉-동진버스,ride,1,4200354,연곡면사무소,26,57,45.614035,True,2025-05-27,2025-06-03,8,연곡면사무소-연곡면사무소,8
2025,42002110,923,강릉-동진버스,ride,2,4200392,신왕종점,10,57,17.54386,True,2025-05-27,2025-06-03,8,연곡면사무소-연곡면사무소,7
2025,42002110,923,강릉-동진버스,ride,2,4202162,부귀터,10,57,17.54386,True,2025-05-27,2025-06-03,8,연곡면사무소-연곡면사무소,5
2025,42002110,923,강릉-동진버스,ride,4,4200395,신왕리,4,57,7.017544,True,2025-05-27,2025-06-03,8,연곡면사무소-연곡면사무소,2
2025,42002110,923,강릉-동진버스,ride,5,4200340,행정,3,57,5.263158,True,2025-05-27,2025-06-03,8,연곡면사무소-연곡면사무소,3
2025,42002112,911,강릉-동진버스,goff,1,4200184,소돌,20,63,31.746032,True,2025-05-27,2025-06-03,8,주문진시외버스터-주문진시외버스터,7
2025,42002112,911,강릉-동진버스,goff,2,4201147,작은다리사거리,11,63,17.460317,True,2025-05-27,2025-06-03,8,주문진시외버스터-주문진시외버스터,5
2025,42002112,911,강릉-동진버스,goff,3,4200467,향호저수지,8,63,12.698413,True,2025-05-27,2025-06-03,8,주문진시외버스터-주문진시외버스터,7
2025,42002112,911,강릉-동진버스,goff,3,4200971,주문진읍사무소,8,63,12.698413,True,2025-05-27,2025-06-03,8,주문진시외버스터-주문진시외버스터,5
2025,42002112,911,강릉-동진버스,goff,5,4200469,참샘,7,63,11.111111,True,2025-05-27,2025-06-03,8,주문진시외버스터-주문진시외버스터,4
2025,42002112,911,강릉-동진버스,ride,1,4200196,작은다리,25,106,23.584906,True,2025-05-27,2025-06-03,8,주문진시외버스터-주문진시외버스터,7
2025,42002112,911,강릉-동진버스,ride,2,4200467,향호저수지,16,106,15.09434,True,2025-05-27,2025-06-03,8,주문진시외버스터-주문진시외버스터,7
2025,42002112,911,강릉-동진버스,ride,3,4200466,향호회관,10,106,9.433962,True,2025-05-27,2025-06-03,8,주문진시외버스터-주문진시외버스터,8
2025,42002112,911,강릉-동진버스,ride,3,4201378,주문10리,10,106,9.433962,True,2025-05-27,2025-06-03,8,주문진시외버스터-주문진시외버스터,5
2025,42002112,911,강릉-동진버스,ride,5,4201377,주문10리종점,9,106,8.490566,True,2025-05-27,2025-06-03,8,주문진시외버스터-주문진시외버스터,5
2025,42002113,912,강릉-동진버스,goff,1,4200448,주문진시외버스터미널,162,214,75.700935,True,2025-05-27,2025-06-03,8,주문진시외버스터-주문진시외버스터,8
2025,42002113,912,강릉-동진버스,goff,2,4200458,장덕2리,16,214,7.476636,True,2025-05-27,2025-06-03,8,주문진시외버스터-주문진시외버스터,8
2025,42002113,912,강릉-동진버스,goff,3,4200462,장덕1리,7,214,3.271028,True,2025-05-27,2025-06-03,8,주문진시외버스터-주문진시외버스터,6
2025,42002113,912,강릉-동진버스,goff,3,4201251,궁궁동,7,214,3.271028,True,2025-05-27,2025-06-03,8,주문진시외버스터-주문진시외버스터,6
2025,42002113,912,강릉-동진버스,goff,5,4200460,장덕2리마을회관,6,214,2.803738,True,2025-05-27,2025-06-03,8,주문진시외버스터-주문진시외버스터,5
2025,42002113,912,강릉-동진버스,ride,1,4200448,주문진시외버스터미널,128,392,32.653061,True,2025-05-27,2025-06-03,8,주문진시외버스터-주문진시외버스터,8
2025,42002113,912,강릉-동진버스,ride,2,4200455,삼교리종점,54,392,13.77551,True,2025-05-27,2025-06-03,8,주문진시외버스터-주문진시외버스터,8
2025,42002113,912,강릉-동진버스,ride,3,4200022,상근내,44,392,11.22449,True,2025-05-27,2025-06-03,8,주문진시외버스터-주문진시외버스터,8
2025,42002113,912,강릉-동진버스,ride,4,4200461,장덕1리,42,392,10.714286,True,2025-05-27,2025-06-03,8,주문진시외버스터-주문진시외버스터,8
2025,42002113,912,강릉-동진버스,ride,5,4200457,장덕2리,34,392,8.673469,True,2025-05-27,2025-06-03,8,주문진시외버스터-주문진시외버스터,8
2025,42002114,941,강릉-동진버스,goff,1,4200252,신영극장,44,129,34.108527,True,2025-05-27,2025-06-03,8,KTX공영주차장-KTX공영주차장,8
2025,42002114,941,강릉-동진버스,goff,2,4201008,성산면사무소,25,129,19.379845,True,2025-05-27,2025-06-03,8,KTX공영주차장-KTX공영주차장,6
2025,42002114,941,강릉-동진버스,goff,3,4200950,둔지마을,9,129,6.976744,True,2025-05-27,2025-06-03,8,KTX공영주차장-KTX공영주차장,7
2025,42002114,941,강릉-동진버스,goff,4,4200930,왕산구)종점,8,129,6.20155,True,2025-05-27,2025-06-03,8,KTX공영주차장-KTX공영주차장,7
2025,42002114,941,강릉-동진버스,goff,4,4200948,탑동교,8,129,6.20155,True,2025-05-27,2025-06-03,8,KTX공영주차장-KTX공영주차장,5
2025,42002114,941,강릉-동진버스,ride,1,4200253,교보생명,110,293,37.542662,True,2025-05-27,2025-06-03,8,KTX공영주차장-KTX공영주차장,8
2025,42002114,941,강릉-동진버스,ride,2,4200951,왕산면사무소앞,33,293,11.262799,True,2025-05-27,2025-06-03,8,KTX공영주차장-KTX공영주차장,8
2025,42002114,941,강릉-동진버스,ride,3,4200935,목계마을회관,23,293,7.849829,True,2025-05-27,2025-06-03,8,KTX공영주차장-KTX공영주차장,8
2025,42002114,941,강릉-동진버스,ride,4,4200947,탑동교,21,293,7.167235,True,2025-05-27,2025-06-03,8,KTX공영주차장-KTX공영주차장,8
2025,42002114,941,강릉-동진버스,ride,5,4200931,샘터휴게실,17,293,5.802048,True,2025-05-27,2025-06-03,8,KTX공영주차장-KTX공영주차장,8
2025,42002115,941-1,강릉-동진버스,goff,1,4200252,신영극장,49,124,39.516129,True,2025-05-27,2025-06-03,8,KTX공영주차장-KTX공영주차장,8
2025,42002115,941-1,강릉-동진버스,goff,2,4201008,성산면사무소,27,124,21.774194,True,2025-05-27,2025-06-03,8,KTX공영주차장-KTX공영주차장,8
2025,42002115,941-1,강릉-동진버스,goff,3,4200936,목계마을회관,14,124,11.290323,True,2025-05-27,2025-06-03,8,KTX공영주차장-KTX공영주차장,8
2025,42002115,941-1,강릉-동진버스,goff,4,4200797,KTX공영주차장환승장,8,124,6.451613,True,2025-05-27,2025-06-03,8,KTX공영주차장-KTX공영주차장,7
2025,42002115,941-1,강릉-동진버스,goff,5,4200952,왕산면사무소앞,5,124,4.032258,True,2025-05-27,2025-06-03,8,KTX공영주차장-KTX공영주차장,3
2025,42002115,941-1,강릉-동진버스,ride,1,4200253,교보생명,92,205,44.878049,True,2025-05-27,2025-06-03,8,KTX공영주차장-KTX공영주차장,8
2025,42002115,941-1,강릉-동진버스,ride,2,4200797,KTX공영주차장환승장,14,205,6.829268,True,2025-05-27,2025-06-03,8,KTX공영주차장-KTX공영주차장,7
2025,42002115,941-1,강릉-동진버스,ride,3,4200947,탑동교,10,205,4.878049,True,2025-05-27,2025-06-03,8,KTX공영주차장-KTX공영주차장,6
2025,42002115,941-1,강릉-동진버스,ride,4,4200935,목계마을회관,9,205,4.390244,True,2025-05-27,2025-06-03,8,KTX공영주차장-KTX공영주차장,5
2025,42002115,941-1,강릉-동진버스,ride,5,4200949,둔지마을,8,205,3.902439,True,2025-05-27,2025-06-03,8,KTX공영주차장-KTX공영주차장,6
2025,42002115,941-1,강릉-동진버스,ride,5,4200951,왕산면사무소앞,8,205,3.902439,True,2025-05-27,2025-06-03,8,KTX공영주차장-KTX공영주차장,5
2025,42002115,941-1,강릉-동진버스,ride,5,4200953,도마1리경로당,8,205,3.902439,True,2025-05-27,2025-06-03,8,KTX공영주차장-KTX공영주차장,4
2025,42002116,942,강릉-동진버스,goff,1,4200252,신영극장,64,101,63.366337,True,2025-05-27,2025-06-03,8,KTX공영주차장-KTX공영주차장,8
2025,42002116,942,강릉-동진버스,goff,2,4201008,성산면사무소,11,101,10.891089,True,2025-05-27,2025-06-03,8,KTX공영주차장-KTX공영주차장,6
2025,42002116,942,강릉-동진버스,goff,3,4200892,임내폭포,6,101,5.940594,True,2025-05-27,2025-06-03,8,KTX공영주차장-KTX공영주차장,6
2025,42002116,942,강릉-동진버스,goff,4,4200900,닭목골,5,101,4.950495,True,2025-05-27,2025-06-03,8,KTX공영주차장-KTX공영주차장,6
2025,42002116,942,강릉-동진버스,goff,5,4200916,고단2.3리교차로,3,101,2.970297,True,2025-05-27,2025-06-03,8,KTX공영주차장-KTX공영주차장,8
2025,42002116,942,강릉-동진버스,ride,1,4200253,교보생명,89,243,36.625514,True,2025-05-27,2025-06-03,8,KTX공영주차장-KTX공영주차장,8
2025,42002116,942,강릉-동진버스,ride,2,4200911,도화목이,27,243,11.111111,True,2025-05-27,2025-06-03,8,KTX공영주차장-KTX공영주차장,8
2025,42002116,942,강릉-동진버스,ride,2,4200916,고단2.3리교차로,27,243,11.111111,True,2025-05-27,2025-06-03,8,KTX공영주차장-KTX공영주차장,8
2025,42002116,942,강릉-동진버스,ride,4,4200797,KTX공영주차장환승장,15,243,6.17284,True,2025-05-27,2025-06-03,8,KTX공영주차장-KTX공영주차장,5
2025,42002116,942,강릉-동진버스,ride,5,4200915,감자채종포마을,14,243,5.761317,True,2025-05-27,2025-06-03,8,KTX공영주차장-KTX공영주차장,6
2025,42002117,944,강릉-동진버스,goff,1,4200252,신영극장,32,69,46.376812,True,2025-05-27,2025-06-03,8,KTX공영주차장-KTX공영주차장,8
2025,42002117,944,강릉-동진버스,goff,2,4201008,성산면사무소,14,69,20.289855,True,2025-05-27,2025-06-03,8,KTX공영주차장-KTX공영주차장,6
2025,42002117,944,강릉-동진버스,goff,3,4200987,삼왕,5,69,7.246377,True,2025-05-27,2025-06-03,8,KTX공영주차장-KTX공영주차장,7
2025,42002117,944,강릉-동진버스,goff,3,4200998,보광리체험학습장,5,69,7.246377,True,2025-05-27,2025-06-03,8,KTX공영주차장-KTX공영주차장,3
2025,42002117,944,강릉-동진버스,goff,5,4200995,보광본동,4,69,5.797101,True,2025-05-27,2025-06-03,8,KTX공영주차장-KTX공영주차장,3
2025,42002117,944,강릉-동진버스,ride,1,4200253,교보생명,104,290,35.862069,True,2025-05-27,2025-06-03,8,KTX공영주차장-KTX공영주차장,8
2025,42002117,944,강릉-동진버스,ride,2,4200977,보광리체험학습장,41,290,14.137931,True,2025-05-27,2025-06-03,8,KTX공영주차장-KTX공영주차장,8
2025,42002117,944,강릉-동진버스,ride,3,4201009,성산면사무소,37,290,12.758621,True,2025-05-27,2025-06-03,8,KTX공영주차장-KTX공영주차장,7
2025,42002117,944,강릉-동진버스,ride,4,4200994,보광본동,35,290,12.068966,True,2025-05-27,2025-06-03,8,KTX공영주차장-KTX공영주차장,8
2025,42002117,944,강릉-동진버스,ride,5,4200973,샘골식당,18,290,6.206897,True,2025-05-27,2025-06-03,8,KTX공영주차장-KTX공영주차장,8
2025,42002118,945,강릉-동진버스,goff,1,4200252,신영극장,15,36,41.666667,True,2025-05-27,2025-06-03,8,KTX공영주차장-KTX공영주차장,6
2025,42002118,945,강릉-동진버스,goff,2,4200797,KTX공영주차장환승장,5,36,13.888889,True,2025-05-27,2025-06-03,8,KTX공영주차장-KTX공영주차장,2
2025,42002118,945,강릉-동진버스,goff,3,4201008,성산면사무소,4,36,11.111111,True,2025-05-27,2025-06-03,8,KTX공영주차장-KTX공영주차장,3
2025,42002118,945,강릉-동진버스,goff,3,4201413,어흘리산림관광안내센터,4,36,11.111111,True,2025-05-27,2025-06-03,8,KTX공영주차장-KTX공영주차장,3
2025,42002118,945,강릉-동진버스,goff,5,4200969,가마골,3,36,8.333333,True,2025-05-27,2025-06-03,8,KTX공영주차장-KTX공영주차장,8
2025,42002118,945,강릉-동진버스,ride,1,4200253,교보생명,50,109,45.87156,True,2025-05-27,2025-06-03,8,KTX공영주차장-KTX공영주차장,7
2025,42002118,945,강릉-동진버스,ride,2,4200969,가마골,21,109,19.266055,True,2025-05-27,2025-06-03,8,KTX공영주차장-KTX공영주차장,8
2025,42002118,945,강릉-동진버스,ride,3,4201412,어흘리산림관광안내센터,16,109,14.678899,True,2025-05-27,2025-06-03,8,KTX공영주차장-KTX공영주차장,7
2025,42002118,945,강릉-동진버스,ride,4,4200968,대관령박물관,8,109,7.33945,True,2025-05-27,2025-06-03,8,KTX공영주차장-KTX공영주차장,5
2025,42002118,945,강릉-동진버스,ride,5,4200966,어흘리.굴면동,6,109,5.504587,True,2025-05-27,2025-06-03,8,KTX공영주차장-KTX공영주차장,4
2025,42002119,946,강릉-동진버스,goff,1,4200252,신영극장,13,23,56.521739,True,2025-05-27,2025-06-03,8,KTX공영주차장-KTX공영주차장,6
2025,42002119,946,강릉-동진버스,goff,2,4200862,금산남밭,6,23,26.086957,True,2025-05-27,2025-06-03,8,KTX공영주차장-KTX공영주차장,4
2025,42002119,946,강릉-동진버스,goff,3,4200797,KTX공영주차장환승장,2,23,8.695652,True,2025-05-27,2025-06-03,8,KTX공영주차장-KTX공영주차장,2
2025,42002119,946,강릉-동진버스,goff,3,4200863,관음1리,2,23,8.695652,True,2025-05-27,2025-06-03,8,KTX공영주차장-KTX공영주차장,8
2025,42002119,946,강릉-동진버스,ride,1,4200253,교보생명,23,76,30.263158,True,2025-05-27,2025-06-03,8,KTX공영주차장-KTX공영주차장,7
2025,42002119,946,강릉-동진버스,ride,2,4200863,관음1리,16,76,21.052632,True,2025-05-27,2025-06-03,8,KTX공영주차장-KTX공영주차장,8
2025,42002119,946,강릉-동진버스,ride,3,4200865,안곡,10,76,13.157895,True,2025-05-27,2025-06-03,8,KTX공영주차장-KTX공영주차장,6
2025,42002119,946,강릉-동진버스,ride,4,4200020,안곡약수터입구,8,76,10.526316,True,2025-05-27,2025-06-03,8,KTX공영주차장-KTX공영주차장,7
2025,42002119,946,강릉-동진버스,ride,5,4200860,관음1리,6,76,7.894737,True,2025-05-27,2025-06-03,8,KTX공영주차장-KTX공영주차장,6
2025,42002120,947,강릉-동진버스,goff,1,4200252,신영극장,10,15,66.666667,True,2025-05-27,2025-06-03,8,KTX공영주차장-KTX공영주차장,6
2025,42002120,947,강릉-동진버스,goff,2,4201008,성산면사무소,2,15,13.333333,True,2025-05-27,2025-06-03,8,KTX공영주차장-KTX공영주차장,2
2025,42002120,947,강릉-동진버스,goff,3,4200253,교보생명,1,15,6.666667,True,2025-05-27,2025-06-03,8,KTX공영주차장-KTX공영주차장,6
2025,42002120,947,강릉-동진버스,goff,3,4200877,산북,1,15,6.666667,True,2025-05-27,2025-06-03,8,KTX공영주차장-KTX공영주차장,5
2025,42002120,947,강릉-동진버스,goff,3,4200883,덕중상사입구,1,15,6.666667,True,2025-05-27,2025-06-03,8,KTX공영주차장-KTX공영주차장,1
2025,42002120,947,강릉-동진버스,ride,1,4200253,교보생명,12,46,26.086957,True,2025-05-27,2025-06-03,8,KTX공영주차장-KTX공영주차장,6
2025,42002120,947,강릉-동진버스,ride,2,4200877,산북,7,46,15.217391,True,2025-05-27,2025-06-03,8,KTX공영주차장-KTX공영주차장,5
2025,42002120,947,강릉-동진버스,ride,2,4200882,덕중상사입구,7,46,15.217391,True,2025-05-27,2025-06-03,8,KTX공영주차장-KTX공영주차장,6
2025,42002120,947,강릉-동진버스,ride,4,4200876,산북2리경로당,6,46,13.043478,True,2025-05-27,2025-06-03,8,KTX공영주차장-KTX공영주차장,1
2025,42002120,947,강릉-동진버스,ride,4,4200886,자포골,6,46,13.043478,True,2025-05-27,2025-06-03,8,KTX공영주차장-KTX공영주차장,4
2025,42002121,952,강릉-동진버스,goff,1,4201198,남대천.강릉교,61,81,75.308642,True,2025-05-27,2025-06-03,8,남대천.강릉교-남대천.강릉교,8
2025,42002121,952,강릉-동진버스,goff,2,4200016,강동종합복지회관,9,81,11.111111,True,2025-05-27,2025-06-03,8,남대천.강릉교-남대천.강릉교,6
2025,42002121,952,강릉-동진버스,goff,3,4201155,모전1리,4,81,4.938272,True,2025-05-27,2025-06-03,8,남대천.강릉교-남대천.강릉교,4
2025,42002121,952,강릉-동진버스,goff,4,4201165,송담서원,2,81,2.469136,True,2025-05-27,2025-06-03,8,남대천.강릉교-남대천.강릉교,4
2025,42002121,952,강릉-동진버스,goff,5,4200026,강동종합복지회관,1,81,1.234568,True,2025-05-27,2025-06-03,8,남대천.강릉교-남대천.강릉교,1
2025,42002121,952,강릉-동진버스,goff,5,4201153,버당말,1,81,1.234568,True,2025-05-27,2025-06-03,8,남대천.강릉교-남대천.강릉교,8
2025,42002121,952,강릉-동진버스,goff,5,4201157,동그린,1,81,1.234568,True,2025-05-27,2025-06-03,8,남대천.강릉교-남대천.강릉교,3
2025,42002121,952,강릉-동진버스,goff,5,4201178,강동하나로마트,1,81,1.234568,True,2025-05-27,2025-06-03,8,남대천.강릉교-남대천.강릉교,1
2025,42002121,952,강릉-동진버스,goff,5,4201199,남대천.강릉교,1,81,1.234568,True,2025-05-27,2025-06-03,8,남대천.강릉교-남대천.강릉교,8
2025,42002121,952,강릉-동진버스,ride,1,4201199,남대천.강릉교,54,220,24.545455,True,2025-05-27,2025-06-03,8,남대천.강릉교-남대천.강릉교,8
2025,42002121,952,강릉-동진버스,ride,2,4201164,언별2리,46,220,20.909091,True,2025-05-27,2025-06-03,8,남대천.강릉교-남대천.강릉교,8
2025,42002121,952,강릉-동진버스,ride,3,4201153,버당말,36,220,16.363636,True,2025-05-27,2025-06-03,8,남대천.강릉교-남대천.강릉교,8
2025,42002121,952,강릉-동진버스,ride,4,4201198,남대천.강릉교,30,220,13.636364,True,2025-05-27,2025-06-03,8,남대천.강릉교-남대천.강릉교,8
2025,42002121,952,강릉-동진버스,ride,5,4200016,강동종합복지회관,14,220,6.363636,True,2025-05-27,2025-06-03,8,남대천.강릉교-남대천.강릉교,6
2025,42002123,953,강릉-동진버스,goff,1,4201198,남대천.강릉교,67,99,67.676768,True,2025-05-27,2025-06-03,8,남대천.강릉교-남대천.강릉교,8
2025,42002123,953,강릉-동진버스,goff,2,4200016,강동종합복지회관,18,99,18.181818,True,2025-05-27,2025-06-03,8,남대천.강릉교-남대천.강릉교,7
2025,42002123,953,강릉-동진버스,goff,3,4200595,산두골,6,99,6.060606,True,2025-05-27,2025-06-03,8,남대천.강릉교-남대천.강릉교,6
2025,42002123,953,강릉-동진버스,goff,4,4200026,강동종합복지회관,2,99,2.020202,True,2025-05-27,2025-06-03,8,남대천.강릉교-남대천.강릉교,3
2025,42002123,953,강릉-동진버스,goff,4,4200591,현대모비스,2,99,2.020202,True,2025-05-27,2025-06-03,8,남대천.강릉교-남대천.강릉교,2
2025,42002123,953,강릉-동진버스,goff,4,4201177,강동면사무소,2,99,2.020202,True,2025-05-27,2025-06-03,8,남대천.강릉교-남대천.강릉교,2
2025,42002123,953,강릉-동진버스,ride,1,4201199,남대천.강릉교,86,375,22.933333,True,2025-05-27,2025-06-03,8,남대천.강릉교-남대천.강릉교,7
2025,42002123,953,강릉-동진버스,ride,2,4201198,남대천.강릉교,77,375,20.533333,True,2025-05-27,2025-06-03,8,남대천.강릉교-남대천.강릉교,8
2025,42002123,953,강릉-동진버스,ride,3,4200594,산두골,32,375,8.533333,True,2025-05-27,2025-06-03,8,남대천.강릉교-남대천.강릉교,8
2025,42002123,953,강릉-동진버스,ride,4,4200582,임곡1리마을회관,25,375,6.666667,True,2025-05-27,2025-06-03,8,남대천.강릉교-남대천.강릉교,7
2025,42002123,953,강릉-동진버스,ride,5,4200588,자원순환센터,21,375,5.6,True,2025-05-27,2025-06-03,8,남대천.강릉교-남대천.강릉교,6
2025,42002124,954,강릉-동진버스,goff,1,4201198,남대천.강릉교,29,52,55.769231,True,2025-05-27,2025-06-03,8,남대천.강릉교-남대천.강릉교,8
2025,42002124,954,강릉-동진버스,goff,2,4201071,철길건널목앞,6,52,11.538462,True,2025-05-27,2025-06-03,8,남대천.강릉교-남대천.강릉교,6
2025,42002124,954,강릉-동진버스,goff,3,4201199,남대천.강릉교,4,52,7.692308,True,2025-05-27,2025-06-03,8,남대천.강릉교-남대천.강릉교,7
2025,42002124,954,강릉-동진버스,goff,4,4201062,공군부대후문,3,52,5.769231,True,2025-05-27,2025-06-03,8,남대천.강릉교-남대천.강릉교,8
2025,42002124,954,강릉-동진버스,goff,4,4201063,하시동3리3반,3,52,5.769231,True,2025-05-27,2025-06-03,8,남대천.강릉교-남대천.강릉교,3
2025,42002124,954,강릉-동진버스,goff,4,4201064,호장골,3,52,5.769231,True,2025-05-27,2025-06-03,8,남대천.강릉교-남대천.강릉교,2
2025,42002124,954,강릉-동진버스,goff,4,4201070,철길건널목앞,3,52,5.769231,True,2025-05-27,2025-06-03,8,남대천.강릉교-남대천.강릉교,7
2025,42002124,954,강릉-동진버스,ride,1,4200028,하시동3리마을회관,57,206,27.669903,True,2025-05-27,2025-06-03,8,남대천.강릉교-남대천.강릉교,8
2025,42002124,954,강릉-동진버스,ride,2,4201199,남대천.강릉교,53,206,25.728155,True,2025-05-27,2025-06-03,8,남대천.강릉교-남대천.강릉교,7
2025,42002124,954,강릉-동진버스,ride,3,4201062,공군부대후문,36,206,17.475728,True,2025-05-27,2025-06-03,8,남대천.강릉교-남대천.강릉교,8
2025,42002124,954,강릉-동진버스,ride,4,4201198,남대천.강릉교,34,206,16.504854,True,2025-05-27,2025-06-03,8,남대천.강릉교-남대천.강릉교,8
2025,42002124,954,강릉-동진버스,ride,5,4201070,철길건널목앞,15,206,7.281553,True,2025-05-27,2025-06-03,8,남대천.강릉교-남대천.강릉교,7
2025,42002125,955,강릉-동진버스,goff,1,4201198,남대천.강릉교,49,83,59.036145,True,2025-05-27,2025-06-03,8,남대천.강릉교-남대천.강릉교,8
2025,42002125,955,강릉-동진버스,goff,2,4200571,신석입구,7,83,8.433735,True,2025-05-27,2025-06-03,8,남대천.강릉교-남대천.강릉교,5
2025,42002125,955,강릉-동진버스,goff,2,4201199,남대천.강릉교,7,83,8.433735,True,2025-05-27,2025-06-03,8,남대천.강릉교-남대천.강릉교,7
2025,42002125,955,강릉-동진버스,goff,4,4200605,신석종점,5,83,6.024096,True,2025-05-27,2025-06-03,8,남대천.강릉교-남대천.강릉교,5
2025,42002125,955,강릉-동진버스,goff,5,4200603,운산분교,3,83,3.614458,True,2025-05-27,2025-06-03,8,남대천.강릉교-남대천.강릉교,1
2025,42002125,955,강릉-동진버스,goff,5,4201244,신석,3,83,3.614458,True,2025-05-27,2025-06-03,8,남대천.강릉교-남대천.강릉교,3
2025,42002125,955,강릉-동진버스,goff,5,4201252,오리들마을,3,83,3.614458,True,2025-05-27,2025-06-03,8,남대천.강릉교-남대천.강릉교,4
2025,42002125,955,강릉-동진버스,ride,1,4201199,남대천.강릉교,69,267,25.842697,True,2025-05-27,2025-06-03,8,남대천.강릉교-남대천.강릉교,7
2025,42002125,955,강릉-동진버스,ride,2,4201198,남대천.강릉교,44,267,16.479401,True,2025-05-27,2025-06-03,8,남대천.강릉교-남대천.강릉교,8
2025,42002125,955,강릉-동진버스,ride,3,4201058,오리들마을,41,267,15.355805,True,2025-05-27,2025-06-03,8,남대천.강릉교-남대천.강릉교,7
2025,42002125,955,강릉-동진버스,ride,4,4200610,신석회관,31,267,11.610487,True,2025-05-27,2025-06-03,8,남대천.강릉교-남대천.강릉교,8
2025,42002125,955,강릉-동진버스,ride,5,4200602,운산분교,21,267,7.865169,True,2025-05-27,2025-06-03,8,남대천.강릉교-남대천.강릉교,7
2025,42002127,956-1,강릉-동진버스,goff,1,4200019,강동무료주차장,9,14,64.285714,True,2025-05-27,2025-06-03,8,강동무료주차장-강동무료주차장,6
2025,42002127,956-1,강릉-동진버스,goff,2,4200034,현내리,2,14,14.285714,True,2025-05-27,2025-06-03,8,강동무료주차장-강동무료주차장,2
2025,42002127,956-1,강릉-동진버스,goff,3,4200005,강동무료주차장,1,14,7.142857,True,2025-05-27,2025-06-03,8,강동무료주차장-강동무료주차장,4
2025,42002127,956-1,강릉-동진버스,goff,3,4202032,옥계현내시장,1,14,7.142857,True,2025-05-27,2025-06-03,8,강동무료주차장-강동무료주차장,5
2025,42002127,956-1,강릉-동진버스,goff,3,4202052,옥계면사무소,1,14,7.142857,True,2025-05-27,2025-06-03,8,강동무료주차장-강동무료주차장,1
2025,42002127,956-1,강릉-동진버스,ride,1,4200005,강동무료주차장,6,22,27.272727,True,2025-05-27,2025-06-03,8,강동무료주차장-강동무료주차장,4
2025,42002127,956-1,강릉-동진버스,ride,1,4202032,옥계현내시장,6,22,27.272727,True,2025-05-27,2025-06-03,8,강동무료주차장-강동무료주차장,5
2025,42002127,956-1,강릉-동진버스,ride,3,4200034,현내리,3,22,13.636364,True,2025-05-27,2025-06-03,8,강동무료주차장-강동무료주차장,2
2025,42002127,956-1,강릉-동진버스,ride,4,4200019,강동무료주차장,2,22,9.090909,True,2025-05-27,2025-06-03,8,강동무료주차장-강동무료주차장,6
2025,42002127,956-1,강릉-동진버스,ride,4,4201078,오리동,2,22,9.090909,True,2025-05-27,2025-06-03,8,강동무료주차장-강동무료주차장,2
2025,42002128,957,강릉-동진버스,goff,1,4200019,강동무료주차장,15,20,75.0,True,2025-05-27,2025-06-03,8,강동무료주차장-강동무료주차장,8
2025,42002128,957,강릉-동진버스,goff,2,4201075,분수동,3,20,15.0,True,2025-05-27,2025-06-03,8,강동무료주차장-강동무료주차장,6
2025,42002128,957,강릉-동진버스,goff,3,4201082,산성우2리마을회관,1,20,5.0,True,2025-05-27,2025-06-03,8,강동무료주차장-강동무료주차장,1
2025,42002128,957,강릉-동진버스,goff,3,4202052,옥계면사무소,1,20,5.0,True,2025-05-27,2025-06-03,8,강동무료주차장-강동무료주차장,1
2025,42002128,957,강릉-동진버스,ride,1,4200005,강동무료주차장,10,36,27.777778,True,2025-05-27,2025-06-03,8,강동무료주차장-강동무료주차장,5
2025,42002128,957,강릉-동진버스,ride,2,4200019,강동무료주차장,9,36,25.0,True,2025-05-27,2025-06-03,8,강동무료주차장-강동무료주차장,8
2025,42002128,957,강릉-동진버스,ride,3,4201083,산성우2리마을회관,7,36,19.444444,True,2025-05-27,2025-06-03,8,강동무료주차장-강동무료주차장,2
2025,42002128,957,강릉-동진버스,ride,4,4201075,분수동,6,36,16.666667,True,2025-05-27,2025-06-03,8,강동무료주차장-강동무료주차장,6
2025,42002128,957,강릉-동진버스,ride,5,4201090,피내,3,36,8.333333,True,2025-05-27,2025-06-03,8,강동무료주차장-강동무료주차장,2
2025,42002130,958,강릉-동진버스,goff,1,4201121,모래시계공원,92,307,29.967427,True,2025-05-27,2025-06-03,8,강동무료주차장-강동무료주차장,8
2025,42002130,958,강릉-동진버스,goff,2,4201119,정동해변,76,307,24.7557,True,2025-05-27,2025-06-03,8,강동무료주차장-강동무료주차장,7
2025,42002130,958,강릉-동진버스,goff,3,4201127,정동진역,47,307,15.309446,True,2025-05-27,2025-06-03,8,강동무료주차장-강동무료주차장,8
2025,42002130,958,강릉-동진버스,goff,4,4201110,심곡,32,307,10.423453,True,2025-05-27,2025-06-03,8,강동무료주차장-강동무료주차장,8
2025,42002130,958,강릉-동진버스,goff,5,4200017,금진해양파출소,22,307,7.166124,True,2025-05-27,2025-06-03,8,강동무료주차장-강동무료주차장,8
2025,42002130,958,강릉-동진버스,ride,1,4201111,심곡,252,477,52.830189,True,2025-05-27,2025-06-03,8,강동무료주차장-강동무료주차장,8
2025,42002130,958,강릉-동진버스,ride,2,4201128,정동진역,62,477,12.997904,True,2025-05-27,2025-06-03,8,강동무료주차장-강동무료주차장,8
2025,42002130,958,강릉-동진버스,ride,3,4200017,금진해양파출소,49,477,10.272537,True,2025-05-27,2025-06-03,8,강동무료주차장-강동무료주차장,8
2025,42002130,958,강릉-동진버스,ride,4,4201120,정동해변,29,477,6.079665,True,2025-05-27,2025-06-03,8,강동무료주차장-강동무료주차장,7
2025,42002130,958,강릉-동진버스,ride,5,4201119,정동해변,17,477,3.563941,True,2025-05-27,2025-06-03,8,강동무료주차장-강동무료주차장,7
2025,42002131,504-1,강릉-동진버스,goff,1,4200253,교보생명,1482,6186,23.957323,True,2025-05-27,2025-06-03,8,안목-안목커피거리,8
2025,42002131,504-1,강릉-동진버스,goff,2,4200252,신영극장,1167,6186,18.865179,True,2025-05-27,2025-06-03,8,안목-안목커피거리,8
2025,42002131,504-1,강릉-동진버스,goff,3,4201044,안목커피거리,288,6186,4.655674,True,2025-05-27,2025-06-03,8,안목-안목커피거리,8
2025,42002131,504-1,강릉-동진버스,goff,4,4200251,한국은행,284,6186,4.591012,True,2025-05-27,2025-06-03,8,안목-안목커피거리,8
2025,42002131,504-1,강릉-동진버스,goff,5,4201022,강릉영동대학,276,6186,4.461688,True,2025-05-27,2025-06-03,8,안목-안목커피거리,8
2025,42002131,504-1,강릉-동진버스,ride,1,4200252,신영극장,1476,12043,12.256082,True,2025-05-27,2025-06-03,8,안목-안목커피거리,8
2025,42002131,504-1,강릉-동진버스,ride,2,4200253,교보생명,1258,12043,10.445902,True,2025-05-27,2025-06-03,8,안목-안목커피거리,8
2025,42002131,504-1,강릉-동진버스,ride,3,4201021,강릉영동대학,1166,12043,9.681973,True,2025-05-27,2025-06-03,8,안목-안목커피거리,8
2025,42002131,504-1,강릉-동진버스,ride,4,4200067,홍제동주민센터,745,12043,6.186166,True,2025-05-27,2025-06-03,8,안목-안목커피거리,8
2025,42002131,504-1,강릉-동진버스,ride,5,4200274,송정노인회관,684,12043,5.679648,True,2025-05-27,2025-06-03,8,안목-안목커피거리,8
2025,42002132,504-2,강릉-동진버스,goff,1,4201030,홍제동주민센터,16,41,39.02439,True,2025-05-27,2025-06-03,8,경포고교-성산,5
2025,42002132,504-2,강릉-동진버스,goff,2,4200095,한국자산관리공사,6,41,14.634146,True,2025-05-27,2025-06-03,8,경포고교-성산,5
2025,42002132,504-2,강릉-동진버스,goff,2,4200253,교보생명,6,41,14.634146,True,2025-05-27,2025-06-03,8,경포고교-성산,5
2025,42002132,504-2,강릉-동진버스,goff,4,4201022,강릉영동대학,4,41,9.756098,True,2025-05-27,2025-06-03,8,경포고교-성산,3
2025,42002132,504-2,강릉-동진버스,goff,5,4200251,한국은행,2,41,4.878049,True,2025-05-27,2025-06-03,8,경포고교-성산,4
2025,42002132,504-2,강릉-동진버스,goff,5,4200262,로얄아파트.포남1동주민센터,2,41,4.878049,True,2025-05-27,2025-06-03,8,경포고교-성산,3
2025,42002132,504-2,강릉-동진버스,goff,5,4200850,강릉의료원,2,41,4.878049,True,2025-05-27,2025-06-03,8,경포고교-성산,3
2025,42002132,504-2,강릉-동진버스,ride,1,4200288,경포고교,84,184,45.652174,True,2025-05-27,2025-06-03,8,경포고교-성산,5
2025,42002132,504-2,강릉-동진버스,ride,2,4200253,교보생명,24,184,13.043478,True,2025-05-27,2025-06-03,8,경포고교-성산,5
2025,42002132,504-2,강릉-동진버스,ride,3,4200095,한국자산관리공사,10,184,5.434783,True,2025-05-27,2025-06-03,8,경포고교-성산,5
2025,42002132,504-2,강릉-동진버스,ride,3,4200106,KT,10,184,5.434783,True,2025-05-27,2025-06-03,8,경포고교-성산,4
2025,42002132,504-2,강릉-동진버스,ride,3,4200108,동인병원입구,10,184,5.434783,True,2025-05-27,2025-06-03,8,경포고교-성산,5
2025,42002133,951,강릉-동진버스,goff,1,4201198,남대천.강릉교,70,104,67.307692,True,2025-05-27,2025-06-03,8,남대천.강릉교-남대천.강릉교,8
2025,42002133,951,강릉-동진버스,goff,2,4200016,강동종합복지회관,12,104,11.538462,True,2025-05-27,2025-06-03,8,남대천.강릉교-남대천.강릉교,6
2025,42002133,951,강릉-동진버스,goff,3,4201152,버당말,9,104,8.653846,True,2025-05-27,2025-06-03,8,남대천.강릉교-남대천.강릉교,7
2025,42002133,951,강릉-동진버스,goff,4,4200031,모전리.돌평,4,104,3.846154,True,2025-05-27,2025-06-03,8,남대천.강릉교-남대천.강릉교,8
2025,42002133,951,강릉-동진버스,goff,5,4200026,강동종합복지회관,2,104,1.923077,True,2025-05-27,2025-06-03,8,남대천.강릉교-남대천.강릉교,6
2025,42002133,951,강릉-동진버스,goff,5,4201154,모전1리,2,104,1.923077,True,2025-05-27,2025-06-03,8,남대천.강릉교-남대천.강릉교,6
2025,42002133,951,강릉-동진버스,goff,5,4201163,언별2리,2,104,1.923077,True,2025-05-27,2025-06-03,8,남대천.강릉교-남대천.강릉교,3
2025,42002133,951,강릉-동진버스,goff,5,4201165,송담서원,2,104,1.923077,True,2025-05-27,2025-06-03,8,남대천.강릉교-남대천.강릉교,8
2025,42002133,951,강릉-동진버스,ride,1,4201198,남대천.강릉교,82,328,25.0,True,2025-05-27,2025-06-03,8,남대천.강릉교-남대천.강릉교,8
2025,42002133,951,강릉-동진버스,ride,2,4201199,남대천.강릉교,67,328,20.426829,True,2025-05-27,2025-06-03,8,남대천.강릉교-남대천.강릉교,6
2025,42002133,951,강릉-동진버스,ride,3,4200031,모전리.돌평,43,328,13.109756,True,2025-05-27,2025-06-03,8,남대천.강릉교-남대천.강릉교,8
2025,42002133,951,강릉-동진버스,ride,4,4201165,송담서원,21,328,6.402439,True,2025-05-27,2025-06-03,8,남대천.강릉교-남대천.강릉교,8
2025,42002133,951,강릉-동진버스,ride,4,4201173,상시동,21,328,6.402439,True,2025-05-27,2025-06-03,8,남대천.강릉교-남대천.강릉교,8
2025,42002135,941-2,강릉-동진버스,goff,1,4200252,신영극장,46,80,57.5,True,2025-05-27,2025-06-03,8,KTX공영주차장-KTX공영주차장,8
2025,42002135,941-2,강릉-동진버스,goff,2,4201008,성산면사무소,9,80,11.25,True,2025-05-27,2025-06-03,8,KTX공영주차장-KTX공영주차장,5
2025,42002135,941-2,강릉-동진버스,goff,3,4200948,탑동교,6,80,7.5,True,2025-05-27,2025-06-03,8,KTX공영주차장-KTX공영주차장,2
2025,42002135,941-2,강릉-동진버스,goff,4,4200951,왕산면사무소앞,5,80,6.25,True,2025-05-27,2025-06-03,8,KTX공영주차장-KTX공영주차장,8
2025,42002135,941-2,강릉-동진버스,goff,5,4200954,도마1리경로당,4,80,5.0,True,2025-05-27,2025-06-03,8,KTX공영주차장-KTX공영주차장,3
2025,42002135,941-2,강릉-동진버스,ride,1,4200253,교보생명,63,164,38.414634,True,2025-05-27,2025-06-03,8,KTX공영주차장-KTX공영주차장,8
2025,42002135,941-2,강릉-동진버스,ride,2,4200951,왕산면사무소앞,25,164,15.243902,True,2025-05-27,2025-06-03,8,KTX공영주차장-KTX공영주차장,8
2025,42002135,941-2,강릉-동진버스,ride,3,4200939,방터골입구,15,164,9.146341,True,2025-05-27,2025-06-03,8,KTX공영주차장-KTX공영주차장,6
2025,42002135,941-2,강릉-동진버스,ride,4,4200931,샘터휴게실,9,164,5.487805,True,2025-05-27,2025-06-03,8,KTX공영주차장-KTX공영주차장,5
2025,42002135,941-2,강릉-동진버스,ride,4,4200935,목계마을회관,9,164,5.487805,True,2025-05-27,2025-06-03,8,KTX공영주차장-KTX공영주차장,4
2025,42002136,943,강릉-동진버스,goff,1,4200252,신영극장,27,55,49.090909,True,2025-05-27,2025-06-03,8,KTX공영주차장-KTX공영주차장,8
2025,42002136,943,강릉-동진버스,goff,2,4200556,위촌리,7,55,12.727273,True,2025-05-27,2025-06-03,8,KTX공영주차장-KTX공영주차장,5
2025,42002136,943,강릉-동진버스,goff,3,4201021,강릉영동대학,5,55,9.090909,True,2025-05-27,2025-06-03,8,KTX공영주차장-KTX공영주차장,4
2025,42002136,943,강릉-동진버스,goff,4,4200797,KTX공영주차장환승장,4,55,7.272727,True,2025-05-27,2025-06-03,8,KTX공영주차장-KTX공영주차장,2
2025,42002136,943,강릉-동진버스,goff,5,4201399,항생골입구,3,55,5.454545,True,2025-05-27,2025-06-03,8,KTX공영주차장-KTX공영주차장,3
2025,42002136,943,강릉-동진버스,ride,1,4200253,교보생명,55,133,41.353383,True,2025-05-27,2025-06-03,8,KTX공영주차장-KTX공영주차장,8
2025,42002136,943,강릉-동진버스,ride,2,4200557,위촌2리경로당,16,133,12.030075,True,2025-05-27,2025-06-03,8,KTX공영주차장-KTX공영주차장,8
2025,42002136,943,강릉-동진버스,ride,2,4201405,홈방골,16,133,12.030075,True,2025-05-27,2025-06-03,8,KTX공영주차장-KTX공영주차장,7
2025,42002136,943,강릉-동진버스,ride,4,4201408,위촌리,14,133,10.526316,True,2025-05-27,2025-06-03,8,KTX공영주차장-KTX공영주차장,7
2025,42002136,943,강릉-동진버스,ride,5,4201400,항생골입구,6,133,4.511278,True,2025-05-27,2025-06-03,8,KTX공영주차장-KTX공영주차장,4
2025,42002137,943-1,강릉-동진버스,goff,1,4200252,신영극장,32,64,50.0,True,2025-05-27,2025-06-03,8,KTX공영주차장-KTX공영주차장,8
2025,42002137,943-1,강릉-동진버스,goff,2,4200138,즈므.과학단지,14,64,21.875,True,2025-05-27,2025-06-03,8,KTX공영주차장-KTX공영주차장,8
2025,42002137,943-1,강릉-동진버스,goff,3,4200374,송암리노인복지회관,6,64,9.375,True,2025-05-27,2025-06-03,8,KTX공영주차장-KTX공영주차장,3
2025,42002137,943-1,강릉-동진버스,goff,4,4209992,형제막국수,5,64,7.8125,True,2025-05-27,2025-06-03,8,KTX공영주차장-KTX공영주차장,4
2025,42002137,943-1,강릉-동진버스,goff,5,4200558,위촌2리경로당,3,64,4.6875,True,2025-05-27,2025-06-03,8,KTX공영주차장-KTX공영주차장,3
2025,42002137,943-1,강릉-동진버스,ride,1,4200253,교보생명,102,190,53.684211,True,2025-05-27,2025-06-03,8,KTX공영주차장-KTX공영주차장,8
2025,42002137,943-1,강릉-동진버스,ride,2,4200373,송암리노인복지회관,41,190,21.578947,True,2025-05-27,2025-06-03,8,KTX공영주차장-KTX공영주차장,8
2025,42002137,943-1,강릉-동진버스,ride,3,4209994,위촌2리경로당,15,190,7.894737,True,2025-05-27,2025-06-03,8,KTX공영주차장-KTX공영주차장,5
2025,42002137,943-1,강릉-동진버스,ride,4,4200372,송암,9,190,4.736842,True,2025-05-27,2025-06-03,8,KTX공영주차장-KTX공영주차장,5
2025,42002137,943-1,강릉-동진버스,ride,4,4200561,위촌1교,9,190,4.736842,True,2025-05-27,2025-06-03,8,KTX공영주차장-KTX공영주차장,7
2025,42002138,943-2,강릉-동진버스,goff,1,4200252,신영극장,9,15,60.0,True,2025-05-27,2025-06-03,8,우미린아파트-KTX공영주차장,5
2025,42002138,943-2,강릉-동진버스,goff,2,4209992,형제막국수,5,15,33.333333,True,2025-05-27,2025-06-03,8,우미린아파트-KTX공영주차장,4
2025,42002138,943-2,강릉-동진버스,goff,3,4200138,즈므.과학단지,1,15,6.666667,True,2025-05-27,2025-06-03,8,우미린아파트-KTX공영주차장,1
2025,42002138,943-2,강릉-동진버스,ride,1,4200373,송암리노인복지회관,15,44,34.090909,True,2025-05-27,2025-06-03,8,우미린아파트-KTX공영주차장,7
2025,42002138,943-2,강릉-동진버스,ride,2,4200559,송양초교,6,44,13.636364,True,2025-05-27,2025-06-03,8,우미린아파트-KTX공영주차장,6
2025,42002138,943-2,강릉-동진버스,ride,3,4200557,위촌2리경로당,5,44,11.363636,True,2025-05-27,2025-06-03,8,우미린아파트-KTX공영주차장,5
2025,42002138,943-2,강릉-동진버스,ride,3,4201401,위촌1리마을회관,5,44,11.363636,True,2025-05-27,2025-06-03,8,우미린아파트-KTX공영주차장,4
2025,42002138,943-2,강릉-동진버스,ride,5,4200372,송암,4,44,9.090909,True,2025-05-27,2025-06-03,8,우미린아파트-KTX공영주차장,4
2025,42002138,943-2,강릉-동진버스,ride,5,4201406,지암사입구,4,44,9.090909,True,2025-05-27,2025-06-03,8,우미린아파트-KTX공영주차장,4
2025,42002139,944-1,강릉-동진버스,goff,1,4201008,성산면사무소,20,41,48.780488,True,2025-05-27,2025-06-03,8,KTX공영주차장-KTX공영주차장,6
2025,42002139,944-1,강릉-동진버스,goff,2,4200252,신영극장,14,41,34.146341,True,2025-05-27,2025-06-03,8,KTX공영주차장-KTX공영주차장,8
2025,42002139,944-1,강릉-동진버스,goff,3,4200998,보광리체험학습장,3,41,7.317073,True,2025-05-27,2025-06-03,8,KTX공영주차장-KTX공영주차장,3
2025,42002139,944-1,강릉-동진버스,goff,4,4200995,보광본동,2,41,4.878049,True,2025-05-27,2025-06-03,8,KTX공영주차장-KTX공영주차장,1
2025,42002139,944-1,강릉-동진버스,goff,5,4200541,보광리,1,41,2.439024,True,2025-05-27,2025-06-03,8,KTX공영주차장-KTX공영주차장,2
2025,42002139,944-1,강릉-동진버스,goff,5,4200978,보현사종점,1,41,2.439024,True,2025-05-27,2025-06-03,8,KTX공영주차장-KTX공영주차장,2
2025,42002139,944-1,강릉-동진버스,ride,1,4200253,교보생명,40,109,36.697248,True,2025-05-27,2025-06-03,8,KTX공영주차장-KTX공영주차장,8
2025,42002139,944-1,강릉-동진버스,ride,2,4200974,샘골식당,13,109,11.926606,True,2025-05-27,2025-06-03,8,KTX공영주차장-KTX공영주차장,7
2025,42002139,944-1,강릉-동진버스,ride,3,4200986,보광보건진료소,11,109,10.091743,True,2025-05-27,2025-06-03,8,KTX공영주차장-KTX공영주차장,5
2025,42002139,944-1,강릉-동진버스,ride,4,4200994,보광본동,10,109,9.174312,True,2025-05-27,2025-06-03,8,KTX공영주차장-KTX공영주차장,5
2025,42002139,944-1,강릉-동진버스,ride,5,4200987,삼왕,8,109,7.33945,True,2025-05-27,2025-06-03,8,KTX공영주차장-KTX공영주차장,5
2025,42002141,시티1,강릉-동진버스,goff,1,4200244,안목커피거리,238,1558,15.275995,True,2025-05-27,2025-06-03,8,안목커피거리-안목커피거리,8
2025,42002141,시티1,강릉-동진버스,goff,2,4201242,경포해변,168,1558,10.783055,True,2025-05-27,2025-06-03,8,안목커피거리-안목커피거리,8
2025,42002141,시티1,강릉-동진버스,goff,3,4200613,강문해변,137,1558,8.793325,True,2025-05-27,2025-06-03,8,안목커피거리-안목커피거리,8
2025,42002141,시티1,강릉-동진버스,goff,4,4201262,안목해변,108,1558,6.931964,True,2025-05-27,2025-06-03,8,안목커피거리-안목커피거리,7
2025,42002141,시티1,강릉-동진버스,goff,5,4201276,주문진수산시장,103,1558,6.61104,True,2025-05-27,2025-06-03,8,안목커피거리-안목커피거리,8
2025,42002141,시티1,강릉-동진버스,ride,1,4201275,주문진수산시장,147,1908,7.704403,True,2025-05-27,2025-06-03,8,안목커피거리-안목커피거리,8
2025,42002141,시티1,강릉-동진버스,ride,2,4201263,안목해변,121,1908,6.341719,True,2025-05-27,2025-06-03,8,안목커피거리-안목커피거리,8
2025,42002141,시티1,강릉-동진버스,ride,3,4201279,더글로리촬영지,100,1908,5.24109,True,2025-05-27,2025-06-03,8,안목커피거리-안목커피거리,8
2025,42002141,시티1,강릉-동진버스,ride,4,4200449,사천물회거리,95,1908,4.979036,True,2025-05-27,2025-06-03,8,안목커피거리-안목커피거리,8
2025,42002141,시티1,강릉-동진버스,ride,5,4201242,경포해변,94,1908,4.926625,True,2025-05-27,2025-06-03,8,안목커피거리-안목커피거리,8
2025,42002142,924,강릉-동진버스,goff,1,4200212,연곡면사무소,3,3,100.0,True,2025-05-27,2025-06-03,8,연곡면사무소-연곡면사무소,4
2025,42002142,924,강릉-동진버스,ride,1,4200450,연곡해변,3,5,60.0,True,2025-05-27,2025-06-03,8,연곡면사무소-연곡면사무소,2
2025,42002142,924,강릉-동진버스,ride,2,4200212,연곡면사무소,2,5,40.0,True,2025-05-27,2025-06-03,8,연곡면사무소-연곡면사무소,4
2025,42002143,945-1,강릉-동진버스,goff,1,4200252,신영극장,15,46,32.608696,True,2025-05-27,2025-06-03,8,KTX공영주차장-KTX공영주차장,7
2025,42002143,945-1,강릉-동진버스,goff,2,4201008,성산면사무소,10,46,21.73913,True,2025-05-27,2025-06-03,8,KTX공영주차장-KTX공영주차장,6
2025,42002143,945-1,강릉-동진버스,goff,3,4200967,대관령박물관,7,46,15.217391,True,2025-05-27,2025-06-03,8,KTX공영주차장-KTX공영주차장,5
2025,42002143,945-1,강릉-동진버스,goff,4,4200972,어흘리.굴면동,6,46,13.043478,True,2025-05-27,2025-06-03,8,KTX공영주차장-KTX공영주차장,8
2025,42002143,945-1,강릉-동진버스,goff,5,4200533,가마골,4,46,8.695652,True,2025-05-27,2025-06-03,8,KTX공영주차장-KTX공영주차장,5
2025,42002143,945-1,강릉-동진버스,ride,1,4200253,교보생명,54,114,47.368421,True,2025-05-27,2025-06-03,8,KTX공영주차장-KTX공영주차장,8
2025,42002143,945-1,강릉-동진버스,ride,2,4200967,대관령박물관,8,114,7.017544,True,2025-05-27,2025-06-03,8,KTX공영주차장-KTX공영주차장,5
2025,42002143,945-1,강릉-동진버스,ride,3,4200540,보광리,7,114,6.140351,True,2025-05-27,2025-06-03,8,KTX공영주차장-KTX공영주차장,5
2025,42002143,945-1,강릉-동진버스,ride,3,4200972,어흘리.굴면동,7,114,6.140351,True,2025-05-27,2025-06-03,8,KTX공영주차장-KTX공영주차장,8
2025,42002143,945-1,강릉-동진버스,ride,3,4200977,보광리체험학습장,7,114,6.140351,True,2025-05-27,2025-06-03,8,KTX공영주차장-KTX공영주차장,5
2025,42002144,206-1,강릉-동진버스,goff,1,4200252,신영극장,89,491,18.126273,True,2025-05-27,2025-06-03,8,강릉고등학교-강릉고정문,7
2025,42002144,206-1,강릉-동진버스,goff,2,4200253,교보생명,80,491,16.293279,True,2025-05-27,2025-06-03,8,강릉고등학교-강릉고정문,8
2025,42002144,206-1,강릉-동진버스,goff,3,4200120,강릉시외.고속터미널,33,491,6.720978,True,2025-05-27,2025-06-03,8,강릉고등학교-강릉고정문,8
2025,42002144,206-1,강릉-동진버스,goff,4,4200047,강릉고정문,27,491,5.498982,True,2025-05-27,2025-06-03,8,강릉고등학교-강릉고정문,6
2025,42002144,206-1,강릉-동진버스,goff,5,4200125,솔올공연장,22,491,4.480652,True,2025-05-27,2025-06-03,8,강릉고등학교-강릉고정문,7
2025,42002144,206-1,강릉-동진버스,ride,1,4200253,교보생명,149,994,14.98994,True,2025-05-27,2025-06-03,8,강릉고등학교-강릉고정문,8
2025,42002144,206-1,강릉-동진버스,ride,2,4200252,신영극장,125,994,12.575453,True,2025-05-27,2025-06-03,8,강릉고등학교-강릉고정문,7
2025,42002144,206-1,강릉-동진버스,ride,3,4200121,강릉시외.고속터미널,58,994,5.83501,True,2025-05-27,2025-06-03,8,강릉고등학교-강릉고정문,7
2025,42002144,206-1,강릉-동진버스,ride,4,4200251,한국은행,56,994,5.633803,True,2025-05-27,2025-06-03,8,강릉고등학교-강릉고정문,8
2025,42002144,206-1,강릉-동진버스,ride,5,4200106,KT,46,994,4.627767,True,2025-05-27,2025-06-03,8,강릉고등학교-강릉고정문,8
2025,42002144,206-1,강릉-동진버스,ride,5,4200530,주공2차아파트,46,994,4.627767,True,2025-05-27,2025-06-03,8,강릉고등학교-강릉고정문,7
2025,42002145,913,강릉-동진버스,goff,1,4200194,주문진항입구,23,55,41.818182,True,2025-05-27,2025-06-03,8,주문진시외버스터-주문진시외버스터,8
2025,42002145,913,강릉-동진버스,goff,2,4200197,작은다리,13,55,23.636364,True,2025-05-27,2025-06-03,8,주문진시외버스터-주문진시외버스터,7
2025,42002145,913,강릉-동진버스,goff,3,4200520,우신아파트,7,55,12.727273,True,2025-05-27,2025-06-03,8,주문진시외버스터-주문진시외버스터,8
2025,42002145,913,강릉-동진버스,goff,3,4201232,원마트,7,55,12.727273,True,2025-05-27,2025-06-03,8,주문진시외버스터-주문진시외버스터,5
2025,42002145,913,강릉-동진버스,goff,5,4201393,주문진읍사무소,3,55,5.454545,True,2025-05-27,2025-06-03,8,주문진시외버스터-주문진시외버스터,2
2025,42002145,913,강릉-동진버스,ride,1,4200520,우신아파트,76,99,76.767677,True,2025-05-27,2025-06-03,8,주문진시외버스터-주문진시외버스터,8
2025,42002145,913,강릉-동진버스,ride,2,4200196,작은다리,9,99,9.090909,True,2025-05-27,2025-06-03,8,주문진시외버스터-주문진시외버스터,8
2025,42002145,913,강릉-동진버스,ride,3,4200195,주문진항입구,4,99,4.040404,True,2025-05-27,2025-06-03,8,주문진시외버스터-주문진시외버스터,2
2025,42002145,913,강릉-동진버스,ride,3,4200448,주문진시외버스터미널,4,99,4.040404,True,2025-05-27,2025-06-03,8,주문진시외버스터-주문진시외버스터,3
2025,42002145,913,강릉-동진버스,ride,5,4201391,주문진읍사무소,3,99,3.030303,True,2025-05-27,2025-06-03,8,주문진시외버스터-주문진시외버스터,2
2025,42002146,971,강릉-동진버스,goff,1,4200814,구정면사무소,3,6,50.0,True,2025-05-27,2025-06-03,8,덕현리마을회관-덕현리마을회관,2
2025,42002146,971,강릉-동진버스,goff,2,4200705,학산설래,2,6,33.333333,True,2025-05-27,2025-06-03,8,덕현리마을회관-덕현리마을회관,1
2025,42002146,971,강릉-동진버스,goff,3,4200718,학마을앞,1,6,16.666667,True,2025-05-27,2025-06-03,8,덕현리마을회관-덕현리마을회관,1
2025,42002146,971,강릉-동진버스,ride,1,4200709,학산2리마을회관,6,19,31.578947,True,2025-05-27,2025-06-03,8,덕현리마을회관-덕현리마을회관,3
2025,42002146,971,강릉-동진버스,ride,2,4200816,오뚜기물류서비스,4,19,21.052632,True,2025-05-27,2025-06-03,8,덕현리마을회관-덕현리마을회관,1
2025,42002146,971,강릉-동진버스,ride,3,4200641,한빛마을입구,2,19,10.526316,True,2025-05-27,2025-06-03,8,덕현리마을회관-덕현리마을회관,1
2025,42002146,971,강릉-동진버스,ride,3,4200822,솔향수목원입구,2,19,10.526316,True,2025-05-27,2025-06-03,8,덕현리마을회관-덕현리마을회관,1
2025,42002146,971,강릉-동진버스,ride,5,4200512,덕현리,1,19,5.263158,True,2025-05-27,2025-06-03,8,덕현리마을회관-덕현리마을회관,1
2025,42002146,971,강릉-동진버스,ride,5,4200513,덕현리,1,19,5.263158,True,2025-05-27,2025-06-03,8,덕현리마을회관-덕현리마을회관,1
2025,42002146,971,강릉-동진버스,ride,5,4200634,소양가든,1,19,5.263158,True,2025-05-27,2025-06-03,8,덕현리마을회관-덕현리마을회관,1
2025,42002146,971,강릉-동진버스,ride,5,4200812,구정보건지소,1,19,5.263158,True,2025-05-27,2025-06-03,8,덕현리마을회관-덕현리마을회관,1
2025,42002146,971,강릉-동진버스,ride,5,4200818,성황당,1,19,5.263158,True,2025-05-27,2025-06-03,8,덕현리마을회관-덕현리마을회관,1
2025,42002147,965,강릉-동진버스,goff,1,4202032,옥계현내시장,1,1,100.0,True,2025-05-27,2025-06-03,8,강릉역건너편-옥계현내시장,1
2025,42002147,965,강릉-동진버스,ride,1,4201197,강릉중입구,2,3,66.666667,True,2025-05-27,2025-06-03,8,강릉역건너편-옥계현내시장,1
2025,42002147,965,강릉-동진버스,ride,2,4200293,강릉역건너편,1,3,33.333333,True,2025-05-27,2025-06-03,8,강릉역건너편-옥계현내시장,1
2025,42002151,212,강릉-동진버스,goff,1,4200253,교보생명,42,244,17.213115,True,2025-05-27,2025-06-03,8,안목-안목커피거리,8
2025,42002151,212,강릉-동진버스,goff,2,4200047,강릉고정문,33,244,13.52459,True,2025-05-27,2025-06-03,8,안목-안목커피거리,7
2025,42002151,212,강릉-동진버스,goff,3,4200121,강릉시외.고속터미널,30,244,12.295082,True,2025-05-27,2025-06-03,8,안목-안목커피거리,8
2025,42002151,212,강릉-동진버스,goff,4,4201044,안목커피거리,28,244,11.47541,True,2025-05-27,2025-06-03,8,안목-안목커피거리,8
2025,42002151,212,강릉-동진버스,goff,5,4200251,한국은행,15,244,6.147541,True,2025-05-27,2025-06-03,8,안목-안목커피거리,8
2025,42002151,212,강릉-동진버스,ride,1,4200721,강릉역,58,443,13.092551,True,2025-05-27,2025-06-03,8,안목-안목커피거리,8
2025,42002151,212,강릉-동진버스,ride,2,4202154,롯데캐슬시그니처,42,443,9.480813,True,2025-05-27,2025-06-03,8,안목-안목커피거리,8
2025,42002151,212,강릉-동진버스,ride,3,4200121,강릉시외.고속터미널,33,443,7.44921,True,2025-05-27,2025-06-03,8,안목-안목커피거리,8
2025,42002151,212,강릉-동진버스,ride,3,4200266,혜성연립,33,443,7.44921,True,2025-05-27,2025-06-03,8,안목-안목커피거리,8
2025,42002151,212,강릉-동진버스,ride,3,4200274,송정노인회관,33,443,7.44921,True,2025-05-27,2025-06-03,8,안목-안목커피거리,7
2025,42002151,212,강릉-동진버스,ride,3,4201043,안목,33,443,7.44921,True,2025-05-27,2025-06-03,8,안목-안목커피거리,6
2025,42002152,212-1,강릉-동진버스,goff,1,4200252,신영극장,64,283,22.614841,True,2025-05-27,2025-06-03,8,안목-안목커피거리,8
2025,42002152,212-1,강릉-동진버스,goff,2,4201044,안목커피거리,45,283,15.90106,True,2025-05-27,2025-06-03,8,안목-안목커피거리,8
2025,42002152,212-1,강릉-동진버스,goff,3,4200249,용강동서부시장,18,283,6.360424,True,2025-05-27,2025-06-03,8,안목-안목커피거리,7
2025,42002152,212-1,강릉-동진버스,goff,4,4200121,강릉시외.고속터미널,17,283,6.007067,True,2025-05-27,2025-06-03,8,안목-안목커피거리,8
2025,42002152,212-1,강릉-동진버스,goff,5,4200721,강릉역,15,283,5.300353,True,2025-05-27,2025-06-03,8,안목-안목커피거리,8
2025,42002152,212-1,강릉-동진버스,ride,1,4200121,강릉시외.고속터미널,106,417,25.419664,True,2025-05-27,2025-06-03,8,안목-안목커피거리,8
2025,42002152,212-1,강릉-동진버스,ride,2,4200252,신영극장,79,417,18.944844,True,2025-05-27,2025-06-03,8,안목-안목커피거리,8
2025,42002152,212-1,강릉-동진버스,ride,3,4200721,강릉역,22,417,5.275779,True,2025-05-27,2025-06-03,8,안목-안목커피거리,8
2025,42002152,212-1,강릉-동진버스,ride,4,4201043,안목,21,417,5.035971,True,2025-05-27,2025-06-03,8,안목-안목커피거리,5
2025,42002152,212-1,강릉-동진버스,ride,5,4202157,롯데캐슬시그니처,20,417,4.796163,True,2025-05-27,2025-06-03,8,안목-안목커피거리,7
2025,42091001,200,강릉-동해상사,goff,1,4200252,신영극장,371,1882,19.713071,True,2025-05-27,2025-06-03,8,안목-안목커피거리,8
2025,42091001,200,강릉-동해상사,goff,2,4200253,교보생명,263,1882,13.974495,True,2025-05-27,2025-06-03,8,안목-안목커피거리,8
2025,42091001,200,강릉-동해상사,goff,3,4200249,용강동서부시장,129,1882,6.85441,True,2025-05-27,2025-06-03,8,안목-안목커피거리,8
2025,42091001,200,강릉-동해상사,goff,4,4201044,안목커피거리,74,1882,3.931987,True,2025-05-27,2025-06-03,8,안목-안목커피거리,8
2025,42091001,200,강릉-동해상사,goff,5,4200251,한국은행,73,1882,3.878852,True,2025-05-27,2025-06-03,8,안목-안목커피거리,8
2025,42091001,200,강릉-동해상사,ride,1,4200252,신영극장,721,4182,17.240555,True,2025-05-27,2025-06-03,8,안목-안목커피거리,8
2025,42091001,200,강릉-동해상사,ride,2,4200356,강원대학교,436,4182,10.425634,True,2025-05-27,2025-06-03,8,안목-안목커피거리,8
2025,42091001,200,강릉-동해상사,ride,3,4200253,교보생명,291,4182,6.958393,True,2025-05-27,2025-06-03,8,안목-안목커피거리,8
2025,42091001,200,강릉-동해상사,ride,4,4200087,강원대학교후문,226,4182,5.404113,True,2025-05-27,2025-06-03,8,안목-안목커피거리,8
2025,42091001,200,강릉-동해상사,ride,5,4200088,문성고등학교,163,4182,3.897657,True,2025-05-27,2025-06-03,8,안목-안목커피거리,8
2025,42091002,202,강릉-동해상사,goff,1,4200253,교보생명,334,1652,20.217918,True,2025-05-27,2025-06-03,8,경포해변-경포해변,8
2025,42091002,202,강릉-동해상사,goff,2,4200120,강릉시외.고속터미널,212,1652,12.83293,True,2025-05-27,2025-06-03,8,경포해변-경포해변,8
2025,42091002,202,강릉-동해상사,goff,3,4200293,강릉역건너편,176,1652,10.653753,True,2025-05-27,2025-06-03,8,경포해변-경포해변,8
2025,42091002,202,강릉-동해상사,goff,4,4201242,경포해변,167,1652,10.108959,True,2025-05-27,2025-06-03,8,경포해변-경포해변,8
2025,42091002,202,강릉-동해상사,goff,5,4200251,한국은행,87,1652,5.266344,True,2025-05-27,2025-06-03,8,경포해변-경포해변,8
2025,42091002,202,강릉-동해상사,goff,5,4200543,미디어촌5단지,87,1652,5.266344,True,2025-05-27,2025-06-03,8,경포해변-경포해변,8
2025,42091002,202,강릉-동해상사,ride,1,4200253,교보생명,524,2786,18.808327,True,2025-05-27,2025-06-03,8,경포해변-경포해변,8
2025,42091002,202,강릉-동해상사,ride,2,4201242,경포해변,363,2786,13.029433,True,2025-05-27,2025-06-03,8,경포해변-경포해변,8
2025,42091002,202,강릉-동해상사,ride,3,4200251,한국은행,276,2786,9.906676,True,2025-05-27,2025-06-03,8,경포해변-경포해변,8
2025,42091002,202,강릉-동해상사,ride,4,4201260,강문해변입구,241,2786,8.650395,True,2025-05-27,2025-06-03,8,경포해변-경포해변,8
2025,42091002,202,강릉-동해상사,ride,5,4200293,강릉역건너편,169,2786,6.066045,True,2025-05-27,2025-06-03,8,경포해변-경포해변,8
2025,42091003,206,강릉-동해상사,goff,1,4200252,신영극장,539,2441,22.081114,True,2025-05-27,2025-06-03,8,강릉고등학교-강릉고정문,8
2025,42091003,206,강릉-동해상사,goff,2,4200253,교보생명,279,2441,11.429742,True,2025-05-27,2025-06-03,8,강릉고등학교-강릉고정문,8
2025,42091003,206,강릉-동해상사,goff,3,4200249,용강동서부시장,164,2441,6.718558,True,2025-05-27,2025-06-03,8,강릉고등학교-강릉고정문,8
2025,42091003,206,강릉-동해상사,goff,4,4200120,강릉시외.고속터미널,158,2441,6.472757,True,2025-05-27,2025-06-03,8,강릉고등학교-강릉고정문,8
2025,42091003,206,강릉-동해상사,goff,5,4200125,솔올공연장,92,2441,3.768947,True,2025-05-27,2025-06-03,8,강릉고등학교-강릉고정문,8
2025,42091003,206,강릉-동해상사,ride,1,4200253,교보생명,773,5397,14.322772,True,2025-05-27,2025-06-03,8,강릉고등학교-강릉고정문,8
2025,42091003,206,강릉-동해상사,ride,2,4200252,신영극장,636,5397,11.784325,True,2025-05-27,2025-06-03,8,강릉고등학교-강릉고정문,8
2025,42091003,206,강릉-동해상사,ride,3,4200128,구름다리,369,5397,6.837132,True,2025-05-27,2025-06-03,8,강릉고등학교-강릉고정문,8
2025,42091003,206,강릉-동해상사,ride,4,4200121,강릉시외.고속터미널,328,5397,6.07745,True,2025-05-27,2025-06-03,8,강릉고등학교-강릉고정문,8
2025,42091003,206,강릉-동해상사,ride,5,4200251,한국은행,318,5397,5.892162,True,2025-05-27,2025-06-03,8,강릉고등학교-강릉고정문,8
2025,42091004,207,강릉-동해상사,goff,1,4200252,신영극장,287,1429,20.083975,True,2025-05-27,2025-06-03,8,허균.허난설헌기-허균.허난설헌기,8
2025,42091004,207,강릉-동해상사,goff,2,4200253,교보생명,162,1429,11.336599,True,2025-05-27,2025-06-03,8,허균.허난설헌기-허균.허난설헌기,8
2025,42091004,207,강릉-동해상사,goff,3,4200047,강릉고정문,81,1429,5.6683,True,2025-05-27,2025-06-03,8,허균.허난설헌기-허균.허난설헌기,8
2025,42091004,207,강릉-동해상사,goff,4,4200120,강릉시외.고속터미널,76,1429,5.318404,True,2025-05-27,2025-06-03,8,허균.허난설헌기-허균.허난설헌기,8
2025,42091004,207,강릉-동해상사,goff,5,4200249,용강동서부시장,75,1429,5.248425,True,2025-05-27,2025-06-03,8,허균.허난설헌기-허균.허난설헌기,8
2025,42091004,207,강릉-동해상사,ride,1,4200253,교보생명,370,2938,12.593601,True,2025-05-27,2025-06-03,8,허균.허난설헌기-허균.허난설헌기,8
2025,42091004,207,강릉-동해상사,ride,2,4200252,신영극장,315,2938,10.721579,True,2025-05-27,2025-06-03,8,허균.허난설헌기-허균.허난설헌기,8
2025,42091004,207,강릉-동해상사,ride,3,4200121,강릉시외.고속터미널,194,2938,6.603131,True,2025-05-27,2025-06-03,8,허균.허난설헌기-허균.허난설헌기,8
2025,42091004,207,강릉-동해상사,ride,4,4200251,한국은행,192,2938,6.535058,True,2025-05-27,2025-06-03,8,허균.허난설헌기-허균.허난설헌기,8
2025,42091004,207,강릉-동해상사,ride,5,4200356,강원대학교,159,2938,5.411845,True,2025-05-27,2025-06-03,8,허균.허난설헌기-허균.허난설헌기,8
2025,42091005,300,강릉-동해상사,goff,1,4200253,교보생명,2139,8861,24.139488,True,2025-05-27,2025-06-03,8,안목-향호리,8
2025,42091005,300,강릉-동해상사,goff,2,4200251,한국은행,499,8861,5.631419,True,2025-05-27,2025-06-03,8,안목-향호리,8
2025,42091005,300,강릉-동해상사,goff,3,4200196,작은다리,440,8861,4.96558,True,2025-05-27,2025-06-03,8,안목-향호리,8
2025,42091005,300,강릉-동해상사,goff,4,4200721,강릉역,416,8861,4.69473,True,2025-05-27,2025-06-03,8,안목-향호리,8
2025,42091005,300,강릉-동해상사,goff,5,4200212,연곡면사무소,318,8861,3.58876,True,2025-05-27,2025-06-03,8,안목-향호리,8
2025,42091005,300,강릉-동해상사,ride,1,4200253,교보생명,3618,17376,20.821823,True,2025-05-27,2025-06-03,8,안목-향호리,8
2025,42091005,300,강릉-동해상사,ride,2,4200721,강릉역,1321,17376,7.60244,True,2025-05-27,2025-06-03,8,안목-향호리,8
2025,42091005,300,강릉-동해상사,ride,3,4200251,한국은행,1224,17376,7.044199,True,2025-05-27,2025-06-03,8,안목-향호리,8
2025,42091005,300,강릉-동해상사,ride,4,4201043,안목,947,17376,5.450046,True,2025-05-27,2025-06-03,8,안목-향호리,8
2025,42091005,300,강릉-동해상사,ride,5,4200274,송정노인회관,835,17376,4.805479,True,2025-05-27,2025-06-03,8,안목-향호리,8
2025,42091007,302,강릉-동해상사,goff,1,4200253,교보생명,121,738,16.395664,True,2025-05-27,2025-06-03,8,안목-향호리,8
2025,42091007,302,강릉-동해상사,goff,2,4200120,강릉시외.고속터미널,41,738,5.555556,True,2025-05-27,2025-06-03,8,안목-향호리,8
2025,42091007,302,강릉-동해상사,goff,3,4200125,솔올공연장,34,738,4.607046,True,2025-05-27,2025-06-03,8,안목-향호리,8
2025,42091007,302,강릉-동해상사,goff,3,4200196,작은다리,34,738,4.607046,True,2025-05-27,2025-06-03,8,안목-향호리,8
2025,42091007,302,강릉-동해상사,goff,5,4200446,강릉아산병원(주문진방면),31,738,4.200542,True,2025-05-27,2025-06-03,8,안목-향호리,7
2025,42091007,302,강릉-동해상사,ride,1,4200253,교보생명,165,1539,10.721248,True,2025-05-27,2025-06-03,8,안목-향호리,8
2025,42091007,302,강릉-동해상사,ride,2,4200120,강릉시외.고속터미널,109,1539,7.082521,True,2025-05-27,2025-06-03,8,안목-향호리,8
2025,42091007,302,강릉-동해상사,ride,3,4200274,송정노인회관,95,1539,6.17284,True,2025-05-27,2025-06-03,8,안목-향호리,8
2025,42091007,302,강릉-동해상사,ride,4,4200251,한국은행,87,1539,5.653021,True,2025-05-27,2025-06-03,8,안목-향호리,8
2025,42091007,302,강릉-동해상사,ride,5,4200276,송정한신아파트입구,86,1539,5.588044,True,2025-05-27,2025-06-03,8,안목-향호리,8
2025,42091012,315,강릉-동해상사,goff,1,4200121,강릉시외.고속터미널,22,285,7.719298,True,2025-05-27,2025-06-03,8,가톨릭관동대학교-가톨릭관동대학교,7
2025,42091012,315,강릉-동해상사,goff,2,4200063,가톨릭관동대학교,15,285,5.263158,True,2025-05-27,2025-06-03,8,가톨릭관동대학교-가톨릭관동대학교,7
2025,42091012,315,강릉-동해상사,goff,2,4200454,작은다리사거리,15,285,5.263158,True,2025-05-27,2025-06-03,8,가톨릭관동대학교-가톨릭관동대학교,7
2025,42091012,315,강릉-동해상사,goff,4,4200120,강릉시외.고속터미널,14,285,4.912281,True,2025-05-27,2025-06-03,8,가톨릭관동대학교-가톨릭관동대학교,7
2025,42091012,315,강릉-동해상사,goff,4,4200356,강원대학교,14,285,4.912281,True,2025-05-27,2025-06-03,8,가톨릭관동대학교-가톨릭관동대학교,5
2025,42091012,315,강릉-동해상사,ride,1,4200063,가톨릭관동대학교,61,616,9.902597,True,2025-05-27,2025-06-03,8,가톨릭관동대학교-가톨릭관동대학교,7
2025,42091012,315,강릉-동해상사,ride,2,4200120,강릉시외.고속터미널,32,616,5.194805,True,2025-05-27,2025-06-03,8,가톨릭관동대학교-가톨릭관동대학교,7
2025,42091012,315,강릉-동해상사,ride,3,4200065,보건소,30,616,4.87013,True,2025-05-27,2025-06-03,8,가톨릭관동대학교-가톨릭관동대학교,5
2025,42091012,315,강릉-동해상사,ride,4,4200121,강릉시외.고속터미널,28,616,4.545455,True,2025-05-27,2025-06-03,8,가톨릭관동대학교-가톨릭관동대학교,7
2025,42091012,315,강릉-동해상사,ride,5,4200310,삼천리아파트,27,616,4.383117,True,2025-05-27,2025-06-03,8,가톨릭관동대학교-가톨릭관동대학교,6
2025,42091015,225,강릉-동해상사,goff,1,4200253,교보생명,33,153,21.568627,True,2025-05-27,2025-06-03,8,안목-회산종점,3
2025,42091015,225,강릉-동해상사,goff,2,4200543,미디어촌5단지,24,153,15.686275,True,2025-05-27,2025-06-03,8,안목-회산종점,3
2025,42091015,225,강릉-동해상사,goff,3,4200121,강릉시외.고속터미널,13,153,8.496732,True,2025-05-27,2025-06-03,8,안목-회산종점,3
2025,42091015,225,강릉-동해상사,goff,4,4200067,홍제동주민센터,11,153,7.189542,True,2025-05-27,2025-06-03,8,안목-회산종점,3
2025,42091015,225,강릉-동해상사,goff,4,4200251,한국은행,11,153,7.189542,True,2025-05-27,2025-06-03,8,안목-회산종점,3
2025,42091015,225,강릉-동해상사,ride,1,4200253,교보생명,61,292,20.890411,True,2025-05-27,2025-06-03,8,안목-회산종점,3
2025,42091015,225,강릉-동해상사,ride,2,4200251,한국은행,21,292,7.191781,True,2025-05-27,2025-06-03,8,안목-회산종점,3
2025,42091015,225,강릉-동해상사,ride,3,4200543,미디어촌5단지,17,292,5.821918,True,2025-05-27,2025-06-03,8,안목-회산종점,3
2025,42091015,225,강릉-동해상사,ride,3,4200721,강릉역,17,292,5.821918,True,2025-05-27,2025-06-03,8,안목-회산종점,3
2025,42091015,225,강릉-동해상사,ride,3,4201043,안목,17,292,5.821918,True,2025-05-27,2025-06-03,8,안목-회산종점,3
2025,42091016,225-1,강릉-동해상사,goff,1,4200252,신영극장,37,116,31.896552,True,2025-05-27,2025-06-03,8,회산종점-안목커피거리,3
2025,42091016,225-1,강릉-동해상사,goff,2,4201044,안목커피거리,17,116,14.655172,True,2025-05-27,2025-06-03,8,회산종점-안목커피거리,3
2025,42091016,225-1,강릉-동해상사,goff,3,4200249,용강동서부시장,16,116,13.793103,True,2025-05-27,2025-06-03,8,회산종점-안목커피거리,3
2025,42091016,225-1,강릉-동해상사,goff,4,4200293,강릉역건너편,14,116,12.068966,True,2025-05-27,2025-06-03,8,회산종점-안목커피거리,2
2025,42091016,225-1,강릉-동해상사,goff,5,4200049,남강초교,7,116,6.034483,True,2025-05-27,2025-06-03,8,회산종점-안목커피거리,3
2025,42091016,225-1,강릉-동해상사,ride,1,4200252,신영극장,54,207,26.086957,True,2025-05-27,2025-06-03,8,회산종점-안목커피거리,3
2025,42091016,225-1,강릉-동해상사,ride,2,4200543,미디어촌5단지,24,207,11.594203,True,2025-05-27,2025-06-03,8,회산종점-안목커피거리,3
2025,42091016,225-1,강릉-동해상사,ride,3,4200121,강릉시외.고속터미널,23,207,11.111111,True,2025-05-27,2025-06-03,8,회산종점-안목커피거리,3
2025,42091016,225-1,강릉-동해상사,ride,4,4200548,강릉소방서,18,207,8.695652,True,2025-05-27,2025-06-03,8,회산종점-안목커피거리,3
2025,42091016,225-1,강릉-동해상사,ride,4,4201250,선수촌8단지,18,207,8.695652,True,2025-05-27,2025-06-03,8,회산종점-안목커피거리,3
2025,42091017,961-1,강릉-동해상사,goff,1,4202022,옥계현내시장,1,1,100.0,True,2025-05-27,2025-06-03,8,옥계현내시장-노봉차고지(미정,3
2025,42091017,961-1,강릉-동해상사,ride,1,4201096,한라아파트,6,9,66.666667,True,2025-05-27,2025-06-03,8,옥계현내시장-노봉차고지(미정,6
2025,42091017,961-1,강릉-동해상사,ride,2,4202022,옥계현내시장,2,9,22.222222,True,2025-05-27,2025-06-03,8,옥계현내시장-노봉차고지(미정,3
2025,42091017,961-1,강릉-동해상사,ride,3,4201289,남양1리경로당,1,9,11.111111,True,2025-05-27,2025-06-03,8,옥계현내시장-노봉차고지(미정,1
2025,42091018,962-1,강릉-동해상사,goff,1,4202002,현내1리연탄직매장,1,2,50.0,True,2025-05-27,2025-06-03,8,산계리종점-옥계현내시장,1
2025,42091018,962-1,강릉-동해상사,goff,1,4202022,옥계현내시장,1,2,50.0,True,2025-05-27,2025-06-03,8,산계리종점-옥계현내시장,4
2025,42091018,962-1,강릉-동해상사,ride,1,4202022,옥계현내시장,6,10,60.0,True,2025-05-27,2025-06-03,8,산계리종점-옥계현내시장,4
2025,42091018,962-1,강릉-동해상사,ride,2,4202042,옥계면사무소,2,10,20.0,True,2025-05-27,2025-06-03,8,산계리종점-옥계현내시장,1
2025,42091018,962-1,강릉-동해상사,ride,3,4201325,황기골,1,10,10.0,True,2025-05-27,2025-06-03,8,산계리종점-옥계현내시장,1
2025,42091018,962-1,강릉-동해상사,ride,3,4201328,산계리종점,1,10,10.0,True,2025-05-27,2025-06-03,8,산계리종점-옥계현내시장,1
2025,42092072,202-1,강릉-동해상사,goff,1,4200252,신영극장,530,2023,26.198715,True,2025-05-27,2025-06-03,8,경포해변-경포해변,8
2025,42092072,202-1,강릉-동해상사,goff,2,4201242,경포해변,253,2023,12.506179,True,2025-05-27,2025-06-03,8,경포해변-경포해변,8
2025,42092072,202-1,강릉-동해상사,goff,3,4201261,강문해변입구,196,2023,9.688581,True,2025-05-27,2025-06-03,8,경포해변-경포해변,8
2025,42092072,202-1,강릉-동해상사,goff,4,4200721,강릉역,177,2023,8.749382,True,2025-05-27,2025-06-03,8,경포해변-경포해변,8
2025,42092072,202-1,강릉-동해상사,goff,5,4200249,용강동서부시장,140,2023,6.920415,True,2025-05-27,2025-06-03,8,경포해변-경포해변,8
2025,42092072,202-1,강릉-동해상사,ride,1,4200252,신영극장,599,3281,18.256629,True,2025-05-27,2025-06-03,8,경포해변-경포해변,8
2025,42092072,202-1,강릉-동해상사,ride,2,4200721,강릉역,342,3281,10.423651,True,2025-05-27,2025-06-03,8,경포해변-경포해변,8
2025,42092072,202-1,강릉-동해상사,ride,3,4201242,경포해변,323,3281,9.84456,True,2025-05-27,2025-06-03,8,경포해변-경포해변,8
2025,42092072,202-1,강릉-동해상사,ride,4,4200543,미디어촌5단지,287,3281,8.747333,True,2025-05-27,2025-06-03,8,경포해변-경포해변,8
2025,42092072,202-1,강릉-동해상사,ride,5,4200121,강릉시외.고속터미널,281,3281,8.564462,True,2025-05-27,2025-06-03,8,경포해변-경포해변,8
2025,42092075,,,goff,1,4200109,동인병원입구,2,2,100.0,False,2025-05-27,2025-06-03,8,선수촌8단지-강릉고정문,3
2025,42092075,,,ride,1,4200543,미디어촌5단지,24,94,25.531915,False,2025-05-27,2025-06-03,8,선수촌8단지-강릉고정문,3
2025,42092075,,,ride,2,4200567,한내들아파트,12,94,12.765957,False,2025-05-27,2025-06-03,8,선수촌8단지-강릉고정문,3
2025,42092075,,,ride,3,4200566,주공2차아파트,10,94,10.638298,False,2025-05-27,2025-06-03,8,선수촌8단지-강릉고정문,3
2025,42092075,,,ride,4,4200131,하이빌현대아파트,8,94,8.510638,False,2025-05-27,2025-06-03,8,선수촌8단지-강릉고정문,3
2025,42092075,,,ride,5,4200123,우편집중국,7,94,7.446809,False,2025-05-27,2025-06-03,8,선수촌8단지-강릉고정문,3
2025,42092076,300-1,강릉-동해상사,goff,1,4200252,신영극장,2359,7230,32.627939,True,2025-05-27,2025-06-03,8,향호리-안목커피거리,8
2025,42092076,300-1,강릉-동해상사,goff,2,4200249,용강동서부시장,628,7230,8.68603,True,2025-05-27,2025-06-03,8,향호리-안목커피거리,8
2025,42092076,300-1,강릉-동해상사,goff,3,4201044,안목커피거리,586,7230,8.105118,True,2025-05-27,2025-06-03,8,향호리-안목커피거리,8
2025,42092076,300-1,강릉-동해상사,goff,4,4200247,강릉제일고,208,7230,2.876902,True,2025-05-27,2025-06-03,8,향호리-안목커피거리,8
2025,42092076,300-1,강릉-동해상사,goff,5,4201227,연곡면사무소,197,7230,2.724758,True,2025-05-27,2025-06-03,8,향호리-안목커피거리,8
2025,42092076,300-1,강릉-동해상사,ride,1,4200252,신영극장,2470,14655,16.854316,True,2025-05-27,2025-06-03,8,향호리-안목커피거리,8
2025,42092076,300-1,강릉-동해상사,ride,2,4200197,작은다리,710,14655,4.844763,True,2025-05-27,2025-06-03,8,향호리-안목커피거리,8
2025,42092076,300-1,강릉-동해상사,ride,3,4200317,강릉아산병원.강릉약국,693,14655,4.728762,True,2025-05-27,2025-06-03,8,향호리-안목커피거리,8
2025,42092076,300-1,강릉-동해상사,ride,4,4200310,삼천리아파트,655,14655,4.469464,True,2025-05-27,2025-06-03,8,향호리-안목커피거리,8
2025,42092076,300-1,강릉-동해상사,ride,5,4200245,이명사거리,598,14655,4.080519,True,2025-05-27,2025-06-03,8,향호리-안목커피거리,8
2025,42092077,302-1,강릉-동해상사,goff,1,4200252,신영극장,224,604,37.086093,True,2025-05-27,2025-06-03,8,향호리-안목커피거리,8
2025,42092077,302-1,강릉-동해상사,goff,2,4200121,강릉시외.고속터미널,47,604,7.781457,True,2025-05-27,2025-06-03,8,향호리-안목커피거리,8
2025,42092077,302-1,강릉-동해상사,goff,2,4201044,안목커피거리,47,604,7.781457,True,2025-05-27,2025-06-03,8,향호리-안목커피거리,8
2025,42092077,302-1,강릉-동해상사,goff,4,4200249,용강동서부시장,41,604,6.788079,True,2025-05-27,2025-06-03,8,향호리-안목커피거리,8
2025,42092077,302-1,강릉-동해상사,goff,5,4200128,구름다리,17,604,2.81457,True,2025-05-27,2025-06-03,8,향호리-안목커피거리,8
2025,42092077,302-1,강릉-동해상사,ride,1,4200121,강릉시외.고속터미널,116,1174,9.88075,True,2025-05-27,2025-06-03,8,향호리-안목커피거리,8
2025,42092077,302-1,강릉-동해상사,ride,2,4200252,신영극장,111,1174,9.454855,True,2025-05-27,2025-06-03,8,향호리-안목커피거리,8
2025,42092077,302-1,강릉-동해상사,ride,3,4200128,구름다리,77,1174,6.558773,True,2025-05-27,2025-06-03,8,향호리-안목커피거리,8
2025,42092077,302-1,강릉-동해상사,ride,4,4200124,우편집중국,73,1174,6.218058,True,2025-05-27,2025-06-03,8,향호리-안목커피거리,8
2025,42092077,302-1,강릉-동해상사,ride,5,4201237,강릉아산병원(강릉방면),71,1174,6.0477,True,2025-05-27,2025-06-03,8,향호리-안목커피거리,8
2025,42092092,314,강릉-동해상사,goff,1,4200253,교보생명,311,1402,22.182596,True,2025-05-27,2025-06-03,8,안목-향호리,8
2025,42092092,314,강릉-동해상사,goff,2,4200120,강릉시외.고속터미널,133,1402,9.486448,True,2025-05-27,2025-06-03,8,안목-향호리,8
2025,42092092,314,강릉-동해상사,goff,3,4200251,한국은행,76,1402,5.420827,True,2025-05-27,2025-06-03,8,안목-향호리,8
2025,42092092,314,강릉-동해상사,goff,4,4200721,강릉역,62,1402,4.422254,True,2025-05-27,2025-06-03,8,안목-향호리,8
2025,42092092,314,강릉-동해상사,goff,5,4200196,작은다리,54,1402,3.851641,True,2025-05-27,2025-06-03,8,안목-향호리,8
2025,42092092,314,강릉-동해상사,goff,5,4200198,원마트,54,1402,3.851641,True,2025-05-27,2025-06-03,8,안목-향호리,8
2025,42092092,314,강릉-동해상사,ride,1,4200253,교보생명,450,2606,17.267843,True,2025-05-27,2025-06-03,8,안목-향호리,8
2025,42092092,314,강릉-동해상사,ride,2,4200721,강릉역,281,2606,10.782809,True,2025-05-27,2025-06-03,8,안목-향호리,8
2025,42092092,314,강릉-동해상사,ride,3,4201043,안목,186,2606,7.137375,True,2025-05-27,2025-06-03,8,안목-향호리,8
2025,42092092,314,강릉-동해상사,ride,4,4200120,강릉시외.고속터미널,176,2606,6.753645,True,2025-05-27,2025-06-03,8,안목-향호리,8
2025,42092092,314,강릉-동해상사,ride,5,4200251,한국은행,148,2606,5.679202,True,2025-05-27,2025-06-03,8,안목-향호리,8
2025,42092094,314-1,강릉-동해상사,goff,1,4200252,신영극장,357,1370,26.058394,True,2025-05-27,2025-06-03,8,향호리-안목커피거리,8
2025,42092094,314-1,강릉-동해상사,goff,2,4201044,안목커피거리,159,1370,11.605839,True,2025-05-27,2025-06-03,8,향호리-안목커피거리,8
2025,42092094,314-1,강릉-동해상사,goff,3,4200293,강릉역건너편,155,1370,11.313869,True,2025-05-27,2025-06-03,8,향호리-안목커피거리,8
2025,42092094,314-1,강릉-동해상사,goff,4,4200249,용강동서부시장,116,1370,8.467153,True,2025-05-27,2025-06-03,8,향호리-안목커피거리,8
2025,42092094,314-1,강릉-동해상사,goff,5,4200121,강릉시외.고속터미널,111,1370,8.10219,True,2025-05-27,2025-06-03,8,향호리-안목커피거리,8
2025,42092094,314-1,강릉-동해상사,ride,1,4200252,신영극장,382,2550,14.980392,True,2025-05-27,2025-06-03,8,향호리-안목커피거리,8
2025,42092094,314-1,강릉-동해상사,ride,2,4200121,강릉시외.고속터미널,226,2550,8.862745,True,2025-05-27,2025-06-03,8,향호리-안목커피거리,8
2025,42092094,314-1,강릉-동해상사,ride,3,4200548,강릉소방서,189,2550,7.411765,True,2025-05-27,2025-06-03,8,향호리-안목커피거리,8
2025,42092094,314-1,강릉-동해상사,ride,4,4200317,강릉아산병원.강릉약국,176,2550,6.901961,True,2025-05-27,2025-06-03,8,향호리-안목커피거리,8
2025,42092094,314-1,강릉-동해상사,ride,5,4201250,선수촌8단지,150,2550,5.882353,True,2025-05-27,2025-06-03,8,향호리-안목커피거리,8
2025,42092096,202-2,강릉-동해상사,goff,1,4201242,경포해변,24,111,21.621622,True,2025-05-27,2025-06-03,8,경포해변-경포해변,8
2025,42092096,202-2,강릉-동해상사,goff,2,4200252,신영극장,18,111,16.216216,True,2025-05-27,2025-06-03,8,경포해변-경포해변,8
2025,42092096,202-2,강릉-동해상사,goff,3,4200433,종합경기장,15,111,13.513514,True,2025-05-27,2025-06-03,8,경포해변-경포해변,8
2025,42092096,202-2,강릉-동해상사,goff,4,4200430,강릉국민체육센터,11,111,9.90991,True,2025-05-27,2025-06-03,8,경포해변-경포해변,5
2025,42092096,202-2,강릉-동해상사,goff,5,4201261,강문해변입구,7,111,6.306306,True,2025-05-27,2025-06-03,8,경포해변-경포해변,4
2025,42092096,202-2,강릉-동해상사,ride,1,4200721,강릉역,28,178,15.730337,True,2025-05-27,2025-06-03,8,경포해변-경포해변,8
2025,42092096,202-2,강릉-동해상사,ride,2,4200252,신영극장,25,178,14.044944,True,2025-05-27,2025-06-03,8,경포해변-경포해변,8
2025,42092096,202-2,강릉-동해상사,ride,3,4200070,경포현대아파트,22,178,12.359551,True,2025-05-27,2025-06-03,8,경포해변-경포해변,6
2025,42092096,202-2,강릉-동해상사,ride,4,4200249,용강동서부시장,21,178,11.797753,True,2025-05-27,2025-06-03,8,경포해변-경포해변,8
2025,42092096,202-2,강릉-동해상사,ride,5,4200121,강릉시외.고속터미널,13,178,7.303371,True,2025-05-27,2025-06-03,8,경포해변-경포해변,7
2025,42092096,202-2,강릉-동해상사,ride,5,4200257,옥천119안전센터,13,178,7.303371,True,2025-05-27,2025-06-03,8,경포해변-경포해변,7
2025,42092099,961,강릉-동해상사,goff,1,4202022,옥계현내시장,23,32,71.875,True,2025-05-27,2025-06-03,8,옥계현내시장-옥계현내시장,8
2025,42092099,961,강릉-동해상사,goff,2,4201288,남양1리경로당,6,32,18.75,True,2025-05-27,2025-06-03,8,옥계현내시장-옥계현내시장,3
2025,42092099,961,강릉-동해상사,goff,3,4202032,옥계현내시장,2,32,6.25,True,2025-05-27,2025-06-03,8,옥계현내시장-옥계현내시장,8
2025,42092099,961,강릉-동해상사,goff,4,4201287,남양리옛경로당,1,32,3.125,True,2025-05-27,2025-06-03,8,옥계현내시장-옥계현내시장,4
2025,42092099,961,강릉-동해상사,ride,1,4202032,옥계현내시장,86,193,44.559585,True,2025-05-27,2025-06-03,8,옥계현내시장-옥계현내시장,8
2025,42092099,961,강릉-동해상사,ride,2,4201284,올밑,20,193,10.362694,True,2025-05-27,2025-06-03,8,옥계현내시장-옥계현내시장,5
2025,42092099,961,강릉-동해상사,ride,3,4201296,남양2리경로당,16,193,8.290155,True,2025-05-27,2025-06-03,8,옥계현내시장-옥계현내시장,7
2025,42092099,961,강릉-동해상사,ride,4,4201295,남양2리교,12,193,6.217617,True,2025-05-27,2025-06-03,8,옥계현내시장-옥계현내시장,6
2025,42092099,961,강릉-동해상사,ride,5,4201285,옥골,11,193,5.699482,True,2025-05-27,2025-06-03,8,옥계현내시장-옥계현내시장,6
2025,42092100,962,강릉-동해상사,goff,1,4202022,옥계현내시장,9,19,47.368421,True,2025-05-27,2025-06-03,8,옥계현내시장-옥계현내시장,6
2025,42092100,962,강릉-동해상사,goff,2,4201328,산계리종점,6,19,31.578947,True,2025-05-27,2025-06-03,8,옥계현내시장-옥계현내시장,8
2025,42092100,962,강릉-동해상사,goff,3,4202002,현내1리연탄직매장,2,19,10.526316,True,2025-05-27,2025-06-03,8,옥계현내시장-옥계현내시장,2
2025,42092100,962,강릉-동해상사,goff,4,4201318,상반암2교,1,19,5.263158,True,2025-05-27,2025-06-03,8,옥계현내시장-옥계현내시장,1
2025,42092100,962,강릉-동해상사,goff,4,4202032,옥계현내시장,1,19,5.263158,True,2025-05-27,2025-06-03,8,옥계현내시장-옥계현내시장,7
2025,42092100,962,강릉-동해상사,ride,1,4202032,옥계현내시장,42,104,40.384615,True,2025-05-27,2025-06-03,8,옥계현내시장-옥계현내시장,7
2025,42092100,962,강릉-동해상사,ride,2,4201328,산계리종점,37,104,35.576923,True,2025-05-27,2025-06-03,8,옥계현내시장-옥계현내시장,8
2025,42092100,962,강릉-동해상사,ride,3,4201321,산계2리,4,104,3.846154,True,2025-05-27,2025-06-03,8,옥계현내시장-옥계현내시장,3
2025,42092100,962,강릉-동해상사,ride,3,4201325,황기골,4,104,3.846154,True,2025-05-27,2025-06-03,8,옥계현내시장-옥계현내시장,4
2025,42092100,962,강릉-동해상사,ride,5,4201313,음촌,3,104,2.884615,True,2025-05-27,2025-06-03,8,옥계현내시장-옥계현내시장,2
2025,42092100,962,강릉-동해상사,ride,5,4201315,하반암,3,104,2.884615,True,2025-05-27,2025-06-03,8,옥계현내시장-옥계현내시장,3
2025,42092101,963,강릉-동해상사,goff,1,4202032,옥계현내시장,20,24,83.333333,True,2025-05-27,2025-06-03,8,옥계현내시장-옥계현내시장,7
2025,42092101,963,강릉-동해상사,goff,2,4202022,옥계현내시장,3,24,12.5,True,2025-05-27,2025-06-03,8,옥계현내시장-옥계현내시장,8
2025,42092101,963,강릉-동해상사,goff,3,4201366,옥계저수지,1,24,4.166667,True,2025-05-27,2025-06-03,8,옥계현내시장-옥계현내시장,1
2025,42092101,963,강릉-동해상사,ride,1,4202022,옥계현내시장,54,132,40.909091,True,2025-05-27,2025-06-03,8,옥계현내시장-옥계현내시장,8
2025,42092101,963,강릉-동해상사,ride,2,4201357,양지마을,14,132,10.606061,True,2025-05-27,2025-06-03,8,옥계현내시장-옥계현내시장,6
2025,42092101,963,강릉-동해상사,ride,3,4201370,삼밭골,12,132,9.090909,True,2025-05-27,2025-06-03,8,옥계현내시장-옥계현내시장,6
2025,42092101,963,강릉-동해상사,ride,4,4201364,북동리회관,11,132,8.333333,True,2025-05-27,2025-06-03,8,옥계현내시장-옥계현내시장,6
2025,42092101,963,강릉-동해상사,ride,5,4201371,기스목이골,8,132,6.060606,True,2025-05-27,2025-06-03,8,옥계현내시장-옥계현내시장,6
2025,42092102,964,강릉-동해상사,goff,1,4202032,옥계현내시장,21,31,67.741935,True,2025-05-27,2025-06-03,8,옥계현내시장-옥계현내시장,8
2025,42092102,964,강릉-동해상사,goff,2,4202052,옥계면사무소,4,31,12.903226,True,2025-05-27,2025-06-03,8,옥계현내시장-옥계현내시장,4
2025,42092102,964,강릉-동해상사,goff,3,4201107,금진해양파출소,2,31,6.451613,True,2025-05-27,2025-06-03,8,옥계현내시장-옥계현내시장,4
2025,42092102,964,강릉-동해상사,goff,3,4201344,금진2리마을회관,2,31,6.451613,True,2025-05-27,2025-06-03,8,옥계현내시장-옥계현내시장,2
2025,42092102,964,강릉-동해상사,goff,5,4201340,낙풍교,1,31,3.225806,True,2025-05-27,2025-06-03,8,옥계현내시장-옥계현내시장,4
2025,42092102,964,강릉-동해상사,goff,5,4202022,옥계현내시장,1,31,3.225806,True,2025-05-27,2025-06-03,8,옥계현내시장-옥계현내시장,7
2025,42092102,964,강릉-동해상사,ride,1,4202022,옥계현내시장,47,116,40.517241,True,2025-05-27,2025-06-03,8,옥계현내시장-옥계현내시장,7
2025,42092102,964,강릉-동해상사,ride,2,4201348,금진해변,20,116,17.241379,True,2025-05-27,2025-06-03,8,옥계현내시장-옥계현내시장,7
2025,42092102,964,강릉-동해상사,ride,3,4201107,금진해양파출소,14,116,12.068966,True,2025-05-27,2025-06-03,8,옥계현내시장-옥계현내시장,4
2025,42092102,964,강릉-동해상사,ride,3,4201349,해수리튬연구센터,14,116,12.068966,True,2025-05-27,2025-06-03,8,옥계현내시장-옥계현내시장,7
2025,42092102,964,강릉-동해상사,ride,5,4201345,금진2리마을회관,13,116,11.206897,True,2025-05-27,2025-06-03,8,옥계현내시장-옥계현내시장,6
2025,42092103,,,goff,1,4200293,강릉역건너편,6,7,85.714286,False,2025-05-27,2025-06-03,8,강릉역건너편-강릉역건너편,5
2025,42092103,,,goff,2,4200081,강일여고정문,1,7,14.285714,False,2025-05-27,2025-06-03,8,강릉역건너편-강릉역건너편,1
2025,42092103,,,ride,1,4200543,미디어촌5단지,21,51,41.176471,False,2025-05-27,2025-06-03,8,강릉역건너편-강릉역건너편,5
2025,42092103,,,ride,2,4201249,선수촌8단지,16,51,31.372549,False,2025-05-27,2025-06-03,8,강릉역건너편-강릉역건너편,5
2025,42092103,,,ride,3,4200293,강릉역건너편,5,51,9.803922,False,2025-05-27,2025-06-03,8,강릉역건너편-강릉역건너편,5
2025,42092103,,,ride,3,4200401,강릉복합복지체육센터,5,51,9.803922,False,2025-05-27,2025-06-03,8,강릉역건너편-강릉역건너편,5
2025,42092103,,,ride,5,4200118,터미널오거리,1,51,1.960784,False,2025-05-27,2025-06-03,8,강릉역건너편-강릉역건너편,1
2025,42092103,,,ride,5,4200120,강릉시외.고속터미널,1,51,1.960784,False,2025-05-27,2025-06-03,8,강릉역건너편-강릉역건너편,1
2025,42092103,,,ride,5,4200250,용강동서부시장,1,51,1.960784,False,2025-05-27,2025-06-03,8,강릉역건너편-강릉역건너편,1
2025,42092103,,,ride,5,4201042,강원대학교입구,1,51,1.960784,False,2025-05-27,2025-06-03,8,강릉역건너편-강릉역건너편,1
2025,42092105,931,강릉-동해상사,goff,1,4200220,모래내행복센터,43,85,50.588235,True,2025-05-27,2025-06-03,8,경포해변-사기막,8
2025,42092105,931,강릉-동해상사,goff,2,4200223,사천면사무소,16,85,18.823529,True,2025-05-27,2025-06-03,8,경포해변-사기막,7
2025,42092105,931,강릉-동해상사,goff,3,4200150,노동리,3,85,3.529412,True,2025-05-27,2025-06-03,8,경포해변-사기막,3
2025,42092105,931,강릉-동해상사,goff,3,4200160,노동회관,3,85,3.529412,True,2025-05-27,2025-06-03,8,경포해변-사기막,3
2025,42092105,931,강릉-동해상사,goff,3,4200447,사천물회거리,3,85,3.529412,True,2025-05-27,2025-06-03,8,경포해변-사기막,7
2025,42092105,931,강릉-동해상사,ride,1,4200222,사천면사무소,63,174,36.206897,True,2025-05-27,2025-06-03,8,경포해변-사기막,8
2025,42092105,931,강릉-동해상사,ride,2,4201242,경포해변,23,174,13.218391,True,2025-05-27,2025-06-03,8,경포해변-사기막,8
2025,42092105,931,강릉-동해상사,ride,3,4200447,사천물회거리,16,174,9.195402,True,2025-05-27,2025-06-03,8,경포해변-사기막,7
2025,42092105,931,강릉-동해상사,ride,4,4201238,사천진리,14,174,8.045977,True,2025-05-27,2025-06-03,8,경포해변-사기막,7
2025,42092105,931,강릉-동해상사,ride,5,4200008,하평리,10,174,5.747126,True,2025-05-27,2025-06-03,8,경포해변-사기막,5
2025,42092105,931,강릉-동해상사,ride,5,4200165,사천중학교,10,174,5.747126,True,2025-05-27,2025-06-03,8,경포해변-사기막,5
2025,42092106,932,강릉-동해상사,goff,1,4200220,모래내행복센터,4,6,66.666667,True,2025-05-27,2025-06-03,8,사천면사무소-사천면사무소,2
2025,42092106,932,강릉-동해상사,goff,2,4200223,사천면사무소,2,6,33.333333,True,2025-05-27,2025-06-03,8,사천면사무소-사천면사무소,1
2025,42092106,932,강릉-동해상사,ride,1,4200139,석교2리마을회관,6,10,60.0,True,2025-05-27,2025-06-03,8,사천면사무소-사천면사무소,3
2025,42092106,932,강릉-동해상사,ride,2,4200222,사천면사무소,3,10,30.0,True,2025-05-27,2025-06-03,8,사천면사무소-사천면사무소,3
2025,42092106,932,강릉-동해상사,ride,3,4200221,모래내행복센터,1,10,10.0,True,2025-05-27,2025-06-03,8,사천면사무소-사천면사무소,1
2025,42092107,921,강릉-동해상사,goff,1,4200354,연곡면사무소,58,104,55.769231,True,2025-05-27,2025-06-03,8,연곡면사무소-연곡면사무소,8
2025,42092107,921,강릉-동해상사,goff,2,4200330,퇴곡1리경로당,10,104,9.615385,True,2025-05-27,2025-06-03,8,연곡면사무소-연곡면사무소,6
2025,42092107,921,강릉-동해상사,goff,3,4200423,성원사입구,8,104,7.692308,True,2025-05-27,2025-06-03,8,연곡면사무소-연곡면사무소,6
2025,42092107,921,강릉-동해상사,goff,4,4200352,연곡초교,6,104,5.769231,True,2025-05-27,2025-06-03,8,연곡면사무소-연곡면사무소,5
2025,42092107,921,강릉-동해상사,goff,5,4200417,궁궁소,3,104,2.884615,True,2025-05-27,2025-06-03,8,연곡면사무소-연곡면사무소,1
2025,42092107,921,강릉-동해상사,goff,5,4200427,삼산보건진료소,3,104,2.884615,True,2025-05-27,2025-06-03,8,연곡면사무소-연곡면사무소,2
2025,42092107,921,강릉-동해상사,ride,1,4200354,연곡면사무소,109,194,56.185567,True,2025-05-27,2025-06-03,8,연곡면사무소-연곡면사무소,8
2025,42092107,921,강릉-동해상사,ride,2,4200399,송천종점,17,194,8.762887,True,2025-05-27,2025-06-03,8,연곡면사무소-연곡면사무소,6
2025,42092107,921,강릉-동해상사,ride,3,4200327,소금강산돌박물관,11,194,5.670103,True,2025-05-27,2025-06-03,8,연곡면사무소-연곡면사무소,6
2025,42092107,921,강릉-동해상사,ride,4,4200344,송림2리경로당,7,194,3.608247,True,2025-05-27,2025-06-03,8,연곡면사무소-연곡면사무소,6
2025,42092107,921,강릉-동해상사,ride,5,4200422,성원사입구,6,194,3.092784,True,2025-05-27,2025-06-03,8,연곡면사무소-연곡면사무소,4
2025,42092109,922,강릉-동해상사,goff,1,4200354,연곡면사무소,65,94,69.148936,True,2025-05-27,2025-06-03,8,연곡면사무소-연곡면사무소,8
2025,42092109,922,강릉-동해상사,goff,2,4200171,삼산1리,7,94,7.446809,True,2025-05-27,2025-06-03,8,연곡면사무소-연곡면사무소,5
2025,42092109,922,강릉-동해상사,goff,2,4200419,소금강산종점,7,94,7.446809,True,2025-05-27,2025-06-03,8,연곡면사무소-연곡면사무소,8
2025,42092109,922,강릉-동해상사,goff,4,4200328,삼산분소,5,94,5.319149,True,2025-05-27,2025-06-03,8,연곡면사무소-연곡면사무소,4
2025,42092109,922,강릉-동해상사,goff,5,4200169,소금강산분교,2,94,2.12766,True,2025-05-27,2025-06-03,8,연곡면사무소-연곡면사무소,2
2025,42092109,922,강릉-동해상사,goff,5,4200170,삼산1리,2,94,2.12766,True,2025-05-27,2025-06-03,8,연곡면사무소-연곡면사무소,4
2025,42092109,922,강릉-동해상사,goff,5,4200330,퇴곡1리경로당,2,94,2.12766,True,2025-05-27,2025-06-03,8,연곡면사무소-연곡면사무소,3
2025,42092109,922,강릉-동해상사,ride,1,4200354,연곡면사무소,74,157,47.133758,True,2025-05-27,2025-06-03,8,연곡면사무소-연곡면사무소,8
2025,42092109,922,강릉-동해상사,ride,2,4200419,소금강산종점,33,157,21.019108,True,2025-05-27,2025-06-03,8,연곡면사무소-연곡면사무소,8
2025,42092109,922,강릉-동해상사,ride,3,4200355,연곡면사무소,6,157,3.821656,True,2025-05-27,2025-06-03,8,연곡면사무소-연곡면사무소,4
2025,42092109,922,강릉-동해상사,ride,4,4200168,소금강산분교,5,157,3.184713,True,2025-05-27,2025-06-03,8,연곡면사무소-연곡면사무소,3
2025,42092109,922,강릉-동해상사,ride,5,4200170,삼산1리,4,157,2.547771,True,2025-05-27,2025-06-03,8,연곡면사무소-연곡면사무소,4
2025,42092111,931-1,강릉-동해상사,goff,1,4201242,경포해변,47,124,37.903226,False,2025-05-27,2025-06-03,8,사기막-경포해변,8
2025,42092111,931-1,강릉-동해상사,goff,2,4200220,모래내행복센터,34,124,27.419355,True,2025-05-27,2025-06-03,8,사기막-경포해변,8
2025,42092111,931-1,강릉-동해상사,goff,3,4200223,사천면사무소,19,124,15.322581,True,2025-05-27,2025-06-03,8,사기막-경포해변,8
2025,42092111,931-1,강릉-동해상사,goff,4,4201238,사천진리,10,124,8.064516,True,2025-05-27,2025-06-03,8,사기막-경포해변,7
2025,42092111,931-1,강릉-동해상사,goff,5,4200447,사천물회거리,7,124,5.645161,True,2025-05-27,2025-06-03,8,사기막-경포해변,7
2025,42092111,931-1,강릉-동해상사,ride,1,4200223,사천면사무소,38,196,19.387755,True,2025-05-27,2025-06-03,8,사기막-경포해변,8
2025,42092111,931-1,강릉-동해상사,ride,2,4200159,노동회관,15,196,7.653061,True,2025-05-27,2025-06-03,8,사기막-경포해변,8
2025,42092111,931-1,강릉-동해상사,ride,3,4200151,연변,14,196,7.142857,True,2025-05-27,2025-06-03,8,사기막-경포해변,7
2025,42092111,931-1,강릉-동해상사,ride,4,4200447,사천물회거리,13,196,6.632653,True,2025-05-27,2025-06-03,8,사기막-경포해변,7
2025,42092111,931-1,강릉-동해상사,ride,5,4200222,사천면사무소,10,196,5.102041,True,2025-05-27,2025-06-03,8,사기막-경포해변,7
2025,42092111,931-1,강릉-동해상사,ride,5,4201238,사천진리,10,196,5.102041,True,2025-05-27,2025-06-03,8,사기막-경포해변,7
2025,42092111,931-1,강릉-동해상사,ride,5,4202153,운양초등학교,10,196,5.102041,True,2025-05-27,2025-06-03,8,사기막-경포해변,7
2025,42092112,933,강릉-동해상사,goff,1,4200385,덕실리,14,38,36.842105,True,2025-05-27,2025-06-03,8,사천면사무소-사천면사무소,8
2025,42092112,933,강릉-동해상사,goff,2,4200222,사천면사무소,13,38,34.210526,True,2025-05-27,2025-06-03,8,사천면사무소-사천면사무소,7
2025,42092112,933,강릉-동해상사,goff,3,4200418,강릉아산병원.강릉약국,9,38,23.684211,True,2025-05-27,2025-06-03,8,사천면사무소-사천면사무소,6
2025,42092112,933,강릉-동해상사,goff,4,4200223,사천면사무소,2,38,5.263158,True,2025-05-27,2025-06-03,8,사천면사무소-사천면사무소,5
2025,42092112,933,강릉-동해상사,ride,1,4200384,미노리,15,54,27.777778,True,2025-05-27,2025-06-03,8,사천면사무소-사천면사무소,7
2025,42092112,933,강릉-동해상사,ride,1,4200385,덕실리,15,54,27.777778,True,2025-05-27,2025-06-03,8,사천면사무소-사천면사무소,8
2025,42092112,933,강릉-동해상사,ride,3,4200383,산대월리마을회관,13,54,24.074074,True,2025-05-27,2025-06-03,8,사천면사무소-사천면사무소,7
2025,42092112,933,강릉-동해상사,ride,4,4200223,사천면사무소,5,54,9.259259,True,2025-05-27,2025-06-03,8,사천면사무소-사천면사무소,5
2025,42092112,933,강릉-동해상사,ride,5,4200004,숲사랑홍보관,3,54,5.555556,True,2025-05-27,2025-06-03,8,사천면사무소-사천면사무소,2
2025,42092113,930,강릉-동해상사,goff,1,4200220,모래내행복센터,18,34,52.941176,True,2025-05-27,2025-06-03,8,경포해변-사천면사무소,7
2025,42092113,930,강릉-동해상사,goff,2,4200223,사천면사무소,11,34,32.352941,True,2025-05-27,2025-06-03,8,경포해변-사천면사무소,5
2025,42092113,930,강릉-동해상사,goff,3,4200440,산대월리.순포,2,34,5.882353,True,2025-05-27,2025-06-03,8,경포해변-사천면사무소,1
2025,42092113,930,강릉-동해상사,goff,4,4200442,사천해변,1,34,2.941176,True,2025-05-27,2025-06-03,8,경포해변-사천면사무소,3
2025,42092113,930,강릉-동해상사,goff,4,4200447,사천물회거리,1,34,2.941176,True,2025-05-27,2025-06-03,8,경포해변-사천면사무소,5
2025,42092113,930,강릉-동해상사,goff,4,4201238,사천진리,1,34,2.941176,True,2025-05-27,2025-06-03,8,경포해변-사천면사무소,6
2025,42092113,930,강릉-동해상사,ride,1,4201238,사천진리,12,47,25.531915,True,2025-05-27,2025-06-03,8,경포해변-사천면사무소,6
2025,42092113,930,강릉-동해상사,ride,2,4201242,경포해변,11,47,23.404255,True,2025-05-27,2025-06-03,8,경포해변-사천면사무소,6
2025,42092113,930,강릉-동해상사,ride,3,4200447,사천물회거리,8,47,17.021277,True,2025-05-27,2025-06-03,8,경포해변-사천면사무소,5
2025,42092113,930,강릉-동해상사,ride,4,4200008,하평리,6,47,12.765957,True,2025-05-27,2025-06-03,8,경포해변-사천면사무소,3
2025,42092113,930,강릉-동해상사,ride,5,4200442,사천해변,4,47,8.510638,True,2025-05-27,2025-06-03,8,경포해변-사천면사무소,3
2025,42092114,930-1,강릉-동해상사,goff,1,4201242,경포해변,10,25,40.0,False,2025-05-27,2025-06-03,8,사천면사무소-경포해변,5
2025,42092114,930-1,강릉-동해상사,goff,2,4200447,사천물회거리,9,25,36.0,True,2025-05-27,2025-06-03,8,사천면사무소-경포해변,6
2025,42092114,930-1,강릉-동해상사,goff,3,4201238,사천진리,3,25,12.0,True,2025-05-27,2025-06-03,8,사천면사무소-경포해변,4
2025,42092114,930-1,강릉-동해상사,goff,4,4200387,하평리,2,25,8.0,True,2025-05-27,2025-06-03,8,사천면사무소-경포해변,2
2025,42092114,930-1,강릉-동해상사,goff,5,4200441,산대월리.순포,1,25,4.0,True,2025-05-27,2025-06-03,8,사천면사무소-경포해변,1
2025,42092114,930-1,강릉-동해상사,ride,1,4200222,사천면사무소,25,39,64.102564,True,2025-05-27,2025-06-03,8,사천면사무소-경포해변,7
2025,42092114,930-1,강릉-동해상사,ride,2,4200447,사천물회거리,4,39,10.25641,True,2025-05-27,2025-06-03,8,사천면사무소-경포해변,6
2025,42092114,930-1,강릉-동해상사,ride,3,4200437,순긋해변,3,39,7.692308,True,2025-05-27,2025-06-03,8,사천면사무소-경포해변,1
2025,42092114,930-1,강릉-동해상사,ride,3,4201238,사천진리,3,39,7.692308,True,2025-05-27,2025-06-03,8,사천면사무소-경포해변,4
2025,42092114,930-1,강릉-동해상사,ride,5,4200221,모래내행복센터,1,39,2.564103,True,2025-05-27,2025-06-03,8,사천면사무소-경포해변,1
2025,42092114,930-1,강릉-동해상사,ride,5,4200369,가둔지유적,1,39,2.564103,True,2025-05-27,2025-06-03,8,사천면사무소-경포해변,1
2025,42092114,930-1,강릉-동해상사,ride,5,4200439,순포해변,1,39,2.564103,True,2025-05-27,2025-06-03,8,사천면사무소-경포해변,1
2025,42092114,930-1,강릉-동해상사,ride,5,4200443,사천해변,1,39,2.564103,True,2025-05-27,2025-06-03,8,사천면사무소-경포해변,1
2025,42092115,934,강릉-동해상사,goff,1,4200252,신영극장,49,86,56.976744,True,2025-05-27,2025-06-03,8,경포해변-KTX공영주차장,8
2025,42092115,934,강릉-동해상사,goff,2,4200223,사천면사무소,17,86,19.767442,True,2025-05-27,2025-06-03,8,경포해변-KTX공영주차장,8
2025,42092115,934,강릉-동해상사,goff,3,4200220,모래내행복센터,10,86,11.627907,True,2025-05-27,2025-06-03,8,경포해변-KTX공영주차장,7
2025,42092115,934,강릉-동해상사,goff,4,4200154,너다리,2,86,2.325581,True,2025-05-27,2025-06-03,8,경포해변-KTX공영주차장,3
2025,42092115,934,강릉-동해상사,goff,4,4201238,사천진리,2,86,2.325581,True,2025-05-27,2025-06-03,8,경포해변-KTX공영주차장,7
2025,42092115,934,강릉-동해상사,ride,1,4200447,사천물회거리,37,144,25.694444,True,2025-05-27,2025-06-03,8,경포해변-KTX공영주차장,8
2025,42092115,934,강릉-동해상사,ride,2,4201238,사천진리,20,144,13.888889,True,2025-05-27,2025-06-03,8,경포해변-KTX공영주차장,7
2025,42092115,934,강릉-동해상사,ride,3,4200440,산대월리.순포,14,144,9.722222,True,2025-05-27,2025-06-03,8,경포해변-KTX공영주차장,6
2025,42092115,934,강릉-동해상사,ride,3,4201242,경포해변,14,144,9.722222,True,2025-05-27,2025-06-03,8,경포해변-KTX공영주차장,6
2025,42092115,934,강릉-동해상사,ride,5,4200008,하평리,12,144,8.333333,True,2025-05-27,2025-06-03,8,경포해변-KTX공영주차장,7
2025,42092115,934,강릉-동해상사,ride,5,4200390,운양초교,12,144,8.333333,True,2025-05-27,2025-06-03,8,경포해변-KTX공영주차장,5
2025,42092116,934-1,강릉-동해상사,goff,1,4201242,경포해변,24,51,47.058824,False,2025-05-27,2025-06-03,8,KTX공영주차장-경포해변,6
2025,42092116,934-1,강릉-동해상사,goff,2,4200447,사천물회거리,10,51,19.607843,True,2025-05-27,2025-06-03,8,KTX공영주차장-경포해변,5
2025,42092116,934-1,강릉-동해상사,goff,3,4200391,판교리,3,51,5.882353,True,2025-05-27,2025-06-03,8,KTX공영주차장-경포해변,2
2025,42092116,934-1,강릉-동해상사,goff,4,4200387,하평리,2,51,3.921569,True,2025-05-27,2025-06-03,8,KTX공영주차장-경포해변,1
2025,42092116,934-1,강릉-동해상사,goff,4,4200388,미노마을입구,2,51,3.921569,True,2025-05-27,2025-06-03,8,KTX공영주차장-경포해변,2
2025,42092116,934-1,강릉-동해상사,goff,4,4200435,사근진해변,2,51,3.921569,True,2025-05-27,2025-06-03,8,KTX공영주차장-경포해변,4
2025,42092116,934-1,강릉-동해상사,goff,4,4200437,순긋해변,2,51,3.921569,True,2025-05-27,2025-06-03,8,KTX공영주차장-경포해변,2
2025,42092116,934-1,강릉-동해상사,goff,4,4200445,사천캠핑장,2,51,3.921569,True,2025-05-27,2025-06-03,8,KTX공영주차장-경포해변,3
2025,42092116,934-1,강릉-동해상사,ride,1,4200253,교보생명,55,106,51.886792,True,2025-05-27,2025-06-03,8,KTX공영주차장-경포해변,8
2025,42092116,934-1,강릉-동해상사,ride,2,4200222,사천면사무소,22,106,20.754717,True,2025-05-27,2025-06-03,8,KTX공영주차장-경포해변,8
2025,42092116,934-1,강릉-동해상사,ride,3,4201238,사천진리,9,106,8.490566,True,2025-05-27,2025-06-03,8,KTX공영주차장-경포해변,3
2025,42092116,934-1,강릉-동해상사,ride,4,4200435,사근진해변,6,106,5.660377,True,2025-05-27,2025-06-03,8,KTX공영주차장-경포해변,4
2025,42092116,934-1,강릉-동해상사,ride,5,4200008,하평리,4,106,3.773585,True,2025-05-27,2025-06-03,8,KTX공영주차장-경포해변,2
2025,42092116,934-1,강릉-동해상사,ride,5,4200447,사천물회거리,4,106,3.773585,True,2025-05-27,2025-06-03,8,KTX공영주차장-경포해변,5
2025,42092117,935,강릉-동해상사,goff,1,4200160,노동회관,9,37,24.324324,True,2025-05-27,2025-06-03,8,KTX공영주차장-사기막,6
2025,42092117,935,강릉-동해상사,goff,2,4200144,해살이,5,37,13.513514,True,2025-05-27,2025-06-03,8,KTX공영주차장-사기막,2
2025,42092117,935,강릉-동해상사,goff,2,4200146,강릉면허시험장,5,37,13.513514,True,2025-05-27,2025-06-03,8,KTX공영주차장-사기막,3
2025,42092117,935,강릉-동해상사,goff,2,4200152,연변,5,37,13.513514,True,2025-05-27,2025-06-03,8,KTX공영주차장-사기막,4
2025,42092117,935,강릉-동해상사,goff,5,4200150,노동리,4,37,10.810811,True,2025-05-27,2025-06-03,8,KTX공영주차장-사기막,2
2025,42092117,935,강릉-동해상사,ride,1,4200253,교보생명,100,172,58.139535,True,2025-05-27,2025-06-03,8,KTX공영주차장-사기막,8
2025,42092117,935,강릉-동해상사,ride,2,4200222,사천면사무소,58,172,33.72093,True,2025-05-27,2025-06-03,8,KTX공영주차장-사기막,8
2025,42092117,935,강릉-동해상사,ride,3,4200221,모래내행복센터,6,172,3.488372,True,2025-05-27,2025-06-03,8,KTX공영주차장-사기막,3
2025,42092117,935,강릉-동해상사,ride,3,4200797,KTX공영주차장환승장,6,172,3.488372,True,2025-05-27,2025-06-03,8,KTX공영주차장-사기막,2
2025,42092117,935,강릉-동해상사,ride,5,4200160,노동회관,1,172,0.581395,True,2025-05-27,2025-06-03,8,KTX공영주차장-사기막,6
2025,42092117,935,강릉-동해상사,ride,5,4200165,사천중학교,1,172,0.581395,True,2025-05-27,2025-06-03,8,KTX공영주차장-사기막,2
2025,42092118,935-1,강릉-동해상사,goff,1,4200252,신영극장,85,159,53.459119,True,2025-05-27,2025-06-03,8,사기막-KTX공영주차장,8
2025,42092118,935-1,강릉-동해상사,goff,2,4200220,모래내행복센터,31,159,19.496855,True,2025-05-27,2025-06-03,8,사기막-KTX공영주차장,8
2025,42092118,935-1,강릉-동해상사,goff,3,4200223,사천면사무소,30,159,18.867925,True,2025-05-27,2025-06-03,8,사기막-KTX공영주차장,8
2025,42092118,935-1,강릉-동해상사,goff,4,4200294,사천중학교,7,159,4.402516,True,2025-05-27,2025-06-03,8,사기막-KTX공영주차장,2
2025,42092118,935-1,강릉-동해상사,goff,5,4200797,KTX공영주차장환승장,5,159,3.144654,True,2025-05-27,2025-06-03,8,사기막-KTX공영주차장,4
2025,42092118,935-1,강릉-동해상사,ride,1,4200159,노동회관,55,254,21.653543,True,2025-05-27,2025-06-03,8,사기막-KTX공영주차장,8
2025,42092118,935-1,강릉-동해상사,ride,2,4200151,연변,39,254,15.354331,True,2025-05-27,2025-06-03,8,사기막-KTX공영주차장,8
2025,42092118,935-1,강릉-동해상사,ride,3,4200143,해살이,26,254,10.23622,True,2025-05-27,2025-06-03,8,사기막-KTX공영주차장,8
2025,42092118,935-1,강릉-동해상사,ride,4,4200141,사기막마을회관,25,254,9.84252,True,2025-05-27,2025-06-03,8,사기막-KTX공영주차장,7
2025,42092118,935-1,강릉-동해상사,ride,5,4200157,한과마을,18,254,7.086614,True,2025-05-27,2025-06-03,8,사기막-KTX공영주차장,7
2025,42092141,시티1,강릉-동해상사,goff,1,4200244,안목커피거리,169,1237,13.662086,True,2025-05-27,2025-06-03,8,안목커피거리-안목커피거리,8
2025,42092141,시티1,강릉-동해상사,goff,2,4200613,강문해변,107,1237,8.64996,True,2025-05-27,2025-06-03,8,안목커피거리-안목커피거리,8
2025,42092141,시티1,강릉-동해상사,goff,3,4201242,경포해변,97,1237,7.841552,True,2025-05-27,2025-06-03,8,안목커피거리-안목커피거리,8
2025,42092141,시티1,강릉-동해상사,goff,4,4201276,주문진수산시장,88,1237,7.113985,True,2025-05-27,2025-06-03,8,안목커피거리-안목커피거리,8
2025,42092141,시티1,강릉-동해상사,goff,5,4200323,경포해변,66,1237,5.335489,True,2025-05-27,2025-06-03,8,안목커피거리-안목커피거리,8
2025,42092141,시티1,강릉-동해상사,ride,1,4201057,안목커피거리,153,1573,9.726637,True,2025-05-27,2025-06-03,8,안목커피거리-안목커피거리,8
2025,42092141,시티1,강릉-동해상사,ride,2,4201275,주문진수산시장,129,1573,8.20089,True,2025-05-27,2025-06-03,8,안목커피거리-안목커피거리,8
2025,42092141,시티1,강릉-동해상사,ride,3,4201263,안목해변,113,1573,7.183725,True,2025-05-27,2025-06-03,8,안목커피거리-안목커피거리,8
2025,42092141,시티1,강릉-동해상사,ride,4,4201242,경포해변,95,1573,6.039415,True,2025-05-27,2025-06-03,8,안목커피거리-안목커피거리,8
2025,42092141,시티1,강릉-동해상사,ride,5,4201273,도깨비촬영지,89,1573,5.657978,True,2025-05-27,2025-06-03,8,안목커피거리-안목커피거리,8
2025,42092144,206-1,강릉-동해상사,goff,1,4200252,신영극장,127,414,30.676329,True,2025-05-27,2025-06-03,8,강릉고등학교-강릉고정문,8
2025,42092144,206-1,강릉-동해상사,goff,2,4200253,교보생명,44,414,10.628019,True,2025-05-27,2025-06-03,8,강릉고등학교-강릉고정문,8
2025,42092144,206-1,강릉-동해상사,goff,3,4200120,강릉시외.고속터미널,27,414,6.521739,True,2025-05-27,2025-06-03,8,강릉고등학교-강릉고정문,7
2025,42092144,206-1,강릉-동해상사,goff,4,4200530,주공2차아파트,25,414,6.038647,True,2025-05-27,2025-06-03,8,강릉고등학교-강릉고정문,8
2025,42092144,206-1,강릉-동해상사,goff,5,4200249,용강동서부시장,22,414,5.31401,True,2025-05-27,2025-06-03,8,강릉고등학교-강릉고정문,7
2025,42092144,206-1,강릉-동해상사,ride,1,4200253,교보생명,164,833,19.687875,True,2025-05-27,2025-06-03,8,강릉고등학교-강릉고정문,8
2025,42092144,206-1,강릉-동해상사,ride,2,4200530,주공2차아파트,69,833,8.283313,True,2025-05-27,2025-06-03,8,강릉고등학교-강릉고정문,8
2025,42092144,206-1,강릉-동해상사,ride,3,4200121,강릉시외.고속터미널,66,833,7.923169,True,2025-05-27,2025-06-03,8,강릉고등학교-강릉고정문,7
2025,42092144,206-1,강릉-동해상사,ride,4,4200252,신영극장,58,833,6.962785,True,2025-05-27,2025-06-03,8,강릉고등학교-강릉고정문,8
2025,42092144,206-1,강릉-동해상사,ride,5,4200128,구름다리,40,833,4.801921,True,2025-05-27,2025-06-03,8,강릉고등학교-강릉고정문,8
2025,42092144,206-1,강릉-동해상사,ride,5,4200251,한국은행,40,833,4.801921,True,2025-05-27,2025-06-03,8,강릉고등학교-강릉고정문,8
2025,42092151,212,강릉-동해상사,goff,1,4200253,교보생명,56,336,16.666667,True,2025-05-27,2025-06-03,8,안목-안목커피거리,8
2025,42092151,212,강릉-동해상사,goff,2,4200121,강릉시외.고속터미널,51,336,15.178571,True,2025-05-27,2025-06-03,8,안목-안목커피거리,8
2025,42092151,212,강릉-동해상사,goff,3,4200047,강릉고정문,41,336,12.202381,True,2025-05-27,2025-06-03,8,안목-안목커피거리,7
2025,42092151,212,강릉-동해상사,goff,3,4201044,안목커피거리,41,336,12.202381,True,2025-05-27,2025-06-03,8,안목-안목커피거리,8
2025,42092151,212,강릉-동해상사,goff,5,4202156,세인트존스호텔,26,336,7.738095,True,2025-05-27,2025-06-03,8,안목-안목커피거리,7
2025,42092151,212,강릉-동해상사,ride,1,4200721,강릉역,87,490,17.755102,True,2025-05-27,2025-06-03,8,안목-안목커피거리,8
2025,42092151,212,강릉-동해상사,ride,2,4200121,강릉시외.고속터미널,76,490,15.510204,True,2025-05-27,2025-06-03,8,안목-안목커피거리,8
2025,42092151,212,강릉-동해상사,ride,3,4200253,교보생명,34,490,6.938776,True,2025-05-27,2025-06-03,8,안목-안목커피거리,8
2025,42092151,212,강릉-동해상사,ride,4,4200268,삼우은성아파트,33,490,6.734694,True,2025-05-27,2025-06-03,8,안목-안목커피거리,8
2025,42092151,212,강릉-동해상사,ride,4,4201043,안목,33,490,6.734694,True,2025-05-27,2025-06-03,8,안목-안목커피거리,8
2025,42092152,212-1,강릉-동해상사,goff,1,4201044,안목커피거리,70,317,22.082019,True,2025-05-27,2025-06-03,8,안목-안목커피거리,8
2025,42092152,212-1,강릉-동해상사,goff,2,4200252,신영극장,61,317,19.242902,True,2025-05-27,2025-06-03,8,안목-안목커피거리,8
2025,42092152,212-1,강릉-동해상사,goff,3,4200721,강릉역,38,317,11.987382,True,2025-05-27,2025-06-03,8,안목-안목커피거리,8
2025,42092152,212-1,강릉-동해상사,goff,4,4201221,교동하늘채스카이파크,17,317,5.362776,True,2025-05-27,2025-06-03,8,안목-안목커피거리,8
2025,42092152,212-1,강릉-동해상사,goff,5,4200249,용강동서부시장,14,317,4.416404,True,2025-05-27,2025-06-03,8,안목-안목커피거리,7
2025,42092152,212-1,강릉-동해상사,ride,1,4200252,신영극장,129,510,25.294118,True,2025-05-27,2025-06-03,8,안목-안목커피거리,8
2025,42092152,212-1,강릉-동해상사,ride,2,4200121,강릉시외.고속터미널,76,510,14.901961,True,2025-05-27,2025-06-03,8,안목-안목커피거리,8
2025,42092152,212-1,강릉-동해상사,ride,3,4201043,안목,36,510,7.058824,True,2025-05-27,2025-06-03,8,안목-안목커피거리,6
2025,42092152,212-1,강릉-동해상사,ride,4,4200106,KT,25,510,4.901961,True,2025-05-27,2025-06-03,8,안목-안목커피거리,7
2025,42092152,212-1,강릉-동해상사,ride,5,4200280,송정해변,19,510,3.72549,True,2025-05-27,2025-06-03,8,안목-안목커피거리,6
2025,42101048,,,goff,1,4202032,옥계현내시장,10,11,90.909091,False,2025-05-27,2025-06-03,8,노봉-노봉,8
2025,42101048,,,goff,2,4202082,옥계역,1,11,9.090909,False,2025-05-27,2025-06-03,8,노봉-노봉,2
2025,42101048,,,ride,1,4202032,옥계현내시장,23,48,47.916667,False,2025-05-27,2025-06-03,8,노봉-노봉,8
2025,42101048,,,ride,2,4202022,옥계현내시장,14,48,29.166667,False,2025-05-27,2025-06-03,8,노봉-노봉,5
2025,42101048,,,ride,3,4202042,옥계면사무소,3,48,6.25,False,2025-05-27,2025-06-03,8,노봉-노봉,3
2025,42101048,,,ride,3,4202062,주수1리,3,48,6.25,False,2025-05-27,2025-06-03,8,노봉-노봉,3
2025,42101048,,,ride,5,4202152,도직리,2,48,4.166667,False,2025-05-27,2025-06-03,8,노봉-노봉,1
2025,42101049,,,goff,1,4202032,옥계현내시장,14,26,53.846154,False,2025-05-27,2025-06-03,8,대동.부영아파트-대동아파트,7
2025,42101049,,,goff,2,4202052,옥계면사무소,7,26,26.923077,False,2025-05-27,2025-06-03,8,대동.부영아파트-대동아파트,6
2025,42101049,,,goff,3,4202092,옥계역,3,26,11.538462,False,2025-05-27,2025-06-03,8,대동.부영아파트-대동아파트,3
2025,42101049,,,goff,4,4202072,주수1리,1,26,3.846154,False,2025-05-27,2025-06-03,8,대동.부영아파트-대동아파트,1
2025,42101049,,,goff,4,4202132,한라시멘트,1,26,3.846154,False,2025-05-27,2025-06-03,8,대동.부영아파트-대동아파트,1
2025,42101049,,,ride,1,4202022,옥계현내시장,21,61,34.42623,False,2025-05-27,2025-06-03,8,대동.부영아파트-대동아파트,5
2025,42101049,,,ride,2,4202032,옥계현내시장,12,61,19.672131,False,2025-05-27,2025-06-03,8,대동.부영아파트-대동아파트,7
2025,42101049,,,ride,3,4202062,주수1리,9,61,14.754098,False,2025-05-27,2025-06-03,8,대동.부영아파트-대동아파트,5
2025,42101049,,,ride,4,4202082,옥계역,8,61,13.114754,False,2025-05-27,2025-06-03,8,대동.부영아파트-대동아파트,4
2025,42101049,,,ride,5,4202042,옥계면사무소,6,61,9.836066,False,2025-05-27,2025-06-03,8,대동.부영아파트-대동아파트,2
2025,42101054,,,goff,1,4202032,옥계현내시장,11,17,64.705882,False,2025-05-27,2025-06-03,8,옥계현내시장-옥계현내시장,5
2025,42101054,,,goff,2,4202052,옥계면사무소,4,17,23.529412,False,2025-05-27,2025-06-03,8,옥계현내시장-옥계현내시장,2
2025,42101054,,,goff,3,4202092,옥계역,2,17,11.764706,False,2025-05-27,2025-06-03,8,옥계현내시장-옥계현내시장,2
2025,42101054,,,ride,1,4202022,옥계현내시장,34,44,77.272727,False,2025-05-27,2025-06-03,8,옥계현내시장-옥계현내시장,7
2025,42101054,,,ride,2,4202062,주수1리,6,44,13.636364,False,2025-05-27,2025-06-03,8,옥계현내시장-옥계현내시장,4
2025,42101054,,,ride,3,4202082,옥계역,2,44,4.545455,False,2025-05-27,2025-06-03,8,옥계현내시장-옥계현내시장,1
2025,42101054,,,ride,3,4202122,한라시멘트,2,44,4.545455,False,2025-05-27,2025-06-03,8,옥계현내시장-옥계현내시장,1
2025,43104005,,,goff,1,4312050,향호리종점,20,20,100.0,False,2025-05-27,2025-06-03,8,양양종합여객터미-양양종합터미널앞,8
2025,43104005,,,ride,1,4312050,향호리종점,30,30,100.0,False,2025-05-27,2025-06-03,8,양양종합여객터미-양양종합터미널앞,8
2025,43107001,,,goff,1,4312050,향호리종점,20,20,100.0,False,2025-05-27,2025-06-03,8,향호리종점-향호리종점,7
2025,43107001,,,ride,1,4311940,향호리종점,91,149,61.073826,False,2025-05-27,2025-06-03,8,향호리종점-향호리종점,8
2025,43107001,,,ride,2,4312050,향호리종점,58,149,38.926174,False,2025-05-27,2025-06-03,8,향호리종점-향호리종점,7
2025,43107002,,,goff,1,4312050,향호리종점,3,3,100.0,False,2025-05-27,2025-06-03,8,향호리종점-향호리종점,2
2025,43107002,,,ride,1,4311940,향호리종점,15,20,75.0,False,2025-05-27,2025-06-03,8,향호리종점-향호리종점,4
2025,43107002,,,ride,2,4312050,향호리종점,5,20,25.0,False,2025-05-27,2025-06-03,8,향호리종점-향호리종점,2
2025,43107003,,,goff,1,4312050,향호리종점,21,23,91.304348,False,2025-05-27,2025-06-03,8,향호리종점-향호리종점,6
2025,43107003,,,goff,2,4311940,향호리종점,2,23,8.695652,False,2025-05-27,2025-06-03,8,향호리종점-향호리종점,7
2025,43107003,,,ride,1,4311940,향호리종점,76,142,53.521127,False,2025-05-27,2025-06-03,8,향호리종점-향호리종점,7
2025,43107003,,,ride,2,4312050,향호리종점,66,142,46.478873,False,2025-05-27,2025-06-03,8,향호리종점-향호리종점,6
