year,route_id,route_name_current,company_name_current,route_in_current_bis,sttn_id,sttn_nm,name_source,stop_in_current_bis_inventory,stop_on_current_route,current_station_orders,source_2025_station_sequences,longitude,latitude,ride_nope,goff_nope,ride_rank,goff_rank,ride_share_pct,goff_share_pct
2025,25517001,,,False,1102393,,unavailable,False,False,,0,,,2644,40,1,1,100.0,100.0
2025,42001001,200,강릉-동진버스,True,4200042,롯데캐슬아파트,BIS inventory,True,True,43,40 | 41,128.89120929799194,37.766948306391974,4940,1063,9,26,2.272246,1.062458
2025,42001001,200,강릉-동진버스,True,4200051,송정래미안,BIS inventory,True,True,62,58 | 60,128.93021609974548,37.78282723196739,47,240,63,50,0.021619,0.239878
2025,42001001,200,강릉-동진버스,True,4200052,송정래미안,BIS inventory,True,True,6,4,128.93038982126572,37.78292573478735,382,29,54,65,0.175708,0.028985
2025,42001001,200,강릉-동진버스,True,4200053,오성학교,BIS inventory,True,True,5,3,128.93312248716418,37.77978287851338,1774,30,32,63,0.815985,0.029985
2025,42001001,200,강릉-동진버스,True,4200054,삼익아파트,BIS inventory,True,True,63,59 | 61,128.93336344346523,37.7794509217129,75,926,61,30,0.034498,0.925528
2025,42001001,200,강릉-동진버스,True,4200055,해당화연립,BIS inventory,True,True,4,2,128.93501598562065,37.778964657496246,1859,45,31,61,0.855082,0.044977
2025,42001001,200,강릉-동진버스,True,4200056,해당화연립,BIS inventory,True,True,64,60 | 62,128.9356053065312,37.7785328972295,117,636,59,36,0.053816,0.635676
2025,42001001,200,강릉-동진버스,True,4200086,강원대학교후문,BIS inventory,True,True,34,31 | 32,128.8748802531449,37.77322772576275,36,2905,65,7,0.016559,2.903519
2025,42001001,200,강릉-동진버스,True,4200087,강원대학교후문,BIS inventory,True,True,36,33 | 34,128.87498639848286,37.77315204059329,12220,47,5,60,5.62082,0.046976
2025,42001001,200,강릉-동진버스,True,4200088,문성고등학교,BIS inventory,True,True,37,34 | 35,128.8747975765768,37.776789915738114,12452,77,4,56,5.727533,0.076961
2025,42001001,200,강릉-동진버스,True,4200089,문성고등학교,BIS inventory,True,True,33,30 | 31,128.87460137001867,37.776791669303456,220,2139,57,11,0.101193,2.13791
2025,42001001,200,강릉-동진버스,True,4200090,한옥마을,BIS inventory,True,True,38,35 | 36,128.8775249835254,37.777067812459386,592,63,48,59,0.272302,0.062968
2025,42001001,200,강릉-동진버스,True,4200091,한옥마을,BIS inventory,True,True,32,29 | 30,128.877399547533,37.77711052551884,41,645,64,35,0.018859,0.644671
2025,42001001,200,강릉-동진버스,True,4200092,오죽헌,BIS inventory,True,True,39,36 | 37,128.8797380363922,37.77879711032111,1542,346,35,46,0.709272,0.345824
2025,42001001,200,강릉-동진버스,True,4200093,오죽헌,BIS inventory,True,True,31,28 | 29,128.88009218006442,37.77900408798861,89,985,60,29,0.040937,0.984498
2025,42001001,200,강릉-동진버스,True,4200094,강릉여고,BIS inventory,True,True,48,45 | 46,128.90248424479844,37.75904463050879,4015,1164,11,23,1.846775,1.163407
2025,42001001,200,강릉-동진버스,True,4200095,한국자산관리공사,BIS inventory,True,True,21,18 | 19,128.90111921880606,37.75827929877246,3280,1244,20,22,1.508698,1.243366
2025,42001001,200,강릉-동진버스,True,4200101,강릉고입구,BIS inventory,True,True,9,6 | 7,128.92013482012848,37.783607089094346,3597,302,14,49,1.654508,0.301846
2025,42001001,200,강릉-동진버스,True,4200102,강릉고입구,BIS inventory,True,True,59,56 | 57,128.92044843215433,37.78352944320342,711,1496,45,16,0.327038,1.495237
2025,42001001,200,강릉-동진버스,True,4200103,경포고교,BIS inventory,True,True,58,55 | 56,128.9190546436117,37.78057981084284,480,703,52,34,0.220785,0.702642
2025,42001001,200,강릉-동진버스,True,4200104,동명중학교,BIS inventory,True,True,12,10 | 9,128.91637238303827,37.777185998905715,1337,75,38,58,0.614978,0.074962
2025,42001001,200,강릉-동진버스,True,4200105,동명중학교,BIS inventory,True,True,56,53 | 54,128.9161008666347,37.77658681943468,784,429,44,42,0.360616,0.428781
2025,42001001,200,강릉-동진버스,True,4200106,KT,BIS inventory,True,True,14,11 | 12,128.91181164590185,37.77275858732733,6393,823,8,31,2.940581,0.82258
2025,42001001,200,강릉-동진버스,True,4200107,KT,BIS inventory,True,True,54,51 | 52,128.9125052185983,37.77309475265464,2586,3402,22,6,1.18948,3.400266
2025,42001001,200,강릉-동진버스,True,4200108,동인병원입구,BIS inventory,True,True,15,12 | 13,128.90953558421478,37.77125258486367,3549,308,15,48,1.63243,0.307843
2025,42001001,200,강릉-동진버스,True,4200109,동인병원입구,BIS inventory,True,True,53,50 | 51,128.9094857690125,37.77102450992961,661,2106,46,12,0.304039,2.104926
2025,42001001,200,강릉-동진버스,True,4200110,하슬라중,BIS inventory,True,True,16,13 | 14,128.90715554439282,37.77053362559672,2529,340,23,47,1.163261,0.339827
2025,42001001,200,강릉-동진버스,True,4200111,하슬라중,BIS inventory,True,True,52,49 | 50,128.90761293140218,37.77043125987649,1871,1117,30,25,0.860602,1.116431
2025,42001001,200,강릉-동진버스,True,4200112,강릉관광개발공사,BIS inventory,True,True,17,14 | 15,128.9085231695166,37.76800046518587,1243,611,40,37,0.571741,0.610689
2025,42001001,200,강릉-동진버스,True,4200113,강릉관광개발공사,BIS inventory,True,True,51,48 | 49,128.90865897771857,37.76820323697218,510,1290,51,20,0.234584,1.289342
2025,42001001,200,강릉-동진버스,True,4200240,젤마을,BIS inventory,True,True,41,38 | 39,128.887733025105,37.775438249928285,1254,431,39,41,0.576801,0.43078
2025,42001001,200,강릉-동진버스,True,4200241,우성공업사,BIS inventory,True,True,29,26 | 27,128.8881180126791,37.77538642162077,535,380,50,44,0.246083,0.379806
2025,42001001,200,강릉-동진버스,True,4200242,율곡중학교,BIS inventory,True,True,42,39 | 40,128.89021344037266,37.771874448370795,2102,348,27,45,0.966855,0.347823
2025,42001001,200,강릉-동진버스,True,4200243,율곡중학교,BIS inventory,True,True,28,25 | 26,128.89033943348878,37.77216892177817,615,521,47,39,0.282881,0.520734
2025,42001001,200,강릉-동진버스,True,4200245,이명사거리,BIS inventory,True,True,44,41 | 42,128.89157918705828,37.764565078717,8179,604,7,38,3.762086,0.603692
2025,42001001,200,강릉-동진버스,True,4200246,이명사거리,BIS inventory,True,True,26,23 | 24,128.89177153862124,37.764700407126554,1078,2574,41,9,0.495846,2.572688
2025,42001001,200,강릉-동진버스,True,4200247,강릉제일고,BIS inventory,True,True,45,42 | 43,128.8918779735197,37.759537356247826,3291,1036,19,27,1.513758,1.035472
2025,42001001,200,강릉-동진버스,True,4200248,강릉제일고,BIS inventory,True,True,25,22 | 23,128.89200478710157,37.759050283679514,1471,1394,37,17,0.676614,1.393289
2025,42001001,200,강릉-동진버스,True,4200249,용강동서부시장,BIS inventory,True,True,46,43 | 44,128.89167287030088,37.75492247590215,3799,4363,13,5,1.747422,4.360776
2025,42001001,200,강릉-동진버스,True,4200250,용강동서부시장,BIS inventory,True,True,24,21 | 22,128.89174828581776,37.7556582744871,3348,1358,18,19,1.539976,1.357308
2025,42001001,200,강릉-동진버스,True,4200251,한국은행,BIS inventory,True,True,23,20 | 21,128.89406630781096,37.753485602290496,9040,2722,6,8,4.158119,2.720612
2025,42001001,200,강릉-동진버스,True,4200252,신영극장,BIS inventory,True,True,47,44 | 45,128.8961287589657,37.75448236011555,32009,19400,1,1,14.723145,19.390111
2025,42001001,200,강릉-동진버스,True,4200253,교보생명,BIS inventory,True,True,22,19 | 20,128.89811415297848,37.756002485379526,20145,14406,3,2,9.266074,14.398657
2025,42001001,200,강릉-동진버스,True,4200258,용지각,BIS inventory,True,True,49,46 | 47,128.90534669055177,37.76147384168322,1725,1497,33,15,0.793446,1.496237
2025,42001001,200,강릉-동진버스,True,4200259,용지각,BIS inventory,True,True,20,17 | 18,128.90537716328666,37.76184119439877,3500,1152,16,24,1.609891,1.151413
2025,42001001,200,강릉-동진버스,True,4200260,동남아파트,BIS inventory,True,True,50,47 | 48,128.9088062489658,37.764638779656714,1482,2007,36,13,0.681674,2.005977
2025,42001001,200,강릉-동진버스,True,4200262,로얄아파트.포남1동주민센터,BIS inventory,True,True,18,15 | 16,128.90933288179943,37.76545703763149,4890,706,10,33,2.249248,0.70564
2025,42001001,200,강릉-동진버스,True,4200279,신도브래뉴,BIS inventory,True,True,65,61 | 63,128.93862914925478,37.77730338810464,245,1036,55,27,0.112692,1.035472
2025,42001001,200,강릉-동진버스,True,4200280,송정해변,BIS inventory,True,True,3,1,128.9381119893655,37.77768849372205,1892,30,29,63,0.870261,0.029985
2025,42001001,200,강릉-동진버스,True,4200288,경포고교,BIS inventory,True,True,10,7 | 8,128.91881546540267,37.78075927662396,3860,164,12,53,1.77548,0.163916
2025,42001001,200,강릉-동진버스,True,4200289,한솔초교,BIS inventory,True,True,13,10 | 11,128.9142086436632,37.775058134113436,2422,225,24,52,1.114045,0.224885
2025,42001001,200,강릉-동진버스,True,4200290,한솔초교,BIS inventory,True,True,55,52 | 53,128.91448068318238,37.77500059793141,394,814,53,32,0.181228,0.813585
2025,42001001,200,강릉-동진버스,True,4200318,포남시장,BIS inventory,True,True,19,16 | 17,128.90766061502285,37.76392281820552,2704,488,21,40,1.243756,0.487751
2025,42001001,200,강릉-동진버스,True,4200356,강원대학교,BIS inventory,True,True,35,32 | 33,128.87391738137654,37.77033026766949,22943,4700,2,3,10.553067,4.697604
2025,42001001,200,강릉-동진버스,True,4200569,교2동주민센터,BIS inventory,True,True,27,24 | 25,128.8921038226677,37.76840335678918,1668,1284,34,21,0.767228,1.283345
2025,42001001,200,강릉-동진버스,True,4200769,오죽헌입구,BIS inventory,True,True,30,27 | 28,128.8828973977968,37.77942746550242,968,427,42,43,0.44525,0.426782
2025,42001001,200,강릉-동진버스,True,4201043,안목,BIS inventory,True,True,1,0,128.94526892930932,37.77285146151794,3481,40,17,62,1.601152,0.03998
2025,42001001,200,강릉-동진버스,True,4201044,안목커피거리,BIS inventory,True,True,67,62 | 64,128.94543559396536,37.77260342997581,2366,4493,25,4,1.088286,4.49071
2025,42001001,200,강릉-동진버스,True,4201220,포남2주공입구,BIS inventory,True,True,11,8 | 9,128.9179885478381,37.77901498558293,2013,82,28,55,0.925917,0.081958
2025,42001001,200,강릉-동진버스,True,4201233,초당분수공원,BIS inventory,True,True,8,5 | 6,128.9221385517862,37.785996929695614,2244,150,26,54,1.03217,0.149924
2025,42001001,200,강릉-동진버스,True,4201234,초당분수공원,BIS inventory,True,True,60,57 | 58,128.92421540479356,37.78614360918137,225,1367,56,18,0.103493,1.366303
2025,42001001,200,강릉-동진버스,True,4201236,포남2주공입구,BIS inventory,True,True,57,54 | 55,128.91810027987142,37.77873395771816,189,1507,58,14,0.086934,1.506232
2025,42001001,200,강릉-동진버스,True,4201382,오죽헌입구,BIS inventory,True,True,40,37 | 38,128.88300783523746,37.779420150144524,790,2448,43,10,0.363375,2.446752
2025,42001001,200,강릉-동진버스,True,4202171,신라모노그램,BIS inventory,True,True,61,59,128.92766337576,37.78423838201166,50,234,62,51,0.022998,0.233881
2025,42001001,200,강릉-동진버스,True,4202172,신라모노그램,BIS inventory,True,True,7,5,128.92730314100064,37.78470637599459,557,77,49,56,0.256203,0.076961
2025,42001002,202,강릉-동진버스,True,4200042,롯데캐슬아파트,BIS inventory,True,True,12,0 | 11,128.89120929799194,37.766948306391974,5122,2332,10,12,2.479655,1.975334
2025,42001002,202,강릉-동진버스,True,4200045,형제막국수,BIS inventory,True,True,26,0 | 25,128.86624288991882,37.755124519467394,106,238,41,38,0.051317,0.201599
2025,42001002,202,강릉-동진버스,True,4200071,경포현대아파트,BIS inventory,True,True,43,0 | 42,128.90335968993816,37.80120612421906,581,2546,36,11,0.281273,2.156604
2025,42001002,202,강릉-동진버스,True,4200073,경포대.참소리박물관,BIS inventory,True,True,42,0 | 41,128.89723222843386,37.79547838966498,397,1992,37,14,0.192195,1.687335
2025,42001002,202,강릉-동진버스,True,4200076,선교장,BIS inventory,True,True,39,0 | 38,128.88470029533363,37.78507057730054,1011,505,31,34,0.489444,0.427763
2025,42001002,202,강릉-동진버스,True,4200078,경포동주민센터,BIS inventory,True,True,38,0 | 37,128.8806150484207,37.78405330055861,218,277,39,37,0.105538,0.234634
2025,42001002,202,강릉-동진버스,True,4200095,한국자산관리공사,BIS inventory,True,True,16,0 | 15,128.90111921880606,37.75827929877246,4531,3449,12,10,2.193541,2.921495
2025,42001002,202,강릉-동진버스,True,4200114,고용센터,BIS inventory,True,True,20,0 | 19,128.88893105798073,37.75744085258255,2169,863,24,24,1.050053,0.731009
2025,42001002,202,강릉-동진버스,True,4200116,적십자입구,BIS inventory,True,True,21,0 | 20,128.88726321660565,37.757196360936135,1152,850,29,25,0.557705,0.719997
2025,42001002,202,강릉-동진버스,True,4200118,터미널오거리,BIS inventory,True,True,22,0 | 21,128.8840640923818,37.75608209292866,1008,1910,32,15,0.487991,1.617876
2025,42001002,202,강릉-동진버스,True,4200120,강릉시외.고속터미널,BIS inventory,True,True,23,0 | 22,128.8792265208128,37.75505492071011,8154,11510,5,4,3.947502,9.74961
2025,42001002,202,강릉-동진버스,True,4200127,구름다리,BIS inventory,True,True,30,0 | 29,128.87654770197503,37.764512872809554,4253,5263,13,6,2.058956,4.458054
2025,42001002,202,강릉-동진버스,True,4200129,주공3차아파트,BIS inventory,True,True,31,0 | 30,128.87933873663175,37.76410589188944,2742,1097,21,20,1.327453,0.92922
2025,42001002,202,강릉-동진버스,True,4200131,하이빌현대아파트,BIS inventory,True,True,32,0 | 31,128.8824547932286,37.764860822549025,757,536,35,32,0.366478,0.454022
2025,42001002,202,강릉-동진버스,True,4200133,주공1차아파트,BIS inventory,True,True,33,0 | 32,128.88288690646792,37.76665665089728,994,730,33,28,0.481214,0.618351
2025,42001002,202,강릉-동진버스,True,4200134,부영2차아파트,BIS inventory,True,True,34,0 | 33,128.88281079370944,37.77016072015751,4177,1061,16,21,2.022163,0.898726
2025,42001002,202,강릉-동진버스,True,4200137,방축거리,BIS inventory,True,True,35,0 | 34,128.88360346383243,37.77333257715457,203,990,40,22,0.098276,0.838585
2025,42001002,202,강릉-동진버스,True,4200237,선교장입구,BIS inventory,True,True,37,0 | 36,128.8801857915523,37.78222354537227,1232,320,28,36,0.596434,0.271058
2025,42001002,202,강릉-동진버스,True,4200239,오죽헌,BIS inventory,True,True,36,0 | 35,128.88242080274284,37.78040719543912,4231,3852,15,9,2.048305,3.262858
2025,42001002,202,강릉-동진버스,True,4200250,용강동서부시장,BIS inventory,True,True,19,0 | 18,128.89174828581776,37.7556582744871,7199,1880,7,16,3.485169,1.592465
2025,42001002,202,강릉-동진버스,True,4200251,한국은행,BIS inventory,True,True,18,0 | 17,128.89406630781096,37.753485602290496,15388,4016,4,8,7.449615,3.401775
2025,42001002,202,강릉-동진버스,True,4200253,교보생명,BIS inventory,True,True,17,0 | 16,128.89811415297848,37.756002485379526,37886,24277,1,1,18.341313,20.56397
2025,42001002,202,강릉-동진버스,True,4200256,옥천119안전센터,BIS inventory,True,True,15,0 | 14,128.9022376115818,37.76136928474395,1854,2295,26,13,0.897556,1.943993
2025,42001002,202,강릉-동진버스,True,4200283,해운정,BIS inventory,True,True,40,0 | 39,128.8896806331549,37.78564440698094,48,133,43,43,0.023238,0.112658
2025,42001002,202,강릉-동진버스,True,4200293,강릉역건너편,BIS inventory,True,True,14,0 | 13,128.8990669694857,37.76400772021464,7565,11729,6,3,3.662356,9.935116
2025,42001002,202,강릉-동진버스,True,4200401,강릉복합복지체육센터,BIS inventory,True,True,29,0 | 28,128.87017698555522,37.76290354322161,829,1741,34,17,0.401334,1.474724
2025,42001002,202,강릉-동진버스,True,4200431,강릉국민체육센터,BIS inventory,True,True,9,0 | 8,128.8964868887264,37.776906315186,3731,190,18,40,1.806246,0.160941
2025,42001002,202,강릉-동진버스,True,4200432,종합경기장,BIS inventory,True,True,10,0 | 9,128.89654249784542,37.771109941446205,4146,549,17,31,2.007155,0.465034
2025,42001002,202,강릉-동진버스,True,4200543,미디어촌5단지,BIS inventory,True,True,25,0 | 24,128.86758571434657,37.753701754139904,5411,5836,9,5,2.619565,4.943417
2025,42001002,202,강릉-동진버스,True,4200546,e-편한세상아파트,BIS inventory,True,True,11,0 | 10,128.89508217030252,37.76981271024109,4232,1357,14,18,2.048789,1.149454
2025,42001002,202,강릉-동진버스,True,4200565,우미린아파트,BIS inventory,True,True,24,0 | 23,128.87023572987053,37.75716460769394,1459,4652,27,7,0.706329,3.940503
2025,42001002,202,강릉-동진버스,True,4200567,한내들아파트,BIS inventory,True,True,27,0 | 26,128.8681446784216,37.75790349269205,2254,840,23,26,1.091203,0.711527
2025,42001002,202,강릉-동진버스,True,4200612,강릉아이스아레나,BIS inventory,True,True,8,0 | 7,128.89502259832767,37.78025795268572,2659,223,22,39,1.287271,0.188893
2025,42001002,202,강릉-동진버스,True,4200647,허난설헌삼거리,BIS inventory,True,True,4,0 | 3,128.91326614067623,37.792240418323686,5080,682,11,30,2.459322,0.577692
2025,42001002,202,강릉-동진버스,True,4201241,순두부마을,BIS inventory,True,True,41,0 | 40,128.8929863409179,37.7864529101926,101,532,42,33,0.048896,0.450634
2025,42001002,202,강릉-동진버스,True,4201242,경포해변,BIS inventory,True,True,1,0 | 43,128.9052529004403,37.80440358093674,30020,12416,2,2,14.533237,10.517043
2025,42001002,202,강릉-동진버스,True,4201249,선수촌8단지,BIS inventory,True,True,28,0 | 27,128.87029355520082,37.76060110592661,2095,1164,25,19,1.014228,0.985973
2025,42001002,202,강릉-동진버스,True,4201255,모안이서낭당,BIS inventory,True,True,7,0 | 6,128.90266311761613,37.78356022910187,1037,168,30,41,0.502031,0.142305
2025,42001002,202,강릉-동진버스,True,4201257,강릉녹색도시체험센터,BIS inventory,True,True,6,0 | 5,128.90662264590688,37.78655657001431,2860,690,20,29,1.384579,0.584468
2025,42001002,202,강릉-동진버스,True,4201258,허균.허난설헌기념공원,BIS inventory,True,True,5,0 | 4,128.9098403915302,37.789953897145395,3165,799,19,27,1.532235,0.676797
2025,42001002,202,강릉-동진버스,True,4201260,강문해변입구,BIS inventory,True,True,3,0 | 2,128.91519487645675,37.79459950672752,17514,983,3,23,8.478851,0.832656
2025,42001002,202,강릉-동진버스,True,4201266,경포호,BIS inventory,True,True,2,0 | 1,128.91144337577538,37.79931158521169,6669,137,8,42,3.228586,0.116047
2025,42001002,202,강릉-동진버스,True,4201376,가작다리입구,BIS inventory,True,True,13,0 | 12,128.8944549231389,37.76589747732919,318,446,38,35,0.15395,0.377787
2025,42001002,202,강릉-동진버스,True,~,,unavailable,False,False,,0,,,3,0,,,0.001452,0.0
2025,42001003,206,강릉-동진버스,True,4200011,동부아파트,BIS inventory,True,True,4,3,128.9151327017873,37.78401368458876,12598,67,6,57,3.944345,0.043228
2025,42001003,206,강릉-동진버스,True,4200039,유화아파트,BIS inventory,True,True,3,2,128.91342886671308,37.785727014906996,4244,7,22,63,1.328766,0.004516
2025,42001003,206,강릉-동진버스,True,4200041,허균생가입구,BIS inventory,True,True,2,1,128.91292892790995,37.78786454215139,1725,8,38,62,0.540085,0.005162
2025,42001003,206,강릉-동진버스,True,4200043,이화해변타운,BIS inventory,True,True,5,4,128.91744670191798,37.78316591377611,2066,17,33,61,0.64685,0.010968
2025,42001003,206,강릉-동진버스,True,4200047,강릉고정문,BIS inventory,True,True,63,60 | 61 | 62,128.91550078840652,37.78828834947499,201,7305,55,4,0.062932,4.713116
2025,42001003,206,강릉-동진버스,True,4200049,남강초교,BIS inventory,True,True,50,48 | 49,128.91338089940805,37.76735161096919,1349,2695,41,15,0.422362,1.738788
2025,42001003,206,강릉-동진버스,True,4200052,송정래미안,BIS inventory,True,True,59,57 | 58,128.93038982126572,37.78292573478735,145,459,60,44,0.045398,0.296142
2025,42001003,206,강릉-동진버스,True,4200053,오성학교,BIS inventory,True,True,58,56 | 57,128.93312248716418,37.77978287851338,375,602,50,40,0.11741,0.388405
2025,42001003,206,강릉-동진버스,True,4200055,해당화연립,BIS inventory,True,True,57,55 | 56,128.93501598562065,37.778964657496246,579,2259,49,20,0.181281,1.457485
2025,42001003,206,강릉-동진버스,True,4200057,강릉경찰서,BIS inventory,True,True,13,11 | 12,128.90688706685629,37.768055768979885,4988,507,17,43,1.561707,0.327112
2025,42001003,206,강릉-동진버스,True,4200060,솔올중학교,BIS inventory,True,True,33,31 | 32,128.8798722504925,37.77163504014371,2017,584,36,41,0.631508,0.376791
2025,42001003,206,강릉-동진버스,True,4200080,경포초등학교,BIS inventory,True,True,34,32 | 33,128.87893593974582,37.76974854746925,6743,741,14,39,2.111186,0.478086
2025,42001003,206,강릉-동진버스,True,4200094,강릉여고,BIS inventory,True,True,47,45 | 46,128.90248424479844,37.75904463050879,4830,2744,18,14,1.512239,1.770403
2025,42001003,206,강릉-동진버스,True,4200100,강원도교육연수원,BIS inventory,True,True,62,59 | 60 | 61,128.91813970318609,37.785074864473685,50,3289,62,10,0.015655,2.122031
2025,42001003,206,강릉-동진버스,True,4200104,동명중학교,BIS inventory,True,True,8,6 | 7,128.91637238303827,37.777185998905715,2039,53,35,58,0.638396,0.034195
2025,42001003,206,강릉-동진버스,True,4200106,KT,BIS inventory,True,True,10,8 | 9,128.91181164590185,37.77275858732733,10280,890,8,36,3.218595,0.574219
2025,42001003,206,강릉-동진버스,True,4200108,동인병원입구,BIS inventory,True,True,11,10 | 9,128.90953558421478,37.77125258486367,4455,356,21,48,1.394829,0.229688
2025,42001003,206,강릉-동진버스,True,4200110,하슬라중,BIS inventory,True,True,12,10 | 11,128.90715554439282,37.77053362559672,2952,327,28,50,0.92425,0.210977
2025,42001003,206,강릉-동진버스,True,4200114,고용센터,BIS inventory,True,True,21,19 | 20,128.88893105798073,37.75744085258255,2099,1067,32,33,0.657182,0.688418
2025,42001003,206,강릉-동진버스,True,4200115,고용센터,BIS inventory,True,True,44,42 | 43,128.8890663454416,37.75714942132559,2917,1334,29,30,0.913292,0.860684
2025,42001003,206,강릉-동진버스,True,4200116,적십자입구,BIS inventory,True,True,22,20 | 21,128.88726321660565,37.757196360936135,852,997,46,35,0.266755,0.643255
2025,42001003,206,강릉-동진버스,True,4200117,적십자입구,BIS inventory,True,True,43,41 | 42,128.88647213220725,37.75676623567213,1809,330,37,49,0.566385,0.212913
2025,42001003,206,강릉-동진버스,True,4200118,터미널오거리,BIS inventory,True,True,23,21 | 22,128.8840640923818,37.75608209292866,1058,2268,44,19,0.331252,1.463292
2025,42001003,206,강릉-동진버스,True,4200119,터미널오거리,BIS inventory,True,True,42,40 | 41,128.88381140539954,37.755579088211434,3873,394,24,46,1.212609,0.254205
2025,42001003,206,강릉-동진버스,True,4200120,강릉시외.고속터미널,BIS inventory,True,True,24,22 | 23,128.8792265208128,37.75505492071011,5028,12730,16,3,1.574231,8.213274
2025,42001003,206,강릉-동진버스,True,4200121,강릉시외.고속터미널,BIS inventory,True,True,41,39 | 40,128.87911620808939,37.75486594086855,22574,2830,3,12,7.06776,1.825889
2025,42001003,206,강릉-동진버스,True,4200122,강릉문화원,BIS inventory,True,True,25,23 | 24,128.8740921031382,37.75789663608161,366,2077,51,24,0.114592,1.340061
2025,42001003,206,강릉-동진버스,True,4200123,우편집중국,BIS inventory,True,True,26,24 | 25,128.8733706824724,37.76051485370646,185,2836,58,11,0.057922,1.82976
2025,42001003,206,강릉-동진버스,True,4200124,우편집중국,BIS inventory,True,True,40,38 | 39,128.87347187490323,37.76156496879712,8822,423,9,45,2.762106,0.272916
2025,42001003,206,강릉-동진버스,True,4200125,솔올공연장,BIS inventory,True,True,27,25 | 26,128.87460623301726,37.76366952964576,352,5943,52,7,0.110209,3.834367
2025,42001003,206,강릉-동진버스,True,4200126,솔올공연장,BIS inventory,True,True,39,37 | 38,128.87424793205705,37.763507530751156,7427,254,12,51,2.325341,0.163878
2025,42001003,206,강릉-동진버스,True,4200127,구름다리,BIS inventory,True,True,28,26 | 27,128.87654770197503,37.764512872809554,679,7073,47,5,0.21259,4.563432
2025,42001003,206,강릉-동진버스,True,4200128,구름다리,BIS inventory,True,True,38,36 | 37,128.87743298775584,37.764682397677966,20925,510,4,42,6.551469,0.329047
2025,42001003,206,강릉-동진버스,True,4200129,주공3차아파트,BIS inventory,True,True,29,27 | 28,128.87933873663175,37.76410589188944,194,2346,56,18,0.06074,1.513617
2025,42001003,206,강릉-동진버스,True,4200130,현대2차아파트,BIS inventory,True,True,37,35 | 36,128.87999435131803,37.764311243841746,8053,105,10,55,2.521337,0.067745
2025,42001003,206,강릉-동진버스,True,4200131,하이빌현대아파트,BIS inventory,True,True,30,28 | 29,128.8824547932286,37.764860822549025,22,868,63,37,0.006888,0.560025
2025,42001003,206,강릉-동진버스,True,4200132,율곡초등학교,BIS inventory,True,True,36,34 | 35,128.88221538693716,37.765100900268116,1534,41,39,60,0.480285,0.026453
2025,42001003,206,강릉-동진버스,True,4200133,주공1차아파트,BIS inventory,True,True,31,29 | 30,128.88288690646792,37.76665665089728,124,1767,61,27,0.038824,1.140051
2025,42001003,206,강릉-동진버스,True,4200134,부영2차아파트,BIS inventory,True,True,32,30 | 31,128.88281079370944,37.77016072015751,4587,2180,20,22,1.436157,1.406515
2025,42001003,206,강릉-동진버스,True,4200249,용강동서부시장,BIS inventory,True,True,45,43 | 44,128.89167287030088,37.75492247590215,4077,6871,23,6,1.27648,4.433103
2025,42001003,206,강릉-동진버스,True,4200250,용강동서부시장,BIS inventory,True,True,20,18 | 19,128.89174828581776,37.7556582744871,7865,1556,11,28,2.462476,1.003916
2025,42001003,206,강릉-동진버스,True,4200251,한국은행,BIS inventory,True,True,19,17 | 18,128.89406630781096,37.753485602290496,20477,3786,5,8,6.411204,2.442691
2025,42001003,206,강릉-동진버스,True,4200252,신영극장,BIS inventory,True,True,46,44 | 45,128.8961287589657,37.75448236011555,36695,27160,2,1,11.488945,17.523372
2025,42001003,206,강릉-동진버스,True,4200253,교보생명,BIS inventory,True,True,18,16 | 17,128.89811415297848,37.756002485379526,44044,17807,1,2,13.789865,11.488906
2025,42001003,206,강릉-동진버스,True,4200258,용지각,BIS inventory,True,True,48,46 | 47,128.90534669055177,37.76147384168322,3112,2672,27,16,0.974345,1.723949
2025,42001003,206,강릉-동진버스,True,4200260,동남아파트,BIS inventory,True,True,49,47 | 48,128.9088062489658,37.764638779656714,2627,3377,30,9,0.822495,2.178808
2025,42001003,206,강릉-동진버스,True,4200265,혜성연립,BIS inventory,True,True,51,49 | 50,128.91575952067353,37.76841531999017,1074,2641,43,17,0.336262,1.703948
2025,42001003,206,강릉-동진버스,True,4200267,삼우은성아파트,BIS inventory,True,True,52,50 | 51,128.91973659122027,37.77025900516923,1372,2105,40,23,0.429563,1.358126
2025,42001003,206,강릉-동진버스,True,4200269,이마트,BIS inventory,True,True,53,51 | 52,128.92346774482266,37.772222356268564,1135,2822,42,13,0.35536,1.820727
2025,42001003,206,강릉-동진버스,True,4200271,송정동주민센터,BIS inventory,True,True,54,52 | 53,128.9281580126049,37.77420386430584,182,1015,59,34,0.056983,0.654868
2025,42001003,206,강릉-동진버스,True,4200273,송정신원아침도시,BIS inventory,True,True,55,53 | 54,128.93190852770562,37.774810233413945,206,1472,53,29,0.064497,0.94972
2025,42001003,206,강릉-동진버스,True,4200277,비치소라아파트,BIS inventory,True,True,56,54 | 55,128.93435177478304,37.77578862012879,655,1792,48,26,0.205076,1.156181
2025,42001003,206,강릉-동진버스,True,4200287,강릉고등학교,BIS inventory,True,True,1,0,128.91470458416677,37.788540253578724,11646,133,7,54,3.64628,0.08581
2025,42001003,206,강릉-동진버스,True,4200288,경포고교,BIS inventory,True,True,6,4 | 5,128.91881546540267,37.78075927662396,6926,168,13,53,2.168482,0.108392
2025,42001003,206,강릉-동진버스,True,4200289,한솔초교,BIS inventory,True,True,9,7 | 8,128.9142086436632,37.775058134113436,3136,204,26,52,0.981859,0.131619
2025,42001003,206,강릉-동진버스,True,4200292,주공1차아파트,BIS inventory,True,True,35,33 | 34,128.88256780330317,37.766843575404636,5420,46,15,59,1.696964,0.029679
2025,42001003,206,강릉-동진버스,True,4200315,구터미널,BIS inventory,True,True,16,14 | 15,128.8988430353628,37.76163002626936,2188,1315,31,31,0.685047,0.848425
2025,42001003,206,강릉-동진버스,True,4200320,강릉역육거리,BIS inventory,True,True,15,13 | 14,128.9015605860337,37.763796951176055,3353,2186,25,21,1.049801,1.410386
2025,42001003,206,강릉-동진버스,True,4200322,동도센트리움,BIS inventory,True,True,14,12 | 13,128.90456486009336,37.76619195310031,4670,813,19,38,1.462144,0.52454
2025,42001003,206,강릉-동진버스,True,4200365,삼성디지털센터,BIS inventory,True,True,17,15 | 16,128.8966989039856,37.75811194350719,972,1303,45,32,0.304326,0.840683
2025,42001003,206,강릉-동진버스,True,4201220,포남2주공입구,BIS inventory,True,True,7,5 | 6,128.9179885478381,37.77901498558293,2052,101,34,56,0.642467,0.065164
2025,42001003,206,강릉-동진버스,True,4201233,초당분수공원,BIS inventory,True,True,61,58 | 59 | 60,128.9221385517862,37.785996929695614,187,1983,57,25,0.058548,1.279413
2025,42001003,206,강릉-동진버스,True,4202172,신라모노그램,BIS inventory,True,True,60,59,128.92730314100064,37.78470637599459,204,382,54,47,0.063871,0.246463
2025,42001003,206,강릉-동진버스,True,~,,unavailable,False,False,,0,,,3,0,,,0.000939,0.0
2025,42001004,207,강릉-동진버스,True,4200011,동부아파트,BIS inventory,True,True,6,5,128.9151327017873,37.78401368458876,5885,60,8,59,3.471485,0.069081
2025,42001004,207,강릉-동진버스,True,4200039,유화아파트,BIS inventory,True,True,5,4,128.91342886671308,37.785727014906996,2296,32,22,62,1.354381,0.036843
2025,42001004,207,강릉-동진버스,True,4200041,허균생가입구,BIS inventory,True,True,4,3,128.91292892790995,37.78786454215139,551,16,46,67,0.325028,0.018422
2025,42001004,207,강릉-동진버스,True,4200043,이화해변타운,BIS inventory,True,True,7,6,128.91744670191798,37.78316591377611,983,9,36,69,0.579859,0.010362
2025,42001004,207,강릉-동진버스,True,4200047,강릉고정문,BIS inventory,True,True,68,65 | 66 | 67,128.91550078840652,37.78828834947499,114,3120,63,6,0.067247,3.592235
2025,42001004,207,강릉-동진버스,True,4200049,남강초교,BIS inventory,True,True,55,53 | 54,128.91338089940805,37.76735161096919,815,1369,39,17,0.480758,1.576208
2025,42001004,207,강릉-동진버스,True,4200052,송정래미안,BIS inventory,True,True,64,62 | 63,128.93038982126572,37.78292573478735,75,180,67,52,0.044242,0.207244
2025,42001004,207,강릉-동진버스,True,4200053,오성학교,BIS inventory,True,True,63,61 | 62,128.93312248716418,37.77978287851338,170,192,58,50,0.100281,0.221061
2025,42001004,207,강릉-동진버스,True,4200055,해당화연립,BIS inventory,True,True,62,60 | 61,128.93501598562065,37.778964657496246,449,1140,51,23,0.264859,1.312547
2025,42001004,207,강릉-동진버스,True,4200057,강릉경찰서,BIS inventory,True,True,15,13 | 14,128.90688706685629,37.768055768979885,2642,351,21,45,1.558481,0.404126
2025,42001004,207,강릉-동진버스,True,4200060,솔올중학교,BIS inventory,True,True,35,33 | 34,128.8798722504925,37.77163504014371,108,612,64,37,0.063708,0.704631
2025,42001004,207,강릉-동진버스,True,4200083,지변동,BIS inventory,True,True,36,34 | 35,128.87676045382563,37.771874023944235,28,911,70,27,0.016517,1.048887
2025,42001004,207,강릉-동진버스,True,4200084,풋살경기장옆,BIS inventory,True,True,38,36 | 37,128.87680703199706,37.77165010517057,3224,6,15,70,1.901796,0.006908
2025,42001004,207,강릉-동진버스,True,4200094,강릉여고,BIS inventory,True,True,52,50 | 51,128.90248424479844,37.75904463050879,3152,1463,16,15,1.859324,1.684436
2025,42001004,207,강릉-동진버스,True,4200098,허난설헌삼거리,BIS inventory,True,True,2,1,128.9131333359753,37.79177727582709,1974,11,26,68,1.164437,0.012665
2025,42001004,207,강릉-동진버스,True,4200100,강원도교육연수원,BIS inventory,True,True,67,64 | 65 | 66,128.91813970318609,37.785074864473685,131,1794,62,10,0.077275,2.065535
2025,42001004,207,강릉-동진버스,True,4200104,동명중학교,BIS inventory,True,True,10,8 | 9,128.91637238303827,37.777185998905715,1203,60,34,59,0.709634,0.069081
2025,42001004,207,강릉-동진버스,True,4200106,KT,BIS inventory,True,True,12,10 | 11,128.91181164590185,37.77275858732733,7000,604,6,38,4.129209,0.69542
2025,42001004,207,강릉-동진버스,True,4200108,동인병원입구,BIS inventory,True,True,13,11 | 12,128.90953558421478,37.77125258486367,3076,234,17,47,1.814492,0.269418
2025,42001004,207,강릉-동진버스,True,4200110,하슬라중,BIS inventory,True,True,14,12 | 13,128.90715554439282,37.77053362559672,2151,131,23,54,1.268847,0.150828
2025,42001004,207,강릉-동진버스,True,4200114,고용센터,BIS inventory,True,True,23,21 | 22,128.88893105798073,37.75744085258255,782,508,40,40,0.461292,0.58489
2025,42001004,207,강릉-동진버스,True,4200115,고용센터,BIS inventory,True,True,49,47 | 48,128.8890663454416,37.75714942132559,1388,783,32,33,0.818763,0.901513
2025,42001004,207,강릉-동진버스,True,4200116,적십자입구,BIS inventory,True,True,24,22 | 23,128.88726321660565,37.757196360936135,576,382,45,43,0.339775,0.439819
2025,42001004,207,강릉-동진버스,True,4200117,적십자입구,BIS inventory,True,True,48,46 | 47,128.88647213220725,37.75676623567213,901,364,37,44,0.531488,0.419094
2025,42001004,207,강릉-동진버스,True,4200118,터미널오거리,BIS inventory,True,True,25,23 | 24,128.8840640923818,37.75608209292866,578,779,44,34,0.340955,0.896907
2025,42001004,207,강릉-동진버스,True,4200119,터미널오거리,BIS inventory,True,True,47,45 | 46,128.88381140539954,37.755579088211434,1830,196,28,49,1.079493,0.225666
2025,42001004,207,강릉-동진버스,True,4200120,강릉시외.고속터미널,BIS inventory,True,True,26,24 | 25,128.8792265208128,37.75505492071011,3295,4992,13,3,1.943678,5.747576
2025,42001004,207,강릉-동진버스,True,4200121,강릉시외.고속터미널,BIS inventory,True,True,46,44 | 45,128.87911620808939,37.75486594086855,12707,1494,3,13,7.495694,1.720128
2025,42001004,207,강릉-동진버스,True,4200122,강릉문화원,BIS inventory,True,True,27,25 | 26,128.8740921031382,37.75789663608161,224,827,56,30,0.132135,0.952173
2025,42001004,207,강릉-동진버스,True,4200123,우편집중국,BIS inventory,True,True,28,26 | 27,128.8733706824724,37.76051485370646,108,1332,64,18,0.063708,1.533608
2025,42001004,207,강릉-동진버스,True,4200124,우편집중국,BIS inventory,True,True,45,43 | 44,128.87347187490323,37.76156496879712,5430,223,9,48,3.203086,0.256753
2025,42001004,207,강릉-동진버스,True,4200125,솔올공연장,BIS inventory,True,True,29,27 | 28,128.87460623301726,37.76366952964576,233,2826,54,7,0.137444,3.253736
2025,42001004,207,강릉-동진버스,True,4200126,솔올공연장,BIS inventory,True,True,44,42 | 43,128.87424793205705,37.763507530751156,3238,108,14,57,1.910054,0.124347
2025,42001004,207,강릉-동진버스,True,4200127,구름다리,BIS inventory,True,True,30,28 | 29,128.87654770197503,37.764512872809554,451,3335,50,5,0.266039,3.839777
2025,42001004,207,강릉-동진버스,True,4200128,구름다리,BIS inventory,True,True,43,41 | 42,128.87743298775584,37.764682397677966,7926,270,5,46,4.675444,0.310867
2025,42001004,207,강릉-동진버스,True,4200129,주공3차아파트,BIS inventory,True,True,31,29 | 30,128.87933873663175,37.76410589188944,299,1235,52,22,0.176376,1.421926
2025,42001004,207,강릉-동진버스,True,4200130,현대2차아파트,BIS inventory,True,True,42,40 | 41,128.87999435131803,37.764311243841746,4167,115,10,56,2.458059,0.132406
2025,42001004,207,강릉-동진버스,True,4200131,하이빌현대아파트,BIS inventory,True,True,32,30 | 31,128.8824547932286,37.764860822549025,52,414,69,42,0.030674,0.476662
2025,42001004,207,강릉-동진버스,True,4200132,율곡초등학교,BIS inventory,True,True,41,39 | 40,128.88221538693716,37.765100900268116,672,28,43,64,0.396404,0.032238
2025,42001004,207,강릉-동진버스,True,4200133,주공1차아파트,BIS inventory,True,True,33,31 | 32,128.88288690646792,37.76665665089728,134,994,61,26,0.079045,1.144449
2025,42001004,207,강릉-동진버스,True,4200134,부영2차아파트,BIS inventory,True,True,34,32 | 33,128.88281079370944,37.77016072015751,242,796,53,32,0.142753,0.916481
2025,42001004,207,강릉-동진버스,True,4200135,부영2차아파트,BIS inventory,True,True,39,37 | 38,128.8825125758686,37.77002923948558,1527,32,31,62,0.900757,0.036843
2025,42001004,207,강릉-동진버스,True,4200249,용강동서부시장,BIS inventory,True,True,50,48 | 49,128.89167287030088,37.75492247590215,1974,3839,26,4,1.164437,4.420061
2025,42001004,207,강릉-동진버스,True,4200250,용강동서부시장,BIS inventory,True,True,22,20 | 21,128.89174828581776,37.7556582744871,3026,817,18,31,1.784998,0.940659
2025,42001004,207,강릉-동진버스,True,4200251,한국은행,BIS inventory,True,True,21,19 | 20,128.89406630781096,37.753485602290496,8507,2056,4,9,5.018169,2.367191
2025,42001004,207,강릉-동진버스,True,4200252,신영극장,BIS inventory,True,True,51,49 | 50,128.8961287589657,37.75448236011555,18873,14809,2,1,11.132937,17.050452
2025,42001004,207,강릉-동진버스,True,4200253,교보생명,BIS inventory,True,True,20,18 | 19,128.89811415297848,37.756002485379526,20606,11564,1,2,12.155211,13.314298
2025,42001004,207,강릉-동진버스,True,4200258,용지각,BIS inventory,True,True,53,51 | 52,128.90534669055177,37.76147384168322,1342,1274,33,20,0.791628,1.466829
2025,42001004,207,강릉-동진버스,True,4200260,동남아파트,BIS inventory,True,True,54,52 | 53,128.9088062489658,37.764638779656714,1558,1732,30,11,0.919044,1.994151
2025,42001004,207,강릉-동진버스,True,4200265,혜성연립,BIS inventory,True,True,56,54 | 55,128.91575952067353,37.76841531999017,536,1307,48,19,0.316179,1.504824
2025,42001004,207,강릉-동진버스,True,4200267,삼우은성아파트,BIS inventory,True,True,57,55 | 56,128.91973659122027,37.77025900516923,681,1002,42,25,0.401713,1.15366
2025,42001004,207,강릉-동진버스,True,4200269,이마트,BIS inventory,True,True,58,56 | 57,128.92346774482266,37.772222356268564,548,1446,47,16,0.323258,1.664863
2025,42001004,207,강릉-동진버스,True,4200271,송정동주민센터,BIS inventory,True,True,59,57 | 58,128.9281580126049,37.77420386430584,136,452,60,41,0.080225,0.520414
2025,42001004,207,강릉-동진버스,True,4200273,송정신원아침도시,BIS inventory,True,True,60,58 | 59,128.93190852770562,37.774810233413945,230,725,55,36,0.135674,0.834734
2025,42001004,207,강릉-동진버스,True,4200277,비치소라아파트,BIS inventory,True,True,61,59 | 60,128.93435177478304,37.77578862012879,191,852,57,28,0.112668,0.980957
2025,42001004,207,강릉-동진버스,True,4200287,강릉고등학교,BIS inventory,True,True,3,2,128.91470458416677,37.788540253578724,3959,28,11,64,2.335363,0.032238
2025,42001004,207,강릉-동진버스,True,4200288,경포고교,BIS inventory,True,True,8,6 | 7,128.91881546540267,37.78075927662396,2822,190,20,51,1.664661,0.218758
2025,42001004,207,강릉-동진버스,True,4200289,한솔초교,BIS inventory,True,True,11,10 | 9,128.9142086436632,37.775058134113436,2054,125,25,55,1.211628,0.14392
2025,42001004,207,강릉-동진버스,True,4200292,주공1차아파트,BIS inventory,True,True,40,38 | 39,128.88256780330317,37.766843575404636,3361,36,12,61,1.98261,0.041449
2025,42001004,207,강릉-동진버스,True,4200315,구터미널,BIS inventory,True,True,18,16 | 17,128.8988430353628,37.76163002626936,1044,836,35,29,0.615842,0.962535
2025,42001004,207,강릉-동진버스,True,4200320,강릉역육거리,BIS inventory,True,True,17,15 | 16,128.9015605860337,37.763796951176055,2079,1244,24,21,1.226375,1.432289
2025,42001004,207,강릉-동진버스,True,4200322,동도센트리움,BIS inventory,True,True,16,14 | 15,128.90456486009336,37.76619195310031,2968,566,19,39,1.750785,0.651668
2025,42001004,207,강릉-동진버스,True,4200356,강원대학교,BIS inventory,True,True,37,35 | 36,128.87391738137654,37.77033026766949,6010,1468,7,14,3.545221,1.690193
2025,42001004,207,강릉-동진버스,True,4200365,삼성디지털센터,BIS inventory,True,True,19,17 | 18,128.8966989039856,37.75811194350719,479,771,49,35,0.282556,0.887697
2025,42001004,207,강릉-동진버스,True,4200370,허균.허난설헌기념공원,BIS inventory,True,True,1,0,128.90979333997709,37.79017067397969,763,19,41,66,0.450084,0.021876
2025,42001004,207,강릉-동진버스,True,4200371,허균.허난설헌기념공원,BIS inventory,True,True,70,67 | 68 | 69,128.9099040371541,37.79022786972901,888,1556,38,12,0.52382,1.791512
2025,42001004,207,강릉-동진버스,True,4200647,허난설헌삼거리,BIS inventory,True,True,69,66 | 67 | 68,128.91326614067623,37.792240418323686,65,2486,68,8,0.038343,2.862275
2025,42001004,207,강릉-동진버스,True,4201220,포남2주공입구,BIS inventory,True,True,9,7 | 8,128.9179885478381,37.77901498558293,1784,78,29,58,1.052358,0.089806
2025,42001004,207,강릉-동진버스,True,4201233,초당분수공원,BIS inventory,True,True,66,63 | 64 | 65,128.9221385517862,37.785996929695614,156,1072,59,24,0.092022,1.234255
2025,42001004,207,강릉-동진버스,True,4202172,신라모노그램,BIS inventory,True,True,65,64,128.92730314100064,37.78470637599459,97,176,66,53,0.057219,0.202639
2025,42001005,300,강릉-동진버스,True,4200002,소돌해변입구,BIS inventory,True,True,53,52,128.81905535960837,37.90780434670355,15,554,55,48,0.003114,0.2305
2025,42001005,300,강릉-동진버스,True,4200182,주문진해변,BIS inventory,True,True,54,53,128.81704671925502,37.90944057885068,102,4705,52,15,0.021175,1.957586
2025,42001005,300,강릉-동진버스,True,4200185,소돌,BIS inventory,True,True,52,51,128.8213252547112,37.90592204016269,124,2907,49,27,0.025742,1.209501
2025,42001005,300,강릉-동진버스,True,4200188,양양고개,BIS inventory,True,True,49,48,128.82822436017406,37.899998054568016,122,3426,50,23,0.025326,1.425439
2025,42001005,300,강릉-동진버스,True,4200192,북부지구대,BIS inventory,True,True,46,45,128.829270567591,37.89460960314925,1032,5138,35,13,0.214236,2.137743
2025,42001005,300,강릉-동진버스,True,4200195,주문진항입구,BIS inventory,True,True,45,44,128.82690557497094,37.892668432750234,3152,9802,29,7,0.654334,4.07827
2025,42001005,300,강릉-동진버스,True,4200196,작은다리,BIS inventory,True,True,44,43,128.8261349428677,37.89101262248175,5381,18007,23,2,1.11706,7.492084
2025,42001005,300,강릉-동진버스,True,4200198,원마트,BIS inventory,True,True,43,42,128.82575730347685,37.88826959645488,4185,12112,26,3,0.868778,5.039381
2025,42001005,300,강릉-동진버스,True,4200200,주문진시외버스터미널,BIS inventory,True,True,42,41,128.8253113527999,37.88508198031381,4987,10505,25,6,1.035268,4.370764
2025,42001005,300,강릉-동진버스,True,4200202,주문진식자재마트,BIS inventory,True,True,41,40,128.82596782269363,37.881485546216574,7770,3740,17,21,1.613,1.556083
2025,42001005,300,강릉-동진버스,True,4200206,강원도립대,BIS inventory,True,True,39,38,128.8283096996467,37.87693859362977,7154,6325,19,11,1.485123,2.631612
2025,42001005,300,강릉-동진버스,True,4200208,북부노인종합복지관,BIS inventory,True,True,38,37,128.83042321750824,37.874681277863154,10485,5872,11,12,2.176616,2.443134
2025,42001005,300,강릉-동진버스,True,4200209,영진입구,BIS inventory,True,True,37,36,128.83637261045655,37.87054167536418,3495,2251,28,29,0.725539,0.936563
2025,42001005,300,강릉-동진버스,True,4200211,삼천리아파트,BIS inventory,True,True,36,35,128.8383288212433,37.86906384505761,20349,7371,6,10,4.224317,3.066816
2025,42001005,300,강릉-동진버스,True,4200212,연곡면사무소,BIS inventory,True,True,35,34,128.83761397394952,37.85995465828368,10129,11512,12,4,2.102713,4.789741
2025,42001005,300,강릉-동진버스,True,4200214,연곡해변입구,BIS inventory,True,True,34,33,128.84162112920617,37.854539181009365,290,1133,47,40,0.060202,0.471402
2025,42001005,300,강릉-동진버스,True,4200215,구라미휴게소,BIS inventory,True,True,33,32,128.8412803433516,37.845869087009575,441,339,42,51,0.091549,0.141046
2025,42001005,300,강릉-동진버스,True,4200217,구라미,BIS inventory,True,True,32,31,128.8421871924033,37.84071328241807,534,350,39,50,0.110855,0.145623
2025,42001005,300,강릉-동진버스,True,4200221,모래내행복센터,BIS inventory,True,True,29,28,128.84881781800846,37.82675602435266,1817,1893,33,32,0.377197,0.787611
2025,42001005,300,강릉-동진버스,True,4200222,사천면사무소,BIS inventory,True,True,28,27,128.84928192865996,37.82385848393331,2124,5039,31,14,0.440928,2.096552
2025,42001005,300,강릉-동진버스,True,4200225,북부노인대학,BIS inventory,True,True,27,26,128.85083641112433,37.82016343083045,450,1149,41,38,0.093417,0.478059
2025,42001005,300,강릉-동진버스,True,4200226,방골마을입구,BIS inventory,True,True,25,24,128.8558844116181,37.81329996910386,645,1234,38,37,0.133898,0.513424
2025,42001005,300,강릉-동진버스,True,4200227,학고개,BIS inventory,True,True,24,23,128.86104076560957,37.80452897124611,332,418,45,49,0.068921,0.173915
2025,42001005,300,강릉-동진버스,True,4200229,즈므.과학단지,BIS inventory,True,True,23,22,128.86079294239343,37.79710821329875,319,951,46,43,0.066222,0.395678
2025,42001005,300,강릉-동진버스,True,4200231,한밭입구,BIS inventory,True,True,22,21,128.86496052027113,37.791610745411326,135,689,48,45,0.028025,0.286669
2025,42001005,300,강릉-동진버스,True,4200233,행정마을,BIS inventory,True,True,21,20,128.8703519994515,37.78859256038236,662,2775,37,28,0.137427,1.154581
2025,42001005,300,강릉-동진버스,True,4200235,법원.검찰청,BIS inventory,True,True,20,19,128.8739503928752,37.785042447818554,1451,1970,34,31,0.301218,0.819648
2025,42001005,300,강릉-동진버스,True,4200237,선교장입구,BIS inventory,True,True,19,18,128.8801857915523,37.78222354537227,1955,2009,32,30,0.405845,0.835875
2025,42001005,300,강릉-동진버스,True,4200239,오죽헌,BIS inventory,True,True,18,17,128.88242080274284,37.78040719543912,8158,4432,15,18,1.693547,1.844001
2025,42001005,300,강릉-동진버스,True,4200241,우성공업사,BIS inventory,True,True,17,16,128.8881180126791,37.77538642162077,3143,1839,30,34,0.652466,0.765144
2025,42001005,300,강릉-동진버스,True,4200243,율곡중학교,BIS inventory,True,True,16,15,128.89033943348878,37.77216892177817,5278,1730,24,35,1.095678,0.719793
2025,42001005,300,강릉-동진버스,True,4200246,이명사거리,BIS inventory,True,True,14,13,128.89177153862124,37.764700407126554,11717,7984,9,8,2.432371,3.321864
2025,42001005,300,강릉-동진버스,True,4200248,강릉제일고,BIS inventory,True,True,13,12,128.89200478710157,37.759050283679514,10516,4275,10,20,2.183052,1.778678
2025,42001005,300,강릉-동진버스,True,4200250,용강동서부시장,BIS inventory,True,True,12,11,128.89174828581776,37.7556582744871,22530,4360,5,19,4.677078,1.814044
2025,42001005,300,강릉-동진버스,True,4200251,한국은행,BIS inventory,True,True,11,10,128.89406630781096,37.753485602290496,35333,7933,3,9,7.334896,3.300644
2025,42001005,300,강릉-동진버스,True,4200253,교보생명,BIS inventory,True,True,10,9,128.89811415297848,37.756002485379526,119961,40612,1,1,24.903106,16.897236
2025,42001005,300,강릉-동진버스,True,4200257,옥천119안전센터,BIS inventory,True,True,6,5,128.90305174420297,37.761041080134646,5470,1136,22,39,1.135536,0.47265
2025,42001005,300,강릉-동진버스,True,4200259,용지각,BIS inventory,True,True,5,4,128.90537716328666,37.76184119439877,13330,581,8,47,2.767219,0.241734
2025,42001005,300,강릉-동진버스,True,4200261,북강릉IC,BIS inventory,True,True,31,30,128.84425534198513,37.83689529134246,109,236,51,54,0.022628,0.098191
2025,42001005,300,강릉-동진버스,True,4200262,로얄아파트.포남1동주민센터,BIS inventory,True,True,3,2,128.90933288179943,37.76545703763149,14936,1040,7,41,3.100614,0.432708
2025,42001005,300,강릉-동진버스,True,4200298,보성연립,BIS inventory,True,True,50,49,128.82558444232305,37.90204313561504,16,720,54,44,0.003321,0.299567
2025,42001005,300,강릉-동진버스,True,4200299,주문2리,BIS inventory,True,True,48,47,128.83067123183636,37.89750003400375,476,1848,40,33,0.098814,0.768888
2025,42001005,300,강릉-동진버스,True,4200300,수협사거리,BIS inventory,True,True,47,46,128.8314095884837,37.895774457125356,807,3601,36,22,0.167528,1.49825
2025,42001005,300,강릉-동진버스,True,4200308,주문진중.고등학교.강릉정보고,BIS inventory,True,True,40,39,128.82672327638434,37.87982425913257,7396,4518,18,17,1.53536,1.879782
2025,42001005,300,강릉-동진버스,True,4200314,청솔공원,BIS inventory,True,True,30,29,128.84780404863866,37.83218520189828,345,298,44,52,0.07162,0.123987
2025,42001005,300,강릉-동진버스,True,4200315,구터미널,BIS inventory,True,True,8,7,128.8988430353628,37.76163002626936,5801,991,21,42,1.204249,0.412321
2025,42001005,300,강릉-동진버스,True,4200318,포남시장,BIS inventory,True,True,4,3,128.90766061502285,37.76392281820552,9171,630,13,46,1.903839,0.262121
2025,42001005,300,강릉-동진버스,True,4200365,삼성디지털센터,BIS inventory,True,True,9,8,128.8966989039856,37.75811194350719,3940,3047,27,26,0.817918,1.26775
2025,42001005,300,강릉-동진버스,True,4200418,강릉아산병원.강릉약국,BIS inventory,True,True,26,25,128.8564121349402,37.81631278949057,8049,11339,16,5,1.670919,4.717762
2025,42001005,300,강릉-동진버스,True,4200473,향호리,BIS inventory,True,True,55,54,128.81023394642006,37.915207861254615,380,3323,43,24,0.078885,1.382584
2025,42001005,300,강릉-동진버스,True,4200521,방학골,BIS inventory,True,True,51,50,128.82291244813646,37.90463362511824,28,1554,53,36,0.005813,0.646565
2025,42001005,300,강릉-동진버스,True,4200569,교2동주민센터,BIS inventory,True,True,15,14,128.8921038226677,37.76840335678918,8605,4565,14,16,1.786341,1.899337
2025,42001005,300,강릉-동진버스,True,4200721,강릉역,BIS inventory,True,True,7,6,128.8992580056024,37.76416330670135,56294,3195,2,25,11.68626,1.329328
2025,42001005,300,강릉-동진버스,True,4201205,입암2.3주공,BIS inventory,True,True,2,1,128.9161850255649,37.765072488547595,33952,266,4,53,7.048209,0.110673
2025,42001005,300,강릉-동진버스,True,4201206,입암2.3주공,BIS inventory,True,False,,0,128.9164847952377,37.764981798289845,1,0,56,,0.000208,0.0
2025,42001005,300,강릉-동진버스,True,4201209,공단,BIS inventory,True,True,1,0,128.92205416940635,37.765196014305694,6330,118,20,55,1.314066,0.049096
2025,42001005,300,강릉-동진버스,True,~,,unavailable,False,False,,0,,,2,0,,,0.000415,0.0
2025,42001007,302,강릉-동진버스,True,4200002,소돌해변입구,BIS inventory,True,True,68,66 | 67,128.81905535960837,37.90780434670355,8,74,65,58,0.008213,0.165341
2025,42001007,302,강릉-동진버스,True,4200114,고용센터,BIS inventory,True,True,19,17 | 18,128.88893105798073,37.75744085258255,818,319,30,37,0.839741,0.712754
2025,42001007,302,강릉-동진버스,True,4200116,적십자입구,BIS inventory,True,True,20,18 | 19,128.88726321660565,37.757196360936135,659,257,34,43,0.676515,0.574225
2025,42001007,302,강릉-동진버스,True,4200118,터미널오거리,BIS inventory,True,True,21,19 | 20,128.8840640923818,37.75608209292866,1305,543,20,26,1.339684,1.213245
2025,42001007,302,강릉-동진버스,True,4200120,강릉시외.고속터미널,BIS inventory,True,True,22,20 | 21,128.8792265208128,37.75505492071011,5751,3015,2,2,5.903851,6.736527
2025,42001007,302,강릉-동진버스,True,4200122,강릉문화원,BIS inventory,True,True,23,21 | 22,128.8740921031382,37.75789663608161,521,596,36,23,0.534847,1.331665
2025,42001007,302,강릉-동진버스,True,4200123,우편집중국,BIS inventory,True,True,24,22 | 23,128.8733706824724,37.76051485370646,1131,717,22,17,1.16106,1.60202
2025,42001007,302,강릉-동진버스,True,4200125,솔올공연장,BIS inventory,True,True,25,23 | 24,128.87460623301726,37.76366952964576,1034,1918,25,5,1.061482,4.285459
2025,42001007,302,강릉-동진버스,True,4200127,구름다리,BIS inventory,True,True,26,24 | 25,128.87654770197503,37.764512872809554,2465,1895,14,6,2.530515,4.234069
2025,42001007,302,강릉-동진버스,True,4200129,주공3차아파트,BIS inventory,True,True,27,25 | 26,128.87933873663175,37.76410589188944,2831,638,12,20,2.906243,1.425507
2025,42001007,302,강릉-동진버스,True,4200131,하이빌현대아파트,BIS inventory,True,True,28,26 | 27,128.8824547932286,37.764860822549025,1097,429,24,33,1.126156,0.958531
2025,42001007,302,강릉-동진버스,True,4200133,주공1차아파트,BIS inventory,True,True,29,27 | 28,128.88288690646792,37.76665665089728,1560,484,19,30,1.601462,1.081419
2025,42001007,302,강릉-동진버스,True,4200134,부영2차아파트,BIS inventory,True,True,30,28 | 29,128.88281079370944,37.77016072015751,3631,532,8,28,3.727505,1.188667
2025,42001007,302,강릉-동진버스,True,4200137,방축거리,BIS inventory,True,True,31,29 | 30,128.88360346383243,37.77333257715457,111,77,53,57,0.11395,0.172044
2025,42001007,302,강릉-동진버스,True,4200182,주문진해변,BIS inventory,True,True,69,67 | 68,128.81704671925502,37.90944057885068,4,338,69,36,0.004106,0.755206
2025,42001007,302,강릉-동진버스,True,4200185,소돌,BIS inventory,True,True,67,65 | 66,128.8213252547112,37.90592204016269,7,674,66,19,0.007186,1.505943
2025,42001007,302,강릉-동진버스,True,4200188,양양고개,BIS inventory,True,True,64,62 | 63,128.82822436017406,37.899998054568016,14,386,63,35,0.014372,0.862454
2025,42001007,302,강릉-동진버스,True,4200192,북부지구대,BIS inventory,True,True,61,59 | 60,128.829270567591,37.89460960314925,137,586,51,24,0.140641,1.309322
2025,42001007,302,강릉-동진버스,True,4200195,주문진항입구,BIS inventory,True,True,60,58 | 59,128.82690557497094,37.892668432750234,404,1434,42,9,0.414738,3.20404
2025,42001007,302,강릉-동진버스,True,4200196,작은다리,BIS inventory,True,True,59,57 | 58,128.8261349428677,37.89101262248175,720,2398,33,4,0.739136,5.357941
2025,42001007,302,강릉-동진버스,True,4200198,원마트,BIS inventory,True,True,58,56 | 57,128.82575730347685,37.88826959645488,488,1502,40,8,0.50097,3.355975
2025,42001007,302,강릉-동진버스,True,4200200,주문진시외버스터미널,BIS inventory,True,True,57,55 | 56,128.8253113527999,37.88508198031381,505,1554,38,7,0.518422,3.47216
2025,42001007,302,강릉-동진버스,True,4200202,주문진식자재마트,BIS inventory,True,True,56,54 | 55,128.82596782269363,37.881485546216574,1112,482,23,31,1.141555,1.076951
2025,42001007,302,강릉-동진버스,True,4200206,강원도립대,BIS inventory,True,True,54,52 | 53,128.8283096996467,37.87693859362977,879,909,27,13,0.902362,2.031013
2025,42001007,302,강릉-동진버스,True,4200208,북부노인종합복지관,BIS inventory,True,True,53,51 | 52,128.83042321750824,37.874681277863154,1981,869,16,15,2.033651,1.941639
2025,42001007,302,강릉-동진버스,True,4200209,영진입구,BIS inventory,True,True,52,50 | 51,128.83637261045655,37.87054167536418,488,619,40,21,0.50097,1.383055
2025,42001007,302,강릉-동진버스,True,4200211,삼천리아파트,BIS inventory,True,True,51,49 | 50,128.8383288212433,37.86906384505761,2482,1103,13,12,2.547967,2.464474
2025,42001007,302,강릉-동진버스,True,4200212,연곡면사무소,BIS inventory,True,True,50,48 | 49,128.83761397394952,37.85995465828368,1571,1327,18,10,1.612754,2.964966
2025,42001007,302,강릉-동진버스,True,4200214,연곡해변입구,BIS inventory,True,True,49,47 | 48,128.84162112920617,37.854539181009365,28,136,61,53,0.028744,0.30387
2025,42001007,302,강릉-동진버스,True,4200215,구라미휴게소,BIS inventory,True,True,48,46 | 47,128.8412803433516,37.845869087009575,63,59,57,59,0.064674,0.131826
2025,42001007,302,강릉-동진버스,True,4200217,구라미,BIS inventory,True,True,47,45 | 46,128.8421871924033,37.84071328241807,99,42,54,61,0.101631,0.093842
2025,42001007,302,강릉-동진버스,True,4200221,모래내행복센터,BIS inventory,True,True,44,42 | 43,128.84881781800846,37.82675602435266,297,194,45,49,0.304894,0.433461
2025,42001007,302,강릉-동진버스,True,4200222,사천면사무소,BIS inventory,True,True,43,41 | 42,128.84928192865996,37.82385848393331,356,789,43,16,0.365462,1.762892
2025,42001007,302,강릉-동진버스,True,4200225,북부노인대학,BIS inventory,True,True,42,40 | 41,128.85083641112433,37.82016343083045,93,157,56,51,0.095472,0.350791
2025,42001007,302,강릉-동진버스,True,4200226,방골마을입구,BIS inventory,True,True,39,37 | 38,128.8558844116181,37.81329996910386,229,313,48,39,0.235086,0.699348
2025,42001007,302,강릉-동진버스,True,4200227,학고개,BIS inventory,True,True,38,36 | 37,128.86104076560957,37.80452897124611,44,52,59,60,0.045169,0.116186
2025,42001007,302,강릉-동진버스,True,4200229,즈므.과학단지,BIS inventory,True,True,37,35 | 36,128.86079294239343,37.79710821329875,46,195,58,48,0.047223,0.435696
2025,42001007,302,강릉-동진버스,True,4200231,한밭입구,BIS inventory,True,True,36,34 | 35,128.86496052027113,37.791610745411326,14,157,63,51,0.014372,0.350791
2025,42001007,302,강릉-동진버스,True,4200233,행정마을,BIS inventory,True,True,35,33 | 34,128.8703519994515,37.78859256038236,94,302,55,41,0.096498,0.67477
2025,42001007,302,강릉-동진버스,True,4200235,법원.검찰청,BIS inventory,True,True,34,32 | 33,128.8739503928752,37.785042447818554,219,400,49,34,0.224821,0.893735
2025,42001007,302,강릉-동진버스,True,4200237,선교장입구,BIS inventory,True,True,33,31 | 32,128.8801857915523,37.78222354537227,235,215,47,45,0.241246,0.480383
2025,42001007,302,강릉-동진버스,True,4200239,오죽헌,BIS inventory,True,True,32,30 | 31,128.88242080274284,37.78040719543912,896,282,26,42,0.919814,0.630083
2025,42001007,302,강릉-동진버스,True,4200250,용강동서부시장,BIS inventory,True,True,18,16 | 17,128.89174828581776,37.7556582744871,3280,511,9,29,3.367176,1.141746
2025,42001007,302,강릉-동진버스,True,4200251,한국은행,BIS inventory,True,True,17,15 | 16,128.89406630781096,37.753485602290496,5513,1286,4,11,5.659525,2.873358
2025,42001007,302,강릉-동진버스,True,4200253,교보생명,BIS inventory,True,True,16,14 | 15,128.89811415297848,37.756002485379526,15904,5637,1,1,16.326698,12.594959
2025,42001007,302,강릉-동진버스,True,4200257,옥천119안전센터,BIS inventory,True,True,12,10 | 11,128.90305174420297,37.761041080134646,587,707,35,18,0.602601,1.579676
2025,42001007,302,강릉-동진버스,True,4200261,북강릉IC,BIS inventory,True,True,46,44 | 45,128.84425534198513,37.83689529134246,7,17,66,66,0.007186,0.037984
2025,42001007,302,강릉-동진버스,True,4200298,보성연립,BIS inventory,True,True,65,63 | 64,128.82558444232305,37.90204313561504,3,79,70,56,0.00308,0.176513
2025,42001007,302,강릉-동진버스,True,4200299,주문2리,BIS inventory,True,True,63,61 | 62,128.83067123183636,37.89750003400375,154,228,50,44,0.158093,0.509429
2025,42001007,302,강릉-동진버스,True,4200300,수협사거리,BIS inventory,True,True,62,60 | 61,128.8314095884837,37.895774457125356,133,553,52,25,0.136535,1.235589
2025,42001007,302,강릉-동진버스,True,4200308,주문진중.고등학교.강릉정보고,BIS inventory,True,True,55,53 | 54,128.82672327638434,37.87982425913257,1148,600,21,22,1.178512,1.340602
2025,42001007,302,강릉-동진버스,True,4200314,청솔공원,BIS inventory,True,True,45,43 | 44,128.84780404863866,37.83218520189828,29,36,60,62,0.029771,0.080436
2025,42001007,302,강릉-동진버스,True,4200315,구터미널,BIS inventory,True,True,14,12 | 13,128.8988430353628,37.76163002626936,746,192,31,50,0.765827,0.428993
2025,42001007,302,강릉-동진버스,True,4200365,삼성디지털센터,BIS inventory,True,True,15,13 | 14,128.8966989039856,37.75811194350719,304,309,44,40,0.31208,0.69041
2025,42001007,302,강릉-동진버스,True,4200418,강릉아산병원.강릉약국,BIS inventory,True,True,40,38 | 39,128.8564121349402,37.81631278949057,820,535,29,27,0.841794,1.19537
2025,42001007,302,강릉-동진버스,True,4200446,강릉아산병원(주문진방면),BIS inventory,True,True,41,39 | 40,128.8575142394361,37.817740516347506,1854,2693,17,3,1.903276,6.01707
2025,42001007,302,강릉-동진버스,True,4200473,향호리,BIS inventory,True,True,70,68 | 69,128.81023394642006,37.915207861254615,17,319,62,37,0.017452,0.712754
2025,42001007,302,강릉-동진버스,True,4200521,방학골,BIS inventory,True,True,66,64 | 65,128.82291244813646,37.90463362511824,5,199,68,47,0.005133,0.444633
2025,42001007,302,강릉-동진버스,True,4200721,강릉역,BIS inventory,True,True,13,11 | 12,128.8992580056024,37.76416330670135,3201,895,11,14,3.286077,1.999732
2025,42001007,302,강릉-동진버스,True,4200762,입암현대아파트,BIS inventory,True,True,9,7 | 8,128.91270364556544,37.753026994257695,5652,110,3,54,5.802219,0.245777
2025,42001007,302,강릉-동진버스,True,4200765,성덕초등학교,BIS inventory,True,True,10,8 | 9,128.91017117535122,37.75573609872045,5359,215,5,45,5.501432,0.480383
2025,42001007,302,강릉-동진버스,True,4201045,성덕동주민센터,BIS inventory,True,True,3,2,128.91516594318634,37.762763608124146,839,11,28,70,0.861299,0.024578
2025,42001007,302,강릉-동진버스,True,4201047,입암4주공아파트,BIS inventory,True,True,4,3,128.91655461094618,37.76166752794127,3773,15,7,68,3.873279,0.033515
2025,42001007,302,강릉-동진버스,True,4201049,원마트,BIS inventory,True,True,5,4,128.91839757804996,37.76020248248705,501,28,39,63,0.514316,0.062561
2025,42001007,302,강릉-동진버스,True,4201051,입암6주공오거리,BIS inventory,True,True,6,5,128.91813149011642,37.75937340656549,4089,28,6,63,4.197678,0.062561
2025,42001007,302,강릉-동진버스,True,4201053,금호어울림,BIS inventory,True,True,7,6,128.9156520837289,37.754995794611034,2246,21,15,65,2.305694,0.046921
2025,42001007,302,강릉-동진버스,True,4201202,강릉여고정문,BIS inventory,True,True,11,10 | 9,128.90529773129947,37.759257611132256,741,447,32,32,0.760694,0.998749
2025,42001007,302,강릉-동진버스,True,4201205,입암2.3주공,BIS inventory,True,True,2,1,128.9161850255649,37.765072488547595,3277,15,10,68,3.364096,0.033515
2025,42001007,302,강릉-동진버스,True,4201209,공단,BIS inventory,True,True,1,0,128.92205416940635,37.765196014305694,520,17,37,66,0.533821,0.037984
2025,42001007,302,강릉-동진버스,True,4202168,남부노인종합복지관,BIS inventory,True,True,8,7,128.91401073487134,37.753047049518,281,85,46,55,0.288468,0.189919
2025,42001007,302,강릉-동진버스,True,~,,unavailable,False,False,,0,,,1,0,,,0.001027,0.0
2025,42001012,315,강릉-동진버스,True,4200001,내곡교,BIS inventory,True,True,104,103,128.88717490623026,37.74653766880734,34,134,71,26,0.110297,1.065861
2025,42001012,315,강릉-동진버스,True,4200002,소돌해변입구,BIS inventory,True,True,53,52,128.81905535960837,37.90780434670355,0,18,,75,0.0,0.143175
2025,42001012,315,강릉-동진버스,True,4200004,숲사랑홍보관,BIS inventory,True,True,81,80,128.85126457297872,37.81878304910103,6,6,92,92,0.019464,0.047725
2025,42001012,315,강릉-동진버스,True,4200029,주문진읍사무소,BIS inventory,True,True,45,44,128.82486977710943,37.892686971435495,13,247,83,15,0.042172,1.964683
2025,42001012,315,강릉-동진버스,True,4200060,솔올중학교,BIS inventory,True,True,17,16,128.8798722504925,37.77163504014371,319,46,30,53,1.034841,0.365892
2025,42001012,315,강릉-동진버스,True,4200063,가톨릭관동대학교,BIS inventory,True,True,1 | 107,106,128.87804152995903,37.738296118202754,2840,532,1,8,9.213002,4.231626
2025,42001012,315,강릉-동진버스,True,4200065,보건소,BIS inventory,True,True,3,2,128.8829859719751,37.74393637256719,1694,17,3,79,5.495361,0.135221
2025,42001012,315,강릉-동진버스,True,4200067,홍제동주민센터,BIS inventory,True,True,103,102,128.8842229051066,37.747848454396006,199,720,45,3,0.645559,5.727012
2025,42001012,315,강릉-동진버스,True,4200069,방골마을입구,BIS inventory,True,True,84,83,128.85540756146614,37.81366779247799,386,12,27,85,1.25219,0.09545
2025,42001012,315,강릉-동진버스,True,4200083,지변동,BIS inventory,True,True,18,17,128.87676045382563,37.771874023944235,600,67,16,45,1.946409,0.53293
2025,42001012,315,강릉-동진버스,True,4200084,풋살경기장옆,BIS inventory,True,True,91,90,128.87680703199706,37.77165010517057,246,56,37,46,0.798028,0.445434
2025,42001012,315,강릉-동진버스,True,4200120,강릉시외.고속터미널,BIS inventory,True,True,8,7,128.8792265208128,37.75505492071011,1643,356,4,10,5.329916,2.831689
2025,42001012,315,강릉-동진버스,True,4200121,강릉시외.고속터미널,BIS inventory,True,True,99,98,128.87911620808939,37.75486594086855,540,591,19,5,1.751768,4.700923
2025,42001012,315,강릉-동진버스,True,4200122,강릉문화원,BIS inventory,True,True,9,8,128.8740921031382,37.75789663608161,267,101,34,31,0.866152,0.803373
2025,42001012,315,강릉-동진버스,True,4200123,우편집중국,BIS inventory,True,True,10,9,128.8733706824724,37.76051485370646,762,35,8,61,2.471939,0.278396
2025,42001012,315,강릉-동진버스,True,4200124,우편집중국,BIS inventory,True,True,98,97,128.87347187490323,37.76156496879712,483,85,24,35,1.566859,0.676106
2025,42001012,315,강릉-동진버스,True,4200125,솔올공연장,BIS inventory,True,True,11,10,128.87460623301726,37.76366952964576,156,132,50,27,0.506066,1.049952
2025,42001012,315,강릉-동진버스,True,4200126,솔올공연장,BIS inventory,True,True,97,96,128.87424793205705,37.763507530751156,236,55,40,48,0.765587,0.43748
2025,42001012,315,강릉-동진버스,True,4200127,구름다리,BIS inventory,True,True,12,11,128.87654770197503,37.764512872809554,307,380,31,9,0.995913,3.02259
2025,42001012,315,강릉-동진버스,True,4200128,구름다리,BIS inventory,True,True,96,95,128.87743298775584,37.764682397677966,434,135,25,25,1.407902,1.073815
2025,42001012,315,강릉-동진버스,True,4200129,주공3차아파트,BIS inventory,True,True,13,12,128.87933873663175,37.76410589188944,734,25,9,70,2.381107,0.198855
2025,42001012,315,강릉-동진버스,True,4200130,현대2차아파트,BIS inventory,True,True,95,94,128.87999435131803,37.764311243841746,644,227,15,17,2.089146,1.8056
2025,42001012,315,강릉-동진버스,True,4200131,하이빌현대아파트,BIS inventory,True,True,14,13,128.8824547932286,37.764860822549025,241,18,38,75,0.781808,0.143175
2025,42001012,315,강릉-동진버스,True,4200132,율곡초등학교,BIS inventory,True,True,94,93,128.88221538693716,37.765100900268116,43,18,66,75,0.139493,0.143175
2025,42001012,315,강릉-동진버스,True,4200133,주공1차아파트,BIS inventory,True,True,15,14,128.88288690646792,37.76665665089728,520,47,21,52,1.686888,0.373847
2025,42001012,315,강릉-동진버스,True,4200134,부영2차아파트,BIS inventory,True,True,16,15,128.88281079370944,37.77016072015751,594,86,17,34,1.926945,0.68406
2025,42001012,315,강릉-동진버스,True,4200135,부영2차아파트,BIS inventory,True,True,92,91,128.8825125758686,37.77002923948558,132,31,57,63,0.42821,0.24658
2025,42001012,315,강릉-동진버스,True,4200138,즈므.과학단지,BIS inventory,True,True,86,85,128.8604076986006,37.79746479759031,29,7,75,91,0.094076,0.055679
2025,42001012,315,강릉-동진버스,True,4200181,주문진해변,BIS inventory,True,True,56,55,128.81692175696733,37.90940788063508,232,6,42,92,0.752611,0.047725
2025,42001012,315,강릉-동진버스,True,4200182,주문진해변,BIS inventory,True,True,54,53,128.81704671925502,37.90944057885068,0,79,,36,0.0,0.628381
2025,42001012,315,강릉-동진버스,True,4200184,소돌,BIS inventory,True,True,57,56,128.82175443074843,37.905415537268986,280,11,32,86,0.908324,0.087496
2025,42001012,315,강릉-동진버스,True,4200185,소돌,BIS inventory,True,True,52,51,128.8213252547112,37.90592204016269,8,42,88,57,0.025952,0.334076
2025,42001012,315,강릉-동진버스,True,4200186,보성연립,BIS inventory,True,True,59,58,128.82551362915504,37.901974724913615,32,5,73,95,0.103808,0.039771
2025,42001012,315,강릉-동진버스,True,4200187,양양고개,BIS inventory,True,True,60,59,128.82805578782853,37.90002854060149,162,28,49,65,0.52553,0.222717
2025,42001012,315,강릉-동진버스,True,4200188,양양고개,BIS inventory,True,True,49,48,128.82822436017406,37.899998054568016,8,56,88,46,0.025952,0.445434
2025,42001012,315,강릉-동진버스,True,4200189,주문2리,BIS inventory,True,True,61,60,128.83046007450088,37.897540604441176,101,16,59,81,0.327645,0.127267
2025,42001012,315,강릉-동진버스,True,4200190,수협사거리,BIS inventory,True,True,62,61,128.83119347169236,37.89590191816579,136,22,54,72,0.441186,0.174992
2025,42001012,315,강릉-동진버스,True,4200192,북부지구대,BIS inventory,True,True,46,45,128.829270567591,37.89460960314925,39,174,69,20,0.126517,1.384028
2025,42001012,315,강릉-동진버스,True,4200193,북부지구대,BIS inventory,True,True,63,62,128.82860680406648,37.894535177399845,140,76,51,38,0.454162,0.604518
2025,42001012,315,강릉-동진버스,True,4200201,양조장,BIS inventory,True,True,67,66,128.8258300942643,37.881274388703744,727,35,10,61,2.358399,0.278396
2025,42001012,315,강릉-동진버스,True,4200202,주문진식자재마트,BIS inventory,True,True,42,41,128.82596782269363,37.881485546216574,205,137,43,24,0.665023,1.089723
2025,42001012,315,강릉-동진버스,True,4200204,주문진중학교,BIS inventory,True,True,68,67,128.82690197641236,37.87887483229283,518,28,22,65,1.6804,0.222717
2025,42001012,315,강릉-동진버스,True,4200205,강원도립대,BIS inventory,True,True,69,68,128.82840415011668,37.87652579934979,565,40,18,59,1.832868,0.318167
2025,42001012,315,강릉-동진버스,True,4200206,강원도립대,BIS inventory,True,True,40,39,128.8283096996467,37.87693859362977,258,239,36,16,0.836956,1.90105
2025,42001012,315,강릉-동진버스,True,4200207,북부노인종합복지관,BIS inventory,True,True,70,69,128.83062989490628,37.8743072338123,236,100,40,32,0.765587,0.795418
2025,42001012,315,강릉-동진버스,True,4200208,북부노인종합복지관,BIS inventory,True,True,39,38,128.83042321750824,37.874681277863154,681,535,13,7,2.209174,4.255488
2025,42001012,315,강릉-동진버스,True,4200209,영진입구,BIS inventory,True,True,38,37,128.83637261045655,37.87054167536418,280,102,32,30,0.908324,0.811327
2025,42001012,315,강릉-동진버스,True,4200211,삼천리아파트,BIS inventory,True,True,37,36,128.8383288212433,37.86906384505761,1199,132,5,27,3.889574,1.049952
2025,42001012,315,강릉-동진버스,True,4200212,연곡면사무소,BIS inventory,True,True,36,35,128.83761397394952,37.85995465828368,500,212,23,19,1.622007,1.686287
2025,42001012,315,강릉-동진버스,True,4200213,연곡해변입구,BIS inventory,True,True,74,73,128.84130813848452,37.85462580337619,13,16,83,81,0.042172,0.127267
2025,42001012,315,강릉-동진버스,True,4200214,연곡해변입구,BIS inventory,True,True,35,34,128.84162112920617,37.854539181009365,18,27,79,68,0.058392,0.214763
2025,42001012,315,강릉-동진버스,True,4200215,구라미휴게소,BIS inventory,True,True,34,33,128.8412803433516,37.845869087009575,34,11,71,86,0.110297,0.087496
2025,42001012,315,강릉-동진버스,True,4200216,구라미,BIS inventory,True,True,76,75,128.84187680750063,37.84088026429458,21,6,77,92,0.068124,0.047725
2025,42001012,315,강릉-동진버스,True,4200217,구라미,BIS inventory,True,True,33,32,128.8421871924033,37.84071328241807,19,1,78,104,0.061636,0.007954
2025,42001012,315,강릉-동진버스,True,4200219,청솔공원,BIS inventory,True,True,77,76,128.84744835859598,37.832296445829655,9,3,87,100,0.029196,0.023863
2025,42001012,315,강릉-동진버스,True,4200220,모래내행복센터,BIS inventory,True,True,78,77,128.84888855200666,37.82654759560158,123,14,58,83,0.399014,0.111359
2025,42001012,315,강릉-동진버스,True,4200221,모래내행복센터,BIS inventory,True,True,30,29,128.84881781800846,37.82675602435266,133,28,55,65,0.431454,0.222717
2025,42001012,315,강릉-동진버스,True,4200222,사천면사무소,BIS inventory,True,True,29,28,128.84928192865996,37.82385848393331,139,87,53,33,0.450918,0.692014
2025,42001012,315,강릉-동진버스,True,4200223,사천면사무소,BIS inventory,True,True,79,78,128.84914337332015,37.8229406699122,71,5,63,95,0.230325,0.039771
2025,42001012,315,강릉-동진버스,True,4200224,북부노인대학,BIS inventory,True,True,80,79,128.85070066292354,37.820164105652225,82,2,61,102,0.266009,0.015908
2025,42001012,315,강릉-동진버스,True,4200225,북부노인대학,BIS inventory,True,True,28,27,128.85083641112433,37.82016343083045,14,50,82,50,0.045416,0.397709
2025,42001012,315,강릉-동진버스,True,4200226,방골마을입구,BIS inventory,True,True,25,24,128.8558844116181,37.81329996910386,43,40,66,59,0.139493,0.318167
2025,42001012,315,강릉-동진버스,True,4200227,학고개,BIS inventory,True,True,24,23,128.86104076560957,37.80452897124611,1,5,101,95,0.003244,0.039771
2025,42001012,315,강릉-동진버스,True,4200228,학고개,BIS inventory,True,True,85,84,128.8599242703853,37.80596957371411,2,3,99,100,0.006488,0.023863
2025,42001012,315,강릉-동진버스,True,4200229,즈므.과학단지,BIS inventory,True,True,23,22,128.86079294239343,37.79710821329875,38,876,70,1,0.123273,6.967865
2025,42001012,315,강릉-동진버스,True,4200230,한밭입구,BIS inventory,True,True,87,86,128.86424835021418,37.79176559208253,5,4,94,98,0.01622,0.031817
2025,42001012,315,강릉-동진버스,True,4200231,한밭입구,BIS inventory,True,True,22,21,128.86496052027113,37.791610745411326,5,20,94,74,0.01622,0.159084
2025,42001012,315,강릉-동진버스,True,4200232,행정마을,BIS inventory,True,True,88,87,128.8694510816438,37.7889272082235,179,17,47,79,0.580679,0.135221
2025,42001012,315,강릉-동진버스,True,4200233,행정마을,BIS inventory,True,True,21,20,128.8703519994515,37.78859256038236,8,124,88,29,0.025952,0.986319
2025,42001012,315,강릉-동진버스,True,4200234,법원.검찰청,BIS inventory,True,True,89,88,128.87342400102995,37.78526073982707,72,30,62,64,0.233569,0.238626
2025,42001012,315,강릉-동진버스,True,4200235,법원.검찰청,BIS inventory,True,True,20,19,128.8739503928752,37.785042447818554,140,74,51,39,0.454162,0.58861
2025,42001012,315,강릉-동진버스,True,4200261,북강릉IC,BIS inventory,True,True,32,31,128.84425534198513,37.83689529134246,5,2,94,102,0.01622,0.015908
2025,42001012,315,강릉-동진버스,True,4200292,주공1차아파트,BIS inventory,True,True,93,92,128.88256780330317,37.766843575404636,530,72,20,42,1.719328,0.572701
2025,42001012,315,강릉-동진버스,True,4200298,보성연립,BIS inventory,True,True,50,49,128.82558444232305,37.90204313561504,2,10,99,89,0.006488,0.079542
2025,42001012,315,강릉-동진버스,True,4200299,주문2리,BIS inventory,True,True,48,47,128.83067123183636,37.89750003400375,24,43,76,55,0.077856,0.34203
2025,42001012,315,강릉-동진버스,True,4200300,수협사거리,BIS inventory,True,True,47,46,128.8314095884837,37.895774457125356,42,74,68,39,0.136249,0.58861
2025,42001012,315,강릉-동진버스,True,4200308,주문진중.고등학교.강릉정보고,BIS inventory,True,True,41,40,128.82672327638434,37.87982425913257,201,171,44,22,0.652047,1.360165
2025,42001012,315,강릉-동진버스,True,4200310,삼천리아파트,BIS inventory,True,True,72,71,128.8379309322555,37.8689470039461,717,68,11,44,2.325959,0.540885
2025,42001012,315,강릉-동진버스,True,4200312,구라미휴게소,BIS inventory,True,True,75,74,128.84078612253998,37.84523742281921,7,4,91,98,0.022708,0.031817
2025,42001012,315,강릉-동진버스,True,4200314,청솔공원,BIS inventory,True,True,31,30,128.84780404863866,37.83218520189828,17,8,80,90,0.055148,0.063633
2025,42001012,315,강릉-동진버스,True,4200317,강릉아산병원.강릉약국,BIS inventory,True,True,83,82,128.856152685967,37.816231407654854,369,26,28,69,1.197041,0.206809
2025,42001012,315,강릉-동진버스,True,4200356,강원대학교,BIS inventory,True,True,19,89,128.87391738137654,37.77033026766949,646,347,14,12,2.095634,2.760102
2025,42001012,315,강릉-동진버스,True,4200357,내곡교,BIS inventory,True,True,5,4,128.88814500034871,37.745625057468914,1817,43,2,55,5.894375,0.34203
2025,42001012,315,강릉-동진버스,True,4200358,삼창그린맨션,BIS inventory,True,True,4,3,128.88749893563826,37.744743384730015,954,14,7,83,3.09479,0.111359
2025,42001012,315,강릉-동진버스,True,4200359,하나로마트내곡점,BIS inventory,True,True,2,1,128.88026417146904,37.7410809708167,1181,11,6,86,3.831181,0.087496
2025,42001012,315,강릉-동진버스,True,4200360,하나로마트내곡점,BIS inventory,True,True,106,105,128.88016921110417,37.740597240336115,0,70,,43,0.0,0.556793
2025,42001012,315,강릉-동진버스,True,4200361,보건소,BIS inventory,True,True,105,104,128.8822115594926,37.743635964592464,16,352,81,11,0.051904,2.799873
2025,42001012,315,강릉-동진버스,True,4200418,강릉아산병원.강릉약국,BIS inventory,True,True,26,25,128.8564121349402,37.81631278949057,198,271,46,13,0.642315,2.155584
2025,42001012,315,강릉-동진버스,True,4200446,강릉아산병원(주문진방면),BIS inventory,True,True,27,26,128.8575142394361,37.817740516347506,354,832,29,2,1.148381,6.617881
2025,42001012,315,강릉-동진버스,True,4200454,작은다리사거리,BIS inventory,True,True,44,43,128.82450182834083,37.890319810643184,5,702,94,4,0.01622,5.583837
2025,42001012,315,강릉-동진버스,True,4200473,향호리,BIS inventory,True,True,55,54,128.81023394642006,37.915207861254615,32,73,73,41,0.103808,0.580655
2025,42001012,315,강릉-동진버스,True,4200519,방학골,BIS inventory,True,True,58,57,128.82351587730795,37.90381462090833,12,1,85,104,0.038928,0.007954
2025,42001012,315,강릉-동진버스,True,4200521,방학골,BIS inventory,True,True,51,50,128.82291244813646,37.90463362511824,0,22,,72,0.0,0.174992
2025,42001012,315,강릉-동진버스,True,4200750,강릉시청앞,BIS inventory,True,True,100,99,128.88013307678156,37.753651204654936,56,23,65,71,0.181665,0.182946
2025,42001012,315,강릉-동진버스,True,4200971,주문진읍사무소,BIS inventory,True,True,64,63,128.8246799183624,37.892745035212215,266,79,35,36,0.862908,0.628381
2025,42001012,315,강릉-동진버스,True,4201027,강릉시청,BIS inventory,True,True,101,100,128.8780384572547,37.75085435055292,4,173,98,21,0.012976,1.376074
2025,42001012,315,강릉-동진버스,True,4201028,홍제I.C,BIS inventory,True,True,102,101,128.8794230311205,37.7473811776377,6,257,92,14,0.019464,2.044225
2025,42001012,315,강릉-동진버스,True,4201029,홍제I.C,BIS inventory,True,True,7,6,128.87894077910576,37.74749468304007,167,42,48,57,0.54175,0.334076
2025,42001012,315,강릉-동진버스,True,4201030,홍제동주민센터,BIS inventory,True,True,6,5,128.88454291738702,37.74807153236862,390,143,26,23,1.265166,1.137448
2025,42001012,315,강릉-동진버스,True,4201146,파란바다지역아동센터,BIS inventory,True,True,43,42,128.8248619925949,37.88456697851607,10,554,86,6,0.03244,4.406618
2025,42001012,315,강릉-동진버스,True,4201147,작은다리사거리,BIS inventory,True,True,65,64,128.82430578974427,37.890298608665205,133,48,55,51,0.431454,0.381801
2025,42001012,315,강릉-동진버스,True,4201200,파란바다지역아동센터,BIS inventory,True,True,66,65,128.82465599155947,37.88451042268901,98,46,60,53,0.317913,0.365892
2025,42001012,315,강릉-동진버스,True,4201226,영진입구,BIS inventory,True,True,71,70,128.83626865951734,37.87047570517143,61,18,64,75,0.197885,0.143175
2025,42001012,315,강릉-동진버스,True,4201227,연곡면사무소,BIS inventory,True,True,73,72,128.83749819485607,37.86001175022627,238,55,39,48,0.772076,0.43748
2025,42001012,315,강릉-동진버스,True,4201237,강릉아산병원(강릉방면),BIS inventory,True,True,82,81,128.8575951802683,37.81786664293397,690,216,12,18,2.23837,1.718104
2025,42002001,101,강릉-동진버스,True,4200094,강릉여고,BIS inventory,True,True,64,62,128.90248424479844,37.75904463050879,259,1143,36,4,0.61,5.396601
2025,42002001,101,강릉-동진버스,True,4200114,고용센터,BIS inventory,True,True,10,9,128.88893105798073,37.75744085258255,127,211,48,20,0.299112,0.996223
2025,42002001,101,강릉-동진버스,True,4200115,고용센터,BIS inventory,True,True,17,16,128.8890663454416,37.75714942132559,545,249,19,16,1.283591,1.175637
2025,42002001,101,강릉-동진버스,True,4200116,적십자입구,BIS inventory,True,True,11,10,128.88726321660565,37.757196360936135,45,26,55,58,0.105985,0.122757
2025,42002001,101,강릉-동진버스,True,4200117,적십자입구,BIS inventory,True,True,16,15,128.88647213220725,37.75676623567213,425,25,23,59,1.000966,0.118036
2025,42002001,101,강릉-동진버스,True,4200118,터미널오거리,BIS inventory,True,True,12,11,128.8840640923818,37.75608209292866,4,111,65,31,0.009421,0.524079
2025,42002001,101,강릉-동진버스,True,4200119,터미널오거리,BIS inventory,True,True,15,14,128.88381140539954,37.755579088211434,906,18,13,61,2.133823,0.084986
2025,42002001,101,강릉-동진버스,True,4200121,강릉시외.고속터미널,BIS inventory,True,True,14,13,128.87911620808939,37.75486594086855,4850,873,2,6,11.422784,4.121813
2025,42002001,101,강릉-동진버스,True,4200191,공단,BIS inventory,True,True,69,67,128.92224127533925,37.765245144772656,27,44,57,47,0.063591,0.207743
2025,42002001,101,강릉-동진버스,True,4200249,용강동서부시장,BIS inventory,True,True,18,17,128.89167287030088,37.75492247590215,766,952,16,5,1.804093,4.494806
2025,42002001,101,강릉-동진버스,True,4200252,신영극장,BIS inventory,True,True,19,18,128.8961287589657,37.75448236011555,3779,3651,3,2,8.900351,17.23796
2025,42002001,101,강릉-동진버스,True,4200257,옥천119안전센터,BIS inventory,True,True,6,5,128.90305174420297,37.761041080134646,348,157,29,23,0.819614,0.741265
2025,42002001,101,강릉-동진버스,True,4200258,용지각,BIS inventory,True,True,65,63,128.90534669055177,37.76147384168322,158,361,44,8,0.372124,1.704438
2025,42002001,101,강릉-동진버스,True,4200259,용지각,BIS inventory,True,True,5,4,128.90537716328666,37.76184119439877,410,51,24,45,0.965637,0.240793
2025,42002001,101,강릉-동진버스,True,4200260,동남아파트,BIS inventory,True,True,66,64,128.9088062489658,37.764638779656714,129,351,47,9,0.303823,1.657224
2025,42002001,101,강릉-동진버스,True,4200262,로얄아파트.포남1동주민센터,BIS inventory,True,True,3,2,128.90933288179943,37.76545703763149,509,58,21,41,1.198804,0.273843
2025,42002001,101,강릉-동진버스,True,4200315,구터미널,BIS inventory,True,True,8,7,128.8988430353628,37.76163002626936,356,71,27,36,0.838456,0.335222
2025,42002001,101,강릉-동진버스,True,4200318,포남시장,BIS inventory,True,True,4,3,128.90766061502285,37.76392281820552,476,34,22,54,1.121082,0.160529
2025,42002001,101,강릉-동진버스,True,4200681,금강사입구,BIS inventory,True,True,30,29,128.90287627896166,37.72624677465358,3,66,67,37,0.007066,0.311615
2025,42002001,101,강릉-동진버스,True,4200682,금강사입구,BIS inventory,True,True,53,51,128.90297134006664,37.726211833119876,719,4,18,65,1.693398,0.018886
2025,42002001,101,강릉-동진버스,True,4200684,화신주방,smartcard station files,False,False,,50,,,960,37,11,52,2.261005,0.174693
2025,42002001,101,강릉-동진버스,True,4200686,학산부대후문,smartcard station files,False,False,,49,,,20,1,59,67,0.047104,0.004721
2025,42002001,101,강릉-동진버스,True,4200688,담산1리,smartcard station files,False,False,,48,,,76,43,53,48,0.178996,0.203022
2025,42002001,101,강릉-동진버스,True,4200690,담산2리,smartcard station files,False,False,,47,,,124,0,49,,0.292046,0.0
2025,42002001,101,강릉-동진버스,True,4200692,학산부대앞,smartcard station files,False,False,,46,,,520,58,20,41,1.224711,0.273843
2025,42002001,101,강릉-동진버스,True,4200694,대경상사앞,smartcard station files,False,False,,45,,,78,131,52,27,0.183707,0.618508
2025,42002001,101,강릉-동진버스,True,4200696,학산둔지,smartcard station files,False,False,,44,,,759,87,17,34,1.787607,0.410765
2025,42002001,101,강릉-동진버스,True,4200698,학산1리,smartcard station files,False,False,,43,,,179,54,41,44,0.421583,0.254958
2025,42002001,101,강릉-동진버스,True,4200700,굴산사지,smartcard station files,False,False,,42,,,351,32,28,57,0.82668,0.151086
2025,42002001,101,강릉-동진버스,True,4200702,옥봉마을,smartcard station files,False,False,,41,,,1487,278,5,13,3.502202,1.312559
2025,42002001,101,강릉-동진버스,True,4200704,학산2리,smartcard station files,False,False,,39,,,1604,332,4,11,3.777762,1.567517
2025,42002001,101,강릉-동진버스,True,4200706,학산설래,BIS inventory,True,True,43,38,128.8930578775653,37.69580131479523,1107,267,7,14,2.607221,1.260623
2025,42002001,101,강릉-동진버스,True,4200708,대성사입구,BIS inventory,True,False,,37,128.88799509811798,37.70047298433208,185,33,39,55,0.435714,0.155807
2025,42002001,101,강릉-동진버스,True,4200710,학산2리마을회관,BIS inventory,True,False,,36,128.88859103012294,37.70624396434639,295,157,34,23,0.694788,0.741265
2025,42002001,101,강릉-동진버스,True,4200712,굴산사입구,smartcard station files,False,False,,35,,,79,37,51,52,0.186062,0.174693
2025,42002001,101,강릉-동진버스,True,4200714,사이말교,BIS inventory,True,False,,34,128.88798046545247,37.71196552544221,854,40,15,51,2.011352,0.188857
2025,42002001,101,강릉-동진버스,True,4200720,학산1리,BIS inventory,True,False,,32,128.8893588713931,37.7158468763211,981,280,10,12,2.310464,1.322002
2025,42002001,101,강릉-동진버스,True,4200721,강릉역,BIS inventory,True,True,7,6,128.8992580056024,37.76416330670135,1191,172,6,22,2.805059,0.812087
2025,42002001,101,강릉-동진버스,True,4200722,성황당교,smartcard station files,False,False,,31,,,254,100,37,32,0.598224,0.472144
2025,42002001,101,강릉-동진버스,True,4200724,동해식품,smartcard station files,False,False,,30,,,387,336,26,10,0.911468,1.586402
2025,42002001,101,강릉-동진버스,True,4200725,가축위생시험사업소,BIS inventory,True,True,54,52,128.90146946473587,37.729510021653965,398,8,25,64,0.937375,0.037771
2025,42002001,101,강릉-동진버스,True,4200726,가축위생시험사업소,BIS inventory,True,True,29,28,128.90125274168807,37.729547291652196,5,73,62,35,0.011776,0.344665
2025,42002001,101,강릉-동진버스,True,4200727,모산초교,BIS inventory,True,True,55,53,128.90037137412145,37.73145457144734,916,2,12,66,2.157375,0.009443
2025,42002001,101,강릉-동진버스,True,4200728,모산초교,BIS inventory,True,True,28,27,128.90028293302265,37.73143070810136,9,202,61,21,0.021197,0.95373
2025,42002001,101,강릉-동진버스,True,4200729,보리사입구,BIS inventory,True,True,56,54,128.89785144363964,37.73626831506908,23,33,58,55,0.05417,0.155807
2025,42002001,101,강릉-동진버스,True,4200730,보리사입구,BIS inventory,True,True,27,26,128.89777570598176,37.73631225974452,5,15,62,62,0.011776,0.070822
2025,42002001,101,강릉-동진버스,True,4200731,삼흥사,BIS inventory,True,True,57,55,128.90121043083064,37.739730650079785,1042,60,8,39,2.454132,0.283286
2025,42002001,101,강릉-동진버스,True,4200732,삼흥사,BIS inventory,True,True,26,25,128.901198738292,37.739798973918525,142,566,46,7,0.33444,2.672332
2025,42002001,101,강릉-동진버스,True,4200733,평안의집,BIS inventory,True,True,58,56,128.90510785537055,37.74063841474535,272,51,35,45,0.640618,0.240793
2025,42002001,101,강릉-동진버스,True,4200734,평안의집,BIS inventory,True,True,25,24,128.90504736881275,37.740698188102115,15,140,60,26,0.035328,0.661001
2025,42002001,101,강릉-동진버스,True,4200735,똑갑재,BIS inventory,True,True,59,57,128.9083233266339,37.74372779918021,194,65,38,38,0.456911,0.306893
2025,42002001,101,강릉-동진버스,True,4200736,똑갑재,BIS inventory,True,True,24,23,128.9084947975427,37.742997829596284,3,154,67,25,0.007066,0.727101
2025,42002001,101,강릉-동진버스,True,4200750,강릉시청앞,BIS inventory,True,True,13,12,128.88013307678156,37.753651204654936,57,131,54,27,0.134247,0.618508
2025,42002001,101,강릉-동진버스,True,4200791,부흥마을,BIS inventory,True,True,60,58,128.90637359052232,37.746896583401664,163,60,42,39,0.3839,0.283286
2025,42002001,101,강릉-동진버스,True,4200792,부흥마을,BIS inventory,True,True,23,22,128.90633218029933,37.74678151751788,315,233,33,18,0.741892,1.100094
2025,42002001,101,강릉-동진버스,True,4201037,말나눔터공원,BIS inventory,True,True,9,8,128.8946789617544,37.758644529934365,347,215,30,19,0.817259,1.015109
2025,42002001,101,강릉-동진버스,True,4201194,병무청,BIS inventory,True,True,61,59,128.90730907557136,37.749719639382455,326,94,32,33,0.7678,0.443815
2025,42002001,101,강릉-동진버스,True,4201195,노암현대아파트,BIS inventory,True,True,22,21,128.9064519321124,37.750397397899654,38,238,56,17,0.089498,1.123702
2025,42002001,101,강릉-동진버스,True,4201196,강릉중입구,BIS inventory,True,True,62,60,128.90469921141985,37.752586496675974,110,255,50,15,0.259073,1.203966
2025,42002001,101,강릉-동진버스,True,4201197,강릉중입구,BIS inventory,True,True,21,20,128.9042740269736,37.752586182446684,341,121,31,30,0.803128,0.571294
2025,42002001,101,강릉-동진버스,True,4201198,남대천.강릉교,BIS inventory,True,True,63,61,128.9010015999516,37.75454267936518,153,5809,45,1,0.360348,27.426818
2025,42002001,101,강릉-동진버스,True,4201199,남대천.강릉교,BIS inventory,True,True,20,19,128.9010687000649,37.75417893755025,8996,1424,1,3,21.187499,6.723324
2025,42002001,101,강릉-동진버스,True,4201205,입암2.3주공,BIS inventory,True,True,2,1,128.9161850255649,37.765072488547595,1004,14,9,63,2.364634,0.0661
2025,42002001,101,강릉-동진버스,True,4201206,입암2.3주공,BIS inventory,True,True,67,65,128.9164847952377,37.764981798289845,5,124,62,29,0.011776,0.585458
2025,42002001,101,강릉-동진버스,True,4201207,현대자동차서비스,BIS inventory,True,True,68,66,128.9189460603978,37.76507644083287,4,42,65,49,0.009421,0.1983
2025,42002001,101,강릉-동진버스,True,4201209,공단,BIS inventory,True,True,1,0,128.92205416940635,37.765196014305694,160,21,43,60,0.376834,0.09915
2025,42002001,101,강릉-동진버스,True,4201409,조순생가,BIS inventory,True,False,,33,128.88832466397164,37.713711387376655,185,42,39,49,0.435714,0.1983
2025,42002001,101,강릉-동진버스,True,4201410,구정옥봉길,smartcard station files,False,False,,40,,,898,57,14,43,2.114982,0.269122
2025,42002001,101,강릉-동진버스,True,~,,unavailable,False,False,,0,,,1,0,,,0.002355,0.0
2025,42002003,103,강릉-동진버스,True,4200042,롯데캐슬아파트,BIS inventory,True,True,8,0 | 7,128.89120929799194,37.766948306391974,1147,50,9,35,2.677592,0.320801
2025,42002003,103,강릉-동진버스,True,4200044,차고지대기(미정차),BIS inventory,True,True,1 | 61,60,128.93316603832002,37.76938974153612,22,0,52,,0.051357,0.0
2025,42002003,103,강릉-동진버스,True,4200094,강릉여고,BIS inventory,True,True,57,0 | 56,128.90248424479844,37.75904463050879,216,950,38,4,0.504237,6.095214
2025,42002003,103,강릉-동진버스,True,4200113,강릉관광개발공사,BIS inventory,True,True,3,0 | 2,128.90865897771857,37.76820323697218,325,43,34,40,0.75869,0.275889
2025,42002003,103,강릉-동진버스,True,4200245,이명사거리,BIS inventory,True,True,9,0 | 8,128.89157918705828,37.764565078717,1697,157,4,17,3.961529,1.007314
2025,42002003,103,강릉-동진버스,True,4200247,강릉제일고,BIS inventory,True,True,10,0 | 9,128.8918779735197,37.759537356247826,616,127,19,21,1.438009,0.814834
2025,42002003,103,강릉-동진버스,True,4200249,용강동서부시장,BIS inventory,True,True,11,0 | 10,128.89167287030088,37.75492247590215,680,582,17,5,1.587413,3.73412
2025,42002003,103,강릉-동진버스,True,4200252,신영극장,BIS inventory,True,True,12,0 | 11,128.8961287589657,37.75448236011555,3127,2117,2,2,7.299764,13.582702
2025,42002003,103,강릉-동진버스,True,4200258,용지각,BIS inventory,True,True,58,0 | 57,128.90534669055177,37.76147384168322,73,198,45,13,0.170413,1.270371
2025,42002003,103,강릉-동진버스,True,4200260,동남아파트,BIS inventory,True,True,59,0 | 58,128.9088062489658,37.764638779656714,145,312,41,8,0.338492,2.001796
2025,42002003,103,강릉-동진버스,True,4200542,강릉MBC,BIS inventory,True,True,4,3,128.90392601394964,37.77039013888439,53,9,48,52,0.123725,0.057744
2025,42002003,103,강릉-동진버스,True,4200544,종합경기장입구,BIS inventory,True,True,6,0 | 5,128.89740621946726,37.770531883728914,558,33,23,42,1.302612,0.211728
2025,42002003,103,강릉-동진버스,True,4200546,e-편한세상아파트,BIS inventory,True,True,7,0 | 6,128.89508217030252,37.76981271024109,811,81,12,28,1.893223,0.519697
2025,42002003,103,강릉-동진버스,True,4200628,금광1리마을회관,BIS inventory,True,True,44,43,128.91600348378523,37.70952097409381,11,1,53,59,0.025679,0.006416
2025,42002003,103,강릉-동진버스,True,4200631,금광정미소,BIS inventory,True,True,26,0 | 25,128.91530343519958,37.70823344476309,30,186,49,14,0.070033,1.193379
2025,42002003,103,강릉-동진버스,True,4200633,소양가든,BIS inventory,True,True,27,0 | 26,128.91470984838725,37.70545388269156,558,80,23,29,1.302612,0.513281
2025,42002003,103,강릉-동진버스,True,4200635,금광리1반,BIS inventory,True,True,28,0 | 27,128.9143131847074,37.70220671426674,796,48,13,38,1.858207,0.307969
2025,42002003,103,강릉-동진버스,True,4200637,천주교회,BIS inventory,True,True,29,0 | 28,128.9146583268783,37.69918070112344,735,139,15,20,1.715806,0.891826
2025,42002003,103,강릉-동진버스,True,4200639,어단2리마을회관,BIS inventory,True,True,30,0 | 29,128.91146885408946,37.6964376324294,1343,362,6,7,3.13514,2.322597
2025,42002003,103,강릉-동진버스,True,4200641,한빛마을입구,BIS inventory,True,True,31,0 | 30,128.9070507747374,37.69408474392719,1278,117,7,23,2.983402,0.750674
2025,42002003,103,강릉-동진버스,True,4200643,어단1리마을회관,BIS inventory,True,True,32,0 | 31,128.90163121019464,37.69306524952247,234,31,36,43,0.546257,0.198896
2025,42002003,103,강릉-동진버스,True,4200645,어단1리성황당,BIS inventory,True,True,33,0 | 32,128.8997465866069,37.69146948045897,616,152,19,18,1.438009,0.975234
2025,42002003,103,강릉-동진버스,True,4200648,어단리.법왕사,BIS inventory,True,True,34,0 | 33,128.89523586027252,37.689105321389235,443,114,27,25,1.034153,0.731426
2025,42002003,103,강릉-동진버스,True,4200649,강릉자동차극장,BIS inventory,True,True,35,0 | 34,128.89682798746503,37.69309290590324,635,55,18,33,1.482363,0.352881
2025,42002003,103,강릉-동진버스,True,4200651,어단1리,BIS inventory,True,True,36,0 | 35,128.89857868128925,37.69687081252176,571,80,22,29,1.33296,0.513281
2025,42002003,103,강릉-동진버스,True,4200653,남강릉IC입구,BIS inventory,True,True,37,0 | 36,128.90059387366637,37.69980820493369,465,31,26,43,1.08551,0.198896
2025,42002003,103,강릉-동진버스,True,4200655,내곡과수원,BIS inventory,True,True,38,37,128.901945977448,37.70187078093137,325,15,34,47,0.75869,0.09624
2025,42002003,103,강릉-동진버스,True,4200657,학산3리마을회관,BIS inventory,True,True,39,0 | 38,128.90349173805726,37.7044381914233,820,83,11,27,1.914233,0.532529
2025,42002003,103,강릉-동진버스,True,4200659,해찬들,BIS inventory,True,True,40,0 | 39,128.90171063124305,37.70707432471398,784,51,14,34,1.830194,0.327217
2025,42002003,103,강릉-동진버스,True,4200662,학산부대앞,BIS inventory,True,True,41,0 | 40,128.90202642695186,37.711725950607516,347,162,32,16,0.810047,1.039394
2025,42002003,103,강릉-동진버스,True,4200663,학산기갑부대앞,BIS inventory,True,True,42,0 | 41,128.90587703156245,37.71210753958188,57,14,46,48,0.133063,0.089824
2025,42002003,103,강릉-동진버스,True,4200665,금광삼거리,BIS inventory,True,True,43,0 | 42,128.91515459286336,37.70904726058568,1227,10,8,51,2.864346,0.06416
2025,42002003,103,강릉-동진버스,True,4200667,금광교회입구,BIS inventory,True,True,45,0 | 44,128.91743884657853,37.711688785639396,390,2,31,57,0.910428,0.012832
2025,42002003,103,강릉-동진버스,True,4200668,금광교회입구,BIS inventory,True,True,24,0 | 23,128.91734376603898,37.7117034048731,0,12,,50,0.0,0.076992
2025,42002003,103,강릉-동진버스,True,4200669,하이샤시,BIS inventory,True,True,46,0 | 45,128.91728256074563,37.71407658570209,418,3,30,56,0.975792,0.019248
2025,42002003,103,강릉-동진버스,True,4200670,하이샤시,BIS inventory,True,True,23,22,128.91718137940222,37.71406745689133,0,45,,39,0.0,0.288721
2025,42002003,103,강릉-동진버스,True,4200671,금광리성황당,BIS inventory,True,True,47,0 | 46,128.9174498206258,37.717903115802514,686,7,16,54,1.601419,0.044912
2025,42002003,103,강릉-동진버스,True,4200672,금광리성황당,BIS inventory,True,True,22,21,128.91735327783445,37.717909805835454,1,49,55,37,0.002334,0.314385
2025,42002003,103,강릉-동진버스,True,4200673,버들교,BIS inventory,True,True,48,0 | 47,128.91800220365803,37.72225137691791,925,2,10,57,2.159348,0.012832
2025,42002003,103,강릉-동진버스,True,4200674,버들교,BIS inventory,True,True,21,0 | 20,128.9179091300679,37.722227707735385,0,116,,24,0.0,0.744258
2025,42002003,103,강릉-동진버스,True,4200675,박월동마을회관,BIS inventory,True,True,49,0 | 48,128.91430313467623,37.73038001057271,1828,79,3,31,4.267339,0.506865
2025,42002003,103,강릉-동진버스,True,4200676,박월동마을회관,BIS inventory,True,True,20,0 | 19,128.9141099667606,37.7303231623845,25,223,51,12,0.058361,1.430771
2025,42002003,103,강릉-동진버스,True,4200677,유산민물장어,BIS inventory,True,True,50,49,128.91188581173668,37.73590297036683,186,6,39,55,0.434204,0.038496
2025,42002003,103,강릉-동진버스,True,4200678,유산민물장어,BIS inventory,True,True,19,18,128.9117917615037,37.73586343058287,1,59,55,32,0.002334,0.378545
2025,42002003,103,강릉-동진버스,True,4200679,유산동노인회관,BIS inventory,True,True,51,0 | 50,128.9098408904697,37.73999573125917,226,8,37,53,0.527581,0.051328
2025,42002003,103,강릉-동진버스,True,4200680,유산동노인회관,BIS inventory,True,True,18,17,128.90975279156388,37.73997249911831,2,111,54,26,0.004669,0.712178
2025,42002003,103,강릉-동진버스,True,4200735,똑갑재,BIS inventory,True,True,52,0 | 51,128.9083233266339,37.74372779918021,438,30,28,45,1.022481,0.19248
2025,42002003,103,강릉-동진버스,True,4200736,똑갑재,BIS inventory,True,True,17,16,128.9084947975427,37.742997829596284,28,231,50,11,0.065364,1.482099
2025,42002003,103,강릉-동진버스,True,4200791,부흥마을,BIS inventory,True,True,53,0 | 52,128.90637359052232,37.746896583401664,486,50,25,35,1.134533,0.320801
2025,42002003,103,강릉-동진버스,True,4200792,부흥마을,BIS inventory,True,True,16,15,128.90633218029933,37.74678151751788,54,279,47,10,0.126059,1.790068
2025,42002003,103,강릉-동진버스,True,4201194,병무청,BIS inventory,True,True,54,0 | 53,128.90730907557136,37.749719639382455,431,149,29,19,1.00614,0.955986
2025,42002003,103,강릉-동진버스,True,4201195,노암현대아파트,BIS inventory,True,True,15,0 | 14,128.9064519321124,37.750397397899654,96,293,43,9,0.224105,1.879892
2025,42002003,103,강릉-동진버스,True,4201196,강릉중입구,BIS inventory,True,True,55,0 | 54,128.90469921141985,37.752586496675974,135,449,42,6,0.315148,2.88079
2025,42002003,103,강릉-동진버스,True,4201197,강릉중입구,BIS inventory,True,True,14,0 | 13,128.9042740269736,37.752586182446684,1614,169,5,15,3.767771,1.084306
2025,42002003,103,강릉-동진버스,True,4201198,남대천.강릉교,BIS inventory,True,True,56,0 | 55,128.9010015999516,37.75454267936518,164,4892,40,1,0.382847,31.387142
2025,42002003,103,강릉-동진버스,True,4201199,남대천.강릉교,BIS inventory,True,True,13,0 | 12,128.9010687000649,37.75417893755025,12958,1723,1,3,30.249551,11.054793
2025,42002003,103,강릉-동진버스,True,4201205,입암2.3주공,BIS inventory,True,True,2,0 | 1,128.9161850255649,37.765072488547595,592,14,21,48,1.381983,0.089824
2025,42002003,103,강릉-동진버스,True,4201206,입암2.3주공,BIS inventory,True,True,60,0 | 59,128.9164847952377,37.764981798289845,76,126,44,22,0.177417,0.808418
2025,42002003,103,강릉-동진버스,True,4201221,교동하늘채스카이파크,BIS inventory,True,True,5,0 | 4,128.90200271905258,37.770481553669924,331,40,33,41,0.772697,0.256641
2025,42002003,103,강릉-동진버스,True,4201385,금광1리마을회관,BIS inventory,True,True,25,0 | 24,128.91594038830377,37.70955296171714,0,29,,46,0.0,0.186064
2025,42002003,103,강릉-동진버스,True,~,,unavailable,False,False,,0,,,1,0,,,0.002334,0.0
2025,42002004,104,강릉-동진버스,True,4200001,내곡교,BIS inventory,True,True,26,23 | 24,128.88717490623026,37.74653766880734,78,64,34,20,0.555358,0.904338
2025,42002004,104,강릉-동진버스,True,4200051,송정래미안,BIS inventory,True,True,74,70 | 72,128.93021609974548,37.78282723196739,1,15,65,36,0.00712,0.211954
2025,42002004,104,강릉-동진버스,True,4200052,송정래미안,BIS inventory,True,True,6,4,128.93038982126572,37.78292573478735,4,2,58,58,0.02848,0.028261
2025,42002004,104,강릉-동진버스,True,4200053,오성학교,BIS inventory,True,True,5,3,128.93312248716418,37.77978287851338,135,0,26,,0.961196,0.0
2025,42002004,104,강릉-동진버스,True,4200054,삼익아파트,BIS inventory,True,True,75,71 | 73,128.93336344346523,37.7794509217129,1,91,65,15,0.00712,1.285856
2025,42002004,104,강릉-동진버스,True,4200055,해당화연립,BIS inventory,True,True,4,2,128.93501598562065,37.778964657496246,68,1,37,60,0.484158,0.01413
2025,42002004,104,강릉-동진버스,True,4200056,해당화연립,BIS inventory,True,True,76,72 | 74,128.9356053065312,37.7785328972295,1,16,65,35,0.00712,0.226084
2025,42002004,104,강릉-동진버스,True,4200065,보건소,BIS inventory,True,True,54,51 | 52,128.8829859719751,37.74393637256719,716,7,5,47,5.0979,0.098912
2025,42002004,104,강릉-동진버스,True,4200094,강릉여고,BIS inventory,True,True,60,57 | 58,128.90248424479844,37.75904463050879,329,135,8,10,2.342471,1.907588
2025,42002004,104,강릉-동진버스,True,4200095,한국자산관리공사,BIS inventory,True,True,21,18 | 19,128.90111921880606,37.75827929877246,104,33,30,32,0.740477,0.466299
2025,42002004,104,강릉-동진버스,True,4200101,강릉고입구,BIS inventory,True,True,9,6 | 7,128.92013482012848,37.783607089094346,32,4,42,52,0.227839,0.056521
2025,42002004,104,강릉-동진버스,True,4200102,강릉고입구,BIS inventory,True,True,71,68 | 69,128.92044843215433,37.78352944320342,15,71,51,19,0.1068,1.00325
2025,42002004,104,강릉-동진버스,True,4200103,경포고교,BIS inventory,True,True,70,67 | 68,128.9190546436117,37.78057981084284,27,44,46,26,0.192239,0.621732
2025,42002004,104,강릉-동진버스,True,4200104,동명중학교,BIS inventory,True,True,12,10 | 9,128.91637238303827,37.777185998905715,70,96,35,13,0.498398,1.356507
2025,42002004,104,강릉-동진버스,True,4200105,동명중학교,BIS inventory,True,True,68,65 | 66,128.9161008666347,37.77658681943468,28,214,45,6,0.199359,3.02388
2025,42002004,104,강릉-동진버스,True,4200106,KT,BIS inventory,True,True,14,11 | 12,128.91181164590185,37.77275858732733,670,14,6,37,4.770381,0.197824
2025,42002004,104,강릉-동진버스,True,4200107,KT,BIS inventory,True,True,66,63 | 64,128.9125052185983,37.77309475265464,264,247,11,4,1.879672,3.490179
2025,42002004,104,강릉-동진버스,True,4200108,동인병원입구,BIS inventory,True,True,15,12 | 13,128.90953558421478,37.77125258486367,124,3,28,53,0.882876,0.042391
2025,42002004,104,강릉-동진버스,True,4200109,동인병원입구,BIS inventory,True,True,65,62 | 63,128.9094857690125,37.77102450992961,14,175,53,7,0.09968,2.472799
2025,42002004,104,강릉-동진버스,True,4200110,하슬라중,BIS inventory,True,True,16,13 | 14,128.90715554439282,37.77053362559672,143,3,24,53,1.018156,0.042391
2025,42002004,104,강릉-동진버스,True,4200111,하슬라중,BIS inventory,True,True,64,61 | 62,128.90761293140218,37.77043125987649,169,151,20,9,1.203275,2.133672
2025,42002004,104,강릉-동진버스,True,4200112,강릉관광개발공사,BIS inventory,True,True,17,14 | 15,128.9085231695166,37.76800046518587,20,9,48,45,0.142399,0.127173
2025,42002004,104,강릉-동진버스,True,4200113,강릉관광개발공사,BIS inventory,True,True,63,60 | 61,128.90865897771857,37.76820323697218,62,50,38,23,0.441438,0.706514
2025,42002004,104,강릉-동진버스,True,4200251,한국은행,BIS inventory,True,True,23,20 | 21,128.89406630781096,37.753485602290496,180,44,18,26,1.281595,0.621732
2025,42002004,104,강릉-동진버스,True,4200252,신영극장,BIS inventory,True,True,59,56 | 57,128.8961287589657,37.75448236011555,1549,3240,2,1,11.028836,45.782111
2025,42002004,104,강릉-동진버스,True,4200253,교보생명,BIS inventory,True,True,22,19 | 20,128.89811415297848,37.756002485379526,417,583,7,2,2.969028,8.237954
2025,42002004,104,강릉-동진버스,True,4200258,용지각,BIS inventory,True,True,61,58 | 59,128.90534669055177,37.76147384168322,233,72,13,18,1.658953,1.01738
2025,42002004,104,강릉-동진버스,True,4200259,용지각,BIS inventory,True,True,20,17 | 18,128.90537716328666,37.76184119439877,146,41,23,28,1.039516,0.579342
2025,42002004,104,강릉-동진버스,True,4200260,동남아파트,BIS inventory,True,True,62,59 | 60,128.9088062489658,37.764638779656714,273,46,10,25,1.943752,0.649993
2025,42002004,104,강릉-동진버스,True,4200262,로얄아파트.포남1동주민센터,BIS inventory,True,True,18,15 | 16,128.90933288179943,37.76545703763149,230,13,14,40,1.637593,0.183694
2025,42002004,104,강릉-동진버스,True,4200279,신도브래뉴,BIS inventory,True,True,77,73 | 75,128.93862914925478,37.77730338810464,0,49,,24,0.0,0.692384
2025,42002004,104,강릉-동진버스,True,4200280,송정해변,BIS inventory,True,True,3,1,128.9381119893655,37.77768849372205,186,0,17,,1.324315,0.0
2025,42002004,104,강릉-동진버스,True,4200288,경포고교,BIS inventory,True,True,10,7 | 8,128.91881546540267,37.78075927662396,315,6,9,48,2.242791,0.084782
2025,42002004,104,강릉-동진버스,True,4200289,한솔초교,BIS inventory,True,True,13,10 | 11,128.9142086436632,37.775058134113436,132,5,27,49,0.939836,0.070651
2025,42002004,104,강릉-동진버스,True,4200290,한솔초교,BIS inventory,True,True,67,64 | 65,128.91448068318238,37.77500059793141,41,39,39,29,0.291919,0.551081
2025,42002004,104,강릉-동진버스,True,4200318,포남시장,BIS inventory,True,True,19,16 | 17,128.90766061502285,37.76392281820552,217,54,15,22,1.545034,0.763035
2025,42002004,104,강릉-동진버스,True,4200357,내곡교,BIS inventory,True,True,56,53 | 54,128.88814500034871,37.745625057468914,732,18,4,33,5.211819,0.254345
2025,42002004,104,강릉-동진버스,True,4200358,삼창그린맨션,BIS inventory,True,True,55,52 | 53,128.88749893563826,37.744743384730015,36,11,40,43,0.256319,0.155433
2025,42002004,104,강릉-동진버스,True,4200359,하나로마트내곡점,BIS inventory,True,True,53,50 | 51,128.88026417146904,37.7410809708167,3233,17,1,34,23.018868,0.240215
2025,42002004,104,강릉-동진버스,True,4200360,하나로마트내곡점,BIS inventory,True,True,28,25 | 26,128.88016921110417,37.740597240336115,86,80,33,16,0.612318,1.130422
2025,42002004,104,강릉-동진버스,True,4200361,보건소,BIS inventory,True,True,27,24 | 25,128.8822115594926,37.743635964592464,3,103,60,11,0.02136,1.455419
2025,42002004,104,강릉-동진버스,True,4200799,내곡동주민센터,BIS inventory,True,True,29,26 | 27,128.88038166245803,37.73840220332427,4,75,58,17,0.02848,1.059771
2025,42002004,104,강릉-동진버스,True,4200800,내곡동주민센터,BIS inventory,True,True,52,49 | 50,128.88065784045662,37.7384607745783,14,1,53,60,0.09968,0.01413
2025,42002004,104,강릉-동진버스,True,4200801,기산아파트,BIS inventory,True,True,30,27 | 28,128.8795888615329,37.73406712685544,2,14,62,37,0.01424,0.197824
2025,42002004,104,강릉-동진버스,True,4200802,기산아파트,BIS inventory,True,True,51,48 | 49,128.87993356966643,37.73422591779592,169,0,20,,1.203275,0.0
2025,42002004,104,강릉-동진버스,True,4200803,농협창고,BIS inventory,True,True,31,28,128.87887127233301,37.73227146178355,0,1,,60,0.0,0.01413
2025,42002004,104,강릉-동진버스,True,4200804,농협창고,BIS inventory,True,True,50,47,128.87906447230628,37.732212820532425,5,1,57,60,0.0356,0.01413
2025,42002004,104,강릉-동진버스,True,4200805,프라자약국,BIS inventory,True,True,32,29,128.8789292364003,37.728699480498165,1,3,65,53,0.00712,0.042391
2025,42002004,104,강릉-동진버스,True,4200806,프라자약국,BIS inventory,True,True,49,46 | 47,128.87901214606964,37.728760157474696,18,0,49,,0.128159,0.0
2025,42002004,104,강릉-동진버스,True,4200808,자조와리,BIS inventory,True,True,48,45 | 46,128.8787893136159,37.726283262247435,103,0,31,,0.733357,0.0
2025,42002004,104,강릉-동진버스,True,4200809,문화마을,BIS inventory,True,True,34,31 | 32,128.88033505218718,37.72293252489115,2,9,62,45,0.01424,0.127173
2025,42002004,104,강릉-동진버스,True,4200810,문화마을,BIS inventory,True,True,47,44 | 45,128.88042620487306,37.72295333667196,25,1,47,60,0.177999,0.01413
2025,42002004,104,강릉-동진버스,True,4200811,구정자율방범대,BIS inventory,True,True,35,32 | 33,128.88237819871995,37.72033853165244,3,5,60,49,0.02136,0.070651
2025,42002004,104,강릉-동진버스,True,4200812,구정보건지소,BIS inventory,True,True,46,43 | 44,128.88246310473926,37.72030864287925,175,1,19,60,1.245995,0.01413
2025,42002004,104,강릉-동진버스,True,4200813,구정면사무소,BIS inventory,True,True,36,33 | 34,128.87999133744066,37.71800809783438,0,11,,43,0.0,0.155433
2025,42002004,104,강릉-동진버스,True,4200814,구정면사무소,BIS inventory,True,True,45,42 | 43,128.88002787863965,37.71794143004597,138,1,25,60,0.982556,0.01413
2025,42002004,104,강릉-동진버스,True,4200815,오뚜기물류서비스,BIS inventory,True,True,37,34 | 35,128.8777698382652,37.71622341645464,0,37,,31,0.0,0.52282
2025,42002004,104,강릉-동진버스,True,4200816,오뚜기물류서비스,BIS inventory,True,True,44,41 | 42,128.87782869819907,37.71615014292806,69,1,36,60,0.491278,0.01413
2025,42002004,104,강릉-동진버스,True,4200817,성황당,BIS inventory,True,True,38,35 | 36,128.87341590911527,37.71242819076422,0,3,,53,0.0,0.042391
2025,42002004,104,강릉-동진버스,True,4200818,성황당,BIS inventory,True,True,43,40 | 41,128.8735164959862,37.712407011021696,10,1,55,60,0.0712,0.01413
2025,42002004,104,강릉-동진버스,True,4200820,구정마을회관,BIS inventory,True,True,39,36 | 37,128.87139646095704,37.71008533483099,0,5,,49,0.0,0.070651
2025,42002004,104,강릉-동진버스,True,4200821,구정마을회관,BIS inventory,True,True,42,39 | 40,128.87144937425245,37.71002947764621,1262,0,3,,8.985404,0.0
2025,42002004,104,강릉-동진버스,True,4200822,솔향수목원입구,BIS inventory,True,True,41,38 | 39,128.8693376080556,37.70921581710481,118,3,29,53,0.840157,0.042391
2025,42002004,104,강릉-동진버스,True,4200823,솔향수목원입구,BIS inventory,True,True,40,37 | 38,128.86937194102438,37.70931046077696,97,12,32,42,0.690637,0.169563
2025,42002004,104,강릉-동진버스,True,4200850,강릉의료원,BIS inventory,True,True,25,22 | 23,128.88880799404643,37.748819708567,241,56,12,21,1.715913,0.791296
2025,42002004,104,강릉-동진버스,True,4200851,강릉의료원,BIS inventory,True,True,57,54 | 55,128.89091430945297,37.74975576653371,212,97,16,12,1.509434,1.370637
2025,42002004,104,강릉-동진버스,True,4200852,강릉대도호부관아,BIS inventory,True,True,24,21 | 22,128.8916610029413,37.75117323796815,18,14,49,37,0.128159,0.197824
2025,42002004,104,강릉-동진버스,True,4200853,강릉대도호부관아,BIS inventory,True,True,58,55 | 56,128.89234522879923,37.75163825691615,155,293,22,3,1.103596,4.140172
2025,42002004,104,강릉-동진버스,True,4201043,안목,BIS inventory,True,True,1,0,128.94526892930932,37.77285146151794,30,1,44,60,0.213599,0.01413
2025,42002004,104,강릉-동진버스,True,4201044,안목커피거리,BIS inventory,True,True,79,74 | 76,128.94543559396536,37.77260342997581,2,240,62,5,0.01424,3.391267
2025,42002004,104,강릉-동진버스,True,4201220,포남2주공입구,BIS inventory,True,True,11,8 | 9,128.9179885478381,37.77901498558293,35,13,41,40,0.249199,0.183694
2025,42002004,104,강릉-동진버스,True,4201233,초당분수공원,BIS inventory,True,True,8,5 | 6,128.9221385517862,37.785996929695614,31,2,43,58,0.220719,0.028261
2025,42002004,104,강릉-동진버스,True,4201234,초당분수공원,BIS inventory,True,True,72,69 | 70,128.92421540479356,37.78614360918137,1,96,65,13,0.00712,1.356507
2025,42002004,104,강릉-동진버스,True,4201236,포남2주공입구,BIS inventory,True,True,69,66 | 67,128.91810027987142,37.77873395771816,15,175,51,7,0.1068,2.472799
2025,42002004,104,강릉-동진버스,True,4202171,신라모노그램,BIS inventory,True,True,73,71,128.92766337576,37.78423838201166,0,39,,29,0.0,0.551081
2025,42002004,104,강릉-동진버스,True,4202172,신라모노그램,BIS inventory,True,True,7,5,128.92730314100064,37.78470637599459,6,0,56,,0.04272,0.0
2025,42002005,104-1,강릉-동진버스,True,4200001,내곡교,BIS inventory,True,True,26,23 | 24,128.88717490623026,37.74653766880734,103,357,53,9,0.247157,1.874409
2025,42002005,104-1,강릉-동진버스,True,4200023,진골,BIS inventory,True,True,41,38 | 39,128.863668793898,37.7068476306324,30,38,68,58,0.071987,0.199517
2025,42002005,104-1,강릉-동진버스,True,4200051,송정래미안,BIS inventory,True,True,78,74 | 76,128.93021609974548,37.78282723196739,2,33,80,59,0.004799,0.173265
2025,42002005,104-1,강릉-동진버스,True,4200052,송정래미안,BIS inventory,True,True,6,4,128.93038982126572,37.78292573478735,85,9,57,72,0.203964,0.047254
2025,42002005,104-1,강릉-동진버스,True,4200053,오성학교,BIS inventory,True,True,5,3,128.93312248716418,37.77978287851338,510,7,20,75,1.223785,0.036753
2025,42002005,104-1,강릉-동진버스,True,4200054,삼익아파트,BIS inventory,True,True,79,75 | 77,128.93336344346523,37.7794509217129,8,90,77,40,0.019197,0.47254
2025,42002005,104-1,강릉-동진버스,True,4200055,해당화연립,BIS inventory,True,True,4,2,128.93501598562065,37.778964657496246,400,12,28,71,0.959831,0.063005
2025,42002005,104-1,강릉-동진버스,True,4200056,해당화연립,BIS inventory,True,True,80,76 | 78,128.9356053065312,37.7785328972295,9,64,76,52,0.021596,0.336029
2025,42002005,104-1,강릉-동진버스,True,4200062,회산주공2단지,BIS inventory,True,True,56,53 | 54,128.87633822960112,37.74368399842067,1130,55,9,53,2.711523,0.288775
2025,42002005,104-1,강릉-동진버스,True,4200066,내곡교,BIS inventory,True,True,60,57 | 58,128.88659128664105,37.74625364038564,101,52,54,54,0.242357,0.273023
2025,42002005,104-1,강릉-동진버스,True,4200094,강릉여고,BIS inventory,True,True,64,61 | 62,128.90248424479844,37.75904463050879,332,201,32,18,0.79666,1.05534
2025,42002005,104-1,강릉-동진버스,True,4200095,한국자산관리공사,BIS inventory,True,True,21,18 | 19,128.90111921880606,37.75827929877246,402,360,26,8,0.96463,1.890161
2025,42002005,104-1,강릉-동진버스,True,4200101,강릉고입구,BIS inventory,True,True,9,6 | 7,128.92013482012848,37.783607089094346,1043,73,10,45,2.50276,0.383283
2025,42002005,104-1,강릉-동진버스,True,4200102,강릉고입구,BIS inventory,True,True,75,72 | 73,128.92044843215433,37.78352944320342,82,181,60,20,0.196765,0.950331
2025,42002005,104-1,강릉-동진버스,True,4200103,경포고교,BIS inventory,True,True,74,71 | 72,128.9190546436117,37.78057981084284,33,68,67,49,0.079186,0.35703
2025,42002005,104-1,강릉-동진버스,True,4200104,동명중학교,BIS inventory,True,True,12,10 | 9,128.91637238303827,37.777185998905715,404,14,25,68,0.969429,0.073506
2025,42002005,104-1,강릉-동진버스,True,4200105,동명중학교,BIS inventory,True,True,72,69 | 70,128.9161008666347,37.77658681943468,15,30,74,60,0.035994,0.157513
2025,42002005,104-1,강릉-동진버스,True,4200106,KT,BIS inventory,True,True,14,11 | 12,128.91181164590185,37.77275858732733,2249,255,3,14,5.39665,1.338864
2025,42002005,104-1,강릉-동진버스,True,4200107,KT,BIS inventory,True,True,70,67 | 68,128.9125052185983,37.77309475265464,330,294,33,12,0.791861,1.543631
2025,42002005,104-1,강릉-동진버스,True,4200108,동인병원입구,BIS inventory,True,True,15,12 | 13,128.90953558421478,37.77125258486367,995,127,11,29,2.38758,0.666807
2025,42002005,104-1,강릉-동진버스,True,4200109,동인병원입구,BIS inventory,True,True,69,66 | 67,128.9094857690125,37.77102450992961,74,286,62,13,0.177569,1.501628
2025,42002005,104-1,강릉-동진버스,True,4200110,하슬라중,BIS inventory,True,True,16,13 | 14,128.90715554439282,37.77053362559672,662,111,16,36,1.58852,0.5828
2025,42002005,104-1,강릉-동진버스,True,4200111,하슬라중,BIS inventory,True,True,68,65 | 66,128.90761293140218,37.77043125987649,85,147,57,24,0.203964,0.771816
2025,42002005,104-1,강릉-동진버스,True,4200112,강릉관광개발공사,BIS inventory,True,True,17,14 | 15,128.9085231695166,37.76800046518587,275,135,40,26,0.659884,0.70881
2025,42002005,104-1,강릉-동진버스,True,4200113,강릉관광개발공사,BIS inventory,True,True,67,64 | 65,128.90865897771857,37.76820323697218,66,130,63,27,0.158372,0.682558
2025,42002005,104-1,강릉-동진버스,True,4200251,한국은행,BIS inventory,True,True,23,20 | 21,128.89406630781096,37.753485602290496,2243,661,4,4,5.382253,3.470545
2025,42002005,104-1,강릉-동진버스,True,4200252,신영극장,BIS inventory,True,True,63,60 | 61,128.8961287589657,37.75448236011555,3587,3732,2,2,8.607285,19.594666
2025,42002005,104-1,강릉-동진버스,True,4200253,교보생명,BIS inventory,True,True,22,19 | 20,128.89811415297848,37.756002485379526,7283,4598,1,1,17.476124,24.141552
2025,42002005,104-1,강릉-동진버스,True,4200258,용지각,BIS inventory,True,True,65,62 | 63,128.90534669055177,37.76147384168322,237,206,43,17,0.5687,1.081592
2025,42002005,104-1,강릉-동진버스,True,4200259,용지각,BIS inventory,True,True,20,17 | 18,128.90537716328666,37.76184119439877,776,351,14,10,1.862072,1.842907
2025,42002005,104-1,강릉-동진버스,True,4200260,동남아파트,BIS inventory,True,True,66,63 | 64,128.9088062489658,37.764638779656714,174,214,50,16,0.417527,1.123596
2025,42002005,104-1,강릉-동진버스,True,4200262,로얄아파트.포남1동주민센터,BIS inventory,True,True,18,15 | 16,128.90933288179943,37.76545703763149,1268,161,7,22,3.042664,0.845322
2025,42002005,104-1,강릉-동진버스,True,4200279,신도브래뉴,BIS inventory,True,True,81,77 | 79,128.93862914925478,37.77730338810464,2,128,80,28,0.004799,0.672057
2025,42002005,104-1,강릉-동진버스,True,4200280,송정해변,BIS inventory,True,True,3,1,128.9381119893655,37.77768849372205,325,3,35,79,0.779863,0.015751
2025,42002005,104-1,강릉-동진버스,True,4200288,경포고교,BIS inventory,True,True,10,7 | 8,128.91881546540267,37.78075927662396,985,72,12,47,2.363584,0.378032
2025,42002005,104-1,강릉-동진버스,True,4200289,한솔초교,BIS inventory,True,True,13,10 | 11,128.9142086436632,37.775058134113436,726,72,15,47,1.742093,0.378032
2025,42002005,104-1,강릉-동진버스,True,4200290,한솔초교,BIS inventory,True,True,71,68 | 69,128.91448068318238,37.77500059793141,40,80,66,43,0.095983,0.420036
2025,42002005,104-1,강릉-동진버스,True,4200318,포남시장,BIS inventory,True,True,19,16 | 17,128.90766061502285,37.76392281820552,618,177,18,21,1.482939,0.929329
2025,42002005,104-1,강릉-동진버스,True,4200360,하나로마트내곡점,BIS inventory,True,True,28,25 | 26,128.88016921110417,37.740597240336115,340,648,31,5,0.815856,3.402289
2025,42002005,104-1,강릉-동진버스,True,4200361,보건소,BIS inventory,True,True,27,24 | 25,128.8822115594926,37.743635964592464,402,861,26,3,0.96463,4.520634
2025,42002005,104-1,강릉-동진버스,True,4200799,내곡동주민센터,BIS inventory,True,True,29,26 | 27,128.88038166245803,37.73840220332427,20,197,71,19,0.047992,1.034338
2025,42002005,104-1,강릉-동진버스,True,4200801,기산아파트,BIS inventory,True,True,30,27 | 28,128.8795888615329,37.73406712685544,94,100,55,39,0.22556,0.525045
2025,42002005,104-1,강릉-동진버스,True,4200803,농협창고,BIS inventory,True,True,31,28 | 29,128.87887127233301,37.73227146178355,22,76,70,44,0.052791,0.399034
2025,42002005,104-1,강릉-동진버스,True,4200805,프라자약국,BIS inventory,True,True,32,29 | 30,128.8789292364003,37.728699480498165,41,105,65,38,0.098383,0.551297
2025,42002005,104-1,강릉-동진버스,True,4200807,자조와리,BIS inventory,True,True,33,30 | 31,128.87870578002008,37.72632672967291,330,86,33,41,0.791861,0.451538
2025,42002005,104-1,강릉-동진버스,True,4200809,문화마을,BIS inventory,True,True,34,31 | 32,128.88033505218718,37.72293252489115,352,152,30,23,0.844651,0.798068
2025,42002005,104-1,강릉-동진버스,True,4200811,구정자율방범대,BIS inventory,True,True,35,32 | 33,128.88237819871995,37.72033853165244,312,114,37,35,0.748668,0.598551
2025,42002005,104-1,강릉-동진버스,True,4200813,구정면사무소,BIS inventory,True,True,36,33 | 34,128.87999133744066,37.71800809783438,292,227,38,15,0.700677,1.191851
2025,42002005,104-1,강릉-동진버스,True,4200815,오뚜기물류서비스,BIS inventory,True,True,37,34 | 35,128.8777698382652,37.71622341645464,230,121,44,32,0.551903,0.635304
2025,42002005,104-1,강릉-동진버스,True,4200817,성황당,BIS inventory,True,True,38,35 | 36,128.87341590911527,37.71242819076422,200,19,45,65,0.479916,0.099758
2025,42002005,104-1,강릉-동진버스,True,4200820,구정마을회관,BIS inventory,True,True,39,36 | 37,128.87139646095704,37.71008533483099,1174,142,8,25,2.817104,0.745563
2025,42002005,104-1,강릉-동진버스,True,4200823,솔향수목원입구,BIS inventory,True,True,40,37 | 38,128.86937194102438,37.70931046077696,564,125,19,30,1.353362,0.656306
2025,42002005,104-1,강릉-동진버스,True,4200824,제비삼거리,BIS inventory,True,True,42,39 | 40,128.8614786499892,37.70922991859699,18,9,72,72,0.043192,0.047254
2025,42002005,104-1,강릉-동진버스,True,4200825,제비삼거리,BIS inventory,True,True,46,43 | 44,128.8615088123862,37.70915992717116,18,0,72,,0.043192,0.0
2025,42002005,104-1,강릉-동진버스,True,4200826,제비리,BIS inventory,True,True,44,41 | 42,128.85827155633717,37.70524685021708,52,49,64,56,0.124778,0.257272
2025,42002005,104-1,강릉-동진버스,True,4200828,신광사입구,BIS inventory,True,True,45,42 | 43,128.85959135500886,37.70844237993537,315,85,36,42,0.755867,0.446288
2025,42002005,104-1,강릉-동진버스,True,4200829,신광사입구,BIS inventory,True,True,43,40 | 41,128.85953628339269,37.70852190735515,8,13,77,69,0.019197,0.068256
2025,42002005,104-1,강릉-동진버스,True,4200830,등고비,BIS inventory,True,True,48,45 | 46,128.86171284130654,37.716127363746615,128,22,52,62,0.307146,0.11551
2025,42002005,104-1,강릉-동진버스,True,4200832,제비1리마을회관,BIS inventory,True,True,49,46 | 47,128.8621891338796,37.71968864008052,186,13,48,69,0.446321,0.068256
2025,42002005,104-1,강릉-동진버스,True,4200834,개화대,BIS inventory,True,True,50,47 | 48,128.8608572684192,37.723176690790936,272,5,41,78,0.652685,0.026252
2025,42002005,104-1,강릉-동진버스,True,4200836,강원예술고교,BIS inventory,True,True,51,48 | 49,128.8616868324728,37.72543906074348,78,7,61,75,0.187167,0.036753
2025,42002005,104-1,강릉-동진버스,True,4200838,제비리정미소,BIS inventory,True,True,52,49 | 50,128.85946417278979,37.72991051863758,282,51,39,55,0.676681,0.267773
2025,42002005,104-1,강릉-동진버스,True,4200840,강일운수(회산한신더휴아파트),BIS inventory,True,True,53,50 | 51,128.8635961632995,37.73687831617277,394,65,29,51,0.945434,0.341279
2025,42002005,104-1,강릉-동진버스,True,4200843,서희아파트,BIS inventory,True,True,54,51 | 52,128.86634677134685,37.73976016715972,1443,66,6,50,3.462591,0.346529
2025,42002005,104-1,강릉-동진버스,True,4200844,회산교,BIS inventory,True,True,55,52 | 53,128.86938257728545,37.741799533605175,410,18,24,66,0.983827,0.094508
2025,42002005,104-1,강릉-동진버스,True,4200846,회산주공1단지,BIS inventory,True,True,57,54 | 55,128.87934233274848,37.74463886683866,817,22,13,62,1.960455,0.11551
2025,42002005,104-1,강릉-동진버스,True,4200848,내곡현대아파트,BIS inventory,True,True,59,56 | 57,128.8834148503297,37.74546973753321,245,21,42,64,0.587897,0.110259
2025,42002005,104-1,강릉-동진버스,True,4200850,강릉의료원,BIS inventory,True,True,25,22 | 23,128.88880799404643,37.748819708567,191,320,47,11,0.458319,1.680143
2025,42002005,104-1,강릉-동진버스,True,4200851,강릉의료원,BIS inventory,True,True,61,58 | 59,128.89091430945297,37.74975576653371,177,116,49,33,0.424725,0.609052
2025,42002005,104-1,강릉-동진버스,True,4200852,강릉대도호부관아,BIS inventory,True,True,24,21 | 22,128.8916610029413,37.75117323796815,412,116,23,33,0.988626,0.609052
2025,42002005,104-1,강릉-동진버스,True,4200853,강릉대도호부관아,BIS inventory,True,True,62,59 | 60,128.89234522879923,37.75163825691615,161,563,51,6,0.386332,2.956001
2025,42002005,104-1,강릉-동진버스,True,4200870,윗회산,BIS inventory,True,True,47,44 | 45,128.8624600126061,37.71152374867891,194,3,46,79,0.465518,0.015751
2025,42002005,104-1,강릉-동진버스,True,4201043,안목,BIS inventory,True,True,1,0,128.94526892930932,37.77285146151794,2007,7,5,75,4.815952,0.036753
2025,42002005,104-1,강릉-동진버스,True,4201044,안목커피거리,BIS inventory,True,True,83,78 | 80,128.94543559396536,37.77260342997581,84,515,59,7,0.201565,2.70398
2025,42002005,104-1,강릉-동진버스,True,4201208,내곡한라아파트,BIS inventory,True,True,58,55 | 56,128.88109989979574,37.744994216797494,431,73,22,45,1.034218,0.383283
2025,42002005,104-1,강릉-동진버스,True,4201220,포남2주공입구,BIS inventory,True,True,11,8 | 9,128.9179885478381,37.77901498558293,655,25,17,61,1.571723,0.131261
2025,42002005,104-1,강릉-동진버스,True,4201233,초당분수공원,BIS inventory,True,True,8,5 | 6,128.9221385517862,37.785996929695614,499,45,21,57,1.197389,0.23627
2025,42002005,104-1,강릉-동진버스,True,4201234,초당분수공원,BIS inventory,True,True,76,73 | 74,128.92421540479356,37.78614360918137,26,124,69,31,0.062389,0.651055
2025,42002005,104-1,강릉-동진버스,True,4201236,포남2주공입구,BIS inventory,True,True,73,70 | 71,128.91810027987142,37.77873395771816,13,109,75,37,0.031195,0.572299
2025,42002005,104-1,강릉-동진버스,True,4202171,신라모노그램,BIS inventory,True,True,77,75,128.92766337576,37.78423838201166,5,18,79,66,0.011998,0.094508
2025,42002005,104-1,강릉-동진버스,True,4202172,신라모노그램,BIS inventory,True,True,7,5,128.92730314100064,37.78470637599459,91,9,56,72,0.218362,0.047254
2025,42002006,104-2,강릉-동진버스,True,4200001,내곡교,BIS inventory,True,True,26,23 | 24,128.88717490623026,37.74653766880734,101,341,60,9,0.224674,1.971896
2025,42002006,104-2,강릉-동진버스,True,4200051,송정래미안,BIS inventory,True,True,79,75 | 77,128.93021609974548,37.78282723196739,1,68,79,41,0.002224,0.393223
2025,42002006,104-2,강릉-동진버스,True,4200052,송정래미안,BIS inventory,True,True,6,4,128.93038982126572,37.78292573478735,107,7,56,77,0.238021,0.040479
2025,42002006,104-2,강릉-동진버스,True,4200053,오성학교,BIS inventory,True,True,5,3,128.93312248716418,37.77978287851338,253,11,39,70,0.562798,0.06361
2025,42002006,104-2,강릉-동진버스,True,4200054,삼익아파트,BIS inventory,True,True,80,76 | 78,128.93336344346523,37.7794509217129,9,208,75,21,0.02002,1.202799
2025,42002006,104-2,강릉-동진버스,True,4200055,해당화연립,BIS inventory,True,True,4,2,128.93501598562065,37.778964657496246,343,16,34,66,0.763002,0.092523
2025,42002006,104-2,강릉-동진버스,True,4200056,해당화연립,BIS inventory,True,True,81,77 | 79,128.9356053065312,37.7785328972295,9,103,75,33,0.02002,0.595617
2025,42002006,104-2,강릉-동진버스,True,4200064,윗회산,BIS inventory,True,True,39,36 | 37,128.86237406495107,37.71154075190158,126,11,51,70,0.280287,0.06361
2025,42002006,104-2,강릉-동진버스,True,4200065,보건소,BIS inventory,True,True,59,56 | 57,128.8829859719751,37.74393637256719,2029,62,4,42,4.513503,0.358527
2025,42002006,104-2,강릉-동진버스,True,4200094,강릉여고,BIS inventory,True,True,65,62 | 63,128.90248424479844,37.75904463050879,585,235,16,16,1.30133,1.358931
2025,42002006,104-2,강릉-동진버스,True,4200095,한국자산관리공사,BIS inventory,True,True,21,18 | 19,128.90111921880606,37.75827929877246,715,154,12,28,1.590515,0.890534
2025,42002006,104-2,강릉-동진버스,True,4200101,강릉고입구,BIS inventory,True,True,9,6 | 7,128.92013482012848,37.783607089094346,388,45,31,50,0.863105,0.260221
2025,42002006,104-2,강릉-동진버스,True,4200102,강릉고입구,BIS inventory,True,True,76,73 | 74,128.92044843215433,37.78352944320342,142,267,50,12,0.315878,1.543977
2025,42002006,104-2,강릉-동진버스,True,4200103,경포고교,BIS inventory,True,True,75,72 | 73,128.9190546436117,37.78057981084284,115,121,53,31,0.255817,0.699705
2025,42002006,104-2,강릉-동진버스,True,4200104,동명중학교,BIS inventory,True,True,12,10 | 9,128.91637238303827,37.777185998905715,102,8,58,76,0.226899,0.046261
2025,42002006,104-2,강릉-동진버스,True,4200105,동명중학교,BIS inventory,True,True,73,70 | 71,128.9161008666347,37.77658681943468,506,83,20,38,1.125595,0.479963
2025,42002006,104-2,강릉-동진버스,True,4200106,KT,BIS inventory,True,True,14,11 | 12,128.91181164590185,37.77275858732733,825,167,11,26,1.835209,0.965709
2025,42002006,104-2,강릉-동진버스,True,4200107,KT,BIS inventory,True,True,71,68 | 69,128.9125052185983,37.77309475265464,583,506,17,6,1.296881,2.926039
2025,42002006,104-2,강릉-동진버스,True,4200108,동인병원입구,BIS inventory,True,True,15,12 | 13,128.90953558421478,37.77125258486367,421,52,27,49,0.936513,0.3007
2025,42002006,104-2,강릉-동진버스,True,4200109,동인병원입구,BIS inventory,True,True,70,67 | 68,128.9094857690125,37.77102450992961,120,264,52,13,0.26694,1.526629
2025,42002006,104-2,강릉-동진버스,True,4200110,하슬라중,BIS inventory,True,True,16,13 | 14,128.90715554439282,37.77053362559672,270,59,37,45,0.600614,0.341179
2025,42002006,104-2,강릉-동진버스,True,4200111,하슬라중,BIS inventory,True,True,69,66 | 67,128.90761293140218,37.77043125987649,374,218,32,18,0.831962,1.260626
2025,42002006,104-2,강릉-동진버스,True,4200112,강릉관광개발공사,BIS inventory,True,True,17,14 | 15,128.9085231695166,37.76800046518587,160,79,48,39,0.355919,0.456832
2025,42002006,104-2,강릉-동진버스,True,4200113,강릉관광개발공사,BIS inventory,True,True,68,65 | 66,128.90865897771857,37.76820323697218,108,194,54,23,0.240246,1.121841
2025,42002006,104-2,강릉-동진버스,True,4200251,한국은행,BIS inventory,True,True,23,20 | 21,128.89406630781096,37.753485602290496,2664,344,3,8,5.926058,1.989244
2025,42002006,104-2,강릉-동진버스,True,4200252,신영극장,BIS inventory,True,True,64,61 | 62,128.8961287589657,37.75448236011555,5435,4484,2,1,12.090137,25.929567
2025,42002006,104-2,강릉-동진버스,True,4200253,교보생명,BIS inventory,True,True,22,19 | 20,128.89811415297848,37.756002485379526,8634,2322,1,2,19.2063,13.427398
2025,42002006,104-2,강릉-동진버스,True,4200258,용지각,BIS inventory,True,True,66,63 | 64,128.90534669055177,37.76147384168322,490,254,22,15,1.090003,1.468802
2025,42002006,104-2,강릉-동진버스,True,4200259,용지각,BIS inventory,True,True,20,17 | 18,128.90537716328666,37.76184119439877,403,134,30,30,0.896472,0.77488
2025,42002006,104-2,강릉-동진버스,True,4200260,동남아파트,BIS inventory,True,True,67,64 | 65,128.9088062489658,37.764638779656714,572,273,18,11,1.272412,1.578673
2025,42002006,104-2,강릉-동진버스,True,4200262,로얄아파트.포남1동주민센터,BIS inventory,True,True,18,15 | 16,128.90933288179943,37.76545703763149,604,93,15,36,1.343596,0.53779
2025,42002006,104-2,강릉-동진버스,True,4200279,신도브래뉴,BIS inventory,True,True,82,78 | 80,128.93862914925478,37.77730338810464,1,209,79,20,0.002224,1.208582
2025,42002006,104-2,강릉-동진버스,True,4200280,송정해변,BIS inventory,True,True,3,1,128.9381119893655,37.77768849372205,155,7,49,77,0.344797,0.040479
2025,42002006,104-2,강릉-동진버스,True,4200284,진골,BIS inventory,True,True,45,42 | 43,128.86337243060487,37.70683089545619,41,18,69,65,0.091204,0.104088
2025,42002006,104-2,강릉-동진버스,True,4200288,경포고교,BIS inventory,True,True,10,7 | 8,128.91881546540267,37.78075927662396,412,26,29,58,0.916492,0.15035
2025,42002006,104-2,강릉-동진버스,True,4200289,한솔초교,BIS inventory,True,True,13,10 | 11,128.9142086436632,37.775058134113436,206,58,41,46,0.458246,0.335396
2025,42002006,104-2,강릉-동진버스,True,4200290,한솔초교,BIS inventory,True,True,72,69 | 70,128.91448068318238,37.77500059793141,101,89,60,37,0.224674,0.514659
2025,42002006,104-2,강릉-동진버스,True,4200318,포남시장,BIS inventory,True,True,19,16 | 17,128.90766061502285,37.76392281820552,345,34,33,54,0.767451,0.196611
2025,42002006,104-2,강릉-동진버스,True,4200357,내곡교,BIS inventory,True,True,61,58 | 59,128.88814500034871,37.745625057468914,1550,40,7,52,3.447969,0.231307
2025,42002006,104-2,강릉-동진버스,True,4200358,삼창그린맨션,BIS inventory,True,True,60,57 | 58,128.88749893563826,37.744743384730015,268,25,38,59,0.596165,0.144567
2025,42002006,104-2,강릉-동진버스,True,4200359,하나로마트내곡점,BIS inventory,True,True,58,55 | 56,128.88026417146904,37.7410809708167,2011,144,5,29,4.473462,0.832707
2025,42002006,104-2,강릉-동진버스,True,4200366,내곡한라아파트,BIS inventory,True,True,28,25 | 26,128.88110089995297,37.74513149140333,164,235,47,16,0.364817,1.358931
2025,42002006,104-2,강릉-동진버스,True,4200758,회산주공2단지,BIS inventory,True,True,30,27 | 28,128.8755135006868,37.7435978056025,79,502,63,7,0.175735,2.902909
2025,42002006,104-2,강릉-동진버스,True,4200800,내곡동주민센터,BIS inventory,True,True,57,54 | 55,128.88065784045662,37.7384607745783,180,19,44,63,0.400409,0.109871
2025,42002006,104-2,강릉-동진버스,True,4200802,기산아파트,BIS inventory,True,True,56,53 | 54,128.87993356966643,37.73422591779592,898,10,10,74,1.997598,0.057827
2025,42002006,104-2,강릉-동진버스,True,4200804,농협창고,BIS inventory,True,True,55,52 | 53,128.87906447230628,37.732212820532425,183,23,43,60,0.407083,0.133002
2025,42002006,104-2,강릉-동진버스,True,4200806,프라자약국,BIS inventory,True,True,54,51 | 52,128.87901214606964,37.728760157474696,274,57,36,47,0.609512,0.329613
2025,42002006,104-2,강릉-동진버스,True,4200808,자조와리,BIS inventory,True,True,53,50 | 51,128.8787893136159,37.726283262247435,420,94,28,35,0.934288,0.543573
2025,42002006,104-2,강릉-동진버스,True,4200810,문화마을,BIS inventory,True,True,52,49 | 50,128.88042620487306,37.72295333667196,495,35,21,53,1.101126,0.202394
2025,42002006,104-2,강릉-동진버스,True,4200812,구정보건지소,BIS inventory,True,True,51,48 | 49,128.88246310473926,37.72030864287925,629,45,13,50,1.399208,0.260221
2025,42002006,104-2,강릉-동진버스,True,4200814,구정면사무소,BIS inventory,True,True,50,47 | 48,128.88002787863965,37.71794143004597,422,28,26,57,0.938737,0.161915
2025,42002006,104-2,강릉-동진버스,True,4200816,오뚜기물류서비스,BIS inventory,True,True,49,46 | 47,128.87782869819907,37.71615014292806,295,60,35,44,0.656226,0.346961
2025,42002006,104-2,강릉-동진버스,True,4200818,성황당,BIS inventory,True,True,48,45 | 46,128.8735164959862,37.712407011021696,199,16,42,66,0.442675,0.092523
2025,42002006,104-2,강릉-동진버스,True,4200821,구정마을회관,BIS inventory,True,True,47,44 | 45,128.87144937425245,37.71002947764621,1256,32,9,56,2.793967,0.185046
2025,42002006,104-2,강릉-동진버스,True,4200822,솔향수목원입구,BIS inventory,True,True,46,43 | 44,128.8693376080556,37.70921581710481,485,69,23,40,1.078881,0.399005
2025,42002006,104-2,강릉-동진버스,True,4200824,제비삼거리,BIS inventory,True,True,40,37 | 38,128.8614786499892,37.70922991859699,1,19,79,63,0.002224,0.109871
2025,42002006,104-2,강릉-동진버스,True,4200825,제비삼거리,BIS inventory,True,True,44,41 | 42,128.8615088123862,37.70915992717116,13,1,74,82,0.028918,0.005783
2025,42002006,104-2,강릉-동진버스,True,4200826,제비리,BIS inventory,True,True,42,39 | 40,128.85827155633717,37.70524685021708,63,23,64,60,0.140143,0.133002
2025,42002006,104-2,강릉-동진버스,True,4200828,신광사입구,BIS inventory,True,True,43,40 | 41,128.85959135500886,37.70844237993537,90,3,62,81,0.200205,0.017348
2025,42002006,104-2,강릉-동진버스,True,4200829,신광사입구,BIS inventory,True,True,41,38 | 39,128.85953628339269,37.70852190735515,4,20,77,62,0.008898,0.115654
2025,42002006,104-2,강릉-동진버스,True,4200831,등고비,BIS inventory,True,True,38,35 | 36,128.8616371241439,37.71615919045265,38,34,70,54,0.084531,0.196611
2025,42002006,104-2,강릉-동진버스,True,4200833,제비1리마을회관,BIS inventory,True,True,37,34 | 35,128.8620977553537,37.71966811408695,46,11,65,70,0.102327,0.06361
2025,42002006,104-2,강릉-동진버스,True,4200835,개화대,BIS inventory,True,True,36,33 | 34,128.8607659459164,37.72312828112019,108,4,54,79,0.240246,0.023131
2025,42002006,104-2,강릉-동진버스,True,4200837,강원예술고교,BIS inventory,True,True,35,32 | 33,128.86150617422848,37.725488347649346,4,10,77,74,0.008898,0.057827
2025,42002006,104-2,강릉-동진버스,True,4200839,제비리정미소,BIS inventory,True,True,34,31 | 32,128.8594036715264,37.72987082372568,225,55,40,48,0.500512,0.318048
2025,42002006,104-2,강릉-동진버스,True,4200841,강일운수(회산한신더휴아파트),BIS inventory,True,True,33,30 | 31,128.86326996430768,37.736857601908014,42,113,66,32,0.093429,0.653444
2025,42002006,104-2,강릉-동진버스,True,4200842,서희아파트,BIS inventory,True,True,32,29 | 30,128.86542964738,37.739494273568006,102,509,58,5,0.226899,2.943387
2025,42002006,104-2,강릉-동진버스,True,4200845,회산교,BIS inventory,True,True,31,28 | 29,128.86893532851613,37.74168123777201,21,192,72,24,0.046714,1.110276
2025,42002006,104-2,강릉-동진버스,True,4200847,회산주공1단지,BIS inventory,True,True,29,26 | 27,128.87955033053632,37.744879735537495,42,210,66,19,0.093429,1.214364
2025,42002006,104-2,강릉-동진버스,True,4200849,내곡현대아파트,BIS inventory,True,True,27,24 | 25,128.88327994384045,37.74557191636756,453,262,24,14,1.007697,1.515064
2025,42002006,104-2,강릉-동진버스,True,4200850,강릉의료원,BIS inventory,True,True,25,22 | 23,128.88880799404643,37.748819708567,167,159,46,27,0.371491,0.919447
2025,42002006,104-2,강릉-동진버스,True,4200851,강릉의료원,BIS inventory,True,True,62,59 | 60,128.89091430945297,37.74975576653371,433,171,25,25,0.963207,0.988839
2025,42002006,104-2,강릉-동진버스,True,4200852,강릉대도호부관아,BIS inventory,True,True,24,21 | 22,128.8916610029413,37.75117323796815,1962,100,6,34,4.364461,0.578269
2025,42002006,104-2,강릉-동진버스,True,4200853,강릉대도호부관아,BIS inventory,True,True,63,60 | 61,128.89234522879923,37.75163825691615,612,820,14,4,1.361392,4.741803
2025,42002006,104-2,강릉-동진버스,True,4201043,안목,BIS inventory,True,True,1,0,128.94526892930932,37.77285146151794,1348,4,8,79,2.998621,0.023131
2025,42002006,104-2,강릉-동진버스,True,4201044,안목커피거리,BIS inventory,True,True,84,79 | 81,128.94543559396536,37.77260342997581,42,876,66,3,0.093429,5.065633
2025,42002006,104-2,강릉-동진버스,True,4201220,포남2주공입구,BIS inventory,True,True,11,8 | 9,128.9179885478381,37.77901498558293,175,12,45,69,0.389287,0.069392
2025,42002006,104-2,강릉-동진버스,True,4201233,초당분수공원,BIS inventory,True,True,8,5 | 6,128.9221385517862,37.785996929695614,552,16,19,66,1.227922,0.092523
2025,42002006,104-2,강릉-동진버스,True,4201234,초당분수공원,BIS inventory,True,True,77,74 | 75,128.92421540479356,37.78614360918137,25,336,71,10,0.055612,1.942983
2025,42002006,104-2,강릉-동진버스,True,4201236,포남2주공입구,BIS inventory,True,True,74,71 | 72,128.91810027987142,37.77873395771816,20,202,73,22,0.04449,1.168103
2025,42002006,104-2,강릉-동진버스,True,4202171,신라모노그램,BIS inventory,True,True,78,76,128.92766337576,37.78423838201166,0,62,,42,0.0,0.358527
2025,42002006,104-2,강릉-동진버스,True,4202172,신라모노그램,BIS inventory,True,True,7,5,128.92730314100064,37.78470637599459,103,11,57,70,0.229123,0.06361
2025,42002010,110,강릉-동진버스,True,4200016,강동종합복지회관,BIS inventory,True,True,15,14,128.9534097899608,37.72765187744945,422,203,11,11,1.27531,1.699029
2025,42002010,110,강릉-동진버스,True,4200034,현내리,BIS inventory,True,True,8,7,129.03644185085787,37.61785851158642,11,109,20,15,0.033243,0.912287
2025,42002010,110,강릉-동진버스,True,4200046,현내리,BIS inventory,True,True,13,12,129.03655884799974,37.617883796095704,60,5,16,20,0.181324,0.041848
2025,42002010,110,강릉-동진버스,True,4200094,강릉여고,BIS inventory,True,True,19,18,128.90248424479844,37.75904463050879,279,641,14,4,0.843155,5.364915
2025,42002010,110,강릉-동진버스,True,4200095,한국자산관리공사,BIS inventory,True,True,2,1,128.90111921880606,37.75827929877246,1047,25,7,18,3.164098,0.20924
2025,42002010,110,강릉-동진버스,True,4200293,강릉역건너편,BIS inventory,True,True,1,0,128.8990669694857,37.76400772021464,2148,40,3,16,6.491387,0.334784
2025,42002010,110,강릉-동진버스,True,4200721,강릉역,BIS inventory,True,True,20,19,128.8992580056024,37.76416330670135,839,1175,9,3,2.535509,9.834282
2025,42002010,110,강릉-동진버스,True,4201094,낙풍리입구,BIS inventory,True,True,7,6,129.03474260887603,37.62332181243499,51,213,17,10,0.154125,1.782725
2025,42002010,110,강릉-동진버스,True,4201095,낙풍리입구,BIS inventory,True,True,14,13,129.03490564391961,37.623384805058976,1563,165,5,12,4.723481,1.380984
2025,42002010,110,강릉-동진버스,True,4201177,강동면사무소,BIS inventory,True,True,6,5,128.9546118972993,37.72728097155823,108,277,15,9,0.326383,2.31838
2025,42002010,110,강릉-동진버스,True,4201192,더샵아파트후문,BIS inventory,True,True,16,15,128.90917534552304,37.74798409080578,316,115,13,14,0.954971,0.962504
2025,42002010,110,강릉-동진버스,True,4201193,병무청,BIS inventory,True,True,5,4,128.90845061267927,37.74811821805219,611,143,10,13,1.846479,1.196853
2025,42002010,110,강릉-동진버스,True,4201196,강릉중입구,BIS inventory,True,True,17,16,128.90469921141985,37.752586496675974,41,329,19,7,0.123905,2.753599
2025,42002010,110,강릉-동진버스,True,4201197,강릉중입구,BIS inventory,True,True,4,3,128.9042740269736,37.752586182446684,1595,39,4,17,4.820187,0.326414
2025,42002010,110,강릉-동진버스,True,4201198,남대천.강릉교,BIS inventory,True,True,18,17,128.9010015999516,37.75454267936518,381,4309,12,1,1.151405,36.064613
2025,42002010,110,강릉-동진버스,True,4201199,남대천.강릉교,BIS inventory,True,True,3,2,128.9010687000649,37.75417893755025,10046,308,2,8,30.359625,2.577837
2025,42002010,110,강릉-동진버스,True,4202022,옥계현내시장,BIS inventory,True,True,11,10,129.03523947374634,37.60889735545031,11166,415,1,6,33.744334,3.473385
2025,42002010,110,강릉-동진버스,True,4202032,옥계현내시장,BIS inventory,True,True,10,9,129.03512810350702,37.608949806593664,1355,2948,6,2,4.094893,24.673586
2025,42002010,110,강릉-동진버스,True,4202042,옥계면사무소,BIS inventory,True,True,12,11,129.03870359107486,37.61225376052538,1004,17,8,19,3.034149,0.142283
2025,42002010,110,강릉-동진버스,True,4202052,옥계면사무소,BIS inventory,True,True,9,8,129.03863134955023,37.61234830848836,47,472,18,5,0.142037,3.950452
2025,42002013,112,강릉-동진버스,True,4200016,강동종합복지회관,BIS inventory,True,True,56,0 | 55,128.9534097899608,37.72765187744945,1552,247,11,26,2.074533,0.627349
2025,42002013,112,강릉-동진버스,True,4200024,까치골,BIS inventory,True,True,36,35,129.02541919838254,37.69553819595472,4,128,67,35,0.005347,0.325104
2025,42002013,112,강릉-동진버스,True,4200026,강동종합복지회관,BIS inventory,True,True,23,22,128.95225785335822,37.72821012800672,11,111,62,37,0.014704,0.281926
2025,42002013,112,강릉-동진버스,True,4200042,롯데캐슬아파트,BIS inventory,True,True,8,0 | 7,128.89120929799194,37.766948306391974,1424,414,12,18,1.903438,1.051509
2025,42002013,112,강릉-동진버스,True,4200044,차고지대기(미정차),BIS inventory,True,True,1 | 71,0 | 70,128.93316603832002,37.76938974153612,161,5,40,68,0.215206,0.012699
2025,42002013,112,강릉-동진버스,True,4200094,강릉여고,BIS inventory,True,True,67,0 | 66,128.90248424479844,37.75904463050879,284,3040,36,3,0.379618,7.721223
2025,42002013,112,강릉-동진버스,True,4200095,한국자산관리공사,BIS inventory,True,True,12,0 | 11,128.90111921880606,37.75827929877246,2439,408,7,19,3.260172,1.036269
2025,42002013,112,강릉-동진버스,True,4200113,강릉관광개발공사,BIS inventory,True,True,3,2,128.90865897771857,37.76820323697218,417,74,30,46,0.557397,0.187951
2025,42002013,112,강릉-동진버스,True,4200256,옥천119안전센터,BIS inventory,True,True,11,0 | 10,128.9022376115818,37.76136928474395,521,93,27,41,0.696412,0.236208
2025,42002013,112,강릉-동진버스,True,4200258,용지각,BIS inventory,True,True,68,0 | 67,128.90534669055177,37.76147384168322,63,1131,50,9,0.084211,2.8726
2025,42002013,112,강릉-동진버스,True,4200260,동남아파트,BIS inventory,True,True,69,0 | 68,128.9088062489658,37.764638779656714,121,1324,44,7,0.161739,3.362796
2025,42002013,112,강릉-동진버스,True,4200293,강릉역건너편,BIS inventory,True,True,10,0 | 9,128.8990669694857,37.76400772021464,4839,419,4,17,6.468214,1.064208
2025,42002013,112,강릉-동진버스,True,4200542,강릉MBC,BIS inventory,True,True,4,0 | 3,128.90392601394964,37.77039013888439,718,8,23,65,0.959739,0.020319
2025,42002013,112,강릉-동진버스,True,4200544,종합경기장입구,BIS inventory,True,True,6,0 | 5,128.89740621946726,37.770531883728914,483,54,28,54,0.645618,0.137153
2025,42002013,112,강릉-동진버스,True,4200546,e-편한세상아파트,BIS inventory,True,True,7,0 | 6,128.89508217030252,37.76981271024109,828,89,20,43,1.106774,0.226049
2025,42002013,112,강릉-동진버스,True,4201072,모전삼거리,BIS inventory,True,True,25,0 | 24,128.96457294836412,37.72564861436484,94,562,48,14,0.125648,1.42741
2025,42002013,112,강릉-동진버스,True,4201073,모전삼거리,BIS inventory,True,True,55,0 | 54,128.96506056244797,37.72569325398637,948,73,16,47,1.267176,0.185411
2025,42002013,112,강릉-동진버스,True,4201121,모래시계공원,BIS inventory,True,True,40,0 | 39,129.03719508337943,37.68592446993947,8440,2028,2,4,11.281613,5.150869
2025,42002013,112,강릉-동진버스,True,4201123,정동초등학교,BIS inventory,True,True,41,0 | 40,129.03393804786398,37.68800336105405,852,7,19,66,1.138855,0.017779
2025,42002013,112,강릉-동진버스,True,4201124,정동초등학교,BIS inventory,True,True,39,0 | 38,129.03365499665549,37.68789867201399,19,674,58,13,0.025397,1.711876
2025,42002013,112,강릉-동진버스,True,4201125,정동교,BIS inventory,True,True,42,0 | 41,129.0324614525895,37.688438171101524,1666,11,10,62,2.226915,0.027939
2025,42002013,112,강릉-동진버스,True,4201126,정동교,BIS inventory,True,True,38,37,129.03237659003923,37.68846940398579,3,475,68,15,0.00401,1.206441
2025,42002013,112,강릉-동진버스,True,4201127,정동진역,BIS inventory,True,True,43,0 | 42,129.03224964663548,37.690253441678834,5873,230,3,28,7.850345,0.584171
2025,42002013,112,강릉-동진버스,True,4201128,정동진역,BIS inventory,True,True,37,0 | 36,129.0319921573861,37.69035571739087,131,3465,42,2,0.175106,8.800671
2025,42002013,112,강릉-동진버스,True,4201129,등명해변,BIS inventory,True,True,35,0 | 34,129.01625265982383,37.701980786481954,414,336,31,20,0.553387,0.853398
2025,42002013,112,강릉-동진버스,True,4201130,등명해변,BIS inventory,True,True,45,0 | 44,129.015876711037,37.70233040602598,1100,267,15,25,1.470352,0.678147
2025,42002013,112,강릉-동진버스,True,4201131,하슬라아트월드,BIS inventory,True,True,46,0 | 45,129.0118479436692,37.70752248078149,2469,1060,6,11,3.300273,2.692269
2025,42002013,112,강릉-동진버스,True,4201132,하슬라아트월드,BIS inventory,True,True,34,0 | 33,129.01185439171851,37.70733375846832,885,1375,17,6,1.182965,3.49233
2025,42002013,112,강릉-동진버스,True,4201133,등명락가사,BIS inventory,True,True,47,0 | 46,129.01030860073715,37.71121753055649,672,88,24,44,0.898252,0.223509
2025,42002013,112,강릉-동진버스,True,4201134,등명락가사,BIS inventory,True,True,33,0 | 32,129.0099873440744,37.71142599542753,53,332,52,21,0.070844,0.843239
2025,42002013,112,강릉-동진버스,True,4201135,강릉바다내음캠핑장,BIS inventory,True,True,48,47,129.0043696849979,37.7181216327924,13,15,61,60,0.017377,0.038098
2025,42002013,112,강릉-동진버스,True,4201136,강릉바다내음캠핑장,BIS inventory,True,True,32,31,129.00390469104653,37.71858688540818,19,59,58,51,0.025397,0.149853
2025,42002013,112,강릉-동진버스,True,4201137,강릉통일공원,BIS inventory,True,True,49,0 | 48,128.99670944982654,37.7243539137021,57,90,51,42,0.076191,0.228589
2025,42002013,112,강릉-동진버스,True,4201138,강릉통일공원,BIS inventory,True,True,31,0 | 30,128.99659850067323,37.72434136600358,40,46,55,55,0.053467,0.116834
2025,42002013,112,강릉-동진버스,True,4201139,안인,BIS inventory,True,True,50,0 | 49,128.98934561422945,37.734014720107886,2786,287,5,24,3.724001,0.728944
2025,42002013,112,강릉-동진버스,True,4201140,안인,BIS inventory,True,True,30,0 | 29,128.98934458573052,37.73394318769602,366,1726,32,5,0.489226,4.383826
2025,42002013,112,강릉-동진버스,True,4201141,한전사택,BIS inventory,True,True,51,0 | 50,128.98448942076186,37.73113028141804,579,21,26,59,0.77394,0.053337
2025,42002013,112,강릉-동진버스,True,4201142,한전사택,BIS inventory,True,True,29,0 | 28,128.9844997909205,37.731015358793705,3,195,68,31,0.00401,0.495276
2025,42002013,112,강릉-동진버스,True,4201143,강릉승마장,BIS inventory,True,True,52,51,128.98140559088012,37.728642395571235,116,3,45,70,0.155055,0.00762
2025,42002013,112,강릉-동진버스,True,4201144,강릉승마장,BIS inventory,True,True,28,27,128.9814636223547,37.728585253094074,15,67,60,49,0.02005,0.170172
2025,42002013,112,강릉-동진버스,True,4201148,안인화력발전소,BIS inventory,True,True,53,0 | 52,128.97827596831831,37.72739115413768,1417,44,13,57,1.894081,0.111755
2025,42002013,112,강릉-동진버스,True,4201149,안인화력발전소,BIS inventory,True,True,27,26,128.97827482863894,37.727294808983075,49,304,54,23,0.065498,0.772122
2025,42002013,112,강릉-동진버스,True,4201150,장터마을,BIS inventory,True,True,54,0 | 53,128.97235424591028,37.72315567930139,807,9,21,64,1.078704,0.022859
2025,42002013,112,강릉-동진버스,True,4201151,장터마을,BIS inventory,True,True,26,0 | 25,128.9723977075807,37.72307968130474,11,181,62,33,0.014704,0.459718
2025,42002013,112,강릉-동진버스,True,4201177,강동면사무소,BIS inventory,True,True,24,0 | 23,128.9546118972993,37.72728097155823,351,688,33,12,0.469176,1.747435
2025,42002013,112,강릉-동진버스,True,4201179,동양석재,BIS inventory,True,True,22,0 | 21,128.9503404370837,37.730986647751536,3,122,68,36,0.00401,0.309865
2025,42002013,112,강릉-동진버스,True,4201180,동양석재,BIS inventory,True,True,57,0 | 56,128.95027125993667,37.731215731549426,311,10,35,63,0.415709,0.025399
2025,42002013,112,강릉-동진버스,True,4201181,하시동입구,BIS inventory,True,True,58,57,128.94066964706647,37.73622577281252,77,4,49,69,0.102925,0.01016
2025,42002013,112,강릉-동진버스,True,4201182,하시동입구,BIS inventory,True,True,21,20,128.94045988509035,37.73612720331248,35,41,56,58,0.046784,0.104135
2025,42002013,112,강릉-동진버스,True,4201183,독송마을회관,BIS inventory,True,True,59,0 | 58,128.93638737959347,37.73749824702616,721,12,22,61,0.963749,0.030479
2025,42002013,112,강릉-동진버스,True,4201184,독송마을회관,BIS inventory,True,True,20,0 | 19,128.93632837845826,37.737443377869745,8,160,65,34,0.010693,0.40638
2025,42002013,112,강릉-동진버스,True,4201185,까치골,BIS inventory,True,True,44,43,129.02590617324884,37.695440046965246,11,7,62,66,0.014704,0.017779
2025,42002013,112,강릉-동진버스,True,4201186,공군부대입구,BIS inventory,True,True,60,0 | 59,128.93000750087512,37.7400489172058,168,62,39,50,0.224563,0.157472
2025,42002013,112,강릉-동진버스,True,4201187,공군부대입구,BIS inventory,True,True,19,18,128.93007021980833,37.739837207659924,5,199,66,30,0.006683,0.505435
2025,42002013,112,강릉-동진버스,True,4201188,섬석교,BIS inventory,True,True,61,0 | 60,128.92171052547354,37.74090783532175,1946,68,8,48,2.601187,0.172712
2025,42002013,112,강릉-동진버스,True,4201189,섬석교,BIS inventory,True,True,18,17,128.92156879198023,37.740684165183964,129,81,43,45,0.172432,0.20573
2025,42002013,112,강릉-동진버스,True,4201190,문암정,BIS inventory,True,True,17,16,128.91570481769043,37.74371491111339,51,95,53,39,0.068171,0.241288
2025,42002013,112,강릉-동진버스,True,4201191,문암정,BIS inventory,True,True,62,0 | 61,128.91520371371126,37.744240782298405,432,55,29,53,0.577447,0.139693
2025,42002013,112,강릉-동진버스,True,4201192,더샵아파트후문,BIS inventory,True,True,63,0 | 62,128.90917534552304,37.74798409080578,610,232,25,27,0.815377,0.589251
2025,42002013,112,강릉-동진버스,True,4201193,병무청,BIS inventory,True,True,16,0 | 15,128.90845061267927,37.74811821805219,874,460,18,16,1.168262,1.168343
2025,42002013,112,강릉-동진버스,True,4201194,병무청,BIS inventory,True,True,64,0 | 63,128.90730907557136,37.749719639382455,192,183,38,32,0.256643,0.464797
2025,42002013,112,강릉-동진버스,True,4201195,노암현대아파트,BIS inventory,True,True,15,0 | 14,128.9064519321124,37.750397397899654,323,212,34,29,0.431749,0.538454
2025,42002013,112,강릉-동진버스,True,4201196,강릉중입구,BIS inventory,True,True,65,0 | 64,128.90469921141985,37.752586496675974,96,1233,47,8,0.128322,3.131667
2025,42002013,112,강릉-동진버스,True,4201197,강릉중입구,BIS inventory,True,True,14,0 | 13,128.9042740269736,37.752586182446684,1718,107,9,38,2.296423,0.271767
2025,42002013,112,강릉-동진버스,True,4201198,남대천.강릉교,BIS inventory,True,True,66,0 | 65,128.9010015999516,37.75454267936518,206,12122,37,1,0.275357,30.788378
2025,42002013,112,강릉-동진버스,True,4201199,남대천.강릉교,BIS inventory,True,True,13,0 | 12,128.9010687000649,37.75417893755025,21158,1124,1,10,28.281559,2.854821
2025,42002013,112,강릉-동진버스,True,4201205,입암2.3주공,BIS inventory,True,True,2,0 | 1,128.9161850255649,37.765072488547595,1359,58,14,52,1.816553,0.147313
2025,42002013,112,강릉-동진버스,True,4201206,입암2.3주공,BIS inventory,True,True,70,0 | 69,128.9164847952377,37.764981798289845,20,322,57,22,0.026734,0.81784
2025,42002013,112,강릉-동진버스,True,4201221,교동하늘채스카이파크,BIS inventory,True,True,5,4,128.90200271905258,37.770481553669924,112,94,46,40,0.149709,0.238748
2025,42002013,112,강릉-동진버스,True,4201376,가작다리입구,BIS inventory,True,True,9,8,128.8944549231389,37.76589747732919,134,46,41,55,0.179116,0.116834
2025,42002014,113,강릉-동진버스,True,4200016,강동종합복지회관,BIS inventory,True,True,50,49,128.9534097899608,37.72765187744945,1680,254,12,24,2.223281,0.645998
2025,42002014,113,강릉-동진버스,True,4200024,까치골,BIS inventory,True,True,28,27,129.02541919838254,37.69553819595472,1,272,64,23,0.001323,0.691778
2025,42002014,113,강릉-동진버스,True,4200026,강동종합복지회관,BIS inventory,True,True,15,14,128.95225785335822,37.72821012800672,7,51,59,44,0.009264,0.129708
2025,42002014,113,강릉-동진버스,True,4200249,용강동서부시장,BIS inventory,True,True,3,2,128.89167287030088,37.75492247590215,2439,78,9,39,3.227727,0.198377
2025,42002014,113,강릉-동진버스,True,4200250,용강동서부시장,BIS inventory,True,True,63,62,128.89174828581776,37.7556582744871,318,915,30,9,0.420835,2.327119
2025,42002014,113,강릉-동진버스,True,4200251,한국은행,BIS inventory,True,True,62,61,128.89406630781096,37.753485602290496,485,1436,27,7,0.64184,3.652178
2025,42002014,113,강릉-동진버스,True,4200252,신영극장,BIS inventory,True,True,4,3,128.8961287589657,37.75448236011555,4353,361,5,13,5.76068,0.918131
2025,42002014,113,강릉-동진버스,True,4200253,교보생명,BIS inventory,True,True,61,60,128.89811415297848,37.756002485379526,962,9122,20,1,1.273093,23.19998
2025,42002014,113,강릉-동진버스,True,4200293,강릉역건너편,BIS inventory,True,True,1,0,128.8990669694857,37.76400772021464,4654,87,4,38,6.159018,0.221267
2025,42002014,113,강릉-동진버스,True,4200721,강릉역,BIS inventory,True,True,64,63,128.8992580056024,37.76416330670135,111,3390,42,4,0.146895,8.621786
2025,42002014,113,강릉-동진버스,True,4201037,말나눔터공원,BIS inventory,True,True,2,1,128.8946789617544,37.758644529934365,216,26,38,51,0.28585,0.066126
2025,42002014,113,강릉-동진버스,True,4201060,산성우1리,BIS inventory,True,True,33,32,129.0046545324227,37.68347462505554,1654,106,13,35,2.188873,0.26959
2025,42002014,113,강릉-동진버스,True,4201072,모전삼거리,BIS inventory,True,True,17,16,128.96457294836412,37.72564861436484,284,302,33,19,0.37584,0.768077
2025,42002014,113,강릉-동진버스,True,4201073,모전삼거리,BIS inventory,True,True,49,48,128.96506056244797,37.72569325398637,1471,135,16,33,1.946694,0.343345
2025,42002014,113,강릉-동진버스,True,4201074,분수동,BIS inventory,True,True,31,30,129.02438633004448,37.68420512704344,9,323,57,17,0.01191,0.821486
2025,42002014,113,강릉-동진버스,True,4201075,분수동,BIS inventory,True,True,35,34,129.02442625222523,37.68416226671518,1468,13,17,56,1.942724,0.033063
2025,42002014,113,강릉-동진버스,True,4201078,오리동,BIS inventory,True,True,34,33,129.01320871433214,37.68272714510743,3270,18,7,55,4.327458,0.045779
2025,42002014,113,강릉-동진버스,True,4201079,오리동,BIS inventory,True,True,32,31,129.01320324945965,37.682803393955474,62,328,44,15,0.08205,0.834202
2025,42002014,113,강릉-동진버스,True,4201125,정동교,BIS inventory,True,True,36,35,129.0324614525895,37.688438171101524,4687,73,3,40,6.202689,0.185661
2025,42002014,113,강릉-동진버스,True,4201126,정동교,BIS inventory,True,True,30,29,129.03237659003923,37.68846940398579,73,2255,43,5,0.096607,5.735141
2025,42002014,113,강릉-동진버스,True,4201127,정동진역,BIS inventory,True,True,37,36,129.03224964663548,37.690253441678834,6778,150,2,31,8.96988,0.381495
2025,42002014,113,강릉-동진버스,True,4201128,정동진역,BIS inventory,True,True,29,28,129.0319921573861,37.69035571739087,243,4849,37,3,0.321582,12.33246
2025,42002014,113,강릉-동진버스,True,4201129,등명해변,BIS inventory,True,True,27,26,129.01625265982383,37.701980786481954,266,280,35,20,0.352019,0.712124
2025,42002014,113,강릉-동진버스,True,4201130,등명해변,BIS inventory,True,True,39,38,129.015876711037,37.70233040602598,959,205,21,29,1.269123,0.521376
2025,42002014,113,강릉-동진버스,True,4201131,하슬라아트월드,BIS inventory,True,True,40,39,129.0118479436692,37.70752248078149,2822,1801,8,6,3.734583,4.580483
2025,42002014,113,강릉-동진버스,True,4201132,하슬라아트월드,BIS inventory,True,True,26,25,129.01185439171851,37.70733375846832,1038,1322,18,8,1.37367,3.362242
2025,42002014,113,강릉-동진버스,True,4201133,등명락가사,BIS inventory,True,True,41,40,129.01030860073715,37.71121753055649,546,148,26,32,0.722566,0.376408
2025,42002014,113,강릉-동진버스,True,4201134,등명락가사,BIS inventory,True,True,25,24,129.0099873440744,37.71142599542753,49,240,47,28,0.064846,0.610392
2025,42002014,113,강릉-동진버스,True,4201135,강릉바다내음캠핑장,BIS inventory,True,True,42,41,129.0043696849979,37.7181216327924,13,10,55,57,0.017204,0.025433
2025,42002014,113,강릉-동진버스,True,4201136,강릉바다내음캠핑장,BIS inventory,True,True,24,23,129.00390469104653,37.71858688540818,8,37,58,48,0.010587,0.094102
2025,42002014,113,강릉-동진버스,True,4201137,강릉통일공원,BIS inventory,True,True,43,42,128.99670944982654,37.7243539137021,53,46,46,47,0.070139,0.116992
2025,42002014,113,강릉-동진버스,True,4201138,강릉통일공원,BIS inventory,True,True,23,22,128.99659850067323,37.72434136600358,30,36,51,50,0.039701,0.091559
2025,42002014,113,강릉-동진버스,True,4201139,안인,BIS inventory,True,True,44,43,128.98934561422945,37.734014720107886,4086,252,6,25,5.407337,0.640912
2025,42002014,113,강릉-동진버스,True,4201140,안인,BIS inventory,True,True,22,21,128.98934458573052,37.73394318769602,275,910,34,10,0.36393,2.314403
2025,42002014,113,강릉-동진버스,True,4201141,한전사택,BIS inventory,True,True,45,44,128.98448942076186,37.73113028141804,605,3,23,63,0.800646,0.00763
2025,42002014,113,강릉-동진버스,True,4201142,한전사택,BIS inventory,True,True,21,20,128.9844997909205,37.731015358793705,11,277,56,21,0.014557,0.704494
2025,42002014,113,강릉-동진버스,True,4201143,강릉승마장,BIS inventory,True,True,46,45,128.98140559088012,37.728642395571235,155,5,41,62,0.205124,0.012716
2025,42002014,113,강릉-동진버스,True,4201144,강릉승마장,BIS inventory,True,True,20,19,128.9814636223547,37.728585253094074,4,49,62,45,0.005294,0.124622
2025,42002014,113,강릉-동진버스,True,4201148,안인화력발전소,BIS inventory,True,True,47,46,128.97827596831831,37.72739115413768,1504,19,15,53,1.990366,0.048323
2025,42002014,113,강릉-동진버스,True,4201149,안인화력발전소,BIS inventory,True,True,19,18,128.97827482863894,37.727294808983075,60,566,45,12,0.079403,1.439508
2025,42002014,113,강릉-동진버스,True,4201150,장터마을,BIS inventory,True,True,48,47,128.97235424591028,37.72315567930139,765,22,22,52,1.012387,0.055953
2025,42002014,113,강릉-동진버스,True,4201151,장터마을,BIS inventory,True,True,18,17,128.9723977075807,37.72307968130474,7,340,59,14,0.009264,0.864722
2025,42002014,113,강릉-동진버스,True,4201177,강동면사무소,BIS inventory,True,True,16,15,128.9546118972993,37.72728097155823,347,244,29,27,0.459213,0.620565
2025,42002014,113,강릉-동진버스,True,4201179,동양석재,BIS inventory,True,True,14,13,128.9503404370837,37.730986647751536,5,95,61,37,0.006617,0.241613
2025,42002014,113,강릉-동진버스,True,4201180,동양석재,BIS inventory,True,True,51,50,128.95027125993667,37.731215731549426,210,7,39,61,0.27791,0.017803
2025,42002014,113,강릉-동진버스,True,4201181,하시동입구,BIS inventory,True,True,52,51,128.94066964706647,37.73622577281252,160,2,40,64,0.211741,0.005087
2025,42002014,113,강릉-동진버스,True,4201182,하시동입구,BIS inventory,True,True,13,12,128.94045988509035,37.73612720331248,28,37,52,48,0.037055,0.094102
2025,42002014,113,강릉-동진버스,True,4201183,독송마을회관,BIS inventory,True,True,53,52,128.93638737959347,37.73749824702616,1548,8,14,58,2.048595,0.020346
2025,42002014,113,강릉-동진버스,True,4201184,독송마을회관,BIS inventory,True,True,12,11,128.93632837845826,37.737443377869745,2,55,63,43,0.002647,0.139881
2025,42002014,113,강릉-동진버스,True,4201185,까치골,BIS inventory,True,True,38,37,129.02590617324884,37.695440046965246,16,8,54,58,0.021174,0.020346
2025,42002014,113,강릉-동진버스,True,4201186,공군부대입구,BIS inventory,True,True,54,53,128.93000750087512,37.7400489172058,251,8,36,58,0.332169,0.020346
2025,42002014,113,강릉-동진버스,True,4201187,공군부대입구,BIS inventory,True,True,11,10,128.93007021980833,37.739837207659924,17,118,53,34,0.022497,0.300109
2025,42002014,113,강릉-동진버스,True,4201188,섬석교,BIS inventory,True,True,55,54,128.92171052547354,37.74090783532175,375,19,28,53,0.496268,0.048323
2025,42002014,113,강릉-동진버스,True,4201189,섬석교,BIS inventory,True,True,10,9,128.92156879198023,37.740684165183964,37,101,50,36,0.048965,0.256873
2025,42002014,113,강릉-동진버스,True,4201190,문암정,BIS inventory,True,True,9,8,128.91570481769043,37.74371491111339,38,66,49,42,0.050288,0.167858
2025,42002014,113,강릉-동진버스,True,4201191,문암정,BIS inventory,True,True,56,55,128.91520371371126,37.744240782298405,297,47,31,46,0.393044,0.119535
2025,42002014,113,강릉-동진버스,True,4201192,더샵아파트후문,BIS inventory,True,True,57,56,128.90917534552304,37.74798409080578,1752,304,11,18,2.318564,0.773163
2025,42002014,113,강릉-동진버스,True,4201193,병무청,BIS inventory,True,True,8,7,128.90845061267927,37.74811821805219,977,326,19,16,1.292944,0.829116
2025,42002014,113,강릉-동진버스,True,4201194,병무청,BIS inventory,True,True,58,57,128.90730907557136,37.749719639382455,563,245,25,26,0.745064,0.623108
2025,42002014,113,강릉-동진버스,True,4201195,노암현대아파트,BIS inventory,True,True,7,6,128.9064519321124,37.750397397899654,40,161,48,30,0.052935,0.409471
2025,42002014,113,강릉-동진버스,True,4201196,강릉중입구,BIS inventory,True,True,59,58,128.90469921141985,37.752586496675974,583,690,24,11,0.771531,1.754877
2025,42002014,113,강릉-동진버스,True,4201197,강릉중입구,BIS inventory,True,True,6,5,128.9042740269736,37.752586182446684,1958,71,10,41,2.591181,0.180574
2025,42002014,113,강릉-동진버스,True,4201198,남대천.강릉교,BIS inventory,True,True,60,59,128.9010015999516,37.75454267936518,293,5321,32,2,0.387751,13.532898
2025,42002014,113,강릉-동진버스,True,4201199,남대천.강릉교,BIS inventory,True,True,5,4,128.9010687000649,37.75417893755025,17586,274,1,22,23.272987,0.696864
2025,42002026,205,강릉-동진버스,True,4200042,롯데캐슬아파트,BIS inventory,True,True,34,32 | 33,128.89120929799194,37.766948306391974,244,14,7,16,4.925313,1.005025
2025,42002026,205,강릉-동진버스,True,4200087,강원대학교후문,BIS inventory,True,True,27,25 | 26,128.87498639848286,37.77315204059329,215,3,8,23,4.339927,0.215363
2025,42002026,205,강릉-동진버스,True,4200088,문성고등학교,BIS inventory,True,True,28,26 | 27,128.8747975765768,37.776789915738114,371,1,6,25,7.488898,0.071788
2025,42002026,205,강릉-동진버스,True,4200090,한옥마을,BIS inventory,True,True,29,27 | 28,128.8775249835254,37.777067812459386,18,0,15,,0.363343,0.0
2025,42002026,205,강릉-동진버스,True,4200092,오죽헌,BIS inventory,True,True,30,28 | 29,128.8797380363922,37.77879711032111,19,5,14,20,0.383528,0.358938
2025,42002026,205,강릉-동진버스,True,4200191,공단,BIS inventory,True,True,51,48 | 50,128.92224127533925,37.765245144772656,0,8,,17,0.0,0.5743
2025,42002026,205,강릉-동진버스,True,4200240,젤마을,BIS inventory,True,True,32,30 | 31,128.887733025105,37.775438249928285,58,8,12,17,1.170771,0.5743
2025,42002026,205,강릉-동진버스,True,4200242,율곡중학교,BIS inventory,True,True,33,31 | 32,128.89021344037266,37.771874448370795,33,6,13,19,0.666128,0.430725
2025,42002026,205,강릉-동진버스,True,4200245,이명사거리,BIS inventory,True,True,35,33 | 34,128.89157918705828,37.764565078717,735,36,2,9,14.836496,2.58435
2025,42002026,205,강릉-동진버스,True,4200247,강릉제일고,BIS inventory,True,True,36,34 | 35,128.8918779735197,37.759537356247826,130,39,11,8,2.624142,2.799713
2025,42002026,205,강릉-동진버스,True,4200249,용강동서부시장,BIS inventory,True,True,37,35 | 36,128.89167287030088,37.75492247590215,183,108,9,2,3.693985,7.753051
2025,42002026,205,강릉-동진버스,True,4200252,신영극장,BIS inventory,True,True,38,36 | 37,128.8961287589657,37.75448236011555,728,683,3,1,14.695196,49.030869
2025,42002026,205,강릉-동진버스,True,4200356,강원대학교,BIS inventory,True,True,26,24 | 25,128.87391738137654,37.77033026766949,969,4,1,21,19.559952,0.28715
2025,42002026,205,강릉-동진버스,True,4200763,입암현대아파트,BIS inventory,True,True,42,40 | 41,128.91229270015563,37.753112836072376,161,54,10,5,3.249899,3.876525
2025,42002026,205,강릉-동진버스,True,4200764,대목아파트,BIS inventory,True,True,41,39 | 40,128.91036775859212,37.7552461618319,5,45,18,7,0.100929,3.230438
2025,42002026,205,강릉-동진버스,True,4200767,입암1주공아파트,BIS inventory,True,True,40,38 | 39,128.90600846284408,37.75457671115239,14,15,16,15,0.2826,1.076813
2025,42002026,205,강릉-동진버스,True,4201046,성덕동주민센터,BIS inventory,True,True,48,45 | 47,128.91533375948597,37.76294836172143,0,70,,4,0.0,5.025126
2025,42002026,205,강릉-동진버스,True,4201048,입암4주공아파트,BIS inventory,True,True,47,44 | 46,128.9166989706064,37.761858842951916,1,105,19,3,0.020186,7.537688
2025,42002026,205,강릉-동진버스,True,4201050,원마트,BIS inventory,True,True,46,43 | 45,128.9185145864492,37.76040631401962,0,34,,10,0.0,2.440775
2025,42002026,205,강릉-동진버스,True,4201052,입암6주공오거리,BIS inventory,True,True,45,42 | 44,128.91746262041485,37.758678282328006,0,50,,6,0.0,3.589375
2025,42002026,205,강릉-동진버스,True,4201054,금호어울림,BIS inventory,True,True,44,41 | 43,128.91590296498018,37.75518531900659,1,29,19,11,0.020186,2.081838
2025,42002026,205,강릉-동진버스,True,4201199,남대천.강릉교,BIS inventory,True,True,39,37 | 38,128.9010687000649,37.75417893755025,588,24,4,13,11.869197,1.7229
2025,42002026,205,강릉-동진버스,True,4201206,입암2.3주공,BIS inventory,True,True,49,46 | 48,128.9164847952377,37.764981798289845,0,25,,12,0.0,1.794688
2025,42002026,205,강릉-동진버스,True,4201207,현대자동차서비스,BIS inventory,True,True,50,47 | 49,128.9189460603978,37.76507644083287,0,3,,23,0.0,0.215363
2025,42002026,205,강릉-동진버스,True,4201209,공단,BIS inventory,True,True,1,0,128.92205416940635,37.765196014305694,475,4,5,21,9.588212,0.28715
2025,42002026,205,강릉-동진버스,True,4201382,오죽헌입구,BIS inventory,True,True,31,29 | 30,128.88300783523746,37.779420150144524,6,19,17,14,0.121114,1.363963
2025,42002026,205,강릉-동진버스,True,4202167,남부노인종합복지관,BIS inventory,True,True,43,42,128.91383118471262,37.752564379737024,0,1,,25,0.0,0.071788
2025,42002030,211,강릉-동진버스,True,4200051,송정래미안,BIS inventory,True,True,57,53 | 55,128.93021609974548,37.78282723196739,10,37,53,43,0.027498,0.246617
2025,42002030,211,강릉-동진버스,True,4200052,송정래미안,BIS inventory,True,True,6,4,128.93038982126572,37.78292573478735,76,3,43,57,0.208986,0.019996
2025,42002030,211,강릉-동진버스,True,4200053,오성학교,BIS inventory,True,True,5,3,128.93312248716418,37.77978287851338,186,0,31,,0.511467,0.0
2025,42002030,211,강릉-동진버스,True,4200054,삼익아파트,BIS inventory,True,True,58,54 | 56,128.93336344346523,37.7794509217129,23,166,49,21,0.063246,1.106445
2025,42002030,211,강릉-동진버스,True,4200055,해당화연립,BIS inventory,True,True,4,2,128.93501598562065,37.778964657496246,254,7,29,54,0.698455,0.046657
2025,42002030,211,강릉-동진버스,True,4200056,해당화연립,BIS inventory,True,True,59,55 | 57,128.9356053065312,37.7785328972295,18,126,52,24,0.049497,0.839832
2025,42002030,211,강릉-동진버스,True,4200061,경포중학교,BIS inventory,True,True,35,32 | 33,128.90033514931517,37.74283267675838,19,5,51,55,0.052247,0.033327
2025,42002030,211,강릉-동진버스,True,4200094,강릉여고,BIS inventory,True,True,43,40 | 41,128.90248424479844,37.75904463050879,550,214,19,14,1.512402,1.426381
2025,42002030,211,강릉-동진버스,True,4200095,한국자산관리공사,BIS inventory,True,True,21,18 | 19,128.90111921880606,37.75827929877246,443,200,22,16,1.218171,1.333067
2025,42002030,211,강릉-동진버스,True,4200101,강릉고입구,BIS inventory,True,True,9,6 | 7,128.92013482012848,37.783607089094346,595,57,15,36,1.636144,0.379924
2025,42002030,211,강릉-동진버스,True,4200102,강릉고입구,BIS inventory,True,True,54,51 | 52,128.92044843215433,37.78352944320342,168,185,33,17,0.46197,1.233087
2025,42002030,211,강릉-동진버스,True,4200103,경포고교,BIS inventory,True,True,53,50 | 51,128.9190546436117,37.78057981084284,81,112,42,27,0.222736,0.746517
2025,42002030,211,강릉-동진버스,True,4200104,동명중학교,BIS inventory,True,True,12,10 | 9,128.91637238303827,37.777185998905715,183,8,32,53,0.503217,0.053323
2025,42002030,211,강릉-동진버스,True,4200105,동명중학교,BIS inventory,True,True,51,48 | 49,128.9161008666347,37.77658681943468,118,142,37,23,0.324479,0.946477
2025,42002030,211,강릉-동진버스,True,4200106,KT,BIS inventory,True,True,14,11 | 12,128.91181164590185,37.77275858732733,1095,108,9,28,3.011054,0.719856
2025,42002030,211,강릉-동진버스,True,4200107,KT,BIS inventory,True,True,49,46 | 47,128.9125052185983,37.77309475265464,826,490,12,5,2.271352,3.266013
2025,42002030,211,강릉-동진버스,True,4200108,동인병원입구,BIS inventory,True,True,15,12 | 13,128.90953558421478,37.77125258486367,586,46,16,41,1.611395,0.306605
2025,42002030,211,강릉-동진버스,True,4200109,동인병원입구,BIS inventory,True,True,48,45 | 46,128.9094857690125,37.77102450992961,258,301,28,11,0.709454,2.006265
2025,42002030,211,강릉-동진버스,True,4200110,하슬라중,BIS inventory,True,True,16,13 | 14,128.90715554439282,37.77053362559672,565,35,18,44,1.553649,0.233287
2025,42002030,211,강릉-동진버스,True,4200111,하슬라중,BIS inventory,True,True,47,44 | 45,128.90761293140218,37.77043125987649,318,179,26,18,0.874443,1.193095
2025,42002030,211,강릉-동진버스,True,4200112,강릉관광개발공사,BIS inventory,True,True,17,14 | 15,128.9085231695166,37.76800046518587,128,63,35,34,0.351977,0.419916
2025,42002030,211,강릉-동진버스,True,4200113,강릉관광개발공사,BIS inventory,True,True,46,43 | 44,128.90865897771857,37.76820323697218,105,167,39,20,0.288731,1.113111
2025,42002030,211,강릉-동진버스,True,4200251,한국은행,BIS inventory,True,True,23,20 | 21,128.89406630781096,37.753485602290496,1069,441,10,6,2.939559,2.939412
2025,42002030,211,강릉-동진버스,True,4200252,신영극장,BIS inventory,True,True,42,39 | 40,128.8961287589657,37.75448236011555,4866,4158,1,1,13.38063,27.714457
2025,42002030,211,강릉-동진버스,True,4200253,교보생명,BIS inventory,True,True,22,19 | 20,128.89811415297848,37.756002485379526,4562,2637,2,2,12.544685,17.576485
2025,42002030,211,강릉-동진버스,True,4200258,용지각,BIS inventory,True,True,44,41 | 42,128.90534669055177,37.76147384168322,359,172,24,19,0.987186,1.146437
2025,42002030,211,강릉-동진버스,True,4200259,용지각,BIS inventory,True,True,20,17 | 18,128.90537716328666,37.76184119439877,403,150,23,22,1.108178,0.9998
2025,42002030,211,강릉-동진버스,True,4200260,동남아파트,BIS inventory,True,True,45,42 | 43,128.9088062489658,37.764638779656714,338,265,25,12,0.92944,1.766313
2025,42002030,211,강릉-동진버스,True,4200262,로얄아파트.포남1동주민센터,BIS inventory,True,True,18,15 | 16,128.90933288179943,37.76545703763149,614,72,14,32,1.68839,0.479904
2025,42002030,211,강릉-동진버스,True,4200279,신도브래뉴,BIS inventory,True,True,60,56 | 58,128.93862914925478,37.77730338810464,9,322,54,10,0.024748,2.146237
2025,42002030,211,강릉-동진버스,True,4200280,송정해변,BIS inventory,True,True,3,1,128.9381119893655,37.77768849372205,152,4,34,56,0.417973,0.026661
2025,42002030,211,강릉-동진버스,True,4200288,경포고교,BIS inventory,True,True,10,7 | 8,128.91881546540267,37.78075927662396,892,28,11,46,2.452841,0.186629
2025,42002030,211,강릉-동진버스,True,4200289,한솔초교,BIS inventory,True,True,13,10 | 11,128.9142086436632,37.775058134113436,309,52,27,39,0.849695,0.346597
2025,42002030,211,강릉-동진버스,True,4200290,한솔초교,BIS inventory,True,True,50,47 | 48,128.91448068318238,37.77500059793141,125,104,36,29,0.343728,0.693195
2025,42002030,211,강릉-동진버스,True,4200318,포남시장,BIS inventory,True,True,19,16 | 17,128.90766061502285,37.76392281820552,471,53,21,38,1.295166,0.353263
2025,42002030,211,강릉-동진버스,True,4200618,경포중학교,BIS inventory,True,True,37,34 | 35,128.90069076576023,37.743138298255545,35,1,46,59,0.096244,0.006665
2025,42002030,211,강릉-동진버스,True,4200768,단오문화관,BIS inventory,True,True,25,22 | 23,128.8967729024353,37.7481043414214,7,126,56,24,0.019249,0.839832
2025,42002030,211,강릉-동진버스,True,4200770,은마아파트,BIS inventory,True,True,40,37 | 38,128.89705025699647,37.747304327883974,1124,50,8,40,3.090799,0.333267
2025,42002030,211,강릉-동진버스,True,4200771,은마아파트,BIS inventory,True,True,26,23 | 24,128.89677272965307,37.746541962257844,5,74,58,31,0.013749,0.493235
2025,42002030,211,강릉-동진버스,True,4200772,노암대림아파트,BIS inventory,True,True,27,24 | 25,128.8964957795506,37.74447513098166,3,367,59,9,0.008249,2.446177
2025,42002030,211,강릉-동진버스,True,4200773,노암대림아파트,BIS inventory,True,True,39,36 | 37,128.89670020630172,37.7443968332287,2607,22,4,47,7.168784,0.146637
2025,42002030,211,강릉-동진버스,True,4200780,한국폴리텍대학,BIS inventory,True,True,31,28 | 29,128.8886097800722,37.73837235643407,487,57,20,36,1.339163,0.379924
2025,42002030,211,강릉-동진버스,True,4200781,남산삼익아파트,BIS inventory,True,True,32,29 | 30,128.8901808969545,37.74229155338584,1212,67,7,33,3.332783,0.446577
2025,42002030,211,강릉-동진버스,True,4200782,남산삼익아파트,BIS inventory,True,True,30,27 | 28,128.89009058765018,37.74235973416757,6,234,57,13,0.016499,1.559688
2025,42002030,211,강릉-동진버스,True,4200783,남산초교,BIS inventory,True,True,33,30 | 31,128.8913405517673,37.744206285908824,3982,16,3,50,10.949788,0.106645
2025,42002030,211,강릉-동진버스,True,4200784,남산초교,BIS inventory,True,True,29,26 | 27,128.89124028586525,37.74425071826271,1,387,60,8,0.00275,2.579484
2025,42002030,211,강릉-동진버스,True,4200785,남산현대아파트,BIS inventory,True,True,34,31 | 32,128.89462531897348,37.74186237968639,2304,18,5,49,6.335588,0.119976
2025,42002030,211,강릉-동진버스,True,4200786,남산현대아파트,BIS inventory,True,True,28,25 | 26,128.89442793639103,37.74202687203957,9,415,54,7,0.024748,2.766113
2025,42002030,211,강릉-동진버스,True,4200788,원예농협강남점,BIS inventory,True,True,38,35 | 36,128.89681243940322,37.742695820214294,104,3,40,57,0.285981,0.019996
2025,42002030,211,강릉-동진버스,True,4200790,노암한라아파트,BIS inventory,True,True,36,33 | 34,128.9030338994368,37.744009473539954,1693,44,6,42,4.655447,0.293275
2025,42002030,211,강릉-동진버스,True,4200854,성내동광장,BIS inventory,True,True,24,21 | 22,128.89469082592495,37.750838877146485,117,75,38,30,0.321729,0.4999
2025,42002030,211,강릉-동진버스,True,4200855,성내동광장,BIS inventory,True,True,41,38 | 39,128.89488299521074,37.75095303991505,86,612,41,4,0.236485,4.079184
2025,42002030,211,강릉-동진버스,True,4201043,안목,BIS inventory,True,True,1,0,128.94526892930932,37.77285146151794,816,9,13,51,2.243854,0.059988
2025,42002030,211,강릉-동진버스,True,4201044,안목커피거리,BIS inventory,True,True,62,57 | 59,128.94543559396536,37.77260342997581,21,868,50,3,0.057746,5.78551
2025,42002030,211,강릉-동진버스,True,4201220,포남2주공입구,BIS inventory,True,True,11,8 | 9,128.9179885478381,37.77901498558293,252,19,30,48,0.692955,0.126641
2025,42002030,211,강릉-동진버스,True,4201233,초당분수공원,BIS inventory,True,True,8,5 | 6,128.9221385517862,37.785996929695614,567,34,17,45,1.559149,0.226621
2025,42002030,211,강릉-동진버스,True,4201234,초당분수공원,BIS inventory,True,True,55,52 | 53,128.92421540479356,37.78614360918137,39,206,45,15,0.107243,1.373059
2025,42002030,211,강릉-동진버스,True,4201236,포남2주공입구,BIS inventory,True,True,52,49 | 50,128.91810027987142,37.77873395771816,24,120,48,26,0.065996,0.79984
2025,42002030,211,강릉-동진버스,True,4202171,신라모노그램,BIS inventory,True,True,56,54,128.92766337576,37.78423838201166,28,61,47,35,0.076995,0.406585
2025,42002030,211,강릉-동진버스,True,4202172,신라모노그램,BIS inventory,True,True,7,5,128.92730314100064,37.78470637599459,63,9,44,51,0.173239,0.059988
2025,42002035,222,강릉-동진버스,True,4200001,내곡교,BIS inventory,True,True,26,23 | 24,128.88717490623026,37.74653766880734,168,1664,45,10,0.108545,2.219821
2025,42002035,222,강릉-동진버스,True,4200051,송정래미안,BIS inventory,True,True,51,47 | 49,128.93021609974548,37.78282723196739,30,187,52,38,0.019383,0.249463
2025,42002035,222,강릉-동진버스,True,4200052,송정래미안,BIS inventory,True,True,6,4,128.93038982126572,37.78292573478735,487,24,36,53,0.314652,0.032017
2025,42002035,222,강릉-동진버스,True,4200053,오성학교,BIS inventory,True,True,5,3,128.93312248716418,37.77978287851338,1466,27,25,52,0.947188,0.036019
2025,42002035,222,강릉-동진버스,True,4200054,삼익아파트,BIS inventory,True,True,52,48 | 50,128.93336344346523,37.7794509217129,42,554,50,27,0.027136,0.739051
2025,42002035,222,강릉-동진버스,True,4200055,해당화연립,BIS inventory,True,True,4,2,128.93501598562065,37.778964657496246,1602,50,23,48,1.035058,0.066701
2025,42002035,222,강릉-동진버스,True,4200056,해당화연립,BIS inventory,True,True,53,49 | 51,128.9356053065312,37.7785328972295,122,454,47,28,0.078825,0.605648
2025,42002035,222,강릉-동진버스,True,4200063,가톨릭관동대학교,BIS inventory,True,True,29,26 | 27,128.87804152995903,37.738296118202754,23935,4475,1,3,15.464484,5.969771
2025,42002035,222,강릉-동진버스,True,4200065,보건소,BIS inventory,True,True,31,28 | 29,128.8829859719751,37.74393637256719,5574,86,7,44,3.60138,0.114726
2025,42002035,222,강릉-동진버스,True,4200094,강릉여고,BIS inventory,True,True,37,34 | 35,128.90248424479844,37.75904463050879,2604,878,16,20,1.682453,1.171276
2025,42002035,222,강릉-동진버스,True,4200095,한국자산관리공사,BIS inventory,True,True,21,18 | 19,128.90111921880606,37.75827929877246,2792,1145,15,14,1.803921,1.527461
2025,42002035,222,강릉-동진버스,True,4200101,강릉고입구,BIS inventory,True,True,9,6 | 7,128.92013482012848,37.783607089094346,3967,294,10,35,2.563092,0.392204
2025,42002035,222,강릉-동진버스,True,4200102,강릉고입구,BIS inventory,True,True,48,45 | 46,128.92044843215433,37.78352944320342,515,1127,35,15,0.332743,1.503448
2025,42002035,222,강릉-동진버스,True,4200103,경포고교,BIS inventory,True,True,47,44 | 45,128.9190546436117,37.78057981084284,338,435,42,30,0.218383,0.580302
2025,42002035,222,강릉-동진버스,True,4200104,동명중학교,BIS inventory,True,True,12,10 | 9,128.91637238303827,37.777185998905715,1143,63,26,46,0.738496,0.084044
2025,42002035,222,강릉-동진버스,True,4200105,동명중학교,BIS inventory,True,True,45,42 | 43,128.9161008666347,37.77658681943468,568,202,34,37,0.366987,0.269473
2025,42002035,222,강릉-동진버스,True,4200106,KT,BIS inventory,True,True,14,11 | 12,128.91181164590185,37.77275858732733,6699,680,5,22,4.328246,0.907138
2025,42002035,222,강릉-동진버스,True,4200107,KT,BIS inventory,True,True,43,40 | 41,128.9125052185983,37.77309475265464,1497,1855,24,9,0.967217,2.47462
2025,42002035,222,강릉-동진버스,True,4200108,동인병원입구,BIS inventory,True,True,15,12 | 13,128.90953558421478,37.77125258486367,3921,338,11,34,2.533371,0.450901
2025,42002035,222,강릉-동진버스,True,4200109,동인병원입구,BIS inventory,True,True,42,39 | 40,128.9094857690125,37.77102450992961,407,1315,39,12,0.262964,1.754246
2025,42002035,222,강릉-동진버스,True,4200110,하슬라중,BIS inventory,True,True,16,13 | 14,128.90715554439282,37.77053362559672,2848,293,14,36,1.840102,0.39087
2025,42002035,222,강릉-동진버스,True,4200111,하슬라중,BIS inventory,True,True,41,38 | 39,128.90761293140218,37.77043125987649,971,898,30,19,0.627366,1.197956
2025,42002035,222,강릉-동진버스,True,4200112,강릉관광개발공사,BIS inventory,True,True,17,14 | 15,128.9085231695166,37.76800046518587,1116,369,27,32,0.721051,0.492256
2025,42002035,222,강릉-동진버스,True,4200113,강릉관광개발공사,BIS inventory,True,True,40,37 | 38,128.90865897771857,37.76820323697218,417,863,38,21,0.269425,1.151265
2025,42002035,222,강릉-동진버스,True,4200251,한국은행,BIS inventory,True,True,23,20 | 21,128.89406630781096,37.753485602290496,9704,2914,4,6,6.269787,3.887355
2025,42002035,222,강릉-동진버스,True,4200252,신영극장,BIS inventory,True,True,36,33 | 34,128.8961287589657,37.75448236011555,22253,16642,2,1,14.377738,22.200878
2025,42002035,222,강릉-동진버스,True,4200253,교보생명,BIS inventory,True,True,22,19 | 20,128.89811415297848,37.756002485379526,18335,15199,3,2,11.846305,20.275877
2025,42002035,222,강릉-동진버스,True,4200258,용지각,BIS inventory,True,True,38,35 | 36,128.90534669055177,37.76147384168322,1026,1274,29,13,0.662902,1.69955
2025,42002035,222,강릉-동진버스,True,4200259,용지각,BIS inventory,True,True,20,17 | 18,128.90537716328666,37.76184119439877,2557,919,18,18,1.652086,1.225971
2025,42002035,222,강릉-동진버스,True,4200260,동남아파트,BIS inventory,True,True,39,36 | 37,128.9088062489658,37.764638779656714,856,1363,33,11,0.553064,1.818279
2025,42002035,222,강릉-동진버스,True,4200262,로얄아파트.포남1동주민센터,BIS inventory,True,True,18,15 | 16,128.90933288179943,37.76545703763149,3138,626,13,25,2.027472,0.835101
2025,42002035,222,강릉-동진버스,True,4200279,신도브래뉴,BIS inventory,True,True,54,50 | 52,128.93862914925478,37.77730338810464,36,637,51,24,0.02326,0.849775
2025,42002035,222,강릉-동진버스,True,4200280,송정해변,BIS inventory,True,True,3,1,128.9381119893655,37.77768849372205,1083,14,28,54,0.69973,0.018676
2025,42002035,222,강릉-동진버스,True,4200288,경포고교,BIS inventory,True,True,10,7 | 8,128.91881546540267,37.78075927662396,4626,141,8,43,2.988874,0.188098
2025,42002035,222,강릉-동진버스,True,4200289,한솔초교,BIS inventory,True,True,13,10 | 11,128.9142086436632,37.775058134113436,1976,168,20,40,1.2767,0.224117
2025,42002035,222,강릉-동진버스,True,4200290,한솔초교,BIS inventory,True,True,44,41 | 42,128.91448068318238,37.77500059793141,203,448,44,29,0.131159,0.597644
2025,42002035,222,강릉-동진버스,True,4200318,포남시장,BIS inventory,True,True,19,16 | 17,128.90766061502285,37.76392281820552,2258,367,19,33,1.458901,0.489588
2025,42002035,222,강릉-동진버스,True,4200357,내곡교,BIS inventory,True,True,33,30 | 31,128.88814500034871,37.745625057468914,3317,182,12,39,2.143125,0.242793
2025,42002035,222,강릉-동진버스,True,4200358,삼창그린맨션,BIS inventory,True,True,32,29 | 30,128.88749893563826,37.744743384730015,449,60,37,47,0.2901,0.080042
2025,42002035,222,강릉-동진버스,True,4200359,하나로마트내곡점,BIS inventory,True,True,30,27 | 28,128.88026417146904,37.7410809708167,5965,46,6,49,3.854006,0.061365
2025,42002035,222,강릉-동진버스,True,4200360,하나로마트내곡점,BIS inventory,True,True,28,25 | 26,128.88016921110417,37.740597240336115,22,2117,54,8,0.014214,2.824135
2025,42002035,222,강릉-동진버스,True,4200361,보건소,BIS inventory,True,True,27,24 | 25,128.8822115594926,37.743635964592464,87,3736,49,4,0.056211,4.983925
2025,42002035,222,강릉-동진버스,True,4200850,강릉의료원,BIS inventory,True,True,25,22 | 23,128.88880799404643,37.748819708567,382,1068,40,16,0.246811,1.424741
2025,42002035,222,강릉-동진버스,True,4200851,강릉의료원,BIS inventory,True,True,34,31 | 32,128.89091430945297,37.74975576653371,914,398,32,31,0.590538,0.530943
2025,42002035,222,강릉-동진버스,True,4200852,강릉대도호부관아,BIS inventory,True,True,24,21 | 22,128.8916610029413,37.75117323796815,1841,604,21,26,1.189476,0.805752
2025,42002035,222,강릉-동진버스,True,4200853,강릉대도호부관아,BIS inventory,True,True,35,32 | 33,128.89234522879923,37.75163825691615,920,2234,31,7,0.594415,2.980216
2025,42002035,222,강릉-동진버스,True,4201043,안목,BIS inventory,True,True,1,0,128.94526892930932,37.77285146151794,4351,43,9,51,2.811196,0.057363
2025,42002035,222,강릉-동진버스,True,4201044,안목커피거리,BIS inventory,True,True,56,51 | 53,128.94543559396536,37.77260342997581,262,3355,43,5,0.169279,4.475661
2025,42002035,222,강릉-동진버스,True,4201220,포남2주공입구,BIS inventory,True,True,11,8 | 9,128.9179885478381,37.77901498558293,1739,76,22,45,1.123574,0.101386
2025,42002035,222,강릉-동진버스,True,4201233,초당분수공원,BIS inventory,True,True,8,5 | 6,128.9221385517862,37.785996929695614,2588,143,17,42,1.672115,0.190766
2025,42002035,222,강릉-동진버스,True,4201234,초당분수공원,BIS inventory,True,True,49,46 | 47,128.92421540479356,37.78614360918137,143,1068,46,16,0.092393,1.424741
2025,42002035,222,강릉-동진버스,True,4201236,포남2주공입구,BIS inventory,True,True,46,43 | 44,128.91810027987142,37.77873395771816,105,650,48,23,0.067841,0.867118
2025,42002035,222,강릉-동진버스,True,4202171,신라모노그램,BIS inventory,True,True,50,48,128.92766337576,37.78423838201166,27,147,53,41,0.017445,0.196102
2025,42002035,222,강릉-동진버스,True,4202172,신라모노그램,BIS inventory,True,True,7,5,128.92730314100064,37.78470637599459,377,46,41,49,0.243581,0.061365
2025,42002035,222,강릉-동진버스,True,~,,unavailable,False,False,,0,,,5,0,,,0.003231,0.0
2025,42002036,223,강릉-동진버스,True,4200001,내곡교,BIS inventory,True,True,27,24 | 25,128.88717490623026,37.74653766880734,757,4685,26,7,0.294514,3.912448
2025,42002036,223,강릉-동진버스,True,4200052,송정래미안,BIS inventory,True,True,6,4,128.93038982126572,37.78292573478735,1201,67,24,28,0.467253,0.055952
2025,42002036,223,강릉-동진버스,True,4200053,오성학교,BIS inventory,True,True,5,3,128.93312248716418,37.77978287851338,3250,143,19,23,1.264424,0.119419
2025,42002036,223,강릉-동진버스,True,4200055,해당화연립,BIS inventory,True,True,4,2,128.93501598562065,37.778964657496246,4265,115,16,27,1.659314,0.096037
2025,42002036,223,강릉-동진버스,True,4200057,강릉경찰서,BIS inventory,True,True,17,14 | 15,128.90688706685629,37.768055768979885,5841,1117,11,13,2.272462,0.932808
2025,42002036,223,강릉-동진버스,True,4200063,가톨릭관동대학교,BIS inventory,True,True,30,27 | 28,128.87804152995903,37.738296118202754,646,22457,27,2,0.251329,18.753862
2025,42002036,223,강릉-동진버스,True,4200101,강릉고입구,BIS inventory,True,True,9,6 | 7,128.92013482012848,37.783607089094346,9057,725,8,16,3.523658,0.605448
2025,42002036,223,강릉-동진버스,True,4200104,동명중학교,BIS inventory,True,True,12,10 | 9,128.91637238303827,37.777185998905715,2503,117,20,26,0.973801,0.097707
2025,42002036,223,강릉-동진버스,True,4200106,KT,BIS inventory,True,True,14,11 | 12,128.91181164590185,37.77275858732733,16547,1523,5,12,6.43767,1.271859
2025,42002036,223,강릉-동진버스,True,4200108,동인병원입구,BIS inventory,True,True,15,12 | 13,128.90953558421478,37.77125258486367,8443,700,9,17,3.284779,0.584571
2025,42002036,223,강릉-동진버스,True,4200110,하슬라중,BIS inventory,True,True,16,13 | 14,128.90715554439282,37.77053362559672,5640,629,12,18,2.194262,0.525279
2025,42002036,223,강릉-동진버스,True,4200251,한국은행,BIS inventory,True,True,23,20 | 21,128.89406630781096,37.753485602290496,32310,6261,2,6,12.570321,5.228567
2025,42002036,223,강릉-동진버스,True,4200253,교보생명,BIS inventory,True,True,22,19 | 20,128.89811415297848,37.756002485379526,63852,33164,1,1,24.84185,27.695288
2025,42002036,223,강릉-동진버스,True,4200280,송정해변,BIS inventory,True,True,3,1,128.9381119893655,37.77768849372205,3392,40,17,29,1.31967,0.033404
2025,42002036,223,강릉-동진버스,True,4200288,경포고교,BIS inventory,True,True,10,7 | 8,128.91881546540267,37.78075927662396,9739,291,7,21,3.788993,0.243014
2025,42002036,223,강릉-동진버스,True,4200289,한솔초교,BIS inventory,True,True,13,10 | 11,128.9142086436632,37.775058134113436,4841,524,14,19,1.883408,0.437593
2025,42002036,223,강릉-동진버스,True,4200320,강릉역육거리,BIS inventory,True,True,19,16 | 17,128.9015605860337,37.763796951176055,1909,946,21,15,0.742703,0.790006
2025,42002036,223,강릉-동진버스,True,4200322,동도센트리움,BIS inventory,True,True,18,15 | 16,128.90456486009336,37.76619195310031,4933,985,13,14,1.919201,0.822574
2025,42002036,223,강릉-동진버스,True,4200360,하나로마트내곡점,BIS inventory,True,True,29,26 | 27,128.88016921110417,37.740597240336115,52,8275,29,5,0.020231,6.91046
2025,42002036,223,강릉-동진버스,True,4200361,보건소,BIS inventory,True,True,28,25 | 26,128.8822115594926,37.743635964592464,215,10008,28,4,0.083647,8.35769
2025,42002036,223,강릉-동진버스,True,4200721,강릉역,BIS inventory,True,True,20,17 | 18,128.8992580056024,37.76416330670135,24421,10712,3,3,9.501078,8.945602
2025,42002036,223,강릉-동진버스,True,4201032,삼개사입구,BIS inventory,True,True,26,23 | 24,128.88684645443755,37.75026780562399,1118,4324,25,9,0.434962,3.610977
2025,42002036,223,강릉-동진버스,True,4201034,장수탕,BIS inventory,True,True,25,22 | 23,128.8873508979562,37.75226332684143,1433,4364,23,8,0.557514,3.644381
2025,42002036,223,강릉-동진버스,True,4201036,용강동,BIS inventory,True,True,24,21 | 22,128.89145488440622,37.7543870741593,12147,2594,6,11,4.725834,2.166252
2025,42002036,223,강릉-동진버스,True,4201039,강릉농협중앙지점,BIS inventory,True,True,21,18 | 19,128.8996914930678,37.76005119983009,4431,4022,15,10,1.723896,3.358776
2025,42002036,223,강릉-동진버스,True,4201043,안목,BIS inventory,True,True,1,0,128.94526892930932,37.77285146151794,22207,143,4,23,8.639713,0.119419
2025,42002036,223,강릉-동진버스,True,4201220,포남2주공입구,BIS inventory,True,True,11,8 | 9,128.9179885478381,37.77901498558293,3341,238,18,22,1.299828,0.198754
2025,42002036,223,강릉-동진버스,True,4201233,초당분수공원,BIS inventory,True,True,8,5 | 6,128.9221385517862,37.785996929695614,7033,453,10,20,2.736214,0.378301
2025,42002036,223,강릉-동진버스,True,4202172,신라모노그램,BIS inventory,True,True,7,5,128.92730314100064,37.78470637599459,1508,124,22,25,0.586693,0.103553
2025,42002036,223,강릉-동진버스,True,~,,unavailable,False,False,,0,,,2,0,,,0.000778,0.0
2025,42002037,224,강릉-동진버스,True,4200001,내곡교,BIS inventory,True,True,31,27 | 29,128.88717490623026,37.74653766880734,10,10,43,22,0.123533,1.01626
2025,42002037,224,강릉-동진버스,True,4200025,금호어울림정문,BIS inventory,True,True,23,20 | 21,128.9194883208178,37.754726898441014,13,2,40,48,0.160593,0.203252
2025,42002037,224,강릉-동진버스,True,4200051,송정래미안,BIS inventory,True,True,64,58 | 60 | 62,128.93021609974548,37.78282723196739,0,84,,2,0.0,8.536585
2025,42002037,224,강릉-동진버스,True,4200052,송정래미안,BIS inventory,True,True,6,4,128.93038982126572,37.78292573478735,2,1,56,52,0.024707,0.101626
2025,42002037,224,강릉-동진버스,True,4200053,오성학교,BIS inventory,True,True,5,3,128.93312248716418,37.77978287851338,25,0,32,,0.308833,0.0
2025,42002037,224,강릉-동진버스,True,4200054,삼익아파트,BIS inventory,True,True,65,59 | 61 | 63,128.93336344346523,37.7794509217129,9,244,45,1,0.11118,24.796748
2025,42002037,224,강릉-동진버스,True,4200055,해당화연립,BIS inventory,True,True,4,2,128.93501598562065,37.778964657496246,17,0,36,,0.210006,0.0
2025,42002037,224,강릉-동진버스,True,4200056,해당화연립,BIS inventory,True,True,66,60 | 62 | 64,128.9356053065312,37.7785328972295,5,3,51,40,0.061767,0.304878
2025,42002037,224,강릉-동진버스,True,4200063,가톨릭관동대학교,BIS inventory,True,True,34,30 | 31 | 32,128.87804152995903,37.738296118202754,202,67,11,3,2.495368,6.808943
2025,42002037,224,강릉-동진버스,True,4200065,보건소,BIS inventory,True,True,36,32 | 33 | 34,128.8829859719751,37.74393637256719,106,1,19,52,1.30945,0.101626
2025,42002037,224,강릉-동진버스,True,4200101,강릉고입구,BIS inventory,True,True,9,6 | 7,128.92013482012848,37.783607089094346,607,2,4,48,7.498456,0.203252
2025,42002037,224,강릉-동진버스,True,4200102,강릉고입구,BIS inventory,True,True,61,56 | 58 | 59,128.92044843215433,37.78352944320342,64,62,25,4,0.790611,6.300813
2025,42002037,224,강릉-동진버스,True,4200103,경포고교,BIS inventory,True,True,60,55 | 58,128.9190546436117,37.78057981084284,4,43,53,5,0.049413,4.369919
2025,42002037,224,강릉-동진버스,True,4200104,동명중학교,BIS inventory,True,True,12,10 | 9,128.91637238303827,37.777185998905715,34,3,28,40,0.420012,0.304878
2025,42002037,224,강릉-동진버스,True,4200105,동명중학교,BIS inventory,True,True,58,53 | 56,128.9161008666347,37.77658681943468,11,3,41,40,0.135886,0.304878
2025,42002037,224,강릉-동진버스,True,4200106,KT,BIS inventory,True,True,14,11 | 12,128.91181164590185,37.77275858732733,92,16,21,14,1.136504,1.626016
2025,42002037,224,강릉-동진버스,True,4200107,KT,BIS inventory,True,True,56,51 | 53 | 54,128.9125052185983,37.77309475265464,170,10,12,22,2.100062,1.01626
2025,42002037,224,강릉-동진버스,True,4200108,동인병원입구,BIS inventory,True,True,15,12 | 13,128.90953558421478,37.77125258486367,125,12,16,18,1.544163,1.219512
2025,42002037,224,강릉-동진버스,True,4200109,동인병원입구,BIS inventory,True,True,55,50 | 52 | 53,128.9094857690125,37.77102450992961,65,22,24,11,0.802965,2.235772
2025,42002037,224,강릉-동진버스,True,4200110,하슬라중,BIS inventory,True,True,16,13 | 14,128.90715554439282,37.77053362559672,206,7,10,31,2.544781,0.711382
2025,42002037,224,강릉-동진버스,True,4200111,하슬라중,BIS inventory,True,True,54,49 | 51 | 52,128.90761293140218,37.77043125987649,88,10,22,22,1.087091,1.01626
2025,42002037,224,강릉-동진버스,True,4200112,강릉관광개발공사,BIS inventory,True,True,17,14 | 15,128.9085231695166,37.76800046518587,20,25,35,9,0.247066,2.54065
2025,42002037,224,강릉-동진버스,True,4200113,강릉관광개발공사,BIS inventory,True,True,53,48 | 50 | 51,128.90865897771857,37.76820323697218,10,8,43,29,0.123533,0.813008
2025,42002037,224,강릉-동진버스,True,4200279,신도브래뉴,BIS inventory,True,True,67,61 | 65,128.93862914925478,37.77730338810464,0,3,,40,0.0,0.304878
2025,42002037,224,강릉-동진버스,True,4200280,송정해변,BIS inventory,True,True,3,1,128.9381119893655,37.77768849372205,4,0,53,,0.049413,0.0
2025,42002037,224,강릉-동진버스,True,4200288,경포고교,BIS inventory,True,True,10,7 | 8,128.91881546540267,37.78075927662396,1194,9,1,26,14.749846,0.914634
2025,42002037,224,강릉-동진버스,True,4200289,한솔초교,BIS inventory,True,True,13,10 | 11,128.9142086436632,37.775058134113436,17,4,36,36,0.210006,0.406504
2025,42002037,224,강릉-동진버스,True,4200290,한솔초교,BIS inventory,True,True,57,52 | 54 | 55,128.91448068318238,37.77500059793141,11,1,41,52,0.135886,0.101626
2025,42002037,224,강릉-동진버스,True,4200357,내곡교,BIS inventory,True,True,38,34 | 36,128.88814500034871,37.745625057468914,163,2,13,48,2.013589,0.203252
2025,42002037,224,강릉-동진버스,True,4200358,삼창그린맨션,BIS inventory,True,True,37,33 | 35,128.88749893563826,37.744743384730015,26,0,31,,0.321186,0.0
2025,42002037,224,강릉-동진버스,True,4200359,하나로마트내곡점,BIS inventory,True,True,35,31 | 32 | 33,128.88026417146904,37.7410809708167,122,1,17,52,1.507103,0.101626
2025,42002037,224,강릉-동진버스,True,4200360,하나로마트내곡점,BIS inventory,True,True,33,29 | 31,128.88016921110417,37.740597240336115,0,9,,26,0.0,0.914634
2025,42002037,224,강릉-동진버스,True,4200361,보건소,BIS inventory,True,True,32,28 | 30,128.8822115594926,37.743635964592464,1,28,59,7,0.012353,2.845528
2025,42002037,224,강릉-동진버스,True,4200751,금호어울림정문,BIS inventory,True,True,47,42 | 44 | 45,128.91957971290998,37.754473371718376,992,10,3,22,12.254478,1.01626
2025,42002037,224,강릉-동진버스,True,4200752,중앙초교,BIS inventory,True,True,48,43 | 46,128.9223833558042,37.757342016100644,88,13,22,17,1.087091,1.321138
2025,42002037,224,강릉-동진버스,True,4200753,중앙초교,BIS inventory,True,True,22,19,128.92202942311576,37.75730416097501,0,4,,36,0.0,0.406504
2025,42002037,224,강릉-동진버스,True,4200754,입암6주공아파트,BIS inventory,True,True,49,44 | 46 | 47,128.9200510349674,37.759167158773394,280,1,8,52,3.458925,0.101626
2025,42002037,224,강릉-동진버스,True,4200755,입암6주공아파트,BIS inventory,True,True,21,18 | 19,128.91994172349143,37.75895755917794,27,2,30,48,0.333539,0.203252
2025,42002037,224,강릉-동진버스,True,4200762,입암현대아파트,BIS inventory,True,True,25,21 | 23,128.91270364556544,37.753026994257695,21,9,34,26,0.259419,0.914634
2025,42002037,224,강릉-동진버스,True,4200763,입암현대아파트,BIS inventory,True,True,45,41 | 42 | 43,128.91229270015563,37.753112836072376,380,1,6,52,4.694256,0.101626
2025,42002037,224,강릉-동진버스,True,4200764,대목아파트,BIS inventory,True,True,44,40 | 41 | 42,128.91036775859212,37.7552461618319,567,27,5,8,7.004324,2.743902
2025,42002037,224,강릉-동진버스,True,4200765,성덕초등학교,BIS inventory,True,True,26,22 | 24,128.91017117535122,37.75573609872045,45,3,27,40,0.555899,0.304878
2025,42002037,224,강릉-동진버스,True,4200766,입암1주공아파트,BIS inventory,True,True,27,23 | 25,128.90620017782277,37.75501242269486,5,6,51,32,0.061767,0.609756
2025,42002037,224,강릉-동진버스,True,4200767,입암1주공아파트,BIS inventory,True,True,43,39 | 40 | 41,128.90600846284408,37.75457671115239,275,12,9,18,3.397159,1.219512
2025,42002037,224,강릉-동진버스,True,4200793,잠수교,BIS inventory,True,True,29,25 | 27,128.89948844495035,37.7500516781015,0,6,,32,0.0,0.609756
2025,42002037,224,강릉-동진버스,True,4200794,잠수교,BIS inventory,True,True,41,37 | 39,128.8998046277538,37.75006345498387,146,4,14,36,1.803582,0.406504
2025,42002037,224,강릉-동진버스,True,4200795,신화아파트,BIS inventory,True,True,30,26 | 28,128.89739318948855,37.749293198227164,9,19,45,13,0.11118,1.930894
2025,42002037,224,강릉-동진버스,True,4200796,신화아파트,BIS inventory,True,True,40,36 | 38,128.8983309878122,37.7493513359141,128,5,15,35,1.581223,0.50813
2025,42002037,224,강릉-동진버스,True,4200798,남산입구,BIS inventory,True,True,39,35 | 37,128.8920065213286,37.747695999509396,2,1,56,52,0.024707,0.101626
2025,42002037,224,강릉-동진버스,True,4201043,안목,BIS inventory,True,True,1,0,128.94526892930932,37.77285146151794,118,3,18,40,1.45769,0.304878
2025,42002037,224,강릉-동진버스,True,4201044,안목커피거리,BIS inventory,True,True,69,62 | 66,128.94543559396536,37.77260342997581,8,40,47,6,0.098826,4.065041
2025,42002037,224,강릉-동진버스,True,4201045,성덕동주민센터,BIS inventory,True,True,18,15 | 16,128.91516594318634,37.762763608124146,17,15,36,15,0.210006,1.52439
2025,42002037,224,강릉-동진버스,True,4201046,성덕동주민센터,BIS inventory,True,True,52,47 | 50,128.91533375948597,37.76294836172143,15,23,39,10,0.1853,2.337398
2025,42002037,224,강릉-동진버스,True,4201047,입암4주공아파트,BIS inventory,True,True,19,16 | 17,128.91655461094618,37.76166752794127,6,12,49,18,0.07412,1.219512
2025,42002037,224,강릉-동진버스,True,4201048,입암4주공아파트,BIS inventory,True,True,51,46 | 49,128.9166989706064,37.761858842951916,308,1,7,52,3.804818,0.101626
2025,42002037,224,강릉-동진버스,True,4201049,원마트,BIS inventory,True,True,20,17 | 18,128.91839757804996,37.76020248248705,6,12,49,18,0.07412,1.219512
2025,42002037,224,강릉-동진버스,True,4201050,원마트,BIS inventory,True,True,50,45 | 48,128.9185145864492,37.76040631401962,7,15,48,15,0.086473,1.52439
2025,42002037,224,강릉-동진버스,True,4201220,포남2주공입구,BIS inventory,True,True,11,8 | 9,128.9179885478381,37.77901498558293,34,3,28,40,0.420012,0.304878
2025,42002037,224,강릉-동진버스,True,4201233,초당분수공원,BIS inventory,True,True,8,5 | 6,128.9221385517862,37.785996929695614,1012,4,2,36,12.501544,0.406504
2025,42002037,224,강릉-동진버스,True,4201234,초당분수공원,BIS inventory,True,True,62,57 | 60,128.92421540479356,37.78614360918137,0,22,,11,0.0,2.235772
2025,42002037,224,강릉-동진버스,True,4201236,포남2주공입구,BIS inventory,True,True,59,54,128.91810027987142,37.77873395771816,1,1,59,52,0.012353,0.101626
2025,42002037,224,강릉-동진버스,True,4201243,양우내안애아파트,BIS inventory,True,True,42,38 | 39 | 40,128.90225216607172,37.751490811466354,99,3,20,40,1.222977,0.304878
2025,42002037,224,강릉-동진버스,True,4201245,양우내안애아파트,BIS inventory,True,True,28,24 | 26,128.9018874469489,37.75145322200816,4,8,53,29,0.049413,0.813008
2025,42002037,224,강릉-동진버스,True,4202167,남부노인종합복지관,BIS inventory,True,True,46,43 | 44,128.91383118471262,37.752564379737024,47,0,26,,0.580605,0.0
2025,42002037,224,강릉-동진버스,True,4202168,남부노인종합복지관,BIS inventory,True,True,24,22,128.91401073487134,37.753047049518,23,1,33,52,0.284126,0.101626
2025,42002037,224,강릉-동진버스,True,4202171,신라모노그램,BIS inventory,True,True,63,61,128.92766337576,37.78423838201166,0,6,,32,0.0,0.609756
2025,42002037,224,강릉-동진버스,True,4202172,신라모노그램,BIS inventory,True,True,7,5,128.92730314100064,37.78470637599459,2,0,56,,0.024707,0.0
2025,42002038,227,강릉-동진버스,True,4200060,솔올중학교,BIS inventory,True,True,32,30 | 31,128.8798722504925,37.77163504014371,4130,525,25,41,1.05464,0.305009
2025,42002038,227,강릉-동진버스,True,4200080,경포초등학교,BIS inventory,True,True,33,31 | 32,128.87893593974582,37.76974854746925,7481,753,17,32,1.910353,0.43747
2025,42002038,227,강릉-동진버스,True,4200114,고용센터,BIS inventory,True,True,20,18 | 19,128.88893105798073,37.75744085258255,1856,1313,31,28,0.473949,0.762813
2025,42002038,227,강릉-동진버스,True,4200115,고용센터,BIS inventory,True,True,43,41 | 42,128.8890663454416,37.75714942132559,3323,1695,26,26,0.848563,0.984744
2025,42002038,227,강릉-동진버스,True,4200116,적십자입구,BIS inventory,True,True,21,19 | 20,128.88726321660565,37.757196360936135,877,1142,40,30,0.223951,0.663467
2025,42002038,227,강릉-동진버스,True,4200117,적십자입구,BIS inventory,True,True,42,40 | 41,128.88647213220725,37.75676623567213,1834,445,33,43,0.468331,0.258532
2025,42002038,227,강릉-동진버스,True,4200118,터미널오거리,BIS inventory,True,True,22,20 | 21,128.8840640923818,37.75608209292866,999,1909,39,24,0.255105,1.109071
2025,42002038,227,강릉-동진버스,True,4200119,터미널오거리,BIS inventory,True,True,41,39 | 40,128.88381140539954,37.755579088211434,3311,413,27,46,0.845499,0.239941
2025,42002038,227,강릉-동진버스,True,4200120,강릉시외.고속터미널,BIS inventory,True,True,23,21 | 22,128.8792265208128,37.75505492071011,6174,11457,21,3,1.576597,6.65617
2025,42002038,227,강릉-동진버스,True,4200121,강릉시외.고속터미널,BIS inventory,True,True,40,38 | 39,128.87911620808939,37.75486594086855,19778,2629,6,19,5.050523,1.527369
2025,42002038,227,강릉-동진버스,True,4200122,강릉문화원,BIS inventory,True,True,24,22 | 23,128.8740921031382,37.75789663608161,391,2668,48,18,0.099846,1.550027
2025,42002038,227,강릉-동진버스,True,4200123,우편집중국,BIS inventory,True,True,25,23 | 24,128.8733706824724,37.76051485370646,202,3428,51,14,0.051583,1.991564
2025,42002038,227,강릉-동진버스,True,4200124,우편집중국,BIS inventory,True,True,39,37 | 38,128.87347187490323,37.76156496879712,8500,520,14,42,2.170566,0.302104
2025,42002038,227,강릉-동진버스,True,4200125,솔올공연장,BIS inventory,True,True,26,24 | 25,128.87460623301726,37.76366952964576,494,6227,46,7,0.126148,3.617699
2025,42002038,227,강릉-동진버스,True,4200126,솔올공연장,BIS inventory,True,True,38,36 | 37,128.87424793205705,37.763507530751156,8504,239,13,50,2.171587,0.138852
2025,42002038,227,강릉-동진버스,True,4200127,구름다리,BIS inventory,True,True,27,25 | 26,128.87654770197503,37.764512872809554,857,7780,41,5,0.218844,4.519945
2025,42002038,227,강릉-동진버스,True,4200128,구름다리,BIS inventory,True,True,37,35 | 36,128.87743298775584,37.764682397677966,22167,591,4,39,5.66058,0.343353
2025,42002038,227,강릉-동진버스,True,4200129,주공3차아파트,BIS inventory,True,True,28,26 | 27,128.87933873663175,37.76410589188944,426,2836,47,15,0.108784,1.64763
2025,42002038,227,강릉-동진버스,True,4200130,현대2차아파트,BIS inventory,True,True,36,34 | 35,128.87999435131803,37.764311243841746,8885,156,11,53,2.268879,0.090631
2025,42002038,227,강릉-동진버스,True,4200131,하이빌현대아파트,BIS inventory,True,True,29,27 | 28,128.8824547932286,37.764860822549025,37,1183,59,29,0.009448,0.687287
2025,42002038,227,강릉-동진버스,True,4200132,율곡초등학교,BIS inventory,True,True,35,33 | 34,128.88221538693716,37.765100900268116,1566,144,35,54,0.399895,0.08366
2025,42002038,227,강릉-동진버스,True,4200133,주공1차아파트,BIS inventory,True,True,30,28 | 29,128.88288690646792,37.76665665089728,42,2251,58,22,0.010725,1.307763
2025,42002038,227,강릉-동진버스,True,4200134,부영2차아파트,BIS inventory,True,True,31,29 | 30,128.88281079370944,37.77016072015751,4826,2782,24,16,1.232371,1.616258
2025,42002038,227,강릉-동진버스,True,4200249,용강동서부시장,BIS inventory,True,True,44,42 | 43,128.89167287030088,37.75492247590215,6561,7557,20,6,1.675421,4.390388
2025,42002038,227,강릉-동진버스,True,4200250,용강동서부시장,BIS inventory,True,True,19,17 | 18,128.89174828581776,37.7556582744871,7153,2057,19,23,1.826595,1.195055
2025,42002038,227,강릉-동진버스,True,4200251,한국은행,BIS inventory,True,True,18,16 | 17,128.89406630781096,37.753485602290496,21336,5218,5,8,5.448375,3.0315
2025,42002038,227,강릉-동진버스,True,4200252,신영극장,BIS inventory,True,True,45,43 | 44,128.8961287589657,37.75448236011555,38182,31880,3,1,9.750181,18.521316
2025,42002038,227,강릉-동진버스,True,4200253,교보생명,BIS inventory,True,True,17,15 | 16,128.89811415297848,37.756002485379526,51271,24716,1,2,13.092596,14.359248
2025,42002038,227,강릉-동진버스,True,4200292,주공1차아파트,BIS inventory,True,True,34,32 | 33,128.88256780330317,37.766843575404636,5473,41,22,58,1.397589,0.02382
2025,42002038,227,강릉-동진버스,True,4200739,남항진해변,BIS inventory,True,True,1 | 61,58 | 60,128.95440005417075,37.764111085296946,7841,2677,16,17,2.002283,1.555256
2025,42002038,227,강릉-동진버스,True,4200740,남항진,BIS inventory,True,True,2,1,128.95041066307658,37.76404538789595,2078,18,29,59,0.530639,0.010457
2025,42002038,227,강릉-동진버스,True,4200741,남항진,BIS inventory,True,True,60,57 | 59,128.95055410190812,37.76391565217945,131,752,54,33,0.033452,0.436889
2025,42002038,227,강릉-동진버스,True,4200742,자루뫼.옹심이마을,BIS inventory,True,True,4,3,128.93910155337016,37.76225882808405,7155,209,18,52,1.827106,0.121423
2025,42002038,227,강릉-동진버스,True,4200743,자루뫼.옹심이마을,BIS inventory,True,True,58,55 | 57,128.93907508604704,37.76218611247613,182,2362,52,21,0.046476,1.372251
2025,42002038,227,강릉-동진버스,True,4200744,학우리,BIS inventory,True,True,5,4,128.93367670500427,37.76075578732405,503,56,45,56,0.128446,0.032534
2025,42002038,227,강릉-동진버스,True,4200745,반쟁이,BIS inventory,True,True,57,54 | 56,128.93382070402052,37.76052490759301,74,425,56,45,0.018897,0.246912
2025,42002038,227,강릉-동진버스,True,4200746,핸들,BIS inventory,True,True,6,5,128.93045204662351,37.75995348297138,510,14,44,60,0.130234,0.008134
2025,42002038,227,강릉-동진버스,True,4200747,핸들,BIS inventory,True,True,56,53 | 55,128.9303807394757,37.75966393792041,27,360,60,47,0.006895,0.209149
2025,42002038,227,강릉-동진버스,True,4200748,차돌광,BIS inventory,True,True,7,6,128.92675717507132,37.75922428188879,799,84,42,55,0.204033,0.048801
2025,42002038,227,강릉-동진버스,True,4200749,차돌광,BIS inventory,True,True,55,52 | 54,128.92683577267843,37.75897194822883,58,535,57,40,0.014811,0.310819
2025,42002038,227,강릉-동진버스,True,4200752,중앙초교,BIS inventory,True,True,8,7,128.9223833558042,37.757342016100644,12403,430,10,44,3.167238,0.249817
2025,42002038,227,강릉-동진버스,True,4200753,중앙초교,BIS inventory,True,True,54,51 | 53,128.92202942311576,37.75730416097501,1381,2372,37,20,0.352653,1.37806
2025,42002038,227,강릉-동진버스,True,4200754,입암6주공아파트,BIS inventory,True,True,9,8,128.9200510349674,37.759167158773394,18713,667,7,35,4.778564,0.387507
2025,42002038,227,강릉-동진버스,True,4200755,입암6주공아파트,BIS inventory,True,True,53,50 | 52,128.91994172349143,37.75895755917794,1484,3683,36,12,0.378955,2.139712
2025,42002038,227,강릉-동진버스,True,4200762,입암현대아파트,BIS inventory,True,True,13,11 | 12,128.91270364556544,37.753026994257695,13729,734,9,34,3.505846,0.426432
2025,42002038,227,강릉-동진버스,True,4200763,입암현대아파트,BIS inventory,True,True,49,47 | 48,128.91229270015563,37.753112836072376,1917,4243,30,11,0.489526,2.465055
2025,42002038,227,강릉-동진버스,True,4200764,대목아파트,BIS inventory,True,True,48,46 | 47,128.91036775859212,37.7552461618319,1765,3632,34,13,0.450712,2.110082
2025,42002038,227,강릉-동진버스,True,4200765,성덕초등학교,BIS inventory,True,True,14,12 | 13,128.91017117535122,37.75573609872045,14279,594,8,38,3.646295,0.345096
2025,42002038,227,강릉-동진버스,True,4200766,입암1주공아파트,BIS inventory,True,True,15,13 | 14,128.90620017782277,37.75501242269486,5098,759,23,31,1.301829,0.440956
2025,42002038,227,강릉-동진버스,True,4200767,입암1주공아파트,BIS inventory,True,True,47,45 | 46,128.90600846284408,37.75457671115239,711,1340,43,27,0.181561,0.778499
2025,42002038,227,강릉-동진버스,True,4201051,입암6주공오거리,BIS inventory,True,True,10,9,128.91813149011642,37.75937340656549,8625,340,12,48,2.202486,0.19753
2025,42002038,227,강릉-동진버스,True,4201052,입암6주공오거리,BIS inventory,True,True,52,49 | 51,128.91746262041485,37.758678282328006,314,4697,49,10,0.080183,2.728815
2025,42002038,227,강릉-동진버스,True,4201053,금호어울림,BIS inventory,True,True,11,10,128.9156520837289,37.754995794611034,8455,258,15,49,2.159074,0.14989
2025,42002038,227,강릉-동진버스,True,4201054,금호어울림,BIS inventory,True,True,51,48 | 50,128.91590296498018,37.75518531900659,97,1842,55,25,0.02477,1.070146
2025,42002038,227,강릉-동진버스,True,4201198,남대천.강릉교,BIS inventory,True,True,16,14 | 15,128.9010015999516,37.75454267936518,2659,7901,28,4,0.679004,4.590242
2025,42002038,227,강릉-동진버스,True,4201199,남대천.강릉교,BIS inventory,True,True,46,44 | 45,128.9010687000649,37.75417893755025,40417,5066,2,9,10.320912,2.943193
2025,42002038,227,강릉-동진버스,True,4201224,교통안전교육장,BIS inventory,True,True,59,56 | 58,128.94081916548228,37.76277976059592,139,655,53,36,0.035495,0.380535
2025,42002038,227,강릉-동진버스,True,4201225,교통안전교육장,BIS inventory,True,True,3,2,128.94086858039023,37.762907619978066,1326,44,38,57,0.338608,0.025563
2025,42002038,227,강릉-동진버스,True,4202167,남부노인종합복지관,BIS inventory,True,True,50,49,128.91383118471262,37.752564379737024,259,595,50,37,0.066138,0.345677
2025,42002038,227,강릉-동진버스,True,4202168,남부노인종합복지관,BIS inventory,True,True,12,11,128.91401073487134,37.753047049518,1836,227,32,51,0.468842,0.13188
2025,42002038,227,강릉-동진버스,True,~,,unavailable,False,False,,0,,,2,0,,,0.000511,0.0
2025,42002040,228,강릉-동진버스,True,4200045,형제막국수,BIS inventory,True,True,23,22,128.86624288991882,37.755124519467394,2275,20,18,42,1.153792,0.021345
2025,42002040,228,강릉-동진버스,True,4200114,고용센터,BIS inventory,True,True,17,16,128.88893105798073,37.75744085258255,1160,570,26,23,0.588307,0.608344
2025,42002040,228,강릉-동진버스,True,4200115,고용센터,BIS inventory,True,True,29,28,128.8890663454416,37.75714942132559,1692,812,20,20,0.858117,0.866623
2025,42002040,228,강릉-동진버스,True,4200116,적십자입구,BIS inventory,True,True,18,17,128.88726321660565,37.757196360936135,406,542,33,24,0.205907,0.57846
2025,42002040,228,강릉-동진버스,True,4200117,적십자입구,BIS inventory,True,True,28,27,128.88647213220725,37.75676623567213,1617,400,21,27,0.82008,0.426908
2025,42002040,228,강릉-동진버스,True,4200118,터미널오거리,BIS inventory,True,True,19,18,128.8840640923818,37.75608209292866,266,949,36,19,0.134905,1.012839
2025,42002040,228,강릉-동진버스,True,4200119,터미널오거리,BIS inventory,True,True,27,26,128.88381140539954,37.755579088211434,2190,377,19,28,1.110683,0.402361
2025,42002040,228,강릉-동진버스,True,4200120,강릉시외.고속터미널,BIS inventory,True,True,20,19,128.8792265208128,37.75505492071011,1240,5390,23,4,0.62888,5.752585
2025,42002040,228,강릉-동진버스,True,4200121,강릉시외.고속터미널,BIS inventory,True,True,26,25,128.87911620808939,37.75486594086855,11016,1475,7,16,5.586887,1.574223
2025,42002040,228,강릉-동진버스,True,4200249,용강동서부시장,BIS inventory,True,True,30,29,128.89167287030088,37.75492247590215,4531,4730,16,5,2.297947,5.048187
2025,42002040,228,강릉-동진버스,True,4200250,용강동서부시장,BIS inventory,True,True,16,15,128.89174828581776,37.7556582744871,2804,1625,17,14,1.42208,1.734314
2025,42002040,228,강릉-동진버스,True,4200251,한국은행,BIS inventory,True,True,15,14,128.89406630781096,37.753485602290496,6694,2883,10,11,3.394937,3.076939
2025,42002040,228,강릉-동진버스,True,4200252,신영극장,BIS inventory,True,True,31,30,128.8961287589657,37.75448236011555,18252,19874,2,1,9.256705,21.210925
2025,42002040,228,강릉-동진버스,True,4200253,교보생명,BIS inventory,True,True,14,13,128.89811415297848,37.756002485379526,17562,18678,3,2,8.906764,19.93447
2025,42002040,228,강릉-동진버스,True,4200543,미디어촌5단지,BIS inventory,True,True,22,21,128.86758571434657,37.753701754139904,24059,4573,1,6,12.201789,4.880626
2025,42002040,228,강릉-동진버스,True,4200548,강릉소방서,BIS inventory,True,True,25,24,128.87119323619314,37.7580009949989,7558,238,9,32,3.833124,0.25401
2025,42002040,228,강릉-동진버스,True,4200565,우미린아파트,BIS inventory,True,True,21,20,128.87023572987053,37.75716460769394,286,4005,35,7,0.145048,4.274416
2025,42002040,228,강릉-동진버스,True,4200567,한내들아파트,BIS inventory,True,True,24,23,128.8681446784216,37.75790349269205,6183,54,11,39,3.135777,0.057633
2025,42002040,228,강릉-동진버스,True,4200739,남항진해변,BIS inventory,True,True,1 | 44,43,128.95440005417075,37.764111085296946,5186,1504,13,15,2.630138,1.605174
2025,42002040,228,강릉-동진버스,True,4200740,남항진,BIS inventory,True,True,2,1,128.95041066307658,37.76404538789595,1187,6,25,43,0.602,0.006404
2025,42002040,228,강릉-동진버스,True,4200741,남항진,BIS inventory,True,True,43,42,128.95055410190812,37.76391565217945,33,498,43,25,0.016736,0.5315
2025,42002040,228,강릉-동진버스,True,4200742,자루뫼.옹심이마을,BIS inventory,True,True,4,3,128.93910155337016,37.76225882808405,4832,117,15,36,2.450603,0.124871
2025,42002040,228,강릉-동진버스,True,4200743,자루뫼.옹심이마을,BIS inventory,True,True,41,40,128.93907508604704,37.76218611247613,75,1880,39,12,0.038037,2.006468
2025,42002040,228,강릉-동진버스,True,4200744,학우리,BIS inventory,True,True,5,4,128.93367670500427,37.76075578732405,670,104,28,37,0.339798,0.110996
2025,42002040,228,강릉-동진버스,True,4200745,반쟁이,BIS inventory,True,True,40,39,128.93382070402052,37.76052490759301,35,244,42,31,0.017751,0.260414
2025,42002040,228,강릉-동진버스,True,4200746,핸들,BIS inventory,True,True,6,5,128.93045204662351,37.75995348297138,265,23,37,41,0.134398,0.024547
2025,42002040,228,강릉-동진버스,True,4200747,핸들,BIS inventory,True,True,39,38,128.9303807394757,37.75966393792041,40,126,41,35,0.020286,0.134476
2025,42002040,228,강릉-동진버스,True,4200748,차돌광,BIS inventory,True,True,7,6,128.92675717507132,37.75922428188879,604,64,30,38,0.306325,0.068305
2025,42002040,228,강릉-동진버스,True,4200749,차돌광,BIS inventory,True,True,38,37,128.92683577267843,37.75897194822883,51,218,40,34,0.025865,0.232665
2025,42002040,228,강릉-동진버스,True,4200752,중앙초교,BIS inventory,True,True,8,7,128.9223833558042,37.757342016100644,10330,464,8,26,5.238974,0.495213
2025,42002040,228,강릉-동진버스,True,4200753,중앙초교,BIS inventory,True,True,37,36,128.92202942311576,37.75730416097501,637,1821,29,13,0.323062,1.943499
2025,42002040,228,강릉-동진버스,True,4200754,입암6주공아파트,BIS inventory,True,True,9,8,128.9200510349674,37.759167158773394,15771,642,5,22,7.998438,0.685187
2025,42002040,228,강릉-동진버스,True,4200755,입암6주공아파트,BIS inventory,True,True,36,35,128.91994172349143,37.75895755917794,1035,2892,27,10,0.524912,3.086545
2025,42002040,228,강릉-동진버스,True,4200756,녹원아파트,BIS inventory,True,True,35,34,128.9163613451306,37.7599236396456,385,3090,34,9,0.195257,3.297864
2025,42002040,228,강릉-동진버스,True,4200757,입암5주공아파트,BIS inventory,True,True,10,9,128.91468852686768,37.759901363335864,15005,360,6,30,7.609953,0.384217
2025,42002040,228,강릉-동진버스,True,4200760,강릉중앙고,BIS inventory,True,True,11,10,128.9128964493442,37.75959593531339,5519,228,12,33,2.799022,0.243338
2025,42002040,228,강릉-동진버스,True,4200761,강릉중앙고,BIS inventory,True,True,34,33,128.912160218414,37.75937561358479,537,1114,31,17,0.272346,1.188939
2025,42002040,228,강릉-동진버스,True,4200766,입암1주공아파트,BIS inventory,True,True,12,11,128.90620017782277,37.75501242269486,5158,687,14,21,2.615937,0.733215
2025,42002040,228,강릉-동진버스,True,4200767,입암1주공아파트,BIS inventory,True,True,33,32,128.90600846284408,37.75457671115239,440,1017,32,18,0.223151,1.085414
2025,42002040,228,강릉-동진버스,True,4201198,남대천.강릉교,BIS inventory,True,True,13,12,128.9010015999516,37.75454267936518,1205,5824,24,3,0.611129,6.215781
2025,42002040,228,강릉-동진버스,True,4201199,남대천.강릉교,BIS inventory,True,True,32,31,128.9010687000649,37.75417893755025,16856,3175,4,8,8.548708,3.388582
2025,42002040,228,강릉-동진버스,True,4201224,교통안전교육장,BIS inventory,True,True,42,41,128.94081916548228,37.76277976059592,87,374,38,29,0.044123,0.399159
2025,42002040,228,강릉-동진버스,True,4201225,교통안전교육장,BIS inventory,True,True,3,2,128.94086858039023,37.762907619978066,1441,30,22,40,0.730819,0.032018
2025,42002040,228,강릉-동진버스,True,~,,unavailable,False,False,,0,,,1,0,,,0.000507,0.0
2025,42002042,230,강릉-동진버스,True,4200047,강릉고정문,BIS inventory,True,True,56,55,128.91550078840652,37.78828834947499,78,488,47,11,0.173673,2.183445
2025,42002042,230,강릉-동진버스,True,4200048,강릉고정문,BIS inventory,True,True,3,2,128.91587216477294,37.7875280017598,298,27,32,50,0.66352,0.120805
2025,42002042,230,강릉-동진버스,True,4200057,강릉경찰서,BIS inventory,True,True,13,12,128.90688706685629,37.768055768979885,553,92,25,34,1.231297,0.411633
2025,42002042,230,강릉-동진버스,True,4200059,강원도교육연수원,BIS inventory,True,True,4,3,128.9180532877992,37.78499697853126,104,63,41,42,0.231564,0.281879
2025,42002042,230,강릉-동진버스,True,4200060,솔올중학교,BIS inventory,True,True,30,29,128.8798722504925,37.77163504014371,724,223,18,22,1.612041,0.997763
2025,42002042,230,강릉-동진버스,True,4200080,경포초등학교,BIS inventory,True,True,31,30,128.87893593974582,37.76974854746925,1808,42,7,44,4.02565,0.187919
2025,42002042,230,강릉-동진버스,True,4200094,강릉여고,BIS inventory,True,True,44,43,128.90248424479844,37.75904463050879,845,750,17,6,1.881457,3.355705
2025,42002042,230,강릉-동진버스,True,4200100,강원도교육연수원,BIS inventory,True,True,55,54,128.91813970318609,37.785074864473685,92,562,45,9,0.204845,2.514541
2025,42002042,230,강릉-동진버스,True,4200101,강릉고입구,BIS inventory,True,True,5,4,128.92013482012848,37.783607089094346,382,107,29,32,0.850552,0.478747
2025,42002042,230,강릉-동진버스,True,4200103,경포고교,BIS inventory,True,True,54,53,128.9190546436117,37.78057981084284,18,193,53,24,0.040078,0.863535
2025,42002042,230,강릉-동진버스,True,4200104,동명중학교,BIS inventory,True,True,8,7,128.91637238303827,37.777185998905715,96,7,43,55,0.213751,0.03132
2025,42002042,230,강릉-동진버스,True,4200105,동명중학교,BIS inventory,True,True,52,51,128.9161008666347,37.77658681943468,54,71,50,40,0.120235,0.317673
2025,42002042,230,강릉-동진버스,True,4200106,KT,BIS inventory,True,True,10,9,128.91181164590185,37.77275858732733,1229,120,12,30,2.736462,0.536913
2025,42002042,230,강릉-동진버스,True,4200107,KT,BIS inventory,True,True,50,49,128.9125052185983,37.77309475265464,717,720,19,7,1.596455,3.221477
2025,42002042,230,강릉-동진버스,True,4200108,동인병원입구,BIS inventory,True,True,11,10,128.90953558421478,37.77125258486367,429,39,28,45,0.955201,0.174497
2025,42002042,230,강릉-동진버스,True,4200109,동인병원입구,BIS inventory,True,True,49,48,128.9094857690125,37.77102450992961,271,547,35,10,0.603402,2.447427
2025,42002042,230,강릉-동진버스,True,4200110,하슬라중,BIS inventory,True,True,12,11,128.90715554439282,37.77053362559672,596,39,23,45,1.32704,0.174497
2025,42002042,230,강릉-동진버스,True,4200111,하슬라중,BIS inventory,True,True,48,47,128.90761293140218,37.77043125987649,490,179,26,25,1.091022,0.800895
2025,42002042,230,강릉-동진버스,True,4200113,강릉관광개발공사,BIS inventory,True,True,47,46,128.90865897771857,37.76820323697218,272,344,34,17,0.605629,1.53915
2025,42002042,230,강릉-동진버스,True,4200114,고용센터,BIS inventory,True,True,18,17,128.88893105798073,37.75744085258255,216,236,37,21,0.480941,1.055928
2025,42002042,230,강릉-동진버스,True,4200115,고용센터,BIS inventory,True,True,41,40,128.8890663454416,37.75714942132559,610,252,22,20,1.358212,1.127517
2025,42002042,230,강릉-동진버스,True,4200116,적십자입구,BIS inventory,True,True,19,18,128.88726321660565,37.757196360936135,118,52,40,43,0.262736,0.232662
2025,42002042,230,강릉-동진버스,True,4200117,적십자입구,BIS inventory,True,True,40,39,128.88647213220725,37.75676623567213,1126,97,14,33,2.507125,0.434004
2025,42002042,230,강릉-동진버스,True,4200118,터미널오거리,BIS inventory,True,True,20,19,128.8840640923818,37.75608209292866,94,157,44,27,0.209298,0.702461
2025,42002042,230,강릉-동진버스,True,4200119,터미널오거리,BIS inventory,True,True,39,38,128.88381140539954,37.755579088211434,1262,73,10,39,2.809939,0.326622
2025,42002042,230,강릉-동진버스,True,4200120,강릉시외.고속터미널,BIS inventory,True,True,21,20,128.8792265208128,37.75505492071011,875,983,16,5,1.948254,4.39821
2025,42002042,230,강릉-동진버스,True,4200121,강릉시외.고속터미널,BIS inventory,True,True,38,37,128.87911620808939,37.75486594086855,4458,445,2,14,9.926078,1.991051
2025,42002042,230,강릉-동진버스,True,4200122,강릉문화원,BIS inventory,True,True,22,21,128.8740921031382,37.75789663608161,77,118,48,31,0.171446,0.527964
2025,42002042,230,강릉-동진버스,True,4200123,우편집중국,BIS inventory,True,True,23,22,128.8733706824724,37.76051485370646,17,76,54,37,0.037852,0.340045
2025,42002042,230,강릉-동진버스,True,4200124,우편집중국,BIS inventory,True,True,37,36,128.87347187490323,37.76156496879712,2553,90,5,35,5.68445,0.402685
2025,42002042,230,강릉-동진버스,True,4200125,솔올공연장,BIS inventory,True,True,24,23,128.87460623301726,37.76366952964576,41,461,51,12,0.09129,2.06264
2025,42002042,230,강릉-동진버스,True,4200126,솔올공연장,BIS inventory,True,True,36,35,128.87424793205705,37.763507530751156,1160,37,13,49,2.582829,0.165548
2025,42002042,230,강릉-동진버스,True,4200127,구름다리,BIS inventory,True,True,25,24,128.87654770197503,37.764512872809554,85,275,46,19,0.189259,1.230425
2025,42002042,230,강릉-동진버스,True,4200128,구름다리,BIS inventory,True,True,35,34,128.87743298775584,37.764682397677966,3239,128,3,28,7.211881,0.572707
2025,42002042,230,강릉-동진버스,True,4200129,주공3차아파트,BIS inventory,True,True,26,25,128.87933873663175,37.76410589188944,13,65,55,41,0.028945,0.290828
2025,42002042,230,강릉-동진버스,True,4200130,현대2차아파트,BIS inventory,True,True,34,33,128.87999435131803,37.764311243841746,2641,38,4,48,5.880388,0.170022
2025,42002042,230,강릉-동진버스,True,4200131,하이빌현대아파트,BIS inventory,True,True,27,26,128.8824547932286,37.764860822549025,4,22,57,51,0.008906,0.098434
2025,42002042,230,강릉-동진버스,True,4200132,율곡초등학교,BIS inventory,True,True,33,32,128.88221538693716,37.765100900268116,642,6,20,56,1.429462,0.026846
2025,42002042,230,강릉-동진버스,True,4200133,주공1차아파트,BIS inventory,True,True,28,27,128.88288690646792,37.76665665089728,10,75,56,38,0.022266,0.33557
2025,42002042,230,강릉-동진버스,True,4200134,부영2차아파트,BIS inventory,True,True,29,28,128.88281079370944,37.77016072015751,1243,199,11,23,2.767634,0.89038
2025,42002042,230,강릉-동진버스,True,4200249,용강동서부시장,BIS inventory,True,True,42,41,128.89167287030088,37.75492247590215,1481,1537,9,4,3.29756,6.876957
2025,42002042,230,강릉-동진버스,True,4200252,신영극장,BIS inventory,True,True,43,42,128.8961287589657,37.75448236011555,6033,5835,1,1,13.432936,26.107383
2025,42002042,230,강릉-동진버스,True,4200258,용지각,BIS inventory,True,True,45,44,128.90534669055177,37.76147384168322,485,456,27,13,1.07989,2.040268
2025,42002042,230,강릉-동진버스,True,4200260,동남아파트,BIS inventory,True,True,46,45,128.9088062489658,37.764638779656714,1005,680,15,8,2.237709,3.042506
2025,42002042,230,강릉-동진버스,True,4200288,경포고교,BIS inventory,True,True,6,5,128.91881546540267,37.78075927662396,557,15,24,53,1.240203,0.067114
2025,42002042,230,강릉-동진버스,True,4200289,한솔초교,BIS inventory,True,True,9,8,128.9142086436632,37.775058134113436,345,39,30,45,0.768169,0.174497
2025,42002042,230,강릉-동진버스,True,4200290,한솔초교,BIS inventory,True,True,51,50,128.91448068318238,37.77500059793141,72,123,49,29,0.160314,0.550336
2025,42002042,230,강릉-동진버스,True,4200292,주공1차아파트,BIS inventory,True,True,32,31,128.88256780330317,37.766843575404636,1947,16,6,52,4.335144,0.071588
2025,42002042,230,강릉-동진버스,True,4200315,구터미널,BIS inventory,True,True,16,15,128.8988430353628,37.76163002626936,253,367,36,16,0.563324,1.642058
2025,42002042,230,강릉-동진버스,True,4200320,강릉역육거리,BIS inventory,True,True,15,14,128.9015605860337,37.763796951176055,119,315,39,18,0.264963,1.409396
2025,42002042,230,강릉-동진버스,True,4200322,동도센트리움,BIS inventory,True,True,14,13,128.90456486009336,37.76619195310031,280,82,33,36,0.623441,0.36689
2025,42002042,230,강릉-동진버스,True,4200613,강문해변,BIS inventory,True,True,1 | 58,57,128.91641678869786,37.79529298920251,1538,2160,8,2,3.424475,9.66443
2025,42002042,230,강릉-동진버스,True,4200616,초당순두부마을,BIS inventory,True,True,2,1,128.91545728509436,37.791144787216254,617,15,21,53,1.373798,0.067114
2025,42002042,230,강릉-동진버스,True,4200617,초당순두부마을,BIS inventory,True,True,57,56,128.91553146572582,37.791098464762065,36,1586,52,3,0.080157,7.096197
2025,42002042,230,강릉-동진버스,True,4201037,말나눔터공원,BIS inventory,True,True,17,16,128.8946789617544,37.758644529934365,103,443,42,15,0.229337,1.982103
2025,42002042,230,강릉-동진버스,True,4201220,포남2주공입구,BIS inventory,True,True,7,6,128.9179885478381,37.77901498558293,186,6,38,56,0.414143,0.026846
2025,42002042,230,강릉-동진버스,True,4201236,포남2주공입구,BIS inventory,True,True,53,52,128.91810027987142,37.77873395771816,314,177,31,26,0.699145,0.791946
2025,42002042,230,강릉-동진버스,True,~,,unavailable,False,False,,0,,,1,0,,,0.002227,0.0
2025,42002043,230-1,강릉-동진버스,True,4200047,강릉고정문,BIS inventory,True,True,59,58,128.91550078840652,37.78828834947499,130,873,54,17,0.11952,1.585082
2025,42002043,230-1,강릉-동진버스,True,4200048,강릉고정문,BIS inventory,True,True,3,2,128.91587216477294,37.7875280017598,2489,67,11,51,2.288357,0.12165
2025,42002043,230-1,강릉-동진버스,True,4200057,강릉경찰서,BIS inventory,True,True,13,12,128.90688706685629,37.768055768979885,1424,192,23,41,1.309209,0.348609
2025,42002043,230-1,강릉-동진버스,True,4200059,강원도교육연수원,BIS inventory,True,True,4,3,128.9180532877992,37.78499697853126,305,61,46,53,0.280413,0.110756
2025,42002043,230-1,강릉-동진버스,True,4200060,솔올중학교,BIS inventory,True,True,33,32,128.8798722504925,37.77163504014371,582,136,38,45,0.535084,0.246932
2025,42002043,230-1,강릉-동진버스,True,4200080,경포초등학교,BIS inventory,True,True,34,33,128.87893593974582,37.76974854746925,1979,248,17,37,1.819469,0.450287
2025,42002043,230-1,강릉-동진버스,True,4200094,강릉여고,BIS inventory,True,True,47,46,128.90248424479844,37.75904463050879,2122,960,16,14,1.950941,1.743046
2025,42002043,230-1,강릉-동진버스,True,4200100,강원도교육연수원,BIS inventory,True,True,58,57,128.91813970318609,37.785074864473685,125,1182,55,13,0.114924,2.146125
2025,42002043,230-1,강릉-동진버스,True,4200101,강릉고입구,BIS inventory,True,True,5,4,128.92013482012848,37.783607089094346,1501,66,22,52,1.380001,0.119834
2025,42002043,230-1,강릉-동진버스,True,4200103,경포고교,BIS inventory,True,True,57,56,128.9190546436117,37.78057981084284,230,319,50,32,0.211459,0.5792
2025,42002043,230-1,강릉-동진버스,True,4200104,동명중학교,BIS inventory,True,True,8,7,128.91637238303827,37.777185998905715,605,13,37,59,0.55623,0.023604
2025,42002043,230-1,강릉-동진버스,True,4200105,동명중학교,BIS inventory,True,True,55,54,128.9161008666347,37.77658681943468,117,152,56,44,0.107568,0.275982
2025,42002043,230-1,강릉-동진버스,True,4200106,KT,BIS inventory,True,True,10,9,128.91181164590185,37.77275858732733,3931,222,8,39,3.614114,0.403079
2025,42002043,230-1,강릉-동진버스,True,4200107,KT,BIS inventory,True,True,53,52,128.9125052185983,37.77309475265464,2210,1308,15,11,2.031848,2.3749
2025,42002043,230-1,강릉-동진버스,True,4200108,동인병원입구,BIS inventory,True,True,11,10,128.90953558421478,37.77125258486367,1565,126,20,48,1.438842,0.228775
2025,42002043,230-1,강릉-동진버스,True,4200109,동인병원입구,BIS inventory,True,True,52,51,128.9094857690125,37.77102450992961,401,857,43,18,0.368675,1.556032
2025,42002043,230-1,강릉-동진버스,True,4200110,하슬라중,BIS inventory,True,True,12,11,128.90715554439282,37.77053362559672,837,164,32,43,0.769528,0.29777
2025,42002043,230-1,강릉-동진버스,True,4200111,하슬라중,BIS inventory,True,True,51,50,128.90761293140218,37.77043125987649,573,500,41,28,0.526809,0.907836
2025,42002043,230-1,강릉-동진버스,True,4200113,강릉관광개발공사,BIS inventory,True,True,50,49,128.90865897771857,37.76820323697218,771,523,35,27,0.708848,0.949597
2025,42002043,230-1,강릉-동진버스,True,4200114,고용센터,BIS inventory,True,True,21,20,128.88893105798073,37.75744085258255,611,300,36,34,0.561746,0.544702
2025,42002043,230-1,강릉-동진버스,True,4200115,고용센터,BIS inventory,True,True,44,43,128.8890663454416,37.75714942132559,1184,681,29,21,1.088555,1.236473
2025,42002043,230-1,강릉-동진버스,True,4200116,적십자입구,BIS inventory,True,True,22,21,128.88726321660565,37.757196360936135,249,248,48,37,0.228928,0.450287
2025,42002043,230-1,강릉-동진버스,True,4200117,적십자입구,BIS inventory,True,True,43,42,128.88647213220725,37.75676623567213,811,129,34,46,0.745624,0.234222
2025,42002043,230-1,강릉-동진버스,True,4200118,터미널오거리,BIS inventory,True,True,23,22,128.8840640923818,37.75608209292866,328,529,45,26,0.301559,0.960491
2025,42002043,230-1,강릉-동진버스,True,4200119,터미널오거리,BIS inventory,True,True,42,41,128.88381140539954,37.755579088211434,1713,128,19,47,1.574912,0.232406
2025,42002043,230-1,강릉-동진버스,True,4200120,강릉시외.고속터미널,BIS inventory,True,True,24,23,128.8792265208128,37.75505492071011,1400,3545,25,4,1.287143,6.43656
2025,42002043,230-1,강릉-동진버스,True,4200121,강릉시외.고속터미널,BIS inventory,True,True,41,40,128.87911620808939,37.75486594086855,9153,1378,3,9,8.415159,2.501997
2025,42002043,230-1,강릉-동진버스,True,4200122,강릉문화원,BIS inventory,True,True,25,24,128.8740921031382,37.75789663608161,78,487,58,29,0.071712,0.884233
2025,42002043,230-1,강릉-동진버스,True,4200123,우편집중국,BIS inventory,True,True,26,25,128.8733706824724,37.76051485370646,67,735,59,19,0.061599,1.33452
2025,42002043,230-1,강릉-동진버스,True,4200124,우편집중국,BIS inventory,True,True,40,39,128.87347187490323,37.76156496879712,4619,178,6,42,4.246653,0.32319
2025,42002043,230-1,강릉-동진버스,True,4200125,솔올공연장,BIS inventory,True,True,27,26,128.87460623301726,37.76366952964576,172,1428,52,8,0.158135,2.592781
2025,42002043,230-1,강릉-동진버스,True,4200126,솔올공연장,BIS inventory,True,True,39,38,128.87424793205705,37.763507530751156,2351,88,13,49,2.161481,0.159779
2025,42002043,230-1,강릉-동진버스,True,4200127,구름다리,BIS inventory,True,True,28,27,128.87654770197503,37.764512872809554,259,1730,47,7,0.238122,3.141114
2025,42002043,230-1,강릉-동진버스,True,4200128,구름다리,BIS inventory,True,True,38,37,128.87743298775584,37.764682397677966,5704,196,5,40,5.244189,0.355872
2025,42002043,230-1,강릉-동진버스,True,4200129,주공3차아파트,BIS inventory,True,True,29,28,128.87933873663175,37.76410589188944,88,723,57,20,0.080906,1.312731
2025,42002043,230-1,강릉-동진버스,True,4200130,현대2차아파트,BIS inventory,True,True,37,36,128.87999435131803,37.764311243841746,2971,57,9,54,2.731502,0.103493
2025,42002043,230-1,강릉-동진버스,True,4200131,하이빌현대아파트,BIS inventory,True,True,30,29,128.8824547932286,37.764860822549025,15,305,60,33,0.013791,0.55378
2025,42002043,230-1,강릉-동진버스,True,4200132,율곡초등학교,BIS inventory,True,True,36,35,128.88221538693716,37.765100900268116,423,6,42,60,0.388901,0.010894
2025,42002043,230-1,강릉-동진버스,True,4200133,주공1차아파트,BIS inventory,True,True,31,30,128.88288690646792,37.76665665089728,578,531,39,25,0.531406,0.964122
2025,42002043,230-1,강릉-동진버스,True,4200134,부영2차아파트,BIS inventory,True,True,32,31,128.88281079370944,37.77016072015751,2647,563,10,22,2.43362,1.022224
2025,42002043,230-1,강릉-동진버스,True,4200249,용강동서부시장,BIS inventory,True,True,45,44,128.89167287030088,37.75492247590215,1556,3076,21,5,1.430568,5.58501
2025,42002043,230-1,강릉-동진버스,True,4200250,용강동서부시장,BIS inventory,True,True,20,19,128.89174828581776,37.7556582744871,1774,479,18,30,1.630994,0.869707
2025,42002043,230-1,강릉-동진버스,True,4200251,한국은행,BIS inventory,True,True,19,18,128.89406630781096,37.753485602290496,3984,1229,7,12,3.662842,2.231462
2025,42002043,230-1,강릉-동진버스,True,4200252,신영극장,BIS inventory,True,True,46,45,128.8961287589657,37.75448236011555,11432,10868,2,1,10.510444,19.732733
2025,42002043,230-1,강릉-동진버스,True,4200253,교보생명,BIS inventory,True,True,18,17,128.89811415297848,37.756002485379526,12042,5639,1,2,11.071271,10.238579
2025,42002043,230-1,강릉-동진버스,True,4200258,용지각,BIS inventory,True,True,48,47,128.90534669055177,37.76147384168322,1187,893,28,15,1.091314,1.621396
2025,42002043,230-1,강릉-동진버스,True,4200260,동남아파트,BIS inventory,True,True,49,48,128.9088062489658,37.764638779656714,1334,1347,26,10,1.226464,2.445711
2025,42002043,230-1,강릉-동진버스,True,4200288,경포고교,BIS inventory,True,True,6,5,128.91881546540267,37.78075927662396,2457,20,12,56,2.258936,0.036313
2025,42002043,230-1,강릉-동진버스,True,4200289,한솔초교,BIS inventory,True,True,9,8,128.9142086436632,37.775058134113436,1402,78,24,50,1.288982,0.141622
2025,42002043,230-1,강릉-동진버스,True,4200290,한솔초교,BIS inventory,True,True,54,53,128.91448068318238,37.77500059793141,240,264,49,36,0.220653,0.479338
2025,42002043,230-1,강릉-동진버스,True,4200292,주공1차아파트,BIS inventory,True,True,35,34,128.88256780330317,37.766843575404636,2262,14,14,58,2.079656,0.025419
2025,42002043,230-1,강릉-동진버스,True,4200315,구터미널,BIS inventory,True,True,16,15,128.8988430353628,37.76163002626936,574,550,40,24,0.527729,0.99862
2025,42002043,230-1,강릉-동진버스,True,4200320,강릉역육거리,BIS inventory,True,True,15,14,128.9015605860337,37.763796951176055,1063,881,31,16,0.97731,1.599608
2025,42002043,230-1,강릉-동진버스,True,4200322,동도센트리움,BIS inventory,True,True,14,13,128.90456486009336,37.76619195310031,1198,287,27,35,1.101427,0.521098
2025,42002043,230-1,강릉-동진버스,True,4200365,삼성디지털센터,BIS inventory,True,True,17,16,128.8966989039856,37.75811194350719,213,559,51,23,0.19583,1.014961
2025,42002043,230-1,강릉-동진버스,True,4200613,강문해변,BIS inventory,True,True,1 | 61,60,128.91641678869786,37.79529298920251,6233,4034,4,3,5.730546,7.324424
2025,42002043,230-1,강릉-동진버스,True,4200616,초당순두부마을,BIS inventory,True,True,2,1,128.91545728509436,37.791144787216254,1164,35,30,55,1.070168,0.063549
2025,42002043,230-1,강릉-동진버스,True,4200617,초당순두부마을,BIS inventory,True,True,60,59,128.91553146572582,37.791098464762065,136,2504,53,6,0.125037,4.546445
2025,42002043,230-1,강릉-동진버스,True,4201220,포남2주공입구,BIS inventory,True,True,7,6,128.9179885478381,37.77901498558293,826,17,33,57,0.759415,0.030866
2025,42002043,230-1,강릉-동진버스,True,4201236,포남2주공입구,BIS inventory,True,True,56,55,128.91810027987142,37.77873395771816,372,368,44,31,0.342012,0.668168
2025,42002043,230-1,강릉-동진버스,True,~,,unavailable,False,False,,0,,,1,0,,,0.000919,0.0
2025,42002061,504 (운행 폐지),강릉-동진버스,True,4200049,남강초교,BIS inventory,True,True,53,52,128.91338089940805,37.76735161096919,1,1,17,8,1.123596,2.325581
2025,42002061,504 (운행 폐지),강릉-동진버스,True,4200067,홍제동주민센터,BIS inventory,True,True,46,45,128.8842229051066,37.747848454396006,1,0,17,,1.123596,0.0
2025,42002061,504 (운행 폐지),강릉-동진버스,True,4200094,강릉여고,BIS inventory,True,True,50,49,128.90248424479844,37.75904463050879,5,0,4,,5.617978,0.0
2025,42002061,504 (운행 폐지),강릉-동진버스,True,4200095,한국자산관리공사,BIS inventory,True,True,13,12,128.90111921880606,37.75827929877246,1,0,17,,1.123596,0.0
2025,42002061,504 (운행 폐지),강릉-동진버스,True,4200251,한국은행,BIS inventory,True,True,15,14,128.89406630781096,37.753485602290496,1,3,17,4,1.123596,6.976744
2025,42002061,504 (운행 폐지),강릉-동진버스,True,4200252,신영극장,BIS inventory,True,True,49,48,128.8961287589657,37.75448236011555,17,6,1,2,19.101124,13.953488
2025,42002061,504 (운행 폐지),강릉-동진버스,True,4200253,교보생명,BIS inventory,True,True,14,13,128.89811415297848,37.756002485379526,5,12,4,1,5.617978,27.906977
2025,42002061,504 (운행 폐지),강릉-동진버스,True,4200258,용지각,BIS inventory,True,True,51,50,128.90534669055177,37.76147384168322,3,0,9,,3.370787,0.0
2025,42002061,504 (운행 폐지),강릉-동진버스,True,4200259,용지각,BIS inventory,True,True,12,11,128.90537716328666,37.76184119439877,0,1,,8,0.0,2.325581
2025,42002061,504 (운행 폐지),강릉-동진버스,True,4200260,동남아파트,BIS inventory,True,True,52,51,128.9088062489658,37.764638779656714,1,0,17,,1.123596,0.0
2025,42002061,504 (운행 폐지),강릉-동진버스,True,4200262,로얄아파트.포남1동주민센터,BIS inventory,True,True,10,9,128.90933288179943,37.76545703763149,4,0,6,,4.494382,0.0
2025,42002061,504 (운행 폐지),강릉-동진버스,True,4200264,구)동해상사,BIS inventory,True,True,9,8,128.91165113985977,37.76683747950902,9,0,2,,10.11236,0.0
2025,42002061,504 (운행 폐지),강릉-동진버스,True,4200265,혜성연립,BIS inventory,True,True,54,53,128.91575952067353,37.76841531999017,3,1,9,8,3.370787,2.325581
2025,42002061,504 (운행 폐지),강릉-동진버스,True,4200266,혜성연립,BIS inventory,True,True,8,7,128.9154402649905,37.76852760326643,3,0,9,,3.370787,0.0
2025,42002061,504 (운행 폐지),강릉-동진버스,True,4200267,삼우은성아파트,BIS inventory,True,True,55,54,128.91973659122027,37.77025900516923,1,0,17,,1.123596,0.0
2025,42002061,504 (운행 폐지),강릉-동진버스,True,4200268,삼우은성아파트,BIS inventory,True,True,7,6,128.91881978171756,37.77007704319862,3,1,9,8,3.370787,2.325581
2025,42002061,504 (운행 폐지),강릉-동진버스,True,4200269,이마트,BIS inventory,True,True,56,55,128.92346774482266,37.772222356268564,0,3,,4,0.0,6.976744
2025,42002061,504 (운행 폐지),강릉-동진버스,True,4200270,이마트,BIS inventory,True,True,6,5,128.92290403192536,37.77218493598484,2,0,15,,2.247191,0.0
2025,42002061,504 (운행 폐지),강릉-동진버스,True,4200271,송정동주민센터,BIS inventory,True,True,57,56,128.9281580126049,37.77420386430584,1,2,17,6,1.123596,4.651163
2025,42002061,504 (운행 폐지),강릉-동진버스,True,4200272,송정동주민센터,BIS inventory,True,True,5,4,128.92775106138072,37.77430053196711,2,1,15,8,2.247191,2.325581
2025,42002061,504 (운행 폐지),강릉-동진버스,True,4200274,송정노인회관,BIS inventory,True,True,4,3,128.93141909498914,37.77512821569013,7,0,3,,7.865169,0.0
2025,42002061,504 (운행 폐지),강릉-동진버스,True,4200275,송정한신아파트입구,BIS inventory,True,True,59,58,128.93667614488956,37.77380916737768,0,1,,8,0.0,2.325581
2025,42002061,504 (운행 폐지),강릉-동진버스,True,4200276,송정한신아파트입구,BIS inventory,True,True,3,2,128.93668274097607,37.7740287226972,4,0,6,,4.494382,0.0
2025,42002061,504 (운행 폐지),강릉-동진버스,True,4200318,포남시장,BIS inventory,True,True,11,10,128.90766061502285,37.76392281820552,1,0,17,,1.123596,0.0
2025,42002061,504 (운행 폐지),강릉-동진버스,True,4200851,강릉의료원,BIS inventory,True,True,47,46,128.89091430945297,37.74975576653371,0,1,,8,0.0,2.325581
2025,42002061,504 (운행 폐지),강릉-동진버스,True,4201007,성산치안센터,BIS inventory,True,True,31,30,128.8310696649731,37.7159774839219,0,1,,8,0.0,2.325581
2025,42002061,504 (운행 폐지),강릉-동진버스,True,4201008,성산면사무소,BIS inventory,True,True,34,33,128.83255254171343,37.71856830087688,1,0,17,,1.123596,0.0
2025,42002061,504 (운행 폐지),강릉-동진버스,True,4201011,남밭,BIS inventory,True,True,28,27,128.84079334848028,37.72889804215958,1,1,17,8,1.123596,2.325581
2025,42002061,504 (운행 폐지),강릉-동진버스,True,4201013,금산2리,BIS inventory,True,True,38,37,128.84906667066036,37.736625360708075,1,0,17,,1.123596,0.0
2025,42002061,504 (운행 폐지),강릉-동진버스,True,4201015,금산장수마을,BIS inventory,True,True,39,38,128.85168575797542,37.73818340581975,3,0,9,,3.370787,0.0
2025,42002061,504 (운행 폐지),강릉-동진버스,True,4201021,강릉영동대학,BIS inventory,True,True,42,41,128.85922425091306,37.74487059276654,3,0,9,,3.370787,0.0
2025,42002061,504 (운행 폐지),강릉-동진버스,True,4201022,강릉영동대학,BIS inventory,True,True,22,21,128.8591288923703,37.74495955027462,0,1,,8,0.0,2.325581
2025,42002061,504 (운행 폐지),강릉-동진버스,True,4201029,홍제I.C,BIS inventory,True,True,19,18,128.87894077910576,37.74749468304007,0,1,,8,0.0,2.325581
2025,42002061,504 (운행 폐지),강릉-동진버스,True,4201043,안목,BIS inventory,True,True,1,0,128.94526892930932,37.77285146151794,0,2,,6,0.0,4.651163
2025,42002061,504 (운행 폐지),강릉-동진버스,True,4201044,안목커피거리,BIS inventory,True,True,61,60,128.94543559396536,37.77260342997581,4,4,6,3,4.494382,9.302326
2025,42002061,504 (운행 폐지),강릉-동진버스,True,4201386,송정한신아파트후문,BIS inventory,True,True,2,1,128.93962441064605,37.773612640324636,1,0,17,,1.123596,0.0
2025,42002072,202-1,강릉-동진버스,True,4200006,강릉아이스아레나,BIS inventory,True,True,37,0 | 36,128.89519306784848,37.78029319605429,356,1149,40,21,0.151303,0.734857
2025,42002072,202-1,강릉-동진버스,True,4200045,형제막국수,BIS inventory,True,True,20,0 | 19,128.86624288991882,37.755124519467394,250,112,42,41,0.106252,0.071631
2025,42002072,202-1,강릉-동진버스,True,4200070,경포현대아파트,BIS inventory,True,True,2,0 | 1,128.90338270723402,37.80169652808461,6909,74,8,42,2.936376,0.047328
2025,42002072,202-1,강릉-동진버스,True,4200072,경포대.참소리박물관,BIS inventory,True,True,3,0 | 2,128.89706080745114,37.7955214111198,3209,220,15,36,1.363849,0.140704
2025,42002072,202-1,강릉-동진버스,True,4200074,해운정,BIS inventory,True,True,5,0 | 4,128.8896478172347,37.78577024652339,487,44,37,43,0.206979,0.028141
2025,42002072,202-1,강릉-동진버스,True,4200075,선교장,BIS inventory,True,True,6,0 | 5,128.8853532167783,37.785455385598155,918,436,30,31,0.390157,0.278849
2025,42002072,202-1,강릉-동진버스,True,4200077,경포동주민센터,BIS inventory,True,True,7,0 | 6,128.88052383810168,37.78412865726848,538,410,36,32,0.228654,0.26222
2025,42002072,202-1,강릉-동진버스,True,4200094,강릉여고,BIS inventory,True,True,29,0 | 28,128.90248424479844,37.75904463050879,4875,2238,12,13,2.071911,1.43134
2025,42002072,202-1,강릉-동진버스,True,4200098,허난설헌삼거리,BIS inventory,True,True,41,0 | 40,128.9131333359753,37.79177727582709,1747,7495,26,7,0.742488,4.793517
2025,42002072,202-1,강릉-동진버스,True,4200115,고용센터,BIS inventory,True,True,26,0 | 25,128.8890663454416,37.75714942132559,2931,1829,18,17,1.245697,1.169759
2025,42002072,202-1,강릉-동진버스,True,4200117,적십자입구,BIS inventory,True,True,25,0 | 24,128.88647213220725,37.75676623567213,1294,546,28,27,0.54996,0.349201
2025,42002072,202-1,강릉-동진버스,True,4200119,터미널오거리,BIS inventory,True,True,24,0 | 23,128.88381140539954,37.755579088211434,3112,502,16,29,1.322623,0.32106
2025,42002072,202-1,강릉-동진버스,True,4200121,강릉시외.고속터미널,BIS inventory,True,True,23,0 | 22,128.87911620808939,37.75486594086855,22857,4321,3,8,9.714395,2.763548
2025,42002072,202-1,강릉-동진버스,True,4200128,구름다리,BIS inventory,True,True,15,0 | 14,128.87743298775584,37.764682397677966,12271,2124,6,15,5.215266,1.35843
2025,42002072,202-1,강릉-동진버스,True,4200130,현대2차아파트,BIS inventory,True,True,14,0 | 13,128.87999435131803,37.764311243841746,3266,613,14,26,1.388074,0.392052
2025,42002072,202-1,강릉-동진버스,True,4200132,율곡초등학교,BIS inventory,True,True,13,0 | 12,128.88221538693716,37.765100900268116,697,219,32,37,0.29623,0.140064
2025,42002072,202-1,강릉-동진버스,True,4200135,부영2차아파트,BIS inventory,True,True,11,0 | 10,128.8825125758686,37.77002923948558,2375,964,21,24,1.009393,0.616538
2025,42002072,202-1,강릉-동진버스,True,4200136,방축거리,BIS inventory,True,True,10,0 | 9,128.88380882582484,37.773889373429355,104,118,43,40,0.044201,0.075468
2025,42002072,202-1,강릉-동진버스,True,4200236,선교장입구,BIS inventory,True,True,8,0 | 7,128.87978791945434,37.782182641690056,925,1849,29,16,0.393132,1.18255
2025,42002072,202-1,강릉-동진버스,True,4200238,오죽헌,BIS inventory,True,True,9,0 | 8,128.8827262588498,37.779841129260745,2838,3013,20,10,1.206171,1.927
2025,42002072,202-1,강릉-동진버스,True,4200249,용강동서부시장,BIS inventory,True,True,27,0 | 26,128.89167287030088,37.75492247590215,5344,8536,10,6,2.27124,5.459301
2025,42002072,202-1,강릉-동진버스,True,4200252,신영극장,BIS inventory,True,True,28,0 | 27,128.8961287589657,37.75448236011555,50506,30151,1,1,21.465426,19.283435
2025,42002072,202-1,강릉-동진버스,True,4200257,옥천119안전센터,BIS inventory,True,True,30,0 | 29,128.90305174420297,37.761041080134646,4080,2465,13,11,1.73403,1.57652
2025,42002072,202-1,강릉-동진버스,True,4200292,주공1차아파트,BIS inventory,True,True,12,0 | 11,128.88256780330317,37.766843575404636,2168,183,22,38,0.921416,0.11704
2025,42002072,202-1,강릉-동진버스,True,4200400,강릉복합복지체육센터,BIS inventory,True,True,16,0 | 15,128.87000704257403,37.762859214055275,1756,263,25,34,0.746313,0.168205
2025,42002072,202-1,강릉-동진버스,True,4200430,강릉국민체육센터,BIS inventory,True,True,36,0 | 35,128.89711747432256,37.77640154864734,255,1591,41,18,0.108377,1.017543
2025,42002072,202-1,강릉-동진버스,True,4200433,종합경기장,BIS inventory,True,True,35,0 | 34,128.89677683645317,37.77125900731557,808,2436,31,12,0.343406,1.557973
2025,42002072,202-1,강릉-동진버스,True,4200543,미디어촌5단지,BIS inventory,True,True,19,0 | 18,128.86758571434657,37.753701754139904,13581,1171,5,20,5.772026,0.748927
2025,42002072,202-1,강릉-동진버스,True,4200547,e-편한세상아파트,BIS inventory,True,True,34,0 | 33,128.895218937497,37.769600465674785,608,1084,35,22,0.258405,0.693285
2025,42002072,202-1,강릉-동진버스,True,4200548,강릉소방서,BIS inventory,True,True,22,0 | 21,128.87119323619314,37.7580009949989,8623,511,7,28,3.664839,0.326816
2025,42002072,202-1,강릉-동진버스,True,4200565,우미린아파트,BIS inventory,True,True,18,0 | 17,128.87023572987053,37.75716460769394,2879,1307,19,19,1.223596,0.835908
2025,42002072,202-1,강릉-동진버스,True,4200567,한내들아파트,BIS inventory,True,True,21,0 | 20,128.8681446784216,37.75790349269205,4967,239,11,35,2.111012,0.152855
2025,42002072,202-1,강릉-동진버스,True,4200569,교2동주민센터,BIS inventory,True,True,33,0 | 32,128.8921038226677,37.76840335678918,2976,1060,17,23,1.264822,0.677936
2025,42002072,202-1,강릉-동진버스,True,4200721,강릉역,BIS inventory,True,True,31,0 | 30,128.8992580056024,37.76416330670135,30059,17127,2,4,12.775299,10.953779
2025,42002072,202-1,강릉-동진버스,True,4201240,순두부마을,BIS inventory,True,True,4,0 | 3,128.89327386744634,37.786738816066666,645,159,33,39,0.27413,0.10169
2025,42002072,202-1,강릉-동진버스,True,4201242,경포해변,BIS inventory,True,True,1,0 | 43,128.9052529004403,37.80440358093674,21238,22069,4,2,9.026308,14.114494
2025,42002072,202-1,강릉-동진버스,True,4201250,선수촌8단지,BIS inventory,True,True,17,0 | 16,128.87011109214671,37.76078977894948,5822,331,9,33,2.474393,0.211695
2025,42002072,202-1,강릉-동진버스,True,4201254,모안이서낭당,BIS inventory,True,True,38,0 | 37,128.90286872766467,37.783490145093076,397,890,38,25,0.168728,0.56921
2025,42002072,202-1,강릉-동진버스,True,4201256,강릉녹색도시체험센터,BIS inventory,True,True,39,0 | 38,128.90742209068117,37.786856581754364,1953,2203,24,14,0.83004,1.408955
2025,42002072,202-1,강릉-동진버스,True,4201259,허균.허난설헌기념공원,BIS inventory,True,True,40,0 | 39,128.90952498226952,37.789422425132265,1565,4116,27,9,0.665137,2.632437
2025,42002072,202-1,강릉-동진버스,True,4201261,강문해변입구,BIS inventory,True,True,42,0 | 41,128.9152492720649,37.794762154181576,2098,19348,23,3,0.891666,12.374246
2025,42002072,202-1,강릉-동진버스,True,4201267,경포호,BIS inventory,True,True,43,0 | 42,128.91154424859525,37.79966287216199,377,10380,39,5,0.160228,6.638654
2025,42002072,202-1,강릉-동진버스,True,4201375,가작다리입구,BIS inventory,True,True,32,0 | 31,128.8943546413669,37.766101443660936,621,461,34,30,0.26393,0.294838
2025,42002072,202-1,강릉-동진버스,True,~,,unavailable,False,False,,0,,,5,0,,,0.002125,0.0
2025,42002078,211-1,강릉-동진버스,True,4200051,송정래미안,BIS inventory,True,True,59,55 | 57,128.93021609974548,37.78282723196739,5,34,58,43,0.013461,0.199005
2025,42002078,211-1,강릉-동진버스,True,4200052,송정래미안,BIS inventory,True,True,6,4,128.93038982126572,37.78292573478735,60,5,42,55,0.161529,0.029265
2025,42002078,211-1,강릉-동진버스,True,4200053,오성학교,BIS inventory,True,True,5,3,128.93312248716418,37.77978287851338,167,12,31,47,0.449589,0.070237
2025,42002078,211-1,강릉-동진버스,True,4200054,삼익아파트,BIS inventory,True,True,60,56 | 58,128.93336344346523,37.7794509217129,5,228,58,15,0.013461,1.334504
2025,42002078,211-1,강릉-동진버스,True,4200055,해당화연립,BIS inventory,True,True,4,2,128.93501598562065,37.778964657496246,573,5,16,55,1.542603,0.029265
2025,42002078,211-1,강릉-동진버스,True,4200056,해당화연립,BIS inventory,True,True,61,57 | 59,128.9356053065312,37.7785328972295,2,98,61,29,0.005384,0.573603
2025,42002078,211-1,강릉-동진버스,True,4200061,경포중학교,BIS inventory,True,True,36,33 | 34,128.90033514931517,37.74283267675838,21,3,52,58,0.056535,0.017559
2025,42002078,211-1,강릉-동진버스,True,4200101,강릉고입구,BIS inventory,True,True,9,6 | 7,128.92013482012848,37.783607089094346,723,46,15,38,1.946426,0.269242
2025,42002078,211-1,강릉-동진버스,True,4200102,강릉고입구,BIS inventory,True,True,56,53 | 54,128.92044843215433,37.78352944320342,78,201,38,16,0.209988,1.176471
2025,42002078,211-1,강릉-동진버스,True,4200103,경포고교,BIS inventory,True,True,55,52 | 53,128.9190546436117,37.78057981084284,37,76,47,32,0.09961,0.444835
2025,42002078,211-1,강릉-동진버스,True,4200104,동명중학교,BIS inventory,True,True,12,10 | 9,128.91637238303827,37.777185998905715,229,49,27,37,0.616503,0.286801
2025,42002078,211-1,강릉-동진버스,True,4200105,동명중학교,BIS inventory,True,True,53,50 | 51,128.9161008666347,37.77658681943468,23,45,51,40,0.06192,0.263389
2025,42002078,211-1,강릉-동진버스,True,4200106,KT,BIS inventory,True,True,14,11 | 12,128.91181164590185,37.77275858732733,1862,166,7,21,5.012788,0.971613
2025,42002078,211-1,강릉-동진버스,True,4200107,KT,BIS inventory,True,True,51,48 | 49,128.9125052185983,37.77309475265464,420,601,23,4,1.130704,3.517706
2025,42002078,211-1,강릉-동진버스,True,4200108,동인병원입구,BIS inventory,True,True,15,12 | 13,128.90953558421478,37.77125258486367,523,51,18,35,1.407996,0.298507
2025,42002078,211-1,강릉-동진버스,True,4200109,동인병원입구,BIS inventory,True,True,50,47 | 48,128.9094857690125,37.77102450992961,123,521,35,7,0.331135,3.049459
2025,42002078,211-1,강릉-동진버스,True,4200110,하슬라중,BIS inventory,True,True,16,13 | 14,128.90715554439282,37.77053362559672,468,94,19,30,1.259927,0.55019
2025,42002078,211-1,강릉-동진버스,True,4200111,하슬라중,BIS inventory,True,True,49,46 | 47,128.90761293140218,37.77043125987649,158,190,33,18,0.42536,1.112087
2025,42002078,211-1,강릉-동진버스,True,4200251,한국은행,BIS inventory,True,True,23,20 | 21,128.89406630781096,37.753485602290496,1204,457,9,10,3.241351,2.674861
2025,42002078,211-1,강릉-동진버스,True,4200252,신영극장,BIS inventory,True,True,43,40 | 41,128.8961287589657,37.75448236011555,4554,5166,1,1,12.260062,30.23705
2025,42002078,211-1,강릉-동진버스,True,4200253,교보생명,BIS inventory,True,True,22,19 | 20,128.89811415297848,37.756002485379526,4084,2801,2,2,10.99475,16.394498
2025,42002078,211-1,강릉-동진버스,True,4200279,신도브래뉴,BIS inventory,True,True,62,58 | 60,128.93862914925478,37.77730338810464,2,146,61,22,0.005384,0.854551
2025,42002078,211-1,강릉-동진버스,True,4200280,송정해변,BIS inventory,True,True,3,1,128.9381119893655,37.77768849372205,432,1,21,59,1.16301,0.005853
2025,42002078,211-1,강릉-동진버스,True,4200288,경포고교,BIS inventory,True,True,10,7 | 8,128.91881546540267,37.78075927662396,421,36,22,42,1.133396,0.210711
2025,42002078,211-1,강릉-동진버스,True,4200289,한솔초교,BIS inventory,True,True,13,10 | 11,128.9142086436632,37.775058134113436,339,40,25,41,0.91264,0.234124
2025,42002078,211-1,강릉-동진버스,True,4200290,한솔초교,BIS inventory,True,True,52,49 | 50,128.91448068318238,37.77500059793141,68,104,41,28,0.183066,0.608721
2025,42002078,211-1,강릉-동진버스,True,4200365,삼성디지털센터,BIS inventory,True,True,21,18 | 19,128.8966989039856,37.75811194350719,79,189,36,19,0.21268,1.106234
2025,42002078,211-1,강릉-동진버스,True,4200618,경포중학교,BIS inventory,True,True,38,35 | 36,128.90069076576023,37.743138298255545,8,1,55,59,0.021537,0.005853
2025,42002078,211-1,강릉-동진버스,True,4200620,미라보아파트,BIS inventory,True,True,17,14 | 15,128.902500537792,37.76907532540921,1119,71,10,34,3.012519,0.415569
2025,42002078,211-1,강릉-동진버스,True,4200621,미라보아파트,BIS inventory,True,True,48,45 | 46,128.90255177945858,37.769019304198096,52,139,43,23,0.139992,0.813579
2025,42002078,211-1,강릉-동진버스,True,4200622,교동한신아파트,BIS inventory,True,True,18,15 | 16,128.90061649844188,37.76762859683901,2083,26,6,45,5.607753,0.15218
2025,42002078,211-1,강릉-동진버스,True,4200623,교동한신아파트,BIS inventory,True,True,47,44 | 45,128.90062829229592,37.76751299917391,219,107,28,27,0.589581,0.62628
2025,42002078,211-1,강릉-동진버스,True,4200624,강릉역공영주차장,BIS inventory,True,True,19,16 | 17,128.89773544865136,37.76439168846434,373,199,24,17,1.004173,1.164764
2025,42002078,211-1,강릉-동진버스,True,4200625,강릉역공영주차장,BIS inventory,True,True,46,43 | 44,128.89784270199107,37.76437149155158,195,379,29,11,0.52497,2.21832
2025,42002078,211-1,강릉-동진버스,True,4200626,명륜고교후문,BIS inventory,True,True,20,17 | 18,128.8957168427019,37.761692970005,25,46,49,38,0.067304,0.269242
2025,42002078,211-1,강릉-동진버스,True,4200627,명륜고교후문,BIS inventory,True,True,45,42 | 43,128.8959116900896,37.761745147071196,74,126,39,24,0.199219,0.737489
2025,42002078,211-1,강릉-동진버스,True,4200768,단오문화관,BIS inventory,True,True,25,22 | 23,128.8967729024353,37.7481043414214,7,72,56,33,0.018845,0.421422
2025,42002078,211-1,강릉-동진버스,True,4200770,은마아파트,BIS inventory,True,True,41,38 | 39,128.89705025699647,37.747304327883974,814,114,13,25,2.191412,0.667252
2025,42002078,211-1,강릉-동진버스,True,4200771,은마아파트,BIS inventory,True,True,26,23 | 24,128.89677272965307,37.746541962257844,79,50,36,36,0.21268,0.292654
2025,42002078,211-1,강릉-동진버스,True,4200772,노암대림아파트,BIS inventory,True,True,27,24 | 25,128.8964957795506,37.74447513098166,24,499,50,9,0.064612,2.920691
2025,42002078,211-1,강릉-동진버스,True,4200773,노암대림아파트,BIS inventory,True,True,40,37 | 38,128.89670020630172,37.7443968332287,2884,12,4,47,7.764167,0.070237
2025,42002078,211-1,강릉-동진버스,True,4200780,한국폴리텍대학,BIS inventory,True,True,31,28 | 29,128.8886097800722,37.73837235643407,1002,373,12,12,2.697537,2.183202
2025,42002078,211-1,강릉-동진버스,True,4200781,남산삼익아파트,BIS inventory,True,True,32,29 | 30,128.8901808969545,37.74229155338584,1057,1,11,59,2.845605,0.005853
2025,42002078,211-1,강릉-동진버스,True,4200782,남산삼익아파트,BIS inventory,True,True,30,27 | 28,128.89009058765018,37.74235973416757,7,275,56,14,0.018845,1.609599
2025,42002078,211-1,강릉-동진버스,True,4200783,남산초교,BIS inventory,True,True,33,30 | 31,128.8913405517673,37.744206285908824,3402,11,3,50,9.158702,0.064384
2025,42002078,211-1,강릉-동진버스,True,4200784,남산초교,BIS inventory,True,True,29,26 | 27,128.89124028586525,37.74425071826271,5,570,58,6,0.013461,3.33626
2025,42002078,211-1,강릉-동진버스,True,4200785,남산현대아파트,BIS inventory,True,True,34,31 | 32,128.89462531897348,37.74186237968639,2515,6,5,54,6.770763,0.035119
2025,42002078,211-1,강릉-동진버스,True,4200786,남산현대아파트,BIS inventory,True,True,28,25 | 26,128.89442793639103,37.74202687203957,41,503,44,8,0.110378,2.944103
2025,42002078,211-1,강릉-동진버스,True,4200787,원예농협강남점,BIS inventory,True,True,35,32 | 33,128.8968065666806,37.74246510458876,36,1,48,59,0.096917,0.005853
2025,42002078,211-1,강릉-동진버스,True,4200788,원예농협강남점,BIS inventory,True,True,39,36 | 37,128.89681243940322,37.742695820214294,524,7,17,53,1.410688,0.040972
2025,42002078,211-1,강릉-동진버스,True,4200790,노암한라아파트,BIS inventory,True,True,37,34 | 35,128.9030338994368,37.744009473539954,1794,28,8,44,4.829721,0.163886
2025,42002078,211-1,강릉-동진버스,True,4200854,성내동광장,BIS inventory,True,True,24,21 | 22,128.89469082592495,37.750838877146485,176,78,30,31,0.473819,0.456541
2025,42002078,211-1,강릉-동진버스,True,4200855,성내동광장,BIS inventory,True,True,42,39 | 40,128.89488299521074,37.75095303991505,142,588,34,5,0.382286,3.441615
2025,42002078,211-1,강릉-동진버스,True,4201043,안목,BIS inventory,True,True,1,0,128.94526892930932,37.77285146151794,729,5,14,55,1.962579,0.029265
2025,42002078,211-1,강릉-동진버스,True,4201044,안목커피거리,BIS inventory,True,True,64,59 | 61,128.94543559396536,37.77260342997581,38,816,46,3,0.102302,4.776119
2025,42002078,211-1,강릉-동진버스,True,4201220,포남2주공입구,BIS inventory,True,True,11,8 | 9,128.9179885478381,37.77901498558293,450,13,20,46,1.211469,0.07609
2025,42002078,211-1,강릉-동진버스,True,4201233,초당분수공원,BIS inventory,True,True,8,5 | 6,128.9221385517862,37.785996929695614,165,9,32,51,0.444205,0.052678
2025,42002078,211-1,강릉-동진버스,True,4201234,초당분수공원,BIS inventory,True,True,57,54 | 55,128.92421540479356,37.78614360918137,41,171,44,20,0.110378,1.000878
2025,42002078,211-1,강릉-동진버스,True,4201236,포남2주공입구,BIS inventory,True,True,54,51 | 52,128.91810027987142,37.77873395771816,16,111,54,26,0.043074,0.649693
2025,42002078,211-1,강릉-동진버스,True,4201411,삼성디지털센터,BIS inventory,True,True,44,41 | 42,128.89671612387085,37.758421567843364,301,293,26,13,0.810338,1.714955
2025,42002078,211-1,강릉-동진버스,True,4202171,신라모노그램,BIS inventory,True,True,58,56,128.92766337576,37.78423838201166,17,8,53,52,0.045767,0.046825
2025,42002078,211-1,강릉-동진버스,True,4202172,신라모노그램,BIS inventory,True,True,7,5,128.92730314100064,37.78470637599459,71,12,40,47,0.191143,0.070237
2025,42002080,,,False,4200082,강일여고정문,BIS inventory,True,False,,15 | 16,128.8875516595327,37.76393626119314,153,11,8,6,6.028369,3.021978
2025,42002080,,,False,4200087,강원대학교후문,BIS inventory,True,False,,18 | 19,128.87498639848286,37.77315204059329,2,35,16,4,0.078802,9.615385
2025,42002080,,,False,4200088,문성고등학교,BIS inventory,True,False,,19 | 20,128.8747975765768,37.776789915738114,2,87,16,2,0.078802,23.901099
2025,42002080,,,False,4200128,구름다리,BIS inventory,True,False,,17 | 18,128.87743298775584,37.764682397677966,44,14,11,5,1.733649,3.846154
2025,42002080,,,False,4200130,현대2차아파트,BIS inventory,True,False,,16 | 17,128.87999435131803,37.764311243841746,361,5,3,8,14.223798,1.373626
2025,42002080,,,False,4200248,강릉제일고,BIS inventory,True,False,,13 | 14,128.89200478710157,37.759050283679514,127,8,10,7,5.00394,2.197802
2025,42002080,,,False,4200257,옥천119안전센터,BIS inventory,True,False,,10 | 11,128.90305174420297,37.761041080134646,12,154,13,1,0.472813,42.307692
2025,42002080,,,False,4200315,구터미널,BIS inventory,True,False,,11 | 12,128.8988430353628,37.76163002626936,3,3,15,10,0.118203,0.824176
2025,42002080,,,False,4200762,입암현대아파트,BIS inventory,True,False,,7 | 8,128.91270364556544,37.753026994257695,459,0,1,,18.085106,0.0
2025,42002080,,,False,4200765,성덕초등학교,BIS inventory,True,False,,8 | 9,128.91017117535122,37.75573609872045,135,39,9,3,5.319149,10.714286
2025,42002080,,,False,4201037,말나눔터공원,BIS inventory,True,False,,12,128.8946789617544,37.758644529934365,0,2,,11,0.0,0.549451
2025,42002080,,,False,4201045,성덕동주민센터,BIS inventory,True,False,,2,128.91516594318634,37.762763608124146,175,0,6,,6.895193,0.0
2025,42002080,,,False,4201047,입암4주공아파트,BIS inventory,True,False,,3,128.91655461094618,37.76166752794127,217,0,5,,8.550039,0.0
2025,42002080,,,False,4201049,원마트,BIS inventory,True,False,,4,128.91839757804996,37.76020248248705,2,0,16,,0.078802,0.0
2025,42002080,,,False,4201051,입암6주공오거리,BIS inventory,True,False,,5,128.91813149011642,37.75937340656549,175,0,6,,6.895193,0.0
2025,42002080,,,False,4201053,금호어울림,BIS inventory,True,False,,6,128.9156520837289,37.754995794611034,409,0,2,,16.115051,0.0
2025,42002080,,,False,4201202,강릉여고정문,BIS inventory,True,False,,10 | 9,128.90529773129947,37.759257611132256,238,2,4,11,9.377463,0.549451
2025,42002080,,,False,4201205,입암2.3주공,BIS inventory,True,False,,1,128.9161850255649,37.765072488547595,8,0,14,,0.315209,0.0
2025,42002080,,,False,4201209,공단,BIS inventory,True,False,,0,128.92205416940635,37.765196014305694,16,4,12,9,0.630418,1.098901
2025,42002083,,,False,4200045,형제막국수,BIS inventory,True,False,,3,128.86624288991882,37.755124519467394,9,0,16,,0.357285,0.0
2025,42002083,,,False,4200047,강릉고정문,BIS inventory,True,False,,24,128.91550078840652,37.78828834947499,0,4,,6,0.0,3.007519
2025,42002083,,,False,4200100,강원도교육연수원,BIS inventory,True,False,,23,128.91813970318609,37.785074864473685,0,2,,10,0.0,1.503759
2025,42002083,,,False,4200102,강릉고입구,BIS inventory,True,False,,22,128.92044843215433,37.78352944320342,0,1,,12,0.0,0.75188
2025,42002083,,,False,4200103,경포고교,BIS inventory,True,False,,21,128.9190546436117,37.78057981084284,2,4,19,6,0.079397,3.007519
2025,42002083,,,False,4200105,동명중학교,BIS inventory,True,False,,19,128.9161008666347,37.77658681943468,0,11,,5,0.0,8.270677
2025,42002083,,,False,4200107,KT,BIS inventory,True,False,,17,128.9125052185983,37.77309475265464,135,3,8,9,5.35927,2.255639
2025,42002083,,,False,4200109,동인병원입구,BIS inventory,True,False,,16,128.9094857690125,37.77102450992961,50,19,13,3,1.984915,14.285714
2025,42002083,,,False,4200111,하슬라중,BIS inventory,True,False,,15,128.90761293140218,37.77043125987649,34,19,14,3,1.349742,14.285714
2025,42002083,,,False,4200123,우편집중국,BIS inventory,True,False,,5 | 6,128.8733706824724,37.76051485370646,147,2,7,10,5.835649,1.503759
2025,42002083,,,False,4200127,구름다리,BIS inventory,True,False,,8,128.87654770197503,37.764512872809554,64,1,10,12,2.540691,0.75188
2025,42002083,,,False,4200129,주공3차아파트,BIS inventory,True,False,,8 | 9,128.87933873663175,37.76410589188944,155,0,5,,6.153235,0.0
2025,42002083,,,False,4200131,하이빌현대아파트,BIS inventory,True,False,,10 | 9,128.8824547932286,37.764860822549025,294,0,3,,11.671298,0.0
2025,42002083,,,False,4200133,주공1차아파트,BIS inventory,True,False,,10 | 11,128.88288690646792,37.76665665089728,106,0,9,,4.208019,0.0
2025,42002083,,,False,4200290,한솔초교,BIS inventory,True,False,,18,128.91448068318238,37.77500059793141,7,0,17,,0.277888,0.0
2025,42002083,,,False,4200363,율곡중정문,BIS inventory,True,False,,12 | 13,128.88882882673292,37.76926965127901,3,22,18,2,0.119095,16.541353
2025,42002083,,,False,4200543,미디어촌5단지,BIS inventory,True,False,,1 | 2,128.86758571434657,37.753701754139904,622,0,1,,24.692338,0.0
2025,42002083,,,False,4200547,e-편한세상아파트,BIS inventory,True,False,,14,128.895218937497,37.769600465674785,54,39,11,1,2.143708,29.323308
2025,42002083,,,False,4200548,강릉소방서,BIS inventory,True,False,,5,128.87119323619314,37.7580009949989,27,4,15,6,1.071854,3.007519
2025,42002083,,,False,4200565,우미린아파트,BIS inventory,True,False,,0 | 1,128.87023572987053,37.75716460769394,54,0,11,,2.143708,0.0
2025,42002083,,,False,4200566,주공2차아파트,BIS inventory,True,False,,11 | 12,128.88486622636958,37.76845428049225,235,1,4,12,9.329099,0.75188
2025,42002083,,,False,4200567,한내들아파트,BIS inventory,True,False,,3 | 4,128.8681446784216,37.75790349269205,368,1,2,12,14.608972,0.75188
2025,42002083,,,False,4201250,선수촌8단지,BIS inventory,True,False,,0,128.87011109214671,37.76078977894948,153,0,6,,6.073839,0.0
2025,42002084,224-1,강릉-동진버스,True,4200051,송정래미안,BIS inventory,True,True,70,64 | 68,128.93021609974548,37.78282723196739,0,5,,29,0.0,0.538213
2025,42002084,224-1,강릉-동진버스,True,4200054,삼익아파트,BIS inventory,True,True,71,65 | 69,128.93336344346523,37.7794509217129,1,14,36,13,0.023987,1.506997
2025,42002084,224-1,강릉-동진버스,True,4200056,해당화연립,BIS inventory,True,True,72,70,128.9356053065312,37.7785328972295,0,1,,39,0.0,0.107643
2025,42002084,224-1,강릉-동진버스,True,4200061,경포중학교,BIS inventory,True,True,49,45 | 47,128.90033514931517,37.74283267675838,1,19,36,8,0.023987,2.04521
2025,42002084,224-1,강릉-동진버스,True,4200062,회산주공2단지,BIS inventory,True,True,39,35 | 36 | 37,128.87633822960112,37.74368399842067,438,95,3,4,10.506117,10.22605
2025,42002084,224-1,강릉-동진버스,True,4200066,내곡교,BIS inventory,True,True,43,39 | 40 | 41,128.88659128664105,37.74625364038564,9,13,20,17,0.215879,1.399354
2025,42002084,224-1,강릉-동진버스,True,4200102,강릉고입구,BIS inventory,True,True,67,62 | 65,128.92044843215433,37.78352944320342,4,4,27,33,0.095946,0.430571
2025,42002084,224-1,강릉-동진버스,True,4200103,경포고교,BIS inventory,True,True,66,61 | 64,128.9190546436117,37.78057981084284,1,15,36,12,0.023987,1.614639
2025,42002084,224-1,강릉-동진버스,True,4200104,동명중학교,BIS inventory,True,True,12,9,128.91637238303827,37.777185998905715,1,0,36,,0.023987,0.0
2025,42002084,224-1,강릉-동진버스,True,4200105,동명중학교,BIS inventory,True,True,64,59 | 61 | 62,128.9161008666347,37.77658681943468,2,106,33,2,0.047973,11.410118
2025,42002084,224-1,강릉-동진버스,True,4200106,KT,BIS inventory,True,True,14,11,128.91181164590185,37.77275858732733,3,0,29,,0.07196,0.0
2025,42002084,224-1,강릉-동진버스,True,4200107,KT,BIS inventory,True,True,62,57 | 60,128.9125052185983,37.77309475265464,47,13,13,17,1.127369,1.399354
2025,42002084,224-1,강릉-동진버스,True,4200109,동인병원입구,BIS inventory,True,True,61,56 | 59,128.9094857690125,37.77102450992961,5,14,23,13,0.119933,1.506997
2025,42002084,224-1,강릉-동진버스,True,4200111,하슬라중,BIS inventory,True,True,60,55 | 58,128.90761293140218,37.77043125987649,23,19,16,8,0.551691,2.04521
2025,42002084,224-1,강릉-동진버스,True,4200113,강릉관광개발공사,BIS inventory,True,True,59,54 | 56 | 57,128.90865897771857,37.76820323697218,5,7,23,24,0.119933,0.753498
2025,42002084,224-1,강릉-동진버스,True,4200279,신도브래뉴,BIS inventory,True,True,73,67 | 71,128.93862914925478,37.77730338810464,15,4,18,33,0.359799,0.430571
2025,42002084,224-1,강릉-동진버스,True,4200289,한솔초교,BIS inventory,True,True,13,10,128.9142086436632,37.775058134113436,7,0,21,,0.167906,0.0
2025,42002084,224-1,강릉-동진버스,True,4200290,한솔초교,BIS inventory,True,True,63,58 | 61,128.91448068318238,37.77500059793141,4,4,27,33,0.095946,0.430571
2025,42002084,224-1,강릉-동진버스,True,4200751,금호어울림정문,BIS inventory,True,True,53,48 | 50 | 51,128.91957971290998,37.754473371718376,206,232,8,1,4.941233,24.973089
2025,42002084,224-1,강릉-동진버스,True,4200752,중앙초교,BIS inventory,True,True,54,49 | 51 | 52,128.9223833558042,37.757342016100644,123,18,10,10,2.950348,1.937567
2025,42002084,224-1,강릉-동진버스,True,4200754,입암6주공아파트,BIS inventory,True,True,55,50 | 52 | 53,128.9200510349674,37.759167158773394,146,4,9,33,3.502039,0.430571
2025,42002084,224-1,강릉-동진버스,True,4200758,회산주공2단지,BIS inventory,True,True,35,33,128.8755135006868,37.7435978056025,3,0,29,,0.07196,0.0
2025,42002084,224-1,강릉-동진버스,True,4200768,단오문화관,BIS inventory,True,True,45,41 | 43,128.8967729024353,37.7481043414214,2,14,33,13,0.047973,1.506997
2025,42002084,224-1,강릉-동진버스,True,4200771,은마아파트,BIS inventory,True,True,46,42 | 43 | 44,128.89677272965307,37.746541962257844,322,12,5,19,7.723675,1.291712
2025,42002084,224-1,강릉-동진버스,True,4200772,노암대림아파트,BIS inventory,True,True,47,43 | 44 | 45,128.8964957795506,37.74447513098166,96,5,11,29,2.30271,0.538213
2025,42002084,224-1,강릉-동진버스,True,4200787,원예농협강남점,BIS inventory,True,True,48,44 | 45 | 46,128.8968065666806,37.74246510458876,69,5,12,29,1.655073,0.538213
2025,42002084,224-1,강릉-동진버스,True,4200789,강남동주민센터,BIS inventory,True,True,50,46 | 47 | 48,128.9049218912141,37.74425517651889,309,8,6,21,7.411849,0.861141
2025,42002084,224-1,강릉-동진버스,True,4200798,남산입구,BIS inventory,True,True,44,40 | 42,128.8920065213286,37.747695999509396,5,8,23,21,0.119933,0.861141
2025,42002084,224-1,강릉-동진버스,True,4200843,서희아파트,BIS inventory,True,True,37,33 | 34 | 35,128.86634677134685,37.73976016715972,583,5,2,29,13.984169,0.538213
2025,42002084,224-1,강릉-동진버스,True,4200844,회산교,BIS inventory,True,True,38,34 | 36,128.86938257728545,37.741799533605175,44,3,14,38,1.055409,0.322928
2025,42002084,224-1,강릉-동진버스,True,4200845,회산교,BIS inventory,True,True,36,34,128.86893532851613,37.74168123777201,27,0,15,,0.647637,0.0
2025,42002084,224-1,강릉-동진버스,True,4200846,회산주공1단지,BIS inventory,True,True,40,36 | 37 | 38,128.87934233274848,37.74463886683866,358,23,4,7,8.587191,2.47578
2025,42002084,224-1,강릉-동진버스,True,4200848,내곡현대아파트,BIS inventory,True,True,42,38 | 40,128.8834148503297,37.74546973753321,22,102,17,3,0.527704,10.979548
2025,42002084,224-1,강릉-동진버스,True,4201043,안목,BIS inventory,True,True,1,0,128.94526892930932,37.77285146151794,986,6,1,27,23.650756,0.645856
2025,42002084,224-1,강릉-동진버스,True,4201044,안목커피거리,BIS inventory,True,True,75,68 | 72,128.94543559396536,37.77260342997581,1,34,36,6,0.023987,3.659849
2025,42002084,224-1,강릉-동진버스,True,4201046,성덕동주민센터,BIS inventory,True,True,58,53 | 56,128.91533375948597,37.76294836172143,6,14,22,13,0.143919,1.506997
2025,42002084,224-1,강릉-동진버스,True,4201048,입암4주공아파트,BIS inventory,True,True,57,52 | 54 | 55,128.9166989706064,37.761858842951916,13,44,19,5,0.311825,4.736276
2025,42002084,224-1,강릉-동진버스,True,4201050,원마트,BIS inventory,True,True,56,51 | 54,128.9185145864492,37.76040631401962,5,7,23,24,0.119933,0.753498
2025,42002084,224-1,강릉-동진버스,True,4201056,더샵아파트,BIS inventory,True,True,51,47 | 49,128.91218064135074,37.749852342787776,3,8,29,21,0.07196,0.861141
2025,42002084,224-1,강릉-동진버스,True,4201208,내곡한라아파트,BIS inventory,True,True,41,37 | 38 | 39,128.88109989979574,37.744994216797494,268,9,7,20,6.4284,0.968784
2025,42002084,224-1,강릉-동진버스,True,4201220,포남2주공입구,BIS inventory,True,True,11,8,128.9179885478381,37.77901498558293,1,0,36,,0.023987,0.0
2025,42002084,224-1,강릉-동진버스,True,4201234,초당분수공원,BIS inventory,True,True,68,63 | 66,128.92421540479356,37.78614360918137,2,4,33,33,0.047973,0.430571
2025,42002084,224-1,강릉-동진버스,True,4201236,포남2주공입구,BIS inventory,True,True,65,60 | 63,128.91810027987142,37.77873395771816,3,7,29,24,0.07196,0.753498
2025,42002084,224-1,강릉-동진버스,True,4202167,남부노인종합복지관,BIS inventory,True,True,52,50,128.91383118471262,37.752564379737024,0,18,,10,0.0,1.937567
2025,42002084,224-1,강릉-동진버스,True,4202171,신라모노그램,BIS inventory,True,True,69,67,128.92766337576,37.78423838201166,0,6,,27,0.0,0.645856
2025,42002085,220,강릉-동진버스,True,4200001,내곡교,BIS inventory,True,True,26,23 | 24,128.88717490623026,37.74653766880734,620,2627,52,14,0.170955,1.682982
2025,42002085,220,강릉-동진버스,True,4200050,가톨릭관동대북문,BIS inventory,True,True,38,35 | 36,128.8721246228799,37.73769671240302,15131,1299,6,29,4.172135,0.832202
2025,42002085,220,강릉-동진버스,True,4200051,송정래미안,BIS inventory,True,True,63,59 | 61,128.93021609974548,37.78282723196739,78,467,64,44,0.021507,0.299183
2025,42002085,220,강릉-동진버스,True,4200052,송정래미안,BIS inventory,True,True,6,4,128.93038982126572,37.78292573478735,668,48,49,63,0.18419,0.030751
2025,42002085,220,강릉-동진버스,True,4200053,오성학교,BIS inventory,True,True,5,3,128.93312248716418,37.77978287851338,1957,65,39,60,0.539612,0.041642
2025,42002085,220,강릉-동진버스,True,4200054,삼익아파트,BIS inventory,True,True,64,60 | 62,128.93336344346523,37.7794509217129,130,1566,60,27,0.035845,1.003254
2025,42002085,220,강릉-동진버스,True,4200055,해당화연립,BIS inventory,True,True,4,2,128.93501598562065,37.778964657496246,2920,91,30,58,0.805144,0.058299
2025,42002085,220,강릉-동진버스,True,4200056,해당화연립,BIS inventory,True,True,65,61 | 63,128.9356053065312,37.7785328972295,111,966,61,36,0.030607,0.618866
2025,42002085,220,강릉-동진버스,True,4200062,회산주공2단지,BIS inventory,True,True,41,38 | 39,128.87633822960112,37.74368399842067,20700,244,5,52,5.7077,0.156318
2025,42002085,220,강릉-동진버스,True,4200066,내곡교,BIS inventory,True,True,45,42 | 43,128.88659128664105,37.74625364038564,2196,515,36,43,0.605512,0.329934
2025,42002085,220,강릉-동진버스,True,4200094,강릉여고,BIS inventory,True,True,49,46 | 47,128.90248424479844,37.75904463050879,6106,2142,16,19,1.683634,1.372268
2025,42002085,220,강릉-동진버스,True,4200095,한국자산관리공사,BIS inventory,True,True,21,18 | 19,128.90111921880606,37.75827929877246,5395,2030,19,21,1.487586,1.300515
2025,42002085,220,강릉-동진버스,True,4200101,강릉고입구,BIS inventory,True,True,9,6 | 7,128.92013482012848,37.783607089094346,5877,454,18,45,1.62049,0.290854
2025,42002085,220,강릉-동진버스,True,4200102,강릉고입구,BIS inventory,True,True,60,57 | 58,128.92044843215433,37.78352944320342,1380,2404,42,17,0.380513,1.540117
2025,42002085,220,강릉-동진버스,True,4200103,경포고교,BIS inventory,True,True,59,56 | 57,128.9190546436117,37.78057981084284,822,1025,46,35,0.226654,0.656664
2025,42002085,220,강릉-동진버스,True,4200104,동명중학교,BIS inventory,True,True,12,10 | 9,128.91637238303827,37.777185998905715,2432,100,35,57,0.670586,0.064065
2025,42002085,220,강릉-동진버스,True,4200105,동명중학교,BIS inventory,True,True,57,54 | 55,128.9161008666347,37.77658681943468,1332,594,43,40,0.367278,0.380545
2025,42002085,220,강릉-동진버스,True,4200106,KT,BIS inventory,True,True,14,11 | 12,128.91181164590185,37.77275858732733,11794,1086,8,34,3.25201,0.695744
2025,42002085,220,강릉-동진버스,True,4200107,KT,BIS inventory,True,True,55,52 | 53,128.9125052185983,37.77309475265464,4218,4849,23,5,1.163047,3.106501
2025,42002085,220,강릉-동진버스,True,4200108,동인병원입구,BIS inventory,True,True,15,12 | 13,128.90953558421478,37.77125258486367,6207,571,15,42,1.711483,0.36581
2025,42002085,220,강릉-동진버스,True,4200109,동인병원입구,BIS inventory,True,True,54,51 | 52,128.9094857690125,37.77102450992961,932,2962,44,10,0.256984,1.897599
2025,42002085,220,강릉-동진버스,True,4200110,하슬라중,BIS inventory,True,True,16,13 | 14,128.90715554439282,37.77053362559672,4152,582,24,41,1.144849,0.372857
2025,42002085,220,강릉-동진버스,True,4200111,하슬라중,BIS inventory,True,True,53,50 | 51,128.90761293140218,37.77043125987649,2935,1914,29,23,0.80928,1.2262
2025,42002085,220,강릉-동진버스,True,4200112,강릉관광개발공사,BIS inventory,True,True,17,14 | 15,128.9085231695166,37.76800046518587,2536,688,33,38,0.699262,0.440766
2025,42002085,220,강릉-동진버스,True,4200113,강릉관광개발공사,BIS inventory,True,True,52,49 | 50,128.90865897771857,37.76820323697218,898,1599,45,26,0.247609,1.024396
2025,42002085,220,강릉-동진버스,True,4200251,한국은행,BIS inventory,True,True,23,20 | 21,128.89406630781096,37.753485602290496,20913,4015,4,7,5.766431,2.572201
2025,42002085,220,강릉-동진버스,True,4200252,신영극장,BIS inventory,True,True,48,45 | 46,128.8961287589657,37.75448236011555,49287,36434,1,1,13.590115,23.341363
2025,42002085,220,강릉-동진버스,True,4200253,교보생명,BIS inventory,True,True,22,19 | 20,128.89811415297848,37.756002485379526,47362,24747,2,2,13.059327,15.854112
2025,42002085,220,강릉-동진버스,True,4200258,용지각,BIS inventory,True,True,50,47 | 48,128.90534669055177,37.76147384168322,2494,2483,34,16,0.687681,1.590729
2025,42002085,220,강릉-동진버스,True,4200259,용지각,BIS inventory,True,True,20,17 | 18,128.90537716328666,37.76184119439877,5055,1795,20,24,1.393837,1.149963
2025,42002085,220,강릉-동진버스,True,4200260,동남아파트,BIS inventory,True,True,51,48 | 49,128.9088062489658,37.764638779656714,2166,2799,37,12,0.59724,1.793173
2025,42002085,220,강릉-동진버스,True,4200262,로얄아파트.포남1동주민센터,BIS inventory,True,True,18,15 | 16,128.90933288179943,37.76545703763149,7328,1187,13,31,2.020581,0.760449
2025,42002085,220,강릉-동진버스,True,4200279,신도브래뉴,BIS inventory,True,True,66,62 | 64,128.93862914925478,37.77730338810464,133,1640,59,25,0.036673,1.050662
2025,42002085,220,강릉-동진버스,True,4200280,송정해변,BIS inventory,True,True,3,1,128.9381119893655,37.77768849372205,3011,57,28,62,0.830236,0.036517
2025,42002085,220,강릉-동진버스,True,4200288,경포고교,BIS inventory,True,True,10,7 | 8,128.91881546540267,37.78075927662396,7466,263,12,50,2.058632,0.16849
2025,42002085,220,강릉-동진버스,True,4200289,한솔초교,BIS inventory,True,True,13,10 | 11,128.9142086436632,37.775058134113436,3962,400,25,47,1.092459,0.256259
2025,42002085,220,강릉-동진버스,True,4200290,한솔초교,BIS inventory,True,True,56,53 | 54,128.91448068318238,37.77500059793141,657,1194,50,30,0.181157,0.764934
2025,42002085,220,강릉-동진버스,True,4200318,포남시장,BIS inventory,True,True,19,16 | 17,128.90766061502285,37.76392281820552,4376,776,22,37,1.206613,0.497143
2025,42002085,220,강릉-동진버스,True,4200366,내곡한라아파트,BIS inventory,True,True,28,25 | 26,128.88110089995297,37.74513149140333,630,2635,51,13,0.173713,1.688107
2025,42002085,220,강릉-동진버스,True,4200398,회산종점,BIS inventory,True,True,34,31 | 32,128.8605464983993,37.731597103272264,3772,642,26,39,1.04007,0.411296
2025,42002085,220,강릉-동진버스,True,4200758,회산주공2단지,BIS inventory,True,True,30,27 | 28,128.8755135006868,37.7435978056025,579,3884,53,8,0.15965,2.488276
2025,42002085,220,강릉-동진버스,True,4200840,강일운수(회산한신더휴아파트),BIS inventory,True,True,35,32 | 33,128.8635961632995,37.73687831617277,10910,40,10,65,3.008261,0.025626
2025,42002085,220,강릉-동진버스,True,4200841,강일운수(회산한신더휴아파트),BIS inventory,True,True,33,30 | 31,128.86326996430768,37.736857601908014,9,1143,66,32,0.002482,0.73226
2025,42002085,220,강릉-동진버스,True,4200842,서희아파트,BIS inventory,True,True,32,29 | 30,128.86542964738,37.739494273568006,61,4239,65,6,0.01682,2.715706
2025,42002085,220,강릉-동진버스,True,4200843,서희아파트,BIS inventory,True,True,36,33 | 34,128.86634677134685,37.73976016715972,23897,324,3,49,6.589222,0.20757
2025,42002085,220,강릉-동진버스,True,4200844,회산교,BIS inventory,True,True,40,37 | 38,128.86938257728545,37.741799533605175,3341,45,27,64,0.921228,0.028829
2025,42002085,220,강릉-동진버스,True,4200845,회산교,BIS inventory,True,True,31,28 | 29,128.86893532851613,37.74168123777201,92,2846,63,11,0.025368,1.823284
2025,42002085,220,강릉-동진버스,True,4200846,회산주공1단지,BIS inventory,True,True,42,39 | 40,128.87934233274848,37.74463886683866,12374,145,7,54,3.411936,0.092894
2025,42002085,220,강릉-동진버스,True,4200847,회산주공1단지,BIS inventory,True,True,29,26 | 27,128.87955033053632,37.744879735537495,162,2345,58,18,0.044669,1.502319
2025,42002085,220,강릉-동진버스,True,4200848,내곡현대아파트,BIS inventory,True,True,44,41 | 42,128.8834148503297,37.74546973753321,6950,224,14,53,1.916353,0.143505
2025,42002085,220,강릉-동진버스,True,4200849,내곡현대아파트,BIS inventory,True,True,27,24 | 25,128.88327994384045,37.74557191636756,395,2569,54,15,0.108915,1.645824
2025,42002085,220,강릉-동진버스,True,4200850,강릉의료원,BIS inventory,True,True,25,22 | 23,128.88880799404643,37.748819708567,1461,1999,41,22,0.402848,1.280655
2025,42002085,220,강릉-동진버스,True,4200851,강릉의료원,BIS inventory,True,True,46,43 | 44,128.89091430945297,37.74975576653371,1765,1532,40,28,0.486671,0.981472
2025,42002085,220,강릉-동진버스,True,4200852,강릉대도호부관아,BIS inventory,True,True,24,21 | 22,128.8916610029413,37.75117323796815,6059,1107,17,33,1.670674,0.709197
2025,42002085,220,강릉-동진버스,True,4200853,강릉대도호부관아,BIS inventory,True,True,47,44 | 45,128.89234522879923,37.75163825691615,2051,8371,38,3,0.565531,5.362863
2025,42002085,220,강릉-동진버스,True,4201043,안목,BIS inventory,True,True,1,0,128.94526892930932,37.77285146151794,8610,121,11,56,2.374072,0.077518
2025,42002085,220,강릉-동진버스,True,4201044,안목커피거리,BIS inventory,True,True,68,63 | 65,128.94543559396536,37.77260342997581,789,6750,47,4,0.217554,4.324373
2025,42002085,220,강릉-동진버스,True,4201208,내곡한라아파트,BIS inventory,True,True,43,40 | 41,128.88109989979574,37.744994216797494,11299,340,9,48,3.115522,0.21782
2025,42002085,220,강릉-동진버스,True,4201220,포남2주공입구,BIS inventory,True,True,11,8 | 9,128.9179885478381,37.77901498558293,2688,142,32,55,0.741174,0.090972
2025,42002085,220,강릉-동진버스,True,4201228,관솔길,BIS inventory,True,True,39,36 | 37,128.86971281684745,37.739544628947385,2717,23,31,66,0.74917,0.014735
2025,42002085,220,강릉-동진버스,True,4201229,관솔길,BIS inventory,True,True,37,34 | 35,128.86962790539826,37.73951707468259,278,62,56,61,0.076654,0.03972
2025,42002085,220,강릉-동진버스,True,4201233,초당분수공원,BIS inventory,True,True,8,5 | 6,128.9221385517862,37.785996929695614,4583,258,21,51,1.26369,0.165287
2025,42002085,220,강릉-동진버스,True,4201234,초당분수공원,BIS inventory,True,True,61,58 | 59,128.92421540479356,37.78614360918137,354,3117,55,9,0.09761,1.996899
2025,42002085,220,강릉-동진버스,True,4201236,포남2주공입구,BIS inventory,True,True,58,55 | 56,128.91810027987142,37.77873395771816,238,2033,57,20,0.065625,1.302437
2025,42002085,220,강릉-동진버스,True,4202171,신라모노그램,BIS inventory,True,True,62,60,128.92766337576,37.78423838201166,107,407,62,46,0.029504,0.260744
2025,42002085,220,강릉-동진버스,True,4202172,신라모노그램,BIS inventory,True,True,7,5,128.92730314100064,37.78470637599459,756,71,48,59,0.208455,0.045486
2025,42002085,220,강릉-동진버스,True,~,,unavailable,False,False,,0,,,4,0,,,0.001103,0.0
2025,42002086,225,강릉-동진버스,True,4200001,내곡교,BIS inventory,True,True,37,36,128.88717490623026,37.74653766880734,26,147,34,11,0.239411,2.5
2025,42002086,225,강릉-동진버스,True,4200045,형제막국수,BIS inventory,True,True,26,25,128.86624288991882,37.755124519467394,8,58,37,22,0.073665,0.986395
2025,42002086,225,강릉-동진버스,True,4200067,홍제동주민센터,BIS inventory,True,True,36,35,128.8842229051066,37.747848454396006,226,353,15,5,2.081031,6.003401
2025,42002086,225,강릉-동진버스,True,4200095,한국자산관리공사,BIS inventory,True,True,16,15,128.90111921880606,37.75827929877246,295,85,8,15,2.71639,1.445578
2025,42002086,225,강릉-동진버스,True,4200114,고용센터,BIS inventory,True,True,20,19,128.88893105798073,37.75744085258255,149,60,21,21,1.372007,1.020408
2025,42002086,225,강릉-동진버스,True,4200116,적십자입구,BIS inventory,True,True,21,20,128.88726321660565,37.757196360936135,82,61,28,18,0.755064,1.037415
2025,42002086,225,강릉-동진버스,True,4200118,터미널오거리,BIS inventory,True,True,22,21,128.8840640923818,37.75608209292866,61,129,31,12,0.561694,2.193878
2025,42002086,225,강릉-동진버스,True,4200120,강릉시외.고속터미널,BIS inventory,True,True,23,22,128.8792265208128,37.75505492071011,244,795,12,2,2.246777,13.520408
2025,42002086,225,강릉-동진버스,True,4200121,강릉시외.고속터미널,BIS inventory,True,True,32,31,128.87911620808939,37.75486594086855,291,273,9,6,2.679558,4.642857
2025,42002086,225,강릉-동진버스,True,4200250,용강동서부시장,BIS inventory,True,True,19,18,128.89174828581776,37.7556582744871,501,110,5,13,4.61326,1.870748
2025,42002086,225,강릉-동진버스,True,4200251,한국은행,BIS inventory,True,True,18,17,128.89406630781096,37.753485602290496,1061,200,2,8,9.769797,3.401361
2025,42002086,225,강릉-동진버스,True,4200253,교보생명,BIS inventory,True,True,17,16,128.89811415297848,37.756002485379526,3115,895,1,1,28.683241,15.221088
2025,42002086,225,강릉-동진버스,True,4200256,옥천119안전센터,BIS inventory,True,True,15,14,128.9022376115818,37.76136928474395,124,23,23,34,1.141805,0.391156
2025,42002086,225,강릉-동진버스,True,4200257,옥천119안전센터,BIS inventory,True,True,13,12,128.90305174420297,37.761041080134646,88,61,27,18,0.810313,1.037415
2025,42002086,225,강릉-동진버스,True,4200259,용지각,BIS inventory,True,True,12,11,128.90537716328666,37.76184119439877,145,42,22,27,1.335175,0.714286
2025,42002086,225,강릉-동진버스,True,4200262,로얄아파트.포남1동주민센터,BIS inventory,True,True,10,9,128.90933288179943,37.76545703763149,237,20,14,36,2.18232,0.340136
2025,42002086,225,강릉-동진버스,True,4200264,구)동해상사,BIS inventory,True,True,9,8,128.91165113985977,37.76683747950902,174,19,19,38,1.60221,0.323129
2025,42002086,225,강릉-동진버스,True,4200266,혜성연립,BIS inventory,True,True,8,7,128.9154402649905,37.76852760326643,221,28,16,32,2.034991,0.47619
2025,42002086,225,강릉-동진버스,True,4200268,삼우은성아파트,BIS inventory,True,True,7,6,128.91881978171756,37.77007704319862,193,18,18,39,1.777164,0.306122
2025,42002086,225,강릉-동진버스,True,4200270,이마트,BIS inventory,True,True,6,5,128.92290403192536,37.77218493598484,206,21,17,35,1.896869,0.357143
2025,42002086,225,강릉-동진버스,True,4200272,송정동주민센터,BIS inventory,True,True,5,4,128.92775106138072,37.77430053196711,112,11,25,42,1.031308,0.187075
2025,42002086,225,강릉-동진버스,True,4200274,송정노인회관,BIS inventory,True,True,4,3,128.93141909498914,37.77512821569013,282,12,10,41,2.596685,0.204082
2025,42002086,225,강릉-동진버스,True,4200276,송정한신아파트입구,BIS inventory,True,True,3,2,128.93668274097607,37.7740287226972,239,13,13,40,2.200737,0.221088
2025,42002086,225,강릉-동진버스,True,4200318,포남시장,BIS inventory,True,True,11,10,128.90766061502285,37.76392281820552,107,31,26,31,0.985267,0.527211
2025,42002086,225,강릉-동진버스,True,4200366,내곡한라아파트,BIS inventory,True,True,39,38,128.88110089995297,37.74513149140333,12,52,36,23,0.110497,0.884354
2025,42002086,225,강릉-동진버스,True,4200398,회산종점,BIS inventory,True,True,45,44,128.8605464983993,37.731597103272264,38,42,33,27,0.349908,0.714286
2025,42002086,225,강릉-동진버스,True,4200400,강릉복합복지체육센터,BIS inventory,True,True,29,28,128.87000704257403,37.762859214055275,69,33,29,30,0.635359,0.561224
2025,42002086,225,강릉-동진버스,True,4200479,유천행복주택,BIS inventory,True,True,27,26,128.86570448042954,37.76159011454386,163,210,20,7,1.500921,3.571429
2025,42002086,225,강릉-동진버스,True,4200543,미디어촌5단지,BIS inventory,True,True,25,24,128.86758571434657,37.753701754139904,514,712,4,3,4.732965,12.108844
2025,42002086,225,강릉-동진버스,True,4200548,강릉소방서,BIS inventory,True,True,31,30,128.87119323619314,37.7580009949989,272,49,11,24,2.504604,0.833333
2025,42002086,225,강릉-동진버스,True,4200565,우미린아파트,BIS inventory,True,True,24,23,128.87023572987053,37.75716460769394,48,478,32,4,0.441989,8.129252
2025,42002086,225,강릉-동진버스,True,4200721,강릉역,BIS inventory,True,True,14,13,128.8992580056024,37.76416330670135,595,196,3,9,5.478821,3.333333
2025,42002086,225,강릉-동진버스,True,4200750,강릉시청앞,BIS inventory,True,True,33,32,128.88013307678156,37.753651204654936,6,20,39,36,0.055249,0.340136
2025,42002086,225,강릉-동진버스,True,4200758,회산주공2단지,BIS inventory,True,True,41,40,128.8755135006868,37.7435978056025,15,64,35,17,0.138122,1.088435
2025,42002086,225,강릉-동진버스,True,4200841,강일운수(회산한신더휴아파트),BIS inventory,True,True,44,43,128.86326996430768,37.736857601908014,0,11,,42,0.0,0.187075
2025,42002086,225,강릉-동진버스,True,4200842,서희아파트,BIS inventory,True,True,43,42,128.86542964738,37.739494273568006,0,106,,14,0.0,1.802721
2025,42002086,225,강릉-동진버스,True,4200845,회산교,BIS inventory,True,True,42,41,128.86893532851613,37.74168123777201,3,72,42,16,0.027624,1.22449
2025,42002086,225,강릉-동진버스,True,4200847,회산주공1단지,BIS inventory,True,True,40,39,128.87955033053632,37.744879735537495,0,61,,18,0.0,1.037415
2025,42002086,225,강릉-동진버스,True,4200849,내곡현대아파트,BIS inventory,True,True,38,37,128.88327994384045,37.74557191636756,4,45,41,26,0.036832,0.765306
2025,42002086,225,강릉-동진버스,True,4201027,강릉시청,BIS inventory,True,True,34,33,128.8780384572547,37.75085435055292,7,25,38,33,0.064457,0.42517
2025,42002086,225,강릉-동진버스,True,4201028,홍제I.C,BIS inventory,True,True,35,34,128.8794230311205,37.7473811776377,5,36,40,29,0.046041,0.612245
2025,42002086,225,강릉-동진버스,True,4201043,안목,BIS inventory,True,True,1,0,128.94526892930932,37.77285146151794,440,3,6,44,4.051565,0.05102
2025,42002086,225,강릉-동진버스,True,4201250,선수촌8단지,BIS inventory,True,True,30,29,128.87011109214671,37.76078977894948,302,48,7,25,2.780847,0.816327
2025,42002086,225,강릉-동진버스,True,4201386,송정한신아파트후문,BIS inventory,True,True,2,1,128.93962441064605,37.773612640324636,118,1,24,45,1.086556,0.017007
2025,42002086,225,강릉-동진버스,True,4209995,강원대학교치과대학병원,BIS inventory,True,True,28,27,128.86959763767547,37.76381436688745,62,151,30,10,0.570902,2.568027
2025,42002087,225-1,강릉-동진버스,True,4200045,형제막국수,BIS inventory,True,True,15,14,128.86624288991882,37.755124519467394,101,18,19,26,1.21438,0.361373
2025,42002087,225-1,강릉-동진버스,True,4200049,남강초교,BIS inventory,True,True,33,32,128.91338089940805,37.76735161096919,62,116,26,8,0.745461,2.32885
2025,42002087,225-1,강릉-동진버스,True,4200062,회산주공2단지,BIS inventory,True,True,5,4,128.87633822960112,37.74368399842067,151,7,15,34,1.815558,0.140534
2025,42002087,225-1,강릉-동진버스,True,4200066,내곡교,BIS inventory,True,True,9,8,128.88659128664105,37.74625364038564,69,15,25,27,0.829626,0.301144
2025,42002087,225-1,강릉-동진버스,True,4200094,강릉여고,BIS inventory,True,True,27,26,128.90248424479844,37.75904463050879,234,93,10,11,2.813514,1.867095
2025,42002087,225-1,강릉-동진버스,True,4200115,고용센터,BIS inventory,True,True,24,23,128.8890663454416,37.75714942132559,256,91,8,12,3.078033,1.826942
2025,42002087,225-1,강릉-동진버스,True,4200117,적십자입구,BIS inventory,True,True,23,22,128.88647213220725,37.75676623567213,112,26,16,24,1.346639,0.521984
2025,42002087,225-1,강릉-동진버스,True,4200119,터미널오거리,BIS inventory,True,True,22,21,128.88381140539954,37.755579088211434,197,15,12,27,2.368643,0.301144
2025,42002087,225-1,강릉-동진버스,True,4200120,강릉시외.고속터미널,BIS inventory,True,True,12,11,128.8792265208128,37.75505492071011,167,157,13,5,2.007936,3.151978
2025,42002087,225-1,강릉-동진버스,True,4200121,강릉시외.고속터미널,BIS inventory,True,True,21,20,128.87911620808939,37.75486594086855,1138,83,2,16,13.682818,1.666332
2025,42002087,225-1,강릉-동진버스,True,4200249,용강동서부시장,BIS inventory,True,True,25,24,128.89167287030088,37.75492247590215,220,407,11,4,2.645185,8.17105
2025,42002087,225-1,강릉-동진버스,True,4200252,신영극장,BIS inventory,True,True,26,25,128.8961287589657,37.75448236011555,1428,1393,1,1,17.169653,27.966272
2025,42002087,225-1,강릉-동진버스,True,4200256,옥천119안전센터,BIS inventory,True,True,30,29,128.9022376115818,37.76136928474395,30,8,33,32,0.360707,0.16061
2025,42002087,225-1,강릉-동진버스,True,4200257,옥천119안전센터,BIS inventory,True,True,28,27,128.90305174420297,37.761041080134646,14,89,36,13,0.16833,1.78679
2025,42002087,225-1,강릉-동진버스,True,4200258,용지각,BIS inventory,True,True,31,30,128.90534669055177,37.76147384168322,78,66,23,18,0.937838,1.325035
2025,42002087,225-1,강릉-동진버스,True,4200260,동남아파트,BIS inventory,True,True,32,31,128.9088062489658,37.764638779656714,97,117,20,7,1.166286,2.348926
2025,42002087,225-1,강릉-동진버스,True,4200263,송정한신아파트후문,BIS inventory,True,True,40,39,128.9386138022858,37.773558747641985,0,42,,21,0.0,0.843204
2025,42002087,225-1,강릉-동진버스,True,4200265,혜성연립,BIS inventory,True,True,34,33,128.91575952067353,37.76841531999017,53,113,28,9,0.637249,2.268621
2025,42002087,225-1,강릉-동진버스,True,4200267,삼우은성아파트,BIS inventory,True,True,35,34,128.91973659122027,37.77025900516923,86,89,21,13,1.034027,1.78679
2025,42002087,225-1,강릉-동진버스,True,4200269,이마트,BIS inventory,True,True,36,35,128.92346774482266,37.772222356268564,48,121,31,6,0.577131,2.429231
2025,42002087,225-1,강릉-동진버스,True,4200271,송정동주민센터,BIS inventory,True,True,37,36,128.9281580126049,37.77420386430584,7,37,38,23,0.084165,0.742823
2025,42002087,225-1,강릉-동진버스,True,4200273,송정신원아침도시,BIS inventory,True,True,38,37,128.93190852770562,37.774810233413945,8,105,37,10,0.096189,2.10801
2025,42002087,225-1,강릉-동진버스,True,4200275,송정한신아파트입구,BIS inventory,True,True,39,38,128.93667614488956,37.77380916737768,2,61,39,19,0.024047,1.224654
2025,42002087,225-1,강릉-동진버스,True,4200293,강릉역건너편,BIS inventory,True,True,29,28,128.8990669694857,37.76400772021464,641,626,3,3,7.707106,12.567757
2025,42002087,225-1,강릉-동진버스,True,4200398,회산종점,BIS inventory,True,True,1,0,128.8605464983993,37.731597103272264,55,3,27,37,0.661296,0.060229
2025,42002087,225-1,강릉-동진버스,True,4200400,강릉복합복지체육센터,BIS inventory,True,True,18,17,128.87000704257403,37.762859214055275,108,9,17,31,1.298545,0.180687
2025,42002087,225-1,강릉-동진버스,True,4200479,유천행복주택,BIS inventory,True,True,16,15,128.86570448042954,37.76159011454386,156,19,14,25,1.875676,0.38145
2025,42002087,225-1,강릉-동진버스,True,4200543,미디어촌5단지,BIS inventory,True,True,14,13,128.86758571434657,37.753701754139904,607,42,5,21,7.298305,0.843204
2025,42002087,225-1,강릉-동진버스,True,4200548,강릉소방서,BIS inventory,True,True,20,19,128.87119323619314,37.7580009949989,626,14,4,29,7.526752,0.281068
2025,42002087,225-1,강릉-동진버스,True,4200565,우미린아파트,BIS inventory,True,True,13,12,128.87023572987053,37.75716460769394,104,89,18,13,1.250451,1.78679
2025,42002087,225-1,강릉-동진버스,True,4200840,강일운수(회산한신더휴아파트),BIS inventory,True,True,2,1,128.8635961632995,37.73687831617277,29,1,34,39,0.348683,0.020076
2025,42002087,225-1,강릉-동진버스,True,4200843,서희아파트,BIS inventory,True,True,3,2,128.86634677134685,37.73976016715972,260,0,7,,3.126127,0.0
2025,42002087,225-1,강릉-동진버스,True,4200844,회산교,BIS inventory,True,True,4,3,128.86938257728545,37.741799533605175,70,0,24,,0.84165,0.0
2025,42002087,225-1,강릉-동진버스,True,4200846,회산주공1단지,BIS inventory,True,True,6,5,128.87934233274848,37.74463886683866,52,6,29,35,0.625225,0.120458
2025,42002087,225-1,강릉-동진버스,True,4200848,내곡현대아파트,BIS inventory,True,True,8,7,128.8834148503297,37.74546973753321,84,4,22,36,1.00998,0.080305
2025,42002087,225-1,강릉-동진버스,True,4201029,홍제I.C,BIS inventory,True,True,11,10,128.87894077910576,37.74749468304007,18,10,35,30,0.216424,0.200763
2025,42002087,225-1,강릉-동진버스,True,4201030,홍제동주민센터,BIS inventory,True,True,10,9,128.88454291738702,37.74807153236862,252,46,9,20,3.029939,0.923509
2025,42002087,225-1,강릉-동진버스,True,4201044,안목커피거리,BIS inventory,True,True,41,40,128.94543559396536,37.77260342997581,2,764,39,2,0.024047,15.338285
2025,42002087,225-1,강릉-동진버스,True,4201208,내곡한라아파트,BIS inventory,True,True,7,6,128.88109989979574,37.744994216797494,47,3,32,37,0.565108,0.060229
2025,42002087,225-1,강릉-동진버스,True,4201250,선수촌8단지,BIS inventory,True,True,19,18,128.87011109214671,37.76078977894948,597,8,6,32,7.178069,0.16061
2025,42002087,225-1,강릉-동진버스,True,4209995,강원대학교치과대학병원,BIS inventory,True,True,17,16,128.86959763767547,37.76381436688745,51,68,30,17,0.613202,1.365188
2025,42002089,223-1,강릉-동진버스,True,4200051,송정래미안,BIS inventory,True,True,25,23 | 24,128.93021609974548,37.78282723196739,93,947,28,23,0.032673,0.592987
2025,42002089,223-1,강릉-동진버스,True,4200054,삼익아파트,BIS inventory,True,True,26,24 | 25,128.93336344346523,37.7794509217129,157,2128,25,16,0.055157,1.332498
2025,42002089,223-1,강릉-동진버스,True,4200056,해당화연립,BIS inventory,True,True,27,25 | 26,128.9356053065312,37.7785328972295,128,1813,26,17,0.044969,1.135254
2025,42002089,223-1,강릉-동진버스,True,4200058,강릉경찰서,BIS inventory,True,True,14,13,128.906855517511,37.76775326359568,1338,3839,17,11,0.470067,2.403882
2025,42002089,223-1,강릉-동진버스,True,4200063,가톨릭관동대학교,BIS inventory,True,True,1,0,128.87804152995903,37.738296118202754,74676,362,1,26,26.235245,0.226675
2025,42002089,223-1,강릉-동진버스,True,4200065,보건소,BIS inventory,True,True,3,2,128.8829859719751,37.74393637256719,24585,254,5,27,8.637226,0.159048
2025,42002089,223-1,강릉-동진버스,True,4200102,강릉고입구,BIS inventory,True,True,22,21,128.92044843215433,37.78352944320342,1639,4826,16,8,0.575815,3.021916
2025,42002089,223-1,강릉-동진버스,True,4200103,경포고교,BIS inventory,True,True,21,20,128.9190546436117,37.78057981084284,703,1577,21,19,0.246979,0.987477
2025,42002089,223-1,강릉-동진버스,True,4200105,동명중학교,BIS inventory,True,True,19,18,128.9161008666347,37.77658681943468,1161,691,18,24,0.407884,0.432686
2025,42002089,223-1,강릉-동진버스,True,4200107,KT,BIS inventory,True,True,17,16,128.9125052185983,37.77309475265464,4628,7451,10,5,1.625913,4.665623
2025,42002089,223-1,강릉-동진버스,True,4200109,동인병원입구,BIS inventory,True,True,16,15,128.9094857690125,37.77102450992961,1151,4143,19,10,0.40437,2.594239
2025,42002089,223-1,강릉-동진버스,True,4200111,하슬라중,BIS inventory,True,True,15,14,128.90761293140218,37.77043125987649,2222,2214,14,15,0.780635,1.386349
2025,42002089,223-1,강릉-동진버스,True,4200252,신영극장,BIS inventory,True,True,9,8,128.8961287589657,37.75448236011555,73395,51463,2,1,25.785202,32.224796
2025,42002089,223-1,강릉-동진버스,True,4200279,신도브래뉴,BIS inventory,True,True,28,26 | 27,128.93862914925478,37.77730338810464,35,3201,29,12,0.012296,2.004383
2025,42002089,223-1,강릉-동진버스,True,4200290,한솔초교,BIS inventory,True,True,18,17,128.91448068318238,37.77500059793141,894,1712,20,18,0.314081,1.07201
2025,42002089,223-1,강릉-동진버스,True,4200293,강릉역건너편,BIS inventory,True,True,11,10,128.8990669694857,37.76400772021464,25268,17206,4,2,8.877178,10.773951
2025,42002089,223-1,강릉-동진버스,True,4200319,강릉역육거리,BIS inventory,True,True,12,11,128.90168116661832,37.76358515067785,1784,1497,15,20,0.626757,0.937383
2025,42002089,223-1,강릉-동진버스,True,4200321,강릉축산농협,BIS inventory,True,True,13,12,128.9049229187372,37.76619229629584,2272,5165,13,6,0.798201,3.234189
2025,42002089,223-1,강릉-동진버스,True,4200357,내곡교,BIS inventory,True,True,5,4,128.88814500034871,37.745625057468914,16032,392,6,25,5.632378,0.24546
2025,42002089,223-1,강릉-동진버스,True,4200358,삼창그린맨션,BIS inventory,True,True,4,3,128.88749893563826,37.744743384730015,2665,145,11,29,0.93627,0.090795
2025,42002089,223-1,강릉-동진버스,True,4200359,하나로마트내곡점,BIS inventory,True,True,2,1,128.88026417146904,37.7410809708167,25418,167,3,28,8.929876,0.104571
2025,42002089,223-1,강릉-동진버스,True,4201031,삼개사입구,BIS inventory,True,True,6,5,128.88695285563512,37.7503693771254,8321,1022,7,21,2.923342,0.63995
2025,42002089,223-1,강릉-동진버스,True,4201033,장수탕,BIS inventory,True,True,7,6,128.88740033590045,37.75217314835415,6371,2700,8,13,2.238266,1.69067
2025,42002089,223-1,강릉-동진버스,True,4201035,용강동,BIS inventory,True,True,8,7,128.89127858305645,37.75423171492401,2280,15125,12,4,0.801012,9.470883
2025,42002089,223-1,강릉-동진버스,True,4201038,강릉농협중앙지점,BIS inventory,True,True,10,9,128.90002047054392,37.7602043259228,6295,4449,9,9,2.211565,2.785848
2025,42002089,223-1,강릉-동진버스,True,4201043,안목,BIS inventory,True,False,,0,128.94526892930932,37.77285146151794,1,0,30,,0.000351,0.0
2025,42002089,223-1,강릉-동진버스,True,4201044,안목커피거리,BIS inventory,True,True,30,27 | 28,128.94543559396536,37.77260342997581,270,16723,24,3,0.094857,10.471509
2025,42002089,223-1,강릉-동진버스,True,4201234,초당분수공원,BIS inventory,True,True,23,22,128.92421540479356,37.78614360918137,421,5152,22,7,0.147906,3.226049
2025,42002089,223-1,강릉-동진버스,True,4201236,포남2주공입구,BIS inventory,True,True,20,19,128.91810027987142,37.77873395771816,323,2342,23,14,0.113477,1.4665
2025,42002089,223-1,강릉-동진버스,True,4202171,신라모노그램,BIS inventory,True,True,24,23,128.92766337576,37.78423838201166,109,994,27,22,0.038294,0.622417
2025,42002089,223-1,강릉-동진버스,True,~,,unavailable,False,False,,0,,,5,0,,,0.001757,0.0
2025,42002090,300-2,강릉-동진버스,True,4200004,숲사랑홍보관,BIS inventory,True,True,29,28,128.85126457297872,37.81878304910103,394,505,48,35,0.091127,0.227492
2025,42002090,300-2,강릉-동진버스,True,4200042,롯데캐슬아파트,BIS inventory,True,True,41,40,128.89120929799194,37.766948306391974,11320,7146,15,8,2.61817,3.219122
2025,42002090,300-2,강릉-동진버스,True,4200069,방골마을입구,BIS inventory,True,True,31,30,128.85540756146614,37.81366779247799,2524,346,36,39,0.583769,0.155866
2025,42002090,300-2,강릉-동진버스,True,4200094,강릉여고,BIS inventory,True,True,46,45,128.90248424479844,37.75904463050879,2998,4983,35,11,0.693399,2.244736
2025,42002090,300-2,강릉-동진버스,True,4200138,즈므.과학단지,BIS inventory,True,True,33,32,128.8604076986006,37.79746479759031,3751,172,32,45,0.867558,0.077482
2025,42002090,300-2,강릉-동진버스,True,4200181,주문진해변,BIS inventory,True,True,2,1,128.81692175696733,37.90940788063508,5263,250,27,41,1.217264,0.11262
2025,42002090,300-2,강릉-동진버스,True,4200182,주문진해변,BIS inventory,True,False,,0,128.81704671925502,37.90944057885068,1,0,52,,0.000231,0.0
2025,42002090,300-2,강릉-동진버스,True,4200184,소돌,BIS inventory,True,True,3,2,128.82175443074843,37.905415537268986,11639,355,14,38,2.691951,0.15992
2025,42002090,300-2,강릉-동진버스,True,4200186,보성연립,BIS inventory,True,True,5,4,128.82551362915504,37.901974724913615,1508,53,40,50,0.348781,0.023875
2025,42002090,300-2,강릉-동진버스,True,4200187,양양고개,BIS inventory,True,True,6,5,128.82805578782853,37.90002854060149,7498,246,24,42,1.734191,0.110818
2025,42002090,300-2,강릉-동진버스,True,4200189,주문2리,BIS inventory,True,True,7,6,128.83046007450088,37.897540604441176,4077,387,31,36,0.942958,0.174335
2025,42002090,300-2,강릉-동진버스,True,4200190,수협사거리,BIS inventory,True,True,8,7,128.83119347169236,37.89590191816579,10507,812,17,33,2.430134,0.365789
2025,42002090,300-2,강릉-동진버스,True,4200191,공단,BIS inventory,True,True,51,50,128.92224127533925,37.765245144772656,155,1314,49,27,0.03585,0.591929
2025,42002090,300-2,강릉-동진버스,True,4200193,북부지구대,BIS inventory,True,True,9,8,128.82860680406648,37.894535177399845,10865,1268,16,28,2.512935,0.571207
2025,42002090,300-2,강릉-동진버스,True,4200194,주문진항입구,BIS inventory,True,True,10,9,128.82670250148865,37.8926318795772,19718,2802,5,20,4.56052,1.262242
2025,42002090,300-2,강릉-동진버스,True,4200197,작은다리,BIS inventory,True,True,12,11,128.82583778093624,37.88994679111109,31551,2420,2,22,7.29734,1.090159
2025,42002090,300-2,강릉-동진버스,True,4200201,양조장,BIS inventory,True,True,15,14,128.8258300942643,37.881274388703744,18477,3512,8,16,4.273492,1.582082
2025,42002090,300-2,강릉-동진버스,True,4200204,주문진중학교,BIS inventory,True,True,16,15,128.82690197641236,37.87887483229283,15456,3485,12,17,3.574774,1.569919
2025,42002090,300-2,강릉-동진버스,True,4200205,강원도립대,BIS inventory,True,True,17,16,128.82840415011668,37.87652579934979,15503,3240,11,18,3.585644,1.459552
2025,42002090,300-2,강릉-동진버스,True,4200207,북부노인종합복지관,BIS inventory,True,True,18,17,128.83062989490628,37.8743072338123,14153,5491,13,10,3.273407,2.473579
2025,42002090,300-2,강릉-동진버스,True,4200213,연곡해변입구,BIS inventory,True,True,22,21,128.84130813848452,37.85462580337619,1468,237,41,43,0.33953,0.106763
2025,42002090,300-2,강릉-동진버스,True,4200216,구라미,BIS inventory,True,True,24,23,128.84187680750063,37.84088026429458,1322,183,42,44,0.305762,0.082438
2025,42002090,300-2,강릉-동진버스,True,4200219,청솔공원,BIS inventory,True,True,25,24,128.84744835859598,37.832296445829655,1546,273,37,40,0.35757,0.122981
2025,42002090,300-2,강릉-동진버스,True,4200220,모래내행복센터,BIS inventory,True,True,26,25,128.84888855200666,37.82654759560158,7745,853,22,32,1.791319,0.384258
2025,42002090,300-2,강릉-동진버스,True,4200223,사천면사무소,BIS inventory,True,True,27,26,128.84914337332015,37.8229406699122,7939,1262,19,29,1.836189,0.568504
2025,42002090,300-2,강릉-동진버스,True,4200224,북부노인대학,BIS inventory,True,True,28,27,128.85070066292354,37.820164105652225,815,106,46,47,0.188499,0.047751
2025,42002090,300-2,강릉-동진버스,True,4200228,학고개,BIS inventory,True,True,32,31,128.8599242703853,37.80596957371411,1519,93,39,49,0.351325,0.041895
2025,42002090,300-2,강릉-동진버스,True,4200230,한밭입구,BIS inventory,True,True,34,33,128.86424835021418,37.79176559208253,1190,371,44,37,0.275232,0.167128
2025,42002090,300-2,강릉-동진버스,True,4200232,행정마을,BIS inventory,True,True,35,34,128.8694510816438,37.7889272082235,7744,699,23,34,1.791088,0.314885
2025,42002090,300-2,강릉-동진버스,True,4200234,법원.검찰청,BIS inventory,True,True,36,35,128.87342400102995,37.78526073982707,4501,1201,29,30,1.041023,0.541025
2025,42002090,300-2,강릉-동진버스,True,4200236,선교장입구,BIS inventory,True,True,37,36,128.87978791945434,37.782182641690056,4339,1538,30,25,1.003555,0.692836
2025,42002090,300-2,강릉-동진버스,True,4200238,오죽헌,BIS inventory,True,True,38,37,128.8827262588498,37.779841129260745,7757,3701,21,15,1.794094,1.667222
2025,42002090,300-2,강릉-동진버스,True,4200240,젤마을,BIS inventory,True,True,39,38,128.887733025105,37.775438249928285,3338,1563,33,24,0.772036,0.704098
2025,42002090,300-2,강릉-동진버스,True,4200242,율곡중학교,BIS inventory,True,True,40,39,128.89021344037266,37.771874448370795,5247,2691,28,21,1.213564,1.212239
2025,42002090,300-2,강릉-동진버스,True,4200245,이명사거리,BIS inventory,True,True,42,41,128.89157918705828,37.764565078717,15891,5719,10,9,3.675384,2.576289
2025,42002090,300-2,강릉-동진버스,True,4200247,강릉제일고,BIS inventory,True,True,43,42,128.8918779735197,37.759537356247826,5584,7984,26,6,1.291507,3.596623
2025,42002090,300-2,강릉-동진버스,True,4200249,용강동서부시장,BIS inventory,True,True,44,43,128.89167287030088,37.75492247590215,7207,20232,25,2,1.666886,9.114088
2025,42002090,300-2,강릉-동진버스,True,4200252,신영극장,BIS inventory,True,True,45,44,128.8961287589657,37.75448236011555,31888,81055,1,1,7.375284,36.513564
2025,42002090,300-2,강릉-동진버스,True,4200258,용지각,BIS inventory,True,True,47,46,128.90534669055177,37.76147384168322,1166,4798,45,12,0.269681,2.161398
2025,42002090,300-2,강릉-동진버스,True,4200260,동남아파트,BIS inventory,True,True,48,47,128.9088062489658,37.764638779656714,1541,8835,38,3,0.356413,3.979981
2025,42002090,300-2,강릉-동진버스,True,4200305,주문진시외버스터미널,BIS inventory,True,True,14,13,128.82509871282576,37.88458386690221,23024,4150,4,13,5.325155,1.869487
2025,42002090,300-2,강릉-동진버스,True,4200310,삼천리아파트,BIS inventory,True,True,20,19,128.8379309322555,37.8689470039461,18881,8346,6,4,4.366932,3.759697
2025,42002090,300-2,강릉-동진버스,True,4200312,구라미휴게소,BIS inventory,True,True,23,22,128.84078612253998,37.84523742281921,694,168,47,46,0.160513,0.07568
2025,42002090,300-2,강릉-동진버스,True,4200317,강릉아산병원.강릉약국,BIS inventory,True,True,30,29,128.856152685967,37.816231407654854,25965,3800,3,14,6.00537,1.71182
2025,42002090,300-2,강릉-동진버스,True,4200473,향호리,BIS inventory,True,True,1,0,128.81023394642006,37.915207861254615,8874,103,18,48,2.052442,0.046399
2025,42002090,300-2,강릉-동진버스,True,4200519,방학골,BIS inventory,True,True,4,3,128.82351587730795,37.90381462090833,1317,26,43,51,0.304605,0.011712
2025,42002090,300-2,강릉-동진버스,True,4200619,국립수산물품질관리원,BIS inventory,True,True,11,10,128.82606517101954,37.891507384213114,7909,1338,20,26,1.82925,0.602741
2025,42002090,300-2,강릉-동진버스,True,4201206,입암2.3주공,BIS inventory,True,True,49,48,128.9164847952377,37.764981798289845,82,8110,50,5,0.018966,3.653384
2025,42002090,300-2,강릉-동진버스,True,4201207,현대자동차서비스,BIS inventory,True,True,50,49,128.9189460603978,37.76507644083287,11,1128,51,31,0.002544,0.50814
2025,42002090,300-2,강릉-동진버스,True,4201226,영진입구,BIS inventory,True,True,19,18,128.83626865951734,37.87047570517143,3151,2381,34,23,0.728786,1.07259
2025,42002090,300-2,강릉-동진버스,True,4201227,연곡면사무소,BIS inventory,True,True,21,20,128.83749819485607,37.86001175022627,16729,7167,9,7,3.869202,3.228582
2025,42002090,300-2,강릉-동진버스,True,4201232,원마트,BIS inventory,True,True,13,12,128.8255161831108,37.88764901879385,18620,3088,7,19,4.306566,1.391079
2025,42002090,300-2,강릉-동진버스,True,~,,unavailable,False,False,,0,,,1,0,,,0.000231,0.0
2025,42002091,302-2,강릉-동진버스,True,4200004,숲사랑홍보관,BIS inventory,True,True,29,28,128.85126457297872,37.81878304910103,53,74,56,49,0.047628,0.13936
2025,42002091,302-2,강릉-동진버스,True,4200069,방골마을입구,BIS inventory,True,True,32,31,128.85540756146614,37.81366779247799,472,49,43,51,0.424159,0.092279
2025,42002091,302-2,강릉-동진버스,True,4200094,강릉여고,BIS inventory,True,True,54,53,128.90248424479844,37.75904463050879,1133,1444,29,7,1.018162,2.719397
2025,42002091,302-2,강릉-동진버스,True,4200115,고용센터,BIS inventory,True,True,51,50,128.8890663454416,37.75714942132559,1462,997,23,11,1.313815,1.877589
2025,42002091,302-2,강릉-동진버스,True,4200117,적십자입구,BIS inventory,True,True,50,49,128.88647213220725,37.75676623567213,1103,380,30,28,0.991202,0.715631
2025,42002091,302-2,강릉-동진버스,True,4200119,터미널오거리,BIS inventory,True,True,49,48,128.88381140539954,37.755579088211434,1688,355,21,31,1.516908,0.66855
2025,42002091,302-2,강릉-동진버스,True,4200121,강릉시외.고속터미널,BIS inventory,True,True,48,47,128.87911620808939,37.75486594086855,7777,4428,3,2,6.98874,8.338983
2025,42002091,302-2,강릉-동진버스,True,4200124,우편집중국,BIS inventory,True,True,47,46,128.87347187490323,37.76156496879712,3554,1177,7,10,3.193774,2.216573
2025,42002091,302-2,강릉-동진버스,True,4200126,솔올공연장,BIS inventory,True,True,46,45,128.87424793205705,37.763507530751156,3205,679,9,18,2.880148,1.278719
2025,42002091,302-2,강릉-동진버스,True,4200128,구름다리,BIS inventory,True,True,45,44,128.87743298775584,37.764682397677966,6911,1999,4,4,6.210516,3.764595
2025,42002091,302-2,강릉-동진버스,True,4200130,현대2차아파트,BIS inventory,True,True,44,43,128.87999435131803,37.764311243841746,3493,1513,8,6,3.138957,2.849341
2025,42002091,302-2,강릉-동진버스,True,4200132,율곡초등학교,BIS inventory,True,True,43,42,128.88221538693716,37.765100900268116,728,224,38,37,0.654211,0.421846
2025,42002091,302-2,강릉-동진버스,True,4200135,부영2차아파트,BIS inventory,True,True,41,40,128.8825125758686,37.77002923948558,1306,831,25,14,1.173627,1.564972
2025,42002091,302-2,강릉-동진버스,True,4200136,방축거리,BIS inventory,True,True,40,39,128.88380882582484,37.773889373429355,42,142,58,45,0.037743,0.26742
2025,42002091,302-2,강릉-동진버스,True,4200138,즈므.과학단지,BIS inventory,True,True,34,33,128.8604076986006,37.79746479759031,545,22,42,57,0.48976,0.041431
2025,42002091,302-2,강릉-동진버스,True,4200181,주문진해변,BIS inventory,True,True,2,1,128.81692175696733,37.90940788063508,591,34,41,53,0.531098,0.06403
2025,42002091,302-2,강릉-동진버스,True,4200184,소돌,BIS inventory,True,True,3,2,128.82175443074843,37.905415537268986,1389,175,24,40,1.248214,0.329567
2025,42002091,302-2,강릉-동진버스,True,4200186,보성연립,BIS inventory,True,True,5,4,128.82551362915504,37.901974724913615,147,1,51,66,0.1321,0.001883
2025,42002091,302-2,강릉-동진버스,True,4200187,양양고개,BIS inventory,True,True,6,5,128.82805578782853,37.90002854060149,1021,17,31,60,0.917514,0.032015
2025,42002091,302-2,강릉-동진버스,True,4200189,주문2리,BIS inventory,True,True,7,6,128.83046007450088,37.897540604441176,742,27,37,54,0.666792,0.050847
2025,42002091,302-2,강릉-동진버스,True,4200190,수협사거리,BIS inventory,True,True,8,7,128.83119347169236,37.89590191816579,1284,87,27,48,1.153857,0.163842
2025,42002091,302-2,강릉-동진버스,True,4200191,공단,BIS inventory,True,True,66,64 | 65,128.92224127533925,37.765245144772656,3,201,64,38,0.002696,0.378531
2025,42002091,302-2,강릉-동진버스,True,4200193,북부지구대,BIS inventory,True,True,9,8,128.82860680406648,37.894535177399845,1231,176,28,39,1.106228,0.33145
2025,42002091,302-2,강릉-동진버스,True,4200194,주문진항입구,BIS inventory,True,True,10,9,128.82670250148865,37.8926318795772,2487,333,17,33,2.234923,0.627119
2025,42002091,302-2,강릉-동진버스,True,4200197,작은다리,BIS inventory,True,True,12,11,128.82583778093624,37.88994679111109,4313,313,6,34,3.875844,0.589454
2025,42002091,302-2,강릉-동진버스,True,4200201,양조장,BIS inventory,True,True,15,14,128.8258300942643,37.881274388703744,2894,433,10,24,2.60067,0.815443
2025,42002091,302-2,강릉-동진버스,True,4200204,주문진중학교,BIS inventory,True,True,16,15,128.82690197641236,37.87887483229283,2509,392,16,26,2.254693,0.73823
2025,42002091,302-2,강릉-동진버스,True,4200205,강원도립대,BIS inventory,True,True,17,16,128.82840415011668,37.87652579934979,2717,386,14,27,2.441611,0.72693
2025,42002091,302-2,강릉-동진버스,True,4200207,북부노인종합복지관,BIS inventory,True,True,18,17,128.83062989490628,37.8743072338123,1937,530,19,21,1.74067,0.998117
2025,42002091,302-2,강릉-동진버스,True,4200213,연곡해변입구,BIS inventory,True,True,22,21,128.84130813848452,37.85462580337619,127,23,52,56,0.114128,0.043315
2025,42002091,302-2,강릉-동진버스,True,4200216,구라미,BIS inventory,True,True,24,23,128.84187680750063,37.84088026429458,100,10,54,63,0.089864,0.018832
2025,42002091,302-2,강릉-동진버스,True,4200219,청솔공원,BIS inventory,True,True,25,24,128.84744835859598,37.832296445829655,174,21,48,58,0.156364,0.039548
2025,42002091,302-2,강릉-동진버스,True,4200220,모래내행복센터,BIS inventory,True,True,26,25,128.84888855200666,37.82654759560158,1012,92,32,47,0.909426,0.173258
2025,42002091,302-2,강릉-동진버스,True,4200223,사천면사무소,BIS inventory,True,True,27,26,128.84914337332015,37.8229406699122,1288,164,26,42,1.157451,0.308851
2025,42002091,302-2,강릉-동진버스,True,4200224,북부노인대학,BIS inventory,True,True,28,27,128.85070066292354,37.820164105652225,103,11,53,62,0.09256,0.020716
2025,42002091,302-2,강릉-동진버스,True,4200228,학고개,BIS inventory,True,True,33,32,128.8599242703853,37.80596957371411,58,10,55,63,0.052121,0.018832
2025,42002091,302-2,강릉-동진버스,True,4200230,한밭입구,BIS inventory,True,True,35,34,128.86424835021418,37.79176559208253,641,26,39,55,0.57603,0.048964
2025,42002091,302-2,강릉-동진버스,True,4200232,행정마을,BIS inventory,True,True,36,35,128.8694510816438,37.7889272082235,1574,41,22,52,1.414463,0.077213
2025,42002091,302-2,강릉-동진버스,True,4200234,법원.검찰청,BIS inventory,True,True,37,36,128.87342400102995,37.78526073982707,882,144,36,43,0.792602,0.271186
2025,42002091,302-2,강릉-동진버스,True,4200236,선교장입구,BIS inventory,True,True,38,37,128.87978791945434,37.782182641690056,614,143,40,44,0.551766,0.269303
2025,42002091,302-2,강릉-동진버스,True,4200238,오죽헌,BIS inventory,True,True,39,38,128.8827262588498,37.779841129260745,970,380,33,28,0.871683,0.715631
2025,42002091,302-2,강릉-동진버스,True,4200249,용강동서부시장,BIS inventory,True,True,52,51,128.89167287030088,37.75492247590215,2870,4185,11,3,2.579103,7.881356
2025,42002091,302-2,강릉-동진버스,True,4200252,신영극장,BIS inventory,True,True,53,52,128.8961287589657,37.75448236011555,15145,17718,1,1,13.609935,33.367232
2025,42002091,302-2,강릉-동진버스,True,4200292,주공1차아파트,BIS inventory,True,True,42,41,128.88256780330317,37.766843575404636,2661,371,15,30,2.391287,0.698682
2025,42002091,302-2,강릉-동진버스,True,4200305,주문진시외버스터미널,BIS inventory,True,True,14,13,128.82509871282576,37.88458386690221,2753,428,13,25,2.473962,0.806026
2025,42002091,302-2,강릉-동진버스,True,4200310,삼천리아파트,BIS inventory,True,True,20,19,128.8379309322555,37.8689470039461,2757,923,12,12,2.477556,1.73823
2025,42002091,302-2,강릉-동진버스,True,4200312,구라미휴게소,BIS inventory,True,True,23,22,128.84078612253998,37.84523742281921,51,20,57,59,0.045831,0.037665
2025,42002091,302-2,강릉-동진버스,True,4200317,강릉아산병원.강릉약국,BIS inventory,True,True,31,30,128.856152685967,37.816231407654854,5019,97,5,46,4.510285,0.182674
2025,42002091,302-2,강릉-동진버스,True,4200473,향호리,BIS inventory,True,True,1,0,128.81023394642006,37.915207861254615,938,9,34,65,0.842926,0.016949
2025,42002091,302-2,강릉-동진버스,True,4200519,방학골,BIS inventory,True,True,4,3,128.82351587730795,37.90381462090833,152,13,50,61,0.136594,0.024482
2025,42002091,302-2,강릉-동진버스,True,4200619,국립수산물품질관리원,BIS inventory,True,True,11,10,128.82606517101954,37.891507384213114,887,175,35,40,0.797096,0.329567
2025,42002091,302-2,강릉-동진버스,True,4200763,입암현대아파트,BIS inventory,True,True,57,56,128.91229270015563,37.753112836072376,418,1745,45,5,0.375632,3.286252
2025,42002091,302-2,강릉-동진버스,True,4200764,대목아파트,BIS inventory,True,True,56,55,128.91036775859212,37.7552461618319,161,1285,49,8,0.144681,2.419962
2025,42002091,302-2,강릉-동진버스,True,4201046,성덕동주민센터,BIS inventory,True,True,63,61 | 62,128.91533375948597,37.76294836172143,7,626,63,20,0.00629,1.178908
2025,42002091,302-2,강릉-동진버스,True,4201048,입암4주공아파트,BIS inventory,True,True,62,60 | 61,128.9166989706064,37.761858842951916,13,474,61,23,0.011682,0.892655
2025,42002091,302-2,강릉-동진버스,True,4201050,원마트,BIS inventory,True,True,61,59 | 60,128.9185145864492,37.76040631401962,13,811,61,16,0.011682,1.527307
2025,42002091,302-2,강릉-동진버스,True,4201052,입암6주공오거리,BIS inventory,True,True,60,58 | 59,128.91746262041485,37.758678282328006,15,1262,60,9,0.01348,2.376648
2025,42002091,302-2,강릉-동진버스,True,4201054,금호어울림,BIS inventory,True,True,59,57 | 58,128.91590296498018,37.75518531900659,26,521,59,22,0.023365,0.981168
2025,42002091,302-2,강릉-동진버스,True,4201203,강릉여고정문,BIS inventory,True,True,55,54,128.90560348975578,37.75872376948264,369,635,46,19,0.331599,1.195857
2025,42002091,302-2,강릉-동진버스,True,4201206,입암2.3주공,BIS inventory,True,True,64,62 | 63,128.9164847952377,37.764981798289845,2,705,65,17,0.001797,1.327684
2025,42002091,302-2,강릉-동진버스,True,4201207,현대자동차서비스,BIS inventory,True,True,65,63 | 64,128.9189460603978,37.76507644083287,0,69,,50,0.0,0.129944
2025,42002091,302-2,강릉-동진버스,True,4201226,영진입구,BIS inventory,True,True,19,18,128.83626865951734,37.87047570517143,455,264,44,36,0.408882,0.497175
2025,42002091,302-2,강릉-동진버스,True,4201227,연곡면사무소,BIS inventory,True,True,21,20,128.83749819485607,37.86001175022627,1886,815,20,15,1.694839,1.53484
2025,42002091,302-2,강릉-동진버스,True,4201232,원마트,BIS inventory,True,True,13,12,128.8255161831108,37.88764901879385,2084,351,18,32,1.87277,0.661017
2025,42002091,302-2,강릉-동진버스,True,4201237,강릉아산병원(강릉방면),BIS inventory,True,True,30,29,128.8575951802683,37.81786664293397,8126,847,2,13,7.302366,1.595104
2025,42002091,302-2,강릉-동진버스,True,4202167,남부노인종합복지관,BIS inventory,True,True,58,57,128.91383118471262,37.752564379737024,189,267,47,35,0.169843,0.502825
2025,42002091,302-2,강릉-동진버스,True,~,,unavailable,False,False,,0,,,2,0,,,0.001797,0.0
2025,42002092,314,강릉-동진버스,True,4200002,소돌해변입구,BIS inventory,True,True,54,53,128.81905535960837,37.90780434670355,0,63,,45,0.0,0.256358
2025,42002092,314,강릉-동진버스,True,4200114,고용센터,BIS inventory,True,True,13,12,128.88893105798073,37.75744085258255,426,186,26,35,0.901797,0.756867
2025,42002092,314,강릉-동진버스,True,4200116,적십자입구,BIS inventory,True,True,14,13,128.88726321660565,37.757196360936135,278,274,32,28,0.588497,1.114954
2025,42002092,314,강릉-동진버스,True,4200118,터미널오거리,BIS inventory,True,True,15,14,128.8840640923818,37.75608209292866,382,308,29,24,0.808654,1.253306
2025,42002092,314,강릉-동진버스,True,4200120,강릉시외.고속터미널,BIS inventory,True,True,16,15,128.8792265208128,37.75505492071011,4744,2175,2,2,10.04255,8.850458
2025,42002092,314,강릉-동진버스,True,4200182,주문진해변,BIS inventory,True,True,55,54,128.81704671925502,37.90944057885068,3,358,55,20,0.006351,1.456765
2025,42002092,314,강릉-동진버스,True,4200185,소돌,BIS inventory,True,True,53,52,128.8213252547112,37.90592204016269,8,277,49,27,0.016935,1.127162
2025,42002092,314,강릉-동진버스,True,4200188,양양고개,BIS inventory,True,True,50,49,128.82822436017406,37.899998054568016,11,319,48,22,0.023286,1.298067
2025,42002092,314,강릉-동진버스,True,4200192,북부지구대,BIS inventory,True,True,47,46,128.829270567591,37.89460960314925,102,478,38,14,0.215923,1.945066
2025,42002092,314,강릉-동진버스,True,4200195,주문진항입구,BIS inventory,True,True,46,45,128.82690557497094,37.892668432750234,328,898,30,7,0.694342,3.65412
2025,42002092,314,강릉-동진버스,True,4200196,작은다리,BIS inventory,True,True,45,44,128.8261349428677,37.89101262248175,581,1757,21,3,1.229916,7.149542
2025,42002092,314,강릉-동진버스,True,4200198,원마트,BIS inventory,True,True,44,43,128.82575730347685,37.88826959645488,516,1122,23,5,1.092318,4.565615
2025,42002092,314,강릉-동진버스,True,4200200,주문진시외버스터미널,BIS inventory,True,True,43,42,128.8253113527999,37.88508198031381,533,984,22,6,1.128305,4.004069
2025,42002092,314,강릉-동진버스,True,4200202,주문진식자재마트,BIS inventory,True,True,42,41,128.82596782269363,37.881485546216574,709,301,17,25,1.500879,1.224822
2025,42002092,314,강릉-동진버스,True,4200206,강원도립대,BIS inventory,True,True,40,39,128.8283096996467,37.87693859362977,629,462,18,15,1.331527,1.879959
2025,42002092,314,강릉-동진버스,True,4200208,북부노인종합복지관,BIS inventory,True,True,39,38,128.83042321750824,37.874681277863154,1310,412,9,17,2.773132,1.676501
2025,42002092,314,강릉-동진버스,True,4200209,영진입구,BIS inventory,True,True,38,37,128.83637261045655,37.87054167536418,415,176,27,37,0.878511,0.716175
2025,42002092,314,강릉-동진버스,True,4200211,삼천리아파트,BIS inventory,True,True,37,36,128.8383288212433,37.86906384505761,1772,680,7,12,3.751138,2.76704
2025,42002092,314,강릉-동진버스,True,4200212,연곡면사무소,BIS inventory,True,True,36,35,128.83761397394952,37.85995465828368,1007,786,13,10,2.131713,3.198372
2025,42002092,314,강릉-동진버스,True,4200214,연곡해변입구,BIS inventory,True,True,35,34,128.84162112920617,37.854539181009365,45,194,42,34,0.09526,0.78942
2025,42002092,314,강릉-동진버스,True,4200215,구라미휴게소,BIS inventory,True,True,34,33,128.8412803433516,37.845869087009575,32,43,46,50,0.067741,0.174975
2025,42002092,314,강릉-동진버스,True,4200217,구라미,BIS inventory,True,True,33,32,128.8421871924033,37.84071328241807,41,18,44,54,0.086793,0.073245
2025,42002092,314,강릉-동진버스,True,4200221,모래내행복센터,BIS inventory,True,True,30,29,128.84881781800846,37.82675602435266,229,138,34,39,0.484769,0.561546
2025,42002092,314,강릉-동진버스,True,4200222,사천면사무소,BIS inventory,True,True,29,28,128.84928192865996,37.82385848393331,199,385,35,19,0.421262,1.566633
2025,42002092,314,강릉-동진버스,True,4200225,북부노인대학,BIS inventory,True,True,28,27,128.85083641112433,37.82016343083045,23,92,47,42,0.048689,0.374364
2025,42002092,314,강릉-동진버스,True,4200226,방골마을입구,BIS inventory,True,True,26,25,128.8558844116181,37.81329996910386,63,83,40,43,0.133364,0.337742
2025,42002092,314,강릉-동진버스,True,4200227,학고개,BIS inventory,True,True,25,24,128.86104076560957,37.80452897124611,80,35,39,52,0.169352,0.142421
2025,42002092,314,강릉-동진버스,True,4200229,즈므.과학단지,BIS inventory,True,True,24,23,128.86079294239343,37.79710821329875,45,59,42,46,0.09526,0.240081
2025,42002092,314,강릉-동진버스,True,4200231,한밭입구,BIS inventory,True,True,23,22,128.86496052027113,37.791610745411326,7,45,51,49,0.014818,0.183113
2025,42002092,314,강릉-동진버스,True,4200233,행정마을,BIS inventory,True,True,22,21,128.8703519994515,37.78859256038236,58,244,41,31,0.12278,0.992879
2025,42002092,314,강릉-동진버스,True,4200235,법원.검찰청,BIS inventory,True,True,21,20,128.8739503928752,37.785042447818554,254,242,33,32,0.537691,0.984741
2025,42002092,314,강릉-동진버스,True,4200250,용강동서부시장,BIS inventory,True,True,12,11,128.89174828581776,37.7556582744871,1600,358,8,20,3.387032,1.456765
2025,42002092,314,강릉-동진버스,True,4200251,한국은행,BIS inventory,True,True,11,10,128.89406630781096,37.753485602290496,3173,753,5,11,6.716908,3.06409
2025,42002092,314,강릉-동진버스,True,4200253,교보생명,BIS inventory,True,True,10,9,128.89811415297848,37.756002485379526,9005,3459,1,1,19.062639,14.07528
2025,42002092,314,강릉-동진버스,True,4200257,옥천119안전센터,BIS inventory,True,True,6,5,128.90305174420297,37.761041080134646,506,121,24,40,1.071149,0.49237
2025,42002092,314,강릉-동진버스,True,4200259,용지각,BIS inventory,True,True,5,4,128.90537716328666,37.76184119439877,1075,49,11,48,2.275662,0.19939
2025,42002092,314,강릉-동진버스,True,4200261,북강릉IC,BIS inventory,True,True,32,31,128.84425534198513,37.83689529134246,4,15,53,55,0.008468,0.061038
2025,42002092,314,강릉-동진버스,True,4200262,로얄아파트.포남1동주민센터,BIS inventory,True,True,3,2,128.90933288179943,37.76545703763149,1172,212,10,33,2.481001,0.862665
2025,42002092,314,강릉-동진버스,True,4200291,강릉소방서,BIS inventory,True,True,17,16,128.87109869210374,37.758191496775595,1074,851,12,8,2.273545,3.462869
2025,42002092,314,강릉-동진버스,True,4200298,보성연립,BIS inventory,True,True,51,50,128.82558444232305,37.90204313561504,4,83,53,43,0.008468,0.337742
2025,42002092,314,강릉-동진버스,True,4200299,주문2리,BIS inventory,True,True,49,48,128.83067123183636,37.89750003400375,135,185,36,36,0.285781,0.752798
2025,42002092,314,강릉-동진버스,True,4200300,수협사거리,BIS inventory,True,True,48,47,128.8314095884837,37.895774457125356,104,295,37,26,0.220157,1.200407
2025,42002092,314,강릉-동진버스,True,4200308,주문진중.고등학교.강릉정보고,BIS inventory,True,True,41,40,128.82672327638434,37.87982425913257,599,319,20,22,1.26802,1.298067
2025,42002092,314,강릉-동진버스,True,4200314,청솔공원,BIS inventory,True,True,31,30,128.84780404863866,37.83218520189828,37,32,45,53,0.078325,0.130214
2025,42002092,314,강릉-동진버스,True,4200315,구터미널,BIS inventory,True,True,8,7,128.8988430353628,37.76163002626936,413,111,28,41,0.874278,0.451679
2025,42002092,314,강릉-동진버스,True,4200318,포남시장,BIS inventory,True,True,4,3,128.90766061502285,37.76392281820552,873,50,15,47,1.848049,0.203459
2025,42002092,314,강릉-동진버스,True,4200365,삼성디지털센터,BIS inventory,True,True,9,8,128.8966989039856,37.75811194350719,281,258,31,29,0.594847,1.049847
2025,42002092,314,강릉-동진버스,True,4200401,강릉복합복지체육센터,BIS inventory,True,True,19,18,128.87017698555522,37.76290354322161,433,585,25,13,0.916616,2.380468
2025,42002092,314,강릉-동진버스,True,4200418,강릉아산병원.강릉약국,BIS inventory,True,True,27,26,128.8564121349402,37.81631278949057,834,1145,16,4,1.76549,4.659207
2025,42002092,314,강릉-동진버스,True,4200473,향호리,BIS inventory,True,True,56,55,128.81023394642006,37.915207861254615,5,425,52,16,0.010584,1.7294
2025,42002092,314,강릉-동진버스,True,4200521,방학골,BIS inventory,True,True,52,51,128.82291244813646,37.90463362511824,8,146,49,38,0.016935,0.5941
2025,42002092,314,강릉-동진버스,True,4200721,강릉역,BIS inventory,True,True,7,6,128.8992580056024,37.76416330670135,3359,255,4,30,7.11065,1.03764
2025,42002092,314,강릉-동진버스,True,4201041,강원대학교입구,BIS inventory,True,True,20,19,128.87514521071003,37.77009542292022,2106,813,6,9,4.458181,3.30824
2025,42002092,314,강릉-동진버스,True,4201205,입암2.3주공,BIS inventory,True,True,2,1,128.9161850255649,37.765072488547595,4067,40,3,51,8.609412,0.162767
2025,42002092,314,강릉-동진버스,True,4201209,공단,BIS inventory,True,True,1,0,128.92205416940635,37.765196014305694,925,13,14,56,1.958128,0.052899
2025,42002092,314,강릉-동진버스,True,4201249,선수촌8단지,BIS inventory,True,True,18,17,128.87029355520082,37.76060110592661,617,408,19,18,1.306124,1.660224
2025,42002094,314-2,강릉-동진버스,True,4200004,숲사랑홍보관,BIS inventory,True,True,29,28,128.85126457297872,37.81878304910103,50,37,47,38,0.11676,0.161643
2025,42002094,314-2,강릉-동진버스,True,4200069,방골마을입구,BIS inventory,True,True,31,30,128.85540756146614,37.81366779247799,603,24,25,42,1.408122,0.104849
2025,42002094,314-2,강릉-동진버스,True,4200094,강릉여고,BIS inventory,True,True,47,46,128.90248424479844,37.75904463050879,225,541,38,9,0.525419,2.363478
2025,42002094,314-2,강릉-동진버스,True,4200115,고용센터,BIS inventory,True,True,44,43,128.8890663454416,37.75714942132559,414,420,31,12,0.96677,1.834862
2025,42002094,314-2,강릉-동진버스,True,4200117,적십자입구,BIS inventory,True,True,43,42,128.88647213220725,37.75676623567213,448,131,29,30,1.046167,0.572302
2025,42002094,314-2,강릉-동진버스,True,4200119,터미널오거리,BIS inventory,True,True,42,41,128.88381140539954,37.755579088211434,835,141,19,29,1.949887,0.61599
2025,42002094,314-2,강릉-동진버스,True,4200121,강릉시외.고속터미널,BIS inventory,True,True,41,40,128.87911620808939,37.75486594086855,4383,1916,1,3,10.235154,8.370467
2025,42002094,314-2,강릉-동진버스,True,4200138,즈므.과학단지,BIS inventory,True,True,33,32,128.8604076986006,37.79746479759031,799,13,20,45,1.86582,0.056793
2025,42002094,314-2,강릉-동진버스,True,4200181,주문진해변,BIS inventory,True,True,2,1,128.81692175696733,37.90940788063508,282,29,35,41,0.658525,0.126693
2025,42002094,314-2,강릉-동진버스,True,4200184,소돌,BIS inventory,True,True,3,2,128.82175443074843,37.905415537268986,973,4,15,52,2.272143,0.017475
2025,42002094,314-2,강릉-동진버스,True,4200186,보성연립,BIS inventory,True,True,5,4,128.82551362915504,37.901974724913615,85,2,41,54,0.198491,0.008737
2025,42002094,314-2,강릉-동진버스,True,4200187,양양고개,BIS inventory,True,True,6,5,128.82805578782853,37.90002854060149,512,36,27,39,1.195619,0.157274
2025,42002094,314-2,강릉-동진버스,True,4200189,주문2리,BIS inventory,True,True,7,6,128.83046007450088,37.897540604441176,269,12,36,47,0.628167,0.052425
2025,42002094,314-2,강릉-동진버스,True,4200190,수협사거리,BIS inventory,True,True,8,7,128.83119347169236,37.89590191816579,848,80,18,35,1.980244,0.349498
2025,42002094,314-2,강릉-동진버스,True,4200191,공단,BIS inventory,True,True,55,54,128.92224127533925,37.765245144772656,7,85,53,34,0.016346,0.371341
2025,42002094,314-2,강릉-동진버스,True,4200193,북부지구대,BIS inventory,True,True,9,8,128.82860680406648,37.894535177399845,687,131,22,30,1.604278,0.572302
2025,42002094,314-2,강릉-동진버스,True,4200194,주문진항입구,BIS inventory,True,True,10,9,128.82670250148865,37.8926318795772,1448,229,10,17,3.38136,1.000437
2025,42002094,314-2,강릉-동진버스,True,4200197,작은다리,BIS inventory,True,True,12,11,128.82583778093624,37.88994679111109,2297,198,5,23,5.36394,0.865007
2025,42002094,314-2,강릉-동진버스,True,4200201,양조장,BIS inventory,True,True,15,14,128.8258300942643,37.881274388703744,799,222,20,19,1.86582,0.969856
2025,42002094,314-2,강릉-동진버스,True,4200204,주문진중학교,BIS inventory,True,True,16,15,128.82690197641236,37.87887483229283,850,215,17,20,1.984915,0.939275
2025,42002094,314-2,강릉-동진버스,True,4200205,강원도립대,BIS inventory,True,True,17,16,128.82840415011668,37.87652579934979,1442,211,11,21,3.367349,0.9218
2025,42002094,314-2,강릉-동진버스,True,4200207,북부노인종합복지관,BIS inventory,True,True,18,17,128.83062989490628,37.8743072338123,1030,399,14,14,2.40525,1.743119
2025,42002094,314-2,강릉-동진버스,True,4200213,연곡해변입구,BIS inventory,True,True,22,21,128.84130813848452,37.85462580337619,63,13,45,45,0.147117,0.056793
2025,42002094,314-2,강릉-동진버스,True,4200216,구라미,BIS inventory,True,True,24,23,128.84187680750063,37.84088026429458,40,9,49,49,0.093408,0.039318
2025,42002094,314-2,강릉-동진버스,True,4200219,청솔공원,BIS inventory,True,True,25,24,128.84744835859598,37.832296445829655,70,30,43,40,0.163464,0.131062
2025,42002094,314-2,강릉-동진버스,True,4200220,모래내행복센터,BIS inventory,True,True,26,25,128.84888855200666,37.82654759560158,324,159,32,26,0.756603,0.694626
2025,42002094,314-2,강릉-동진버스,True,4200223,사천면사무소,BIS inventory,True,True,27,26,128.84914337332015,37.8229406699122,304,100,33,33,0.709899,0.436872
2025,42002094,314-2,강릉-동진버스,True,4200224,북부노인대학,BIS inventory,True,True,28,27,128.85070066292354,37.820164105652225,33,9,50,49,0.077061,0.039318
2025,42002094,314-2,강릉-동진버스,True,4200228,학고개,BIS inventory,True,True,32,31,128.8599242703853,37.80596957371411,103,3,39,53,0.240525,0.013106
2025,42002094,314-2,강릉-동진버스,True,4200230,한밭입구,BIS inventory,True,True,34,33,128.86424835021418,37.79176559208253,64,24,44,42,0.149452,0.104849
2025,42002094,314-2,강릉-동진버스,True,4200232,행정마을,BIS inventory,True,True,35,34,128.8694510816438,37.7889272082235,685,49,23,37,1.599608,0.214067
2025,42002094,314-2,강릉-동진버스,True,4200234,법원.검찰청,BIS inventory,True,True,36,35,128.87342400102995,37.78526073982707,418,223,30,18,0.976111,0.974225
2025,42002094,314-2,강릉-동진버스,True,4200249,용강동서부시장,BIS inventory,True,True,45,44,128.89167287030088,37.75492247590215,607,1676,24,4,1.417463,7.321975
2025,42002094,314-2,강릉-동진버스,True,4200252,신영극장,BIS inventory,True,True,46,45,128.8961287589657,37.75448236011555,3191,6610,2,1,7.451603,28.877239
2025,42002094,314-2,강릉-동진버스,True,4200256,옥천119안전센터,BIS inventory,True,True,50,49,128.9022376115818,37.76136928474395,11,21,52,44,0.025687,0.091743
2025,42002094,314-2,강릉-동진버스,True,4200257,옥천119안전센터,BIS inventory,True,True,48,47,128.90305174420297,37.761041080134646,18,548,51,8,0.042033,2.394059
2025,42002094,314-2,강릉-동진버스,True,4200258,용지각,BIS inventory,True,True,51,50,128.90534669055177,37.76147384168322,58,194,46,24,0.135441,0.847532
2025,42002094,314-2,강릉-동진버스,True,4200260,동남아파트,BIS inventory,True,True,52,51,128.9088062489658,37.764638779656714,86,536,40,10,0.200827,2.341634
2025,42002094,314-2,강릉-동진버스,True,4200293,강릉역건너편,BIS inventory,True,True,49,48,128.8990669694857,37.76400772021464,228,2822,37,2,0.532424,12.328528
2025,42002094,314-2,강릉-동진버스,True,4200305,주문진시외버스터미널,BIS inventory,True,True,14,13,128.82509871282576,37.88458386690221,1798,293,6,16,4.198678,1.280035
2025,42002094,314-2,강릉-동진버스,True,4200310,삼천리아파트,BIS inventory,True,True,20,19,128.8379309322555,37.8689470039461,1361,492,13,11,3.178199,2.14941
2025,42002094,314-2,강릉-동진버스,True,4200312,구라미휴게소,BIS inventory,True,True,23,22,128.84078612253998,37.84523742281921,44,10,48,48,0.102749,0.043687
2025,42002094,314-2,강릉-동진버스,True,4200317,강릉아산병원.강릉약국,BIS inventory,True,True,30,29,128.856152685967,37.816231407654854,2523,334,4,15,5.891694,1.459152
2025,42002094,314-2,강릉-동진버스,True,4200400,강릉복합복지체육센터,BIS inventory,True,True,38,37,128.87000704257403,37.762859214055275,501,201,28,22,1.169932,0.878113
2025,42002094,314-2,강릉-동진버스,True,4200473,향호리,BIS inventory,True,True,1,0,128.81023394642006,37.915207861254615,1656,6,7,51,3.867081,0.026212
2025,42002094,314-2,강릉-동진버스,True,4200519,방학골,BIS inventory,True,True,4,3,128.82351587730795,37.90381462090833,82,1,42,55,0.191486,0.004369
2025,42002094,314-2,강릉-동진버스,True,4200548,강릉소방서,BIS inventory,True,True,40,39,128.87119323619314,37.7580009949989,2870,800,3,6,6.702006,3.494976
2025,42002094,314-2,강릉-동진버스,True,4200619,국립수산물품질관리원,BIS inventory,True,True,11,10,128.82606517101954,37.891507384213114,585,120,26,32,1.366088,0.524246
2025,42002094,314-2,강릉-동진버스,True,4201042,강원대학교입구,BIS inventory,True,True,37,36,128.87494102107277,37.7696221436885,932,929,16,5,2.176401,4.058541
2025,42002094,314-2,강릉-동진버스,True,4201206,입암2.3주공,BIS inventory,True,True,53,52,128.9164847952377,37.764981798289845,1,640,54,7,0.002335,2.795981
2025,42002094,314-2,강릉-동진버스,True,4201207,현대자동차서비스,BIS inventory,True,True,54,53,128.9189460603978,37.76507644083287,0,70,,36,0.0,0.30581
2025,42002094,314-2,강릉-동진버스,True,4201226,영진입구,BIS inventory,True,True,19,18,128.83626865951734,37.87047570517143,300,154,34,27,0.700558,0.672783
2025,42002094,314-2,강릉-동진버스,True,4201227,연곡면사무소,BIS inventory,True,True,21,20,128.83749819485607,37.86001175022627,1522,404,9,13,3.554165,1.764963
2025,42002094,314-2,강릉-동진버스,True,4201232,원마트,BIS inventory,True,True,13,12,128.8255161831108,37.88764901879385,1421,189,12,25,3.31831,0.825688
2025,42002094,314-2,강릉-동진버스,True,4201250,선수촌8단지,BIS inventory,True,True,39,38,128.87011109214671,37.76078977894948,1638,145,8,28,3.825047,0.633464
2025,42002096,202-2,강릉-동진버스,True,4200006,강릉아이스아레나,BIS inventory,True,True,33,0 | 32,128.89519306784848,37.78029319605429,11,310,34,8,0.047617,3.669942
2025,42002096,202-2,강릉-동진버스,True,4200042,롯데캐슬아파트,BIS inventory,True,True,12,11,128.89120929799194,37.766948306391974,394,15,15,29,1.705554,0.177578
2025,42002096,202-2,강릉-동진버스,True,4200070,경포현대아파트,BIS inventory,True,True,2,0 | 1,128.90338270723402,37.80169652808461,1108,3,5,34,4.796329,0.035516
2025,42002096,202-2,강릉-동진버스,True,4200072,경포대.참소리박물관,BIS inventory,True,True,3,0 | 2,128.89706080745114,37.7955214111198,241,1,18,38,1.043245,0.011839
2025,42002096,202-2,강릉-동진버스,True,4200074,해운정,BIS inventory,True,True,5,4,128.8896478172347,37.78577024652339,11,0,34,,0.047617,0.0
2025,42002096,202-2,강릉-동진버스,True,4200075,선교장,BIS inventory,True,True,6,5,128.8853532167783,37.785455385598155,37,2,27,36,0.160166,0.023677
2025,42002096,202-2,강릉-동진버스,True,4200077,경포동주민센터,BIS inventory,True,True,7,6,128.88052383810168,37.78412865726848,106,34,21,24,0.458855,0.40251
2025,42002096,202-2,강릉-동진버스,True,4200094,강릉여고,BIS inventory,True,True,25,0 | 24,128.90248424479844,37.75904463050879,754,81,7,17,3.263928,0.95892
2025,42002096,202-2,강릉-동진버스,True,4200098,허난설헌삼거리,BIS inventory,True,True,37,0 | 36,128.9131333359753,37.79177727582709,176,605,19,5,0.761872,7.162306
2025,42002096,202-2,강릉-동진버스,True,4200114,고용센터,BIS inventory,True,True,15,14,128.88893105798073,37.75744085258255,14,67,33,20,0.060603,0.793181
2025,42002096,202-2,강릉-동진버스,True,4200115,고용센터,BIS inventory,True,True,22,0 | 21,128.8890663454416,37.75714942132559,427,52,14,22,1.848405,0.615603
2025,42002096,202-2,강릉-동진버스,True,4200116,적십자입구,BIS inventory,True,True,16,15,128.88726321660565,37.757196360936135,39,16,26,28,0.168824,0.189416
2025,42002096,202-2,강릉-동진버스,True,4200117,적십자입구,BIS inventory,True,True,21,0 | 20,128.88647213220725,37.75676623567213,478,10,13,31,2.069174,0.118385
2025,42002096,202-2,강릉-동진버스,True,4200118,터미널오거리,BIS inventory,True,True,17,16,128.8840640923818,37.75608209292866,35,164,29,13,0.151509,1.941518
2025,42002096,202-2,강릉-동진버스,True,4200119,터미널오거리,BIS inventory,True,True,20,0 | 19,128.88381140539954,37.755579088211434,738,8,8,33,3.194667,0.094708
2025,42002096,202-2,강릉-동진버스,True,4200121,강릉시외.고속터미널,BIS inventory,True,True,19,0 | 18,128.87911620808939,37.75486594086855,1334,174,4,12,5.774642,2.059903
2025,42002096,202-2,강릉-동진버스,True,4200236,선교장입구,BIS inventory,True,True,8,7,128.87978791945434,37.782182641690056,30,23,30,25,0.129865,0.272286
2025,42002096,202-2,강릉-동진버스,True,4200238,오죽헌,BIS inventory,True,True,9,8,128.8827262588498,37.779841129260745,64,10,25,31,0.277044,0.118385
2025,42002096,202-2,강릉-동진버스,True,4200240,젤마을,BIS inventory,True,True,10,9,128.887733025105,37.775438249928285,75,2,24,36,0.324661,0.023677
2025,42002096,202-2,강릉-동진버스,True,4200242,율곡중학교,BIS inventory,True,True,11,0 | 10,128.89021344037266,37.771874448370795,342,17,17,27,1.480455,0.201255
2025,42002096,202-2,강릉-동진버스,True,4200245,이명사거리,BIS inventory,True,True,13,0 | 12,128.89157918705828,37.764565078717,123,83,20,16,0.532444,0.982597
2025,42002096,202-2,강릉-동진버스,True,4200247,강릉제일고,BIS inventory,True,True,14,0 | 13,128.8918779735197,37.759537356247826,729,21,9,26,3.155708,0.248609
2025,42002096,202-2,강릉-동진버스,True,4200249,용강동서부시장,BIS inventory,True,True,23,0 | 22,128.89167287030088,37.75492247590215,2029,351,3,7,8.78317,4.155321
2025,42002096,202-2,강릉-동진버스,True,4200252,신영극장,BIS inventory,True,True,24,0 | 23,128.8961287589657,37.75448236011555,6240,1039,1,2,27.011818,12.300225
2025,42002096,202-2,강릉-동진버스,True,4200257,옥천119안전센터,BIS inventory,True,True,26,0 | 25,128.90305174420297,37.761041080134646,841,78,6,18,3.640535,0.923405
2025,42002096,202-2,강릉-동진버스,True,4200430,강릉국민체육센터,BIS inventory,True,True,32,0 | 31,128.89711747432256,37.77640154864734,4,295,37,9,0.017315,3.492364
2025,42002096,202-2,강릉-동진버스,True,4200433,종합경기장,BIS inventory,True,True,31,0 | 30,128.89677683645317,37.77125900731557,346,204,16,11,1.497771,2.415059
2025,42002096,202-2,강릉-동진버스,True,4200547,e-편한세상아파트,BIS inventory,True,True,30,29,128.895218937497,37.769600465674785,685,35,10,23,2.96524,0.414348
2025,42002096,202-2,강릉-동진버스,True,4200569,교2동주민센터,BIS inventory,True,True,29,0 | 28,128.8921038226677,37.76840335678918,639,76,11,19,2.766114,0.899728
2025,42002096,202-2,강릉-동진버스,True,4200721,강릉역,BIS inventory,True,True,27,0 | 26,128.8992580056024,37.76416330670135,4258,443,2,6,18.432103,5.244465
2025,42002096,202-2,강릉-동진버스,True,4200750,강릉시청앞,BIS inventory,True,True,18,17,128.88013307678156,37.753651204654936,4,85,37,15,0.017315,1.006274
2025,42002096,202-2,강릉-동진버스,True,4201240,순두부마을,BIS inventory,True,True,4,0 | 3,128.89327386744634,37.786738816066666,29,3,31,34,0.125536,0.035516
2025,42002096,202-2,강릉-동진버스,True,4201242,경포해변,BIS inventory,True,True,1,0 | 39,128.9052529004403,37.80440358093674,517,2062,12,1,2.237998,24.411034
2025,42002096,202-2,강릉-동진버스,True,4201254,모안이서낭당,BIS inventory,True,True,34,0 | 33,128.90286872766467,37.783490145093076,36,61,28,21,0.155837,0.72215
2025,42002096,202-2,강릉-동진버스,True,4201256,강릉녹색도시체험센터,BIS inventory,True,True,35,0 | 34,128.90742209068117,37.786856581754364,1,96,39,14,0.004329,1.136498
2025,42002096,202-2,강릉-동진버스,True,4201259,허균.허난설헌기념공원,BIS inventory,True,True,36,0 | 35,128.90952498226952,37.789422425132265,8,257,36,10,0.034631,3.0425
2025,42002096,202-2,강릉-동진버스,True,4201261,강문해변입구,BIS inventory,True,True,38,0 | 37,128.9152492720649,37.794762154181576,84,985,23,3,0.363621,11.660945
2025,42002096,202-2,강릉-동진버스,True,4201267,경포호,BIS inventory,True,True,39,0 | 38,128.91154424859525,37.79966287216199,17,666,32,4,0.07359,7.884456
2025,42002096,202-2,강릉-동진버스,True,4201375,가작다리입구,BIS inventory,True,True,28,0 | 27,128.8943546413669,37.766101443660936,97,13,22,30,0.419895,0.153901
2025,42002103,,,False,4200253,교보생명,BIS inventory,True,False,,3,128.89811415297848,37.756002485379526,0,3,,1,0.0,60.0
2025,42002103,,,False,4200293,강릉역건너편,BIS inventory,True,False,,23,128.8990669694857,37.76400772021464,8,2,1,2,100.0,40.0
2025,42002104,234,강릉-동진버스,True,4200045,형제막국수,BIS inventory,True,True,10,9,128.86624288991882,37.755124519467394,9,0,17,,0.155172,0.0
2025,42002104,234,강릉-동진버스,True,4200082,강일여고정문,BIS inventory,True,True,3,2,128.8875516595327,37.76393626119314,31,0,15,,0.534483,0.0
2025,42002104,234,강릉-동진버스,True,4200094,강릉여고,BIS inventory,True,True,19,18,128.90248424479844,37.75904463050879,3,89,18,8,0.051724,5.510836
2025,42002104,234,강릉-동진버스,True,4200115,고용센터,BIS inventory,True,True,16,0 | 15,128.8890663454416,37.75714942132559,84,20,13,12,1.448276,1.23839
2025,42002104,234,강릉-동진버스,True,4200117,적십자입구,BIS inventory,True,True,15,14,128.88647213220725,37.75676623567213,231,103,8,5,3.982759,6.377709
2025,42002104,234,강릉-동진버스,True,4200119,터미널오거리,BIS inventory,True,True,14,13,128.88381140539954,37.755579088211434,134,40,9,11,2.310345,2.47678
2025,42002104,234,강릉-동진버스,True,4200121,강릉시외.고속터미널,BIS inventory,True,True,13,12,128.87911620808939,37.75486594086855,421,92,6,7,7.258621,5.696594
2025,42002104,234,강릉-동진버스,True,4200128,구름다리,BIS inventory,True,True,5,0 | 4,128.87743298775584,37.764682397677966,31,258,15,2,0.534483,15.975232
2025,42002104,234,강릉-동진버스,True,4200130,현대2차아파트,BIS inventory,True,True,4,3,128.87999435131803,37.764311243841746,68,6,14,13,1.172414,0.371517
2025,42002104,234,강릉-동진버스,True,4200249,용강동서부시장,BIS inventory,True,True,17,16,128.89167287030088,37.75492247590215,102,98,12,6,1.758621,6.068111
2025,42002104,234,강릉-동진버스,True,4200252,신영극장,BIS inventory,True,True,18,0 | 17,128.8961287589657,37.75448236011555,103,526,11,1,1.775862,32.569659
2025,42002104,234,강릉-동진버스,True,4200257,옥천119안전센터,BIS inventory,True,True,20,19,128.90305174420297,37.761041080134646,1,69,19,9,0.017241,4.272446
2025,42002104,234,강릉-동진버스,True,4200400,강릉복합복지체육센터,BIS inventory,True,True,6,0 | 5,128.87000704257403,37.762859214055275,130,129,10,3,2.241379,7.987616
2025,42002104,234,강릉-동진버스,True,4200543,미디어촌5단지,BIS inventory,True,True,9,0 | 8,128.86758571434657,37.753701754139904,960,1,2,15,16.551724,0.06192
2025,42002104,234,강릉-동진버스,True,4200548,강릉소방서,BIS inventory,True,True,12,11,128.87119323619314,37.7580009949989,327,5,7,14,5.637931,0.309598
2025,42002104,234,강릉-동진버스,True,4200565,우미린아파트,BIS inventory,True,True,8,0 | 7,128.87023572987053,37.75716460769394,698,53,4,10,12.034483,3.281734
2025,42002104,234,강릉-동진버스,True,4200567,한내들아파트,BIS inventory,True,True,11,0 | 10,128.8681446784216,37.75790349269205,716,1,3,15,12.344828,0.06192
2025,42002104,234,강릉-동진버스,True,4200721,강릉역,BIS inventory,True,True,1 | 21,0 | 20,128.8992580056024,37.76416330670135,567,124,5,4,9.775862,7.678019
2025,42002104,234,강릉-동진버스,True,4201250,선수촌8단지,BIS inventory,True,True,7,0 | 6,128.87011109214671,37.76078977894948,1184,1,1,15,20.413793,0.06192
2025,42002107,921,강릉-동진버스,True,4200032,퇴곡2리,BIS inventory,True,True,49,43 | 46,128.71714904545294,37.84816614353958,35,1,32,54,0.243801,0.01022
2025,42002107,921,강릉-동진버스,True,4200172,현덕사입구,BIS inventory,True,True,25,21 | 22,128.7097155940442,37.84705089816417,2,66,53,13,0.013931,0.674502
2025,42002107,921,강릉-동진버스,True,4200173,퇴곡2리,BIS inventory,True,True,24,21,128.71633081209328,37.84807753595964,0,6,,41,0.0,0.061318
2025,42002107,921,강릉-동진버스,True,4200174,퇴곡,BIS inventory,True,True,20,17 | 18,128.75226108332112,37.851299039517386,4,33,50,24,0.027863,0.337251
2025,42002107,921,강릉-동진버스,True,4200175,퇴곡,BIS inventory,True,True,52,46 | 49,128.75248295369062,37.85110547320165,76,1,25,54,0.529395,0.01022
2025,42002107,921,강릉-동진버스,True,4200176,행정2리신촌마을,BIS inventory,True,True,56,50 | 53,128.77862819412928,37.85045242944766,41,2,31,49,0.285595,0.020439
2025,42002107,921,강릉-동진버스,True,4200177,행정2리신촌마을,BIS inventory,True,True,16,13 | 14,128.7785874984292,37.85062890818297,3,14,52,31,0.020897,0.143076
2025,42002107,921,강릉-동진버스,True,4200178,신왕초등학교.소금강산체험학습장,BIS inventory,True,True,14,11 | 12,128.7874843369829,37.85236789721056,190,33,14,24,1.323488,0.337251
2025,42002107,921,강릉-동진버스,True,4200179,산림조합,BIS inventory,True,True,65,59 | 62,128.81641190280698,37.85471554225067,113,24,20,27,0.787127,0.245273
2025,42002107,921,강릉-동진버스,True,4200295,산림조합,BIS inventory,True,True,7,4 | 5,128.81634583702206,37.85478178935546,16,50,37,16,0.111452,0.510986
2025,42002107,921,강릉-동진버스,True,4200324,삼산1리마을회관,BIS inventory,True,True,27,24,128.7032068078098,37.84670520300259,12,92,40,10,0.083589,0.940215
2025,42002107,921,강릉-동진버스,True,4200325,삼산1리마을회관,BIS inventory,True,True,46,43,128.7039248000704,37.84665394357494,13,63,39,14,0.090554,0.643843
2025,42002107,921,강릉-동진버스,True,4200326,현덕사입구,BIS inventory,True,True,48,42 | 45,128.71038523685135,37.84696339414248,80,1,24,54,0.557258,0.01022
2025,42002107,921,강릉-동진버스,True,4200327,소금강산돌박물관,BIS inventory,True,True,50,44 | 47,128.72545746023172,37.848484193808346,1095,5,2,43,7.627473,0.051099
2025,42002107,921,강릉-동진버스,True,4200328,삼산분소,BIS inventory,True,True,22,19 | 20,128.72806310762525,37.8484167632985,5,191,49,5,0.034829,1.951967
2025,42002107,921,강릉-동진버스,True,4200329,퇴곡1리경로당,BIS inventory,True,True,51,45 | 48,128.74128473074444,37.849334595953835,902,17,3,28,6.283087,0.173735
2025,42002107,921,강릉-동진버스,True,4200330,퇴곡1리경로당,BIS inventory,True,True,21,18 | 19,128.7415928535256,37.84950756791581,11,148,41,7,0.076623,1.512519
2025,42002107,921,강릉-동진버스,True,4200331,유등.백운사입구,BIS inventory,True,True,53,47 | 50,128.75900654206438,37.850462767351864,288,11,11,34,2.00613,0.112417
2025,42002107,921,강릉-동진버스,True,4200332,유등.백운사입구,BIS inventory,True,True,19,16 | 17,128.75795827699417,37.850487600912274,33,183,33,6,0.229869,1.87021
2025,42002107,921,강릉-동진버스,True,4200333,행정2리,BIS inventory,True,True,54,48 | 51,128.7667909122159,37.85086547031576,61,0,29,,0.424909,0.0
2025,42002107,921,강릉-동진버스,True,4200334,행정2리,BIS inventory,True,True,18,15 | 16,128.76721113927047,37.850915515839276,0,5,,43,0.0,0.051099
2025,42002107,921,강릉-동진버스,True,4200335,버들교,BIS inventory,True,True,17,14 | 15,128.77324803807656,37.850410055201316,2,14,53,31,0.013931,0.143076
2025,42002107,921,강릉-동진버스,True,4200336,버들교,BIS inventory,True,True,55,49 | 52,128.77473855753414,37.850247080571705,66,0,27,,0.459738,0.0
2025,42002107,921,강릉-동진버스,True,4200337,소금강산체험학습장,BIS inventory,True,True,58,52 | 55,128.78576790854493,37.85169587352382,353,2,8,49,2.458902,0.020439
2025,42002107,921,강릉-동진버스,True,4200338,행정2리마을회관,BIS inventory,True,True,15,12 | 13,128.783920231759,37.85143615617747,6,35,46,23,0.041794,0.35769
2025,42002107,921,강릉-동진버스,True,4200339,신왕초등학교,BIS inventory,True,True,59,53 | 56,128.78962228209244,37.85282870829282,180,8,17,37,1.253831,0.081758
2025,42002107,921,강릉-동진버스,True,4200340,행정,BIS inventory,True,True,60,54 | 57,128.79244492389662,37.85304272496013,322,1,9,54,2.242965,0.01022
2025,42002107,921,강릉-동진버스,True,4200341,행정,BIS inventory,True,True,12,10 | 9,128.7939888659289,37.852922738954625,103,53,21,15,0.71747,0.541645
2025,42002107,921,강릉-동진버스,True,4200342,동양시멘트입구,BIS inventory,True,True,61,55 | 58,128.80418115038393,37.85051141718022,2,6,53,41,0.013931,0.061318
2025,42002107,921,강릉-동진버스,True,4200343,동양시멘트입구,BIS inventory,True,True,11,8 | 9,128.80439889049126,37.850687991240484,18,75,36,11,0.125383,0.766479
2025,42002107,921,강릉-동진버스,True,4200344,송림2리경로당,BIS inventory,True,True,62,56 | 59,128.807966000434,37.85197372236723,311,15,10,30,2.166342,0.153296
2025,42002107,921,강릉-동진버스,True,4200345,송림2리경로당,BIS inventory,True,True,10,7 | 8,128.80789598964623,37.85203614474543,6,9,46,36,0.041794,0.091978
2025,42002107,921,강릉-동진버스,True,4200346,송림2리,BIS inventory,True,True,9,6 | 7,128.8099436136846,37.853407423711076,7,5,45,43,0.04876,0.051099
2025,42002107,921,강릉-동진버스,True,4200347,송림2리,BIS inventory,True,True,63,57 | 60,128.81062888375345,37.853558399575036,182,4,16,46,1.267763,0.040879
2025,42002107,921,강릉-동진버스,True,4200348,연곡취수장입구,BIS inventory,True,True,64,58 | 61,128.81321638321742,37.85436534997662,215,2,13,49,1.497632,0.020439
2025,42002107,921,강릉-동진버스,True,4200349,연곡취수장입구,BIS inventory,True,True,8,5 | 6,128.8134029222452,37.854479588535305,1,25,57,26,0.006966,0.255493
2025,42002107,921,강릉-동진버스,True,4200350,송림,BIS inventory,True,True,66,60 | 63,128.8201619228096,37.85539548451919,190,3,14,47,1.323488,0.030659
2025,42002107,921,강릉-동진버스,True,4200351,송림,BIS inventory,True,True,6,3 | 4,128.82064394298325,37.85559369331711,15,115,38,9,0.104486,1.175268
2025,42002107,921,강릉-동진버스,True,4200352,연곡초교,BIS inventory,True,True,68,61 | 65,128.82816906723454,37.856817110094816,68,121,26,8,0.47367,1.236587
2025,42002107,921,강릉-동진버스,True,4200353,연곡초교,BIS inventory,True,True,4,2,128.82814655157526,37.8569020930201,11,42,41,21,0.076623,0.429228
2025,42002107,921,강릉-동진버스,True,4200354,연곡면사무소,BIS inventory,True,True,1 | 70,62 | 66,128.83726140830402,37.85982528703765,6193,6633,1,1,43.138757,67.78743
2025,42002107,921,강릉-동진버스,True,4200355,연곡면사무소,BIS inventory,True,True,2,1,128.8369030857598,37.8592954872826,118,2,19,49,0.821956,0.020439
2025,42002107,921,강릉-동진버스,True,4200399,송천종점,BIS inventory,True,True,37,32 | 34,128.63433752494774,37.82213931034025,434,50,6,16,3.023126,0.510986
2025,42002107,921,강릉-동진버스,True,4200404,송천,BIS inventory,True,True,38,33 | 35,128.64305128748416,37.832454612861596,30,0,34,,0.208972,0.0
2025,42002107,921,강릉-동진버스,True,4200405,송천,BIS inventory,True,True,36,31 | 33,128.64294987987037,37.832536995608294,4,701,50,2,0.027863,7.164027
2025,42002107,921,강릉-동진버스,True,4200406,오대산휴게소,BIS inventory,True,True,39,34 | 36,128.648222920777,37.83491560552007,64,0,28,,0.445807,0.0
2025,42002107,921,강릉-동진버스,True,4200407,오대산휴게소,BIS inventory,True,True,35,30 | 32,128.64806989287274,37.83498136245625,2,16,53,29,0.013931,0.163516
2025,42002107,921,강릉-동진버스,True,4200408,삼산4리,BIS inventory,True,True,40,37,128.65358585892187,37.836375046564235,1,0,57,,0.006966,0.0
2025,42002107,921,강릉-동진버스,True,4200410,부연동입구,BIS inventory,True,True,41,36 | 38,128.6565982881532,37.84023340079426,49,0,30,,0.341321,0.0
2025,42002107,921,강릉-동진버스,True,4200411,부연동입구,BIS inventory,True,True,33,28 | 30,128.65649150006797,37.84037999546802,0,49,,18,0.0,0.500766
2025,42002107,921,강릉-동진버스,True,4200412,진고개휴게소,BIS inventory,True,True,42,37 | 39,128.65865259925027,37.84288643809636,812,7,4,39,5.656172,0.071538
2025,42002107,921,강릉-동진버스,True,4200413,진고개휴게소,BIS inventory,True,True,32,27 | 29,128.6587993033944,37.842974758114,0,8,,37,0.0,0.081758
2025,42002107,921,강릉-동진버스,True,4200417,궁궁소,BIS inventory,True,True,31,26 | 28,128.67164304000795,37.843611675479615,0,46,,20,0.0,0.470107
2025,42002107,921,강릉-동진버스,True,4200422,성원사입구,BIS inventory,True,True,43,38 | 40,128.6867712693139,37.847205451671535,568,0,5,,3.956534,0.0
2025,42002107,921,강릉-동진버스,True,4200423,성원사입구,BIS inventory,True,True,30,25 | 27,128.68646040632865,37.84726485901322,6,298,46,3,0.041794,3.045478
2025,42002107,921,강릉-동진버스,True,4200426,삼산보건진료소,BIS inventory,True,True,45,40 | 42,128.69992094735875,37.846599335592536,406,14,7,31,2.828086,0.143076
2025,42002107,921,강릉-동진버스,True,4200427,삼산보건진료소,BIS inventory,True,True,28,23 | 25,128.6999017867484,37.84667116560819,85,71,23,12,0.592087,0.7256
2025,42002107,921,강릉-동진버스,True,4200428,소금강산삼거리,BIS inventory,True,True,47,41 | 44,128.70675214581883,37.84674771999477,267,7,12,39,1.85985,0.071538
2025,42002107,921,강릉-동진버스,True,4200429,소금강산삼거리,BIS inventory,True,True,26,22 | 23,128.70652525366145,37.84687236867498,10,297,43,4,0.069657,3.035258
2025,42002107,921,강릉-동진버스,True,4200510,송림길,BIS inventory,True,True,67,64,128.8252555621319,37.855656749226185,26,2,35,49,0.181109,0.020439
2025,42002107,921,강릉-동진버스,True,4200511,송림길,BIS inventory,True,True,5,3,128.8248292251072,37.8557650289636,1,11,57,34,0.006966,0.112417
2025,42002107,921,강릉-동진버스,True,4200514,삼산,BIS inventory,True,True,44,39 | 41,128.69251552941094,37.84710607104921,102,3,22,47,0.710504,0.030659
2025,42002107,921,강릉-동진버스,True,4200516,삼산,BIS inventory,True,True,29,24 | 26,128.6925944995912,37.847189566163216,0,48,,19,0.0,0.490547
2025,42002107,921,강릉-동진버스,True,4200526,새이골,BIS inventory,True,True,13,10 | 11,128.79025907473746,37.85322227035808,9,41,44,22,0.062692,0.419009
2025,42002107,921,강릉-동진버스,True,4201384,행정2리마을회관,BIS inventory,True,True,57,51 | 54,128.7837597224069,37.85121868121593,131,0,18,,0.91251,0.0
2025,42002109,922,강릉-동진버스,True,4200032,퇴곡2리,BIS inventory,True,True,36,32 | 33,128.71714904545294,37.84816614353958,90,1,23,47,0.545322,0.010029
2025,42002109,922,강릉-동진버스,True,4200166,소금강산,BIS inventory,True,True,31,27 | 28,128.7124812586759,37.82175517040325,238,6,14,31,1.442075,0.060175
2025,42002109,922,강릉-동진버스,True,4200167,소금강산,BIS inventory,True,True,29,25 | 26,128.71230365715414,37.82166854276753,40,118,28,8,0.242365,1.183432
2025,42002109,922,강릉-동진버스,True,4200168,소금강산분교,BIS inventory,True,True,32,28 | 29,128.710000116687,37.83125700946602,378,4,7,35,2.290354,0.040116
2025,42002109,922,강릉-동진버스,True,4200169,소금강산분교,BIS inventory,True,True,28,24 | 25,128.70996109009303,37.83105237281379,4,104,44,10,0.024237,1.043025
2025,42002109,922,강릉-동진버스,True,4200170,삼산1리,BIS inventory,True,True,33,29 | 30,128.70464319375566,37.845506729172776,142,4,18,35,0.860397,0.040116
2025,42002109,922,강릉-동진버스,True,4200171,삼산1리,BIS inventory,True,True,27,23 | 24,128.7047914618132,37.84575283130434,14,90,35,13,0.084828,0.902618
2025,42002109,922,강릉-동진버스,True,4200172,현덕사입구,BIS inventory,True,True,25,21 | 22,128.7097155940442,37.84705089816417,1,62,50,18,0.006059,0.621803
2025,42002109,922,강릉-동진버스,True,4200173,퇴곡2리,BIS inventory,True,True,24,20 | 21,128.71633081209328,37.84807753595964,1,3,50,42,0.006059,0.030087
2025,42002109,922,강릉-동진버스,True,4200174,퇴곡,BIS inventory,True,True,20,17 | 18,128.75226108332112,37.851299039517386,3,85,45,14,0.018177,0.852472
2025,42002109,922,강릉-동진버스,True,4200175,퇴곡,BIS inventory,True,True,39,35 | 36,128.75248295369062,37.85110547320165,35,1,29,47,0.21207,0.010029
2025,42002109,922,강릉-동진버스,True,4200176,행정2리신촌마을,BIS inventory,True,True,43,39 | 40,128.77862819412928,37.85045242944766,73,1,24,47,0.442317,0.010029
2025,42002109,922,강릉-동진버스,True,4200177,행정2리신촌마을,BIS inventory,True,True,16,13 | 14,128.7785874984292,37.85062890818297,3,22,45,23,0.018177,0.22064
2025,42002109,922,강릉-동진버스,True,4200178,신왕초등학교.소금강산체험학습장,BIS inventory,True,True,14,11 | 12,128.7874843369829,37.85236789721056,2,81,48,15,0.012118,0.812356
2025,42002109,922,강릉-동진버스,True,4200179,산림조합,BIS inventory,True,True,52,48 | 49,128.81641190280698,37.85471554225067,123,8,20,28,0.745274,0.080233
2025,42002109,922,강릉-동진버스,True,4200295,산림조합,BIS inventory,True,True,7,4 | 5,128.81634583702206,37.85478178935546,3,97,45,11,0.018177,0.972821
2025,42002109,922,강릉-동진버스,True,4200326,현덕사입구,BIS inventory,True,True,35,31 | 32,128.71038523685135,37.84696339414248,200,1,15,47,1.211827,0.010029
2025,42002109,922,강릉-동진버스,True,4200327,소금강산돌박물관,BIS inventory,True,True,37,33 | 34,128.72545746023172,37.848484193808346,1283,5,2,33,7.773873,0.050145
2025,42002109,922,강릉-동진버스,True,4200328,삼산분소,BIS inventory,True,True,22,19 | 20,128.72806310762525,37.8484167632985,20,516,33,3,0.121183,5.175008
2025,42002109,922,강릉-동진버스,True,4200329,퇴곡1리경로당,BIS inventory,True,True,38,34 | 35,128.74128473074444,37.849334595953835,527,4,4,35,3.193165,0.040116
2025,42002109,922,강릉-동진버스,True,4200330,퇴곡1리경로당,BIS inventory,True,True,21,18 | 19,128.7415928535256,37.84950756791581,6,309,40,4,0.036355,3.098987
2025,42002109,922,강릉-동진버스,True,4200331,유등.백운사입구,BIS inventory,True,True,40,36 | 37,128.75900654206438,37.850462767351864,356,6,8,31,2.157053,0.060175
2025,42002109,922,강릉-동진버스,True,4200332,유등.백운사입구,BIS inventory,True,True,19,16 | 17,128.75795827699417,37.850487600912274,5,47,43,20,0.030296,0.471367
2025,42002109,922,강릉-동진버스,True,4200333,행정2리,BIS inventory,True,True,41,37 | 38,128.7667909122159,37.85086547031576,48,0,27,,0.290839,0.0
2025,42002109,922,강릉-동진버스,True,4200334,행정2리,BIS inventory,True,True,18,15 | 16,128.76721113927047,37.850915515839276,1,7,50,29,0.006059,0.070204
2025,42002109,922,강릉-동진버스,True,4200335,버들교,BIS inventory,True,True,17,14 | 15,128.77324803807656,37.850410055201316,6,12,40,27,0.036355,0.120349
2025,42002109,922,강릉-동진버스,True,4200336,버들교,BIS inventory,True,True,42,38 | 39,128.77473855753414,37.850247080571705,110,4,22,35,0.666505,0.040116
2025,42002109,922,강릉-동진버스,True,4200337,소금강산체험학습장,BIS inventory,True,True,45,41 | 42,128.78576790854493,37.85169587352382,311,4,10,35,1.884392,0.040116
2025,42002109,922,강릉-동진버스,True,4200338,행정2리마을회관,BIS inventory,True,True,15,12 | 13,128.783920231759,37.85143615617747,10,135,37,6,0.060591,1.353926
2025,42002109,922,강릉-동진버스,True,4200339,신왕초등학교,BIS inventory,True,True,46,42 | 43,128.78962228209244,37.85282870829282,114,4,21,35,0.690742,0.040116
2025,42002109,922,강릉-동진버스,True,4200340,행정,BIS inventory,True,True,47,43 | 44,128.79244492389662,37.85304272496013,325,2,9,44,1.96922,0.020058
2025,42002109,922,강릉-동진버스,True,4200341,행정,BIS inventory,True,True,12,10 | 9,128.7939888659289,37.852922738954625,7,95,39,12,0.042414,0.952763
2025,42002109,922,강릉-동진버스,True,4200342,동양시멘트입구,BIS inventory,True,True,48,44 | 45,128.80418115038393,37.85051141718022,2,2,48,44,0.012118,0.020058
2025,42002109,922,강릉-동진버스,True,4200343,동양시멘트입구,BIS inventory,True,True,11,8 | 9,128.80439889049126,37.850687991240484,22,127,31,7,0.133301,1.273694
2025,42002109,922,강릉-동진버스,True,4200344,송림2리경로당,BIS inventory,True,True,49,45 | 46,128.807966000434,37.85197372236723,449,16,6,24,2.720553,0.160465
2025,42002109,922,강릉-동진버스,True,4200345,송림2리경로당,BIS inventory,True,True,10,7 | 8,128.80789598964623,37.85203614474543,1,40,50,22,0.006059,0.401163
2025,42002109,922,강릉-동진버스,True,4200346,송림2리,BIS inventory,True,True,9,6 | 7,128.8099436136846,37.853407423711076,8,14,38,25,0.048473,0.140407
2025,42002109,922,강릉-동진버스,True,4200347,송림2리,BIS inventory,True,True,50,46 | 47,128.81062888375345,37.853558399575036,252,4,12,35,1.526903,0.040116
2025,42002109,922,강릉-동진버스,True,4200348,연곡취수장입구,BIS inventory,True,True,51,47 | 48,128.81321638321742,37.85436534997662,166,5,16,33,1.005817,0.050145
2025,42002109,922,강릉-동진버스,True,4200349,연곡취수장입구,BIS inventory,True,True,8,5 | 6,128.8134029222452,37.854479588535305,13,41,36,21,0.078769,0.411192
2025,42002109,922,강릉-동진버스,True,4200350,송림,BIS inventory,True,True,53,49 | 50,128.8201619228096,37.85539548451919,143,2,17,44,0.866457,0.020058
2025,42002109,922,강릉-동진버스,True,4200351,송림,BIS inventory,True,True,6,3 | 4,128.82064394298325,37.85559369331711,26,58,30,19,0.157538,0.581687
2025,42002109,922,강릉-동진버스,True,4200352,연곡초교,BIS inventory,True,True,55,50 | 52,128.82816906723454,37.856817110094816,303,106,11,9,1.835919,1.063083
2025,42002109,922,강릉-동진버스,True,4200353,연곡초교,BIS inventory,True,True,4,2,128.82814655157526,37.8569020930201,21,67,32,17,0.127242,0.671949
2025,42002109,922,강릉-동진버스,True,4200354,연곡면사무소,BIS inventory,True,True,1 | 57,51 | 53,128.83726140830402,37.85982528703765,8788,6437,1,1,53.247698,64.557216
2025,42002109,922,강릉-동진버스,True,4200355,연곡면사무소,BIS inventory,True,True,2,1,128.8369030857598,37.8592954872826,128,1,19,47,0.77557,0.010029
2025,42002109,922,강릉-동진버스,True,4200419,소금강산종점,BIS inventory,True,True,30,26 | 27,128.70783064886766,37.81649025417566,838,941,3,2,5.077557,9.437368
2025,42002109,922,강릉-동진버스,True,4200428,소금강산삼거리,BIS inventory,True,True,34,30 | 31,128.70675214581883,37.84674771999477,470,13,5,26,2.847794,0.130378
2025,42002109,922,강릉-동진버스,True,4200429,소금강산삼거리,BIS inventory,True,True,26,22 | 23,128.70652525366145,37.84687236867498,16,176,34,5,0.096946,1.765119
2025,42002109,922,강릉-동진버스,True,4200510,송림길,BIS inventory,True,True,54,51,128.8252555621319,37.855656749226185,62,3,26,42,0.375667,0.030087
2025,42002109,922,강릉-동진버스,True,4200511,송림길,BIS inventory,True,True,5,3,128.8248292251072,37.8557650289636,6,7,40,29,0.036355,0.070204
2025,42002109,922,강릉-동진버스,True,4200526,새이골,BIS inventory,True,True,13,10 | 11,128.79025907473746,37.85322227035808,246,72,13,16,1.490548,0.722094
2025,42002109,922,강릉-동진버스,True,4201384,행정2리마을회관,BIS inventory,True,True,44,40 | 41,128.7837597224069,37.85121868121593,65,1,25,47,0.393844,0.010029
2025,42002110,923,강릉-동진버스,True,4200179,산림조합,BIS inventory,True,True,25,20 | 21 | 23,128.81641190280698,37.85471554225067,21,1,10,21,0.937919,0.078864
2025,42002110,923,강릉-동진버스,True,4200295,산림조합,BIS inventory,True,True,7,4 | 5,128.81634583702206,37.85478178935546,0,20,,7,0.0,1.577287
2025,42002110,923,강릉-동진버스,True,4200340,행정,BIS inventory,True,True,20,15 | 16 | 18,128.79244492389662,37.85304272496013,143,2,5,17,6.38678,0.157729
2025,42002110,923,강릉-동진버스,True,4200341,행정,BIS inventory,True,True,12,10 | 9,128.7939888659289,37.852922738954625,8,42,14,4,0.357302,3.312303
2025,42002110,923,강릉-동진버스,True,4200342,동양시멘트입구,BIS inventory,True,True,21,19,128.80418115038393,37.85051141718022,1,0,17,,0.044663,0.0
2025,42002110,923,강릉-동진버스,True,4200343,동양시멘트입구,BIS inventory,True,True,11,8 | 9,128.80439889049126,37.850687991240484,0,31,,5,0.0,2.444795
2025,42002110,923,강릉-동진버스,True,4200344,송림2리경로당,BIS inventory,True,True,22,17 | 18 | 20,128.807966000434,37.85197372236723,41,2,7,17,1.831175,0.157729
2025,42002110,923,강릉-동진버스,True,4200345,송림2리경로당,BIS inventory,True,True,10,7 | 8,128.80789598964623,37.85203614474543,1,7,17,13,0.044663,0.55205
2025,42002110,923,강릉-동진버스,True,4200346,송림2리,BIS inventory,True,True,9,6 | 7,128.8099436136846,37.853407423711076,0,4,,16,0.0,0.315457
2025,42002110,923,강릉-동진버스,True,4200347,송림2리,BIS inventory,True,True,23,18 | 19 | 21,128.81062888375345,37.853558399575036,50,0,6,,2.23314,0.0
2025,42002110,923,강릉-동진버스,True,4200348,연곡취수장입구,BIS inventory,True,True,24,19 | 20 | 22,128.81321638321742,37.85436534997662,24,2,9,17,1.071907,0.157729
2025,42002110,923,강릉-동진버스,True,4200349,연곡취수장입구,BIS inventory,True,True,8,6,128.8134029222452,37.854479588535305,0,5,,14,0.0,0.394322
2025,42002110,923,강릉-동진버스,True,4200350,송림,BIS inventory,True,True,26,21 | 22 | 24,128.8201619228096,37.85539548451919,15,0,12,,0.669942,0.0
2025,42002110,923,강릉-동진버스,True,4200351,송림,BIS inventory,True,True,6,3 | 4,128.82064394298325,37.85559369331711,0,11,,12,0.0,0.867508
2025,42002110,923,강릉-동진버스,True,4200352,연곡초교,BIS inventory,True,True,28,22 | 24 | 26,128.82816906723454,37.856817110094816,17,12,11,9,0.759268,0.946372
2025,42002110,923,강릉-동진버스,True,4200353,연곡초교,BIS inventory,True,True,4,2,128.82814655157526,37.8569020930201,1,12,17,9,0.044663,0.946372
2025,42002110,923,강릉-동진버스,True,4200354,연곡면사무소,BIS inventory,True,True,1 | 30,23 | 25 | 27,128.83726140830402,37.85982528703765,913,875,1,1,40.777133,69.006309
2025,42002110,923,강릉-동진버스,True,4200355,연곡면사무소,BIS inventory,True,True,2,1,128.8369030857598,37.8592954872826,41,2,7,17,1.831175,0.157729
2025,42002110,923,강릉-동진버스,True,4200392,신왕종점,BIS inventory,True,True,16,12 | 13 | 14,128.77479795503757,37.82848497778013,417,138,2,2,18.624386,10.883281
2025,42002110,923,강릉-동진버스,True,4200393,신왕리마을회관,BIS inventory,True,True,18,13 | 16,128.78881339413073,37.84406973819415,1,12,17,9,0.044663,0.946372
2025,42002110,923,강릉-동진버스,True,4200394,신왕리마을회관,BIS inventory,True,True,14,11 | 12,128.78872771686466,37.84404617250474,15,15,12,8,0.669942,1.182965
2025,42002110,923,강릉-동진버스,True,4200395,신왕리,BIS inventory,True,True,19,14 | 15 | 17,128.7909165521197,37.84823170892436,176,0,4,,7.860652,0.0
2025,42002110,923,강릉-동진버스,True,4200396,신왕리,BIS inventory,True,True,13,10 | 11,128.79081224615587,37.848255771655694,0,48,,3,0.0,3.785489
2025,42002110,923,강릉-동진버스,True,4200510,송림길,BIS inventory,True,True,27,25,128.8252555621319,37.855656749226185,5,0,15,,0.223314,0.0
2025,42002110,923,강릉-동진버스,True,4200511,송림길,BIS inventory,True,True,5,3,128.8248292251072,37.8557650289636,3,1,16,21,0.133988,0.078864
2025,42002110,923,강릉-동진버스,True,4202161,부귀터,BIS inventory,True,True,15,13,128.77935529659743,37.83384969713505,0,21,,6,0.0,1.656151
2025,42002110,923,강릉-동진버스,True,4202162,부귀터,BIS inventory,True,True,17,15,128.7794599312011,37.83385966124151,346,5,3,14,15.453327,0.394322
2025,42002112,911,강릉-동진버스,True,4200002,소돌해변입구,BIS inventory,True,True,12,11,128.81905535960837,37.90780434670355,2,4,23,22,0.05484,0.187178
2025,42002112,911,강릉-동진버스,True,4200027,주문10리,BIS inventory,True,True,19,18,128.81049106440693,37.89755886763472,21,25,16,11,0.575816,1.169864
2025,42002112,911,강릉-동진버스,True,4200180,향호리,BIS inventory,True,True,14,13,128.81000074924998,37.91526938265188,29,25,13,11,0.795174,1.169864
2025,42002112,911,강릉-동진버스,True,4200182,주문진해변,BIS inventory,True,True,13,12,128.81704671925502,37.90944057885068,6,7,20,20,0.164519,0.327562
2025,42002112,911,강릉-동진버스,True,4200184,소돌,BIS inventory,True,True,22,21,128.82175443074843,37.905415537268986,14,721,17,1,0.383877,33.738886
2025,42002112,911,강릉-동진버스,True,4200185,소돌,BIS inventory,True,True,11,10,128.8213252547112,37.90592204016269,136,12,9,17,3.729092,0.561535
2025,42002112,911,강릉-동진버스,True,4200188,양양고개,BIS inventory,True,True,8,7,128.82822436017406,37.899998054568016,13,9,18,18,0.356457,0.421151
2025,42002112,911,강릉-동진버스,True,4200192,북부지구대,BIS inventory,True,True,5,4,128.829270567591,37.89460960314925,65,9,11,18,1.782287,0.421151
2025,42002112,911,강릉-동진버스,True,4200195,주문진항입구,BIS inventory,True,True,4,3,128.82690557497094,37.892668432750234,290,15,5,15,7.951741,0.701919
2025,42002112,911,강릉-동진버스,True,4200196,작은다리,BIS inventory,True,True,3,2,128.8261349428677,37.89101262248175,635,15,1,15,17.411571,0.701919
2025,42002112,911,강릉-동진버스,True,4200198,원마트,BIS inventory,True,True,2,1,128.82575730347685,37.88826959645488,113,1,10,26,3.098437,0.046795
2025,42002112,911,강릉-동진버스,True,4200298,보성연립,BIS inventory,True,True,9,8,128.82558444232305,37.90204313561504,4,3,22,23,0.109679,0.140384
2025,42002112,911,강릉-동진버스,True,4200299,주문2리,BIS inventory,True,True,7,6,128.83067123183636,37.89750003400375,9,2,19,25,0.246778,0.093589
2025,42002112,911,강릉-동진버스,True,4200300,수협사거리,BIS inventory,True,True,6,5,128.8314095884837,37.895774457125356,32,5,12,21,0.877434,0.233973
2025,42002112,911,강릉-동진버스,True,4200448,주문진시외버스터미널,BIS inventory,True,True,1 | 27,26,128.8255388895829,37.884201127994984,186,52,8,8,5.100082,2.433318
2025,42002112,911,강릉-동진버스,True,4200466,향호회관,BIS inventory,True,True,18,17,128.8035439820285,37.89964778843476,558,178,3,5,15.300247,8.329434
2025,42002112,911,강릉-동진버스,True,4200467,향호저수지,BIS inventory,True,True,17,16,128.78868941134147,37.904053051022615,608,320,2,2,16.671237,14.974263
2025,42002112,911,강릉-동진버스,True,4200469,참샘,BIS inventory,True,True,16,15,128.79799114449304,37.90957457625894,288,47,6,9,7.896902,2.199345
2025,42002112,911,강릉-동진버스,True,4200470,향호삼거리,BIS inventory,True,True,15,14,128.8055443775983,37.91039955131909,27,34,15,10,0.740335,1.591015
2025,42002112,911,강릉-동진버스,True,4200521,방학골,BIS inventory,True,True,10,9,128.82291244813646,37.90463362511824,28,3,14,23,0.767754,0.140384
2025,42002112,911,강릉-동진버스,True,4200971,주문진읍사무소,BIS inventory,True,True,23,22,128.8246799183624,37.892745035212215,6,181,20,4,0.164519,8.469818
2025,42002112,911,강릉-동진버스,True,4201067,벽산블루밍아파트,BIS inventory,True,True,25,24,128.82413067836563,37.88870981452805,0,24,,13,0.0,1.12307
2025,42002112,911,강릉-동진버스,True,4201147,작은다리사거리,BIS inventory,True,True,24,23,128.82430578974427,37.890298608665205,1,192,24,3,0.02742,8.984558
2025,42002112,911,강릉-동진버스,True,4201200,파란바다지역아동센터,BIS inventory,True,True,26,25,128.82465599155947,37.88451042268901,1,82,24,7,0.02742,3.837155
2025,42002112,911,강릉-동진버스,True,4201377,주문10리종점,BIS inventory,True,True,20,19,128.80246523281295,37.89335520402651,227,18,7,14,6.224294,0.842302
2025,42002112,911,강릉-동진버스,True,4201378,주문10리,BIS inventory,True,True,21,20,128.81057617544894,37.89757955797342,348,153,4,6,9.542089,7.159569
2025,42002113,912,강릉-동진버스,True,4200022,상근내,BIS inventory,True,True,13,12,128.7796924207031,37.8773758413694,1335,23,5,14,8.916644,0.296277
2025,42002113,912,강릉-동진버스,True,4200099,상근내,BIS inventory,True,True,5,4,128.77960655925375,37.87745059496862,282,149,12,6,1.883516,1.919361
2025,42002113,912,강릉-동진버스,True,4200448,주문진시외버스터미널,BIS inventory,True,True,1 | 23,17,128.8255388895829,37.884201127994984,5348,5790,1,1,35.720011,74.584568
2025,42002113,912,강릉-동진버스,True,4200452,주문진문화교육센터,BIS inventory,True,True,17,16,128.82210321817664,37.88251990280632,128,74,13,9,0.854929,0.95324
2025,42002113,912,강릉-동진버스,True,4200453,주문진문화교육센터,BIS inventory,True,True,2,1,128.8216607096042,37.88251737897711,317,25,11,13,2.117286,0.32204
2025,42002113,912,강릉-동진버스,True,4200455,삼교리종점,BIS inventory,True,True,10,9,128.74996246309584,37.87971842334567,1858,26,2,12,12.409832,0.334922
2025,42002113,912,강릉-동진버스,True,4200456,삼교리종점,BIS inventory,True,True,8,7,128.7500022864006,37.879776675728266,72,85,14,8,0.480898,1.094938
2025,42002113,912,강릉-동진버스,True,4200457,장덕2리,BIS inventory,True,True,11,10,128.77149035836987,37.88343140927676,1538,7,3,16,10.272509,0.090171
2025,42002113,912,강릉-동진버스,True,4200458,장덕2리,BIS inventory,True,True,7,6,128.77147712645024,37.883516051343115,23,580,15,2,0.15362,7.471338
2025,42002113,912,강릉-동진버스,True,4200459,장덕2리마을회관,BIS inventory,True,True,12,11,128.7777930908638,37.879609504906774,970,63,6,10,6.47876,0.811542
2025,42002113,912,강릉-동진버스,True,4200460,장덕2리마을회관,BIS inventory,True,True,6,5,128.77790630744494,37.87964207357677,383,311,9,3,2.558108,4.006183
2025,42002113,912,강릉-동진버스,True,4200461,장덕1리,BIS inventory,True,True,14,13,128.7955229122852,37.878113650066226,1411,13,4,15,9.424259,0.167461
2025,42002113,912,강릉-동진버스,True,4200462,장덕1리,BIS inventory,True,True,4,3,128.79552757430156,37.87818242033292,6,297,16,4,0.040075,3.825841
2025,42002113,912,강릉-동진버스,True,4200464,교향2리금용교,BIS inventory,True,True,15,14,128.81059960534566,37.877872107197874,410,6,8,17,2.738445,0.07729
2025,42002113,912,강릉-동진버스,True,4200465,교항2리금용교,BIS inventory,True,True,3,2,128.81051132966252,37.87794196218265,6,163,16,5,0.040075,2.099704
2025,42002113,912,강릉-동진버스,True,4200515,서당마을,BIS inventory,True,True,16,15,128.8153409524242,37.87964681225348,354,48,10,11,2.364414,0.618318
2025,42002113,912,강릉-동진버스,True,4201251,궁궁동,BIS inventory,True,True,9,8,128.7299683412454,37.880375202506656,531,103,7,7,3.54662,1.326807
2025,42002114,941,강릉-동진버스,True,4200252,신영극장,BIS inventory,True,True,43,42,128.8961287589657,37.75448236011555,77,2562,22,1,0.682019,46.624204
2025,42002114,941,강릉-동진버스,True,4200253,교보생명,BIS inventory,True,True,2,1,128.89811415297848,37.756002485379526,4516,123,1,10,40.0,2.238399
2025,42002114,941,강릉-동진버스,True,4200797,KTX공영주차장환승장,BIS inventory,True,True,1 | 44,43,128.8967850727094,37.762190942376556,153,81,14,12,1.355182,1.474067
2025,42002114,941,강릉-동진버스,True,4200928,왕산사,BIS inventory,True,True,22,21,128.8594660677207,37.61509686617323,109,44,20,17,0.965456,0.800728
2025,42002114,941,강릉-동진버스,True,4200929,왕산구)종점,BIS inventory,True,True,23,22,128.8604892853729,37.62367273667524,99,0,21,,0.876882,0.0
2025,42002114,941,강릉-동진버스,True,4200930,왕산구)종점,BIS inventory,True,True,21,20,128.8604095757484,37.623711657099335,4,250,31,4,0.03543,4.549591
2025,42002114,941,강릉-동진버스,True,4200931,샘터휴게실,BIS inventory,True,True,24,23,128.86196479739877,37.62603907325114,726,0,5,,6.430469,0.0
2025,42002114,941,강릉-동진버스,True,4200932,샘터휴게실,BIS inventory,True,True,20,19,128.8616379939255,37.62586846407014,1,57,34,16,0.008857,1.037307
2025,42002114,941,강릉-동진버스,True,4200935,목계마을회관,BIS inventory,True,True,25,24,128.8591158870725,37.63273899723025,910,2,3,34,8.06023,0.036397
2025,42002114,941,강릉-동진버스,True,4200936,목계마을회관,BIS inventory,True,True,19,18,128.8589875953329,37.632647124497325,189,167,11,8,1.674048,3.039126
2025,42002114,941,강릉-동진버스,True,4200937,목계리경로당,BIS inventory,True,True,18,17,128.85926935902992,37.63755434898131,2,70,32,15,0.017715,1.273885
2025,42002114,941,강릉-동진버스,True,4200938,목계리경로당,BIS inventory,True,True,26,25,128.85882831535346,37.63808751377066,135,1,17,38,1.195748,0.018198
2025,42002114,941,강릉-동진버스,True,4200939,방터골입구,BIS inventory,True,True,27,26,128.8543538779494,37.64239089992679,238,4,8,31,2.10806,0.072793
2025,42002114,941,강릉-동진버스,True,4200940,방터골입구,BIS inventory,True,True,17,16,128.8542224426066,37.642387639932174,0,161,,9,0.0,2.929936
2025,42002114,941,강릉-동진버스,True,4200941,목계리,BIS inventory,True,True,28,27,128.8539720247843,37.64675613253988,153,2,14,34,1.355182,0.036397
2025,42002114,941,강릉-동진버스,True,4200943,들꽃마을,BIS inventory,True,True,29,28,128.85452027887206,37.65078274958405,157,9,13,25,1.390611,0.163785
2025,42002114,941,강릉-동진버스,True,4200944,들꽃마을,BIS inventory,True,True,16,15,128.85442858144177,37.65082634282393,191,78,10,13,1.691763,1.419472
2025,42002114,941,강릉-동진버스,True,4200945,백운암입구,BIS inventory,True,True,30,29,128.8503640197509,37.65589468864246,201,7,9,27,1.780337,0.127389
2025,42002114,941,강릉-동진버스,True,4200946,백운암입구,BIS inventory,True,True,15,14,128.8502357538194,37.655869833853565,13,92,25,11,0.115146,1.674249
2025,42002114,941,강릉-동진버스,True,4200947,탑동교,BIS inventory,True,True,31,30,128.84609145028975,37.66009383864923,830,20,4,21,7.351639,0.363967
2025,42002114,941,강릉-동진버스,True,4200948,탑동교,BIS inventory,True,True,14,13,128.84599983023696,37.66005118972853,7,370,28,3,0.062002,6.733394
2025,42002114,941,강릉-동진버스,True,4200949,둔지마을,BIS inventory,True,True,32,31,128.84032622893565,37.667211942204936,245,5,7,30,2.170062,0.090992
2025,42002114,941,강릉-동진버스,True,4200950,둔지마을,BIS inventory,True,True,13,12,128.8402142080388,37.66721532951788,1,222,34,6,0.008857,4.040036
2025,42002114,941,강릉-동진버스,True,4200951,왕산면사무소앞,BIS inventory,True,True,33,32,128.83840731782888,37.6721688588501,1335,73,2,14,11.824624,1.32848
2025,42002114,941,강릉-동진버스,True,4200952,왕산면사무소앞,BIS inventory,True,True,12,11,128.83831324436588,37.672144012562036,145,207,16,7,1.284322,3.767061
2025,42002114,941,강릉-동진버스,True,4200953,도마1리경로당,BIS inventory,True,True,34,33,128.83580313705878,37.675863266048,117,2,18,34,1.036315,0.036397
2025,42002114,941,강릉-동진버스,True,4200954,도마1리경로당,BIS inventory,True,True,11,10,128.83571199204746,37.67583487527786,0,241,,5,0.0,4.385805
2025,42002114,941,강릉-동진버스,True,4200955,왕산사슴목장,BIS inventory,True,True,35,34,128.82575088668412,37.681344715824196,19,0,24,,0.168291,0.0
2025,42002114,941,강릉-동진버스,True,4200956,왕산사슴목장,BIS inventory,True,True,10,9,128.82565717295802,37.68132318009433,2,4,32,31,0.017715,0.072793
2025,42002114,941,강릉-동진버스,True,4200957,새재마을,BIS inventory,True,True,36,35,128.8242487855186,37.68544901419477,112,2,19,34,0.992028,0.036397
2025,42002114,941,강릉-동진버스,True,4200958,새재마을,BIS inventory,True,True,9,8,128.8242669560502,37.685279144065696,0,39,,18,0.0,0.709736
2025,42002114,941,강릉-동진버스,True,4200959,왕산대기교차로,BIS inventory,True,True,37,36,128.80857307337496,37.68975019804283,46,1,23,38,0.40744,0.018198
2025,42002114,941,강릉-동진버스,True,4200960,왕산대기교차로,BIS inventory,True,True,8,7,128.80856548851528,37.68962515075815,1,25,34,19,0.008857,0.454959
2025,42002114,941,강릉-동진버스,True,4200961,오봉,BIS inventory,True,True,38,37,128.8206361867679,37.70638660212798,10,0,27,,0.088574,0.0
2025,42002114,941,강릉-동진버스,True,4200962,오봉,BIS inventory,True,True,7,6,128.8205322494514,37.7062887289534,1,8,34,26,0.008857,0.145587
2025,42002114,941,강릉-동진버스,True,4200963,오봉리,BIS inventory,True,True,39,38,128.8222695914709,37.70939016181609,184,3,12,33,1.629761,0.054595
2025,42002114,941,강릉-동진버스,True,4200964,오봉리,BIS inventory,True,True,6,5,128.82222083699313,37.709588124281694,1,11,34,23,0.008857,0.200182
2025,42002114,941,강릉-동진버스,True,4201004,성산,BIS inventory,True,True,40,39,128.82713990486903,37.71438975242994,1,13,34,22,0.008857,0.236579
2025,42002114,941,강릉-동진버스,True,4201005,성산,BIS inventory,True,True,5,4,128.8271623742617,37.714502339268236,6,7,29,27,0.053144,0.127389
2025,42002114,941,강릉-동진버스,True,4201006,성산치안센터,BIS inventory,True,True,41,40,128.83090633919258,37.71566752965487,0,23,,20,0.0,0.418562
2025,42002114,941,강릉-동진버스,True,4201007,성산치안센터,BIS inventory,True,True,4,3,128.8310696649731,37.7159774839219,11,6,26,29,0.097431,0.10919
2025,42002114,941,강릉-동진버스,True,4201008,성산면사무소,BIS inventory,True,True,42,41,128.83255254171343,37.71856830087688,6,493,29,2,0.053144,8.971793
2025,42002114,941,강릉-동진버스,True,4201009,성산면사무소,BIS inventory,True,True,3,2,128.832602033901,37.718970827982346,336,10,6,24,2.976085,0.181984
2025,42002115,941-1,강릉-동진버스,True,4200252,신영극장,BIS inventory,True,True,57,56,128.8961287589657,37.75448236011555,97,1748,14,1,1.605429,50.042943
2025,42002115,941-1,강릉-동진버스,True,4200253,교보생명,BIS inventory,True,True,2,1,128.89811415297848,37.756002485379526,2712,17,1,19,44.885799,0.486688
2025,42002115,941-1,강릉-동진버스,True,4200586,안소재길,BIS inventory,True,True,25,24,128.84946322181048,37.56376109313163,4,80,35,6,0.066203,2.290295
2025,42002115,941-1,강릉-동진버스,True,4200587,안소재길,BIS inventory,True,True,33,32,128.84955884022355,37.563768804870946,101,0,12,,1.671632,0.0
2025,42002115,941-1,강릉-동진버스,True,4200614,화실길,BIS inventory,True,True,24,23,128.85164256606296,37.57535230419804,0,6,,23,0.0,0.171772
2025,42002115,941-1,강릉-동진버스,True,4200615,화실길,BIS inventory,True,True,34,33,128.85175310347609,37.575351952404525,82,0,16,,1.357167,0.0
2025,42002115,941-1,강릉-동진버스,True,4200797,KTX공영주차장환승장,BIS inventory,True,True,1 | 58,57,128.8967850727094,37.762190942376556,488,73,2,7,8.076796,2.089894
2025,42002115,941-1,강릉-동진버스,True,4200919,사반,BIS inventory,True,True,30,29,128.8467909201167,37.5342056043505,85,4,15,27,1.406819,0.114515
2025,42002115,941-1,강릉-동진버스,True,4200920,사반,BIS inventory,True,True,28,27,128.84669362641395,37.534157761808984,2,5,39,24,0.033102,0.143143
2025,42002115,941-1,강릉-동진버스,True,4200921,평촌,BIS inventory,True,True,31,30,128.84963218200156,37.552631723106046,30,1,24,35,0.496524,0.028629
2025,42002115,941-1,강릉-동진버스,True,4200922,평촌,BIS inventory,True,True,27,26,128.84954094616108,37.55267396579829,3,35,36,13,0.049652,1.002004
2025,42002115,941-1,강릉-동진버스,True,4200923,사이소재길,BIS inventory,True,True,32,31,128.8476417163746,37.55780194237984,69,0,17,,1.142006,0.0
2025,42002115,941-1,강릉-동진버스,True,4200924,사이소재길,BIS inventory,True,True,26,25,128.8475369146747,37.557798436516386,2,67,39,8,0.033102,1.918122
2025,42002115,941-1,강릉-동진버스,True,4200925,삽당령휴게소,BIS inventory,True,True,35,34,128.85348981301368,37.57765377589509,23,2,28,32,0.380669,0.057257
2025,42002115,941-1,강릉-동진버스,True,4200926,삽당령휴게소,BIS inventory,True,True,23,22,128.85335366163847,37.57771787179165,0,5,,24,0.0,0.143143
2025,42002115,941-1,강릉-동진버스,True,4200927,왕산사,BIS inventory,True,True,36,35,128.85972406418662,37.614998007179736,32,1,23,35,0.529626,0.028629
2025,42002115,941-1,강릉-동진버스,True,4200928,왕산사,BIS inventory,True,True,22,21,128.8594660677207,37.61509686617323,0,7,,22,0.0,0.200401
2025,42002115,941-1,강릉-동진버스,True,4200929,왕산구)종점,BIS inventory,True,True,37,36,128.8604892853729,37.62367273667524,56,0,18,,0.926845,0.0
2025,42002115,941-1,강릉-동진버스,True,4200930,왕산구)종점,BIS inventory,True,True,21,20,128.8604095757484,37.623711657099335,0,20,,18,0.0,0.572574
2025,42002115,941-1,강릉-동진버스,True,4200931,샘터휴게실,BIS inventory,True,True,38,37,128.86196479739877,37.62603907325114,110,0,10,,1.820589,0.0
2025,42002115,941-1,강릉-동진버스,True,4200932,샘터휴게실,BIS inventory,True,True,20,19,128.8616379939255,37.62586846407014,0,30,,16,0.0,0.858861
2025,42002115,941-1,강릉-동진버스,True,4200935,목계마을회관,BIS inventory,True,True,39,38,128.8591158870725,37.63273899723025,231,1,5,35,3.823237,0.028629
2025,42002115,941-1,강릉-동진버스,True,4200936,목계마을회관,BIS inventory,True,True,19,18,128.8589875953329,37.632647124497325,2,384,39,3,0.033102,10.993415
2025,42002115,941-1,강릉-동진버스,True,4200937,목계리경로당,BIS inventory,True,True,18,17,128.85926935902992,37.63755434898131,6,33,32,14,0.099305,0.944747
2025,42002115,941-1,강릉-동진버스,True,4200938,목계리경로당,BIS inventory,True,True,40,39,128.85882831535346,37.63808751377066,56,0,18,,0.926845,0.0
2025,42002115,941-1,강릉-동진버스,True,4200939,방터골입구,BIS inventory,True,True,41,40,128.8543538779494,37.64239089992679,98,0,13,,1.621979,0.0
2025,42002115,941-1,강릉-동진버스,True,4200940,방터골입구,BIS inventory,True,True,17,16,128.8542224426066,37.642387639932174,5,25,33,17,0.082754,0.715717
2025,42002115,941-1,강릉-동진버스,True,4200941,목계리,BIS inventory,True,True,42,41,128.8539720247843,37.64675613253988,46,0,21,,0.761337,0.0
2025,42002115,941-1,강릉-동진버스,True,4200943,들꽃마을,BIS inventory,True,True,43,42,128.85452027887206,37.65078274958405,111,3,9,29,1.83714,0.085886
2025,42002115,941-1,강릉-동진버스,True,4200944,들꽃마을,BIS inventory,True,True,16,15,128.85442858144177,37.65082634282393,14,116,30,5,0.231711,3.320928
2025,42002115,941-1,강릉-동진버스,True,4200945,백운암입구,BIS inventory,True,True,44,43,128.8503640197509,37.65589468864246,47,0,20,,0.777888,0.0
2025,42002115,941-1,강릉-동진버스,True,4200946,백운암입구,BIS inventory,True,True,15,14,128.8502357538194,37.655869833853565,0,51,,9,0.0,1.460063
2025,42002115,941-1,강릉-동진버스,True,4200947,탑동교,BIS inventory,True,True,45,44,128.84609145028975,37.66009383864923,367,1,3,35,6.074148,0.028629
2025,42002115,941-1,강릉-동진버스,True,4200948,탑동교,BIS inventory,True,True,14,13,128.84599983023696,37.66005118972853,1,45,44,11,0.016551,1.288291
2025,42002115,941-1,강릉-동진버스,True,4200949,둔지마을,BIS inventory,True,True,46,45,128.84032622893565,37.667211942204936,228,2,6,32,3.773585,0.057257
2025,42002115,941-1,강릉-동진버스,True,4200950,둔지마을,BIS inventory,True,True,13,12,128.8402142080388,37.66721532951788,0,44,,12,0.0,1.259662
2025,42002115,941-1,강릉-동진버스,True,4200951,왕산면사무소앞,BIS inventory,True,True,47,46,128.83840731782888,37.6721688588501,149,5,8,24,2.466071,0.143143
2025,42002115,941-1,강릉-동진버스,True,4200952,왕산면사무소앞,BIS inventory,True,True,12,11,128.83831324436588,37.672144012562036,25,46,27,10,0.41377,1.31692
2025,42002115,941-1,강릉-동진버스,True,4200953,도마1리경로당,BIS inventory,True,True,48,47,128.83580313705878,37.675863266048,183,0,7,,3.028798,0.0
2025,42002115,941-1,강릉-동진버스,True,4200954,도마1리경로당,BIS inventory,True,True,11,10,128.83571199204746,37.67583487527786,3,130,36,4,0.049652,3.721729
2025,42002115,941-1,강릉-동진버스,True,4200955,왕산사슴목장,BIS inventory,True,True,49,48,128.82575088668412,37.681344715824196,42,0,22,,0.695134,0.0
2025,42002115,941-1,강릉-동진버스,True,4200957,새재마을,BIS inventory,True,True,50,49,128.8242487855186,37.68544901419477,29,1,25,35,0.479974,0.028629
2025,42002115,941-1,강릉-동진버스,True,4200958,새재마을,BIS inventory,True,True,9,8,128.8242669560502,37.685279144065696,0,32,,15,0.0,0.916118
2025,42002115,941-1,강릉-동진버스,True,4200959,왕산대기교차로,BIS inventory,True,True,51,50,128.80857307337496,37.68975019804283,28,0,26,,0.463423,0.0
2025,42002115,941-1,강릉-동진버스,True,4200960,왕산대기교차로,BIS inventory,True,True,8,7,128.80856548851528,37.68962515075815,3,2,36,32,0.049652,0.057257
2025,42002115,941-1,강릉-동진버스,True,4200961,오봉,BIS inventory,True,True,52,51,128.8206361867679,37.70638660212798,5,0,33,,0.082754,0.0
2025,42002115,941-1,강릉-동진버스,True,4200962,오봉,BIS inventory,True,True,7,6,128.8205322494514,37.7062887289534,0,3,,29,0.0,0.085886
2025,42002115,941-1,강릉-동진버스,True,4200963,오봉리,BIS inventory,True,True,53,52,128.8222695914709,37.70939016181609,102,4,11,27,1.688183,0.114515
2025,42002115,941-1,강릉-동진버스,True,4200964,오봉리,BIS inventory,True,True,6,5,128.82222083699313,37.709588124281694,0,3,,29,0.0,0.085886
2025,42002115,941-1,강릉-동진버스,True,4201004,성산,BIS inventory,True,True,54,53,128.82713990486903,37.71438975242994,0,8,,21,0.0,0.229029
2025,42002115,941-1,강릉-동진버스,True,4201005,성산,BIS inventory,True,True,5,4,128.8271623742617,37.714502339268236,15,1,29,35,0.248262,0.028629
2025,42002115,941-1,강릉-동진버스,True,4201006,성산치안센터,BIS inventory,True,True,55,54,128.83090633919258,37.71566752965487,2,9,39,20,0.033102,0.257658
2025,42002115,941-1,강릉-동진버스,True,4201007,성산치안센터,BIS inventory,True,True,4,3,128.8310696649731,37.7159774839219,2,1,39,35,0.033102,0.028629
2025,42002115,941-1,강릉-동진버스,True,4201008,성산면사무소,BIS inventory,True,True,56,55,128.83255254171343,37.71856830087688,8,441,31,2,0.132406,12.625251
2025,42002115,941-1,강릉-동진버스,True,4201009,성산면사무소,BIS inventory,True,True,3,2,128.832602033901,37.718970827982346,338,1,4,35,5.594174,0.028629
2025,42002116,942,강릉-동진버스,True,4200252,신영극장,BIS inventory,True,True,40,37 | 39,128.8961287589657,37.75448236011555,73,1976,17,1,0.907058,61.347408
2025,42002116,942,강릉-동진버스,True,4200253,교보생명,BIS inventory,True,True,2,1,128.89811415297848,37.756002485379526,3107,20,1,12,38.605865,0.620925
2025,42002116,942,강릉-동진버스,True,4200468,왕산골한옥,BIS inventory,True,True,32,29 | 31,128.79462643294355,37.66636911752362,31,1,19,30,0.385189,0.031046
2025,42002116,942,강릉-동진버스,True,4200797,KTX공영주차장환승장,BIS inventory,True,True,1 | 41,38 | 40,128.8967850727094,37.762190942376556,372,74,7,7,4.622266,2.297423
2025,42002116,942,강릉-동진버스,True,4200888,왕산리2반,BIS inventory,True,True,8,7,128.80288061474792,37.67595542199383,0,14,,16,0.0,0.434648
2025,42002116,942,강릉-동진버스,True,4200889,왕산리2반,BIS inventory,True,True,34,31 | 33,128.80297738702234,37.675963955897956,183,0,11,,2.273857,0.0
2025,42002116,942,강릉-동진버스,True,4200890,왕산리마을회관,BIS inventory,True,True,9,8,128.79684011914176,37.670392794275685,231,31,9,9,2.870278,0.962434
2025,42002116,942,강릉-동진버스,True,4200891,왕산리마을회관,BIS inventory,True,True,33,30 | 32,128.79682095717135,37.67030353806043,43,1,18,30,0.534294,0.031046
2025,42002116,942,강릉-동진버스,True,4200892,임내폭포,BIS inventory,True,True,10,9,128.79372069070962,37.66362299663701,2,165,30,5,0.024851,5.122633
2025,42002116,942,강릉-동진버스,True,4200893,임내폭포,BIS inventory,True,True,31,28 | 30,128.7939174576728,37.66377320023954,78,2,16,28,0.969185,0.062093
2025,42002116,942,강릉-동진버스,True,4200894,무위사입구,BIS inventory,True,True,11,10,128.7904596075833,37.65806985505733,0,22,,11,0.0,0.683018
2025,42002116,942,강릉-동진버스,True,4200895,무위사입구,BIS inventory,True,True,30,27 | 29,128.79048797979135,37.65800841053956,120,5,15,23,1.491054,0.155231
2025,42002116,942,강릉-동진버스,True,4200896,왕산골,BIS inventory,True,True,12,11,128.7872211119886,37.65448843873245,0,177,,4,0.0,5.495188
2025,42002116,942,강릉-동진버스,True,4200897,왕산골,BIS inventory,True,True,29,26 | 28,128.78735259066167,37.65458906689652,384,6,6,21,4.771372,0.186278
2025,42002116,942,강릉-동진버스,True,4200898,검뎅이골위,BIS inventory,True,True,13,12,128.78655586032616,37.64966319680761,0,15,,15,0.0,0.465694
2025,42002116,942,강릉-동진버스,True,4200899,검뎅이골위,BIS inventory,True,True,28,25 | 27,128.78664108542844,37.649625029205744,159,0,13,,1.975646,0.0
2025,42002116,942,강릉-동진버스,True,4200900,닭목골,BIS inventory,True,True,14,13,128.78583483882048,37.64776835827971,19,211,22,3,0.236083,6.550761
2025,42002116,942,강릉-동진버스,True,4200901,닭목골,BIS inventory,True,True,27,24 | 26,128.78595382346253,37.64781596633364,181,4,12,26,2.249006,0.124185
2025,42002116,942,강릉-동진버스,True,4200904,벌말,BIS inventory,True,True,15,14,128.77753093157395,37.586312333418526,7,42,24,8,0.086978,1.303943
2025,42002116,942,강릉-동진버스,True,4200910,도화목이,BIS inventory,True,True,16,15,128.79876118261876,37.575812376849754,0,16,,14,0.0,0.49674
2025,42002116,942,강릉-동진버스,True,4200911,도화목이,BIS inventory,True,True,26,23 | 25,128.79899268103495,37.57580683121861,765,19,2,13,9.505467,0.589879
2025,42002116,942,강릉-동진버스,True,4200912,대기1리경로당,BIS inventory,True,True,17,16,128.79557170937235,37.565622156510386,17,25,23,10,0.211233,0.776156
2025,42002116,942,강릉-동진버스,True,4200913,대기1리경로당,BIS inventory,True,True,25,22 | 24,128.79579724292137,37.56561101591886,395,6,5,21,4.908052,0.186278
2025,42002116,942,강릉-동진버스,True,4200914,감자채종포마을,BIS inventory,True,True,19,17 | 18,128.83346021183766,37.53338333057324,1,10,31,18,0.012425,0.310463
2025,42002116,942,강릉-동진버스,True,4200915,감자채종포마을,BIS inventory,True,True,23,21 | 22,128.8336264013535,37.53350667836036,515,7,4,20,6.399105,0.217324
2025,42002116,942,강릉-동진버스,True,4200916,고단2.3리교차로,BIS inventory,True,True,20,18 | 19,128.83542781016814,37.524465083382744,593,101,3,6,7.36829,3.135672
2025,42002116,942,강릉-동진버스,True,4200917,고단2.3리교차로,BIS inventory,True,True,22,20 | 21,128.8355935759617,37.52458832137048,28,4,20,26,0.347913,0.124185
2025,42002116,942,강릉-동진버스,True,4200961,오봉,BIS inventory,True,True,35,34,128.8206361867679,37.70638660212798,1,0,31,,0.012425,0.0
2025,42002116,942,강릉-동진버스,True,4200962,오봉,BIS inventory,True,True,7,6,128.8205322494514,37.7062887289534,5,12,26,17,0.062127,0.372555
2025,42002116,942,강릉-동진버스,True,4200963,오봉리,BIS inventory,True,True,36,33 | 35,128.8222695914709,37.70939016181609,217,1,10,30,2.696322,0.031046
2025,42002116,942,강릉-동진버스,True,4200964,오봉리,BIS inventory,True,True,6,5,128.82222083699313,37.709588124281694,23,5,21,23,0.285785,0.155231
2025,42002116,942,강릉-동진버스,True,4201004,성산,BIS inventory,True,True,37,34 | 36,128.82713990486903,37.71438975242994,0,9,,19,0.0,0.279416
2025,42002116,942,강릉-동진버스,True,4201005,성산,BIS inventory,True,True,5,4,128.8271623742617,37.714502339268236,4,2,29,28,0.049702,0.062093
2025,42002116,942,강릉-동진버스,True,4201006,성산치안센터,BIS inventory,True,True,38,35 | 37,128.83090633919258,37.71566752965487,0,5,,23,0.0,0.155231
2025,42002116,942,강릉-동진버스,True,4201007,성산치안센터,BIS inventory,True,True,4,3,128.8310696649731,37.7159774839219,5,0,26,,0.062127,0.0
2025,42002116,942,강릉-동진버스,True,4201008,성산면사무소,BIS inventory,True,True,39,36 | 38,128.83255254171343,37.71856830087688,6,232,25,2,0.074553,7.202732
2025,42002116,942,강릉-동진버스,True,4201009,성산면사무소,BIS inventory,True,True,3,2,128.832602033901,37.718970827982346,356,1,8,30,4.423459,0.031046
2025,42002116,942,강릉-동진버스,True,4202165,고단3리,BIS inventory,True,True,18,17,128.81638819970956,37.540155755487774,5,0,26,,0.062127,0.0
2025,42002116,942,강릉-동진버스,True,4202166,고단3리,BIS inventory,True,True,24,23,128.81639746865173,37.540229174022585,122,0,14,,1.515905,0.0
2025,42002117,944,강릉-동진버스,True,4200252,신영극장,BIS inventory,True,True,28,27,128.8961287589657,37.75448236011555,92,1488,10,1,0.845122,50.646698
2025,42002117,944,강릉-동진버스,True,4200253,교보생명,BIS inventory,True,True,2,1,128.89811415297848,37.756002485379526,4072,44,1,8,37.405842,1.497617
2025,42002117,944,강릉-동진버스,True,4200797,KTX공영주차장환승장,BIS inventory,True,True,1 | 29,28,128.8967850727094,37.762190942376556,157,119,9,6,1.442219,4.050374
2025,42002117,944,강릉-동진버스,True,4200965,보광리입구,BIS inventory,True,True,24,23,128.81696481575804,37.72096716251408,55,3,13,25,0.505236,0.10211
2025,42002117,944,강릉-동진버스,True,4200973,샘골식당,BIS inventory,True,True,21,20,128.81165805890132,37.72970284088515,566,4,6,22,5.199339,0.136147
2025,42002117,944,강릉-동진버스,True,4200974,샘골식당,BIS inventory,True,True,9,8,128.8117504319814,37.72973210273536,7,32,19,9,0.064303,1.089176
2025,42002117,944,강릉-동진버스,True,4200977,보광리체험학습장,BIS inventory,True,True,20,19,128.80793365498167,37.73787511002778,1750,161,2,4,16.075694,5.479918
2025,42002117,944,강릉-동진버스,True,4200987,삼왕,BIS inventory,True,True,15,14,128.79442364222726,37.75959705206606,473,129,7,5,4.34503,4.390742
2025,42002117,944,강릉-동진버스,True,4200988,기도원삼거리,BIS inventory,True,True,16,15,128.7947703606971,37.75829009149865,700,8,5,19,6.430277,0.272294
2025,42002117,944,강릉-동진버스,True,4200989,기도원삼거리,BIS inventory,True,True,14,13,128.79494112774387,37.75822759306287,5,11,20,17,0.045931,0.374404
2025,42002117,944,강릉-동진버스,True,4200990,대궁산장,BIS inventory,True,True,17,16,128.7955529097602,37.75668446239291,384,5,8,21,3.527466,0.170184
2025,42002117,944,강릉-동진버스,True,4200991,대궁산장,BIS inventory,True,True,13,12,128.7956519785838,37.75672773187815,1,26,21,10,0.009186,0.884956
2025,42002117,944,강릉-동진버스,True,4200992,석불사입구,BIS inventory,True,True,18,17,128.79428550244546,37.75401121249684,17,17,15,13,0.156164,0.578625
2025,42002117,944,강릉-동진버스,True,4200993,석불사입구,BIS inventory,True,True,12,11,128.79436174094738,37.75400145159608,1,2,21,27,0.009186,0.068074
2025,42002117,944,강릉-동진버스,True,4200994,보광본동,BIS inventory,True,True,19,18,128.79938186856992,37.746227466734425,1298,15,3,14,11.923572,0.510551
2025,42002117,944,강릉-동진버스,True,4200995,보광본동,BIS inventory,True,True,11,10,128.79947706651464,37.746310402073284,60,66,12,7,0.551167,2.246426
2025,42002117,944,강릉-동진버스,True,4200998,보광리체험학습장,BIS inventory,True,True,10,9,128.8076688924087,37.73819161617253,31,302,14,3,0.284769,10.279101
2025,42002117,944,강릉-동진버스,True,4200999,옥터가든,BIS inventory,True,True,22,21,128.81373332317625,37.728008981659464,10,3,17,25,0.091861,0.10211
2025,42002117,944,강릉-동진버스,True,4201000,옥터가든,BIS inventory,True,True,8,7,128.8137241133093,37.7280870855366,0,8,,19,0.0,0.272294
2025,42002117,944,강릉-동진버스,True,4201001,암반욕체험장,BIS inventory,True,True,23,22,128.8174715505199,37.72568745788923,1,0,21,,0.009186,0.0
2025,42002117,944,강릉-동진버스,True,4201002,암반욕체험장,BIS inventory,True,True,7,6,128.81756412801548,37.725703466430105,0,4,,22,0.0,0.136147
2025,42002117,944,강릉-동진버스,True,4201003,보광리입구,BIS inventory,True,True,6,5,128.81690957708614,37.721147642825436,1,15,21,14,0.009186,0.510551
2025,42002117,944,강릉-동진버스,True,4201004,성산,BIS inventory,True,True,25,24,128.82713990486903,37.71438975242994,0,13,,16,0.0,0.442478
2025,42002117,944,강릉-동진버스,True,4201005,성산,BIS inventory,True,True,5,4,128.8271623742617,37.714502339268236,11,4,16,22,0.101047,0.136147
2025,42002117,944,강릉-동진버스,True,4201006,성산치안센터,BIS inventory,True,True,26,25,128.83090633919258,37.71566752965487,0,21,,12,0.0,0.714772
2025,42002117,944,강릉-동진버스,True,4201007,성산치안센터,BIS inventory,True,True,4,3,128.8310696649731,37.7159774839219,66,11,11,17,0.606283,0.374404
2025,42002117,944,강릉-동진버스,True,4201008,성산면사무소,BIS inventory,True,True,27,26,128.83255254171343,37.71856830087688,10,404,17,2,0.091861,13.750851
2025,42002117,944,강릉-동진버스,True,4201009,성산면사무소,BIS inventory,True,True,3,2,128.832602033901,37.718970827982346,1118,23,4,11,10.270072,0.782845
2025,42002118,945,강릉-동진버스,True,4200252,신영극장,BIS inventory,True,True,19,18,128.8961287589657,37.75448236011555,72,1168,7,1,1.849473,60.612351
2025,42002118,945,강릉-동진버스,True,4200253,교보생명,BIS inventory,True,True,2,1,128.89811415297848,37.756002485379526,1552,36,1,9,39.866427,1.868189
2025,42002118,945,강릉-동진버스,True,4200533,가마골,BIS inventory,True,True,10,9,128.79546755385968,37.722099902068294,3,2,16,15,0.077061,0.103788
2025,42002118,945,강릉-동진버스,True,4200797,KTX공영주차장환승장,BIS inventory,True,True,1 | 20,19,128.8967850727094,37.762190942376556,113,81,6,5,2.902646,4.203425
2025,42002118,945,강릉-동진버스,True,4200965,보광리입구,BIS inventory,True,True,15,14,128.81696481575804,37.72096716251408,31,0,10,,0.796301,0.0
2025,42002118,945,강릉-동진버스,True,4200966,어흘리.굴면동,BIS inventory,True,True,14,13,128.81355554198663,37.72030372991263,313,1,5,16,8.040072,0.051894
2025,42002118,945,강릉-동진버스,True,4200967,대관령박물관,BIS inventory,True,True,8,7,128.80456089771366,37.71714451138875,15,158,11,2,0.385307,8.199273
2025,42002118,945,강릉-동진버스,True,4200968,대관령박물관,BIS inventory,True,True,13,12,128.80478202234156,37.716950876906495,338,0,4,,8.68225,0.0
2025,42002118,945,강릉-동진버스,True,4200969,가마골,BIS inventory,True,True,11,10,128.79478117549075,37.72231567644804,718,74,2,6,18.44336,3.840166
2025,42002118,945,강릉-동진버스,True,4200972,어흘리.굴면동,BIS inventory,True,True,7,6,128.81242525863513,37.71968494003737,5,105,14,4,0.128436,5.448884
2025,42002118,945,강릉-동진버스,True,4201003,보광리입구,BIS inventory,True,True,6,5,128.81690957708614,37.721147642825436,1,3,19,12,0.025687,0.155682
2025,42002118,945,강릉-동진버스,True,4201004,성산,BIS inventory,True,True,16,15,128.82713990486903,37.71438975242994,2,3,17,12,0.051374,0.155682
2025,42002118,945,강릉-동진버스,True,4201005,성산,BIS inventory,True,True,5,4,128.8271623742617,37.714502339268236,6,3,12,12,0.154123,0.155682
2025,42002118,945,강릉-동진버스,True,4201006,성산치안센터,BIS inventory,True,True,17,16,128.83090633919258,37.71566752965487,2,9,17,10,0.051374,0.467047
2025,42002118,945,강릉-동진버스,True,4201007,성산치안센터,BIS inventory,True,True,4,3,128.8310696649731,37.7159774839219,34,1,9,16,0.873362,0.051894
2025,42002118,945,강릉-동진버스,True,4201008,성산면사무소,BIS inventory,True,True,18,17,128.83255254171343,37.71856830087688,6,156,12,3,0.154123,8.095485
2025,42002118,945,강릉-동진버스,True,4201009,성산면사무소,BIS inventory,True,True,3,2,128.832602033901,37.718970827982346,64,7,8,11,1.643976,0.363259
2025,42002118,945,강릉-동진버스,True,4201412,어흘리산림관광안내센터,BIS inventory,True,True,12,11,128.79622345209006,37.720248969562334,613,54,3,8,15.746211,2.802283
2025,42002118,945,강릉-동진버스,True,4201413,어흘리산림관광안내센터,BIS inventory,True,True,9,8,128.79677626958596,37.720179974904156,5,66,14,7,0.128436,3.425013
2025,42002119,946,강릉-동진버스,True,4200020,안곡약수터입구,BIS inventory,True,True,9,8,128.8378468662133,37.73975627758666,324,5,4,11,11.257818,0.34626
2025,42002119,946,강릉-동진버스,True,4200021,남밭,BIS inventory,True,True,14,13,128.84058789182106,37.72883964188799,18,9,11,9,0.625434,0.623269
2025,42002119,946,강릉-동진버스,True,4200252,신영극장,BIS inventory,True,True,16,15,128.8961287589657,37.75448236011555,56,926,9,1,1.945796,64.127424
2025,42002119,946,강릉-동진버스,True,4200253,교보생명,BIS inventory,True,True,2,1,128.89811415297848,37.756002485379526,923,13,1,8,32.070883,0.900277
2025,42002119,946,강릉-동진버스,True,4200797,KTX공영주차장환승장,BIS inventory,True,True,1 | 17,16,128.8967850727094,37.762190942376556,110,46,6,5,3.822099,3.185596
2025,42002119,946,강릉-동진버스,True,4200858,금산1리경로당,BIS inventory,True,True,13,12,128.83882591103156,37.7302092460205,62,1,8,14,2.154274,0.069252
2025,42002119,946,강릉-동진버스,True,4200860,관음1리,BIS inventory,True,True,12,11,128.82994944568443,37.72835720885695,104,4,7,12,3.613621,0.277008
2025,42002119,946,강릉-동진버스,True,4200861,관음1리노인회관,BIS inventory,True,True,11,10,128.82663819526005,37.73031764277183,27,18,10,6,0.938151,1.246537
2025,42002119,946,강릉-동진버스,True,4200862,금산남밭,BIS inventory,True,True,15,14,128.84482898011785,37.73142005932311,10,163,13,3,0.347464,11.288089
2025,42002119,946,강릉-동진버스,True,4200863,관음1리,BIS inventory,True,True,10,9,128.81811453963772,37.738720613334934,627,176,2,2,21.785962,12.188366
2025,42002119,946,강릉-동진버스,True,4200865,안곡,BIS inventory,True,True,6,5,128.82914470078177,37.745465477199204,386,14,3,7,13.412092,0.969529
2025,42002119,946,강릉-동진버스,True,4200866,삼거리,BIS inventory,True,True,7,6,128.8345942629299,37.74509162495973,206,3,5,13,7.157748,0.207756
2025,42002119,946,강릉-동진버스,True,4200867,삼거리,BIS inventory,True,True,5,4,128.83456155956415,37.745154825533675,0,6,,10,0.0,0.415512
2025,42002119,946,강릉-동진버스,True,4200868,안국고개입구,BIS inventory,True,True,8,7,128.8377139800973,37.741484552653596,18,0,11,,0.625434,0.0
2025,42002119,946,강릉-동진버스,True,4200871,안곡약수터입구,BIS inventory,True,True,3,2,128.8379137142218,37.73973940790299,7,60,14,4,0.243224,4.155125
2025,42002120,947,강릉-동진버스,True,4200252,신영극장,BIS inventory,True,True,19,16 | 18,128.8961287589657,37.75448236011555,12,414,13,1,0.559963,60.792952
2025,42002120,947,강릉-동진버스,True,4200253,교보생명,BIS inventory,True,True,2,1,128.89811415297848,37.756002485379526,520,7,1,10,24.265049,1.0279
2025,42002120,947,강릉-동진버스,True,4200797,KTX공영주차장환승장,BIS inventory,True,True,1 | 20,17 | 19,128.8967850727094,37.762190942376556,15,16,12,6,0.699953,2.349486
2025,42002120,947,강릉-동진버스,True,4200875,산북2리경로당,BIS inventory,True,True,16,15,128.83409128779982,37.71149810424752,83,0,6,,3.873075,0.0
2025,42002120,947,강릉-동진버스,True,4200876,산북2리경로당,BIS inventory,True,True,5,4,128.83404425902265,37.71143075108243,355,15,3,7,16.565562,2.202643
2025,42002120,947,강릉-동진버스,True,4200877,산북,BIS inventory,True,True,10,8 | 9,128.84586150037325,37.704935503831294,214,34,5,4,9.986001,4.992658
2025,42002120,947,강릉-동진버스,True,4200879,제비산북교차로,BIS inventory,True,True,9,8,128.85204215694216,37.702600950909385,2,1,14,13,0.093327,0.146843
2025,42002120,947,강릉-동진버스,True,4200880,강릉기도원입구,BIS inventory,True,True,12,10 | 11,128.84913047105903,37.69875658463013,74,1,7,13,3.453103,0.146843
2025,42002120,947,강릉-동진버스,True,4200881,강릉기도원입구,BIS inventory,True,True,8,6 | 7,128.8490436050476,37.69867520520206,2,11,14,8,0.093327,1.615272
2025,42002120,947,강릉-동진버스,True,4200882,덕중상사입구,BIS inventory,True,True,13,11 | 12,128.8418138875879,37.70249050751822,314,1,4,13,14.652357,0.146843
2025,42002120,947,강릉-동진버스,True,4200883,덕중상사입구,BIS inventory,True,True,7,5 | 6,128.84174479743382,37.70242273367911,2,34,14,4,0.093327,4.992658
2025,42002120,947,강릉-동진버스,True,4200884,심불사입구,BIS inventory,True,True,14,12 | 13,128.84001194474018,37.70305298286866,38,0,10,,1.773215,0.0
2025,42002120,947,강릉-동진버스,True,4200885,심불사입구,BIS inventory,True,True,6,5,128.83994507873663,37.70295599504848,1,56,17,3,0.046664,8.223201
2025,42002120,947,강릉-동진버스,True,4200886,자포골,BIS inventory,True,True,15,13 | 14,128.83086667060377,37.70702334781653,383,10,2,9,17.872142,1.468429
2025,42002120,947,강릉-동진버스,True,4201006,성산치안센터,BIS inventory,True,True,17,14 | 16,128.83090633919258,37.71566752965487,47,1,9,13,2.193187,0.146843
2025,42002120,947,강릉-동진버스,True,4201007,성산치안센터,BIS inventory,True,True,4,3,128.8310696649731,37.7159774839219,51,5,8,11,2.379841,0.734214
2025,42002120,947,강릉-동진버스,True,4201008,성산면사무소,BIS inventory,True,True,18,15 | 17,128.83255254171343,37.71856830087688,0,70,,2,0.0,10.279001
2025,42002120,947,강릉-동진버스,True,4201009,성산면사무소,BIS inventory,True,True,3,2,128.832602033901,37.718970827982346,30,5,11,11,1.399907,0.734214
2025,42002121,952,강릉-동진버스,True,4200016,강동종합복지회관,BIS inventory,True,True,19,17 | 18,128.9534097899608,37.72765187744945,150,130,9,2,2.127358,4.430811
2025,42002121,952,강릉-동진버스,True,4200026,강동종합복지회관,BIS inventory,True,True,3,1 | 2,128.95225785335822,37.72821012800672,4,23,19,9,0.05673,0.783913
2025,42002121,952,강릉-동진버스,True,4200036,언별리,BIS inventory,True,True,10,8 | 9,128.932462653647,37.69147304189006,26,0,18,,0.368742,0.0
2025,42002121,952,강릉-동진버스,True,4200513,덕현리,BIS inventory,True,True,9,7 | 8,128.92602088648235,37.70591024035886,149,33,10,6,2.113175,1.124744
2025,42002121,952,강릉-동진버스,True,4201073,모전삼거리,BIS inventory,True,True,18,16 | 17,128.96506056244797,37.72569325398637,39,7,17,14,0.553113,0.238582
2025,42002121,952,강릉-동진버스,True,4201153,버당말,BIS inventory,True,True,17,15 | 16,128.96287505180277,37.72274811896261,1006,93,4,4,14.26748,3.169734
2025,42002121,952,강릉-동진버스,True,4201155,모전1리,BIS inventory,True,True,16,14 | 15,128.96150382823714,37.719819173700856,462,22,5,10,6.552262,0.74983
2025,42002121,952,강릉-동진버스,True,4201157,동그린,BIS inventory,True,True,15,13 | 14,128.96124692830767,37.71693200282111,98,17,11,11,1.389874,0.579414
2025,42002121,952,강릉-동진버스,True,4201159,모전리,BIS inventory,True,True,14,12 | 13,128.95776740747448,37.71232268018703,40,3,16,18,0.567295,0.102249
2025,42002121,952,강릉-동진버스,True,4201162,모전리.돌평,BIS inventory,True,True,13,11 | 12,128.95076445202812,37.70977883566453,187,3,7,18,2.652106,0.102249
2025,42002121,952,강릉-동진버스,True,4201164,언별2리,BIS inventory,True,True,12,10 | 11,128.93990494422928,37.70171510089973,1145,82,3,5,16.238831,2.794819
2025,42002121,952,강릉-동진버스,True,4201165,송담서원,BIS inventory,True,True,11,10 | 9,128.92985457221653,37.6927197945936,454,94,6,3,6.438803,3.203817
2025,42002121,952,강릉-동진버스,True,4201170,덕현리마을회관,BIS inventory,True,True,8,6 | 7,128.92969308316043,37.71031249336467,78,17,12,11,1.106226,0.579414
2025,42002121,952,강릉-동진버스,True,4201172,덕현리입구,BIS inventory,True,True,7,5 | 6,128.9336781922055,37.71393030895838,65,4,14,17,0.921855,0.136333
2025,42002121,952,강릉-동진버스,True,4201174,상시동,BIS inventory,True,True,6,4 | 5,128.94244611636475,37.71825557931822,186,24,8,8,2.637924,0.817996
2025,42002121,952,강릉-동진버스,True,4201176,상시동2리마을구판장,BIS inventory,True,True,5,3 | 4,128.94913379195222,37.72251033214177,76,7,13,14,1.077861,0.238582
2025,42002121,952,강릉-동진버스,True,4201178,강동하나로마트,BIS inventory,True,True,4,2 | 3,128.95391314710383,37.72680705851969,62,26,15,7,0.879308,0.886162
2025,42002121,952,강릉-동진버스,True,4201198,남대천.강릉교,BIS inventory,True,True,21,18 | 20,128.9010015999516,37.75454267936518,1146,2330,2,1,16.253014,79.41377
2025,42002121,952,강릉-동진버스,True,4201199,남대천.강릉교,BIS inventory,True,True,1,0,128.9010687000649,37.75417893755025,1678,12,1,13,23.798043,0.408998
2025,42002121,952,강릉-동진버스,True,4202167,남부노인종합복지관,BIS inventory,True,True,2 | 20,19,128.91383118471262,37.752564379737024,0,7,,14,0.0,0.238582
2025,42002123,953,강릉-동진버스,True,4200016,강동종합복지회관,BIS inventory,True,True,34,32 | 33,128.9534097899608,37.72765187744945,224,289,13,2,1.79963,8.240662
2025,42002123,953,강릉-동진버스,True,4200026,강동종합복지회관,BIS inventory,True,True,3,1 | 2,128.95225785335822,37.72821012800672,3,75,30,9,0.024102,2.13858
2025,42002123,953,강릉-동진버스,True,4200573,임곡,BIS inventory,True,True,19,17 | 18,128.95981869884417,37.65381523982265,909,89,4,6,7.302965,2.537782
2025,42002123,953,강릉-동진버스,True,4200574,임곡2리마을회관,BIS inventory,True,True,20,18 | 19,128.96548889686682,37.66318854424863,261,1,11,30,2.096891,0.028514
2025,42002123,953,강릉-동진버스,True,4200575,임곡2리마을회관,BIS inventory,True,True,18,16 | 17,128.96541432118602,37.66322091980088,105,24,15,15,0.843577,0.684346
2025,42002123,953,강릉-동진버스,True,4200576,갈버든,BIS inventory,True,True,21,19 | 20,128.9673126799485,37.66623695179046,103,1,16,30,0.827509,0.028514
2025,42002123,953,강릉-동진버스,True,4200577,갈버든,BIS inventory,True,True,17,15 | 16,128.96722169547306,37.666241797535086,1,5,31,25,0.008034,0.142572
2025,42002123,953,강릉-동진버스,True,4200578,임곡초등학교,BIS inventory,True,True,22,20 | 21,128.970266319495,37.67657078197406,559,40,7,10,4.491042,1.140576
2025,42002123,953,강릉-동진버스,True,4200579,임곡초등학교,BIS inventory,True,True,16,14 | 15,128.97019094901066,37.676575911433936,10,12,25,20,0.080341,0.342173
2025,42002123,953,강릉-동진버스,True,4200580,보건진료소,BIS inventory,True,True,23,21 | 22,128.97335780368653,37.6877997329295,189,1,14,30,1.518438,0.028514
2025,42002123,953,강릉-동진버스,True,4200581,보건진료소,BIS inventory,True,True,15,13 | 14,128.97326166656484,37.6877802990832,21,4,24,27,0.168715,0.114058
2025,42002123,953,강릉-동진버스,True,4200582,임곡1리마을회관,BIS inventory,True,True,24,22 | 23,128.9747545332243,37.69109651601256,946,14,3,19,7.600225,0.399202
2025,42002123,953,강릉-동진버스,True,4200583,임곡1리마을회관,BIS inventory,True,True,14,12 | 13,128.97465402746607,37.69113733741365,6,192,28,3,0.048204,5.474765
2025,42002123,953,강릉-동진버스,True,4200584,임곡1리,BIS inventory,True,True,25,23 | 24,128.97599759967915,37.693758829867754,553,5,9,25,4.442838,0.142572
2025,42002123,953,강릉-동진버스,True,4200585,임곡1리,BIS inventory,True,True,13,11 | 12,128.97590980007564,37.693767123079255,1,16,31,18,0.008034,0.45623
2025,42002123,953,강릉-동진버스,True,4200588,자원순환센터,BIS inventory,True,True,26,24 | 25,128.9884350583326,37.69589916205473,819,4,6,27,6.579899,0.114058
2025,42002123,953,강릉-동진버스,True,4200589,자원순환센터,BIS inventory,True,True,12,10 | 11,128.98825794255524,37.6958847446048,4,18,29,17,0.032136,0.513259
2025,42002123,953,강릉-동진버스,True,4200590,현대모비스,BIS inventory,True,True,27,25 | 26,128.98862075193523,37.70745325617163,10,0,25,,0.080341,0.0
2025,42002123,953,강릉-동진버스,True,4200591,현대모비스,BIS inventory,True,True,11,10 | 9,128.98854560129584,37.70748766417137,0,33,,13,0.0,0.940975
2025,42002123,953,강릉-동진버스,True,4200592,동광주유소,BIS inventory,True,True,28,26 | 27,128.98895762865502,37.71450646675624,94,1,18,30,0.755202,0.028514
2025,42002123,953,강릉-동진버스,True,4200593,동광주유소,BIS inventory,True,True,10,8 | 9,128.988869023967,37.71446203608272,1,9,31,23,0.008034,0.25663
2025,42002123,953,강릉-동진버스,True,4200594,산두골,BIS inventory,True,True,29,27 | 28,128.9840168065266,37.71859873395223,829,6,5,24,6.660239,0.171086
2025,42002123,953,강릉-동진버스,True,4200595,산두골,BIS inventory,True,True,9,7 | 8,128.98401664518687,37.71851617972176,53,167,19,4,0.425805,4.761905
2025,42002123,953,강릉-동진버스,True,4200598,안인삼거리,BIS inventory,True,True,30,28 | 29,128.98042188065915,37.72782929827981,10,2,25,29,0.080341,0.057029
2025,42002123,953,강릉-동진버스,True,4200599,안인삼거리,BIS inventory,True,True,8,6 | 7,128.98037760076,37.72789657042197,1,11,31,21,0.008034,0.313658
2025,42002123,953,강릉-동진버스,True,4201072,모전삼거리,BIS inventory,True,True,5,3 | 4,128.96457294836412,37.72564861436484,249,36,12,12,2.000482,1.026518
2025,42002123,953,강릉-동진버스,True,4201073,모전삼거리,BIS inventory,True,True,33,31 | 32,128.96506056244797,37.72569325398637,102,19,17,16,0.819475,0.541774
2025,42002123,953,강릉-동진버스,True,4201148,안인화력발전소,BIS inventory,True,True,31,29 | 30,128.97827596831831,37.72739115413768,556,26,8,14,4.46694,0.741374
2025,42002123,953,강릉-동진버스,True,4201149,안인화력발전소,BIS inventory,True,True,7,5 | 6,128.97827482863894,37.727294808983075,31,80,23,8,0.249056,2.281152
2025,42002123,953,강릉-동진버스,True,4201150,장터마을,BIS inventory,True,True,32,30 | 31,128.97235424591028,37.72315567930139,46,0,20,,0.369567,0.0
2025,42002123,953,강릉-동진버스,True,4201151,장터마을,BIS inventory,True,True,6,4 | 5,128.9723977075807,37.72307968130474,262,11,10,21,2.104925,0.313658
2025,42002123,953,강릉-동진버스,True,4201177,강동면사무소,BIS inventory,True,True,4,2 | 3,128.9546118972993,37.72728097155823,35,103,21,5,0.281192,2.936983
2025,42002123,953,강릉-동진버스,True,4201198,남대천.강릉교,BIS inventory,True,True,36,33 | 35,128.9010015999516,37.75454267936518,2410,2085,2,1,19.362095,59.452524
2025,42002123,953,강릉-동진버스,True,4201199,남대천.강릉교,BIS inventory,True,True,1,0,128.9010687000649,37.75417893755025,3009,39,1,11,24.1745,1.112062
2025,42002123,953,강릉-동진버스,True,4202167,남부노인종합복지관,BIS inventory,True,True,2 | 35,34,128.91383118471262,37.752564379737024,35,89,21,6,0.281192,2.537782
2025,42002124,954,강릉-동진버스,True,4200028,하시동3리마을회관,BIS inventory,True,True,10,8 | 9,128.95568079152127,37.73745764026289,2028,16,1,9,30.708661,0.891365
2025,42002124,954,강릉-동진버스,True,4201062,공군부대후문,BIS inventory,True,True,7,5 | 6,128.95917736919824,37.74910624884217,1022,61,4,3,15.475469,3.398329
2025,42002124,954,강릉-동진버스,True,4201063,하시동3리3반,BIS inventory,True,True,6,4 | 5,128.96021404883618,37.74070043268972,4,26,9,7,0.060569,1.448468
2025,42002124,954,강릉-동진버스,True,4201064,호장골,BIS inventory,True,True,5,3 | 4,128.96090744086658,37.738133233851606,0,23,,8,0.0,1.281337
2025,42002124,954,강릉-동진버스,True,4201065,하시동3리마을회관,BIS inventory,True,True,4,2 | 3,128.95566357584553,37.73740461978908,9,45,8,4,0.136281,2.506964
2025,42002124,954,강릉-동진버스,True,4201068,호장골,BIS inventory,True,True,9,7 | 8,128.96083159328956,37.73815121425806,163,1,7,10,2.468201,0.05571
2025,42002124,954,강릉-동진버스,True,4201069,하시동3리3반,BIS inventory,True,True,8,6 | 7,128.96017032919647,37.7406590489229,232,1,6,10,3.513022,0.05571
2025,42002124,954,강릉-동진버스,True,4201070,철길건널목앞,BIS inventory,True,True,11,10 | 9,128.9484470278131,37.73765389539244,398,36,5,6,6.026651,2.005571
2025,42002124,954,강릉-동진버스,True,4201071,철길건널목앞,BIS inventory,True,True,3,1 | 2,128.94850270661007,37.73757538406423,4,168,9,2,0.060569,9.359331
2025,42002124,954,강릉-동진버스,True,4201198,남대천.강릉교,BIS inventory,True,True,13,10 | 12,128.9010015999516,37.75454267936518,1057,1380,3,1,16.005451,76.880223
2025,42002124,954,강릉-동진버스,True,4201199,남대천.강릉교,BIS inventory,True,True,1,0,128.9010687000649,37.75417893755025,1687,38,2,5,25.545124,2.116992
2025,42002125,955,강릉-동진버스,True,4200068,신석,BIS inventory,True,True,25,22 | 23,128.9222626638924,37.73522591649743,114,5,11,16,1.284941,0.19516
2025,42002125,955,강릉-동진버스,True,4200153,공군부대앞,BIS inventory,True,True,13,11 | 12,128.9401442605218,37.74622686326912,0,51,,7,0.0,1.990632
2025,42002125,955,강릉-동진버스,True,4200570,신석입구,BIS inventory,True,True,3,1 | 2,128.92112104933958,37.74060070408295,0,17,,12,0.0,0.663544
2025,42002125,955,강릉-동진버스,True,4200571,신석입구,BIS inventory,True,True,26,23 | 24,128.92121434678074,37.740633508275124,19,68,14,4,0.214157,2.654176
2025,42002125,955,강릉-동진버스,True,4200600,운산노인회관,BIS inventory,True,True,19,16 | 17,128.93671028942424,37.732907768416084,12,0,16,,0.135257,0.0
2025,42002125,955,강릉-동진버스,True,4200601,운산노인회관,BIS inventory,True,True,10,8 | 9,128.93684858416998,37.73287788594293,1,28,19,11,0.011271,1.092896
2025,42002125,955,강릉-동진버스,True,4200602,운산분교,BIS inventory,True,True,20,17 | 18,128.93677350637265,37.730734508227286,868,4,5,18,9.783589,0.156128
2025,42002125,955,강릉-동진버스,True,4200603,운산분교,BIS inventory,True,True,9,7 | 8,128.93686556902622,37.730747600300575,49,32,12,10,0.552299,1.249024
2025,42002125,955,강릉-동진버스,True,4200604,신석종점,BIS inventory,True,True,21,18 | 19,128.92548856169705,37.724168770541205,300,0,8,,3.381425,0.0
2025,42002125,955,강릉-동진버스,True,4200605,신석종점,BIS inventory,True,True,8,6 | 7,128.92550135841566,37.72411554187395,2,79,18,3,0.022543,3.083528
2025,42002125,955,강릉-동진버스,True,4200606,왜골안길,BIS inventory,True,True,22,19 | 20,128.92431613988109,37.72776258609913,394,3,7,20,4.440938,0.117096
2025,42002125,955,강릉-동진버스,True,4200607,왜골안길,BIS inventory,True,True,7,5 | 6,128.9242847541364,37.72773866042556,1,6,19,15,0.011271,0.234192
2025,42002125,955,강릉-동진버스,True,4200608,소재골길,BIS inventory,True,True,23,20 | 21,128.9243373158486,37.73032246539831,18,2,15,22,0.202885,0.078064
2025,42002125,955,강릉-동진버스,True,4200609,소재골길,BIS inventory,True,True,6,4 | 5,128.92430261228944,37.73030112286398,1,33,19,9,0.011271,1.288056
2025,42002125,955,강릉-동진버스,True,4200610,신석회관,BIS inventory,True,True,24,21 | 22,128.922128840552,37.73330388403426,903,4,4,18,10.178088,0.156128
2025,42002125,955,강릉-동진버스,True,4200611,신석회관,BIS inventory,True,True,5,3 | 4,128.92206674319968,37.733298030104976,1,7,19,14,0.011271,0.273224
2025,42002125,955,강릉-동진버스,True,4201058,오리들마을,BIS inventory,True,True,16,14 | 15,128.93730145779827,37.744469925122935,1324,3,3,20,14.923354,0.117096
2025,42002125,955,강릉-동진버스,True,4201059,월호평동,BIS inventory,True,True,14,12 | 13,128.94896909223806,37.74860767924179,723,61,6,6,8.149234,2.380952
2025,42002125,955,강릉-동진버스,True,4201061,공군부대앞,BIS inventory,True,True,15,13 | 14,128.94003300356817,37.746317953634374,282,1,9,23,3.178539,0.039032
2025,42002125,955,강릉-동진버스,True,4201183,독송마을회관,BIS inventory,True,True,11,10 | 9,128.93638737959347,37.73749824702616,3,63,17,5,0.033814,2.459016
2025,42002125,955,강릉-동진버스,True,4201184,독송마을회관,BIS inventory,True,True,17,15 | 16,128.93632837845826,37.737443377869745,268,1,10,23,3.020739,0.039032
2025,42002125,955,강릉-동진버스,True,4201198,남대천.강릉교,BIS inventory,True,True,28,24 | 26,128.9010015999516,37.75454267936518,1478,1865,2,1,16.659152,72.794692
2025,42002125,955,강릉-동진버스,True,4201199,남대천.강릉교,BIS inventory,True,True,1,0,128.9010687000649,37.75417893755025,2088,181,1,2,23.534716,7.064793
2025,42002125,955,강릉-동진버스,True,4201244,신석,BIS inventory,True,True,4,2,128.92220564964913,37.73521532481458,0,5,,16,0.0,0.19516
2025,42002125,955,강릉-동진버스,True,4201252,오리들마을,BIS inventory,True,True,12,10 | 11,128.93739401500017,37.74438483019564,1,34,19,8,0.011271,1.327088
2025,42002125,955,강릉-동진버스,True,4202167,남부노인종합복지관,BIS inventory,True,True,2 | 27,25,128.91383118471262,37.752564379737024,22,9,13,13,0.247971,0.351288
2025,42002127,956-1,강릉-동진버스,True,4200005,강동무료주차장,BIS inventory,True,True,1,0,129.03151265934136,37.688945395109045,125,5,2,6,15.508685,0.95057
2025,42002127,956-1,강릉-동진버스,True,4200019,강동무료주차장,BIS inventory,True,True,14,13,129.03136520192535,37.68890256497467,37,381,8,1,4.590571,72.43346
2025,42002127,956-1,강릉-동진버스,True,4200034,현내리,BIS inventory,True,True,5,4,129.03644185085787,37.61785851158642,69,2,5,8,8.560794,0.380228
2025,42002127,956-1,강릉-동진버스,True,4200046,현내리,BIS inventory,True,True,10,9,129.03655884799974,37.617883796095704,2,6,13,5,0.248139,1.140684
2025,42002127,956-1,강릉-동진버스,True,4201074,분수동,BIS inventory,True,True,2,1,129.02438633004448,37.68420512704344,73,0,4,,9.057072,0.0
2025,42002127,956-1,강릉-동진버스,True,4201075,분수동,BIS inventory,True,True,13,12,129.02442625222523,37.68416226671518,49,5,6,6,6.079404,0.95057
2025,42002127,956-1,강릉-동진버스,True,4201078,오리동,BIS inventory,True,True,12,11,129.01320871433214,37.68272714510743,120,0,3,,14.888337,0.0
2025,42002127,956-1,강릉-동진버스,True,4201079,오리동,BIS inventory,True,True,3,2,129.01320324945965,37.682803393955474,9,2,11,8,1.116625,0.380228
2025,42002127,956-1,강릉-동진버스,True,4201094,낙풍리입구,BIS inventory,True,True,4,3,129.03474260887603,37.62332181243499,3,11,12,3,0.372208,2.091255
2025,42002127,956-1,강릉-동진버스,True,4201095,낙풍리입구,BIS inventory,True,True,11,10,129.03490564391961,37.623384805058976,12,1,10,10,1.488834,0.190114
2025,42002127,956-1,강릉-동진버스,True,4201105,농협주유소,BIS inventory,True,True,9,8,129.03818611643504,37.61343914150935,2,0,13,,0.248139,0.0
2025,42002127,956-1,강릉-동진버스,True,4202032,옥계현내시장,BIS inventory,True,True,7,6,129.03512810350702,37.608949806593664,235,104,1,2,29.156328,19.771863
2025,42002127,956-1,강릉-동진버스,True,4202042,옥계면사무소,BIS inventory,True,True,8,7,129.03870359107486,37.61225376052538,24,0,9,,2.977667,0.0
2025,42002127,956-1,강릉-동진버스,True,4202052,옥계면사무소,BIS inventory,True,True,6,5,129.03863134955023,37.61234830848836,46,9,7,4,5.707196,1.711027
2025,42002128,957,강릉-동진버스,True,4200005,강동무료주차장,BIS inventory,True,True,1,0,129.03151265934136,37.688945395109045,339,5,1,10,21.388013,0.527983
2025,42002128,957,강릉-동진버스,True,4200019,강동무료주차장,BIS inventory,True,True,20,19,129.03136520192535,37.68890256497467,238,638,3,1,15.015773,67.370644
2025,42002128,957,강릉-동진버스,True,4200034,현내리,BIS inventory,True,True,8,7,129.03644185085787,37.61785851158642,44,3,9,12,2.776025,0.31679
2025,42002128,957,강릉-동진버스,True,4200046,현내리,BIS inventory,True,True,13,12,129.03655884799974,37.617883796095704,1,3,15,12,0.063091,0.31679
2025,42002128,957,강릉-동진버스,True,4201074,분수동,BIS inventory,True,True,2,1,129.02438633004448,37.68420512704344,57,5,8,10,3.596215,0.527983
2025,42002128,957,강릉-동진버스,True,4201075,분수동,BIS inventory,True,True,19,18,129.02442625222523,37.68416226671518,189,6,5,9,11.92429,0.63358
2025,42002128,957,강릉-동진버스,True,4201082,산성우2리마을회관,BIS inventory,True,True,3,2,129.02269902654416,37.678299838704675,74,8,7,8,4.66877,0.844773
2025,42002128,957,강릉-동진버스,True,4201083,산성우2리마을회관,BIS inventory,True,True,18,17,129.02279471216545,37.67820045840464,208,86,4,2,13.123028,9.081309
2025,42002128,957,강릉-동진버스,True,4201084,산성우2리,BIS inventory,True,True,4,3,129.01725588482054,37.67160656267303,2,26,13,5,0.126183,2.745512
2025,42002128,957,강릉-동진버스,True,4201085,산성우2리,BIS inventory,True,True,17,16,129.01735333412336,37.671618793132126,1,1,15,15,0.063091,0.105597
2025,42002128,957,강릉-동진버스,True,4201090,피내,BIS inventory,True,True,16,15,129.00674352158242,37.645808828332775,246,2,2,14,15.520505,0.211193
2025,42002128,957,강릉-동진버스,True,4201091,피내,BIS inventory,True,True,5,4,129.0067163489339,37.64587762691358,7,54,12,4,0.44164,5.702218
2025,42002128,957,강릉-동진버스,True,4201092,밤재휴게소,BIS inventory,True,True,6,5,129.01588441130582,37.643605803090345,1,0,15,,0.063091,0.0
2025,42002128,957,강릉-동진버스,True,4201094,낙풍리입구,BIS inventory,True,True,7,6,129.03474260887603,37.62332181243499,1,10,15,7,0.063091,1.055966
2025,42002128,957,강릉-동진버스,True,4201095,낙풍리입구,BIS inventory,True,True,14,13,129.03490564391961,37.623384805058976,1,1,15,15,0.063091,0.105597
2025,42002128,957,강릉-동진버스,True,4201105,농협주유소,BIS inventory,True,True,12,11,129.03818611643504,37.61343914150935,2,0,13,,0.126183,0.0
2025,42002128,957,강릉-동진버스,True,4202032,옥계현내시장,BIS inventory,True,True,10,9,129.03512810350702,37.608949806593664,131,81,6,3,8.264984,8.553326
2025,42002128,957,강릉-동진버스,True,4202042,옥계면사무소,BIS inventory,True,True,11,10,129.03870359107486,37.61225376052538,30,0,10,,1.892744,0.0
2025,42002128,957,강릉-동진버스,True,4202052,옥계면사무소,BIS inventory,True,True,9,8,129.03863134955023,37.61234830848836,13,18,11,6,0.820189,1.900739
2025,42002129,957-1,강릉-동진버스,True,4200005,강동무료주차장,BIS inventory,True,True,1,0,129.03151265934136,37.688945395109045,26,0,2,,23.00885,0.0
2025,42002129,957-1,강릉-동진버스,True,4200019,강동무료주차장,BIS inventory,True,True,10,9,129.03136520192535,37.68890256497467,1,13,5,2,0.884956,28.888889
2025,42002129,957-1,강릉-동진버스,True,4201075,분수동,BIS inventory,True,True,9,8,129.02442625222523,37.68416226671518,3,0,4,,2.654867,0.0
2025,42002129,957-1,강릉-동진버스,True,4201083,산성우2리마을회관,BIS inventory,True,True,7,6,129.02279471216545,37.67820045840464,70,32,1,1,61.946903,71.111111
2025,42002129,957-1,강릉-동진버스,True,4201091,피내,BIS inventory,True,True,5,4,129.0067163489339,37.64587762691358,13,0,3,,11.504425,0.0
2025,42002130,958,강릉-동진버스,True,4200005,강동무료주차장,BIS inventory,True,True,1,0,129.03151265934136,37.688945395109045,325,7,9,19,2.052027,0.06574
2025,42002130,958,강릉-동진버스,True,4200017,금진해양파출소,BIS inventory,True,True,13,12,129.04913775965355,37.65213019488429,1636,380,3,6,10.329587,3.568745
2025,42002130,958,강릉-동진버스,True,4200019,강동무료주차장,BIS inventory,True,True,25,24,129.03136520192535,37.68890256497467,177,27,13,16,1.117565,0.253569
2025,42002130,958,강릉-동진버스,True,4201108,금진항,BIS inventory,True,True,14,13,129.05240741359285,37.652884325935844,380,19,6,17,2.399293,0.178437
2025,42002130,958,강릉-동진버스,True,4201109,금진항,BIS inventory,True,True,12,11,129.05231089842698,37.65294332211634,2,148,22,11,0.012628,1.389932
2025,42002130,958,강릉-동진버스,True,4201110,심곡,BIS inventory,True,True,11,10,129.05054407613815,37.66494664843006,207,1304,12,4,1.306983,12.246431
2025,42002130,958,강릉-동진버스,True,4201111,심곡,BIS inventory,True,True,15,14,129.05072825701674,37.66496744031941,7625,232,1,9,48.143705,2.178813
2025,42002130,958,강릉-동진버스,True,4201112,곰두리연수원,BIS inventory,True,True,16,15,129.04789745395954,37.66792061520934,8,5,20,23,0.050511,0.046957
2025,42002130,958,강릉-동진버스,True,4201113,곰두리연수원,BIS inventory,True,True,10,9,129.04780833020064,37.667941690344094,2,17,22,18,0.012628,0.159654
2025,42002130,958,강릉-동진버스,True,4201114,효도마을,BIS inventory,True,True,17,16,129.04512985205253,37.674325626528194,85,7,15,19,0.536684,0.06574
2025,42002130,958,강릉-동진버스,True,4201115,효도마을,BIS inventory,True,True,9,8,129.04503133124638,37.67430713535879,3,32,21,15,0.018942,0.300526
2025,42002130,958,강릉-동진버스,True,4201116,조각공원,BIS inventory,True,True,18,17,129.0419778617943,37.68142324301774,375,254,7,8,2.367723,2.385424
2025,42002130,958,강릉-동진버스,True,4201117,조각공원,BIS inventory,True,True,8,7,129.04194075670452,37.681301432273415,21,285,18,7,0.132592,2.676559
2025,42002130,958,강릉-동진버스,True,4201118,썬크루즈,BIS inventory,True,True,7 | 19,18,129.0440946513368,37.6820368944123,349,520,8,5,2.203561,4.883546
2025,42002130,958,강릉-동진버스,True,4201119,정동해변,BIS inventory,True,True,20,19,129.04025543414897,37.68609620523521,503,2607,5,2,3.175906,24.483471
2025,42002130,958,강릉-동진버스,True,4201120,정동해변,BIS inventory,True,True,6,5,129.04018588407186,37.686033834572385,1263,200,4,10,7.974492,1.878287
2025,42002130,958,강릉-동진버스,True,4201121,모래시계공원,BIS inventory,True,True,21,20,129.03719508337943,37.68592446993947,70,2968,17,1,0.441975,27.873779
2025,42002130,958,강릉-동진버스,True,4201122,모래시계공원,BIS inventory,True,True,5,4,129.0380673722024,37.685653946463454,155,53,14,13,0.978659,0.497746
2025,42002130,958,강릉-동진버스,True,4201123,정동초등학교,BIS inventory,True,True,22,21,129.03393804786398,37.68800336105405,11,130,19,12,0.069453,1.220887
2025,42002130,958,강릉-동진버스,True,4201124,정동초등학교,BIS inventory,True,True,4,3,129.03365499665549,37.68789867201399,276,7,11,19,1.742644,0.06574
2025,42002130,958,강릉-동진버스,True,4201125,정동교,BIS inventory,True,True,23,22,129.0324614525895,37.688438171101524,80,48,16,14,0.505114,0.450789
2025,42002130,958,강릉-동진버스,True,4201126,정동교,BIS inventory,True,True,3,2,129.03237659003923,37.68846940398579,286,3,10,24,1.805784,0.028174
2025,42002130,958,강릉-동진버스,True,4201127,정동진역,BIS inventory,True,True,24,23,129.03224964663548,37.690253441678834,2,1389,22,3,0.012628,13.044703
2025,42002130,958,강릉-동진버스,True,4201128,정동진역,BIS inventory,True,True,2,1,129.0319921573861,37.69035571739087,1997,6,2,22,12.608915,0.056349
2025,42002131,504-1,강릉-동진버스,True,4200049,남강초교,BIS inventory,True,True,53,52,128.91338089940805,37.76735161096919,2347,3669,31,12,0.574427,1.706202
2025,42002131,504-1,강릉-동진버스,True,4200067,홍제동주민센터,BIS inventory,True,True,46,45,128.8842229051066,37.747848454396006,32800,1579,4,29,8.027784,0.734285
2025,42002131,504-1,강릉-동진버스,True,4200094,강릉여고,BIS inventory,True,True,50,49,128.90248424479844,37.75904463050879,7361,2812,17,19,1.801601,1.30767
2025,42002131,504-1,강릉-동진버스,True,4200095,한국자산관리공사,BIS inventory,True,True,13,12,128.90111921880606,37.75827929877246,5724,4370,22,8,1.400946,2.03219
2025,42002131,504-1,강릉-동진버스,True,4200251,한국은행,BIS inventory,True,True,15,14,128.89406630781096,37.753485602290496,15986,7499,7,6,3.912566,3.487274
2025,42002131,504-1,강릉-동진버스,True,4200252,신영극장,BIS inventory,True,True,49,48,128.8961287589657,37.75448236011555,51477,48079,1,1,12.598971,22.35827
2025,42002131,504-1,강릉-동진버스,True,4200253,교보생명,BIS inventory,True,True,14,13,128.89811415297848,37.756002485379526,46978,46148,2,2,11.497843,21.460293
2025,42002131,504-1,강릉-동진버스,True,4200258,용지각,BIS inventory,True,True,51,50,128.90534669055177,37.76147384168322,3826,2862,26,18,0.936412,1.330921
2025,42002131,504-1,강릉-동진버스,True,4200259,용지각,BIS inventory,True,True,12,11,128.90537716328666,37.76184119439877,8054,2980,15,17,1.971213,1.385795
2025,42002131,504-1,강릉-동진버스,True,4200260,동남아파트,BIS inventory,True,True,52,51,128.9088062489658,37.764638779656714,3430,3636,27,13,0.839491,1.690856
2025,42002131,504-1,강릉-동진버스,True,4200262,로얄아파트.포남1동주민센터,BIS inventory,True,True,10,9,128.90933288179943,37.76545703763149,8070,1593,14,28,1.975129,0.740796
2025,42002131,504-1,강릉-동진버스,True,4200263,송정한신아파트후문,BIS inventory,True,True,60,59,128.9386138022858,37.773558747641985,578,1652,46,26,0.141465,0.768233
2025,42002131,504-1,강릉-동진버스,True,4200264,구)동해상사,BIS inventory,True,True,9,8,128.91165113985977,37.76683747950902,12546,1200,9,34,3.070627,0.558038
2025,42002131,504-1,강릉-동진버스,True,4200265,혜성연립,BIS inventory,True,True,54,53,128.91575952067353,37.76841531999017,1644,3855,39,10,0.402368,1.792698
2025,42002131,504-1,강릉-동진버스,True,4200266,혜성연립,BIS inventory,True,True,8,7,128.9154402649905,37.76852760326643,17564,1654,6,25,4.29878,0.769163
2025,42002131,504-1,강릉-동진버스,True,4200267,삼우은성아파트,BIS inventory,True,True,55,54,128.91973659122027,37.77025900516923,2199,3042,32,16,0.538204,1.414627
2025,42002131,504-1,강릉-동진버스,True,4200268,삼우은성아파트,BIS inventory,True,True,7,6,128.91881978171756,37.77007704319862,15822,1096,8,35,3.872427,0.509675
2025,42002131,504-1,강릉-동진버스,True,4200269,이마트,BIS inventory,True,True,56,55,128.92346774482266,37.772222356268564,1838,3804,38,11,0.44985,1.768981
2025,42002131,504-1,강릉-동진버스,True,4200270,이마트,BIS inventory,True,True,6,5,128.92290403192536,37.77218493598484,9268,1365,12,31,2.268338,0.634769
2025,42002131,504-1,강릉-동진버스,True,4200271,송정동주민센터,BIS inventory,True,True,57,56,128.9281580126049,37.77420386430584,362,1600,48,27,0.088599,0.744051
2025,42002131,504-1,강릉-동진버스,True,4200272,송정동주민센터,BIS inventory,True,True,5,4,128.92775106138072,37.77430053196711,6656,496,19,40,1.629053,0.230656
2025,42002131,504-1,강릉-동진버스,True,4200273,송정신원아침도시,BIS inventory,True,True,58,57,128.93190852770562,37.774810233413945,348,3594,49,14,0.085173,1.671325
2025,42002131,504-1,강릉-동진버스,True,4200274,송정노인회관,BIS inventory,True,True,4,3,128.93141909498914,37.77512821569013,20932,285,5,45,5.123097,0.132534
2025,42002131,504-1,강릉-동진버스,True,4200275,송정한신아파트입구,BIS inventory,True,True,59,58,128.93667614488956,37.77380916737768,118,2152,53,21,0.02888,1.000749
2025,42002131,504-1,강릉-동진버스,True,4200276,송정한신아파트입구,BIS inventory,True,True,3,2,128.93668274097607,37.7740287226972,11064,90,10,49,2.707909,0.041853
2025,42002131,504-1,강릉-동진버스,True,4200318,포남시장,BIS inventory,True,True,11,10,128.90766061502285,37.76392281820552,6227,1523,20,30,1.524055,0.708244
2025,42002131,504-1,강릉-동진버스,True,4200850,강릉의료원,BIS inventory,True,True,17,16,128.88880799404643,37.748819708567,1958,3531,36,15,0.47922,1.642028
2025,42002131,504-1,강릉-동진버스,True,4200851,강릉의료원,BIS inventory,True,True,47,46,128.89091430945297,37.74975576653371,2816,1230,29,33,0.689215,0.571989
2025,42002131,504-1,강릉-동진버스,True,4200852,강릉대도호부관아,BIS inventory,True,True,16,15,128.8916610029413,37.75117323796815,3894,2385,25,20,0.953055,1.109101
2025,42002131,504-1,강릉-동진버스,True,4200853,강릉대도호부관아,BIS inventory,True,True,48,47,128.89234522879923,37.75163825691615,2574,6259,30,7,0.629985,2.910635
2025,42002131,504-1,강릉-동진버스,True,4200862,금산남밭,BIS inventory,True,True,37,36,128.84482898011785,37.73142005932311,817,27,43,60,0.19996,0.012556
2025,42002131,504-1,강릉-동진버스,True,4201005,성산,BIS inventory,True,True,32,31,128.8271623742617,37.714502339268236,1847,1004,37,37,0.452052,0.466892
2025,42002131,504-1,강릉-동진버스,True,4201006,성산치안센터,BIS inventory,True,True,33,32,128.83090633919258,37.71566752965487,6047,53,21,56,1.48,0.024647
2025,42002131,504-1,강릉-동진버스,True,4201007,성산치안센터,BIS inventory,True,True,31,30,128.8310696649731,37.7159774839219,9,2040,60,22,0.002203,0.948665
2025,42002131,504-1,강릉-동진버스,True,4201008,성산면사무소,BIS inventory,True,True,34,33,128.83255254171343,37.71856830087688,10598,138,11,47,2.593855,0.064174
2025,42002131,504-1,강릉-동진버스,True,4201009,성산면사무소,BIS inventory,True,True,30,29,128.832602033901,37.718970827982346,166,4090,52,9,0.040628,1.901981
2025,42002131,504-1,강릉-동진버스,True,4201010,롯데물류센터,BIS inventory,True,True,29,28,128.83446803238593,37.72201867130479,5,496,61,40,0.001224,0.230656
2025,42002131,504-1,강릉-동진버스,True,4201011,남밭,BIS inventory,True,True,28,27,128.84079334848028,37.72889804215958,94,866,54,38,0.023006,0.402718
2025,42002131,504-1,강릉-동진버스,True,4201012,금산남밭,BIS inventory,True,True,27,26,128.8447607772083,37.73146258389618,49,358,56,44,0.011993,0.166481
2025,42002131,504-1,강릉-동진버스,True,4201013,금산2리,BIS inventory,True,True,38,37,128.84906667066036,37.736625360708075,5188,80,23,50,1.26976,0.037203
2025,42002131,504-1,강릉-동진버스,True,4201014,금산2리,BIS inventory,True,True,26,25,128.8489374376084,37.736639355017815,606,1034,45,36,0.148318,0.480843
2025,42002131,504-1,강릉-동진버스,True,4201015,금산장수마을,BIS inventory,True,True,39,38,128.85168575797542,37.73818340581975,1096,44,42,57,0.268245,0.020461
2025,42002131,504-1,강릉-동진버스,True,4201016,금산장수마을,BIS inventory,True,True,25,24,128.85163955991283,37.738245657769,54,411,55,43,0.013216,0.191128
2025,42002131,504-1,강릉-동진버스,True,4201017,금산,BIS inventory,True,True,40,39,128.8558273611666,37.7401726731367,575,33,47,59,0.140731,0.015346
2025,42002131,504-1,강릉-동진버스,True,4201018,금산,BIS inventory,True,True,24,23,128.85573010993187,37.74018242418162,45,115,57,48,0.011014,0.053479
2025,42002131,504-1,강릉-동진버스,True,4201019,금산입구,BIS inventory,True,True,41,40,128.85784327525297,37.7432987440744,2853,77,28,51,0.69827,0.035807
2025,42002131,504-1,강릉-동진버스,True,4201020,금산입구,BIS inventory,True,True,23,22,128.8576797637003,37.74318792289404,39,71,58,53,0.009545,0.033017
2025,42002131,504-1,강릉-동진버스,True,4201021,강릉영동대학,BIS inventory,True,True,42,41,128.85922425091306,37.74487059276654,35658,466,3,42,8.727278,0.216705
2025,42002131,504-1,강릉-동진버스,True,4201022,강릉영동대학,BIS inventory,True,True,22,21,128.8591288923703,37.74495955027462,288,8790,50,5,0.070488,4.087631
2025,42002131,504-1,강릉-동진버스,True,4201023,강릉교도소,BIS inventory,True,True,21,20,128.8655195073396,37.7459157793766,35,1696,59,24,0.008566,0.788694
2025,42002131,504-1,강릉-동진버스,True,4201024,강릉교도소,BIS inventory,True,True,43,42,128.86643612221636,37.745817949506176,1985,75,35,52,0.485828,0.034877
2025,42002131,504-1,강릉-동진버스,True,4201025,공제마을,BIS inventory,True,True,44,43,128.87156333276334,37.74608024312632,2115,170,33,46,0.517645,0.079055
2025,42002131,504-1,강릉-동진버스,True,4201026,공제마을,BIS inventory,True,True,20,19,128.87155618347816,37.74635646052236,269,1337,51,32,0.065838,0.621748
2025,42002131,504-1,강릉-동진버스,True,4201028,홍제I.C,BIS inventory,True,True,45,44,128.8794230311205,37.7473811776377,4643,751,24,39,1.136372,0.349239
2025,42002131,504-1,강릉-동진버스,True,4201029,홍제I.C,BIS inventory,True,True,19,18,128.87894077910576,37.74749468304007,1301,1781,41,23,0.318419,0.828222
2025,42002131,504-1,강릉-동진버스,True,4201030,홍제동주민센터,BIS inventory,True,True,18,17,128.88454291738702,37.74807153236862,2045,10187,34,4,0.500513,4.73728
2025,42002131,504-1,강릉-동진버스,True,4201043,안목,BIS inventory,True,True,1,0,128.94526892930932,37.77285146151794,8971,57,13,54,2.195648,0.026507
2025,42002131,504-1,강릉-동진버스,True,4201044,안목커피거리,BIS inventory,True,True,61,60,128.94543559396536,37.77260342997581,7030,12641,18,3,1.720589,5.878469
2025,42002131,504-1,강릉-동진버스,True,4201379,남밭,BIS inventory,True,True,36,35,128.84064951853864,37.72871037302059,1618,40,40,58,0.396005,0.018601
2025,42002131,504-1,강릉-동진버스,True,4201380,롯데물류센터,BIS inventory,True,True,35,34,128.83451710426255,37.72199688820527,634,17,44,61,0.155171,0.007906
2025,42002131,504-1,강릉-동진버스,True,4201386,송정한신아파트후문,BIS inventory,True,True,2,1,128.93962441064605,37.773612640324636,7439,54,16,55,1.820692,0.025112
2025,42002131,504-1,강릉-동진버스,True,~,,unavailable,False,False,,0,,,1,0,,,0.000245,0.0
2025,42002132,504-2,강릉-동진버스,True,4200095,한국자산관리공사,BIS inventory,True,True,12,11,128.90111921880606,37.75827929877246,279,138,8,4,3.856787,6.475833
2025,42002132,504-2,강릉-동진버스,True,4200104,동명중학교,BIS inventory,True,True,3,2,128.91637238303827,37.777185998905715,180,4,11,22,2.48825,0.187705
2025,42002132,504-2,강릉-동진버스,True,4200106,KT,BIS inventory,True,True,5,4,128.91181164590185,37.77275858732733,339,19,5,16,4.686204,0.8916
2025,42002132,504-2,강릉-동진버스,True,4200108,동인병원입구,BIS inventory,True,True,6,5,128.90953558421478,37.77125258486367,300,29,7,12,4.147083,1.360863
2025,42002132,504-2,강릉-동진버스,True,4200110,하슬라중,BIS inventory,True,True,7,6,128.90715554439282,37.77053362559672,95,30,13,11,1.313243,1.40779
2025,42002132,504-2,강릉-동진버스,True,4200112,강릉관광개발공사,BIS inventory,True,True,8,7,128.9085231695166,37.76800046518587,26,18,18,17,0.359414,0.844674
2025,42002132,504-2,강릉-동진버스,True,4200251,한국은행,BIS inventory,True,True,14,13,128.89406630781096,37.753485602290496,199,104,10,7,2.750899,4.880338
2025,42002132,504-2,강릉-동진버스,True,4200253,교보생명,BIS inventory,True,True,13,12,128.89811415297848,37.756002485379526,1208,475,2,2,16.698922,22.290005
2025,42002132,504-2,강릉-동진버스,True,4200259,용지각,BIS inventory,True,True,11,10,128.90537716328666,37.76184119439877,216,36,9,10,2.9859,1.689348
2025,42002132,504-2,강릉-동진버스,True,4200262,로얄아파트.포남1동주민센터,BIS inventory,True,True,9,8,128.90933288179943,37.76545703763149,484,117,3,6,6.690628,5.49038
2025,42002132,504-2,강릉-동진버스,True,4200288,경포고교,BIS inventory,True,True,1,0,128.91881546540267,37.78075927662396,2805,67,1,8,38.775228,3.144064
2025,42002132,504-2,강릉-동진버스,True,4200289,한솔초교,BIS inventory,True,True,4,3,128.9142086436632,37.775058134113436,362,42,4,9,5.004147,1.970906
2025,42002132,504-2,강릉-동진버스,True,4200318,포남시장,BIS inventory,True,True,10,9,128.90766061502285,37.76392281820552,333,28,6,14,4.603262,1.313937
2025,42002132,504-2,강릉-동진버스,True,4200850,강릉의료원,BIS inventory,True,True,16,15,128.88880799404643,37.748819708567,63,137,14,5,0.870887,6.428907
2025,42002132,504-2,강릉-동진버스,True,4200852,강릉대도호부관아,BIS inventory,True,True,15,14,128.8916610029413,37.75117323796815,56,27,16,15,0.774122,1.267011
2025,42002132,504-2,강릉-동진버스,True,4201005,성산,BIS inventory,True,True,31,30,128.8271623742617,37.714502339268236,0,1,,26,0.0,0.046926
2025,42002132,504-2,강릉-동진버스,True,4201007,성산치안센터,BIS inventory,True,True,30,29,128.8310696649731,37.7159774839219,0,7,,20,0.0,0.328484
2025,42002132,504-2,강릉-동진버스,True,4201009,성산면사무소,BIS inventory,True,True,29,28,128.832602033901,37.718970827982346,0,29,,12,0.0,1.360863
2025,42002132,504-2,강릉-동진버스,True,4201011,남밭,BIS inventory,True,True,27,26,128.84079334848028,37.72889804215958,2,5,21,21,0.027647,0.234632
2025,42002132,504-2,강릉-동진버스,True,4201012,금산남밭,BIS inventory,True,True,26,25,128.8447607772083,37.73146258389618,1,0,22,,0.013824,0.0
2025,42002132,504-2,강릉-동진버스,True,4201014,금산2리,BIS inventory,True,True,25,24,128.8489374376084,37.736639355017815,11,3,19,24,0.15206,0.140779
2025,42002132,504-2,강릉-동진버스,True,4201016,금산장수마을,BIS inventory,True,True,24,23,128.85163955991283,37.738245657769,3,4,20,22,0.041471,0.187705
2025,42002132,504-2,강릉-동진버스,True,4201018,금산,BIS inventory,True,True,23,22,128.85573010993187,37.74018242418162,1,0,22,,0.013824,0.0
2025,42002132,504-2,강릉-동진버스,True,4201020,금산입구,BIS inventory,True,True,22,21,128.8576797637003,37.74318792289404,0,1,,26,0.0,0.046926
2025,42002132,504-2,강릉-동진버스,True,4201022,강릉영동대학,BIS inventory,True,True,21,20,128.8591288923703,37.74495955027462,1,158,22,3,0.013824,7.414359
2025,42002132,504-2,강릉-동진버스,True,4201023,강릉교도소,BIS inventory,True,True,20,19,128.8655195073396,37.7459157793766,0,13,,18,0.0,0.610042
2025,42002132,504-2,강릉-동진버스,True,4201026,공제마을,BIS inventory,True,True,19,18,128.87155618347816,37.74635646052236,1,3,22,24,0.013824,0.140779
2025,42002132,504-2,강릉-동진버스,True,4201029,홍제I.C,BIS inventory,True,True,18,17,128.87894077910576,37.74749468304007,54,9,17,19,0.746475,0.422337
2025,42002132,504-2,강릉-동진버스,True,4201030,홍제동주민센터,BIS inventory,True,True,17,16,128.88454291738702,37.74807153236862,58,626,15,1,0.801769,29.37588
2025,42002132,504-2,강릉-동진버스,True,4201220,포남2주공입구,BIS inventory,True,True,2,1,128.9179885478381,37.77901498558293,157,1,12,26,2.170307,0.046926
2025,42002133,951,강릉-동진버스,True,4200016,강동종합복지회관,BIS inventory,True,True,19,17 | 18,128.9534097899608,37.72765187744945,495,261,6,3,4.693723,6.680317
2025,42002133,951,강릉-동진버스,True,4200026,강동종합복지회관,BIS inventory,True,True,3,1 | 2,128.95225785335822,37.72821012800672,159,120,13,7,1.507681,3.07141
2025,42002133,951,강릉-동진버스,True,4200031,모전리.돌평,BIS inventory,True,True,9,7 | 8,128.95074649026657,37.70985195102544,1333,148,3,4,12.639863,3.788073
2025,42002133,951,강릉-동진버스,True,4200036,언별리,BIS inventory,True,True,11,10 | 9,128.932462653647,37.69147304189006,51,20,17,13,0.483596,0.511902
2025,42002133,951,강릉-동진버스,True,4200512,덕현리,BIS inventory,True,True,13,11 | 12,128.92611817321585,37.705859421056175,90,13,15,15,0.853404,0.332736
2025,42002133,951,강릉-동진버스,True,4200525,강동하나로마트,BIS inventory,True,True,18,16 | 17,128.95401701690832,37.726761856774424,56,48,16,9,0.531007,1.228564
2025,42002133,951,강릉-동진버스,True,4201072,모전삼거리,BIS inventory,True,True,4,2 | 3,128.96457294836412,37.72564861436484,14,21,19,12,0.132752,0.537497
2025,42002133,951,강릉-동진버스,True,4201152,버당말,BIS inventory,True,True,5,3 | 4,128.96277963489464,37.72278384606697,456,351,8,2,4.323914,8.983875
2025,42002133,951,강릉-동진버스,True,4201154,모전1리,BIS inventory,True,True,6,4 | 5,128.96141013771185,37.71981098253356,313,138,9,6,2.96795,3.532122
2025,42002133,951,강릉-동진버스,True,4201156,동그린,BIS inventory,True,True,7,5 | 6,128.96116060941432,37.71694910240202,92,19,14,14,0.872369,0.486307
2025,42002133,951,강릉-동진버스,True,4201158,모전리,BIS inventory,True,True,8,6 | 7,128.95769412799663,37.712385507146145,43,6,18,19,0.407738,0.153571
2025,42002133,951,강릉-동진버스,True,4201163,언별2리,BIS inventory,True,True,10,8 | 9,128.93981173016869,37.70173122003391,267,56,11,8,2.531766,1.433325
2025,42002133,951,강릉-동진버스,True,4201165,송담서원,BIS inventory,True,True,12,10 | 11,128.92985457221653,37.6927197945936,585,144,5,5,5.547127,3.685692
2025,42002133,951,강릉-동진버스,True,4201169,덕현리마을회관,BIS inventory,True,True,14,12 | 13,128.92976451553793,37.71025688950383,163,9,12,17,1.54561,0.230356
2025,42002133,951,강릉-동진버스,True,4201171,덕현리입구,BIS inventory,True,True,15,13 | 14,128.93375842948848,37.71390020089169,275,3,10,20,2.607624,0.076785
2025,42002133,951,강릉-동진버스,True,4201173,상시동,BIS inventory,True,True,16,14 | 15,128.94246528458484,37.71818427280178,730,26,4,10,6.922056,0.665472
2025,42002133,951,강릉-동진버스,True,4201175,상시동2리마을구판장,BIS inventory,True,True,17,15 | 16,128.9490236053727,37.7224263738442,475,8,7,18,4.504077,0.204761
2025,42002133,951,강릉-동진버스,True,4201198,남대천.강릉교,BIS inventory,True,True,21,18 | 20,128.9010015999516,37.75454267936518,1943,2480,2,1,18.424047,63.475813
2025,42002133,951,강릉-동진버스,True,4201199,남대천.강릉교,BIS inventory,True,True,1,0,128.9010687000649,37.75417893755025,3002,26,1,10,28.465769,0.665472
2025,42002133,951,강릉-동진버스,True,4202167,남부노인종합복지관,BIS inventory,True,True,2 | 20,19,128.91383118471262,37.752564379737024,4,10,20,16,0.037929,0.255951
2025,42002135,941-2,강릉-동진버스,True,4200252,신영극장,BIS inventory,True,True,39,38,128.8961287589657,37.75448236011555,4,1065,27,1,0.079177,50.188501
2025,42002135,941-2,강릉-동진버스,True,4200253,교보생명,BIS inventory,True,True,2,1,128.89811415297848,37.756002485379526,1821,14,1,16,36.045131,0.659755
2025,42002135,941-2,강릉-동진버스,True,4200797,KTX공영주차장환승장,BIS inventory,True,True,1 | 40,39,128.8967850727094,37.762190942376556,76,10,15,17,1.504355,0.471254
2025,42002135,941-2,강릉-동진버스,True,4200928,왕산사,BIS inventory,True,True,20,19,128.8594660677207,37.61509686617323,46,20,19,13,0.91053,0.942507
2025,42002135,941-2,강릉-동진버스,True,4200929,왕산구)종점,BIS inventory,True,True,21,20,128.8604892853729,37.62367273667524,77,0,14,,1.524149,0.0
2025,42002135,941-2,강릉-동진버스,True,4200930,왕산구)종점,BIS inventory,True,True,19,18,128.8604095757484,37.623711657099335,0,75,,7,0.0,3.534402
2025,42002135,941-2,강릉-동진버스,True,4200931,샘터휴게실,BIS inventory,True,True,22,21,128.86196479739877,37.62603907325114,193,1,6,31,3.820269,0.047125
2025,42002135,941-2,강릉-동진버스,True,4200932,샘터휴게실,BIS inventory,True,True,18,17,128.8616379939255,37.62586846407014,0,33,,11,0.0,1.555137
2025,42002135,941-2,강릉-동진버스,True,4200934,동물사랑센터,BIS inventory,True,True,6,5,128.8296897075576,37.69907525653717,0,3,,25,0.0,0.141376
2025,42002135,941-2,강릉-동진버스,True,4200935,목계마을회관,BIS inventory,True,True,23,22,128.8591158870725,37.63273899723025,224,0,4,,4.433888,0.0
2025,42002135,941-2,강릉-동진버스,True,4200936,목계마을회관,BIS inventory,True,True,17,16,128.8589875953329,37.632647124497325,46,45,19,9,0.91053,2.120641
2025,42002135,941-2,강릉-동진버스,True,4200937,목계리경로당,BIS inventory,True,True,16,15,128.85926935902992,37.63755434898131,0,17,,15,0.0,0.801131
2025,42002135,941-2,강릉-동진버스,True,4200938,목계리경로당,BIS inventory,True,True,24,23,128.85882831535346,37.63808751377066,48,1,18,31,0.950119,0.047125
2025,42002135,941-2,강릉-동진버스,True,4200939,방터골입구,BIS inventory,True,True,25,24,128.8543538779494,37.64239089992679,231,3,3,25,4.572447,0.141376
2025,42002135,941-2,강릉-동진버스,True,4200940,방터골입구,BIS inventory,True,True,15,14,128.8542224426066,37.642387639932174,0,35,,10,0.0,1.649387
2025,42002135,941-2,강릉-동진버스,True,4200941,목계리,BIS inventory,True,True,26,25,128.8539720247843,37.64675613253988,184,3,8,25,3.642122,0.141376
2025,42002135,941-2,강릉-동진버스,True,4200943,들꽃마을,BIS inventory,True,True,27,26,128.85452027887206,37.65078274958405,67,6,16,22,1.326207,0.282752
2025,42002135,941-2,강릉-동진버스,True,4200944,들꽃마을,BIS inventory,True,True,14,13,128.85442858144177,37.65082634282393,26,20,21,13,0.514648,0.942507
2025,42002135,941-2,강릉-동진버스,True,4200945,백운암입구,BIS inventory,True,True,28,27,128.8503640197509,37.65589468864246,86,1,13,31,1.702296,0.047125
2025,42002135,941-2,강릉-동진버스,True,4200946,백운암입구,BIS inventory,True,True,13,12,128.8502357538194,37.655869833853565,5,22,26,12,0.098971,1.036758
2025,42002135,941-2,강릉-동진버스,True,4200947,탑동교,BIS inventory,True,True,29,28,128.84609145028975,37.66009383864923,221,9,5,19,4.374505,0.424128
2025,42002135,941-2,강릉-동진버스,True,4200948,탑동교,BIS inventory,True,True,12,11,128.84599983023696,37.66005118972853,7,90,24,4,0.138559,4.241282
2025,42002135,941-2,강릉-동진버스,True,4200949,둔지마을,BIS inventory,True,True,30,29,128.84032622893565,37.667211942204936,159,3,10,25,3.147268,0.141376
2025,42002135,941-2,강릉-동진버스,True,4200950,둔지마을,BIS inventory,True,True,11,10,128.8402142080388,37.66721532951788,2,51,29,8,0.039588,2.403393
2025,42002135,941-2,강릉-동진버스,True,4200951,왕산면사무소앞,BIS inventory,True,True,31,30,128.83840731782888,37.6721688588501,826,85,2,5,16.34996,4.005655
2025,42002135,941-2,강릉-동진버스,True,4200952,왕산면사무소앞,BIS inventory,True,True,10,9,128.83831324436588,37.672144012562036,56,83,17,6,1.108472,3.911404
2025,42002135,941-2,강릉-동진버스,True,4200953,도마1리경로당,BIS inventory,True,True,32,31,128.83580313705878,37.675863266048,132,1,11,31,2.612827,0.047125
2025,42002135,941-2,강릉-동진버스,True,4200954,도마1리경로당,BIS inventory,True,True,9,8,128.83571199204746,37.67583487527786,0,130,,3,0.0,6.126296
2025,42002135,941-2,강릉-동진버스,True,4200955,왕산사슴목장,BIS inventory,True,True,33,32,128.82575088668412,37.681344715824196,24,1,22,31,0.475059,0.047125
2025,42002135,941-2,강릉-동진버스,True,4200956,왕산사슴목장,BIS inventory,True,True,8,7,128.82565717295802,37.68132318009433,0,3,,25,0.0,0.141376
2025,42002135,941-2,강릉-동진버스,True,4200957,새재마을,BIS inventory,True,True,34,33,128.8242487855186,37.68544901419477,163,1,9,31,3.226445,0.047125
2025,42002135,941-2,강릉-동진버스,True,4200958,새재마을,BIS inventory,True,True,7,6,128.8242669560502,37.685279144065696,0,9,,19,0.0,0.424128
2025,42002135,941-2,강릉-동진버스,True,4200970,동물사랑센터,BIS inventory,True,True,35,34,128.8298483336448,37.69899913101563,118,0,12,,2.335709,0.0
2025,42002135,941-2,강릉-동진버스,True,4201004,성산,BIS inventory,True,True,36,35,128.82713990486903,37.71438975242994,0,3,,25,0.0,0.141376
2025,42002135,941-2,강릉-동진버스,True,4201005,성산,BIS inventory,True,True,5,4,128.8271623742617,37.714502339268236,4,10,27,17,0.079177,0.471254
2025,42002135,941-2,강릉-동진버스,True,4201006,성산치안센터,BIS inventory,True,True,37,36,128.83090633919258,37.71566752965487,0,6,,22,0.0,0.282752
2025,42002135,941-2,강릉-동진버스,True,4201007,성산치안센터,BIS inventory,True,True,4,3,128.8310696649731,37.7159774839219,11,4,23,24,0.217736,0.188501
2025,42002135,941-2,강릉-동진버스,True,4201008,성산면사무소,BIS inventory,True,True,38,37,128.83255254171343,37.71856830087688,6,251,25,2,0.118765,11.828464
2025,42002135,941-2,강릉-동진버스,True,4201009,성산면사무소,BIS inventory,True,True,3,2,128.832602033901,37.718970827982346,189,8,7,21,3.741093,0.377003
2025,42002136,943,강릉-동진버스,True,4200252,신영극장,BIS inventory,True,True,27,26,128.8961287589657,37.75448236011555,72,1119,12,1,1.402962,51.283226
2025,42002136,943,강릉-동진버스,True,4200253,교보생명,BIS inventory,True,True,2,1,128.89811415297848,37.756002485379526,2326,15,1,10,45.323461,0.687443
2025,42002136,943,강릉-동진버스,True,4200556,위촌리,BIS inventory,True,True,12,11,128.83630340406063,37.75966855469253,21,223,13,2,0.409197,10.219982
2025,42002136,943,강릉-동진버스,True,4200557,위촌2리경로당,BIS inventory,True,True,15,14,128.84459001673955,37.75958593352651,551,6,2,12,10.736555,0.274977
2025,42002136,943,강릉-동진버스,True,4200558,위촌2리경로당,BIS inventory,True,True,11,10,128.84480889532918,37.75954345559538,11,94,14,7,0.214341,4.307974
2025,42002136,943,강릉-동진버스,True,4200559,송양초교,BIS inventory,True,True,16,15,128.84774510140426,37.757348769268916,266,3,6,17,5.183164,0.137489
2025,42002136,943,강릉-동진버스,True,4200560,송양초교,BIS inventory,True,True,10,9,128.84779064633727,37.75738270190068,4,26,16,8,0.077942,1.191567
2025,42002136,943,강릉-동진버스,True,4200797,KTX공영주차장환승장,BIS inventory,True,True,1 | 28,27,128.8967850727094,37.762190942376556,118,193,10,4,2.299299,8.845096
2025,42002136,943,강릉-동진버스,True,4201015,금산장수마을,BIS inventory,True,True,23,22,128.85168575797542,37.73818340581975,4,11,16,11,0.077942,0.504125
2025,42002136,943,강릉-동진버스,True,4201016,금산장수마을,BIS inventory,True,True,6,5,128.85163955991283,37.738245657769,2,3,24,17,0.038971,0.137489
2025,42002136,943,강릉-동진버스,True,4201017,금산,BIS inventory,True,True,24,23,128.8558273611666,37.7401726731367,4,0,16,,0.077942,0.0
2025,42002136,943,강릉-동진버스,True,4201019,금산입구,BIS inventory,True,True,25,24,128.85784327525297,37.7432987440744,0,2,,19,0.0,0.091659
2025,42002136,943,강릉-동진버스,True,4201021,강릉영동대학,BIS inventory,True,True,26,25,128.85922425091306,37.74487059276654,3,105,22,6,0.058457,4.812099
2025,42002136,943,강릉-동진버스,True,4201022,강릉영동대학,BIS inventory,True,True,3,2,128.8591288923703,37.74495955027462,4,6,16,12,0.077942,0.274977
2025,42002136,943,강릉-동진버스,True,4201397,임경당입구,BIS inventory,True,True,7,6,128.85065952125555,37.73971869052315,4,23,16,9,0.077942,1.054079
2025,42002136,943,강릉-동진버스,True,4201398,임경당입구,BIS inventory,True,True,22,21,128.85060665622572,37.73967510840446,3,1,22,21,0.058457,0.04583
2025,42002136,943,강릉-동진버스,True,4201399,항생골입구,BIS inventory,True,True,8,7,128.84855527295463,37.74848089866381,10,201,15,3,0.194856,9.211732
2025,42002136,943,강릉-동진버스,True,4201400,항생골입구,BIS inventory,True,True,21,20,128.84848669485692,37.7484721037036,302,0,4,,5.884645,0.0
2025,42002136,943,강릉-동진버스,True,4201401,위촌1리마을회관,BIS inventory,True,True,9,8,128.8493169939177,37.752759763627935,4,132,16,5,0.077942,6.049496
2025,42002136,943,강릉-동진버스,True,4201402,위촌1리마을회관,BIS inventory,True,True,20,19,128.84922183855028,37.75276536684672,280,0,5,,5.455963,0.0
2025,42002136,943,강릉-동진버스,True,4201403,양지골,BIS inventory,True,True,17,16,128.84419682263942,37.754675826474795,81,2,11,19,1.578332,0.091659
2025,42002136,943,강릉-동진버스,True,4201404,양지골,BIS inventory,True,True,19,18,128.8442384161847,37.75462833677575,241,1,8,21,4.696025,0.04583
2025,42002136,943,강릉-동진버스,True,4201405,홈방골,BIS inventory,True,True,18,17,128.83894035853254,37.753110338802365,256,5,7,15,4.988309,0.229148
2025,42002136,943,강릉-동진버스,True,4201406,지암사입구,BIS inventory,True,True,13,12,128.8326543984501,37.76849221810292,207,6,9,12,4.033515,0.274977
2025,42002136,943,강릉-동진버스,True,4201408,위촌리,BIS inventory,True,True,14,13,128.8362872937098,37.75958677922043,358,5,3,15,6.975838,0.229148
2025,42002137,943-1,강릉-동진버스,True,4200045,형제막국수,BIS inventory,True,True,3,2,128.86624288991882,37.755124519467394,10,8,17,16,0.192271,0.446927
2025,42002137,943-1,강릉-동진버스,True,4200138,즈므.과학단지,BIS inventory,True,True,14,12,128.8604076986006,37.79746479759031,9,320,18,2,0.173044,17.877095
2025,42002137,943-1,강릉-동진버스,True,4200229,즈므.과학단지,BIS inventory,True,True,16,14,128.86079294239343,37.79710821329875,35,12,12,12,0.672948,0.670391
2025,42002137,943-1,강릉-동진버스,True,4200231,한밭입구,BIS inventory,True,True,15,13,128.86496052027113,37.791610745411326,5,3,21,19,0.096135,0.167598
2025,42002137,943-1,강릉-동진버스,True,4200252,신영극장,BIS inventory,True,True,28,25,128.8961287589657,37.75448236011555,20,767,15,1,0.384541,42.849162
2025,42002137,943-1,강릉-동진버스,True,4200253,교보생명,BIS inventory,True,True,2,1,128.89811415297848,37.756002485379526,3041,37,1,7,58.469525,2.067039
2025,42002137,943-1,강릉-동진버스,True,4200372,송암,BIS inventory,True,True,9 | 21,18,128.82637877635176,37.78089823387296,126,15,6,11,2.422611,0.837989
2025,42002137,943-1,강릉-동진버스,True,4200373,송암리노인복지회관,BIS inventory,True,True,10 | 22,19,128.83714806452136,37.781611643083856,636,5,2,18,12.228418,0.27933
2025,42002137,943-1,강릉-동진버스,True,4200374,송암리노인복지회관,BIS inventory,True,True,8 | 20,17,128.8371281193178,37.78167045367396,44,129,10,5,0.845991,7.206704
2025,42002137,943-1,강릉-동진버스,True,4200375,신평교,BIS inventory,True,True,11,10,128.8476422534893,37.786964946063456,42,1,11,21,0.807537,0.055866
2025,42002137,943-1,강릉-동진버스,True,4200376,신평교,BIS inventory,True,True,19,16,128.84751858457875,37.787025988717744,92,10,9,14,1.768891,0.558659
2025,42002137,943-1,강릉-동진버스,True,4200377,즈므교,BIS inventory,True,True,12,11,128.8503710096998,37.790650810639626,7,9,19,15,0.13459,0.502793
2025,42002137,943-1,강릉-동진버스,True,4200378,즈므교,BIS inventory,True,True,18,15,128.8504671545161,37.79077991715075,6,2,20,20,0.115362,0.111732
2025,42002137,943-1,강릉-동진버스,True,4200558,위촌2리경로당,BIS inventory,True,True,7,6,128.84480889532918,37.75954345559538,33,172,13,3,0.634493,9.608939
2025,42002137,943-1,강릉-동진버스,True,4200559,송양초교,BIS inventory,True,True,24,21,128.84774510140426,37.757348769268916,238,1,5,21,4.576043,0.055866
2025,42002137,943-1,강릉-동진버스,True,4200560,송양초교,BIS inventory,True,True,6,5,128.84779064633727,37.75738270190068,0,77,,6,0.0,4.301676
2025,42002137,943-1,강릉-동진버스,True,4200561,위촌1교,BIS inventory,True,True,25,22,128.85248954070696,37.758669118271264,338,0,3,,6.49875,0.0
2025,42002137,943-1,강릉-동진버스,True,4200562,위촌1교,BIS inventory,True,True,5,4,128.85256313236903,37.758700268834,11,22,16,9,0.211498,1.22905
2025,42002137,943-1,강릉-동진버스,True,4200563,신암동산,BIS inventory,True,True,26,23,128.856450486855,37.759838948235505,108,12,8,12,2.076524,0.670391
2025,42002137,943-1,강릉-동진버스,True,4200564,신암동산,BIS inventory,True,True,4,3,128.85644693333413,37.7598894548062,2,16,22,10,0.038454,0.893855
2025,42002137,943-1,강릉-동진버스,True,4200797,KTX공영주차장환승장,BIS inventory,True,True,1 | 29,26,128.8967850727094,37.762190942376556,114,33,7,8,2.191886,1.843575
2025,42002137,943-1,강릉-동진버스,True,4209992,형제막국수,BIS inventory,True,True,27,24,128.8658104402118,37.755293592514285,25,133,14,4,0.480677,7.430168
2025,42002137,943-1,강릉-동진버스,True,4209994,위촌2리경로당,BIS inventory,True,True,23,20,128.8446791622344,37.75971028072801,259,6,4,17,4.979812,0.335196
2025,42002138,943-2,강릉-동진버스,True,4200138,즈므.과학단지,BIS inventory,True,True,15,13,128.8604076986006,37.79746479759031,1,90,20,3,0.043573,10.752688
2025,42002138,943-2,강릉-동진버스,True,4200229,즈므.과학단지,BIS inventory,True,True,17,15,128.86079294239343,37.79710821329875,40,2,10,13,1.742919,0.238949
2025,42002138,943-2,강릉-동진버스,True,4200231,한밭입구,BIS inventory,True,True,16,14,128.86496052027113,37.791610745411326,5,3,17,11,0.217865,0.358423
2025,42002138,943-2,강릉-동진버스,True,4200252,신영극장,BIS inventory,True,True,34,31,128.8961287589657,37.75448236011555,6,478,16,1,0.261438,57.108722
2025,42002138,943-2,강릉-동진버스,True,4200372,송암,BIS inventory,True,True,10 | 22,19,128.82637877635176,37.78089823387296,278,4,2,9,12.11329,0.477897
2025,42002138,943-2,강릉-동진버스,True,4200373,송암리노인복지회관,BIS inventory,True,True,11 | 23,20,128.83714806452136,37.781611643083856,675,6,1,7,29.411765,0.716846
2025,42002138,943-2,강릉-동진버스,True,4200374,송암리노인복지회관,BIS inventory,True,True,9 | 21,18,128.8371281193178,37.78167045367396,5,4,17,9,0.217865,0.477897
2025,42002138,943-2,강릉-동진버스,True,4200375,신평교,BIS inventory,True,True,12,11,128.8476422534893,37.786964946063456,69,0,8,,3.006536,0.0
2025,42002138,943-2,강릉-동진버스,True,4200376,신평교,BIS inventory,True,True,20,17,128.84751858457875,37.787025988717744,81,1,7,15,3.529412,0.119474
2025,42002138,943-2,강릉-동진버스,True,4200377,즈므교,BIS inventory,True,True,13,12,128.8503710096998,37.790650810639626,1,3,20,11,0.043573,0.358423
2025,42002138,943-2,강릉-동진버스,True,4200378,즈므교,BIS inventory,True,True,19,16,128.8504671545161,37.79077991715075,8,0,15,,0.348584,0.0
2025,42002138,943-2,강릉-동진버스,True,4200556,위촌리,BIS inventory,True,True,7 | 25,22,128.83630340406063,37.75966855469253,14,36,14,4,0.610022,4.301075
2025,42002138,943-2,강릉-동진버스,True,4200557,위촌2리경로당,BIS inventory,True,True,8 | 28,25,128.84459001673955,37.75958593352651,251,0,5,,10.936819,0.0
2025,42002138,943-2,강릉-동진버스,True,4200558,위촌2리경로당,BIS inventory,True,True,6,5,128.84480889532918,37.75954345559538,1,10,20,5,0.043573,1.194743
2025,42002138,943-2,강릉-동진버스,True,4200559,송양초교,BIS inventory,True,True,29,26,128.84774510140426,37.757348769268916,270,1,3,15,11.764706,0.119474
2025,42002138,943-2,강릉-동진버스,True,4200561,위촌1교,BIS inventory,True,True,31,28,128.85248954070696,37.758669118271264,1,0,20,,0.043573,0.0
2025,42002138,943-2,강릉-동진버스,True,4200563,신암동산,BIS inventory,True,True,32,29,128.856450486855,37.759838948235505,21,6,12,7,0.915033,0.716846
2025,42002138,943-2,강릉-동진버스,True,4200568,한내들아파트,BIS inventory,True,True,2,1,128.86810919243274,37.75812879141779,1,0,20,,0.043573,0.0
2025,42002138,943-2,강릉-동진버스,True,4200797,KTX공영주차장환승장,BIS inventory,True,True,35,32,128.8967850727094,37.762190942376556,1,10,20,5,0.043573,1.194743
2025,42002138,943-2,강릉-동진버스,True,4201401,위촌1리마을회관,BIS inventory,True,True,30,27,128.8493169939177,37.752759763627935,214,2,6,13,9.324619,0.238949
2025,42002138,943-2,강릉-동진버스,True,4201406,지암사입구,BIS inventory,True,True,26,23,128.8326543984501,37.76849221810292,256,1,4,15,11.154684,0.119474
2025,42002138,943-2,강릉-동진버스,True,4201407,우미린아파트,BIS inventory,True,True,1,0,128.87047584429433,37.757205866745004,20,0,13,,0.87146,0.0
2025,42002138,943-2,강릉-동진버스,True,4201408,위촌리,BIS inventory,True,True,27,24,128.8362872937098,37.75958677922043,50,0,9,,2.178649,0.0
2025,42002138,943-2,강릉-동진버스,True,4209992,형제막국수,BIS inventory,True,True,33,30,128.8658104402118,37.755293592514285,3,180,19,2,0.130719,21.505376
2025,42002138,943-2,강릉-동진버스,True,4209994,위촌2리경로당,BIS inventory,True,True,24,21,128.8446791622344,37.75971028072801,23,0,11,,1.002179,0.0
2025,42002139,944-1,강릉-동진버스,True,4200252,신영극장,BIS inventory,True,True,37,36,128.8961287589657,37.75448236011555,36,727,19,1,0.900901,53.891772
2025,42002139,944-1,강릉-동진버스,True,4200253,교보생명,BIS inventory,True,True,2,1,128.89811415297848,37.756002485379526,1545,16,1,9,38.663664,1.186064
2025,42002139,944-1,강릉-동진버스,True,4200301,보현사입구주차장,BIS inventory,True,True,27,26,128.78312046358457,37.738359845157134,30,10,20,11,0.750751,0.74129
2025,42002139,944-1,강릉-동진버스,True,4200535,앞무쇠골,BIS inventory,True,True,28,27,128.7907679545247,37.73580475645548,53,2,14,25,1.326326,0.148258
2025,42002139,944-1,강릉-동진버스,True,4200537,선자령고개입구,BIS inventory,True,True,29,28,128.79231046446523,37.732508544183865,2,2,29,25,0.05005,0.148258
2025,42002139,944-1,강릉-동진버스,True,4200538,망월이마을,BIS inventory,True,True,30,29,128.792107212951,37.72942872713486,240,9,4,13,6.006006,0.667161
2025,42002139,944-1,강릉-동진버스,True,4200541,보광리,BIS inventory,True,True,24,23,128.7969029719891,37.73733219171309,113,29,9,6,2.827828,2.149741
2025,42002139,944-1,강릉-동진버스,True,4200797,KTX공영주차장환승장,BIS inventory,True,True,1 | 38,37,128.8967850727094,37.762190942376556,61,50,13,4,1.526527,3.706449
2025,42002139,944-1,강릉-동진버스,True,4200965,보광리입구,BIS inventory,True,True,33,32,128.81696481575804,37.72096716251408,11,0,25,,0.275275,0.0
2025,42002139,944-1,강릉-동진버스,True,4200966,어흘리.굴면동,BIS inventory,True,True,32,31,128.81355554198663,37.72030372991263,18,0,23,,0.45045,0.0
2025,42002139,944-1,강릉-동진버스,True,4200968,대관령박물관,BIS inventory,True,True,31,30,128.80478202234156,37.716950876906495,135,2,8,25,3.378378,0.148258
2025,42002139,944-1,강릉-동진버스,True,4200974,샘골식당,BIS inventory,True,True,9,8,128.8117504319814,37.72973210273536,247,8,3,15,6.181181,0.593032
2025,42002139,944-1,강릉-동진버스,True,4200978,보현사종점,BIS inventory,True,True,26,25,128.7926653824033,37.738105478358804,72,2,11,25,1.801802,0.148258
2025,42002139,944-1,강릉-동진버스,True,4200980,무시골,BIS inventory,True,True,25,24,128.79415740714765,37.73788769905595,52,21,16,7,1.301301,1.556709
2025,42002139,944-1,강릉-동진버스,True,4200982,감나무민박,BIS inventory,True,True,23,22,128.7987894816223,37.73785238030648,24,3,22,22,0.600601,0.222387
2025,42002139,944-1,강릉-동진버스,True,4200984,보광평,BIS inventory,True,True,22,21,128.8025237456016,37.73822613746055,53,4,14,21,1.326326,0.296516
2025,42002139,944-1,강릉-동진버스,True,4200986,보광보건진료소,BIS inventory,True,True,21,20,128.80534439890508,37.738079523472834,210,6,6,17,5.255255,0.444774
2025,42002139,944-1,강릉-동진버스,True,4200987,삼왕,BIS inventory,True,True,15,14,128.79442364222726,37.75959705206606,223,46,5,5,5.580581,3.409933
2025,42002139,944-1,강릉-동진버스,True,4200988,기도원삼거리,BIS inventory,True,True,16,15,128.7947703606971,37.75829009149865,66,0,12,,1.651652,0.0
2025,42002139,944-1,강릉-동진버스,True,4200990,대궁산장,BIS inventory,True,True,17,16,128.7955529097602,37.75668446239291,85,1,10,31,2.127127,0.074129
2025,42002139,944-1,강릉-동진버스,True,4200991,대궁산장,BIS inventory,True,True,13,12,128.7956519785838,37.75672773187815,0,3,,22,0.0,0.222387
2025,42002139,944-1,강릉-동진버스,True,4200992,석불사입구,BIS inventory,True,True,18,17,128.79428550244546,37.75401121249684,2,0,29,,0.05005,0.0
2025,42002139,944-1,강릉-동진버스,True,4200993,석불사입구,BIS inventory,True,True,12,11,128.79436174094738,37.75400145159608,0,2,,25,0.0,0.148258
2025,42002139,944-1,강릉-동진버스,True,4200994,보광본동,BIS inventory,True,True,19,18,128.79938186856992,37.746227466734425,434,5,2,19,10.860861,0.370645
2025,42002139,944-1,강릉-동진버스,True,4200995,보광본동,BIS inventory,True,True,11,10,128.79947706651464,37.746310402073284,3,21,28,7,0.075075,1.556709
2025,42002139,944-1,강릉-동진버스,True,4200998,보광리체험학습장,BIS inventory,True,True,10,9,128.8076688924087,37.73819161617253,26,66,21,3,0.650651,4.892513
2025,42002139,944-1,강릉-동진버스,True,4201000,옥터가든,BIS inventory,True,True,8,7,128.8137241133093,37.7280870855366,0,6,,17,0.0,0.444774
2025,42002139,944-1,강릉-동진버스,True,4201003,보광리입구,BIS inventory,True,True,6,5,128.81690957708614,37.721147642825436,5,15,26,10,0.125125,1.111935
2025,42002139,944-1,강릉-동진버스,True,4201004,성산,BIS inventory,True,True,34,33,128.82713990486903,37.71438975242994,1,10,31,11,0.025025,0.74129
2025,42002139,944-1,강릉-동진버스,True,4201005,성산,BIS inventory,True,True,5,4,128.8271623742617,37.714502339268236,14,5,24,19,0.35035,0.370645
2025,42002139,944-1,강릉-동진버스,True,4201006,성산치안센터,BIS inventory,True,True,35,34,128.83090633919258,37.71566752965487,0,9,,13,0.0,0.667161
2025,42002139,944-1,강릉-동진버스,True,4201007,성산치안센터,BIS inventory,True,True,4,3,128.8310696649731,37.7159774839219,41,3,18,22,1.026026,0.222387
2025,42002139,944-1,강릉-동진버스,True,4201008,성산면사무소,BIS inventory,True,True,36,35,128.83255254171343,37.71856830087688,4,256,27,2,0.1001,18.97702
2025,42002139,944-1,강릉-동진버스,True,4201009,성산면사무소,BIS inventory,True,True,3,2,128.832602033901,37.718970827982346,141,8,7,15,3.528529,0.593032
2025,42002139,944-1,강릉-동진버스,True,4201235,보광리체험학습장,BIS inventory,True,True,20,19,128.80754877575424,37.738056785776784,49,2,17,25,1.226226,0.148258
2025,42002141,시티1,강릉-동진버스,True,4200002,소돌해변입구,BIS inventory,True,True,36,31 | 32 | 33 | 34 | 35,128.81905535960837,37.90780434670355,34,187,66,43,0.04068,0.276836
2025,42002141,시티1,강릉-동진버스,True,4200181,주문진해변,BIS inventory,True,True,38,33 | 34 | 35 | 36 | 37,128.81692175696733,37.90940788063508,3378,194,9,42,4.041685,0.287199
2025,42002141,시티1,강릉-동진버스,True,4200182,주문진해변,BIS inventory,True,True,37,32 | 33 | 34 | 35 | 36,128.81704671925502,37.90944057885068,98,3515,63,6,0.117254,5.20363
2025,42002141,시티1,강릉-동진버스,True,4200244,안목커피거리,BIS inventory,True,True,70,62 | 64 | 66 | 68 | 69,128.94578809167245,37.77230230429985,4255,9140,5,1,5.090992,13.530918
2025,42002141,시티1,강릉-동진버스,True,4200323,경포해변,BIS inventory,True,True,10,8 | 9,128.90582022350918,37.80466237027648,4506,2449,3,8,5.391306,3.625516
2025,42002141,시티1,강릉-동진버스,True,4200368,가둔지유적,BIS inventory,True,True,15,13 | 14,128.882327030694,37.82527019767428,48,58,65,61,0.057431,0.085864
2025,42002141,시티1,강릉-동진버스,True,4200369,가둔지유적,BIS inventory,True,True,57,50 | 52 | 54 | 55 | 56,128.882153019297,37.82520493756786,121,36,60,65,0.144773,0.053295
2025,42002141,시티1,강릉-동진버스,True,4200381,연곡소나무길,BIS inventory,True,True,22,18 | 19 | 20 | 21,128.86219953750597,37.850074873961454,165,187,53,43,0.197418,0.276836
2025,42002141,시티1,강릉-동진버스,True,4200434,사근진해변,BIS inventory,True,True,11,10 | 9,128.898597450209,37.812322584245415,1038,1173,26,16,1.241939,1.736517
2025,42002141,시티1,강릉-동진버스,True,4200435,사근진해변,BIS inventory,True,True,61,54 | 56 | 58 | 59 | 60,128.89766129562162,37.81294729745145,2794,1042,11,19,3.342945,1.542584
2025,42002141,시티1,강릉-동진버스,True,4200436,순긋해변,BIS inventory,True,True,12,10 | 11,128.89252003394913,37.81667547893821,538,353,33,32,0.643702,0.522584
2025,42002141,시티1,강릉-동진버스,True,4200437,순긋해변,BIS inventory,True,True,60,53 | 55 | 57 | 58 | 59,128.89288352206873,37.81622289476459,1217,219,22,40,1.456107,0.324209
2025,42002141,시티1,강릉-동진버스,True,4200438,순포해변,BIS inventory,True,True,13,11 | 12,128.8909555032514,37.81845994015455,108,74,62,57,0.129219,0.10955
2025,42002141,시티1,강릉-동진버스,True,4200439,순포해변,BIS inventory,True,True,59,52 | 54 | 56 | 57 | 58,128.8896479640838,37.81947984719446,137,70,56,58,0.163917,0.103628
2025,42002141,시티1,강릉-동진버스,True,4200440,산대월리.순포,BIS inventory,True,True,14,12 | 13,128.88547702493108,37.822903011074914,208,151,49,48,0.248866,0.223541
2025,42002141,시티1,강릉-동진버스,True,4200441,산대월리.순포,BIS inventory,True,True,58,51 | 53 | 55 | 56 | 57,128.88527417343033,37.822868850849,441,103,36,52,0.527645,0.152482
2025,42002141,시티1,강릉-동진버스,True,4200442,사천해변,BIS inventory,True,True,16,14 | 15,128.87869491904522,37.828713817312966,121,180,60,45,0.144773,0.266473
2025,42002141,시티1,강릉-동진버스,True,4200443,사천해변,BIS inventory,True,True,56,49 | 51 | 53 | 54 | 55,128.87827311977188,37.82882341864164,514,141,34,49,0.614987,0.208737
2025,42002141,시티1,강릉-동진버스,True,4200444,사천캠핑장,BIS inventory,True,True,17,15 | 16,128.87516834469744,37.831731302711255,142,402,55,30,0.169899,0.595124
2025,42002141,시티1,강릉-동진버스,True,4200445,사천캠핑장,BIS inventory,True,True,55,48 | 50 | 52 | 53 | 54,128.8750445298634,37.831686225915426,360,59,42,60,0.43073,0.087344
2025,42002141,시티1,강릉-동진버스,True,4200447,사천물회거리,BIS inventory,True,True,18,16 | 17,128.8757309061334,37.83810545841113,1422,2152,21,9,1.701384,3.185835
2025,42002141,시티1,강릉-동진버스,True,4200449,사천물회거리,BIS inventory,True,True,54,47 | 49 | 51 | 52 | 53,128.8755979856823,37.838072593350674,3672,869,7,20,4.393448,1.286474
2025,42002141,시티1,강릉-동진버스,True,4200450,연곡해변,BIS inventory,True,True,49,44 | 45 | 46 | 47 | 48,128.8529783059013,37.85739414992972,370,102,41,53,0.442695,0.151001
2025,42002141,시티1,강릉-동진버스,True,4200451,연곡해변,BIS inventory,True,True,23,19 | 20 | 21 | 22,128.85309149153562,37.85745785808507,268,176,45,46,0.320655,0.260552
2025,42002141,시티1,강릉-동진버스,True,4200509,연곡소나무길,BIS inventory,True,True,50,45 | 46 | 47 | 48 | 49,128.8618386269624,37.85018703668437,389,89,38,54,0.465428,0.131756
2025,42002141,시티1,강릉-동진버스,True,4200517,해오름쉼터,BIS inventory,True,True,46,41 | 42 | 43 | 44 | 45,128.8414184387453,37.87167485028107,540,243,32,38,0.646095,0.359739
2025,42002141,시티1,강릉-동진버스,True,4200518,소돌해변,BIS inventory,True,True,39,34 | 35 | 36 | 37 | 38,128.8237001059589,37.9072478711743,1119,14,24,70,1.338853,0.020726
2025,42002141,시티1,강릉-동진버스,True,4200522,게스트하우스거리,BIS inventory,True,True,31,26 | 27 | 28 | 29 | 30,128.8339253329715,37.896167167389095,246,262,47,36,0.294332,0.387867
2025,42002141,시티1,강릉-동진버스,True,4200523,소돌해변,BIS inventory,True,True,35,30 | 31 | 32 | 33 | 34,128.82357421556765,37.90742431202615,15,737,69,24,0.017947,1.09106
2025,42002141,시티1,강릉-동진버스,True,4200527,오리진항,BIS inventory,True,True,33,28 | 29 | 30 | 31 | 32,128.8317491433552,37.9007448060665,26,458,67,28,0.031108,0.678026
2025,42002141,시티1,강릉-동진버스,True,4200531,게스트하우스거리,BIS inventory,True,True,43,38 | 39 | 40 | 41 | 42,128.83380690814315,37.89613511363595,473,126,35,50,0.565932,0.186531
2025,42002141,시티1,강릉-동진버스,True,4200532,주문진항,BIS inventory,True,True,29,25 | 26 | 27 | 28,128.8290758047728,37.892766657375546,254,1279,46,15,0.303904,1.89344
2025,42002141,시티1,강릉-동진버스,True,4200536,오리진항,BIS inventory,True,True,41,36 | 37 | 38 | 39 | 40,128.8317047746547,37.90064451287537,1424,23,20,68,1.703777,0.034049
2025,42002141,시티1,강릉-동진버스,True,4200539,해오름쉼터,BIS inventory,True,True,26,22 | 23 | 24 | 25,128.8415292308554,37.871715916564284,396,610,37,26,0.473803,0.903048
2025,42002141,시티1,강릉-동진버스,True,4200549,세인트존스호텔,BIS inventory,True,True,65,58 | 60 | 62 | 63 | 64,128.92167986735865,37.790864197302774,993,1586,27,11,1.188097,2.347925
2025,42002141,시티1,강릉-동진버스,True,4200550,세인트존스호텔,BIS inventory,True,True,6,4 | 5,128.9216970367292,37.79098344901958,2439,524,14,27,2.918197,0.775733
2025,42002141,시티1,강릉-동진버스,True,4200553,해송삼거리,BIS inventory,True,True,66,59 | 61 | 63 | 64 | 65,128.9252087534945,37.78824187943356,178,1605,52,10,0.212972,2.376053
2025,42002141,시티1,강릉-동진버스,True,4200554,해송삼거리,BIS inventory,True,True,5,3 | 4,128.92513343525474,37.78843042396744,1184,83,23,56,1.416624,0.122874
2025,42002141,시티1,강릉-동진버스,True,4200613,강문해변,BIS inventory,True,True,64,57 | 59 | 61 | 62 | 63,128.91641678869786,37.79529298920251,3559,7102,8,2,4.258247,10.513849
2025,42002141,시티1,강릉-동진버스,True,4201057,안목커피거리,BIS inventory,True,True,1,0,128.94590416266868,37.77225695392567,2346,27,16,67,2.806925,0.039971
2025,42002141,시티1,강릉-동진버스,True,4201242,경포해변,BIS inventory,True,True,62,55 | 57 | 59 | 60 | 61,128.9052529004403,37.80440358093674,5207,5686,2,3,6.230034,8.417593
2025,42002141,시티1,강릉-동진버스,True,4201261,강문해변입구,BIS inventory,True,True,8,6 | 7,128.9152492720649,37.794762154181576,2422,647,15,25,2.897857,0.957823
2025,42002141,시티1,강릉-동진버스,True,4201262,안목해변,BIS inventory,True,True,69,61 | 63 | 65 | 67 | 68,128.9453268042541,37.77365094131008,26,3918,67,5,0.031108,5.800234
2025,42002141,시티1,강릉-동진버스,True,4201263,안목해변,BIS inventory,True,True,2,1,128.94493768408068,37.774178194287636,4307,56,4,63,5.153208,0.082903
2025,42002141,시티1,강릉-동진버스,True,4201264,송정해변,BIS inventory,True,True,68,60 | 62 | 64 | 66 | 67,128.93690998005923,37.77994173288209,180,1484,50,13,0.215365,2.196924
2025,42002141,시티1,강릉-동진버스,True,4201265,송정해변,BIS inventory,True,True,3,2,128.937243026154,37.779799396228796,3092,57,10,62,3.699494,0.084383
2025,42002141,시티1,강릉-동진버스,True,4201266,경포호,BIS inventory,True,True,63,56 | 58 | 60 | 61 | 62,128.91144337577538,37.79931158521169,1442,1524,19,12,1.725314,2.25614
2025,42002141,시티1,강릉-동진버스,True,4201267,경포호,BIS inventory,True,True,9,7 | 8,128.91154424859525,37.79966287216199,1445,845,18,22,1.728903,1.250944
2025,42002141,시티1,강릉-동진버스,True,4201268,사천진해변,BIS inventory,True,True,52,46 | 47 | 49 | 50 | 51,128.87339749147367,37.84293833117085,1050,357,25,31,1.256296,0.528505
2025,42002141,시티1,강릉-동진버스,True,4201269,영진항,BIS inventory,True,True,24,20 | 21 | 22 | 23,128.8478764921571,37.86744935186811,126,286,59,34,0.150756,0.423396
2025,42002141,시티1,강릉-동진버스,True,4201270,영진항,BIS inventory,True,True,48,43 | 44 | 45 | 46 | 47,128.84778900128174,37.86736001237831,388,105,40,51,0.464231,0.155443
2025,42002141,시티1,강릉-동진버스,True,4201271,영진해변,BIS inventory,True,True,47,42 | 43 | 44 | 45 | 46,128.84407553359966,37.870005012045354,1887,274,17,35,2.257744,0.405631
2025,42002141,시티1,강릉-동진버스,True,4201272,영진해변,BIS inventory,True,True,25,21 | 22 | 23 | 24,128.84410671788726,37.87009887053988,568,751,30,23,0.679597,1.111786
2025,42002141,시티1,강릉-동진버스,True,4201273,도깨비촬영지,BIS inventory,True,True,45,40 | 41 | 42 | 43 | 44,128.83285849096714,37.88049253785593,3984,1337,6,14,4.766748,1.979304
2025,42002141,시티1,강릉-동진버스,True,4201274,도깨비촬영지,BIS inventory,True,True,27,23 | 24 | 25 | 26,128.83366615521564,37.879702674494396,692,2706,29,7,0.827959,4.005981
2025,42002141,시티1,강릉-동진버스,True,4201275,주문진수산시장,BIS inventory,True,True,44,39 | 40 | 41 | 42 | 43,128.82825290581502,37.88995969444888,6798,1170,1,17,8.133622,1.732076
2025,42002141,시티1,강릉-동진버스,True,4201276,주문진수산시장,BIS inventory,True,True,28,24 | 25 | 26 | 27,128.82844614486706,37.89014411628092,389,4812,38,4,0.465428,7.123718
2025,42002141,시티1,강릉-동진버스,True,4201277,주문진등대,BIS inventory,True,True,42,37 | 38 | 39 | 40 | 41,128.83402573057427,37.898641534767464,712,31,28,66,0.851889,0.045893
2025,42002141,시티1,강릉-동진버스,True,4201278,주문진등대,BIS inventory,True,True,32,27 | 28 | 29 | 30 | 31,128.83413482750083,37.898607108297156,180,317,50,33,0.215365,0.469289
2025,42002141,시티1,강릉-동진버스,True,4201279,더글로리촬영지,BIS inventory,True,True,40,35 | 36 | 37 | 38 | 39,128.82911039533775,37.904460082879105,2559,67,13,59,3.061774,0.099187
2025,42002141,시티1,강릉-동진버스,True,4201280,더글로리촬영지,BIS inventory,True,True,34,29 | 30 | 31 | 32 | 33,128.82924239568416,37.90441068117994,57,860,64,21,0.068199,1.27315
2025,42002141,시티1,강릉-동진버스,True,4202159,사천진바위섬,BIS inventory,True,True,53,48 | 50 | 51 | 52,128.87633882234948,37.84060226740597,568,152,30,47,0.679597,0.225022
2025,42002141,시티1,강릉-동진버스,True,4202160,사천진바위섬,BIS inventory,True,True,19,0 | 17 | 18,128.8764473285357,37.8406481132808,131,235,57,39,0.156738,0.347896
2025,42002141,시티1,강릉-동진버스,True,4202163,사천보헤미안커피,BIS inventory,True,True,51,48 | 49 | 50,128.86756687053622,37.84672399113912,226,84,48,55,0.270403,0.124354
2025,42002141,시티1,강릉-동진버스,True,4202164,사천보헤미안커피,BIS inventory,True,True,21,19 | 20,128.8676784641814,37.846752776517754,128,209,58,41,0.153149,0.309405
2025,42002141,시티1,강릉-동진버스,True,4202169,신라모노그램,BIS inventory,True,True,67,65 | 66,128.92993128709296,37.78509796814699,143,255,54,37,0.171096,0.377504
2025,42002141,시티1,강릉-동진버스,True,4202170,신라모노그램,BIS inventory,True,True,4,3,128.92998485011893,37.785132389833336,352,43,43,64,0.421158,0.063657
2025,42002141,시티1,강릉-동진버스,True,4202175,큰방파제,BIS inventory,True,True,30,29,128.83179865169402,37.89485760516111,0,23,,68,0.0,0.034049
2025,42002141,시티1,강릉-동진버스,True,4209998,강문해변,BIS inventory,True,True,7,5 | 6,128.91631032849583,37.79540813828357,2651,1051,12,18,3.171849,1.555908
2025,42002141,시티1,강릉-동진버스,True,4209999,사천진해변,BIS inventory,True,True,20,17 | 18 | 19,128.87344886491002,37.842977470664934,328,407,44,29,0.392443,0.602526
2025,42002141,시티1,강릉-동진버스,True,~,,unavailable,False,False,,0,,,5,0,,,0.005982,0.0
2025,42002142,924,강릉-동진버스,True,4200211,삼천리아파트,BIS inventory,True,True,2,1,128.8383288212433,37.86906384505761,5,5,5,5,3.676471,6.329114
2025,42002142,924,강릉-동진버스,True,4200212,연곡면사무소,BIS inventory,True,True,1 | 6,5,128.83761397394952,37.85995465828368,93,44,1,1,68.382353,55.696203
2025,42002142,924,강릉-동진버스,True,4200450,연곡해변,BIS inventory,True,True,5,4,128.8529783059013,37.85739414992972,17,8,2,3,12.5,10.126582
2025,42002142,924,강릉-동진버스,True,4201270,영진항,BIS inventory,True,True,4,3,128.84778900128174,37.86736001237831,6,7,4,4,4.411765,8.860759
2025,42002142,924,강릉-동진버스,True,4201271,영진해변,BIS inventory,True,True,3,2,128.84407553359966,37.870005012045354,15,15,3,2,11.029412,18.987342
2025,42002143,945-1,강릉-동진버스,True,4200014,보현사종점,BIS inventory,True,True,14,13,128.79263641819853,37.73803701177597,63,9,10,12,2.036199,0.605653
2025,42002143,945-1,강릉-동진버스,True,4200252,신영극장,BIS inventory,True,True,28,27,128.8961287589657,37.75448236011555,41,558,12,1,1.325145,37.550471
2025,42002143,945-1,강릉-동진버스,True,4200253,교보생명,BIS inventory,True,True,2,1,128.89811415297848,37.756002485379526,1535,14,1,10,49.612153,0.942127
2025,42002143,945-1,강릉-동진버스,True,4200524,망월이마을,BIS inventory,True,True,11,10,128.7922011149757,37.729439560975074,25,5,15,15,0.808016,0.336474
2025,42002143,945-1,강릉-동진버스,True,4200528,앞무쇠골,BIS inventory,True,True,13,12,128.7909149887738,37.735806871417466,59,42,11,8,1.906917,2.82638
2025,42002143,945-1,강릉-동진버스,True,4200533,가마골,BIS inventory,True,True,9,8,128.79546755385968,37.722099902068294,396,283,2,2,12.798966,19.044415
2025,42002143,945-1,강릉-동진버스,True,4200534,선자령고개입구,BIS inventory,True,True,12,11,128.79239579933846,37.73245610705835,2,0,25,,0.064641,0.0
2025,42002143,945-1,강릉-동진버스,True,4200540,보광리,BIS inventory,True,True,16,15,128.79683168120394,37.73726419118738,137,47,5,7,4.427925,3.162853
2025,42002143,945-1,강릉-동진버스,True,4200797,KTX공영주차장환승장,BIS inventory,True,True,1 | 29,28,128.8967850727094,37.762190942376556,98,56,6,6,3.167421,3.768506
2025,42002143,945-1,강릉-동진버스,True,4200965,보광리입구,BIS inventory,True,True,24,23,128.81696481575804,37.72096716251408,20,2,16,18,0.646412,0.13459
2025,42002143,945-1,강릉-동진버스,True,4200967,대관령박물관,BIS inventory,True,True,8,7,128.80456089771366,37.71714451138875,177,208,3,3,5.72075,13.997308
2025,42002143,945-1,강릉-동진버스,True,4200972,어흘리.굴면동,BIS inventory,True,True,7,6,128.81242525863513,37.71968494003737,65,98,9,5,2.10084,6.594886
2025,42002143,945-1,강릉-동진버스,True,4200973,샘골식당,BIS inventory,True,True,21,20,128.81165805890132,37.72970284088515,17,2,18,18,0.549451,0.13459
2025,42002143,945-1,강릉-동진버스,True,4200977,보광리체험학습장,BIS inventory,True,True,20,19,128.80793365498167,37.73787511002778,175,6,4,14,5.656109,0.403769
2025,42002143,945-1,강릉-동진버스,True,4200979,무시골,BIS inventory,True,True,15,14,128.79407884048865,37.737843607578455,9,1,20,20,0.290886,0.067295
2025,42002143,945-1,강릉-동진버스,True,4200981,감나무민박,BIS inventory,True,True,17,16,128.79885844666603,37.737822198803215,10,3,19,16,0.323206,0.201884
2025,42002143,945-1,강릉-동진버스,True,4200983,보광평,BIS inventory,True,True,18,17,128.8024466454297,37.73817584117786,83,15,7,9,2.682612,1.009421
2025,42002143,945-1,강릉-동진버스,True,4200985,보광보건진료소,BIS inventory,True,True,19,18,128.8054363627245,37.73800718407803,4,0,23,,0.129282,0.0
2025,42002143,945-1,강릉-동진버스,True,4200999,옥터가든,BIS inventory,True,True,22,21,128.81373332317625,37.728008981659464,9,0,20,,0.290886,0.0
2025,42002143,945-1,강릉-동진버스,True,4201001,암반욕체험장,BIS inventory,True,True,23,22,128.8174715505199,37.72568745788923,7,0,22,,0.226244,0.0
2025,42002143,945-1,강릉-동진버스,True,4201003,보광리입구,BIS inventory,True,True,6,5,128.81690957708614,37.721147642825436,0,1,,20,0.0,0.067295
2025,42002143,945-1,강릉-동진버스,True,4201004,성산,BIS inventory,True,True,25,24,128.82713990486903,37.71438975242994,1,1,26,20,0.032321,0.067295
2025,42002143,945-1,강릉-동진버스,True,4201005,성산,BIS inventory,True,True,5,4,128.8271623742617,37.714502339268236,32,8,14,13,1.03426,0.538358
2025,42002143,945-1,강릉-동진버스,True,4201006,성산치안센터,BIS inventory,True,True,26,25,128.83090633919258,37.71566752965487,0,1,,20,0.0,0.067295
2025,42002143,945-1,강릉-동진버스,True,4201007,성산치안센터,BIS inventory,True,True,4,3,128.8310696649731,37.7159774839219,19,0,17,,0.614092,0.0
2025,42002143,945-1,강릉-동진버스,True,4201008,성산면사무소,BIS inventory,True,True,27,26,128.83255254171343,37.71856830087688,3,111,24,4,0.096962,7.469717
2025,42002143,945-1,강릉-동진버스,True,4201009,성산면사무소,BIS inventory,True,True,3,2,128.832602033901,37.718970827982346,36,3,13,16,1.163542,0.201884
2025,42002143,945-1,강릉-동진버스,True,4201414,대굴령목공소,BIS inventory,True,True,10,9,128.7963265827597,37.72854223767263,71,12,8,11,2.294764,0.807537
2025,42002144,206-1,강릉-동진버스,True,4200011,동부아파트,BIS inventory,True,True,4,3,128.9151327017873,37.78401368458876,1856,6,5,57,4.765328,0.028993
2025,42002144,206-1,강릉-동진버스,True,4200039,유화아파트,BIS inventory,True,True,3,2,128.91342886671308,37.785727014906996,556,2,19,60,1.427544,0.009664
2025,42002144,206-1,강릉-동진버스,True,4200041,허균생가입구,BIS inventory,True,True,2,1,128.91292892790995,37.78786454215139,227,0,33,,0.582828,0.0
2025,42002144,206-1,강릉-동진버스,True,4200043,이화해변타운,BIS inventory,True,True,5,4,128.91744670191798,37.78316591377611,295,0,31,,0.75742,0.0
2025,42002144,206-1,강릉-동진버스,True,4200047,강릉고정문,BIS inventory,True,True,63,60 | 61 | 62,128.91550078840652,37.78828834947499,6,1384,62,4,0.015405,6.687606
2025,42002144,206-1,강릉-동진버스,True,4200049,남강초교,BIS inventory,True,True,50,48 | 49,128.91338089940805,37.76735161096919,114,343,46,15,0.292698,1.657405
2025,42002144,206-1,강릉-동진버스,True,4200052,송정래미안,BIS inventory,True,True,59,57 | 58,128.93038982126572,37.78292573478735,18,38,57,49,0.046215,0.183619
2025,42002144,206-1,강릉-동진버스,True,4200053,오성학교,BIS inventory,True,True,58,56 | 57,128.93312248716418,37.77978287851338,30,36,55,50,0.077026,0.173955
2025,42002144,206-1,강릉-동진버스,True,4200055,해당화연립,BIS inventory,True,True,57,55 | 56,128.93501598562065,37.778964657496246,55,227,51,27,0.141214,1.096883
2025,42002144,206-1,강릉-동진버스,True,4200057,강릉경찰서,BIS inventory,True,True,13,11 | 12,128.90688706685629,37.768055768979885,637,118,16,36,1.635514,0.570186
2025,42002144,206-1,강릉-동진버스,True,4200060,솔올중학교,BIS inventory,True,True,33,31 | 32,128.8798722504925,37.77163504014371,207,57,35,44,0.531478,0.275429
2025,42002144,206-1,강릉-동진버스,True,4200080,경포초등학교,BIS inventory,True,True,34,32 | 33,128.87893593974582,37.76974854746925,625,119,17,35,1.604704,0.575018
2025,42002144,206-1,강릉-동진버스,True,4200094,강릉여고,BIS inventory,True,True,47,45 | 46,128.90248424479844,37.75904463050879,461,312,22,16,1.183629,1.507611
2025,42002144,206-1,강릉-동진버스,True,4200100,강원도교육연수원,BIS inventory,True,True,62,59 | 60 | 61,128.91813970318609,37.785074864473685,4,518,63,9,0.01027,2.50302
2025,42002144,206-1,강릉-동진버스,True,4200104,동명중학교,BIS inventory,True,True,8,6 | 7,128.91637238303827,37.777185998905715,91,4,47,58,0.233645,0.019328
2025,42002144,206-1,강릉-동진버스,True,4200106,KT,BIS inventory,True,True,10,8 | 9,128.91181164590185,37.77275858732733,997,110,9,39,2.559823,0.531529
2025,42002144,206-1,강릉-동진버스,True,4200108,동인병원입구,BIS inventory,True,True,11,10 | 9,128.90953558421478,37.77125258486367,522,59,20,43,1.340249,0.285093
2025,42002144,206-1,강릉-동진버스,True,4200110,하슬라중,BIS inventory,True,True,12,10 | 11,128.90715554439282,37.77053362559672,340,54,25,45,0.872959,0.260933
2025,42002144,206-1,강릉-동진버스,True,4200114,고용센터,BIS inventory,True,True,21,19 | 20,128.88893105798073,37.75744085258255,307,209,28,29,0.78823,1.009906
2025,42002144,206-1,강릉-동진버스,True,4200115,고용센터,BIS inventory,True,True,44,42 | 43,128.8890663454416,37.75714942132559,304,232,29,26,0.780528,1.121044
2025,42002144,206-1,강릉-동진버스,True,4200116,적십자입구,BIS inventory,True,True,22,20 | 21,128.88726321660565,37.757196360936135,115,114,45,37,0.295265,0.550858
2025,42002144,206-1,강릉-동진버스,True,4200117,적십자입구,BIS inventory,True,True,43,41 | 42,128.88647213220725,37.75676623567213,197,44,37,48,0.505803,0.212612
2025,42002144,206-1,강릉-동진버스,True,4200118,터미널오거리,BIS inventory,True,True,23,21 | 22,128.8840640923818,37.75608209292866,131,386,42,13,0.336346,1.865185
2025,42002144,206-1,강릉-동진버스,True,4200119,터미널오거리,BIS inventory,True,True,42,40 | 41,128.88381140539954,37.755579088211434,304,47,29,46,0.780528,0.227108
2025,42002144,206-1,강릉-동진버스,True,4200120,강릉시외.고속터미널,BIS inventory,True,True,24,22 | 23,128.8792265208128,37.75505492071011,660,1660,15,3,1.694567,8.021261
2025,42002144,206-1,강릉-동진버스,True,4200121,강릉시외.고속터미널,BIS inventory,True,True,41,39 | 40,128.87911620808939,37.75486594086855,3621,290,3,21,9.297011,1.401305
2025,42002144,206-1,강릉-동진버스,True,4200122,강릉문화원,BIS inventory,True,True,25,23 | 24,128.8740921031382,37.75789663608161,36,298,54,19,0.092431,1.439961
2025,42002144,206-1,강릉-동진버스,True,4200123,우편집중국,BIS inventory,True,True,26,24 | 25,128.8733706824724,37.76051485370646,59,412,50,12,0.151484,1.990819
2025,42002144,206-1,강릉-동진버스,True,4200124,우편집중국,BIS inventory,True,True,40,38 | 39,128.87347187490323,37.76156496879712,732,45,12,47,1.879429,0.217444
2025,42002144,206-1,강릉-동진버스,True,4200125,솔올공연장,BIS inventory,True,True,27,25 | 26,128.87460623301726,37.76366952964576,122,569,44,8,0.313238,2.749456
2025,42002144,206-1,강릉-동진버스,True,4200126,솔올공연장,BIS inventory,True,True,39,37 | 38,128.87424793205705,37.763507530751156,833,21,10,53,2.138749,0.101474
2025,42002144,206-1,강릉-동진버스,True,4200127,구름다리,BIS inventory,True,True,28,26 | 27,128.87654770197503,37.764512872809554,148,726,40,7,0.379994,3.508094
2025,42002144,206-1,강릉-동진버스,True,4200128,구름다리,BIS inventory,True,True,38,36 | 37,128.87743298775584,37.764682397677966,1856,109,5,40,4.765328,0.526697
2025,42002144,206-1,강릉-동진버스,True,4200129,주공3차아파트,BIS inventory,True,True,29,27 | 28,128.87933873663175,37.76410589188944,48,306,52,18,0.123241,1.478618
2025,42002144,206-1,강릉-동진버스,True,4200130,현대2차아파트,BIS inventory,True,True,37,35 | 36,128.87999435131803,37.764311243841746,579,19,18,54,1.486598,0.09181
2025,42002144,206-1,강릉-동진버스,True,4200131,하이빌현대아파트,BIS inventory,True,True,30,28 | 29,128.8824547932286,37.764860822549025,16,252,58,25,0.04108,1.217685
2025,42002144,206-1,강릉-동진버스,True,4200132,율곡초등학교,BIS inventory,True,True,36,34 | 35,128.88221538693716,37.765100900268116,129,0,43,,0.331211,0.0
2025,42002144,206-1,강릉-동진버스,True,4200134,부영2차아파트,BIS inventory,True,True,32,30 | 31,128.88281079370944,37.77016072015751,347,127,24,34,0.890931,0.613675
2025,42002144,206-1,강릉-동진버스,True,4200249,용강동서부시장,BIS inventory,True,True,45,43 | 44,128.89167287030088,37.75492247590215,434,757,23,6,1.114306,3.657888
2025,42002144,206-1,강릉-동진버스,True,4200250,용강동서부시장,BIS inventory,True,True,20,18 | 19,128.89174828581776,37.7556582744871,705,293,13,20,1.810106,1.415801
2025,42002144,206-1,강릉-동진버스,True,4200251,한국은행,BIS inventory,True,True,19,17 | 18,128.89406630781096,37.753485602290496,2226,462,4,10,5.715313,2.232423
2025,42002144,206-1,강릉-동진버스,True,4200252,신영극장,BIS inventory,True,True,46,44 | 45,128.8961287589657,37.75448236011555,4382,3524,2,1,11.250899,17.028268
2025,42002144,206-1,강릉-동진버스,True,4200253,교보생명,BIS inventory,True,True,18,16 | 17,128.89811415297848,37.756002485379526,6411,2422,1,2,16.460409,11.70331
2025,42002144,206-1,강릉-동진버스,True,4200258,용지각,BIS inventory,True,True,48,46 | 47,128.90534669055177,37.76147384168322,222,362,34,14,0.569991,1.749215
2025,42002144,206-1,강릉-동진버스,True,4200260,동남아파트,BIS inventory,True,True,49,47 | 48,128.9088062489658,37.764638779656714,232,418,32,11,0.595666,2.019812
2025,42002144,206-1,강릉-동진버스,True,4200265,혜성연립,BIS inventory,True,True,51,49 | 50,128.91575952067353,37.76841531999017,84,308,48,17,0.215672,1.488282
2025,42002144,206-1,강릉-동진버스,True,4200267,삼우은성아파트,BIS inventory,True,True,52,50 | 51,128.91973659122027,37.77025900516923,169,259,39,23,0.433912,1.25151
2025,42002144,206-1,강릉-동진버스,True,4200269,이마트,BIS inventory,True,True,53,51 | 52,128.92346774482266,37.772222356268564,174,287,38,22,0.44675,1.386808
2025,42002144,206-1,강릉-동진버스,True,4200271,송정동주민센터,BIS inventory,True,True,54,52 | 53,128.9281580126049,37.77420386430584,13,86,60,41,0.033378,0.415559
2025,42002144,206-1,강릉-동진버스,True,4200273,송정신원아침도시,BIS inventory,True,True,55,53 | 54,128.93190852770562,37.774810233413945,16,166,58,32,0.04108,0.802126
2025,42002144,206-1,강릉-동진버스,True,4200277,비치소라아파트,BIS inventory,True,True,56,54 | 55,128.93435177478304,37.77578862012879,44,209,53,29,0.112971,1.009906
2025,42002144,206-1,강릉-동진버스,True,4200287,강릉고등학교,BIS inventory,True,True,1,0,128.91470458416677,37.788540253578724,1839,31,7,52,4.72168,0.149795
2025,42002144,206-1,강릉-동진버스,True,4200288,경포고교,BIS inventory,True,True,6,4 | 5,128.91881546540267,37.78075927662396,320,86,26,41,0.821608,0.415559
2025,42002144,206-1,강릉-동진버스,True,4200289,한솔초교,BIS inventory,True,True,9,7 | 8,128.9142086436632,37.775058134113436,205,36,36,50,0.526343,0.173955
2025,42002144,206-1,강릉-동진버스,True,4200292,주공1차아파트,BIS inventory,True,True,35,33 | 34,128.88256780330317,37.766843575404636,467,3,21,59,1.199035,0.014496
2025,42002144,206-1,강릉-동진버스,True,4200315,구터미널,BIS inventory,True,True,16,14 | 15,128.8988430353628,37.76163002626936,313,198,27,31,0.803636,0.956753
2025,42002144,206-1,강릉-동진버스,True,4200320,강릉역육거리,BIS inventory,True,True,15,13 | 14,128.9015605860337,37.763796951176055,743,257,11,24,1.907672,1.241846
2025,42002144,206-1,강릉-동진버스,True,4200322,동도센트리움,BIS inventory,True,True,14,12 | 13,128.90456486009336,37.76619195310031,683,112,14,38,1.75362,0.541194
2025,42002144,206-1,강릉-동진버스,True,4200365,삼성디지털센터,BIS inventory,True,True,17,15 | 16,128.8966989039856,37.75811194350719,76,153,49,33,0.195132,0.739309
2025,42002144,206-1,강릉-동진버스,True,4200530,주공2차아파트,BIS inventory,True,True,31,29 | 30,128.8850454710998,37.768615366200436,1422,775,8,5,3.651022,3.744866
2025,42002144,206-1,강릉-동진버스,True,4201220,포남2주공입구,BIS inventory,True,True,7,5 | 6,128.9179885478381,37.77901498558293,143,7,41,56,0.367156,0.033825
2025,42002144,206-1,강릉-동진버스,True,4201233,초당분수공원,BIS inventory,True,True,61,58 | 59 | 60,128.9221385517862,37.785996929695614,13,212,60,28,0.033378,1.024402
2025,42002144,206-1,강릉-동진버스,True,4202172,신라모노그램,BIS inventory,True,True,60,59,128.92730314100064,37.78470637599459,27,19,56,54,0.069323,0.09181
2025,42002145,913,강릉-동진버스,True,4200194,주문진항입구,BIS inventory,True,True,8,7,128.82670250148865,37.8926318795772,6,1010,8,1,0.120216,40.824576
2025,42002145,913,강릉-동진버스,True,4200195,주문진항입구,BIS inventory,True,True,4,3,128.82690557497094,37.892668432750234,331,22,3,7,6.631937,0.889248
2025,42002145,913,강릉-동진버스,True,4200196,작은다리,BIS inventory,True,True,3,2,128.8261349428677,37.89101262248175,541,21,2,8,10.839511,0.848828
2025,42002145,913,강릉-동진버스,True,4200197,작은다리,BIS inventory,True,True,9,8,128.82583778093624,37.88994679111109,9,425,7,3,0.180325,17.178658
2025,42002145,913,강릉-동진버스,True,4200198,원마트,BIS inventory,True,True,2,1,128.82575730347685,37.88826959645488,185,12,5,9,3.706672,0.485044
2025,42002145,913,강릉-동진버스,True,4200448,주문진시외버스터미널,BIS inventory,True,True,1 | 11,10,128.8255388895829,37.884201127994984,248,113,4,5,4.968944,4.567502
2025,42002145,913,강릉-동진버스,True,4200520,우신아파트,BIS inventory,True,True,6,5,128.8255393760297,37.87241785986445,3586,537,1,2,71.849329,21.70574
2025,42002145,913,강릉-동진버스,True,4201232,원마트,BIS inventory,True,True,10,9,128.8255161831108,37.88764901879385,0,237,,4,0.0,9.579628
2025,42002145,913,강릉-동진버스,True,4201391,주문진읍사무소,BIS inventory,True,True,5,4,128.8238312459903,37.8934502421149,79,11,6,10,1.582849,0.444624
2025,42002145,913,강릉-동진버스,True,4201393,주문진읍사무소,BIS inventory,True,True,7,6,128.82369473290439,37.893285463228835,6,86,8,6,0.120216,3.476152
2025,42002146,971,강릉-동진버스,True,4200009,강릉솔향수목원,BIS inventory,True,True,21,20,128.86668479243338,37.701851797491,56,12,2,7,12.933025,4.411765
2025,42002146,971,강릉-동진버스,True,4200512,덕현리,BIS inventory,True,True,42,41,128.92611817321585,37.705859421056175,3,5,20,10,0.692841,1.838235
2025,42002146,971,강릉-동진버스,True,4200513,덕현리,BIS inventory,True,True,2,1,128.92602088648235,37.70591024035886,25,1,6,23,5.773672,0.367647
2025,42002146,971,강릉-동진버스,True,4200633,소양가든,BIS inventory,True,True,3,2,128.91470984838725,37.70545388269156,24,0,7,,5.542725,0.0
2025,42002146,971,강릉-동진버스,True,4200634,소양가든,BIS inventory,True,True,41,40,128.91482886328737,37.70544797167058,7,3,10,14,1.616628,1.102941
2025,42002146,971,강릉-동진버스,True,4200637,천주교회,BIS inventory,True,True,5,4,128.9146583268783,37.69918070112344,2,2,25,15,0.461894,0.735294
2025,42002146,971,강릉-동진버스,True,4200638,천주교회,BIS inventory,True,True,39,38,128.91475255178224,37.69917256372598,1,1,29,23,0.230947,0.367647
2025,42002146,971,강릉-동진버스,True,4200639,어단2리마을회관,BIS inventory,True,True,6,5,128.91146885408946,37.6964376324294,21,1,8,23,4.849885,0.367647
2025,42002146,971,강릉-동진버스,True,4200640,어단2리마을회관,BIS inventory,True,True,38,37,128.91152104480037,37.696373262130535,0,5,,10,0.0,1.838235
2025,42002146,971,강릉-동진버스,True,4200641,한빛마을입구,BIS inventory,True,True,7,6,128.9070507747374,37.69408474392719,51,0,4,,11.778291,0.0
2025,42002146,971,강릉-동진버스,True,4200642,한빛마을입구,BIS inventory,True,True,37,36,128.90709305020837,37.69401534995285,0,34,,3,0.0,12.5
2025,42002146,971,강릉-동진버스,True,4200643,어단1리마을회관,BIS inventory,True,True,8,7,128.90163121019464,37.69306524952247,3,0,20,,0.692841,0.0
2025,42002146,971,강릉-동진버스,True,4200644,어단1리마을회관,BIS inventory,True,True,36,35,128.90166199367852,37.69299424582564,1,6,29,9,0.230947,2.205882
2025,42002146,971,강릉-동진버스,True,4200645,어단1리성황당,BIS inventory,True,True,9,8,128.8997465866069,37.69146948045897,2,2,25,15,0.461894,0.735294
2025,42002146,971,강릉-동진버스,True,4200646,어단1리성황당,BIS inventory,True,True,35,34,128.8998102046769,37.691407412019785,0,2,,15,0.0,0.735294
2025,42002146,971,강릉-동진버스,True,4200705,학산설래,BIS inventory,True,True,10,9,128.89315390645208,37.69579111479832,5,11,15,8,1.154734,4.044118
2025,42002146,971,강릉-동진버스,True,4200706,학산설래,BIS inventory,True,True,34,33,128.8930578775653,37.69580131479523,16,2,9,15,3.69515,0.735294
2025,42002146,971,강릉-동진버스,True,4200707,대성사입구,BIS inventory,True,True,11,10,128.88866018338805,37.699701320397004,3,2,20,15,0.692841,0.735294
2025,42002146,971,강릉-동진버스,True,4200708,대성사입구,BIS inventory,True,True,33,32,128.88799509811798,37.70047298433208,5,0,15,,1.154734,0.0
2025,42002146,971,강릉-동진버스,True,4200709,학산2리마을회관,BIS inventory,True,True,12,11,128.8886619883527,37.70619292326437,40,1,5,23,9.237875,0.367647
2025,42002146,971,강릉-동진버스,True,4200710,학산2리마을회관,BIS inventory,True,True,32,31,128.88859103012294,37.70624396434639,3,5,20,10,0.692841,1.838235
2025,42002146,971,강릉-동진버스,True,4200713,사이말교,BIS inventory,True,True,13,12,128.88807348333134,37.711972121452696,3,0,20,,0.692841,0.0
2025,42002146,971,강릉-동진버스,True,4200714,사이말교,BIS inventory,True,True,31,30,128.88798046545247,37.71196552544221,2,0,25,,0.461894,0.0
2025,42002146,971,강릉-동진버스,True,4200718,학마을앞,BIS inventory,True,True,14,13,128.88924569543022,37.716217165702425,5,2,15,15,1.154734,0.735294
2025,42002146,971,강릉-동진버스,True,4200720,학산1리,BIS inventory,True,True,29,28,128.8893588713931,37.7158468763211,1,0,29,,0.230947,0.0
2025,42002146,971,강릉-동진버스,True,4200811,구정자율방범대,BIS inventory,True,True,15,14,128.88237819871995,37.72033853165244,7,24,10,5,1.616628,8.823529
2025,42002146,971,강릉-동진버스,True,4200812,구정보건지소,BIS inventory,True,True,27,26,128.88246310473926,37.72030864287925,53,27,3,4,12.240185,9.926471
2025,42002146,971,강릉-동진버스,True,4200813,구정면사무소,BIS inventory,True,True,16,15,128.87999133744066,37.71800809783438,4,44,18,2,0.923788,16.176471
2025,42002146,971,강릉-동진버스,True,4200814,구정면사무소,BIS inventory,True,True,26,25,128.88002787863965,37.71794143004597,58,57,1,1,13.394919,20.955882
2025,42002146,971,강릉-동진버스,True,4200815,오뚜기물류서비스,BIS inventory,True,True,17,16,128.8777698382652,37.71622341645464,1,0,29,,0.230947,0.0
2025,42002146,971,강릉-동진버스,True,4200816,오뚜기물류서비스,BIS inventory,True,True,25,24,128.87782869819907,37.71615014292806,6,1,14,23,1.385681,0.367647
2025,42002146,971,강릉-동진버스,True,4200817,성황당,BIS inventory,True,True,18,17,128.87341590911527,37.71242819076422,2,0,25,,0.461894,0.0
2025,42002146,971,강릉-동진버스,True,4200818,성황당,BIS inventory,True,True,24,23,128.8735164959862,37.712407011021696,1,0,29,,0.230947,0.0
2025,42002146,971,강릉-동진버스,True,4200820,구정마을회관,BIS inventory,True,True,19,18,128.87139646095704,37.71008533483099,1,0,29,,0.230947,0.0
2025,42002146,971,강릉-동진버스,True,4200821,구정마을회관,BIS inventory,True,True,23,22,128.87144937425245,37.71002947764621,7,2,10,15,1.616628,0.735294
2025,42002146,971,강릉-동진버스,True,4200822,솔향수목원입구,BIS inventory,True,True,22,21,128.8693376080556,37.70921581710481,7,14,10,6,1.616628,5.147059
2025,42002146,971,강릉-동진버스,True,4200823,솔향수목원입구,BIS inventory,True,True,20,19,128.86937194102438,37.70931046077696,4,2,18,15,0.923788,0.735294
2025,42002146,971,강릉-동진버스,True,4201169,덕현리마을회관,BIS inventory,True,True,43,42,128.92976451553793,37.71025688950383,1,4,29,13,0.230947,1.470588
2025,42002146,971,강릉-동진버스,True,4201170,덕현리마을회관,BIS inventory,True,True,1,0,128.92969308316043,37.71031249336467,1,0,29,,0.230947,0.0
2025,42002146,971,강릉-동진버스,True,4201409,조순생가,BIS inventory,True,True,30,29,128.88832466397164,37.713711387376655,1,0,29,,0.230947,0.0
2025,42002147,965,강릉-동진버스,True,4200095,한국자산관리공사,BIS inventory,True,True,2,1,128.90111921880606,37.75827929877246,3,0,3,,4.166667,0.0
2025,42002147,965,강릉-동진버스,True,4200293,강릉역건너편,BIS inventory,True,True,1,0,128.8990669694857,37.76400772021464,7,0,2,,9.722222,0.0
2025,42002147,965,강릉-동진버스,True,4201197,강릉중입구,BIS inventory,True,True,4,3,128.9042740269736,37.752586182446684,2,0,4,,2.777778,0.0
2025,42002147,965,강릉-동진버스,True,4201199,남대천.강릉교,BIS inventory,True,True,3,2,128.9010687000649,37.75417893755025,60,1,1,3,83.333333,11.111111
2025,42002147,965,강릉-동진버스,True,4202032,옥계현내시장,BIS inventory,True,True,9,8,129.03512810350702,37.608949806593664,0,3,,2,0.0,33.333333
2025,42002147,965,강릉-동진버스,True,4202052,옥계면사무소,BIS inventory,True,True,8,7,129.03863134955023,37.61234830848836,0,5,,1,0.0,55.555556
2025,42002151,212,강릉-동진버스,True,4200047,강릉고정문,BIS inventory,True,True,35,0 | 33 | 34,128.91550078840652,37.78828834947499,362,1707,16,1,1.915141,16.126594
2025,42002151,212,강릉-동진버스,True,4200051,송정래미안,BIS inventory,True,True,39,36 | 37 | 38,128.93021609974548,37.78282723196739,8,28,39,37,0.042324,0.264525
2025,42002151,212,강릉-동진버스,True,4200054,삼익아파트,BIS inventory,True,True,40,37 | 38 | 39,128.93336344346523,37.7794509217129,2,73,41,24,0.010581,0.689655
2025,42002151,212,강릉-동진버스,True,4200056,해당화연립,BIS inventory,True,True,41,38 | 39 | 40,128.9356053065312,37.7785328972295,7,52,40,31,0.037033,0.491261
2025,42002151,212,강릉-동진버스,True,4200081,강일여고정문,BIS inventory,True,True,23,0 | 21 | 22,128.88831689919587,37.76415997041872,90,181,27,12,0.47614,1.709967
2025,42002151,212,강릉-동진버스,True,4200095,한국자산관리공사,BIS inventory,True,True,12,0 | 11,128.90111921880606,37.75827929877246,678,129,11,16,3.586922,1.218706
2025,42002151,212,강릉-동진버스,True,4200100,강원도교육연수원,BIS inventory,True,True,34,0 | 32 | 33,128.91813970318609,37.785074864473685,54,364,30,9,0.285684,3.438829
2025,42002151,212,강릉-동진버스,True,4200103,경포고교,BIS inventory,True,True,33,31 | 32,128.9190546436117,37.78057981084284,55,66,29,26,0.290975,0.623524
2025,42002151,212,강릉-동진버스,True,4200105,동명중학교,BIS inventory,True,True,31,0 | 29 | 30,128.9161008666347,37.77658681943468,197,13,23,41,1.042218,0.122815
2025,42002151,212,강릉-동진버스,True,4200107,KT,BIS inventory,True,True,29,0 | 27 | 28,128.9125052185983,37.77309475265464,763,205,10,11,4.03661,1.936703
2025,42002151,212,강릉-동진버스,True,4200109,동인병원입구,BIS inventory,True,True,28,0 | 26 | 27,128.9094857690125,37.77102450992961,225,96,22,22,1.19035,0.906944
2025,42002151,212,강릉-동진버스,True,4200111,하슬라중,BIS inventory,True,True,27,0 | 25 | 26,128.90761293140218,37.77043125987649,351,125,18,18,1.856946,1.180916
2025,42002151,212,강릉-동진버스,True,4200114,고용센터,BIS inventory,True,True,16,15,128.88893105798073,37.75744085258255,125,103,25,21,0.661306,0.973075
2025,42002151,212,강릉-동진버스,True,4200116,적십자입구,BIS inventory,True,True,17,16,128.88726321660565,37.757196360936135,41,58,33,28,0.216908,0.547945
2025,42002151,212,강릉-동진버스,True,4200118,터미널오거리,BIS inventory,True,True,18,17,128.8840640923818,37.75608209292866,44,138,31,15,0.23278,1.303732
2025,42002151,212,강릉-동진버스,True,4200121,강릉시외.고속터미널,BIS inventory,True,True,20,0 | 19,128.87911620808939,37.75486594086855,1789,1219,2,3,9.464607,11.516297
2025,42002151,212,강릉-동진버스,True,4200250,용강동서부시장,BIS inventory,True,True,15,0 | 14,128.89174828581776,37.7556582744871,459,163,13,13,2.428314,1.539915
2025,42002151,212,강릉-동진버스,True,4200251,한국은행,BIS inventory,True,True,14,0 | 13,128.89406630781096,37.753485602290496,789,386,9,8,4.174161,3.64667
2025,42002151,212,강릉-동진버스,True,4200253,교보생명,BIS inventory,True,True,13,0 | 12,128.89811415297848,37.756002485379526,1631,1422,3,2,8.628717,13.434105
2025,42002151,212,강릉-동진버스,True,4200259,용지각,BIS inventory,True,True,11,0 | 10,128.90537716328666,37.76184119439877,384,105,15,20,2.031531,0.99197
2025,42002151,212,강릉-동진버스,True,4200262,로얄아파트.포남1동주민센터,BIS inventory,True,True,9,0 | 8,128.90933288179943,37.76545703763149,356,53,17,30,1.883399,0.500709
2025,42002151,212,강릉-동진버스,True,4200264,구)동해상사,BIS inventory,True,True,8,0 | 7,128.91165113985977,37.76683747950902,630,42,12,33,3.332981,0.396788
2025,42002151,212,강릉-동진버스,True,4200266,혜성연립,BIS inventory,True,True,7,0 | 6,128.9154402649905,37.76852760326643,899,64,6,27,4.75611,0.604629
2025,42002151,212,강릉-동진버스,True,4200268,삼우은성아파트,BIS inventory,True,True,6,0 | 5,128.91881978171756,37.77007704319862,811,80,7,23,4.290551,0.755786
2025,42002151,212,강릉-동진버스,True,4200270,이마트,BIS inventory,True,True,5,4,128.92290403192536,37.77218493598484,313,46,19,32,1.655909,0.434577
2025,42002151,212,강릉-동진버스,True,4200272,송정동주민센터,BIS inventory,True,True,4,3,128.92775106138072,37.77430053196711,234,16,21,39,1.237964,0.151157
2025,42002151,212,강릉-동진버스,True,4200274,송정노인회관,BIS inventory,True,True,3,0 | 2,128.93141909498914,37.77512821569013,951,12,5,42,5.031214,0.113368
2025,42002151,212,강릉-동진버스,True,4200279,신도브래뉴,BIS inventory,True,True,42,0 | 39 | 40 | 41,128.93862914925478,37.77730338810464,1,144,43,14,0.00529,1.360416
2025,42002151,212,강릉-동진버스,True,4200290,한솔초교,BIS inventory,True,True,30,0 | 28 | 29,128.91448068318238,37.77500059793141,99,29,26,36,0.523754,0.273973
2025,42002151,212,강릉-동진버스,True,4200318,포남시장,BIS inventory,True,True,10,0 | 9,128.90766061502285,37.76392281820552,139,37,24,34,0.735372,0.349551
2025,42002151,212,강릉-동진버스,True,4200721,강릉역,BIS inventory,True,True,25,0 | 23 | 24,128.8992580056024,37.76416330670135,3104,531,1,6,16.421543,5.016533
2025,42002151,212,강릉-동진버스,True,4200750,강릉시청앞,BIS inventory,True,True,19,18,128.88013307678156,37.753651204654936,22,213,36,10,0.11639,2.012282
2025,42002151,212,강릉-동진버스,True,4201043,안목,BIS inventory,True,True,1,0,128.94526892930932,37.77285146151794,796,12,8,42,4.211195,0.113368
2025,42002151,212,강릉-동진버스,True,4201044,안목커피거리,BIS inventory,True,True,44,0 | 40 | 41 | 42,128.94543559396536,37.77260342997581,11,1018,38,4,0.058195,9.617383
2025,42002151,212,강릉-동진버스,True,4201234,초당분수공원,BIS inventory,True,True,37,35 | 36,128.92421540479356,37.78614360918137,21,32,37,35,0.111099,0.302315
2025,42002151,212,강릉-동진버스,True,4201236,포남2주공입구,BIS inventory,True,True,32,0 | 30 | 31,128.91810027987142,37.77873395771816,41,56,33,29,0.216908,0.529051
2025,42002151,212,강릉-동진버스,True,4201376,가작다리입구,BIS inventory,True,True,24,22 | 23,128.8944549231389,37.76589747732919,43,128,32,17,0.227489,1.209258
2025,42002151,212,강릉-동진버스,True,4201386,송정한신아파트후문,BIS inventory,True,True,2,0 | 1,128.93962441064605,37.773612640324636,418,14,14,40,2.211406,0.132263
2025,42002151,212,강릉-동진버스,True,4202154,롯데캐슬시그니처,BIS inventory,True,True,22,0 | 20 | 21,128.88177646219214,37.761744282876045,1577,476,4,7,8.343032,4.49693
2025,42002151,212,강릉-동진버스,True,4202155,교동하늘채스카이파크,BIS inventory,True,True,26,0 | 24 | 25,128.90139949657416,37.77044271657007,72,115,28,19,0.380912,1.086443
2025,42002151,212,강릉-동진버스,True,4202156,세인트존스호텔,BIS inventory,True,True,36,0 | 34 | 35,128.92066155176954,37.789921292283566,277,740,20,5,1.465453,6.991025
2025,42002151,212,강릉-동진버스,True,4202171,신라모노그램,BIS inventory,True,True,38,36 | 37,128.92766337576,37.78423838201166,2,70,41,25,0.010581,0.661313
2025,42002151,212,강릉-동진버스,True,4202174,관동중학교,BIS inventory,True,True,21,20,128.88185544452548,37.756909416385795,31,24,35,38,0.164004,0.226736
2025,42002152,212-1,강릉-동진버스,True,4200048,강릉고정문,BIS inventory,True,True,9,0 | 6 | 7,128.91587216477294,37.7875280017598,242,106,14,21,1.687352,1.162663
2025,42002152,212-1,강릉-동진버스,True,4200049,남강초교,BIS inventory,True,True,36,0 | 32 | 33 | 34,128.91338089940805,37.76735161096919,185,243,20,8,1.289918,2.66535
2025,42002152,212-1,강릉-동진버스,True,4200052,송정래미안,BIS inventory,True,True,6,4,128.93038982126572,37.78292573478735,33,15,34,37,0.230093,0.164528
2025,42002152,212-1,강릉-동진버스,True,4200053,오성학교,BIS inventory,True,True,5,3,128.93312248716418,37.77978287851338,132,11,26,39,0.920374,0.120654
2025,42002152,212-1,강릉-동진버스,True,4200055,해당화연립,BIS inventory,True,True,4,2,128.93501598562065,37.778964657496246,137,19,25,35,0.955236,0.208402
2025,42002152,212-1,강릉-동진버스,True,4200059,강원도교육연수원,BIS inventory,True,True,10,7 | 8,128.9180532877992,37.78499697853126,63,22,32,33,0.439269,0.241307
2025,42002152,212-1,강릉-동진버스,True,4200082,강일여고정문,BIS inventory,True,True,23,20 | 21,128.8875516595327,37.76393626119314,26,119,36,19,0.181286,1.305254
2025,42002152,212-1,강릉-동진버스,True,4200094,강릉여고,BIS inventory,True,True,33,0 | 29 | 30 | 31,128.90248424479844,37.75904463050879,360,236,10,9,2.51011,2.588571
2025,42002152,212-1,강릉-동진버스,True,4200101,강릉고입구,BIS inventory,True,True,11,8 | 9,128.92013482012848,37.783607089094346,144,33,24,30,1.004044,0.361961
2025,42002152,212-1,강릉-동진버스,True,4200104,동명중학교,BIS inventory,True,True,14,11 | 12,128.91637238303827,37.777185998905715,91,11,29,39,0.6345,0.120654
2025,42002152,212-1,강릉-동진버스,True,4200106,KT,BIS inventory,True,True,16,0 | 13 | 14,128.91181164590185,37.77275858732733,488,106,6,21,3.402594,1.162663
2025,42002152,212-1,강릉-동진버스,True,4200108,동인병원입구,BIS inventory,True,True,17,0 | 14 | 15,128.90953558421478,37.77125258486367,211,85,17,24,1.471203,0.932324
2025,42002152,212-1,강릉-동진버스,True,4200110,하슬라중,BIS inventory,True,True,18,0 | 15 | 16,128.90715554439282,37.77053362559672,165,65,22,27,1.150467,0.712954
2025,42002152,212-1,강릉-동진버스,True,4200115,고용센터,BIS inventory,True,True,30,0 | 26 | 27 | 28,128.8890663454416,37.75714942132559,329,178,11,13,2.293962,1.952397
2025,42002152,212-1,강릉-동진버스,True,4200117,적십자입구,BIS inventory,True,True,29,0 | 25 | 26 | 27,128.88647213220725,37.75676623567213,243,30,13,31,1.694324,0.329056
2025,42002152,212-1,강릉-동진버스,True,4200119,터미널오거리,BIS inventory,True,True,28,0 | 24 | 25 | 26,128.88381140539954,37.755579088211434,521,18,5,36,3.632687,0.197433
2025,42002152,212-1,강릉-동진버스,True,4200121,강릉시외.고속터미널,BIS inventory,True,True,27,0 | 23 | 24 | 25,128.87911620808939,37.75486594086855,3327,682,1,3,23.197601,7.480531
2025,42002152,212-1,강릉-동진버스,True,4200249,용강동서부시장,BIS inventory,True,True,31,0 | 27 | 28 | 29,128.89167287030088,37.75492247590215,449,519,8,5,3.130665,5.692662
2025,42002152,212-1,강릉-동진버스,True,4200252,신영극장,BIS inventory,True,True,32,0 | 28 | 29 | 30,128.8961287589657,37.75448236011555,2577,2241,2,1,17.968205,24.580454
2025,42002152,212-1,강릉-동진버스,True,4200258,용지각,BIS inventory,True,True,34,30 | 31 | 32,128.90534669055177,37.76147384168322,249,187,12,12,1.73616,2.051113
2025,42002152,212-1,강릉-동진버스,True,4200260,동남아파트,BIS inventory,True,True,35,0 | 31 | 32 | 33,128.9088062489658,37.764638779656714,229,327,16,6,1.596709,3.586706
2025,42002152,212-1,강릉-동진버스,True,4200263,송정한신아파트후문,BIS inventory,True,True,43,39 | 40 | 41,128.9386138022858,37.773558747641985,2,94,43,23,0.013945,1.031041
2025,42002152,212-1,강릉-동진버스,True,4200265,혜성연립,BIS inventory,True,True,37,33 | 34 | 35,128.91575952067353,37.76841531999017,77,224,31,11,0.536885,2.456949
2025,42002152,212-1,강릉-동진버스,True,4200267,삼우은성아파트,BIS inventory,True,True,38,0 | 34 | 35 | 36,128.91973659122027,37.77025900516923,129,167,27,15,0.899456,1.831743
2025,42002152,212-1,강릉-동진버스,True,4200269,이마트,BIS inventory,True,True,39,0 | 35 | 36 | 37,128.92346774482266,37.772222356268564,102,251,28,7,0.711198,2.753099
2025,42002152,212-1,강릉-동진버스,True,4200271,송정동주민센터,BIS inventory,True,True,40,0 | 36 | 37 | 38,128.9281580126049,37.77420386430584,21,130,38,18,0.146423,1.425908
2025,42002152,212-1,강릉-동진버스,True,4200273,송정신원아침도시,BIS inventory,True,True,41,0 | 37 | 38 | 39,128.93190852770562,37.774810233413945,12,167,40,15,0.08367,1.831743
2025,42002152,212-1,강릉-동진버스,True,4200275,송정한신아파트입구,BIS inventory,True,True,42,0 | 38 | 39 | 40,128.93667614488956,37.77380916737768,6,84,42,25,0.041835,0.921356
2025,42002152,212-1,강릉-동진버스,True,4200280,송정해변,BIS inventory,True,True,3,0 | 1,128.9381119893655,37.77768849372205,193,6,18,43,1.345698,0.065811
2025,42002152,212-1,강릉-동진버스,True,4200288,경포고교,BIS inventory,True,True,12,0 | 10 | 9,128.91881546540267,37.78075927662396,232,30,15,31,1.617627,0.329056
2025,42002152,212-1,강릉-동진버스,True,4200289,한솔초교,BIS inventory,True,True,15,12 | 13,128.9142086436632,37.775058134113436,160,34,23,29,1.115605,0.37293
2025,42002152,212-1,강릉-동진버스,True,4200542,강릉MBC,BIS inventory,True,True,19,16 | 17,128.90392601394964,37.77039013888439,25,84,37,25,0.174313,0.921356
2025,42002152,212-1,강릉-동진버스,True,4200721,강릉역,BIS inventory,True,True,21,0 | 18 | 19,128.8992580056024,37.76416330670135,878,604,4,4,6.12188,6.624986
2025,42002152,212-1,강릉-동진버스,True,4200750,강릉시청앞,BIS inventory,True,True,26,0 | 22 | 23 | 24,128.88013307678156,37.753651204654936,84,109,30,20,0.585692,1.195569
2025,42002152,212-1,강릉-동진버스,True,4201043,안목,BIS inventory,True,True,1,0,128.94526892930932,37.77285146151794,924,9,3,41,6.442616,0.098717
2025,42002152,212-1,강릉-동진버스,True,4201044,안목커피거리,BIS inventory,True,True,44,0 | 40 | 41 | 42,128.94543559396536,37.77260342997581,12,1197,40,2,0.08367,13.129319
2025,42002152,212-1,강릉-동진버스,True,4201220,포남2주공입구,BIS inventory,True,True,13,0 | 10 | 11,128.9179885478381,37.77901498558293,192,9,19,41,1.338725,0.098717
2025,42002152,212-1,강릉-동진버스,True,4201221,교동하늘채스카이파크,BIS inventory,True,True,20,0 | 17 | 18,128.90200271905258,37.770481553669924,177,177,21,14,1.234137,1.941428
2025,42002152,212-1,강릉-동진버스,True,4201375,가작다리입구,BIS inventory,True,True,22,19 | 20,128.8943546413669,37.766101443660936,21,55,38,28,0.146423,0.603269
2025,42002152,212-1,강릉-동진버스,True,4202157,롯데캐슬시그니처,BIS inventory,True,True,24,0 | 21 | 22,128.88150991460472,37.76169156053964,452,234,7,10,3.151583,2.566634
2025,42002152,212-1,강릉-동진버스,True,4202158,세인트존스호텔,BIS inventory,True,True,8,0 | 5 | 6,128.9208321964743,37.79000919070631,371,165,9,17,2.586808,1.809806
2025,42002152,212-1,강릉-동진버스,True,4202172,신라모노그램,BIS inventory,True,True,7,5,128.92730314100064,37.78470637599459,43,14,33,38,0.299819,0.153559
2025,42002152,212-1,강릉-동진버스,True,4202173,관동중학교,BIS inventory,True,True,25,23,128.88157113042865,37.75688715011548,28,20,35,34,0.195231,0.21937
2025,42002153,300-2(강릉역),강릉-동진버스,True,4200004,숲사랑홍보관,BIS inventory,True,True,29,28,128.85126457297872,37.81878304910103,1,3,49,33,0.04649,0.275229
2025,42002153,300-2(강릉역),강릉-동진버스,True,4200042,롯데캐슬아파트,BIS inventory,True,True,41,40,128.89120929799194,37.766948306391974,41,32,20,8,1.90609,2.93578
2025,42002153,300-2(강릉역),강릉-동진버스,True,4200069,방골마을입구,BIS inventory,True,True,31,30,128.85540756146614,37.81366779247799,5,2,38,37,0.23245,0.183486
2025,42002153,300-2(강릉역),강릉-동진버스,True,4200094,강릉여고,BIS inventory,True,True,46,45,128.90248424479844,37.75904463050879,28,23,27,12,1.30172,2.110092
2025,42002153,300-2(강릉역),강릉-동진버스,True,4200138,즈므.과학단지,BIS inventory,True,True,33,32,128.8604076986006,37.79746479759031,5,0,38,,0.23245,0.0
2025,42002153,300-2(강릉역),강릉-동진버스,True,4200181,주문진해변,BIS inventory,True,True,2,1,128.81692175696733,37.90940788063508,11,1,32,39,0.51139,0.091743
2025,42002153,300-2(강릉역),강릉-동진버스,True,4200184,소돌,BIS inventory,True,True,3,2,128.82175443074843,37.905415537268986,64,1,13,39,2.97536,0.091743
2025,42002153,300-2(강릉역),강릉-동진버스,True,4200186,보성연립,BIS inventory,True,True,5,4,128.82551362915504,37.901974724913615,4,1,41,39,0.18596,0.091743
2025,42002153,300-2(강릉역),강릉-동진버스,True,4200187,양양고개,BIS inventory,True,True,6,5,128.82805578782853,37.90002854060149,29,0,25,,1.34821,0.0
2025,42002153,300-2(강릉역),강릉-동진버스,True,4200189,주문2리,BIS inventory,True,True,7,6,128.83046007450088,37.897540604441176,27,0,28,,1.25523,0.0
2025,42002153,300-2(강릉역),강릉-동진버스,True,4200190,수협사거리,BIS inventory,True,True,8,7,128.83119347169236,37.89590191816579,54,3,16,33,2.51046,0.275229
2025,42002153,300-2(강릉역),강릉-동진버스,True,4200191,공단,BIS inventory,True,True,54,53,128.92224127533925,37.765245144772656,0,1,,39,0.0,0.091743
2025,42002153,300-2(강릉역),강릉-동진버스,True,4200193,북부지구대,BIS inventory,True,True,9,8,128.82860680406648,37.894535177399845,48,9,18,25,2.23152,0.825688
2025,42002153,300-2(강릉역),강릉-동진버스,True,4200194,주문진항입구,BIS inventory,True,True,10,9,128.82670250148865,37.8926318795772,71,17,9,16,3.30079,1.559633
2025,42002153,300-2(강릉역),강릉-동진버스,True,4200197,작은다리,BIS inventory,True,True,12,11,128.82583778093624,37.88994679111109,184,17,2,16,8.554161,1.559633
2025,42002153,300-2(강릉역),강릉-동진버스,True,4200201,양조장,BIS inventory,True,True,15,14,128.8258300942643,37.881274388703744,172,13,3,21,7.996281,1.192661
2025,42002153,300-2(강릉역),강릉-동진버스,True,4200204,주문진중학교,BIS inventory,True,True,16,15,128.82690197641236,37.87887483229283,68,22,10,15,3.16132,2.018349
2025,42002153,300-2(강릉역),강릉-동진버스,True,4200205,강원도립대,BIS inventory,True,True,17,16,128.82840415011668,37.87652579934979,66,17,12,16,3.06834,1.559633
2025,42002153,300-2(강릉역),강릉-동진버스,True,4200207,북부노인종합복지관,BIS inventory,True,True,18,17,128.83062989490628,37.8743072338123,56,31,14,10,2.60344,2.844037
2025,42002153,300-2(강릉역),강릉-동진버스,True,4200213,연곡해변입구,BIS inventory,True,True,22,21,128.84130813848452,37.85462580337619,9,0,33,,0.41841,0.0
2025,42002153,300-2(강릉역),강릉-동진버스,True,4200216,구라미,BIS inventory,True,True,24,23,128.84187680750063,37.84088026429458,14,1,31,39,0.65086,0.091743
2025,42002153,300-2(강릉역),강릉-동진버스,True,4200219,청솔공원,BIS inventory,True,True,25,24,128.84744835859598,37.832296445829655,4,1,41,39,0.18596,0.091743
2025,42002153,300-2(강릉역),강릉-동진버스,True,4200220,모래내행복센터,BIS inventory,True,True,26,25,128.84888855200666,37.82654759560158,31,3,24,33,1.44119,0.275229
2025,42002153,300-2(강릉역),강릉-동진버스,True,4200223,사천면사무소,BIS inventory,True,True,27,26,128.84914337332015,37.8229406699122,50,5,17,28,2.3245,0.458716
2025,42002153,300-2(강릉역),강릉-동진버스,True,4200224,북부노인대학,BIS inventory,True,True,28,27,128.85070066292354,37.820164105652225,4,0,41,,0.18596,0.0
2025,42002153,300-2(강릉역),강릉-동진버스,True,4200228,학고개,BIS inventory,True,True,32,31,128.8599242703853,37.80596957371411,3,0,46,,0.13947,0.0
2025,42002153,300-2(강릉역),강릉-동진버스,True,4200230,한밭입구,BIS inventory,True,True,34,33,128.86424835021418,37.79176559208253,4,3,41,33,0.18596,0.275229
2025,42002153,300-2(강릉역),강릉-동진버스,True,4200232,행정마을,BIS inventory,True,True,35,34,128.8694510816438,37.7889272082235,42,4,19,31,1.95258,0.366972
2025,42002153,300-2(강릉역),강릉-동진버스,True,4200234,법원.검찰청,BIS inventory,True,True,36,35,128.87342400102995,37.78526073982707,18,4,30,31,0.83682,0.366972
2025,42002153,300-2(강릉역),강릉-동진버스,True,4200236,선교장입구,BIS inventory,True,True,37,36,128.87978791945434,37.782182641690056,9,5,33,28,0.41841,0.458716
2025,42002153,300-2(강릉역),강릉-동진버스,True,4200238,오죽헌,BIS inventory,True,True,38,37,128.8827262588498,37.779841129260745,34,16,22,19,1.58066,1.46789
2025,42002153,300-2(강릉역),강릉-동진버스,True,4200240,젤마을,BIS inventory,True,True,39,38,128.887733025105,37.775438249928285,8,5,35,28,0.37192,0.458716
2025,42002153,300-2(강릉역),강릉-동진버스,True,4200242,율곡중학교,BIS inventory,True,True,40,39,128.89021344037266,37.771874448370795,22,2,29,37,1.02278,0.183486
2025,42002153,300-2(강릉역),강릉-동진버스,True,4200245,이명사거리,BIS inventory,True,True,42,41,128.89157918705828,37.764565078717,67,23,11,12,3.11483,2.110092
2025,42002153,300-2(강릉역),강릉-동진버스,True,4200247,강릉제일고,BIS inventory,True,True,43,42,128.8918779735197,37.759537356247826,35,37,21,5,1.62715,3.394495
2025,42002153,300-2(강릉역),강릉-동진버스,True,4200249,용강동서부시장,BIS inventory,True,True,44,43,128.89167287030088,37.75492247590215,29,95,25,2,1.34821,8.715596
2025,42002153,300-2(강릉역),강릉-동진버스,True,4200252,신영극장,BIS inventory,True,True,45,44,128.8961287589657,37.75448236011555,210,371,1,1,9.762901,34.036697
2025,42002153,300-2(강릉역),강릉-동진버스,True,4200257,옥천119안전센터,BIS inventory,True,True,47,46,128.90305174420297,37.761041080134646,1,16,49,19,0.04649,1.46789
2025,42002153,300-2(강릉역),강릉-동진버스,True,4200258,용지각,BIS inventory,True,True,50,49 | 50,128.90534669055177,37.76147384168322,4,12,41,22,0.18596,1.100917
2025,42002153,300-2(강릉역),강릉-동진버스,True,4200260,동남아파트,BIS inventory,True,True,51,50 | 51,128.9088062489658,37.764638779656714,5,33,38,7,0.23245,3.027523
2025,42002153,300-2(강릉역),강릉-동진버스,True,4200293,강릉역건너편,BIS inventory,True,True,48,47,128.8990669694857,37.76400772021464,8,62,35,3,0.37192,5.688073
2025,42002153,300-2(강릉역),강릉-동진버스,True,4200305,주문진시외버스터미널,BIS inventory,True,True,14,13,128.82509871282576,37.88458386690221,87,23,7,12,4.04463,2.110092
2025,42002153,300-2(강릉역),강릉-동진버스,True,4200310,삼천리아파트,BIS inventory,True,True,20,19,128.8379309322555,37.8689470039461,89,32,6,8,4.13761,2.93578
2025,42002153,300-2(강릉역),강릉-동진버스,True,4200312,구라미휴게소,BIS inventory,True,True,23,22,128.84078612253998,37.84523742281921,2,1,48,39,0.09298,0.091743
2025,42002153,300-2(강릉역),강릉-동진버스,True,4200317,강릉아산병원.강릉약국,BIS inventory,True,True,30,29,128.856152685967,37.816231407654854,144,27,4,11,6.694561,2.477064
2025,42002153,300-2(강릉역),강릉-동진버스,True,4200473,향호리,BIS inventory,True,True,1,0,128.81023394642006,37.915207861254615,55,0,15,,2.55695,0.0
2025,42002153,300-2(강릉역),강릉-동진버스,True,4200519,방학골,BIS inventory,True,True,4,3,128.82351587730795,37.90381462090833,3,0,46,,0.13947,0.0
2025,42002153,300-2(강릉역),강릉-동진버스,True,4200619,국립수산물품질관리원,BIS inventory,True,True,11,10,128.82606517101954,37.891507384213114,33,10,23,23,1.53417,0.917431
2025,42002153,300-2(강릉역),강릉-동진버스,True,4201206,입암2.3주공,BIS inventory,True,True,52,51,128.9164847952377,37.764981798289845,0,37,,5,0.0,3.394495
2025,42002153,300-2(강릉역),강릉-동진버스,True,4201207,현대자동차서비스,BIS inventory,True,True,53,52,128.9189460603978,37.76507644083287,0,6,,27,0.0,0.550459
2025,42002153,300-2(강릉역),강릉-동진버스,True,4201226,영진입구,BIS inventory,True,True,19,18,128.83626865951734,37.87047570517143,6,9,37,25,0.27894,0.825688
2025,42002153,300-2(강릉역),강릉-동진버스,True,4201227,연곡면사무소,BIS inventory,True,True,21,20,128.83749819485607,37.86001175022627,75,44,8,4,3.48675,4.036697
2025,42002153,300-2(강릉역),강릉-동진버스,True,4201232,원마트,BIS inventory,True,True,13,12,128.8255161831108,37.88764901879385,112,10,5,23,5.206881,0.917431
2025,42091001,200,강릉-동해상사,True,4200042,롯데캐슬아파트,BIS inventory,True,True,43,40 | 41,128.89120929799194,37.766948306391974,3476,722,11,25,2.46092,1.127086
2025,42091001,200,강릉-동해상사,True,4200051,송정래미안,BIS inventory,True,True,62,58 | 60,128.93021609974548,37.78282723196739,39,258,63,41,0.027611,0.402754
2025,42091001,200,강릉-동해상사,True,4200052,송정래미안,BIS inventory,True,True,6,4,128.93038982126572,37.78292573478735,254,16,50,64,0.179826,0.024977
2025,42091001,200,강릉-동해상사,True,4200053,오성학교,BIS inventory,True,True,5,3,128.93312248716418,37.77978287851338,572,38,44,58,0.404961,0.05932
2025,42091001,200,강릉-동해상사,True,4200054,삼익아파트,BIS inventory,True,True,63,59 | 61,128.93336344346523,37.7794509217129,69,683,60,28,0.04885,1.066205
2025,42091001,200,강릉-동해상사,True,4200055,해당화연립,BIS inventory,True,True,4,2,128.93501598562065,37.778964657496246,1289,43,31,55,0.912579,0.067126
2025,42091001,200,강릉-동해상사,True,4200056,해당화연립,BIS inventory,True,True,64,60 | 62,128.9356053065312,37.7785328972295,76,464,59,34,0.053806,0.724332
2025,42091001,200,강릉-동해상사,True,4200086,강원대학교후문,BIS inventory,True,True,34,31 | 32,128.8748802531449,37.77322772576275,11,1612,65,7,0.007788,2.51643
2025,42091001,200,강릉-동해상사,True,4200087,강원대학교후문,BIS inventory,True,True,36,33 | 34,128.87498639848286,37.77315204059329,9028,22,4,62,6.391595,0.034343
2025,42091001,200,강릉-동해상사,True,4200088,문성고등학교,BIS inventory,True,True,37,34 | 35,128.8747975765768,37.776789915738114,6283,40,5,57,4.448205,0.062442
2025,42091001,200,강릉-동해상사,True,4200089,문성고등학교,BIS inventory,True,True,33,30 | 31,128.87460137001867,37.776791669303456,169,1267,55,12,0.119648,1.977864
2025,42091001,200,강릉-동해상사,True,4200090,한옥마을,BIS inventory,True,True,38,35 | 36,128.8775249835254,37.777067812459386,347,42,48,56,0.245667,0.065565
2025,42091001,200,강릉-동해상사,True,4200091,한옥마을,BIS inventory,True,True,32,29 | 30,128.877399547533,37.77711052551884,58,349,62,37,0.041063,0.54481
2025,42091001,200,강릉-동해상사,True,4200092,오죽헌,BIS inventory,True,True,39,36 | 37,128.8797380363922,37.77879711032111,961,126,35,51,0.680364,0.196694
2025,42091001,200,강릉-동해상사,True,4200093,오죽헌,BIS inventory,True,True,31,28 | 29,128.88009218006442,37.77900408798861,159,552,56,30,0.112568,0.861706
2025,42091001,200,강릉-동해상사,True,4200094,강릉여고,BIS inventory,True,True,48,45 | 46,128.90248424479844,37.75904463050879,3664,825,10,21,2.594019,1.287875
2025,42091001,200,강릉-동해상사,True,4200095,한국자산관리공사,BIS inventory,True,True,21,18 | 19,128.90111921880606,37.75827929877246,1552,893,26,18,1.098777,1.394027
2025,42091001,200,강릉-동해상사,True,4200101,강릉고입구,BIS inventory,True,True,9,6 | 7,128.92013482012848,37.783607089094346,2155,298,17,39,1.525685,0.465196
2025,42091001,200,강릉-동해상사,True,4200102,강릉고입구,BIS inventory,True,True,59,56 | 57,128.92044843215433,37.78352944320342,790,1251,37,13,0.5593,1.952887
2025,42091001,200,강릉-동해상사,True,4200103,경포고교,BIS inventory,True,True,58,55 | 56,128.9190546436117,37.78057981084284,422,531,46,31,0.298765,0.828923
2025,42091001,200,강릉-동해상사,True,4200104,동명중학교,BIS inventory,True,True,12,10 | 9,128.91637238303827,37.777185998905715,762,35,39,59,0.539477,0.054637
2025,42091001,200,강릉-동해상사,True,4200105,동명중학교,BIS inventory,True,True,56,53 | 54,128.9161008666347,37.77658681943468,577,338,43,38,0.408501,0.527639
2025,42091001,200,강릉-동해상사,True,4200106,KT,BIS inventory,True,True,14,11 | 12,128.91181164590185,37.77275858732733,4312,459,8,35,3.052787,0.716527
2025,42091001,200,강릉-동해상사,True,4200107,KT,BIS inventory,True,True,54,51 | 52,128.9125052185983,37.77309475265464,1955,2430,22,6,1.38409,3.793378
2025,42091001,200,강릉-동해상사,True,4200108,동인병원입구,BIS inventory,True,True,15,12 | 13,128.90953558421478,37.77125258486367,2045,174,20,48,1.447808,0.271625
2025,42091001,200,강릉-동해상사,True,4200109,동인병원입구,BIS inventory,True,True,53,50 | 51,128.9094857690125,37.77102450992961,599,1475,41,10,0.424077,2.302565
2025,42091001,200,강릉-동해상사,True,4200110,하슬라중,BIS inventory,True,True,16,13 | 14,128.90715554439282,37.77053362559672,1911,208,23,45,1.35294,0.324701
2025,42091001,200,강릉-동해상사,True,4200111,하슬라중,BIS inventory,True,True,52,49 | 50,128.90761293140218,37.77043125987649,1394,868,28,19,0.986917,1.355001
2025,42091001,200,강릉-동해상사,True,4200112,강릉관광개발공사,BIS inventory,True,True,17,14 | 15,128.9085231695166,37.76800046518587,776,231,38,44,0.549388,0.360605
2025,42091001,200,강릉-동해상사,True,4200113,강릉관광개발공사,BIS inventory,True,True,51,48 | 49,128.90865897771857,37.76820323697218,369,1005,47,17,0.261243,1.568866
2025,42091001,200,강릉-동해상사,True,4200240,젤마을,BIS inventory,True,True,41,38 | 39,128.887733025105,37.775438249928285,1041,207,34,46,0.737002,0.32314
2025,42091001,200,강릉-동해상사,True,4200241,우성공업사,BIS inventory,True,True,29,26 | 27,128.8881180126791,37.77538642162077,177,160,54,50,0.125312,0.24977
2025,42091001,200,강릉-동해상사,True,4200242,율곡중학교,BIS inventory,True,True,42,39 | 40,128.89021344037266,37.771874448370795,1611,253,25,42,1.140547,0.394948
2025,42091001,200,강릉-동해상사,True,4200243,율곡중학교,BIS inventory,True,True,28,25 | 26,128.89033943348878,37.77216892177817,140,235,57,43,0.099116,0.366849
2025,42091001,200,강릉-동해상사,True,4200245,이명사거리,BIS inventory,True,True,44,41 | 42,128.89157918705828,37.764565078717,4472,446,6,36,3.166063,0.696233
2025,42091001,200,강릉-동해상사,True,4200246,이명사거리,BIS inventory,True,True,26,23 | 24,128.89177153862124,37.764700407126554,556,1370,45,11,0.393634,2.138653
2025,42091001,200,강릉-동해상사,True,4200247,강릉제일고,BIS inventory,True,True,45,42 | 43,128.8918779735197,37.759537356247826,2048,693,19,27,1.449932,1.081815
2025,42091001,200,강릉-동해상사,True,4200248,강릉제일고,BIS inventory,True,True,25,22 | 23,128.89200478710157,37.759050283679514,949,765,36,24,0.671868,1.194212
2025,42091001,200,강릉-동해상사,True,4200249,용강동서부시장,BIS inventory,True,True,46,43 | 44,128.89167287030088,37.75492247590215,3301,2695,12,5,2.337024,4.207059
2025,42091001,200,강릉-동해상사,True,4200250,용강동서부시장,BIS inventory,True,True,24,21 | 22,128.89174828581776,37.7556582744871,2147,673,18,29,1.520022,1.050594
2025,42091001,200,강릉-동해상사,True,4200251,한국은행,BIS inventory,True,True,23,20 | 21,128.89406630781096,37.753485602290496,4408,1558,7,9,3.120752,2.432133
2025,42091001,200,강릉-동해상사,True,4200252,신영극장,BIS inventory,True,True,47,44 | 45,128.8961287589657,37.75448236011555,24245,12053,1,1,17.164845,18.815467
2025,42091001,200,강릉-동해상사,True,4200253,교보생명,BIS inventory,True,True,22,19 | 20,128.89811415297848,37.756002485379526,10398,8824,3,2,7.36152,13.774801
2025,42091001,200,강릉-동해상사,True,4200258,용지각,BIS inventory,True,True,49,46 | 47,128.90534669055177,37.76147384168322,2020,1131,21,16,1.430109,1.76556
2025,42091001,200,강릉-동해상사,True,4200259,용지각,BIS inventory,True,True,20,17 | 18,128.90537716328666,37.76184119439877,2368,821,16,23,1.676484,1.281631
2025,42091001,200,강릉-동해상사,True,4200260,동남아파트,BIS inventory,True,True,50,47 | 48,128.9088062489658,37.764638779656714,1318,1603,30,8,0.933111,2.502381
2025,42091001,200,강릉-동해상사,True,4200262,로얄아파트.포남1동주민센터,BIS inventory,True,True,18,15 | 16,128.90933288179943,37.76545703763149,2773,469,14,33,1.963214,0.732138
2025,42091001,200,강릉-동해상사,True,4200279,신도브래뉴,BIS inventory,True,True,65,61 | 63,128.93862914925478,37.77730338810464,12,824,64,22,0.008496,1.286314
2025,42091001,200,강릉-동해상사,True,4200280,송정해변,BIS inventory,True,True,3,1,128.9381119893655,37.77768849372205,2468,21,15,63,1.747281,0.032782
2025,42091001,200,강릉-동해상사,True,4200288,경포고교,BIS inventory,True,True,10,7 | 8,128.91881546540267,37.78075927662396,4005,93,9,53,2.835438,0.145179
2025,42091001,200,강릉-동해상사,True,4200289,한솔초교,BIS inventory,True,True,13,10 | 11,128.9142086436632,37.775058134113436,1505,122,27,52,1.065502,0.190449
2025,42091001,200,강릉-동해상사,True,4200290,한솔초교,BIS inventory,True,True,55,52 | 53,128.91448068318238,37.77500059793141,344,509,49,32,0.243543,0.79458
2025,42091001,200,강릉-동해상사,True,4200318,포남시장,BIS inventory,True,True,19,16 | 17,128.90766061502285,37.76392281820552,1720,280,24,40,1.217716,0.437097
2025,42091001,200,강릉-동해상사,True,4200356,강원대학교,BIS inventory,True,True,35,32 | 33,128.87391738137654,37.77033026766949,12657,2755,2,4,8.960835,4.300723
2025,42091001,200,강릉-동해상사,True,4200569,교2동주민센터,BIS inventory,True,True,27,24 | 25,128.8921038226677,37.76840335678918,587,694,42,26,0.415581,1.083376
2025,42091001,200,강릉-동해상사,True,4200769,오죽헌입구,BIS inventory,True,True,30,27 | 28,128.8828973977968,37.77942746550242,673,167,40,49,0.476467,0.260697
2025,42091001,200,강릉-동해상사,True,4201043,안목,BIS inventory,True,True,1,0,128.94526892930932,37.77285146151794,2800,15,13,65,1.982329,0.023416
2025,42091001,200,강릉-동해상사,True,4201044,안목커피거리,BIS inventory,True,True,67,62 | 64,128.94543559396536,37.77260342997581,1133,3831,32,3,0.802135,5.980424
2025,42091001,200,강릉-동해상사,True,4201220,포남2주공입구,BIS inventory,True,True,11,8 | 9,128.9179885478381,37.77901498558293,1082,24,33,61,0.766029,0.037465
2025,42091001,200,강릉-동해상사,True,4201233,초당분수공원,BIS inventory,True,True,8,5 | 6,128.9221385517862,37.785996929695614,1364,80,29,54,0.965677,0.124885
2025,42091001,200,강릉-동해상사,True,4201234,초당분수공원,BIS inventory,True,True,60,57 | 58,128.92421540479356,37.78614360918137,206,1201,53,14,0.145843,1.874834
2025,42091001,200,강릉-동해상사,True,4201236,포남2주공입구,BIS inventory,True,True,57,54 | 55,128.91810027987142,37.77873395771816,114,845,58,20,0.080709,1.319096
2025,42091001,200,강릉-동해상사,True,4201382,오죽헌입구,BIS inventory,True,True,40,37 | 38,128.88300783523746,37.779420150144524,243,1182,51,15,0.172038,1.845174
2025,42091001,200,강릉-동해상사,True,4202171,신라모노그램,BIS inventory,True,True,61,59,128.92766337576,37.78423838201166,60,178,61,47,0.042478,0.277869
2025,42091001,200,강릉-동해상사,True,4202172,신라모노그램,BIS inventory,True,True,7,5,128.92730314100064,37.78470637599459,228,27,52,60,0.161418,0.042149
2025,42091001,200,강릉-동해상사,True,~,,unavailable,False,False,,0,,,1,0,,,0.000708,0.0
2025,42091002,202,강릉-동해상사,True,4200042,롯데캐슬아파트,BIS inventory,True,True,12,0 | 11,128.89120929799194,37.766948306391974,3176,1180,9,12,2.932243,1.859527
2025,42091002,202,강릉-동해상사,True,4200045,형제막국수,BIS inventory,True,True,26,25,128.86624288991882,37.755124519467394,71,108,41,39,0.065551,0.170194
2025,42091002,202,강릉-동해상사,True,4200071,경포현대아파트,BIS inventory,True,True,43,0 | 42,128.90335968993816,37.80120612421906,419,986,33,15,0.386842,1.553808
2025,42091002,202,강릉-동해상사,True,4200073,경포대.참소리박물관,BIS inventory,True,True,42,0 | 41,128.89723222843386,37.79547838966498,171,873,37,18,0.157876,1.375735
2025,42091002,202,강릉-동해상사,True,4200076,선교장,BIS inventory,True,True,39,0 | 38,128.88470029533363,37.78507057730054,442,244,32,33,0.408077,0.384512
2025,42091002,202,강릉-동해상사,True,4200078,경포동주민센터,BIS inventory,True,True,38,0 | 37,128.8806150484207,37.78405330055861,138,221,38,35,0.127409,0.348267
2025,42091002,202,강릉-동해상사,True,4200095,한국자산관리공사,BIS inventory,True,True,16,0 | 15,128.90111921880606,37.75827929877246,2750,1788,11,10,2.538938,2.817656
2025,42091002,202,강릉-동해상사,True,4200114,고용센터,BIS inventory,True,True,20,0 | 19,128.88893105798073,37.75744085258255,1327,513,22,23,1.225153,0.808421
2025,42091002,202,강릉-동해상사,True,4200116,적십자입구,BIS inventory,True,True,21,0 | 20,128.88726321660565,37.757196360936135,766,389,27,28,0.70721,0.613014
2025,42091002,202,강릉-동해상사,True,4200118,터미널오거리,BIS inventory,True,True,22,0 | 21,128.8840640923818,37.75608209292866,693,955,28,16,0.639812,1.504956
2025,42091002,202,강릉-동해상사,True,4200120,강릉시외.고속터미널,BIS inventory,True,True,23,0 | 22,128.8792265208128,37.75505492071011,3951,6618,6,3,3.647762,10.429109
2025,42091002,202,강릉-동해상사,True,4200127,구름다리,BIS inventory,True,True,30,0 | 29,128.87654770197503,37.764512872809554,1861,3088,17,5,1.718169,4.866287
2025,42091002,202,강릉-동해상사,True,4200129,주공3차아파트,BIS inventory,True,True,31,0 | 30,128.87933873663175,37.76410589188944,1251,629,23,19,1.154986,0.991222
2025,42091002,202,강릉-동해상사,True,4200131,하이빌현대아파트,BIS inventory,True,True,32,0 | 31,128.8824547932286,37.764860822549025,212,325,36,29,0.195729,0.512158
2025,42091002,202,강릉-동해상사,True,4200133,주공1차아파트,BIS inventory,True,True,33,32,128.88288690646792,37.76665665089728,361,413,34,26,0.333293,0.650834
2025,42091002,202,강릉-동해상사,True,4200134,부영2차아파트,BIS inventory,True,True,34,0 | 33,128.88281079370944,37.77016072015751,1973,543,14,22,1.821573,0.855698
2025,42091002,202,강릉-동해상사,True,4200137,방축거리,BIS inventory,True,True,35,0 | 34,128.88360346383243,37.77333257715457,109,434,39,25,0.100634,0.683928
2025,42091002,202,강릉-동해상사,True,4200237,선교장입구,BIS inventory,True,True,37,0 | 36,128.8801857915523,37.78222354537227,489,290,30,31,0.451469,0.457002
2025,42091002,202,강릉-동해상사,True,4200239,오죽헌,BIS inventory,True,True,36,0 | 35,128.88242080274284,37.78040719543912,1555,1866,21,9,1.435654,2.940574
2025,42091002,202,강릉-동해상사,True,4200250,용강동서부시장,BIS inventory,True,True,19,0 | 18,128.89174828581776,37.7556582744871,3665,1057,7,13,3.383712,1.665695
2025,42091002,202,강릉-동해상사,True,4200251,한국은행,BIS inventory,True,True,18,0 | 17,128.89406630781096,37.753485602290496,7956,2421,4,8,7.345379,3.815182
2025,42091002,202,강릉-동해상사,True,4200253,교보생명,BIS inventory,True,True,17,0 | 16,128.89811415297848,37.756002485379526,20409,13211,1,1,18.842614,20.818822
2025,42091002,202,강릉-동해상사,True,4200256,옥천119안전센터,BIS inventory,True,True,15,0 | 14,128.9022376115818,37.76136928474395,786,1224,26,11,0.725675,1.928865
2025,42091002,202,강릉-동해상사,True,4200283,해운정,BIS inventory,True,True,40,39,128.8896806331549,37.78564440698094,10,33,43,43,0.009233,0.052004
2025,42091002,202,강릉-동해상사,True,4200293,강릉역건너편,BIS inventory,True,True,14,0 | 13,128.8990669694857,37.76400772021464,5067,7336,5,2,4.678109,11.560584
2025,42091002,202,강릉-동해상사,True,4200401,강릉복합복지체육센터,BIS inventory,True,True,29,0 | 28,128.87017698555522,37.76290354322161,328,1054,35,14,0.302826,1.660967
2025,42091002,202,강릉-동해상사,True,4200431,강릉국민체육센터,BIS inventory,True,True,9,0 | 8,128.8964868887264,37.776906315186,1867,93,16,41,1.723708,0.146556
2025,42091002,202,강릉-동해상사,True,4200432,종합경기장,BIS inventory,True,True,10,0 | 9,128.89654249784542,37.771109941446205,1952,212,15,37,1.802184,0.334084
2025,42091002,202,강릉-동해상사,True,4200543,미디어촌5단지,BIS inventory,True,True,25,0 | 24,128.86758571434657,37.753701754139904,3056,2874,10,6,2.821453,4.529051
2025,42091002,202,강릉-동해상사,True,4200546,e-편한세상아파트,BIS inventory,True,True,11,0 | 10,128.89508217030252,37.76981271024109,1729,576,18,20,1.5963,0.907701
2025,42091002,202,강릉-동해상사,True,4200565,우미린아파트,BIS inventory,True,True,24,0 | 23,128.87023572987053,37.75716460769394,614,2459,29,7,0.566876,3.875065
2025,42091002,202,강릉-동해상사,True,4200567,한내들아파트,BIS inventory,True,True,27,0 | 26,128.8681446784216,37.75790349269205,1610,487,20,24,1.486433,0.767449
2025,42091002,202,강릉-동해상사,True,4200612,강릉아이스아레나,BIS inventory,True,True,8,0 | 7,128.89502259832767,37.78025795268572,951,108,25,39,0.878011,0.170194
2025,42091002,202,강릉-동해상사,True,4200647,허난설헌삼거리,BIS inventory,True,True,4,0 | 3,128.91326614067623,37.792240418323686,2746,395,12,27,2.535245,0.622469
2025,42091002,202,강릉-동해상사,True,4201241,순두부마을,BIS inventory,True,True,41,0 | 40,128.8929863409179,37.7864529101926,47,243,42,34,0.043393,0.382936
2025,42091002,202,강릉-동해상사,True,4201242,경포해변,BIS inventory,True,True,1,0 | 43,128.9052529004403,37.80440358093674,14144,5754,2,4,13.058451,9.067558
2025,42091002,202,강릉-동해상사,True,4201249,선수촌8단지,BIS inventory,True,True,28,0 | 27,128.87029355520082,37.76060110592661,1092,892,24,17,1.008189,1.405676
2025,42091002,202,강릉-동해상사,True,4201255,모안이서낭당,BIS inventory,True,True,7,0 | 6,128.90266311761613,37.78356022910187,478,121,31,38,0.441314,0.19068
2025,42091002,202,강릉-동해상사,True,4201257,강릉녹색도시체험센터,BIS inventory,True,True,6,0 | 5,128.90662264590688,37.78655657001431,1712,272,19,32,1.580604,0.428637
2025,42091002,202,강릉-동해상사,True,4201258,허균.허난설헌기념공원,BIS inventory,True,True,5,0 | 4,128.9098403915302,37.789953897145395,2250,320,13,30,2.077313,0.504278
2025,42091002,202,강릉-동해상사,True,4201260,강문해변입구,BIS inventory,True,True,3,0 | 2,128.91519487645675,37.79459950672752,10464,563,3,21,9.66089,0.887215
2025,42091002,202,강릉-동해상사,True,4201266,경포호,BIS inventory,True,True,2,0 | 1,128.91144337577538,37.79931158521169,3577,71,8,42,3.302466,0.111887
2025,42091002,202,강릉-동해상사,True,4201376,가작다리입구,BIS inventory,True,True,13,12,128.8944549231389,37.76589747732919,87,218,40,36,0.080323,0.34354
2025,42091002,202,강릉-동해상사,True,~,,unavailable,False,False,,0,,,1,0,,,0.000923,0.0
2025,42091003,206,강릉-동해상사,True,4200011,동부아파트,BIS inventory,True,True,4,3,128.9151327017873,37.78401368458876,6497,30,7,58,3.850188,0.038834
2025,42091003,206,강릉-동해상사,True,4200039,유화아파트,BIS inventory,True,True,3,2,128.91342886671308,37.785727014906996,2324,27,20,59,1.377226,0.034951
2025,42091003,206,강릉-동해상사,True,4200041,허균생가입구,BIS inventory,True,True,2,1,128.91292892790995,37.78786454215139,536,3,42,63,0.317639,0.003883
2025,42091003,206,강릉-동해상사,True,4200043,이화해변타운,BIS inventory,True,True,5,4,128.91744670191798,37.78316591377611,1350,6,30,62,0.800024,0.007767
2025,42091003,206,강릉-동해상사,True,4200047,강릉고정문,BIS inventory,True,True,63,60 | 61 | 62,128.91550078840652,37.78828834947499,72,2504,58,7,0.042668,3.241382
2025,42091003,206,강릉-동해상사,True,4200049,남강초교,BIS inventory,True,True,50,48 | 49,128.91338089940805,37.76735161096919,690,1392,40,12,0.408901,1.801918
2025,42091003,206,강릉-동해상사,True,4200052,송정래미안,BIS inventory,True,True,59,57 | 58,128.93038982126572,37.78292573478735,51,175,60,50,0.030223,0.226534
2025,42091003,206,강릉-동해상사,True,4200053,오성학교,BIS inventory,True,True,58,56 | 57,128.93312248716418,37.77978287851338,89,333,56,43,0.052742,0.431062
2025,42091003,206,강릉-동해상사,True,4200055,해당화연립,BIS inventory,True,True,57,55 | 56,128.93501598562065,37.778964657496246,230,1173,49,19,0.1363,1.518427
2025,42091003,206,강릉-동해상사,True,4200057,강릉경찰서,BIS inventory,True,True,13,11 | 12,128.90688706685629,37.768055768979885,2043,204,22,48,1.210703,0.264074
2025,42091003,206,강릉-동해상사,True,4200060,솔올중학교,BIS inventory,True,True,33,31 | 32,128.8798722504925,37.77163504014371,1251,221,33,47,0.741355,0.28608
2025,42091003,206,강릉-동해상사,True,4200080,경포초등학교,BIS inventory,True,True,34,32 | 33,128.87893593974582,37.76974854746925,4446,505,9,35,2.634745,0.653713
2025,42091003,206,강릉-동해상사,True,4200094,강릉여고,BIS inventory,True,True,47,45 | 46,128.90248424479844,37.75904463050879,3063,1302,18,17,1.815165,1.685415
2025,42091003,206,강릉-동해상사,True,4200100,강원도교육연수원,BIS inventory,True,True,62,59 | 60 | 61,128.91813970318609,37.785074864473685,9,1517,63,11,0.005333,1.963729
2025,42091003,206,강릉-동해상사,True,4200104,동명중학교,BIS inventory,True,True,8,6 | 7,128.91637238303827,37.777185998905715,1036,38,36,57,0.613944,0.04919
2025,42091003,206,강릉-동해상사,True,4200106,KT,BIS inventory,True,True,10,8 | 9,128.91181164590185,37.77275858732733,6750,418,6,38,4.000119,0.541093
2025,42091003,206,강릉-동해상사,True,4200108,동인병원입구,BIS inventory,True,True,11,10 | 9,128.90953558421478,37.77125258486367,3298,360,16,41,1.954428,0.466013
2025,42091003,206,강릉-동해상사,True,4200110,하슬라중,BIS inventory,True,True,12,10 | 11,128.90715554439282,37.77053362559672,2031,378,23,40,1.203591,0.489314
2025,42091003,206,강릉-동해상사,True,4200114,고용센터,BIS inventory,True,True,21,19 | 20,128.88893105798073,37.75744085258255,1361,506,29,34,0.806542,0.655008
2025,42091003,206,강릉-동해상사,True,4200115,고용센터,BIS inventory,True,True,44,42 | 43,128.8890663454416,37.75714942132559,1320,753,31,29,0.782245,0.974745
2025,42091003,206,강릉-동해상사,True,4200116,적십자입구,BIS inventory,True,True,22,20 | 21,128.88726321660565,37.757196360936135,504,670,43,31,0.298676,0.867303
2025,42091003,206,강릉-동해상사,True,4200117,적십자입구,BIS inventory,True,True,43,41 | 42,128.88647213220725,37.75676623567213,1033,236,37,45,0.612166,0.305498
2025,42091003,206,강릉-동해상사,True,4200118,터미널오거리,BIS inventory,True,True,23,21 | 22,128.8840640923818,37.75608209292866,481,810,44,27,0.285045,1.04853
2025,42091003,206,강릉-동해상사,True,4200119,터미널오거리,BIS inventory,True,True,42,40 | 41,128.88381140539954,37.755579088211434,1995,229,24,46,1.182257,0.296436
2025,42091003,206,강릉-동해상사,True,4200120,강릉시외.고속터미널,BIS inventory,True,True,24,22 | 23,128.8792265208128,37.75505492071011,3074,5086,17,3,1.821684,6.583734
2025,42091003,206,강릉-동해상사,True,4200121,강릉시외.고속터미널,BIS inventory,True,True,41,39 | 40,128.87911620808939,37.75486594086855,10792,1347,4,13,6.395449,1.743667
2025,42091003,206,강릉-동해상사,True,4200122,강릉문화원,BIS inventory,True,True,25,23 | 24,128.8740921031382,37.75789663608161,182,995,51,23,0.107855,1.288009
2025,42091003,206,강릉-동해상사,True,4200123,우편집중국,BIS inventory,True,True,26,24 | 25,128.8733706824724,37.76051485370646,119,1569,54,10,0.070521,2.031042
2025,42091003,206,강릉-동해상사,True,4200124,우편집중국,BIS inventory,True,True,40,38 | 39,128.87347187490323,37.76156496879712,4541,265,8,44,2.691043,0.343038
2025,42091003,206,강릉-동해상사,True,4200125,솔올공연장,BIS inventory,True,True,27,25 | 26,128.87460623301726,37.76366952964576,213,2974,50,6,0.126226,3.849788
2025,42091003,206,강릉-동해상사,True,4200126,솔올공연장,BIS inventory,True,True,39,37 | 38,128.87424793205705,37.763507530751156,4073,164,12,51,2.413701,0.212295
2025,42091003,206,강릉-동해상사,True,4200127,구름다리,BIS inventory,True,True,28,26 | 27,128.87654770197503,37.764512872809554,430,3860,46,5,0.254822,4.996699
2025,42091003,206,강릉-동해상사,True,4200128,구름다리,BIS inventory,True,True,38,36 | 37,128.87743298775584,37.764682397677966,11122,336,3,42,6.59101,0.434946
2025,42091003,206,강릉-동해상사,True,4200129,주공3차아파트,BIS inventory,True,True,29,27 | 28,128.87933873663175,37.76410589188944,137,1173,53,19,0.081188,1.518427
2025,42091003,206,강릉-동해상사,True,4200130,현대2차아파트,BIS inventory,True,True,37,35 | 36,128.87999435131803,37.764311243841746,4135,76,11,53,2.450443,0.098381
2025,42091003,206,강릉-동해상사,True,4200131,하이빌현대아파트,BIS inventory,True,True,30,28 | 29,128.8824547932286,37.764860822549025,23,511,61,33,0.01363,0.66148
2025,42091003,206,강릉-동해상사,True,4200132,율곡초등학교,BIS inventory,True,True,36,34 | 35,128.88221538693716,37.765100900268116,954,50,39,56,0.56535,0.064724
2025,42091003,206,강릉-동해상사,True,4200133,주공1차아파트,BIS inventory,True,True,31,29 | 30,128.88288690646792,37.76665665089728,20,971,62,24,0.011852,1.256942
2025,42091003,206,강릉-동해상사,True,4200134,부영2차아파트,BIS inventory,True,True,32,30 | 31,128.88281079370944,37.77016072015751,2973,1343,19,14,1.76183,1.738489
2025,42091003,206,강릉-동해상사,True,4200249,용강동서부시장,BIS inventory,True,True,45,43 | 44,128.89167287030088,37.75492247590215,2058,4019,21,4,1.219592,5.202522
2025,42091003,206,강릉-동해상사,True,4200250,용강동서부시장,BIS inventory,True,True,20,18 | 19,128.89174828581776,37.7556582744871,4228,660,10,32,2.505556,0.854358
2025,42091003,206,강릉-동해상사,True,4200251,한국은행,BIS inventory,True,True,19,17 | 18,128.89406630781096,37.753485602290496,9947,1709,5,9,5.894693,2.212269
2025,42091003,206,강릉-동해상사,True,4200252,신영극장,BIS inventory,True,True,46,44 | 45,128.8961287589657,37.75448236011555,19656,15497,2,1,11.648345,20.060582
2025,42091003,206,강릉-동해상사,True,4200253,교보생명,BIS inventory,True,True,18,16 | 17,128.89811415297848,37.756002485379526,23430,8112,1,2,13.884856,10.500835
2025,42091003,206,강릉-동해상사,True,4200258,용지각,BIS inventory,True,True,48,46 | 47,128.90534669055177,37.76147384168322,1656,1310,27,16,0.981362,1.695771
2025,42091003,206,강릉-동해상사,True,4200260,동남아파트,BIS inventory,True,True,49,47 | 48,128.9088062489658,37.764638779656714,1242,1854,34,8,0.736022,2.399969
2025,42091003,206,강릉-동해상사,True,4200265,혜성연립,BIS inventory,True,True,51,49 | 50,128.91575952067353,37.76841531999017,1008,1311,38,15,0.597351,1.697065
2025,42091003,206,강릉-동해상사,True,4200267,삼우은성아파트,BIS inventory,True,True,52,50 | 51,128.91973659122027,37.77025900516923,687,1000,41,22,0.407123,1.294482
2025,42091003,206,강릉-동해상사,True,4200269,이마트,BIS inventory,True,True,53,51 | 52,128.92346774482266,37.772222356268564,453,1181,45,18,0.268452,1.528783
2025,42091003,206,강릉-동해상사,True,4200271,송정동주민센터,BIS inventory,True,True,54,52 | 53,128.9281580126049,37.77420386430584,69,463,59,36,0.04089,0.599345
2025,42091003,206,강릉-동해상사,True,4200273,송정신원아침도시,BIS inventory,True,True,55,53 | 54,128.93190852770562,37.774810233413945,162,963,52,25,0.096003,1.246586
2025,42091003,206,강릉-동해상사,True,4200277,비치소라아파트,BIS inventory,True,True,56,54 | 55,128.93435177478304,37.77578862012879,338,1023,48,21,0.200302,1.324255
2025,42091003,206,강릉-동해상사,True,4200287,강릉고등학교,BIS inventory,True,True,1,0,128.91470458416677,37.788540253578724,3325,9,15,61,1.970429,0.01165
2025,42091003,206,강릉-동해상사,True,4200288,경포고교,BIS inventory,True,True,6,4 | 5,128.91881546540267,37.78075927662396,3608,68,13,54,2.138137,0.088025
2025,42091003,206,강릉-동해상사,True,4200289,한솔초교,BIS inventory,True,True,9,7 | 8,128.9142086436632,37.775058134113436,1961,118,25,52,1.162109,0.152749
2025,42091003,206,강릉-동해상사,True,4200292,주공1차아파트,BIS inventory,True,True,35,33 | 34,128.88256780330317,37.766843575404636,3348,14,14,60,1.984059,0.018123
2025,42091003,206,강릉-동해상사,True,4200315,구터미널,BIS inventory,True,True,16,14 | 15,128.8988430353628,37.76163002626936,1177,695,35,30,0.697502,0.899665
2025,42091003,206,강릉-동해상사,True,4200320,강릉역육거리,BIS inventory,True,True,15,13 | 14,128.9015605860337,37.763796951176055,1316,846,32,26,0.779875,1.095131
2025,42091003,206,강릉-동해상사,True,4200322,동도센트리움,BIS inventory,True,True,14,12 | 13,128.90456486009336,37.76619195310031,1815,405,26,39,1.075587,0.524265
2025,42091003,206,강릉-동해상사,True,4200365,삼성디지털센터,BIS inventory,True,True,17,15 | 16,128.8966989039856,37.75811194350719,419,444,47,37,0.248304,0.57475
2025,42091003,206,강릉-동해상사,True,4201220,포남2주공입구,BIS inventory,True,True,7,5 | 6,128.9179885478381,37.77901498558293,1426,57,28,55,0.845062,0.073785
2025,42091003,206,강릉-동해상사,True,4201233,초당분수공원,BIS inventory,True,True,61,58 | 59 | 60,128.9221385517862,37.785996929695614,93,784,55,28,0.055113,1.014874
2025,42091003,206,강릉-동해상사,True,4202172,신라모노그램,BIS inventory,True,True,60,59,128.92730314100064,37.78470637599459,74,199,57,49,0.043853,0.257602
2025,42091003,206,강릉-동해상사,True,~,,unavailable,False,False,,0,,,1,0,,,0.000593,0.0
2025,42091004,207,강릉-동해상사,True,4200011,동부아파트,BIS inventory,True,True,6,5,128.9151327017873,37.78401368458876,2535,32,10,59,2.589721,0.0651
2025,42091004,207,강릉-동해상사,True,4200039,유화아파트,BIS inventory,True,True,5,4,128.91342886671308,37.785727014906996,1020,16,30,61,1.042018,0.03255
2025,42091004,207,강릉-동해상사,True,4200041,허균생가입구,BIS inventory,True,True,4,3,128.91292892790995,37.78786454215139,205,7,50,67,0.209425,0.014241
2025,42091004,207,강릉-동해상사,True,4200043,이화해변타운,BIS inventory,True,True,7,6,128.91744670191798,37.78316591377611,523,5,38,68,0.53429,0.010172
2025,42091004,207,강릉-동해상사,True,4200047,강릉고정문,BIS inventory,True,True,68,65 | 66 | 67,128.91550078840652,37.78828834947499,215,2366,49,4,0.219641,4.813346
2025,42091004,207,강릉-동해상사,True,4200049,남강초교,BIS inventory,True,True,55,53 | 54,128.91338089940805,37.76735161096919,552,731,37,20,0.563916,1.487133
2025,42091004,207,강릉-동해상사,True,4200052,송정래미안,BIS inventory,True,True,64,62 | 63,128.93038982126572,37.78292573478735,49,93,66,54,0.050058,0.189197
2025,42091004,207,강릉-동해상사,True,4200053,오성학교,BIS inventory,True,True,63,61 | 62,128.93312248716418,37.77978287851338,155,160,53,48,0.158346,0.325501
2025,42091004,207,강릉-동해상사,True,4200055,해당화연립,BIS inventory,True,True,62,60 | 61,128.93501598562065,37.778964657496246,254,594,47,25,0.259483,1.208422
2025,42091004,207,강릉-동해상사,True,4200057,강릉경찰서,BIS inventory,True,True,15,13 | 14,128.90688706685629,37.768055768979885,1326,211,21,45,1.354623,0.429254
2025,42091004,207,강릉-동해상사,True,4200060,솔올중학교,BIS inventory,True,True,35,33 | 34,128.8798722504925,37.77163504014371,38,302,68,39,0.03882,0.614383
2025,42091004,207,강릉-동해상사,True,4200083,지변동,BIS inventory,True,True,36,34 | 35,128.87676045382563,37.771874023944235,18,377,70,34,0.018389,0.766962
2025,42091004,207,강릉-동해상사,True,4200084,풋살경기장옆,BIS inventory,True,True,38,36 | 37,128.87680703199706,37.77165010517057,2136,8,13,66,2.182108,0.016275
2025,42091004,207,강릉-동해상사,True,4200094,강릉여고,BIS inventory,True,True,52,50 | 51,128.90248424479844,37.75904463050879,1686,874,16,14,1.722394,1.778049
2025,42091004,207,강릉-동해상사,True,4200098,허난설헌삼거리,BIS inventory,True,True,2,1,128.9131333359753,37.79177727582709,1162,2,26,69,1.187083,0.004069
2025,42091004,207,강릉-동해상사,True,4200100,강원도교육연수원,BIS inventory,True,True,67,64 | 65 | 66,128.91813970318609,37.785074864473685,57,924,62,12,0.05823,1.879768
2025,42091004,207,강릉-동해상사,True,4200104,동명중학교,BIS inventory,True,True,10,8 | 9,128.91637238303827,37.777185998905715,671,11,35,65,0.685484,0.022378
2025,42091004,207,강릉-동해상사,True,4200106,KT,BIS inventory,True,True,12,10 | 11,128.91181164590185,37.77275858732733,4207,246,6,43,4.297813,0.500458
2025,42091004,207,강릉-동해상사,True,4200108,동인병원입구,BIS inventory,True,True,13,11 | 12,128.90953558421478,37.77125258486367,1427,117,18,50,1.457803,0.238023
2025,42091004,207,강릉-동해상사,True,4200110,하슬라중,BIS inventory,True,True,14,12 | 13,128.90715554439282,37.77053362559672,1029,188,29,46,1.051212,0.382464
2025,42091004,207,강릉-동해상사,True,4200114,고용센터,BIS inventory,True,True,23,21 | 22,128.88893105798073,37.75744085258255,444,283,40,40,0.453584,0.57573
2025,42091004,207,강릉-동해상사,True,4200115,고용센터,BIS inventory,True,True,49,47 | 48,128.8890663454416,37.75714942132559,1402,511,19,28,1.432264,1.039569
2025,42091004,207,강릉-동해상사,True,4200116,적십자입구,BIS inventory,True,True,24,22 | 23,128.88726321660565,37.757196360936135,244,265,48,41,0.249267,0.539111
2025,42091004,207,강릉-동해상사,True,4200117,적십자입구,BIS inventory,True,True,48,46 | 47,128.88647213220725,37.75676623567213,955,112,31,52,0.975615,0.227851
2025,42091004,207,강릉-동해상사,True,4200118,터미널오거리,BIS inventory,True,True,25,23 | 24,128.8840640923818,37.75608209292866,389,456,43,30,0.397397,0.927678
2025,42091004,207,강릉-동해상사,True,4200119,터미널오거리,BIS inventory,True,True,47,45 | 46,128.88381140539954,37.755579088211434,1317,135,22,49,1.345429,0.274641
2025,42091004,207,강릉-동해상사,True,4200120,강릉시외.고속터미널,BIS inventory,True,True,26,24 | 25,128.8792265208128,37.75505492071011,1572,2575,17,3,1.605933,5.238531
2025,42091004,207,강릉-동해상사,True,4200121,강릉시외.고속터미널,BIS inventory,True,True,46,44 | 45,128.87911620808939,37.75486594086855,6651,1106,3,9,6.794569,2.250025
2025,42091004,207,강릉-동해상사,True,4200122,강릉문화원,BIS inventory,True,True,27,25 | 26,128.8740921031382,37.75789663608161,120,556,56,26,0.12259,1.131116
2025,42091004,207,강릉-동해상사,True,4200123,우편집중국,BIS inventory,True,True,28,26 | 27,128.8733706824724,37.76051485370646,77,841,60,17,0.078662,1.710914
2025,42091004,207,강릉-동해상사,True,4200124,우편집중국,BIS inventory,True,True,45,43 | 44,128.87347187490323,37.76156496879712,4264,338,5,36,4.356043,0.687621
2025,42091004,207,강릉-동해상사,True,4200125,솔올공연장,BIS inventory,True,True,29,27 | 28,128.87460623301726,37.76366952964576,138,1453,55,7,0.140979,2.955956
2025,42091004,207,강릉-동해상사,True,4200126,솔올공연장,BIS inventory,True,True,44,42 | 43,128.87424793205705,37.763507530751156,1925,104,15,53,1.966553,0.211576
2025,42091004,207,강릉-동해상사,True,4200127,구름다리,BIS inventory,True,True,30,28 | 29,128.87654770197503,37.764512872809554,263,1823,46,6,0.268677,3.708677
2025,42091004,207,강릉-동해상사,True,4200128,구름다리,BIS inventory,True,True,43,41 | 42,128.87743298775584,37.764682397677966,4007,176,8,47,4.093496,0.358051
2025,42091004,207,강릉-동해상사,True,4200129,주공3차아파트,BIS inventory,True,True,31,29 | 30,128.87933873663175,37.76410589188944,111,683,58,22,0.113396,1.389482
2025,42091004,207,강릉-동해상사,True,4200130,현대2차아파트,BIS inventory,True,True,42,40 | 41,128.87999435131803,37.764311243841746,2750,48,9,57,2.809362,0.09765
2025,42091004,207,강릉-동해상사,True,4200131,하이빌현대아파트,BIS inventory,True,True,32,30 | 31,128.8824547932286,37.764860822549025,35,247,69,42,0.035756,0.502492
2025,42091004,207,강릉-동해상사,True,4200132,율곡초등학교,BIS inventory,True,True,41,39 | 40,128.88221538693716,37.765100900268116,441,16,41,61,0.450519,0.03255
2025,42091004,207,강릉-동해상사,True,4200133,주공1차아파트,BIS inventory,True,True,33,31 | 32,128.88288690646792,37.76665665089728,51,700,65,21,0.052101,1.424067
2025,42091004,207,강릉-동해상사,True,4200134,부영2차아파트,BIS inventory,True,True,34,32 | 33,128.88281079370944,37.77016072015751,148,469,54,29,0.151195,0.954125
2025,42091004,207,강릉-동해상사,True,4200135,부영2차아파트,BIS inventory,True,True,39,37 | 38,128.8825125758686,37.77002923948558,951,12,32,64,0.971528,0.024413
2025,42091004,207,강릉-동해상사,True,4200249,용강동서부시장,BIS inventory,True,True,50,48 | 49,128.89167287030088,37.75492247590215,1331,2189,20,5,1.359731,4.45326
2025,42091004,207,강릉-동해상사,True,4200250,용강동서부시장,BIS inventory,True,True,22,20 | 21,128.89174828581776,37.7556582744871,2196,406,12,33,2.243403,0.825959
2025,42091004,207,강릉-동해상사,True,4200251,한국은행,BIS inventory,True,True,21,19 | 20,128.89406630781096,37.753485602290496,5124,1042,4,10,5.234607,2.119825
2025,42091004,207,강릉-동해상사,True,4200252,신영극장,BIS inventory,True,True,51,49 | 50,128.8961287589657,37.75448236011555,10775,9161,2,1,11.00759,18.636965
2025,42091004,207,강릉-동해상사,True,4200253,교보생명,BIS inventory,True,True,20,18 | 19,128.89811415297848,37.756002485379526,11812,5569,1,2,12.066975,11.329468
2025,42091004,207,강릉-동해상사,True,4200258,용지각,BIS inventory,True,True,53,51 | 52,128.90534669055177,37.76147384168322,1097,734,28,19,1.12068,1.493236
2025,42091004,207,강릉-동해상사,True,4200260,동남아파트,BIS inventory,True,True,54,52 | 53,128.9088062489658,37.764638779656714,948,965,33,11,0.968464,1.963178
2025,42091004,207,강릉-동해상사,True,4200265,혜성연립,BIS inventory,True,True,56,54 | 55,128.91575952067353,37.76841531999017,372,859,44,15,0.38003,1.747533
2025,42091004,207,강릉-동해상사,True,4200267,삼우은성아파트,BIS inventory,True,True,57,55 | 56,128.91973659122027,37.77025900516923,396,648,42,23,0.404548,1.318279
2025,42091004,207,강릉-동해상사,True,4200269,이마트,BIS inventory,True,True,58,56 | 57,128.92346774482266,37.772222356268564,203,744,51,18,0.207382,1.513579
2025,42091004,207,강릉-동해상사,True,4200271,송정동주민센터,BIS inventory,True,True,59,57 | 58,128.9281580126049,37.77420386430584,52,322,64,37,0.053122,0.655071
2025,42091004,207,강릉-동해상사,True,4200273,송정신원아침도시,BIS inventory,True,True,60,58 | 59,128.93190852770562,37.774810233413945,57,431,62,32,0.05823,0.876818
2025,42091004,207,강릉-동해상사,True,4200277,비치소라아파트,BIS inventory,True,True,61,59 | 60,128.93435177478304,37.77578862012879,112,448,57,31,0.114418,0.911403
2025,42091004,207,강릉-동해상사,True,4200287,강릉고등학교,BIS inventory,True,True,3,2,128.91470458416677,37.788540253578724,1253,15,23,63,1.280047,0.030516
2025,42091004,207,강릉-동해상사,True,4200288,경포고교,BIS inventory,True,True,8,6 | 7,128.91881546540267,37.78075927662396,2029,117,14,50,2.072798,0.238023
2025,42091004,207,강릉-동해상사,True,4200289,한솔초교,BIS inventory,True,True,11,10 | 9,128.9142086436632,37.775058134113436,1208,66,24,56,1.234076,0.134269
2025,42091004,207,강릉-동해상사,True,4200292,주공1차아파트,BIS inventory,True,True,40,38 | 39,128.88256780330317,37.766843575404636,2267,33,11,58,2.315936,0.067135
2025,42091004,207,강릉-동해상사,True,4200315,구터미널,BIS inventory,True,True,18,16 | 17,128.8988430353628,37.76163002626936,601,307,36,38,0.613973,0.624555
2025,42091004,207,강릉-동해상사,True,4200320,강릉역육거리,BIS inventory,True,True,17,15 | 16,128.9015605860337,37.763796951176055,840,630,34,24,0.858132,1.28166
2025,42091004,207,강릉-동해상사,True,4200322,동도센트리움,BIS inventory,True,True,16,14 | 15,128.90456486009336,37.76619195310031,1147,244,27,44,1.171759,0.496389
2025,42091004,207,강릉-동해상사,True,4200356,강원대학교,BIS inventory,True,True,37,35 | 36,128.87391738137654,37.77033026766949,4149,853,7,16,4.238561,1.735327
2025,42091004,207,강릉-동해상사,True,4200365,삼성디지털센터,BIS inventory,True,True,19,17 | 18,128.8966989039856,37.75811194350719,180,362,52,35,0.183886,0.736446
2025,42091004,207,강릉-동해상사,True,4200370,허균.허난설헌기념공원,BIS inventory,True,True,1,0,128.90979333997709,37.79017067397969,284,1,45,70,0.29013,0.002034
2025,42091004,207,강릉-동해상사,True,4200371,허균.허난설헌기념공원,BIS inventory,True,True,70,67 | 68 | 69,128.9099040371541,37.79022786972901,504,882,39,13,0.514879,1.794324
2025,42091004,207,강릉-동해상사,True,4200647,허난설헌삼거리,BIS inventory,True,True,69,66 | 67 | 68,128.91326614067623,37.792240418323686,48,1310,67,8,0.049036,2.665039
2025,42091004,207,강릉-동해상사,True,4201220,포남2주공입구,BIS inventory,True,True,9,7 | 8,128.9179885478381,37.77901498558293,1204,29,25,60,1.22999,0.058997
2025,42091004,207,강릉-동해상사,True,4201233,초당분수공원,BIS inventory,True,True,66,63 | 64 | 65,128.9221385517862,37.785996929695614,111,534,58,27,0.113396,1.086359
2025,42091004,207,강릉-동해상사,True,4202172,신라모노그램,BIS inventory,True,True,65,64,128.92730314100064,37.78470637599459,67,81,61,55,0.068446,0.164785
2025,42091005,300,강릉-동해상사,True,4200002,소돌해변입구,BIS inventory,True,True,60,59,128.81905535960837,37.90780434670355,16,662,61,53,0.00257,0.20855
2025,42091005,300,강릉-동해상사,True,4200182,주문진해변,BIS inventory,True,True,61,60,128.81704671925502,37.90944057885068,81,5525,58,15,0.013011,1.740541
2025,42091005,300,강릉-동해상사,True,4200185,소돌,BIS inventory,True,True,59,58,128.8213252547112,37.90592204016269,85,3229,57,28,0.013654,1.017232
2025,42091005,300,강릉-동해상사,True,4200188,양양고개,BIS inventory,True,True,56,55,128.82822436017406,37.899998054568016,144,4300,56,23,0.023131,1.354629
2025,42091005,300,강릉-동해상사,True,4200192,북부지구대,BIS inventory,True,True,53,52,128.829270567591,37.89460960314925,1226,5337,42,17,0.196936,1.681316
2025,42091005,300,강릉-동해상사,True,4200195,주문진항입구,BIS inventory,True,True,52,51,128.82690557497094,37.892668432750234,3557,10088,36,9,0.571373,3.178024
2025,42091005,300,강릉-동해상사,True,4200196,작은다리,BIS inventory,True,True,51,50,128.8261349428677,37.89101262248175,6006,18551,30,2,0.964763,5.844123
2025,42091005,300,강릉-동해상사,True,4200198,원마트,BIS inventory,True,True,50,49,128.82575730347685,37.88826959645488,4895,12426,33,4,0.7863,3.914564
2025,42091005,300,강릉-동해상사,True,4200200,주문진시외버스터미널,BIS inventory,True,True,49,48,128.8253113527999,37.88508198031381,5545,10614,32,8,0.890712,3.343729
2025,42091005,300,강릉-동해상사,True,4200202,주문진식자재마트,BIS inventory,True,True,48,47,128.82596782269363,37.881485546216574,8069,3677,25,27,1.29615,1.158366
2025,42091005,300,강릉-동해상사,True,4200206,강원도립대,BIS inventory,True,True,46,45,128.8283096996467,37.87693859362977,7776,6996,26,12,1.249084,2.20395
2025,42091005,300,강릉-동해상사,True,4200208,북부노인종합복지관,BIS inventory,True,True,45,44,128.83042321750824,37.874681277863154,11572,6845,17,13,1.858848,2.156381
2025,42091005,300,강릉-동해상사,True,4200209,영진입구,BIS inventory,True,True,44,43,128.83637261045655,37.87054167536418,4097,2226,35,36,0.658115,0.701257
2025,42091005,300,강릉-동해상사,True,4200211,삼천리아파트,BIS inventory,True,True,43,42,128.8383288212433,37.86906384505761,20152,7624,9,11,3.237082,2.401789
2025,42091005,300,강릉-동해상사,True,4200212,연곡면사무소,BIS inventory,True,True,42,41,128.83761397394952,37.85995465828368,11279,11408,18,7,1.811783,3.593863
2025,42091005,300,강릉-동해상사,True,4200214,연곡해변입구,BIS inventory,True,True,41,40,128.84162112920617,37.854539181009365,321,976,54,49,0.051563,0.307469
2025,42091005,300,강릉-동해상사,True,4200215,구라미휴게소,BIS inventory,True,True,40,39,128.8412803433516,37.845869087009575,409,360,51,56,0.065699,0.113411
2025,42091005,300,강릉-동해상사,True,4200217,구라미,BIS inventory,True,True,39,38,128.8421871924033,37.84071328241807,575,352,48,57,0.092364,0.110891
2025,42091005,300,강릉-동해상사,True,4200221,모래내행복센터,BIS inventory,True,True,36,35,128.84881781800846,37.82675602435266,2342,1899,39,40,0.376203,0.598242
2025,42091005,300,강릉-동해상사,True,4200222,사천면사무소,BIS inventory,True,True,35,34,128.84928192865996,37.82385848393331,2553,4986,38,19,0.410097,1.57074
2025,42091005,300,강릉-동해상사,True,4200225,북부노인대학,BIS inventory,True,True,34,33,128.85083641112433,37.82016343083045,418,1250,50,47,0.067145,0.393788
2025,42091005,300,강릉-동해상사,True,4200226,방골마을입구,BIS inventory,True,True,32,31,128.8558844116181,37.81329996910386,767,1250,46,47,0.123206,0.393788
2025,42091005,300,강릉-동해상사,True,4200227,학고개,BIS inventory,True,True,31,30,128.86104076560957,37.80452897124611,343,499,52,54,0.055097,0.1572
2025,42091005,300,강릉-동해상사,True,4200229,즈므.과학단지,BIS inventory,True,True,30,29,128.86079294239343,37.79710821329875,462,1555,49,46,0.074213,0.489872
2025,42091005,300,강릉-동해상사,True,4200231,한밭입구,BIS inventory,True,True,29,28,128.86496052027113,37.791610745411326,213,884,55,50,0.034215,0.278487
2025,42091005,300,강릉-동해상사,True,4200233,행정마을,BIS inventory,True,True,28,27,128.8703519994515,37.78859256038236,857,3101,44,29,0.137663,0.976908
2025,42091005,300,강릉-동해상사,True,4200235,법원.검찰청,BIS inventory,True,True,27,26,128.8739503928752,37.785042447818554,1593,2300,41,35,0.255889,0.724569
2025,42091005,300,강릉-동해상사,True,4200237,선교장입구,BIS inventory,True,True,26,25,128.8801857915523,37.78222354537227,1815,2318,40,34,0.291549,0.73024
2025,42091005,300,강릉-동해상사,True,4200239,오죽헌,BIS inventory,True,True,25,24,128.88242080274284,37.78040719543912,8771,5455,21,16,1.408915,1.718489
2025,42091005,300,강릉-동해상사,True,4200241,우성공업사,BIS inventory,True,True,24,23,128.8881180126791,37.77538642162077,3192,2500,37,30,0.512741,0.787575
2025,42091005,300,강릉-동해상사,True,4200243,율곡중학교,BIS inventory,True,True,23,22,128.89033943348878,37.77216892177817,5617,1967,31,39,0.902277,0.619664
2025,42091005,300,강릉-동해상사,True,4200246,이명사거리,BIS inventory,True,True,21,20,128.89177153862124,37.764700407126554,12145,9115,15,10,1.950891,2.871499
2025,42091005,300,강릉-동해상사,True,4200248,강릉제일고,BIS inventory,True,True,20,19,128.89200478710157,37.759050283679514,9990,5736,20,14,1.604726,1.807013
2025,42091005,300,강릉-동해상사,True,4200250,용강동서부시장,BIS inventory,True,True,19,18,128.89174828581776,37.7556582744871,23356,5286,6,18,3.751751,1.665249
2025,42091005,300,강릉-동해상사,True,4200251,한국은행,BIS inventory,True,True,18,17,128.89406630781096,37.753485602290496,37042,12077,3,6,5.950178,3.804618
2025,42091005,300,강릉-동해상사,True,4200253,교보생명,BIS inventory,True,True,17,16,128.89811415297848,37.756002485379526,119014,67060,1,1,19.117609,21.125918
2025,42091005,300,강릉-동해상사,True,4200257,옥천119안전센터,BIS inventory,True,True,13,12,128.90305174420297,37.761041080134646,6457,3833,28,26,1.037209,1.20751
2025,42091005,300,강릉-동해상사,True,4200259,용지각,BIS inventory,True,True,12,11,128.90537716328666,37.76184119439877,11993,2402,16,32,1.926475,0.756702
2025,42091005,300,강릉-동해상사,True,4200261,북강릉IC,BIS inventory,True,True,38,37,128.84425534198513,37.83689529134246,75,285,59,58,0.012047,0.089784
2025,42091005,300,강릉-동해상사,True,4200262,로얄아파트.포남1동주민센터,BIS inventory,True,True,10,9,128.90933288179943,37.76545703763149,15224,2386,11,33,2.445481,0.751662
2025,42091005,300,강릉-동해상사,True,4200264,구)동해상사,BIS inventory,True,True,9,8,128.91165113985977,37.76683747950902,16110,1682,10,43,2.587802,0.529881
2025,42091005,300,강릉-동해상사,True,4200266,혜성연립,BIS inventory,True,True,8,7,128.9154402649905,37.76852760326643,22119,2477,7,31,3.553048,0.78033
2025,42091005,300,강릉-동해상사,True,4200268,삼우은성아파트,BIS inventory,True,True,7,6,128.91881978171756,37.77007704319862,21583,1568,8,45,3.466948,0.493967
2025,42091005,300,강릉-동해상사,True,4200270,이마트,BIS inventory,True,True,6,5,128.92290403192536,37.77218493598484,14157,1872,12,41,2.274085,0.589736
2025,42091005,300,강릉-동해상사,True,4200272,송정동주민센터,BIS inventory,True,True,5,4,128.92775106138072,37.77430053196711,8497,698,23,52,1.364901,0.219891
2025,42091005,300,강릉-동해상사,True,4200274,송정노인회관,BIS inventory,True,True,4,3,128.93141909498914,37.77512821569013,26554,421,5,55,4.265456,0.132628
2025,42091005,300,강릉-동해상사,True,4200276,송정한신아파트입구,BIS inventory,True,True,3,2,128.93668274097607,37.7740287226972,13778,148,13,61,2.213205,0.046624
2025,42091005,300,강릉-동해상사,True,4200298,보성연립,BIS inventory,True,True,57,56,128.82558444232305,37.90204313561504,14,800,62,51,0.002249,0.252024
2025,42091005,300,강릉-동해상사,True,4200299,주문2리,BIS inventory,True,True,55,54,128.83067123183636,37.89750003400375,767,2106,46,37,0.123206,0.663453
2025,42091005,300,강릉-동해상사,True,4200300,수협사거리,BIS inventory,True,True,54,53,128.8314095884837,37.895774457125356,916,4105,43,24,0.14714,1.293199
2025,42091005,300,강릉-동해상사,True,4200308,주문진중.고등학교.강릉정보고,BIS inventory,True,True,47,46,128.82672327638434,37.87982425913257,8401,4725,24,20,1.34948,1.488517
2025,42091005,300,강릉-동해상사,True,4200314,청솔공원,BIS inventory,True,True,37,36,128.84780404863866,37.83218520189828,339,260,53,60,0.054455,0.081908
2025,42091005,300,강릉-동해상사,True,4200315,구터미널,BIS inventory,True,True,15,14,128.8988430353628,37.76163002626936,6249,2078,29,38,1.003797,0.654633
2025,42091005,300,강릉-동해상사,True,4200318,포남시장,BIS inventory,True,True,11,10,128.90766061502285,37.76392281820552,9992,1637,19,44,1.605048,0.515704
2025,42091005,300,강릉-동해상사,True,4200365,삼성디지털센터,BIS inventory,True,True,16,15,128.8966989039856,37.75811194350719,4437,4589,34,22,0.71273,1.445673
2025,42091005,300,강릉-동해상사,True,4200418,강릉아산병원.강릉약국,BIS inventory,True,True,33,32,128.8564121349402,37.81631278949057,8620,12345,22,5,1.384659,3.889046
2025,42091005,300,강릉-동해상사,True,4200473,향호리,BIS inventory,True,True,62,61,128.81023394642006,37.915207861254615,812,3978,45,25,0.130434,1.25319
2025,42091005,300,강릉-동해상사,True,4200521,방학골,BIS inventory,True,True,58,57,128.82291244813646,37.90463362511824,30,1798,60,42,0.004819,0.566424
2025,42091005,300,강릉-동해상사,True,4200569,교2동주민센터,BIS inventory,True,True,22,21,128.8921038226677,37.76840335678918,7186,4678,27,21,1.154311,1.473711
2025,42091005,300,강릉-동해상사,True,4200721,강릉역,BIS inventory,True,True,14,13,128.8992580056024,37.76416330670135,52904,15785,2,3,8.498143,4.97275
2025,42091005,300,강릉-동해상사,True,4201043,안목,BIS inventory,True,True,1,0,128.94526892930932,37.77285146151794,36523,272,4,59,5.866809,0.085688
2025,42091005,300,강릉-동해상사,True,4201386,송정한신아파트후문,BIS inventory,True,True,2,1,128.93962441064605,37.773612640324636,12499,68,14,62,2.007755,0.021422
2025,42091005,300,강릉-동해상사,True,~,,unavailable,False,False,,0,,,5,0,,,0.000803,0.0
2025,42091006,301 (운행 폐지),강릉-동해상사,True,4200184,소돌,BIS inventory,True,True,3,2,128.82175443074843,37.905415537268986,1,0,2,,11.111111,
2025,42091006,301 (운행 폐지),강릉-동해상사,True,4200187,양양고개,BIS inventory,True,True,5,4,128.82805578782853,37.90002854060149,1,0,2,,11.111111,
2025,42091006,301 (운행 폐지),강릉-동해상사,True,4200473,향호리,BIS inventory,True,True,1,0,128.81023394642006,37.915207861254615,7,0,1,,77.777778,
2025,42091007,302,강릉-동해상사,True,4200002,소돌해변입구,BIS inventory,True,True,69,67,128.81905535960837,37.90780434670355,2,39,67,63,0.003397,0.141581
2025,42091007,302,강릉-동해상사,True,4200114,고용센터,BIS inventory,True,True,20,18,128.88893105798073,37.75744085258255,593,190,31,42,1.007321,0.689755
2025,42091007,302,강릉-동해상사,True,4200116,적십자입구,BIS inventory,True,True,21,19,128.88726321660565,37.757196360936135,434,129,36,52,0.73723,0.468308
2025,42091007,302,강릉-동해상사,True,4200118,터미널오거리,BIS inventory,True,True,22,20,128.8840640923818,37.75608209292866,922,329,23,25,1.566189,1.194366
2025,42091007,302,강릉-동해상사,True,4200120,강릉시외.고속터미널,BIS inventory,True,True,23,21,128.8792265208128,37.75505492071011,4501,1518,2,4,7.64579,5.510782
2025,42091007,302,강릉-동해상사,True,4200122,강릉문화원,BIS inventory,True,True,24,22,128.8740921031382,37.75789663608161,240,225,43,34,0.407685,0.816816
2025,42091007,302,강릉-동해상사,True,4200123,우편집중국,BIS inventory,True,True,25,23,128.8733706824724,37.76051485370646,933,330,22,24,1.584875,1.197996
2025,42091007,302,강릉-동해상사,True,4200125,솔올공연장,BIS inventory,True,True,26,24,128.87460623301726,37.76366952964576,690,942,28,8,1.172094,3.419734
2025,42091007,302,강릉-동해상사,True,4200127,구름다리,BIS inventory,True,True,27,25,128.87654770197503,37.764512872809554,1464,962,13,7,2.486878,3.49234
2025,42091007,302,강릉-동해상사,True,4200129,주공3차아파트,BIS inventory,True,True,28,26,128.87933873663175,37.76410589188944,2142,254,10,31,3.638587,0.922094
2025,42091007,302,강릉-동해상사,True,4200131,하이빌현대아파트,BIS inventory,True,True,29,27,128.8824547932286,37.764860822549025,1199,131,15,51,2.036726,0.475568
2025,42091007,302,강릉-동해상사,True,4200133,주공1차아파트,BIS inventory,True,True,30,28,128.88288690646792,37.76665665089728,629,225,30,34,1.068474,0.816816
2025,42091007,302,강릉-동해상사,True,4200134,부영2차아파트,BIS inventory,True,True,31,29,128.88281079370944,37.77016072015751,2835,270,5,27,4.815777,0.980179
2025,42091007,302,강릉-동해상사,True,4200137,방축거리,BIS inventory,True,True,32,30,128.88360346383243,37.77333257715457,30,72,57,58,0.050961,0.261381
2025,42091007,302,강릉-동해상사,True,4200182,주문진해변,BIS inventory,True,True,70,68,128.81704671925502,37.90944057885068,5,210,66,36,0.008493,0.762361
2025,42091007,302,강릉-동해상사,True,4200185,소돌,BIS inventory,True,True,68,66,128.8213252547112,37.90592204016269,6,269,64,28,0.010192,0.976548
2025,42091007,302,강릉-동해상사,True,4200188,양양고개,BIS inventory,True,True,65,63,128.82822436017406,37.899998054568016,8,200,62,38,0.013589,0.726058
2025,42091007,302,강릉-동해상사,True,4200192,북부지구대,BIS inventory,True,True,62,60,128.829270567591,37.89460960314925,96,455,50,18,0.163074,1.651782
2025,42091007,302,강릉-동해상사,True,4200195,주문진항입구,BIS inventory,True,True,61,59,128.82690557497094,37.892668432750234,267,1023,42,6,0.453549,3.713788
2025,42091007,302,강릉-동해상사,True,4200196,작은다리,BIS inventory,True,True,60,58,128.8261349428677,37.89101262248175,396,1754,39,2,0.67268,6.367531
2025,42091007,302,강릉-동해상사,True,4200198,원마트,BIS inventory,True,True,59,57,128.82575730347685,37.88826959645488,405,1045,38,5,0.687968,3.793654
2025,42091007,302,강릉-동해상사,True,4200200,주문진시외버스터미널,BIS inventory,True,True,58,56,128.8253113527999,37.88508198031381,482,898,35,9,0.818767,3.260001
2025,42091007,302,강릉-동해상사,True,4200202,주문진식자재마트,BIS inventory,True,True,57,55,128.82596782269363,37.881485546216574,733,343,26,23,1.245138,1.24519
2025,42091007,302,강릉-동해상사,True,4200206,강원도립대,BIS inventory,True,True,55,53,128.8283096996467,37.87693859362977,822,533,24,14,1.396321,1.934945
2025,42091007,302,강릉-동해상사,True,4200208,북부노인종합복지관,BIS inventory,True,True,54,52,128.83042321750824,37.874681277863154,1087,591,19,13,1.846473,2.145502
2025,42091007,302,강릉-동해상사,True,4200209,영진입구,BIS inventory,True,True,53,51,128.83637261045655,37.87054167536418,426,205,37,37,0.723641,0.74421
2025,42091007,302,강릉-동해상사,True,4200211,삼천리아파트,BIS inventory,True,True,52,50,128.8383288212433,37.86906384505761,2717,414,7,20,4.615332,1.502941
2025,42091007,302,강릉-동해상사,True,4200212,연곡면사무소,BIS inventory,True,True,51,49,128.83761397394952,37.85995465828368,1125,637,17,12,1.911023,2.312495
2025,42091007,302,강릉-동해상사,True,4200214,연곡해변입구,BIS inventory,True,True,50,48,128.84162112920617,37.854539181009365,22,48,59,62,0.037371,0.174254
2025,42091007,302,강릉-동해상사,True,4200215,구라미휴게소,BIS inventory,True,True,49,47,128.8412803433516,37.845869087009575,31,18,55,65,0.052659,0.065345
2025,42091007,302,강릉-동해상사,True,4200217,구라미,BIS inventory,True,True,48,46,128.8421871924033,37.84071328241807,176,18,45,65,0.298969,0.065345
2025,42091007,302,강릉-동해상사,True,4200221,모래내행복센터,BIS inventory,True,True,45,43,128.84881781800846,37.82675602435266,134,70,48,60,0.227624,0.25412
2025,42091007,302,강릉-동해상사,True,4200222,사천면사무소,BIS inventory,True,True,44,42,128.84928192865996,37.82385848393331,240,281,43,26,0.407685,1.020112
2025,42091007,302,강릉-동해상사,True,4200225,북부노인대학,BIS inventory,True,True,43,41,128.85083641112433,37.82016343083045,31,72,55,58,0.052659,0.261381
2025,42091007,302,강릉-동해상사,True,4200226,방골마을입구,BIS inventory,True,True,40,38,128.8558844116181,37.81329996910386,28,143,58,49,0.047563,0.519132
2025,42091007,302,강릉-동해상사,True,4200227,학고개,BIS inventory,True,True,39,37,128.86104076560957,37.80452897124611,6,91,64,55,0.010192,0.330356
2025,42091007,302,강릉-동해상사,True,4200229,즈므.과학단지,BIS inventory,True,True,38,36,128.86079294239343,37.79710821329875,43,522,53,15,0.073044,1.895012
2025,42091007,302,강릉-동해상사,True,4200231,한밭입구,BIS inventory,True,True,37,35,128.86496052027113,37.791610745411326,14,490,60,17,0.023782,1.778843
2025,42091007,302,강릉-동해상사,True,4200233,행정마을,BIS inventory,True,True,36,34,128.8703519994515,37.78859256038236,59,414,51,20,0.100223,1.502941
2025,42091007,302,강릉-동해상사,True,4200235,법원.검찰청,BIS inventory,True,True,35,33,128.8739503928752,37.785042447818554,142,391,47,22,0.241214,1.419444
2025,42091007,302,강릉-동해상사,True,4200237,선교장입구,BIS inventory,True,True,34,32,128.8801857915523,37.78222354537227,151,416,46,19,0.256502,1.510201
2025,42091007,302,강릉-동해상사,True,4200239,오죽헌,BIS inventory,True,True,33,31,128.88242080274284,37.78040719543912,633,192,29,41,1.075269,0.697016
2025,42091007,302,강릉-동해상사,True,4200250,용강동서부시장,BIS inventory,True,True,19,17,128.89174828581776,37.7556582744871,1146,231,16,33,1.946695,0.838597
2025,42091007,302,강릉-동해상사,True,4200251,한국은행,BIS inventory,True,True,18,16,128.89406630781096,37.753485602290496,2682,646,8,11,4.555878,2.345168
2025,42091007,302,강릉-동해상사,True,4200253,교보생명,BIS inventory,True,True,17,15,128.89811415297848,37.756002485379526,5061,3758,1,1,8.597054,13.642634
2025,42091007,302,강릉-동해상사,True,4200257,옥천119안전센터,BIS inventory,True,True,13,11,128.90305174420297,37.761041080134646,295,198,41,39,0.501113,0.718798
2025,42091007,302,강릉-동해상사,True,4200259,용지각,BIS inventory,True,True,12,10,128.90537716328666,37.76184119439877,1026,256,20,30,1.742853,0.929355
2025,42091007,302,강릉-동해상사,True,4200261,북강릉IC,BIS inventory,True,True,47,45,128.84425534198513,37.83689529134246,8,6,62,70,0.013589,0.021782
2025,42091007,302,강릉-동해상사,True,4200262,로얄아파트.포남1동주민센터,BIS inventory,True,True,10,8,128.90933288179943,37.76545703763149,726,155,27,45,1.233247,0.562695
2025,42091007,302,강릉-동해상사,True,4200264,구)동해상사,BIS inventory,True,True,9,7,128.91165113985977,37.76683747950902,1913,118,12,53,3.249588,0.428374
2025,42091007,302,강릉-동해상사,True,4200266,혜성연립,BIS inventory,True,True,8,6,128.9154402649905,37.76852760326643,2160,149,9,47,3.669164,0.540913
2025,42091007,302,강릉-동해상사,True,4200268,삼우은성아파트,BIS inventory,True,True,7,5,128.91881978171756,37.77007704319862,2767,151,6,46,4.700267,0.548174
2025,42091007,302,강릉-동해상사,True,4200270,이마트,BIS inventory,True,True,6,4,128.92290403192536,37.77218493598484,934,145,21,48,1.586574,0.526392
2025,42091007,302,강릉-동해상사,True,4200272,송정동주민센터,BIS inventory,True,True,5,3,128.92775106138072,37.77430053196711,1102,195,18,40,1.871953,0.707907
2025,42091007,302,강릉-동해상사,True,4200274,송정노인회관,BIS inventory,True,True,4,2,128.93141909498914,37.77512821569013,2958,10,3,67,5.024716,0.036303
2025,42091007,302,강릉-동해상사,True,4200276,송정한신아파트입구,BIS inventory,True,True,3,1,128.93668274097607,37.7740287226972,1999,8,11,69,3.395675,0.029042
2025,42091007,302,강릉-동해상사,True,4200298,보성연립,BIS inventory,True,True,66,64,128.82558444232305,37.90204313561504,1,67,69,61,0.001699,0.24323
2025,42091007,302,강릉-동해상사,True,4200299,주문2리,BIS inventory,True,True,64,62,128.83067123183636,37.89750003400375,14,108,60,54,0.023782,0.392071
2025,42091007,302,강릉-동해상사,True,4200300,수협사거리,BIS inventory,True,True,63,61,128.8314095884837,37.895774457125356,57,250,52,32,0.096825,0.907573
2025,42091007,302,강릉-동해상사,True,4200308,주문진중.고등학교.강릉정보고,BIS inventory,True,True,56,54,128.82672327638434,37.87982425913257,811,268,25,29,1.377635,0.972918
2025,42091007,302,강릉-동해상사,True,4200314,청솔공원,BIS inventory,True,True,46,44,128.84780404863866,37.83218520189828,42,19,54,64,0.071345,0.068976
2025,42091007,302,강릉-동해상사,True,4200315,구터미널,BIS inventory,True,True,15,13,128.8988430353628,37.76163002626936,389,77,40,57,0.660789,0.279532
2025,42091007,302,강릉-동해상사,True,4200318,포남시장,BIS inventory,True,True,11,9,128.90766061502285,37.76392281820552,495,138,34,50,0.84085,0.50098
2025,42091007,302,강릉-동해상사,True,4200365,삼성디지털센터,BIS inventory,True,True,16,14,128.8966989039856,37.75811194350719,130,178,49,44,0.220829,0.646192
2025,42091007,302,강릉-동해상사,True,4200418,강릉아산병원.강릉약국,BIS inventory,True,True,41,39,128.8564121349402,37.81631278949057,520,504,32,16,0.883317,1.829667
2025,42091007,302,강릉-동해상사,True,4200446,강릉아산병원(주문진방면),BIS inventory,True,True,42,40,128.8575142394361,37.817740516347506,501,1543,33,3,0.851042,5.601539
2025,42091007,302,강릉-동해상사,True,4200473,향호리,BIS inventory,True,True,71,69,128.81023394642006,37.915207861254615,0,186,,43,0.0,0.675234
2025,42091007,302,강릉-동해상사,True,4200521,방학골,BIS inventory,True,True,67,65,128.82291244813646,37.90463362511824,2,91,67,55,0.003397,0.330356
2025,42091007,302,강릉-동해상사,True,4200721,강릉역,BIS inventory,True,True,14,12,128.8992580056024,37.76416330670135,2935,723,4,10,4.985646,2.624701
2025,42091007,302,강릉-동해상사,True,4201043,안목,BIS inventory,True,True,1,0,128.94526892930932,37.77285146151794,1296,9,14,68,2.201498,0.032673
2025,42091012,315,강릉-동해상사,True,4200001,내곡교,BIS inventory,True,True,104,103,128.88717490623026,37.74653766880734,24,228,76,18,0.09879,1.924538
2025,42091012,315,강릉-동해상사,True,4200002,소돌해변입구,BIS inventory,True,True,53,52,128.81905535960837,37.90780434670355,2,12,100,79,0.008232,0.101291
2025,42091012,315,강릉-동해상사,True,4200004,숲사랑홍보관,BIS inventory,True,True,81,80,128.85126457297872,37.81878304910103,6,12,93,79,0.024697,0.101291
2025,42091012,315,강릉-동해상사,True,4200029,주문진읍사무소,BIS inventory,True,True,45,44,128.82486977710943,37.892686971435495,7,244,90,17,0.028814,2.059593
2025,42091012,315,강릉-동해상사,True,4200060,솔올중학교,BIS inventory,True,True,17,16,128.8798722504925,37.77163504014371,150,41,47,58,0.617436,0.346079
2025,42091012,315,강릉-동해상사,True,4200063,가톨릭관동대학교,BIS inventory,True,True,1 | 107,106,128.87804152995903,37.738296118202754,2232,392,1,9,9.187454,3.308855
2025,42091012,315,강릉-동해상사,True,4200065,보건소,BIS inventory,True,True,3,2,128.8829859719751,37.74393637256719,1380,27,2,65,5.680415,0.227906
2025,42091012,315,강릉-동해상사,True,4200067,홍제동주민센터,BIS inventory,True,True,103,102,128.8842229051066,37.747848454396006,126,622,51,2,0.518647,5.250274
2025,42091012,315,강릉-동해상사,True,4200069,방골마을입구,BIS inventory,True,True,84,83,128.85540756146614,37.81366779247799,59,23,65,70,0.242858,0.194142
2025,42091012,315,강릉-동해상사,True,4200083,지변동,BIS inventory,True,True,18,17,128.87676045382563,37.771874023944235,79,64,57,44,0.325183,0.540221
2025,42091012,315,강릉-동해상사,True,4200084,풋살경기장옆,BIS inventory,True,True,91,90,128.87680703199706,37.77165010517057,258,50,30,55,1.061991,0.422048
2025,42091012,315,강릉-동해상사,True,4200120,강릉시외.고속터미널,BIS inventory,True,True,8,7,128.8792265208128,37.75505492071011,957,469,4,6,3.939244,3.958808
2025,42091012,315,강릉-동해상사,True,4200121,강릉시외.고속터미널,BIS inventory,True,True,99,98,128.87911620808939,37.75486594086855,571,1025,14,1,2.350375,8.651979
2025,42091012,315,강릉-동해상사,True,4200122,강릉문화원,BIS inventory,True,True,9,8,128.8740921031382,37.75789663608161,198,88,42,35,0.815016,0.742804
2025,42091012,315,강릉-동해상사,True,4200123,우편집중국,BIS inventory,True,True,10,9,128.8733706824724,37.76051485370646,84,62,56,46,0.345764,0.523339
2025,42091012,315,강릉-동해상사,True,4200124,우편집중국,BIS inventory,True,True,98,97,128.87347187490323,37.76156496879712,502,131,15,26,2.066354,1.105765
2025,42091012,315,강릉-동해상사,True,4200125,솔올공연장,BIS inventory,True,True,11,10,128.87460623301726,37.76366952964576,174,263,44,13,0.716226,2.219971
2025,42091012,315,강릉-동해상사,True,4200126,솔올공연장,BIS inventory,True,True,97,96,128.87424793205705,37.763507530751156,207,61,40,47,0.852062,0.514898
2025,42091012,315,강릉-동해상사,True,4200127,구름다리,BIS inventory,True,True,12,11,128.87654770197503,37.764512872809554,284,407,29,8,1.169013,3.435469
2025,42091012,315,강릉-동해상사,True,4200128,구름다리,BIS inventory,True,True,96,95,128.87743298775584,37.764682397677966,621,247,11,16,2.556187,2.084916
2025,42091012,315,강릉-동해상사,True,4200129,주공3차아파트,BIS inventory,True,True,13,12,128.87933873663175,37.76410589188944,391,87,21,37,1.609451,0.734363
2025,42091012,315,강릉-동해상사,True,4200130,현대2차아파트,BIS inventory,True,True,95,94,128.87999435131803,37.764311243841746,401,139,20,24,1.650613,1.173293
2025,42091012,315,강릉-동해상사,True,4200131,하이빌현대아파트,BIS inventory,True,True,14,13,128.8824547932286,37.764860822549025,54,22,66,71,0.222277,0.185701
2025,42091012,315,강릉-동해상사,True,4200132,율곡초등학교,BIS inventory,True,True,94,93,128.88221538693716,37.765100900268116,105,18,53,74,0.432205,0.151937
2025,42091012,315,강릉-동해상사,True,4200133,주공1차아파트,BIS inventory,True,True,15,14,128.88288690646792,37.76665665089728,146,58,48,50,0.600971,0.489575
2025,42091012,315,강릉-동해상사,True,4200134,부영2차아파트,BIS inventory,True,True,16,15,128.88281079370944,37.77016072015751,244,53,32,54,1.004363,0.447371
2025,42091012,315,강릉-동해상사,True,4200135,부영2차아파트,BIS inventory,True,True,92,91,128.8825125758686,37.77002923948558,236,39,36,60,0.971433,0.329197
2025,42091012,315,강릉-동해상사,True,4200138,즈므.과학단지,BIS inventory,True,True,86,85,128.8604076986006,37.79746479759031,60,4,63,94,0.246975,0.033764
2025,42091012,315,강릉-동해상사,True,4200181,주문진해변,BIS inventory,True,True,56,55,128.81692175696733,37.90940788063508,43,11,68,83,0.176998,0.092851
2025,42091012,315,강릉-동해상사,True,4200182,주문진해변,BIS inventory,True,True,54,53,128.81704671925502,37.90944057885068,0,59,,49,0.0,0.498016
2025,42091012,315,강릉-동해상사,True,4200184,소돌,BIS inventory,True,True,57,56,128.82175443074843,37.905415537268986,343,6,23,91,1.411871,0.050646
2025,42091012,315,강릉-동해상사,True,4200185,소돌,BIS inventory,True,True,52,51,128.8213252547112,37.90592204016269,4,50,97,55,0.016465,0.422048
2025,42091012,315,강릉-동해상사,True,4200186,보성연립,BIS inventory,True,True,59,58,128.82551362915504,37.901974724913615,174,0,44,,0.716226,0.0
2025,42091012,315,강릉-동해상사,True,4200187,양양고개,BIS inventory,True,True,60,59,128.82805578782853,37.90002854060149,192,6,43,91,0.790319,0.050646
2025,42091012,315,강릉-동해상사,True,4200188,양양고개,BIS inventory,True,True,49,48,128.82822436017406,37.899998054568016,1,67,101,43,0.004116,0.565544
2025,42091012,315,강릉-동해상사,True,4200189,주문2리,BIS inventory,True,True,61,60,128.83046007450088,37.897540604441176,124,3,52,95,0.510414,0.025323
2025,42091012,315,강릉-동해상사,True,4200190,수협사거리,BIS inventory,True,True,62,61,128.83119347169236,37.89590191816579,207,25,40,68,0.852062,0.211024
2025,42091012,315,강릉-동해상사,True,4200192,북부지구대,BIS inventory,True,True,46,45,128.829270567591,37.89460960314925,41,148,69,23,0.168766,1.249261
2025,42091012,315,강릉-동해상사,True,4200193,북부지구대,BIS inventory,True,True,63,62,128.82860680406648,37.894535177399845,238,91,35,33,0.979666,0.768127
2025,42091012,315,강릉-동해상사,True,4200201,양조장,BIS inventory,True,True,67,66,128.8258300942643,37.881274388703744,667,352,9,11,2.745534,2.971216
2025,42091012,315,강릉-동해상사,True,4200202,주문진식자재마트,BIS inventory,True,True,42,41,128.82596782269363,37.881485546216574,255,91,31,33,1.049642,0.768127
2025,42091012,315,강릉-동해상사,True,4200204,주문진중학교,BIS inventory,True,True,68,67,128.82690197641236,37.87887483229283,416,32,19,63,1.712357,0.270111
2025,42091012,315,강릉-동해상사,True,4200205,강원도립대,BIS inventory,True,True,69,68,128.82840415011668,37.87652579934979,466,19,16,73,1.918169,0.160378
2025,42091012,315,강릉-동해상사,True,4200206,강원도립대,BIS inventory,True,True,40,39,128.8283096996467,37.87693859362977,240,221,34,19,0.987898,1.865451
2025,42091012,315,강릉-동해상사,True,4200207,북부노인종합복지관,BIS inventory,True,True,70,69,128.83062989490628,37.8743072338123,307,55,26,53,1.263687,0.464253
2025,42091012,315,강릉-동해상사,True,4200208,북부노인종합복지관,BIS inventory,True,True,39,38,128.83042321750824,37.874681277863154,367,446,22,7,1.510661,3.764666
2025,42091012,315,강릉-동해상사,True,4200209,영진입구,BIS inventory,True,True,38,37,128.83637261045655,37.87054167536418,75,81,58,39,0.308718,0.683717
2025,42091012,315,강릉-동해상사,True,4200211,삼천리아파트,BIS inventory,True,True,37,36,128.8383288212433,37.86906384505761,644,172,10,21,2.65086,1.451844
2025,42091012,315,강릉-동해상사,True,4200212,연곡면사무소,BIS inventory,True,True,36,35,128.83761397394952,37.85995465828368,594,257,13,15,2.445048,2.169326
2025,42091012,315,강릉-동해상사,True,4200213,연곡해변입구,BIS inventory,True,True,74,73,128.84130813848452,37.85462580337619,46,7,67,88,0.189347,0.059087
2025,42091012,315,강릉-동해상사,True,4200214,연곡해변입구,BIS inventory,True,True,35,34,128.84162112920617,37.854539181009365,13,7,81,88,0.053511,0.059087
2025,42091012,315,강릉-동해상사,True,4200215,구라미휴게소,BIS inventory,True,True,34,33,128.8412803433516,37.845869087009575,17,8,79,87,0.069976,0.067528
2025,42091012,315,강릉-동해상사,True,4200216,구라미,BIS inventory,True,True,76,75,128.84187680750063,37.84088026429458,11,0,82,,0.045279,0.0
2025,42091012,315,강릉-동해상사,True,4200217,구라미,BIS inventory,True,True,33,32,128.8421871924033,37.84071328241807,34,3,71,95,0.139952,0.025323
2025,42091012,315,강릉-동해상사,True,4200219,청솔공원,BIS inventory,True,True,77,76,128.84744835859598,37.832296445829655,30,2,75,100,0.123487,0.016882
2025,42091012,315,강릉-동해상사,True,4200220,모래내행복센터,BIS inventory,True,True,78,77,128.84888855200666,37.82654759560158,142,12,49,79,0.584506,0.101291
2025,42091012,315,강릉-동해상사,True,4200221,모래내행복센터,BIS inventory,True,True,30,29,128.84881781800846,37.82675602435266,66,38,61,61,0.271672,0.320756
2025,42091012,315,강릉-동해상사,True,4200222,사천면사무소,BIS inventory,True,True,29,28,128.84928192865996,37.82385848393331,87,96,55,32,0.358113,0.810332
2025,42091012,315,강릉-동해상사,True,4200223,사천면사무소,BIS inventory,True,True,79,78,128.84914337332015,37.8229406699122,228,12,38,79,0.938503,0.101291
2025,42091012,315,강릉-동해상사,True,4200224,북부노인대학,BIS inventory,True,True,80,79,128.85070066292354,37.820164105652225,8,1,88,102,0.03293,0.008441
2025,42091012,315,강릉-동해상사,True,4200225,북부노인대학,BIS inventory,True,True,28,27,128.85083641112433,37.82016343083045,31,27,74,65,0.127604,0.227906
2025,42091012,315,강릉-동해상사,True,4200226,방골마을입구,BIS inventory,True,True,25,24,128.8558844116181,37.81329996910386,10,10,85,85,0.041162,0.08441
2025,42091012,315,강릉-동해상사,True,4200227,학고개,BIS inventory,True,True,24,23,128.86104076560957,37.80452897124611,10,3,85,95,0.041162,0.025323
2025,42091012,315,강릉-동해상사,True,4200228,학고개,BIS inventory,True,True,85,84,128.8599242703853,37.80596957371411,5,5,95,93,0.020581,0.042205
2025,42091012,315,강릉-동해상사,True,4200229,즈므.과학단지,BIS inventory,True,True,23,22,128.86079294239343,37.79710821329875,11,15,82,76,0.045279,0.126614
2025,42091012,315,강릉-동해상사,True,4200230,한밭입구,BIS inventory,True,True,87,86,128.86424835021418,37.79176559208253,5,14,95,77,0.020581,0.118173
2025,42091012,315,강릉-동해상사,True,4200231,한밭입구,BIS inventory,True,True,22,21,128.86496052027113,37.791610745411326,4,11,97,83,0.016465,0.092851
2025,42091012,315,강릉-동해상사,True,4200232,행정마을,BIS inventory,True,True,88,87,128.8694510816438,37.7889272082235,308,37,25,62,1.267803,0.312315
2025,42091012,315,강릉-동해상사,True,4200233,행정마을,BIS inventory,True,True,21,20,128.8703519994515,37.78859256038236,22,101,77,29,0.090557,0.852537
2025,42091012,315,강릉-동해상사,True,4200234,법원.검찰청,BIS inventory,True,True,89,88,128.87342400102995,37.78526073982707,174,82,44,38,0.716226,0.692158
2025,42091012,315,강릉-동해상사,True,4200235,법원.검찰청,BIS inventory,True,True,20,19,128.8739503928752,37.785042447818554,68,74,59,40,0.279905,0.624631
2025,42091012,315,강릉-동해상사,True,4200261,북강릉IC,BIS inventory,True,True,32,31,128.84425534198513,37.83689529134246,8,3,88,95,0.03293,0.025323
2025,42091012,315,강릉-동해상사,True,4200292,주공1차아파트,BIS inventory,True,True,93,92,128.88256780330317,37.766843575404636,447,32,17,63,1.83996,0.270111
2025,42091012,315,강릉-동해상사,True,4200298,보성연립,BIS inventory,True,True,50,49,128.82558444232305,37.90204313561504,0,41,,58,0.0,0.346079
2025,42091012,315,강릉-동해상사,True,4200299,주문2리,BIS inventory,True,True,48,47,128.83067123183636,37.89750003400375,9,26,87,67,0.037046,0.219465
2025,42091012,315,강릉-동해상사,True,4200300,수협사거리,BIS inventory,True,True,47,46,128.8314095884837,37.895774457125356,68,88,59,35,0.279905,0.742804
2025,42091012,315,강릉-동해상사,True,4200308,주문진중.고등학교.강릉정보고,BIS inventory,True,True,41,40,128.82672327638434,37.87982425913257,219,103,39,28,0.901457,0.869418
2025,42091012,315,강릉-동해상사,True,4200310,삼천리아파트,BIS inventory,True,True,72,71,128.8379309322555,37.8689470039461,764,70,7,42,3.144809,0.590867
2025,42091012,315,강릉-동해상사,True,4200312,구라미휴게소,BIS inventory,True,True,75,74,128.84078612253998,37.84523742281921,61,2,62,100,0.251091,0.016882
2025,42091012,315,강릉-동해상사,True,4200314,청솔공원,BIS inventory,True,True,31,30,128.84780404863866,37.83218520189828,7,3,90,95,0.028814,0.025323
2025,42091012,315,강릉-동해상사,True,4200317,강릉아산병원.강릉약국,BIS inventory,True,True,83,82,128.856152685967,37.816231407654854,620,45,12,57,2.55207,0.379843
2025,42091012,315,강릉-동해상사,True,4200356,강원대학교,BIS inventory,True,True,19,89,128.87391738137654,37.77033026766949,303,488,27,5,1.247222,4.119186
2025,42091012,315,강릉-동해상사,True,4200357,내곡교,BIS inventory,True,True,5,4,128.88814500034871,37.745625057468914,977,13,3,78,4.021569,0.109732
2025,42091012,315,강릉-동해상사,True,4200358,삼창그린맨션,BIS inventory,True,True,4,3,128.88749893563826,37.744743384730015,236,9,36,86,0.971433,0.075969
2025,42091012,315,강릉-동해상사,True,4200359,하나로마트내곡점,BIS inventory,True,True,2,1,128.88026417146904,37.7410809708167,891,7,6,88,3.667572,0.059087
2025,42091012,315,강릉-동해상사,True,4200360,하나로마트내곡점,BIS inventory,True,True,106,105,128.88016921110417,37.740597240336115,7,133,90,25,0.028814,1.122647
2025,42091012,315,강릉-동해상사,True,4200361,보건소,BIS inventory,True,True,105,104,128.8822115594926,37.743635964592464,6,304,93,12,0.024697,2.56605
2025,42091012,315,강릉-동해상사,True,4200418,강릉아산병원.강릉약국,BIS inventory,True,True,26,25,128.8564121349402,37.81631278949057,300,100,28,31,1.234873,0.844096
2025,42091012,315,강릉-동해상사,True,4200446,강릉아산병원(주문진방면),BIS inventory,True,True,27,26,128.8575142394361,37.817740516347506,315,368,24,10,1.296616,3.106272
2025,42091012,315,강릉-동해상사,True,4200454,작은다리사거리,BIS inventory,True,True,44,43,128.82450182834083,37.890319810643184,1,597,101,3,0.004116,5.03925
2025,42091012,315,강릉-동해상사,True,4200473,향호리,BIS inventory,True,True,55,54,128.81023394642006,37.915207861254615,11,60,82,48,0.045279,0.506457
2025,42091012,315,강릉-동해상사,True,4200519,방학골,BIS inventory,True,True,58,57,128.82351587730795,37.90381462090833,34,0,71,,0.139952,0.0
2025,42091012,315,강릉-동해상사,True,4200521,방학골,BIS inventory,True,True,51,50,128.82291244813646,37.90463362511824,0,20,,72,0.0,0.168819
2025,42091012,315,강릉-동해상사,True,4200750,강릉시청앞,BIS inventory,True,True,100,99,128.88013307678156,37.753651204654936,22,25,77,68,0.090557,0.211024
2025,42091012,315,강릉-동해상사,True,4200971,주문진읍사무소,BIS inventory,True,True,64,63,128.8246799183624,37.892745035212215,426,63,18,45,1.753519,0.53178
2025,42091012,315,강릉-동해상사,True,4201027,강릉시청,BIS inventory,True,True,101,100,128.8780384572547,37.75085435055292,4,73,97,41,0.016465,0.61619
2025,42091012,315,강릉-동해상사,True,4201028,홍제I.C,BIS inventory,True,True,102,101,128.8794230311205,37.7473811776377,14,164,80,22,0.057627,1.384317
2025,42091012,315,강릉-동해상사,True,4201029,홍제I.C,BIS inventory,True,True,7,6,128.87894077910576,37.74749468304007,60,58,63,50,0.246975,0.489575
2025,42091012,315,강릉-동해상사,True,4201030,홍제동주민센터,BIS inventory,True,True,6,5,128.88454291738702,37.74807153236862,757,209,8,20,3.115996,1.76416
2025,42091012,315,강릉-동해상사,True,4201146,파란바다지역아동센터,BIS inventory,True,True,43,42,128.8248619925949,37.88456697851607,33,549,73,4,0.135836,4.634085
2025,42091012,315,강릉-동해상사,True,4201147,작은다리사거리,BIS inventory,True,True,65,64,128.82430578974427,37.890298608665205,100,56,54,52,0.411624,0.472694
2025,42091012,315,강릉-동해상사,True,4201200,파란바다지역아동센터,BIS inventory,True,True,66,65,128.82465599155947,37.88451042268901,133,115,50,27,0.54746,0.97071
2025,42091012,315,강릉-동해상사,True,4201226,영진입구,BIS inventory,True,True,71,70,128.83626865951734,37.87047570517143,38,17,70,75,0.156417,0.143496
2025,42091012,315,강릉-동해상사,True,4201227,연곡면사무소,BIS inventory,True,True,73,72,128.83749819485607,37.86001175022627,244,101,32,29,1.004363,0.852537
2025,42091012,315,강릉-동해상사,True,4201237,강릉아산병원(강릉방면),BIS inventory,True,True,82,81,128.8575951802683,37.81786664293397,893,260,5,14,3.675805,2.194648
2025,42091015,225,강릉-동해상사,True,4200001,내곡교,BIS inventory,True,True,37,36,128.88717490623026,37.74653766880734,14,135,35,11,0.127296,2.294358
2025,42091015,225,강릉-동해상사,True,4200045,형제막국수,BIS inventory,True,True,26,25,128.86624288991882,37.755124519467394,8,56,36,19,0.07274,0.951734
2025,42091015,225,강릉-동해상사,True,4200067,홍제동주민센터,BIS inventory,True,True,36,35,128.8842229051066,37.747848454396006,216,375,17,5,1.963993,6.373215
2025,42091015,225,강릉-동해상사,True,4200095,한국자산관리공사,BIS inventory,True,True,16,15,128.90111921880606,37.75827929877246,315,67,8,17,2.864157,1.138681
2025,42091015,225,강릉-동해상사,True,4200114,고용센터,BIS inventory,True,True,20,19,128.88893105798073,37.75744085258255,111,63,24,18,1.009274,1.0707
2025,42091015,225,강릉-동해상사,True,4200116,적십자입구,BIS inventory,True,True,21,20,128.88726321660565,37.757196360936135,78,48,28,24,0.70922,0.815772
2025,42091015,225,강릉-동해상사,True,4200118,터미널오거리,BIS inventory,True,True,22,21,128.8840640923818,37.75608209292866,47,98,31,14,0.42735,1.665534
2025,42091015,225,강릉-동해상사,True,4200120,강릉시외.고속터미널,BIS inventory,True,True,23,22,128.8792265208128,37.75505492071011,248,752,12,2,2.254955,12.780421
2025,42091015,225,강릉-동해상사,True,4200121,강릉시외.고속터미널,BIS inventory,True,True,32,31,128.87911620808939,37.75486594086855,307,266,9,6,2.791417,4.520734
2025,42091015,225,강릉-동해상사,True,4200250,용강동서부시장,BIS inventory,True,True,19,18,128.89174828581776,37.7556582744871,456,133,6,13,4.146208,2.260367
2025,42091015,225,강릉-동해상사,True,4200251,한국은행,BIS inventory,True,True,18,17,128.89406630781096,37.753485602290496,1057,255,2,7,9.610838,4.333787
2025,42091015,225,강릉-동해상사,True,4200253,교보생명,BIS inventory,True,True,17,16,128.89811415297848,37.756002485379526,2984,1142,1,1,27.132206,19.408566
2025,42091015,225,강릉-동해상사,True,4200256,옥천119안전센터,BIS inventory,True,True,15,14,128.9022376115818,37.76136928474395,141,24,21,31,1.282051,0.407886
2025,42091015,225,강릉-동해상사,True,4200257,옥천119안전센터,BIS inventory,True,True,13,12,128.90305174420297,37.761041080134646,101,70,27,16,0.918349,1.189667
2025,42091015,225,강릉-동해상사,True,4200259,용지각,BIS inventory,True,True,12,11,128.90537716328666,37.76184119439877,183,45,20,25,1.663939,0.764786
2025,42091015,225,강릉-동해상사,True,4200262,로얄아파트.포남1동주민센터,BIS inventory,True,True,10,9,128.90933288179943,37.76545703763149,237,15,14,37,2.154937,0.254929
2025,42091015,225,강릉-동해상사,True,4200264,구)동해상사,BIS inventory,True,True,9,8,128.91165113985977,37.76683747950902,230,13,16,38,2.091289,0.220938
2025,42091015,225,강릉-동해상사,True,4200266,혜성연립,BIS inventory,True,True,8,7,128.9154402649905,37.76852760326643,233,27,15,30,2.118567,0.458872
2025,42091015,225,강릉-동해상사,True,4200268,삼우은성아파트,BIS inventory,True,True,7,6,128.91881978171756,37.77007704319862,246,18,13,36,2.23677,0.305914
2025,42091015,225,강릉-동해상사,True,4200270,이마트,BIS inventory,True,True,6,5,128.92290403192536,37.77218493598484,186,23,19,33,1.691217,0.390891
2025,42091015,225,강릉-동해상사,True,4200272,송정동주민센터,BIS inventory,True,True,5,4,128.92775106138072,37.77430053196711,106,9,25,42,0.963812,0.152957
2025,42091015,225,강릉-동해상사,True,4200274,송정노인회관,BIS inventory,True,True,4,3,128.93141909498914,37.77512821569013,297,10,10,41,2.700491,0.169952
2025,42091015,225,강릉-동해상사,True,4200276,송정한신아파트입구,BIS inventory,True,True,3,2,128.93668274097607,37.7740287226972,190,7,18,44,1.727587,0.118967
2025,42091015,225,강릉-동해상사,True,4200318,포남시장,BIS inventory,True,True,11,10,128.90766061502285,37.76392281820552,105,28,26,29,0.954719,0.475867
2025,42091015,225,강릉-동해상사,True,4200366,내곡한라아파트,BIS inventory,True,True,39,38,128.88110089995297,37.74513149140333,24,53,33,21,0.218221,0.900748
2025,42091015,225,강릉-동해상사,True,4200398,회산종점,BIS inventory,True,True,45,44,128.8605464983993,37.731597103272264,7,11,39,40,0.063648,0.186948
2025,42091015,225,강릉-동해상사,True,4200400,강릉복합복지체육센터,BIS inventory,True,True,29,28,128.87000704257403,37.762859214055275,62,39,29,27,0.563739,0.662814
2025,42091015,225,강릉-동해상사,True,4200479,유천행복주택,BIS inventory,True,True,27,26,128.86570448042954,37.76159011454386,131,185,22,8,1.191126,3.14412
2025,42091015,225,강릉-동해상사,True,4200543,미디어촌5단지,BIS inventory,True,True,25,24,128.86758571434657,37.753701754139904,526,682,4,3,4.782688,11.590755
2025,42091015,225,강릉-동해상사,True,4200548,강릉소방서,BIS inventory,True,True,31,30,128.87119323619314,37.7580009949989,277,24,11,31,2.51864,0.407886
2025,42091015,225,강릉-동해상사,True,4200565,우미린아파트,BIS inventory,True,True,24,23,128.87023572987053,37.75716460769394,44,391,32,4,0.400073,6.645139
2025,42091015,225,강릉-동해상사,True,4200721,강릉역,BIS inventory,True,True,14,13,128.8992580056024,37.76416330670135,777,164,3,9,7.064921,2.78722
2025,42091015,225,강릉-동해상사,True,4200750,강릉시청앞,BIS inventory,True,True,33,32,128.88013307678156,37.753651204654936,8,21,36,34,0.07274,0.3569
2025,42091015,225,강릉-동해상사,True,4200758,회산주공2단지,BIS inventory,True,True,41,40,128.8755135006868,37.7435978056025,15,77,34,15,0.136388,1.308634
2025,42091015,225,강릉-동해상사,True,4200841,강일운수(회산한신더휴아파트),BIS inventory,True,True,44,43,128.86326996430768,37.736857601908014,1,12,43,39,0.009093,0.203943
2025,42091015,225,강릉-동해상사,True,4200842,서희아파트,BIS inventory,True,True,43,42,128.86542964738,37.739494273568006,1,135,43,11,0.009093,2.294358
2025,42091015,225,강릉-동해상사,True,4200845,회산교,BIS inventory,True,True,42,41,128.86893532851613,37.74168123777201,0,53,,21,0.0,0.900748
2025,42091015,225,강릉-동해상사,True,4200847,회산주공1단지,BIS inventory,True,True,40,39,128.87955033053632,37.744879735537495,8,56,36,19,0.07274,0.951734
2025,42091015,225,강릉-동해상사,True,4200849,내곡현대아파트,BIS inventory,True,True,38,37,128.88327994384045,37.74557191636756,6,41,40,26,0.054555,0.696805
2025,42091015,225,강릉-동해상사,True,4201027,강릉시청,BIS inventory,True,True,34,33,128.8780384572547,37.75085435055292,2,21,42,34,0.018185,0.3569
2025,42091015,225,강릉-동해상사,True,4201028,홍제I.C,BIS inventory,True,True,35,34,128.8794230311205,37.7473811776377,4,31,41,28,0.03637,0.526852
2025,42091015,225,강릉-동해상사,True,4201043,안목,BIS inventory,True,True,1,0,128.94526892930932,37.77285146151794,495,8,5,43,4.500818,0.135962
2025,42091015,225,강릉-동해상사,True,4201250,선수촌8단지,BIS inventory,True,True,30,29,128.87011109214671,37.76078977894948,339,52,7,23,3.082379,0.883753
2025,42091015,225,강릉-동해상사,True,4201386,송정한신아파트후문,BIS inventory,True,True,2,1,128.93962441064605,37.773612640324636,120,0,23,,1.091107,0.0
2025,42091015,225,강릉-동해상사,True,4209995,강원대학교치과대학병원,BIS inventory,True,True,28,27,128.86959763767547,37.76381436688745,55,149,30,10,0.500091,2.532291
2025,42091016,225-1,강릉-동해상사,True,4200045,형제막국수,BIS inventory,True,True,15,14,128.86624288991882,37.755124519467394,111,7,17,34,1.341552,0.144449
2025,42091016,225-1,강릉-동해상사,True,4200049,남강초교,BIS inventory,True,True,33,32,128.91338089940805,37.76735161096919,96,107,20,10,1.160261,2.208007
2025,42091016,225-1,강릉-동해상사,True,4200062,회산주공2단지,BIS inventory,True,True,5,4,128.87633822960112,37.74368399842067,189,4,13,37,2.284264,0.082542
2025,42091016,225-1,강릉-동해상사,True,4200066,내곡교,BIS inventory,True,True,9,8,128.88659128664105,37.74625364038564,90,14,23,28,1.087745,0.288898
2025,42091016,225-1,강릉-동해상사,True,4200094,강릉여고,BIS inventory,True,True,27,26,128.90248424479844,37.75904463050879,240,95,9,13,2.900653,1.96038
2025,42091016,225-1,강릉-동해상사,True,4200115,고용센터,BIS inventory,True,True,24,23,128.8890663454416,37.75714942132559,235,73,10,16,2.840222,1.506397
2025,42091016,225-1,강릉-동해상사,True,4200117,적십자입구,BIS inventory,True,True,23,22,128.88647213220725,37.75676623567213,92,36,22,23,1.111917,0.742881
2025,42091016,225-1,강릉-동해상사,True,4200119,터미널오거리,BIS inventory,True,True,22,21,128.88381140539954,37.755579088211434,189,23,13,26,2.284264,0.474618
2025,42091016,225-1,강릉-동해상사,True,4200120,강릉시외.고속터미널,BIS inventory,True,True,12,11,128.8792265208128,37.75505492071011,162,167,15,5,1.957941,3.446141
2025,42091016,225-1,강릉-동해상사,True,4200121,강릉시외.고속터미널,BIS inventory,True,True,21,20,128.87911620808939,37.75486594086855,1114,88,2,14,13.463863,1.815931
2025,42091016,225-1,강릉-동해상사,True,4200249,용강동서부시장,BIS inventory,True,True,25,24,128.89167287030088,37.75492247590215,207,406,11,4,2.501813,8.378044
2025,42091016,225-1,강릉-동해상사,True,4200252,신영극장,BIS inventory,True,True,26,25,128.8961287589657,37.75448236011555,1465,1427,1,1,17.706067,29.446967
2025,42091016,225-1,강릉-동해상사,True,4200256,옥천119안전센터,BIS inventory,True,True,30,29,128.9022376115818,37.76136928474395,39,9,32,31,0.471356,0.18572
2025,42091016,225-1,강릉-동해상사,True,4200257,옥천119안전센터,BIS inventory,True,True,28,27,128.90305174420297,37.761041080134646,8,102,36,12,0.096688,2.104829
2025,42091016,225-1,강릉-동해상사,True,4200258,용지각,BIS inventory,True,True,31,30,128.90534669055177,37.76147384168322,90,45,23,20,1.087745,0.928601
2025,42091016,225-1,강릉-동해상사,True,4200260,동남아파트,BIS inventory,True,True,32,31,128.9088062489658,37.764638779656714,101,110,18,9,1.220691,2.269913
2025,42091016,225-1,강릉-동해상사,True,4200263,송정한신아파트후문,BIS inventory,True,True,40,39,128.9386138022858,37.773558747641985,0,50,,18,0.0,1.031779
2025,42091016,225-1,강릉-동해상사,True,4200265,혜성연립,BIS inventory,True,True,34,33,128.91575952067353,37.76841531999017,26,121,34,7,0.314237,2.496905
2025,42091016,225-1,강릉-동해상사,True,4200267,삼우은성아파트,BIS inventory,True,True,35,34,128.91973659122027,37.77025900516923,69,80,27,15,0.833938,1.650846
2025,42091016,225-1,강릉-동해상사,True,4200269,이마트,BIS inventory,True,True,36,35,128.92346774482266,37.772222356268564,50,107,29,10,0.604303,2.208007
2025,42091016,225-1,강릉-동해상사,True,4200271,송정동주민센터,BIS inventory,True,True,37,36,128.9281580126049,37.77420386430584,9,33,35,24,0.108774,0.680974
2025,42091016,225-1,강릉-동해상사,True,4200273,송정신원아침도시,BIS inventory,True,True,38,37,128.93190852770562,37.774810233413945,6,119,38,8,0.072516,2.455634
2025,42091016,225-1,강릉-동해상사,True,4200275,송정한신아파트입구,BIS inventory,True,True,39,38,128.93667614488956,37.77380916737768,1,50,40,18,0.012086,1.031779
2025,42091016,225-1,강릉-동해상사,True,4200293,강릉역건너편,BIS inventory,True,True,29,28,128.8990669694857,37.76400772021464,516,583,6,3,6.236403,12.030541
2025,42091016,225-1,강릉-동해상사,True,4200398,회산종점,BIS inventory,True,True,1,0,128.8605464983993,37.731597103272264,46,2,31,38,0.555958,0.041271
2025,42091016,225-1,강릉-동해상사,True,4200400,강릉복합복지체육센터,BIS inventory,True,True,18,17,128.87000704257403,37.762859214055275,122,8,16,32,1.474498,0.165085
2025,42091016,225-1,강릉-동해상사,True,4200479,유천행복주택,BIS inventory,True,True,16,15,128.86570448042954,37.76159011454386,200,24,12,25,2.417211,0.495254
2025,42091016,225-1,강릉-동해상사,True,4200543,미디어촌5단지,BIS inventory,True,True,14,13,128.86758571434657,37.753701754139904,623,38,3,22,7.529611,0.784152
2025,42091016,225-1,강릉-동해상사,True,4200548,강릉소방서,BIS inventory,True,True,20,19,128.87119323619314,37.7580009949989,583,12,4,29,7.046169,0.247627
2025,42091016,225-1,강릉-동해상사,True,4200565,우미린아파트,BIS inventory,True,True,13,12,128.87023572987053,37.75716460769394,98,124,19,6,1.184433,2.558811
2025,42091016,225-1,강릉-동해상사,True,4200840,강일운수(회산한신더휴아파트),BIS inventory,True,True,2,1,128.8635961632995,37.73687831617277,34,0,33,,0.410926,0.0
2025,42091016,225-1,강릉-동해상사,True,4200843,서희아파트,BIS inventory,True,True,3,2,128.86634677134685,37.73976016715972,275,2,7,38,3.323664,0.041271
2025,42091016,225-1,강릉-동해상사,True,4200844,회산교,BIS inventory,True,True,4,3,128.86938257728545,37.741799533605175,77,1,25,40,0.930626,0.020636
2025,42091016,225-1,강릉-동해상사,True,4200846,회산주공1단지,BIS inventory,True,True,6,5,128.87934233274848,37.74463886683866,58,8,28,32,0.700991,0.165085
2025,42091016,225-1,강릉-동해상사,True,4200848,내곡현대아파트,BIS inventory,True,True,8,7,128.8834148503297,37.74546973753321,96,6,20,35,1.160261,0.123813
2025,42091016,225-1,강릉-동해상사,True,4201029,홍제I.C,BIS inventory,True,True,11,10,128.87894077910576,37.74749468304007,8,10,36,30,0.096688,0.206356
2025,42091016,225-1,강릉-동해상사,True,4201030,홍제동주민센터,BIS inventory,True,True,10,9,128.88454291738702,37.74807153236862,275,43,7,21,3.323664,0.88733
2025,42091016,225-1,강릉-동해상사,True,4201044,안목커피거리,BIS inventory,True,True,41,40,128.94543559396536,37.77260342997581,3,641,39,2,0.036258,13.227404
2025,42091016,225-1,강릉-동해상사,True,4201208,내곡한라아파트,BIS inventory,True,True,7,6,128.88109989979574,37.744994216797494,49,5,30,36,0.592217,0.103178
2025,42091016,225-1,강릉-동해상사,True,4201250,선수촌8단지,BIS inventory,True,True,19,18,128.87011109214671,37.76078977894948,547,15,5,27,6.611071,0.309534
2025,42091016,225-1,강릉-동해상사,True,4209995,강원대학교치과대학병원,BIS inventory,True,True,17,16,128.86959763767547,37.76381436688745,75,51,26,17,0.906454,1.052414
2025,42091017,961-1,강릉-동해상사,True,4201096,한라아파트,BIS inventory,True,True,20,19,129.0309268732134,37.598168202920746,146,8,1,2,40.896359,33.333333
2025,42091017,961-1,강릉-동해상사,True,4201105,농협주유소,BIS inventory,True,True,25,24,129.03818611643504,37.61343914150935,1,0,14,,0.280112,0.0
2025,42091017,961-1,강릉-동해상사,True,4201289,남양1리경로당,BIS inventory,True,True,19,18,129.03162816015924,37.582429974327795,13,1,4,4,3.641457,4.166667
2025,42091017,961-1,강릉-동해상사,True,4201291,버들골,BIS inventory,True,True,18,17,129.02611729989363,37.57922947953465,5,0,9,,1.40056,0.0
2025,42091017,961-1,강릉-동해상사,True,4201293,흑시골,BIS inventory,True,True,17,16,129.02374105990518,37.577665442657434,6,0,8,,1.680672,0.0
2025,42091017,961-1,강릉-동해상사,True,4201295,남양2리교,BIS inventory,True,True,16,15,129.01486079643942,37.57192160373686,10,0,5,,2.80112,0.0
2025,42091017,961-1,강릉-동해상사,True,4202002,현내1리연탄직매장,BIS inventory,True,True,22,21,129.03293193002432,37.60609468782852,4,0,10,,1.120448,0.0
2025,42091017,961-1,강릉-동해상사,True,4202022,옥계현내시장,BIS inventory,True,True,23,22,129.03523947374634,37.60889735545031,123,13,2,1,34.453782,54.166667
2025,42091017,961-1,강릉-동해상사,True,4202032,옥계현내시장,BIS inventory,True,True,1,0,129.03512810350702,37.608949806593664,22,0,3,,6.162465,0.0
2025,42091017,961-1,강릉-동해상사,True,4202042,옥계면사무소,BIS inventory,True,True,24,23,129.03870359107486,37.61225376052538,9,0,6,,2.521008,0.0
2025,42091017,961-1,강릉-동해상사,True,4202062,주수1리,BIS inventory,True,True,26,25,129.04484649940426,37.61466278284313,2,0,13,,0.560224,0.0
2025,42091017,961-1,강릉-동해상사,True,4202082,옥계역,BIS inventory,True,True,27,26,129.0492092887644,37.61767316323472,9,0,6,,2.521008,0.0
2025,42091017,961-1,강릉-동해상사,True,4202102,주수2리,BIS inventory,True,True,28,27,129.05347399898523,37.618026714837086,1,0,14,,0.280112,0.0
2025,42091017,961-1,강릉-동해상사,True,4202122,한라시멘트,BIS inventory,True,True,29,28,129.0576841685535,37.617825813670024,3,0,11,,0.840336,0.0
2025,42091017,961-1,강릉-동해상사,True,4202142,도직리,BIS inventory,True,True,30,29,129.067789814241,37.60871993490825,3,2,11,3,0.840336,8.333333
2025,42091018,962-1,강릉-동해상사,True,4201097,옥계119안전센터,BIS inventory,True,True,12,11,129.03045031861078,37.60261800571139,1,0,11,,0.324675,0.0
2025,42091018,962-1,강릉-동해상사,True,4201105,농협주유소,BIS inventory,True,True,16,15,129.03818611643504,37.61343914150935,4,1,7,8,1.298701,2.777778
2025,42091018,962-1,강릉-동해상사,True,4201315,하반암,BIS inventory,True,True,8,7,128.98110553425494,37.584185619903295,1,0,11,,0.324675,0.0
2025,42091018,962-1,강릉-동해상사,True,4201317,상반암,BIS inventory,True,True,7,6,128.97555145054721,37.581507187334616,2,0,8,,0.649351,0.0
2025,42091018,962-1,강릉-동해상사,True,4201319,상반암2교,BIS inventory,True,True,6,5,128.97526025138177,37.580104674041834,1,0,11,,0.324675,0.0
2025,42091018,962-1,강릉-동해상사,True,4201321,산계2리,BIS inventory,True,True,5,4,128.97229539203417,37.57962245004452,1,0,11,,0.324675,0.0
2025,42091018,962-1,강릉-동해상사,True,4201323,비상거리,BIS inventory,True,True,4,3,128.96147017456914,37.57419041505788,2,1,8,8,0.649351,2.777778
2025,42091018,962-1,강릉-동해상사,True,4201325,황기골,BIS inventory,True,True,3,2,128.9570289624241,37.57336816682693,17,0,4,,5.519481,0.0
2025,42091018,962-1,강릉-동해상사,True,4201328,산계리종점,BIS inventory,True,True,1,0,128.9460355736469,37.57495852194761,66,3,2,4,21.428571,8.333333
2025,42091018,962-1,강릉-동해상사,True,4202002,현내1리연탄직매장,BIS inventory,True,True,13,12,129.03293193002432,37.60609468782852,1,4,11,3,0.324675,11.111111
2025,42091018,962-1,강릉-동해상사,True,4202022,옥계현내시장,BIS inventory,True,True,14,13,129.03523947374634,37.60889735545031,166,12,1,1,53.896104,33.333333
2025,42091018,962-1,강릉-동해상사,True,4202032,옥계현내시장,BIS inventory,True,True,39,38,129.03512810350702,37.608949806593664,1,5,11,2,0.324675,13.888889
2025,42091018,962-1,강릉-동해상사,True,4202042,옥계면사무소,BIS inventory,True,True,15,14,129.03870359107486,37.61225376052538,24,1,3,8,7.792208,2.777778
2025,42091018,962-1,강릉-동해상사,True,4202072,주수1리,BIS inventory,True,True,37,36,129.0445825275631,37.61484876921252,0,3,,4,0.0,8.333333
2025,42091018,962-1,강릉-동해상사,True,4202082,옥계역,BIS inventory,True,True,18,17,129.0492092887644,37.61767316323472,12,0,5,,3.896104,0.0
2025,42091018,962-1,강릉-동해상사,True,4202092,옥계역,BIS inventory,True,True,36,35,129.04915585739857,37.61793983643156,1,1,11,8,0.324675,2.777778
2025,42091018,962-1,강릉-동해상사,True,4202102,주수2리,BIS inventory,True,True,19,18,129.05347399898523,37.618026714837086,1,1,11,8,0.324675,2.777778
2025,42091018,962-1,강릉-동해상사,True,4202112,주수2리,BIS inventory,True,True,35,34,129.0534798781985,37.618295982570245,2,0,8,,0.649351,0.0
2025,42091018,962-1,강릉-동해상사,True,4202122,한라시멘트,BIS inventory,True,True,20,19,129.0576841685535,37.617825813670024,0,2,,6,0.0,5.555556
2025,42091018,962-1,강릉-동해상사,True,4202142,도직리,BIS inventory,True,True,21,20,129.067789814241,37.60871993490825,5,0,6,,1.623377,0.0
2025,42091018,962-1,강릉-동해상사,True,4202152,도직리,BIS inventory,True,True,33,32,129.06871069327684,37.60826859797961,0,2,,6,0.0,5.555556
2025,42092072,202-1,강릉-동해상사,True,4200006,강릉아이스아레나,BIS inventory,True,True,37,0 | 36,128.89519306784848,37.78029319605429,161,587,40,23,0.110952,0.618044
2025,42092072,202-1,강릉-동해상사,True,4200045,형제막국수,BIS inventory,True,True,20,0 | 19,128.86624288991882,37.755124519467394,151,45,41,41,0.10406,0.04738
2025,42092072,202-1,강릉-동해상사,True,4200070,경포현대아파트,BIS inventory,True,True,2,0 | 1,128.90338270723402,37.80169652808461,3393,30,12,42,2.338258,0.031587
2025,42092072,202-1,강릉-동해상사,True,4200072,경포대.참소리박물관,BIS inventory,True,True,3,0 | 2,128.89706080745114,37.7955214111198,2088,147,16,35,1.438928,0.154774
2025,42092072,202-1,강릉-동해상사,True,4200074,해운정,BIS inventory,True,True,5,0 | 4,128.8896478172347,37.78577024652339,243,24,38,43,0.167461,0.025269
2025,42092072,202-1,강릉-동해상사,True,4200075,선교장,BIS inventory,True,True,6,0 | 5,128.8853532167783,37.785455385598155,871,208,27,34,0.600243,0.219
2025,42092072,202-1,강릉-동해상사,True,4200077,경포동주민센터,BIS inventory,True,True,7,0 | 6,128.88052383810168,37.78412865726848,241,209,39,33,0.166083,0.220053
2025,42092072,202-1,강릉-동해상사,True,4200094,강릉여고,BIS inventory,True,True,29,0 | 28,128.90248424479844,37.75904463050879,3398,1337,11,13,2.341704,1.407709
2025,42092072,202-1,강릉-동해상사,True,4200098,허난설헌삼거리,BIS inventory,True,True,41,0 | 40,128.9131333359753,37.79177727582709,904,4965,25,7,0.622984,5.227581
2025,42092072,202-1,강릉-동해상사,True,4200115,고용센터,BIS inventory,True,True,26,0 | 25,128.8890663454416,37.75714942132559,2043,1096,17,16,1.407917,1.153964
2025,42092072,202-1,강릉-동해상사,True,4200117,적십자입구,BIS inventory,True,True,25,0 | 24,128.88647213220725,37.75676623567213,987,357,24,27,0.680183,0.37588
2025,42092072,202-1,강릉-동해상사,True,4200119,터미널오거리,BIS inventory,True,True,24,0 | 23,128.88381140539954,37.755579088211434,2272,339,15,28,1.56573,0.356929
2025,42092072,202-1,강릉-동해상사,True,4200121,강릉시외.고속터미널,BIS inventory,True,True,23,0 | 22,128.87911620808939,37.75486594086855,13265,2513,3,10,9.141467,2.645904
2025,42092072,202-1,강릉-동해상사,True,4200128,구름다리,BIS inventory,True,True,15,0 | 14,128.87743298775584,37.764682397677966,7386,1262,6,15,5.090002,1.328743
2025,42092072,202-1,강릉-동해상사,True,4200130,현대2차아파트,BIS inventory,True,True,14,0 | 13,128.87999435131803,37.764311243841746,2006,537,18,25,1.382419,0.5654
2025,42092072,202-1,강릉-동해상사,True,4200132,율곡초등학교,BIS inventory,True,True,13,0 | 12,128.88221538693716,37.765100900268116,426,111,36,38,0.293574,0.11687
2025,42092072,202-1,강릉-동해상사,True,4200135,부영2차아파트,BIS inventory,True,True,11,0 | 10,128.8825125758686,37.77002923948558,1860,327,20,29,1.281804,0.344294
2025,42092072,202-1,강릉-동해상사,True,4200136,방축거리,BIS inventory,True,True,10,9,128.88380882582484,37.773889373429355,26,73,43,39,0.017918,0.076861
2025,42092072,202-1,강릉-동해상사,True,4200236,선교장입구,BIS inventory,True,True,8,0 | 7,128.87978791945434,37.782182641690056,495,874,35,17,0.341125,0.920223
2025,42092072,202-1,강릉-동해상사,True,4200238,오죽헌,BIS inventory,True,True,9,0 | 8,128.8827262588498,37.779841129260745,1466,2622,21,9,1.010282,2.760668
2025,42092072,202-1,강릉-동해상사,True,4200249,용강동서부시장,BIS inventory,True,True,27,0 | 26,128.89167287030088,37.75492247590215,3448,5002,10,6,2.376161,5.266538
2025,42092072,202-1,강릉-동해상사,True,4200252,신영극장,BIS inventory,True,True,28,0 | 27,128.8961287589657,37.75448236011555,30266,19145,1,1,20.857568,20.157512
2025,42092072,202-1,강릉-동해상사,True,4200257,옥천119안전센터,BIS inventory,True,True,30,0 | 29,128.90305174420297,37.761041080134646,3814,1303,8,14,2.628387,1.371911
2025,42092072,202-1,강릉-동해상사,True,4200292,주공1차아파트,BIS inventory,True,True,12,0 | 11,128.88256780330317,37.766843575404636,1863,125,19,37,1.283871,0.131611
2025,42092072,202-1,강릉-동해상사,True,4200400,강릉복합복지체육센터,BIS inventory,True,True,16,0 | 15,128.87000704257403,37.762859214055275,902,212,26,32,0.621606,0.223212
2025,42092072,202-1,강릉-동해상사,True,4200430,강릉국민체육센터,BIS inventory,True,True,36,0 | 35,128.89711747432256,37.77640154864734,385,689,37,19,0.26532,0.725439
2025,42092072,202-1,강릉-동해상사,True,4200433,종합경기장,BIS inventory,True,True,35,0 | 34,128.89677683645317,37.77125900731557,578,1667,31,11,0.398324,1.755162
2025,42092072,202-1,강릉-동해상사,True,4200543,미디어촌5단지,BIS inventory,True,True,19,0 | 18,128.86758571434657,37.753701754139904,10103,639,5,21,6.9624,0.672794
2025,42092072,202-1,강릉-동해상사,True,4200547,e-편한세상아파트,BIS inventory,True,True,34,0 | 33,128.895218937497,37.769600465674785,505,567,34,24,0.348017,0.596987
2025,42092072,202-1,강릉-동해상사,True,4200548,강릉소방서,BIS inventory,True,True,22,0 | 21,128.87119323619314,37.7580009949989,4388,319,7,30,3.023955,0.335871
2025,42092072,202-1,강릉-동해상사,True,4200565,우미린아파트,BIS inventory,True,True,18,0 | 17,128.87023572987053,37.75716460769394,1121,844,22,18,0.772528,0.888636
2025,42092072,202-1,강릉-동해상사,True,4200567,한내들아파트,BIS inventory,True,True,21,0 | 20,128.8681446784216,37.75790349269205,3468,139,9,36,2.389944,0.146351
2025,42092072,202-1,강릉-동해상사,True,4200569,교2동주민센터,BIS inventory,True,True,33,0 | 32,128.8921038226677,37.76840335678918,2480,645,14,20,1.709072,0.679112
2025,42092072,202-1,강릉-동해상사,True,4200721,강릉역,BIS inventory,True,True,31,0 | 30,128.8992580056024,37.76416330670135,18571,10452,2,4,12.798054,11.00477
2025,42092072,202-1,강릉-동해상사,True,4201240,순두부마을,BIS inventory,True,True,4,0 | 3,128.89327386744634,37.786738816066666,613,73,30,39,0.422444,0.076861
2025,42092072,202-1,강릉-동해상사,True,4201242,경포해변,BIS inventory,True,True,1,0 | 43,128.9052529004403,37.80440358093674,11763,12809,4,2,8.106376,13.486423
2025,42092072,202-1,강릉-동해상사,True,4201250,선수촌8단지,BIS inventory,True,True,17,0 | 16,128.87011109214671,37.76078977894948,3208,379,13,26,2.210767,0.399044
2025,42092072,202-1,강릉-동해상사,True,4201254,모안이서낭당,BIS inventory,True,True,38,0 | 37,128.90286872766467,37.783490145093076,543,617,32,22,0.374204,0.649631
2025,42092072,202-1,강릉-동해상사,True,4201256,강릉녹색도시체험센터,BIS inventory,True,True,39,0 | 38,128.90742209068117,37.786856581754364,1072,1409,23,12,0.73876,1.483517
2025,42092072,202-1,강릉-동해상사,True,4201259,허균.허난설헌기념공원,BIS inventory,True,True,40,0 | 39,128.90952498226952,37.789422425132265,795,2752,29,8,0.547868,2.897544
2025,42092072,202-1,강릉-동해상사,True,4201261,강문해변입구,BIS inventory,True,True,42,0 | 41,128.9152492720649,37.794762154181576,871,11386,27,3,0.600243,11.988166
2025,42092072,202-1,강릉-동해상사,True,4201267,경포호,BIS inventory,True,True,43,0 | 42,128.91154424859525,37.79966287216199,134,5848,42,5,0.092345,6.15728
2025,42092072,202-1,강릉-동해상사,True,4201375,가작다리입구,BIS inventory,True,True,32,31,128.8943546413669,37.766101443660936,535,293,33,31,0.368691,0.308496
2025,42092075,,,False,4200045,형제막국수,BIS inventory,True,False,,3,128.86624288991882,37.755124519467394,5,1,17,10,0.19802,0.854701
2025,42092075,,,False,4200047,강릉고정문,BIS inventory,True,False,,23,128.91550078840652,37.78828834947499,0,3,,7,0.0,2.564103
2025,42092075,,,False,4200102,강릉고입구,BIS inventory,True,False,,22,128.92044843215433,37.78352944320342,0,3,,7,0.0,2.564103
2025,42092075,,,False,4200103,경포고교,BIS inventory,True,False,,21,128.9190546436117,37.78057981084284,0,5,,6,0.0,4.273504
2025,42092075,,,False,4200105,동명중학교,BIS inventory,True,False,,19,128.9161008666347,37.77658681943468,0,9,,5,0.0,7.692308
2025,42092075,,,False,4200107,KT,BIS inventory,True,False,,16 | 17,128.9125052185983,37.77309475265464,110,1,9,10,4.356436,0.854701
2025,42092075,,,False,4200109,동인병원입구,BIS inventory,True,False,,16,128.9094857690125,37.77102450992961,55,21,11,2,2.178218,17.948718
2025,42092075,,,False,4200111,하슬라중,BIS inventory,True,False,,15,128.90761293140218,37.77043125987649,21,11,15,4,0.831683,9.401709
2025,42092075,,,False,4200123,우편집중국,BIS inventory,True,False,,6,128.8733706824724,37.76051485370646,153,0,6,,6.059406,0.0
2025,42092075,,,False,4200125,솔올공연장,BIS inventory,True,False,,7,128.87460623301726,37.76366952964576,1,0,18,,0.039604,0.0
2025,42092075,,,False,4200127,구름다리,BIS inventory,True,False,,8,128.87654770197503,37.764512872809554,56,0,10,,2.217822,0.0
2025,42092075,,,False,4200129,주공3차아파트,BIS inventory,True,False,,8 | 9,128.87933873663175,37.76410589188944,154,0,5,,6.09901,0.0
2025,42092075,,,False,4200131,하이빌현대아파트,BIS inventory,True,False,,10 | 9,128.8824547932286,37.764860822549025,298,1,3,10,11.80198,0.854701
2025,42092075,,,False,4200133,주공1차아파트,BIS inventory,True,False,,10 | 11,128.88288690646792,37.76665665089728,122,0,8,,4.831683,0.0
2025,42092075,,,False,4200290,한솔초교,BIS inventory,True,False,,18,128.91448068318238,37.77500059793141,6,0,16,,0.237624,0.0
2025,42092075,,,False,4200363,율곡중정문,BIS inventory,True,False,,13,128.88882882673292,37.76926965127901,1,15,18,3,0.039604,12.820513
2025,42092075,,,False,4200543,미디어촌5단지,BIS inventory,True,False,,1 | 2,128.86758571434657,37.753701754139904,640,1,1,10,25.346535,0.854701
2025,42092075,,,False,4200547,e-편한세상아파트,BIS inventory,True,False,,14,128.895218937497,37.769600465674785,53,42,12,1,2.09901,35.897436
2025,42092075,,,False,4200548,강릉소방서,BIS inventory,True,False,,5,128.87119323619314,37.7580009949989,30,1,14,10,1.188119,0.854701
2025,42092075,,,False,4200565,우미린아파트,BIS inventory,True,False,,1,128.87023572987053,37.75716460769394,53,0,12,,2.09901,0.0
2025,42092075,,,False,4200566,주공2차아파트,BIS inventory,True,False,,11 | 12,128.88486622636958,37.76845428049225,228,1,4,10,9.029703,0.854701
2025,42092075,,,False,4200567,한내들아파트,BIS inventory,True,False,,3 | 4,128.8681446784216,37.75790349269205,390,0,2,,15.445545,0.0
2025,42092075,,,False,4201236,포남2주공입구,BIS inventory,True,False,,20,128.91810027987142,37.77873395771816,0,2,,9,0.0,1.709402
2025,42092075,,,False,4201250,선수촌8단지,BIS inventory,True,False,,0,128.87011109214671,37.76078977894948,149,0,7,,5.90099,0.0
2025,42092076,300-1,강릉-동해상사,True,4200004,숲사랑홍보관,BIS inventory,True,True,29,28,128.85126457297872,37.81878304910103,384,536,54,42,0.072707,0.200921
2025,42092076,300-1,강릉-동해상사,True,4200042,롯데캐슬아파트,BIS inventory,True,True,41,40,128.89120929799194,37.766948306391974,14278,7216,13,8,2.703414,2.704932
2025,42092076,300-1,강릉-동해상사,True,4200049,남강초교,BIS inventory,True,True,49,48,128.91338089940805,37.76735161096919,3168,5935,38,11,0.599833,2.224746
2025,42092076,300-1,강릉-동해상사,True,4200069,방골마을입구,BIS inventory,True,True,31,30,128.85540756146614,37.81366779247799,2724,552,40,41,0.515765,0.206918
2025,42092076,300-1,강릉-동해상사,True,4200094,강릉여고,BIS inventory,True,True,46,45,128.90248424479844,37.75904463050879,11134,5520,17,15,2.108125,2.069183
2025,42092076,300-1,강릉-동해상사,True,4200138,즈므.과학단지,BIS inventory,True,True,33,32,128.8604076986006,37.79746479759031,3833,204,36,49,0.725745,0.07647
2025,42092076,300-1,강릉-동해상사,True,4200181,주문진해변,BIS inventory,True,True,2,1,128.81692175696733,37.90940788063508,6122,231,28,46,1.159147,0.086591
2025,42092076,300-1,강릉-동해상사,True,4200184,소돌,BIS inventory,True,True,3,2,128.82175443074843,37.905415537268986,11889,148,15,52,2.251078,0.055478
2025,42092076,300-1,강릉-동해상사,True,4200186,보성연립,BIS inventory,True,True,5,4,128.82551362915504,37.901974724913615,1256,45,46,56,0.237813,0.016868
2025,42092076,300-1,강릉-동해상사,True,4200187,양양고개,BIS inventory,True,True,6,5,128.82805578782853,37.90002854060149,6899,153,26,51,1.306265,0.057352
2025,42092076,300-1,강릉-동해상사,True,4200189,주문2리,BIS inventory,True,True,7,6,128.83046007450088,37.897540604441176,4218,217,34,47,0.798641,0.081343
2025,42092076,300-1,강릉-동해상사,True,4200190,수협사거리,BIS inventory,True,True,8,7,128.83119347169236,37.89590191816579,10539,784,18,39,1.995467,0.293884
2025,42092076,300-1,강릉-동해상사,True,4200193,북부지구대,BIS inventory,True,True,9,8,128.82860680406648,37.894535177399845,11240,1150,16,36,2.128195,0.43108
2025,42092076,300-1,강릉-동해상사,True,4200194,주문진항입구,BIS inventory,True,True,10,9,128.82670250148865,37.8926318795772,22294,2619,5,29,4.221173,0.981737
2025,42092076,300-1,강릉-동해상사,True,4200197,작은다리,BIS inventory,True,True,12,11,128.82583778093624,37.88994679111109,31442,2303,2,31,5.953267,0.863284
2025,42092076,300-1,강릉-동해상사,True,4200201,양조장,BIS inventory,True,True,15,14,128.8258300942643,37.881274388703744,19832,3519,8,21,3.755015,1.319104
2025,42092076,300-1,강릉-동해상사,True,4200204,주문진중학교,BIS inventory,True,True,16,15,128.82690197641236,37.87887483229283,16118,3414,12,23,3.051802,1.279745
2025,42092076,300-1,강릉-동해상사,True,4200205,강원도립대,BIS inventory,True,True,17,16,128.82840415011668,37.87652579934979,16829,3071,10,24,3.186423,1.15117
2025,42092076,300-1,강릉-동해상사,True,4200207,북부노인종합복지관,BIS inventory,True,True,18,17,128.83062989490628,37.8743072338123,14160,4988,14,16,2.681072,1.869761
2025,42092076,300-1,강릉-동해상사,True,4200213,연곡해변입구,BIS inventory,True,True,22,21,128.84130813848452,37.85462580337619,1403,251,43,45,0.265646,0.094088
2025,42092076,300-1,강릉-동해상사,True,4200216,구라미,BIS inventory,True,True,24,23,128.84187680750063,37.84088026429458,1382,196,45,50,0.26167,0.073471
2025,42092076,300-1,강릉-동해상사,True,4200219,청솔공원,BIS inventory,True,True,25,24,128.84744835859598,37.832296445829655,1391,368,44,43,0.263374,0.137946
2025,42092076,300-1,강릉-동해상사,True,4200220,모래내행복센터,BIS inventory,True,True,26,25,128.84888855200666,37.82654759560158,6915,1034,25,38,1.309295,0.387597
2025,42092076,300-1,강릉-동해상사,True,4200223,사천면사무소,BIS inventory,True,True,27,26,128.84914337332015,37.8229406699122,7839,1197,23,35,1.484246,0.448698
2025,42092076,300-1,강릉-동해상사,True,4200224,북부노인대학,BIS inventory,True,True,28,27,128.85070066292354,37.820164105652225,826,96,51,53,0.156396,0.035986
2025,42092076,300-1,강릉-동해상사,True,4200228,학고개,BIS inventory,True,True,32,31,128.8599242703853,37.80596957371411,1075,72,49,54,0.203542,0.026989
2025,42092076,300-1,강릉-동해상사,True,4200230,한밭입구,BIS inventory,True,True,34,33,128.86424835021418,37.79176559208253,1222,311,47,44,0.231375,0.116579
2025,42092076,300-1,강릉-동해상사,True,4200232,행정마을,BIS inventory,True,True,35,34,128.8694510816438,37.7889272082235,8433,762,22,40,1.596715,0.285637
2025,42092076,300-1,강릉-동해상사,True,4200234,법원.검찰청,BIS inventory,True,True,36,35,128.87342400102995,37.78526073982707,5359,1272,31,34,1.01468,0.476812
2025,42092076,300-1,강릉-동해상사,True,4200236,선교장입구,BIS inventory,True,True,37,36,128.87978791945434,37.782182641690056,4831,1710,32,32,0.914707,0.640997
2025,42092076,300-1,강릉-동해상사,True,4200238,오죽헌,BIS inventory,True,True,38,37,128.8827262588498,37.779841129260745,10067,4043,20,18,1.906098,1.515526
2025,42092076,300-1,강릉-동해상사,True,4200240,젤마을,BIS inventory,True,True,39,38,128.887733025105,37.775438249928285,3981,1495,35,33,0.753767,0.560404
2025,42092076,300-1,강릉-동해상사,True,4200242,율곡중학교,BIS inventory,True,True,40,39,128.89021344037266,37.771874448370795,6710,2642,27,28,1.27048,0.990359
2025,42092076,300-1,강릉-동해상사,True,4200245,이명사거리,BIS inventory,True,True,42,41,128.89157918705828,37.764565078717,20322,5632,7,13,3.847792,2.111166
2025,42092076,300-1,강릉-동해상사,True,4200247,강릉제일고,BIS inventory,True,True,43,42,128.8918779735197,37.759537356247826,9096,7707,21,6,1.722248,2.888984
2025,42092076,300-1,강릉-동해상사,True,4200249,용강동서부시장,BIS inventory,True,True,44,43,128.89167287030088,37.75492247590215,10188,19735,19,3,1.929008,7.397703
2025,42092076,300-1,강릉-동해상사,True,4200252,신영극장,BIS inventory,True,True,45,44,128.8961287589657,37.75448236011555,72716,78436,1,1,13.768137,29.401886
2025,42092076,300-1,강릉-동해상사,True,4200258,용지각,BIS inventory,True,True,47,46,128.90534669055177,37.76147384168322,5713,6073,29,10,1.081706,2.276476
2025,42092076,300-1,강릉-동해상사,True,4200260,동남아파트,BIS inventory,True,True,48,47,128.9088062489658,37.764638779656714,4830,7806,33,5,0.914518,2.926094
2025,42092076,300-1,강릉-동해상사,True,4200263,송정한신아파트후문,BIS inventory,True,True,56,55,128.9386138022858,37.773558747641985,45,2799,57,25,0.00852,1.049211
2025,42092076,300-1,강릉-동해상사,True,4200265,혜성연립,BIS inventory,True,True,50,49,128.91575952067353,37.76841531999017,2404,5904,41,12,0.455176,2.213126
2025,42092076,300-1,강릉-동해상사,True,4200267,삼우은성아파트,BIS inventory,True,True,51,50,128.91973659122027,37.77025900516923,2938,4766,39,17,0.556285,1.786544
2025,42092076,300-1,강릉-동해상사,True,4200269,이마트,BIS inventory,True,True,52,51,128.92346774482266,37.772222356268564,2402,6400,42,9,0.454798,2.399052
2025,42092076,300-1,강릉-동해상사,True,4200271,송정동주민센터,BIS inventory,True,True,53,52,128.9281580126049,37.77420386430584,375,2664,55,27,0.071003,0.998606
2025,42092076,300-1,강릉-동해상사,True,4200273,송정신원아침도시,BIS inventory,True,True,54,53,128.93190852770562,37.774810233413945,429,5585,53,14,0.081227,2.093548
2025,42092076,300-1,강릉-동해상사,True,4200275,송정한신아파트입구,BIS inventory,True,True,55,54,128.93667614488956,37.77380916737768,56,3452,56,22,0.010603,1.293989
2025,42092076,300-1,강릉-동해상사,True,4200305,주문진시외버스터미널,BIS inventory,True,True,14,13,128.82509871282576,37.88458386690221,22825,3791,4,19,4.321713,1.421064
2025,42092076,300-1,강릉-동해상사,True,4200310,삼천리아파트,BIS inventory,True,True,20,19,128.8379309322555,37.8689470039461,21416,8350,6,4,4.054932,3.130014
2025,42092076,300-1,강릉-동해상사,True,4200312,구라미휴게소,BIS inventory,True,True,23,22,128.84078612253998,37.84523742281921,1065,209,50,48,0.201648,0.078344
2025,42092076,300-1,강릉-동해상사,True,4200317,강릉아산병원.강릉약국,BIS inventory,True,True,30,29,128.856152685967,37.816231407654854,27242,3768,3,20,5.158034,1.412442
2025,42092076,300-1,강릉-동해상사,True,4200473,향호리,BIS inventory,True,True,1,0,128.81023394642006,37.915207861254615,5659,72,30,54,1.071482,0.026989
2025,42092076,300-1,강릉-동해상사,True,4200519,방학골,BIS inventory,True,True,4,3,128.82351587730795,37.90381462090833,1220,23,48,57,0.230996,0.008622
2025,42092076,300-1,강릉-동해상사,True,4200619,국립수산물품질관리원,BIS inventory,True,True,11,10,128.82606517101954,37.891507384213114,7726,1140,24,37,1.46285,0.427331
2025,42092076,300-1,강릉-동해상사,True,4201043,안목,BIS inventory,True,False,,0,128.94526892930932,37.77285146151794,1,0,58,,0.000189,0.0
2025,42092076,300-1,강릉-동해상사,True,4201044,안목커피거리,BIS inventory,True,True,57,56,128.94543559396536,37.77260342997581,577,21837,52,2,0.10925,8.185642
2025,42092076,300-1,강릉-동해상사,True,4201226,영진입구,BIS inventory,True,True,19,18,128.83626865951734,37.87047570517143,3715,2342,37,30,0.703403,0.877903
2025,42092076,300-1,강릉-동해상사,True,4201227,연곡면사무소,BIS inventory,True,True,21,20,128.83749819485607,37.86001175022627,16358,7530,11,7,3.097244,2.822635
2025,42092076,300-1,강릉-동해상사,True,4201232,원마트,BIS inventory,True,True,13,12,128.8255161831108,37.88764901879385,19031,2697,9,26,3.603353,1.010976
2025,42092076,300-1,강릉-동해상사,True,~,,unavailable,False,False,,0,,,5,0,,,0.000947,0.0
2025,42092077,302-1,강릉-동해상사,True,4200004,숲사랑홍보관,BIS inventory,True,True,28,27,128.85126457297872,37.81878304910103,22,24,59,49,0.050035,0.103564
2025,42092077,302-1,강릉-동해상사,True,4200049,남강초교,BIS inventory,True,True,56,55,128.91338089940805,37.76735161096919,168,383,45,16,0.382087,1.652714
2025,42092077,302-1,강릉-동해상사,True,4200069,방골마을입구,BIS inventory,True,True,31,30,128.85540756146614,37.81366779247799,569,18,25,50,1.294094,0.077673
2025,42092077,302-1,강릉-동해상사,True,4200094,강릉여고,BIS inventory,True,True,53,52,128.90248424479844,37.75904463050879,598,458,23,10,1.360049,1.976353
2025,42092077,302-1,강릉-동해상사,True,4200115,고용센터,BIS inventory,True,True,50,49,128.8890663454416,37.75714942132559,512,418,27,12,1.164457,1.803746
2025,42092077,302-1,강릉-동해상사,True,4200117,적십자입구,BIS inventory,True,True,49,48,128.88647213220725,37.75676623567213,370,148,34,28,0.841502,0.638647
2025,42092077,302-1,강릉-동해상사,True,4200119,터미널오거리,BIS inventory,True,True,48,47,128.88381140539954,37.755579088211434,673,105,20,35,1.530624,0.453094
2025,42092077,302-1,강릉-동해상사,True,4200121,강릉시외.고속터미널,BIS inventory,True,True,47,46,128.87911620808939,37.75486594086855,4310,2079,2,3,9.802361,8.971261
2025,42092077,302-1,강릉-동해상사,True,4200124,우편집중국,BIS inventory,True,True,46,45,128.87347187490323,37.76156496879712,1201,475,9,9,2.73147,2.049711
2025,42092077,302-1,강릉-동해상사,True,4200126,솔올공연장,BIS inventory,True,True,45,44,128.87424793205705,37.763507530751156,905,329,17,19,2.058268,1.419694
2025,42092077,302-1,강릉-동해상사,True,4200128,구름다리,BIS inventory,True,True,44,43,128.87743298775584,37.764682397677966,2531,1077,4,5,5.756328,4.64745
2025,42092077,302-1,강릉-동해상사,True,4200130,현대2차아파트,BIS inventory,True,True,43,42,128.87999435131803,37.764311243841746,931,659,15,6,2.117401,2.843704
2025,42092077,302-1,강릉-동해상사,True,4200132,율곡초등학교,BIS inventory,True,True,42,41,128.88221538693716,37.765100900268116,160,172,48,25,0.363893,0.742211
2025,42092077,302-1,강릉-동해상사,True,4200135,부영2차아파트,BIS inventory,True,True,40,39,128.8825125758686,37.77002923948558,344,393,35,15,0.782369,1.695866
2025,42092077,302-1,강릉-동해상사,True,4200136,방축거리,BIS inventory,True,True,39,38,128.88380882582484,37.773889373429355,31,64,58,40,0.070504,0.276172
2025,42092077,302-1,강릉-동해상사,True,4200138,즈므.과학단지,BIS inventory,True,True,33,32,128.8604076986006,37.79746479759031,445,6,30,59,1.012077,0.025891
2025,42092077,302-1,강릉-동해상사,True,4200181,주문진해변,BIS inventory,True,True,2,1,128.81692175696733,37.90940788063508,172,17,44,52,0.391185,0.073358
2025,42092077,302-1,강릉-동해상사,True,4200184,소돌,BIS inventory,True,True,3,2,128.82175443074843,37.905415537268986,484,10,28,56,1.100776,0.043152
2025,42092077,302-1,강릉-동해상사,True,4200186,보성연립,BIS inventory,True,True,4,3,128.82551362915504,37.901974724913615,66,1,52,64,0.150106,0.004315
2025,42092077,302-1,강릉-동해상사,True,4200187,양양고개,BIS inventory,True,True,5,4,128.82805578782853,37.90002854060149,275,16,40,53,0.625441,0.069043
2025,42092077,302-1,강릉-동해상사,True,4200189,주문2리,BIS inventory,True,True,6,5,128.83046007450088,37.897540604441176,182,18,42,50,0.413928,0.077673
2025,42092077,302-1,강릉-동해상사,True,4200190,수협사거리,BIS inventory,True,True,7,6,128.83119347169236,37.89590191816579,605,16,22,53,1.375969,0.069043
2025,42092077,302-1,강릉-동해상사,True,4200193,북부지구대,BIS inventory,True,True,8,7,128.82860680406648,37.894535177399845,435,32,31,47,0.989333,0.138086
2025,42092077,302-1,강릉-동해상사,True,4200194,주문진항입구,BIS inventory,True,True,9,8,128.82670250148865,37.8926318795772,906,98,16,37,2.060543,0.422888
2025,42092077,302-1,강릉-동해상사,True,4200197,작은다리,BIS inventory,True,True,11,10,128.82583778093624,37.88994679111109,1531,103,7,36,3.481999,0.444464
2025,42092077,302-1,강릉-동해상사,True,4200201,양조장,BIS inventory,True,True,14,13,128.8258300942643,37.881274388703744,1777,146,6,29,4.041484,0.630016
2025,42092077,302-1,강릉-동해상사,True,4200204,주문진중학교,BIS inventory,True,True,15,14,128.82690197641236,37.87887483229283,890,145,18,30,2.024153,0.625701
2025,42092077,302-1,강릉-동해상사,True,4200205,강원도립대,BIS inventory,True,True,16,15,128.82840415011668,37.87652579934979,1060,136,12,32,2.410789,0.586865
2025,42092077,302-1,강릉-동해상사,True,4200207,북부노인종합복지관,BIS inventory,True,True,17,16,128.83062989490628,37.8743072338123,997,271,13,22,2.267507,1.169414
2025,42092077,302-1,강릉-동해상사,True,4200213,연곡해변입구,BIS inventory,True,True,21,20,128.84130813848452,37.85462580337619,82,7,50,58,0.186495,0.030206
2025,42092077,302-1,강릉-동해상사,True,4200216,구라미,BIS inventory,True,True,23,22,128.84187680750063,37.84088026429458,44,6,54,59,0.100071,0.025891
2025,42092077,302-1,강릉-동해상사,True,4200219,청솔공원,BIS inventory,True,True,24,23,128.84744835859598,37.832296445829655,77,9,51,57,0.175123,0.038837
2025,42092077,302-1,강릉-동해상사,True,4200220,모래내행복센터,BIS inventory,True,True,25,24,128.84888855200666,37.82654759560158,323,40,37,46,0.734608,0.172607
2025,42092077,302-1,강릉-동해상사,True,4200223,사천면사무소,BIS inventory,True,True,26,25,128.84914337332015,37.8229406699122,332,89,36,38,0.755077,0.384051
2025,42092077,302-1,강릉-동해상사,True,4200224,북부노인대학,BIS inventory,True,True,27,26,128.85070066292354,37.820164105652225,37,6,56,59,0.08415,0.025891
2025,42092077,302-1,강릉-동해상사,True,4200228,학고개,BIS inventory,True,True,32,31,128.8599242703853,37.80596957371411,38,2,55,63,0.086425,0.00863
2025,42092077,302-1,강릉-동해상사,True,4200230,한밭입구,BIS inventory,True,True,34,33,128.86424835021418,37.79176559208253,66,27,52,48,0.150106,0.11651
2025,42092077,302-1,강릉-동해상사,True,4200232,행정마을,BIS inventory,True,True,35,34,128.8694510816438,37.7889272082235,631,47,21,44,1.435102,0.202813
2025,42092077,302-1,강릉-동해상사,True,4200234,법원.검찰청,BIS inventory,True,True,36,35,128.87342400102995,37.78526073982707,529,50,26,42,1.20312,0.215759
2025,42092077,302-1,강릉-동해상사,True,4200236,선교장입구,BIS inventory,True,True,37,36,128.87978791945434,37.782182641690056,291,62,39,41,0.66183,0.267541
2025,42092077,302-1,강릉-동해상사,True,4200238,오죽헌,BIS inventory,True,True,38,37,128.8827262588498,37.779841129260745,476,139,29,31,1.082581,0.59981
2025,42092077,302-1,강릉-동해상사,True,4200249,용강동서부시장,BIS inventory,True,True,51,50,128.89167287030088,37.75492247590215,594,1531,24,4,1.350952,6.606542
2025,42092077,302-1,강릉-동해상사,True,4200252,신영극장,BIS inventory,True,True,52,51,128.8961287589657,37.75448236011555,4472,6413,1,1,10.170802,27.673255
2025,42092077,302-1,강릉-동해상사,True,4200258,용지각,BIS inventory,True,True,54,53,128.90534669055177,37.76147384168322,380,440,33,11,0.864245,1.89868
2025,42092077,302-1,강릉-동해상사,True,4200260,동남아파트,BIS inventory,True,True,55,54,128.9088062489658,37.764638779656714,244,538,41,8,0.554936,2.321567
2025,42092077,302-1,강릉-동해상사,True,4200263,송정한신아파트후문,BIS inventory,True,True,63,62,128.9386138022858,37.773558747641985,9,156,64,27,0.020469,0.673168
2025,42092077,302-1,강릉-동해상사,True,4200265,혜성연립,BIS inventory,True,True,57,56,128.91575952067353,37.76841531999017,146,405,49,14,0.332052,1.747648
2025,42092077,302-1,강릉-동해상사,True,4200267,삼우은성아파트,BIS inventory,True,True,58,57,128.91973659122027,37.77025900516923,175,409,43,13,0.398008,1.764909
2025,42092077,302-1,강릉-동해상사,True,4200269,이마트,BIS inventory,True,True,59,58,128.92346774482266,37.772222356268564,161,540,47,7,0.366167,2.330198
2025,42092077,302-1,강릉-동해상사,True,4200271,송정동주민센터,BIS inventory,True,True,60,59,128.9281580126049,37.77420386430584,21,170,60,26,0.047761,0.733581
2025,42092077,302-1,강릉-동해상사,True,4200273,송정신원아침도시,BIS inventory,True,True,61,60,128.93190852770562,37.774810233413945,36,306,57,20,0.081876,1.320445
2025,42092077,302-1,강릉-동해상사,True,4200275,송정한신아파트입구,BIS inventory,True,True,62,61,128.93667614488956,37.77380916737768,13,175,62,24,0.029566,0.755157
2025,42092077,302-1,강릉-동해상사,True,4200292,주공1차아파트,BIS inventory,True,True,41,40,128.88256780330317,37.766843575404636,755,187,19,23,1.717119,0.806939
2025,42092077,302-1,강릉-동해상사,True,4200305,주문진시외버스터미널,BIS inventory,True,True,13,12,128.82509871282576,37.88458386690221,1455,126,8,33,3.30915,0.543713
2025,42092077,302-1,강릉-동해상사,True,4200310,삼천리아파트,BIS inventory,True,True,19,18,128.8379309322555,37.8689470039461,1120,379,11,17,2.547249,1.635454
2025,42092077,302-1,강릉-동해상사,True,4200312,구라미휴게소,BIS inventory,True,True,22,21,128.84078612253998,37.84523742281921,11,6,63,59,0.025018,0.025891
2025,42092077,302-1,강릉-동해상사,True,4200317,강릉아산병원.강릉약국,BIS inventory,True,True,30,29,128.856152685967,37.816231407654854,2213,49,5,43,5.033091,0.211444
2025,42092077,302-1,강릉-동해상사,True,4200473,향호리,BIS inventory,True,True,1,0,128.81023394642006,37.915207861254615,304,16,38,53,0.691396,0.069043
2025,42092077,302-1,강릉-동해상사,True,4200619,국립수산물품질관리원,BIS inventory,True,True,10,9,128.82606517101954,37.891507384213114,405,41,32,45,0.921104,0.176922
2025,42092077,302-1,강릉-동해상사,True,4201044,안목커피거리,BIS inventory,True,True,64,63,128.94543559396536,37.77260342997581,16,2166,61,2,0.036389,9.346682
2025,42092077,302-1,강릉-동해상사,True,4201226,영진입구,BIS inventory,True,True,18,17,128.83626865951734,37.87047570517143,165,83,46,39,0.375264,0.35816
2025,42092077,302-1,강릉-동해상사,True,4201227,연곡면사무소,BIS inventory,True,True,20,19,128.83749819485607,37.86001175022627,1136,349,10,18,2.583638,1.505998
2025,42092077,302-1,강릉-동해상사,True,4201232,원마트,BIS inventory,True,True,12,11,128.8255161831108,37.88764901879385,984,114,14,34,2.23794,0.491931
2025,42092077,302-1,강릉-동해상사,True,4201237,강릉아산병원(강릉방면),BIS inventory,True,True,29,28,128.8575951802683,37.81786664293397,3078,274,3,21,7.000387,1.18236
2025,42092092,314,강릉-동해상사,True,4200002,소돌해변입구,BIS inventory,True,True,61,60,128.81905535960837,37.90780434670355,4,102,62,53,0.003878,0.177277
2025,42092092,314,강릉-동해상사,True,4200114,고용센터,BIS inventory,True,True,20,19,128.88893105798073,37.75744085258255,686,444,34,30,0.665006,0.771677
2025,42092092,314,강릉-동해상사,True,4200116,적십자입구,BIS inventory,True,True,21,20,128.88726321660565,37.757196360936135,737,361,31,36,0.714445,0.627422
2025,42092092,314,강릉-동해상사,True,4200118,터미널오거리,BIS inventory,True,True,22,21,128.8840640923818,37.75608209292866,1184,942,25,16,1.147765,1.637207
2025,42092092,314,강릉-동해상사,True,4200120,강릉시외.고속터미널,BIS inventory,True,True,23,22,128.8792265208128,37.75505492071011,7872,5935,3,2,7.631087,10.315102
2025,42092092,314,강릉-동해상사,True,4200182,주문진해변,BIS inventory,True,True,62,61,128.81704671925502,37.90944057885068,7,681,61,23,0.006786,1.183586
2025,42092092,314,강릉-동해상사,True,4200185,소돌,BIS inventory,True,True,60,59,128.8213252547112,37.90592204016269,85,491,49,28,0.082399,0.853364
2025,42092092,314,강릉-동해상사,True,4200188,양양고개,BIS inventory,True,True,57,56,128.82822436017406,37.899998054568016,14,552,59,26,0.013572,0.959383
2025,42092092,314,강릉-동해상사,True,4200192,북부지구대,BIS inventory,True,True,54,53,128.829270567591,37.89460960314925,220,796,43,20,0.213267,1.383458
2025,42092092,314,강릉-동해상사,True,4200195,주문진항입구,BIS inventory,True,True,53,52,128.82690557497094,37.892668432750234,597,1494,37,11,0.57873,2.59659
2025,42092092,314,강릉-동해상사,True,4200196,작은다리,BIS inventory,True,True,52,51,128.8261349428677,37.89101262248175,1025,2786,27,4,0.993631,4.842102
2025,42092092,314,강릉-동해상사,True,4200198,원마트,BIS inventory,True,True,51,50,128.82575730347685,37.88826959645488,724,1884,32,7,0.701843,3.274415
2025,42092092,314,강릉-동해상사,True,4200200,주문진시외버스터미널,BIS inventory,True,True,50,49,128.8253113527999,37.88508198031381,890,1616,30,10,0.862763,2.808627
2025,42092092,314,강릉-동해상사,True,4200202,주문진식자재마트,BIS inventory,True,True,49,48,128.82596782269363,37.881485546216574,1406,459,21,29,1.362971,0.797748
2025,42092092,314,강릉-동해상사,True,4200206,강원도립대,BIS inventory,True,True,47,46,128.8283096996467,37.87693859362977,1181,926,26,17,1.144857,1.609399
2025,42092092,314,강릉-동해상사,True,4200208,북부노인종합복지관,BIS inventory,True,True,46,45,128.83042321750824,37.874681277863154,1756,793,18,21,1.70226,1.378244
2025,42092092,314,강릉-동해상사,True,4200209,영진입구,BIS inventory,True,True,45,44,128.83637261045655,37.87054167536418,675,366,35,35,0.654342,0.636112
2025,42092092,314,강릉-동해상사,True,4200211,삼천리아파트,BIS inventory,True,True,44,43,128.8383288212433,37.86906384505761,2949,952,9,15,2.858749,1.654587
2025,42092092,314,강릉-동해상사,True,4200212,연곡면사무소,BIS inventory,True,True,43,42,128.83761397394952,37.85995465828368,1832,1241,17,13,1.775934,2.156873
2025,42092092,314,강릉-동해상사,True,4200214,연곡해변입구,BIS inventory,True,True,42,41,128.84162112920617,37.854539181009365,75,133,52,49,0.072705,0.231156
2025,42092092,314,강릉-동해상사,True,4200215,구라미휴게소,BIS inventory,True,True,41,40,128.8412803433516,37.845869087009575,90,65,48,56,0.087246,0.112971
2025,42092092,314,강릉-동해상사,True,4200217,구라미,BIS inventory,True,True,40,39,128.8421871924033,37.84071328241807,148,89,46,54,0.143471,0.154683
2025,42092092,314,강릉-동해상사,True,4200221,모래내행복센터,BIS inventory,True,True,37,36,128.84881781800846,37.82675602435266,332,199,41,46,0.32184,0.345864
2025,42092092,314,강릉-동해상사,True,4200222,사천면사무소,BIS inventory,True,True,36,35,128.84928192865996,37.82385848393331,463,720,39,22,0.44883,1.251369
2025,42092092,314,강릉-동해상사,True,4200225,북부노인대학,BIS inventory,True,True,35,34,128.85083641112433,37.82016343083045,134,131,47,50,0.129899,0.22768
2025,42092092,314,강릉-동해상사,True,4200226,방골마을입구,BIS inventory,True,True,33,32,128.8558844116181,37.81329996910386,163,175,44,47,0.158012,0.304152
2025,42092092,314,강릉-동해상사,True,4200227,학고개,BIS inventory,True,True,32,31,128.86104076560957,37.80452897124611,79,83,51,55,0.076582,0.144255
2025,42092092,314,강릉-동해상사,True,4200229,즈므.과학단지,BIS inventory,True,True,31,30,128.86079294239343,37.79710821329875,41,148,53,48,0.039745,0.257226
2025,42092092,314,강릉-동해상사,True,4200231,한밭입구,BIS inventory,True,True,30,29,128.86496052027113,37.791610745411326,20,55,56,57,0.019388,0.095591
2025,42092092,314,강릉-동해상사,True,4200233,행정마을,BIS inventory,True,True,29,28,128.8703519994515,37.78859256038236,80,303,50,40,0.077552,0.526618
2025,42092092,314,강릉-동해상사,True,4200235,법원.검찰청,BIS inventory,True,True,28,27,128.8739503928752,37.785042447818554,252,411,42,32,0.244288,0.714323
2025,42092092,314,강릉-동해상사,True,4200250,용강동서부시장,BIS inventory,True,True,19,18,128.89174828581776,37.7556582744871,2606,827,12,19,2.526246,1.437336
2025,42092092,314,강릉-동해상사,True,4200251,한국은행,BIS inventory,True,True,18,17,128.89406630781096,37.753485602290496,5069,2224,5,5,4.913869,3.865339
2025,42092092,314,강릉-동해상사,True,4200253,교보생명,BIS inventory,True,True,17,16,128.89811415297848,37.756002485379526,14107,11942,1,1,13.675272,20.75534
2025,42092092,314,강릉-동해상사,True,4200257,옥천119안전센터,BIS inventory,True,True,13,12,128.90305174420297,37.761041080134646,627,671,36,24,0.607811,1.166206
2025,42092092,314,강릉-동해상사,True,4200259,용지각,BIS inventory,True,True,12,11,128.90537716328666,37.76184119439877,1566,368,19,34,1.518074,0.639588
2025,42092092,314,강릉-동해상사,True,4200261,북강릉IC,BIS inventory,True,True,39,38,128.84425534198513,37.83689529134246,17,25,57,61,0.01648,0.04345
2025,42092092,314,강릉-동해상사,True,4200262,로얄아파트.포남1동주민센터,BIS inventory,True,True,10,9,128.90933288179943,37.76545703763149,1869,335,16,37,1.811801,0.582234
2025,42092092,314,강릉-동해상사,True,4200264,구)동해상사,BIS inventory,True,True,9,8,128.91165113985977,37.76683747950902,2931,237,10,45,2.8413,0.411909
2025,42092092,314,강릉-동해상사,True,4200266,혜성연립,BIS inventory,True,True,8,7,128.9154402649905,37.76852760326643,3865,391,7,33,3.746716,0.679563
2025,42092092,314,강릉-동해상사,True,4200268,삼우은성아파트,BIS inventory,True,True,7,6,128.91881978171756,37.77007704319862,3420,256,8,44,3.315335,0.444931
2025,42092092,314,강릉-동해상사,True,4200270,이마트,BIS inventory,True,True,6,5,128.92290403192536,37.77218493598484,2777,294,11,41,2.692013,0.510976
2025,42092092,314,강릉-동해상사,True,4200272,송정동주민센터,BIS inventory,True,True,5,4,128.92775106138072,37.77430053196711,1335,125,23,51,1.294144,0.217252
2025,42092092,314,강릉-동해상사,True,4200274,송정노인회관,BIS inventory,True,True,4,3,128.93141909498914,37.77512821569013,4053,49,6,58,3.928963,0.085163
2025,42092092,314,강릉-동해상사,True,4200276,송정한신아파트입구,BIS inventory,True,True,3,2,128.93668274097607,37.7740287226972,1962,8,15,63,1.901955,0.013904
2025,42092092,314,강릉-동해상사,True,4200291,강릉소방서,BIS inventory,True,True,24,23,128.87109869210374,37.758191496775595,2151,1906,14,6,2.085171,3.312651
2025,42092092,314,강릉-동해상사,True,4200298,보성연립,BIS inventory,True,True,58,57,128.82558444232305,37.90204313561504,1,124,63,52,0.000969,0.215513
2025,42092092,314,강릉-동해상사,True,4200299,주문2리,BIS inventory,True,True,56,55,128.83067123183636,37.89750003400375,24,333,55,38,0.023266,0.578758
2025,42092092,314,강릉-동해상사,True,4200300,수협사거리,BIS inventory,True,True,55,54,128.8314095884837,37.895774457125356,161,536,45,27,0.156073,0.931574
2025,42092092,314,강릉-동해상사,True,4200308,주문진중.고등학교.강릉정보고,BIS inventory,True,True,48,47,128.82672327638434,37.87982425913257,1309,590,24,25,1.26894,1.025427
2025,42092092,314,강릉-동해상사,True,4200314,청솔공원,BIS inventory,True,True,38,37,128.84780404863866,37.83218520189828,37,38,54,59,0.035868,0.066044
2025,42092092,314,강릉-동해상사,True,4200315,구터미널,BIS inventory,True,True,15,14,128.8988430353628,37.76163002626936,703,286,33,43,0.681486,0.497071
2025,42092092,314,강릉-동해상사,True,4200318,포남시장,BIS inventory,True,True,11,10,128.90766061502285,37.76392281820552,1009,308,29,39,0.978121,0.535308
2025,42092092,314,강릉-동해상사,True,4200365,삼성디지털센터,BIS inventory,True,True,16,15,128.8966989039856,37.75811194350719,417,962,40,14,0.404238,1.671968
2025,42092092,314,강릉-동해상사,True,4200401,강릉복합복지체육센터,BIS inventory,True,True,26,25,128.87017698555522,37.76290354322161,551,1335,38,12,0.534137,2.320246
2025,42092092,314,강릉-동해상사,True,4200418,강릉아산병원.강릉약국,BIS inventory,True,True,34,33,128.8564121349402,37.81631278949057,1357,1732,22,9,1.315471,3.010237
2025,42092092,314,강릉-동해상사,True,4200473,향호리,BIS inventory,True,True,63,62,128.81023394642006,37.915207861254615,9,428,60,31,0.008725,0.743869
2025,42092092,314,강릉-동해상사,True,4200521,방학골,BIS inventory,True,True,59,58,128.82291244813646,37.90463362511824,17,288,57,42,0.01648,0.500547
2025,42092092,314,강릉-동해상사,True,4200721,강릉역,BIS inventory,True,True,14,13,128.8992580056024,37.76416330670135,10856,2866,2,3,10.523765,4.981143
2025,42092092,314,강릉-동해상사,True,4201041,강원대학교입구,BIS inventory,True,True,27,26,128.87514521071003,37.77009542292022,2416,1763,13,8,2.342061,3.064115
2025,42092092,314,강릉-동해상사,True,4201043,안목,BIS inventory,True,True,1,0,128.94526892930932,37.77285146151794,7761,34,4,60,7.523484,0.059092
2025,42092092,314,강릉-동해상사,True,4201249,선수촌8단지,BIS inventory,True,True,25,24,128.87029355520082,37.76060110592661,1023,914,28,18,0.991692,1.588543
2025,42092092,314,강릉-동해상사,True,4201386,송정한신아파트후문,BIS inventory,True,True,2,1,128.93962441064605,37.773612640324636,1429,9,20,62,1.385267,0.015642
2025,42092092,314,강릉-동해상사,True,~,,unavailable,False,False,,0,,,1,0,,,0.000969,0.0
2025,42092094,314-1,강릉-동해상사,True,4200004,숲사랑홍보관,BIS inventory,True,True,29,28,128.85126457297872,37.81878304910103,44,29,59,50,0.044805,0.05396
2025,42092094,314-1,강릉-동해상사,True,4200049,남강초교,BIS inventory,True,True,53,52,128.91338089940805,37.76735161096919,416,1104,43,9,0.423612,2.054183
2025,42092094,314-1,강릉-동해상사,True,4200069,방골마을입구,BIS inventory,True,True,31,30,128.85540756146614,37.81366779247799,533,30,39,48,0.542753,0.05582
2025,42092094,314-1,강릉-동해상사,True,4200094,강릉여고,BIS inventory,True,True,47,46,128.90248424479844,37.75904463050879,1193,999,27,12,1.214831,1.858812
2025,42092094,314-1,강릉-동해상사,True,4200115,고용센터,BIS inventory,True,True,44,43,128.8890663454416,37.75714942132559,1139,736,28,18,1.159842,1.369455
2025,42092094,314-1,강릉-동해상사,True,4200117,적십자입구,BIS inventory,True,True,43,42,128.88647213220725,37.75676623567213,744,229,32,37,0.757614,0.426094
2025,42092094,314-1,강릉-동해상사,True,4200119,터미널오거리,BIS inventory,True,True,42,41,128.88381140539954,37.755579088211434,1349,390,24,29,1.373685,0.725662
2025,42092094,314-1,강릉-동해상사,True,4200121,강릉시외.고속터미널,BIS inventory,True,True,41,40,128.87911620808939,37.75486594086855,8873,4585,2,4,9.035366,8.531185
2025,42092094,314-1,강릉-동해상사,True,4200138,즈므.과학단지,BIS inventory,True,True,33,32,128.8604076986006,37.79746479759031,1252,24,26,52,1.27491,0.044656
2025,42092094,314-1,강릉-동해상사,True,4200181,주문진해변,BIS inventory,True,True,2,1,128.81692175696733,37.90940788063508,805,30,31,48,0.819731,0.05582
2025,42092094,314-1,강릉-동해상사,True,4200184,소돌,BIS inventory,True,True,3,2,128.82175443074843,37.905415537268986,1646,14,18,56,1.67612,0.026049
2025,42092094,314-1,강릉-동해상사,True,4200186,보성연립,BIS inventory,True,True,5,4,128.82551362915504,37.901974724913615,152,2,50,61,0.154781,0.003721
2025,42092094,314-1,강릉-동해상사,True,4200187,양양고개,BIS inventory,True,True,6,5,128.82805578782853,37.90002854060149,710,29,36,50,0.722992,0.05396
2025,42092094,314-1,강릉-동해상사,True,4200189,주문2리,BIS inventory,True,True,7,6,128.83046007450088,37.897540604441176,484,15,41,55,0.492857,0.02791
2025,42092094,314-1,강릉-동해상사,True,4200190,수협사거리,BIS inventory,True,True,8,7,128.83119347169236,37.89590191816579,1310,70,25,43,1.333971,0.130247
2025,42092094,314-1,강릉-동해상사,True,4200193,북부지구대,BIS inventory,True,True,9,8,128.82860680406648,37.894535177399845,1423,168,22,38,1.449039,0.312593
2025,42092094,314-1,강릉-동해상사,True,4200194,주문진항입구,BIS inventory,True,True,10,9,128.82670250148865,37.8926318795772,3028,312,10,35,3.083409,0.58053
2025,42092094,314-1,강릉-동해상사,True,4200197,작은다리,BIS inventory,True,True,12,11,128.82583778093624,37.88994679111109,4189,322,6,34,4.265654,0.599137
2025,42092094,314-1,강릉-동해상사,True,4200201,양조장,BIS inventory,True,True,15,14,128.8258300942643,37.881274388703744,2574,441,11,26,2.621101,0.820557
2025,42092094,314-1,강릉-동해상사,True,4200204,주문진중학교,BIS inventory,True,True,16,15,128.82690197641236,37.87887483229283,1923,431,16,28,1.958189,0.80195
2025,42092094,314-1,강릉-동해상사,True,4200205,강원도립대,BIS inventory,True,True,17,16,128.82840415011668,37.87652579934979,2192,446,14,25,2.232111,0.82986
2025,42092094,314-1,강릉-동해상사,True,4200207,북부노인종합복지관,BIS inventory,True,True,18,17,128.83062989490628,37.8743072338123,1910,696,17,19,1.944951,1.295028
2025,42092094,314-1,강릉-동해상사,True,4200213,연곡해변입구,BIS inventory,True,True,22,21,128.84130813848452,37.85462580337619,162,45,48,45,0.164964,0.08373
2025,42092094,314-1,강릉-동해상사,True,4200216,구라미,BIS inventory,True,True,24,23,128.84187680750063,37.84088026429458,87,16,54,54,0.088592,0.029771
2025,42092094,314-1,강릉-동해상사,True,4200219,청솔공원,BIS inventory,True,True,25,24,128.84744835859598,37.832296445829655,146,32,51,47,0.148672,0.059542
2025,42092094,314-1,강릉-동해상사,True,4200220,모래내행복센터,BIS inventory,True,True,26,25,128.84888855200666,37.82654759560158,729,113,34,41,0.74234,0.210256
2025,42092094,314-1,강릉-동해상사,True,4200223,사천면사무소,BIS inventory,True,True,27,26,128.84914337332015,37.8229406699122,972,154,29,39,0.989786,0.286544
2025,42092094,314-1,강릉-동해상사,True,4200224,북부노인대학,BIS inventory,True,True,28,27,128.85070066292354,37.820164105652225,62,4,58,59,0.063135,0.007443
2025,42092094,314-1,강릉-동해상사,True,4200228,학고개,BIS inventory,True,True,32,31,128.8599242703853,37.80596957371411,487,7,40,58,0.495912,0.013025
2025,42092094,314-1,강릉-동해상사,True,4200230,한밭입구,BIS inventory,True,True,34,33,128.86424835021418,37.79176559208253,202,44,47,46,0.205696,0.08187
2025,42092094,314-1,강릉-동해상사,True,4200232,행정마을,BIS inventory,True,True,35,34,128.8694510816438,37.7889272082235,1570,79,19,42,1.598729,0.146993
2025,42092094,314-1,강릉-동해상사,True,4200234,법원.검찰청,BIS inventory,True,True,36,35,128.87342400102995,37.78526073982707,1484,483,20,23,1.511155,0.898705
2025,42092094,314-1,강릉-동해상사,True,4200249,용강동서부시장,BIS inventory,True,True,45,44,128.89167287030088,37.75492247590215,1371,2924,23,5,1.396088,5.440607
2025,42092094,314-1,강릉-동해상사,True,4200252,신영극장,BIS inventory,True,True,46,45,128.8961287589657,37.75448236011555,13202,11636,1,1,13.443581,21.650789
2025,42092094,314-1,강릉-동해상사,True,4200256,옥천119안전센터,BIS inventory,True,True,50,49,128.9022376115818,37.76136928474395,221,67,46,44,0.225044,0.124665
2025,42092094,314-1,강릉-동해상사,True,4200257,옥천119안전센터,BIS inventory,True,True,48,47,128.90305174420297,37.761041080134646,90,1046,53,11,0.091647,1.946264
2025,42092094,314-1,강릉-동해상사,True,4200258,용지각,BIS inventory,True,True,51,50,128.90534669055177,37.76147384168322,694,498,37,22,0.706699,0.926615
2025,42092094,314-1,강릉-동해상사,True,4200260,동남아파트,BIS inventory,True,True,52,51,128.9088062489658,37.764638779656714,720,978,35,13,0.733175,1.819738
2025,42092094,314-1,강릉-동해상사,True,4200263,송정한신아파트후문,BIS inventory,True,True,60,59,128.9386138022858,37.773558747641985,13,433,61,27,0.013238,0.805671
2025,42092094,314-1,강릉-동해상사,True,4200265,혜성연립,BIS inventory,True,True,54,53,128.91575952067353,37.76841531999017,306,1080,45,10,0.311599,2.009527
2025,42092094,314-1,강릉-동해상사,True,4200267,삼우은성아파트,BIS inventory,True,True,55,54,128.91973659122027,37.77025900516923,428,908,42,16,0.435832,1.689491
2025,42092094,314-1,강릉-동해상사,True,4200269,이마트,BIS inventory,True,True,56,55,128.92346774482266,37.772222356268564,348,1374,44,7,0.354368,2.556564
2025,42092094,314-1,강릉-동해상사,True,4200271,송정동주민센터,BIS inventory,True,True,57,56,128.9281580126049,37.77420386430584,68,366,57,32,0.069244,0.681006
2025,42092094,314-1,강릉-동해상사,True,4200273,송정신원아침도시,BIS inventory,True,True,58,57,128.93190852770562,37.774810233413945,69,900,56,17,0.070263,1.674606
2025,42092094,314-1,강릉-동해상사,True,4200275,송정한신아파트입구,BIS inventory,True,True,59,58,128.93667614488956,37.77380916737768,23,458,60,24,0.023421,0.852188
2025,42092094,314-1,강릉-동해상사,True,4200293,강릉역건너편,BIS inventory,True,True,49,48,128.8990669694857,37.76400772021464,4433,6190,5,2,4.514119,11.517565
2025,42092094,314-1,강릉-동해상사,True,4200305,주문진시외버스터미널,BIS inventory,True,True,14,13,128.82509871282576,37.88458386690221,3127,572,8,20,3.18422,1.064305
2025,42092094,314-1,강릉-동해상사,True,4200310,삼천리아파트,BIS inventory,True,True,20,19,128.8379309322555,37.8689470039461,2209,978,13,13,2.249422,1.819738
2025,42092094,314-1,강릉-동해상사,True,4200312,구라미휴게소,BIS inventory,True,True,23,22,128.84078612253998,37.84523742281921,80,22,55,53,0.081464,0.040935
2025,42092094,314-1,강릉-동해상사,True,4200317,강릉아산병원.강릉약국,BIS inventory,True,True,30,29,128.856152685967,37.816231407654854,7410,368,3,30,7.545594,0.684728
2025,42092094,314-1,강릉-동해상사,True,4200400,강릉복합복지체육센터,BIS inventory,True,True,38,37,128.87000704257403,37.762859214055275,1461,556,21,21,1.487735,1.034534
2025,42092094,314-1,강릉-동해상사,True,4200473,향호리,BIS inventory,True,True,1,0,128.81023394642006,37.915207861254615,744,13,32,57,0.757614,0.024189
2025,42092094,314-1,강릉-동해상사,True,4200519,방학골,BIS inventory,True,True,4,3,128.82351587730795,37.90381462090833,161,4,49,59,0.163946,0.007443
2025,42092094,314-1,강릉-동해상사,True,4200548,강릉소방서,BIS inventory,True,True,40,39,128.87119323619314,37.7580009949989,4776,1742,4,6,4.863395,3.241292
2025,42092094,314-1,강릉-동해상사,True,4200619,국립수산물품질관리원,BIS inventory,True,True,11,10,128.82606517101954,37.891507384213114,965,145,30,40,0.982658,0.269798
2025,42092094,314-1,강릉-동해상사,True,4201042,강원대학교입구,BIS inventory,True,True,37,36,128.87494102107277,37.7696221436885,3065,1285,9,8,3.121086,2.390965
2025,42092094,314-1,강릉-동해상사,True,4201044,안목커피거리,BIS inventory,True,True,61,60,128.94543559396536,37.77260342997581,95,5273,52,3,0.096738,9.811328
2025,42092094,314-1,강릉-동해상사,True,4201226,영진입구,BIS inventory,True,True,19,18,128.83626865951734,37.87047570517143,600,230,38,36,0.610979,0.427955
2025,42092094,314-1,강릉-동해상사,True,4201227,연곡면사무소,BIS inventory,True,True,21,20,128.83749819485607,37.86001175022627,2056,910,15,15,2.093622,1.693212
2025,42092094,314-1,강릉-동해상사,True,4201232,원마트,BIS inventory,True,True,13,12,128.8255161831108,37.88764901879385,2273,368,12,30,2.314593,0.684728
2025,42092094,314-1,강릉-동해상사,True,4201250,선수촌8단지,BIS inventory,True,True,39,38,128.87011109214671,37.76078977894948,3405,341,7,33,3.467308,0.634489
2025,42092096,202-2,강릉-동해상사,True,4200006,강릉아이스아레나,BIS inventory,True,True,33,32,128.89519306784848,37.78029319605429,6,91,30,11,0.076972,1.88172
2025,42092096,202-2,강릉-동해상사,True,4200042,롯데캐슬아파트,BIS inventory,True,True,12,0 | 11,128.89120929799194,37.766948306391974,69,101,16,10,0.885183,2.088503
2025,42092096,202-2,강릉-동해상사,True,4200070,경포현대아파트,BIS inventory,True,True,2,1,128.90338270723402,37.80169652808461,731,4,4,33,9.377806,0.082713
2025,42092096,202-2,강릉-동해상사,True,4200072,경포대.참소리박물관,BIS inventory,True,True,3,0 | 2,128.89706080745114,37.7955214111198,239,4,9,33,3.066068,0.082713
2025,42092096,202-2,강릉-동해상사,True,4200074,해운정,BIS inventory,True,True,5,4,128.8896478172347,37.78577024652339,29,0,22,,0.372033,0.0
2025,42092096,202-2,강릉-동해상사,True,4200075,선교장,BIS inventory,True,True,6,5,128.8853532167783,37.785455385598155,36,4,21,33,0.461835,0.082713
2025,42092096,202-2,강릉-동해상사,True,4200077,경포동주민센터,BIS inventory,True,True,7,6,128.88052383810168,37.78412865726848,11,66,29,17,0.141116,1.364764
2025,42092096,202-2,강릉-동해상사,True,4200094,강릉여고,BIS inventory,True,True,25,24,128.90248424479844,37.75904463050879,133,63,14,18,1.706222,1.30273
2025,42092096,202-2,강릉-동해상사,True,4200098,허난설헌삼거리,BIS inventory,True,True,37,0 | 36,128.9131333359753,37.79177727582709,212,146,11,6,2.719692,3.019024
2025,42092096,202-2,강릉-동해상사,True,4200114,고용센터,BIS inventory,True,True,15,14,128.88893105798073,37.75744085258255,6,36,30,20,0.076972,0.744417
2025,42092096,202-2,강릉-동해상사,True,4200115,고용센터,BIS inventory,True,True,22,21,128.8890663454416,37.75714942132559,154,15,13,29,1.975625,0.310174
2025,42092096,202-2,강릉-동해상사,True,4200116,적십자입구,BIS inventory,True,True,16,15,128.88726321660565,37.757196360936135,0,3,,37,0.0,0.062035
2025,42092096,202-2,강릉-동해상사,True,4200117,적십자입구,BIS inventory,True,True,21,20,128.88647213220725,37.75676623567213,241,5,8,32,3.091725,0.103391
2025,42092096,202-2,강릉-동해상사,True,4200118,터미널오거리,BIS inventory,True,True,17,16,128.8840640923818,37.75608209292866,3,16,36,27,0.038486,0.330852
2025,42092096,202-2,강릉-동해상사,True,4200119,터미널오거리,BIS inventory,True,True,20,19,128.88381140539954,37.755579088211434,242,4,7,33,3.104554,0.082713
2025,42092096,202-2,강릉-동해상사,True,4200121,강릉시외.고속터미널,BIS inventory,True,True,19,0 | 18,128.87911620808939,37.75486594086855,524,87,5,13,6.722258,1.799007
2025,42092096,202-2,강릉-동해상사,True,4200236,선교장입구,BIS inventory,True,True,8,7,128.87978791945434,37.782182641690056,22,42,25,19,0.282232,0.868486
2025,42092096,202-2,강릉-동해상사,True,4200238,오죽헌,BIS inventory,True,True,9,8,128.8827262588498,37.779841129260745,76,24,15,24,0.974984,0.496278
2025,42092096,202-2,강릉-동해상사,True,4200240,젤마을,BIS inventory,True,True,10,9,128.887733025105,37.775438249928285,22,25,25,23,0.282232,0.516956
2025,42092096,202-2,강릉-동해상사,True,4200242,율곡중학교,BIS inventory,True,True,11,10,128.89021344037266,37.771874448370795,16,67,27,16,0.20526,1.385443
2025,42092096,202-2,강릉-동해상사,True,4200245,이명사거리,BIS inventory,True,True,13,12,128.89157918705828,37.764565078717,57,75,17,14,0.731238,1.550868
2025,42092096,202-2,강릉-동해상사,True,4200247,강릉제일고,BIS inventory,True,True,14,13,128.8918779735197,37.759537356247826,28,16,23,27,0.359205,0.330852
2025,42092096,202-2,강릉-동해상사,True,4200249,용강동서부시장,BIS inventory,True,True,23,0 | 22,128.89167287030088,37.75492247590215,782,73,3,15,10.032072,1.509512
2025,42092096,202-2,강릉-동해상사,True,4200252,신영극장,BIS inventory,True,True,24,0 | 23,128.8961287589657,37.75448236011555,1630,522,1,2,20.91084,10.794045
2025,42092096,202-2,강릉-동해상사,True,4200257,옥천119안전센터,BIS inventory,True,True,26,0 | 25,128.90305174420297,37.761041080134646,445,20,6,25,5.708788,0.413565
2025,42092096,202-2,강릉-동해상사,True,4200430,강릉국민체육센터,BIS inventory,True,True,32,31,128.89711747432256,37.77640154864734,4,356,34,4,0.051315,7.361456
2025,42092096,202-2,강릉-동해상사,True,4200433,종합경기장,BIS inventory,True,True,31,0 | 30,128.89677683645317,37.77125900731557,53,494,18,3,0.679923,10.215054
2025,42092096,202-2,강릉-동해상사,True,4200547,e-편한세상아파트,BIS inventory,True,True,30,29,128.895218937497,37.769600465674785,15,104,28,9,0.192431,2.150538
2025,42092096,202-2,강릉-동해상사,True,4200569,교2동주민센터,BIS inventory,True,True,29,0 | 28,128.8921038226677,37.76840335678918,223,30,10,21,2.860808,0.620347
2025,42092096,202-2,강릉-동해상사,True,4200721,강릉역,BIS inventory,True,True,27,0 | 26,128.8992580056024,37.76416330670135,1447,141,2,7,18.563182,2.915633
2025,42092096,202-2,강릉-동해상사,True,4200750,강릉시청앞,BIS inventory,True,True,18,17,128.88013307678156,37.753651204654936,3,8,36,31,0.038486,0.165426
2025,42092096,202-2,강릉-동해상사,True,4201240,순두부마을,BIS inventory,True,True,4,3,128.89327386744634,37.786738816066666,6,2,30,38,0.076972,0.041356
2025,42092096,202-2,강릉-동해상사,True,4201242,경포해변,BIS inventory,True,True,1,0 | 39,128.9052529004403,37.80440358093674,197,1678,12,1,2.527261,34.698098
2025,42092096,202-2,강릉-동해상사,True,4201254,모안이서낭당,BIS inventory,True,True,34,33,128.90286872766467,37.783490145093076,53,20,18,25,0.679923,0.413565
2025,42092096,202-2,강릉-동해상사,True,4201256,강릉녹색도시체험센터,BIS inventory,True,True,35,34,128.90742209068117,37.786856581754364,2,28,38,22,0.025657,0.578991
2025,42092096,202-2,강릉-동해상사,True,4201259,허균.허난설헌기념공원,BIS inventory,True,True,36,35,128.90952498226952,37.789422425132265,4,90,34,12,0.051315,1.861042
2025,42092096,202-2,강릉-동해상사,True,4201261,강문해변입구,BIS inventory,True,True,38,0 | 37,128.9152492720649,37.794762154181576,44,259,20,5,0.564464,5.355666
2025,42092096,202-2,강릉-동해상사,True,4201267,경포호,BIS inventory,True,True,39,38,128.91154424859525,37.79966287216199,5,107,33,8,0.064144,2.212572
2025,42092096,202-2,강릉-동해상사,True,4201375,가작다리입구,BIS inventory,True,True,28,27,128.8943546413669,37.766101443660936,25,10,24,30,0.320718,0.206782
2025,42092099,961,강릉-동해상사,True,4200545,동산교,BIS inventory,True,True,5,4,129.03188210282585,37.596478436012994,337,34,9,7,3.692746,2.623457
2025,42092099,961,강릉-동해상사,True,4200737,한라아파트,BIS inventory,True,True,4,3,129.03082754941428,37.598166681025575,67,78,15,4,0.734166,6.018519
2025,42092099,961,강릉-동해상사,True,4200738,남양3리마을회관,BIS inventory,True,True,7,6,129.03540040998968,37.59157285051617,16,2,20,17,0.175323,0.154321
2025,42092099,961,강릉-동해상사,True,4201096,한라아파트,BIS inventory,True,True,21,20,129.0309268732134,37.598168202920746,597,57,4,6,6.541749,4.398148
2025,42092099,961,강릉-동해상사,True,4201097,옥계119안전센터,BIS inventory,True,True,22,21,129.03045031861078,37.60261800571139,10,5,21,15,0.109577,0.385802
2025,42092099,961,강릉-동해상사,True,4201098,옥계119안전센터,BIS inventory,True,True,3,2,129.0299579795461,37.602418475944106,23,7,19,13,0.252027,0.540123
2025,42092099,961,강릉-동해상사,True,4201283,남양3리입구,BIS inventory,True,True,6,5,129.03313884463265,37.593033115433954,5,0,23,,0.054789,0.0
2025,42092099,961,강릉-동해상사,True,4201284,올밑,BIS inventory,True,True,8,7,129.03979791391387,37.58885317796911,855,1,2,20,9.368836,0.07716
2025,42092099,961,강릉-동해상사,True,4201285,옥골,BIS inventory,True,True,9,8,129.0451011119314,37.58480257343729,464,4,5,16,5.084374,0.308642
2025,42092099,961,강릉-동해상사,True,4201286,너구리골,BIS inventory,True,True,10,9,129.0453774808948,37.58278119535933,267,2,10,17,2.925707,0.154321
2025,42092099,961,강릉-동해상사,True,4201287,남양리옛경로당,BIS inventory,True,True,11,10,129.03508624074675,37.582691373708194,418,73,6,5,4.58032,5.632716
2025,42092099,961,강릉-동해상사,True,4201288,남양1리경로당,BIS inventory,True,True,12,11,129.03154436503664,37.58248287177823,30,137,17,2,0.328731,10.570988
2025,42092099,961,강릉-동해상사,True,4201289,남양1리경로당,BIS inventory,True,True,20,19,129.03162816015924,37.582429974327795,388,7,8,13,4.251589,0.540123
2025,42092099,961,강릉-동해상사,True,4201290,버들골,BIS inventory,True,True,13,12,129.02605567209912,37.579297897903295,30,15,17,10,0.328731,1.157407
2025,42092099,961,강릉-동해상사,True,4201291,버들골,BIS inventory,True,True,19,18,129.02611729989363,37.57922947953465,57,0,16,,0.624589,0.0
2025,42092099,961,강릉-동해상사,True,4201292,흑시골,BIS inventory,True,True,14,13,129.023679012477,37.57773843891508,7,13,22,12,0.076704,1.003086
2025,42092099,961,강릉-동해상사,True,4201293,흑시골,BIS inventory,True,True,18,17,129.02374105990518,37.577665442657434,85,1,13,20,0.931405,0.07716
2025,42092099,961,강릉-동해상사,True,4201294,남양2리교,BIS inventory,True,True,15,14,129.01479874463647,37.571994595503725,71,14,14,11,0.777997,1.080247
2025,42092099,961,강릉-동해상사,True,4201295,남양2리교,BIS inventory,True,True,17,16,129.01486079643942,37.57192160373686,412,2,7,17,4.514574,0.154321
2025,42092099,961,강릉-동해상사,True,4201296,남양2리경로당,BIS inventory,True,True,16,15,129.012950139964,37.56658372788056,773,29,3,8,8.470305,2.237654
2025,42092099,961,강릉-동해상사,True,4202002,현내1리연탄직매장,BIS inventory,True,True,23,22,129.03293193002432,37.60609468782852,5,18,23,9,0.054789,1.388889
2025,42092099,961,강릉-동해상사,True,4202012,현내1리연탄직매장,BIS inventory,True,True,2,1,129.03280124237224,37.6062049238953,130,1,11,20,1.424501,0.07716
2025,42092099,961,강릉-동해상사,True,4202022,옥계현내시장,BIS inventory,True,True,24,23,129.03523947374634,37.60889735545031,91,674,12,1,0.997151,52.006173
2025,42092099,961,강릉-동해상사,True,4202032,옥계현내시장,BIS inventory,True,True,1,0,129.03512810350702,37.608949806593664,3988,122,1,3,43.699321,9.41358
2025,42092100,962,강릉-동해상사,True,4201097,옥계119안전센터,BIS inventory,True,True,25,24,129.03045031861078,37.60261800571139,5,5,18,7,0.1287,0.69541
2025,42092100,962,강릉-동해상사,True,4201098,옥계119안전센터,BIS inventory,True,True,3,2,129.0299579795461,37.602418475944106,9,4,16,8,0.23166,0.556328
2025,42092100,962,강릉-동해상사,True,4201308,현내교,BIS inventory,True,True,4,3,129.02929130812174,37.60128987598838,25,7,12,6,0.643501,0.973574
2025,42092100,962,강릉-동해상사,True,4201309,현내교,BIS inventory,True,True,24,23,129.02932870216884,37.60121947406311,1,2,24,11,0.02574,0.278164
2025,42092100,962,강릉-동해상사,True,4201310,설암마을,BIS inventory,True,True,5,4,128.99822461811513,37.59527911024018,2,0,22,,0.05148,0.0
2025,42092100,962,강릉-동해상사,True,4201311,설암마을,BIS inventory,True,True,23,22,128.9983494117808,37.59541501641899,13,1,14,15,0.33462,0.139082
2025,42092100,962,강릉-동해상사,True,4201312,음촌,BIS inventory,True,True,6,5,128.9943519708324,37.590218452220576,1,4,24,8,0.02574,0.556328
2025,42092100,962,강릉-동해상사,True,4201313,음촌,BIS inventory,True,True,22,21,128.99426321534403,37.590067749479466,44,0,11,,1.132561,0.0
2025,42092100,962,강릉-동해상사,True,4201314,하반암,BIS inventory,True,True,7,6,128.98089810223846,37.584168867911764,1,2,24,11,0.02574,0.278164
2025,42092100,962,강릉-동해상사,True,4201315,하반암,BIS inventory,True,True,21,20,128.98110553425494,37.584185619903295,101,2,6,11,2.599743,0.278164
2025,42092100,962,강릉-동해상사,True,4201316,상반암,BIS inventory,True,True,8,7,128.97543453934762,37.581480242671276,0,4,,8,0.0,0.556328
2025,42092100,962,강릉-동해상사,True,4201317,상반암,BIS inventory,True,True,20,19,128.97555145054721,37.581507187334616,10,1,15,15,0.2574,0.139082
2025,42092100,962,강릉-동해상사,True,4201318,상반암2교,BIS inventory,True,True,9,8,128.97515057257976,37.579938893006116,2,16,22,5,0.05148,2.225313
2025,42092100,962,강릉-동해상사,True,4201319,상반암2교,BIS inventory,True,True,19,18,128.97526025138177,37.580104674041834,186,0,4,,4.787645,0.0
2025,42092100,962,강릉-동해상사,True,4201320,산계2리,BIS inventory,True,True,10,9,128.97246971139714,37.57976114585706,47,0,9,,1.209781,0.0
2025,42092100,962,강릉-동해상사,True,4201321,산계2리,BIS inventory,True,True,18,17,128.97229539203417,37.57962245004452,96,0,7,,2.471042,0.0
2025,42092100,962,강릉-동해상사,True,4201322,비상거리,BIS inventory,True,True,11,10,128.96170555823903,37.574443710141345,24,1,13,15,0.617761,0.139082
2025,42092100,962,강릉-동해상사,True,4201323,비상거리,BIS inventory,True,True,17,16,128.96147017456914,37.57419041505788,177,0,5,,4.555985,0.0
2025,42092100,962,강릉-동해상사,True,4201324,황기골,BIS inventory,True,True,12,11,128.95704823893803,37.573480554142556,3,1,21,15,0.07722,0.139082
2025,42092100,962,강릉-동해상사,True,4201325,황기골,BIS inventory,True,True,16,15,128.9570289624241,37.57336816682693,222,1,3,15,5.714286,0.139082
2025,42092100,962,강릉-동해상사,True,4201326,가사골,BIS inventory,True,True,13,12,128.95366508671376,37.57302501168563,7,0,17,,0.18018,0.0
2025,42092100,962,강릉-동해상사,True,4201327,가사골,BIS inventory,True,True,15,14,128.95364127595002,37.572947377645065,4,0,19,,0.10296,0.0
2025,42092100,962,강릉-동해상사,True,4201328,산계리종점,BIS inventory,True,True,14,13,128.9460355736469,37.57495852194761,1237,175,2,2,31.840412,24.33936
2025,42092100,962,강릉-동해상사,True,4202002,현내1리연탄직매장,BIS inventory,True,True,26,25,129.03293193002432,37.60609468782852,4,45,19,3,0.10296,6.258693
2025,42092100,962,강릉-동해상사,True,4202012,현내1리연탄직매장,BIS inventory,True,True,2,1,129.03280124237224,37.6062049238953,49,2,8,11,1.261261,0.278164
2025,42092100,962,강릉-동해상사,True,4202022,옥계현내시장,BIS inventory,True,True,27,26,129.03523947374634,37.60889735545031,45,405,10,1,1.158301,56.328234
2025,42092100,962,강릉-동해상사,True,4202032,옥계현내시장,BIS inventory,True,True,1,0,129.03512810350702,37.608949806593664,1570,41,1,4,40.41184,5.702364
2025,42092101,963,강릉-동해상사,True,4200034,현내리,BIS inventory,True,True,30,29,129.03644185085787,37.61785851158642,8,1,22,14,0.150291,0.114286
2025,42092101,963,강릉-동해상사,True,4200046,현내리,BIS inventory,True,True,4,3,129.03655884799974,37.617883796095704,4,1,25,14,0.075146,0.114286
2025,42092101,963,강릉-동해상사,True,4201105,농협주유소,BIS inventory,True,True,3,2,129.03818611643504,37.61343914150935,17,0,17,,0.319369,0.0
2025,42092101,963,강릉-동해상사,True,4201350,낙풍1리경로당,BIS inventory,True,True,5,4,129.034020875236,37.62025949844816,11,1,20,14,0.20665,0.114286
2025,42092101,963,강릉-동해상사,True,4201351,낙풍1리경로당,BIS inventory,True,True,29,28,129.0340430096228,37.620207611399294,10,0,21,,0.187864,0.0
2025,42092101,963,강릉-동해상사,True,4201353,다리목,BIS inventory,True,True,28,27,129.03198761433356,37.62043300135372,53,2,14,11,0.995679,0.228571
2025,42092101,963,강릉-동해상사,True,4201355,양지말상,BIS inventory,True,True,27,26,129.02549637985018,37.62023673439294,164,5,9,8,3.080969,0.571429
2025,42092101,963,강릉-동해상사,True,4201357,양지마을,BIS inventory,True,True,26,25,129.0219835892014,37.61975733717636,691,0,2,,12.981401,0.0
2025,42092101,963,강릉-동해상사,True,4201358,몽탕골,BIS inventory,True,True,9,8,129.01871214696766,37.61920866828569,0,1,,14,0.0,0.114286
2025,42092101,963,강릉-동해상사,True,4201359,몽탕골,BIS inventory,True,True,25,24,129.01872766257262,37.61915302416518,247,1,6,14,4.64024,0.114286
2025,42092101,963,강릉-동해상사,True,4201360,샘골,BIS inventory,True,True,10,9,129.00918544930587,37.619230471502696,2,7,26,7,0.037573,0.8
2025,42092101,963,강릉-동해상사,True,4201361,샘골,BIS inventory,True,True,24,23,129.0091899817426,37.61916886212585,93,2,12,11,1.747135,0.228571
2025,42092101,963,강릉-동해상사,True,4201362,옹기마을,BIS inventory,True,True,11,10,129.0036684835799,37.617059917346076,8,18,22,5,0.150291,2.057143
2025,42092101,963,강릉-동해상사,True,4201363,옹기마을,BIS inventory,True,True,23,22,129.00369924320785,37.616995401978194,300,4,4,9,5.63592,0.457143
2025,42092101,963,강릉-동해상사,True,4201364,북동리회관,BIS inventory,True,True,22,21,128.99203781944024,37.61727491738219,377,2,3,11,7.082472,0.228571
2025,42092101,963,강릉-동해상사,True,4201365,북동리회관,BIS inventory,True,True,12,11,128.9920439010217,37.61732896340916,14,4,18,9,0.26301,0.457143
2025,42092101,963,강릉-동해상사,True,4201366,옥계저수지,BIS inventory,True,True,13,12,128.9806745254139,37.62197726022537,19,1,16,14,0.356942,0.114286
2025,42092101,963,강릉-동해상사,True,4201367,옥계저수지,BIS inventory,True,True,17,16,128.98049757084706,37.62195561397405,92,1,13,14,1.728349,0.114286
2025,42092101,963,강릉-동해상사,True,4201368,옥계저수지,BIS inventory,True,True,21,20,128.9806153158948,37.62190318324612,12,1,19,14,0.225437,0.114286
2025,42092101,963,강릉-동해상사,True,4201369,삼밭골,BIS inventory,True,True,14,13,128.97299344360636,37.62595039665499,182,0,8,,3.419125,0.0
2025,42092101,963,강릉-동해상사,True,4201370,삼밭골,BIS inventory,True,True,16,15,128.97299626468876,37.625881433054694,232,0,7,,4.358444,0.0
2025,42092101,963,강릉-동해상사,True,4201371,기스목이골,BIS inventory,True,True,15,14,128.9690415480403,37.6284779460996,287,9,5,6,5.391696,1.028571
2025,42092101,963,강릉-동해상사,True,4201372,아래흐내,BIS inventory,True,True,18,17,128.9775173341677,37.61462843088557,1,1,27,14,0.018786,0.114286
2025,42092101,963,강릉-동해상사,True,4201373,아래흐내,BIS inventory,True,True,20,19,128.97754794808964,37.614630687418135,6,0,24,,0.112718,0.0
2025,42092101,963,강릉-동해상사,True,4201374,북동리종점,BIS inventory,True,True,19,18,128.97206281726505,37.61168685078856,160,41,10,2,3.005824,4.685714
2025,42092101,963,강릉-동해상사,True,4202022,옥계현내시장,BIS inventory,True,True,1,0,129.03523947374634,37.60889735545031,2211,31,1,3,41.536727,3.542857
2025,42092101,963,강릉-동해상사,True,4202032,옥계현내시장,BIS inventory,True,True,32,31,129.03512810350702,37.608949806593664,99,715,11,1,1.859853,81.714286
2025,42092101,963,강릉-동해상사,True,4202042,옥계면사무소,BIS inventory,True,True,2,1,129.03870359107486,37.61225376052538,23,0,15,,0.432087,0.0
2025,42092101,963,강릉-동해상사,True,4202052,옥계면사무소,BIS inventory,True,True,31,30,129.03863134955023,37.61234830848836,0,26,,4,0.0,2.971429
2025,42092102,964,강릉-동해상사,True,4200034,현내리,BIS inventory,True,True,18,17,129.03644185085787,37.61785851158642,2,3,19,15,0.031601,0.185185
2025,42092102,964,강릉-동해상사,True,4200046,현내리,BIS inventory,True,True,4,3,129.03655884799974,37.617883796095704,23,0,11,,0.363407,0.0
2025,42092102,964,강릉-동해상사,True,4200759,영동정미소,BIS inventory,True,True,6,5,129.03644448557495,37.62779710955012,3,1,17,16,0.047401,0.061728
2025,42092102,964,강릉-동해상사,True,4201105,농협주유소,BIS inventory,True,True,3,2,129.03818611643504,37.61343914150935,15,0,15,,0.237004,0.0
2025,42092102,964,강릉-동해상사,True,4201107,금진해양파출소,BIS inventory,True,True,11,10,129.04894882127985,37.652089382747484,566,136,5,3,8.942961,8.395062
2025,42092102,964,강릉-동해상사,True,4201339,낙풍교,BIS inventory,True,True,5,4,129.03403331310147,37.625467245037875,3,5,17,13,0.047401,0.308642
2025,42092102,964,강릉-동해상사,True,4201340,낙풍교,BIS inventory,True,True,17,16,129.03370052447866,37.6252600803972,147,16,7,10,2.322642,0.987654
2025,42092102,964,강릉-동해상사,True,4201341,영동정미소,BIS inventory,True,True,16,15,129.0362624021505,37.62780024862322,6,0,16,,0.094802,0.0
2025,42092102,964,강릉-동해상사,True,4201342,금진초교,BIS inventory,True,True,7,6,129.04347549729948,37.63336468757593,25,17,9,8,0.395007,1.049383
2025,42092102,964,강릉-동해상사,True,4201343,금진초교,BIS inventory,True,True,15,14,129.04343902328037,37.63345845978064,245,5,6,13,3.87107,0.308642
2025,42092102,964,강릉-동해상사,True,4201344,금진2리마을회관,BIS inventory,True,True,10,9,129.0433695932886,37.64179516691084,19,31,13,5,0.300205,1.91358
2025,42092102,964,강릉-동해상사,True,4201345,금진2리마을회관,BIS inventory,True,True,12,11,129.04327917048357,37.641779891088895,650,8,4,12,10.270185,0.493827
2025,42092102,964,강릉-동해상사,True,4201346,해수리튬연구센터,BIS inventory,True,True,8,7,129.0451313882053,37.63512172396965,17,27,14,6,0.268605,1.666667
2025,42092102,964,강릉-동해상사,True,4201347,금진해변,BIS inventory,True,True,9,8,129.04374932629693,37.63904067736818,22,38,12,4,0.347606,2.345679
2025,42092102,964,강릉-동해상사,True,4201348,금진해변,BIS inventory,True,True,13,12,129.04365646301486,37.63903832962265,1050,17,2,8,16.590299,1.049383
2025,42092102,964,강릉-동해상사,True,4201349,해수리튬연구센터,BIS inventory,True,True,14,13,129.04470822782702,37.636135770169766,844,13,3,11,13.33544,0.802469
2025,42092102,964,강릉-동해상사,True,4202022,옥계현내시장,BIS inventory,True,True,1,0,129.03523947374634,37.60889735545031,2636,21,1,7,41.64955,1.296296
2025,42092102,964,강릉-동해상사,True,4202032,옥계현내시장,BIS inventory,True,True,20,19,129.03512810350702,37.608949806593664,25,1116,9,1,0.395007,68.888889
2025,42092102,964,강릉-동해상사,True,4202042,옥계면사무소,BIS inventory,True,True,2,1,129.03870359107486,37.61225376052538,30,1,8,16,0.474009,0.061728
2025,42092102,964,강릉-동해상사,True,4202052,옥계면사무소,BIS inventory,True,True,19,18,129.03863134955023,37.61234830848836,1,165,20,2,0.0158,10.185185
2025,42092103,,,False,4200045,형제막국수,BIS inventory,True,False,,12,128.86624288991882,37.755124519467394,4,0,16,,0.208659,0.0
2025,42092103,,,False,4200081,강일여고정문,BIS inventory,True,False,,18 | 21,128.88831689919587,37.76415997041872,0,22,,3,0.0,8.695652
2025,42092103,,,False,4200088,문성고등학교,BIS inventory,True,False,,17,128.8747975765768,37.776789915738114,3,26,18,2,0.156495,10.27668
2025,42092103,,,False,4200095,한국자산관리공사,BIS inventory,True,False,,2,128.90111921880606,37.75827929877246,6,2,15,15,0.312989,0.790514
2025,42092103,,,False,4200114,고용센터,BIS inventory,True,False,,6,128.88893105798073,37.75744085258255,3,0,18,,0.156495,0.0
2025,42092103,,,False,4200116,적십자입구,BIS inventory,True,False,,7,128.88726321660565,37.757196360936135,11,0,13,,0.573813,0.0
2025,42092103,,,False,4200118,터미널오거리,BIS inventory,True,False,,8,128.8840640923818,37.75608209292866,73,0,5,,3.808033,0.0
2025,42092103,,,False,4200120,강릉시외.고속터미널,BIS inventory,True,False,,9,128.8792265208128,37.75505492071011,21,19,9,4,1.095462,7.509881
2025,42092103,,,False,4200127,구름다리,BIS inventory,True,False,,16 | 19,128.87654770197503,37.764512872809554,8,9,14,7,0.417319,3.557312
2025,42092103,,,False,4200129,주공3차아파트,BIS inventory,True,False,,0 | 17 | 20,128.87933873663175,37.76410589188944,58,2,6,15,3.025561,0.790514
2025,42092103,,,False,4200250,용강동서부시장,BIS inventory,True,False,,5,128.89174828581776,37.7556582744871,17,5,10,11,0.886802,1.976285
2025,42092103,,,False,4200251,한국은행,BIS inventory,True,False,,0 | 4,128.89406630781096,37.753485602290496,15,3,11,14,0.782473,1.185771
2025,42092103,,,False,4200253,교보생명,BIS inventory,True,False,,3,128.89811415297848,37.756002485379526,28,5,8,11,1.460616,1.976285
2025,42092103,,,False,4200293,강릉역건너편,BIS inventory,True,False,,0 | 20 | 23,128.8990669694857,37.76400772021464,197,109,3,1,10.276474,43.083004
2025,42092103,,,False,4200401,강릉복합복지체육센터,BIS inventory,True,False,,15,128.87017698555522,37.76290354322161,180,7,4,9,9.389671,2.766798
2025,42092103,,,False,4200543,미디어촌5단지,BIS inventory,True,False,,0 | 11,128.86758571434657,37.753701754139904,858,1,1,17,44.757433,0.395257
2025,42092103,,,False,4200565,우미린아파트,BIS inventory,True,False,,10,128.87023572987053,37.75716460769394,14,4,12,13,0.730308,1.581028
2025,42092103,,,False,4200567,한내들아파트,BIS inventory,True,False,,13,128.8681446784216,37.75790349269205,47,7,7,9,2.451748,2.766798
2025,42092103,,,False,4201041,강원대학교입구,BIS inventory,True,False,,16,128.87514521071003,37.77009542292022,4,10,16,6,0.208659,3.952569
2025,42092103,,,False,4201042,강원대학교입구,BIS inventory,True,False,,18,128.87494102107277,37.7696221436885,3,0,18,,0.156495,0.0
2025,42092103,,,False,4201249,선수촌8단지,BIS inventory,True,False,,0 | 14,128.87029355520082,37.76060110592661,366,9,2,7,19.092332,3.557312
2025,42092103,,,False,4201376,가작다리입구,BIS inventory,True,False,,19 | 22,128.8944549231389,37.76589747732919,1,13,21,5,0.052165,5.13834
2025,42092105,931,강릉-동해상사,True,4200008,하평리,BIS inventory,True,True,11,10,128.87213896973955,37.836286638716444,347,7,5,29,4.934585,0.192997
2025,42092105,931,강릉-동해상사,True,4200140,사기막,BIS inventory,True,True,36,35,128.80639533289897,37.79268220157816,30,34,17,14,0.426621,0.937414
2025,42092105,931,강릉-동해상사,True,4200142,사기막마을회관,BIS inventory,True,True,35,34,128.8109379000351,37.79306001321451,1,46,31,11,0.014221,1.268266
2025,42092105,931,강릉-동해상사,True,4200144,해살이,BIS inventory,True,True,34,33,128.81433946380196,37.79231712471411,1,32,31,15,0.014221,0.882272
2025,42092105,931,강릉-동해상사,True,4200146,강릉면허시험장,BIS inventory,True,True,32,31,128.81937813512624,37.79573671702786,1,71,31,9,0.014221,1.957541
2025,42092105,931,강릉-동해상사,True,4200148,노동3리,BIS inventory,True,True,31,30,128.8256207085255,37.79927586550659,7,78,22,8,0.099545,2.150538
2025,42092105,931,강릉-동해상사,True,4200150,노동리,BIS inventory,True,True,30,29,128.82882389300474,37.80095549884616,0,67,,10,0.0,1.847257
2025,42092105,931,강릉-동해상사,True,4200152,연변,BIS inventory,True,True,28,27,128.83155522186766,37.80584297639379,3,233,26,3,0.042662,6.424042
2025,42092105,931,강릉-동해상사,True,4200154,너다리,BIS inventory,True,True,16,15,128.85384039907868,37.83030516388511,7,14,22,25,0.099545,0.385994
2025,42092105,931,강릉-동해상사,True,4200156,농업기술센터,BIS inventory,True,True,27,26,128.83374479432362,37.810623749433574,2,27,29,19,0.028441,0.744417
2025,42092105,931,강릉-동해상사,True,4200158,한과마을,BIS inventory,True,True,26,25,128.8351667630484,37.81469760511987,1,42,31,12,0.014221,1.157982
2025,42092105,931,강릉-동해상사,True,4200160,노동회관,BIS inventory,True,True,25,24,128.8379192525419,37.818202495776156,3,95,26,6,0.042662,2.619245
2025,42092105,931,강릉-동해상사,True,4200162,노동하리.우리정미소,BIS inventory,True,True,24,23,128.84138542146533,37.82227295047229,2,17,29,23,0.028441,0.468707
2025,42092105,931,강릉-동해상사,True,4200164,갈골한과,BIS inventory,True,True,23,22,128.84368704633178,37.82462303691711,3,117,26,5,0.042662,3.225806
2025,42092105,931,강릉-동해상사,True,4200165,사천중학교,BIS inventory,True,True,22,21,128.84662013233944,37.82677848556301,275,6,6,30,3.910694,0.165426
2025,42092105,931,강릉-동해상사,True,4200220,모래내행복센터,BIS inventory,True,True,17,16,128.84888855200666,37.82654759560158,12,1761,19,1,0.170648,48.552523
2025,42092105,931,강릉-동해상사,True,4200221,모래내행복센터,BIS inventory,True,True,21,20,128.84881781800846,37.82675602435266,189,2,8,33,2.687713,0.055142
2025,42092105,931,강릉-동해상사,True,4200222,사천면사무소,BIS inventory,True,True,20,19,128.84928192865996,37.82385848393331,2590,14,1,25,36.831627,0.385994
2025,42092105,931,강릉-동해상사,True,4200223,사천면사무소,BIS inventory,True,True,18,17,128.84914337332015,37.8229406699122,12,459,19,2,0.170648,12.655087
2025,42092105,931,강릉-동해상사,True,4200225,북부노인대학,BIS inventory,True,True,19,18,128.85083641112433,37.82016343083045,183,32,9,15,2.602389,0.882272
2025,42092105,931,강릉-동해상사,True,4200368,가둔지유적,BIS inventory,True,True,6,5,128.882327030694,37.82527019767428,11,1,21,34,0.156428,0.027571
2025,42092105,931,강릉-동해상사,True,4200386,하평리,BIS inventory,True,True,12,11,128.86662078612576,37.834407329862614,6,0,24,,0.085324,0.0
2025,42092105,931,강릉-동해상사,True,4200389,판교리,BIS inventory,True,True,13,12,128.8629774027657,37.834258791663885,37,9,16,28,0.526166,0.248139
2025,42092105,931,강릉-동해상사,True,4200390,운양초교,BIS inventory,True,True,14,13,128.85999131659992,37.833521248123965,95,4,11,32,1.350967,0.110284
2025,42092105,931,강릉-동해상사,True,4200434,사근진해변,BIS inventory,True,True,2,1,128.898597450209,37.812322584245415,70,28,12,18,0.995449,0.771988
2025,42092105,931,강릉-동해상사,True,4200436,순긋해변,BIS inventory,True,True,3,2,128.89252003394913,37.81667547893821,49,40,14,13,0.696815,1.10284
2025,42092105,931,강릉-동해상사,True,4200438,순포해변,BIS inventory,True,True,4,3,128.8909555032514,37.81845994015455,42,24,15,20,0.59727,0.661704
2025,42092105,931,강릉-동해상사,True,4200440,산대월리.순포,BIS inventory,True,True,5,4,128.88547702493108,37.822903011074914,114,5,10,31,1.62116,0.137855
2025,42092105,931,강릉-동해상사,True,4200442,사천해변,BIS inventory,True,True,7,6,128.87869491904522,37.828713817312966,70,16,12,24,0.995449,0.441136
2025,42092105,931,강릉-동해상사,True,4200444,사천캠핑장,BIS inventory,True,True,8,7,128.87516834469744,37.831731302711255,20,21,18,22,0.284414,0.578991
2025,42092105,931,강릉-동해상사,True,4200447,사천물회거리,BIS inventory,True,True,9,8,128.8757309061334,37.83810545841113,763,179,4,4,10.850398,4.935208
2025,42092105,931,강릉-동해상사,True,4201230,사기막리,BIS inventory,True,True,33,32,128.8183214702477,37.793964034615996,4,24,25,20,0.056883,0.661704
2025,42092105,931,강릉-동해상사,True,4201238,사천진리,BIS inventory,True,True,10,9,128.87339689589916,37.83812340174815,956,79,2,7,13.594994,2.178109
2025,42092105,931,강릉-동해상사,True,4201242,경포해변,BIS inventory,True,True,1,0,128.9052529004403,37.80440358093674,875,12,3,27,12.443117,0.330852
2025,42092105,931,강릉-동해상사,True,4201415,노동상리경로당,BIS inventory,True,True,29,28,128.82974913139455,37.80349598363215,1,31,31,17,0.014221,0.854701
2025,42092105,931,강릉-동해상사,True,4202153,운양초등학교,BIS inventory,True,True,15,14,128.8590953489884,37.83649095483332,250,0,7,,3.555176,0.0
2025,42092106,932,강릉-동해상사,True,4200139,석교2리마을회관,BIS inventory,True,True,6,5,128.82066862382376,37.842307094394954,244,41,1,3,55.454545,13.621262
2025,42092106,932,강릉-동해상사,True,4200219,청솔공원,BIS inventory,True,True,7,6,128.84744835859598,37.832296445829655,0,9,,4,0.0,2.990033
2025,42092106,932,강릉-동해상사,True,4200220,모래내행복센터,BIS inventory,True,True,8,7,128.84888855200666,37.82654759560158,3,99,6,2,0.681818,32.890365
2025,42092106,932,강릉-동해상사,True,4200221,모래내행복센터,BIS inventory,True,True,2,1,128.84881781800846,37.82675602435266,6,7,5,5,1.363636,2.325581
2025,42092106,932,강릉-동해상사,True,4200222,사천면사무소,BIS inventory,True,True,1,0,128.84928192865996,37.82385848393331,126,0,2,,28.636364,0.0
2025,42092106,932,강릉-동해상사,True,4200223,사천면사무소,BIS inventory,True,True,9,8,128.84914337332015,37.8229406699122,20,143,4,1,4.545455,47.508306
2025,42092106,932,강릉-동해상사,True,4200261,북강릉IC,BIS inventory,True,True,4,3,128.84425534198513,37.83689529134246,0,1,,6,0.0,0.332226
2025,42092106,932,강릉-동해상사,True,4200314,청솔공원,BIS inventory,True,True,3,2,128.84780404863866,37.83218520189828,1,0,7,,0.227273,0.0
2025,42092106,932,강릉-동해상사,True,4200529,판교2리마을회관,BIS inventory,True,True,5,4,128.84660458171092,37.84287891189836,40,1,3,6,9.090909,0.332226
2025,42092107,921,강릉-동해상사,True,4200032,퇴곡2리,BIS inventory,True,True,49,43 | 46,128.71714904545294,37.84816614353958,41,1,21,49,0.558583,0.022841
2025,42092107,921,강릉-동해상사,True,4200172,현덕사입구,BIS inventory,True,True,25,21 | 22,128.7097155940442,37.84705089816417,0,16,,21,0.0,0.365464
2025,42092107,921,강릉-동해상사,True,4200173,퇴곡2리,BIS inventory,True,True,24,20 | 21,128.71633081209328,37.84807753595964,0,3,,39,0.0,0.068524
2025,42092107,921,강릉-동해상사,True,4200174,퇴곡,BIS inventory,True,True,20,17 | 18,128.75226108332112,37.851299039517386,0,49,,10,0.0,1.119233
2025,42092107,921,강릉-동해상사,True,4200175,퇴곡,BIS inventory,True,True,52,46 | 49,128.75248295369062,37.85110547320165,74,0,17,,1.008174,0.0
2025,42092107,921,강릉-동해상사,True,4200176,행정2리신촌마을,BIS inventory,True,True,56,50 | 53,128.77862819412928,37.85045242944766,37,0,25,,0.504087,0.0
2025,42092107,921,강릉-동해상사,True,4200177,행정2리신촌마을,BIS inventory,True,True,16,13 | 14,128.7785874984292,37.85062890818297,2,12,51,26,0.027248,0.274098
2025,42092107,921,강릉-동해상사,True,4200178,신왕초등학교.소금강산체험학습장,BIS inventory,True,True,14,11 | 12,128.7874843369829,37.85236789721056,4,21,46,18,0.054496,0.479671
2025,42092107,921,강릉-동해상사,True,4200179,산림조합,BIS inventory,True,True,65,59 | 62,128.81641190280698,37.85471554225067,40,5,23,31,0.544959,0.114207
2025,42092107,921,강릉-동해상사,True,4200295,산림조합,BIS inventory,True,True,7,4 | 5,128.81634583702206,37.85478178935546,10,48,37,11,0.13624,1.096391
2025,42092107,921,강릉-동해상사,True,4200324,삼산1리마을회관,BIS inventory,True,True,27,24,128.7032068078098,37.84670520300259,7,17,42,20,0.095368,0.388305
2025,42092107,921,강릉-동해상사,True,4200325,삼산1리마을회관,BIS inventory,True,True,46,43,128.7039248000704,37.84665394357494,27,3,27,39,0.367847,0.068524
2025,42092107,921,강릉-동해상사,True,4200326,현덕사입구,BIS inventory,True,True,48,42 | 45,128.71038523685135,37.84696339414248,89,0,14,,1.212534,0.0
2025,42092107,921,강릉-동해상사,True,4200327,소금강산돌박물관,BIS inventory,True,True,50,44 | 47,128.72545746023172,37.848484193808346,508,5,3,31,6.920981,0.114207
2025,42092107,921,강릉-동해상사,True,4200328,삼산분소,BIS inventory,True,True,22,19 | 20,128.72806310762525,37.8484167632985,4,87,46,7,0.054496,1.987209
2025,42092107,921,강릉-동해상사,True,4200329,퇴곡1리경로당,BIS inventory,True,True,51,45 | 48,128.74128473074444,37.849334595953835,127,1,10,49,1.730245,0.022841
2025,42092107,921,강릉-동해상사,True,4200330,퇴곡1리경로당,BIS inventory,True,True,21,18 | 19,128.7415928535256,37.84950756791581,11,250,36,2,0.149864,5.71037
2025,42092107,921,강릉-동해상사,True,4200331,유등.백운사입구,BIS inventory,True,True,53,47 | 50,128.75900654206438,37.850462767351864,184,0,6,,2.506812,0.0
2025,42092107,921,강릉-동해상사,True,4200332,유등.백운사입구,BIS inventory,True,True,19,16 | 17,128.75795827699417,37.850487600912274,10,28,37,16,0.13624,0.639561
2025,42092107,921,강릉-동해상사,True,4200333,행정2리,BIS inventory,True,True,54,48 | 51,128.7667909122159,37.85086547031576,17,0,31,,0.231608,0.0
2025,42092107,921,강릉-동해상사,True,4200334,행정2리,BIS inventory,True,True,18,15 | 16,128.76721113927047,37.850915515839276,0,2,,46,0.0,0.045683
2025,42092107,921,강릉-동해상사,True,4200335,버들교,BIS inventory,True,True,17,14 | 15,128.77324803807656,37.850410055201316,2,3,51,39,0.027248,0.068524
2025,42092107,921,강릉-동해상사,True,4200336,버들교,BIS inventory,True,True,55,49 | 52,128.77473855753414,37.850247080571705,41,1,21,49,0.558583,0.022841
2025,42092107,921,강릉-동해상사,True,4200337,소금강산체험학습장,BIS inventory,True,True,58,52 | 55,128.78576790854493,37.85169587352382,133,3,9,39,1.811989,0.068524
2025,42092107,921,강릉-동해상사,True,4200338,행정2리마을회관,BIS inventory,True,True,15,12 | 13,128.783920231759,37.85143615617747,1,59,55,9,0.013624,1.347647
2025,42092107,921,강릉-동해상사,True,4200339,신왕초등학교,BIS inventory,True,True,59,53 | 56,128.78962228209244,37.85282870829282,78,14,16,23,1.06267,0.319781
2025,42092107,921,강릉-동해상사,True,4200340,행정,BIS inventory,True,True,60,54 | 57,128.79244492389662,37.85304272496013,107,1,12,49,1.457766,0.022841
2025,42092107,921,강릉-동해상사,True,4200341,행정,BIS inventory,True,True,12,10 | 9,128.7939888659289,37.852922738954625,0,29,,15,0.0,0.662403
2025,42092107,921,강릉-동해상사,True,4200342,동양시멘트입구,BIS inventory,True,True,61,55 | 58,128.80418115038393,37.85051141718022,7,1,42,49,0.095368,0.022841
2025,42092107,921,강릉-동해상사,True,4200343,동양시멘트입구,BIS inventory,True,True,11,8 | 9,128.80439889049126,37.850687991240484,19,97,29,5,0.258856,2.215624
2025,42092107,921,강릉-동해상사,True,4200344,송림2리경로당,BIS inventory,True,True,62,56 | 59,128.807966000434,37.85197372236723,108,5,11,31,1.47139,0.114207
2025,42092107,921,강릉-동해상사,True,4200345,송림2리경로당,BIS inventory,True,True,10,7 | 8,128.80789598964623,37.85203614474543,9,8,39,28,0.122616,0.182732
2025,42092107,921,강릉-동해상사,True,4200346,송림2리,BIS inventory,True,True,9,6 | 7,128.8099436136846,37.853407423711076,1,6,55,30,0.013624,0.137049
2025,42092107,921,강릉-동해상사,True,4200347,송림2리,BIS inventory,True,True,63,57 | 60,128.81062888375345,37.853558399575036,99,4,13,36,1.348774,0.091366
2025,42092107,921,강릉-동해상사,True,4200348,연곡취수장입구,BIS inventory,True,True,64,58 | 61,128.81321638321742,37.85436534997662,79,2,15,46,1.076294,0.045683
2025,42092107,921,강릉-동해상사,True,4200349,연곡취수장입구,BIS inventory,True,True,8,5 | 6,128.8134029222452,37.854479588535305,3,8,49,28,0.040872,0.182732
2025,42092107,921,강릉-동해상사,True,4200350,송림,BIS inventory,True,True,66,60 | 63,128.8201619228096,37.85539548451919,45,4,20,36,0.613079,0.091366
2025,42092107,921,강릉-동해상사,True,4200351,송림,BIS inventory,True,True,6,3 | 4,128.82064394298325,37.85559369331711,2,18,51,19,0.027248,0.411147
2025,42092107,921,강릉-동해상사,True,4200352,연곡초교,BIS inventory,True,True,68,61 | 65,128.82816906723454,37.856817110094816,30,182,26,3,0.408719,4.157149
2025,42092107,921,강릉-동해상사,True,4200353,연곡초교,BIS inventory,True,True,4,2,128.82814655157526,37.8569020930201,8,14,40,23,0.108992,0.319781
2025,42092107,921,강릉-동해상사,True,4200354,연곡면사무소,BIS inventory,True,True,1 | 70,62 | 66,128.83726140830402,37.85982528703765,3661,2865,1,1,49.877384,65.440841
2025,42092107,921,강릉-동해상사,True,4200355,연곡면사무소,BIS inventory,True,True,2,1,128.8369030857598,37.8592954872826,38,1,24,49,0.517711,0.022841
2025,42092107,921,강릉-동해상사,True,4200399,송천종점,BIS inventory,True,True,37,32 | 34,128.63433752494774,37.82213931034025,633,15,2,22,8.623978,0.342622
2025,42092107,921,강릉-동해상사,True,4200404,송천,BIS inventory,True,True,38,33 | 35,128.64305128748416,37.832454612861596,5,0,45,,0.06812,0.0
2025,42092107,921,강릉-동해상사,True,4200405,송천,BIS inventory,True,True,36,31 | 33,128.64294987987037,37.832536995608294,18,64,30,8,0.245232,1.461855
2025,42092107,921,강릉-동해상사,True,4200406,오대산휴게소,BIS inventory,True,True,39,34 | 36,128.648222920777,37.83491560552007,13,0,34,,0.177112,0.0
2025,42092107,921,강릉-동해상사,True,4200407,오대산휴게소,BIS inventory,True,True,35,30 | 32,128.64806989287274,37.83498136245625,0,10,,27,0.0,0.228415
2025,42092107,921,강릉-동해상사,True,4200408,삼산4리,BIS inventory,True,True,40,37,128.65358585892187,37.836375046564235,2,0,51,,0.027248,0.0
2025,42092107,921,강릉-동해상사,True,4200409,삼산4리,BIS inventory,True,True,34,31,128.65339766055644,37.8363605430016,0,1,,49,0.0,0.022841
2025,42092107,921,강릉-동해상사,True,4200410,부연동입구,BIS inventory,True,True,41,36 | 38,128.6565982881532,37.84023340079426,47,0,18,,0.640327,0.0
2025,42092107,921,강릉-동해상사,True,4200411,부연동입구,BIS inventory,True,True,33,28 | 30,128.65649150006797,37.84037999546802,1,38,55,14,0.013624,0.867976
2025,42092107,921,강릉-동해상사,True,4200412,진고개휴게소,BIS inventory,True,True,42,37 | 39,128.65865259925027,37.84288643809636,308,4,4,36,4.196185,0.091366
2025,42092107,921,강릉-동해상사,True,4200413,진고개휴게소,BIS inventory,True,True,32,27 | 29,128.6587993033944,37.842974758114,0,5,,31,0.0,0.114207
2025,42092107,921,강릉-동해상사,True,4200417,궁궁소,BIS inventory,True,True,31,26 | 28,128.67164304000795,37.843611675479615,6,41,44,12,0.081744,0.936501
2025,42092107,921,강릉-동해상사,True,4200422,성원사입구,BIS inventory,True,True,43,38 | 40,128.6867712693139,37.847205451671535,193,3,5,39,2.629428,0.068524
2025,42092107,921,강릉-동해상사,True,4200423,성원사입구,BIS inventory,True,True,30,25 | 27,128.68646040632865,37.84726485901322,14,146,32,4,0.190736,3.334856
2025,42092107,921,강릉-동해상사,True,4200426,삼산보건진료소,BIS inventory,True,True,45,40 | 42,128.69992094735875,37.846599335592536,159,3,8,39,2.166213,0.068524
2025,42092107,921,강릉-동해상사,True,4200427,삼산보건진료소,BIS inventory,True,True,28,23 | 25,128.6999017867484,37.84667116560819,12,88,35,6,0.163488,2.01005
2025,42092107,921,강릉-동해상사,True,4200428,소금강산삼거리,BIS inventory,True,True,47,41 | 44,128.70675214581883,37.84674771999477,166,5,7,31,2.26158,0.114207
2025,42092107,921,강릉-동해상사,True,4200429,소금강산삼거리,BIS inventory,True,True,26,22 | 23,128.70652525366145,37.84687236867498,4,41,46,12,0.054496,0.936501
2025,42092107,921,강릉-동해상사,True,4200510,송림길,BIS inventory,True,True,67,64,128.8252555621319,37.855656749226185,14,2,32,46,0.190736,0.045683
2025,42092107,921,강릉-동해상사,True,4200511,송림길,BIS inventory,True,True,5,3,128.8248292251072,37.8557650289636,3,1,49,49,0.040872,0.022841
2025,42092107,921,강릉-동해상사,True,4200514,삼산,BIS inventory,True,True,44,39 | 41,128.69251552941094,37.84710607104921,46,3,19,39,0.626703,0.068524
2025,42092107,921,강릉-동해상사,True,4200516,삼산,BIS inventory,True,True,29,24 | 26,128.6925944995912,37.847189566163216,8,22,40,17,0.108992,0.502513
2025,42092107,921,강릉-동해상사,True,4200526,새이골,BIS inventory,True,True,13,10 | 11,128.79025907473746,37.85322227035808,1,13,55,25,0.013624,0.296939
2025,42092107,921,강릉-동해상사,True,4201384,행정2리마을회관,BIS inventory,True,True,57,51 | 54,128.7837597224069,37.85121868121593,24,0,28,,0.326975,0.0
2025,42092109,922,강릉-동해상사,True,4200032,퇴곡2리,BIS inventory,True,True,36,32 | 33,128.71714904545294,37.84816614353958,41,0,19,,0.671801,0.0
2025,42092109,922,강릉-동해상사,True,4200166,소금강산,BIS inventory,True,True,31,27 | 28,128.7124812586759,37.82175517040325,192,2,6,33,3.145994,0.054422
2025,42092109,922,강릉-동해상사,True,4200167,소금강산,BIS inventory,True,True,29,25 | 26,128.71230365715414,37.82166854276753,208,31,5,9,3.40816,0.843537
2025,42092109,922,강릉-동해상사,True,4200168,소금강산분교,BIS inventory,True,True,32,28 | 29,128.710000116687,37.83125700946602,258,0,4,,4.227429,0.0
2025,42092109,922,강릉-동해상사,True,4200169,소금강산분교,BIS inventory,True,True,28,24 | 25,128.70996109009303,37.83105237281379,9,76,27,7,0.147468,2.068027
2025,42092109,922,강릉-동해상사,True,4200170,삼산1리,BIS inventory,True,True,33,29 | 30,128.70464319375566,37.845506729172776,153,16,7,17,2.506964,0.435374
2025,42092109,922,강릉-동해상사,True,4200171,삼산1리,BIS inventory,True,True,27,23 | 24,128.7047914618132,37.84575283130434,9,91,27,5,0.147468,2.47619
2025,42092109,922,강릉-동해상사,True,4200172,현덕사입구,BIS inventory,True,True,25,21 | 22,128.7097155940442,37.84705089816417,1,30,40,10,0.016385,0.816327
2025,42092109,922,강릉-동해상사,True,4200173,퇴곡2리,BIS inventory,True,True,24,20,128.71633081209328,37.84807753595964,0,1,,41,0.0,0.027211
2025,42092109,922,강릉-동해상사,True,4200174,퇴곡,BIS inventory,True,True,20,17 | 18,128.75226108332112,37.851299039517386,2,12,36,19,0.032771,0.326531
2025,42092109,922,강릉-동해상사,True,4200175,퇴곡,BIS inventory,True,True,39,35 | 36,128.75248295369062,37.85110547320165,25,0,22,,0.409635,0.0
2025,42092109,922,강릉-동해상사,True,4200176,행정2리신촌마을,BIS inventory,True,True,43,39 | 40,128.77862819412928,37.85045242944766,31,0,21,,0.507947,0.0
2025,42092109,922,강릉-동해상사,True,4200177,행정2리신촌마을,BIS inventory,True,True,16,13 | 14,128.7785874984292,37.85062890818297,0,13,,18,0.0,0.353741
2025,42092109,922,강릉-동해상사,True,4200178,신왕초등학교.소금강산체험학습장,BIS inventory,True,True,14,11 | 12,128.7874843369829,37.85236789721056,1,10,40,21,0.016385,0.272109
2025,42092109,922,강릉-동해상사,True,4200179,산림조합,BIS inventory,True,True,52,48 | 49,128.81641190280698,37.85471554225067,58,0,15,,0.950352,0.0
2025,42092109,922,강릉-동해상사,True,4200295,산림조합,BIS inventory,True,True,7,4 | 5,128.81634583702206,37.85478178935546,1,25,40,12,0.016385,0.680272
2025,42092109,922,강릉-동해상사,True,4200326,현덕사입구,BIS inventory,True,True,35,31 | 32,128.71038523685135,37.84696339414248,47,4,17,28,0.770113,0.108844
2025,42092109,922,강릉-동해상사,True,4200327,소금강산돌박물관,BIS inventory,True,True,37,33 | 34,128.72545746023172,37.848484193808346,321,1,3,41,5.259708,0.027211
2025,42092109,922,강릉-동해상사,True,4200328,삼산분소,BIS inventory,True,True,22,19 | 20,128.72806310762525,37.8484167632985,3,186,35,2,0.049156,5.061224
2025,42092109,922,강릉-동해상사,True,4200329,퇴곡1리경로당,BIS inventory,True,True,38,34 | 35,128.74128473074444,37.849334595953835,129,2,8,33,2.113715,0.054422
2025,42092109,922,강릉-동해상사,True,4200330,퇴곡1리경로당,BIS inventory,True,True,21,18 | 19,128.7415928535256,37.84950756791581,9,100,27,4,0.147468,2.721088
2025,42092109,922,강릉-동해상사,True,4200331,유등.백운사입구,BIS inventory,True,True,40,36 | 37,128.75900654206438,37.850462767351864,83,4,12,28,1.359987,0.108844
2025,42092109,922,강릉-동해상사,True,4200332,유등.백운사입구,BIS inventory,True,True,19,16 | 17,128.75795827699417,37.850487600912274,1,8,40,23,0.016385,0.217687
2025,42092109,922,강릉-동해상사,True,4200333,행정2리,BIS inventory,True,True,41,37 | 38,128.7667909122159,37.85086547031576,5,1,33,41,0.081927,0.027211
2025,42092109,922,강릉-동해상사,True,4200334,행정2리,BIS inventory,True,True,18,16,128.76721113927047,37.850915515839276,0,1,,41,0.0,0.027211
2025,42092109,922,강릉-동해상사,True,4200335,버들교,BIS inventory,True,True,17,15,128.77324803807656,37.850410055201316,0,2,,33,0.0,0.054422
2025,42092109,922,강릉-동해상사,True,4200336,버들교,BIS inventory,True,True,42,38 | 39,128.77473855753414,37.850247080571705,19,2,25,33,0.311322,0.054422
2025,42092109,922,강릉-동해상사,True,4200337,소금강산체험학습장,BIS inventory,True,True,45,41 | 42,128.78576790854493,37.85169587352382,114,5,9,27,1.867934,0.136054
2025,42092109,922,강릉-동해상사,True,4200338,행정2리마을회관,BIS inventory,True,True,15,12 | 13,128.783920231759,37.85143615617747,1,28,40,11,0.016385,0.761905
2025,42092109,922,강릉-동해상사,True,4200339,신왕초등학교,BIS inventory,True,True,46,42 | 43,128.78962228209244,37.85282870829282,25,2,22,33,0.409635,0.054422
2025,42092109,922,강릉-동해상사,True,4200340,행정,BIS inventory,True,True,47,43 | 44,128.79244492389662,37.85304272496013,84,4,11,28,1.376372,0.108844
2025,42092109,922,강릉-동해상사,True,4200341,행정,BIS inventory,True,True,12,10 | 9,128.7939888659289,37.852922738954625,1,25,40,12,0.016385,0.680272
2025,42092109,922,강릉-동해상사,True,4200343,동양시멘트입구,BIS inventory,True,True,11,8 | 9,128.80439889049126,37.850687991240484,7,20,30,15,0.114698,0.544218
2025,42092109,922,강릉-동해상사,True,4200344,송림2리경로당,BIS inventory,True,True,49,45 | 46,128.807966000434,37.85197372236723,97,4,10,28,1.589382,0.108844
2025,42092109,922,강릉-동해상사,True,4200345,송림2리경로당,BIS inventory,True,True,10,7 | 8,128.80789598964623,37.85203614474543,2,10,36,21,0.032771,0.272109
2025,42092109,922,강릉-동해상사,True,4200346,송림2리,BIS inventory,True,True,9,6 | 7,128.8099436136846,37.853407423711076,1,7,40,24,0.016385,0.190476
2025,42092109,922,강릉-동해상사,True,4200347,송림2리,BIS inventory,True,True,50,46 | 47,128.81062888375345,37.853558399575036,25,3,22,32,0.409635,0.081633
2025,42092109,922,강릉-동해상사,True,4200348,연곡취수장입구,BIS inventory,True,True,51,47 | 48,128.81321638321742,37.85436534997662,44,1,18,41,0.720957,0.027211
2025,42092109,922,강릉-동해상사,True,4200349,연곡취수장입구,BIS inventory,True,True,8,6,128.8134029222452,37.854479588535305,1,6,40,26,0.016385,0.163265
2025,42092109,922,강릉-동해상사,True,4200350,송림,BIS inventory,True,True,53,49 | 50,128.8201619228096,37.85539548451919,52,2,16,33,0.85204,0.054422
2025,42092109,922,강릉-동해상사,True,4200351,송림,BIS inventory,True,True,6,3 | 4,128.82064394298325,37.85559369331711,7,22,30,14,0.114698,0.598639
2025,42092109,922,강릉-동해상사,True,4200352,연곡초교,BIS inventory,True,True,55,50 | 52,128.82816906723454,37.856817110094816,19,46,25,8,0.311322,1.251701
2025,42092109,922,강릉-동해상사,True,4200353,연곡초교,BIS inventory,True,True,4,2,128.82814655157526,37.8569020930201,7,17,30,16,0.114698,0.462585
2025,42092109,922,강릉-동해상사,True,4200354,연곡면사무소,BIS inventory,True,True,1 | 57,51 | 53,128.83726140830402,37.85982528703765,2850,2572,1,1,46.698345,69.986395
2025,42092109,922,강릉-동해상사,True,4200355,연곡면사무소,BIS inventory,True,True,2,1,128.8369030857598,37.8592954872826,76,1,13,41,1.245289,0.027211
2025,42092109,922,강릉-동해상사,True,4200419,소금강산종점,BIS inventory,True,True,30,26 | 27,128.70783064886766,37.81649025417566,967,179,2,3,15.844667,4.870748
2025,42092109,922,강릉-동해상사,True,4200428,소금강산삼거리,BIS inventory,True,True,34,30 | 31,128.70675214581883,37.84674771999477,71,7,14,24,1.163362,0.190476
2025,42092109,922,강릉-동해상사,True,4200429,소금강산삼거리,BIS inventory,True,True,26,22 | 23,128.70652525366145,37.84687236867498,4,79,34,6,0.065542,2.14966
2025,42092109,922,강릉-동해상사,True,4200510,송림길,BIS inventory,True,True,54,51,128.8252555621319,37.855656749226185,1,1,40,41,0.016385,0.027211
2025,42092109,922,강릉-동해상사,True,4200511,송림길,BIS inventory,True,True,5,3,128.8248292251072,37.8557650289636,2,2,36,33,0.032771,0.054422
2025,42092109,922,강릉-동해상사,True,4200526,새이골,BIS inventory,True,True,13,10 | 11,128.79025907473746,37.85322227035808,2,12,36,19,0.032771,0.326531
2025,42092109,922,강릉-동해상사,True,4201384,행정2리마을회관,BIS inventory,True,True,44,40 | 41,128.7837597224069,37.85121868121593,37,2,20,33,0.606259,0.054422
2025,42092111,931-1,강릉-동해상사,True,4200008,하평리,BIS inventory,True,True,27,26,128.87213896973955,37.836286638716444,68,15,24,15,0.813884,0.275685
2025,42092111,931-1,강릉-동해상사,True,4200140,사기막,BIS inventory,True,True,1,0,128.80639533289897,37.79268220157816,341,3,8,21,4.081388,0.055137
2025,42092111,931-1,강릉-동해상사,True,4200141,사기막마을회관,BIS inventory,True,True,2,1,128.81090286737634,37.79301923903732,275,0,10,,3.291442,0.0
2025,42092111,931-1,강릉-동해상사,True,4200143,해살이,BIS inventory,True,True,3,2,128.81431621857197,37.79226836473926,495,1,5,26,5.924596,0.018379
2025,42092111,931-1,강릉-동해상사,True,4200145,강릉면허시험장,BIS inventory,True,True,5,4,128.81940419285692,37.79563172548221,193,2,17,25,2.309994,0.036758
2025,42092111,931-1,강릉-동해상사,True,4200147,노동3리,BIS inventory,True,True,6,5,128.82566919932256,37.79922359821094,174,0,20,,2.082585,0.0
2025,42092111,931-1,강릉-동해상사,True,4200149,노동리,BIS inventory,True,True,7,6,128.82874179258144,37.80069747027654,225,0,14,,2.692998,0.0
2025,42092111,931-1,강릉-동해상사,True,4200151,연변,BIS inventory,True,True,9,8,128.83161739090895,37.80576988356887,515,3,4,21,6.163974,0.055137
2025,42092111,931-1,강릉-동해상사,True,4200155,농업기술센터,BIS inventory,True,True,10,9,128.8338261188764,37.81060324304077,222,1,15,26,2.657092,0.018379
2025,42092111,931-1,강릉-동해상사,True,4200157,한과마을,BIS inventory,True,True,11,10,128.83514950759155,37.81456555427515,181,1,18,26,2.166367,0.018379
2025,42092111,931-1,강릉-동해상사,True,4200159,노동회관,BIS inventory,True,True,12,11,128.83796621765993,37.818138280477356,459,0,6,,5.493716,0.0
2025,42092111,931-1,강릉-동해상사,True,4200161,노동하리.우리정미소,BIS inventory,True,True,13,12,128.8414822247496,37.82225221697478,52,3,27,21,0.622382,0.055137
2025,42092111,931-1,강릉-동해상사,True,4200163,갈골한과,BIS inventory,True,True,14,13,128.84366180450007,37.82449975412136,65,1,25,26,0.777977,0.018379
2025,42092111,931-1,강릉-동해상사,True,4200220,모래내행복센터,BIS inventory,True,True,16,15,128.84888855200666,37.82654759560158,104,1389,21,2,1.244764,25.528396
2025,42092111,931-1,강릉-동해상사,True,4200221,모래내행복센터,BIS inventory,True,True,19,18,128.84881781800846,37.82675602435266,410,7,7,18,4.907241,0.128653
2025,42092111,931-1,강릉-동해상사,True,4200222,사천면사무소,BIS inventory,True,True,18,17,128.84928192865996,37.82385848393331,770,6,2,19,9.216038,0.110274
2025,42092111,931-1,강릉-동해상사,True,4200223,사천면사무소,BIS inventory,True,True,17,16,128.84914337332015,37.8229406699122,1311,985,1,3,15.691203,18.10329
2025,42092111,931-1,강릉-동해상사,True,4200294,사천중학교,BIS inventory,True,True,15,14,128.84663312060465,37.82670813694838,69,31,23,8,0.825853,0.569748
2025,42092111,931-1,강릉-동해상사,True,4200369,가둔지유적,BIS inventory,True,True,30,29,128.882153019297,37.82520493756786,25,3,30,21,0.299222,0.055137
2025,42092111,931-1,강릉-동해상사,True,4200387,하평리,BIS inventory,True,True,24,23,128.86670662673083,37.834355194382326,3,16,34,14,0.035907,0.294064
2025,42092111,931-1,강릉-동해상사,True,4200388,미노마을입구,BIS inventory,True,True,23,22,128.86381568177012,37.83417468045317,1,1,35,26,0.011969,0.018379
2025,42092111,931-1,강릉-동해상사,True,4200391,판교리,BIS inventory,True,True,22,21,128.86009464856716,37.83346652558502,5,1,33,26,0.059844,0.018379
2025,42092111,931-1,강릉-동해상사,True,4200435,사근진해변,BIS inventory,True,True,34,33,128.89766129562162,37.81294729745145,180,77,19,7,2.154399,1.415181
2025,42092111,931-1,강릉-동해상사,True,4200437,순긋해변,BIS inventory,True,True,33,32,128.89288352206873,37.81622289476459,209,31,16,8,2.501496,0.569748
2025,42092111,931-1,강릉-동해상사,True,4200439,순포해변,BIS inventory,True,True,32,31,128.8896479640838,37.81947984719446,18,8,31,17,0.21544,0.147032
2025,42092111,931-1,강릉-동해상사,True,4200441,산대월리.순포,BIS inventory,True,True,31,30,128.88527417343033,37.822868850849,65,19,25,13,0.777977,0.349201
2025,42092111,931-1,강릉-동해상사,True,4200443,사천해변,BIS inventory,True,True,29,28,128.87827311977188,37.82882341864164,71,101,22,6,0.849791,1.856276
2025,42092111,931-1,강릉-동해상사,True,4200445,사천캠핑장,BIS inventory,True,True,28,27,128.8750445298634,37.831686225915426,47,14,28,16,0.562537,0.257306
2025,42092111,931-1,강릉-동해상사,True,4200447,사천물회거리,BIS inventory,True,True,25,24,128.8757309061334,37.83810545841113,735,407,3,4,8.797127,7.480243
2025,42092111,931-1,강릉-동해상사,True,4201231,사기막리,BIS inventory,True,True,4,3,128.81838250417627,37.7939296154463,235,5,12,20,2.812687,0.091895
2025,42092111,931-1,강릉-동해상사,True,4201238,사천진리,BIS inventory,True,True,26,25,128.87339689589916,37.83812340174815,330,333,9,5,3.949731,6.120198
2025,42092111,931-1,강릉-동해상사,True,4201242,경포해변,BIS inventory,True,False,,34,128.9052529004403,37.80440358093674,26,1908,29,1,0.311191,35.067083
2025,42092111,931-1,강릉-동해상사,True,4201381,너다리,BIS inventory,True,True,20,19,128.85390220166778,37.83022805772032,243,21,11,11,2.908438,0.385958
2025,42092111,931-1,강릉-동해상사,True,4201416,노동상리경로당,BIS inventory,True,True,8,7,128.8298366569875,37.803466498207534,7,21,32,11,0.083782,0.385958
2025,42092111,931-1,강릉-동해상사,True,4202153,운양초등학교,BIS inventory,True,True,21,20,128.8590953489884,37.83649095483332,226,27,13,10,2.704967,0.496232
2025,42092112,933,강릉-동해상사,True,4200004,숲사랑홍보관,BIS inventory,True,True,4,3,128.85126457297872,37.81878304910103,30,3,5,8,2.32378,0.350877
2025,42092112,933,강릉-동해상사,True,4200222,사천면사무소,BIS inventory,True,True,9,8,128.84928192865996,37.82385848393331,10,175,7,3,0.774593,20.467836
2025,42092112,933,강릉-동해상사,True,4200223,사천면사무소,BIS inventory,True,True,1,0,128.84914337332015,37.8229406699122,299,64,2,4,23.160341,7.48538
2025,42092112,933,강릉-동해상사,True,4200224,북부노인대학,BIS inventory,True,True,3,2,128.85070066292354,37.820164105652225,0,8,,7,0.0,0.935673
2025,42092112,933,강릉-동해상사,True,4200383,산대월리마을회관,BIS inventory,True,True,6,5,128.8709163724858,37.815914215160845,279,9,3,6,21.611154,1.052632
2025,42092112,933,강릉-동해상사,True,4200384,미노리,BIS inventory,True,True,8,7,128.86484857598091,37.82971678699962,278,19,4,5,21.533695,2.222222
2025,42092112,933,강릉-동해상사,True,4200385,덕실리,BIS inventory,True,True,2,1,128.83425245451167,37.806566789081664,369,343,1,1,28.582494,40.116959
2025,42092112,933,강릉-동해상사,True,4200418,강릉아산병원.강릉약국,BIS inventory,True,True,7,6,128.8564121349402,37.81631278949057,26,234,6,2,2.013943,27.368421
2025,42092113,930,강릉-동해상사,True,4200008,하평리,BIS inventory,True,True,11,10,128.87213896973955,37.836286638716444,295,14,4,8,12.650086,0.867948
2025,42092113,930,강릉-동해상사,True,4200154,너다리,BIS inventory,True,True,16,15,128.85384039907868,37.83030516388511,33,17,10,6,1.415094,1.053937
2025,42092113,930,강릉-동해상사,True,4200220,모래내행복센터,BIS inventory,True,True,17,16,128.84888855200666,37.82654759560158,4,938,17,1,0.171527,58.152511
2025,42092113,930,강릉-동해상사,True,4200223,사천면사무소,BIS inventory,True,True,18,17,128.84914337332015,37.8229406699122,9,428,16,2,0.385935,26.534408
2025,42092113,930,강릉-동해상사,True,4200368,가둔지유적,BIS inventory,True,True,6,5,128.882327030694,37.82527019767428,12,8,15,12,0.51458,0.49597
2025,42092113,930,강릉-동해상사,True,4200386,하평리,BIS inventory,True,True,12,11,128.86662078612576,37.834407329862614,18,0,13,,0.77187,0.0
2025,42092113,930,강릉-동해상사,True,4200389,판교리,BIS inventory,True,True,13,12,128.8629774027657,37.834258791663885,2,0,18,,0.085763,0.0
2025,42092113,930,강릉-동해상사,True,4200390,운양초교,BIS inventory,True,True,14,13,128.85999131659992,37.833521248123965,57,15,7,7,2.444254,0.929944
2025,42092113,930,강릉-동해상사,True,4200434,사근진해변,BIS inventory,True,True,2,1,128.898597450209,37.812322584245415,29,18,12,5,1.243568,1.115933
2025,42092113,930,강릉-동해상사,True,4200436,순긋해변,BIS inventory,True,True,3,2,128.89252003394913,37.81667547893821,17,14,14,8,0.728988,0.867948
2025,42092113,930,강릉-동해상사,True,4200438,순포해변,BIS inventory,True,True,4,3,128.8909555032514,37.81845994015455,41,10,9,10,1.758148,0.619963
2025,42092113,930,강릉-동해상사,True,4200440,산대월리.순포,BIS inventory,True,True,5,4,128.88547702493108,37.822903011074914,51,6,8,13,2.186964,0.371978
2025,42092113,930,강릉-동해상사,True,4200442,사천해변,BIS inventory,True,True,7,6,128.87869491904522,37.828713817312966,164,10,6,10,7.03259,0.619963
2025,42092113,930,강릉-동해상사,True,4200444,사천캠핑장,BIS inventory,True,True,8,7,128.87516834469744,37.831731302711255,32,1,11,16,1.372213,0.061996
2025,42092113,930,강릉-동해상사,True,4200447,사천물회거리,BIS inventory,True,True,9,8,128.8757309061334,37.83810545841113,407,93,3,3,17.45283,5.765654
2025,42092113,930,강릉-동해상사,True,4201238,사천진리,BIS inventory,True,True,10,9,128.87339689589916,37.83812340174815,427,36,2,4,18.310463,2.231866
2025,42092113,930,강릉-동해상사,True,4201242,경포해변,BIS inventory,True,True,1,0,128.9052529004403,37.80440358093674,564,3,1,14,24.185249,0.185989
2025,42092113,930,강릉-동해상사,True,4202153,운양초등학교,BIS inventory,True,True,15,14,128.8590953489884,37.83649095483332,170,2,5,15,7.28988,0.123993
2025,42092114,930-1,강릉-동해상사,True,4200008,하평리,BIS inventory,True,True,10,9,128.87213896973955,37.836286638716444,26,22,11,7,1.116359,1.705426
2025,42092114,930-1,강릉-동해상사,True,4200221,모래내행복센터,BIS inventory,True,True,2,1,128.84881781800846,37.82675602435266,101,0,5,,4.336625,0.0
2025,42092114,930-1,강릉-동해상사,True,4200222,사천면사무소,BIS inventory,True,True,1,0,128.84928192865996,37.82385848393331,1263,3,1,14,54.229283,0.232558
2025,42092114,930-1,강릉-동해상사,True,4200369,가둔지유적,BIS inventory,True,True,13,12,128.882153019297,37.82520493756786,17,2,13,15,0.729927,0.155039
2025,42092114,930-1,강릉-동해상사,True,4200387,하평리,BIS inventory,True,True,7,6,128.86670662673083,37.834355194382326,8,19,14,8,0.343495,1.472868
2025,42092114,930-1,강릉-동해상사,True,4200388,미노마을입구,BIS inventory,True,True,6,5,128.86381568177012,37.83417468045317,1,0,17,,0.042937,0.0
2025,42092114,930-1,강릉-동해상사,True,4200435,사근진해변,BIS inventory,True,True,17,16,128.89766129562162,37.81294729745145,130,43,3,4,5.581795,3.333333
2025,42092114,930-1,강릉-동해상사,True,4200437,순긋해변,BIS inventory,True,True,16,15,128.89288352206873,37.81622289476459,111,17,4,9,4.765994,1.317829
2025,42092114,930-1,강릉-동해상사,True,4200439,순포해변,BIS inventory,True,True,15,14,128.8896479640838,37.81947984719446,23,17,12,9,0.987548,1.317829
2025,42092114,930-1,강릉-동해상사,True,4200441,산대월리.순포,BIS inventory,True,True,14,13,128.88527417343033,37.822868850849,60,29,8,5,2.576213,2.248062
2025,42092114,930-1,강릉-동해상사,True,4200443,사천해변,BIS inventory,True,True,12,11,128.87827311977188,37.82882341864164,36,9,9,11,1.545728,0.697674
2025,42092114,930-1,강릉-동해상사,True,4200445,사천캠핑장,BIS inventory,True,True,11,10,128.8750445298634,37.831686225915426,29,9,10,11,1.24517,0.697674
2025,42092114,930-1,강릉-동해상사,True,4200447,사천물회거리,BIS inventory,True,True,8,7,128.8757309061334,37.83810545841113,347,285,2,2,14.899098,22.093023
2025,42092114,930-1,강릉-동해상사,True,4201238,사천진리,BIS inventory,True,True,9,8,128.87339689589916,37.83812340174815,78,77,7,3,3.349077,5.968992
2025,42092114,930-1,강릉-동해상사,True,4201242,경포해변,BIS inventory,True,False,,17,128.9052529004403,37.80440358093674,8,724,14,1,0.343495,56.124031
2025,42092114,930-1,강릉-동해상사,True,4201381,너다리,BIS inventory,True,True,3,2,128.85390220166778,37.83022805772032,83,29,6,5,3.563761,2.248062
2025,42092114,930-1,강릉-동해상사,True,4202153,운양초등학교,BIS inventory,True,True,4,3,128.8590953489884,37.83649095483332,8,5,14,13,0.343495,0.387597
2025,42092115,934,강릉-동해상사,True,4200008,하평리,BIS inventory,True,True,11,10,128.87213896973955,37.836286638716444,373,5,5,15,5.398755,0.103284
2025,42092115,934,강릉-동해상사,True,4200154,너다리,BIS inventory,True,True,15,14,128.85384039907868,37.83030516388511,81,22,14,9,1.172384,0.454452
2025,42092115,934,강릉-동해상사,True,4200220,모래내행복센터,BIS inventory,True,True,16,15,128.84888855200666,37.82654759560158,108,468,11,4,1.563178,9.667424
2025,42092115,934,강릉-동해상사,True,4200223,사천면사무소,BIS inventory,True,True,17,16,128.84914337332015,37.8229406699122,107,581,12,2,1.548705,12.001653
2025,42092115,934,강릉-동해상사,True,4200252,신영극장,BIS inventory,True,True,18,17,128.8961287589657,37.75448236011555,68,2757,16,1,0.984223,56.951043
2025,42092115,934,강릉-동해상사,True,4200368,가둔지유적,BIS inventory,True,True,6,5,128.882327030694,37.82527019767428,81,4,14,17,1.172384,0.082628
2025,42092115,934,강릉-동해상사,True,4200386,하평리,BIS inventory,True,True,12,11,128.86662078612576,37.834407329862614,67,2,17,18,0.96975,0.041314
2025,42092115,934,강릉-동해상사,True,4200389,판교리,BIS inventory,True,True,13,12,128.8629774027657,37.834258791663885,7,1,19,19,0.101317,0.020657
2025,42092115,934,강릉-동해상사,True,4200390,운양초교,BIS inventory,True,True,14,13,128.85999131659992,37.833521248123965,416,6,4,14,6.021132,0.123941
2025,42092115,934,강릉-동해상사,True,4200434,사근진해변,BIS inventory,True,True,2,1,128.898597450209,37.812322584245415,215,43,8,7,3.111883,0.888246
2025,42092115,934,강릉-동해상사,True,4200436,순긋해변,BIS inventory,True,True,3,2,128.89252003394913,37.81667547893821,257,225,7,5,3.719786,4.6478
2025,42092115,934,강릉-동해상사,True,4200438,순포해변,BIS inventory,True,True,4,3,128.8909555032514,37.81845994015455,139,14,10,13,2.011869,0.289196
2025,42092115,934,강릉-동해상사,True,4200440,산대월리.순포,BIS inventory,True,True,5,4,128.88547702493108,37.822903011074914,313,5,6,15,4.530323,0.103284
2025,42092115,934,강릉-동해상사,True,4200442,사천해변,BIS inventory,True,True,7,6,128.87869491904522,37.828713817312966,152,21,9,10,2.200029,0.433795
2025,42092115,934,강릉-동해상사,True,4200444,사천캠핑장,BIS inventory,True,True,8,7,128.87516834469744,37.831731302711255,105,18,13,11,1.519757,0.371824
2025,42092115,934,강릉-동해상사,True,4200447,사천물회거리,BIS inventory,True,True,9,8,128.8757309061334,37.83810545841113,1916,154,1,6,27.731944,3.181161
2025,42092115,934,강릉-동해상사,True,4200797,KTX공영주차장환승장,BIS inventory,True,True,19,18,128.8967850727094,37.762190942376556,33,472,18,3,0.477638,9.750052
2025,42092115,934,강릉-동해상사,True,4201238,사천진리,BIS inventory,True,True,10,9,128.87339689589916,37.83812340174815,1316,27,2,8,19.047619,0.557736
2025,42092115,934,강릉-동해상사,True,4201242,경포해변,BIS inventory,True,True,1,0,128.9052529004403,37.80440358093674,1155,16,3,12,16.717325,0.33051
2025,42092116,934-1,강릉-동해상사,True,4200008,하평리,BIS inventory,True,True,11,10,128.87213896973955,37.836286638716444,148,26,9,12,2.679703,0.83682
2025,42092116,934-1,강릉-동해상사,True,4200221,모래내행복센터,BIS inventory,True,True,4,3,128.84881781800846,37.82675602435266,181,22,7,15,3.277204,0.708079
2025,42092116,934-1,강릉-동해상사,True,4200222,사천면사무소,BIS inventory,True,True,3,2,128.84928192865996,37.82385848393331,724,51,2,10,13.108818,1.641455
2025,42092116,934-1,강릉-동해상사,True,4200253,교보생명,BIS inventory,True,True,2,1,128.89811415297848,37.756002485379526,2535,18,1,16,45.898968,0.579337
2025,42092116,934-1,강릉-동해상사,True,4200369,가둔지유적,BIS inventory,True,True,14,13,128.882153019297,37.82520493756786,20,3,14,18,0.362122,0.096556
2025,42092116,934-1,강릉-동해상사,True,4200387,하평리,BIS inventory,True,True,8,7,128.86670662673083,37.834355194382326,4,148,17,5,0.072424,4.763437
2025,42092116,934-1,강릉-동해상사,True,4200388,미노마을입구,BIS inventory,True,True,7,6,128.86381568177012,37.83417468045317,0,23,,14,0.0,0.740264
2025,42092116,934-1,강릉-동해상사,True,4200391,판교리,BIS inventory,True,True,6,5,128.86009464856716,37.83346652558502,8,61,15,9,0.144849,1.963309
2025,42092116,934-1,강릉-동해상사,True,4200435,사근진해변,BIS inventory,True,True,18,17,128.89766129562162,37.81294729745145,331,164,4,4,5.99312,5.278404
2025,42092116,934-1,강릉-동해상사,True,4200437,순긋해변,BIS inventory,True,True,17,16,128.89288352206873,37.81622289476459,279,91,5,6,5.051602,2.92887
2025,42092116,934-1,강릉-동해상사,True,4200439,순포해변,BIS inventory,True,True,16,15,128.8896479640838,37.81947984719446,31,27,13,11,0.561289,0.869005
2025,42092116,934-1,강릉-동해상사,True,4200441,산대월리.순포,BIS inventory,True,True,15,14,128.88527417343033,37.822868850849,80,67,12,7,1.448488,2.156421
2025,42092116,934-1,강릉-동해상사,True,4200443,사천해변,BIS inventory,True,True,13,12,128.87827311977188,37.82882341864164,131,64,10,8,2.371899,2.059865
2025,42092116,934-1,강릉-동해상사,True,4200445,사천캠핑장,BIS inventory,True,True,12,11,128.8750445298634,37.831686225915426,117,26,11,12,2.118414,0.83682
2025,42092116,934-1,강릉-동해상사,True,4200447,사천물회거리,BIS inventory,True,True,9,8,128.8757309061334,37.83810545841113,525,523,3,2,9.505703,16.832958
2025,42092116,934-1,강릉-동해상사,True,4200797,KTX공영주차장환승장,BIS inventory,True,True,1,0,128.8967850727094,37.762190942376556,228,3,6,18,4.128191,0.096556
2025,42092116,934-1,강릉-동해상사,True,4201238,사천진리,BIS inventory,True,True,10,9,128.87339689589916,37.83812340174815,174,182,8,3,3.150462,5.857741
2025,42092116,934-1,강릉-동해상사,True,4201242,경포해변,BIS inventory,True,False,,18,128.9052529004403,37.80440358093674,5,1603,16,1,0.090531,51.593177
2025,42092116,934-1,강릉-동해상사,True,4201381,너다리,BIS inventory,True,True,5,4,128.85390220166778,37.83022805772032,2,5,18,17,0.036212,0.160927
2025,42092117,935,강릉-동해상사,True,4200140,사기막,BIS inventory,True,True,19,18,128.80639533289897,37.79268220157816,36,128,8,6,0.51539,7.569486
2025,42092117,935,강릉-동해상사,True,4200142,사기막마을회관,BIS inventory,True,True,18,17,128.8109379000351,37.79306001321451,3,130,13,5,0.042949,7.687759
2025,42092117,935,강릉-동해상사,True,4200144,해살이,BIS inventory,True,True,17,16,128.81433946380196,37.79231712471411,41,133,7,4,0.586972,7.865169
2025,42092117,935,강릉-동해상사,True,4200146,강릉면허시험장,BIS inventory,True,True,15,14,128.81937813512624,37.79573671702786,2,305,16,1,0.028633,18.036665
2025,42092117,935,강릉-동해상사,True,4200148,노동3리,BIS inventory,True,True,14,13,128.8256207085255,37.79927586550659,2,88,16,8,0.028633,5.204021
2025,42092117,935,강릉-동해상사,True,4200150,노동리,BIS inventory,True,True,13,12,128.82882389300474,37.80095549884616,1,106,18,7,0.014316,6.26848
2025,42092117,935,강릉-동해상사,True,4200152,연변,BIS inventory,True,True,11,10,128.83155522186766,37.80584297639379,5,165,11,3,0.071582,9.75754
2025,42092117,935,강릉-동해상사,True,4200156,농업기술센터,BIS inventory,True,True,10,9,128.83374479432362,37.810623749433574,3,16,13,15,0.042949,0.946186
2025,42092117,935,강릉-동해상사,True,4200158,한과마을,BIS inventory,True,True,9,8,128.8351667630484,37.81469760511987,3,51,13,12,0.042949,3.015967
2025,42092117,935,강릉-동해상사,True,4200160,노동회관,BIS inventory,True,True,8,7,128.8379192525419,37.818202495776156,13,219,10,2,0.186113,12.950917
2025,42092117,935,강릉-동해상사,True,4200162,노동하리.우리정미소,BIS inventory,True,True,7,6,128.84138542146533,37.82227295047229,5,24,11,14,0.071582,1.419279
2025,42092117,935,강릉-동해상사,True,4200164,갈골한과,BIS inventory,True,True,6,5,128.84368704633178,37.82462303691711,1,3,18,19,0.014316,0.17741
2025,42092117,935,강릉-동해상사,True,4200165,사천중학교,BIS inventory,True,True,5,4,128.84662013233944,37.82677848556301,165,6,5,18,2.362205,0.35482
2025,42092117,935,강릉-동해상사,True,4200221,모래내행복센터,BIS inventory,True,True,4,3,128.84881781800846,37.82675602435266,206,10,4,16,2.949177,0.591366
2025,42092117,935,강릉-동해상사,True,4200222,사천면사무소,BIS inventory,True,True,3,2,128.84928192865996,37.82385848393331,1903,85,2,11,27.244094,5.026611
2025,42092117,935,강릉-동해상사,True,4200253,교보생명,BIS inventory,True,True,2,1,128.89811415297848,37.756002485379526,4236,38,1,13,60.644238,2.247191
2025,42092117,935,강릉-동해상사,True,4200797,KTX공영주차장환승장,BIS inventory,True,True,1,0,128.8967850727094,37.762190942376556,280,10,3,16,4.00859,0.591366
2025,42092117,935,강릉-동해상사,True,4201230,사기막리,BIS inventory,True,True,16,15,128.8183214702477,37.793964034615996,54,87,6,9,0.773085,5.144885
2025,42092117,935,강릉-동해상사,True,4201415,노동상리경로당,BIS inventory,True,True,12,11,128.82974913139455,37.80349598363215,26,87,9,9,0.372226,5.144885
2025,42092118,935-1,강릉-동해상사,True,4200140,사기막,BIS inventory,True,True,1,0,128.80639533289897,37.79268220157816,896,4,4,9,10.444108,0.07096
2025,42092118,935-1,강릉-동해상사,True,4200141,사기막마을회관,BIS inventory,True,True,2,1,128.81090286737634,37.79301923903732,760,3,5,13,8.858841,0.05322
2025,42092118,935-1,강릉-동해상사,True,4200143,해살이,BIS inventory,True,True,3,2,128.81431621857197,37.79226836473926,939,3,3,13,10.945332,0.05322
2025,42092118,935-1,강릉-동해상사,True,4200145,강릉면허시험장,BIS inventory,True,True,5,4,128.81940419285692,37.79563172548221,391,5,9,8,4.557641,0.0887
2025,42092118,935-1,강릉-동해상사,True,4200147,노동3리,BIS inventory,True,True,6,5,128.82566919932256,37.79922359821094,352,1,10,17,4.103042,0.01774
2025,42092118,935-1,강릉-동해상사,True,4200149,노동리,BIS inventory,True,True,7,6,128.82874179258144,37.80069747027654,446,0,8,,5.198741,0.0
2025,42092118,935-1,강릉-동해상사,True,4200151,연변,BIS inventory,True,True,9,8,128.83161739090895,37.80576988356887,1296,4,2,9,15.106656,0.07096
2025,42092118,935-1,강릉-동해상사,True,4200155,농업기술센터,BIS inventory,True,True,10,9,128.8338261188764,37.81060324304077,156,0,12,,1.818394,0.0
2025,42092118,935-1,강릉-동해상사,True,4200157,한과마을,BIS inventory,True,True,11,10,128.83514950759155,37.81456555427515,555,2,7,15,6.469285,0.03548
2025,42092118,935-1,강릉-동해상사,True,4200159,노동회관,BIS inventory,True,True,12,11,128.83796621765993,37.818138280477356,1400,31,1,6,16.318918,0.549938
2025,42092118,935-1,강릉-동해상사,True,4200161,노동하리.우리정미소,BIS inventory,True,True,13,12,128.8414822247496,37.82225221697478,282,4,11,9,3.287096,0.07096
2025,42092118,935-1,강릉-동해상사,True,4200163,갈골한과,BIS inventory,True,True,14,13,128.84366180450007,37.82449975412136,75,2,16,15,0.874228,0.03548
2025,42092118,935-1,강릉-동해상사,True,4200220,모래내행복센터,BIS inventory,True,True,16,15,128.84888855200666,37.82654759560158,85,1111,14,2,0.990791,19.709065
2025,42092118,935-1,강릉-동해상사,True,4200223,사천면사무소,BIS inventory,True,True,17,16,128.84914337332015,37.8229406699122,93,1038,13,3,1.084042,18.41405
2025,42092118,935-1,강릉-동해상사,True,4200252,신영극장,BIS inventory,True,True,18,17,128.8961287589657,37.75448236011555,79,3064,15,1,0.920853,54.355153
2025,42092118,935-1,강릉-동해상사,True,4200294,사천중학교,BIS inventory,True,True,15,14,128.84663312060465,37.82670813694838,3,45,19,5,0.034969,0.798297
2025,42092118,935-1,강릉-동해상사,True,4200797,KTX공영주차장환승장,BIS inventory,True,True,19,18,128.8967850727094,37.762190942376556,25,309,18,4,0.291409,5.481639
2025,42092118,935-1,강릉-동해상사,True,4201231,사기막리,BIS inventory,True,True,4,3,128.81838250417627,37.7939296154463,712,4,6,9,8.299336,0.07096
2025,42092118,935-1,강릉-동해상사,True,4201416,노동상리경로당,BIS inventory,True,True,8,7,128.8298366569875,37.803466498207534,33,7,17,7,0.38466,0.12418
2025,42092118,935-1,강릉-동해상사,True,~,,unavailable,False,False,,0,,,1,0,,,0.011656,0.0
2025,42092141,시티1,강릉-동해상사,True,4200002,소돌해변입구,BIS inventory,True,True,36,31 | 32 | 33 | 34 | 35,128.81905535960837,37.90780434670355,256,814,41,20,0.344197,1.354342
2025,42092141,시티1,강릉-동해상사,True,4200181,주문진해변,BIS inventory,True,True,38,33 | 34 | 35 | 36 | 37,128.81692175696733,37.90940788063508,2166,364,13,31,2.91223,0.605627
2025,42092141,시티1,강릉-동해상사,True,4200182,주문진해변,BIS inventory,True,True,37,32 | 33 | 34 | 35 | 36,128.81704671925502,37.90944057885068,69,1676,62,10,0.092772,2.788546
2025,42092141,시티1,강릉-동해상사,True,4200244,안목커피거리,BIS inventory,True,True,70,62 | 64 | 66 | 68 | 69,128.94578809167245,37.77230230429985,89,8595,58,1,0.119662,14.300451
2025,42092141,시티1,강릉-동해상사,True,4200323,경포해변,BIS inventory,True,True,10,8 | 9,128.90582022350918,37.80466237027648,3987,3020,4,6,5.3606,5.024708
2025,42092141,시티1,강릉-동해상사,True,4200368,가둔지유적,BIS inventory,True,True,15,13 | 14,128.882327030694,37.82527019767428,31,87,66,57,0.04168,0.144752
2025,42092141,시티1,강릉-동해상사,True,4200369,가둔지유적,BIS inventory,True,True,57,50 | 52 | 54 | 55 | 56,128.882153019297,37.82520493756786,109,31,53,65,0.146553,0.051578
2025,42092141,시티1,강릉-동해상사,True,4200381,연곡소나무길,BIS inventory,True,True,22,18 | 19 | 20 | 21,128.86219953750597,37.850074873961454,119,195,50,42,0.159998,0.324443
2025,42092141,시티1,강릉-동해상사,True,4200434,사근진해변,BIS inventory,True,True,11,10 | 9,128.898597450209,37.812322584245415,724,1227,26,13,0.973432,2.041495
2025,42092141,시티1,강릉-동해상사,True,4200435,사근진해변,BIS inventory,True,True,61,54 | 56 | 58 | 59 | 60,128.89766129562162,37.81294729745145,2769,874,9,19,3.722975,1.45417
2025,42092141,시티1,강릉-동해상사,True,4200436,순긋해변,BIS inventory,True,True,12,10 | 11,128.89252003394913,37.81667547893821,371,384,33,30,0.498817,0.638903
2025,42092141,시티1,강릉-동해상사,True,4200437,순긋해변,BIS inventory,True,True,60,53 | 55 | 57 | 58 | 59,128.89288352206873,37.81622289476459,1566,191,17,43,2.105518,0.317788
2025,42092141,시티1,강릉-동해상사,True,4200438,순포해변,BIS inventory,True,True,13,11 | 12,128.8909555032514,37.81845994015455,78,108,60,48,0.104873,0.179692
2025,42092141,시티1,강릉-동해상사,True,4200439,순포해변,BIS inventory,True,True,59,52 | 54 | 56 | 57 | 58,128.8896479640838,37.81947984719446,94,92,56,52,0.126385,0.153071
2025,42092141,시티1,강릉-동해상사,True,4200440,산대월리.순포,BIS inventory,True,True,14,12 | 13,128.88547702493108,37.822903011074914,151,172,49,44,0.203022,0.286175
2025,42092141,시티1,강릉-동해상사,True,4200441,산대월리.순포,BIS inventory,True,True,58,51 | 53 | 55 | 56 | 57,128.88527417343033,37.822868850849,347,108,34,48,0.466548,0.179692
2025,42092141,시티1,강릉-동해상사,True,4200442,사천해변,BIS inventory,True,True,16,14 | 15,128.87869491904522,37.828713817312966,106,409,54,29,0.142519,0.680498
2025,42092141,시티1,강릉-동해상사,True,4200443,사천해변,BIS inventory,True,True,56,49 | 51 | 53 | 54 | 55,128.87827311977188,37.82882341864164,471,72,29,59,0.633269,0.119794
2025,42092141,시티1,강릉-동해상사,True,4200444,사천캠핑장,BIS inventory,True,True,17,15 | 16,128.87516834469744,37.831731302711255,92,286,57,38,0.123696,0.47585
2025,42092141,시티1,강릉-동해상사,True,4200445,사천캠핑장,BIS inventory,True,True,55,48 | 50 | 52 | 53 | 54,128.8750445298634,37.831686225915426,381,43,32,62,0.512262,0.071544
2025,42092141,시티1,강릉-동해상사,True,4200447,사천물회거리,BIS inventory,True,True,18,16 | 17,128.8757309061334,37.83810545841113,1463,2024,18,8,1.967032,3.367552
2025,42092141,시티1,강릉-동해상사,True,4200449,사천물회거리,BIS inventory,True,True,54,47 | 49 | 51 | 52 | 53,128.8755979856823,37.838072593350674,3011,626,8,24,4.048349,1.041545
2025,42092141,시티1,강릉-동해상사,True,4200450,연곡해변,BIS inventory,True,True,49,44 | 45 | 46 | 47 | 48,128.8529783059013,37.85739414992972,240,92,43,52,0.322685,0.153071
2025,42092141,시티1,강릉-동해상사,True,4200451,연곡해변,BIS inventory,True,True,23,19 | 20 | 21 | 22,128.85309149153562,37.85745785808507,156,125,48,45,0.209745,0.207976
2025,42092141,시티1,강릉-동해상사,True,4200509,연곡소나무길,BIS inventory,True,True,50,45 | 46 | 47 | 48 | 49,128.8618386269624,37.85018703668437,318,88,37,56,0.427557,0.146415
2025,42092141,시티1,강릉-동해상사,True,4200517,해오름쉼터,BIS inventory,True,True,46,41 | 42 | 43 | 44 | 45,128.8414184387453,37.87167485028107,219,89,44,55,0.29445,0.148079
2025,42092141,시티1,강릉-동해상사,True,4200518,소돌해변,BIS inventory,True,True,39,34 | 35 | 36 | 37 | 38,128.8237001059589,37.9072478711743,803,22,24,67,1.079649,0.036604
2025,42092141,시티1,강릉-동해상사,True,4200522,게스트하우스거리,BIS inventory,True,True,31,26 | 27 | 28 | 29 | 30,128.8339253329715,37.896167167389095,39,208,65,41,0.052436,0.346073
2025,42092141,시티1,강릉-동해상사,True,4200523,소돌해변,BIS inventory,True,True,35,30 | 31 | 32 | 33 | 34,128.82357421556765,37.90742431202615,13,494,69,26,0.017479,0.821922
2025,42092141,시티1,강릉-동해상사,True,4200527,오리진항,BIS inventory,True,True,33,28 | 29 | 30 | 31 | 32,128.8317491433552,37.9007448060665,22,312,67,35,0.029579,0.519109
2025,42092141,시티1,강릉-동해상사,True,4200531,게스트하우스거리,BIS inventory,True,True,43,38 | 39 | 40 | 41 | 42,128.83380690814315,37.89613511363595,344,109,35,47,0.462515,0.181355
2025,42092141,시티1,강릉-동해상사,True,4200532,주문진항,BIS inventory,True,True,29,25 | 26 | 27 | 28,128.8290758047728,37.892766657375546,246,791,42,21,0.330752,1.316074
2025,42092141,시티1,강릉-동해상사,True,4200536,오리진항,BIS inventory,True,True,41,36 | 37 | 38 | 39 | 40,128.8317047746547,37.90064451287537,749,5,25,70,1.007045,0.008319
2025,42092141,시티1,강릉-동해상사,True,4200539,해오름쉼터,BIS inventory,True,True,26,22 | 23 | 24 | 25,128.8415292308554,37.871715916564284,219,479,44,27,0.29445,0.796965
2025,42092141,시티1,강릉-동해상사,True,4200549,세인트존스호텔,BIS inventory,True,True,65,58 | 60 | 62 | 63 | 64,128.92167986735865,37.790864197302774,1229,1713,21,9,1.652415,2.850107
2025,42092141,시티1,강릉-동해상사,True,4200550,세인트존스호텔,BIS inventory,True,True,6,4 | 5,128.9216970367292,37.79098344901958,1349,464,20,28,1.813757,0.772008
2025,42092141,시티1,강릉-동해상사,True,4200553,해송삼거리,BIS inventory,True,True,66,59 | 61 | 63 | 64 | 65,128.9252087534945,37.78824187943356,168,1497,47,11,0.225879,2.490724
2025,42092141,시티1,강릉-동해상사,True,4200554,해송삼거리,BIS inventory,True,True,5,3 | 4,128.92513343525474,37.78843042396744,1997,63,14,60,2.685006,0.10482
2025,42092141,시티1,강릉-동해상사,True,4200613,강문해변,BIS inventory,True,True,64,57 | 59 | 61 | 62 | 63,128.91641678869786,37.79529298920251,3076,6409,7,2,4.135743,10.663361
2025,42092141,시티1,강릉-동해상사,True,4201057,안목커피거리,BIS inventory,True,True,1,0,128.94590416266868,37.77225695392567,7593,92,1,52,10.208938,0.153071
2025,42092141,시티1,강릉-동해상사,True,4201242,경포해변,BIS inventory,True,True,62,55 | 57 | 59 | 60 | 61,128.9052529004403,37.80440358093674,5753,4913,3,3,7.735022,8.174301
2025,42092141,시티1,강릉-동해상사,True,4201261,강문해변입구,BIS inventory,True,True,8,6 | 7,128.9152492720649,37.794762154181576,2547,502,10,25,3.424492,0.835233
2025,42092141,시티1,강릉-동해상사,True,4201262,안목해변,BIS inventory,True,True,69,61 | 63 | 65 | 67 | 68,128.9453268042541,37.77365094131008,16,3650,68,5,0.021512,6.072908
2025,42092141,시티1,강릉-동해상사,True,4201263,안목해변,BIS inventory,True,True,2,1,128.94493768408068,37.774178194287636,3493,26,5,66,4.696407,0.043259
2025,42092141,시티1,강릉-동해상사,True,4201264,송정해변,BIS inventory,True,True,68,60 | 62 | 64 | 66 | 67,128.93690998005923,37.77994173288209,76,1307,61,12,0.102184,2.1746
2025,42092141,시티1,강릉-동해상사,True,4201265,송정해변,BIS inventory,True,True,3,2,128.937243026154,37.779799396228796,2379,33,12,64,3.198612,0.054906
2025,42092141,시티1,강릉-동해상사,True,4201266,경포호,BIS inventory,True,True,63,56 | 58 | 60 | 61 | 62,128.91144337577538,37.79931158521169,1384,1211,19,14,1.860815,2.014874
2025,42092141,시티1,강릉-동해상사,True,4201267,경포호,BIS inventory,True,True,9,7 | 8,128.91154424859525,37.79966287216199,1176,884,22,17,1.581155,1.470808
2025,42092141,시티1,강릉-동해상사,True,4201268,사천진해변,BIS inventory,True,True,52,46 | 47 | 49 | 50 | 51,128.87339749147367,37.84293833117085,842,319,23,34,1.132086,0.530756
2025,42092141,시티1,강릉-동해상사,True,4201269,영진항,BIS inventory,True,True,24,20 | 21 | 22 | 23,128.8478764921571,37.86744935186811,84,300,59,37,0.11294,0.499143
2025,42092141,시티1,강릉-동해상사,True,4201270,영진항,BIS inventory,True,True,48,43 | 44 | 45 | 46 | 47,128.84778900128174,37.86736001237831,329,93,36,51,0.442347,0.154734
2025,42092141,시티1,강릉-동해상사,True,4201271,영진해변,BIS inventory,True,True,47,42 | 43 | 44 | 45 | 46,128.84407553359966,37.870005012045354,1605,305,16,36,2.157954,0.507462
2025,42092141,시티1,강릉-동해상사,True,4201272,영진해변,BIS inventory,True,True,25,21 | 22 | 23 | 24,128.84410671788726,37.87009887053988,703,662,27,23,0.945197,1.101443
2025,42092141,시티1,강릉-동해상사,True,4201273,도깨비촬영지,BIS inventory,True,True,45,40 | 41 | 42 | 43 | 44,128.83285849096714,37.88049253785593,3440,1004,6,16,4.625148,1.670466
2025,42092141,시티1,강릉-동해상사,True,4201274,도깨비촬영지,BIS inventory,True,True,27,23 | 24 | 25 | 26,128.83366615521564,37.879702674494396,682,2183,28,7,0.916962,3.632098
2025,42092141,시티1,강릉-동해상사,True,4201275,주문진수산시장,BIS inventory,True,True,44,39 | 40 | 41 | 42 | 43,128.82825290581502,37.88995969444888,6158,883,2,18,8.279553,1.469145
2025,42092141,시티1,강릉-동해상사,True,4201276,주문진수산시장,BIS inventory,True,True,28,24 | 25 | 26 | 27,128.82844614486706,37.89014411628092,287,3928,38,4,0.385877,6.535447
2025,42092141,시티1,강릉-동해상사,True,4201277,주문진등대,BIS inventory,True,True,42,37 | 38 | 39 | 40 | 41,128.83402573057427,37.898641534767464,385,17,31,68,0.51764,0.028285
2025,42092141,시티1,강릉-동해상사,True,4201278,주문진등대,BIS inventory,True,True,32,27 | 28 | 29 | 30 | 31,128.83413482750083,37.898607108297156,48,235,63,39,0.064537,0.390995
2025,42092141,시티1,강릉-동해상사,True,4201279,더글로리촬영지,BIS inventory,True,True,40,35 | 36 | 37 | 38 | 39,128.82911039533775,37.904460082879105,1780,59,15,61,2.393245,0.098165
2025,42092141,시티1,강릉-동해상사,True,4201280,더글로리촬영지,BIS inventory,True,True,34,29 | 30 | 31 | 32 | 33,128.82924239568416,37.90441068117994,45,786,64,22,0.060503,1.307755
2025,42092141,시티1,강릉-동해상사,True,4202159,사천진바위섬,BIS inventory,True,True,53,48 | 50 | 51 | 52,128.87633882234948,37.84060226740597,408,96,30,50,0.548564,0.159726
2025,42092141,시티1,강릉-동해상사,True,4202160,사천진바위섬,BIS inventory,True,True,19,0 | 17 | 18,128.8764473285357,37.8406481132808,116,325,51,33,0.155964,0.540738
2025,42092141,시티1,강릉-동해상사,True,4202163,사천보헤미안커피,BIS inventory,True,True,51,48 | 49 | 50,128.86756687053622,37.84672399113912,197,74,46,58,0.26487,0.123122
2025,42092141,시티1,강릉-동해상사,True,4202164,사천보헤미안커피,BIS inventory,True,True,21,19 | 20,128.8676784641814,37.846752776517754,97,115,55,46,0.130418,0.191338
2025,42092141,시티1,강릉-동해상사,True,4202169,신라모노그램,BIS inventory,True,True,67,65 | 66,128.92993128709296,37.78509796814699,115,235,52,39,0.15462,0.390995
2025,42092141,시티1,강릉-동해상사,True,4202170,신라모노그램,BIS inventory,True,True,4,3,128.92998485011893,37.785132389833336,282,43,39,62,0.379155,0.071544
2025,42092141,시티1,강릉-동해상사,True,4202175,큰방파제,BIS inventory,True,True,30,29,128.83179865169402,37.89485760516111,2,15,70,69,0.002689,0.024957
2025,42092141,시티1,강릉-동해상사,True,4209998,강문해변,BIS inventory,True,True,7,5 | 6,128.91631032849583,37.79540813828357,2450,1103,11,15,3.294073,1.835183
2025,42092141,시티1,강릉-동해상사,True,4209999,사천진해변,BIS inventory,True,True,20,17 | 18 | 19,128.87344886491002,37.842977470664934,265,347,40,32,0.356298,0.577342
2025,42092141,시티1,강릉-동해상사,True,~,,unavailable,False,False,,0,,,2,0,,,0.002689,0.0
2025,42092142,924,강릉-동해상사,True,4200211,삼천리아파트,BIS inventory,True,True,2,1,128.8383288212433,37.86906384505761,7,3,3,4,10.9375,6.976744
2025,42092142,924,강릉-동해상사,True,4200212,연곡면사무소,BIS inventory,True,True,1 | 6,5,128.83761397394952,37.85995465828368,38,29,1,1,59.375,67.44186
2025,42092142,924,강릉-동해상사,True,4200450,연곡해변,BIS inventory,True,True,5,4,128.8529783059013,37.85739414992972,13,2,2,5,20.3125,4.651163
2025,42092142,924,강릉-동해상사,True,4201270,영진항,BIS inventory,True,True,4,3,128.84778900128174,37.86736001237831,0,4,,3,0.0,9.302326
2025,42092142,924,강릉-동해상사,True,4201271,영진해변,BIS inventory,True,True,3,2,128.84407553359966,37.870005012045354,6,5,4,2,9.375,11.627907
2025,42092144,206-1,강릉-동해상사,True,4200011,동부아파트,BIS inventory,True,True,4,3,128.9151327017873,37.78401368458876,1132,6,8,55,3.543591,0.037996
2025,42092144,206-1,강릉-동해상사,True,4200039,유화아파트,BIS inventory,True,True,3,2,128.91342886671308,37.785727014906996,521,1,17,61,1.630928,0.006333
2025,42092144,206-1,강릉-동해상사,True,4200041,허균생가입구,BIS inventory,True,True,2,1,128.91292892790995,37.78786454215139,72,0,48,,0.225387,0.0
2025,42092144,206-1,강릉-동해상사,True,4200043,이화해변타운,BIS inventory,True,True,5,4,128.91744670191798,37.78316591377611,240,1,30,61,0.751291,0.006333
2025,42092144,206-1,강릉-동해상사,True,4200047,강릉고정문,BIS inventory,True,True,63,60 | 61 | 62,128.91550078840652,37.78828834947499,1,418,63,8,0.00313,2.647077
2025,42092144,206-1,강릉-동해상사,True,4200049,남강초교,BIS inventory,True,True,50,48 | 49,128.91338089940805,37.76735161096919,97,259,45,12,0.303647,1.640175
2025,42092144,206-1,강릉-동해상사,True,4200052,송정래미안,BIS inventory,True,True,59,57 | 58,128.93038982126572,37.78292573478735,16,22,57,51,0.050086,0.13932
2025,42092144,206-1,강릉-동해상사,True,4200053,오성학교,BIS inventory,True,True,58,56 | 57,128.93312248716418,37.77978287851338,19,36,56,46,0.059477,0.227978
2025,42092144,206-1,강릉-동해상사,True,4200055,해당화연립,BIS inventory,True,True,57,55 | 56,128.93501598562065,37.778964657496246,45,177,51,22,0.140867,1.120892
2025,42092144,206-1,강릉-동해상사,True,4200057,강릉경찰서,BIS inventory,True,True,13,11 | 12,128.90688706685629,37.768055768979885,311,35,27,47,0.973548,0.221645
2025,42092144,206-1,강릉-동해상사,True,4200060,솔올중학교,BIS inventory,True,True,33,31 | 32,128.8798722504925,37.77163504014371,131,40,39,45,0.41008,0.253309
2025,42092144,206-1,강릉-동해상사,True,4200080,경포초등학교,BIS inventory,True,True,34,32 | 33,128.87893593974582,37.76974854746925,1214,70,7,42,3.800282,0.44329
2025,42092144,206-1,강릉-동해상사,True,4200094,강릉여고,BIS inventory,True,True,47,45 | 46,128.90248424479844,37.75904463050879,452,251,18,14,1.414932,1.589513
2025,42092144,206-1,강릉-동해상사,True,4200100,강원도교육연수원,BIS inventory,True,True,62,59 | 60 | 61,128.91813970318609,37.785074864473685,2,268,62,11,0.006261,1.697169
2025,42092144,206-1,강릉-동해상사,True,4200104,동명중학교,BIS inventory,True,True,8,6 | 7,128.91637238303827,37.777185998905715,122,2,41,58,0.381906,0.012665
2025,42092144,206-1,강릉-동해상사,True,4200106,KT,BIS inventory,True,True,10,8 | 9,128.91181164590185,37.77275858732733,1029,104,10,34,3.221161,0.658603
2025,42092144,206-1,강릉-동해상사,True,4200108,동인병원입구,BIS inventory,True,True,11,10 | 9,128.90953558421478,37.77125258486367,624,35,15,47,1.953357,0.221645
2025,42092144,206-1,강릉-동해상사,True,4200110,하슬라중,BIS inventory,True,True,12,10 | 11,128.90715554439282,37.77053362559672,317,11,25,53,0.992331,0.06966
2025,42092144,206-1,강릉-동해상사,True,4200114,고용센터,BIS inventory,True,True,21,19 | 20,128.88893105798073,37.75744085258255,203,124,32,31,0.635467,0.785257
2025,42092144,206-1,강릉-동해상사,True,4200115,고용센터,BIS inventory,True,True,44,42 | 43,128.8890663454416,37.75714942132559,326,166,23,24,1.020504,1.051232
2025,42092144,206-1,강릉-동해상사,True,4200116,적십자입구,BIS inventory,True,True,22,20 | 21,128.88726321660565,37.757196360936135,81,99,46,36,0.253561,0.626939
2025,42092144,206-1,강릉-동해상사,True,4200117,적십자입구,BIS inventory,True,True,43,41 | 42,128.88647213220725,37.75676623567213,214,62,31,43,0.669901,0.392629
2025,42092144,206-1,강릉-동해상사,True,4200118,터미널오거리,BIS inventory,True,True,23,21 | 22,128.8840640923818,37.75608209292866,114,180,43,21,0.356863,1.13989
2025,42092144,206-1,강릉-동해상사,True,4200119,터미널오거리,BIS inventory,True,True,42,40 | 41,128.88381140539954,37.755579088211434,341,74,21,40,1.06746,0.468621
2025,42092144,206-1,강릉-동해상사,True,4200120,강릉시외.고속터미널,BIS inventory,True,True,24,22 | 23,128.8792265208128,37.75505492071011,334,954,22,3,1.045547,6.041416
2025,42092144,206-1,강릉-동해상사,True,4200121,강릉시외.고속터미널,BIS inventory,True,True,41,39 | 40,128.87911620808939,37.75486594086855,1651,280,5,10,5.168258,1.773162
2025,42092144,206-1,강릉-동해상사,True,4200122,강릉문화원,BIS inventory,True,True,25,23 | 24,128.8740921031382,37.75789663608161,30,142,53,30,0.093911,0.899246
2025,42092144,206-1,강릉-동해상사,True,4200123,우편집중국,BIS inventory,True,True,26,24 | 25,128.8733706824724,37.76051485370646,116,225,42,17,0.363124,1.424862
2025,42092144,206-1,강릉-동해상사,True,4200124,우편집중국,BIS inventory,True,True,40,38 | 39,128.87347187490323,37.76156496879712,1089,71,9,41,3.408984,0.449623
2025,42092144,206-1,강릉-동해상사,True,4200125,솔올공연장,BIS inventory,True,True,27,25 | 26,128.87460623301726,37.76366952964576,108,457,44,7,0.338081,2.894054
2025,42092144,206-1,강릉-동해상사,True,4200126,솔올공연장,BIS inventory,True,True,39,37 | 38,128.87424793205705,37.763507530751156,770,55,11,44,2.410393,0.3483
2025,42092144,206-1,강릉-동해상사,True,4200127,구름다리,BIS inventory,True,True,28,26 | 27,128.87654770197503,37.764512872809554,136,523,37,6,0.425732,3.312013
2025,42092144,206-1,강릉-동해상사,True,4200128,구름다리,BIS inventory,True,True,38,36 | 37,128.87743298775584,37.764682397677966,1647,208,6,18,5.155736,1.317206
2025,42092144,206-1,강릉-동해상사,True,4200129,주공3차아파트,BIS inventory,True,True,29,27 | 28,128.87933873663175,37.76410589188944,50,188,50,19,0.156519,1.190552
2025,42092144,206-1,강릉-동해상사,True,4200130,현대2차아파트,BIS inventory,True,True,37,35 | 36,128.87999435131803,37.764311243841746,705,35,12,47,2.206918,0.221645
2025,42092144,206-1,강릉-동해상사,True,4200131,하이빌현대아파트,BIS inventory,True,True,30,28 | 29,128.8824547932286,37.764860822549025,5,155,61,27,0.015652,0.981572
2025,42092144,206-1,강릉-동해상사,True,4200132,율곡초등학교,BIS inventory,True,True,36,34 | 35,128.88221538693716,37.765100900268116,132,2,38,58,0.41321,0.012665
2025,42092144,206-1,강릉-동해상사,True,4200134,부영2차아파트,BIS inventory,True,True,32,30 | 31,128.88281079370944,37.77016072015751,550,96,16,37,1.721709,0.607941
2025,42092144,206-1,강릉-동해상사,True,4200249,용강동서부시장,BIS inventory,True,True,45,43 | 44,128.89167287030088,37.75492247590215,302,743,28,5,0.945375,4.705212
2025,42092144,206-1,강릉-동해상사,True,4200250,용강동서부시장,BIS inventory,True,True,20,18 | 19,128.89174828581776,37.7556582744871,662,143,13,29,2.072312,0.905579
2025,42092144,206-1,강릉-동해상사,True,4200251,한국은행,BIS inventory,True,True,19,17 | 18,128.89406630781096,37.753485602290496,1661,411,4,9,5.199562,2.602748
2025,42092144,206-1,강릉-동해상사,True,4200252,신영극장,BIS inventory,True,True,46,44 | 45,128.8961287589657,37.75448236011555,3264,3999,2,1,10.217561,25.324552
2025,42092144,206-1,강릉-동해상사,True,4200253,교보생명,BIS inventory,True,True,18,16 | 17,128.89811415297848,37.756002485379526,4943,1762,1,2,15.47347,11.158255
2025,42092144,206-1,강릉-동해상사,True,4200258,용지각,BIS inventory,True,True,48,46 | 47,128.90534669055177,37.76147384168322,193,236,33,16,0.604163,1.494522
2025,42092144,206-1,강릉-동해상사,True,4200260,동남아파트,BIS inventory,True,True,49,47 | 48,128.9088062489658,37.764638779656714,169,255,35,13,0.529034,1.614844
2025,42092144,206-1,강릉-동해상사,True,4200265,혜성연립,BIS inventory,True,True,51,49 | 50,128.91575952067353,37.76841531999017,63,173,49,23,0.197214,1.095561
2025,42092144,206-1,강릉-동해상사,True,4200267,삼우은성아파트,BIS inventory,True,True,52,50 | 51,128.91973659122027,37.77025900516923,130,181,40,20,0.406949,1.146223
2025,42092144,206-1,강릉-동해상사,True,4200269,이마트,BIS inventory,True,True,53,51 | 52,128.92346774482266,37.772222356268564,78,237,47,15,0.24417,1.500855
2025,42092144,206-1,강릉-동해상사,True,4200271,송정동주민센터,BIS inventory,True,True,54,52 | 53,128.9281580126049,37.77420386430584,10,77,59,39,0.031304,0.48762
2025,42092144,206-1,강릉-동해상사,True,4200273,송정신원아침도시,BIS inventory,True,True,55,53 | 54,128.93190852770562,37.774810233413945,10,117,59,33,0.031304,0.740928
2025,42092144,206-1,강릉-동해상사,True,4200277,비치소라아파트,BIS inventory,True,True,56,54 | 55,128.93435177478304,37.77578862012879,27,165,54,25,0.08452,1.044899
2025,42092144,206-1,강릉-동해상사,True,4200287,강릉고등학교,BIS inventory,True,True,1,0,128.91470458416677,37.788540253578724,393,4,19,56,1.230239,0.025331
2025,42092144,206-1,강릉-동해상사,True,4200288,경포고교,BIS inventory,True,True,6,4 | 5,128.91881546540267,37.78075927662396,312,9,26,54,0.976679,0.056994
2025,42092144,206-1,강릉-동해상사,True,4200289,한솔초교,BIS inventory,True,True,9,7 | 8,128.9142086436632,37.775058134113436,323,21,24,52,1.011113,0.132987
2025,42092144,206-1,강릉-동해상사,True,4200292,주공1차아파트,BIS inventory,True,True,35,33 | 34,128.88256780330317,37.766843575404636,626,2,14,58,1.959618,0.012665
2025,42092144,206-1,강릉-동해상사,True,4200315,구터미널,BIS inventory,True,True,16,14 | 15,128.8988430353628,37.76163002626936,154,100,36,35,0.482079,0.633272
2025,42092144,206-1,강릉-동해상사,True,4200320,강릉역육거리,BIS inventory,True,True,15,13 | 14,128.9015605860337,37.763796951176055,183,162,34,26,0.57286,1.025901
2025,42092144,206-1,강릉-동해상사,True,4200322,동도센트리움,BIS inventory,True,True,14,12 | 13,128.90456486009336,37.76619195310031,263,93,29,38,0.82329,0.588943
2025,42092144,206-1,강릉-동해상사,True,4200365,삼성디지털센터,BIS inventory,True,True,17,15 | 16,128.8966989039856,37.75811194350719,39,118,52,32,0.122085,0.747261
2025,42092144,206-1,강릉-동해상사,True,4200530,주공2차아파트,BIS inventory,True,True,31,29 | 30,128.8850454710998,37.768615366200436,2775,766,3,4,8.686805,4.850864
2025,42092144,206-1,강릉-동해상사,True,4201220,포남2주공입구,BIS inventory,True,True,7,5 | 6,128.9179885478381,37.77901498558293,381,3,20,57,1.192675,0.018998
2025,42092144,206-1,강릉-동해상사,True,4201233,초당분수공원,BIS inventory,True,True,61,58 | 59 | 60,128.9221385517862,37.785996929695614,25,154,55,28,0.07826,0.975239
2025,42092144,206-1,강릉-동해상사,True,4202172,신라모노그램,BIS inventory,True,True,60,59,128.92730314100064,37.78470637599459,11,28,58,50,0.034434,0.177316
2025,42092144,206-1,강릉-동해상사,True,~,,unavailable,False,False,,0,,,1,0,,,0.00313,0.0
2025,42092151,212,강릉-동해상사,True,4200047,강릉고정문,BIS inventory,True,True,35,0 | 33 | 34,128.91550078840652,37.78828834947499,425,1428,13,2,2.690895,13.98218
2025,42092151,212,강릉-동해상사,True,4200051,송정래미안,BIS inventory,True,True,39,36 | 37 | 38,128.93021609974548,37.78282723196739,9,34,40,35,0.056984,0.332909
2025,42092151,212,강릉-동해상사,True,4200054,삼익아파트,BIS inventory,True,True,40,0 | 37 | 38 | 39,128.93336344346523,37.7794509217129,21,85,38,21,0.132962,0.832273
2025,42092151,212,강릉-동해상사,True,4200056,해당화연립,BIS inventory,True,True,41,38 | 39 | 40,128.9356053065312,37.7785328972295,4,61,43,28,0.025326,0.597278
2025,42092151,212,강릉-동해상사,True,4200081,강일여고정문,BIS inventory,True,True,23,0 | 21 | 22,128.88831689919587,37.76415997041872,52,82,32,22,0.329239,0.802898
2025,42092151,212,강릉-동해상사,True,4200095,한국자산관리공사,BIS inventory,True,True,12,0 | 11,128.90111921880606,37.75827929877246,232,155,19,11,1.468912,1.517674
2025,42092151,212,강릉-동해상사,True,4200100,강원도교육연수원,BIS inventory,True,True,34,0 | 32 | 33,128.91813970318609,37.785074864473685,55,288,31,8,0.348234,2.819935
2025,42092151,212,강릉-동해상사,True,4200103,경포고교,BIS inventory,True,True,33,0 | 31 | 32,128.9190546436117,37.78057981084284,37,31,33,37,0.234266,0.303535
2025,42092151,212,강릉-동해상사,True,4200105,동명중학교,BIS inventory,True,True,31,0 | 29 | 30,128.9161008666347,37.77658681943468,60,21,28,39,0.379891,0.20562
2025,42092151,212,강릉-동해상사,True,4200107,KT,BIS inventory,True,True,29,0 | 27 | 28,128.9125052185983,37.77309475265464,449,233,12,10,2.842852,2.281406
2025,42092151,212,강릉-동해상사,True,4200109,동인병원입구,BIS inventory,True,True,28,0 | 26 | 27,128.9094857690125,37.77102450992961,98,100,25,18,0.620489,0.979144
2025,42092151,212,강릉-동해상사,True,4200111,하슬라중,BIS inventory,True,True,27,0 | 25 | 26,128.90761293140218,37.77043125987649,147,63,22,27,0.930733,0.616861
2025,42092151,212,강릉-동해상사,True,4200114,고용센터,BIS inventory,True,True,16,0 | 15,128.88893105798073,37.75744085258255,115,100,23,18,0.728125,0.979144
2025,42092151,212,강릉-동해상사,True,4200116,적십자입구,BIS inventory,True,True,17,0 | 16,128.88726321660565,37.757196360936135,27,77,36,26,0.170951,0.753941
2025,42092151,212,강릉-동해상사,True,4200118,터미널오거리,BIS inventory,True,True,18,0 | 17,128.8840640923818,37.75608209292866,61,122,27,16,0.386223,1.194556
2025,42092151,212,강릉-동해상사,True,4200121,강릉시외.고속터미널,BIS inventory,True,True,20,0 | 19,128.87911620808939,37.75486594086855,1682,1131,2,4,10.649614,11.074121
2025,42092151,212,강릉-동해상사,True,4200250,용강동서부시장,BIS inventory,True,True,15,14,128.89174828581776,37.7556582744871,211,105,20,17,1.33595,1.028101
2025,42092151,212,강릉-동해상사,True,4200251,한국은행,BIS inventory,True,True,14,0 | 13,128.89406630781096,37.753485602290496,633,337,8,7,4.007851,3.299716
2025,42092151,212,강릉-동해상사,True,4200253,교보생명,BIS inventory,True,True,13,0 | 12,128.89811415297848,37.756002485379526,1383,1725,3,1,8.75649,16.890238
2025,42092151,212,강릉-동해상사,True,4200259,용지각,BIS inventory,True,True,11,0 | 10,128.90537716328666,37.76184119439877,282,123,17,14,1.785488,1.204347
2025,42092151,212,강릉-동해상사,True,4200262,로얄아파트.포남1동주민센터,BIS inventory,True,True,9,0 | 8,128.90933288179943,37.76545703763149,292,81,16,23,1.848803,0.793107
2025,42092151,212,강릉-동해상사,True,4200264,구)동해상사,BIS inventory,True,True,8,0 | 7,128.91165113985977,37.76683747950902,471,89,10,20,2.982145,0.871438
2025,42092151,212,강릉-동해상사,True,4200266,혜성연립,BIS inventory,True,True,7,0 | 6,128.9154402649905,37.76852760326643,545,79,9,24,3.450677,0.773524
2025,42092151,212,강릉-동해상사,True,4200268,삼우은성아파트,BIS inventory,True,True,6,0 | 5,128.91881978171756,37.77007704319862,776,56,7,32,4.913258,0.548321
2025,42092151,212,강릉-동해상사,True,4200270,이마트,BIS inventory,True,True,5,0 | 4,128.92290403192536,37.77218493598484,397,79,15,24,2.513613,0.773524
2025,42092151,212,강릉-동해상사,True,4200272,송정동주민센터,BIS inventory,True,True,4,0 | 3,128.92775106138072,37.77430053196711,401,32,14,36,2.538939,0.313326
2025,42092151,212,강릉-동해상사,True,4200274,송정노인회관,BIS inventory,True,True,3,0 | 2,128.93141909498914,37.77512821569013,883,16,5,41,5.590731,0.156663
2025,42092151,212,강릉-동해상사,True,4200279,신도브래뉴,BIS inventory,True,True,42,0 | 39 | 40 | 41,128.93862914925478,37.77730338810464,7,152,42,12,0.044321,1.488299
2025,42092151,212,강릉-동해상사,True,4200290,한솔초교,BIS inventory,True,True,30,0 | 28 | 29,128.91448068318238,37.77500059793141,104,28,24,38,0.658478,0.27416
2025,42092151,212,강릉-동해상사,True,4200318,포남시장,BIS inventory,True,True,10,0 | 9,128.90766061502285,37.76392281820552,199,36,21,34,1.259972,0.352492
2025,42092151,212,강릉-동해상사,True,4200721,강릉역,BIS inventory,True,True,25,0 | 23 | 24,128.8992580056024,37.76416330670135,3045,503,1,6,19.279473,4.925095
2025,42092151,212,강릉-동해상사,True,4200750,강릉시청앞,BIS inventory,True,True,19,18,128.88013307678156,37.753651204654936,57,123,29,14,0.360897,1.204347
2025,42092151,212,강릉-동해상사,True,4201043,안목,BIS inventory,True,True,1,0,128.94526892930932,37.77285146151794,894,6,4,43,5.660377,0.058749
2025,42092151,212,강릉-동해상사,True,4201044,안목커피거리,BIS inventory,True,True,44,0 | 40 | 41 | 42,128.94543559396536,37.77260342997581,8,1158,41,3,0.050652,11.33849
2025,42092151,212,강릉-동해상사,True,4201234,초당분수공원,BIS inventory,True,True,37,35 | 36,128.92421540479356,37.78614360918137,23,53,37,33,0.145625,0.518946
2025,42092151,212,강릉-동해상사,True,4201236,포남2주공입구,BIS inventory,True,True,32,30 | 31,128.91810027987142,37.77873395771816,28,57,35,30,0.177283,0.558112
2025,42092151,212,강릉-동해상사,True,4201376,가작다리입구,BIS inventory,True,True,24,22 | 23,128.8944549231389,37.76589747732919,56,124,30,13,0.354565,1.214139
2025,42092151,212,강릉-동해상사,True,4201386,송정한신아파트후문,BIS inventory,True,True,2,0 | 1,128.93962441064605,37.773612640324636,783,8,6,42,4.957579,0.078332
2025,42092151,212,강릉-동해상사,True,4202154,롯데캐슬시그니처,BIS inventory,True,True,22,0 | 20 | 21,128.88177646219214,37.761744282876045,470,265,11,9,2.975814,2.594732
2025,42092151,212,강릉-동해상사,True,4202155,교동하늘채스카이파크,BIS inventory,True,True,26,24 | 25,128.90139949657416,37.77044271657007,72,57,26,30,0.455869,0.558112
2025,42092151,212,강릉-동해상사,True,4202156,세인트존스호텔,BIS inventory,True,True,36,0 | 34 | 35,128.92066155176954,37.789921292283566,254,834,18,5,1.608206,8.166063
2025,42092151,212,강릉-동해상사,True,4202171,신라모노그램,BIS inventory,True,True,38,0 | 36 | 37,128.92766337576,37.78423838201166,15,58,39,29,0.094973,0.567904
2025,42092151,212,강릉-동해상사,True,4202174,관동중학교,BIS inventory,True,True,21,20,128.88185544452548,37.756909416385795,30,18,34,40,0.189946,0.176246
2025,42092151,212,강릉-동해상사,True,~,,unavailable,False,False,,0,,,1,0,,,0.006332,0.0
2025,42092152,212-1,강릉-동해상사,True,4200048,강릉고정문,BIS inventory,True,True,9,0 | 6 | 7,128.91587216477294,37.7875280017598,592,111,8,22,3.103376,0.955332
2025,42092152,212-1,강릉-동해상사,True,4200049,남강초교,BIS inventory,True,True,36,0 | 32 | 33 | 34,128.91338089940805,37.76735161096919,164,284,27,12,0.859719,2.444272
2025,42092152,212-1,강릉-동해상사,True,4200052,송정래미안,BIS inventory,True,True,6,4,128.93038982126572,37.78292573478735,24,11,38,39,0.125813,0.094673
2025,42092152,212-1,강릉-동해상사,True,4200053,오성학교,BIS inventory,True,True,5,0 | 3,128.93312248716418,37.77978287851338,225,7,22,40,1.179493,0.060246
2025,42092152,212-1,강릉-동해상사,True,4200055,해당화연립,BIS inventory,True,True,4,0 | 2,128.93501598562065,37.778964657496246,530,3,11,42,2.77836,0.02582
2025,42092152,212-1,강릉-동해상사,True,4200059,강원도교육연수원,BIS inventory,True,True,10,0 | 7 | 8,128.9180532877992,37.78499697853126,64,21,32,33,0.3355,0.180738
2025,42092152,212-1,강릉-동해상사,True,4200082,강일여고정문,BIS inventory,True,True,23,0 | 20 | 21,128.8875516595327,37.76393626119314,35,167,34,17,0.183477,1.437301
2025,42092152,212-1,강릉-동해상사,True,4200094,강릉여고,BIS inventory,True,True,33,0 | 29 | 30 | 31,128.90248424479844,37.75904463050879,593,354,7,7,3.108618,3.046734
2025,42092152,212-1,강릉-동해상사,True,4200101,강릉고입구,BIS inventory,True,True,11,0 | 8 | 9,128.92013482012848,37.783607089094346,428,99,16,24,2.243657,0.852053
2025,42092152,212-1,강릉-동해상사,True,4200104,동명중학교,BIS inventory,True,True,14,0 | 11 | 12,128.91637238303827,37.777185998905715,109,7,30,40,0.571399,0.060246
2025,42092152,212-1,강릉-동해상사,True,4200106,KT,BIS inventory,True,True,16,0 | 13 | 14,128.91181164590185,37.77275858732733,575,161,10,18,3.014259,1.385661
2025,42092152,212-1,강릉-동해상사,True,4200108,동인병원입구,BIS inventory,True,True,17,0 | 14 | 15,128.90953558421478,37.77125258486367,250,58,21,28,1.310547,0.499182
2025,42092152,212-1,강릉-동해상사,True,4200110,하슬라중,BIS inventory,True,True,18,15 | 16,128.90715554439282,37.77053362559672,154,57,29,29,0.807297,0.490576
2025,42092152,212-1,강릉-동해상사,True,4200115,고용센터,BIS inventory,True,True,30,0 | 26 | 27 | 28,128.8890663454416,37.75714942132559,503,141,13,19,2.636821,1.21353
2025,42092152,212-1,강릉-동해상사,True,4200117,적십자입구,BIS inventory,True,True,29,0 | 25 | 26 | 27,128.88647213220725,37.75676623567213,319,30,18,30,1.672258,0.258198
2025,42092152,212-1,강릉-동해상사,True,4200119,터미널오거리,BIS inventory,True,True,28,0 | 24 | 25 | 26,128.88381140539954,37.755579088211434,658,18,5,34,3.44936,0.154919
2025,42092152,212-1,강릉-동해상사,True,4200121,강릉시외.고속터미널,BIS inventory,True,True,27,0 | 23 | 24 | 25,128.87911620808939,37.75486594086855,3046,623,2,4,15.967708,5.361907
2025,42092152,212-1,강릉-동해상사,True,4200249,용강동서부시장,BIS inventory,True,True,31,0 | 27 | 28 | 29,128.89167287030088,37.75492247590215,473,535,15,5,2.479555,4.604527
2025,42092152,212-1,강릉-동해상사,True,4200252,신영극장,BIS inventory,True,True,32,0 | 28 | 29 | 30,128.8961287589657,37.75448236011555,4441,2194,1,2,23.280562,18.882864
2025,42092152,212-1,강릉-동해상사,True,4200258,용지각,BIS inventory,True,True,34,0 | 30 | 31 | 32,128.90534669055177,37.76147384168322,346,310,17,11,1.813797,2.668044
2025,42092152,212-1,강릉-동해상사,True,4200260,동남아파트,BIS inventory,True,True,35,0 | 31 | 32 | 33,128.9088062489658,37.764638779656714,313,372,19,6,1.640805,3.201652
2025,42092152,212-1,강릉-동해상사,True,4200263,송정한신아파트후문,BIS inventory,True,True,43,39 | 40 | 41,128.9386138022858,37.773558747641985,6,135,42,20,0.031453,1.16189
2025,42092152,212-1,강릉-동해상사,True,4200265,혜성연립,BIS inventory,True,True,37,0 | 33 | 34 | 35,128.91575952067353,37.76841531999017,182,315,24,9,0.954078,2.711077
2025,42092152,212-1,강릉-동해상사,True,4200267,삼우은성아파트,BIS inventory,True,True,38,0 | 34 | 35 | 36,128.91973659122027,37.77025900516923,218,227,23,14,1.142797,1.953697
2025,42092152,212-1,강릉-동해상사,True,4200269,이마트,BIS inventory,True,True,39,0 | 35 | 36 | 37,128.92346774482266,37.772222356268564,156,311,28,10,0.817782,2.67665
2025,42092152,212-1,강릉-동해상사,True,4200271,송정동주민센터,BIS inventory,True,True,40,36 | 37 | 38,128.9281580126049,37.77420386430584,25,90,37,25,0.131055,0.774593
2025,42092152,212-1,강릉-동해상사,True,4200273,송정신원아침도시,BIS inventory,True,True,41,0 | 37 | 38 | 39,128.93190852770562,37.774810233413945,28,190,36,15,0.146781,1.635253
2025,42092152,212-1,강릉-동해상사,True,4200275,송정한신아파트입구,BIS inventory,True,True,42,38 | 39 | 40,128.93667614488956,37.77380916737768,8,171,40,16,0.041938,1.471727
2025,42092152,212-1,강릉-동해상사,True,4200280,송정해변,BIS inventory,True,True,3,1,128.9381119893655,37.77768849372205,494,0,14,,2.589641,0.0
2025,42092152,212-1,강릉-동해상사,True,4200288,경포고교,BIS inventory,True,True,12,0 | 10 | 9,128.91881546540267,37.78075927662396,286,22,20,32,1.499266,0.189345
2025,42092152,212-1,강릉-동해상사,True,4200289,한솔초교,BIS inventory,True,True,15,0 | 12 | 13,128.9142086436632,37.775058134113436,167,79,25,27,0.875446,0.679921
2025,42092152,212-1,강릉-동해상사,True,4200542,강릉MBC,BIS inventory,True,True,19,16 | 17,128.90392601394964,37.77039013888439,17,29,39,31,0.089117,0.249591
2025,42092152,212-1,강릉-동해상사,True,4200721,강릉역,BIS inventory,True,True,21,0 | 18 | 19,128.8992580056024,37.76416330670135,778,1272,3,3,4.078423,10.947586
2025,42092152,212-1,강릉-동해상사,True,4200750,강릉시청앞,BIS inventory,True,True,26,22 | 23 | 24,128.88013307678156,37.753651204654936,31,128,35,21,0.162508,1.101644
2025,42092152,212-1,강릉-동해상사,True,4201043,안목,BIS inventory,True,True,1,0,128.94526892930932,37.77285146151794,763,15,4,36,3.99979,0.129099
2025,42092152,212-1,강릉-동해상사,True,4201044,안목커피거리,BIS inventory,True,True,44,0 | 40 | 41 | 42,128.94543559396536,37.77260342997581,8,2264,40,1,0.041938,19.485326
2025,42092152,212-1,강릉-동해상사,True,4201220,포남2주공입구,BIS inventory,True,True,13,0 | 10 | 11,128.9179885478381,37.77901498558293,167,13,25,37,0.875446,0.111886
2025,42092152,212-1,강릉-동해상사,True,4201221,교동하늘채스카이파크,BIS inventory,True,True,20,0 | 17 | 18,128.90200271905258,37.770481553669924,650,228,6,13,3.407423,1.962303
2025,42092152,212-1,강릉-동해상사,True,4201375,가작다리입구,BIS inventory,True,True,22,0 | 19 | 20,128.8943546413669,37.766101443660936,94,90,31,25,0.492766,0.774593
2025,42092152,212-1,강릉-동해상사,True,4202157,롯데캐슬시그니처,BIS inventory,True,True,24,0 | 21 | 22,128.88150991460472,37.76169156053964,521,342,12,8,2.731181,2.943455
2025,42092152,212-1,강릉-동해상사,True,4202158,세인트존스호텔,BIS inventory,True,True,8,0 | 5 | 6,128.9208321964743,37.79000919070631,582,107,9,23,3.050954,0.920905
2025,42092152,212-1,강릉-동해상사,True,4202172,신라모노그램,BIS inventory,True,True,7,0 | 5,128.92730314100064,37.78470637599459,51,16,33,35,0.267352,0.137705
2025,42092152,212-1,강릉-동해상사,True,4202173,관동중학교,BIS inventory,True,True,25,23,128.88157113042865,37.75688715011548,2,12,43,38,0.010484,0.103279
2025,42092153,300-1(강릉역),강릉-동해상사,True,4200004,숲사랑홍보관,BIS inventory,True,True,29,28,128.85126457297872,37.81878304910103,2,2,51,42,0.086957,0.173611
2025,42092153,300-1(강릉역),강릉-동해상사,True,4200042,롯데캐슬아파트,BIS inventory,True,True,41,40,128.89120929799194,37.766948306391974,49,24,15,13,2.130435,2.083333
2025,42092153,300-1(강릉역),강릉-동해상사,True,4200049,남강초교,BIS inventory,True,True,52,51,128.91338089940805,37.76735161096919,5,18,44,16,0.217391,1.5625
2025,42092153,300-1(강릉역),강릉-동해상사,True,4200069,방골마을입구,BIS inventory,True,True,31,30,128.85540756146614,37.81366779247799,14,1,33,45,0.608696,0.086806
2025,42092153,300-1(강릉역),강릉-동해상사,True,4200094,강릉여고,BIS inventory,True,True,46,45,128.90248424479844,37.75904463050879,21,35,31,5,0.913043,3.038194
2025,42092153,300-1(강릉역),강릉-동해상사,True,4200138,즈므.과학단지,BIS inventory,True,True,33,32,128.8604076986006,37.79746479759031,14,0,33,,0.608696,0.0
2025,42092153,300-1(강릉역),강릉-동해상사,True,4200181,주문진해변,BIS inventory,True,True,2,1,128.81692175696733,37.90940788063508,47,0,17,,2.043478,0.0
2025,42092153,300-1(강릉역),강릉-동해상사,True,4200184,소돌,BIS inventory,True,True,3,2,128.82175443074843,37.905415537268986,47,0,17,,2.043478,0.0
2025,42092153,300-1(강릉역),강릉-동해상사,True,4200186,보성연립,BIS inventory,True,True,5,4,128.82551362915504,37.901974724913615,8,0,40,,0.347826,0.0
2025,42092153,300-1(강릉역),강릉-동해상사,True,4200187,양양고개,BIS inventory,True,True,6,5,128.82805578782853,37.90002854060149,39,0,23,,1.695652,0.0
2025,42092153,300-1(강릉역),강릉-동해상사,True,4200189,주문2리,BIS inventory,True,True,7,6,128.83046007450088,37.897540604441176,12,1,36,45,0.521739,0.086806
2025,42092153,300-1(강릉역),강릉-동해상사,True,4200190,수협사거리,BIS inventory,True,True,8,7,128.83119347169236,37.89590191816579,40,8,21,33,1.73913,0.694444
2025,42092153,300-1(강릉역),강릉-동해상사,True,4200193,북부지구대,BIS inventory,True,True,9,8,128.82860680406648,37.894535177399845,36,3,26,40,1.565217,0.260417
2025,42092153,300-1(강릉역),강릉-동해상사,True,4200194,주문진항입구,BIS inventory,True,True,10,9,128.82670250148865,37.8926318795772,95,13,7,23,4.130435,1.128472
2025,42092153,300-1(강릉역),강릉-동해상사,True,4200197,작은다리,BIS inventory,True,True,12,11,128.82583778093624,37.88994679111109,142,6,3,35,6.173913,0.520833
2025,42092153,300-1(강릉역),강릉-동해상사,True,4200201,양조장,BIS inventory,True,True,15,14,128.8258300942643,37.881274388703744,111,12,6,25,4.826087,1.041667
2025,42092153,300-1(강릉역),강릉-동해상사,True,4200204,주문진중학교,BIS inventory,True,True,16,15,128.82690197641236,37.87887483229283,69,16,11,19,3.0,1.388889
2025,42092153,300-1(강릉역),강릉-동해상사,True,4200205,강원도립대,BIS inventory,True,True,17,16,128.82840415011668,37.87652579934979,60,16,13,19,2.608696,1.388889
2025,42092153,300-1(강릉역),강릉-동해상사,True,4200207,북부노인종합복지관,BIS inventory,True,True,18,17,128.83062989490628,37.8743072338123,49,25,15,11,2.130435,2.170139
2025,42092153,300-1(강릉역),강릉-동해상사,True,4200213,연곡해변입구,BIS inventory,True,True,22,21,128.84130813848452,37.85462580337619,4,0,47,,0.173913,0.0
2025,42092153,300-1(강릉역),강릉-동해상사,True,4200216,구라미,BIS inventory,True,True,24,23,128.84187680750063,37.84088026429458,5,1,44,45,0.217391,0.086806
2025,42092153,300-1(강릉역),강릉-동해상사,True,4200219,청솔공원,BIS inventory,True,True,25,24,128.84744835859598,37.832296445829655,7,0,43,,0.304348,0.0
2025,42092153,300-1(강릉역),강릉-동해상사,True,4200220,모래내행복센터,BIS inventory,True,True,26,25,128.84888855200666,37.82654759560158,41,2,20,42,1.782609,0.173611
2025,42092153,300-1(강릉역),강릉-동해상사,True,4200223,사천면사무소,BIS inventory,True,True,27,26,128.84914337332015,37.8229406699122,50,3,14,40,2.173913,0.260417
2025,42092153,300-1(강릉역),강릉-동해상사,True,4200228,학고개,BIS inventory,True,True,32,31,128.8599242703853,37.80596957371411,2,0,51,,0.086957,0.0
2025,42092153,300-1(강릉역),강릉-동해상사,True,4200230,한밭입구,BIS inventory,True,True,34,33,128.86424835021418,37.79176559208253,3,0,50,,0.130435,0.0
2025,42092153,300-1(강릉역),강릉-동해상사,True,4200232,행정마을,BIS inventory,True,True,35,34,128.8694510816438,37.7889272082235,26,4,29,39,1.130435,0.347222
2025,42092153,300-1(강릉역),강릉-동해상사,True,4200234,법원.검찰청,BIS inventory,True,True,36,35,128.87342400102995,37.78526073982707,32,17,28,18,1.391304,1.475694
2025,42092153,300-1(강릉역),강릉-동해상사,True,4200236,선교장입구,BIS inventory,True,True,37,36,128.87978791945434,37.782182641690056,70,11,10,28,3.043478,0.954861
2025,42092153,300-1(강릉역),강릉-동해상사,True,4200238,오죽헌,BIS inventory,True,True,38,37,128.8827262588498,37.779841129260745,136,10,5,29,5.913043,0.868056
2025,42092153,300-1(강릉역),강릉-동해상사,True,4200240,젤마을,BIS inventory,True,True,39,38,128.887733025105,37.775438249928285,14,2,33,42,0.608696,0.173611
2025,42092153,300-1(강릉역),강릉-동해상사,True,4200242,율곡중학교,BIS inventory,True,True,40,39,128.89021344037266,37.771874448370795,26,18,29,16,1.130435,1.5625
2025,42092153,300-1(강릉역),강릉-동해상사,True,4200245,이명사거리,BIS inventory,True,True,42,41,128.89157918705828,37.764565078717,65,35,12,5,2.826087,3.038194
2025,42092153,300-1(강릉역),강릉-동해상사,True,4200247,강릉제일고,BIS inventory,True,True,43,42,128.8918779735197,37.759537356247826,39,34,23,7,1.695652,2.951389
2025,42092153,300-1(강릉역),강릉-동해상사,True,4200249,용강동서부시장,BIS inventory,True,True,44,43,128.89167287030088,37.75492247590215,40,95,21,2,1.73913,8.246528
2025,42092153,300-1(강릉역),강릉-동해상사,True,4200252,신영극장,BIS inventory,True,True,45,44,128.8961287589657,37.75448236011555,226,366,1,1,9.826087,31.770833
2025,42092153,300-1(강릉역),강릉-동해상사,True,4200256,옥천119안전센터,BIS inventory,True,True,49,48,128.9022376115818,37.76136928474395,0,5,,37,0.0,0.434028
2025,42092153,300-1(강릉역),강릉-동해상사,True,4200257,옥천119안전센터,BIS inventory,True,True,47,46,128.90305174420297,37.761041080134646,2,14,51,21,0.086957,1.215278
2025,42092153,300-1(강릉역),강릉-동해상사,True,4200258,용지각,BIS inventory,True,True,50,49,128.90534669055177,37.76147384168322,15,10,32,29,0.652174,0.868056
2025,42092153,300-1(강릉역),강릉-동해상사,True,4200260,동남아파트,BIS inventory,True,True,51,50,128.9088062489658,37.764638779656714,8,28,40,8,0.347826,2.430556
2025,42092153,300-1(강릉역),강릉-동해상사,True,4200263,송정한신아파트후문,BIS inventory,True,True,59,58,128.9386138022858,37.773558747641985,1,5,55,37,0.043478,0.434028
2025,42092153,300-1(강릉역),강릉-동해상사,True,4200265,혜성연립,BIS inventory,True,True,53,52,128.91575952067353,37.76841531999017,9,26,37,10,0.391304,2.256944
2025,42092153,300-1(강릉역),강릉-동해상사,True,4200267,삼우은성아파트,BIS inventory,True,True,54,53,128.91973659122027,37.77025900516923,9,12,37,25,0.391304,1.041667
2025,42092153,300-1(강릉역),강릉-동해상사,True,4200269,이마트,BIS inventory,True,True,55,54,128.92346774482266,37.772222356268564,4,24,47,13,0.173913,2.083333
2025,42092153,300-1(강릉역),강릉-동해상사,True,4200271,송정동주민센터,BIS inventory,True,True,56,55,128.9281580126049,37.77420386430584,2,13,51,23,0.086957,1.128472
2025,42092153,300-1(강릉역),강릉-동해상사,True,4200273,송정신원아침도시,BIS inventory,True,True,57,56,128.93190852770562,37.774810233413945,0,14,,21,0.0,1.215278
2025,42092153,300-1(강릉역),강릉-동해상사,True,4200275,송정한신아파트입구,BIS inventory,True,True,58,57,128.93667614488956,37.77380916737768,0,10,,29,0.0,0.868056
2025,42092153,300-1(강릉역),강릉-동해상사,True,4200293,강릉역건너편,BIS inventory,True,True,48,47,128.8990669694857,37.76400772021464,34,55,27,3,1.478261,4.774306
2025,42092153,300-1(강릉역),강릉-동해상사,True,4200305,주문진시외버스터미널,BIS inventory,True,True,14,13,128.82509871282576,37.88458386690221,137,9,4,32,5.956522,0.78125
2025,42092153,300-1(강릉역),강릉-동해상사,True,4200310,삼천리아파트,BIS inventory,True,True,20,19,128.8379309322555,37.8689470039461,76,28,9,8,3.304348,2.430556
2025,42092153,300-1(강릉역),강릉-동해상사,True,4200312,구라미휴게소,BIS inventory,True,True,23,22,128.84078612253998,37.84523742281921,4,1,47,45,0.173913,0.086806
2025,42092153,300-1(강릉역),강릉-동해상사,True,4200317,강릉아산병원.강릉약국,BIS inventory,True,True,30,29,128.856152685967,37.816231407654854,158,22,2,15,6.869565,1.909722
2025,42092153,300-1(강릉역),강릉-동해상사,True,4200473,향호리,BIS inventory,True,True,1,0,128.81023394642006,37.915207861254615,9,0,37,,0.391304,0.0
2025,42092153,300-1(강릉역),강릉-동해상사,True,4200519,방학골,BIS inventory,True,True,4,3,128.82351587730795,37.90381462090833,8,0,40,,0.347826,0.0
2025,42092153,300-1(강릉역),강릉-동해상사,True,4200619,국립수산물품질관리원,BIS inventory,True,True,11,10,128.82606517101954,37.891507384213114,38,7,25,34,1.652174,0.607639
2025,42092153,300-1(강릉역),강릉-동해상사,True,4201044,안목커피거리,BIS inventory,True,True,60,59,128.94543559396536,37.77260342997581,0,48,,4,0.0,4.166667
2025,42092153,300-1(강릉역),강릉-동해상사,True,4201226,영진입구,BIS inventory,True,True,19,18,128.83626865951734,37.87047570517143,5,6,44,35,0.217391,0.520833
2025,42092153,300-1(강릉역),강릉-동해상사,True,4201227,연곡면사무소,BIS inventory,True,True,21,20,128.83749819485607,37.86001175022627,43,25,19,11,1.869565,2.170139
2025,42092153,300-1(강릉역),강릉-동해상사,True,4201232,원마트,BIS inventory,True,True,13,12,128.8255161831108,37.88764901879385,92,12,8,25,4.0,1.041667
2025,42101048,,,False,4202022,옥계현내시장,BIS inventory,True,False,,13,129.03523947374634,37.60889735545031,614,7,2,6,27.00088,2.439024
2025,42101048,,,False,4202032,옥계현내시장,BIS inventory,True,False,,12,129.03512810350702,37.608949806593664,893,178,1,1,39.270009,62.020906
2025,42101048,,,False,4202042,옥계면사무소,BIS inventory,True,False,,14,129.03870359107486,37.61225376052538,168,0,3,,7.387863,0.0
2025,42101048,,,False,4202052,옥계면사무소,BIS inventory,True,False,,11,129.03863134955023,37.61234830848836,4,52,14,2,0.175901,18.118467
2025,42101048,,,False,4202062,주수1리,BIS inventory,True,False,,15,129.04484649940426,37.61466278284313,161,3,4,7,7.080035,1.045296
2025,42101048,,,False,4202072,주수1리,BIS inventory,True,False,,10,129.0445825275631,37.61484876921252,11,3,12,7,0.483729,1.045296
2025,42101048,,,False,4202082,옥계역,BIS inventory,True,False,,16,129.0492092887644,37.61767316323472,94,16,6,3,4.133685,5.574913
2025,42101048,,,False,4202092,옥계역,BIS inventory,True,False,,9,129.04915585739857,37.61793983643156,25,9,11,5,1.099384,3.135889
2025,42101048,,,False,4202102,주수2리,BIS inventory,True,False,,17,129.05347399898523,37.618026714837086,36,12,10,4,1.583113,4.181185
2025,42101048,,,False,4202112,주수2리,BIS inventory,True,False,,8,129.0534798781985,37.618295982570245,79,2,7,10,3.474055,0.696864
2025,42101048,,,False,4202122,한라시멘트,BIS inventory,True,False,,18,129.0576841685535,37.617825813670024,41,0,8,,1.80299,0.0
2025,42101048,,,False,4202132,한라시멘트,BIS inventory,True,False,,7,129.05801411879924,37.61804339970914,7,1,13,11,0.307828,0.348432
2025,42101048,,,False,4202142,도직리,BIS inventory,True,False,,19,129.067789814241,37.60871993490825,101,3,5,7,4.441513,1.045296
2025,42101048,,,False,4202152,도직리,BIS inventory,True,False,,6,129.06871069327684,37.60826859797961,40,1,9,11,1.759015,0.348432
2025,42101049,,,False,4202022,옥계현내시장,BIS inventory,True,False,,58,129.03523947374634,37.60889735545031,1030,14,1,6,41.068581,1.371205
2025,42101049,,,False,4202032,옥계현내시장,BIS inventory,True,False,,57,129.03512810350702,37.608949806593664,581,662,2,1,23.165869,64.838394
2025,42101049,,,False,4202042,옥계면사무소,BIS inventory,True,False,,59,129.03870359107486,37.61225376052538,125,0,6,,4.984051,0.0
2025,42101049,,,False,4202052,옥계면사무소,BIS inventory,True,False,,56,129.03863134955023,37.61234830848836,38,190,9,2,1.515152,18.609207
2025,42101049,,,False,4202062,주수1리,BIS inventory,True,False,,60,129.04484649940426,37.61466278284313,272,0,3,,10.845295,0.0
2025,42101049,,,False,4202072,주수1리,BIS inventory,True,False,,55,129.0445825275631,37.61484876921252,11,42,12,4,0.438596,4.113614
2025,42101049,,,False,4202082,옥계역,BIS inventory,True,False,,61,129.0492092887644,37.61767316323472,147,5,4,10,5.861244,0.489716
2025,42101049,,,False,4202092,옥계역,BIS inventory,True,False,,54,129.04915585739857,37.61793983643156,10,57,13,3,0.398724,5.582762
2025,42101049,,,False,4202102,주수2리,BIS inventory,True,False,,62,129.05347399898523,37.618026714837086,44,6,8,9,1.754386,0.587659
2025,42101049,,,False,4202112,주수2리,BIS inventory,True,False,,53,129.0534798781985,37.618295982570245,24,19,10,5,0.956938,1.860921
2025,42101049,,,False,4202122,한라시멘트,BIS inventory,True,False,,63,129.0576841685535,37.617825813670024,49,1,7,11,1.953748,0.097943
2025,42101049,,,False,4202132,한라시멘트,BIS inventory,True,False,,52,129.05801411879924,37.61804339970914,8,11,14,8,0.318979,1.077375
2025,42101049,,,False,4202142,도직리,BIS inventory,True,False,,64,129.067789814241,37.60871993490825,146,0,5,,5.821372,0.0
2025,42101049,,,False,4202152,도직리,BIS inventory,True,False,,51,129.06871069327684,37.60826859797961,23,14,11,6,0.917065,1.371205
2025,42101054,,,False,4202022,옥계현내시장,BIS inventory,True,False,,0,129.03523947374634,37.60889735545031,1111,28,1,4,74.165554,3.862069
2025,42101054,,,False,4202032,옥계현내시장,BIS inventory,True,False,,125,129.03512810350702,37.608949806593664,148,488,2,1,9.87984,67.310345
2025,42101054,,,False,4202042,옥계면사무소,BIS inventory,True,False,,1,129.03870359107486,37.61225376052538,12,0,8,,0.801068,0.0
2025,42101054,,,False,4202052,옥계면사무소,BIS inventory,True,False,,124,129.03863134955023,37.61234830848836,14,125,6,2,0.934579,17.241379
2025,42101054,,,False,4202062,주수1리,BIS inventory,True,False,,2,129.04484649940426,37.61466278284313,103,1,3,9,6.875834,0.137931
2025,42101054,,,False,4202072,주수1리,BIS inventory,True,False,,123,129.0445825275631,37.61484876921252,5,27,12,5,0.333778,3.724138
2025,42101054,,,False,4202082,옥계역,BIS inventory,True,False,,3,129.0492092887644,37.61767316323472,47,0,4,,3.137517,0.0
2025,42101054,,,False,4202092,옥계역,BIS inventory,True,False,,122,129.04915585739857,37.61793983643156,13,38,7,3,0.867824,5.241379
2025,42101054,,,False,4202102,주수2리,BIS inventory,True,False,,4,129.05347399898523,37.618026714837086,1,0,14,,0.066756,0.0
2025,42101054,,,False,4202112,주수2리,BIS inventory,True,False,,121,129.0534798781985,37.618295982570245,6,11,11,6,0.400534,1.517241
2025,42101054,,,False,4202122,한라시멘트,BIS inventory,True,False,,5,129.0576841685535,37.617825813670024,10,0,9,,0.667557,0.0
2025,42101054,,,False,4202132,한라시멘트,BIS inventory,True,False,,120,129.05801411879924,37.61804339970914,4,4,13,7,0.267023,0.551724
2025,42101054,,,False,4202142,도직리,BIS inventory,True,False,,6,129.067789814241,37.60871993490825,9,0,10,,0.600801,0.0
2025,42101054,,,False,4202152,도직리,BIS inventory,True,False,,119,129.06871069327684,37.60826859797961,15,3,5,8,1.001335,0.413793
2025,42805078,,,False,4200916,고단2.3리교차로,BIS inventory,True,False,,7,128.83542781016814,37.524465083382744,30,0,3,,12.711864,0.0
2025,42805078,,,False,4201388,안고단,BIS inventory,True,False,,5,128.81682784184864,37.52450097063033,131,1,1,2,55.508475,25.0
2025,42805078,,,False,4201389,고단보건소,BIS inventory,True,False,,2,128.84161540861714,37.52185303156361,3,0,6,,1.271186,0.0
2025,42805078,,,False,4201390,고단보건소,BIS inventory,True,False,,8,128.84167794386417,37.52176894228016,15,0,4,,6.355932,0.0
2025,42805078,,,False,4201392,고단2.3리교차로,BIS inventory,True,False,,3,128.8353830314886,37.52461528706331,3,0,6,,1.271186,0.0
2025,42805078,,,False,4201395,고단경로당,BIS inventory,True,False,,6,128.83055880947413,37.52554334571904,42,1,2,2,17.79661,25.0
2025,42805078,,,False,4201396,고단경로당,BIS inventory,True,False,,4,128.83061361145448,37.52560229950637,12,2,5,1,5.084746,50.0
2025,43104005,,,False,4312050,향호리종점,smartcard station files,False,False,,35,,,1264,714,1,1,100.0,100.0
2025,43107001,,,False,4311940,향호리종점,smartcard station files,False,False,,0,,,2465,38,1,2,53.78573,5.285118
2025,43107001,,,False,4312050,향호리종점,smartcard station files,False,False,,20,,,2118,681,2,1,46.21427,94.714882
2025,43107002,,,False,4311940,향호리종점,smartcard station files,False,False,,0,,,522,6,1,2,56.129032,4.054054
2025,43107002,,,False,4312050,향호리종점,smartcard station files,False,False,,41,,,408,142,2,1,43.870968,95.945946
2025,43107003,,,False,4311940,향호리종점,smartcard station files,False,False,,0,,,4162,80,1,2,61.916096,6.139678
2025,43107003,,,False,4312050,향호리종점,smartcard station files,False,False,,40,,,2560,1223,2,1,38.083904,93.860322
