year,route_id,route_name_current,company_name_current,route_in_current_bis,sttn_id,sttn_nm,name_source,stop_in_current_bis_inventory,stop_on_current_route,current_station_orders,source_2025_station_sequences,longitude,latitude,ride_nope,goff_nope,ride_rank,goff_rank,ride_share_pct,goff_share_pct,period_start,period_end,days_supplied,route_name_source_2025,days_with_record
2025,42001001,200,강릉-동진버스,True,4200042,롯데캐슬아파트,BIS inventory,True,True,43,40,128.89120929799194,37.766948306391974,173,39,9,15,2.74865,1.362207,2025-05-27,2025-06-03,8,안목-안목커피거리,8
2025,42001001,200,강릉-동진버스,True,4200051,송정래미안,BIS inventory,True,True,62,58,128.93021609974548,37.78282723196739,1,8,61,45,0.015888,0.279427,2025-05-27,2025-06-03,8,안목-안목커피거리,5
2025,42001001,200,강릉-동진버스,True,4200052,송정래미안,BIS inventory,True,True,6,4,128.93038982126572,37.78292573478735,10,0,51,,0.158881,0.0,2025-05-27,2025-06-03,8,안목-안목커피거리,4
2025,42001001,200,강릉-동진버스,True,4200053,오성학교,BIS inventory,True,True,5,3,128.93312248716418,37.77978287851338,47,1,33,56,0.746743,0.034928,2025-05-27,2025-06-03,8,안목-안목커피거리,6
2025,42001001,200,강릉-동진버스,True,4200054,삼익아파트,BIS inventory,True,True,63,59,128.93336344346523,37.7794509217129,2,25,58,31,0.031776,0.87321,2025-05-27,2025-06-03,8,안목-안목커피거리,7
2025,42001001,200,강릉-동진버스,True,4200055,해당화연립,BIS inventory,True,True,4,2,128.93501598562065,37.778964657496246,48,3,30,50,0.762631,0.104785,2025-05-27,2025-06-03,8,안목-안목커피거리,7
2025,42001001,200,강릉-동진버스,True,4200056,해당화연립,BIS inventory,True,True,64,60,128.9356053065312,37.7785328972295,0,27,,29,0.0,0.943067,2025-05-27,2025-06-03,8,안목-안목커피거리,7
2025,42001001,200,강릉-동진버스,True,4200086,강원대학교후문,BIS inventory,True,True,34,31,128.8748802531449,37.77322772576275,2,70,58,9,0.031776,2.444988,2025-05-27,2025-06-03,8,안목-안목커피거리,8
2025,42001001,200,강릉-동진버스,True,4200087,강원대학교후문,BIS inventory,True,True,36,33,128.87498639848286,37.77315204059329,333,0,4,,5.290753,0.0,2025-05-27,2025-06-03,8,안목-안목커피거리,8
2025,42001001,200,강릉-동진버스,True,4200088,문성고등학교,BIS inventory,True,True,37,34,128.8747975765768,37.776789915738114,315,2,5,54,5.004766,0.069857,2025-05-27,2025-06-03,8,안목-안목커피거리,8
2025,42001001,200,강릉-동진버스,True,4200089,문성고등학교,BIS inventory,True,True,33,30,128.87460137001867,37.776791669303456,5,38,56,18,0.079441,1.327279,2025-05-27,2025-06-03,8,안목-안목커피거리,7
2025,42001001,200,강릉-동진버스,True,4200090,한옥마을,BIS inventory,True,True,38,35,128.8775249835254,37.777067812459386,29,0,42,,0.460756,0.0,2025-05-27,2025-06-03,8,안목-안목커피거리,7
2025,42001001,200,강릉-동진버스,True,4200091,한옥마을,BIS inventory,True,True,32,29,128.877399547533,37.77711052551884,1,34,61,21,0.015888,1.187565,2025-05-27,2025-06-03,8,안목-안목커피거리,5
2025,42001001,200,강릉-동진버스,True,4200092,오죽헌,BIS inventory,True,True,39,36,128.8797380363922,37.77879711032111,57,12,26,41,0.905624,0.419141,2025-05-27,2025-06-03,8,안목-안목커피거리,7
2025,42001001,200,강릉-동진버스,True,4200093,오죽헌,BIS inventory,True,True,31,28,128.88009218006442,37.77900408798861,2,28,58,28,0.031776,0.977995,2025-05-27,2025-06-03,8,안목-안목커피거리,6
2025,42001001,200,강릉-동진버스,True,4200094,강릉여고,BIS inventory,True,True,48,45,128.90248424479844,37.75904463050879,94,31,16,24,1.493486,1.08278,2025-05-27,2025-06-03,8,안목-안목커피거리,8
2025,42001001,200,강릉-동진버스,True,4200095,한국자산관리공사,BIS inventory,True,True,21,18,128.90111921880606,37.75827929877246,80,29,21,27,1.271052,1.012924,2025-05-27,2025-06-03,8,안목-안목커피거리,8
2025,42001001,200,강릉-동진버스,True,4200101,강릉고입구,BIS inventory,True,True,9,6,128.92013482012848,37.783607089094346,117,3,11,50,1.858913,0.104785,2025-05-27,2025-06-03,8,안목-안목커피거리,8
2025,42001001,200,강릉-동진버스,True,4200102,강릉고입구,BIS inventory,True,True,59,56,128.92044843215433,37.78352944320342,7,33,53,22,0.111217,1.152637,2025-05-27,2025-06-03,8,안목-안목커피거리,8
2025,42001001,200,강릉-동진버스,True,4200103,경포고교,BIS inventory,True,True,58,55,128.9190546436117,37.78057981084284,10,19,51,33,0.158881,0.66364,2025-05-27,2025-06-03,8,안목-안목커피거리,8
2025,42001001,200,강릉-동진버스,True,4200104,동명중학교,BIS inventory,True,True,12,9,128.91637238303827,37.777185998905715,49,2,29,54,0.778519,0.069857,2025-05-27,2025-06-03,8,안목-안목커피거리,6
2025,42001001,200,강릉-동진버스,True,4200105,동명중학교,BIS inventory,True,True,56,53,128.9161008666347,37.77658681943468,19,16,45,35,0.301875,0.558854,2025-05-27,2025-06-03,8,안목-안목커피거리,6
2025,42001001,200,강릉-동진버스,True,4200106,KT,BIS inventory,True,True,14,11,128.91181164590185,37.77275858732733,243,16,7,35,3.86082,0.558854,2025-05-27,2025-06-03,8,안목-안목커피거리,8
2025,42001001,200,강릉-동진버스,True,4200107,KT,BIS inventory,True,True,54,51,128.9125052185983,37.77309475265464,48,130,30,4,0.762631,4.540692,2025-05-27,2025-06-03,8,안목-안목커피거리,8
2025,42001001,200,강릉-동진버스,True,4200108,동인병원입구,BIS inventory,True,True,15,12,128.90953558421478,37.77125258486367,106,5,13,49,1.684144,0.174642,2025-05-27,2025-06-03,8,안목-안목커피거리,8
2025,42001001,200,강릉-동진버스,True,4200109,동인병원입구,BIS inventory,True,True,53,50,128.9094857690125,37.77102450992961,23,60,44,10,0.365427,2.095704,2025-05-27,2025-06-03,8,안목-안목커피거리,8
2025,42001001,200,강릉-동진버스,True,4200110,하슬라중,BIS inventory,True,True,16,13,128.90715554439282,37.77053362559672,94,13,16,38,1.493486,0.454069,2025-05-27,2025-06-03,8,안목-안목커피거리,8
2025,42001001,200,강릉-동진버스,True,4200111,하슬라중,BIS inventory,True,True,52,49,128.90761293140218,37.77043125987649,37,30,38,26,0.587861,1.047852,2025-05-27,2025-06-03,8,안목-안목커피거리,8
2025,42001001,200,강릉-동진버스,True,4200112,강릉관광개발공사,BIS inventory,True,True,17,14,128.9085231695166,37.76800046518587,30,13,41,38,0.476644,0.454069,2025-05-27,2025-06-03,8,안목-안목커피거리,8
2025,42001001,200,강릉-동진버스,True,4200113,강릉관광개발공사,BIS inventory,True,True,51,48,128.90865897771857,37.76820323697218,15,38,48,18,0.238322,1.327279,2025-05-27,2025-06-03,8,안목-안목커피거리,8
2025,42001001,200,강릉-동진버스,True,4200240,젤마을,BIS inventory,True,True,41,38,128.887733025105,37.775438249928285,31,13,40,38,0.492533,0.454069,2025-05-27,2025-06-03,8,안목-안목커피거리,8
2025,42001001,200,강릉-동진버스,True,4200241,우성공업사,BIS inventory,True,True,29,26,128.8881180126791,37.77538642162077,13,8,49,45,0.206546,0.279427,2025-05-27,2025-06-03,8,안목-안목커피거리,6
2025,42001001,200,강릉-동진버스,True,4200242,율곡중학교,BIS inventory,True,True,42,39,128.89021344037266,37.771874448370795,52,7,28,48,0.826184,0.244499,2025-05-27,2025-06-03,8,안목-안목커피거리,8
2025,42001001,200,강릉-동진버스,True,4200243,율곡중학교,BIS inventory,True,True,28,25,128.89033943348878,37.77216892177817,17,8,47,45,0.270099,0.279427,2025-05-27,2025-06-03,8,안목-안목커피거리,7
2025,42001001,200,강릉-동진버스,True,4200245,이명사거리,BIS inventory,True,True,44,41,128.89157918705828,37.764565078717,250,12,6,41,3.972037,0.419141,2025-05-27,2025-06-03,8,안목-안목커피거리,8
2025,42001001,200,강릉-동진버스,True,4200246,이명사거리,BIS inventory,True,True,26,23,128.89177153862124,37.764700407126554,26,72,43,8,0.413092,2.514845,2025-05-27,2025-06-03,8,안목-안목커피거리,7
2025,42001001,200,강릉-동진버스,True,4200247,강릉제일고,BIS inventory,True,True,45,42,128.8918779735197,37.759537356247826,80,53,21,12,1.271052,1.851205,2025-05-27,2025-06-03,8,안목-안목커피거리,8
2025,42001001,200,강릉-동진버스,True,4200248,강릉제일고,BIS inventory,True,True,25,22,128.89200478710157,37.759050283679514,33,23,39,32,0.524309,0.803353,2025-05-27,2025-06-03,8,안목-안목커피거리,8
2025,42001001,200,강릉-동진버스,True,4200249,용강동서부시장,BIS inventory,True,True,46,43,128.89167287030088,37.75492247590215,68,176,24,3,1.080394,6.147398,2025-05-27,2025-06-03,8,안목-안목커피거리,8
2025,42001001,200,강릉-동진버스,True,4200250,용강동서부시장,BIS inventory,True,True,24,21,128.89174828581776,37.7556582744871,98,39,14,15,1.557038,1.362207,2025-05-27,2025-06-03,8,안목-안목커피거리,8
2025,42001001,200,강릉-동진버스,True,4200251,한국은행,BIS inventory,True,True,23,20,128.89406630781096,37.753485602290496,228,108,8,7,3.622498,3.772267,2025-05-27,2025-06-03,8,안목-안목커피거리,8
2025,42001001,200,강릉-동진버스,True,4200252,신영극장,BIS inventory,True,True,47,44,128.8961287589657,37.75448236011555,996,568,1,1,15.824595,19.839329,2025-05-27,2025-06-03,8,안목-안목커피거리,8
2025,42001001,200,강릉-동진버스,True,4200253,교보생명,BIS inventory,True,True,22,19,128.89811415297848,37.756002485379526,532,440,3,2,8.452494,15.368495,2025-05-27,2025-06-03,8,안목-안목커피거리,8
2025,42001001,200,강릉-동진버스,True,4200258,용지각,BIS inventory,True,True,49,46,128.90534669055177,37.76147384168322,44,32,35,23,0.699078,1.117709,2025-05-27,2025-06-03,8,안목-안목커피거리,8
2025,42001001,200,강릉-동진버스,True,4200259,용지각,BIS inventory,True,True,20,17,128.90537716328666,37.76184119439877,82,39,20,15,1.302828,1.362207,2025-05-27,2025-06-03,8,안목-안목커피거리,8
2025,42001001,200,강릉-동진버스,True,4200260,동남아파트,BIS inventory,True,True,50,47,128.9088062489658,37.764638779656714,42,60,36,10,0.667302,2.095704,2025-05-27,2025-06-03,8,안목-안목커피거리,8
2025,42001001,200,강릉-동진버스,True,4200262,로얄아파트.포남1동주민센터,BIS inventory,True,True,18,15,128.90933288179943,37.76545703763149,132,16,10,35,2.097235,0.558854,2025-05-27,2025-06-03,8,안목-안목커피거리,8
2025,42001001,200,강릉-동진버스,True,4200279,신도브래뉴,BIS inventory,True,True,65,61,128.93862914925478,37.77730338810464,11,26,50,30,0.17477,0.908138,2025-05-27,2025-06-03,8,안목-안목커피거리,7
2025,42001001,200,강릉-동진버스,True,4200280,송정해변,BIS inventory,True,True,3,1,128.9381119893655,37.77768849372205,48,1,30,56,0.762631,0.034928,2025-05-27,2025-06-03,8,안목-안목커피거리,8
2025,42001001,200,강릉-동진버스,True,4200288,경포고교,BIS inventory,True,True,10,7,128.91881546540267,37.78075927662396,113,1,12,56,1.795361,0.034928,2025-05-27,2025-06-03,8,안목-안목커피거리,8
2025,42001001,200,강릉-동진버스,True,4200289,한솔초교,BIS inventory,True,True,13,10,128.9142086436632,37.775058134113436,95,3,15,50,1.509374,0.104785,2025-05-27,2025-06-03,8,안목-안목커피거리,7
2025,42001001,200,강릉-동진버스,True,4200290,한솔초교,BIS inventory,True,True,55,52,128.91448068318238,37.77500059793141,6,17,55,34,0.095329,0.593783,2025-05-27,2025-06-03,8,안목-안목커피거리,7
2025,42001001,200,강릉-동진버스,True,4200318,포남시장,BIS inventory,True,True,19,16,128.90766061502285,37.76392281820552,71,10,23,43,1.128058,0.349284,2025-05-27,2025-06-03,8,안목-안목커피거리,8
2025,42001001,200,강릉-동진버스,True,4200356,강원대학교,BIS inventory,True,True,35,32,128.87391738137654,37.77033026766949,810,122,2,5,12.869399,4.261264,2025-05-27,2025-06-03,8,안목-안목커피거리,8
2025,42001001,200,강릉-동진버스,True,4200569,교2동주민센터,BIS inventory,True,True,27,24,128.8921038226677,37.76840335678918,45,43,34,14,0.714967,1.501921,2025-05-27,2025-06-03,8,안목-안목커피거리,8
2025,42001001,200,강릉-동진버스,True,4200769,오죽헌입구,BIS inventory,True,True,30,27,128.8828973977968,37.77942746550242,19,10,45,43,0.301875,0.349284,2025-05-27,2025-06-03,8,안목-안목커피거리,7
2025,42001001,200,강릉-동진버스,True,4201043,안목,BIS inventory,True,True,1,0,128.94526892930932,37.77285146151794,88,0,19,,1.398157,0.0,2025-05-27,2025-06-03,8,안목-안목커피거리,8
2025,42001001,200,강릉-동진버스,True,4201044,안목커피거리,BIS inventory,True,True,67,62,128.94543559396536,37.77260342997581,93,111,18,6,1.477598,3.877052,2025-05-27,2025-06-03,8,안목-안목커피거리,8
2025,42001001,200,강릉-동진버스,True,4201220,포남2주공입구,BIS inventory,True,True,11,8,128.9179885478381,37.77901498558293,56,3,27,50,0.889736,0.104785,2025-05-27,2025-06-03,8,안목-안목커피거리,7
2025,42001001,200,강릉-동진버스,True,4201233,초당분수공원,BIS inventory,True,True,8,5,128.9221385517862,37.785996929695614,65,1,25,56,1.03273,0.034928,2025-05-27,2025-06-03,8,안목-안목커피거리,7
2025,42001001,200,강릉-동진버스,True,4201234,초당분수공원,BIS inventory,True,True,60,57,128.92421540479356,37.78614360918137,7,31,53,24,0.111217,1.08278,2025-05-27,2025-06-03,8,안목-안목커피거리,8
2025,42001001,200,강릉-동진버스,True,4201236,포남2주공입구,BIS inventory,True,True,57,54,128.91810027987142,37.77873395771816,5,35,56,20,0.079441,1.222494,2025-05-27,2025-06-03,8,안목-안목커피거리,7
2025,42001001,200,강릉-동진버스,True,4201382,오죽헌입구,BIS inventory,True,True,40,37,128.88300783523746,37.779420150144524,41,50,37,13,0.651414,1.74642,2025-05-27,2025-06-03,8,안목-안목커피거리,8
2025,42001002,202,강릉-동진버스,True,4200042,롯데캐슬아파트,BIS inventory,True,True,12,11,128.89120929799194,37.766948306391974,122,72,11,12,2.160822,2.110818,2025-05-27,2025-06-03,8,경포해변-경포해변,8
2025,42001002,202,강릉-동진버스,True,4200045,형제막국수,BIS inventory,True,True,26,25,128.86624288991882,37.755124519467394,4,2,38,42,0.070847,0.058634,2025-05-27,2025-06-03,8,경포해변-경포해변,4
2025,42001002,202,강릉-동진버스,True,4200071,경포현대아파트,BIS inventory,True,True,43,42,128.90335968993816,37.80120612421906,20,57,34,14,0.354233,1.671064,2025-05-27,2025-06-03,8,경포해변-경포해변,8
2025,42001002,202,강릉-동진버스,True,4200073,경포대.참소리박물관,BIS inventory,True,True,42,41,128.89723222843386,37.79547838966498,1,56,42,15,0.017712,1.641747,2025-05-27,2025-06-03,8,경포해변-경포해변,8
2025,42001002,202,강릉-동진버스,True,4200076,선교장,BIS inventory,True,True,39,38,128.88470029533363,37.78507057730054,52,15,24,31,0.921006,0.439754,2025-05-27,2025-06-03,8,경포해변-경포해변,8
2025,42001002,202,강릉-동진버스,True,4200078,경포동주민센터,BIS inventory,True,True,38,37,128.8806150484207,37.78405330055861,6,8,37,39,0.10627,0.234535,2025-05-27,2025-06-03,8,경포해변-경포해변,6
2025,42001002,202,강릉-동진버스,True,4200095,한국자산관리공사,BIS inventory,True,True,16,15,128.90111921880606,37.75827929877246,107,104,14,11,1.895147,3.048959,2025-05-27,2025-06-03,8,경포해변-경포해변,8
2025,42001002,202,강릉-동진버스,True,4200114,고용센터,BIS inventory,True,True,20,19,128.88893105798073,37.75744085258255,51,22,26,24,0.903294,0.644972,2025-05-27,2025-06-03,8,경포해변-경포해변,8
2025,42001002,202,강릉-동진버스,True,4200116,적십자입구,BIS inventory,True,True,21,20,128.88726321660565,37.757196360936135,18,27,35,22,0.31881,0.791557,2025-05-27,2025-06-03,8,경포해변-경포해변,8
2025,42001002,202,강릉-동진버스,True,4200118,터미널오거리,BIS inventory,True,True,22,21,128.8840640923818,37.75608209292866,18,65,35,13,0.31881,1.9056,2025-05-27,2025-06-03,8,경포해변-경포해변,8
2025,42001002,202,강릉-동진버스,True,4200120,강릉시외.고속터미널,BIS inventory,True,True,23,22,128.8792265208128,37.75505492071011,199,302,6,4,3.524619,8.853709,2025-05-27,2025-06-03,8,경포해변-경포해변,8
2025,42001002,202,강릉-동진버스,True,4200127,구름다리,BIS inventory,True,True,30,29,128.87654770197503,37.764512872809554,98,132,16,8,1.735742,3.869833,2025-05-27,2025-06-03,8,경포해변-경포해변,8
2025,42001002,202,강릉-동진버스,True,4200129,주공3차아파트,BIS inventory,True,True,31,30,128.87933873663175,37.76410589188944,77,17,20,30,1.363797,0.498388,2025-05-27,2025-06-03,8,경포해변-경포해변,8
2025,42001002,202,강릉-동진버스,True,4200131,하이빌현대아파트,BIS inventory,True,True,32,31,128.8824547932286,37.764860822549025,22,13,33,34,0.389656,0.38112,2025-05-27,2025-06-03,8,경포해변-경포해변,8
2025,42001002,202,강릉-동진버스,True,4200133,주공1차아파트,BIS inventory,True,True,33,32,128.88288690646792,37.76665665089728,25,18,31,27,0.442791,0.527704,2025-05-27,2025-06-03,8,경포해변-경포해변,8
2025,42001002,202,강릉-동진버스,True,4200134,부영2차아파트,BIS inventory,True,True,34,33,128.88281079370944,37.77016072015751,93,34,17,19,1.647184,0.996775,2025-05-27,2025-06-03,8,경포해변-경포해변,8
2025,42001002,202,강릉-동진버스,True,4200137,방축거리,BIS inventory,True,True,35,34,128.88360346383243,37.77333257715457,3,22,41,24,0.053135,0.644972,2025-05-27,2025-06-03,8,경포해변-경포해변,8
2025,42001002,202,강릉-동진버스,True,4200237,선교장입구,BIS inventory,True,True,37,36,128.8801857915523,37.78222354537227,37,7,28,40,0.655331,0.205218,2025-05-27,2025-06-03,8,경포해변-경포해변,8
2025,42001002,202,강릉-동진버스,True,4200239,오죽헌,BIS inventory,True,True,36,35,128.88242080274284,37.78040719543912,101,121,15,9,1.788877,3.547347,2025-05-27,2025-06-03,8,경포해변-경포해변,8
2025,42001002,202,강릉-동진버스,True,4200250,용강동서부시장,BIS inventory,True,True,19,18,128.89174828581776,37.7556582744871,155,44,9,17,2.745306,1.289944,2025-05-27,2025-06-03,8,경포해변-경포해변,8
2025,42001002,202,강릉-동진버스,True,4200251,한국은행,BIS inventory,True,True,18,17,128.89406630781096,37.753485602290496,481,154,4,6,8.519306,4.514805,2025-05-27,2025-06-03,8,경포해변-경포해변,8
2025,42001002,202,강릉-동진버스,True,4200253,교보생명,BIS inventory,True,True,17,16,128.89811415297848,37.756002485379526,1031,696,1,1,18.260716,20.404573,2025-05-27,2025-06-03,8,경포해변-경포해변,8
2025,42001002,202,강릉-동진버스,True,4200256,옥천119안전센터,BIS inventory,True,True,15,14,128.9022376115818,37.76136928474395,64,114,23,10,1.133546,3.342128,2025-05-27,2025-06-03,8,경포해변-경포해변,8
2025,42001002,202,강릉-동진버스,True,4200283,해운정,BIS inventory,True,True,40,39,128.8896806331549,37.78564440698094,1,11,42,36,0.017712,0.322486,2025-05-27,2025-06-03,8,경포해변-경포해변,4
2025,42001002,202,강릉-동진버스,True,4200293,강릉역건너편,BIS inventory,True,True,14,13,128.8990669694857,37.76400772021464,220,305,5,3,3.896564,8.941659,2025-05-27,2025-06-03,8,경포해변-경포해변,8
2025,42001002,202,강릉-동진버스,True,4200401,강릉복합복지체육센터,BIS inventory,True,True,29,28,128.87017698555522,37.76290354322161,28,47,30,16,0.495926,1.377895,2025-05-27,2025-06-03,8,경포해변-경포해변,8
2025,42001002,202,강릉-동진버스,True,4200431,강릉국민체육센터,BIS inventory,True,True,9,8,128.8964868887264,37.776906315186,115,2,13,42,2.03684,0.058634,2025-05-27,2025-06-03,8,경포해변-경포해변,8
2025,42001002,202,강릉-동진버스,True,4200432,종합경기장,BIS inventory,True,True,10,9,128.89654249784542,37.771109941446205,166,15,8,31,2.940135,0.439754,2025-05-27,2025-06-03,8,경포해변-경포해변,8
2025,42001002,202,강릉-동진버스,True,4200543,미디어촌5단지,BIS inventory,True,True,25,24,128.86758571434657,37.753701754139904,90,172,18,5,1.594049,5.04251,2025-05-27,2025-06-03,8,경포해변-경포해변,8
2025,42001002,202,강릉-동진버스,True,4200546,e-편한세상아파트,BIS inventory,True,True,11,10,128.89508217030252,37.76981271024109,135,37,10,18,2.391073,1.084726,2025-05-27,2025-06-03,8,경포해변-경포해변,8
2025,42001002,202,강릉-동진버스,True,4200565,우미린아파트,BIS inventory,True,True,24,23,128.87023572987053,37.75716460769394,30,142,29,7,0.53135,4.163002,2025-05-27,2025-06-03,8,경포해변-경포해변,8
2025,42001002,202,강릉-동진버스,True,4200567,한내들아파트,BIS inventory,True,True,27,26,128.8681446784216,37.75790349269205,47,23,27,23,0.832448,0.674289,2025-05-27,2025-06-03,8,경포해변-경포해변,8
2025,42001002,202,강릉-동진버스,True,4200612,강릉아이스아레나,BIS inventory,True,True,8,7,128.89502259832767,37.78025795268572,71,10,21,38,1.257527,0.293169,2025-05-27,2025-06-03,8,경포해변-경포해변,8
2025,42001002,202,강릉-동진버스,True,4200647,허난설헌삼거리,BIS inventory,True,True,4,3,128.91326614067623,37.792240418323686,117,18,12,27,2.072264,0.527704,2025-05-27,2025-06-03,8,경포해변-경포해변,8
2025,42001002,202,강릉-동진버스,True,4201241,순두부마을,BIS inventory,True,True,41,40,128.8929863409179,37.7864529101926,4,18,38,27,0.070847,0.527704,2025-05-27,2025-06-03,8,경포해변-경포해변,7
2025,42001002,202,강릉-동진버스,True,4201242,경포해변,BIS inventory,True,True,1,43,128.9052529004403,37.80440358093674,897,393,2,2,15.887354,11.521548,2025-05-27,2025-06-03,8,경포해변-경포해변,8
2025,42001002,202,강릉-동진버스,True,4201249,선수촌8단지,BIS inventory,True,True,28,27,128.87029355520082,37.76060110592661,52,28,24,20,0.921006,0.820874,2025-05-27,2025-06-03,8,경포해변-경포해변,8
2025,42001002,202,강릉-동진버스,True,4201255,모안이서낭당,BIS inventory,True,True,7,6,128.90266311761613,37.78356022910187,25,3,31,41,0.442791,0.087951,2025-05-27,2025-06-03,8,경포해변-경포해변,8
2025,42001002,202,강릉-동진버스,True,4201257,강릉녹색도시체험센터,BIS inventory,True,True,6,5,128.90662264590688,37.78655657001431,71,20,21,26,1.257527,0.586338,2025-05-27,2025-06-03,8,경포해변-경포해변,8
2025,42001002,202,강릉-동진버스,True,4201258,허균.허난설헌기념공원,BIS inventory,True,True,5,4,128.9098403915302,37.789953897145395,81,12,19,35,1.434644,0.351803,2025-05-27,2025-06-03,8,경포해변-경포해변,8
2025,42001002,202,강릉-동진버스,True,4201260,강문해변입구,BIS inventory,True,True,3,2,128.91519487645675,37.79459950672752,508,28,3,20,8.99752,0.820874,2025-05-27,2025-06-03,8,경포해변-경포해변,8
2025,42001002,202,강릉-동진버스,True,4201266,경포호,BIS inventory,True,True,2,1,128.91144337577538,37.79931158521169,199,11,6,36,3.524619,0.322486,2025-05-27,2025-06-03,8,경포해변-경포해변,8
2025,42001002,202,강릉-동진버스,True,4201376,가작다리입구,BIS inventory,True,True,13,12,128.8944549231389,37.76589747732919,4,14,38,33,0.070847,0.410437,2025-05-27,2025-06-03,8,경포해변-경포해변,7
2025,42001003,206,강릉-동진버스,True,4200011,동부아파트,BIS inventory,True,True,4,3,128.9151327017873,37.78401368458876,367,0,6,,3.992168,0.0,2025-05-27,2025-06-03,8,강릉고등학교-강릉고정문,8
2025,42001003,206,강릉-동진버스,True,4200039,유화아파트,BIS inventory,True,True,3,2,128.91342886671308,37.785727014906996,142,0,17,,1.544654,0.0,2025-05-27,2025-06-03,8,강릉고등학교-강릉고정문,8
2025,42001003,206,강릉-동진버스,True,4200041,허균생가입구,BIS inventory,True,True,2,1,128.91292892790995,37.78786454215139,44,0,36,,0.478625,0.0,2025-05-27,2025-06-03,8,강릉고등학교-강릉고정문,7
2025,42001003,206,강릉-동진버스,True,4200043,이화해변타운,BIS inventory,True,True,5,4,128.91744670191798,37.78316591377611,96,1,25,56,1.044273,0.023063,2025-05-27,2025-06-03,8,강릉고등학교-강릉고정문,8
2025,42001003,206,강릉-동진버스,True,4200047,강릉고정문,BIS inventory,True,True,63,61,128.91550078840652,37.78828834947499,9,179,50,6,0.097901,4.128229,2025-05-27,2025-06-03,8,강릉고등학교-강릉고정문,8
2025,42001003,206,강릉-동진버스,True,4200049,남강초교,BIS inventory,True,True,50,49,128.91338089940805,37.76735161096919,29,72,41,14,0.315457,1.660517,2025-05-27,2025-06-03,8,강릉고등학교-강릉고정문,8
2025,42001003,206,강릉-동진버스,True,4200052,송정래미안,BIS inventory,True,True,59,58,128.93038982126572,37.78292573478735,6,3,52,53,0.065267,0.069188,2025-05-27,2025-06-03,8,강릉고등학교-강릉고정문,5
2025,42001003,206,강릉-동진버스,True,4200053,오성학교,BIS inventory,True,True,58,57,128.93312248716418,37.77978287851338,7,16,51,38,0.076145,0.369004,2025-05-27,2025-06-03,8,강릉고등학교-강릉고정문,7
2025,42001003,206,강릉-동진버스,True,4200055,해당화연립,BIS inventory,True,True,57,56,128.93501598562065,37.778964657496246,12,60,47,19,0.130534,1.383764,2025-05-27,2025-06-03,8,강릉고등학교-강릉고정문,8
2025,42001003,206,강릉-동진버스,True,4200057,강릉경찰서,BIS inventory,True,True,13,12,128.90688706685629,37.768055768979885,122,16,19,38,1.327097,0.369004,2025-05-27,2025-06-03,8,강릉고등학교-강릉고정문,8
2025,42001003,206,강릉-동진버스,True,4200060,솔올중학교,BIS inventory,True,True,33,32,128.8798722504925,37.77163504014371,66,12,31,42,0.717938,0.276753,2025-05-27,2025-06-03,8,강릉고등학교-강릉고정문,8
2025,42001003,206,강릉-동진버스,True,4200080,경포초등학교,BIS inventory,True,True,34,33,128.87893593974582,37.76974854746925,209,12,12,42,2.273469,0.276753,2025-05-27,2025-06-03,8,강릉고등학교-강릉고정문,8
2025,42001003,206,강릉-동진버스,True,4200094,강릉여고,BIS inventory,True,True,47,46,128.90248424479844,37.75904463050879,132,57,18,21,1.435875,1.314576,2025-05-27,2025-06-03,8,강릉고등학교-강릉고정문,8
2025,42001003,206,강릉-동진버스,True,4200100,강원도교육연수원,BIS inventory,True,True,62,60,128.91813970318609,37.785074864473685,3,95,57,9,0.032634,2.190959,2025-05-27,2025-06-03,8,강릉고등학교-강릉고정문,8
2025,42001003,206,강릉-동진버스,True,4200104,동명중학교,BIS inventory,True,True,8,7,128.91637238303827,37.777185998905715,58,1,34,56,0.630915,0.023063,2025-05-27,2025-06-03,8,강릉고등학교-강릉고정문,8
2025,42001003,206,강릉-동진버스,True,4200106,KT,BIS inventory,True,True,10,9,128.91181164590185,37.77275858732733,357,10,7,46,3.88339,0.230627,2025-05-27,2025-06-03,8,강릉고등학교-강릉고정문,8
2025,42001003,206,강릉-동진버스,True,4200108,동인병원입구,BIS inventory,True,True,11,10,128.90953558421478,37.77125258486367,113,14,22,40,1.229196,0.322878,2025-05-27,2025-06-03,8,강릉고등학교-강릉고정문,8
2025,42001003,206,강릉-동진버스,True,4200110,하슬라중,BIS inventory,True,True,12,11,128.90715554439282,37.77053362559672,93,11,26,44,1.011639,0.25369,2025-05-27,2025-06-03,8,강릉고등학교-강릉고정문,8
2025,42001003,206,강릉-동진버스,True,4200114,고용센터,BIS inventory,True,True,21,20,128.88893105798073,37.75744085258255,59,20,33,35,0.641793,0.461255,2025-05-27,2025-06-03,8,강릉고등학교-강릉고정문,8
2025,42001003,206,강릉-동진버스,True,4200115,고용센터,BIS inventory,True,True,44,43,128.8890663454416,37.75714942132559,72,39,30,29,0.783205,0.899446,2025-05-27,2025-06-03,8,강릉고등학교-강릉고정문,8
2025,42001003,206,강릉-동진버스,True,4200116,적십자입구,BIS inventory,True,True,22,21,128.88726321660565,37.757196360936135,23,30,42,32,0.25019,0.691882,2025-05-27,2025-06-03,8,강릉고등학교-강릉고정문,8
2025,42001003,206,강릉-동진버스,True,4200117,적십자입구,BIS inventory,True,True,43,42,128.88647213220725,37.75676623567213,49,7,35,49,0.533014,0.161439,2025-05-27,2025-06-03,8,강릉고등학교-강릉고정문,8
2025,42001003,206,강릉-동진버스,True,4200118,터미널오거리,BIS inventory,True,True,23,22,128.8840640923818,37.75608209292866,13,60,45,19,0.141412,1.383764,2025-05-27,2025-06-03,8,강릉고등학교-강릉고정문,8
2025,42001003,206,강릉-동진버스,True,4200119,터미널오거리,BIS inventory,True,True,42,41,128.88381140539954,37.755579088211434,118,9,21,47,1.283585,0.207565,2025-05-27,2025-06-03,8,강릉고등학교-강릉고정문,8
2025,42001003,206,강릉-동진버스,True,4200120,강릉시외.고속터미널,BIS inventory,True,True,24,23,128.8792265208128,37.75505492071011,121,343,20,3,1.316219,7.910517,2025-05-27,2025-06-03,8,강릉고등학교-강릉고정문,8
2025,42001003,206,강릉-동진버스,True,4200121,강릉시외.고속터미널,BIS inventory,True,True,41,40,128.87911620808939,37.75486594086855,610,66,4,17,6.635484,1.52214,2025-05-27,2025-06-03,8,강릉고등학교-강릉고정문,8
2025,42001003,206,강릉-동진버스,True,4200122,강릉문화원,BIS inventory,True,True,25,24,128.8740921031382,37.75789663608161,3,64,57,18,0.032634,1.476015,2025-05-27,2025-06-03,8,강릉고등학교-강릉고정문,8
2025,42001003,206,강릉-동진버스,True,4200123,우편집중국,BIS inventory,True,True,26,25,128.8733706824724,37.76051485370646,1,78,60,13,0.010878,1.798893,2025-05-27,2025-06-03,8,강릉고등학교-강릉고정문,8
2025,42001003,206,강릉-동진버스,True,4200124,우편집중국,BIS inventory,True,True,40,39,128.87347187490323,37.76156496879712,293,13,10,41,3.187208,0.299815,2025-05-27,2025-06-03,8,강릉고등학교-강릉고정문,8
2025,42001003,206,강릉-동진버스,True,4200125,솔올공연장,BIS inventory,True,True,27,26,128.87460623301726,37.76366952964576,5,181,53,5,0.054389,4.174354,2025-05-27,2025-06-03,8,강릉고등학교-강릉고정문,8
2025,42001003,206,강릉-동진버스,True,4200126,솔올공연장,BIS inventory,True,True,39,38,128.87424793205705,37.763507530751156,263,9,11,47,2.860872,0.207565,2025-05-27,2025-06-03,8,강릉고등학교-강릉고정문,8
2025,42001003,206,강릉-동진버스,True,4200127,구름다리,BIS inventory,True,True,28,27,128.87654770197503,37.764512872809554,11,164,48,7,0.119656,3.782288,2025-05-27,2025-06-03,8,강릉고등학교-강릉고정문,8
2025,42001003,206,강릉-동진버스,True,4200128,구름다리,BIS inventory,True,True,38,37,128.87743298775584,37.764682397677966,589,11,5,44,6.407049,0.25369,2025-05-27,2025-06-03,8,강릉고등학교-강릉고정문,8
2025,42001003,206,강릉-동진버스,True,4200129,주공3차아파트,BIS inventory,True,True,29,28,128.87933873663175,37.76410589188944,3,67,57,15,0.032634,1.545203,2025-05-27,2025-06-03,8,강릉고등학교-강릉고정문,8
2025,42001003,206,강릉-동진버스,True,4200130,현대2차아파트,BIS inventory,True,True,37,36,128.87999435131803,37.764311243841746,305,6,9,51,3.317742,0.138376,2025-05-27,2025-06-03,8,강릉고등학교-강릉고정문,8
2025,42001003,206,강릉-동진버스,True,4200131,하이빌현대아파트,BIS inventory,True,True,30,29,128.8824547932286,37.764860822549025,1,18,60,37,0.010878,0.415129,2025-05-27,2025-06-03,8,강릉고등학교-강릉고정문,4
2025,42001003,206,강릉-동진버스,True,4200132,율곡초등학교,BIS inventory,True,True,36,35,128.88221538693716,37.765100900268116,44,0,36,,0.478625,0.0,2025-05-27,2025-06-03,8,강릉고등학교-강릉고정문,8
2025,42001003,206,강릉-동진버스,True,4200133,주공1차아파트,BIS inventory,True,True,31,30,128.88288690646792,37.76665665089728,5,67,53,15,0.054389,1.545203,2025-05-27,2025-06-03,8,강릉고등학교-강릉고정문,8
2025,42001003,206,강릉-동진버스,True,4200134,부영2차아파트,BIS inventory,True,True,32,31,128.88281079370944,37.77016072015751,145,54,16,24,1.577287,1.245387,2025-05-27,2025-06-03,8,강릉고등학교-강릉고정문,8
2025,42001003,206,강릉-동진버스,True,4200249,용강동서부시장,BIS inventory,True,True,45,44,128.89167287030088,37.75492247590215,77,250,29,4,0.837594,5.765683,2025-05-27,2025-06-03,8,강릉고등학교-강릉고정문,8
2025,42001003,206,강릉-동진버스,True,4200250,용강동서부시장,BIS inventory,True,True,20,19,128.89174828581776,37.7556582744871,191,33,13,31,2.077668,0.76107,2025-05-27,2025-06-03,8,강릉고등학교-강릉고정문,8
2025,42001003,206,강릉-동진버스,True,4200251,한국은행,BIS inventory,True,True,19,18,128.89406630781096,37.753485602290496,652,151,3,8,7.092353,3.482472,2025-05-27,2025-06-03,8,강릉고등학교-강릉고정문,8
2025,42001003,206,강릉-동진버스,True,4200252,신영극장,BIS inventory,True,True,46,45,128.8961287589657,37.75448236011555,1106,786,2,1,12.030893,18.127306,2025-05-27,2025-06-03,8,강릉고등학교-강릉고정문,8
2025,42001003,206,강릉-동진버스,True,4200253,교보생명,BIS inventory,True,True,18,17,128.89811415297848,37.756002485379526,1245,567,1,2,13.542913,13.076568,2025-05-27,2025-06-03,8,강릉고등학교-강릉고정문,8
2025,42001003,206,강릉-동진버스,True,4200258,용지각,BIS inventory,True,True,48,47,128.90534669055177,37.76147384168322,93,81,26,12,1.011639,1.868081,2025-05-27,2025-06-03,8,강릉고등학교-강릉고정문,8
2025,42001003,206,강릉-동진버스,True,4200260,동남아파트,BIS inventory,True,True,49,48,128.9088062489658,37.764638779656714,44,88,36,10,0.478625,2.02952,2025-05-27,2025-06-03,8,강릉고등학교-강릉고정문,8
2025,42001003,206,강릉-동진버스,True,4200265,혜성연립,BIS inventory,True,True,51,50,128.91575952067353,37.76841531999017,21,83,44,11,0.228435,1.914207,2025-05-27,2025-06-03,8,강릉고등학교-강릉고정문,8
2025,42001003,206,강릉-동진버스,True,4200267,삼우은성아파트,BIS inventory,True,True,52,51,128.91973659122027,37.77025900516923,23,57,42,21,0.25019,1.314576,2025-05-27,2025-06-03,8,강릉고등학교-강릉고정문,8
2025,42001003,206,강릉-동진버스,True,4200269,이마트,BIS inventory,True,True,53,52,128.92346774482266,37.772222356268564,13,39,45,29,0.141412,0.899446,2025-05-27,2025-06-03,8,강릉고등학교-강릉고정문,8
2025,42001003,206,강릉-동진버스,True,4200271,송정동주민센터,BIS inventory,True,True,54,53,128.9281580126049,37.77420386430584,5,29,53,33,0.054389,0.668819,2025-05-27,2025-06-03,8,강릉고등학교-강릉고정문,8
2025,42001003,206,강릉-동진버스,True,4200273,송정신원아침도시,BIS inventory,True,True,55,54,128.93190852770562,37.774810233413945,4,49,56,27,0.043511,1.130074,2025-05-27,2025-06-03,8,강릉고등학교-강릉고정문,8
2025,42001003,206,강릉-동진버스,True,4200277,비치소라아파트,BIS inventory,True,True,56,55,128.93435177478304,37.77578862012879,11,45,48,28,0.119656,1.037823,2025-05-27,2025-06-03,8,강릉고등학교-강릉고정문,8
2025,42001003,206,강릉-동진버스,True,4200287,강릉고등학교,BIS inventory,True,True,1,0,128.91470458416677,37.788540253578724,309,2,8,54,3.361253,0.046125,2025-05-27,2025-06-03,8,강릉고등학교-강릉고정문,8
2025,42001003,206,강릉-동진버스,True,4200288,경포고교,BIS inventory,True,True,6,5,128.91881546540267,37.78075927662396,183,7,14,49,1.990645,0.161439,2025-05-27,2025-06-03,8,강릉고등학교-강릉고정문,8
2025,42001003,206,강릉-동진버스,True,4200289,한솔초교,BIS inventory,True,True,9,8,128.9142086436632,37.775058134113436,106,4,24,52,1.153051,0.092251,2025-05-27,2025-06-03,8,강릉고등학교-강릉고정문,8
2025,42001003,206,강릉-동진버스,True,4200292,주공1차아파트,BIS inventory,True,True,35,34,128.88256780330317,37.766843575404636,177,1,15,56,1.925378,0.023063,2025-05-27,2025-06-03,8,강릉고등학교-강릉고정문,8
2025,42001003,206,강릉-동진버스,True,4200315,구터미널,BIS inventory,True,True,16,15,128.8988430353628,37.76163002626936,39,20,40,35,0.424236,0.461255,2025-05-27,2025-06-03,8,강릉고등학교-강릉고정문,8
2025,42001003,206,강릉-동진버스,True,4200320,강릉역육거리,BIS inventory,True,True,15,14,128.9015605860337,37.763796951176055,79,55,28,23,0.85935,1.26845,2025-05-27,2025-06-03,8,강릉고등학교-강릉고정문,8
2025,42001003,206,강릉-동진버스,True,4200322,동도센트리움,BIS inventory,True,True,14,13,128.90456486009336,37.76619195310031,110,21,23,34,1.196563,0.484317,2025-05-27,2025-06-03,8,강릉고등학교-강릉고정문,8
2025,42001003,206,강릉-동진버스,True,4200365,삼성디지털센터,BIS inventory,True,True,17,16,128.8966989039856,37.75811194350719,41,50,39,26,0.445992,1.153137,2025-05-27,2025-06-03,8,강릉고등학교-강릉고정문,8
2025,42001003,206,강릉-동진버스,True,4201220,포남2주공입구,BIS inventory,True,True,7,6,128.9179885478381,37.77901498558293,65,2,32,54,0.70706,0.046125,2025-05-27,2025-06-03,8,강릉고등학교-강릉고정문,8
2025,42001003,206,강릉-동진버스,True,4201233,초당분수공원,BIS inventory,True,True,61,59,128.9221385517862,37.785996929695614,1,51,60,25,0.010878,1.176199,2025-05-27,2025-06-03,8,강릉고등학교-강릉고정문,8
2025,42001004,207,강릉-동진버스,True,4200011,동부아파트,BIS inventory,True,True,6,5,128.9151327017873,37.78401368458876,162,2,9,56,3.266129,0.07874,2025-05-27,2025-06-03,8,허균.허난설헌기-허균.허난설헌기,8
2025,42001004,207,강릉-동진버스,True,4200039,유화아파트,BIS inventory,True,True,5,4,128.91342886671308,37.785727014906996,79,1,17,58,1.592742,0.03937,2025-05-27,2025-06-03,8,허균.허난설헌기-허균.허난설헌기,8
2025,42001004,207,강릉-동진버스,True,4200041,허균생가입구,BIS inventory,True,True,4,3,128.91292892790995,37.78786454215139,15,0,44,,0.302419,0.0,2025-05-27,2025-06-03,8,허균.허난설헌기-허균.허난설헌기,6
2025,42001004,207,강릉-동진버스,True,4200043,이화해변타운,BIS inventory,True,True,7,6,128.91744670191798,37.78316591377611,43,2,30,56,0.866935,0.07874,2025-05-27,2025-06-03,8,허균.허난설헌기-허균.허난설헌기,8
2025,42001004,207,강릉-동진버스,True,4200047,강릉고정문,BIS inventory,True,True,68,66,128.91550078840652,37.78828834947499,1,65,62,9,0.020161,2.559055,2025-05-27,2025-06-03,8,허균.허난설헌기-허균.허난설헌기,8
2025,42001004,207,강릉-동진버스,True,4200049,남강초교,BIS inventory,True,True,55,54,128.91338089940805,37.76735161096919,18,51,42,10,0.362903,2.007874,2025-05-27,2025-06-03,8,허균.허난설헌기-허균.허난설헌기,8
2025,42001004,207,강릉-동진버스,True,4200052,송정래미안,BIS inventory,True,True,64,63,128.93038982126572,37.78292573478735,0,5,,50,0.0,0.19685,2025-05-27,2025-06-03,8,허균.허난설헌기-허균.허난설헌기,4
2025,42001004,207,강릉-동진버스,True,4200053,오성학교,BIS inventory,True,True,63,62,128.93312248716418,37.77978287851338,1,7,62,45,0.020161,0.275591,2025-05-27,2025-06-03,8,허균.허난설헌기-허균.허난설헌기,5
2025,42001004,207,강릉-동진버스,True,4200055,해당화연립,BIS inventory,True,True,62,61,128.93501598562065,37.778964657496246,8,22,53,30,0.16129,0.866142,2025-05-27,2025-06-03,8,허균.허난설헌기-허균.허난설헌기,7
2025,42001004,207,강릉-동진버스,True,4200057,강릉경찰서,BIS inventory,True,True,15,14,128.90688706685629,37.768055768979885,74,6,20,46,1.491935,0.23622,2025-05-27,2025-06-03,8,허균.허난설헌기-허균.허난설헌기,8
2025,42001004,207,강릉-동진버스,True,4200060,솔올중학교,BIS inventory,True,True,35,34,128.8798722504925,37.77163504014371,3,16,58,35,0.060484,0.629921,2025-05-27,2025-06-03,8,허균.허난설헌기-허균.허난설헌기,7
2025,42001004,207,강릉-동진버스,True,4200083,지변동,BIS inventory,True,True,36,35,128.87676045382563,37.771874023944235,0,25,,27,0.0,0.984252,2025-05-27,2025-06-03,8,허균.허난설헌기-허균.허난설헌기,7
2025,42001004,207,강릉-동진버스,True,4200084,풋살경기장옆,BIS inventory,True,True,38,37,128.87680703199706,37.77165010517057,76,1,18,58,1.532258,0.03937,2025-05-27,2025-06-03,8,허균.허난설헌기-허균.허난설헌기,8
2025,42001004,207,강릉-동진버스,True,4200094,강릉여고,BIS inventory,True,True,52,51,128.90248424479844,37.75904463050879,75,45,19,14,1.512097,1.771654,2025-05-27,2025-06-03,8,허균.허난설헌기-허균.허난설헌기,8
2025,42001004,207,강릉-동진버스,True,4200098,허난설헌삼거리,BIS inventory,True,True,2,1,128.9131333359753,37.79177727582709,43,0,30,,0.866935,0.0,2025-05-27,2025-06-03,8,허균.허난설헌기-허균.허난설헌기,8
2025,42001004,207,강릉-동진버스,True,4200100,강원도교육연수원,BIS inventory,True,True,67,65,128.91813970318609,37.785074864473685,0,32,,19,0.0,1.259843,2025-05-27,2025-06-03,8,허균.허난설헌기-허균.허난설헌기,8
2025,42001004,207,강릉-동진버스,True,4200104,동명중학교,BIS inventory,True,True,10,9,128.91637238303827,37.777185998905715,44,1,28,58,0.887097,0.03937,2025-05-27,2025-06-03,8,허균.허난설헌기-허균.허난설헌기,8
2025,42001004,207,강릉-동진버스,True,4200106,KT,BIS inventory,True,True,12,11,128.91181164590185,37.77275858732733,261,10,5,42,5.262097,0.393701,2025-05-27,2025-06-03,8,허균.허난설헌기-허균.허난설헌기,8
2025,42001004,207,강릉-동진버스,True,4200108,동인병원입구,BIS inventory,True,True,13,12,128.90953558421478,37.77125258486367,96,8,14,43,1.935484,0.314961,2025-05-27,2025-06-03,8,허균.허난설헌기-허균.허난설헌기,8
2025,42001004,207,강릉-동진버스,True,4200110,하슬라중,BIS inventory,True,True,14,13,128.90715554439282,37.77053362559672,74,4,20,52,1.491935,0.15748,2025-05-27,2025-06-03,8,허균.허난설헌기-허균.허난설헌기,8
2025,42001004,207,강릉-동진버스,True,4200114,고용센터,BIS inventory,True,True,23,22,128.88893105798073,37.75744085258255,13,8,45,43,0.262097,0.314961,2025-05-27,2025-06-03,8,허균.허난설헌기-허균.허난설헌기,8
2025,42001004,207,강릉-동진버스,True,4200115,고용센터,BIS inventory,True,True,49,48,128.8890663454416,37.75714942132559,28,36,35,17,0.564516,1.417323,2025-05-27,2025-06-03,8,허균.허난설헌기-허균.허난설헌기,8
2025,42001004,207,강릉-동진버스,True,4200116,적십자입구,BIS inventory,True,True,24,23,128.88726321660565,37.757196360936135,11,11,48,40,0.221774,0.433071,2025-05-27,2025-06-03,8,허균.허난설헌기-허균.허난설헌기,7
2025,42001004,207,강릉-동진버스,True,4200117,적십자입구,BIS inventory,True,True,48,47,128.88647213220725,37.75676623567213,22,6,38,46,0.443548,0.23622,2025-05-27,2025-06-03,8,허균.허난설헌기-허균.허난설헌기,7
2025,42001004,207,강릉-동진버스,True,4200118,터미널오거리,BIS inventory,True,True,25,24,128.8840640923818,37.75608209292866,18,14,42,38,0.362903,0.551181,2025-05-27,2025-06-03,8,허균.허난설헌기-허균.허난설헌기,7
2025,42001004,207,강릉-동진버스,True,4200119,터미널오거리,BIS inventory,True,True,47,46,128.88381140539954,37.755579088211434,44,6,28,46,0.887097,0.23622,2025-05-27,2025-06-03,8,허균.허난설헌기-허균.허난설헌기,8
2025,42001004,207,강릉-동진버스,True,4200120,강릉시외.고속터미널,BIS inventory,True,True,26,25,128.8792265208128,37.75505492071011,81,142,16,3,1.633065,5.590551,2025-05-27,2025-06-03,8,허균.허난설헌기-허균.허난설헌기,8
2025,42001004,207,강릉-동진버스,True,4200121,강릉시외.고속터미널,BIS inventory,True,True,46,45,128.87911620808939,37.75486594086855,383,39,3,16,7.721774,1.535433,2025-05-27,2025-06-03,8,허균.허난설헌기-허균.허난설헌기,8
2025,42001004,207,강릉-동진버스,True,4200122,강릉문화원,BIS inventory,True,True,27,26,128.8740921031382,37.75789663608161,12,22,47,30,0.241935,0.866142,2025-05-27,2025-06-03,8,허균.허난설헌기-허균.허난설헌기,7
2025,42001004,207,강릉-동진버스,True,4200123,우편집중국,BIS inventory,True,True,28,27,128.8733706824724,37.76051485370646,2,51,59,10,0.040323,2.007874,2025-05-27,2025-06-03,8,허균.허난설헌기-허균.허난설헌기,8
2025,42001004,207,강릉-동진버스,True,4200124,우편집중국,BIS inventory,True,True,45,44,128.87347187490323,37.76156496879712,180,6,8,46,3.629032,0.23622,2025-05-27,2025-06-03,8,허균.허난설헌기-허균.허난설헌기,8
2025,42001004,207,강릉-동진버스,True,4200125,솔올공연장,BIS inventory,True,True,29,28,128.87460623301726,37.76366952964576,7,91,55,6,0.141129,3.582677,2025-05-27,2025-06-03,8,허균.허난설헌기-허균.허난설헌기,8
2025,42001004,207,강릉-동진버스,True,4200126,솔올공연장,BIS inventory,True,True,44,43,128.87424793205705,37.763507530751156,100,5,13,50,2.016129,0.19685,2025-05-27,2025-06-03,8,허균.허난설헌기-허균.허난설헌기,8
2025,42001004,207,강릉-동진버스,True,4200127,구름다리,BIS inventory,True,True,30,29,128.87654770197503,37.764512872809554,10,96,49,5,0.201613,3.779528,2025-05-27,2025-06-03,8,허균.허난설헌기-허균.허난설헌기,8
2025,42001004,207,강릉-동진버스,True,4200128,구름다리,BIS inventory,True,True,43,42,128.87743298775584,37.764682397677966,239,3,6,54,4.818548,0.11811,2025-05-27,2025-06-03,8,허균.허난설헌기-허균.허난설헌기,8
2025,42001004,207,강릉-동진버스,True,4200129,주공3차아파트,BIS inventory,True,True,31,30,128.87933873663175,37.76410589188944,8,27,53,26,0.16129,1.062992,2025-05-27,2025-06-03,8,허균.허난설헌기-허균.허난설헌기,8
2025,42001004,207,강릉-동진버스,True,4200130,현대2차아파트,BIS inventory,True,True,42,41,128.87999435131803,37.764311243841746,137,1,10,58,2.762097,0.03937,2025-05-27,2025-06-03,8,허균.허난설헌기-허균.허난설헌기,8
2025,42001004,207,강릉-동진버스,True,4200131,하이빌현대아파트,BIS inventory,True,True,32,31,128.8824547932286,37.764860822549025,2,14,59,38,0.040323,0.551181,2025-05-27,2025-06-03,8,허균.허난설헌기-허균.허난설헌기,7
2025,42001004,207,강릉-동진버스,True,4200132,율곡초등학교,BIS inventory,True,True,41,40,128.88221538693716,37.765100900268116,20,0,41,,0.403226,0.0,2025-05-27,2025-06-03,8,허균.허난설헌기-허균.허난설헌기,7
2025,42001004,207,강릉-동진버스,True,4200133,주공1차아파트,BIS inventory,True,True,33,32,128.88288690646792,37.76665665089728,1,32,62,19,0.020161,1.259843,2025-05-27,2025-06-03,8,허균.허난설헌기-허균.허난설헌기,8
2025,42001004,207,강릉-동진버스,True,4200134,부영2차아파트,BIS inventory,True,True,34,33,128.88281079370944,37.77016072015751,9,15,51,37,0.181452,0.590551,2025-05-27,2025-06-03,8,허균.허난설헌기-허균.허난설헌기,7
2025,42001004,207,강릉-동진버스,True,4200135,부영2차아파트,BIS inventory,True,True,39,38,128.8825125758686,37.77002923948558,46,1,26,58,0.927419,0.03937,2025-05-27,2025-06-03,8,허균.허난설헌기-허균.허난설헌기,8
2025,42001004,207,강릉-동진버스,True,4200249,용강동서부시장,BIS inventory,True,True,50,49,128.89167287030088,37.75492247590215,46,127,26,4,0.927419,5.0,2025-05-27,2025-06-03,8,허균.허난설헌기-허균.허난설헌기,8
2025,42001004,207,강릉-동진버스,True,4200250,용강동서부시장,BIS inventory,True,True,22,21,128.89174828581776,37.7556582744871,90,16,15,35,1.814516,0.629921,2025-05-27,2025-06-03,8,허균.허난설헌기-허균.허난설헌기,8
2025,42001004,207,강릉-동진버스,True,4200251,한국은행,BIS inventory,True,True,21,20,128.89406630781096,37.753485602290496,282,88,4,7,5.685484,3.464567,2025-05-27,2025-06-03,8,허균.허난설헌기-허균.허난설헌기,8
2025,42001004,207,강릉-동진버스,True,4200252,신영극장,BIS inventory,True,True,51,50,128.8961287589657,37.75448236011555,538,479,2,1,10.846774,18.858268,2025-05-27,2025-06-03,8,허균.허난설헌기-허균.허난설헌기,8
2025,42001004,207,강릉-동진버스,True,4200253,교보생명,BIS inventory,True,True,20,19,128.89811415297848,37.756002485379526,588,375,1,2,11.854839,14.76378,2025-05-27,2025-06-03,8,허균.허난설헌기-허균.허난설헌기,8
2025,42001004,207,강릉-동진버스,True,4200258,용지각,BIS inventory,True,True,53,52,128.90534669055177,37.76147384168322,40,29,32,23,0.806452,1.141732,2025-05-27,2025-06-03,8,허균.허난설헌기-허균.허난설헌기,8
2025,42001004,207,강릉-동진버스,True,4200260,동남아파트,BIS inventory,True,True,54,53,128.9088062489658,37.764638779656714,33,42,34,15,0.665323,1.653543,2025-05-27,2025-06-03,8,허균.허난설헌기-허균.허난설헌기,8
2025,42001004,207,강릉-동진버스,True,4200265,혜성연립,BIS inventory,True,True,56,55,128.91575952067353,37.76841531999017,9,49,51,12,0.181452,1.929134,2025-05-27,2025-06-03,8,허균.허난설헌기-허균.허난설헌기,8
2025,42001004,207,강릉-동진버스,True,4200267,삼우은성아파트,BIS inventory,True,True,57,56,128.91973659122027,37.77025900516923,22,32,38,19,0.443548,1.259843,2025-05-27,2025-06-03,8,허균.허난설헌기-허균.허난설헌기,8
2025,42001004,207,강릉-동진버스,True,4200269,이마트,BIS inventory,True,True,58,57,128.92346774482266,37.772222356268564,13,32,45,19,0.262097,1.259843,2025-05-27,2025-06-03,8,허균.허난설헌기-허균.허난설헌기,8
2025,42001004,207,강릉-동진버스,True,4200271,송정동주민센터,BIS inventory,True,True,59,58,128.9281580126049,37.77420386430584,1,17,62,34,0.020161,0.669291,2025-05-27,2025-06-03,8,허균.허난설헌기-허균.허난설헌기,7
2025,42001004,207,강릉-동진버스,True,4200273,송정신원아침도시,BIS inventory,True,True,60,59,128.93190852770562,37.774810233413945,4,22,57,30,0.080645,0.866142,2025-05-27,2025-06-03,8,허균.허난설헌기-허균.허난설헌기,8
2025,42001004,207,강릉-동진버스,True,4200277,비치소라아파트,BIS inventory,True,True,61,60,128.93435177478304,37.77578862012879,5,23,56,29,0.100806,0.905512,2025-05-27,2025-06-03,8,허균.허난설헌기-허균.허난설헌기,8
2025,42001004,207,강릉-동진버스,True,4200287,강릉고등학교,BIS inventory,True,True,3,2,128.91470458416677,37.788540253578724,133,0,11,,2.681452,0.0,2025-05-27,2025-06-03,8,허균.허난설헌기-허균.허난설헌기,8
2025,42001004,207,강릉-동진버스,True,4200288,경포고교,BIS inventory,True,True,8,7,128.91881546540267,37.78075927662396,64,4,23,52,1.290323,0.15748,2025-05-27,2025-06-03,8,허균.허난설헌기-허균.허난설헌기,8
2025,42001004,207,강릉-동진버스,True,4200289,한솔초교,BIS inventory,True,True,11,10,128.9142086436632,37.775058134113436,69,3,22,54,1.391129,0.11811,2025-05-27,2025-06-03,8,허균.허난설헌기-허균.허난설헌기,8
2025,42001004,207,강릉-동진버스,True,4200292,주공1차아파트,BIS inventory,True,True,40,39,128.88256780330317,37.766843575404636,117,0,12,,2.358871,0.0,2025-05-27,2025-06-03,8,허균.허난설헌기-허균.허난설헌기,8
2025,42001004,207,강릉-동진버스,True,4200315,구터미널,BIS inventory,True,True,18,17,128.8988430353628,37.76163002626936,28,36,35,17,0.564516,1.417323,2025-05-27,2025-06-03,8,허균.허난설헌기-허균.허난설헌기,8
2025,42001004,207,강릉-동진버스,True,4200320,강릉역육거리,BIS inventory,True,True,17,16,128.9015605860337,37.763796951176055,57,21,25,33,1.149194,0.826772,2025-05-27,2025-06-03,8,허균.허난설헌기-허균.허난설헌기,8
2025,42001004,207,강릉-동진버스,True,4200322,동도센트리움,BIS inventory,True,True,16,15,128.90456486009336,37.76619195310031,64,11,23,40,1.290323,0.433071,2025-05-27,2025-06-03,8,허균.허난설헌기-허균.허난설헌기,8
2025,42001004,207,강릉-동진버스,True,4200356,강원대학교,BIS inventory,True,True,37,36,128.87391738137654,37.77033026766949,215,46,7,13,4.334677,1.811024,2025-05-27,2025-06-03,8,허균.허난설헌기-허균.허난설헌기,8
2025,42001004,207,강릉-동진버스,True,4200365,삼성디지털센터,BIS inventory,True,True,19,18,128.8966989039856,37.75811194350719,10,25,49,27,0.201613,0.984252,2025-05-27,2025-06-03,8,허균.허난설헌기-허균.허난설헌기,8
2025,42001004,207,강릉-동진버스,True,4200370,허균.허난설헌기념공원,BIS inventory,True,True,1,0,128.90979333997709,37.79017067397969,22,0,38,,0.443548,0.0,2025-05-27,2025-06-03,8,허균.허난설헌기-허균.허난설헌기,4
2025,42001004,207,강릉-동진버스,True,4200371,허균.허난설헌기념공원,BIS inventory,True,True,70,68,128.9099040371541,37.79022786972901,23,29,37,23,0.46371,1.141732,2025-05-27,2025-06-03,8,허균.허난설헌기-허균.허난설헌기,8
2025,42001004,207,강릉-동진버스,True,4200647,허난설헌삼거리,BIS inventory,True,True,69,67,128.91326614067623,37.792240418323686,0,76,,8,0.0,2.992126,2025-05-27,2025-06-03,8,허균.허난설헌기-허균.허난설헌기,8
2025,42001004,207,강릉-동진버스,True,4201220,포남2주공입구,BIS inventory,True,True,9,8,128.9179885478381,37.77901498558293,39,1,33,58,0.78629,0.03937,2025-05-27,2025-06-03,8,허균.허난설헌기-허균.허난설헌기,8
2025,42001004,207,강릉-동진버스,True,4201233,초당분수공원,BIS inventory,True,True,66,64,128.9221385517862,37.785996929695614,2,28,59,25,0.040323,1.102362,2025-05-27,2025-06-03,8,허균.허난설헌기-허균.허난설헌기,6
2025,42001005,300,강릉-동진버스,True,4200002,소돌해변입구,BIS inventory,True,True,53,52,128.81905535960837,37.90780434670355,1,11,48,47,0.007637,0.173693,2025-05-27,2025-06-03,8,공단-향호리,5
2025,42001005,300,강릉-동진버스,True,4200182,주문진해변,BIS inventory,True,True,54,53,128.81704671925502,37.90944057885068,0,108,,19,0.0,1.705353,2025-05-27,2025-06-03,8,공단-향호리,8
2025,42001005,300,강릉-동진버스,True,4200185,소돌,BIS inventory,True,True,52,51,128.8213252547112,37.90592204016269,0,71,,26,0.0,1.121112,2025-05-27,2025-06-03,8,공단-향호리,8
2025,42001005,300,강릉-동진버스,True,4200188,양양고개,BIS inventory,True,True,49,48,128.82822436017406,37.899998054568016,6,95,43,21,0.045823,1.500079,2025-05-27,2025-06-03,8,공단-향호리,8
2025,42001005,300,강릉-동진버스,True,4200192,북부지구대,BIS inventory,True,True,46,45,128.829270567591,37.89460960314925,34,113,35,16,0.259661,1.784304,2025-05-27,2025-06-03,8,공단-향호리,8
2025,42001005,300,강릉-동진버스,True,4200195,주문진항입구,BIS inventory,True,True,45,44,128.82690557497094,37.892668432750234,59,244,31,8,0.450588,3.852834,2025-05-27,2025-06-03,8,공단-향호리,8
2025,42001005,300,강릉-동진버스,True,4200196,작은다리,BIS inventory,True,True,44,43,128.8261349428677,37.89101262248175,100,438,26,2,0.763709,6.916153,2025-05-27,2025-06-03,8,공단-향호리,8
2025,42001005,300,강릉-동진버스,True,4200198,원마트,BIS inventory,True,True,43,42,128.82575730347685,37.88826959645488,71,331,29,4,0.542233,5.226591,2025-05-27,2025-06-03,8,공단-향호리,8
2025,42001005,300,강릉-동진버스,True,4200200,주문진시외버스터미널,BIS inventory,True,True,42,41,128.8253113527999,37.88508198031381,101,273,25,5,0.771346,4.310753,2025-05-27,2025-06-03,8,공단-향호리,8
2025,42001005,300,강릉-동진버스,True,4200202,주문진식자재마트,BIS inventory,True,True,41,40,128.82596782269363,37.881485546216574,153,112,20,17,1.168474,1.768514,2025-05-27,2025-06-03,8,공단-향호리,8
2025,42001005,300,강릉-동진버스,True,4200206,강원도립대,BIS inventory,True,True,39,38,128.8283096996467,37.87693859362977,158,176,19,11,1.20666,2.779094,2025-05-27,2025-06-03,8,공단-향호리,8
2025,42001005,300,강릉-동진버스,True,4200208,북부노인종합복지관,BIS inventory,True,True,38,37,128.83042321750824,37.874681277863154,212,173,14,12,1.619062,2.731723,2025-05-27,2025-06-03,8,공단-향호리,8
2025,42001005,300,강릉-동진버스,True,4200209,영진입구,BIS inventory,True,True,37,36,128.83637261045655,37.87054167536418,87,72,27,25,0.664426,1.136902,2025-05-27,2025-06-03,8,공단-향호리,8
2025,42001005,300,강릉-동진버스,True,4200211,삼천리아파트,BIS inventory,True,True,36,35,128.8383288212433,37.86906384505761,444,216,7,10,3.390866,3.410706,2025-05-27,2025-06-03,8,공단-향호리,8
2025,42001005,300,강릉-동진버스,True,4200212,연곡면사무소,BIS inventory,True,True,35,34,128.83761397394952,37.85995465828368,292,351,9,3,2.230029,5.542397,2025-05-27,2025-06-03,8,공단-향호리,8
2025,42001005,300,강릉-동진버스,True,4200214,연곡해변입구,BIS inventory,True,True,34,33,128.84162112920617,37.854539181009365,3,33,46,39,0.022911,0.52108,2025-05-27,2025-06-03,8,공단-향호리,8
2025,42001005,300,강릉-동진버스,True,4200215,구라미휴게소,BIS inventory,True,True,33,32,128.8412803433516,37.845869087009575,5,7,44,51,0.038185,0.110532,2025-05-27,2025-06-03,8,공단-향호리,6
2025,42001005,300,강릉-동진버스,True,4200217,구라미,BIS inventory,True,True,32,31,128.8421871924033,37.84071328241807,11,9,41,49,0.084008,0.142113,2025-05-27,2025-06-03,8,공단-향호리,8
2025,42001005,300,강릉-동진버스,True,4200221,모래내행복센터,BIS inventory,True,True,29,28,128.84881781800846,37.82675602435266,45,66,33,30,0.343669,1.04216,2025-05-27,2025-06-03,8,공단-향호리,8
2025,42001005,300,강릉-동진버스,True,4200222,사천면사무소,BIS inventory,True,True,28,27,128.84928192865996,37.82385848393331,62,147,30,14,0.473499,2.321175,2025-05-27,2025-06-03,8,공단-향호리,8
2025,42001005,300,강릉-동진버스,True,4200225,북부노인대학,BIS inventory,True,True,27,26,128.85083641112433,37.82016343083045,13,34,39,37,0.099282,0.53687,2025-05-27,2025-06-03,8,공단-향호리,8
2025,42001005,300,강릉-동진버스,True,4200226,방골마을입구,BIS inventory,True,True,25,24,128.8558844116181,37.81329996910386,18,35,38,36,0.137468,0.552661,2025-05-27,2025-06-03,8,공단-향호리,8
2025,42001005,300,강릉-동진버스,True,4200227,학고개,BIS inventory,True,True,24,23,128.86104076560957,37.80452897124611,3,8,46,50,0.022911,0.126322,2025-05-27,2025-06-03,8,공단-향호리,6
2025,42001005,300,강릉-동진버스,True,4200229,즈므.과학단지,BIS inventory,True,True,23,22,128.86079294239343,37.79710821329875,7,27,42,40,0.05346,0.426338,2025-05-27,2025-06-03,8,공단-향호리,8
2025,42001005,300,강릉-동진버스,True,4200231,한밭입구,BIS inventory,True,True,22,21,128.86496052027113,37.791610745411326,1,11,48,47,0.007637,0.173693,2025-05-27,2025-06-03,8,공단-향호리,7
2025,42001005,300,강릉-동진버스,True,4200233,행정마을,BIS inventory,True,True,21,20,128.8703519994515,37.78859256038236,23,58,36,31,0.175653,0.915838,2025-05-27,2025-06-03,8,공단-향호리,8
2025,42001005,300,강릉-동진버스,True,4200235,법원.검찰청,BIS inventory,True,True,20,19,128.8739503928752,37.785042447818554,38,47,34,33,0.290209,0.742144,2025-05-27,2025-06-03,8,공단-향호리,8
2025,42001005,300,강릉-동진버스,True,4200237,선교장입구,BIS inventory,True,True,19,18,128.8801857915523,37.78222354537227,46,58,32,31,0.351306,0.915838,2025-05-27,2025-06-03,8,공단-향호리,8
2025,42001005,300,강릉-동진버스,True,4200239,오죽헌,BIS inventory,True,True,18,17,128.88242080274284,37.78040719543912,218,115,13,15,1.664885,1.815885,2025-05-27,2025-06-03,8,공단-향호리,8
2025,42001005,300,강릉-동진버스,True,4200241,우성공업사,BIS inventory,True,True,17,16,128.8881180126791,37.77538642162077,86,67,28,28,0.656789,1.05795,2025-05-27,2025-06-03,8,공단-향호리,8
2025,42001005,300,강릉-동진버스,True,4200243,율곡중학교,BIS inventory,True,True,16,15,128.89033943348878,37.77216892177817,142,44,22,34,1.084466,0.694773,2025-05-27,2025-06-03,8,공단-향호리,8
2025,42001005,300,강릉-동진버스,True,4200246,이명사거리,BIS inventory,True,True,14,13,128.89177153862124,37.764700407126554,260,237,11,9,1.985642,3.742302,2025-05-27,2025-06-03,8,공단-향호리,8
2025,42001005,300,강릉-동진버스,True,4200248,강릉제일고,BIS inventory,True,True,13,12,128.89200478710157,37.759050283679514,269,78,10,24,2.054376,1.231644,2025-05-27,2025-06-03,8,공단-향호리,8
2025,42001005,300,강릉-동진버스,True,4200250,용강동서부시장,BIS inventory,True,True,12,11,128.89174828581776,37.7556582744871,524,89,5,22,4.001833,1.405337,2025-05-27,2025-06-03,8,공단-향호리,8
2025,42001005,300,강릉-동진버스,True,4200251,한국은행,BIS inventory,True,True,11,10,128.89406630781096,37.753485602290496,1215,248,3,7,9.279059,3.915996,2025-05-27,2025-06-03,8,공단-향호리,8
2025,42001005,300,강릉-동진버스,True,4200253,교보생명,BIS inventory,True,True,10,9,128.89811415297848,37.756002485379526,3856,1103,1,1,29.448602,17.416706,2025-05-27,2025-06-03,8,공단-향호리,8
2025,42001005,300,강릉-동진버스,True,4200257,옥천119안전센터,BIS inventory,True,True,6,5,128.90305174420297,37.761041080134646,124,18,24,42,0.946999,0.284225,2025-05-27,2025-06-03,8,공단-향호리,8
2025,42001005,300,강릉-동진버스,True,4200259,용지각,BIS inventory,True,True,5,4,128.90537716328666,37.76184119439877,364,20,8,41,2.779899,0.315806,2025-05-27,2025-06-03,8,공단-향호리,8
2025,42001005,300,강릉-동진버스,True,4200261,북강릉IC,BIS inventory,True,True,31,30,128.84425534198513,37.83689529134246,1,5,48,54,0.007637,0.078952,2025-05-27,2025-06-03,8,공단-향호리,5
2025,42001005,300,강릉-동진버스,True,4200262,로얄아파트.포남1동주민센터,BIS inventory,True,True,3,2,128.90933288179943,37.76545703763149,480,13,6,45,3.665801,0.205274,2025-05-27,2025-06-03,8,공단-향호리,8
2025,42001005,300,강릉-동진버스,True,4200298,보성연립,BIS inventory,True,True,50,49,128.82558444232305,37.90204313561504,0,17,,43,0.0,0.268435,2025-05-27,2025-06-03,8,공단-향호리,7
2025,42001005,300,강릉-동진버스,True,4200299,주문2리,BIS inventory,True,True,48,47,128.83067123183636,37.89750003400375,4,39,45,35,0.030548,0.615822,2025-05-27,2025-06-03,8,공단-향호리,8
2025,42001005,300,강릉-동진버스,True,4200300,수협사거리,BIS inventory,True,True,47,46,128.8314095884837,37.895774457125356,13,109,39,18,0.099282,1.721143,2025-05-27,2025-06-03,8,공단-향호리,8
2025,42001005,300,강릉-동진버스,True,4200308,주문진중.고등학교.강릉정보고,BIS inventory,True,True,40,39,128.82672327638434,37.87982425913257,174,108,17,19,1.328853,1.705353,2025-05-27,2025-06-03,8,공단-향호리,8
2025,42001005,300,강릉-동진버스,True,4200314,청솔공원,BIS inventory,True,True,30,29,128.84780404863866,37.83218520189828,20,6,37,52,0.152742,0.094742,2025-05-27,2025-06-03,8,공단-향호리,8
2025,42001005,300,강릉-동진버스,True,4200315,구터미널,BIS inventory,True,True,8,7,128.8988430353628,37.76163002626936,152,14,21,44,1.160837,0.221064,2025-05-27,2025-06-03,8,공단-향호리,8
2025,42001005,300,강릉-동진버스,True,4200318,포남시장,BIS inventory,True,True,4,3,128.90766061502285,37.76392281820552,210,13,15,45,1.603788,0.205274,2025-05-27,2025-06-03,8,공단-향호리,8
2025,42001005,300,강릉-동진버스,True,4200365,삼성디지털센터,BIS inventory,True,True,9,8,128.8966989039856,37.75811194350719,138,67,23,28,1.053918,1.05795,2025-05-27,2025-06-03,8,공단-향호리,8
2025,42001005,300,강릉-동진버스,True,4200418,강릉아산병원.강릉약국,BIS inventory,True,True,26,25,128.8564121349402,37.81631278949057,174,259,17,6,1.328853,4.089689,2025-05-27,2025-06-03,8,공단-향호리,8
2025,42001005,300,강릉-동진버스,True,4200473,향호리,BIS inventory,True,True,55,54,128.81023394642006,37.915207861254615,0,68,,27,0.0,1.073741,2025-05-27,2025-06-03,8,공단-향호리,8
2025,42001005,300,강릉-동진버스,True,4200521,방학골,BIS inventory,True,True,51,50,128.82291244813646,37.90463362511824,0,34,,37,0.0,0.53687,2025-05-27,2025-06-03,8,공단-향호리,8
2025,42001005,300,강릉-동진버스,True,4200569,교2동주민센터,BIS inventory,True,True,15,14,128.8921038226677,37.76840335678918,220,148,12,13,1.680159,2.336965,2025-05-27,2025-06-03,8,공단-향호리,8
2025,42001005,300,강릉-동진버스,True,4200721,강릉역,BIS inventory,True,True,7,6,128.8992580056024,37.76416330670135,1392,81,2,23,10.630823,1.279015,2025-05-27,2025-06-03,8,공단-향호리,8
2025,42001005,300,강릉-동진버스,True,4201205,입암2.3주공,BIS inventory,True,True,2,1,128.9161850255649,37.765072488547595,870,3,4,55,6.644265,0.047371,2025-05-27,2025-06-03,8,공단-향호리,8
2025,42001005,300,강릉-동진버스,True,4201209,공단,BIS inventory,True,True,1,0,128.92205416940635,37.765196014305694,195,6,16,52,1.489232,0.094742,2025-05-27,2025-06-03,8,공단-향호리,8
2025,42001007,302,강릉-동진버스,True,4200114,고용센터,BIS inventory,True,True,19,17,128.88893105798073,37.75744085258255,14,12,34,28,0.621946,1.153846,2025-05-27,2025-06-03,8,공단-향호리,8
2025,42001007,302,강릉-동진버스,True,4200116,적십자입구,BIS inventory,True,True,20,18,128.88726321660565,37.757196360936135,16,3,31,50,0.710795,0.288462,2025-05-27,2025-06-03,8,공단-향호리,6
2025,42001007,302,강릉-동진버스,True,4200118,터미널오거리,BIS inventory,True,True,21,19,128.8840640923818,37.75608209292866,43,28,16,10,1.910262,2.692308,2025-05-27,2025-06-03,8,공단-향호리,8
2025,42001007,302,강릉-동진버스,True,4200120,강릉시외.고속터미널,BIS inventory,True,True,22,20,128.8792265208128,37.75505492071011,137,76,3,2,6.086184,7.307692,2025-05-27,2025-06-03,8,공단-향호리,8
2025,42001007,302,강릉-동진버스,True,4200122,강릉문화원,BIS inventory,True,True,23,21,128.8740921031382,37.75789663608161,11,14,39,24,0.488672,1.346154,2025-05-27,2025-06-03,8,공단-향호리,8
2025,42001007,302,강릉-동진버스,True,4200123,우편집중국,BIS inventory,True,True,24,22,128.8733706824724,37.76051485370646,29,14,20,24,1.288316,1.346154,2025-05-27,2025-06-03,8,공단-향호리,7
2025,42001007,302,강릉-동진버스,True,4200125,솔올공연장,BIS inventory,True,True,25,23,128.87460623301726,37.76366952964576,17,30,30,9,0.75522,2.884615,2025-05-27,2025-06-03,8,공단-향호리,7
2025,42001007,302,강릉-동진버스,True,4200127,구름다리,BIS inventory,True,True,26,24,128.87654770197503,37.764512872809554,42,37,17,7,1.865837,3.557692,2025-05-27,2025-06-03,8,공단-향호리,8
2025,42001007,302,강릉-동진버스,True,4200129,주공3차아파트,BIS inventory,True,True,27,25,128.87933873663175,37.76410589188944,50,5,13,45,2.221235,0.480769,2025-05-27,2025-06-03,8,공단-향호리,8
2025,42001007,302,강릉-동진버스,True,4200131,하이빌현대아파트,BIS inventory,True,True,28,26,128.8824547932286,37.764860822549025,25,15,23,20,1.110618,1.442308,2025-05-27,2025-06-03,8,공단-향호리,8
2025,42001007,302,강릉-동진버스,True,4200133,주공1차아파트,BIS inventory,True,True,29,27,128.88288690646792,37.76665665089728,24,20,24,15,1.066193,1.923077,2025-05-27,2025-06-03,8,공단-향호리,8
2025,42001007,302,강릉-동진버스,True,4200134,부영2차아파트,BIS inventory,True,True,30,28,128.88281079370944,37.77016072015751,102,11,6,30,4.531319,1.057692,2025-05-27,2025-06-03,8,공단-향호리,8
2025,42001007,302,강릉-동진버스,True,4200137,방축거리,BIS inventory,True,True,31,29,128.88360346383243,37.77333257715457,5,5,45,45,0.222124,0.480769,2025-05-27,2025-06-03,8,공단-향호리,5
2025,42001007,302,강릉-동진버스,True,4200182,주문진해변,BIS inventory,True,True,69,67,128.81704671925502,37.90944057885068,0,6,,40,0.0,0.576923,2025-05-27,2025-06-03,8,공단-향호리,5
2025,42001007,302,강릉-동진버스,True,4200185,소돌,BIS inventory,True,True,67,65,128.8213252547112,37.90592204016269,1,8,55,35,0.044425,0.769231,2025-05-27,2025-06-03,8,공단-향호리,5
2025,42001007,302,강릉-동진버스,True,4200188,양양고개,BIS inventory,True,True,64,62,128.82822436017406,37.899998054568016,0,12,,28,0.0,1.153846,2025-05-27,2025-06-03,8,공단-향호리,6
2025,42001007,302,강릉-동진버스,True,4200192,북부지구대,BIS inventory,True,True,61,59,128.829270567591,37.89460960314925,5,13,45,26,0.222124,1.25,2025-05-27,2025-06-03,8,공단-향호리,6
2025,42001007,302,강릉-동진버스,True,4200195,주문진항입구,BIS inventory,True,True,60,58,128.82690557497094,37.892668432750234,6,44,44,5,0.266548,4.230769,2025-05-27,2025-06-03,8,공단-향호리,8
2025,42001007,302,강릉-동진버스,True,4200196,작은다리,BIS inventory,True,True,59,57,128.8261349428677,37.89101262248175,9,62,41,3,0.399822,5.961538,2025-05-27,2025-06-03,8,공단-향호리,8
2025,42001007,302,강릉-동진버스,True,4200198,원마트,BIS inventory,True,True,58,56,128.82575730347685,37.88826959645488,14,32,34,8,0.621946,3.076923,2025-05-27,2025-06-03,8,공단-향호리,7
2025,42001007,302,강릉-동진버스,True,4200200,주문진시외버스터미널,BIS inventory,True,True,57,55,128.8253113527999,37.88508198031381,11,40,39,6,0.488672,3.846154,2025-05-27,2025-06-03,8,공단-향호리,8
2025,42001007,302,강릉-동진버스,True,4200202,주문진식자재마트,BIS inventory,True,True,56,54,128.82596782269363,37.881485546216574,22,10,27,31,0.977343,0.961538,2025-05-27,2025-06-03,8,공단-향호리,8
2025,42001007,302,강릉-동진버스,True,4200206,강원도립대,BIS inventory,True,True,54,52,128.8283096996467,37.87693859362977,19,22,28,14,0.844069,2.115385,2025-05-27,2025-06-03,8,공단-향호리,7
2025,42001007,302,강릉-동진버스,True,4200208,북부노인종합복지관,BIS inventory,True,True,53,51,128.83042321750824,37.874681277863154,48,19,14,17,2.132386,1.826923,2025-05-27,2025-06-03,8,공단-향호리,8
2025,42001007,302,강릉-동진버스,True,4200209,영진입구,BIS inventory,True,True,52,50,128.83637261045655,37.87054167536418,12,15,37,20,0.533096,1.442308,2025-05-27,2025-06-03,8,공단-향호리,8
2025,42001007,302,강릉-동진버스,True,4200211,삼천리아파트,BIS inventory,True,True,51,49,128.8383288212433,37.86906384505761,51,20,12,15,2.26566,1.923077,2025-05-27,2025-06-03,8,공단-향호리,8
2025,42001007,302,강릉-동진버스,True,4200212,연곡면사무소,BIS inventory,True,True,50,48,128.83761397394952,37.85995465828368,37,28,18,10,1.643714,2.692308,2025-05-27,2025-06-03,8,공단-향호리,8
2025,42001007,302,강릉-동진버스,True,4200214,연곡해변입구,BIS inventory,True,True,49,47,128.84162112920617,37.854539181009365,2,3,53,50,0.088849,0.288462,2025-05-27,2025-06-03,8,공단-향호리,4
2025,42001007,302,강릉-동진버스,True,4200215,구라미휴게소,BIS inventory,True,True,48,46,128.8412803433516,37.845869087009575,1,1,55,56,0.044425,0.096154,2025-05-27,2025-06-03,8,공단-향호리,2
2025,42001007,302,강릉-동진버스,True,4200217,구라미,BIS inventory,True,True,47,45,128.8421871924033,37.84071328241807,0,1,,56,0.0,0.096154,2025-05-27,2025-06-03,8,공단-향호리,1
2025,42001007,302,강릉-동진버스,True,4200221,모래내행복센터,BIS inventory,True,True,44,42,128.84881781800846,37.82675602435266,3,5,50,45,0.133274,0.480769,2025-05-27,2025-06-03,8,공단-향호리,4
2025,42001007,302,강릉-동진버스,True,4200222,사천면사무소,BIS inventory,True,True,43,41,128.84928192865996,37.82385848393331,4,28,49,10,0.177699,2.692308,2025-05-27,2025-06-03,8,공단-향호리,8
2025,42001007,302,강릉-동진버스,True,4200225,북부노인대학,BIS inventory,True,True,42,40,128.85083641112433,37.82016343083045,1,7,55,37,0.044425,0.673077,2025-05-27,2025-06-03,8,공단-향호리,5
2025,42001007,302,강릉-동진버스,True,4200226,방골마을입구,BIS inventory,True,True,39,37,128.8558844116181,37.81329996910386,7,5,42,45,0.310973,0.480769,2025-05-27,2025-06-03,8,공단-향호리,5
2025,42001007,302,강릉-동진버스,True,4200227,학고개,BIS inventory,True,True,38,36,128.86104076560957,37.80452897124611,2,1,53,56,0.088849,0.096154,2025-05-27,2025-06-03,8,공단-향호리,1
2025,42001007,302,강릉-동진버스,True,4200229,즈므.과학단지,BIS inventory,True,True,37,35,128.86079294239343,37.79710821329875,0,9,,34,0.0,0.865385,2025-05-27,2025-06-03,8,공단-향호리,4
2025,42001007,302,강릉-동진버스,True,4200231,한밭입구,BIS inventory,True,True,36,34,128.86496052027113,37.791610745411326,0,13,,26,0.0,1.25,2025-05-27,2025-06-03,8,공단-향호리,5
2025,42001007,302,강릉-동진버스,True,4200233,행정마을,BIS inventory,True,True,35,33,128.8703519994515,37.78859256038236,1,6,55,40,0.044425,0.576923,2025-05-27,2025-06-03,8,공단-향호리,5
2025,42001007,302,강릉-동진버스,True,4200235,법원.검찰청,BIS inventory,True,True,34,32,128.8739503928752,37.785042447818554,5,7,45,37,0.222124,0.673077,2025-05-27,2025-06-03,8,공단-향호리,7
2025,42001007,302,강릉-동진버스,True,4200237,선교장입구,BIS inventory,True,True,33,31,128.8801857915523,37.78222354537227,5,3,45,50,0.222124,0.288462,2025-05-27,2025-06-03,8,공단-향호리,6
2025,42001007,302,강릉-동진버스,True,4200239,오죽헌,BIS inventory,True,True,32,30,128.88242080274284,37.78040719543912,23,3,25,50,1.021768,0.288462,2025-05-27,2025-06-03,8,공단-향호리,7
2025,42001007,302,강릉-동진버스,True,4200250,용강동서부시장,BIS inventory,True,True,18,16,128.89174828581776,37.7556582744871,82,17,9,19,3.642825,1.634615,2025-05-27,2025-06-03,8,공단-향호리,8
2025,42001007,302,강릉-동진버스,True,4200251,한국은행,BIS inventory,True,True,17,15,128.89406630781096,37.753485602290496,157,26,2,13,6.974678,2.5,2025-05-27,2025-06-03,8,공단-향호리,8
2025,42001007,302,강릉-동진버스,True,4200253,교보생명,BIS inventory,True,True,16,14,128.89811415297848,37.756002485379526,425,129,1,1,18.880498,12.403846,2025-05-27,2025-06-03,8,공단-향호리,8
2025,42001007,302,강릉-동진버스,True,4200257,옥천119안전센터,BIS inventory,True,True,12,10,128.90305174420297,37.761041080134646,16,10,31,31,0.710795,0.961538,2025-05-27,2025-06-03,8,공단-향호리,7
2025,42001007,302,강릉-동진버스,True,4200261,북강릉IC,BIS inventory,True,True,46,44,128.84425534198513,37.83689529134246,1,1,55,56,0.044425,0.096154,2025-05-27,2025-06-03,8,공단-향호리,2
2025,42001007,302,강릉-동진버스,True,4200298,보성연립,BIS inventory,True,True,65,63,128.82558444232305,37.90204313561504,0,1,,56,0.0,0.096154,2025-05-27,2025-06-03,8,공단-향호리,1
2025,42001007,302,강릉-동진버스,True,4200299,주문2리,BIS inventory,True,True,63,61,128.83067123183636,37.89750003400375,3,7,50,37,0.133274,0.673077,2025-05-27,2025-06-03,8,공단-향호리,5
2025,42001007,302,강릉-동진버스,True,4200300,수협사거리,BIS inventory,True,True,62,60,128.8314095884837,37.895774457125356,3,18,50,18,0.133274,1.730769,2025-05-27,2025-06-03,8,공단-향호리,7
2025,42001007,302,강릉-동진버스,True,4200308,주문진중.고등학교.강릉정보고,BIS inventory,True,True,55,53,128.82672327638434,37.87982425913257,29,10,20,31,1.288316,0.961538,2025-05-27,2025-06-03,8,공단-향호리,8
2025,42001007,302,강릉-동진버스,True,4200315,구터미널,BIS inventory,True,True,14,12,128.8988430353628,37.76163002626936,23,6,25,40,1.021768,0.576923,2025-05-27,2025-06-03,8,공단-향호리,8
2025,42001007,302,강릉-동진버스,True,4200365,삼성디지털센터,BIS inventory,True,True,15,13,128.8966989039856,37.75811194350719,14,3,34,50,0.621946,0.288462,2025-05-27,2025-06-03,8,공단-향호리,6
2025,42001007,302,강릉-동진버스,True,4200418,강릉아산병원.강릉약국,BIS inventory,True,True,40,38,128.8564121349402,37.81631278949057,31,15,19,20,1.377166,1.442308,2025-05-27,2025-06-03,8,공단-향호리,7
2025,42001007,302,강릉-동진버스,True,4200446,강릉아산병원(주문진방면),BIS inventory,True,True,41,39,128.8575142394361,37.817740516347506,26,61,22,4,1.155042,5.865385,2025-05-27,2025-06-03,8,공단-향호리,7
2025,42001007,302,강릉-동진버스,True,4200473,향호리,BIS inventory,True,True,70,68,128.81023394642006,37.915207861254615,0,6,,40,0.0,0.576923,2025-05-27,2025-06-03,8,공단-향호리,4
2025,42001007,302,강릉-동진버스,True,4200521,방학골,BIS inventory,True,True,66,64,128.82291244813646,37.90463362511824,0,6,,40,0.0,0.576923,2025-05-27,2025-06-03,8,공단-향호리,3
2025,42001007,302,강릉-동진버스,True,4200721,강릉역,BIS inventory,True,True,13,11,128.8992580056024,37.76416330670135,65,15,11,20,2.887606,1.442308,2025-05-27,2025-06-03,8,공단-향호리,8
2025,42001007,302,강릉-동진버스,True,4200762,입암현대아파트,BIS inventory,True,True,9,7,128.91270364556544,37.753026994257695,114,4,4,49,5.064416,0.384615,2025-05-27,2025-06-03,8,공단-향호리,7
2025,42001007,302,강릉-동진버스,True,4200765,성덕초등학교,BIS inventory,True,True,10,8,128.91017117535122,37.75573609872045,108,3,5,50,4.797868,0.288462,2025-05-27,2025-06-03,8,공단-향호리,8
2025,42001007,302,강릉-동진버스,True,4201045,성덕동주민센터,BIS inventory,True,True,3,2,128.91516594318634,37.762763608124146,18,0,29,,0.799645,0.0,2025-05-27,2025-06-03,8,공단-향호리,6
2025,42001007,302,강릉-동진버스,True,4201047,입암4주공아파트,BIS inventory,True,True,4,3,128.91655461094618,37.76166752794127,89,0,7,,3.953798,0.0,2025-05-27,2025-06-03,8,공단-향호리,8
2025,42001007,302,강릉-동진버스,True,4201049,원마트,BIS inventory,True,True,5,4,128.91839757804996,37.76020248248705,7,0,42,,0.310973,0.0,2025-05-27,2025-06-03,8,공단-향호리,3
2025,42001007,302,강릉-동진버스,True,4201051,입암6주공오거리,BIS inventory,True,True,6,5,128.91813149011642,37.75937340656549,75,0,10,,3.331853,0.0,2025-05-27,2025-06-03,8,공단-향호리,8
2025,42001007,302,강릉-동진버스,True,4201053,금호어울림,BIS inventory,True,True,7,6,128.9156520837289,37.754995794611034,45,0,15,,1.999112,0.0,2025-05-27,2025-06-03,8,공단-향호리,7
2025,42001007,302,강릉-동진버스,True,4201202,강릉여고정문,BIS inventory,True,True,11,9,128.90529773129947,37.759257611132256,16,8,31,35,0.710795,0.769231,2025-05-27,2025-06-03,8,공단-향호리,7
2025,42001007,302,강릉-동진버스,True,4201205,입암2.3주공,BIS inventory,True,True,2,1,128.9161850255649,37.765072488547595,88,1,8,56,3.909374,0.096154,2025-05-27,2025-06-03,8,공단-향호리,8
2025,42001007,302,강릉-동진버스,True,4201209,공단,BIS inventory,True,True,1,0,128.92205416940635,37.765196014305694,12,0,37,,0.533096,0.0,2025-05-27,2025-06-03,8,공단-향호리,5
2025,42001012,315,강릉-동진버스,True,4200001,내곡교,BIS inventory,True,True,104,103,128.88717490623026,37.74653766880734,0,5,,16,0.0,1.865672,2025-05-27,2025-06-03,8,가톨릭관동대학교-가톨릭관동대학교,4
2025,42001012,315,강릉-동진버스,True,4200029,주문진읍사무소,BIS inventory,True,True,45,44,128.82486977710943,37.892686971435495,1,3,58,22,0.15083,1.119403,2025-05-27,2025-06-03,8,가톨릭관동대학교-가톨릭관동대학교,2
2025,42001012,315,강릉-동진버스,True,4200060,솔올중학교,BIS inventory,True,True,17,16,128.8798722504925,37.77163504014371,9,0,21,,1.357466,0.0,2025-05-27,2025-06-03,8,가톨릭관동대학교-가톨릭관동대학교,5
2025,42001012,315,강릉-동진버스,True,4200063,가톨릭관동대학교,BIS inventory,True,True,1 | 107,106,128.87804152995903,37.738296118202754,61,10,1,8,9.200603,3.731343,2025-05-27,2025-06-03,8,가톨릭관동대학교-가톨릭관동대학교,5
2025,42001012,315,강릉-동진버스,True,4200065,보건소,BIS inventory,True,True,3,2,128.8829859719751,37.74393637256719,34,1,4,38,5.128205,0.373134,2025-05-27,2025-06-03,8,가톨릭관동대학교-가톨릭관동대학교,5
2025,42001012,315,강릉-동진버스,True,4200067,홍제동주민센터,BIS inventory,True,True,103,102,128.8842229051066,37.747848454396006,7,23,34,2,1.055807,8.58209,2025-05-27,2025-06-03,8,가톨릭관동대학교-가톨릭관동대학교,5
2025,42001012,315,강릉-동진버스,True,4200069,방골마을입구,BIS inventory,True,True,84,83,128.85540756146614,37.81366779247799,13,0,13,,1.960784,0.0,2025-05-27,2025-06-03,8,가톨릭관동대학교-가톨릭관동대학교,5
2025,42001012,315,강릉-동진버스,True,4200083,지변동,BIS inventory,True,True,18,17,128.87676045382563,37.771874023944235,9,5,21,16,1.357466,1.865672,2025-05-27,2025-06-03,8,가톨릭관동대학교-가톨릭관동대학교,5
2025,42001012,315,강릉-동진버스,True,4200084,풋살경기장옆,BIS inventory,True,True,91,90,128.87680703199706,37.77165010517057,5,0,39,,0.754148,0.0,2025-05-27,2025-06-03,8,가톨릭관동대학교-가톨릭관동대학교,4
2025,42001012,315,강릉-동진버스,True,4200120,강릉시외.고속터미널,BIS inventory,True,True,8,7,128.8792265208128,37.75505492071011,41,7,3,10,6.184012,2.61194,2025-05-27,2025-06-03,8,가톨릭관동대학교-가톨릭관동대학교,5
2025,42001012,315,강릉-동진버스,True,4200121,강릉시외.고속터미널,BIS inventory,True,True,99,98,128.87911620808939,37.75486594086855,14,14,12,6,2.111614,5.223881,2025-05-27,2025-06-03,8,가톨릭관동대학교-가톨릭관동대학교,5
2025,42001012,315,강릉-동진버스,True,4200122,강릉문화원,BIS inventory,True,True,9,8,128.8740921031382,37.75789663608161,11,2,17,27,1.659125,0.746269,2025-05-27,2025-06-03,8,가톨릭관동대학교-가톨릭관동대학교,5
2025,42001012,315,강릉-동진버스,True,4200123,우편집중국,BIS inventory,True,True,10,9,128.8733706824724,37.76051485370646,13,0,13,,1.960784,0.0,2025-05-27,2025-06-03,8,가톨릭관동대학교-가톨릭관동대학교,5
2025,42001012,315,강릉-동진버스,True,4200124,우편집중국,BIS inventory,True,True,98,97,128.87347187490323,37.76156496879712,8,4,29,20,1.206637,1.492537,2025-05-27,2025-06-03,8,가톨릭관동대학교-가톨릭관동대학교,5
2025,42001012,315,강릉-동진버스,True,4200125,솔올공연장,BIS inventory,True,True,11,10,128.87460623301726,37.76366952964576,0,4,,20,0.0,1.492537,2025-05-27,2025-06-03,8,가톨릭관동대학교-가톨릭관동대학교,3
2025,42001012,315,강릉-동진버스,True,4200126,솔올공연장,BIS inventory,True,True,97,96,128.87424793205705,37.763507530751156,10,0,20,,1.508296,0.0,2025-05-27,2025-06-03,8,가톨릭관동대학교-가톨릭관동대학교,5
2025,42001012,315,강릉-동진버스,True,4200127,구름다리,BIS inventory,True,True,12,11,128.87654770197503,37.764512872809554,6,8,36,9,0.904977,2.985075,2025-05-27,2025-06-03,8,가톨릭관동대학교-가톨릭관동대학교,5
2025,42001012,315,강릉-동진버스,True,4200128,구름다리,BIS inventory,True,True,96,95,128.87743298775584,37.764682397677966,9,5,21,16,1.357466,1.865672,2025-05-27,2025-06-03,8,가톨릭관동대학교-가톨릭관동대학교,5
2025,42001012,315,강릉-동진버스,True,4200129,주공3차아파트,BIS inventory,True,True,13,12,128.87933873663175,37.76410589188944,11,0,17,,1.659125,0.0,2025-05-27,2025-06-03,8,가톨릭관동대학교-가톨릭관동대학교,5
2025,42001012,315,강릉-동진버스,True,4200130,현대2차아파트,BIS inventory,True,True,95,94,128.87999435131803,37.764311243841746,15,3,11,22,2.262443,1.119403,2025-05-27,2025-06-03,8,가톨릭관동대학교-가톨릭관동대학교,5
2025,42001012,315,강릉-동진버스,True,4200131,하이빌현대아파트,BIS inventory,True,True,14,13,128.8824547932286,37.764860822549025,4,0,43,,0.603318,0.0,2025-05-27,2025-06-03,8,가톨릭관동대학교-가톨릭관동대학교,4
2025,42001012,315,강릉-동진버스,True,4200132,율곡초등학교,BIS inventory,True,True,94,93,128.88221538693716,37.765100900268116,1,2,58,27,0.15083,0.746269,2025-05-27,2025-06-03,8,가톨릭관동대학교-가톨릭관동대학교,2
2025,42001012,315,강릉-동진버스,True,4200133,주공1차아파트,BIS inventory,True,True,15,14,128.88288690646792,37.76665665089728,8,0,29,,1.206637,0.0,2025-05-27,2025-06-03,8,가톨릭관동대학교-가톨릭관동대학교,4
2025,42001012,315,강릉-동진버스,True,4200134,부영2차아파트,BIS inventory,True,True,16,15,128.88281079370944,37.77016072015751,12,0,15,,1.809955,0.0,2025-05-27,2025-06-03,8,가톨릭관동대학교-가톨릭관동대학교,5
2025,42001012,315,강릉-동진버스,True,4200135,부영2차아파트,BIS inventory,True,True,92,91,128.8825125758686,37.77002923948558,1,1,58,38,0.15083,0.373134,2025-05-27,2025-06-03,8,가톨릭관동대학교-가톨릭관동대학교,2
2025,42001012,315,강릉-동진버스,True,4200181,주문진해변,BIS inventory,True,True,56,55,128.81692175696733,37.90940788063508,12,0,15,,1.809955,0.0,2025-05-27,2025-06-03,8,가톨릭관동대학교-가톨릭관동대학교,3
2025,42001012,315,강릉-동진버스,True,4200182,주문진해변,BIS inventory,True,True,54,53,128.81704671925502,37.90944057885068,0,1,,38,0.0,0.373134,2025-05-27,2025-06-03,8,가톨릭관동대학교-가톨릭관동대학교,1
2025,42001012,315,강릉-동진버스,True,4200184,소돌,BIS inventory,True,True,57,56,128.82175443074843,37.905415537268986,2,0,50,,0.301659,0.0,2025-05-27,2025-06-03,8,가톨릭관동대학교-가톨릭관동대학교,2
2025,42001012,315,강릉-동진버스,True,4200187,양양고개,BIS inventory,True,True,60,59,128.82805578782853,37.90002854060149,1,0,58,,0.15083,0.0,2025-05-27,2025-06-03,8,가톨릭관동대학교-가톨릭관동대학교,1
2025,42001012,315,강릉-동진버스,True,4200188,양양고개,BIS inventory,True,True,49,48,128.82822436017406,37.899998054568016,0,1,,38,0.0,0.373134,2025-05-27,2025-06-03,8,가톨릭관동대학교-가톨릭관동대학교,1
2025,42001012,315,강릉-동진버스,True,4200189,주문2리,BIS inventory,True,True,61,60,128.83046007450088,37.897540604441176,0,1,,38,0.0,0.373134,2025-05-27,2025-06-03,8,가톨릭관동대학교-가톨릭관동대학교,1
2025,42001012,315,강릉-동진버스,True,4200190,수협사거리,BIS inventory,True,True,62,61,128.83119347169236,37.89590191816579,3,1,47,38,0.452489,0.373134,2025-05-27,2025-06-03,8,가톨릭관동대학교-가톨릭관동대학교,2
2025,42001012,315,강릉-동진버스,True,4200192,북부지구대,BIS inventory,True,True,46,45,128.829270567591,37.89460960314925,1,2,58,27,0.15083,0.746269,2025-05-27,2025-06-03,8,가톨릭관동대학교-가톨릭관동대학교,2
2025,42001012,315,강릉-동진버스,True,4200193,북부지구대,BIS inventory,True,True,63,62,128.82860680406648,37.894535177399845,6,3,36,22,0.904977,1.119403,2025-05-27,2025-06-03,8,가톨릭관동대학교-가톨릭관동대학교,5
2025,42001012,315,강릉-동진버스,True,4200201,양조장,BIS inventory,True,True,67,66,128.8258300942643,37.881274388703744,20,0,9,,3.016591,0.0,2025-05-27,2025-06-03,8,가톨릭관동대학교-가톨릭관동대학교,5
2025,42001012,315,강릉-동진버스,True,4200202,주문진식자재마트,BIS inventory,True,True,42,41,128.82596782269363,37.881485546216574,5,2,39,27,0.754148,0.746269,2025-05-27,2025-06-03,8,가톨릭관동대학교-가톨릭관동대학교,3
2025,42001012,315,강릉-동진버스,True,4200204,주문진중학교,BIS inventory,True,True,68,67,128.82690197641236,37.87887483229283,9,2,21,27,1.357466,0.746269,2025-05-27,2025-06-03,8,가톨릭관동대학교-가톨릭관동대학교,5
2025,42001012,315,강릉-동진버스,True,4200205,강원도립대,BIS inventory,True,True,69,68,128.82840415011668,37.87652579934979,9,0,21,,1.357466,0.0,2025-05-27,2025-06-03,8,가톨릭관동대학교-가톨릭관동대학교,5
2025,42001012,315,강릉-동진버스,True,4200206,강원도립대,BIS inventory,True,True,40,39,128.8283096996467,37.87693859362977,5,7,39,10,0.754148,2.61194,2025-05-27,2025-06-03,8,가톨릭관동대학교-가톨릭관동대학교,5
2025,42001012,315,강릉-동진버스,True,4200207,북부노인종합복지관,BIS inventory,True,True,70,69,128.83062989490628,37.8743072338123,5,0,39,,0.754148,0.0,2025-05-27,2025-06-03,8,가톨릭관동대학교-가톨릭관동대학교,4
2025,42001012,315,강릉-동진버스,True,4200208,북부노인종합복지관,BIS inventory,True,True,39,38,128.83042321750824,37.874681277863154,11,11,17,7,1.659125,4.104478,2025-05-27,2025-06-03,8,가톨릭관동대학교-가톨릭관동대학교,5
2025,42001012,315,강릉-동진버스,True,4200209,영진입구,BIS inventory,True,True,38,37,128.83637261045655,37.87054167536418,6,1,36,38,0.904977,0.373134,2025-05-27,2025-06-03,8,가톨릭관동대학교-가톨릭관동대학교,5
2025,42001012,315,강릉-동진버스,True,4200211,삼천리아파트,BIS inventory,True,True,37,36,128.8383288212433,37.86906384505761,29,0,5,,4.374057,0.0,2025-05-27,2025-06-03,8,가톨릭관동대학교-가톨릭관동대학교,5
2025,42001012,315,강릉-동진버스,True,4200212,연곡면사무소,BIS inventory,True,True,36,35,128.83761397394952,37.85995465828368,1,2,58,27,0.15083,0.746269,2025-05-27,2025-06-03,8,가톨릭관동대학교-가톨릭관동대학교,2
2025,42001012,315,강릉-동진버스,True,4200214,연곡해변입구,BIS inventory,True,True,35,34,128.84162112920617,37.854539181009365,1,0,58,,0.15083,0.0,2025-05-27,2025-06-03,8,가톨릭관동대학교-가톨릭관동대학교,1
2025,42001012,315,강릉-동진버스,True,4200215,구라미휴게소,BIS inventory,True,True,34,33,128.8412803433516,37.845869087009575,1,0,58,,0.15083,0.0,2025-05-27,2025-06-03,8,가톨릭관동대학교-가톨릭관동대학교,1
2025,42001012,315,강릉-동진버스,True,4200216,구라미,BIS inventory,True,True,76,75,128.84187680750063,37.84088026429458,1,0,58,,0.15083,0.0,2025-05-27,2025-06-03,8,가톨릭관동대학교-가톨릭관동대학교,1
2025,42001012,315,강릉-동진버스,True,4200219,청솔공원,BIS inventory,True,True,77,76,128.84744835859598,37.832296445829655,1,0,58,,0.15083,0.0,2025-05-27,2025-06-03,8,가톨릭관동대학교-가톨릭관동대학교,1
2025,42001012,315,강릉-동진버스,True,4200220,모래내행복센터,BIS inventory,True,True,78,77,128.84888855200666,37.82654759560158,2,1,50,38,0.301659,0.373134,2025-05-27,2025-06-03,8,가톨릭관동대학교-가톨릭관동대학교,2
2025,42001012,315,강릉-동진버스,True,4200221,모래내행복센터,BIS inventory,True,True,30,29,128.84881781800846,37.82675602435266,1,1,58,38,0.15083,0.373134,2025-05-27,2025-06-03,8,가톨릭관동대학교-가톨릭관동대학교,2
2025,42001012,315,강릉-동진버스,True,4200222,사천면사무소,BIS inventory,True,True,29,28,128.84928192865996,37.82385848393331,3,3,47,22,0.452489,1.119403,2025-05-27,2025-06-03,8,가톨릭관동대학교-가톨릭관동대학교,3
2025,42001012,315,강릉-동진버스,True,4200223,사천면사무소,BIS inventory,True,True,79,78,128.84914337332015,37.8229406699122,2,0,50,,0.301659,0.0,2025-05-27,2025-06-03,8,가톨릭관동대학교-가톨릭관동대학교,1
2025,42001012,315,강릉-동진버스,True,4200224,북부노인대학,BIS inventory,True,True,80,79,128.85070066292354,37.820164105652225,4,0,43,,0.603318,0.0,2025-05-27,2025-06-03,8,가톨릭관동대학교-가톨릭관동대학교,4
2025,42001012,315,강릉-동진버스,True,4200226,방골마을입구,BIS inventory,True,True,25,24,128.8558844116181,37.81329996910386,2,2,50,27,0.301659,0.746269,2025-05-27,2025-06-03,8,가톨릭관동대학교-가톨릭관동대학교,2
2025,42001012,315,강릉-동진버스,True,4200229,즈므.과학단지,BIS inventory,True,True,23,22,128.86079294239343,37.79710821329875,0,29,,1,0.0,10.820896,2025-05-27,2025-06-03,8,가톨릭관동대학교-가톨릭관동대학교,5
2025,42001012,315,강릉-동진버스,True,4200231,한밭입구,BIS inventory,True,True,22,21,128.86496052027113,37.791610745411326,0,1,,38,0.0,0.373134,2025-05-27,2025-06-03,8,가톨릭관동대학교-가톨릭관동대학교,1
2025,42001012,315,강릉-동진버스,True,4200232,행정마을,BIS inventory,True,True,88,87,128.8694510816438,37.7889272082235,1,0,58,,0.15083,0.0,2025-05-27,2025-06-03,8,가톨릭관동대학교-가톨릭관동대학교,1
2025,42001012,315,강릉-동진버스,True,4200234,법원.검찰청,BIS inventory,True,True,89,88,128.87342400102995,37.78526073982707,2,3,50,22,0.301659,1.119403,2025-05-27,2025-06-03,8,가톨릭관동대학교-가톨릭관동대학교,3
2025,42001012,315,강릉-동진버스,True,4200292,주공1차아파트,BIS inventory,True,True,93,92,128.88256780330317,37.766843575404636,9,2,21,27,1.357466,0.746269,2025-05-27,2025-06-03,8,가톨릭관동대학교-가톨릭관동대학교,5
2025,42001012,315,강릉-동진버스,True,4200299,주문2리,BIS inventory,True,True,48,47,128.83067123183636,37.89750003400375,0,1,,38,0.0,0.373134,2025-05-27,2025-06-03,8,가톨릭관동대학교-가톨릭관동대학교,1
2025,42001012,315,강릉-동진버스,True,4200308,주문진중.고등학교.강릉정보고,BIS inventory,True,True,41,40,128.82672327638434,37.87982425913257,2,1,50,38,0.301659,0.373134,2025-05-27,2025-06-03,8,가톨릭관동대학교-가톨릭관동대학교,2
2025,42001012,315,강릉-동진버스,True,4200310,삼천리아파트,BIS inventory,True,True,72,71,128.8379309322555,37.8689470039461,20,0,9,,3.016591,0.0,2025-05-27,2025-06-03,8,가톨릭관동대학교-가톨릭관동대학교,5
2025,42001012,315,강릉-동진버스,True,4200317,강릉아산병원.강릉약국,BIS inventory,True,True,83,82,128.856152685967,37.816231407654854,9,2,21,27,1.357466,0.746269,2025-05-27,2025-06-03,8,가톨릭관동대학교-가톨릭관동대학교,3
2025,42001012,315,강릉-동진버스,True,4200356,강원대학교,BIS inventory,True,True,19,89,128.87391738137654,37.77033026766949,8,7,29,10,1.206637,2.61194,2025-05-27,2025-06-03,8,가톨릭관동대학교-가톨릭관동대학교,4
2025,42001012,315,강릉-동진버스,True,4200357,내곡교,BIS inventory,True,True,5,4,128.88814500034871,37.745625057468914,43,0,2,,6.485671,0.0,2025-05-27,2025-06-03,8,가톨릭관동대학교-가톨릭관동대학교,5
2025,42001012,315,강릉-동진버스,True,4200358,삼창그린맨션,BIS inventory,True,True,4,3,128.88749893563826,37.744743384730015,25,0,7,,3.770739,0.0,2025-05-27,2025-06-03,8,가톨릭관동대학교-가톨릭관동대학교,5
2025,42001012,315,강릉-동진버스,True,4200359,하나로마트내곡점,BIS inventory,True,True,2,1,128.88026417146904,37.7410809708167,26,0,6,,3.921569,0.0,2025-05-27,2025-06-03,8,가톨릭관동대학교-가톨릭관동대학교,5
2025,42001012,315,강릉-동진버스,True,4200360,하나로마트내곡점,BIS inventory,True,True,106,105,128.88016921110417,37.740597240336115,0,1,,38,0.0,0.373134,2025-05-27,2025-06-03,8,가톨릭관동대학교-가톨릭관동대학교,1
2025,42001012,315,강릉-동진버스,True,4200361,보건소,BIS inventory,True,True,105,104,128.8822115594926,37.743635964592464,0,5,,16,0.0,1.865672,2025-05-27,2025-06-03,8,가톨릭관동대학교-가톨릭관동대학교,3
2025,42001012,315,강릉-동진버스,True,4200418,강릉아산병원.강릉약국,BIS inventory,True,True,26,25,128.8564121349402,37.81631278949057,1,6,58,14,0.15083,2.238806,2025-05-27,2025-06-03,8,가톨릭관동대학교-가톨릭관동대학교,4
2025,42001012,315,강릉-동진버스,True,4200446,강릉아산병원(주문진방면),BIS inventory,True,True,27,26,128.8575142394361,37.817740516347506,8,17,29,4,1.206637,6.343284,2025-05-27,2025-06-03,8,가톨릭관동대학교-가톨릭관동대학교,5
2025,42001012,315,강릉-동진버스,True,4200454,작은다리사거리,BIS inventory,True,True,44,43,128.82450182834083,37.890319810643184,0,18,,3,0.0,6.716418,2025-05-27,2025-06-03,8,가톨릭관동대학교-가톨릭관동대학교,5
2025,42001012,315,강릉-동진버스,True,4200473,향호리,BIS inventory,True,True,55,54,128.81023394642006,37.915207861254615,3,1,47,38,0.452489,0.373134,2025-05-27,2025-06-03,8,가톨릭관동대학교-가톨릭관동대학교,2
2025,42001012,315,강릉-동진버스,True,4200750,강릉시청앞,BIS inventory,True,True,100,99,128.88013307678156,37.753651204654936,4,0,43,,0.603318,0.0,2025-05-27,2025-06-03,8,가톨릭관동대학교-가톨릭관동대학교,3
2025,42001012,315,강릉-동진버스,True,4200971,주문진읍사무소,BIS inventory,True,True,64,63,128.8246799183624,37.892745035212215,7,2,34,27,1.055807,0.746269,2025-05-27,2025-06-03,8,가톨릭관동대학교-가톨릭관동대학교,5
2025,42001012,315,강릉-동진버스,True,4201027,강릉시청,BIS inventory,True,True,101,100,128.8780384572547,37.75085435055292,0,1,,38,0.0,0.373134,2025-05-27,2025-06-03,8,가톨릭관동대학교-가톨릭관동대학교,1
2025,42001012,315,강릉-동진버스,True,4201028,홍제I.C,BIS inventory,True,True,102,101,128.8794230311205,37.7473811776377,0,7,,10,0.0,2.61194,2025-05-27,2025-06-03,8,가톨릭관동대학교-가톨릭관동대학교,4
2025,42001012,315,강릉-동진버스,True,4201029,홍제I.C,BIS inventory,True,True,7,6,128.87894077910576,37.74749468304007,4,0,43,,0.603318,0.0,2025-05-27,2025-06-03,8,가톨릭관동대학교-가톨릭관동대학교,4
2025,42001012,315,강릉-동진버스,True,4201030,홍제동주민센터,BIS inventory,True,True,6,5,128.88454291738702,37.74807153236862,9,2,21,27,1.357466,0.746269,2025-05-27,2025-06-03,8,가톨릭관동대학교-가톨릭관동대학교,4
2025,42001012,315,강릉-동진버스,True,4201146,파란바다지역아동센터,BIS inventory,True,True,43,42,128.8248619925949,37.88456697851607,0,16,,5,0.0,5.970149,2025-05-27,2025-06-03,8,가톨릭관동대학교-가톨릭관동대학교,5
2025,42001012,315,강릉-동진버스,True,4201147,작은다리사거리,BIS inventory,True,True,65,64,128.82430578974427,37.890298608665205,2,1,50,38,0.301659,0.373134,2025-05-27,2025-06-03,8,가톨릭관동대학교-가톨릭관동대학교,2
2025,42001012,315,강릉-동진버스,True,4201200,파란바다지역아동센터,BIS inventory,True,True,66,65,128.82465599155947,37.88451042268901,1,0,58,,0.15083,0.0,2025-05-27,2025-06-03,8,가톨릭관동대학교-가톨릭관동대학교,1
2025,42001012,315,강릉-동진버스,True,4201226,영진입구,BIS inventory,True,True,71,70,128.83626865951734,37.87047570517143,2,0,50,,0.301659,0.0,2025-05-27,2025-06-03,8,가톨릭관동대학교-가톨릭관동대학교,1
2025,42001012,315,강릉-동진버스,True,4201227,연곡면사무소,BIS inventory,True,True,73,72,128.83749819485607,37.86001175022627,8,1,29,38,1.206637,0.373134,2025-05-27,2025-06-03,8,가톨릭관동대학교-가톨릭관동대학교,4
2025,42001012,315,강릉-동진버스,True,4201237,강릉아산병원(강릉방면),BIS inventory,True,True,82,81,128.8575951802683,37.81786664293397,23,6,8,14,3.46908,2.238806,2025-05-27,2025-06-03,8,가톨릭관동대학교-가톨릭관동대학교,5
2025,42002001,101,강릉-동진버스,True,4200094,강릉여고,BIS inventory,True,True,64,62,128.90248424479844,37.75904463050879,5,23,39,5,0.391543,3.776683,2025-05-27,2025-06-03,8,공단-공단,7
2025,42002001,101,강릉-동진버스,True,4200114,고용센터,BIS inventory,True,True,10,9,128.88893105798073,37.75744085258255,1,4,53,23,0.078309,0.656814,2025-05-27,2025-06-03,8,공단-공단,4
2025,42002001,101,강릉-동진버스,True,4200115,고용센터,BIS inventory,True,True,17,16,128.8890663454416,37.75714942132559,15,6,21,15,1.174628,0.985222,2025-05-27,2025-06-03,8,공단-공단,7
2025,42002001,101,강릉-동진버스,True,4200116,적십자입구,BIS inventory,True,True,11,10,128.88726321660565,37.757196360936135,0,1,,43,0.0,0.164204,2025-05-27,2025-06-03,8,공단-공단,1
2025,42002001,101,강릉-동진버스,True,4200117,적십자입구,BIS inventory,True,True,16,15,128.88647213220725,37.75676623567213,15,1,21,43,1.174628,0.164204,2025-05-27,2025-06-03,8,공단-공단,6
2025,42002001,101,강릉-동진버스,True,4200118,터미널오거리,BIS inventory,True,True,12,11,128.8840640923818,37.75608209292866,0,2,,32,0.0,0.328407,2025-05-27,2025-06-03,8,공단-공단,2
2025,42002001,101,강릉-동진버스,True,4200119,터미널오거리,BIS inventory,True,True,15,14,128.88381140539954,37.755579088211434,22,0,15,,1.722788,0.0,2025-05-27,2025-06-03,8,공단-공단,7
2025,42002001,101,강릉-동진버스,True,4200121,강릉시외.고속터미널,BIS inventory,True,True,14,13,128.87911620808939,37.75486594086855,154,16,2,6,12.059514,2.627258,2025-05-27,2025-06-03,8,공단-공단,8
2025,42002001,101,강릉-동진버스,True,4200191,공단,BIS inventory,True,True,69,67,128.92224127533925,37.765245144772656,0,2,,32,0.0,0.328407,2025-05-27,2025-06-03,8,공단-공단,1
2025,42002001,101,강릉-동진버스,True,4200249,용강동서부시장,BIS inventory,True,True,18,17,128.89167287030088,37.75492247590215,17,31,16,4,1.331245,5.090312,2025-05-27,2025-06-03,8,공단-공단,8
2025,42002001,101,강릉-동진버스,True,4200252,신영극장,BIS inventory,True,True,19,18,128.8961287589657,37.75448236011555,77,104,3,2,6.029757,17.077176,2025-05-27,2025-06-03,8,공단-공단,8
2025,42002001,101,강릉-동진버스,True,4200257,옥천119안전센터,BIS inventory,True,True,6,5,128.90305174420297,37.761041080134646,5,2,39,32,0.391543,0.328407,2025-05-27,2025-06-03,8,공단-공단,6
2025,42002001,101,강릉-동진버스,True,4200258,용지각,BIS inventory,True,True,65,63,128.90534669055177,37.76147384168322,3,3,46,29,0.234926,0.492611,2025-05-27,2025-06-03,8,공단-공단,5
2025,42002001,101,강릉-동진버스,True,4200259,용지각,BIS inventory,True,True,5,4,128.90537716328666,37.76184119439877,12,2,27,32,0.939702,0.328407,2025-05-27,2025-06-03,8,공단-공단,7
2025,42002001,101,강릉-동진버스,True,4200260,동남아파트,BIS inventory,True,True,66,64,128.9088062489658,37.764638779656714,4,6,43,15,0.313234,0.985222,2025-05-27,2025-06-03,8,공단-공단,5
2025,42002001,101,강릉-동진버스,True,4200262,로얄아파트.포남1동주민센터,BIS inventory,True,True,3,2,128.90933288179943,37.76545703763149,10,1,31,43,0.783085,0.164204,2025-05-27,2025-06-03,8,공단-공단,7
2025,42002001,101,강릉-동진버스,True,4200315,구터미널,BIS inventory,True,True,8,7,128.8988430353628,37.76163002626936,6,1,38,43,0.469851,0.164204,2025-05-27,2025-06-03,8,공단-공단,5
2025,42002001,101,강릉-동진버스,True,4200318,포남시장,BIS inventory,True,True,4,3,128.90766061502285,37.76392281820552,15,0,21,,1.174628,0.0,2025-05-27,2025-06-03,8,공단-공단,6
2025,42002001,101,강릉-동진버스,True,4200681,금강사입구,BIS inventory,True,True,30,29,128.90287627896166,37.72624677465358,0,2,,32,0.0,0.328407,2025-05-27,2025-06-03,8,공단-공단,2
2025,42002001,101,강릉-동진버스,True,4200682,금강사입구,BIS inventory,True,True,53,51,128.90297134006664,37.726211833119876,16,0,19,,1.252937,0.0,2025-05-27,2025-06-03,8,공단-공단,6
2025,42002001,101,강릉-동진버스,True,4200684,화신주방,smartcard station files,False,False,,50,,,38,5,7,19,2.975724,0.821018,2025-05-27,2025-06-03,8,공단-공단,8
2025,42002001,101,강릉-동진버스,True,4200686,학산부대후문,smartcard station files,False,False,,49,,,1,0,53,,0.078309,0.0,2025-05-27,2025-06-03,8,공단-공단,1
2025,42002001,101,강릉-동진버스,True,4200688,담산1리,smartcard station files,False,False,,48,,,3,1,46,43,0.234926,0.164204,2025-05-27,2025-06-03,8,공단-공단,2
2025,42002001,101,강릉-동진버스,True,4200690,담산2리,smartcard station files,False,False,,47,,,4,0,43,,0.313234,0.0,2025-05-27,2025-06-03,8,공단-공단,4
2025,42002001,101,강릉-동진버스,True,4200692,학산부대앞,smartcard station files,False,False,,46,,,17,2,16,32,1.331245,0.328407,2025-05-27,2025-06-03,8,공단-공단,8
2025,42002001,101,강릉-동진버스,True,4200694,대경상사앞,smartcard station files,False,False,,45,,,2,5,50,19,0.156617,0.821018,2025-05-27,2025-06-03,8,공단-공단,6
2025,42002001,101,강릉-동진버스,True,4200696,학산둔지,smartcard station files,False,False,,44,,,31,1,11,43,2.427565,0.164204,2025-05-27,2025-06-03,8,공단-공단,7
2025,42002001,101,강릉-동진버스,True,4200698,학산1리,smartcard station files,False,False,,43,,,7,1,37,43,0.54816,0.164204,2025-05-27,2025-06-03,8,공단-공단,5
2025,42002001,101,강릉-동진버스,True,4200700,굴산사지,smartcard station files,False,False,,42,,,15,0,21,,1.174628,0.0,2025-05-27,2025-06-03,8,공단-공단,7
2025,42002001,101,강릉-동진버스,True,4200702,옥봉마을,smartcard station files,False,False,,41,,,49,7,5,13,3.837118,1.149425,2025-05-27,2025-06-03,8,공단-공단,8
2025,42002001,101,강릉-동진버스,True,4200704,학산2리,smartcard station files,False,False,,39,,,51,16,4,6,3.993735,2.627258,2025-05-27,2025-06-03,8,공단-공단,8
2025,42002001,101,강릉-동진버스,True,4200706,학산설래,BIS inventory,True,True,43,38,128.8930578775653,37.69580131479523,35,9,8,10,2.740799,1.477833,2025-05-27,2025-06-03,8,공단-공단,8
2025,42002001,101,강릉-동진버스,True,4200708,대성사입구,BIS inventory,True,False,,37,128.88799509811798,37.70047298433208,5,1,39,43,0.391543,0.164204,2025-05-27,2025-06-03,8,공단-공단,4
2025,42002001,101,강릉-동진버스,True,4200710,학산2리마을회관,BIS inventory,True,False,,36,128.88859103012294,37.70624396434639,10,5,31,19,0.783085,0.821018,2025-05-27,2025-06-03,8,공단-공단,7
2025,42002001,101,강릉-동진버스,True,4200712,굴산사입구,smartcard station files,False,False,,35,,,1,2,53,32,0.078309,0.328407,2025-05-27,2025-06-03,8,공단-공단,2
2025,42002001,101,강릉-동진버스,True,4200714,사이말교,BIS inventory,True,False,,34,128.88798046545247,37.71196552544221,33,2,9,32,2.584182,0.328407,2025-05-27,2025-06-03,8,공단-공단,8
2025,42002001,101,강릉-동진버스,True,4200720,학산1리,BIS inventory,True,False,,32,128.8893588713931,37.7158468763211,43,10,6,9,3.367267,1.642036,2025-05-27,2025-06-03,8,공단-공단,8
2025,42002001,101,강릉-동진버스,True,4200721,강릉역,BIS inventory,True,True,7,6,128.8992580056024,37.76416330670135,32,0,10,,2.505873,0.0,2025-05-27,2025-06-03,8,공단-공단,8
2025,42002001,101,강릉-동진버스,True,4200722,성황당교,smartcard station files,False,False,,31,,,10,6,31,15,0.783085,0.985222,2025-05-27,2025-06-03,8,공단-공단,6
2025,42002001,101,강릉-동진버스,True,4200724,동해식품,smartcard station files,False,False,,30,,,11,7,28,13,0.861394,1.149425,2025-05-27,2025-06-03,8,공단-공단,7
2025,42002001,101,강릉-동진버스,True,4200725,가축위생시험사업소,BIS inventory,True,True,54,52,128.90146946473587,37.729510021653965,16,0,19,,1.252937,0.0,2025-05-27,2025-06-03,8,공단-공단,6
2025,42002001,101,강릉-동진버스,True,4200726,가축위생시험사업소,BIS inventory,True,True,29,28,128.90125274168807,37.729547291652196,0,3,,29,0.0,0.492611,2025-05-27,2025-06-03,8,공단-공단,3
2025,42002001,101,강릉-동진버스,True,4200727,모산초교,BIS inventory,True,True,55,53,128.90037137412145,37.73145457144734,27,1,12,43,2.11433,0.164204,2025-05-27,2025-06-03,8,공단-공단,8
2025,42002001,101,강릉-동진버스,True,4200728,모산초교,BIS inventory,True,True,28,27,128.90028293302265,37.73143070810136,1,8,53,11,0.078309,1.313629,2025-05-27,2025-06-03,8,공단-공단,5
2025,42002001,101,강릉-동진버스,True,4200729,보리사입구,BIS inventory,True,True,56,54,128.89785144363964,37.73626831506908,1,0,53,,0.078309,0.0,2025-05-27,2025-06-03,8,공단-공단,1
2025,42002001,101,강릉-동진버스,True,4200731,삼흥사,BIS inventory,True,True,57,55,128.90121043083064,37.739730650079785,14,2,25,32,1.096319,0.328407,2025-05-27,2025-06-03,8,공단-공단,6
2025,42002001,101,강릉-동진버스,True,4200732,삼흥사,BIS inventory,True,True,26,25,128.901198738292,37.739798973918525,8,14,35,8,0.626468,2.298851,2025-05-27,2025-06-03,8,공단-공단,8
2025,42002001,101,강릉-동진버스,True,4200733,평안의집,BIS inventory,True,True,58,56,128.90510785537055,37.74063841474535,11,0,28,,0.861394,0.0,2025-05-27,2025-06-03,8,공단-공단,7
2025,42002001,101,강릉-동진버스,True,4200734,평안의집,BIS inventory,True,True,25,24,128.90504736881275,37.740698188102115,2,2,50,32,0.156617,0.328407,2025-05-27,2025-06-03,8,공단-공단,2
2025,42002001,101,강릉-동진버스,True,4200735,똑갑재,BIS inventory,True,True,59,57,128.9083233266339,37.74372779918021,4,1,43,43,0.313234,0.164204,2025-05-27,2025-06-03,8,공단-공단,3
2025,42002001,101,강릉-동진버스,True,4200736,똑갑재,BIS inventory,True,True,24,23,128.9084947975427,37.742997829596284,0,4,,23,0.0,0.656814,2025-05-27,2025-06-03,8,공단-공단,4
2025,42002001,101,강릉-동진버스,True,4200750,강릉시청앞,BIS inventory,True,True,13,12,128.88013307678156,37.753651204654936,0,4,,23,0.0,0.656814,2025-05-27,2025-06-03,8,공단-공단,3
2025,42002001,101,강릉-동진버스,True,4200791,부흥마을,BIS inventory,True,True,60,58,128.90637359052232,37.746896583401664,2,0,50,,0.156617,0.0,2025-05-27,2025-06-03,8,공단-공단,2
2025,42002001,101,강릉-동진버스,True,4200792,부흥마을,BIS inventory,True,True,23,22,128.90633218029933,37.74678151751788,17,3,16,29,1.331245,0.492611,2025-05-27,2025-06-03,8,공단-공단,8
2025,42002001,101,강릉-동진버스,True,4201037,말나눔터공원,BIS inventory,True,True,9,8,128.8946789617544,37.758644529934365,11,5,28,19,0.861394,0.821018,2025-05-27,2025-06-03,8,공단-공단,8
2025,42002001,101,강릉-동진버스,True,4201194,병무청,BIS inventory,True,True,61,59,128.90730907557136,37.749719639382455,10,4,31,23,0.783085,0.656814,2025-05-27,2025-06-03,8,공단-공단,6
2025,42002001,101,강릉-동진버스,True,4201195,노암현대아파트,BIS inventory,True,True,22,21,128.9064519321124,37.750397397899654,1,6,53,15,0.078309,0.985222,2025-05-27,2025-06-03,8,공단-공단,6
2025,42002001,101,강릉-동진버스,True,4201196,강릉중입구,BIS inventory,True,True,62,60,128.90469921141985,37.752586496675974,5,8,39,11,0.391543,1.313629,2025-05-27,2025-06-03,8,공단-공단,5
2025,42002001,101,강릉-동진버스,True,4201197,강릉중입구,BIS inventory,True,True,21,20,128.9042740269736,37.752586182446684,13,4,26,23,1.018011,0.656814,2025-05-27,2025-06-03,8,공단-공단,6
2025,42002001,101,강릉-동진버스,True,4201198,남대천.강릉교,BIS inventory,True,True,63,61,128.9010015999516,37.75454267936518,3,202,46,1,0.234926,33.16913,2025-05-27,2025-06-03,8,공단-공단,8
2025,42002001,101,강릉-동진버스,True,4201199,남대천.강릉교,BIS inventory,True,True,20,19,128.9010687000649,37.75417893755025,290,43,1,3,22.709475,7.060755,2025-05-27,2025-06-03,8,공단-공단,8
2025,42002001,101,강릉-동진버스,True,4201205,입암2.3주공,BIS inventory,True,True,2,1,128.9161850255649,37.765072488547595,27,1,12,43,2.11433,0.164204,2025-05-27,2025-06-03,8,공단-공단,8
2025,42002001,101,강릉-동진버스,True,4201206,입암2.3주공,BIS inventory,True,True,67,65,128.9164847952377,37.764981798289845,1,4,53,23,0.078309,0.656814,2025-05-27,2025-06-03,8,공단-공단,4
2025,42002001,101,강릉-동진버스,True,4201207,현대자동차서비스,BIS inventory,True,True,68,66,128.9189460603978,37.76507644083287,0,2,,32,0.0,0.328407,2025-05-27,2025-06-03,8,공단-공단,1
2025,42002001,101,강릉-동진버스,True,4201209,공단,BIS inventory,True,True,1,0,128.92205416940635,37.765196014305694,3,0,46,,0.234926,0.0,2025-05-27,2025-06-03,8,공단-공단,2
2025,42002001,101,강릉-동진버스,True,4201409,조순생가,BIS inventory,True,False,,33,128.88832466397164,37.713711387376655,8,1,35,43,0.626468,0.164204,2025-05-27,2025-06-03,8,공단-공단,7
2025,42002001,101,강릉-동진버스,True,4201410,구정옥봉길,smartcard station files,False,False,,40,,,27,0,12,,2.11433,0.0,2025-05-27,2025-06-03,8,공단-공단,8
2025,42002003,103,강릉-동진버스,True,4200042,롯데캐슬아파트,BIS inventory,True,True,8,7,128.89120929799194,37.766948306391974,42,0,7,,3.384367,0.0,2025-05-27,2025-06-03,8,차고지대기(미정-차고지대기(미정,8
2025,42002003,103,강릉-동진버스,True,4200044,차고지대기(미정차),BIS inventory,True,True,1 | 61,60,128.93316603832002,37.76938974153612,3,0,40,,0.241741,0.0,2025-05-27,2025-06-03,8,차고지대기(미정-차고지대기(미정,2
2025,42002003,103,강릉-동진버스,True,4200094,강릉여고,BIS inventory,True,True,57,56,128.90248424479844,37.75904463050879,5,14,39,6,0.402901,3.11804,2025-05-27,2025-06-03,8,차고지대기(미정-차고지대기(미정,6
2025,42002003,103,강릉-동진버스,True,4200113,강릉관광개발공사,BIS inventory,True,True,3,2,128.90865897771857,37.76820323697218,7,0,35,,0.564061,0.0,2025-05-27,2025-06-03,8,차고지대기(미정-차고지대기(미정,5
2025,42002003,103,강릉-동진버스,True,4200245,이명사거리,BIS inventory,True,True,9,8,128.89157918705828,37.764565078717,46,3,6,24,3.706688,0.668151,2025-05-27,2025-06-03,8,차고지대기(미정-차고지대기(미정,8
2025,42002003,103,강릉-동진버스,True,4200247,강릉제일고,BIS inventory,True,True,10,9,128.8918779735197,37.759537356247826,10,5,30,15,0.805802,1.113586,2025-05-27,2025-06-03,8,차고지대기(미정-차고지대기(미정,7
2025,42002003,103,강릉-동진버스,True,4200249,용강동서부시장,BIS inventory,True,True,11,10,128.89167287030088,37.75492247590215,15,22,21,4,1.208703,4.899777,2025-05-27,2025-06-03,8,차고지대기(미정-차고지대기(미정,8
2025,42002003,103,강릉-동진버스,True,4200252,신영극장,BIS inventory,True,True,12,11,128.8961287589657,37.75448236011555,75,63,2,2,6.043513,14.03118,2025-05-27,2025-06-03,8,차고지대기(미정-차고지대기(미정,8
2025,42002003,103,강릉-동진버스,True,4200258,용지각,BIS inventory,True,True,58,57,128.90534669055177,37.76147384168322,0,2,,27,0.0,0.445434,2025-05-27,2025-06-03,8,차고지대기(미정-차고지대기(미정,2
2025,42002003,103,강릉-동진버스,True,4200260,동남아파트,BIS inventory,True,True,59,58,128.9088062489658,37.764638779656714,2,6,43,14,0.16116,1.336303,2025-05-27,2025-06-03,8,차고지대기(미정-차고지대기(미정,4
2025,42002003,103,강릉-동진버스,True,4200542,강릉MBC,BIS inventory,True,True,4,3,128.90392601394964,37.77039013888439,2,0,43,,0.16116,0.0,2025-05-27,2025-06-03,8,차고지대기(미정-차고지대기(미정,2
2025,42002003,103,강릉-동진버스,True,4200544,종합경기장입구,BIS inventory,True,True,6,5,128.89740621946726,37.770531883728914,16,0,20,,1.289283,0.0,2025-05-27,2025-06-03,8,차고지대기(미정-차고지대기(미정,6
2025,42002003,103,강릉-동진버스,True,4200546,e-편한세상아파트,BIS inventory,True,True,7,6,128.89508217030252,37.76981271024109,28,1,10,34,2.256245,0.222717,2025-05-27,2025-06-03,8,차고지대기(미정-차고지대기(미정,8
2025,42002003,103,강릉-동진버스,True,4200631,금광정미소,BIS inventory,True,True,26,25,128.91530343519958,37.70823344476309,1,8,47,10,0.08058,1.781737,2025-05-27,2025-06-03,8,차고지대기(미정-차고지대기(미정,4
2025,42002003,103,강릉-동진버스,True,4200633,소양가든,BIS inventory,True,True,27,26,128.91470984838725,37.70545388269156,11,0,28,,0.886382,0.0,2025-05-27,2025-06-03,8,차고지대기(미정-차고지대기(미정,5
2025,42002003,103,강릉-동진버스,True,4200635,금광리1반,BIS inventory,True,True,28,27,128.9143131847074,37.70220671426674,20,3,15,24,1.611604,0.668151,2025-05-27,2025-06-03,8,차고지대기(미정-차고지대기(미정,7
2025,42002003,103,강릉-동진버스,True,4200637,천주교회,BIS inventory,True,True,29,28,128.9146583268783,37.69918070112344,20,4,15,20,1.611604,0.890869,2025-05-27,2025-06-03,8,차고지대기(미정-차고지대기(미정,7
2025,42002003,103,강릉-동진버스,True,4200639,어단2리마을회관,BIS inventory,True,True,30,29,128.91146885408946,37.6964376324294,41,9,8,8,3.303787,2.004454,2025-05-27,2025-06-03,8,차고지대기(미정-차고지대기(미정,8
2025,42002003,103,강릉-동진버스,True,4200641,한빛마을입구,BIS inventory,True,True,31,30,128.9070507747374,37.69408474392719,48,11,4,7,3.867849,2.449889,2025-05-27,2025-06-03,8,차고지대기(미정-차고지대기(미정,8
2025,42002003,103,강릉-동진버스,True,4200643,어단1리마을회관,BIS inventory,True,True,32,31,128.90163121019464,37.69306524952247,8,4,32,20,0.644641,0.890869,2025-05-27,2025-06-03,8,차고지대기(미정-차고지대기(미정,6
2025,42002003,103,강릉-동진버스,True,4200645,어단1리성황당,BIS inventory,True,True,33,32,128.8997465866069,37.69146948045897,11,7,28,12,0.886382,1.55902,2025-05-27,2025-06-03,8,차고지대기(미정-차고지대기(미정,6
2025,42002003,103,강릉-동진버스,True,4200648,어단리.법왕사,BIS inventory,True,True,34,33,128.89523586027252,37.689105321389235,12,2,27,27,0.966962,0.445434,2025-05-27,2025-06-03,8,차고지대기(미정-차고지대기(미정,7
2025,42002003,103,강릉-동진버스,True,4200649,강릉자동차극장,BIS inventory,True,True,35,34,128.89682798746503,37.69309290590324,19,0,18,,1.531023,0.0,2025-05-27,2025-06-03,8,차고지대기(미정-차고지대기(미정,8
2025,42002003,103,강릉-동진버스,True,4200651,어단1리,BIS inventory,True,True,36,35,128.89857868128925,37.69687081252176,21,3,14,24,1.692184,0.668151,2025-05-27,2025-06-03,8,차고지대기(미정-차고지대기(미정,8
2025,42002003,103,강릉-동진버스,True,4200653,남강릉IC입구,BIS inventory,True,True,37,36,128.90059387366637,37.69980820493369,15,1,21,34,1.208703,0.222717,2025-05-27,2025-06-03,8,차고지대기(미정-차고지대기(미정,6
2025,42002003,103,강릉-동진버스,True,4200655,내곡과수원,BIS inventory,True,True,38,37,128.901945977448,37.70187078093137,14,0,23,,1.128122,0.0,2025-05-27,2025-06-03,8,차고지대기(미정-차고지대기(미정,6
2025,42002003,103,강릉-동진버스,True,4200657,학산3리마을회관,BIS inventory,True,True,39,38,128.90349173805726,37.7044381914233,26,1,12,34,2.095085,0.222717,2025-05-27,2025-06-03,8,차고지대기(미정-차고지대기(미정,7
2025,42002003,103,강릉-동진버스,True,4200659,해찬들,BIS inventory,True,True,40,39,128.90171063124305,37.70707432471398,25,2,13,27,2.014504,0.445434,2025-05-27,2025-06-03,8,차고지대기(미정-차고지대기(미정,8
2025,42002003,103,강릉-동진버스,True,4200662,학산부대앞,BIS inventory,True,True,41,40,128.90202642695186,37.711725950607516,6,1,38,34,0.483481,0.222717,2025-05-27,2025-06-03,8,차고지대기(미정-차고지대기(미정,5
2025,42002003,103,강릉-동진버스,True,4200663,학산기갑부대앞,BIS inventory,True,True,42,41,128.90587703156245,37.71210753958188,2,4,43,20,0.16116,0.890869,2025-05-27,2025-06-03,8,차고지대기(미정-차고지대기(미정,4
2025,42002003,103,강릉-동진버스,True,4200665,금광삼거리,BIS inventory,True,True,43,42,128.91515459286336,37.70904726058568,38,0,9,,3.062047,0.0,2025-05-27,2025-06-03,8,차고지대기(미정-차고지대기(미정,8
2025,42002003,103,강릉-동진버스,True,4200667,금광교회입구,BIS inventory,True,True,45,44,128.91743884657853,37.711688785639396,14,0,23,,1.128122,0.0,2025-05-27,2025-06-03,8,차고지대기(미정-차고지대기(미정,7
2025,42002003,103,강릉-동진버스,True,4200668,금광교회입구,BIS inventory,True,True,24,23,128.91734376603898,37.7117034048731,0,1,,34,0.0,0.222717,2025-05-27,2025-06-03,8,차고지대기(미정-차고지대기(미정,1
2025,42002003,103,강릉-동진버스,True,4200669,하이샤시,BIS inventory,True,True,46,45,128.91728256074563,37.71407658570209,13,0,26,,1.047542,0.0,2025-05-27,2025-06-03,8,차고지대기(미정-차고지대기(미정,7
2025,42002003,103,강릉-동진버스,True,4200671,금광리성황당,BIS inventory,True,True,47,46,128.9174498206258,37.717903115802514,17,0,19,,1.369863,0.0,2025-05-27,2025-06-03,8,차고지대기(미정-차고지대기(미정,8
2025,42002003,103,강릉-동진버스,True,4200673,버들교,BIS inventory,True,True,48,47,128.91800220365803,37.72225137691791,27,0,11,,2.175665,0.0,2025-05-27,2025-06-03,8,차고지대기(미정-차고지대기(미정,8
2025,42002003,103,강릉-동진버스,True,4200674,버들교,BIS inventory,True,True,21,20,128.9179091300679,37.722227707735385,0,9,,8,0.0,2.004454,2025-05-27,2025-06-03,8,차고지대기(미정-차고지대기(미정,4
2025,42002003,103,강릉-동진버스,True,4200675,박월동마을회관,BIS inventory,True,True,49,48,128.91430313467623,37.73038001057271,48,2,4,27,3.867849,0.445434,2025-05-27,2025-06-03,8,차고지대기(미정-차고지대기(미정,8
2025,42002003,103,강릉-동진버스,True,4200676,박월동마을회관,BIS inventory,True,True,20,19,128.9141099667606,37.7303231623845,0,7,,12,0.0,1.55902,2025-05-27,2025-06-03,8,차고지대기(미정-차고지대기(미정,3
2025,42002003,103,강릉-동진버스,True,4200677,유산민물장어,BIS inventory,True,True,50,49,128.91188581173668,37.73590297036683,7,1,35,34,0.564061,0.222717,2025-05-27,2025-06-03,8,차고지대기(미정-차고지대기(미정,5
2025,42002003,103,강릉-동진버스,True,4200678,유산민물장어,BIS inventory,True,True,19,18,128.9117917615037,37.73586343058287,0,2,,27,0.0,0.445434,2025-05-27,2025-06-03,8,차고지대기(미정-차고지대기(미정,1
2025,42002003,103,강릉-동진버스,True,4200679,유산동노인회관,BIS inventory,True,True,51,50,128.9098408904697,37.73999573125917,8,0,32,,0.644641,0.0,2025-05-27,2025-06-03,8,차고지대기(미정-차고지대기(미정,5
2025,42002003,103,강릉-동진버스,True,4200680,유산동노인회관,BIS inventory,True,True,18,17,128.90975279156388,37.73997249911831,0,5,,15,0.0,1.113586,2025-05-27,2025-06-03,8,차고지대기(미정-차고지대기(미정,4
2025,42002003,103,강릉-동진버스,True,4200735,똑갑재,BIS inventory,True,True,52,51,128.9083233266339,37.74372779918021,14,0,23,,1.128122,0.0,2025-05-27,2025-06-03,8,차고지대기(미정-차고지대기(미정,8
2025,42002003,103,강릉-동진버스,True,4200736,똑갑재,BIS inventory,True,True,17,16,128.9084947975427,37.742997829596284,0,5,,15,0.0,1.113586,2025-05-27,2025-06-03,8,차고지대기(미정-차고지대기(미정,3
2025,42002003,103,강릉-동진버스,True,4200791,부흥마을,BIS inventory,True,True,53,52,128.90637359052232,37.746896583401664,7,2,35,27,0.564061,0.445434,2025-05-27,2025-06-03,8,차고지대기(미정-차고지대기(미정,7
2025,42002003,103,강릉-동진버스,True,4200792,부흥마을,BIS inventory,True,True,16,15,128.90633218029933,37.74678151751788,3,8,40,10,0.241741,1.781737,2025-05-27,2025-06-03,8,차고지대기(미정-차고지대기(미정,5
2025,42002003,103,강릉-동진버스,True,4201194,병무청,BIS inventory,True,True,54,53,128.90730907557136,37.749719639382455,9,5,31,15,0.725222,1.113586,2025-05-27,2025-06-03,8,차고지대기(미정-차고지대기(미정,5
2025,42002003,103,강릉-동진버스,True,4201195,노암현대아파트,BIS inventory,True,True,15,14,128.9064519321124,37.750397397899654,1,5,47,15,0.08058,1.113586,2025-05-27,2025-06-03,8,차고지대기(미정-차고지대기(미정,4
2025,42002003,103,강릉-동진버스,True,4201196,강릉중입구,BIS inventory,True,True,55,54,128.90469921141985,37.752586496675974,3,17,40,5,0.241741,3.786192,2025-05-27,2025-06-03,8,차고지대기(미정-차고지대기(미정,7
2025,42002003,103,강릉-동진버스,True,4201197,강릉중입구,BIS inventory,True,True,14,13,128.9042740269736,37.752586182446684,63,4,3,20,5.076551,0.890869,2025-05-27,2025-06-03,8,차고지대기(미정-차고지대기(미정,8
2025,42002003,103,강릉-동진버스,True,4201198,남대천.강릉교,BIS inventory,True,True,56,55,128.9010015999516,37.75454267936518,2,146,43,1,0.16116,32.516704,2025-05-27,2025-06-03,8,차고지대기(미정-차고지대기(미정,8
2025,42002003,103,강릉-동진버스,True,4201199,남대천.강릉교,BIS inventory,True,True,13,12,128.9010687000649,37.75417893755025,387,50,1,3,31.184529,11.135857,2025-05-27,2025-06-03,8,차고지대기(미정-차고지대기(미정,8
2025,42002003,103,강릉-동진버스,True,4201205,입암2.3주공,BIS inventory,True,True,2,1,128.9161850255649,37.765072488547595,20,0,15,,1.611604,0.0,2025-05-27,2025-06-03,8,차고지대기(미정-차고지대기(미정,8
2025,42002003,103,강릉-동진버스,True,4201206,입암2.3주공,BIS inventory,True,True,60,59,128.9164847952377,37.764981798289845,1,2,47,27,0.08058,0.445434,2025-05-27,2025-06-03,8,차고지대기(미정-차고지대기(미정,3
2025,42002003,103,강릉-동진버스,True,4201221,교동하늘채스카이파크,BIS inventory,True,True,5,4,128.90200271905258,37.770481553669924,8,1,32,34,0.644641,0.222717,2025-05-27,2025-06-03,8,차고지대기(미정-차고지대기(미정,7
2025,42002003,103,강릉-동진버스,True,4201385,금광1리마을회관,BIS inventory,True,True,25,24,128.91594038830377,37.70955296171714,0,1,,34,0.0,0.222717,2025-05-27,2025-06-03,8,차고지대기(미정-차고지대기(미정,1
2025,42002004,104,강릉-동진버스,True,4200001,내곡교,BIS inventory,True,True,26,23,128.88717490623026,37.74653766880734,3,1,26,21,0.859599,0.588235,2025-05-27,2025-06-03,8,안목-안목커피거리,3
2025,42002004,104,강릉-동진버스,True,4200053,오성학교,BIS inventory,True,True,5,3,128.93312248716418,37.77978287851338,1,0,38,,0.286533,0.0,2025-05-27,2025-06-03,8,안목-안목커피거리,1
2025,42002004,104,강릉-동진버스,True,4200054,삼익아파트,BIS inventory,True,True,75,71,128.93336344346523,37.7794509217129,0,2,,15,0.0,1.176471,2025-05-27,2025-06-03,8,안목-안목커피거리,2
2025,42002004,104,강릉-동진버스,True,4200055,해당화연립,BIS inventory,True,True,4,2,128.93501598562065,37.778964657496246,2,0,32,,0.573066,0.0,2025-05-27,2025-06-03,8,안목-안목커피거리,2
2025,42002004,104,강릉-동진버스,True,4200065,보건소,BIS inventory,True,True,54,51,128.8829859719751,37.74393637256719,14,0,6,,4.011461,0.0,2025-05-27,2025-06-03,8,안목-안목커피거리,6
2025,42002004,104,강릉-동진버스,True,4200094,강릉여고,BIS inventory,True,True,60,57,128.90248424479844,37.75904463050879,8,5,8,6,2.292264,2.941176,2025-05-27,2025-06-03,8,안목-안목커피거리,5
2025,42002004,104,강릉-동진버스,True,4200095,한국자산관리공사,BIS inventory,True,True,21,18,128.90111921880606,37.75827929877246,2,1,32,21,0.573066,0.588235,2025-05-27,2025-06-03,8,안목-안목커피거리,3
2025,42002004,104,강릉-동진버스,True,4200101,강릉고입구,BIS inventory,True,True,9,6,128.92013482012848,37.783607089094346,2,2,32,15,0.573066,1.176471,2025-05-27,2025-06-03,8,안목-안목커피거리,2
2025,42002004,104,강릉-동진버스,True,4200102,강릉고입구,BIS inventory,True,True,71,68,128.92044843215433,37.78352944320342,0,6,,5,0.0,3.529412,2025-05-27,2025-06-03,8,안목-안목커피거리,4
2025,42002004,104,강릉-동진버스,True,4200104,동명중학교,BIS inventory,True,True,12,9,128.91637238303827,37.777185998905715,3,3,26,12,0.859599,1.764706,2025-05-27,2025-06-03,8,안목-안목커피거리,5
2025,42002004,104,강릉-동진버스,True,4200105,동명중학교,BIS inventory,True,True,68,65,128.9161008666347,37.77658681943468,2,3,32,12,0.573066,1.764706,2025-05-27,2025-06-03,8,안목-안목커피거리,4
2025,42002004,104,강릉-동진버스,True,4200106,KT,BIS inventory,True,True,14,11,128.91181164590185,37.77275858732733,23,0,4,,6.590258,0.0,2025-05-27,2025-06-03,8,안목-안목커피거리,7
2025,42002004,104,강릉-동진버스,True,4200107,KT,BIS inventory,True,True,66,63,128.9125052185983,37.77309475265464,3,10,26,4,0.859599,5.882353,2025-05-27,2025-06-03,8,안목-안목커피거리,7
2025,42002004,104,강릉-동진버스,True,4200108,동인병원입구,BIS inventory,True,True,15,12,128.90953558421478,37.77125258486367,5,0,19,,1.432665,0.0,2025-05-27,2025-06-03,8,안목-안목커피거리,4
2025,42002004,104,강릉-동진버스,True,4200109,동인병원입구,BIS inventory,True,True,65,62,128.9094857690125,37.77102450992961,0,4,,7,0.0,2.352941,2025-05-27,2025-06-03,8,안목-안목커피거리,4
2025,42002004,104,강릉-동진버스,True,4200110,하슬라중,BIS inventory,True,True,16,13,128.90715554439282,37.77053362559672,6,0,14,,1.719198,0.0,2025-05-27,2025-06-03,8,안목-안목커피거리,3
2025,42002004,104,강릉-동진버스,True,4200111,하슬라중,BIS inventory,True,True,64,61,128.90761293140218,37.77043125987649,7,4,12,7,2.005731,2.352941,2025-05-27,2025-06-03,8,안목-안목커피거리,4
2025,42002004,104,강릉-동진버스,True,4200113,강릉관광개발공사,BIS inventory,True,True,63,60,128.90865897771857,37.76820323697218,2,4,32,7,0.573066,2.352941,2025-05-27,2025-06-03,8,안목-안목커피거리,4
2025,42002004,104,강릉-동진버스,True,4200251,한국은행,BIS inventory,True,True,23,20,128.89406630781096,37.753485602290496,7,2,12,15,2.005731,1.176471,2025-05-27,2025-06-03,8,안목-안목커피거리,5
2025,42002004,104,강릉-동진버스,True,4200252,신영극장,BIS inventory,True,True,59,56,128.8961287589657,37.75448236011555,33,76,3,1,9.455587,44.705882,2025-05-27,2025-06-03,8,안목-안목커피거리,8
2025,42002004,104,강릉-동진버스,True,4200253,교보생명,BIS inventory,True,True,22,19,128.89811415297848,37.756002485379526,9,13,7,2,2.578797,7.647059,2025-05-27,2025-06-03,8,안목-안목커피거리,8
2025,42002004,104,강릉-동진버스,True,4200258,용지각,BIS inventory,True,True,61,58,128.90534669055177,37.76147384168322,8,2,8,15,2.292264,1.176471,2025-05-27,2025-06-03,8,안목-안목커피거리,6
2025,42002004,104,강릉-동진버스,True,4200260,동남아파트,BIS inventory,True,True,62,59,128.9088062489658,37.764638779656714,8,1,8,21,2.292264,0.588235,2025-05-27,2025-06-03,8,안목-안목커피거리,5
2025,42002004,104,강릉-동진버스,True,4200262,로얄아파트.포남1동주민센터,BIS inventory,True,True,18,15,128.90933288179943,37.76545703763149,6,0,14,,1.719198,0.0,2025-05-27,2025-06-03,8,안목-안목커피거리,5
2025,42002004,104,강릉-동진버스,True,4200280,송정해변,BIS inventory,True,True,3,1,128.9381119893655,37.77768849372205,6,0,14,,1.719198,0.0,2025-05-27,2025-06-03,8,안목-안목커피거리,4
2025,42002004,104,강릉-동진버스,True,4200288,경포고교,BIS inventory,True,True,10,7,128.91881546540267,37.78075927662396,6,0,14,,1.719198,0.0,2025-05-27,2025-06-03,8,안목-안목커피거리,6
2025,42002004,104,강릉-동진버스,True,4200289,한솔초교,BIS inventory,True,True,13,10,128.9142086436632,37.775058134113436,4,1,23,21,1.146132,0.588235,2025-05-27,2025-06-03,8,안목-안목커피거리,3
2025,42002004,104,강릉-동진버스,True,4200318,포남시장,BIS inventory,True,True,19,16,128.90766061502285,37.76392281820552,3,2,26,15,0.859599,1.176471,2025-05-27,2025-06-03,8,안목-안목커피거리,5
2025,42002004,104,강릉-동진버스,True,4200357,내곡교,BIS inventory,True,True,56,53,128.88814500034871,37.745625057468914,15,0,5,,4.297994,0.0,2025-05-27,2025-06-03,8,안목-안목커피거리,6
2025,42002004,104,강릉-동진버스,True,4200358,삼창그린맨션,BIS inventory,True,True,55,52,128.88749893563826,37.744743384730015,1,0,38,,0.286533,0.0,2025-05-27,2025-06-03,8,안목-안목커피거리,1
2025,42002004,104,강릉-동진버스,True,4200359,하나로마트내곡점,BIS inventory,True,True,53,50,128.88026417146904,37.7410809708167,74,0,1,,21.203438,0.0,2025-05-27,2025-06-03,8,안목-안목커피거리,8
2025,42002004,104,강릉-동진버스,True,4200360,하나로마트내곡점,BIS inventory,True,True,28,25,128.88016921110417,37.740597240336115,0,1,,21,0.0,0.588235,2025-05-27,2025-06-03,8,안목-안목커피거리,1
2025,42002004,104,강릉-동진버스,True,4200361,보건소,BIS inventory,True,True,27,24,128.8822115594926,37.743635964592464,0,12,,3,0.0,7.058824,2025-05-27,2025-06-03,8,안목-안목커피거리,7
2025,42002004,104,강릉-동진버스,True,4200802,기산아파트,BIS inventory,True,True,51,48,128.87993356966643,37.73422591779592,1,0,38,,0.286533,0.0,2025-05-27,2025-06-03,8,안목-안목커피거리,1
2025,42002004,104,강릉-동진버스,True,4200806,프라자약국,BIS inventory,True,True,49,46,128.87901214606964,37.728760157474696,2,0,32,,0.573066,0.0,2025-05-27,2025-06-03,8,안목-안목커피거리,1
2025,42002004,104,강릉-동진버스,True,4200810,문화마을,BIS inventory,True,True,47,44,128.88042620487306,37.72295333667196,1,0,38,,0.286533,0.0,2025-05-27,2025-06-03,8,안목-안목커피거리,1
2025,42002004,104,강릉-동진버스,True,4200812,구정보건지소,BIS inventory,True,True,46,43,128.88246310473926,37.72030864287925,3,0,26,,0.859599,0.0,2025-05-27,2025-06-03,8,안목-안목커피거리,3
2025,42002004,104,강릉-동진버스,True,4200814,구정면사무소,BIS inventory,True,True,45,42,128.88002787863965,37.71794143004597,3,0,26,,0.859599,0.0,2025-05-27,2025-06-03,8,안목-안목커피거리,3
2025,42002004,104,강릉-동진버스,True,4200815,오뚜기물류서비스,BIS inventory,True,True,37,34,128.8777698382652,37.71622341645464,0,2,,15,0.0,1.176471,2025-05-27,2025-06-03,8,안목-안목커피거리,2
2025,42002004,104,강릉-동진버스,True,4200816,오뚜기물류서비스,BIS inventory,True,True,44,41,128.87782869819907,37.71615014292806,5,0,19,,1.432665,0.0,2025-05-27,2025-06-03,8,안목-안목커피거리,3
2025,42002004,104,강릉-동진버스,True,4200821,구정마을회관,BIS inventory,True,True,42,39,128.87144937425245,37.71002947764621,39,0,2,,11.174785,0.0,2025-05-27,2025-06-03,8,안목-안목커피거리,8
2025,42002004,104,강릉-동진버스,True,4200822,솔향수목원입구,BIS inventory,True,True,41,38,128.8693376080556,37.70921581710481,6,0,14,,1.719198,0.0,2025-05-27,2025-06-03,8,안목-안목커피거리,3
2025,42002004,104,강릉-동진버스,True,4200850,강릉의료원,BIS inventory,True,True,25,22,128.88880799404643,37.748819708567,5,0,19,,1.432665,0.0,2025-05-27,2025-06-03,8,안목-안목커피거리,5
2025,42002004,104,강릉-동진버스,True,4200851,강릉의료원,BIS inventory,True,True,57,54,128.89091430945297,37.74975576653371,5,1,19,21,1.432665,0.588235,2025-05-27,2025-06-03,8,안목-안목커피거리,4
2025,42002004,104,강릉-동진버스,True,4200852,강릉대도호부관아,BIS inventory,True,True,24,21,128.8916610029413,37.75117323796815,8,0,8,,2.292264,0.0,2025-05-27,2025-06-03,8,안목-안목커피거리,4
2025,42002004,104,강릉-동진버스,True,4200853,강릉대도호부관아,BIS inventory,True,True,58,55,128.89234522879923,37.75163825691615,4,4,23,7,1.146132,2.352941,2025-05-27,2025-06-03,8,안목-안목커피거리,4
2025,42002004,104,강릉-동진버스,True,4201044,안목커피거리,BIS inventory,True,True,79,74,128.94543559396536,37.77260342997581,0,4,,7,0.0,2.352941,2025-05-27,2025-06-03,8,안목-안목커피거리,3
2025,42002004,104,강릉-동진버스,True,4201220,포남2주공입구,BIS inventory,True,True,11,8,128.9179885478381,37.77901498558293,4,0,23,,1.146132,0.0,2025-05-27,2025-06-03,8,안목-안목커피거리,3
2025,42002004,104,강릉-동진버스,True,4201234,초당분수공원,BIS inventory,True,True,72,69,128.92421540479356,37.78614360918137,0,1,,21,0.0,0.588235,2025-05-27,2025-06-03,8,안목-안목커피거리,1
2025,42002004,104,강릉-동진버스,True,4201236,포남2주공입구,BIS inventory,True,True,69,66,128.91810027987142,37.77873395771816,0,3,,12,0.0,1.764706,2025-05-27,2025-06-03,8,안목-안목커피거리,3
2025,42002005,104-1,강릉-동진버스,True,4200001,내곡교,BIS inventory,True,True,26,23,128.88717490623026,37.74653766880734,10,8,31,13,0.803859,1.535509,2025-05-27,2025-06-03,8,안목-안목커피거리,7
2025,42002005,104-1,강릉-동진버스,True,4200023,진골,BIS inventory,True,True,41,38,128.863668793898,37.7068476306324,2,0,56,,0.160772,0.0,2025-05-27,2025-06-03,8,안목-안목커피거리,1
2025,42002005,104-1,강릉-동진버스,True,4200052,송정래미안,BIS inventory,True,True,6,4,128.93038982126572,37.78292573478735,2,1,56,48,0.160772,0.191939,2025-05-27,2025-06-03,8,안목-안목커피거리,2
2025,42002005,104-1,강릉-동진버스,True,4200053,오성학교,BIS inventory,True,True,5,3,128.93312248716418,37.77978287851338,14,1,21,48,1.125402,0.191939,2025-05-27,2025-06-03,8,안목-안목커피거리,6
2025,42002005,104-1,강릉-동진버스,True,4200054,삼익아파트,BIS inventory,True,True,79,75,128.93336344346523,37.7794509217129,1,1,63,48,0.080386,0.191939,2025-05-27,2025-06-03,8,안목-안목커피거리,1
2025,42002005,104-1,강릉-동진버스,True,4200055,해당화연립,BIS inventory,True,True,4,2,128.93501598562065,37.778964657496246,7,3,40,30,0.562701,0.575816,2025-05-27,2025-06-03,8,안목-안목커피거리,4
2025,42002005,104-1,강릉-동진버스,True,4200056,해당화연립,BIS inventory,True,True,80,76,128.9356053065312,37.7785328972295,2,2,56,35,0.160772,0.383877,2025-05-27,2025-06-03,8,안목-안목커피거리,3
2025,42002005,104-1,강릉-동진버스,True,4200062,회산주공2단지,BIS inventory,True,True,56,53,128.87633822960112,37.74368399842067,38,2,8,35,3.054662,0.383877,2025-05-27,2025-06-03,8,안목-안목커피거리,8
2025,42002005,104-1,강릉-동진버스,True,4200066,내곡교,BIS inventory,True,True,60,57,128.88659128664105,37.74625364038564,3,8,55,13,0.241158,1.535509,2025-05-27,2025-06-03,8,안목-안목커피거리,5
2025,42002005,104-1,강릉-동진버스,True,4200094,강릉여고,BIS inventory,True,True,64,61,128.90248424479844,37.75904463050879,8,4,36,25,0.643087,0.767754,2025-05-27,2025-06-03,8,안목-안목커피거리,6
2025,42002005,104-1,강릉-동진버스,True,4200095,한국자산관리공사,BIS inventory,True,True,21,18,128.90111921880606,37.75827929877246,12,6,26,19,0.96463,1.151631,2025-05-27,2025-06-03,8,안목-안목커피거리,6
2025,42002005,104-1,강릉-동진버스,True,4200101,강릉고입구,BIS inventory,True,True,9,6,128.92013482012848,37.783607089094346,33,3,10,30,2.652733,0.575816,2025-05-27,2025-06-03,8,안목-안목커피거리,8
2025,42002005,104-1,강릉-동진버스,True,4200102,강릉고입구,BIS inventory,True,True,75,72,128.92044843215433,37.78352944320342,1,6,63,19,0.080386,1.151631,2025-05-27,2025-06-03,8,안목-안목커피거리,6
2025,42002005,104-1,강릉-동진버스,True,4200104,동명중학교,BIS inventory,True,True,12,9,128.91637238303827,37.777185998905715,21,1,16,48,1.688103,0.191939,2025-05-27,2025-06-03,8,안목-안목커피거리,5
2025,42002005,104-1,강릉-동진버스,True,4200105,동명중학교,BIS inventory,True,True,72,69,128.9161008666347,37.77658681943468,0,2,,35,0.0,0.383877,2025-05-27,2025-06-03,8,안목-안목커피거리,2
2025,42002005,104-1,강릉-동진버스,True,4200106,KT,BIS inventory,True,True,14,11,128.91181164590185,37.77275858732733,87,8,3,13,6.993569,1.535509,2025-05-27,2025-06-03,8,안목-안목커피거리,8
2025,42002005,104-1,강릉-동진버스,True,4200107,KT,BIS inventory,True,True,70,67,128.9125052185983,37.77309475265464,5,5,47,22,0.401929,0.959693,2025-05-27,2025-06-03,8,안목-안목커피거리,6
2025,42002005,104-1,강릉-동진버스,True,4200108,동인병원입구,BIS inventory,True,True,15,12,128.90953558421478,37.77125258486367,35,1,9,48,2.813505,0.191939,2025-05-27,2025-06-03,8,안목-안목커피거리,8
2025,42002005,104-1,강릉-동진버스,True,4200109,동인병원입구,BIS inventory,True,True,69,66,128.9094857690125,37.77102450992961,2,6,56,19,0.160772,1.151631,2025-05-27,2025-06-03,8,안목-안목커피거리,4
2025,42002005,104-1,강릉-동진버스,True,4200110,하슬라중,BIS inventory,True,True,16,13,128.90715554439282,37.77053362559672,39,1,7,48,3.135048,0.191939,2025-05-27,2025-06-03,8,안목-안목커피거리,8
2025,42002005,104-1,강릉-동진버스,True,4200111,하슬라중,BIS inventory,True,True,68,65,128.90761293140218,37.77043125987649,0,4,,25,0.0,0.767754,2025-05-27,2025-06-03,8,안목-안목커피거리,4
2025,42002005,104-1,강릉-동진버스,True,4200112,강릉관광개발공사,BIS inventory,True,True,17,14,128.9085231695166,37.76800046518587,14,5,21,22,1.125402,0.959693,2025-05-27,2025-06-03,8,안목-안목커피거리,6
2025,42002005,104-1,강릉-동진버스,True,4200113,강릉관광개발공사,BIS inventory,True,True,67,64,128.90865897771857,37.76820323697218,0,2,,35,0.0,0.383877,2025-05-27,2025-06-03,8,안목-안목커피거리,2
2025,42002005,104-1,강릉-동진버스,True,4200251,한국은행,BIS inventory,True,True,23,20,128.89406630781096,37.753485602290496,57,32,4,3,4.581994,6.142035,2025-05-27,2025-06-03,8,안목-안목커피거리,8
2025,42002005,104-1,강릉-동진버스,True,4200252,신영극장,BIS inventory,True,True,63,60,128.8961287589657,37.75448236011555,126,72,2,2,10.128617,13.819578,2025-05-27,2025-06-03,8,안목-안목커피거리,8
2025,42002005,104-1,강릉-동진버스,True,4200253,교보생명,BIS inventory,True,True,22,19,128.89811415297848,37.756002485379526,200,144,1,1,16.07717,27.639155,2025-05-27,2025-06-03,8,안목-안목커피거리,8
2025,42002005,104-1,강릉-동진버스,True,4200258,용지각,BIS inventory,True,True,65,62,128.90534669055177,37.76147384168322,6,3,44,30,0.482315,0.575816,2025-05-27,2025-06-03,8,안목-안목커피거리,6
2025,42002005,104-1,강릉-동진버스,True,4200259,용지각,BIS inventory,True,True,20,17,128.90537716328666,37.76184119439877,14,10,21,9,1.125402,1.919386,2025-05-27,2025-06-03,8,안목-안목커피거리,8
2025,42002005,104-1,강릉-동진버스,True,4200260,동남아파트,BIS inventory,True,True,66,63,128.9088062489658,37.764638779656714,2,11,56,8,0.160772,2.111324,2025-05-27,2025-06-03,8,안목-안목커피거리,6
2025,42002005,104-1,강릉-동진버스,True,4200262,로얄아파트.포남1동주민센터,BIS inventory,True,True,18,15,128.90933288179943,37.76545703763149,42,1,6,48,3.376206,0.191939,2025-05-27,2025-06-03,8,안목-안목커피거리,8
2025,42002005,104-1,강릉-동진버스,True,4200279,신도브래뉴,BIS inventory,True,True,81,77,128.93862914925478,37.77730338810464,0,7,,17,0.0,1.34357,2025-05-27,2025-06-03,8,안목-안목커피거리,3
2025,42002005,104-1,강릉-동진버스,True,4200280,송정해변,BIS inventory,True,True,3,1,128.9381119893655,37.77768849372205,8,0,36,,0.643087,0.0,2025-05-27,2025-06-03,8,안목-안목커피거리,6
2025,42002005,104-1,강릉-동진버스,True,4200288,경포고교,BIS inventory,True,True,10,7,128.91881546540267,37.78075927662396,28,3,12,30,2.250804,0.575816,2025-05-27,2025-06-03,8,안목-안목커피거리,8
2025,42002005,104-1,강릉-동진버스,True,4200289,한솔초교,BIS inventory,True,True,13,10,128.9142086436632,37.775058134113436,23,0,15,,1.848875,0.0,2025-05-27,2025-06-03,8,안목-안목커피거리,7
2025,42002005,104-1,강릉-동진버스,True,4200290,한솔초교,BIS inventory,True,True,71,68,128.91448068318238,37.77500059793141,1,1,63,48,0.080386,0.191939,2025-05-27,2025-06-03,8,안목-안목커피거리,2
2025,42002005,104-1,강릉-동진버스,True,4200318,포남시장,BIS inventory,True,True,19,16,128.90766061502285,37.76392281820552,15,2,19,35,1.205788,0.383877,2025-05-27,2025-06-03,8,안목-안목커피거리,8
2025,42002005,104-1,강릉-동진버스,True,4200360,하나로마트내곡점,BIS inventory,True,True,28,25,128.88016921110417,37.740597240336115,14,22,21,4,1.125402,4.222649,2025-05-27,2025-06-03,8,안목-안목커피거리,7
2025,42002005,104-1,강릉-동진버스,True,4200361,보건소,BIS inventory,True,True,27,24,128.8822115594926,37.743635964592464,6,15,44,6,0.482315,2.879079,2025-05-27,2025-06-03,8,안목-안목커피거리,7
2025,42002005,104-1,강릉-동진버스,True,4200799,내곡동주민센터,BIS inventory,True,True,29,26,128.88038166245803,37.73840220332427,0,5,,22,0.0,0.959693,2025-05-27,2025-06-03,8,안목-안목커피거리,2
2025,42002005,104-1,강릉-동진버스,True,4200801,기산아파트,BIS inventory,True,True,30,27,128.8795888615329,37.73406712685544,7,2,40,35,0.562701,0.383877,2025-05-27,2025-06-03,8,안목-안목커피거리,4
2025,42002005,104-1,강릉-동진버스,True,4200803,농협창고,BIS inventory,True,True,31,28,128.87887127233301,37.73227146178355,0,1,,48,0.0,0.191939,2025-05-27,2025-06-03,8,안목-안목커피거리,1
2025,42002005,104-1,강릉-동진버스,True,4200805,프라자약국,BIS inventory,True,True,32,29,128.8789292364003,37.728699480498165,2,2,56,35,0.160772,0.383877,2025-05-27,2025-06-03,8,안목-안목커피거리,3
2025,42002005,104-1,강릉-동진버스,True,4200807,자조와리,BIS inventory,True,True,33,30,128.87870578002008,37.72632672967291,25,2,14,35,2.009646,0.383877,2025-05-27,2025-06-03,8,안목-안목커피거리,8
2025,42002005,104-1,강릉-동진버스,True,4200809,문화마을,BIS inventory,True,True,34,31,128.88033505218718,37.72293252489115,11,7,28,17,0.884244,1.34357,2025-05-27,2025-06-03,8,안목-안목커피거리,7
2025,42002005,104-1,강릉-동진버스,True,4200811,구정자율방범대,BIS inventory,True,True,35,32,128.88237819871995,37.72033853165244,7,9,40,11,0.562701,1.727447,2025-05-27,2025-06-03,8,안목-안목커피거리,7
2025,42002005,104-1,강릉-동진버스,True,4200813,구정면사무소,BIS inventory,True,True,36,33,128.87999133744066,37.71800809783438,9,8,33,13,0.723473,1.535509,2025-05-27,2025-06-03,8,안목-안목커피거리,6
2025,42002005,104-1,강릉-동진버스,True,4200815,오뚜기물류서비스,BIS inventory,True,True,37,34,128.8777698382652,37.71622341645464,7,2,40,35,0.562701,0.383877,2025-05-27,2025-06-03,8,안목-안목커피거리,6
2025,42002005,104-1,강릉-동진버스,True,4200817,성황당,BIS inventory,True,True,38,35,128.87341590911527,37.71242819076422,8,0,36,,0.643087,0.0,2025-05-27,2025-06-03,8,안목-안목커피거리,7
2025,42002005,104-1,강릉-동진버스,True,4200820,구정마을회관,BIS inventory,True,True,39,36,128.87139646095704,37.71008533483099,26,4,13,25,2.090032,0.767754,2025-05-27,2025-06-03,8,안목-안목커피거리,8
2025,42002005,104-1,강릉-동진버스,True,4200823,솔향수목원입구,BIS inventory,True,True,40,37,128.86937194102438,37.70931046077696,18,0,18,,1.446945,0.0,2025-05-27,2025-06-03,8,안목-안목커피거리,8
2025,42002005,104-1,강릉-동진버스,True,4200826,제비리,BIS inventory,True,True,44,41,128.85827155633717,37.70524685021708,1,0,63,,0.080386,0.0,2025-05-27,2025-06-03,8,안목-안목커피거리,1
2025,42002005,104-1,강릉-동진버스,True,4200828,신광사입구,BIS inventory,True,True,45,42,128.85959135500886,37.70844237993537,8,2,36,35,0.643087,0.383877,2025-05-27,2025-06-03,8,안목-안목커피거리,4
2025,42002005,104-1,강릉-동진버스,True,4200829,신광사입구,BIS inventory,True,True,43,40,128.85953628339269,37.70852190735515,1,0,63,,0.080386,0.0,2025-05-27,2025-06-03,8,안목-안목커피거리,1
2025,42002005,104-1,강릉-동진버스,True,4200830,등고비,BIS inventory,True,True,48,45,128.86171284130654,37.716127363746615,5,1,47,48,0.401929,0.191939,2025-05-27,2025-06-03,8,안목-안목커피거리,5
2025,42002005,104-1,강릉-동진버스,True,4200832,제비1리마을회관,BIS inventory,True,True,49,46,128.8621891338796,37.71968864008052,5,0,47,,0.401929,0.0,2025-05-27,2025-06-03,8,안목-안목커피거리,4
2025,42002005,104-1,강릉-동진버스,True,4200834,개화대,BIS inventory,True,True,50,47,128.8608572684192,37.723176690790936,13,0,25,,1.045016,0.0,2025-05-27,2025-06-03,8,안목-안목커피거리,4
2025,42002005,104-1,강릉-동진버스,True,4200836,강원예술고교,BIS inventory,True,True,51,48,128.8616868324728,37.72543906074348,4,0,53,,0.321543,0.0,2025-05-27,2025-06-03,8,안목-안목커피거리,4
2025,42002005,104-1,강릉-동진버스,True,4200838,제비리정미소,BIS inventory,True,True,52,49,128.85946417278979,37.72991051863758,5,2,47,35,0.401929,0.383877,2025-05-27,2025-06-03,8,안목-안목커피거리,5
2025,42002005,104-1,강릉-동진버스,True,4200840,강일운수(회산한신더휴아파트),BIS inventory,True,True,53,50,128.8635961632995,37.73687831617277,11,1,28,48,0.884244,0.191939,2025-05-27,2025-06-03,8,안목-안목커피거리,5
2025,42002005,104-1,강릉-동진버스,True,4200843,서희아파트,BIS inventory,True,True,54,51,128.86634677134685,37.73976016715972,30,1,11,48,2.411576,0.191939,2025-05-27,2025-06-03,8,안목-안목커피거리,8
2025,42002005,104-1,강릉-동진버스,True,4200844,회산교,BIS inventory,True,True,55,52,128.86938257728545,37.741799533605175,5,0,47,,0.401929,0.0,2025-05-27,2025-06-03,8,안목-안목커피거리,4
2025,42002005,104-1,강릉-동진버스,True,4200846,회산주공1단지,BIS inventory,True,True,57,54,128.87934233274848,37.74463886683866,12,1,26,48,0.96463,0.191939,2025-05-27,2025-06-03,8,안목-안목커피거리,6
2025,42002005,104-1,강릉-동진버스,True,4200848,내곡현대아파트,BIS inventory,True,True,59,56,128.8834148503297,37.74546973753321,10,0,31,,0.803859,0.0,2025-05-27,2025-06-03,8,안목-안목커피거리,6
2025,42002005,104-1,강릉-동진버스,True,4200850,강릉의료원,BIS inventory,True,True,25,22,128.88880799404643,37.748819708567,1,9,63,11,0.080386,1.727447,2025-05-27,2025-06-03,8,안목-안목커피거리,6
2025,42002005,104-1,강릉-동진버스,True,4200851,강릉의료원,BIS inventory,True,True,61,58,128.89091430945297,37.74975576653371,9,10,33,9,0.723473,1.919386,2025-05-27,2025-06-03,8,안목-안목커피거리,7
2025,42002005,104-1,강릉-동진버스,True,4200852,강릉대도호부관아,BIS inventory,True,True,24,21,128.8916610029413,37.75117323796815,19,4,17,25,1.527331,0.767754,2025-05-27,2025-06-03,8,안목-안목커피거리,7
2025,42002005,104-1,강릉-동진버스,True,4200853,강릉대도호부관아,BIS inventory,True,True,62,59,128.89234522879923,37.75163825691615,4,13,53,7,0.321543,2.495202,2025-05-27,2025-06-03,8,안목-안목커피거리,7
2025,42002005,104-1,강릉-동진버스,True,4200870,윗회산,BIS inventory,True,True,47,44,128.8624600126061,37.71152374867891,5,0,47,,0.401929,0.0,2025-05-27,2025-06-03,8,안목-안목커피거리,4
2025,42002005,104-1,강릉-동진버스,True,4201043,안목,BIS inventory,True,True,1,0,128.94526892930932,37.77285146151794,55,0,5,,4.421222,0.0,2025-05-27,2025-06-03,8,안목-안목커피거리,8
2025,42002005,104-1,강릉-동진버스,True,4201044,안목커피거리,BIS inventory,True,True,83,78,128.94543559396536,37.77260342997581,6,21,44,5,0.482315,4.03071,2025-05-27,2025-06-03,8,안목-안목커피거리,4
2025,42002005,104-1,강릉-동진버스,True,4201208,내곡한라아파트,BIS inventory,True,True,58,55,128.88109989979574,37.744994216797494,11,2,28,35,0.884244,0.383877,2025-05-27,2025-06-03,8,안목-안목커피거리,6
2025,42002005,104-1,강릉-동진버스,True,4201220,포남2주공입구,BIS inventory,True,True,11,8,128.9179885478381,37.77901498558293,9,0,33,,0.723473,0.0,2025-05-27,2025-06-03,8,안목-안목커피거리,6
2025,42002005,104-1,강릉-동진버스,True,4201233,초당분수공원,BIS inventory,True,True,8,5,128.9221385517862,37.785996929695614,15,2,19,35,1.205788,0.383877,2025-05-27,2025-06-03,8,안목-안목커피거리,5
2025,42002005,104-1,강릉-동진버스,True,4201234,초당분수공원,BIS inventory,True,True,76,73,128.92421540479356,37.78614360918137,0,3,,30,0.0,0.575816,2025-05-27,2025-06-03,8,안목-안목커피거리,2
2025,42002005,104-1,강릉-동진버스,True,4201236,포남2주공입구,BIS inventory,True,True,73,70,128.91810027987142,37.77873395771816,2,4,56,25,0.160772,0.767754,2025-05-27,2025-06-03,8,안목-안목커피거리,3
2025,42002006,104-2,강릉-동진버스,True,4200001,내곡교,BIS inventory,True,True,26,23,128.88717490623026,37.74653766880734,9,8,34,13,0.753769,1.663202,2025-05-27,2025-06-03,8,안목-안목커피거리,6
2025,42002006,104-2,강릉-동진버스,True,4200051,송정래미안,BIS inventory,True,True,79,75,128.93021609974548,37.78282723196739,0,3,,31,0.0,0.623701,2025-05-27,2025-06-03,8,안목-안목커피거리,2
2025,42002006,104-2,강릉-동진버스,True,4200052,송정래미안,BIS inventory,True,True,6,4,128.93038982126572,37.78292573478735,5,0,46,,0.41876,0.0,2025-05-27,2025-06-03,8,안목-안목커피거리,3
2025,42002006,104-2,강릉-동진버스,True,4200053,오성학교,BIS inventory,True,True,5,3,128.93312248716418,37.77978287851338,10,0,27,,0.837521,0.0,2025-05-27,2025-06-03,8,안목-안목커피거리,5
2025,42002006,104-2,강릉-동진버스,True,4200054,삼익아파트,BIS inventory,True,True,80,76,128.93336344346523,37.7794509217129,0,4,,23,0.0,0.831601,2025-05-27,2025-06-03,8,안목-안목커피거리,4
2025,42002006,104-2,강릉-동진버스,True,4200055,해당화연립,BIS inventory,True,True,4,2,128.93501598562065,37.778964657496246,17,0,15,,1.423786,0.0,2025-05-27,2025-06-03,8,안목-안목커피거리,7
2025,42002006,104-2,강릉-동진버스,True,4200056,해당화연립,BIS inventory,True,True,81,77,128.9356053065312,37.7785328972295,0,2,,38,0.0,0.4158,2025-05-27,2025-06-03,8,안목-안목커피거리,2
2025,42002006,104-2,강릉-동진버스,True,4200065,보건소,BIS inventory,True,True,59,56,128.8829859719751,37.74393637256719,52,1,4,46,4.355109,0.2079,2025-05-27,2025-06-03,8,안목-안목커피거리,8
2025,42002006,104-2,강릉-동진버스,True,4200094,강릉여고,BIS inventory,True,True,65,62,128.90248424479844,37.75904463050879,7,7,36,15,0.586265,1.455301,2025-05-27,2025-06-03,8,안목-안목커피거리,5
2025,42002006,104-2,강릉-동진버스,True,4200095,한국자산관리공사,BIS inventory,True,True,21,18,128.90111921880606,37.75827929877246,13,6,22,18,1.088777,1.247401,2025-05-27,2025-06-03,8,안목-안목커피거리,7
2025,42002006,104-2,강릉-동진버스,True,4200101,강릉고입구,BIS inventory,True,True,9,6,128.92013482012848,37.783607089094346,12,0,24,,1.005025,0.0,2025-05-27,2025-06-03,8,안목-안목커피거리,6
2025,42002006,104-2,강릉-동진버스,True,4200102,강릉고입구,BIS inventory,True,True,76,73,128.92044843215433,37.78352944320342,0,10,,9,0.0,2.079002,2025-05-27,2025-06-03,8,안목-안목커피거리,4
2025,42002006,104-2,강릉-동진버스,True,4200103,경포고교,BIS inventory,True,True,75,72,128.9190546436117,37.78057981084284,0,3,,31,0.0,0.623701,2025-05-27,2025-06-03,8,안목-안목커피거리,2
2025,42002006,104-2,강릉-동진버스,True,4200104,동명중학교,BIS inventory,True,True,12,9,128.91637238303827,37.777185998905715,5,0,46,,0.41876,0.0,2025-05-27,2025-06-03,8,안목-안목커피거리,2
2025,42002006,104-2,강릉-동진버스,True,4200105,동명중학교,BIS inventory,True,True,73,70,128.9161008666347,37.77658681943468,17,1,15,46,1.423786,0.2079,2025-05-27,2025-06-03,8,안목-안목커피거리,4
2025,42002006,104-2,강릉-동진버스,True,4200106,KT,BIS inventory,True,True,14,11,128.91181164590185,37.77275858732733,37,4,10,23,3.098827,0.831601,2025-05-27,2025-06-03,8,안목-안목커피거리,8
2025,42002006,104-2,강릉-동진버스,True,4200107,KT,BIS inventory,True,True,71,68,128.9125052185983,37.77309475265464,7,15,36,5,0.586265,3.118503,2025-05-27,2025-06-03,8,안목-안목커피거리,8
2025,42002006,104-2,강릉-동진버스,True,4200108,동인병원입구,BIS inventory,True,True,15,12,128.90953558421478,37.77125258486367,18,3,13,31,1.507538,0.623701,2025-05-27,2025-06-03,8,안목-안목커피거리,6
2025,42002006,104-2,강릉-동진버스,True,4200109,동인병원입구,BIS inventory,True,True,70,67,128.9094857690125,37.77102450992961,2,4,55,23,0.167504,0.831601,2025-05-27,2025-06-03,8,안목-안목커피거리,6
2025,42002006,104-2,강릉-동진버스,True,4200110,하슬라중,BIS inventory,True,True,16,13,128.90715554439282,37.77053362559672,7,4,36,23,0.586265,0.831601,2025-05-27,2025-06-03,8,안목-안목커피거리,5
2025,42002006,104-2,강릉-동진버스,True,4200111,하슬라중,BIS inventory,True,True,69,66,128.90761293140218,37.77043125987649,18,7,13,15,1.507538,1.455301,2025-05-27,2025-06-03,8,안목-안목커피거리,6
2025,42002006,104-2,강릉-동진버스,True,4200112,강릉관광개발공사,BIS inventory,True,True,17,14,128.9085231695166,37.76800046518587,2,1,55,46,0.167504,0.2079,2025-05-27,2025-06-03,8,안목-안목커피거리,3
2025,42002006,104-2,강릉-동진버스,True,4200113,강릉관광개발공사,BIS inventory,True,True,68,65,128.90865897771857,37.76820323697218,0,11,,7,0.0,2.286902,2025-05-27,2025-06-03,8,안목-안목커피거리,4
2025,42002006,104-2,강릉-동진버스,True,4200251,한국은행,BIS inventory,True,True,23,20,128.89406630781096,37.753485602290496,41,10,9,9,3.433836,2.079002,2025-05-27,2025-06-03,8,안목-안목커피거리,8
2025,42002006,104-2,강릉-동진버스,True,4200252,신영극장,BIS inventory,True,True,64,61,128.8961287589657,37.75448236011555,189,107,2,1,15.829146,22.245322,2025-05-27,2025-06-03,8,안목-안목커피거리,8
2025,42002006,104-2,강릉-동진버스,True,4200253,교보생명,BIS inventory,True,True,22,19,128.89811415297848,37.756002485379526,192,91,1,2,16.080402,18.918919,2025-05-27,2025-06-03,8,안목-안목커피거리,8
2025,42002006,104-2,강릉-동진버스,True,4200258,용지각,BIS inventory,True,True,66,63,128.90534669055177,37.76147384168322,6,8,40,13,0.502513,1.663202,2025-05-27,2025-06-03,8,안목-안목커피거리,6
2025,42002006,104-2,강릉-동진버스,True,4200259,용지각,BIS inventory,True,True,20,17,128.90537716328666,37.76184119439877,17,2,15,38,1.423786,0.4158,2025-05-27,2025-06-03,8,안목-안목커피거리,6
2025,42002006,104-2,강릉-동진버스,True,4200260,동남아파트,BIS inventory,True,True,67,64,128.9088062489658,37.764638779656714,10,10,27,9,0.837521,2.079002,2025-05-27,2025-06-03,8,안목-안목커피거리,8
2025,42002006,104-2,강릉-동진버스,True,4200262,로얄아파트.포남1동주민센터,BIS inventory,True,True,18,15,128.90933288179943,37.76545703763149,11,4,25,23,0.921273,0.831601,2025-05-27,2025-06-03,8,안목-안목커피거리,5
2025,42002006,104-2,강릉-동진버스,True,4200279,신도브래뉴,BIS inventory,True,True,82,78,128.93862914925478,37.77730338810464,0,2,,38,0.0,0.4158,2025-05-27,2025-06-03,8,안목-안목커피거리,1
2025,42002006,104-2,강릉-동진버스,True,4200280,송정해변,BIS inventory,True,True,3,1,128.9381119893655,37.77768849372205,4,0,49,,0.335008,0.0,2025-05-27,2025-06-03,8,안목-안목커피거리,3
2025,42002006,104-2,강릉-동진버스,True,4200284,진골,BIS inventory,True,True,45,42,128.86337243060487,37.70683089545619,1,0,60,,0.083752,0.0,2025-05-27,2025-06-03,8,안목-안목커피거리,1
2025,42002006,104-2,강릉-동진버스,True,4200288,경포고교,BIS inventory,True,True,10,7,128.91881546540267,37.78075927662396,13,0,22,,1.088777,0.0,2025-05-27,2025-06-03,8,안목-안목커피거리,6
2025,42002006,104-2,강릉-동진버스,True,4200289,한솔초교,BIS inventory,True,True,13,10,128.9142086436632,37.775058134113436,8,3,35,31,0.670017,0.623701,2025-05-27,2025-06-03,8,안목-안목커피거리,5
2025,42002006,104-2,강릉-동진버스,True,4200290,한솔초교,BIS inventory,True,True,72,69,128.91448068318238,37.77500059793141,6,5,40,20,0.502513,1.039501,2025-05-27,2025-06-03,8,안목-안목커피거리,5
2025,42002006,104-2,강릉-동진버스,True,4200318,포남시장,BIS inventory,True,True,19,16,128.90766061502285,37.76392281820552,11,2,25,38,0.921273,0.4158,2025-05-27,2025-06-03,8,안목-안목커피거리,7
2025,42002006,104-2,강릉-동진버스,True,4200357,내곡교,BIS inventory,True,True,61,58,128.88814500034871,37.745625057468914,42,4,8,23,3.517588,0.831601,2025-05-27,2025-06-03,8,안목-안목커피거리,8
2025,42002006,104-2,강릉-동진버스,True,4200358,삼창그린맨션,BIS inventory,True,True,60,57,128.88749893563826,37.744743384730015,6,2,40,38,0.502513,0.4158,2025-05-27,2025-06-03,8,안목-안목커피거리,6
2025,42002006,104-2,강릉-동진버스,True,4200359,하나로마트내곡점,BIS inventory,True,True,58,55,128.88026417146904,37.7410809708167,55,5,3,20,4.606365,1.039501,2025-05-27,2025-06-03,8,안목-안목커피거리,8
2025,42002006,104-2,강릉-동진버스,True,4200366,내곡한라아파트,BIS inventory,True,True,28,25,128.88110089995297,37.74513149140333,2,3,55,31,0.167504,0.623701,2025-05-27,2025-06-03,8,안목-안목커피거리,3
2025,42002006,104-2,강릉-동진버스,True,4200758,회산주공2단지,BIS inventory,True,True,30,27,128.8755135006868,37.7435978056025,2,9,55,12,0.167504,1.871102,2025-05-27,2025-06-03,8,안목-안목커피거리,5
2025,42002006,104-2,강릉-동진버스,True,4200802,기산아파트,BIS inventory,True,True,56,53,128.87993356966643,37.73422591779592,20,0,12,,1.675042,0.0,2025-05-27,2025-06-03,8,안목-안목커피거리,7
2025,42002006,104-2,강릉-동진버스,True,4200804,농협창고,BIS inventory,True,True,55,52,128.87906447230628,37.732212820532425,6,1,40,46,0.502513,0.2079,2025-05-27,2025-06-03,8,안목-안목커피거리,6
2025,42002006,104-2,강릉-동진버스,True,4200806,프라자약국,BIS inventory,True,True,54,51,128.87901214606964,37.728760157474696,10,1,27,46,0.837521,0.2079,2025-05-27,2025-06-03,8,안목-안목커피거리,6
2025,42002006,104-2,강릉-동진버스,True,4200808,자조와리,BIS inventory,True,True,53,50,128.8787893136159,37.726283262247435,14,1,21,46,1.172529,0.2079,2025-05-27,2025-06-03,8,안목-안목커피거리,6
2025,42002006,104-2,강릉-동진버스,True,4200810,문화마을,BIS inventory,True,True,52,49,128.88042620487306,37.72295333667196,15,4,18,23,1.256281,0.831601,2025-05-27,2025-06-03,8,안목-안목커피거리,7
2025,42002006,104-2,강릉-동진버스,True,4200812,구정보건지소,BIS inventory,True,True,51,48,128.88246310473926,37.72030864287925,15,0,18,,1.256281,0.0,2025-05-27,2025-06-03,8,안목-안목커피거리,8
2025,42002006,104-2,강릉-동진버스,True,4200814,구정면사무소,BIS inventory,True,True,50,47,128.88002787863965,37.71794143004597,15,1,18,46,1.256281,0.2079,2025-05-27,2025-06-03,8,안목-안목커피거리,6
2025,42002006,104-2,강릉-동진버스,True,4200816,오뚜기물류서비스,BIS inventory,True,True,49,46,128.87782869819907,37.71615014292806,10,6,27,18,0.837521,1.247401,2025-05-27,2025-06-03,8,안목-안목커피거리,7
2025,42002006,104-2,강릉-동진버스,True,4200818,성황당,BIS inventory,True,True,48,45,128.8735164959862,37.712407011021696,5,0,46,,0.41876,0.0,2025-05-27,2025-06-03,8,안목-안목커피거리,4
2025,42002006,104-2,강릉-동진버스,True,4200821,구정마을회관,BIS inventory,True,True,47,44,128.87144937425245,37.71002947764621,47,1,6,46,3.936348,0.2079,2025-05-27,2025-06-03,8,안목-안목커피거리,8
2025,42002006,104-2,강릉-동진버스,True,4200822,솔향수목원입구,BIS inventory,True,True,46,43,128.8693376080556,37.70921581710481,7,2,36,38,0.586265,0.4158,2025-05-27,2025-06-03,8,안목-안목커피거리,4
2025,42002006,104-2,강릉-동진버스,True,4200826,제비리,BIS inventory,True,True,42,39,128.85827155633717,37.70524685021708,2,0,55,,0.167504,0.0,2025-05-27,2025-06-03,8,안목-안목커피거리,1
2025,42002006,104-2,강릉-동진버스,True,4200828,신광사입구,BIS inventory,True,True,43,40,128.85959135500886,37.70844237993537,1,0,60,,0.083752,0.0,2025-05-27,2025-06-03,8,안목-안목커피거리,1
2025,42002006,104-2,강릉-동진버스,True,4200831,등고비,BIS inventory,True,True,38,35,128.8616371241439,37.71615919045265,3,0,51,,0.251256,0.0,2025-05-27,2025-06-03,8,안목-안목커피거리,1
2025,42002006,104-2,강릉-동진버스,True,4200833,제비1리마을회관,BIS inventory,True,True,37,34,128.8620977553537,37.71966811408695,3,0,51,,0.251256,0.0,2025-05-27,2025-06-03,8,안목-안목커피거리,3
2025,42002006,104-2,강릉-동진버스,True,4200835,개화대,BIS inventory,True,True,36,33,128.8607659459164,37.72312828112019,6,0,40,,0.502513,0.0,2025-05-27,2025-06-03,8,안목-안목커피거리,4
2025,42002006,104-2,강릉-동진버스,True,4200839,제비리정미소,BIS inventory,True,True,34,31,128.8594036715264,37.72987082372568,3,1,51,46,0.251256,0.2079,2025-05-27,2025-06-03,8,안목-안목커피거리,2
2025,42002006,104-2,강릉-동진버스,True,4200841,강일운수(회산한신더휴아파트),BIS inventory,True,True,33,30,128.86326996430768,37.736857601908014,0,3,,31,0.0,0.623701,2025-05-27,2025-06-03,8,안목-안목커피거리,2
2025,42002006,104-2,강릉-동진버스,True,4200842,서희아파트,BIS inventory,True,True,32,29,128.86542964738,37.739494273568006,3,7,51,15,0.251256,1.455301,2025-05-27,2025-06-03,8,안목-안목커피거리,5
2025,42002006,104-2,강릉-동진버스,True,4200845,회산교,BIS inventory,True,True,31,28,128.86893532851613,37.74168123777201,0,5,,20,0.0,1.039501,2025-05-27,2025-06-03,8,안목-안목커피거리,4
2025,42002006,104-2,강릉-동진버스,True,4200847,회산주공1단지,BIS inventory,True,True,29,26,128.87955033053632,37.744879735537495,1,2,60,38,0.083752,0.4158,2025-05-27,2025-06-03,8,안목-안목커피거리,3
2025,42002006,104-2,강릉-동진버스,True,4200849,내곡현대아파트,BIS inventory,True,True,27,24,128.88327994384045,37.74557191636756,10,3,27,31,0.837521,0.623701,2025-05-27,2025-06-03,8,안목-안목커피거리,5
2025,42002006,104-2,강릉-동진버스,True,4200850,강릉의료원,BIS inventory,True,True,25,22,128.88880799404643,37.748819708567,4,0,49,,0.335008,0.0,2025-05-27,2025-06-03,8,안목-안목커피거리,3
2025,42002006,104-2,강릉-동진버스,True,4200851,강릉의료원,BIS inventory,True,True,62,59,128.89091430945297,37.74975576653371,22,14,11,6,1.842546,2.910603,2025-05-27,2025-06-03,8,안목-안목커피거리,7
2025,42002006,104-2,강릉-동진버스,True,4200852,강릉대도호부관아,BIS inventory,True,True,24,21,128.8916610029413,37.75117323796815,44,4,7,23,3.685092,0.831601,2025-05-27,2025-06-03,8,안목-안목커피거리,6
2025,42002006,104-2,강릉-동진버스,True,4200853,강릉대도호부관아,BIS inventory,True,True,63,60,128.89234522879923,37.75163825691615,10,19,27,4,0.837521,3.950104,2025-05-27,2025-06-03,8,안목-안목커피거리,8
2025,42002006,104-2,강릉-동진버스,True,4201043,안목,BIS inventory,True,True,1,0,128.94526892930932,37.77285146151794,48,0,5,,4.020101,0.0,2025-05-27,2025-06-03,8,안목-안목커피거리,8
2025,42002006,104-2,강릉-동진버스,True,4201044,안목커피거리,BIS inventory,True,True,84,79,128.94543559396536,37.77260342997581,0,32,,3,0.0,6.652807,2025-05-27,2025-06-03,8,안목-안목커피거리,8
2025,42002006,104-2,강릉-동진버스,True,4201220,포남2주공입구,BIS inventory,True,True,11,8,128.9179885478381,37.77901498558293,6,0,40,,0.502513,0.0,2025-05-27,2025-06-03,8,안목-안목커피거리,3
2025,42002006,104-2,강릉-동진버스,True,4201233,초당분수공원,BIS inventory,True,True,8,5,128.9221385517862,37.785996929695614,10,0,27,,0.837521,0.0,2025-05-27,2025-06-03,8,안목-안목커피거리,6
2025,42002006,104-2,강릉-동진버스,True,4201234,초당분수공원,BIS inventory,True,True,77,74,128.92421540479356,37.78614360918137,0,11,,7,0.0,2.286902,2025-05-27,2025-06-03,8,안목-안목커피거리,5
2025,42002006,104-2,강릉-동진버스,True,4201236,포남2주공입구,BIS inventory,True,True,74,71,128.91810027987142,37.77873395771816,0,2,,38,0.0,0.4158,2025-05-27,2025-06-03,8,안목-안목커피거리,1
2025,42002010,110,강릉-동진버스,True,4200016,강동종합복지회관,BIS inventory,True,True,15,14,128.9534097899608,37.72765187744945,15,4,11,11,1.382488,1.346801,2025-05-27,2025-06-03,8,강릉역건너편-강릉역,8
2025,42002010,110,강릉-동진버스,True,4200034,현내리,BIS inventory,True,True,8,7,129.03644185085787,37.61785851158642,0,4,,11,0.0,1.346801,2025-05-27,2025-06-03,8,강릉역건너편-강릉역,4
2025,42002010,110,강릉-동진버스,True,4200046,현내리,BIS inventory,True,True,13,12,129.03655884799974,37.617883796095704,2,1,15,16,0.184332,0.3367,2025-05-27,2025-06-03,8,강릉역건너편-강릉역,2
2025,42002010,110,강릉-동진버스,True,4200094,강릉여고,BIS inventory,True,True,19,18,128.90248424479844,37.75904463050879,6,16,13,3,0.552995,5.387205,2025-05-27,2025-06-03,8,강릉역건너편-강릉역,7
2025,42002010,110,강릉-동진버스,True,4200095,한국자산관리공사,BIS inventory,True,True,2,1,128.90111921880606,37.75827929877246,18,0,8,,1.658986,0.0,2025-05-27,2025-06-03,8,강릉역건너편-강릉역,7
2025,42002010,110,강릉-동진버스,True,4200293,강릉역건너편,BIS inventory,True,True,1,0,128.8990669694857,37.76400772021464,44,1,5,16,4.0553,0.3367,2025-05-27,2025-06-03,8,강릉역건너편-강릉역,8
2025,42002010,110,강릉-동진버스,True,4200721,강릉역,BIS inventory,True,True,20,19,128.8992580056024,37.76416330670135,17,16,9,3,1.56682,5.387205,2025-05-27,2025-06-03,8,강릉역건너편-강릉역,8
2025,42002010,110,강릉-동진버스,True,4201094,낙풍리입구,BIS inventory,True,True,7,6,129.03474260887603,37.62332181243499,1,5,17,10,0.092166,1.683502,2025-05-27,2025-06-03,8,강릉역건너편-강릉역,4
2025,42002010,110,강릉-동진버스,True,4201095,낙풍리입구,BIS inventory,True,True,14,13,129.03490564391961,37.623384805058976,56,10,4,5,5.16129,3.367003,2025-05-27,2025-06-03,8,강릉역건너편-강릉역,8
2025,42002010,110,강릉-동진버스,True,4201177,강동면사무소,BIS inventory,True,True,6,5,128.9546118972993,37.72728097155823,2,3,15,14,0.184332,1.010101,2025-05-27,2025-06-03,8,강릉역건너편-강릉역,5
2025,42002010,110,강릉-동진버스,True,4201192,더샵아파트후문,BIS inventory,True,True,16,15,128.90917534552304,37.74798409080578,13,4,12,11,1.198157,1.346801,2025-05-27,2025-06-03,8,강릉역건너편-강릉역,7
2025,42002010,110,강릉-동진버스,True,4201193,병무청,BIS inventory,True,True,5,4,128.90845061267927,37.74811821805219,17,6,9,9,1.56682,2.020202,2025-05-27,2025-06-03,8,강릉역건너편-강릉역,8
2025,42002010,110,강릉-동진버스,True,4201196,강릉중입구,BIS inventory,True,True,17,16,128.90469921141985,37.752586496675974,0,2,,15,0.0,0.673401,2025-05-27,2025-06-03,8,강릉역건너편-강릉역,2
2025,42002010,110,강릉-동진버스,True,4201197,강릉중입구,BIS inventory,True,True,4,3,128.9042740269736,37.752586182446684,95,1,3,16,8.75576,0.3367,2025-05-27,2025-06-03,8,강릉역건너편-강릉역,8
2025,42002010,110,강릉-동진버스,True,4201198,남대천.강릉교,BIS inventory,True,True,18,17,128.9010015999516,37.75454267936518,6,116,13,1,0.552995,39.057239,2025-05-27,2025-06-03,8,강릉역건너편-강릉역,8
2025,42002010,110,강릉-동진버스,True,4201199,남대천.강릉교,BIS inventory,True,True,3,2,128.9010687000649,37.75417893755025,315,10,2,5,29.032258,3.367003,2025-05-27,2025-06-03,8,강릉역건너편-강릉역,8
2025,42002010,110,강릉-동진버스,True,4202022,옥계현내시장,BIS inventory,True,True,11,10,129.03523947374634,37.60889735545031,424,9,1,8,39.078341,3.030303,2025-05-27,2025-06-03,8,강릉역건너편-강릉역,8
2025,42002010,110,강릉-동진버스,True,4202032,옥계현내시장,BIS inventory,True,True,10,9,129.03512810350702,37.608949806593664,25,79,7,2,2.304147,26.599327,2025-05-27,2025-06-03,8,강릉역건너편-강릉역,8
2025,42002010,110,강릉-동진버스,True,4202042,옥계면사무소,BIS inventory,True,True,12,11,129.03870359107486,37.61225376052538,28,0,6,,2.580645,0.0,2025-05-27,2025-06-03,8,강릉역건너편-강릉역,8
2025,42002010,110,강릉-동진버스,True,4202052,옥계면사무소,BIS inventory,True,True,9,8,129.03863134955023,37.61234830848836,1,10,17,5,0.092166,3.367003,2025-05-27,2025-06-03,8,강릉역건너편-강릉역,7
2025,42002013,112,강릉-동진버스,True,4200016,강동종합복지회관,BIS inventory,True,True,56,55,128.9534097899608,37.72765187744945,39,13,14,17,1.823282,1.132404,2025-05-27,2025-06-03,8,차고지대기(미정-차고지대기(미정,8
2025,42002013,112,강릉-동진버스,True,4200024,까치골,BIS inventory,True,True,36,35,129.02541919838254,37.69553819595472,0,4,,34,0.0,0.348432,2025-05-27,2025-06-03,8,차고지대기(미정-차고지대기(미정,2
2025,42002013,112,강릉-동진버스,True,4200026,강동종합복지회관,BIS inventory,True,True,23,22,128.95225785335822,37.72821012800672,0,3,,35,0.0,0.261324,2025-05-27,2025-06-03,8,차고지대기(미정-차고지대기(미정,3
2025,42002013,112,강릉-동진버스,True,4200042,롯데캐슬아파트,BIS inventory,True,True,8,7,128.89120929799194,37.766948306391974,29,11,17,21,1.355774,0.958188,2025-05-27,2025-06-03,8,차고지대기(미정-차고지대기(미정,8
2025,42002013,112,강릉-동진버스,True,4200044,차고지대기(미정차),BIS inventory,True,True,1 | 71,70,128.93316603832002,37.76938974153612,2,0,48,,0.093502,0.0,2025-05-27,2025-06-03,8,차고지대기(미정-차고지대기(미정,1
2025,42002013,112,강릉-동진버스,True,4200094,강릉여고,BIS inventory,True,True,67,66,128.90248424479844,37.75904463050879,4,85,40,3,0.187003,7.404181,2025-05-27,2025-06-03,8,차고지대기(미정-차고지대기(미정,8
2025,42002013,112,강릉-동진버스,True,4200095,한국자산관리공사,BIS inventory,True,True,12,11,128.90111921880606,37.75827929877246,44,14,11,16,2.057036,1.219512,2025-05-27,2025-06-03,8,차고지대기(미정-차고지대기(미정,8
2025,42002013,112,강릉-동진버스,True,4200113,강릉관광개발공사,BIS inventory,True,True,3,2,128.90865897771857,37.76820323697218,2,0,48,,0.093502,0.0,2025-05-27,2025-06-03,8,차고지대기(미정-차고지대기(미정,1
2025,42002013,112,강릉-동진버스,True,4200256,옥천119안전센터,BIS inventory,True,True,11,10,128.9022376115818,37.76136928474395,8,3,33,35,0.374007,0.261324,2025-05-27,2025-06-03,8,차고지대기(미정-차고지대기(미정,4
2025,42002013,112,강릉-동진버스,True,4200258,용지각,BIS inventory,True,True,68,67,128.90534669055177,37.76147384168322,3,23,44,12,0.140252,2.003484,2025-05-27,2025-06-03,8,차고지대기(미정-차고지대기(미정,8
2025,42002013,112,강릉-동진버스,True,4200260,동남아파트,BIS inventory,True,True,69,68,128.9088062489658,37.764638779656714,2,34,48,8,0.093502,2.961672,2025-05-27,2025-06-03,8,차고지대기(미정-차고지대기(미정,8
2025,42002013,112,강릉-동진버스,True,4200293,강릉역건너편,BIS inventory,True,True,10,9,128.8990669694857,37.76400772021464,145,10,4,25,6.778869,0.87108,2025-05-27,2025-06-03,8,차고지대기(미정-차고지대기(미정,8
2025,42002013,112,강릉-동진버스,True,4200542,강릉MBC,BIS inventory,True,True,4,3,128.90392601394964,37.77039013888439,18,1,22,47,0.841515,0.087108,2025-05-27,2025-06-03,8,차고지대기(미정-차고지대기(미정,8
2025,42002013,112,강릉-동진버스,True,4200544,종합경기장입구,BIS inventory,True,True,6,5,128.89740621946726,37.770531883728914,13,2,29,39,0.607761,0.174216,2025-05-27,2025-06-03,8,차고지대기(미정-차고지대기(미정,6
2025,42002013,112,강릉-동진버스,True,4200546,e-편한세상아파트,BIS inventory,True,True,7,6,128.89508217030252,37.76981271024109,24,2,20,39,1.12202,0.174216,2025-05-27,2025-06-03,8,차고지대기(미정-차고지대기(미정,8
2025,42002013,112,강릉-동진버스,True,4201072,모전삼거리,BIS inventory,True,True,25,24,128.96457294836412,37.72564861436484,0,11,,21,0.0,0.958188,2025-05-27,2025-06-03,8,차고지대기(미정-차고지대기(미정,6
2025,42002013,112,강릉-동진버스,True,4201073,모전삼거리,BIS inventory,True,True,55,54,128.96506056244797,37.72569325398637,34,1,15,47,1.589528,0.087108,2025-05-27,2025-06-03,8,차고지대기(미정-차고지대기(미정,8
2025,42002013,112,강릉-동진버스,True,4201121,모래시계공원,BIS inventory,True,True,40,39,129.03719508337943,37.68592446993947,261,54,2,4,12.201964,4.703833,2025-05-27,2025-06-03,8,차고지대기(미정-차고지대기(미정,8
2025,42002013,112,강릉-동진버스,True,4201123,정동초등학교,BIS inventory,True,True,41,40,129.03393804786398,37.68800336105405,45,0,9,,2.103787,0.0,2025-05-27,2025-06-03,8,차고지대기(미정-차고지대기(미정,8
2025,42002013,112,강릉-동진버스,True,4201124,정동초등학교,BIS inventory,True,True,39,38,129.03365499665549,37.68789867201399,0,24,,11,0.0,2.090592,2025-05-27,2025-06-03,8,차고지대기(미정-차고지대기(미정,5
2025,42002013,112,강릉-동진버스,True,4201125,정동교,BIS inventory,True,True,42,41,129.0324614525895,37.688438171101524,56,1,8,47,2.618046,0.087108,2025-05-27,2025-06-03,8,차고지대기(미정-차고지대기(미정,8
2025,42002013,112,강릉-동진버스,True,4201126,정동교,BIS inventory,True,True,38,37,129.03237659003923,37.68846940398579,0,13,,17,0.0,1.132404,2025-05-27,2025-06-03,8,차고지대기(미정-차고지대기(미정,7
2025,42002013,112,강릉-동진버스,True,4201127,정동진역,BIS inventory,True,True,43,42,129.03224964663548,37.690253441678834,157,7,3,27,7.339878,0.609756,2025-05-27,2025-06-03,8,차고지대기(미정-차고지대기(미정,8
2025,42002013,112,강릉-동진버스,True,4201128,정동진역,BIS inventory,True,True,37,36,129.0319921573861,37.69035571739087,2,104,48,2,0.093502,9.059233,2025-05-27,2025-06-03,8,차고지대기(미정-차고지대기(미정,8
2025,42002013,112,강릉-동진버스,True,4201129,등명해변,BIS inventory,True,True,35,34,129.01625265982383,37.701980786481954,17,12,23,20,0.794764,1.045296,2025-05-27,2025-06-03,8,차고지대기(미정-차고지대기(미정,7
2025,42002013,112,강릉-동진버스,True,4201130,등명해변,BIS inventory,True,True,45,44,129.015876711037,37.70233040602598,34,7,15,27,1.589528,0.609756,2025-05-27,2025-06-03,8,차고지대기(미정-차고지대기(미정,8
2025,42002013,112,강릉-동진버스,True,4201131,하슬라아트월드,BIS inventory,True,True,46,45,129.0118479436692,37.70752248078149,90,30,5,10,4.207574,2.61324,2025-05-27,2025-06-03,8,차고지대기(미정-차고지대기(미정,8
2025,42002013,112,강릉-동진버스,True,4201132,하슬라아트월드,BIS inventory,True,True,34,33,129.01185439171851,37.70733375846832,25,43,19,7,1.16877,3.745645,2025-05-27,2025-06-03,8,차고지대기(미정-차고지대기(미정,7
2025,42002013,112,강릉-동진버스,True,4201133,등명락가사,BIS inventory,True,True,47,46,129.01030860073715,37.71121753055649,20,5,21,32,0.935016,0.43554,2025-05-27,2025-06-03,8,차고지대기(미정-차고지대기(미정,7
2025,42002013,112,강릉-동진버스,True,4201134,등명락가사,BIS inventory,True,True,33,32,129.0099873440744,37.71142599542753,5,8,38,26,0.233754,0.696864,2025-05-27,2025-06-03,8,차고지대기(미정-차고지대기(미정,6
2025,42002013,112,강릉-동진버스,True,4201135,강릉바다내음캠핑장,BIS inventory,True,True,48,47,129.0043696849979,37.7181216327924,1,0,55,,0.046751,0.0,2025-05-27,2025-06-03,8,차고지대기(미정-차고지대기(미정,1
2025,42002013,112,강릉-동진버스,True,4201137,강릉통일공원,BIS inventory,True,True,49,48,128.99670944982654,37.7243539137021,2,1,48,47,0.093502,0.087108,2025-05-27,2025-06-03,8,차고지대기(미정-차고지대기(미정,2
2025,42002013,112,강릉-동진버스,True,4201138,강릉통일공원,BIS inventory,True,True,31,30,128.99659850067323,37.72434136600358,4,3,40,35,0.187003,0.261324,2025-05-27,2025-06-03,8,차고지대기(미정-차고지대기(미정,3
2025,42002013,112,강릉-동진버스,True,4201139,안인,BIS inventory,True,True,50,49,128.98934561422945,37.734014720107886,80,16,7,14,3.740065,1.393728,2025-05-27,2025-06-03,8,차고지대기(미정-차고지대기(미정,8
2025,42002013,112,강릉-동진버스,True,4201140,안인,BIS inventory,True,True,30,29,128.98934458573052,37.73394318769602,8,45,33,6,0.374007,3.919861,2025-05-27,2025-06-03,8,차고지대기(미정-차고지대기(미정,8
2025,42002013,112,강릉-동진버스,True,4201141,한전사택,BIS inventory,True,True,51,50,128.98448942076186,37.73113028141804,28,0,18,,1.309023,0.0,2025-05-27,2025-06-03,8,차고지대기(미정-차고지대기(미정,7
2025,42002013,112,강릉-동진버스,True,4201142,한전사택,BIS inventory,True,True,29,28,128.9844997909205,37.731015358793705,0,2,,39,0.0,0.174216,2025-05-27,2025-06-03,8,차고지대기(미정-차고지대기(미정,2
2025,42002013,112,강릉-동진버스,True,4201143,강릉승마장,BIS inventory,True,True,52,51,128.98140559088012,37.728642395571235,7,0,35,,0.327256,0.0,2025-05-27,2025-06-03,8,차고지대기(미정-차고지대기(미정,4
2025,42002013,112,강릉-동진버스,True,4201144,강릉승마장,BIS inventory,True,True,28,27,128.9814636223547,37.728585253094074,0,2,,39,0.0,0.174216,2025-05-27,2025-06-03,8,차고지대기(미정-차고지대기(미정,2
2025,42002013,112,강릉-동진버스,True,4201148,안인화력발전소,BIS inventory,True,True,53,52,128.97827596831831,37.72739115413768,43,0,12,,2.010285,0.0,2025-05-27,2025-06-03,8,차고지대기(미정-차고지대기(미정,8
2025,42002013,112,강릉-동진버스,True,4201149,안인화력발전소,BIS inventory,True,True,27,26,128.97827482863894,37.727294808983075,2,13,48,17,0.093502,1.132404,2025-05-27,2025-06-03,8,차고지대기(미정-차고지대기(미정,7
2025,42002013,112,강릉-동진버스,True,4201150,장터마을,BIS inventory,True,True,54,53,128.97235424591028,37.72315567930139,17,1,23,47,0.794764,0.087108,2025-05-27,2025-06-03,8,차고지대기(미정-차고지대기(미정,7
2025,42002013,112,강릉-동진버스,True,4201151,장터마을,BIS inventory,True,True,26,25,128.9723977075807,37.72307968130474,0,7,,27,0.0,0.609756,2025-05-27,2025-06-03,8,차고지대기(미정-차고지대기(미정,6
2025,42002013,112,강릉-동진버스,True,4201177,강동면사무소,BIS inventory,True,True,24,23,128.9546118972993,37.72728097155823,14,20,27,13,0.654511,1.74216,2025-05-27,2025-06-03,8,차고지대기(미정-차고지대기(미정,8
2025,42002013,112,강릉-동진버스,True,4201179,동양석재,BIS inventory,True,True,22,21,128.9503404370837,37.730986647751536,0,2,,39,0.0,0.174216,2025-05-27,2025-06-03,8,차고지대기(미정-차고지대기(미정,1
2025,42002013,112,강릉-동진버스,True,4201180,동양석재,BIS inventory,True,True,57,56,128.95027125993667,37.731215731549426,3,1,44,47,0.140252,0.087108,2025-05-27,2025-06-03,8,차고지대기(미정-차고지대기(미정,2
2025,42002013,112,강릉-동진버스,True,4201181,하시동입구,BIS inventory,True,True,58,57,128.94066964706647,37.73622577281252,3,2,44,39,0.140252,0.174216,2025-05-27,2025-06-03,8,차고지대기(미정-차고지대기(미정,4
2025,42002013,112,강릉-동진버스,True,4201183,독송마을회관,BIS inventory,True,True,59,58,128.93638737959347,37.73749824702616,15,0,26,,0.701262,0.0,2025-05-27,2025-06-03,8,차고지대기(미정-차고지대기(미정,7
2025,42002013,112,강릉-동진버스,True,4201184,독송마을회관,BIS inventory,True,True,20,19,128.93632837845826,37.737443377869745,0,5,,32,0.0,0.43554,2025-05-27,2025-06-03,8,차고지대기(미정-차고지대기(미정,5
2025,42002013,112,강릉-동진버스,True,4201186,공군부대입구,BIS inventory,True,True,60,59,128.93000750087512,37.7400489172058,2,1,48,47,0.093502,0.087108,2025-05-27,2025-06-03,8,차고지대기(미정-차고지대기(미정,2
2025,42002013,112,강릉-동진버스,True,4201187,공군부대입구,BIS inventory,True,True,19,18,128.93007021980833,37.739837207659924,0,7,,27,0.0,0.609756,2025-05-27,2025-06-03,8,차고지대기(미정-차고지대기(미정,5
2025,42002013,112,강릉-동진버스,True,4201188,섬석교,BIS inventory,True,True,61,60,128.92171052547354,37.74090783532175,40,1,13,47,1.870033,0.087108,2025-05-27,2025-06-03,8,차고지대기(미정-차고지대기(미정,8
2025,42002013,112,강릉-동진버스,True,4201189,섬석교,BIS inventory,True,True,18,17,128.92156879198023,37.740684165183964,9,0,32,,0.420757,0.0,2025-05-27,2025-06-03,8,차고지대기(미정-차고지대기(미정,4
2025,42002013,112,강릉-동진버스,True,4201190,문암정,BIS inventory,True,True,17,16,128.91570481769043,37.74371491111339,1,0,55,,0.046751,0.0,2025-05-27,2025-06-03,8,차고지대기(미정-차고지대기(미정,1
2025,42002013,112,강릉-동진버스,True,4201191,문암정,BIS inventory,True,True,62,61,128.91520371371126,37.744240782298405,14,2,27,39,0.654511,0.174216,2025-05-27,2025-06-03,8,차고지대기(미정-차고지대기(미정,6
2025,42002013,112,강릉-동진버스,True,4201192,더샵아파트후문,BIS inventory,True,True,63,62,128.90917534552304,37.74798409080578,12,11,30,21,0.56101,0.958188,2025-05-27,2025-06-03,8,차고지대기(미정-차고지대기(미정,7
2025,42002013,112,강릉-동진버스,True,4201193,병무청,BIS inventory,True,True,16,15,128.90845061267927,37.74811821805219,17,15,23,15,0.794764,1.30662,2025-05-27,2025-06-03,8,차고지대기(미정-차고지대기(미정,8
2025,42002013,112,강릉-동진버스,True,4201194,병무청,BIS inventory,True,True,64,63,128.90730907557136,37.749719639382455,5,2,38,39,0.233754,0.174216,2025-05-27,2025-06-03,8,차고지대기(미정-차고지대기(미정,4
2025,42002013,112,강릉-동진버스,True,4201195,노암현대아파트,BIS inventory,True,True,15,14,128.9064519321124,37.750397397899654,7,3,35,35,0.327256,0.261324,2025-05-27,2025-06-03,8,차고지대기(미정-차고지대기(미정,7
2025,42002013,112,강릉-동진버스,True,4201196,강릉중입구,BIS inventory,True,True,65,64,128.90469921141985,37.752586496675974,6,46,37,5,0.280505,4.006969,2025-05-27,2025-06-03,8,차고지대기(미정-차고지대기(미정,8
2025,42002013,112,강릉-동진버스,True,4201197,강릉중입구,BIS inventory,True,True,14,13,128.9042740269736,37.752586182446684,81,6,6,31,3.786816,0.522648,2025-05-27,2025-06-03,8,차고지대기(미정-차고지대기(미정,8
2025,42002013,112,강릉-동진버스,True,4201198,남대천.강릉교,BIS inventory,True,True,66,65,128.9010015999516,37.75454267936518,10,366,31,1,0.467508,31.881533,2025-05-27,2025-06-03,8,차고지대기(미정-차고지대기(미정,8
2025,42002013,112,강릉-동진버스,True,4201199,남대천.강릉교,BIS inventory,True,True,13,12,128.9010687000649,37.75417893755025,573,32,1,9,26.788219,2.787456,2025-05-27,2025-06-03,8,차고지대기(미정-차고지대기(미정,8
2025,42002013,112,강릉-동진버스,True,4201205,입암2.3주공,BIS inventory,True,True,2,1,128.9161850255649,37.765072488547595,45,0,9,,2.103787,0.0,2025-05-27,2025-06-03,8,차고지대기(미정-차고지대기(미정,7
2025,42002013,112,강릉-동진버스,True,4201206,입암2.3주공,BIS inventory,True,True,70,69,128.9164847952377,37.764981798289845,4,11,40,21,0.187003,0.958188,2025-05-27,2025-06-03,8,차고지대기(미정-차고지대기(미정,7
2025,42002013,112,강릉-동진버스,True,4201221,교동하늘채스카이파크,BIS inventory,True,True,5,4,128.90200271905258,37.770481553669924,3,0,44,,0.140252,0.0,2025-05-27,2025-06-03,8,차고지대기(미정-차고지대기(미정,3
2025,42002013,112,강릉-동진버스,True,4201376,가작다리입구,BIS inventory,True,True,9,8,128.8944549231389,37.76589747732919,4,0,40,,0.187003,0.0,2025-05-27,2025-06-03,8,차고지대기(미정-차고지대기(미정,3
2025,42002014,113,강릉-동진버스,True,4200016,강동종합복지회관,BIS inventory,True,True,50,49,128.9534097899608,37.72765187744945,49,21,13,11,2.276952,1.886792,2025-05-27,2025-06-03,8,강릉역건너편-강릉역,8
2025,42002014,113,강릉-동진버스,True,4200024,까치골,BIS inventory,True,True,28,27,129.02541919838254,37.69553819595472,0,7,,21,0.0,0.628931,2025-05-27,2025-06-03,8,강릉역건너편-강릉역,4
2025,42002014,113,강릉-동진버스,True,4200026,강동종합복지회관,BIS inventory,True,True,15,14,128.95225785335822,37.72821012800672,1,6,45,23,0.046468,0.539084,2025-05-27,2025-06-03,8,강릉역건너편-강릉역,3
2025,42002014,113,강릉-동진버스,True,4200249,용강동서부시장,BIS inventory,True,True,3,2,128.89167287030088,37.75492247590215,51,2,11,38,2.369888,0.179695,2025-05-27,2025-06-03,8,강릉역건너편-강릉역,8
2025,42002014,113,강릉-동진버스,True,4200250,용강동서부시장,BIS inventory,True,True,63,62,128.89174828581776,37.7556582744871,9,21,30,11,0.418216,1.886792,2025-05-27,2025-06-03,8,강릉역건너편-강릉역,7
2025,42002014,113,강릉-동진버스,True,4200251,한국은행,BIS inventory,True,True,62,61,128.89406630781096,37.753485602290496,8,26,32,8,0.371747,2.336029,2025-05-27,2025-06-03,8,강릉역건너편-강릉역,8
2025,42002014,113,강릉-동진버스,True,4200252,신영극장,BIS inventory,True,True,4,3,128.8961287589657,37.75448236011555,110,8,6,19,5.111524,0.718778,2025-05-27,2025-06-03,8,강릉역건너편-강릉역,8
2025,42002014,113,강릉-동진버스,True,4200253,교보생명,BIS inventory,True,True,61,60,128.89811415297848,37.756002485379526,25,211,21,1,1.16171,18.957772,2025-05-27,2025-06-03,8,강릉역건너편-강릉역,8
2025,42002014,113,강릉-동진버스,True,4200293,강릉역건너편,BIS inventory,True,True,1,0,128.8990669694857,37.76400772021464,120,0,4,,5.576208,0.0,2025-05-27,2025-06-03,8,강릉역건너편-강릉역,8
2025,42002014,113,강릉-동진버스,True,4200721,강릉역,BIS inventory,True,True,64,63,128.8992580056024,37.76416330670135,0,88,,4,0.0,7.906559,2025-05-27,2025-06-03,8,강릉역건너편-강릉역,8
2025,42002014,113,강릉-동진버스,True,4201037,말나눔터공원,BIS inventory,True,True,2,1,128.8946789617544,37.758644529934365,6,0,35,,0.27881,0.0,2025-05-27,2025-06-03,8,강릉역건너편-강릉역,3
2025,42002014,113,강릉-동진버스,True,4201060,산성우1리,BIS inventory,True,True,33,32,129.0046545324227,37.68347462505554,43,5,14,26,1.998141,0.449236,2025-05-27,2025-06-03,8,강릉역건너편-강릉역,8
2025,42002014,113,강릉-동진버스,True,4201072,모전삼거리,BIS inventory,True,True,17,16,128.96457294836412,37.72564861436484,13,15,27,13,0.604089,1.347709,2025-05-27,2025-06-03,8,강릉역건너편-강릉역,8
2025,42002014,113,강릉-동진버스,True,4201073,모전삼거리,BIS inventory,True,True,49,48,128.96506056244797,37.72569325398637,33,0,17,,1.533457,0.0,2025-05-27,2025-06-03,8,강릉역건너편-강릉역,7
2025,42002014,113,강릉-동진버스,True,4201074,분수동,BIS inventory,True,True,31,30,129.02438633004448,37.68420512704344,0,12,,15,0.0,1.078167,2025-05-27,2025-06-03,8,강릉역건너편-강릉역,6
2025,42002014,113,강릉-동진버스,True,4201075,분수동,BIS inventory,True,True,35,34,129.02442625222523,37.68416226671518,38,0,15,,1.765799,0.0,2025-05-27,2025-06-03,8,강릉역건너편-강릉역,8
2025,42002014,113,강릉-동진버스,True,4201078,오리동,BIS inventory,True,True,34,33,129.01320871433214,37.68272714510743,106,1,7,43,4.925651,0.089847,2025-05-27,2025-06-03,8,강릉역건너편-강릉역,8
2025,42002014,113,강릉-동진버스,True,4201079,오리동,BIS inventory,True,True,32,31,129.01320324945965,37.682803393955474,0,8,,19,0.0,0.718778,2025-05-27,2025-06-03,8,강릉역건너편-강릉역,5
2025,42002014,113,강릉-동진버스,True,4201125,정동교,BIS inventory,True,True,36,35,129.0324614525895,37.688438171101524,127,5,3,26,5.901487,0.449236,2025-05-27,2025-06-03,8,강릉역건너편-강릉역,8
2025,42002014,113,강릉-동진버스,True,4201126,정동교,BIS inventory,True,True,30,29,129.03237659003923,37.68846940398579,3,60,39,6,0.139405,5.390836,2025-05-27,2025-06-03,8,강릉역건너편-강릉역,8
2025,42002014,113,강릉-동진버스,True,4201127,정동진역,BIS inventory,True,True,37,36,129.03224964663548,37.690253441678834,208,4,2,30,9.665428,0.359389,2025-05-27,2025-06-03,8,강릉역건너편-강릉역,8
2025,42002014,113,강릉-동진버스,True,4201128,정동진역,BIS inventory,True,True,29,28,129.0319921573861,37.69035571739087,5,163,37,3,0.232342,14.645103,2025-05-27,2025-06-03,8,강릉역건너편-강릉역,8
2025,42002014,113,강릉-동진버스,True,4201129,등명해변,BIS inventory,True,True,27,26,129.01625265982383,37.701980786481954,6,9,35,18,0.27881,0.808625,2025-05-27,2025-06-03,8,강릉역건너편-강릉역,7
2025,42002014,113,강릉-동진버스,True,4201130,등명해변,BIS inventory,True,True,39,38,129.015876711037,37.70233040602598,31,3,19,34,1.44052,0.269542,2025-05-27,2025-06-03,8,강릉역건너편-강릉역,7
2025,42002014,113,강릉-동진버스,True,4201131,하슬라아트월드,BIS inventory,True,True,40,39,129.0118479436692,37.70752248078149,90,67,8,5,4.182156,6.019766,2025-05-27,2025-06-03,8,강릉역건너편-강릉역,7
2025,42002014,113,강릉-동진버스,True,4201132,하슬라아트월드,BIS inventory,True,True,26,25,129.01185439171851,37.70733375846832,50,43,12,7,2.32342,3.863432,2025-05-27,2025-06-03,8,강릉역건너편-강릉역,8
2025,42002014,113,강릉-동진버스,True,4201133,등명락가사,BIS inventory,True,True,41,40,129.01030860073715,37.71121753055649,17,5,24,26,0.789963,0.449236,2025-05-27,2025-06-03,8,강릉역건너편-강릉역,7
2025,42002014,113,강릉-동진버스,True,4201134,등명락가사,BIS inventory,True,True,25,24,129.0099873440744,37.71142599542753,0,3,,34,0.0,0.269542,2025-05-27,2025-06-03,8,강릉역건너편-강릉역,2
2025,42002014,113,강릉-동진버스,True,4201135,강릉바다내음캠핑장,BIS inventory,True,True,42,41,129.0043696849979,37.7181216327924,1,2,45,38,0.046468,0.179695,2025-05-27,2025-06-03,8,강릉역건너편-강릉역,2
2025,42002014,113,강릉-동진버스,True,4201136,강릉바다내음캠핑장,BIS inventory,True,True,24,23,129.00390469104653,37.71858688540818,0,2,,38,0.0,0.179695,2025-05-27,2025-06-03,8,강릉역건너편-강릉역,1
2025,42002014,113,강릉-동진버스,True,4201137,강릉통일공원,BIS inventory,True,True,43,42,128.99670944982654,37.7243539137021,1,0,45,,0.046468,0.0,2025-05-27,2025-06-03,8,강릉역건너편-강릉역,1
2025,42002014,113,강릉-동진버스,True,4201138,강릉통일공원,BIS inventory,True,True,23,22,128.99659850067323,37.72434136600358,2,2,44,38,0.092937,0.179695,2025-05-27,2025-06-03,8,강릉역건너편-강릉역,2
2025,42002014,113,강릉-동진버스,True,4201139,안인,BIS inventory,True,True,44,43,128.98934561422945,37.734014720107886,113,5,5,26,5.250929,0.449236,2025-05-27,2025-06-03,8,강릉역건너편-강릉역,8
2025,42002014,113,강릉-동진버스,True,4201140,안인,BIS inventory,True,True,22,21,128.98934458573052,37.73394318769602,11,26,28,8,0.511152,2.336029,2025-05-27,2025-06-03,8,강릉역건너편-강릉역,8
2025,42002014,113,강릉-동진버스,True,4201141,한전사택,BIS inventory,True,True,45,44,128.98448942076186,37.73113028141804,24,0,22,,1.115242,0.0,2025-05-27,2025-06-03,8,강릉역건너편-강릉역,8
2025,42002014,113,강릉-동진버스,True,4201142,한전사택,BIS inventory,True,True,21,20,128.9844997909205,37.731015358793705,1,13,45,14,0.046468,1.168014,2025-05-27,2025-06-03,8,강릉역건너편-강릉역,7
2025,42002014,113,강릉-동진버스,True,4201143,강릉승마장,BIS inventory,True,True,46,45,128.98140559088012,37.728642395571235,3,1,39,43,0.139405,0.089847,2025-05-27,2025-06-03,8,강릉역건너편-강릉역,3
2025,42002014,113,강릉-동진버스,True,4201148,안인화력발전소,BIS inventory,True,True,47,46,128.97827596831831,37.72739115413768,52,0,10,,2.416357,0.0,2025-05-27,2025-06-03,8,강릉역건너편-강릉역,8
2025,42002014,113,강릉-동진버스,True,4201149,안인화력발전소,BIS inventory,True,True,19,18,128.97827482863894,37.727294808983075,1,12,45,15,0.046468,1.078167,2025-05-27,2025-06-03,8,강릉역건너편-강릉역,7
2025,42002014,113,강릉-동진버스,True,4201150,장터마을,BIS inventory,True,True,48,47,128.97235424591028,37.72315567930139,21,0,23,,0.975836,0.0,2025-05-27,2025-06-03,8,강릉역건너편-강릉역,7
2025,42002014,113,강릉-동진버스,True,4201151,장터마을,BIS inventory,True,True,18,17,128.9723977075807,37.72307968130474,0,10,,17,0.0,0.898473,2025-05-27,2025-06-03,8,강릉역건너편-강릉역,5
2025,42002014,113,강릉-동진버스,True,4201177,강동면사무소,BIS inventory,True,True,16,15,128.9546118972993,37.72728097155823,15,6,26,23,0.697026,0.539084,2025-05-27,2025-06-03,8,강릉역건너편-강릉역,8
2025,42002014,113,강릉-동진버스,True,4201179,동양석재,BIS inventory,True,True,14,13,128.9503404370837,37.730986647751536,0,1,,43,0.0,0.089847,2025-05-27,2025-06-03,8,강릉역건너편-강릉역,1
2025,42002014,113,강릉-동진버스,True,4201180,동양석재,BIS inventory,True,True,51,50,128.95027125993667,37.731215731549426,4,0,38,,0.185874,0.0,2025-05-27,2025-06-03,8,강릉역건너편-강릉역,2
2025,42002014,113,강릉-동진버스,True,4201181,하시동입구,BIS inventory,True,True,52,51,128.94066964706647,37.73622577281252,3,0,39,,0.139405,0.0,2025-05-27,2025-06-03,8,강릉역건너편-강릉역,3
2025,42002014,113,강릉-동진버스,True,4201182,하시동입구,BIS inventory,True,True,13,12,128.94045988509035,37.73612720331248,3,0,39,,0.139405,0.0,2025-05-27,2025-06-03,8,강릉역건너편-강릉역,3
2025,42002014,113,강릉-동진버스,True,4201183,독송마을회관,BIS inventory,True,True,53,52,128.93638737959347,37.73749824702616,33,0,17,,1.533457,0.0,2025-05-27,2025-06-03,8,강릉역건너편-강릉역,8
2025,42002014,113,강릉-동진버스,True,4201184,독송마을회관,BIS inventory,True,True,12,11,128.93632837845826,37.737443377869745,0,1,,43,0.0,0.089847,2025-05-27,2025-06-03,8,강릉역건너편-강릉역,1
2025,42002014,113,강릉-동진버스,True,4201185,까치골,BIS inventory,True,True,38,37,129.02590617324884,37.695440046965246,3,0,39,,0.139405,0.0,2025-05-27,2025-06-03,8,강릉역건너편-강릉역,2
2025,42002014,113,강릉-동진버스,True,4201186,공군부대입구,BIS inventory,True,True,54,53,128.93000750087512,37.7400489172058,1,0,45,,0.046468,0.0,2025-05-27,2025-06-03,8,강릉역건너편-강릉역,1
2025,42002014,113,강릉-동진버스,True,4201187,공군부대입구,BIS inventory,True,True,11,10,128.93007021980833,37.739837207659924,1,3,45,34,0.046468,0.269542,2025-05-27,2025-06-03,8,강릉역건너편-강릉역,3
2025,42002014,113,강릉-동진버스,True,4201188,섬석교,BIS inventory,True,True,55,54,128.92171052547354,37.74090783532175,16,0,25,,0.743494,0.0,2025-05-27,2025-06-03,8,강릉역건너편-강릉역,7
2025,42002014,113,강릉-동진버스,True,4201189,섬석교,BIS inventory,True,True,10,9,128.92156879198023,37.740684165183964,0,4,,30,0.0,0.359389,2025-05-27,2025-06-03,8,강릉역건너편-강릉역,4
2025,42002014,113,강릉-동진버스,True,4201190,문암정,BIS inventory,True,True,9,8,128.91570481769043,37.74371491111339,1,1,45,43,0.046468,0.089847,2025-05-27,2025-06-03,8,강릉역건너편-강릉역,2
2025,42002014,113,강릉-동진버스,True,4201191,문암정,BIS inventory,True,True,56,55,128.91520371371126,37.744240782298405,8,0,32,,0.371747,0.0,2025-05-27,2025-06-03,8,강릉역건너편-강릉역,6
2025,42002014,113,강릉-동진버스,True,4201192,더샵아파트후문,BIS inventory,True,True,57,56,128.90917534552304,37.74798409080578,37,7,16,21,1.719331,0.628931,2025-05-27,2025-06-03,8,강릉역건너편-강릉역,8
2025,42002014,113,강릉-동진버스,True,4201193,병무청,BIS inventory,True,True,8,7,128.90845061267927,37.74811821805219,28,4,20,30,1.301115,0.359389,2025-05-27,2025-06-03,8,강릉역건너편-강릉역,8
2025,42002014,113,강릉-동진버스,True,4201194,병무청,BIS inventory,True,True,58,57,128.90730907557136,37.749719639382455,9,6,30,23,0.418216,0.539084,2025-05-27,2025-06-03,8,강릉역건너편-강릉역,7
2025,42002014,113,강릉-동진버스,True,4201195,노암현대아파트,BIS inventory,True,True,7,6,128.9064519321124,37.750397397899654,0,3,,34,0.0,0.269542,2025-05-27,2025-06-03,8,강릉역건너편-강릉역,3
2025,42002014,113,강릉-동진버스,True,4201196,강릉중입구,BIS inventory,True,True,59,58,128.90469921141985,37.752586496675974,8,25,32,10,0.371747,2.246181,2025-05-27,2025-06-03,8,강릉역건너편-강릉역,8
2025,42002014,113,강릉-동진버스,True,4201197,강릉중입구,BIS inventory,True,True,6,5,128.9042740269736,37.752586182446684,70,2,9,38,3.252788,0.179695,2025-05-27,2025-06-03,8,강릉역건너편-강릉역,8
2025,42002014,113,강릉-동진버스,True,4201198,남대천.강릉교,BIS inventory,True,True,60,59,128.9010015999516,37.75454267936518,11,180,28,2,0.511152,16.172507,2025-05-27,2025-06-03,8,강릉역건너편-강릉역,8
2025,42002014,113,강릉-동진버스,True,4201199,남대천.강릉교,BIS inventory,True,True,5,4,128.9010687000649,37.75417893755025,522,4,1,30,24.256506,0.359389,2025-05-27,2025-06-03,8,강릉역건너편-강릉역,8
2025,42002026,205,강릉-동진버스,True,4200042,롯데캐슬아파트,BIS inventory,True,True,34,32,128.89120929799194,37.766948306391974,11,0,6,,6.666667,0.0,2025-05-27,2025-06-03,8,공단-공단,3
2025,42002026,205,강릉-동진버스,True,4200087,강원대학교후문,BIS inventory,True,True,27,25,128.87498639848286,37.77315204059329,5,0,9,,3.030303,0.0,2025-05-27,2025-06-03,8,공단-공단,2
2025,42002026,205,강릉-동진버스,True,4200088,문성고등학교,BIS inventory,True,True,28,26,128.8747975765768,37.776789915738114,6,0,8,,3.636364,0.0,2025-05-27,2025-06-03,8,공단-공단,3
2025,42002026,205,강릉-동진버스,True,4200090,한옥마을,BIS inventory,True,True,29,27,128.8775249835254,37.777067812459386,3,0,11,,1.818182,0.0,2025-05-27,2025-06-03,8,공단-공단,1
2025,42002026,205,강릉-동진버스,True,4200092,오죽헌,BIS inventory,True,True,30,28,128.8797380363922,37.77879711032111,2,0,13,,1.212121,0.0,2025-05-27,2025-06-03,8,공단-공단,1
2025,42002026,205,강릉-동진버스,True,4200240,젤마을,BIS inventory,True,True,32,30,128.887733025105,37.775438249928285,3,1,11,8,1.818182,2.083333,2025-05-27,2025-06-03,8,공단-공단,3
2025,42002026,205,강릉-동진버스,True,4200242,율곡중학교,BIS inventory,True,True,33,31,128.89021344037266,37.771874448370795,1,0,16,,0.606061,0.0,2025-05-27,2025-06-03,8,공단-공단,1
2025,42002026,205,강릉-동진버스,True,4200245,이명사거리,BIS inventory,True,True,35,33,128.89157918705828,37.764565078717,33,0,1,,20.0,0.0,2025-05-27,2025-06-03,8,공단-공단,5
2025,42002026,205,강릉-동진버스,True,4200247,강릉제일고,BIS inventory,True,True,36,34,128.8918779735197,37.759537356247826,7,2,7,6,4.242424,4.166667,2025-05-27,2025-06-03,8,공단-공단,3
2025,42002026,205,강릉-동진버스,True,4200249,용강동서부시장,BIS inventory,True,True,37,35,128.89167287030088,37.75492247590215,2,6,13,2,1.212121,12.5,2025-05-27,2025-06-03,8,공단-공단,4
2025,42002026,205,강릉-동진버스,True,4200252,신영극장,BIS inventory,True,True,38,36,128.8961287589657,37.75448236011555,21,23,3,1,12.727273,47.916667,2025-05-27,2025-06-03,8,공단-공단,5
2025,42002026,205,강릉-동진버스,True,4200356,강원대학교,BIS inventory,True,True,26,24,128.87391738137654,37.77033026766949,33,0,1,,20.0,0.0,2025-05-27,2025-06-03,8,공단-공단,4
2025,42002026,205,강릉-동진버스,True,4200763,입암현대아파트,BIS inventory,True,True,42,40,128.91229270015563,37.753112836072376,4,5,10,3,2.424242,10.416667,2025-05-27,2025-06-03,8,공단-공단,4
2025,42002026,205,강릉-동진버스,True,4200764,대목아파트,BIS inventory,True,True,41,39,128.91036775859212,37.7552461618319,0,3,,4,0.0,6.25,2025-05-27,2025-06-03,8,공단-공단,3
2025,42002026,205,강릉-동진버스,True,4201046,성덕동주민센터,BIS inventory,True,True,48,45,128.91533375948597,37.76294836172143,0,2,,6,0.0,4.166667,2025-05-27,2025-06-03,8,공단-공단,1
2025,42002026,205,강릉-동진버스,True,4201050,원마트,BIS inventory,True,True,46,43,128.9185145864492,37.76040631401962,0,3,,4,0.0,6.25,2025-05-27,2025-06-03,8,공단-공단,3
2025,42002026,205,강릉-동진버스,True,4201052,입암6주공오거리,BIS inventory,True,True,45,42,128.91746262041485,37.758678282328006,0,1,,8,0.0,2.083333,2025-05-27,2025-06-03,8,공단-공단,1
2025,42002026,205,강릉-동진버스,True,4201054,금호어울림,BIS inventory,True,True,44,41,128.91590296498018,37.75518531900659,0,1,,8,0.0,2.083333,2025-05-27,2025-06-03,8,공단-공단,1
2025,42002026,205,강릉-동진버스,True,4201199,남대천.강릉교,BIS inventory,True,True,39,37,128.9010687000649,37.75417893755025,14,0,5,,8.484848,0.0,2025-05-27,2025-06-03,8,공단-공단,5
2025,42002026,205,강릉-동진버스,True,4201206,입암2.3주공,BIS inventory,True,True,49,46,128.9164847952377,37.764981798289845,0,1,,8,0.0,2.083333,2025-05-27,2025-06-03,8,공단-공단,1
2025,42002026,205,강릉-동진버스,True,4201209,공단,BIS inventory,True,True,1,0,128.92205416940635,37.765196014305694,18,0,4,,10.909091,0.0,2025-05-27,2025-06-03,8,공단-공단,1
2025,42002026,205,강릉-동진버스,True,4201382,오죽헌입구,BIS inventory,True,True,31,29,128.88300783523746,37.779420150144524,2,0,13,,1.212121,0.0,2025-05-27,2025-06-03,8,공단-공단,2
2025,42002030,211,강릉-동진버스,True,4200051,송정래미안,BIS inventory,True,True,57,53,128.93021609974548,37.78282723196739,0,3,,21,0.0,0.940439,2025-05-27,2025-06-03,8,안목-안목커피거리,2
2025,42002030,211,강릉-동진버스,True,4200053,오성학교,BIS inventory,True,True,5,3,128.93312248716418,37.77978287851338,1,0,40,,0.120192,0.0,2025-05-27,2025-06-03,8,안목-안목커피거리,1
2025,42002030,211,강릉-동진버스,True,4200054,삼익아파트,BIS inventory,True,True,58,54,128.93336344346523,37.7794509217129,0,1,,32,0.0,0.31348,2025-05-27,2025-06-03,8,안목-안목커피거리,1
2025,42002030,211,강릉-동진버스,True,4200055,해당화연립,BIS inventory,True,True,4,2,128.93501598562065,37.778964657496246,11,0,24,,1.322115,0.0,2025-05-27,2025-06-03,8,안목-안목커피거리,4
2025,42002030,211,강릉-동진버스,True,4200056,해당화연립,BIS inventory,True,True,59,55,128.9356053065312,37.7785328972295,0,6,,11,0.0,1.880878,2025-05-27,2025-06-03,8,안목-안목커피거리,3
2025,42002030,211,강릉-동진버스,True,4200094,강릉여고,BIS inventory,True,True,43,40,128.90248424479844,37.75904463050879,9,2,25,26,1.081731,0.626959,2025-05-27,2025-06-03,8,안목-안목커피거리,5
2025,42002030,211,강릉-동진버스,True,4200095,한국자산관리공사,BIS inventory,True,True,21,18,128.90111921880606,37.75827929877246,13,5,20,16,1.5625,1.567398,2025-05-27,2025-06-03,8,안목-안목커피거리,7
2025,42002030,211,강릉-동진버스,True,4200101,강릉고입구,BIS inventory,True,True,9,6,128.92013482012848,37.783607089094346,24,2,10,26,2.884615,0.626959,2025-05-27,2025-06-03,8,안목-안목커피거리,8
2025,42002030,211,강릉-동진버스,True,4200102,강릉고입구,BIS inventory,True,True,54,51,128.92044843215433,37.78352944320342,7,2,29,26,0.841346,0.626959,2025-05-27,2025-06-03,8,안목-안목커피거리,5
2025,42002030,211,강릉-동진버스,True,4200103,경포고교,BIS inventory,True,True,53,50,128.9190546436117,37.78057981084284,1,7,40,9,0.120192,2.194357,2025-05-27,2025-06-03,8,안목-안목커피거리,4
2025,42002030,211,강릉-동진버스,True,4200104,동명중학교,BIS inventory,True,True,12,9,128.91637238303827,37.777185998905715,6,0,30,,0.721154,0.0,2025-05-27,2025-06-03,8,안목-안목커피거리,5
2025,42002030,211,강릉-동진버스,True,4200105,동명중학교,BIS inventory,True,True,51,48,128.9161008666347,37.77658681943468,3,7,32,9,0.360577,2.194357,2025-05-27,2025-06-03,8,안목-안목커피거리,5
2025,42002030,211,강릉-동진버스,True,4200106,KT,BIS inventory,True,True,14,11,128.91181164590185,37.77275858732733,35,3,6,21,4.206731,0.940439,2025-05-27,2025-06-03,8,안목-안목커피거리,7
2025,42002030,211,강릉-동진버스,True,4200107,KT,BIS inventory,True,True,49,46,128.9125052185983,37.77309475265464,33,13,7,5,3.966346,4.075235,2025-05-27,2025-06-03,8,안목-안목커피거리,7
2025,42002030,211,강릉-동진버스,True,4200108,동인병원입구,BIS inventory,True,True,15,12,128.90953558421478,37.77125258486367,17,1,14,32,2.043269,0.31348,2025-05-27,2025-06-03,8,안목-안목커피거리,8
2025,42002030,211,강릉-동진버스,True,4200109,동인병원입구,BIS inventory,True,True,48,45,128.9094857690125,37.77102450992961,3,5,32,16,0.360577,1.567398,2025-05-27,2025-06-03,8,안목-안목커피거리,6
2025,42002030,211,강릉-동진버스,True,4200110,하슬라중,BIS inventory,True,True,16,13,128.90715554439282,37.77053362559672,12,1,21,32,1.442308,0.31348,2025-05-27,2025-06-03,8,안목-안목커피거리,7
2025,42002030,211,강릉-동진버스,True,4200111,하슬라중,BIS inventory,True,True,47,44,128.90761293140218,37.77043125987649,15,6,17,11,1.802885,1.880878,2025-05-27,2025-06-03,8,안목-안목커피거리,4
2025,42002030,211,강릉-동진버스,True,4200112,강릉관광개발공사,BIS inventory,True,True,17,14,128.9085231695166,37.76800046518587,2,3,36,21,0.240385,0.940439,2025-05-27,2025-06-03,8,안목-안목커피거리,2
2025,42002030,211,강릉-동진버스,True,4200113,강릉관광개발공사,BIS inventory,True,True,46,43,128.90865897771857,37.76820323697218,3,3,32,21,0.360577,0.940439,2025-05-27,2025-06-03,8,안목-안목커피거리,4
2025,42002030,211,강릉-동진버스,True,4200251,한국은행,BIS inventory,True,True,23,20,128.89406630781096,37.753485602290496,15,18,17,4,1.802885,5.642633,2025-05-27,2025-06-03,8,안목-안목커피거리,8
2025,42002030,211,강릉-동진버스,True,4200252,신영극장,BIS inventory,True,True,42,39,128.8961287589657,37.75448236011555,164,62,1,2,19.711538,19.435737,2025-05-27,2025-06-03,8,안목-안목커피거리,8
2025,42002030,211,강릉-동진버스,True,4200253,교보생명,BIS inventory,True,True,22,19,128.89811415297848,37.756002485379526,62,70,3,1,7.451923,21.943574,2025-05-27,2025-06-03,8,안목-안목커피거리,8
2025,42002030,211,강릉-동진버스,True,4200258,용지각,BIS inventory,True,True,44,41,128.90534669055177,37.76147384168322,9,6,25,11,1.081731,1.880878,2025-05-27,2025-06-03,8,안목-안목커피거리,6
2025,42002030,211,강릉-동진버스,True,4200259,용지각,BIS inventory,True,True,20,17,128.90537716328666,37.76184119439877,16,0,16,,1.923077,0.0,2025-05-27,2025-06-03,8,안목-안목커피거리,6
2025,42002030,211,강릉-동진버스,True,4200260,동남아파트,BIS inventory,True,True,45,42,128.9088062489658,37.764638779656714,8,6,27,11,0.961538,1.880878,2025-05-27,2025-06-03,8,안목-안목커피거리,5
2025,42002030,211,강릉-동진버스,True,4200262,로얄아파트.포남1동주민센터,BIS inventory,True,True,18,15,128.90933288179943,37.76545703763149,17,0,14,,2.043269,0.0,2025-05-27,2025-06-03,8,안목-안목커피거리,5
2025,42002030,211,강릉-동진버스,True,4200279,신도브래뉴,BIS inventory,True,True,60,56,128.93862914925478,37.77730338810464,0,4,,18,0.0,1.253918,2025-05-27,2025-06-03,8,안목-안목커피거리,3
2025,42002030,211,강릉-동진버스,True,4200280,송정해변,BIS inventory,True,True,3,1,128.9381119893655,37.77768849372205,2,0,36,,0.240385,0.0,2025-05-27,2025-06-03,8,안목-안목커피거리,2
2025,42002030,211,강릉-동진버스,True,4200288,경포고교,BIS inventory,True,True,10,7,128.91881546540267,37.78075927662396,12,0,21,,1.442308,0.0,2025-05-27,2025-06-03,8,안목-안목커피거리,4
2025,42002030,211,강릉-동진버스,True,4200289,한솔초교,BIS inventory,True,True,13,10,128.9142086436632,37.775058134113436,8,0,27,,0.961538,0.0,2025-05-27,2025-06-03,8,안목-안목커피거리,4
2025,42002030,211,강릉-동진버스,True,4200290,한솔초교,BIS inventory,True,True,50,47,128.91448068318238,37.77500059793141,3,3,32,21,0.360577,0.940439,2025-05-27,2025-06-03,8,안목-안목커피거리,5
2025,42002030,211,강릉-동진버스,True,4200318,포남시장,BIS inventory,True,True,19,16,128.90766061502285,37.76392281820552,12,1,21,32,1.442308,0.31348,2025-05-27,2025-06-03,8,안목-안목커피거리,6
2025,42002030,211,강릉-동진버스,True,4200768,단오문화관,BIS inventory,True,True,25,22,128.8967729024353,37.7481043414214,0,9,,7,0.0,2.821317,2025-05-27,2025-06-03,8,안목-안목커피거리,5
2025,42002030,211,강릉-동진버스,True,4200770,은마아파트,BIS inventory,True,True,40,37,128.89705025699647,37.747304327883974,27,2,9,26,3.245192,0.626959,2025-05-27,2025-06-03,8,안목-안목커피거리,6
2025,42002030,211,강릉-동진버스,True,4200771,은마아파트,BIS inventory,True,True,26,23,128.89677272965307,37.746541962257844,0,1,,32,0.0,0.31348,2025-05-27,2025-06-03,8,안목-안목커피거리,1
2025,42002030,211,강릉-동진버스,True,4200772,노암대림아파트,BIS inventory,True,True,27,24,128.8964957795506,37.74447513098166,0,9,,7,0.0,2.821317,2025-05-27,2025-06-03,8,안목-안목커피거리,7
2025,42002030,211,강릉-동진버스,True,4200773,노암대림아파트,BIS inventory,True,True,39,36,128.89670020630172,37.7443968332287,41,0,4,,4.927885,0.0,2025-05-27,2025-06-03,8,안목-안목커피거리,8
2025,42002030,211,강릉-동진버스,True,4200780,한국폴리텍대학,BIS inventory,True,True,31,28,128.8886097800722,37.73837235643407,20,1,13,32,2.403846,0.31348,2025-05-27,2025-06-03,8,안목-안목커피거리,7
2025,42002030,211,강릉-동진버스,True,4200781,남산삼익아파트,BIS inventory,True,True,32,29,128.8901808969545,37.74229155338584,22,0,12,,2.644231,0.0,2025-05-27,2025-06-03,8,안목-안목커피거리,6
2025,42002030,211,강릉-동진버스,True,4200782,남산삼익아파트,BIS inventory,True,True,30,27,128.89009058765018,37.74235973416757,0,2,,26,0.0,0.626959,2025-05-27,2025-06-03,8,안목-안목커피거리,1
2025,42002030,211,강릉-동진버스,True,4200783,남산초교,BIS inventory,True,True,33,30,128.8913405517673,37.744206285908824,76,0,2,,9.134615,0.0,2025-05-27,2025-06-03,8,안목-안목커피거리,8
2025,42002030,211,강릉-동진버스,True,4200784,남산초교,BIS inventory,True,True,29,26,128.89124028586525,37.74425071826271,0,4,,18,0.0,1.253918,2025-05-27,2025-06-03,8,안목-안목커피거리,4
2025,42002030,211,강릉-동진버스,True,4200785,남산현대아파트,BIS inventory,True,True,34,31,128.89462531897348,37.74186237968639,31,0,8,,3.725962,0.0,2025-05-27,2025-06-03,8,안목-안목커피거리,8
2025,42002030,211,강릉-동진버스,True,4200786,남산현대아파트,BIS inventory,True,True,28,25,128.89442793639103,37.74202687203957,0,6,,11,0.0,1.880878,2025-05-27,2025-06-03,8,안목-안목커피거리,5
2025,42002030,211,강릉-동진버스,True,4200788,원예농협강남점,BIS inventory,True,True,38,35,128.89681243940322,37.742695820214294,1,0,40,,0.120192,0.0,2025-05-27,2025-06-03,8,안목-안목커피거리,1
2025,42002030,211,강릉-동진버스,True,4200790,노암한라아파트,BIS inventory,True,True,36,33,128.9030338994368,37.744009473539954,41,0,4,,4.927885,0.0,2025-05-27,2025-06-03,8,안목-안목커피거리,8
2025,42002030,211,강릉-동진버스,True,4200854,성내동광장,BIS inventory,True,True,24,21,128.89469082592495,37.750838877146485,1,2,40,26,0.120192,0.626959,2025-05-27,2025-06-03,8,안목-안목커피거리,3
2025,42002030,211,강릉-동진버스,True,4200855,성내동광장,BIS inventory,True,True,41,38,128.89488299521074,37.75095303991505,2,12,36,6,0.240385,3.761755,2025-05-27,2025-06-03,8,안목-안목커피거리,7
2025,42002030,211,강릉-동진버스,True,4201043,안목,BIS inventory,True,True,1,0,128.94526892930932,37.77285146151794,24,0,10,,2.884615,0.0,2025-05-27,2025-06-03,8,안목-안목커피거리,8
2025,42002030,211,강릉-동진버스,True,4201044,안목커피거리,BIS inventory,True,True,62,57,128.94543559396536,37.77260342997581,0,26,,3,0.0,8.15047,2025-05-27,2025-06-03,8,안목-안목커피거리,5
2025,42002030,211,강릉-동진버스,True,4201220,포남2주공입구,BIS inventory,True,True,11,8,128.9179885478381,37.77901498558293,6,0,30,,0.721154,0.0,2025-05-27,2025-06-03,8,안목-안목커피거리,3
2025,42002030,211,강릉-동진버스,True,4201233,초당분수공원,BIS inventory,True,True,8,5,128.9221385517862,37.785996929695614,15,0,17,,1.802885,0.0,2025-05-27,2025-06-03,8,안목-안목커피거리,7
2025,42002030,211,강릉-동진버스,True,4201234,초당분수공원,BIS inventory,True,True,55,52,128.92421540479356,37.78614360918137,0,4,,18,0.0,1.253918,2025-05-27,2025-06-03,8,안목-안목커피거리,1
2025,42002030,211,강릉-동진버스,True,4201236,포남2주공입구,BIS inventory,True,True,52,49,128.91810027987142,37.77873395771816,2,1,36,32,0.240385,0.31348,2025-05-27,2025-06-03,8,안목-안목커피거리,2
2025,42002035,222,강릉-동진버스,True,4200001,내곡교,BIS inventory,True,True,26,23,128.88717490623026,37.74653766880734,9,35,42,13,0.213929,1.679463,2025-05-27,2025-06-03,8,안목-안목커피거리,8
2025,42002035,222,강릉-동진버스,True,4200051,송정래미안,BIS inventory,True,True,51,47,128.93021609974548,37.78282723196739,5,7,46,37,0.11885,0.335893,2025-05-27,2025-06-03,8,안목-안목커피거리,4
2025,42002035,222,강릉-동진버스,True,4200052,송정래미안,BIS inventory,True,True,6,4,128.93038982126572,37.78292573478735,12,7,40,37,0.285239,0.335893,2025-05-27,2025-06-03,8,안목-안목커피거리,7
2025,42002035,222,강릉-동진버스,True,4200053,오성학교,BIS inventory,True,True,5,3,128.93312248716418,37.77978287851338,26,0,30,,0.618018,0.0,2025-05-27,2025-06-03,8,안목-안목커피거리,8
2025,42002035,222,강릉-동진버스,True,4200054,삼익아파트,BIS inventory,True,True,52,48,128.93336344346523,37.7794509217129,6,11,44,28,0.142619,0.527831,2025-05-27,2025-06-03,8,안목-안목커피거리,7
2025,42002035,222,강릉-동진버스,True,4200055,해당화연립,BIS inventory,True,True,4,2,128.93501598562065,37.778964657496246,49,2,22,47,1.164725,0.095969,2025-05-27,2025-06-03,8,안목-안목커피거리,8
2025,42002035,222,강릉-동진버스,True,4200056,해당화연립,BIS inventory,True,True,53,49,128.9356053065312,37.7785328972295,1,10,50,29,0.02377,0.479846,2025-05-27,2025-06-03,8,안목-안목커피거리,5
2025,42002035,222,강릉-동진버스,True,4200063,가톨릭관동대학교,BIS inventory,True,True,29,26,128.87804152995903,37.738296118202754,659,137,1,3,15.664369,6.573896,2025-05-27,2025-06-03,8,안목-안목커피거리,8
2025,42002035,222,강릉-동진버스,True,4200065,보건소,BIS inventory,True,True,31,28,128.8829859719751,37.74393637256719,142,1,7,49,3.375327,0.047985,2025-05-27,2025-06-03,8,안목-안목커피거리,8
2025,42002035,222,강릉-동진버스,True,4200094,강릉여고,BIS inventory,True,True,37,34,128.90248424479844,37.75904463050879,62,15,19,24,1.473734,0.71977,2025-05-27,2025-06-03,8,안목-안목커피거리,8
2025,42002035,222,강릉-동진버스,True,4200095,한국자산관리공사,BIS inventory,True,True,21,18,128.90111921880606,37.75827929877246,58,21,20,21,1.378655,1.007678,2025-05-27,2025-06-03,8,안목-안목커피거리,8
2025,42002035,222,강릉-동진버스,True,4200101,강릉고입구,BIS inventory,True,True,9,6,128.92013482012848,37.783607089094346,113,8,9,34,2.686,0.383877,2025-05-27,2025-06-03,8,안목-안목커피거리,8
2025,42002035,222,강릉-동진버스,True,4200102,강릉고입구,BIS inventory,True,True,48,45,128.92044843215433,37.78352944320342,17,36,36,12,0.404088,1.727447,2025-05-27,2025-06-03,8,안목-안목커피거리,8
2025,42002035,222,강릉-동진버스,True,4200103,경포고교,BIS inventory,True,True,47,44,128.9190546436117,37.78057981084284,9,13,42,26,0.213929,0.6238,2025-05-27,2025-06-03,8,안목-안목커피거리,6
2025,42002035,222,강릉-동진버스,True,4200104,동명중학교,BIS inventory,True,True,12,9,128.91637238303827,37.777185998905715,33,0,28,,0.784407,0.0,2025-05-27,2025-06-03,8,안목-안목커피거리,8
2025,42002035,222,강릉-동진버스,True,4200105,동명중학교,BIS inventory,True,True,45,42,128.9161008666347,37.77658681943468,15,8,38,34,0.356549,0.383877,2025-05-27,2025-06-03,8,안목-안목커피거리,4
2025,42002035,222,강릉-동진버스,True,4200106,KT,BIS inventory,True,True,14,11,128.91181164590185,37.77275858732733,226,10,4,29,5.371999,0.479846,2025-05-27,2025-06-03,8,안목-안목커피거리,8
2025,42002035,222,강릉-동진버스,True,4200107,KT,BIS inventory,True,True,43,40,128.9125052185983,37.77309475265464,27,56,29,8,0.641787,2.68714,2025-05-27,2025-06-03,8,안목-안목커피거리,8
2025,42002035,222,강릉-동진버스,True,4200108,동인병원입구,BIS inventory,True,True,15,12,128.90953558421478,37.77125258486367,112,5,10,41,2.66223,0.239923,2025-05-27,2025-06-03,8,안목-안목커피거리,8
2025,42002035,222,강릉-동진버스,True,4200109,동인병원입구,BIS inventory,True,True,42,39,128.9094857690125,37.77102450992961,18,50,35,9,0.427858,2.399232,2025-05-27,2025-06-03,8,안목-안목커피거리,8
2025,42002035,222,강릉-동진버스,True,4200110,하슬라중,BIS inventory,True,True,16,13,128.90715554439282,37.77053362559672,93,9,12,33,2.210601,0.431862,2025-05-27,2025-06-03,8,안목-안목커피거리,8
2025,42002035,222,강릉-동진버스,True,4200111,하슬라중,BIS inventory,True,True,41,38,128.90761293140218,37.77043125987649,24,34,31,15,0.570478,1.631478,2025-05-27,2025-06-03,8,안목-안목커피거리,8
2025,42002035,222,강릉-동진버스,True,4200112,강릉관광개발공사,BIS inventory,True,True,17,14,128.9085231695166,37.76800046518587,35,8,24,34,0.831947,0.383877,2025-05-27,2025-06-03,8,안목-안목커피거리,8
2025,42002035,222,강릉-동진버스,True,4200113,강릉관광개발공사,BIS inventory,True,True,40,37,128.90865897771857,37.76820323697218,11,22,41,20,0.261469,1.055662,2025-05-27,2025-06-03,8,안목-안목커피거리,8
2025,42002035,222,강릉-동진버스,True,4200251,한국은행,BIS inventory,True,True,23,20,128.89406630781096,37.753485602290496,213,99,5,5,5.06299,4.75048,2025-05-27,2025-06-03,8,안목-안목커피거리,8
2025,42002035,222,강릉-동진버스,True,4200252,신영극장,BIS inventory,True,True,36,33,128.8961287589657,37.75448236011555,658,432,2,2,15.640599,20.729367,2025-05-27,2025-06-03,8,안목-안목커피거리,8
2025,42002035,222,강릉-동진버스,True,4200253,교보생명,BIS inventory,True,True,22,19,128.89811415297848,37.756002485379526,407,443,3,1,9.674352,21.257198,2025-05-27,2025-06-03,8,안목-안목커피거리,8
2025,42002035,222,강릉-동진버스,True,4200258,용지각,BIS inventory,True,True,38,35,128.90534669055177,37.76147384168322,35,27,24,19,0.831947,1.295585,2025-05-27,2025-06-03,8,안목-안목커피거리,8
2025,42002035,222,강릉-동진버스,True,4200259,용지각,BIS inventory,True,True,20,17,128.90537716328666,37.76184119439877,57,20,21,22,1.354885,0.959693,2025-05-27,2025-06-03,8,안목-안목커피거리,8
2025,42002035,222,강릉-동진버스,True,4200260,동남아파트,BIS inventory,True,True,39,36,128.9088062489658,37.764638779656714,20,42,33,10,0.475398,2.015355,2025-05-27,2025-06-03,8,안목-안목커피거리,8
2025,42002035,222,강릉-동진버스,True,4200262,로얄아파트.포남1동주민센터,BIS inventory,True,True,18,15,128.90933288179943,37.76545703763149,93,10,12,29,2.210601,0.479846,2025-05-27,2025-06-03,8,안목-안목커피거리,8
2025,42002035,222,강릉-동진버스,True,4200279,신도브래뉴,BIS inventory,True,True,54,50,128.93862914925478,37.77730338810464,0,14,,25,0.0,0.671785,2025-05-27,2025-06-03,8,안목-안목커피거리,6
2025,42002035,222,강릉-동진버스,True,4200280,송정해변,BIS inventory,True,True,3,1,128.9381119893655,37.77768849372205,35,2,24,47,0.831947,0.095969,2025-05-27,2025-06-03,8,안목-안목커피거리,7
2025,42002035,222,강릉-동진버스,True,4200288,경포고교,BIS inventory,True,True,10,7,128.91881546540267,37.78075927662396,109,4,11,43,2.59092,0.191939,2025-05-27,2025-06-03,8,안목-안목커피거리,8
2025,42002035,222,강릉-동진버스,True,4200289,한솔초교,BIS inventory,True,True,13,10,128.9142086436632,37.775058134113436,69,6,17,40,1.640124,0.287908,2025-05-27,2025-06-03,8,안목-안목커피거리,8
2025,42002035,222,강릉-동진버스,True,4200290,한솔초교,BIS inventory,True,True,44,41,128.91448068318238,37.77500059793141,3,10,47,29,0.07131,0.479846,2025-05-27,2025-06-03,8,안목-안목커피거리,7
2025,42002035,222,강릉-동진버스,True,4200318,포남시장,BIS inventory,True,True,19,16,128.90766061502285,37.76392281820552,80,7,15,37,1.901593,0.335893,2025-05-27,2025-06-03,8,안목-안목커피거리,8
2025,42002035,222,강릉-동진버스,True,4200357,내곡교,BIS inventory,True,True,33,30,128.88814500034871,37.745625057468914,78,13,16,26,1.854053,0.6238,2025-05-27,2025-06-03,8,안목-안목커피거리,8
2025,42002035,222,강릉-동진버스,True,4200358,삼창그린맨션,BIS inventory,True,True,32,29,128.88749893563826,37.744743384730015,15,3,38,45,0.356549,0.143954,2025-05-27,2025-06-03,8,안목-안목커피거리,8
2025,42002035,222,강릉-동진버스,True,4200359,하나로마트내곡점,BIS inventory,True,True,30,27,128.88026417146904,37.7410809708167,157,5,6,41,3.731875,0.239923,2025-05-27,2025-06-03,8,안목-안목커피거리,8
2025,42002035,222,강릉-동진버스,True,4200360,하나로마트내곡점,BIS inventory,True,True,28,25,128.88016921110417,37.740597240336115,1,38,50,11,0.02377,1.823417,2025-05-27,2025-06-03,8,안목-안목커피거리,8
2025,42002035,222,강릉-동진버스,True,4200361,보건소,BIS inventory,True,True,27,24,128.8822115594926,37.743635964592464,2,82,49,6,0.04754,3.934741,2025-05-27,2025-06-03,8,안목-안목커피거리,8
2025,42002035,222,강릉-동진버스,True,4200850,강릉의료원,BIS inventory,True,True,25,22,128.88880799404643,37.748819708567,17,28,36,18,0.404088,1.34357,2025-05-27,2025-06-03,8,안목-안목커피거리,8
2025,42002035,222,강릉-동진버스,True,4200851,강릉의료원,BIS inventory,True,True,34,31,128.89091430945297,37.74975576653371,34,32,27,17,0.808177,1.535509,2025-05-27,2025-06-03,8,안목-안목커피거리,8
2025,42002035,222,강릉-동진버스,True,4200852,강릉대도호부관아,BIS inventory,True,True,24,21,128.8916610029413,37.75117323796815,68,35,18,13,1.616354,1.679463,2025-05-27,2025-06-03,8,안목-안목커피거리,8
2025,42002035,222,강릉-동진버스,True,4200853,강릉대도호부관아,BIS inventory,True,True,35,32,128.89234522879923,37.75163825691615,21,68,32,7,0.499168,3.262956,2025-05-27,2025-06-03,8,안목-안목커피거리,8
2025,42002035,222,강릉-동진버스,True,4201043,안목,BIS inventory,True,True,1,0,128.94526892930932,37.77285146151794,115,0,8,,2.733539,0.0,2025-05-27,2025-06-03,8,안목-안목커피거리,8
2025,42002035,222,강릉-동진버스,True,4201044,안목커피거리,BIS inventory,True,True,56,51,128.94543559396536,37.77260342997581,20,102,33,4,0.475398,4.894434,2025-05-27,2025-06-03,8,안목-안목커피거리,8
2025,42002035,222,강릉-동진버스,True,4201220,포남2주공입구,BIS inventory,True,True,11,8,128.9179885478381,37.77901498558293,45,3,23,45,1.069646,0.143954,2025-05-27,2025-06-03,8,안목-안목커피거리,8
2025,42002035,222,강릉-동진버스,True,4201233,초당분수공원,BIS inventory,True,True,8,5,128.9221385517862,37.785996929695614,84,4,14,43,1.996672,0.191939,2025-05-27,2025-06-03,8,안목-안목커피거리,8
2025,42002035,222,강릉-동진버스,True,4201234,초당분수공원,BIS inventory,True,True,49,46,128.92421540479356,37.78614360918137,3,33,47,16,0.07131,1.583493,2025-05-27,2025-06-03,8,안목-안목커피거리,8
2025,42002035,222,강릉-동진버스,True,4201236,포남2주공입구,BIS inventory,True,True,46,43,128.91810027987142,37.77873395771816,6,17,44,23,0.142619,0.815739,2025-05-27,2025-06-03,8,안목-안목커피거리,8
2025,42002036,223,강릉-동진버스,True,4200001,내곡교,BIS inventory,True,True,27,24,128.88717490623026,37.74653766880734,33,94,23,8,0.500227,3.046014,2025-05-27,2025-06-03,8,안목-가톨릭관동대학교,8
2025,42002036,223,강릉-동진버스,True,4200052,송정래미안,BIS inventory,True,True,6,4,128.93038982126572,37.78292573478735,22,1,25,25,0.333485,0.032404,2025-05-27,2025-06-03,8,안목-가톨릭관동대학교,7
2025,42002036,223,강릉-동진버스,True,4200053,오성학교,BIS inventory,True,True,5,3,128.93312248716418,37.77978287851338,80,1,19,25,1.212672,0.032404,2025-05-27,2025-06-03,8,안목-가톨릭관동대학교,8
2025,42002036,223,강릉-동진버스,True,4200055,해당화연립,BIS inventory,True,True,4,2,128.93501598562065,37.778964657496246,106,1,15,25,1.606791,0.032404,2025-05-27,2025-06-03,8,안목-가톨릭관동대학교,8
2025,42002036,223,강릉-동진버스,True,4200057,강릉경찰서,BIS inventory,True,True,17,14,128.90688706685629,37.768055768979885,164,25,12,14,2.485978,0.81011,2025-05-27,2025-06-03,8,안목-가톨릭관동대학교,8
2025,42002036,223,강릉-동진버스,True,4200063,가톨릭관동대학교,BIS inventory,True,True,30,27,128.87804152995903,37.738296118202754,0,654,,2,0.0,21.192482,2025-05-27,2025-06-03,8,안목-가톨릭관동대학교,8
2025,42002036,223,강릉-동진버스,True,4200101,강릉고입구,BIS inventory,True,True,9,6,128.92013482012848,37.783607089094346,225,15,9,18,3.410641,0.486066,2025-05-27,2025-06-03,8,안목-가톨릭관동대학교,8
2025,42002036,223,강릉-동진버스,True,4200104,동명중학교,BIS inventory,True,True,12,9,128.91637238303827,37.777185998905715,77,3,20,23,1.167197,0.097213,2025-05-27,2025-06-03,8,안목-가톨릭관동대학교,8
2025,42002036,223,강릉-동진버스,True,4200106,KT,BIS inventory,True,True,14,11,128.91181164590185,37.77275858732733,545,34,5,12,8.261331,1.10175,2025-05-27,2025-06-03,8,안목-가톨릭관동대학교,8
2025,42002036,223,강릉-동진버스,True,4200108,동인병원입구,BIS inventory,True,True,15,12,128.90953558421478,37.77125258486367,237,25,8,14,3.592542,0.81011,2025-05-27,2025-06-03,8,안목-가톨릭관동대학교,8
2025,42002036,223,강릉-동진버스,True,4200110,하슬라중,BIS inventory,True,True,16,13,128.90715554439282,37.77053362559672,158,7,13,20,2.395028,0.226831,2025-05-27,2025-06-03,8,안목-가톨릭관동대학교,8
2025,42002036,223,강릉-동진버스,True,4200251,한국은행,BIS inventory,True,True,23,20,128.89406630781096,37.753485602290496,823,219,2,5,12.475368,7.096565,2025-05-27,2025-06-03,8,안목-가톨릭관동대학교,8
2025,42002036,223,강릉-동진버스,True,4200253,교보생명,BIS inventory,True,True,22,19,128.89811415297848,37.756002485379526,1366,908,1,1,20.706382,29.423202,2025-05-27,2025-06-03,8,안목-가톨릭관동대학교,8
2025,42002036,223,강릉-동진버스,True,4200280,송정해변,BIS inventory,True,True,3,1,128.9381119893655,37.77768849372205,89,1,18,25,1.349098,0.032404,2025-05-27,2025-06-03,8,안목-가톨릭관동대학교,8
2025,42002036,223,강릉-동진버스,True,4200288,경포고교,BIS inventory,True,True,10,7,128.91881546540267,37.78075927662396,287,9,7,19,4.350462,0.29164,2025-05-27,2025-06-03,8,안목-가톨릭관동대학교,8
2025,42002036,223,강릉-동진버스,True,4200289,한솔초교,BIS inventory,True,True,13,10,128.9142086436632,37.775058134113436,169,17,11,16,2.561771,0.550875,2025-05-27,2025-06-03,8,안목-가톨릭관동대학교,8
2025,42002036,223,강릉-동진버스,True,4200320,강릉역육거리,BIS inventory,True,True,19,16,128.9015605860337,37.763796951176055,52,29,21,13,0.788237,0.939728,2025-05-27,2025-06-03,8,안목-가톨릭관동대학교,8
2025,42002036,223,강릉-동진버스,True,4200322,동도센트리움,BIS inventory,True,True,18,15,128.90456486009336,37.76619195310031,108,17,14,16,1.637108,0.550875,2025-05-27,2025-06-03,8,안목-가톨릭관동대학교,8
2025,42002036,223,강릉-동진버스,True,4200360,하나로마트내곡점,BIS inventory,True,True,29,26,128.88016921110417,37.740597240336115,1,163,27,6,0.015158,5.281918,2025-05-27,2025-06-03,8,안목-가톨릭관동대학교,8
2025,42002036,223,강릉-동진버스,True,4200361,보건소,BIS inventory,True,True,28,25,128.8822115594926,37.743635964592464,6,230,26,4,0.09095,7.453014,2025-05-27,2025-06-03,8,안목-가톨릭관동대학교,8
2025,42002036,223,강릉-동진버스,True,4200721,강릉역,BIS inventory,True,True,20,17,128.8992580056024,37.76416330670135,642,289,3,3,9.731696,9.364874,2025-05-27,2025-06-03,8,안목-가톨릭관동대학교,8
2025,42002036,223,강릉-동진버스,True,4201032,삼개사입구,BIS inventory,True,True,26,23,128.88684645443755,37.75026780562399,24,78,24,10,0.363802,2.527544,2025-05-27,2025-06-03,8,안목-가톨릭관동대학교,8
2025,42002036,223,강릉-동진버스,True,4201034,장수탕,BIS inventory,True,True,25,22,128.8873508979562,37.75226332684143,50,87,22,9,0.75792,2.819183,2025-05-27,2025-06-03,8,안목-가톨릭관동대학교,8
2025,42002036,223,강릉-동진버스,True,4201036,용강동,BIS inventory,True,True,24,21,128.89145488440622,37.7543870741593,327,41,6,11,4.956799,1.328581,2025-05-27,2025-06-03,8,안목-가톨릭관동대학교,8
2025,42002036,223,강릉-동진버스,True,4201039,강릉농협중앙지점,BIS inventory,True,True,21,18,128.8996914930678,37.76005119983009,103,124,16,7,1.561316,4.018146,2025-05-27,2025-06-03,8,안목-가톨릭관동대학교,8
2025,42002036,223,강릉-동진버스,True,4201043,안목,BIS inventory,True,True,1,0,128.94526892930932,37.77285146151794,591,4,4,22,8.958618,0.129618,2025-05-27,2025-06-03,8,안목-가톨릭관동대학교,8
2025,42002036,223,강릉-동진버스,True,4201220,포남2주공입구,BIS inventory,True,True,11,8,128.9179885478381,37.77901498558293,95,7,17,20,1.440049,0.226831,2025-05-27,2025-06-03,8,안목-가톨릭관동대학교,8
2025,42002036,223,강릉-동진버스,True,4201233,초당분수공원,BIS inventory,True,True,8,5,128.9221385517862,37.785996929695614,217,3,10,23,3.289374,0.097213,2025-05-27,2025-06-03,8,안목-가톨릭관동대학교,8
2025,42002037,224,강릉-동진버스,True,4200001,내곡교,BIS inventory,True,True,31,27,128.88717490623026,37.74653766880734,1,0,24,,0.452489,0.0,2025-05-27,2025-06-03,8,안목-안목커피거리,1
2025,42002037,224,강릉-동진버스,True,4200025,금호어울림정문,BIS inventory,True,True,23,20,128.9194883208178,37.754726898441014,1,0,24,,0.452489,0.0,2025-05-27,2025-06-03,8,안목-안목커피거리,1
2025,42002037,224,강릉-동진버스,True,4200051,송정래미안,BIS inventory,True,True,64,58,128.93021609974548,37.78282723196739,0,2,,2,0.0,13.333333,2025-05-27,2025-06-03,8,안목-안목커피거리,2
2025,42002037,224,강릉-동진버스,True,4200054,삼익아파트,BIS inventory,True,True,65,59,128.93336344346523,37.7794509217129,0,2,,2,0.0,13.333333,2025-05-27,2025-06-03,8,안목-안목커피거리,2
2025,42002037,224,강릉-동진버스,True,4200055,해당화연립,BIS inventory,True,True,4,2,128.93501598562065,37.778964657496246,1,0,24,,0.452489,0.0,2025-05-27,2025-06-03,8,안목-안목커피거리,1
2025,42002037,224,강릉-동진버스,True,4200063,가톨릭관동대학교,BIS inventory,True,True,34,30,128.87804152995903,37.738296118202754,5,0,11,,2.262443,0.0,2025-05-27,2025-06-03,8,안목-안목커피거리,3
2025,42002037,224,강릉-동진버스,True,4200101,강릉고입구,BIS inventory,True,True,9,6,128.92013482012848,37.783607089094346,20,0,4,,9.049774,0.0,2025-05-27,2025-06-03,8,안목-안목커피거리,4
2025,42002037,224,강릉-동진버스,True,4200102,강릉고입구,BIS inventory,True,True,61,56,128.92044843215433,37.78352944320342,1,0,24,,0.452489,0.0,2025-05-27,2025-06-03,8,안목-안목커피거리,1
2025,42002037,224,강릉-동진버스,True,4200103,경포고교,BIS inventory,True,True,60,55,128.9190546436117,37.78057981084284,0,3,,1,0.0,20.0,2025-05-27,2025-06-03,8,안목-안목커피거리,3
2025,42002037,224,강릉-동진버스,True,4200104,동명중학교,BIS inventory,True,True,12,9,128.91637238303827,37.777185998905715,2,1,20,6,0.904977,6.666667,2025-05-27,2025-06-03,8,안목-안목커피거리,2
2025,42002037,224,강릉-동진버스,True,4200106,KT,BIS inventory,True,True,14,11,128.91181164590185,37.77275858732733,2,0,20,,0.904977,0.0,2025-05-27,2025-06-03,8,안목-안목커피거리,2
2025,42002037,224,강릉-동진버스,True,4200107,KT,BIS inventory,True,True,56,51,128.9125052185983,37.77309475265464,6,0,9,,2.714932,0.0,2025-05-27,2025-06-03,8,안목-안목커피거리,3
2025,42002037,224,강릉-동진버스,True,4200109,동인병원입구,BIS inventory,True,True,55,50,128.9094857690125,37.77102450992961,3,0,19,,1.357466,0.0,2025-05-27,2025-06-03,8,안목-안목커피거리,2
2025,42002037,224,강릉-동진버스,True,4200110,하슬라중,BIS inventory,True,True,16,13,128.90715554439282,37.77053362559672,4,0,12,,1.809955,0.0,2025-05-27,2025-06-03,8,안목-안목커피거리,2
2025,42002037,224,강릉-동진버스,True,4200111,하슬라중,BIS inventory,True,True,54,49,128.90761293140218,37.77043125987649,6,0,9,,2.714932,0.0,2025-05-27,2025-06-03,8,안목-안목커피거리,5
2025,42002037,224,강릉-동진버스,True,4200288,경포고교,BIS inventory,True,True,10,7,128.91881546540267,37.78075927662396,44,1,1,6,19.909502,6.666667,2025-05-27,2025-06-03,8,안목-안목커피거리,5
2025,42002037,224,강릉-동진버스,True,4200289,한솔초교,BIS inventory,True,True,13,10,128.9142086436632,37.775058134113436,1,0,24,,0.452489,0.0,2025-05-27,2025-06-03,8,안목-안목커피거리,1
2025,42002037,224,강릉-동진버스,True,4200290,한솔초교,BIS inventory,True,True,57,52,128.91448068318238,37.77500059793141,1,0,24,,0.452489,0.0,2025-05-27,2025-06-03,8,안목-안목커피거리,1
2025,42002037,224,강릉-동진버스,True,4200357,내곡교,BIS inventory,True,True,38,34,128.88814500034871,37.745625057468914,4,0,12,,1.809955,0.0,2025-05-27,2025-06-03,8,안목-안목커피거리,4
2025,42002037,224,강릉-동진버스,True,4200358,삼창그린맨션,BIS inventory,True,True,37,33,128.88749893563826,37.744743384730015,1,0,24,,0.452489,0.0,2025-05-27,2025-06-03,8,안목-안목커피거리,1
2025,42002037,224,강릉-동진버스,True,4200359,하나로마트내곡점,BIS inventory,True,True,35,31,128.88026417146904,37.7410809708167,4,0,12,,1.809955,0.0,2025-05-27,2025-06-03,8,안목-안목커피거리,4
2025,42002037,224,강릉-동진버스,True,4200360,하나로마트내곡점,BIS inventory,True,True,33,29,128.88016921110417,37.740597240336115,0,1,,6,0.0,6.666667,2025-05-27,2025-06-03,8,안목-안목커피거리,1
2025,42002037,224,강릉-동진버스,True,4200751,금호어울림정문,BIS inventory,True,True,47,42,128.91957971290998,37.754473371718376,32,0,2,,14.479638,0.0,2025-05-27,2025-06-03,8,안목-안목커피거리,5
2025,42002037,224,강릉-동진버스,True,4200752,중앙초교,BIS inventory,True,True,48,43,128.9223833558042,37.757342016100644,2,0,20,,0.904977,0.0,2025-05-27,2025-06-03,8,안목-안목커피거리,2
2025,42002037,224,강릉-동진버스,True,4200754,입암6주공아파트,BIS inventory,True,True,49,44,128.9200510349674,37.759167158773394,7,0,8,,3.167421,0.0,2025-05-27,2025-06-03,8,안목-안목커피거리,5
2025,42002037,224,강릉-동진버스,True,4200755,입암6주공아파트,BIS inventory,True,True,21,18,128.91994172349143,37.75895755917794,1,0,24,,0.452489,0.0,2025-05-27,2025-06-03,8,안목-안목커피거리,1
2025,42002037,224,강릉-동진버스,True,4200763,입암현대아파트,BIS inventory,True,True,45,41,128.91229270015563,37.753112836072376,4,0,12,,1.809955,0.0,2025-05-27,2025-06-03,8,안목-안목커피거리,3
2025,42002037,224,강릉-동진버스,True,4200764,대목아파트,BIS inventory,True,True,44,40,128.91036775859212,37.7552461618319,10,0,6,,4.524887,0.0,2025-05-27,2025-06-03,8,안목-안목커피거리,4
2025,42002037,224,강릉-동진버스,True,4200765,성덕초등학교,BIS inventory,True,True,26,22,128.91017117535122,37.75573609872045,4,0,12,,1.809955,0.0,2025-05-27,2025-06-03,8,안목-안목커피거리,3
2025,42002037,224,강릉-동진버스,True,4200767,입암1주공아파트,BIS inventory,True,True,43,39,128.90600846284408,37.75457671115239,8,0,7,,3.61991,0.0,2025-05-27,2025-06-03,8,안목-안목커피거리,4
2025,42002037,224,강릉-동진버스,True,4200794,잠수교,BIS inventory,True,True,41,37,128.8998046277538,37.75006345498387,1,0,24,,0.452489,0.0,2025-05-27,2025-06-03,8,안목-안목커피거리,1
2025,42002037,224,강릉-동진버스,True,4200795,신화아파트,BIS inventory,True,True,30,26,128.89739318948855,37.749293198227164,0,2,,2,0.0,13.333333,2025-05-27,2025-06-03,8,안목-안목커피거리,1
2025,42002037,224,강릉-동진버스,True,4200796,신화아파트,BIS inventory,True,True,40,36,128.8983309878122,37.7493513359141,0,1,,6,0.0,6.666667,2025-05-27,2025-06-03,8,안목-안목커피거리,1
2025,42002037,224,강릉-동진버스,True,4201043,안목,BIS inventory,True,True,1,0,128.94526892930932,37.77285146151794,4,0,12,,1.809955,0.0,2025-05-27,2025-06-03,8,안목-안목커피거리,2
2025,42002037,224,강릉-동진버스,True,4201045,성덕동주민센터,BIS inventory,True,True,18,15,128.91516594318634,37.762763608124146,2,0,20,,0.904977,0.0,2025-05-27,2025-06-03,8,안목-안목커피거리,2
2025,42002037,224,강릉-동진버스,True,4201046,성덕동주민센터,BIS inventory,True,True,52,47,128.91533375948597,37.76294836172143,0,2,,2,0.0,13.333333,2025-05-27,2025-06-03,8,안목-안목커피거리,2
2025,42002037,224,강릉-동진버스,True,4201048,입암4주공아파트,BIS inventory,True,True,51,46,128.9166989706064,37.761858842951916,11,0,5,,4.977376,0.0,2025-05-27,2025-06-03,8,안목-안목커피거리,5
2025,42002037,224,강릉-동진버스,True,4201049,원마트,BIS inventory,True,True,20,17,128.91839757804996,37.76020248248705,1,0,24,,0.452489,0.0,2025-05-27,2025-06-03,8,안목-안목커피거리,1
2025,42002037,224,강릉-동진버스,True,4201233,초당분수공원,BIS inventory,True,True,8,5,128.9221385517862,37.785996929695614,23,0,3,,10.40724,0.0,2025-05-27,2025-06-03,8,안목-안목커피거리,4
2025,42002037,224,강릉-동진버스,True,4201243,양우내안애아파트,BIS inventory,True,True,42,38,128.90225216607172,37.751490811466354,4,0,12,,1.809955,0.0,2025-05-27,2025-06-03,8,안목-안목커피거리,4
2025,42002038,227,강릉-동진버스,True,4200060,솔올중학교,BIS inventory,True,True,32,30,128.8798722504925,37.77163504014371,121,14,25,38,1.090287,0.287652,2025-05-27,2025-06-03,8,남항진해변-남항진해변,8
2025,42002038,227,강릉-동진버스,True,4200080,경포초등학교,BIS inventory,True,True,33,31,128.87893593974582,37.76974854746925,251,17,14,34,2.261669,0.349291,2025-05-27,2025-06-03,8,남항진해변-남항진해변,8
2025,42002038,227,강릉-동진버스,True,4200114,고용센터,BIS inventory,True,True,20,18,128.88893105798073,37.75744085258255,47,25,31,30,0.4235,0.513663,2025-05-27,2025-06-03,8,남항진해변-남항진해변,8
2025,42002038,227,강릉-동진버스,True,4200115,고용센터,BIS inventory,True,True,43,41,128.8890663454416,37.75714942132559,76,60,28,22,0.684808,1.232792,2025-05-27,2025-06-03,8,남항진해변-남항진해변,8
2025,42002038,227,강릉-동진버스,True,4200116,적십자입구,BIS inventory,True,True,21,19,128.88726321660565,37.757196360936135,33,16,36,36,0.297351,0.328745,2025-05-27,2025-06-03,8,남항진해변-남항진해변,8
2025,42002038,227,강릉-동진버스,True,4200117,적십자입구,BIS inventory,True,True,42,40,128.88647213220725,37.75676623567213,57,12,30,42,0.513606,0.246558,2025-05-27,2025-06-03,8,남항진해변-남항진해변,8
2025,42002038,227,강릉-동진버스,True,4200118,터미널오거리,BIS inventory,True,True,22,20,128.8840640923818,37.75608209292866,18,59,41,23,0.162191,1.212246,2025-05-27,2025-06-03,8,남항진해변-남항진해변,8
2025,42002038,227,강릉-동진버스,True,4200119,터미널오거리,BIS inventory,True,True,41,39,128.88381140539954,37.755579088211434,103,10,26,43,0.928095,0.205465,2025-05-27,2025-06-03,8,남항진해변-남항진해변,8
2025,42002038,227,강릉-동진버스,True,4200120,강릉시외.고속터미널,BIS inventory,True,True,23,21,128.8792265208128,37.75505492071011,151,317,22,4,1.360606,6.513253,2025-05-27,2025-06-03,8,남항진해변-남항진해변,8
2025,42002038,227,강릉-동진버스,True,4200121,강릉시외.고속터미널,BIS inventory,True,True,40,38,128.87911620808939,37.75486594086855,584,65,7,20,5.262209,1.335525,2025-05-27,2025-06-03,8,남항진해변-남항진해변,8
2025,42002038,227,강릉-동진버스,True,4200122,강릉문화원,BIS inventory,True,True,24,22,128.8740921031382,37.75789663608161,6,92,47,13,0.054064,1.890281,2025-05-27,2025-06-03,8,남항진해변-남항진해변,8
2025,42002038,227,강릉-동진버스,True,4200123,우편집중국,BIS inventory,True,True,25,23,128.8733706824724,37.76051485370646,5,87,48,14,0.045053,1.787549,2025-05-27,2025-06-03,8,남항진해변-남항진해변,8
2025,42002038,227,강릉-동진버스,True,4200124,우편집중국,BIS inventory,True,True,39,37,128.87347187490323,37.76156496879712,330,18,11,33,2.973509,0.369838,2025-05-27,2025-06-03,8,남항진해변-남항진해변,8
2025,42002038,227,강릉-동진버스,True,4200125,솔올공연장,BIS inventory,True,True,26,24,128.87460623301726,37.76366952964576,12,178,44,6,0.108128,3.657284,2025-05-27,2025-06-03,8,남항진해변-남항진해변,8
2025,42002038,227,강릉-동진버스,True,4200126,솔올공연장,BIS inventory,True,True,38,36,128.87424793205705,37.763507530751156,351,1,10,51,3.162732,0.020547,2025-05-27,2025-06-03,8,남항진해변-남항진해변,8
2025,42002038,227,강릉-동진버스,True,4200127,구름다리,BIS inventory,True,True,27,25,128.87654770197503,37.764512872809554,22,170,38,8,0.198234,3.492911,2025-05-27,2025-06-03,8,남항진해변-남항진해변,8
2025,42002038,227,강릉-동진버스,True,4200128,구름다리,BIS inventory,True,True,37,35,128.87743298775584,37.764682397677966,666,17,5,34,6.001081,0.349291,2025-05-27,2025-06-03,8,남항진해변-남항진해변,8
2025,42002038,227,강릉-동진버스,True,4200129,주공3차아파트,BIS inventory,True,True,28,26,128.87933873663175,37.76410589188944,11,80,45,15,0.099117,1.643723,2025-05-27,2025-06-03,8,남항진해변-남항진해변,8
2025,42002038,227,강릉-동진버스,True,4200130,현대2차아파트,BIS inventory,True,True,36,34,128.87999435131803,37.764311243841746,311,2,13,50,2.802307,0.041093,2025-05-27,2025-06-03,8,남항진해변-남항진해변,8
2025,42002038,227,강릉-동진버스,True,4200131,하이빌현대아파트,BIS inventory,True,True,29,27,128.8824547932286,37.764860822549025,0,34,,28,0.0,0.698582,2025-05-27,2025-06-03,8,남항진해변-남항진해변,8
2025,42002038,227,강릉-동진버스,True,4200132,율곡초등학교,BIS inventory,True,True,35,33,128.88221538693716,37.765100900268116,59,3,29,48,0.531627,0.06164,2025-05-27,2025-06-03,8,남항진해변-남항진해변,8
2025,42002038,227,강릉-동진버스,True,4200133,주공1차아파트,BIS inventory,True,True,30,28,128.88288690646792,37.76665665089728,4,54,49,24,0.036043,1.109513,2025-05-27,2025-06-03,8,남항진해변-남항진해변,8
2025,42002038,227,강릉-동진버스,True,4200134,부영2차아파트,BIS inventory,True,True,31,29,128.88281079370944,37.77016072015751,156,76,21,17,1.405659,1.561537,2025-05-27,2025-06-03,8,남항진해변-남항진해변,8
2025,42002038,227,강릉-동진버스,True,4200249,용강동서부시장,BIS inventory,True,True,44,42,128.89167287030088,37.75492247590215,141,287,23,5,1.270499,5.896856,2025-05-27,2025-06-03,8,남항진해변-남항진해변,8
2025,42002038,227,강릉-동진버스,True,4200250,용강동서부시장,BIS inventory,True,True,19,17,128.89174828581776,37.7556582744871,171,41,20,27,1.540818,0.842408,2025-05-27,2025-06-03,8,남항진해변-남항진해변,8
2025,42002038,227,강릉-동진버스,True,4200251,한국은행,BIS inventory,True,True,18,16,128.89406630781096,37.753485602290496,635,147,6,9,5.721752,3.020341,2025-05-27,2025-06-03,8,남항진해변-남항진해변,8
2025,42002038,227,강릉-동진버스,True,4200252,신영극장,BIS inventory,True,True,45,43,128.8961287589657,37.75448236011555,865,955,3,1,7.794197,19.621944,2025-05-27,2025-06-03,8,남항진해변-남항진해변,8
2025,42002038,227,강릉-동진버스,True,4200253,교보생명,BIS inventory,True,True,17,15,128.89811415297848,37.756002485379526,1329,592,1,2,11.975131,12.16355,2025-05-27,2025-06-03,8,남항진해변-남항진해변,8
2025,42002038,227,강릉-동진버스,True,4200292,주공1차아파트,BIS inventory,True,True,34,32,128.88256780330317,37.766843575404636,192,0,18,,1.730041,0.0,2025-05-27,2025-06-03,8,남항진해변-남항진해변,8
2025,42002038,227,강릉-동진버스,True,4200739,남항진해변,BIS inventory,True,True,1 | 61,58,128.95440005417075,37.764111085296946,239,70,16,19,2.153541,1.438258,2025-05-27,2025-06-03,8,남항진해변-남항진해변,8
2025,42002038,227,강릉-동진버스,True,4200740,남항진,BIS inventory,True,True,2,1,128.95041066307658,37.76404538789595,41,0,33,,0.369436,0.0,2025-05-27,2025-06-03,8,남항진해변-남항진해변,8
2025,42002038,227,강릉-동진버스,True,4200741,남항진,BIS inventory,True,True,60,57,128.95055410190812,37.76391565217945,0,22,,31,0.0,0.452024,2025-05-27,2025-06-03,8,남항진해변-남항진해변,6
2025,42002038,227,강릉-동진버스,True,4200742,자루뫼.옹심이마을,BIS inventory,True,True,4,3,128.93910155337016,37.76225882808405,174,8,19,46,1.56785,0.164372,2025-05-27,2025-06-03,8,남항진해변-남항진해변,8
2025,42002038,227,강릉-동진버스,True,4200743,자루뫼.옹심이마을,BIS inventory,True,True,58,55,128.93907508604704,37.76218611247613,2,48,52,25,0.018021,0.986234,2025-05-27,2025-06-03,8,남항진해변-남항진해변,8
2025,42002038,227,강릉-동진버스,True,4200744,학우리,BIS inventory,True,True,5,4,128.93367670500427,37.76075578732405,19,1,40,51,0.171202,0.020547,2025-05-27,2025-06-03,8,남항진해변-남항진해변,5
2025,42002038,227,강릉-동진버스,True,4200745,반쟁이,BIS inventory,True,True,57,54,128.93382070402052,37.76052490759301,0,14,,38,0.0,0.287652,2025-05-27,2025-06-03,8,남항진해변-남항진해변,5
2025,42002038,227,강릉-동진버스,True,4200746,핸들,BIS inventory,True,True,6,5,128.93045204662351,37.75995348297138,10,0,46,,0.090106,0.0,2025-05-27,2025-06-03,8,남항진해변-남항진해변,5
2025,42002038,227,강릉-동진버스,True,4200747,핸들,BIS inventory,True,True,56,53,128.9303807394757,37.75966393792041,0,3,,48,0.0,0.06164,2025-05-27,2025-06-03,8,남항진해변-남항진해변,3
2025,42002038,227,강릉-동진버스,True,4200748,차돌광,BIS inventory,True,True,7,6,128.92675717507132,37.75922428188879,20,1,39,51,0.180213,0.020547,2025-05-27,2025-06-03,8,남항진해변-남항진해변,8
2025,42002038,227,강릉-동진버스,True,4200749,차돌광,BIS inventory,True,True,55,52,128.92683577267843,37.75897194822883,3,13,50,40,0.027032,0.267105,2025-05-27,2025-06-03,8,남항진해변-남항진해변,7
2025,42002038,227,강릉-동진버스,True,4200752,중앙초교,BIS inventory,True,True,8,7,128.9223833558042,37.757342016100644,389,19,8,32,3.505136,0.390384,2025-05-27,2025-06-03,8,남항진해변-남항진해변,8
2025,42002038,227,강릉-동진버스,True,4200753,중앙초교,BIS inventory,True,True,54,51,128.92202942311576,37.75730416097501,17,77,43,16,0.153181,1.582083,2025-05-27,2025-06-03,8,남항진해변-남항진해변,8
2025,42002038,227,강릉-동진버스,True,4200754,입암6주공아파트,BIS inventory,True,True,9,8,128.9200510349674,37.759167158773394,669,9,4,44,6.028113,0.184919,2025-05-27,2025-06-03,8,남항진해변-남항진해변,8
2025,42002038,227,강릉-동진버스,True,4200755,입암6주공아파트,BIS inventory,True,True,53,50,128.91994172349143,37.75895755917794,34,132,35,10,0.306362,2.712143,2025-05-27,2025-06-03,8,남항진해변-남항진해변,8
2025,42002038,227,강릉-동진버스,True,4200762,입암현대아파트,BIS inventory,True,True,13,11,128.91270364556544,37.753026994257695,330,9,11,44,2.973509,0.184919,2025-05-27,2025-06-03,8,남항진해변-남항진해변,8
2025,42002038,227,강릉-동진버스,True,4200763,입암현대아파트,BIS inventory,True,True,49,47,128.91229270015563,37.753112836072376,28,101,37,12,0.252298,2.0752,2025-05-27,2025-06-03,8,남항진해변-남항진해변,8
2025,42002038,227,강릉-동진버스,True,4200764,대목아파트,BIS inventory,True,True,48,46,128.91036775859212,37.7552461618319,45,71,32,18,0.405478,1.458804,2025-05-27,2025-06-03,8,남항진해변-남항진해변,8
2025,42002038,227,강릉-동진버스,True,4200765,성덕초등학교,BIS inventory,True,True,14,12,128.91017117535122,37.75573609872045,358,13,9,40,3.225806,0.267105,2025-05-27,2025-06-03,8,남항진해변-남항진해변,8
2025,42002038,227,강릉-동진버스,True,4200766,입암1주공아파트,BIS inventory,True,True,15,13,128.90620017782277,37.75501242269486,131,61,24,21,1.180393,1.253339,2025-05-27,2025-06-03,8,남항진해변-남항진해변,8
2025,42002038,227,강릉-동진버스,True,4200767,입암1주공아파트,BIS inventory,True,True,47,45,128.90600846284408,37.75457671115239,18,30,41,29,0.162191,0.616396,2025-05-27,2025-06-03,8,남항진해변-남항진해변,8
2025,42002038,227,강릉-동진버스,True,4201051,입암6주공오거리,BIS inventory,True,True,10,9,128.91813149011642,37.75937340656549,199,1,17,51,1.793116,0.020547,2025-05-27,2025-06-03,8,남항진해변-남항진해변,8
2025,42002038,227,강릉-동진버스,True,4201052,입암6주공오거리,BIS inventory,True,True,52,49,128.91746262041485,37.758678282328006,3,132,50,10,0.027032,2.712143,2025-05-27,2025-06-03,8,남항진해변-남항진해변,8
2025,42002038,227,강릉-동진버스,True,4201053,금호어울림,BIS inventory,True,True,11,10,128.9156520837289,37.754995794611034,242,6,15,47,2.180573,0.123279,2025-05-27,2025-06-03,8,남항진해변-남항진해변,8
2025,42002038,227,강릉-동진버스,True,4201054,금호어울림,BIS inventory,True,True,51,48,128.91590296498018,37.75518531900659,1,44,53,26,0.009011,0.904048,2025-05-27,2025-06-03,8,남항진해변-남항진해변,8
2025,42002038,227,강릉-동진버스,True,4201198,남대천.강릉교,BIS inventory,True,True,16,14,128.9010015999516,37.75454267936518,84,364,27,3,0.756893,7.47894,2025-05-27,2025-06-03,8,남항진해변-남항진해변,8
2025,42002038,227,강릉-동진버스,True,4201199,남대천.강릉교,BIS inventory,True,True,46,44,128.9010687000649,37.75417893755025,1297,174,2,7,11.68679,3.575098,2025-05-27,2025-06-03,8,남항진해변-남항진해변,8
2025,42002038,227,강릉-동진버스,True,4201224,교통안전교육장,BIS inventory,True,True,59,56,128.94081916548228,37.76277976059592,0,15,,37,0.0,0.308198,2025-05-27,2025-06-03,8,남항진해변-남항진해변,6
2025,42002038,227,강릉-동진버스,True,4201225,교통안전교육장,BIS inventory,True,True,3,2,128.94086858039023,37.762907619978066,38,0,34,,0.342404,0.0,2025-05-27,2025-06-03,8,남항진해변-남항진해변,8
2025,42002040,228,강릉-동진버스,True,4200045,형제막국수,BIS inventory,True,True,23,22,128.86624288991882,37.755124519467394,57,0,18,,1.05341,0.0,2025-05-27,2025-06-03,8,남항진해변-남항진해변,6
2025,42002040,228,강릉-동진버스,True,4200114,고용센터,BIS inventory,True,True,17,16,128.88893105798073,37.75744085258255,26,12,23,24,0.480503,0.480192,2025-05-27,2025-06-03,8,남항진해변-남항진해변,8
2025,42002040,228,강릉-동진버스,True,4200115,고용센터,BIS inventory,True,True,29,28,128.8890663454416,37.75714942132559,33,30,21,18,0.609869,1.20048,2025-05-27,2025-06-03,8,남항진해변-남항진해변,7
2025,42002040,228,강릉-동진버스,True,4200116,적십자입구,BIS inventory,True,True,18,17,128.88726321660565,37.757196360936135,10,10,32,27,0.184809,0.40016,2025-05-27,2025-06-03,8,남항진해변-남항진해변,8
2025,42002040,228,강릉-동진버스,True,4200117,적십자입구,BIS inventory,True,True,28,27,128.88647213220725,37.75676623567213,42,10,20,27,0.776197,0.40016,2025-05-27,2025-06-03,8,남항진해변-남항진해변,8
2025,42002040,228,강릉-동진버스,True,4200118,터미널오거리,BIS inventory,True,True,19,18,128.8840640923818,37.75608209292866,5,23,35,20,0.092404,0.920368,2025-05-27,2025-06-03,8,남항진해변-남항진해변,7
2025,42002040,228,강릉-동진버스,True,4200119,터미널오거리,BIS inventory,True,True,27,26,128.88381140539954,37.755579088211434,54,5,19,34,0.997967,0.20008,2025-05-27,2025-06-03,8,남항진해변-남항진해변,8
2025,42002040,228,강릉-동진버스,True,4200120,강릉시외.고속터미널,BIS inventory,True,True,20,19,128.8792265208128,37.75505492071011,21,118,27,5,0.388098,4.721889,2025-05-27,2025-06-03,8,남항진해변-남항진해변,8
2025,42002040,228,강릉-동진버스,True,4200121,강릉시외.고속터미널,BIS inventory,True,True,26,25,128.87911620808939,37.75486594086855,276,34,8,15,5.100721,1.360544,2025-05-27,2025-06-03,8,남항진해변-남항진해변,8
2025,42002040,228,강릉-동진버스,True,4200249,용강동서부시장,BIS inventory,True,True,30,29,128.89167287030088,37.75492247590215,116,130,15,4,2.143781,5.202081,2025-05-27,2025-06-03,8,남항진해변-남항진해변,8
2025,42002040,228,강릉-동진버스,True,4200250,용강동서부시장,BIS inventory,True,True,16,15,128.89174828581776,37.7556582744871,62,40,17,14,1.145814,1.60064,2025-05-27,2025-06-03,8,남항진해변-남항진해변,8
2025,42002040,228,강릉-동진버스,True,4200251,한국은행,BIS inventory,True,True,15,14,128.89406630781096,37.753485602290496,210,75,10,11,3.880983,3.0012,2025-05-27,2025-06-03,8,남항진해변-남항진해변,8
2025,42002040,228,강릉-동진버스,True,4200252,신영극장,BIS inventory,True,True,31,30,128.8961287589657,37.75448236011555,387,520,6,1,7.152098,20.808323,2025-05-27,2025-06-03,8,남항진해변-남항진해변,8
2025,42002040,228,강릉-동진버스,True,4200253,교보생명,BIS inventory,True,True,14,13,128.89811415297848,37.756002485379526,400,451,5,2,7.392349,18.047219,2025-05-27,2025-06-03,8,남항진해변-남항진해변,8
2025,42002040,228,강릉-동진버스,True,4200543,미디어촌5단지,BIS inventory,True,True,22,21,128.86758571434657,37.753701754139904,751,105,1,6,13.879135,4.201681,2025-05-27,2025-06-03,8,남항진해변-남항진해변,8
2025,42002040,228,강릉-동진버스,True,4200548,강릉소방서,BIS inventory,True,True,25,24,128.87119323619314,37.7580009949989,243,7,9,32,4.490852,0.280112,2025-05-27,2025-06-03,8,남항진해변-남항진해변,8
2025,42002040,228,강릉-동진버스,True,4200565,우미린아파트,BIS inventory,True,True,21,20,128.87023572987053,37.75716460769394,3,85,36,9,0.055443,3.401361,2025-05-27,2025-06-03,8,남항진해변-남항진해변,8
2025,42002040,228,강릉-동진버스,True,4200567,한내들아파트,BIS inventory,True,True,24,23,128.8681446784216,37.75790349269205,167,2,11,38,3.086306,0.080032,2025-05-27,2025-06-03,8,남항진해변-남항진해변,8
2025,42002040,228,강릉-동진버스,True,4200739,남항진해변,BIS inventory,True,True,1 | 44,43,128.95440005417075,37.764111085296946,147,49,13,13,2.716688,1.960784,2025-05-27,2025-06-03,8,남항진해변-남항진해변,8
2025,42002040,228,강릉-동진버스,True,4200740,남항진,BIS inventory,True,True,2,1,128.95041066307658,37.76404538789595,26,0,23,,0.480503,0.0,2025-05-27,2025-06-03,8,남항진해변-남항진해변,8
2025,42002040,228,강릉-동진버스,True,4200741,남항진,BIS inventory,True,True,43,42,128.95055410190812,37.76391565217945,2,9,38,29,0.036962,0.360144,2025-05-27,2025-06-03,8,남항진해변-남항진해변,7
2025,42002040,228,강릉-동진버스,True,4200742,자루뫼.옹심이마을,BIS inventory,True,True,4,3,128.93910155337016,37.76225882808405,87,6,16,33,1.607836,0.240096,2025-05-27,2025-06-03,8,남항진해변-남항진해변,8
2025,42002040,228,강릉-동진버스,True,4200743,자루뫼.옹심이마을,BIS inventory,True,True,41,40,128.93907508604704,37.76218611247613,6,32,34,16,0.110885,1.280512,2025-05-27,2025-06-03,8,남항진해변-남항진해변,8
2025,42002040,228,강릉-동진버스,True,4200744,학우리,BIS inventory,True,True,5,4,128.93367670500427,37.76075578732405,20,4,28,37,0.369617,0.160064,2025-05-27,2025-06-03,8,남항진해변-남항진해변,6
2025,42002040,228,강릉-동진버스,True,4200745,반쟁이,BIS inventory,True,True,40,39,128.93382070402052,37.76052490759301,0,8,,31,0.0,0.320128,2025-05-27,2025-06-03,8,남항진해변-남항진해변,5
2025,42002040,228,강릉-동진버스,True,4200746,핸들,BIS inventory,True,True,6,5,128.93045204662351,37.75995348297138,2,0,38,,0.036962,0.0,2025-05-27,2025-06-03,8,남항진해변-남항진해변,2
2025,42002040,228,강릉-동진버스,True,4200747,핸들,BIS inventory,True,True,39,38,128.9303807394757,37.75966393792041,0,5,,34,0.0,0.20008,2025-05-27,2025-06-03,8,남항진해변-남항진해변,4
2025,42002040,228,강릉-동진버스,True,4200748,차돌광,BIS inventory,True,True,7,6,128.92675717507132,37.75922428188879,22,1,26,39,0.406579,0.040016,2025-05-27,2025-06-03,8,남항진해변-남항진해변,8
2025,42002040,228,강릉-동진버스,True,4200749,차돌광,BIS inventory,True,True,38,37,128.92683577267843,37.75897194822883,0,5,,34,0.0,0.20008,2025-05-27,2025-06-03,8,남항진해변-남항진해변,3
2025,42002040,228,강릉-동진버스,True,4200752,중앙초교,BIS inventory,True,True,8,7,128.9223833558042,37.757342016100644,313,11,7,26,5.784513,0.440176,2025-05-27,2025-06-03,8,남항진해변-남항진해변,8
2025,42002040,228,강릉-동진버스,True,4200753,중앙초교,BIS inventory,True,True,37,36,128.92202942311576,37.75730416097501,8,51,33,12,0.147847,2.040816,2025-05-27,2025-06-03,8,남항진해변-남항진해변,8
2025,42002040,228,강릉-동진버스,True,4200754,입암6주공아파트,BIS inventory,True,True,9,8,128.9200510349674,37.759167158773394,527,14,3,22,9.73942,0.560224,2025-05-27,2025-06-03,8,남항진해변-남항진해변,8
2025,42002040,228,강릉-동진버스,True,4200755,입암6주공아파트,BIS inventory,True,True,36,35,128.91994172349143,37.75895755917794,25,85,25,9,0.462022,3.401361,2025-05-27,2025-06-03,8,남항진해변-남항진해변,8
2025,42002040,228,강릉-동진버스,True,4200756,녹원아파트,BIS inventory,True,True,35,34,128.9163613451306,37.7599236396456,3,89,36,8,0.055443,3.561425,2025-05-27,2025-06-03,8,남항진해변-남항진해변,8
2025,42002040,228,강릉-동진버스,True,4200757,입암5주공아파트,BIS inventory,True,True,10,9,128.91468852686768,37.759901363335864,481,12,4,24,8.8893,0.480192,2025-05-27,2025-06-03,8,남항진해변-남항진해변,8
2025,42002040,228,강릉-동진버스,True,4200760,강릉중앙고,BIS inventory,True,True,11,10,128.9128964493442,37.75959593531339,150,13,12,23,2.772131,0.520208,2025-05-27,2025-06-03,8,남항진해변-남항진해변,8
2025,42002040,228,강릉-동진버스,True,4200761,강릉중앙고,BIS inventory,True,True,34,33,128.912160218414,37.75937561358479,16,25,30,19,0.295694,1.0004,2025-05-27,2025-06-03,8,남항진해변-남항진해변,8
2025,42002040,228,강릉-동진버스,True,4200766,입암1주공아파트,BIS inventory,True,True,12,11,128.90620017782277,37.75501242269486,122,32,14,16,2.254666,1.280512,2025-05-27,2025-06-03,8,남항진해변-남항진해변,8
2025,42002040,228,강릉-동진버스,True,4200767,입암1주공아파트,BIS inventory,True,True,33,32,128.90600846284408,37.75457671115239,12,19,31,21,0.22177,0.760304,2025-05-27,2025-06-03,8,남항진해변-남항진해변,8
2025,42002040,228,강릉-동진버스,True,4201198,남대천.강릉교,BIS inventory,True,True,13,12,128.9010015999516,37.75454267936518,19,262,29,3,0.351137,10.484194,2025-05-27,2025-06-03,8,남항진해변-남항진해변,8
2025,42002040,228,강릉-동진버스,True,4201199,남대천.강릉교,BIS inventory,True,True,32,31,128.9010687000649,37.75417893755025,530,101,2,7,9.794862,4.041617,2025-05-27,2025-06-03,8,남항진해변-남항진해변,8
2025,42002040,228,강릉-동진버스,True,4201224,교통안전교육장,BIS inventory,True,True,42,41,128.94081916548228,37.76277976059592,0,9,,29,0.0,0.360144,2025-05-27,2025-06-03,8,남항진해변-남항진해변,5
2025,42002040,228,강릉-동진버스,True,4201225,교통안전교육장,BIS inventory,True,True,3,2,128.94086858039023,37.762907619978066,30,0,22,,0.554426,0.0,2025-05-27,2025-06-03,8,남항진해변-남항진해변,7
2025,42002042,230,강릉-동진버스,True,4200047,강릉고정문,BIS inventory,True,True,56,55,128.91550078840652,37.78828834947499,0,8,,16,0.0,1.282051,2025-05-27,2025-06-03,8,강문해변-강문해변,5
2025,42002042,230,강릉-동진버스,True,4200048,강릉고정문,BIS inventory,True,True,3,2,128.91587216477294,37.7875280017598,7,0,30,,0.554236,0.0,2025-05-27,2025-06-03,8,강문해변-강문해변,4
2025,42002042,230,강릉-동진버스,True,4200057,강릉경찰서,BIS inventory,True,True,13,12,128.90688706685629,37.768055768979885,11,1,26,37,0.870942,0.160256,2025-05-27,2025-06-03,8,강문해변-강문해변,7
2025,42002042,230,강릉-동진버스,True,4200059,강원도교육연수원,BIS inventory,True,True,4,3,128.9180532877992,37.78499697853126,2,0,40,,0.158353,0.0,2025-05-27,2025-06-03,8,강문해변-강문해변,2
2025,42002042,230,강릉-동진버스,True,4200060,솔올중학교,BIS inventory,True,True,30,29,128.8798722504925,37.77163504014371,18,3,17,26,1.425178,0.480769,2025-05-27,2025-06-03,8,강문해변-강문해변,7
2025,42002042,230,강릉-동진버스,True,4200080,경포초등학교,BIS inventory,True,True,31,30,128.87893593974582,37.76974854746925,53,0,6,,4.196358,0.0,2025-05-27,2025-06-03,8,강문해변-강문해변,8
2025,42002042,230,강릉-동진버스,True,4200094,강릉여고,BIS inventory,True,True,44,43,128.90248424479844,37.75904463050879,18,19,17,6,1.425178,3.044872,2025-05-27,2025-06-03,8,강문해변-강문해변,8
2025,42002042,230,강릉-동진버스,True,4200100,강원도교육연수원,BIS inventory,True,True,55,54,128.91813970318609,37.785074864473685,0,14,,12,0.0,2.24359,2025-05-27,2025-06-03,8,강문해변-강문해변,6
2025,42002042,230,강릉-동진버스,True,4200101,강릉고입구,BIS inventory,True,True,5,4,128.92013482012848,37.783607089094346,7,3,30,26,0.554236,0.480769,2025-05-27,2025-06-03,8,강문해변-강문해변,5
2025,42002042,230,강릉-동진버스,True,4200103,경포고교,BIS inventory,True,True,54,53,128.9190546436117,37.78057981084284,0,1,,37,0.0,0.160256,2025-05-27,2025-06-03,8,강문해변-강문해변,1
2025,42002042,230,강릉-동진버스,True,4200105,동명중학교,BIS inventory,True,True,52,51,128.9161008666347,37.77658681943468,1,4,44,23,0.079177,0.641026,2025-05-27,2025-06-03,8,강문해변-강문해변,3
2025,42002042,230,강릉-동진버스,True,4200106,KT,BIS inventory,True,True,10,9,128.91181164590185,37.77275858732733,50,1,8,37,3.958828,0.160256,2025-05-27,2025-06-03,8,강문해변-강문해변,8
2025,42002042,230,강릉-동진버스,True,4200107,KT,BIS inventory,True,True,50,49,128.9125052185983,37.77309475265464,14,13,20,13,1.108472,2.083333,2025-05-27,2025-06-03,8,강문해변-강문해변,8
2025,42002042,230,강릉-동진버스,True,4200108,동인병원입구,BIS inventory,True,True,11,10,128.90953558421478,37.77125258486367,10,1,27,37,0.791766,0.160256,2025-05-27,2025-06-03,8,강문해변-강문해변,5
2025,42002042,230,강릉-동진버스,True,4200109,동인병원입구,BIS inventory,True,True,49,48,128.9094857690125,37.77102450992961,2,16,40,8,0.158353,2.564103,2025-05-27,2025-06-03,8,강문해변-강문해변,8
2025,42002042,230,강릉-동진버스,True,4200110,하슬라중,BIS inventory,True,True,12,11,128.90715554439282,37.77053362559672,16,4,19,23,1.266825,0.641026,2025-05-27,2025-06-03,8,강문해변-강문해변,7
2025,42002042,230,강릉-동진버스,True,4200111,하슬라중,BIS inventory,True,True,48,47,128.90761293140218,37.77043125987649,13,4,22,23,1.029295,0.641026,2025-05-27,2025-06-03,8,강문해변-강문해변,8
2025,42002042,230,강릉-동진버스,True,4200113,강릉관광개발공사,BIS inventory,True,True,47,46,128.90865897771857,37.76820323697218,12,3,24,26,0.950119,0.480769,2025-05-27,2025-06-03,8,강문해변-강문해변,6
2025,42002042,230,강릉-동진버스,True,4200114,고용센터,BIS inventory,True,True,18,17,128.88893105798073,37.75744085258255,7,6,30,18,0.554236,0.961538,2025-05-27,2025-06-03,8,강문해변-강문해변,4
2025,42002042,230,강릉-동진버스,True,4200115,고용센터,BIS inventory,True,True,41,40,128.8890663454416,37.75714942132559,23,16,16,8,1.821061,2.564103,2025-05-27,2025-06-03,8,강문해변-강문해변,8
2025,42002042,230,강릉-동진버스,True,4200116,적십자입구,BIS inventory,True,True,19,18,128.88726321660565,37.757196360936135,0,1,,37,0.0,0.160256,2025-05-27,2025-06-03,8,강문해변-강문해변,1
2025,42002042,230,강릉-동진버스,True,4200117,적십자입구,BIS inventory,True,True,40,39,128.88647213220725,37.75676623567213,33,1,13,37,2.612827,0.160256,2025-05-27,2025-06-03,8,강문해변-강문해변,7
2025,42002042,230,강릉-동진버스,True,4200118,터미널오거리,BIS inventory,True,True,20,19,128.8840640923818,37.75608209292866,5,5,35,20,0.395883,0.801282,2025-05-27,2025-06-03,8,강문해변-강문해변,4
2025,42002042,230,강릉-동진버스,True,4200119,터미널오거리,BIS inventory,True,True,39,38,128.88381140539954,37.755579088211434,40,3,9,26,3.167063,0.480769,2025-05-27,2025-06-03,8,강문해변-강문해변,8
2025,42002042,230,강릉-동진버스,True,4200120,강릉시외.고속터미널,BIS inventory,True,True,21,20,128.8792265208128,37.75505492071011,12,13,24,13,0.950119,2.083333,2025-05-27,2025-06-03,8,강문해변-강문해변,8
2025,42002042,230,강릉-동진버스,True,4200121,강릉시외.고속터미널,BIS inventory,True,True,38,37,128.87911620808939,37.75486594086855,136,17,2,7,10.768013,2.724359,2025-05-27,2025-06-03,8,강문해변-강문해변,8
2025,42002042,230,강릉-동진버스,True,4200122,강릉문화원,BIS inventory,True,True,22,21,128.8740921031382,37.75789663608161,3,2,38,33,0.23753,0.320513,2025-05-27,2025-06-03,8,강문해변-강문해변,4
2025,42002042,230,강릉-동진버스,True,4200123,우편집중국,BIS inventory,True,True,23,22,128.8733706824724,37.76051485370646,0,3,,26,0.0,0.480769,2025-05-27,2025-06-03,8,강문해변-강문해변,2
2025,42002042,230,강릉-동진버스,True,4200124,우편집중국,BIS inventory,True,True,37,36,128.87347187490323,37.76156496879712,76,2,5,33,6.017419,0.320513,2025-05-27,2025-06-03,8,강문해변-강문해변,8
2025,42002042,230,강릉-동진버스,True,4200125,솔올공연장,BIS inventory,True,True,24,23,128.87460623301726,37.76366952964576,0,6,,18,0.0,0.961538,2025-05-27,2025-06-03,8,강문해변-강문해변,4
2025,42002042,230,강릉-동진버스,True,4200126,솔올공연장,BIS inventory,True,True,36,35,128.87424793205705,37.763507530751156,39,0,10,,3.087886,0.0,2025-05-27,2025-06-03,8,강문해변-강문해변,7
2025,42002042,230,강릉-동진버스,True,4200127,구름다리,BIS inventory,True,True,25,24,128.87654770197503,37.764512872809554,1,5,44,20,0.079177,0.801282,2025-05-27,2025-06-03,8,강문해변-강문해변,4
2025,42002042,230,강릉-동진버스,True,4200128,구름다리,BIS inventory,True,True,35,34,128.87743298775584,37.764682397677966,105,3,3,26,8.313539,0.480769,2025-05-27,2025-06-03,8,강문해변-강문해변,8
2025,42002042,230,강릉-동진버스,True,4200129,주공3차아파트,BIS inventory,True,True,26,25,128.87933873663175,37.76410589188944,0,1,,37,0.0,0.160256,2025-05-27,2025-06-03,8,강문해변-강문해변,1
2025,42002042,230,강릉-동진버스,True,4200130,현대2차아파트,BIS inventory,True,True,34,33,128.87999435131803,37.764311243841746,82,0,4,,6.492478,0.0,2025-05-27,2025-06-03,8,강문해변-강문해변,8
2025,42002042,230,강릉-동진버스,True,4200132,율곡초등학교,BIS inventory,True,True,33,32,128.88221538693716,37.765100900268116,25,0,15,,1.979414,0.0,2025-05-27,2025-06-03,8,강문해변-강문해변,8
2025,42002042,230,강릉-동진버스,True,4200133,주공1차아파트,BIS inventory,True,True,28,27,128.88288690646792,37.76665665089728,0,1,,37,0.0,0.160256,2025-05-27,2025-06-03,8,강문해변-강문해변,1
2025,42002042,230,강릉-동진버스,True,4200134,부영2차아파트,BIS inventory,True,True,29,28,128.88281079370944,37.77016072015751,29,7,14,17,2.29612,1.121795,2025-05-27,2025-06-03,8,강문해변-강문해변,7
2025,42002042,230,강릉-동진버스,True,4200249,용강동서부시장,BIS inventory,True,True,42,41,128.89167287030088,37.75492247590215,39,55,10,3,3.087886,8.814103,2025-05-27,2025-06-03,8,강문해변-강문해변,8
2025,42002042,230,강릉-동진버스,True,4200252,신영극장,BIS inventory,True,True,43,42,128.8961287589657,37.75448236011555,210,191,1,1,16.627078,30.608974,2025-05-27,2025-06-03,8,강문해변-강문해변,8
2025,42002042,230,강릉-동진버스,True,4200258,용지각,BIS inventory,True,True,45,44,128.90534669055177,37.76147384168322,9,16,28,8,0.712589,2.564103,2025-05-27,2025-06-03,8,강문해변-강문해변,7
2025,42002042,230,강릉-동진버스,True,4200260,동남아파트,BIS inventory,True,True,46,45,128.9088062489658,37.764638779656714,13,16,22,8,1.029295,2.564103,2025-05-27,2025-06-03,8,강문해변-강문해변,7
2025,42002042,230,강릉-동진버스,True,4200288,경포고교,BIS inventory,True,True,6,5,128.91881546540267,37.78075927662396,4,0,37,,0.316706,0.0,2025-05-27,2025-06-03,8,강문해변-강문해변,3
2025,42002042,230,강릉-동진버스,True,4200289,한솔초교,BIS inventory,True,True,9,8,128.9142086436632,37.775058134113436,7,0,30,,0.554236,0.0,2025-05-27,2025-06-03,8,강문해변-강문해변,5
2025,42002042,230,강릉-동진버스,True,4200290,한솔초교,BIS inventory,True,True,51,50,128.91448068318238,37.77500059793141,1,3,44,26,0.079177,0.480769,2025-05-27,2025-06-03,8,강문해변-강문해변,4
2025,42002042,230,강릉-동진버스,True,4200292,주공1차아파트,BIS inventory,True,True,32,31,128.88256780330317,37.766843575404636,52,1,7,37,4.117181,0.160256,2025-05-27,2025-06-03,8,강문해변-강문해변,8
2025,42002042,230,강릉-동진버스,True,4200315,구터미널,BIS inventory,True,True,16,15,128.8988430353628,37.76163002626936,2,12,40,15,0.158353,1.923077,2025-05-27,2025-06-03,8,강문해변-강문해변,6
2025,42002042,230,강릉-동진버스,True,4200320,강릉역육거리,BIS inventory,True,True,15,14,128.9015605860337,37.763796951176055,1,2,44,33,0.079177,0.320513,2025-05-27,2025-06-03,8,강문해변-강문해변,3
2025,42002042,230,강릉-동진버스,True,4200322,동도센트리움,BIS inventory,True,True,14,13,128.90456486009336,37.76619195310031,9,5,28,20,0.712589,0.801282,2025-05-27,2025-06-03,8,강문해변-강문해변,4
2025,42002042,230,강릉-동진버스,True,4200613,강문해변,BIS inventory,True,True,1 | 58,57,128.91641678869786,37.79529298920251,35,71,12,2,2.77118,11.378205,2025-05-27,2025-06-03,8,강문해변-강문해변,8
2025,42002042,230,강릉-동진버스,True,4200616,초당순두부마을,BIS inventory,True,True,2,1,128.91545728509436,37.791144787216254,14,0,20,,1.108472,0.0,2025-05-27,2025-06-03,8,강문해변-강문해변,5
2025,42002042,230,강릉-동진버스,True,4200617,초당순두부마을,BIS inventory,True,True,57,56,128.91553146572582,37.791098464762065,2,42,40,4,0.158353,6.730769,2025-05-27,2025-06-03,8,강문해변-강문해변,8
2025,42002042,230,강릉-동진버스,True,4201037,말나눔터공원,BIS inventory,True,True,17,16,128.8946789617544,37.758644529934365,7,21,30,5,0.554236,3.365385,2025-05-27,2025-06-03,8,강문해변-강문해변,7
2025,42002042,230,강릉-동진버스,True,4201220,포남2주공입구,BIS inventory,True,True,7,6,128.9179885478381,37.77901498558293,3,0,38,,0.23753,0.0,2025-05-27,2025-06-03,8,강문해변-강문해변,2
2025,42002042,230,강릉-동진버스,True,4201236,포남2주공입구,BIS inventory,True,True,53,52,128.91810027987142,37.77873395771816,5,2,35,33,0.395883,0.320513,2025-05-27,2025-06-03,8,강문해변-강문해변,5
2025,42002043,230-1,강릉-동진버스,True,4200047,강릉고정문,BIS inventory,True,True,59,58,128.91550078840652,37.78828834947499,2,21,55,17,0.071736,1.62917,2025-05-27,2025-06-03,8,강문해변-강문해변,7
2025,42002043,230-1,강릉-동진버스,True,4200048,강릉고정문,BIS inventory,True,True,3,2,128.91587216477294,37.7875280017598,68,2,13,45,2.439024,0.155159,2025-05-27,2025-06-03,8,강문해변-강문해변,7
2025,42002043,230-1,강릉-동진버스,True,4200057,강릉경찰서,BIS inventory,True,True,13,12,128.90688706685629,37.768055768979885,21,3,30,42,0.753228,0.232739,2025-05-27,2025-06-03,8,강문해변-강문해변,7
2025,42002043,230-1,강릉-동진버스,True,4200059,강원도교육연수원,BIS inventory,True,True,4,3,128.9180532877992,37.78499697853126,8,2,46,45,0.286944,0.155159,2025-05-27,2025-06-03,8,강문해변-강문해변,7
2025,42002043,230-1,강릉-동진버스,True,4200060,솔올중학교,BIS inventory,True,True,33,32,128.8798722504925,37.77163504014371,12,0,44,,0.430416,0.0,2025-05-27,2025-06-03,8,강문해변-강문해변,5
2025,42002043,230-1,강릉-동진버스,True,4200080,경포초등학교,BIS inventory,True,True,34,33,128.87893593974582,37.76974854746925,60,6,15,34,2.15208,0.465477,2025-05-27,2025-06-03,8,강문해변-강문해변,8
2025,42002043,230-1,강릉-동진버스,True,4200094,강릉여고,BIS inventory,True,True,47,46,128.90248424479844,37.75904463050879,38,22,22,16,1.362984,1.706749,2025-05-27,2025-06-03,8,강문해변-강문해변,8
2025,42002043,230-1,강릉-동진버스,True,4200100,강원도교육연수원,BIS inventory,True,True,58,57,128.91813970318609,37.785074864473685,1,25,58,14,0.035868,1.939488,2025-05-27,2025-06-03,8,강문해변-강문해변,8
2025,42002043,230-1,강릉-동진버스,True,4200101,강릉고입구,BIS inventory,True,True,5,4,128.92013482012848,37.783607089094346,45,0,17,,1.61406,0.0,2025-05-27,2025-06-03,8,강문해변-강문해변,8
2025,42002043,230-1,강릉-동진버스,True,4200103,경포고교,BIS inventory,True,True,57,56,128.9190546436117,37.78057981084284,8,6,46,34,0.286944,0.465477,2025-05-27,2025-06-03,8,강문해변-강문해변,7
2025,42002043,230-1,강릉-동진버스,True,4200104,동명중학교,BIS inventory,True,True,8,7,128.91637238303827,37.777185998905715,21,0,30,,0.753228,0.0,2025-05-27,2025-06-03,8,강문해변-강문해변,7
2025,42002043,230-1,강릉-동진버스,True,4200105,동명중학교,BIS inventory,True,True,55,54,128.9161008666347,37.77658681943468,2,11,55,25,0.071736,0.853375,2025-05-27,2025-06-03,8,강문해변-강문해변,4
2025,42002043,230-1,강릉-동진버스,True,4200106,KT,BIS inventory,True,True,10,9,128.91181164590185,37.77275858732733,131,6,4,34,4.698709,0.465477,2025-05-27,2025-06-03,8,강문해변-강문해변,8
2025,42002043,230-1,강릉-동진버스,True,4200107,KT,BIS inventory,True,True,53,52,128.9125052185983,37.77309475265464,46,33,16,9,1.649928,2.560124,2025-05-27,2025-06-03,8,강문해변-강문해변,8
2025,42002043,230-1,강릉-동진버스,True,4200108,동인병원입구,BIS inventory,True,True,11,10,128.90953558421478,37.77125258486367,27,0,26,,0.968436,0.0,2025-05-27,2025-06-03,8,강문해변-강문해변,8
2025,42002043,230-1,강릉-동진버스,True,4200109,동인병원입구,BIS inventory,True,True,52,51,128.9094857690125,37.77102450992961,13,16,42,21,0.466284,1.241272,2025-05-27,2025-06-03,8,강문해변-강문해변,8
2025,42002043,230-1,강릉-동진버스,True,4200110,하슬라중,BIS inventory,True,True,12,11,128.90715554439282,37.77053362559672,20,3,32,42,0.71736,0.232739,2025-05-27,2025-06-03,8,강문해변-강문해변,7
2025,42002043,230-1,강릉-동진버스,True,4200111,하슬라중,BIS inventory,True,True,51,50,128.90761293140218,37.77043125987649,23,21,28,17,0.824964,1.62917,2025-05-27,2025-06-03,8,강문해변-강문해변,8
2025,42002043,230-1,강릉-동진버스,True,4200113,강릉관광개발공사,BIS inventory,True,True,50,49,128.90865897771857,37.76820323697218,15,11,38,25,0.53802,0.853375,2025-05-27,2025-06-03,8,강문해변-강문해변,8
2025,42002043,230-1,강릉-동진버스,True,4200114,고용센터,BIS inventory,True,True,21,20,128.88893105798073,37.75744085258255,15,10,38,27,0.53802,0.775795,2025-05-27,2025-06-03,8,강문해변-강문해변,8
2025,42002043,230-1,강릉-동진버스,True,4200115,고용센터,BIS inventory,True,True,44,43,128.8890663454416,37.75714942132559,25,17,27,20,0.8967,1.318852,2025-05-27,2025-06-03,8,강문해변-강문해변,8
2025,42002043,230-1,강릉-동진버스,True,4200116,적십자입구,BIS inventory,True,True,22,21,128.88726321660565,37.757196360936135,4,7,52,31,0.143472,0.543057,2025-05-27,2025-06-03,8,강문해변-강문해변,6
2025,42002043,230-1,강릉-동진버스,True,4200117,적십자입구,BIS inventory,True,True,43,42,128.88647213220725,37.75676623567213,16,2,36,45,0.573888,0.155159,2025-05-27,2025-06-03,8,강문해변-강문해변,7
2025,42002043,230-1,강릉-동진버스,True,4200118,터미널오거리,BIS inventory,True,True,23,22,128.8840640923818,37.75608209292866,13,24,42,15,0.466284,1.861908,2025-05-27,2025-06-03,8,강문해변-강문해변,8
2025,42002043,230-1,강릉-동진버스,True,4200119,터미널오거리,BIS inventory,True,True,42,41,128.88381140539954,37.755579088211434,39,1,20,49,1.398852,0.07758,2025-05-27,2025-06-03,8,강문해변-강문해변,8
2025,42002043,230-1,강릉-동진버스,True,4200120,강릉시외.고속터미널,BIS inventory,True,True,24,23,128.8792265208128,37.75505492071011,39,89,20,3,1.398852,6.904577,2025-05-27,2025-06-03,8,강문해변-강문해변,8
2025,42002043,230-1,강릉-동진버스,True,4200121,강릉시외.고속터미널,BIS inventory,True,True,41,40,128.87911620808939,37.75486594086855,248,29,3,11,8.895265,2.249806,2025-05-27,2025-06-03,8,강문해변-강문해변,8
2025,42002043,230-1,강릉-동진버스,True,4200122,강릉문화원,BIS inventory,True,True,25,24,128.8740921031382,37.75789663608161,3,21,54,17,0.107604,1.62917,2025-05-27,2025-06-03,8,강문해변-강문해변,8
2025,42002043,230-1,강릉-동진버스,True,4200123,우편집중국,BIS inventory,True,True,26,25,128.8733706824724,37.76051485370646,1,16,58,21,0.035868,1.241272,2025-05-27,2025-06-03,8,강문해변-강문해변,6
2025,42002043,230-1,강릉-동진버스,True,4200124,우편집중국,BIS inventory,True,True,40,39,128.87347187490323,37.76156496879712,122,4,5,40,4.375897,0.310318,2025-05-27,2025-06-03,8,강문해변-강문해변,8
2025,42002043,230-1,강릉-동진버스,True,4200125,솔올공연장,BIS inventory,True,True,27,26,128.87460623301726,37.76366952964576,4,44,52,6,0.143472,3.413499,2025-05-27,2025-06-03,8,강문해변-강문해변,8
2025,42002043,230-1,강릉-동진버스,True,4200126,솔올공연장,BIS inventory,True,True,39,38,128.87424793205705,37.763507530751156,91,0,9,,3.263989,0.0,2025-05-27,2025-06-03,8,강문해변-강문해변,8
2025,42002043,230-1,강릉-동진버스,True,4200127,구름다리,BIS inventory,True,True,28,27,128.87654770197503,37.764512872809554,8,33,46,9,0.286944,2.560124,2025-05-27,2025-06-03,8,강문해변-강문해변,8
2025,42002043,230-1,강릉-동진버스,True,4200128,구름다리,BIS inventory,True,True,38,37,128.87743298775584,37.764682397677966,106,7,7,31,3.802009,0.543057,2025-05-27,2025-06-03,8,강문해변-강문해변,8
2025,42002043,230-1,강릉-동진버스,True,4200129,주공3차아파트,BIS inventory,True,True,29,28,128.87933873663175,37.76410589188944,2,26,55,13,0.071736,2.017067,2025-05-27,2025-06-03,8,강문해변-강문해변,8
2025,42002043,230-1,강릉-동진버스,True,4200130,현대2차아파트,BIS inventory,True,True,37,36,128.87999435131803,37.764311243841746,71,1,12,49,2.546628,0.07758,2025-05-27,2025-06-03,8,강문해변-강문해변,8
2025,42002043,230-1,강릉-동진버스,True,4200131,하이빌현대아파트,BIS inventory,True,True,30,29,128.8824547932286,37.764860822549025,0,6,,34,0.0,0.465477,2025-05-27,2025-06-03,8,강문해변-강문해변,5
2025,42002043,230-1,강릉-동진버스,True,4200132,율곡초등학교,BIS inventory,True,True,36,35,128.88221538693716,37.765100900268116,14,0,41,,0.502152,0.0,2025-05-27,2025-06-03,8,강문해변-강문해변,7
2025,42002043,230-1,강릉-동진버스,True,4200133,주공1차아파트,BIS inventory,True,True,31,30,128.88288690646792,37.76665665089728,20,13,32,24,0.71736,1.008534,2025-05-27,2025-06-03,8,강문해변-강문해변,7
2025,42002043,230-1,강릉-동진버스,True,4200134,부영2차아파트,BIS inventory,True,True,32,31,128.88281079370944,37.77016072015751,65,7,14,31,2.33142,0.543057,2025-05-27,2025-06-03,8,강문해변-강문해변,8
2025,42002043,230-1,강릉-동진버스,True,4200249,용강동서부시장,BIS inventory,True,True,45,44,128.89167287030088,37.75492247590215,35,88,25,4,1.25538,6.826998,2025-05-27,2025-06-03,8,강문해변-강문해변,8
2025,42002043,230-1,강릉-동진버스,True,4200250,용강동서부시장,BIS inventory,True,True,20,19,128.89174828581776,37.7556582744871,41,8,18,30,1.470588,0.620636,2025-05-27,2025-06-03,8,강문해변-강문해변,8
2025,42002043,230-1,강릉-동진버스,True,4200251,한국은행,BIS inventory,True,True,19,18,128.89406630781096,37.753485602290496,104,29,8,11,3.730273,2.249806,2025-05-27,2025-06-03,8,강문해변-강문해변,8
2025,42002043,230-1,강릉-동진버스,True,4200252,신영극장,BIS inventory,True,True,46,45,128.8961287589657,37.75448236011555,318,295,2,1,11.406026,22.885958,2025-05-27,2025-06-03,8,강문해변-강문해변,8
2025,42002043,230-1,강릉-동진버스,True,4200253,교보생명,BIS inventory,True,True,18,17,128.89811415297848,37.756002485379526,319,132,1,2,11.441894,10.240497,2025-05-27,2025-06-03,8,강문해변-강문해변,8
2025,42002043,230-1,강릉-동진버스,True,4200258,용지각,BIS inventory,True,True,48,47,128.90534669055177,37.76147384168322,20,15,32,23,0.71736,1.163693,2025-05-27,2025-06-03,8,강문해변-강문해변,8
2025,42002043,230-1,강릉-동진버스,True,4200260,동남아파트,BIS inventory,True,True,49,48,128.9088062489658,37.764638779656714,41,41,18,7,1.470588,3.18076,2025-05-27,2025-06-03,8,강문해변-강문해변,8
2025,42002043,230-1,강릉-동진버스,True,4200288,경포고교,BIS inventory,True,True,6,5,128.91881546540267,37.78075927662396,74,0,11,,2.654232,0.0,2025-05-27,2025-06-03,8,강문해변-강문해변,8
2025,42002043,230-1,강릉-동진버스,True,4200289,한솔초교,BIS inventory,True,True,9,8,128.9142086436632,37.775058134113436,38,3,22,42,1.362984,0.232739,2025-05-27,2025-06-03,8,강문해변-강문해변,8
2025,42002043,230-1,강릉-동진버스,True,4200290,한솔초교,BIS inventory,True,True,54,53,128.91448068318238,37.77500059793141,10,6,45,34,0.35868,0.465477,2025-05-27,2025-06-03,8,강문해변-강문해변,8
2025,42002043,230-1,강릉-동진버스,True,4200292,주공1차아파트,BIS inventory,True,True,35,34,128.88256780330317,37.766843575404636,78,0,10,,2.797704,0.0,2025-05-27,2025-06-03,8,강문해변-강문해변,8
2025,42002043,230-1,강릉-동진버스,True,4200315,구터미널,BIS inventory,True,True,16,15,128.8988430353628,37.76163002626936,16,9,36,28,0.573888,0.698216,2025-05-27,2025-06-03,8,강문해변-강문해변,7
2025,42002043,230-1,강릉-동진버스,True,4200320,강릉역육거리,BIS inventory,True,True,15,14,128.9015605860337,37.763796951176055,22,4,29,40,0.789096,0.310318,2025-05-27,2025-06-03,8,강문해변-강문해변,7
2025,42002043,230-1,강릉-동진버스,True,4200322,동도센트리움,BIS inventory,True,True,14,13,128.90456486009336,37.76619195310031,38,2,22,45,1.362984,0.155159,2025-05-27,2025-06-03,8,강문해변-강문해변,8
2025,42002043,230-1,강릉-동진버스,True,4200365,삼성디지털센터,BIS inventory,True,True,17,16,128.8966989039856,37.75811194350719,5,9,50,28,0.17934,0.698216,2025-05-27,2025-06-03,8,강문해변-강문해변,7
2025,42002043,230-1,강릉-동진버스,True,4200613,강문해변,BIS inventory,True,True,1 | 61,60,128.91641678869786,37.79529298920251,115,61,6,5,4.124821,4.732351,2025-05-27,2025-06-03,8,강문해변-강문해변,8
2025,42002043,230-1,강릉-동진버스,True,4200616,초당순두부마을,BIS inventory,True,True,2,1,128.91545728509436,37.791144787216254,15,0,38,,0.53802,0.0,2025-05-27,2025-06-03,8,강문해변-강문해변,7
2025,42002043,230-1,강릉-동진버스,True,4200617,초당순두부마을,BIS inventory,True,True,60,59,128.91553146572582,37.791098464762065,5,36,50,8,0.17934,2.792863,2025-05-27,2025-06-03,8,강문해변-강문해변,7
2025,42002043,230-1,강릉-동진버스,True,4201220,포남2주공입구,BIS inventory,True,True,7,6,128.9179885478381,37.77901498558293,20,0,32,,0.71736,0.0,2025-05-27,2025-06-03,8,강문해변-강문해변,8
2025,42002043,230-1,강릉-동진버스,True,4201236,포남2주공입구,BIS inventory,True,True,56,55,128.91810027987142,37.77873395771816,7,6,49,34,0.251076,0.465477,2025-05-27,2025-06-03,8,강문해변-강문해변,8
2025,42002072,202-1,강릉-동진버스,True,4200006,강릉아이스아레나,BIS inventory,True,True,37,36,128.89519306784848,37.78029319605429,10,22,35,23,0.158881,0.544824,2025-05-27,2025-06-03,8,경포해변-경포해변,7
2025,42002072,202-1,강릉-동진버스,True,4200045,형제막국수,BIS inventory,True,True,20,19,128.86624288991882,37.755124519467394,1,0,43,,0.015888,0.0,2025-05-27,2025-06-03,8,경포해변-경포해변,1
2025,42002072,202-1,강릉-동진버스,True,4200070,경포현대아파트,BIS inventory,True,True,2,1,128.90338270723402,37.80169652808461,220,4,9,38,3.495392,0.099059,2025-05-27,2025-06-03,8,경포해변-경포해변,8
2025,42002072,202-1,강릉-동진버스,True,4200072,경포대.참소리박물관,BIS inventory,True,True,3,2,128.89706080745114,37.7955214111198,88,4,15,38,1.398157,0.099059,2025-05-27,2025-06-03,8,경포해변-경포해변,8
2025,42002072,202-1,강릉-동진버스,True,4200074,해운정,BIS inventory,True,True,5,4,128.8896478172347,37.78577024652339,10,0,35,,0.158881,0.0,2025-05-27,2025-06-03,8,경포해변-경포해변,7
2025,42002072,202-1,강릉-동진버스,True,4200075,선교장,BIS inventory,True,True,6,5,128.8853532167783,37.785455385598155,34,20,25,25,0.540197,0.495295,2025-05-27,2025-06-03,8,경포해변-경포해변,8
2025,42002072,202-1,강릉-동진버스,True,4200077,경포동주민센터,BIS inventory,True,True,7,6,128.88052383810168,37.78412865726848,11,7,34,35,0.17477,0.173353,2025-05-27,2025-06-03,8,경포해변-경포해변,6
2025,42002072,202-1,강릉-동진버스,True,4200094,강릉여고,BIS inventory,True,True,29,28,128.90248424479844,37.75904463050879,112,59,11,13,1.779473,1.461119,2025-05-27,2025-06-03,8,경포해변-경포해변,8
2025,42002072,202-1,강릉-동진버스,True,4200098,허난설헌삼거리,BIS inventory,True,True,41,40,128.9131333359753,37.79177727582709,32,153,27,7,0.508421,3.789004,2025-05-27,2025-06-03,8,경포해변-경포해변,8
2025,42002072,202-1,강릉-동진버스,True,4200115,고용센터,BIS inventory,True,True,26,25,128.8890663454416,37.75714942132559,74,71,17,11,1.175723,1.758296,2025-05-27,2025-06-03,8,경포해변-경포해변,8
2025,42002072,202-1,강릉-동진버스,True,4200117,적십자입구,BIS inventory,True,True,25,24,128.88647213220725,37.75676623567213,29,16,28,27,0.460756,0.396236,2025-05-27,2025-06-03,8,경포해변-경포해변,8
2025,42002072,202-1,강릉-동진버스,True,4200119,터미널오거리,BIS inventory,True,True,24,23,128.88381140539954,37.755579088211434,72,15,18,29,1.143947,0.371471,2025-05-27,2025-06-03,8,경포해변-경포해변,8
2025,42002072,202-1,강릉-동진버스,True,4200121,강릉시외.고속터미널,BIS inventory,True,True,23,22,128.87911620808939,37.75486594086855,542,120,4,8,8.611376,2.971768,2025-05-27,2025-06-03,8,경포해변-경포해변,8
2025,42002072,202-1,강릉-동진버스,True,4200128,구름다리,BIS inventory,True,True,15,14,128.87743298775584,37.764682397677966,314,59,7,13,4.988878,1.461119,2025-05-27,2025-06-03,8,경포해변-경포해변,8
2025,42002072,202-1,강릉-동진버스,True,4200130,현대2차아파트,BIS inventory,True,True,14,13,128.87999435131803,37.764311243841746,93,25,14,21,1.477598,0.619118,2025-05-27,2025-06-03,8,경포해변-경포해변,8
2025,42002072,202-1,강릉-동진버스,True,4200132,율곡초등학교,BIS inventory,True,True,13,12,128.88221538693716,37.765100900268116,13,4,33,38,0.206546,0.099059,2025-05-27,2025-06-03,8,경포해변-경포해변,7
2025,42002072,202-1,강릉-동진버스,True,4200135,부영2차아파트,BIS inventory,True,True,11,10,128.8825125758686,37.77002923948558,53,16,22,27,0.842072,0.396236,2025-05-27,2025-06-03,8,경포해변-경포해변,8
2025,42002072,202-1,강릉-동진버스,True,4200136,방축거리,BIS inventory,True,True,10,9,128.88380882582484,37.773889373429355,4,6,41,36,0.063553,0.148588,2025-05-27,2025-06-03,8,경포해변-경포해변,6
2025,42002072,202-1,강릉-동진버스,True,4200236,선교장입구,BIS inventory,True,True,8,7,128.87978791945434,37.782182641690056,21,68,30,12,0.333651,1.684002,2025-05-27,2025-06-03,8,경포해변-경포해변,8
2025,42002072,202-1,강릉-동진버스,True,4200238,오죽헌,BIS inventory,True,True,9,8,128.8827262588498,37.779841129260745,62,95,19,9,0.985065,2.35265,2025-05-27,2025-06-03,8,경포해변-경포해변,8
2025,42002072,202-1,강릉-동진버스,True,4200249,용강동서부시장,BIS inventory,True,True,27,26,128.89167287030088,37.75492247590215,99,274,13,5,1.572927,6.785537,2025-05-27,2025-06-03,8,경포해변-경포해변,8
2025,42002072,202-1,강릉-동진버스,True,4200252,신영극장,BIS inventory,True,True,28,27,128.8961287589657,37.75448236011555,1348,923,1,1,21.417223,22.85785,2025-05-27,2025-06-03,8,경포해변-경포해변,8
2025,42002072,202-1,강릉-동진버스,True,4200257,옥천119안전센터,BIS inventory,True,True,30,29,128.90305174420297,37.761041080134646,80,52,16,17,1.271052,1.287766,2025-05-27,2025-06-03,8,경포해변-경포해변,8
2025,42002072,202-1,강릉-동진버스,True,4200292,주공1차아파트,BIS inventory,True,True,12,11,128.88256780330317,37.766843575404636,59,11,20,31,0.937401,0.272412,2025-05-27,2025-06-03,8,경포해변-경포해변,8
2025,42002072,202-1,강릉-동진버스,True,4200400,강릉복합복지체육센터,BIS inventory,True,True,16,15,128.87000704257403,37.762859214055275,54,8,21,34,0.85796,0.198118,2025-05-27,2025-06-03,8,경포해변-경포해변,8
2025,42002072,202-1,강릉-동진버스,True,4200430,강릉국민체육센터,BIS inventory,True,True,36,35,128.89711747432256,37.77640154864734,7,50,39,18,0.111217,1.238237,2025-05-27,2025-06-03,8,경포해변-경포해변,8
2025,42002072,202-1,강릉-동진버스,True,4200433,종합경기장,BIS inventory,True,True,35,34,128.89677683645317,37.77125900731557,16,56,32,15,0.25421,1.386825,2025-05-27,2025-06-03,8,경포해변-경포해변,8
2025,42002072,202-1,강릉-동진버스,True,4200543,미디어촌5단지,BIS inventory,True,True,19,18,128.86758571434657,37.753701754139904,502,24,5,22,7.97585,0.594354,2025-05-27,2025-06-03,8,경포해변-경포해변,8
2025,42002072,202-1,강릉-동진버스,True,4200547,e-편한세상아파트,BIS inventory,True,True,34,33,128.895218937497,37.769600465674785,21,43,30,19,0.333651,1.064884,2025-05-27,2025-06-03,8,경포해변-경포해변,8
2025,42002072,202-1,강릉-동진버스,True,4200548,강릉소방서,BIS inventory,True,True,22,21,128.87119323619314,37.7580009949989,339,12,6,30,5.386082,0.297177,2025-05-27,2025-06-03,8,경포해변-경포해변,8
2025,42002072,202-1,강릉-동진버스,True,4200565,우미린아파트,BIS inventory,True,True,18,17,128.87023572987053,37.75716460769394,103,18,12,26,1.636479,0.445765,2025-05-27,2025-06-03,8,경포해변-경포해변,8
2025,42002072,202-1,강릉-동진버스,True,4200567,한내들아파트,BIS inventory,True,True,21,20,128.8681446784216,37.75790349269205,175,4,10,38,2.780426,0.099059,2025-05-27,2025-06-03,8,경포해변-경포해변,8
2025,42002072,202-1,강릉-동진버스,True,4200569,교2동주민센터,BIS inventory,True,True,33,32,128.8921038226677,37.76840335678918,48,22,24,23,0.762631,0.544824,2025-05-27,2025-06-03,8,경포해변-경포해변,8
2025,42002072,202-1,강릉-동진버스,True,4200721,강릉역,BIS inventory,True,True,31,30,128.8992580056024,37.76416330670135,727,436,2,3,11.550683,10.797424,2025-05-27,2025-06-03,8,경포해변-경포해변,8
2025,42002072,202-1,강릉-동진버스,True,4201240,순두부마을,BIS inventory,True,True,4,3,128.89327386744634,37.786738816066666,9,5,37,37,0.142993,0.123824,2025-05-27,2025-06-03,8,경포해변-경포해변,7
2025,42002072,202-1,강릉-동진버스,True,4201242,경포해변,BIS inventory,True,True,1,43,128.9052529004403,37.80440358093674,553,517,3,2,8.786146,12.803368,2025-05-27,2025-06-03,8,경포해변-경포해변,8
2025,42002072,202-1,강릉-동진버스,True,4201250,선수촌8단지,BIS inventory,True,True,17,16,128.87011109214671,37.76078977894948,229,9,8,32,3.638386,0.222883,2025-05-27,2025-06-03,8,경포해변-경포해변,8
2025,42002072,202-1,강릉-동진버스,True,4201254,모안이서낭당,BIS inventory,True,True,38,37,128.90286872766467,37.783490145093076,2,27,42,20,0.031776,0.668648,2025-05-27,2025-06-03,8,경포해변-경포해변,8
2025,42002072,202-1,강릉-동진버스,True,4201256,강릉녹색도시체험센터,BIS inventory,True,True,39,38,128.90742209068117,37.786856581754364,51,56,23,15,0.810296,1.386825,2025-05-27,2025-06-03,8,경포해변-경포해변,8
2025,42002072,202-1,강릉-동진버스,True,4201259,허균.허난설헌기념공원,BIS inventory,True,True,40,39,128.90952498226952,37.789422425132265,28,78,29,10,0.444868,1.931649,2025-05-27,2025-06-03,8,경포해변-경포해변,8
2025,42002072,202-1,강릉-동진버스,True,4201261,강문해변입구,BIS inventory,True,True,42,41,128.9152492720649,37.794762154181576,34,400,25,4,0.540197,9.905894,2025-05-27,2025-06-03,8,경포해변-경포해변,8
2025,42002072,202-1,강릉-동진버스,True,4201267,경포호,BIS inventory,True,True,43,42,128.91154424859525,37.79966287216199,7,240,39,6,0.111217,5.943536,2025-05-27,2025-06-03,8,경포해변-경포해변,8
2025,42002072,202-1,강릉-동진버스,True,4201375,가작다리입구,BIS inventory,True,True,32,31,128.8943546413669,37.766101443660936,8,9,38,32,0.127105,0.222883,2025-05-27,2025-06-03,8,경포해변-경포해변,7
2025,42002078,211-1,강릉-동진버스,True,4200051,송정래미안,BIS inventory,True,True,59,55,128.93021609974548,37.78282723196739,1,0,42,,0.111857,0.0,2025-05-27,2025-06-03,8,안목-안목커피거리,1
2025,42002078,211-1,강릉-동진버스,True,4200052,송정래미안,BIS inventory,True,True,6,4,128.93038982126572,37.78292573478735,3,0,35,,0.33557,0.0,2025-05-27,2025-06-03,8,안목-안목커피거리,2
2025,42002078,211-1,강릉-동진버스,True,4200053,오성학교,BIS inventory,True,True,5,3,128.93312248716418,37.77978287851338,6,0,31,,0.671141,0.0,2025-05-27,2025-06-03,8,안목-안목커피거리,4
2025,42002078,211-1,강릉-동진버스,True,4200054,삼익아파트,BIS inventory,True,True,60,56,128.93336344346523,37.7794509217129,0,10,,11,0.0,2.320186,2025-05-27,2025-06-03,8,안목-안목커피거리,5
2025,42002078,211-1,강릉-동진버스,True,4200055,해당화연립,BIS inventory,True,True,4,2,128.93501598562065,37.778964657496246,16,0,16,,1.789709,0.0,2025-05-27,2025-06-03,8,안목-안목커피거리,6
2025,42002078,211-1,강릉-동진버스,True,4200056,해당화연립,BIS inventory,True,True,61,57,128.9356053065312,37.7785328972295,0,2,,34,0.0,0.464037,2025-05-27,2025-06-03,8,안목-안목커피거리,2
2025,42002078,211-1,강릉-동진버스,True,4200101,강릉고입구,BIS inventory,True,True,9,6,128.92013482012848,37.783607089094346,20,3,12,27,2.237136,0.696056,2025-05-27,2025-06-03,8,안목-안목커피거리,8
2025,42002078,211-1,강릉-동진버스,True,4200102,강릉고입구,BIS inventory,True,True,56,53,128.92044843215433,37.78352944320342,2,11,39,8,0.223714,2.552204,2025-05-27,2025-06-03,8,안목-안목커피거리,6
2025,42002078,211-1,강릉-동진버스,True,4200103,경포고교,BIS inventory,True,True,55,52,128.9190546436117,37.78057981084284,3,3,35,27,0.33557,0.696056,2025-05-27,2025-06-03,8,안목-안목커피거리,5
2025,42002078,211-1,강릉-동진버스,True,4200104,동명중학교,BIS inventory,True,True,12,9,128.91637238303827,37.777185998905715,10,0,22,,1.118568,0.0,2025-05-27,2025-06-03,8,안목-안목커피거리,6
2025,42002078,211-1,강릉-동진버스,True,4200106,KT,BIS inventory,True,True,14,11,128.91181164590185,37.77275858732733,60,2,4,34,6.711409,0.464037,2025-05-27,2025-06-03,8,안목-안목커피거리,8
2025,42002078,211-1,강릉-동진버스,True,4200107,KT,BIS inventory,True,True,51,48,128.9125052185983,37.77309475265464,7,22,28,4,0.782998,5.104408,2025-05-27,2025-06-03,8,안목-안목커피거리,7
2025,42002078,211-1,강릉-동진버스,True,4200108,동인병원입구,BIS inventory,True,True,15,12,128.90953558421478,37.77125258486367,13,1,19,39,1.454139,0.232019,2025-05-27,2025-06-03,8,안목-안목커피거리,5
2025,42002078,211-1,강릉-동진버스,True,4200109,동인병원입구,BIS inventory,True,True,50,47,128.9094857690125,37.77102450992961,9,7,24,17,1.006711,1.62413,2025-05-27,2025-06-03,8,안목-안목커피거리,7
2025,42002078,211-1,강릉-동진버스,True,4200110,하슬라중,BIS inventory,True,True,16,13,128.90715554439282,37.77053362559672,7,3,28,27,0.782998,0.696056,2025-05-27,2025-06-03,8,안목-안목커피거리,6
2025,42002078,211-1,강릉-동진버스,True,4200111,하슬라중,BIS inventory,True,True,49,46,128.90761293140218,37.77043125987649,11,9,21,14,1.230425,2.088167,2025-05-27,2025-06-03,8,안목-안목커피거리,7
2025,42002078,211-1,강릉-동진버스,True,4200251,한국은행,BIS inventory,True,True,23,20,128.89406630781096,37.753485602290496,28,12,10,7,3.131991,2.784223,2025-05-27,2025-06-03,8,안목-안목커피거리,7
2025,42002078,211-1,강릉-동진버스,True,4200252,신영극장,BIS inventory,True,True,43,40,128.8961287589657,37.75448236011555,139,96,1,1,15.548098,22.273782,2025-05-27,2025-06-03,8,안목-안목커피거리,8
2025,42002078,211-1,강릉-동진버스,True,4200253,교보생명,BIS inventory,True,True,22,19,128.89811415297848,37.756002485379526,70,72,2,2,7.829978,16.705336,2025-05-27,2025-06-03,8,안목-안목커피거리,8
2025,42002078,211-1,강릉-동진버스,True,4200279,신도브래뉴,BIS inventory,True,True,62,58,128.93862914925478,37.77730338810464,0,6,,19,0.0,1.392111,2025-05-27,2025-06-03,8,안목-안목커피거리,3
2025,42002078,211-1,강릉-동진버스,True,4200280,송정해변,BIS inventory,True,True,3,1,128.9381119893655,37.77768849372205,13,0,19,,1.454139,0.0,2025-05-27,2025-06-03,8,안목-안목커피거리,4
2025,42002078,211-1,강릉-동진버스,True,4200288,경포고교,BIS inventory,True,True,10,7,128.91881546540267,37.78075927662396,15,0,17,,1.677852,0.0,2025-05-27,2025-06-03,8,안목-안목커피거리,5
2025,42002078,211-1,강릉-동진버스,True,4200289,한솔초교,BIS inventory,True,True,13,10,128.9142086436632,37.775058134113436,8,0,26,,0.894855,0.0,2025-05-27,2025-06-03,8,안목-안목커피거리,4
2025,42002078,211-1,강릉-동진버스,True,4200290,한솔초교,BIS inventory,True,True,52,49,128.91448068318238,37.77500059793141,1,3,42,27,0.111857,0.696056,2025-05-27,2025-06-03,8,안목-안목커피거리,3
2025,42002078,211-1,강릉-동진버스,True,4200365,삼성디지털센터,BIS inventory,True,True,21,18,128.8966989039856,37.75811194350719,6,4,31,25,0.671141,0.928074,2025-05-27,2025-06-03,8,안목-안목커피거리,6
2025,42002078,211-1,강릉-동진버스,True,4200620,미라보아파트,BIS inventory,True,True,17,14,128.902500537792,37.76907532540921,33,7,9,17,3.691275,1.62413,2025-05-27,2025-06-03,8,안목-안목커피거리,7
2025,42002078,211-1,강릉-동진버스,True,4200621,미라보아파트,BIS inventory,True,True,48,45,128.90255177945858,37.769019304198096,0,5,,22,0.0,1.160093,2025-05-27,2025-06-03,8,안목-안목커피거리,4
2025,42002078,211-1,강릉-동진버스,True,4200622,교동한신아파트,BIS inventory,True,True,18,15,128.90061649844188,37.76762859683901,53,2,6,34,5.928412,0.464037,2025-05-27,2025-06-03,8,안목-안목커피거리,8
2025,42002078,211-1,강릉-동진버스,True,4200623,교동한신아파트,BIS inventory,True,True,47,44,128.90062829229592,37.76751299917391,6,1,31,39,0.671141,0.232019,2025-05-27,2025-06-03,8,안목-안목커피거리,3
2025,42002078,211-1,강릉-동진버스,True,4200624,강릉역공영주차장,BIS inventory,True,True,19,16,128.89773544865136,37.76439168846434,14,15,18,5,1.565996,3.480278,2025-05-27,2025-06-03,8,안목-안목커피거리,8
2025,42002078,211-1,강릉-동진버스,True,4200625,강릉역공영주차장,BIS inventory,True,True,46,43,128.89784270199107,37.76437149155158,10,11,22,8,1.118568,2.552204,2025-05-27,2025-06-03,8,안목-안목커피거리,7
2025,42002078,211-1,강릉-동진버스,True,4200627,명륜고교후문,BIS inventory,True,True,45,42,128.8959116900896,37.761745147071196,2,3,39,27,0.223714,0.696056,2025-05-27,2025-06-03,8,안목-안목커피거리,3
2025,42002078,211-1,강릉-동진버스,True,4200768,단오문화관,BIS inventory,True,True,25,22,128.8967729024353,37.7481043414214,1,9,42,14,0.111857,2.088167,2025-05-27,2025-06-03,8,안목-안목커피거리,5
2025,42002078,211-1,강릉-동진버스,True,4200770,은마아파트,BIS inventory,True,True,41,38,128.89705025699647,37.747304327883974,9,3,24,27,1.006711,0.696056,2025-05-27,2025-06-03,8,안목-안목커피거리,5
2025,42002078,211-1,강릉-동진버스,True,4200771,은마아파트,BIS inventory,True,True,26,23,128.89677272965307,37.746541962257844,0,5,,22,0.0,1.160093,2025-05-27,2025-06-03,8,안목-안목커피거리,5
2025,42002078,211-1,강릉-동진버스,True,4200772,노암대림아파트,BIS inventory,True,True,27,24,128.8964957795506,37.74447513098166,0,11,,8,0.0,2.552204,2025-05-27,2025-06-03,8,안목-안목커피거리,6
2025,42002078,211-1,강릉-동진버스,True,4200773,노암대림아파트,BIS inventory,True,True,40,37,128.89670020630172,37.7443968332287,58,0,5,,6.487696,0.0,2025-05-27,2025-06-03,8,안목-안목커피거리,7
2025,42002078,211-1,강릉-동진버스,True,4200780,한국폴리텍대학,BIS inventory,True,True,31,28,128.8886097800722,37.73837235643407,25,10,11,11,2.796421,2.320186,2025-05-27,2025-06-03,8,안목-안목커피거리,8
2025,42002078,211-1,강릉-동진버스,True,4200781,남산삼익아파트,BIS inventory,True,True,32,29,128.8901808969545,37.74229155338584,18,0,13,,2.013423,0.0,2025-05-27,2025-06-03,8,안목-안목커피거리,6
2025,42002078,211-1,강릉-동진버스,True,4200782,남산삼익아파트,BIS inventory,True,True,30,27,128.89009058765018,37.74235973416757,0,4,,25,0.0,0.928074,2025-05-27,2025-06-03,8,안목-안목커피거리,4
2025,42002078,211-1,강릉-동진버스,True,4200783,남산초교,BIS inventory,True,True,33,30,128.8913405517673,37.744206285908824,62,2,3,34,6.935123,0.464037,2025-05-27,2025-06-03,8,안목-안목커피거리,8
2025,42002078,211-1,강릉-동진버스,True,4200784,남산초교,BIS inventory,True,True,29,26,128.89124028586525,37.74425071826271,0,13,,6,0.0,3.016241,2025-05-27,2025-06-03,8,안목-안목커피거리,7
2025,42002078,211-1,강릉-동진버스,True,4200785,남산현대아파트,BIS inventory,True,True,34,31,128.89462531897348,37.74186237968639,49,0,7,,5.480984,0.0,2025-05-27,2025-06-03,8,안목-안목커피거리,8
2025,42002078,211-1,강릉-동진버스,True,4200786,남산현대아파트,BIS inventory,True,True,28,25,128.89442793639103,37.74202687203957,3,10,35,11,0.33557,2.320186,2025-05-27,2025-06-03,8,안목-안목커피거리,5
2025,42002078,211-1,강릉-동진버스,True,4200788,원예농협강남점,BIS inventory,True,True,39,36,128.89681243940322,37.742695820214294,7,0,28,,0.782998,0.0,2025-05-27,2025-06-03,8,안목-안목커피거리,4
2025,42002078,211-1,강릉-동진버스,True,4200790,노암한라아파트,BIS inventory,True,True,37,34,128.9030338994368,37.744009473539954,41,0,8,,4.58613,0.0,2025-05-27,2025-06-03,8,안목-안목커피거리,7
2025,42002078,211-1,강릉-동진버스,True,4200854,성내동광장,BIS inventory,True,True,24,21,128.89469082592495,37.750838877146485,6,3,31,27,0.671141,0.696056,2025-05-27,2025-06-03,8,안목-안목커피거리,7
2025,42002078,211-1,강릉-동진버스,True,4200855,성내동광장,BIS inventory,True,True,42,39,128.89488299521074,37.75095303991505,0,8,,16,0.0,1.856148,2025-05-27,2025-06-03,8,안목-안목커피거리,5
2025,42002078,211-1,강릉-동진버스,True,4201043,안목,BIS inventory,True,True,1,0,128.94526892930932,37.77285146151794,17,2,15,34,1.901566,0.464037,2025-05-27,2025-06-03,8,안목-안목커피거리,7
2025,42002078,211-1,강릉-동진버스,True,4201044,안목커피거리,BIS inventory,True,True,64,59,128.94543559396536,37.77260342997581,3,24,35,3,0.33557,5.568445,2025-05-27,2025-06-03,8,안목-안목커피거리,8
2025,42002078,211-1,강릉-동진버스,True,4201220,포남2주공입구,BIS inventory,True,True,11,8,128.9179885478381,37.77901498558293,18,0,13,,2.013423,0.0,2025-05-27,2025-06-03,8,안목-안목커피거리,7
2025,42002078,211-1,강릉-동진버스,True,4201233,초당분수공원,BIS inventory,True,True,8,5,128.9221385517862,37.785996929695614,1,0,42,,0.111857,0.0,2025-05-27,2025-06-03,8,안목-안목커피거리,1
2025,42002078,211-1,강릉-동진버스,True,4201234,초당분수공원,BIS inventory,True,True,57,54,128.92421540479356,37.78614360918137,2,5,39,22,0.223714,1.160093,2025-05-27,2025-06-03,8,안목-안목커피거리,3
2025,42002078,211-1,강릉-동진버스,True,4201236,포남2주공입구,BIS inventory,True,True,54,51,128.91810027987142,37.77873395771816,0,6,,19,0.0,1.392111,2025-05-27,2025-06-03,8,안목-안목커피거리,5
2025,42002078,211-1,강릉-동진버스,True,4201411,삼성디지털센터,BIS inventory,True,True,44,41,128.89671612387085,37.758421567843364,8,6,26,19,0.894855,1.392111,2025-05-27,2025-06-03,8,안목-안목커피거리,6
2025,42002080,,,False,4200082,강일여고정문,BIS inventory,True,False,,15,128.8875516595327,37.76393626119314,4,0,8,,5.063291,0.0,2025-05-27,2025-06-03,8,공단-문성고등학교,4
2025,42002080,,,False,4200087,강원대학교후문,BIS inventory,True,False,,18,128.87498639848286,37.77315204059329,0,2,,2,0.0,20.0,2025-05-27,2025-06-03,8,공단-문성고등학교,2
2025,42002080,,,False,4200088,문성고등학교,BIS inventory,True,False,,19,128.8747975765768,37.776789915738114,0,5,,1,0.0,50.0,2025-05-27,2025-06-03,8,공단-문성고등학교,5
2025,42002080,,,False,4200128,구름다리,BIS inventory,True,False,,17,128.87743298775584,37.764682397677966,1,0,11,,1.265823,0.0,2025-05-27,2025-06-03,8,공단-문성고등학교,1
2025,42002080,,,False,4200130,현대2차아파트,BIS inventory,True,False,,16,128.87999435131803,37.764311243841746,16,0,2,,20.253165,0.0,2025-05-27,2025-06-03,8,공단-문성고등학교,5
2025,42002080,,,False,4200248,강릉제일고,BIS inventory,True,False,,13,128.89200478710157,37.759050283679514,3,0,9,,3.797468,0.0,2025-05-27,2025-06-03,8,공단-문성고등학교,3
2025,42002080,,,False,4200257,옥천119안전센터,BIS inventory,True,False,,10,128.90305174420297,37.761041080134646,0,2,,2,0.0,20.0,2025-05-27,2025-06-03,8,공단-문성고등학교,2
2025,42002080,,,False,4200762,입암현대아파트,BIS inventory,True,False,,7,128.91270364556544,37.753026994257695,21,0,1,,26.582278,0.0,2025-05-27,2025-06-03,8,공단-문성고등학교,5
2025,42002080,,,False,4200765,성덕초등학교,BIS inventory,True,False,,8,128.91017117535122,37.75573609872045,2,1,10,4,2.531646,10.0,2025-05-27,2025-06-03,8,공단-문성고등학교,2
2025,42002080,,,False,4201045,성덕동주민센터,BIS inventory,True,False,,2,128.91516594318634,37.762763608124146,5,0,6,,6.329114,0.0,2025-05-27,2025-06-03,8,공단-문성고등학교,5
2025,42002080,,,False,4201047,입암4주공아파트,BIS inventory,True,False,,3,128.91655461094618,37.76166752794127,9,0,3,,11.392405,0.0,2025-05-27,2025-06-03,8,공단-문성고등학교,5
2025,42002080,,,False,4201051,입암6주공오거리,BIS inventory,True,False,,5,128.91813149011642,37.75937340656549,5,0,6,,6.329114,0.0,2025-05-27,2025-06-03,8,공단-문성고등학교,5
2025,42002080,,,False,4201053,금호어울림,BIS inventory,True,False,,6,128.9156520837289,37.754995794611034,6,0,5,,7.594937,0.0,2025-05-27,2025-06-03,8,공단-문성고등학교,5
2025,42002080,,,False,4201202,강릉여고정문,BIS inventory,True,False,,9,128.90529773129947,37.759257611132256,7,0,4,,8.860759,0.0,2025-05-27,2025-06-03,8,공단-문성고등학교,4
2025,42002083,,,False,4200107,KT,BIS inventory,True,False,,17,128.9125052185983,37.77309475265464,5,0,4,,8.196721,0.0,2025-05-27,2025-06-03,8,선수촌8단지-강릉고정문,2
2025,42002083,,,False,4200109,동인병원입구,BIS inventory,True,False,,16,128.9094857690125,37.77102450992961,2,0,10,,3.278689,0.0,2025-05-27,2025-06-03,8,선수촌8단지-강릉고정문,2
2025,42002083,,,False,4200111,하슬라중,BIS inventory,True,False,,15,128.90761293140218,37.77043125987649,4,1,5,1,6.557377,100.0,2025-05-27,2025-06-03,8,선수촌8단지-강릉고정문,2
2025,42002083,,,False,4200123,우편집중국,BIS inventory,True,False,,6,128.8733706824724,37.76051485370646,4,0,5,,6.557377,0.0,2025-05-27,2025-06-03,8,선수촌8단지-강릉고정문,2
2025,42002083,,,False,4200127,구름다리,BIS inventory,True,False,,8,128.87654770197503,37.764512872809554,2,0,10,,3.278689,0.0,2025-05-27,2025-06-03,8,선수촌8단지-강릉고정문,2
2025,42002083,,,False,4200129,주공3차아파트,BIS inventory,True,False,,9,128.87933873663175,37.76410589188944,4,0,5,,6.557377,0.0,2025-05-27,2025-06-03,8,선수촌8단지-강릉고정문,2
2025,42002083,,,False,4200131,하이빌현대아파트,BIS inventory,True,False,,10,128.8824547932286,37.764860822549025,7,0,2,,11.47541,0.0,2025-05-27,2025-06-03,8,선수촌8단지-강릉고정문,2
2025,42002083,,,False,4200133,주공1차아파트,BIS inventory,True,False,,11,128.88288690646792,37.76665665089728,2,0,10,,3.278689,0.0,2025-05-27,2025-06-03,8,선수촌8단지-강릉고정문,2
2025,42002083,,,False,4200543,미디어촌5단지,BIS inventory,True,False,,2,128.86758571434657,37.753701754139904,15,0,1,,24.590164,0.0,2025-05-27,2025-06-03,8,선수촌8단지-강릉고정문,2
2025,42002083,,,False,4200548,강릉소방서,BIS inventory,True,False,,5,128.87119323619314,37.7580009949989,2,0,10,,3.278689,0.0,2025-05-27,2025-06-03,8,선수촌8단지-강릉고정문,2
2025,42002083,,,False,4200566,주공2차아파트,BIS inventory,True,False,,12,128.88486622636958,37.76845428049225,4,0,5,,6.557377,0.0,2025-05-27,2025-06-03,8,선수촌8단지-강릉고정문,2
2025,42002083,,,False,4200567,한내들아파트,BIS inventory,True,False,,4,128.8681446784216,37.75790349269205,6,0,3,,9.836066,0.0,2025-05-27,2025-06-03,8,선수촌8단지-강릉고정문,2
2025,42002083,,,False,4201250,선수촌8단지,BIS inventory,True,False,,0,128.87011109214671,37.76078977894948,4,0,5,,6.557377,0.0,2025-05-27,2025-06-03,8,선수촌8단지-강릉고정문,2
2025,42002084,224-1,강릉-동진버스,True,4200062,회산주공2단지,BIS inventory,True,True,39,35,128.87633822960112,37.74368399842067,12,4,2,3,11.881188,13.333333,2025-05-27,2025-06-03,8,안목-안목커피거리,5
2025,42002084,224-1,강릉-동진버스,True,4200066,내곡교,BIS inventory,True,True,43,39,128.88659128664105,37.74625364038564,0,1,,5,0.0,3.333333,2025-05-27,2025-06-03,8,안목-안목커피거리,1
2025,42002084,224-1,강릉-동진버스,True,4200103,경포고교,BIS inventory,True,True,66,61,128.9190546436117,37.78057981084284,0,1,,5,0.0,3.333333,2025-05-27,2025-06-03,8,안목-안목커피거리,1
2025,42002084,224-1,강릉-동진버스,True,4200105,동명중학교,BIS inventory,True,True,64,59,128.9161008666347,37.77658681943468,0,3,,4,0.0,10.0,2025-05-27,2025-06-03,8,안목-안목커피거리,3
2025,42002084,224-1,강릉-동진버스,True,4200107,KT,BIS inventory,True,True,62,57,128.9125052185983,37.77309475265464,3,1,9,5,2.970297,3.333333,2025-05-27,2025-06-03,8,안목-안목커피거리,3
2025,42002084,224-1,강릉-동진버스,True,4200109,동인병원입구,BIS inventory,True,True,61,56,128.9094857690125,37.77102450992961,0,1,,5,0.0,3.333333,2025-05-27,2025-06-03,8,안목-안목커피거리,1
2025,42002084,224-1,강릉-동진버스,True,4200751,금호어울림정문,BIS inventory,True,True,53,48,128.91957971290998,37.754473371718376,8,10,5,1,7.920792,33.333333,2025-05-27,2025-06-03,8,안목-안목커피거리,5
2025,42002084,224-1,강릉-동진버스,True,4200752,중앙초교,BIS inventory,True,True,54,49,128.9223833558042,37.757342016100644,2,0,10,,1.980198,0.0,2025-05-27,2025-06-03,8,안목-안목커피거리,2
2025,42002084,224-1,강릉-동진버스,True,4200754,입암6주공아파트,BIS inventory,True,True,55,50,128.9200510349674,37.759167158773394,1,1,11,5,0.990099,3.333333,2025-05-27,2025-06-03,8,안목-안목커피거리,2
2025,42002084,224-1,강릉-동진버스,True,4200768,단오문화관,BIS inventory,True,True,45,41,128.8967729024353,37.7481043414214,1,1,11,5,0.990099,3.333333,2025-05-27,2025-06-03,8,안목-안목커피거리,2
2025,42002084,224-1,강릉-동진버스,True,4200771,은마아파트,BIS inventory,True,True,46,42,128.89677272965307,37.746541962257844,10,0,3,,9.90099,0.0,2025-05-27,2025-06-03,8,안목-안목커피거리,5
2025,42002084,224-1,강릉-동진버스,True,4200787,원예농협강남점,BIS inventory,True,True,48,44,128.8968065666806,37.74246510458876,1,0,11,,0.990099,0.0,2025-05-27,2025-06-03,8,안목-안목커피거리,1
2025,42002084,224-1,강릉-동진버스,True,4200789,강남동주민센터,BIS inventory,True,True,50,46,128.9049218912141,37.74425517651889,6,0,7,,5.940594,0.0,2025-05-27,2025-06-03,8,안목-안목커피거리,4
2025,42002084,224-1,강릉-동진버스,True,4200843,서희아파트,BIS inventory,True,True,37,33,128.86634677134685,37.73976016715972,7,0,6,,6.930693,0.0,2025-05-27,2025-06-03,8,안목-안목커피거리,3
2025,42002084,224-1,강릉-동진버스,True,4200846,회산주공1단지,BIS inventory,True,True,40,36,128.87934233274848,37.74463886683866,10,0,3,,9.90099,0.0,2025-05-27,2025-06-03,8,안목-안목커피거리,5
2025,42002084,224-1,강릉-동진버스,True,4200848,내곡현대아파트,BIS inventory,True,True,42,38,128.8834148503297,37.74546973753321,1,6,11,2,0.990099,20.0,2025-05-27,2025-06-03,8,안목-안목커피거리,4
2025,42002084,224-1,강릉-동진버스,True,4201043,안목,BIS inventory,True,True,1,0,128.94526892930932,37.77285146151794,34,0,1,,33.663366,0.0,2025-05-27,2025-06-03,8,안목-안목커피거리,5
2025,42002084,224-1,강릉-동진버스,True,4201056,더샵아파트,BIS inventory,True,True,51,47,128.91218064135074,37.749852342787776,0,1,,5,0.0,3.333333,2025-05-27,2025-06-03,8,안목-안목커피거리,1
2025,42002084,224-1,강릉-동진버스,True,4201208,내곡한라아파트,BIS inventory,True,True,41,37,128.88109989979574,37.744994216797494,5,0,8,,4.950495,0.0,2025-05-27,2025-06-03,8,안목-안목커피거리,4
2025,42002085,220,강릉-동진버스,True,4200001,내곡교,BIS inventory,True,True,26,23,128.88717490623026,37.74653766880734,36,50,41,20,0.367085,1.192748,2025-05-27,2025-06-03,8,안목-안목커피거리,8
2025,42002085,220,강릉-동진버스,True,4200050,가톨릭관동대북문,BIS inventory,True,True,38,35,128.8721246228799,37.73769671240302,477,34,5,31,4.863873,0.811069,2025-05-27,2025-06-03,8,안목-안목커피거리,8
2025,42002085,220,강릉-동진버스,True,4200051,송정래미안,BIS inventory,True,True,63,59,128.93021609974548,37.78282723196739,2,6,62,49,0.020394,0.14313,2025-05-27,2025-06-03,8,안목-안목커피거리,6
2025,42002085,220,강릉-동진버스,True,4200052,송정래미안,BIS inventory,True,True,6,4,128.93038982126572,37.78292573478735,12,0,51,,0.122362,0.0,2025-05-27,2025-06-03,8,안목-안목커피거리,5
2025,42002085,220,강릉-동진버스,True,4200053,오성학교,BIS inventory,True,True,5,3,128.93312248716418,37.77978287851338,59,5,37,51,0.601611,0.119275,2025-05-27,2025-06-03,8,안목-안목커피거리,8
2025,42002085,220,강릉-동진버스,True,4200054,삼익아파트,BIS inventory,True,True,64,60,128.93336344346523,37.7794509217129,6,42,55,26,0.061181,1.001908,2025-05-27,2025-06-03,8,안목-안목커피거리,8
2025,42002085,220,강릉-동진버스,True,4200055,해당화연립,BIS inventory,True,True,4,2,128.93501598562065,37.778964657496246,74,2,31,59,0.754563,0.04771,2025-05-27,2025-06-03,8,안목-안목커피거리,8
2025,42002085,220,강릉-동진버스,True,4200056,해당화연립,BIS inventory,True,True,65,61,128.9356053065312,37.7785328972295,3,25,58,35,0.03059,0.596374,2025-05-27,2025-06-03,8,안목-안목커피거리,8
2025,42002085,220,강릉-동진버스,True,4200062,회산주공2단지,BIS inventory,True,True,41,38,128.87633822960112,37.74368399842067,522,12,4,44,5.322729,0.28626,2025-05-27,2025-06-03,8,안목-안목커피거리,8
2025,42002085,220,강릉-동진버스,True,4200066,내곡교,BIS inventory,True,True,45,42,128.88659128664105,37.74625364038564,46,50,40,20,0.469053,1.192748,2025-05-27,2025-06-03,8,안목-안목커피거리,8
2025,42002085,220,강릉-동진버스,True,4200094,강릉여고,BIS inventory,True,True,49,46,128.90248424479844,37.75904463050879,123,51,22,18,1.254206,1.216603,2025-05-27,2025-06-03,8,안목-안목커피거리,8
2025,42002085,220,강릉-동진버스,True,4200095,한국자산관리공사,BIS inventory,True,True,21,18,128.90111921880606,37.75827929877246,127,49,19,23,1.294993,1.168893,2025-05-27,2025-06-03,8,안목-안목커피거리,8
2025,42002085,220,강릉-동진버스,True,4200101,강릉고입구,BIS inventory,True,True,9,6,128.92013482012848,37.783607089094346,150,8,17,47,1.52952,0.19084,2025-05-27,2025-06-03,8,안목-안목커피거리,8
2025,42002085,220,강릉-동진버스,True,4200102,강릉고입구,BIS inventory,True,True,60,57,128.92044843215433,37.78352944320342,26,33,43,32,0.265117,0.787214,2025-05-27,2025-06-03,8,안목-안목커피거리,8
2025,42002085,220,강릉-동진버스,True,4200103,경포고교,BIS inventory,True,True,59,56,128.9190546436117,37.78057981084284,15,23,47,37,0.152952,0.548664,2025-05-27,2025-06-03,8,안목-안목커피거리,8
2025,42002085,220,강릉-동진버스,True,4200104,동명중학교,BIS inventory,True,True,12,9,128.91637238303827,37.777185998905715,88,0,27,,0.897318,0.0,2025-05-27,2025-06-03,8,안목-안목커피거리,8
2025,42002085,220,강릉-동진버스,True,4200105,동명중학교,BIS inventory,True,True,57,54,128.9161008666347,37.77658681943468,22,19,44,39,0.22433,0.453244,2025-05-27,2025-06-03,8,안목-안목커피거리,8
2025,42002085,220,강릉-동진버스,True,4200106,KT,BIS inventory,True,True,14,11,128.91181164590185,37.77275858732733,343,17,8,40,3.497502,0.405534,2025-05-27,2025-06-03,8,안목-안목커피거리,8
2025,42002085,220,강릉-동진버스,True,4200107,KT,BIS inventory,True,True,55,52,128.9125052185983,37.77309475265464,91,163,26,4,0.927909,3.888359,2025-05-27,2025-06-03,8,안목-안목커피거리,8
2025,42002085,220,강릉-동진버스,True,4200108,동인병원입구,BIS inventory,True,True,15,12,128.90953558421478,37.77125258486367,189,4,14,54,1.927195,0.09542,2025-05-27,2025-06-03,8,안목-안목커피거리,8
2025,42002085,220,강릉-동진버스,True,4200109,동인병원입구,BIS inventory,True,True,54,51,128.9094857690125,37.77102450992961,19,56,45,17,0.193739,1.335878,2025-05-27,2025-06-03,8,안목-안목커피거리,8
2025,42002085,220,강릉-동진버스,True,4200110,하슬라중,BIS inventory,True,True,16,13,128.90715554439282,37.77053362559672,124,16,20,41,1.264403,0.381679,2025-05-27,2025-06-03,8,안목-안목커피거리,8
2025,42002085,220,강릉-동진버스,True,4200111,하슬라중,BIS inventory,True,True,53,50,128.90761293140218,37.77043125987649,69,50,33,20,0.703579,1.192748,2025-05-27,2025-06-03,8,안목-안목커피거리,8
2025,42002085,220,강릉-동진버스,True,4200112,강릉관광개발공사,BIS inventory,True,True,17,14,128.9085231695166,37.76800046518587,71,15,32,42,0.723973,0.357824,2025-05-27,2025-06-03,8,안목-안목커피거리,8
2025,42002085,220,강릉-동진버스,True,4200113,강릉관광개발공사,BIS inventory,True,True,52,49,128.90865897771857,37.76820323697218,14,32,49,33,0.142755,0.763359,2025-05-27,2025-06-03,8,안목-안목커피거리,7
2025,42002085,220,강릉-동진버스,True,4200251,한국은행,BIS inventory,True,True,23,20,128.89406630781096,37.753485602290496,458,141,6,6,4.670134,3.36355,2025-05-27,2025-06-03,8,안목-안목커피거리,8
2025,42002085,220,강릉-동진버스,True,4200252,신영극장,BIS inventory,True,True,48,45,128.8961287589657,37.75448236011555,1394,902,1,1,14.214337,21.517176,2025-05-27,2025-06-03,8,안목-안목커피거리,8
2025,42002085,220,강릉-동진버스,True,4200253,교보생명,BIS inventory,True,True,22,19,128.89811415297848,37.756002485379526,1094,710,2,2,11.155297,16.937023,2025-05-27,2025-06-03,8,안목-안목커피거리,8
2025,42002085,220,강릉-동진버스,True,4200258,용지각,BIS inventory,True,True,50,47,128.90534669055177,37.76147384168322,60,57,35,15,0.611808,1.359733,2025-05-27,2025-06-03,8,안목-안목커피거리,8
2025,42002085,220,강릉-동진버스,True,4200259,용지각,BIS inventory,True,True,20,17,128.90537716328666,37.76184119439877,124,37,20,29,1.264403,0.882634,2025-05-27,2025-06-03,8,안목-안목커피거리,8
2025,42002085,220,강릉-동진버스,True,4200260,동남아파트,BIS inventory,True,True,51,48,128.9088062489658,37.764638779656714,36,67,41,13,0.367085,1.598282,2025-05-27,2025-06-03,8,안목-안목커피거리,8
2025,42002085,220,강릉-동진버스,True,4200262,로얄아파트.포남1동주민센터,BIS inventory,True,True,18,15,128.90933288179943,37.76545703763149,261,41,11,27,2.661364,0.978053,2025-05-27,2025-06-03,8,안목-안목커피거리,8
2025,42002085,220,강릉-동진버스,True,4200279,신도브래뉴,BIS inventory,True,True,66,62,128.93862914925478,37.77730338810464,3,37,58,29,0.03059,0.882634,2025-05-27,2025-06-03,8,안목-안목커피거리,7
2025,42002085,220,강릉-동진버스,True,4200280,송정해변,BIS inventory,True,True,3,1,128.9381119893655,37.77768849372205,63,0,34,,0.642398,0.0,2025-05-27,2025-06-03,8,안목-안목커피거리,8
2025,42002085,220,강릉-동진버스,True,4200288,경포고교,BIS inventory,True,True,10,7,128.91881546540267,37.78075927662396,231,7,12,48,2.35546,0.166985,2025-05-27,2025-06-03,8,안목-안목커피거리,8
2025,42002085,220,강릉-동진버스,True,4200289,한솔초교,BIS inventory,True,True,13,10,128.9142086436632,37.775058134113436,119,6,24,49,1.213419,0.14313,2025-05-27,2025-06-03,8,안목-안목커피거리,8
2025,42002085,220,강릉-동진버스,True,4200290,한솔초교,BIS inventory,True,True,56,53,128.91448068318238,37.77500059793141,15,44,47,25,0.152952,1.049618,2025-05-27,2025-06-03,8,안목-안목커피거리,8
2025,42002085,220,강릉-동진버스,True,4200318,포남시장,BIS inventory,True,True,19,16,128.90766061502285,37.76392281820552,121,20,23,38,1.233813,0.477099,2025-05-27,2025-06-03,8,안목-안목커피거리,8
2025,42002085,220,강릉-동진버스,True,4200366,내곡한라아파트,BIS inventory,True,True,28,25,128.88110089995297,37.74513149140333,12,57,51,15,0.122362,1.359733,2025-05-27,2025-06-03,8,안목-안목커피거리,7
2025,42002085,220,강릉-동진버스,True,4200398,회산종점,BIS inventory,True,True,34,31,128.8605464983993,37.731597103272264,118,26,25,34,1.203222,0.620229,2025-05-27,2025-06-03,8,안목-안목커피거리,8
2025,42002085,220,강릉-동진버스,True,4200758,회산주공2단지,BIS inventory,True,True,30,27,128.8755135006868,37.7435978056025,12,85,51,9,0.122362,2.027672,2025-05-27,2025-06-03,8,안목-안목커피거리,8
2025,42002085,220,강릉-동진버스,True,4200840,강일운수(회산한신더휴아파트),BIS inventory,True,True,35,32,128.8635961632995,37.73687831617277,406,2,7,59,4.1399,0.04771,2025-05-27,2025-06-03,8,안목-안목커피거리,8
2025,42002085,220,강릉-동진버스,True,4200841,강일운수(회산한신더휴아파트),BIS inventory,True,True,33,30,128.86326996430768,37.736857601908014,0,25,,35,0.0,0.596374,2025-05-27,2025-06-03,8,안목-안목커피거리,8
2025,42002085,220,강릉-동진버스,True,4200842,서희아파트,BIS inventory,True,True,32,29,128.86542964738,37.739494273568006,3,125,58,8,0.03059,2.98187,2025-05-27,2025-06-03,8,안목-안목커피거리,8
2025,42002085,220,강릉-동진버스,True,4200843,서희아파트,BIS inventory,True,True,36,33,128.86634677134685,37.73976016715972,782,10,3,45,7.973896,0.23855,2025-05-27,2025-06-03,8,안목-안목커피거리,8
2025,42002085,220,강릉-동진버스,True,4200844,회산교,BIS inventory,True,True,40,37,128.86938257728545,37.741799533605175,84,2,30,59,0.856531,0.04771,2025-05-27,2025-06-03,8,안목-안목커피거리,8
2025,42002085,220,강릉-동진버스,True,4200845,회산교,BIS inventory,True,True,31,28,128.86893532851613,37.74168123777201,4,76,57,11,0.040787,1.812977,2025-05-27,2025-06-03,8,안목-안목커피거리,8
2025,42002085,220,강릉-동진버스,True,4200846,회산주공1단지,BIS inventory,True,True,42,39,128.87934233274848,37.74463886683866,343,9,8,46,3.497502,0.214695,2025-05-27,2025-06-03,8,안목-안목커피거리,8
2025,42002085,220,강릉-동진버스,True,4200847,회산주공1단지,BIS inventory,True,True,29,26,128.87955033053632,37.744879735537495,2,68,62,12,0.020394,1.622137,2025-05-27,2025-06-03,8,안목-안목커피거리,8
2025,42002085,220,강릉-동진버스,True,4200848,내곡현대아파트,BIS inventory,True,True,44,41,128.8834148503297,37.74546973753321,170,15,15,42,1.733456,0.357824,2025-05-27,2025-06-03,8,안목-안목커피거리,8
2025,42002085,220,강릉-동진버스,True,4200849,내곡현대아파트,BIS inventory,True,True,27,24,128.88327994384045,37.74557191636756,17,49,46,23,0.173346,1.168893,2025-05-27,2025-06-03,8,안목-안목커피거리,8
2025,42002085,220,강릉-동진버스,True,4200850,강릉의료원,BIS inventory,True,True,25,22,128.88880799404643,37.748819708567,60,40,35,28,0.611808,0.954198,2025-05-27,2025-06-03,8,안목-안목커피거리,8
2025,42002085,220,강릉-동진버스,True,4200851,강릉의료원,BIS inventory,True,True,46,43,128.89091430945297,37.74975576653371,47,133,39,7,0.47925,3.17271,2025-05-27,2025-06-03,8,안목-안목커피거리,8
2025,42002085,220,강릉-동진버스,True,4200852,강릉대도호부관아,BIS inventory,True,True,24,21,128.8916610029413,37.75117323796815,166,51,16,18,1.692669,1.216603,2025-05-27,2025-06-03,8,안목-안목커피거리,8
2025,42002085,220,강릉-동진버스,True,4200853,강릉대도호부관아,BIS inventory,True,True,47,44,128.89234522879923,37.75163825691615,59,262,37,3,0.601611,6.25,2025-05-27,2025-06-03,8,안목-안목커피거리,8
2025,42002085,220,강릉-동진버스,True,4201043,안목,BIS inventory,True,True,1,0,128.94526892930932,37.77285146151794,205,3,13,56,2.090344,0.071565,2025-05-27,2025-06-03,8,안목-안목커피거리,8
2025,42002085,220,강릉-동진버스,True,4201044,안목커피거리,BIS inventory,True,True,68,63,128.94543559396536,37.77260342997581,14,157,49,5,0.142755,3.745229,2025-05-27,2025-06-03,8,안목-안목커피거리,8
2025,42002085,220,강릉-동진버스,True,4201208,내곡한라아파트,BIS inventory,True,True,43,40,128.88109989979574,37.744994216797494,285,5,10,51,2.906087,0.119275,2025-05-27,2025-06-03,8,안목-안목커피거리,8
2025,42002085,220,강릉-동진버스,True,4201220,포남2주공입구,BIS inventory,True,True,11,8,128.9179885478381,37.77901498558293,88,4,27,54,0.897318,0.09542,2025-05-27,2025-06-03,8,안목-안목커피거리,8
2025,42002085,220,강릉-동진버스,True,4201228,관솔길,BIS inventory,True,True,39,36,128.86971281684745,37.739544628947385,86,3,29,56,0.876925,0.071565,2025-05-27,2025-06-03,8,안목-안목커피거리,8
2025,42002085,220,강릉-동진버스,True,4201229,관솔길,BIS inventory,True,True,37,34,128.86962790539826,37.73951707468259,12,3,51,56,0.122362,0.071565,2025-05-27,2025-06-03,8,안목-안목커피거리,7
2025,42002085,220,강릉-동진버스,True,4201233,초당분수공원,BIS inventory,True,True,8,5,128.9221385517862,37.785996929695614,136,5,18,51,1.386765,0.119275,2025-05-27,2025-06-03,8,안목-안목커피거리,8
2025,42002085,220,강릉-동진버스,True,4201234,초당분수공원,BIS inventory,True,True,61,58,128.92421540479356,37.78614360918137,6,79,55,10,0.061181,1.884542,2025-05-27,2025-06-03,8,안목-안목커피거리,8
2025,42002085,220,강릉-동진버스,True,4201236,포남2주공입구,BIS inventory,True,True,58,55,128.91810027987142,37.77873395771816,3,67,58,13,0.03059,1.598282,2025-05-27,2025-06-03,8,안목-안목커피거리,8
2025,42002086,225,강릉-동진버스,True,4200001,내곡교,BIS inventory,True,True,37,36,128.88717490623026,37.74653766880734,0,5,,8,0.0,3.90625,2025-05-27,2025-06-03,8,안목-회산종점,2
2025,42002086,225,강릉-동진버스,True,4200045,형제막국수,BIS inventory,True,True,26,25,128.86624288991882,37.755124519467394,0,1,,21,0.0,0.78125,2025-05-27,2025-06-03,8,안목-회산종점,1
2025,42002086,225,강릉-동진버스,True,4200067,홍제동주민센터,BIS inventory,True,True,36,35,128.8842229051066,37.747848454396006,2,9,25,6,0.892857,7.03125,2025-05-27,2025-06-03,8,안목-회산종점,2
2025,42002086,225,강릉-동진버스,True,4200095,한국자산관리공사,BIS inventory,True,True,16,15,128.90111921880606,37.75827929877246,2,1,25,21,0.892857,0.78125,2025-05-27,2025-06-03,8,안목-회산종점,2
2025,42002086,225,강릉-동진버스,True,4200114,고용센터,BIS inventory,True,True,20,19,128.88893105798073,37.75744085258255,3,2,20,14,1.339286,1.5625,2025-05-27,2025-06-03,8,안목-회산종점,2
2025,42002086,225,강릉-동진버스,True,4200116,적십자입구,BIS inventory,True,True,21,20,128.88726321660565,37.757196360936135,4,1,15,21,1.785714,0.78125,2025-05-27,2025-06-03,8,안목-회산종점,2
2025,42002086,225,강릉-동진버스,True,4200118,터미널오거리,BIS inventory,True,True,22,21,128.8840640923818,37.75608209292866,0,3,,11,0.0,2.34375,2025-05-27,2025-06-03,8,안목-회산종점,1
2025,42002086,225,강릉-동진버스,True,4200120,강릉시외.고속터미널,BIS inventory,True,True,23,22,128.8792265208128,37.75505492071011,5,11,13,3,2.232143,8.59375,2025-05-27,2025-06-03,8,안목-회산종점,2
2025,42002086,225,강릉-동진버스,True,4200121,강릉시외.고속터미널,BIS inventory,True,True,32,31,128.87911620808939,37.75486594086855,4,11,15,3,1.785714,8.59375,2025-05-27,2025-06-03,8,안목-회산종점,2
2025,42002086,225,강릉-동진버스,True,4200250,용강동서부시장,BIS inventory,True,True,19,18,128.89174828581776,37.7556582744871,3,2,20,14,1.339286,1.5625,2025-05-27,2025-06-03,8,안목-회산종점,2
2025,42002086,225,강릉-동진버스,True,4200251,한국은행,BIS inventory,True,True,18,17,128.89406630781096,37.753485602290496,9,6,6,7,4.017857,4.6875,2025-05-27,2025-06-03,8,안목-회산종점,2
2025,42002086,225,강릉-동진버스,True,4200253,교보생명,BIS inventory,True,True,17,16,128.89811415297848,37.756002485379526,59,18,1,1,26.339286,14.0625,2025-05-27,2025-06-03,8,안목-회산종점,2
2025,42002086,225,강릉-동진버스,True,4200256,옥천119안전센터,BIS inventory,True,True,15,14,128.9022376115818,37.76136928474395,2,0,25,,0.892857,0.0,2025-05-27,2025-06-03,8,안목-회산종점,1
2025,42002086,225,강릉-동진버스,True,4200257,옥천119안전센터,BIS inventory,True,True,13,12,128.90305174420297,37.761041080134646,7,1,8,21,3.125,0.78125,2025-05-27,2025-06-03,8,안목-회산종점,2
2025,42002086,225,강릉-동진버스,True,4200259,용지각,BIS inventory,True,True,12,11,128.90537716328666,37.76184119439877,1,0,30,,0.446429,0.0,2025-05-27,2025-06-03,8,안목-회산종점,1
2025,42002086,225,강릉-동진버스,True,4200262,로얄아파트.포남1동주민센터,BIS inventory,True,True,10,9,128.90933288179943,37.76545703763149,7,1,8,21,3.125,0.78125,2025-05-27,2025-06-03,8,안목-회산종점,2
2025,42002086,225,강릉-동진버스,True,4200264,구)동해상사,BIS inventory,True,True,9,8,128.91165113985977,37.76683747950902,2,2,25,14,0.892857,1.5625,2025-05-27,2025-06-03,8,안목-회산종점,2
2025,42002086,225,강릉-동진버스,True,4200266,혜성연립,BIS inventory,True,True,8,7,128.9154402649905,37.76852760326643,8,0,7,,3.571429,0.0,2025-05-27,2025-06-03,8,안목-회산종점,2
2025,42002086,225,강릉-동진버스,True,4200268,삼우은성아파트,BIS inventory,True,True,7,6,128.91881978171756,37.77007704319862,3,1,20,21,1.339286,0.78125,2025-05-27,2025-06-03,8,안목-회산종점,1
2025,42002086,225,강릉-동진버스,True,4200270,이마트,BIS inventory,True,True,6,5,128.92290403192536,37.77218493598484,4,0,15,,1.785714,0.0,2025-05-27,2025-06-03,8,안목-회산종점,2
2025,42002086,225,강릉-동진버스,True,4200272,송정동주민센터,BIS inventory,True,True,5,4,128.92775106138072,37.77430053196711,4,0,15,,1.785714,0.0,2025-05-27,2025-06-03,8,안목-회산종점,2
2025,42002086,225,강릉-동진버스,True,4200274,송정노인회관,BIS inventory,True,True,4,3,128.93141909498914,37.77512821569013,18,0,2,,8.035714,0.0,2025-05-27,2025-06-03,8,안목-회산종점,2
2025,42002086,225,강릉-동진버스,True,4200276,송정한신아파트입구,BIS inventory,True,True,3,2,128.93668274097607,37.7740287226972,14,1,3,21,6.25,0.78125,2025-05-27,2025-06-03,8,안목-회산종점,2
2025,42002086,225,강릉-동진버스,True,4200318,포남시장,BIS inventory,True,True,11,10,128.90766061502285,37.76392281820552,0,1,,21,0.0,0.78125,2025-05-27,2025-06-03,8,안목-회산종점,1
2025,42002086,225,강릉-동진버스,True,4200366,내곡한라아파트,BIS inventory,True,True,39,38,128.88110089995297,37.74513149140333,0,4,,9,0.0,3.125,2025-05-27,2025-06-03,8,안목-회산종점,2
2025,42002086,225,강릉-동진버스,True,4200398,회산종점,BIS inventory,True,True,45,44,128.8605464983993,37.731597103272264,3,2,20,14,1.339286,1.5625,2025-05-27,2025-06-03,8,안목-회산종점,2
2025,42002086,225,강릉-동진버스,True,4200400,강릉복합복지체육센터,BIS inventory,True,True,29,28,128.87000704257403,37.762859214055275,2,0,25,,0.892857,0.0,2025-05-27,2025-06-03,8,안목-회산종점,1
2025,42002086,225,강릉-동진버스,True,4200479,유천행복주택,BIS inventory,True,True,27,26,128.86570448042954,37.76159011454386,6,3,11,11,2.678571,2.34375,2025-05-27,2025-06-03,8,안목-회산종점,2
2025,42002086,225,강릉-동진버스,True,4200543,미디어촌5단지,BIS inventory,True,True,25,24,128.86758571434657,37.753701754139904,5,16,13,2,2.232143,12.5,2025-05-27,2025-06-03,8,안목-회산종점,2
2025,42002086,225,강릉-동진버스,True,4200548,강릉소방서,BIS inventory,True,True,31,30,128.87119323619314,37.7580009949989,14,0,3,,6.25,0.0,2025-05-27,2025-06-03,8,안목-회산종점,2
2025,42002086,225,강릉-동진버스,True,4200565,우미린아파트,BIS inventory,True,True,24,23,128.87023572987053,37.75716460769394,3,11,20,3,1.339286,8.59375,2025-05-27,2025-06-03,8,안목-회산종점,2
2025,42002086,225,강릉-동진버스,True,4200721,강릉역,BIS inventory,True,True,14,13,128.8992580056024,37.76416330670135,6,4,11,9,2.678571,3.125,2025-05-27,2025-06-03,8,안목-회산종점,2
2025,42002086,225,강릉-동진버스,True,4200842,서희아파트,BIS inventory,True,True,43,42,128.86542964738,37.739494273568006,0,2,,14,0.0,1.5625,2025-05-27,2025-06-03,8,안목-회산종점,2
2025,42002086,225,강릉-동진버스,True,4200845,회산교,BIS inventory,True,True,42,41,128.86893532851613,37.74168123777201,0,1,,21,0.0,0.78125,2025-05-27,2025-06-03,8,안목-회산종점,1
2025,42002086,225,강릉-동진버스,True,4200847,회산주공1단지,BIS inventory,True,True,40,39,128.87955033053632,37.744879735537495,0,2,,14,0.0,1.5625,2025-05-27,2025-06-03,8,안목-회산종점,2
2025,42002086,225,강릉-동진버스,True,4200849,내곡현대아파트,BIS inventory,True,True,38,37,128.88327994384045,37.74557191636756,0,2,,14,0.0,1.5625,2025-05-27,2025-06-03,8,안목-회산종점,2
2025,42002086,225,강릉-동진버스,True,4201043,안목,BIS inventory,True,True,1,0,128.94526892930932,37.77285146151794,7,0,8,,3.125,0.0,2025-05-27,2025-06-03,8,안목-회산종점,2
2025,42002086,225,강릉-동진버스,True,4201250,선수촌8단지,BIS inventory,True,True,30,29,128.87011109214671,37.76078977894948,12,1,5,21,5.357143,0.78125,2025-05-27,2025-06-03,8,안목-회산종점,2
2025,42002086,225,강릉-동진버스,True,4201386,송정한신아파트후문,BIS inventory,True,True,2,1,128.93962441064605,37.773612640324636,4,0,15,,1.785714,0.0,2025-05-27,2025-06-03,8,안목-회산종점,2
2025,42002086,225,강릉-동진버스,True,4209995,강원대학교치과대학병원,BIS inventory,True,True,28,27,128.86959763767547,37.76381436688745,1,3,30,11,0.446429,2.34375,2025-05-27,2025-06-03,8,안목-회산종점,1
2025,42002087,225-1,강릉-동진버스,True,4200045,형제막국수,BIS inventory,True,True,15,14,128.86624288991882,37.755124519467394,3,0,10,,2.222222,0.0,2025-05-27,2025-06-03,8,회산종점-안목커피거리,2
2025,42002087,225-1,강릉-동진버스,True,4200049,남강초교,BIS inventory,True,True,33,32,128.91338089940805,37.76735161096919,1,1,20,9,0.740741,1.449275,2025-05-27,2025-06-03,8,회산종점-안목커피거리,2
2025,42002087,225-1,강릉-동진버스,True,4200066,내곡교,BIS inventory,True,True,9,8,128.88659128664105,37.74625364038564,3,0,10,,2.222222,0.0,2025-05-27,2025-06-03,8,회산종점-안목커피거리,1
2025,42002087,225-1,강릉-동진버스,True,4200094,강릉여고,BIS inventory,True,True,27,26,128.90248424479844,37.75904463050879,2,3,17,5,1.481481,4.347826,2025-05-27,2025-06-03,8,회산종점-안목커피거리,2
2025,42002087,225-1,강릉-동진버스,True,4200115,고용센터,BIS inventory,True,True,24,23,128.8890663454416,37.75714942132559,5,0,6,,3.703704,0.0,2025-05-27,2025-06-03,8,회산종점-안목커피거리,2
2025,42002087,225-1,강릉-동진버스,True,4200117,적십자입구,BIS inventory,True,True,23,22,128.88647213220725,37.75676623567213,0,1,,9,0.0,1.449275,2025-05-27,2025-06-03,8,회산종점-안목커피거리,1
2025,42002087,225-1,강릉-동진버스,True,4200119,터미널오거리,BIS inventory,True,True,22,21,128.88381140539954,37.755579088211434,4,1,9,9,2.962963,1.449275,2025-05-27,2025-06-03,8,회산종점-안목커피거리,2
2025,42002087,225-1,강릉-동진버스,True,4200120,강릉시외.고속터미널,BIS inventory,True,True,12,11,128.8792265208128,37.75505492071011,1,0,20,,0.740741,0.0,2025-05-27,2025-06-03,8,회산종점-안목커피거리,1
2025,42002087,225-1,강릉-동진버스,True,4200121,강릉시외.고속터미널,BIS inventory,True,True,21,20,128.87911620808939,37.75486594086855,27,0,1,,20.0,0.0,2025-05-27,2025-06-03,8,회산종점-안목커피거리,2
2025,42002087,225-1,강릉-동진버스,True,4200249,용강동서부시장,BIS inventory,True,True,25,24,128.89167287030088,37.75492247590215,1,14,20,2,0.740741,20.289855,2025-05-27,2025-06-03,8,회산종점-안목커피거리,2
2025,42002087,225-1,강릉-동진버스,True,4200252,신영극장,BIS inventory,True,True,26,25,128.8961287589657,37.75448236011555,23,25,2,1,17.037037,36.231884,2025-05-27,2025-06-03,8,회산종점-안목커피거리,2
2025,42002087,225-1,강릉-동진버스,True,4200258,용지각,BIS inventory,True,True,31,30,128.90534669055177,37.76147384168322,2,0,17,,1.481481,0.0,2025-05-27,2025-06-03,8,회산종점-안목커피거리,1
2025,42002087,225-1,강릉-동진버스,True,4200260,동남아파트,BIS inventory,True,True,32,31,128.9088062489658,37.764638779656714,3,1,10,9,2.222222,1.449275,2025-05-27,2025-06-03,8,회산종점-안목커피거리,2
2025,42002087,225-1,강릉-동진버스,True,4200265,혜성연립,BIS inventory,True,True,34,33,128.91575952067353,37.76841531999017,3,2,10,7,2.222222,2.898551,2025-05-27,2025-06-03,8,회산종점-안목커피거리,2
2025,42002087,225-1,강릉-동진버스,True,4200267,삼우은성아파트,BIS inventory,True,True,35,34,128.91973659122027,37.77025900516923,0,1,,9,0.0,1.449275,2025-05-27,2025-06-03,8,회산종점-안목커피거리,1
2025,42002087,225-1,강릉-동진버스,True,4200269,이마트,BIS inventory,True,True,36,35,128.92346774482266,37.772222356268564,1,3,20,5,0.740741,4.347826,2025-05-27,2025-06-03,8,회산종점-안목커피거리,2
2025,42002087,225-1,강릉-동진버스,True,4200273,송정신원아침도시,BIS inventory,True,True,38,37,128.93190852770562,37.774810233413945,0,2,,7,0.0,2.898551,2025-05-27,2025-06-03,8,회산종점-안목커피거리,2
2025,42002087,225-1,강릉-동진버스,True,4200275,송정한신아파트입구,BIS inventory,True,True,39,38,128.93667614488956,37.77380916737768,0,1,,9,0.0,1.449275,2025-05-27,2025-06-03,8,회산종점-안목커피거리,1
2025,42002087,225-1,강릉-동진버스,True,4200293,강릉역건너편,BIS inventory,True,True,29,28,128.8990669694857,37.76400772021464,5,4,6,4,3.703704,5.797101,2025-05-27,2025-06-03,8,회산종점-안목커피거리,2
2025,42002087,225-1,강릉-동진버스,True,4200400,강릉복합복지체육센터,BIS inventory,True,True,18,17,128.87000704257403,37.762859214055275,3,0,10,,2.222222,0.0,2025-05-27,2025-06-03,8,회산종점-안목커피거리,1
2025,42002087,225-1,강릉-동진버스,True,4200479,유천행복주택,BIS inventory,True,True,16,15,128.86570448042954,37.76159011454386,3,0,10,,2.222222,0.0,2025-05-27,2025-06-03,8,회산종점-안목커피거리,2
2025,42002087,225-1,강릉-동진버스,True,4200543,미디어촌5단지,BIS inventory,True,True,14,13,128.86758571434657,37.753701754139904,10,0,4,,7.407407,0.0,2025-05-27,2025-06-03,8,회산종점-안목커피거리,2
2025,42002087,225-1,강릉-동진버스,True,4200548,강릉소방서,BIS inventory,True,True,20,19,128.87119323619314,37.7580009949989,10,0,4,,7.407407,0.0,2025-05-27,2025-06-03,8,회산종점-안목커피거리,2
2025,42002087,225-1,강릉-동진버스,True,4200565,우미린아파트,BIS inventory,True,True,13,12,128.87023572987053,37.75716460769394,3,1,10,9,2.222222,1.449275,2025-05-27,2025-06-03,8,회산종점-안목커피거리,1
2025,42002087,225-1,강릉-동진버스,True,4200843,서희아파트,BIS inventory,True,True,3,2,128.86634677134685,37.73976016715972,2,0,17,,1.481481,0.0,2025-05-27,2025-06-03,8,회산종점-안목커피거리,1
2025,42002087,225-1,강릉-동진버스,True,4200844,회산교,BIS inventory,True,True,4,3,128.86938257728545,37.741799533605175,1,0,20,,0.740741,0.0,2025-05-27,2025-06-03,8,회산종점-안목커피거리,1
2025,42002087,225-1,강릉-동진버스,True,4200848,내곡현대아파트,BIS inventory,True,True,8,7,128.8834148503297,37.74546973753321,1,0,20,,0.740741,0.0,2025-05-27,2025-06-03,8,회산종점-안목커피거리,1
2025,42002087,225-1,강릉-동진버스,True,4201030,홍제동주민센터,BIS inventory,True,True,10,9,128.88454291738702,37.74807153236862,5,0,6,,3.703704,0.0,2025-05-27,2025-06-03,8,회산종점-안목커피거리,1
2025,42002087,225-1,강릉-동진버스,True,4201044,안목커피거리,BIS inventory,True,True,41,40,128.94543559396536,37.77260342997581,0,8,,3,0.0,11.594203,2025-05-27,2025-06-03,8,회산종점-안목커피거리,2
2025,42002087,225-1,강릉-동진버스,True,4201208,내곡한라아파트,BIS inventory,True,True,7,6,128.88109989979574,37.744994216797494,1,0,20,,0.740741,0.0,2025-05-27,2025-06-03,8,회산종점-안목커피거리,1
2025,42002087,225-1,강릉-동진버스,True,4201250,선수촌8단지,BIS inventory,True,True,19,18,128.87011109214671,37.76078977894948,12,0,3,,8.888889,0.0,2025-05-27,2025-06-03,8,회산종점-안목커피거리,2
2025,42002087,225-1,강릉-동진버스,True,4209995,강원대학교치과대학병원,BIS inventory,True,True,17,16,128.86959763767547,37.76381436688745,0,1,,9,0.0,1.449275,2025-05-27,2025-06-03,8,회산종점-안목커피거리,1
2025,42002089,223-1,강릉-동진버스,True,4200051,송정래미안,BIS inventory,True,True,25,23,128.93021609974548,37.78282723196739,1,19,26,23,0.012723,0.4458,2025-05-27,2025-06-03,8,가톨릭관동대학교-안목커피거리,7
2025,42002089,223-1,강릉-동진버스,True,4200054,삼익아파트,BIS inventory,True,True,26,24,128.93336344346523,37.7794509217129,7,63,23,15,0.089059,1.478179,2025-05-27,2025-06-03,8,가톨릭관동대학교-안목커피거리,8
2025,42002089,223-1,강릉-동진버스,True,4200056,해당화연립,BIS inventory,True,True,27,25,128.9356053065312,37.7785328972295,0,67,,14,0.0,1.572032,2025-05-27,2025-06-03,8,가톨릭관동대학교-안목커피거리,8
2025,42002089,223-1,강릉-동진버스,True,4200058,강릉경찰서,BIS inventory,True,True,14,13,128.906855517511,37.76775326359568,24,107,19,10,0.305344,2.510558,2025-05-27,2025-06-03,8,가톨릭관동대학교-안목커피거리,8
2025,42002089,223-1,강릉-동진버스,True,4200063,가톨릭관동대학교,BIS inventory,True,True,1,0,128.87804152995903,37.738296118202754,2266,14,2,25,28.829517,0.328484,2025-05-27,2025-06-03,8,가톨릭관동대학교-안목커피거리,8
2025,42002089,223-1,강릉-동진버스,True,4200065,보건소,BIS inventory,True,True,3,2,128.8829859719751,37.74393637256719,585,4,5,28,7.442748,0.093853,2025-05-27,2025-06-03,8,가톨릭관동대학교-안목커피거리,8
2025,42002089,223-1,강릉-동진버스,True,4200102,강릉고입구,BIS inventory,True,True,22,21,128.92044843215433,37.78352944320342,42,151,14,6,0.534351,3.542938,2025-05-27,2025-06-03,8,가톨릭관동대학교-안목커피거리,8
2025,42002089,223-1,강릉-동진버스,True,4200103,경포고교,BIS inventory,True,True,21,20,128.9190546436117,37.78057981084284,18,40,20,19,0.229008,0.938527,2025-05-27,2025-06-03,8,가톨릭관동대학교-안목커피거리,8
2025,42002089,223-1,강릉-동진버스,True,4200105,동명중학교,BIS inventory,True,True,19,18,128.9161008666347,37.77658681943468,30,17,18,24,0.381679,0.398874,2025-05-27,2025-06-03,8,가톨릭관동대학교-안목커피거리,8
2025,42002089,223-1,강릉-동진버스,True,4200107,KT,BIS inventory,True,True,17,16,128.9125052185983,37.77309475265464,111,225,10,5,1.412214,5.279212,2025-05-27,2025-06-03,8,가톨릭관동대학교-안목커피거리,8
2025,42002089,223-1,강릉-동진버스,True,4200109,동인병원입구,BIS inventory,True,True,16,15,128.9094857690125,37.77102450992961,36,114,17,8,0.458015,2.674801,2025-05-27,2025-06-03,8,가톨릭관동대학교-안목커피거리,8
2025,42002089,223-1,강릉-동진버스,True,4200111,하슬라중,BIS inventory,True,True,15,14,128.90761293140218,37.77043125987649,48,57,13,17,0.610687,1.3374,2025-05-27,2025-06-03,8,가톨릭관동대학교-안목커피거리,8
2025,42002089,223-1,강릉-동진버스,True,4200252,신영극장,BIS inventory,True,True,9,8,128.8961287589657,37.75448236011555,2328,1356,1,1,29.618321,31.816049,2025-05-27,2025-06-03,8,가톨릭관동대학교-안목커피거리,8
2025,42002089,223-1,강릉-동진버스,True,4200279,신도브래뉴,BIS inventory,True,True,28,26,128.93862914925478,37.77730338810464,1,100,26,11,0.012723,2.346316,2025-05-27,2025-06-03,8,가톨릭관동대학교-안목커피거리,8
2025,42002089,223-1,강릉-동진버스,True,4200290,한솔초교,BIS inventory,True,True,18,17,128.91448068318238,37.77500059793141,18,59,20,16,0.229008,1.384327,2025-05-27,2025-06-03,8,가톨릭관동대학교-안목커피거리,8
2025,42002089,223-1,강릉-동진버스,True,4200293,강릉역건너편,BIS inventory,True,True,11,10,128.8990669694857,37.76400772021464,687,458,3,2,8.740458,10.746129,2025-05-27,2025-06-03,8,가톨릭관동대학교-안목커피거리,8
2025,42002089,223-1,강릉-동진버스,True,4200319,강릉역육거리,BIS inventory,True,True,12,11,128.90168116661832,37.76358515067785,38,33,16,22,0.483461,0.774284,2025-05-27,2025-06-03,8,가톨릭관동대학교-안목커피거리,8
2025,42002089,223-1,강릉-동진버스,True,4200321,강릉축산농협,BIS inventory,True,True,13,12,128.9049229187372,37.76619229629584,39,113,15,9,0.496183,2.651337,2025-05-27,2025-06-03,8,가톨릭관동대학교-안목커피거리,8
2025,42002089,223-1,강릉-동진버스,True,4200357,내곡교,BIS inventory,True,True,5,4,128.88814500034871,37.745625057468914,332,34,6,21,4.223919,0.797748,2025-05-27,2025-06-03,8,가톨릭관동대학교-안목커피거리,8
2025,42002089,223-1,강릉-동진버스,True,4200358,삼창그린맨션,BIS inventory,True,True,4,3,128.88749893563826,37.744743384730015,72,11,12,26,0.916031,0.258095,2025-05-27,2025-06-03,8,가톨릭관동대학교-안목커피거리,8
2025,42002089,223-1,강릉-동진버스,True,4200359,하나로마트내곡점,BIS inventory,True,True,2,1,128.88026417146904,37.7410809708167,656,6,4,27,8.346056,0.140779,2025-05-27,2025-06-03,8,가톨릭관동대학교-안목커피거리,8
2025,42002089,223-1,강릉-동진버스,True,4201031,삼개사입구,BIS inventory,True,True,6,5,128.88695285563512,37.7503693771254,157,35,7,20,1.997455,0.821211,2025-05-27,2025-06-03,8,가톨릭관동대학교-안목커피거리,8
2025,42002089,223-1,강릉-동진버스,True,4201033,장수탕,BIS inventory,True,True,7,6,128.88740033590045,37.75217314835415,136,71,8,13,1.73028,1.665885,2025-05-27,2025-06-03,8,가톨릭관동대학교-안목커피거리,8
2025,42002089,223-1,강릉-동진버스,True,4201035,용강동,BIS inventory,True,True,8,7,128.89127858305645,37.75423171492401,79,395,11,4,1.005089,9.267949,2025-05-27,2025-06-03,8,가톨릭관동대학교-안목커피거리,8
2025,42002089,223-1,강릉-동진버스,True,4201038,강릉농협중앙지점,BIS inventory,True,True,10,9,128.90002047054392,37.7602043259228,120,93,9,12,1.526718,2.182074,2025-05-27,2025-06-03,8,가톨릭관동대학교-안목커피거리,8
2025,42002089,223-1,강릉-동진버스,True,4201044,안목커피거리,BIS inventory,True,True,30,27,128.94543559396536,37.77260342997581,17,420,22,3,0.216285,9.854528,2025-05-27,2025-06-03,8,가톨릭관동대학교-안목커피거리,8
2025,42002089,223-1,강릉-동진버스,True,4201234,초당분수공원,BIS inventory,True,True,23,22,128.92421540479356,37.78614360918137,6,144,24,7,0.076336,3.378695,2025-05-27,2025-06-03,8,가톨릭관동대학교-안목커피거리,8
2025,42002089,223-1,강릉-동진버스,True,4201236,포남2주공입구,BIS inventory,True,True,20,19,128.91810027987142,37.77873395771816,6,56,24,18,0.076336,1.313937,2025-05-27,2025-06-03,8,가톨릭관동대학교-안목커피거리,8
2025,42002090,300-2,강릉-동진버스,True,4200004,숲사랑홍보관,BIS inventory,True,True,29,28,128.85126457297872,37.81878304910103,17,15,47,35,0.136098,0.234742,2025-05-27,2025-06-03,8,향호리-공단,7
2025,42002090,300-2,강릉-동진버스,True,4200042,롯데캐슬아파트,BIS inventory,True,True,41,40,128.89120929799194,37.766948306391974,408,180,14,7,3.266352,2.816901,2025-05-27,2025-06-03,8,향호리-공단,8
2025,42002090,300-2,강릉-동진버스,True,4200069,방골마을입구,BIS inventory,True,True,31,30,128.85540756146614,37.81366779247799,63,7,36,40,0.504363,0.109546,2025-05-27,2025-06-03,8,향호리-공단,8
2025,42002090,300-2,강릉-동진버스,True,4200094,강릉여고,BIS inventory,True,True,46,45,128.90248424479844,37.75904463050879,80,102,35,13,0.640461,1.596244,2025-05-27,2025-06-03,8,향호리-공단,8
2025,42002090,300-2,강릉-동진버스,True,4200138,즈므.과학단지,BIS inventory,True,True,33,32,128.8604076986006,37.79746479759031,108,2,33,44,0.864623,0.031299,2025-05-27,2025-06-03,8,향호리-공단,8
2025,42002090,300-2,강릉-동진버스,True,4200181,주문진해변,BIS inventory,True,True,2,1,128.81692175696733,37.90940788063508,118,2,30,44,0.94468,0.031299,2025-05-27,2025-06-03,8,향호리-공단,8
2025,42002090,300-2,강릉-동진버스,True,4200184,소돌,BIS inventory,True,True,3,2,128.82175443074843,37.905415537268986,310,6,15,41,2.481787,0.093897,2025-05-27,2025-06-03,8,향호리-공단,8
2025,42002090,300-2,강릉-동진버스,True,4200186,보성연립,BIS inventory,True,True,5,4,128.82551362915504,37.901974724913615,38,0,42,,0.304219,0.0,2025-05-27,2025-06-03,8,향호리-공단,7
2025,42002090,300-2,강릉-동진버스,True,4200187,양양고개,BIS inventory,True,True,6,5,128.82805578782853,37.90002854060149,153,9,24,38,1.224882,0.140845,2025-05-27,2025-06-03,8,향호리-공단,8
2025,42002090,300-2,강릉-동진버스,True,4200189,주문2리,BIS inventory,True,True,7,6,128.83046007450088,37.897540604441176,96,13,34,36,0.768553,0.203443,2025-05-27,2025-06-03,8,향호리-공단,8
2025,42002090,300-2,강릉-동진버스,True,4200190,수협사거리,BIS inventory,True,True,8,7,128.83119347169236,37.89590191816579,262,22,20,30,2.09751,0.344288,2025-05-27,2025-06-03,8,향호리-공단,8
2025,42002090,300-2,강릉-동진버스,True,4200191,공단,BIS inventory,True,True,51,50,128.92224127533925,37.765245144772656,1,21,49,31,0.008006,0.328638,2025-05-27,2025-06-03,8,향호리-공단,8
2025,42002090,300-2,강릉-동진버스,True,4200193,북부지구대,BIS inventory,True,True,9,8,128.82860680406648,37.894535177399845,277,20,17,32,2.217597,0.312989,2025-05-27,2025-06-03,8,향호리-공단,8
2025,42002090,300-2,강릉-동진버스,True,4200194,주문진항입구,BIS inventory,True,True,10,9,128.82670250148865,37.8926318795772,496,61,11,22,3.970859,0.954617,2025-05-27,2025-06-03,8,향호리-공단,8
2025,42002090,300-2,강릉-동진버스,True,4200197,작은다리,BIS inventory,True,True,12,11,128.82583778093624,37.88994679111109,792,40,2,25,6.340565,0.625978,2025-05-27,2025-06-03,8,향호리-공단,8
2025,42002090,300-2,강릉-동진버스,True,4200201,양조장,BIS inventory,True,True,15,14,128.8258300942643,37.881274388703744,586,92,6,16,4.691378,1.43975,2025-05-27,2025-06-03,8,향호리-공단,8
2025,42002090,300-2,강릉-동진버스,True,4200204,주문진중학교,BIS inventory,True,True,16,15,128.82690197641236,37.87887483229283,461,95,12,14,3.690657,1.486698,2025-05-27,2025-06-03,8,향호리-공단,8
2025,42002090,300-2,강릉-동진버스,True,4200205,강원도립대,BIS inventory,True,True,17,16,128.82840415011668,37.87652579934979,507,73,10,19,4.058922,1.14241,2025-05-27,2025-06-03,8,향호리-공단,8
2025,42002090,300-2,강릉-동진버스,True,4200207,북부노인종합복지관,BIS inventory,True,True,18,17,128.83062989490628,37.8743072338123,426,125,13,10,3.410456,1.956182,2025-05-27,2025-06-03,8,향호리-공단,8
2025,42002090,300-2,강릉-동진버스,True,4200213,연곡해변입구,BIS inventory,True,True,22,21,128.84130813848452,37.85462580337619,46,2,37,44,0.368265,0.031299,2025-05-27,2025-06-03,8,향호리-공단,8
2025,42002090,300-2,강릉-동진버스,True,4200216,구라미,BIS inventory,True,True,24,23,128.84187680750063,37.84088026429458,42,0,40,,0.336242,0.0,2025-05-27,2025-06-03,8,향호리-공단,7
2025,42002090,300-2,강릉-동진버스,True,4200219,청솔공원,BIS inventory,True,True,25,24,128.84744835859598,37.832296445829655,45,13,38,36,0.360259,0.203443,2025-05-27,2025-06-03,8,향호리-공단,8
2025,42002090,300-2,강릉-동진버스,True,4200220,모래내행복센터,BIS inventory,True,True,26,25,128.84888855200666,37.82654759560158,270,28,19,28,2.161556,0.438185,2025-05-27,2025-06-03,8,향호리-공단,8
2025,42002090,300-2,강릉-동진버스,True,4200223,사천면사무소,BIS inventory,True,True,27,26,128.84914337332015,37.8229406699122,286,26,16,29,2.289649,0.406886,2025-05-27,2025-06-03,8,향호리-공단,8
2025,42002090,300-2,강릉-동진버스,True,4200224,북부노인대학,BIS inventory,True,True,28,27,128.85070066292354,37.820164105652225,31,1,46,48,0.248179,0.015649,2025-05-27,2025-06-03,8,향호리-공단,8
2025,42002090,300-2,강릉-동진버스,True,4200228,학고개,BIS inventory,True,True,32,31,128.8599242703853,37.80596957371411,40,5,41,42,0.320231,0.078247,2025-05-27,2025-06-03,8,향호리-공단,8
2025,42002090,300-2,강릉-동진버스,True,4200230,한밭입구,BIS inventory,True,True,34,33,128.86424835021418,37.79176559208253,36,8,44,39,0.288208,0.125196,2025-05-27,2025-06-03,8,향호리-공단,8
2025,42002090,300-2,강릉-동진버스,True,4200232,행정마을,BIS inventory,True,True,35,34,128.8694510816438,37.7889272082235,149,20,26,32,1.192859,0.312989,2025-05-27,2025-06-03,8,향호리-공단,8
2025,42002090,300-2,강릉-동진버스,True,4200234,법원.검찰청,BIS inventory,True,True,36,35,128.87342400102995,37.78526073982707,135,43,29,23,1.080778,0.672926,2025-05-27,2025-06-03,8,향호리-공단,8
2025,42002090,300-2,강릉-동진버스,True,4200236,선교장입구,BIS inventory,True,True,37,36,128.87978791945434,37.782182641690056,151,42,25,24,1.20887,0.657277,2025-05-27,2025-06-03,8,향호리-공단,8
2025,42002090,300-2,강릉-동진버스,True,4200238,오죽헌,BIS inventory,True,True,38,37,128.8827262588498,37.779841129260745,273,107,18,12,2.185574,1.674491,2025-05-27,2025-06-03,8,향호리-공단,8
2025,42002090,300-2,강릉-동진버스,True,4200240,젤마을,BIS inventory,True,True,39,38,128.887733025105,37.775438249928285,117,33,32,26,0.936674,0.516432,2025-05-27,2025-06-03,8,향호리-공단,8
2025,42002090,300-2,강릉-동진버스,True,4200242,율곡중학교,BIS inventory,True,True,40,39,128.89021344037266,37.771874448370795,148,76,28,18,1.184853,1.189358,2025-05-27,2025-06-03,8,향호리-공단,8
2025,42002090,300-2,강릉-동진버스,True,4200245,이명사거리,BIS inventory,True,True,42,41,128.89157918705828,37.764565078717,551,156,7,9,4.411176,2.441315,2025-05-27,2025-06-03,8,향호리-공단,8
2025,42002090,300-2,강릉-동진버스,True,4200247,강릉제일고,BIS inventory,True,True,43,42,128.8918779735197,37.759537356247826,118,286,30,3,0.94468,4.475743,2025-05-27,2025-06-03,8,향호리-공단,8
2025,42002090,300-2,강릉-동진버스,True,4200249,용강동서부시장,BIS inventory,True,True,44,43,128.89167287030088,37.75492247590215,158,681,23,2,1.264911,10.657277,2025-05-27,2025-06-03,8,향호리-공단,8
2025,42002090,300-2,강릉-동진버스,True,4200252,신영극장,BIS inventory,True,True,45,44,128.8961287589657,37.75448236011555,969,2621,1,1,7.757585,41.017214,2025-05-27,2025-06-03,8,향호리-공단,8
2025,42002090,300-2,강릉-동진버스,True,4200258,용지각,BIS inventory,True,True,47,46,128.90534669055177,37.76147384168322,37,123,43,11,0.296213,1.924883,2025-05-27,2025-06-03,8,향호리-공단,8
2025,42002090,300-2,강릉-동진버스,True,4200260,동남아파트,BIS inventory,True,True,48,47,128.9088062489658,37.764638779656714,34,238,45,5,0.272196,3.72457,2025-05-27,2025-06-03,8,향호리-공단,8
2025,42002090,300-2,강릉-동진버스,True,4200305,주문진시외버스터미널,BIS inventory,True,True,14,13,128.82509871282576,37.88458386690221,594,95,5,14,4.755424,1.486698,2025-05-27,2025-06-03,8,향호리-공단,8
2025,42002090,300-2,강릉-동진버스,True,4200310,삼천리아파트,BIS inventory,True,True,20,19,128.8379309322555,37.8689470039461,640,178,4,8,5.123689,2.785603,2025-05-27,2025-06-03,8,향호리-공단,8
2025,42002090,300-2,강릉-동진버스,True,4200312,구라미휴게소,BIS inventory,True,True,23,22,128.84078612253998,37.84523742281921,12,2,48,44,0.096069,0.031299,2025-05-27,2025-06-03,8,향호리-공단,7
2025,42002090,300-2,강릉-동진버스,True,4200317,강릉아산병원.강릉약국,BIS inventory,True,True,30,29,128.856152685967,37.816231407654854,666,82,3,17,5.331839,1.283255,2025-05-27,2025-06-03,8,향호리-공단,8
2025,42002090,300-2,강릉-동진버스,True,4200473,향호리,BIS inventory,True,True,1,0,128.81023394642006,37.915207861254615,260,3,21,43,2.081499,0.046948,2025-05-27,2025-06-03,8,향호리-공단,8
2025,42002090,300-2,강릉-동진버스,True,4200519,방학골,BIS inventory,True,True,4,3,128.82351587730795,37.90381462090833,45,1,38,48,0.360259,0.015649,2025-05-27,2025-06-03,8,향호리-공단,8
2025,42002090,300-2,강릉-동진버스,True,4200619,국립수산물품질관리원,BIS inventory,True,True,11,10,128.82606517101954,37.891507384213114,221,31,22,27,1.769274,0.485133,2025-05-27,2025-06-03,8,향호리-공단,8
2025,42002090,300-2,강릉-동진버스,True,4201206,입암2.3주공,BIS inventory,True,True,49,48,128.9164847952377,37.764981798289845,0,241,,4,0.0,3.771518,2025-05-27,2025-06-03,8,향호리-공단,8
2025,42002090,300-2,강릉-동진버스,True,4201207,현대자동차서비스,BIS inventory,True,True,50,49,128.9189460603978,37.76507644083287,0,18,,34,0.0,0.28169,2025-05-27,2025-06-03,8,향호리-공단,5
2025,42002090,300-2,강릉-동진버스,True,4201226,영진입구,BIS inventory,True,True,19,18,128.83626865951734,37.87047570517143,149,67,26,21,1.192859,1.048513,2025-05-27,2025-06-03,8,향호리-공단,8
2025,42002090,300-2,강릉-동진버스,True,4201227,연곡면사무소,BIS inventory,True,True,21,20,128.83749819485607,37.86001175022627,536,207,8,6,4.29109,3.239437,2025-05-27,2025-06-03,8,향호리-공단,8
2025,42002090,300-2,강릉-동진버스,True,4201232,원마트,BIS inventory,True,True,13,12,128.8255161831108,37.88764901879385,533,71,9,20,4.267072,1.111111,2025-05-27,2025-06-03,8,향호리-공단,8
2025,42002091,302-2,강릉-동진버스,True,4200004,숲사랑홍보관,BIS inventory,True,True,29,28,128.85126457297872,37.81878304910103,2,4,52,37,0.077459,0.317712,2025-05-27,2025-06-03,8,향호리-공단,3
2025,42002091,302-2,강릉-동진버스,True,4200069,방골마을입구,BIS inventory,True,True,32,31,128.85540756146614,37.81366779247799,8,0,43,,0.309837,0.0,2025-05-27,2025-06-03,8,향호리-공단,6
2025,42002091,302-2,강릉-동진버스,True,4200094,강릉여고,BIS inventory,True,True,54,53,128.90248424479844,37.75904463050879,18,26,36,8,0.697134,2.065131,2025-05-27,2025-06-03,8,향호리-공단,7
2025,42002091,302-2,강릉-동진버스,True,4200115,고용센터,BIS inventory,True,True,51,50,128.8890663454416,37.75714942132559,28,21,24,14,1.084431,1.66799,2025-05-27,2025-06-03,8,향호리-공단,7
2025,42002091,302-2,강릉-동진버스,True,4200117,적십자입구,BIS inventory,True,True,50,49,128.88647213220725,37.75676623567213,22,3,33,41,0.852053,0.238284,2025-05-27,2025-06-03,8,향호리-공단,7
2025,42002091,302-2,강릉-동진버스,True,4200119,터미널오거리,BIS inventory,True,True,49,48,128.88381140539954,37.755579088211434,43,11,19,22,1.665376,0.873709,2025-05-27,2025-06-03,8,향호리-공단,8
2025,42002091,302-2,강릉-동진버스,True,4200121,강릉시외.고속터미널,BIS inventory,True,True,48,47,128.87911620808939,37.75486594086855,182,112,4,3,7.048799,8.895949,2025-05-27,2025-06-03,8,향호리-공단,8
2025,42002091,302-2,강릉-동진버스,True,4200124,우편집중국,BIS inventory,True,True,47,46,128.87347187490323,37.76156496879712,78,21,8,14,3.020914,1.66799,2025-05-27,2025-06-03,8,향호리-공단,8
2025,42002091,302-2,강릉-동진버스,True,4200126,솔올공연장,BIS inventory,True,True,46,45,128.87424793205705,37.763507530751156,88,27,6,7,3.408211,2.144559,2025-05-27,2025-06-03,8,향호리-공단,8
2025,42002091,302-2,강릉-동진버스,True,4200128,구름다리,BIS inventory,True,True,45,44,128.87743298775584,37.764682397677966,186,53,3,4,7.203718,4.20969,2025-05-27,2025-06-03,8,향호리-공단,8
2025,42002091,302-2,강릉-동진버스,True,4200130,현대2차아파트,BIS inventory,True,True,44,43,128.87999435131803,37.764311243841746,88,25,6,10,3.408211,1.985703,2025-05-27,2025-06-03,8,향호리-공단,8
2025,42002091,302-2,강릉-동진버스,True,4200132,율곡초등학교,BIS inventory,True,True,43,42,128.88221538693716,37.765100900268116,18,3,36,41,0.697134,0.238284,2025-05-27,2025-06-03,8,향호리-공단,7
2025,42002091,302-2,강릉-동진버스,True,4200135,부영2차아파트,BIS inventory,True,True,41,40,128.8825125758686,37.77002923948558,38,16,21,18,1.471727,1.27085,2025-05-27,2025-06-03,8,향호리-공단,8
2025,42002091,302-2,강릉-동진버스,True,4200136,방축거리,BIS inventory,True,True,40,39,128.88380882582484,37.773889373429355,1,5,54,32,0.03873,0.397141,2025-05-27,2025-06-03,8,향호리-공단,2
2025,42002091,302-2,강릉-동진버스,True,4200138,즈므.과학단지,BIS inventory,True,True,34,33,128.8604076986006,37.79746479759031,14,0,40,,0.542215,0.0,2025-05-27,2025-06-03,8,향호리-공단,5
2025,42002091,302-2,강릉-동진버스,True,4200181,주문진해변,BIS inventory,True,True,2,1,128.81692175696733,37.90940788063508,7,1,45,48,0.271108,0.079428,2025-05-27,2025-06-03,8,향호리-공단,4
2025,42002091,302-2,강릉-동진버스,True,4200184,소돌,BIS inventory,True,True,3,2,128.82175443074843,37.905415537268986,32,5,22,32,1.239349,0.397141,2025-05-27,2025-06-03,8,향호리-공단,6
2025,42002091,302-2,강릉-동진버스,True,4200186,보성연립,BIS inventory,True,True,5,4,128.82551362915504,37.901974724913615,7,0,45,,0.271108,0.0,2025-05-27,2025-06-03,8,향호리-공단,4
2025,42002091,302-2,강릉-동진버스,True,4200187,양양고개,BIS inventory,True,True,6,5,128.82805578782853,37.90002854060149,20,0,34,,0.774593,0.0,2025-05-27,2025-06-03,8,향호리-공단,6
2025,42002091,302-2,강릉-동진버스,True,4200189,주문2리,BIS inventory,True,True,7,6,128.83046007450088,37.897540604441176,23,0,30,,0.890782,0.0,2025-05-27,2025-06-03,8,향호리-공단,6
2025,42002091,302-2,강릉-동진버스,True,4200190,수협사거리,BIS inventory,True,True,8,7,128.83119347169236,37.89590191816579,23,2,30,46,0.890782,0.158856,2025-05-27,2025-06-03,8,향호리-공단,7
2025,42002091,302-2,강릉-동진버스,True,4200191,공단,BIS inventory,True,True,66,64,128.92224127533925,37.765245144772656,1,3,54,41,0.03873,0.238284,2025-05-27,2025-06-03,8,향호리-공단,3
2025,42002091,302-2,강릉-동진버스,True,4200193,북부지구대,BIS inventory,True,True,9,8,128.82860680406648,37.894535177399845,28,4,24,37,1.084431,0.317712,2025-05-27,2025-06-03,8,향호리-공단,7
2025,42002091,302-2,강릉-동진버스,True,4200194,주문진항입구,BIS inventory,True,True,10,9,128.82670250148865,37.8926318795772,68,5,11,32,2.633617,0.397141,2025-05-27,2025-06-03,8,향호리-공단,8
2025,42002091,302-2,강릉-동진버스,True,4200197,작은다리,BIS inventory,True,True,12,11,128.82583778093624,37.88994679111109,67,11,12,22,2.594888,0.873709,2025-05-27,2025-06-03,8,향호리-공단,8
2025,42002091,302-2,강릉-동진버스,True,4200201,양조장,BIS inventory,True,True,15,14,128.8258300942643,37.881274388703744,75,5,9,32,2.904725,0.397141,2025-05-27,2025-06-03,8,향호리-공단,7
2025,42002091,302-2,강릉-동진버스,True,4200204,주문진중학교,BIS inventory,True,True,16,15,128.82690197641236,37.87887483229283,67,7,12,28,2.594888,0.555997,2025-05-27,2025-06-03,8,향호리-공단,8
2025,42002091,302-2,강릉-동진버스,True,4200205,강원도립대,BIS inventory,True,True,17,16,128.82840415011668,37.87652579934979,73,6,10,30,2.827266,0.476569,2025-05-27,2025-06-03,8,향호리-공단,8
2025,42002091,302-2,강릉-동진버스,True,4200207,북부노인종합복지관,BIS inventory,True,True,18,17,128.83062989490628,37.8743072338123,32,11,22,22,1.239349,0.873709,2025-05-27,2025-06-03,8,향호리-공단,7
2025,42002091,302-2,강릉-동진버스,True,4200213,연곡해변입구,BIS inventory,True,True,22,21,128.84130813848452,37.85462580337619,3,0,51,,0.116189,0.0,2025-05-27,2025-06-03,8,향호리-공단,2
2025,42002091,302-2,강릉-동진버스,True,4200216,구라미,BIS inventory,True,True,24,23,128.84187680750063,37.84088026429458,2,0,52,,0.077459,0.0,2025-05-27,2025-06-03,8,향호리-공단,2
2025,42002091,302-2,강릉-동진버스,True,4200219,청솔공원,BIS inventory,True,True,25,24,128.84744835859598,37.832296445829655,1,0,54,,0.03873,0.0,2025-05-27,2025-06-03,8,향호리-공단,1
2025,42002091,302-2,강릉-동진버스,True,4200220,모래내행복센터,BIS inventory,True,True,26,25,128.84888855200666,37.82654759560158,27,0,26,,1.045701,0.0,2025-05-27,2025-06-03,8,향호리-공단,6
2025,42002091,302-2,강릉-동진버스,True,4200223,사천면사무소,BIS inventory,True,True,27,26,128.84914337332015,37.8229406699122,27,3,26,41,1.045701,0.238284,2025-05-27,2025-06-03,8,향호리-공단,8
2025,42002091,302-2,강릉-동진버스,True,4200224,북부노인대학,BIS inventory,True,True,28,27,128.85070066292354,37.820164105652225,4,1,49,48,0.154919,0.079428,2025-05-27,2025-06-03,8,향호리-공단,4
2025,42002091,302-2,강릉-동진버스,True,4200228,학고개,BIS inventory,True,True,33,32,128.8599242703853,37.80596957371411,0,1,,48,0.0,0.079428,2025-05-27,2025-06-03,8,향호리-공단,1
2025,42002091,302-2,강릉-동진버스,True,4200230,한밭입구,BIS inventory,True,True,35,34,128.86424835021418,37.79176559208253,13,1,41,48,0.503486,0.079428,2025-05-27,2025-06-03,8,향호리-공단,5
2025,42002091,302-2,강릉-동진버스,True,4200232,행정마을,BIS inventory,True,True,36,35,128.8694510816438,37.7889272082235,25,1,29,48,0.968242,0.079428,2025-05-27,2025-06-03,8,향호리-공단,7
2025,42002091,302-2,강릉-동진버스,True,4200234,법원.검찰청,BIS inventory,True,True,37,36,128.87342400102995,37.78526073982707,18,5,36,32,0.697134,0.397141,2025-05-27,2025-06-03,8,향호리-공단,6
2025,42002091,302-2,강릉-동진버스,True,4200236,선교장입구,BIS inventory,True,True,38,37,128.87978791945434,37.782182641690056,16,4,39,37,0.619675,0.317712,2025-05-27,2025-06-03,8,향호리-공단,6
2025,42002091,302-2,강릉-동진버스,True,4200238,오죽헌,BIS inventory,True,True,39,38,128.8827262588498,37.779841129260745,20,7,34,28,0.774593,0.555997,2025-05-27,2025-06-03,8,향호리-공단,7
2025,42002091,302-2,강릉-동진버스,True,4200249,용강동서부시장,BIS inventory,True,True,52,51,128.89167287030088,37.75492247590215,60,113,15,2,2.32378,8.975377,2025-05-27,2025-06-03,8,향호리-공단,8
2025,42002091,302-2,강릉-동진버스,True,4200252,신영극장,BIS inventory,True,True,53,52,128.8961287589657,37.75448236011555,341,454,1,1,13.206816,36.060365,2025-05-27,2025-06-03,8,향호리-공단,8
2025,42002091,302-2,강릉-동진버스,True,4200292,주공1차아파트,BIS inventory,True,True,42,41,128.88256780330317,37.766843575404636,57,6,17,30,2.207591,0.476569,2025-05-27,2025-06-03,8,향호리-공단,8
2025,42002091,302-2,강릉-동진버스,True,4200305,주문진시외버스터미널,BIS inventory,True,True,14,13,128.82509871282576,37.88458386690221,62,8,14,25,2.401239,0.635425,2025-05-27,2025-06-03,8,향호리-공단,7
2025,42002091,302-2,강릉-동진버스,True,4200310,삼천리아파트,BIS inventory,True,True,20,19,128.8379309322555,37.8689470039461,59,16,16,18,2.28505,1.27085,2025-05-27,2025-06-03,8,향호리-공단,8
2025,42002091,302-2,강릉-동진버스,True,4200312,구라미휴게소,BIS inventory,True,True,23,22,128.84078612253998,37.84523742281921,1,0,54,,0.03873,0.0,2025-05-27,2025-06-03,8,향호리-공단,1
2025,42002091,302-2,강릉-동진버스,True,4200317,강릉아산병원.강릉약국,BIS inventory,True,True,31,30,128.856152685967,37.816231407654854,143,3,5,41,5.538342,0.238284,2025-05-27,2025-06-03,8,향호리-공단,7
2025,42002091,302-2,강릉-동진버스,True,4200473,향호리,BIS inventory,True,True,1,0,128.81023394642006,37.915207861254615,26,1,28,48,1.006971,0.079428,2025-05-27,2025-06-03,8,향호리-공단,7
2025,42002091,302-2,강릉-동진버스,True,4200519,방학골,BIS inventory,True,True,4,3,128.82351587730795,37.90381462090833,7,0,45,,0.271108,0.0,2025-05-27,2025-06-03,8,향호리-공단,3
2025,42002091,302-2,강릉-동진버스,True,4200619,국립수산물품질관리원,BIS inventory,True,True,11,10,128.82606517101954,37.891507384213114,23,2,30,46,0.890782,0.158856,2025-05-27,2025-06-03,8,향호리-공단,7
2025,42002091,302-2,강릉-동진버스,True,4200763,입암현대아파트,BIS inventory,True,True,57,56,128.91229270015563,37.753112836072376,7,36,45,5,0.271108,2.859412,2025-05-27,2025-06-03,8,향호리-공단,7
2025,42002091,302-2,강릉-동진버스,True,4200764,대목아파트,BIS inventory,True,True,56,55,128.91036775859212,37.7552461618319,4,23,49,11,0.154919,1.826847,2025-05-27,2025-06-03,8,향호리-공단,6
2025,42002091,302-2,강릉-동진버스,True,4201046,성덕동주민센터,BIS inventory,True,True,63,61,128.91533375948597,37.76294836172143,0,12,,21,0.0,0.953137,2025-05-27,2025-06-03,8,향호리-공단,7
2025,42002091,302-2,강릉-동진버스,True,4201048,입암4주공아파트,BIS inventory,True,True,62,60,128.9166989706064,37.761858842951916,0,23,,11,0.0,1.826847,2025-05-27,2025-06-03,8,향호리-공단,7
2025,42002091,302-2,강릉-동진버스,True,4201050,원마트,BIS inventory,True,True,61,59,128.9185145864492,37.76040631401962,0,13,,20,0.0,1.032566,2025-05-27,2025-06-03,8,향호리-공단,7
2025,42002091,302-2,강릉-동진버스,True,4201052,입암6주공오거리,BIS inventory,True,True,60,58,128.91746262041485,37.758678282328006,0,31,,6,0.0,2.462272,2025-05-27,2025-06-03,8,향호리-공단,7
2025,42002091,302-2,강릉-동진버스,True,4201054,금호어울림,BIS inventory,True,True,59,57,128.91590296498018,37.75518531900659,0,8,,25,0.0,0.635425,2025-05-27,2025-06-03,8,향호리-공단,6
2025,42002091,302-2,강릉-동진버스,True,4201203,강릉여고정문,BIS inventory,True,True,55,54,128.90560348975578,37.75872376948264,9,19,42,17,0.348567,1.509134,2025-05-27,2025-06-03,8,향호리-공단,8
2025,42002091,302-2,강릉-동진버스,True,4201206,입암2.3주공,BIS inventory,True,True,64,62,128.9164847952377,37.764981798289845,0,22,,13,0.0,1.747419,2025-05-27,2025-06-03,8,향호리-공단,6
2025,42002091,302-2,강릉-동진버스,True,4201207,현대자동차서비스,BIS inventory,True,True,65,63,128.9189460603978,37.76507644083287,0,1,,48,0.0,0.079428,2025-05-27,2025-06-03,8,향호리-공단,1
2025,42002091,302-2,강릉-동진버스,True,4201226,영진입구,BIS inventory,True,True,19,18,128.83626865951734,37.87047570517143,8,4,43,37,0.309837,0.317712,2025-05-27,2025-06-03,8,향호리-공단,6
2025,42002091,302-2,강릉-동진버스,True,4201227,연곡면사무소,BIS inventory,True,True,21,20,128.83749819485607,37.86001175022627,40,20,20,16,1.549187,1.588562,2025-05-27,2025-06-03,8,향호리-공단,8
2025,42002091,302-2,강릉-동진버스,True,4201232,원마트,BIS inventory,True,True,13,12,128.8255161831108,37.88764901879385,48,8,18,25,1.859024,0.635425,2025-05-27,2025-06-03,8,향호리-공단,7
2025,42002091,302-2,강릉-동진버스,True,4201237,강릉아산병원(강릉방면),BIS inventory,True,True,30,29,128.8575951802683,37.81786664293397,194,26,2,8,7.513555,2.065131,2025-05-27,2025-06-03,8,향호리-공단,8
2025,42002092,314,강릉-동진버스,True,4200114,고용센터,BIS inventory,True,True,13,12,128.88893105798073,37.75744085258255,15,9,17,20,1.218522,1.410658,2025-05-27,2025-06-03,8,공단-향호리,7
2025,42002092,314,강릉-동진버스,True,4200116,적십자입구,BIS inventory,True,True,14,13,128.88726321660565,37.757196360936135,3,0,32,,0.243704,0.0,2025-05-27,2025-06-03,8,공단-향호리,2
2025,42002092,314,강릉-동진버스,True,4200118,터미널오거리,BIS inventory,True,True,15,14,128.8840640923818,37.75608209292866,12,9,22,20,0.974817,1.410658,2025-05-27,2025-06-03,8,공단-향호리,7
2025,42002092,314,강릉-동진버스,True,4200120,강릉시외.고속터미널,BIS inventory,True,True,16,15,128.8792265208128,37.75505492071011,103,59,4,2,8.367181,9.247649,2025-05-27,2025-06-03,8,공단-향호리,8
2025,42002092,314,강릉-동진버스,True,4200182,주문진해변,BIS inventory,True,True,55,54,128.81704671925502,37.90944057885068,0,7,,24,0.0,1.097179,2025-05-27,2025-06-03,8,공단-향호리,3
2025,42002092,314,강릉-동진버스,True,4200185,소돌,BIS inventory,True,True,53,52,128.8213252547112,37.90592204016269,0,6,,25,0.0,0.940439,2025-05-27,2025-06-03,8,공단-향호리,3
2025,42002092,314,강릉-동진버스,True,4200188,양양고개,BIS inventory,True,True,50,49,128.82822436017406,37.899998054568016,0,2,,40,0.0,0.31348,2025-05-27,2025-06-03,8,공단-향호리,1
2025,42002092,314,강릉-동진버스,True,4200192,북부지구대,BIS inventory,True,True,47,46,128.829270567591,37.89460960314925,1,12,38,15,0.081235,1.880878,2025-05-27,2025-06-03,8,공단-향호리,4
2025,42002092,314,강릉-동진버스,True,4200195,주문진항입구,BIS inventory,True,True,46,45,128.82690557497094,37.892668432750234,2,21,34,9,0.16247,3.291536,2025-05-27,2025-06-03,8,공단-향호리,7
2025,42002092,314,강릉-동진버스,True,4200196,작은다리,BIS inventory,True,True,45,44,128.8261349428677,37.89101262248175,13,28,20,5,1.056052,4.388715,2025-05-27,2025-06-03,8,공단-향호리,8
2025,42002092,314,강릉-동진버스,True,4200198,원마트,BIS inventory,True,True,44,43,128.82575730347685,37.88826959645488,5,18,29,11,0.406174,2.821317,2025-05-27,2025-06-03,8,공단-향호리,6
2025,42002092,314,강릉-동진버스,True,4200200,주문진시외버스터미널,BIS inventory,True,True,43,42,128.8253113527999,37.88508198031381,8,27,28,7,0.649878,4.231975,2025-05-27,2025-06-03,8,공단-향호리,7
2025,42002092,314,강릉-동진버스,True,4200202,주문진식자재마트,BIS inventory,True,True,42,41,128.82596782269363,37.881485546216574,5,5,29,28,0.406174,0.783699,2025-05-27,2025-06-03,8,공단-향호리,6
2025,42002092,314,강릉-동진버스,True,4200206,강원도립대,BIS inventory,True,True,40,39,128.8283096996467,37.87693859362977,12,12,22,15,0.974817,1.880878,2025-05-27,2025-06-03,8,공단-향호리,8
2025,42002092,314,강릉-동진버스,True,4200208,북부노인종합복지관,BIS inventory,True,True,39,38,128.83042321750824,37.874681277863154,21,12,12,15,1.70593,1.880878,2025-05-27,2025-06-03,8,공단-향호리,7
2025,42002092,314,강릉-동진버스,True,4200209,영진입구,BIS inventory,True,True,38,37,128.83637261045655,37.87054167536418,27,6,10,25,2.193339,0.940439,2025-05-27,2025-06-03,8,공단-향호리,8
2025,42002092,314,강릉-동진버스,True,4200211,삼천리아파트,BIS inventory,True,True,37,36,128.8383288212433,37.86906384505761,28,17,9,12,2.274574,2.664577,2025-05-27,2025-06-03,8,공단-향호리,8
2025,42002092,314,강릉-동진버스,True,4200212,연곡면사무소,BIS inventory,True,True,36,35,128.83761397394952,37.85995465828368,20,28,13,5,1.624695,4.388715,2025-05-27,2025-06-03,8,공단-향호리,8
2025,42002092,314,강릉-동진버스,True,4200214,연곡해변입구,BIS inventory,True,True,35,34,128.84162112920617,37.854539181009365,0,9,,20,0.0,1.410658,2025-05-27,2025-06-03,8,공단-향호리,4
2025,42002092,314,강릉-동진버스,True,4200215,구라미휴게소,BIS inventory,True,True,34,33,128.8412803433516,37.845869087009575,1,0,38,,0.081235,0.0,2025-05-27,2025-06-03,8,공단-향호리,1
2025,42002092,314,강릉-동진버스,True,4200221,모래내행복센터,BIS inventory,True,True,30,29,128.84881781800846,37.82675602435266,1,3,38,38,0.081235,0.470219,2025-05-27,2025-06-03,8,공단-향호리,2
2025,42002092,314,강릉-동진버스,True,4200222,사천면사무소,BIS inventory,True,True,29,28,128.84928192865996,37.82385848393331,1,5,38,28,0.081235,0.783699,2025-05-27,2025-06-03,8,공단-향호리,4
2025,42002092,314,강릉-동진버스,True,4200225,북부노인대학,BIS inventory,True,True,28,27,128.85083641112433,37.82016343083045,0,3,,38,0.0,0.470219,2025-05-27,2025-06-03,8,공단-향호리,2
2025,42002092,314,강릉-동진버스,True,4200226,방골마을입구,BIS inventory,True,True,26,25,128.8558844116181,37.81329996910386,0,2,,40,0.0,0.31348,2025-05-27,2025-06-03,8,공단-향호리,2
2025,42002092,314,강릉-동진버스,True,4200227,학고개,BIS inventory,True,True,25,24,128.86104076560957,37.80452897124611,1,4,38,34,0.081235,0.626959,2025-05-27,2025-06-03,8,공단-향호리,2
2025,42002092,314,강릉-동진버스,True,4200229,즈므.과학단지,BIS inventory,True,True,24,23,128.86079294239343,37.79710821329875,2,1,34,45,0.16247,0.15674,2025-05-27,2025-06-03,8,공단-향호리,2
2025,42002092,314,강릉-동진버스,True,4200231,한밭입구,BIS inventory,True,True,23,22,128.86496052027113,37.791610745411326,0,5,,28,0.0,0.783699,2025-05-27,2025-06-03,8,공단-향호리,4
2025,42002092,314,강릉-동진버스,True,4200233,행정마을,BIS inventory,True,True,22,21,128.8703519994515,37.78859256038236,1,5,38,28,0.081235,0.783699,2025-05-27,2025-06-03,8,공단-향호리,4
2025,42002092,314,강릉-동진버스,True,4200235,법원.검찰청,BIS inventory,True,True,21,20,128.8739503928752,37.785042447818554,4,5,31,28,0.324939,0.783699,2025-05-27,2025-06-03,8,공단-향호리,6
2025,42002092,314,강릉-동진버스,True,4200250,용강동서부시장,BIS inventory,True,True,12,11,128.89174828581776,37.7556582744871,35,12,7,15,2.843217,1.880878,2025-05-27,2025-06-03,8,공단-향호리,7
2025,42002092,314,강릉-동진버스,True,4200251,한국은행,BIS inventory,True,True,11,10,128.89406630781096,37.753485602290496,95,37,5,3,7.717303,5.799373,2025-05-27,2025-06-03,8,공단-향호리,8
2025,42002092,314,강릉-동진버스,True,4200253,교보생명,BIS inventory,True,True,10,9,128.89811415297848,37.756002485379526,271,119,1,1,22.014622,18.652038,2025-05-27,2025-06-03,8,공단-향호리,8
2025,42002092,314,강릉-동진버스,True,4200257,옥천119안전센터,BIS inventory,True,True,6,5,128.90305174420297,37.761041080134646,19,8,14,23,1.543461,1.253918,2025-05-27,2025-06-03,8,공단-향호리,7
2025,42002092,314,강릉-동진버스,True,4200259,용지각,BIS inventory,True,True,5,4,128.90537716328666,37.76184119439877,33,1,8,45,2.680747,0.15674,2025-05-27,2025-06-03,8,공단-향호리,8
2025,42002092,314,강릉-동진버스,True,4200261,북강릉IC,BIS inventory,True,True,32,31,128.84425534198513,37.83689529134246,1,0,38,,0.081235,0.0,2025-05-27,2025-06-03,8,공단-향호리,1
2025,42002092,314,강릉-동진버스,True,4200262,로얄아파트.포남1동주민센터,BIS inventory,True,True,3,2,128.90933288179943,37.76545703763149,24,4,11,34,1.949634,0.626959,2025-05-27,2025-06-03,8,공단-향호리,7
2025,42002092,314,강릉-동진버스,True,4200291,강릉소방서,BIS inventory,True,True,17,16,128.87109869210374,37.758191496775595,14,22,18,8,1.137287,3.448276,2025-05-27,2025-06-03,8,공단-향호리,7
2025,42002092,314,강릉-동진버스,True,4200299,주문2리,BIS inventory,True,True,49,48,128.83067123183636,37.89750003400375,0,2,,40,0.0,0.31348,2025-05-27,2025-06-03,8,공단-향호리,2
2025,42002092,314,강릉-동진버스,True,4200300,수협사거리,BIS inventory,True,True,48,47,128.8314095884837,37.895774457125356,3,4,32,34,0.243704,0.626959,2025-05-27,2025-06-03,8,공단-향호리,3
2025,42002092,314,강릉-동진버스,True,4200308,주문진중.고등학교.강릉정보고,BIS inventory,True,True,41,40,128.82672327638434,37.87982425913257,11,4,25,34,0.893582,0.626959,2025-05-27,2025-06-03,8,공단-향호리,6
2025,42002092,314,강릉-동진버스,True,4200314,청솔공원,BIS inventory,True,True,31,30,128.84780404863866,37.83218520189828,2,1,34,45,0.16247,0.15674,2025-05-27,2025-06-03,8,공단-향호리,2
2025,42002092,314,강릉-동진버스,True,4200315,구터미널,BIS inventory,True,True,8,7,128.8988430353628,37.76163002626936,18,5,15,28,1.462226,0.783699,2025-05-27,2025-06-03,8,공단-향호리,8
2025,42002092,314,강릉-동진버스,True,4200318,포남시장,BIS inventory,True,True,4,3,128.90766061502285,37.76392281820552,18,1,15,45,1.462226,0.15674,2025-05-27,2025-06-03,8,공단-향호리,6
2025,42002092,314,강릉-동진버스,True,4200365,삼성디지털센터,BIS inventory,True,True,9,8,128.8966989039856,37.75811194350719,13,6,20,25,1.056052,0.940439,2025-05-27,2025-06-03,8,공단-향호리,6
2025,42002092,314,강릉-동진버스,True,4200401,강릉복합복지체육센터,BIS inventory,True,True,19,18,128.87017698555522,37.76290354322161,10,11,26,19,0.812348,1.724138,2025-05-27,2025-06-03,8,공단-향호리,6
2025,42002092,314,강릉-동진버스,True,4200418,강릉아산병원.강릉약국,BIS inventory,True,True,27,26,128.8564121349402,37.81631278949057,12,31,22,4,0.974817,4.858934,2025-05-27,2025-06-03,8,공단-향호리,8
2025,42002092,314,강릉-동진버스,True,4200473,향호리,BIS inventory,True,True,56,55,128.81023394642006,37.915207861254615,1,14,38,13,0.081235,2.194357,2025-05-27,2025-06-03,8,공단-향호리,5
2025,42002092,314,강릉-동진버스,True,4200521,방학골,BIS inventory,True,True,52,51,128.82291244813646,37.90463362511824,2,2,34,40,0.16247,0.31348,2025-05-27,2025-06-03,8,공단-향호리,3
2025,42002092,314,강릉-동진버스,True,4200721,강릉역,BIS inventory,True,True,7,6,128.8992580056024,37.76416330670135,133,2,3,40,10.804224,0.31348,2025-05-27,2025-06-03,8,공단-향호리,8
2025,42002092,314,강릉-동진버스,True,4201041,강원대학교입구,BIS inventory,True,True,20,19,128.87514521071003,37.77009542292022,66,19,6,10,5.361495,2.978056,2025-05-27,2025-06-03,8,공단-향호리,8
2025,42002092,314,강릉-동진버스,True,4201205,입암2.3주공,BIS inventory,True,True,2,1,128.9161850255649,37.765072488547595,141,0,2,,11.454102,0.0,2025-05-27,2025-06-03,8,공단-향호리,8
2025,42002092,314,강릉-동진버스,True,4201209,공단,BIS inventory,True,True,1,0,128.92205416940635,37.765196014305694,14,0,18,,1.137287,0.0,2025-05-27,2025-06-03,8,공단-향호리,5
2025,42002092,314,강릉-동진버스,True,4201249,선수촌8단지,BIS inventory,True,True,18,17,128.87029355520082,37.76060110592661,9,13,27,14,0.731113,2.037618,2025-05-27,2025-06-03,8,공단-향호리,7
2025,42002094,314-2,강릉-동진버스,True,4200004,숲사랑홍보관,BIS inventory,True,True,29,28,128.85126457297872,37.81878304910103,2,0,42,,0.172265,0.0,2025-05-27,2025-06-03,8,향호리-공단,2
2025,42002094,314-2,강릉-동진버스,True,4200069,방골마을입구,BIS inventory,True,True,31,30,128.85540756146614,37.81366779247799,16,0,23,,1.378122,0.0,2025-05-27,2025-06-03,8,향호리-공단,5
2025,42002094,314-2,강릉-동진버스,True,4200094,강릉여고,BIS inventory,True,True,47,46,128.90248424479844,37.75904463050879,5,12,37,10,0.430663,1.986755,2025-05-27,2025-06-03,8,향호리-공단,5
2025,42002094,314-2,강릉-동진버스,True,4200115,고용센터,BIS inventory,True,True,44,43,128.8890663454416,37.75714942132559,19,13,19,9,1.63652,2.152318,2025-05-27,2025-06-03,8,향호리-공단,8
2025,42002094,314-2,강릉-동진버스,True,4200117,적십자입구,BIS inventory,True,True,43,42,128.88647213220725,37.75676623567213,10,6,29,18,0.861326,0.993377,2025-05-27,2025-06-03,8,향호리-공단,7
2025,42002094,314-2,강릉-동진버스,True,4200119,터미널오거리,BIS inventory,True,True,42,41,128.88381140539954,37.755579088211434,21,2,17,31,1.808786,0.331126,2025-05-27,2025-06-03,8,향호리-공단,8
2025,42002094,314-2,강릉-동진버스,True,4200121,강릉시외.고속터미널,BIS inventory,True,True,41,40,128.87911620808939,37.75486594086855,162,45,1,4,13.953488,7.450331,2025-05-27,2025-06-03,8,향호리-공단,8
2025,42002094,314-2,강릉-동진버스,True,4200138,즈므.과학단지,BIS inventory,True,True,33,32,128.8604076986006,37.79746479759031,13,1,26,36,1.119724,0.165563,2025-05-27,2025-06-03,8,향호리-공단,6
2025,42002094,314-2,강릉-동진버스,True,4200181,주문진해변,BIS inventory,True,True,2,1,128.81692175696733,37.90940788063508,2,0,42,,0.172265,0.0,2025-05-27,2025-06-03,8,향호리-공단,1
2025,42002094,314-2,강릉-동진버스,True,4200184,소돌,BIS inventory,True,True,3,2,128.82175443074843,37.905415537268986,23,0,16,,1.981051,0.0,2025-05-27,2025-06-03,8,향호리-공단,5
2025,42002094,314-2,강릉-동진버스,True,4200186,보성연립,BIS inventory,True,True,5,4,128.82551362915504,37.901974724913615,1,0,48,,0.086133,0.0,2025-05-27,2025-06-03,8,향호리-공단,1
2025,42002094,314-2,강릉-동진버스,True,4200187,양양고개,BIS inventory,True,True,6,5,128.82805578782853,37.90002854060149,20,6,18,18,1.722653,0.993377,2025-05-27,2025-06-03,8,향호리-공단,6
2025,42002094,314-2,강릉-동진버스,True,4200189,주문2리,BIS inventory,True,True,7,6,128.83046007450088,37.897540604441176,3,2,40,31,0.258398,0.331126,2025-05-27,2025-06-03,8,향호리-공단,5
2025,42002094,314-2,강릉-동진버스,True,4200190,수협사거리,BIS inventory,True,True,8,7,128.83119347169236,37.89590191816579,26,1,14,36,2.239449,0.165563,2025-05-27,2025-06-03,8,향호리-공단,6
2025,42002094,314-2,강릉-동진버스,True,4200191,공단,BIS inventory,True,True,55,54,128.92224127533925,37.765245144772656,0,4,,24,0.0,0.662252,2025-05-27,2025-06-03,8,향호리-공단,3
2025,42002094,314-2,강릉-동진버스,True,4200193,북부지구대,BIS inventory,True,True,9,8,128.82860680406648,37.894535177399845,11,3,28,28,0.947459,0.496689,2025-05-27,2025-06-03,8,향호리-공단,7
2025,42002094,314-2,강릉-동진버스,True,4200194,주문진항입구,BIS inventory,True,True,10,9,128.82670250148865,37.8926318795772,40,8,9,14,3.445306,1.324503,2025-05-27,2025-06-03,8,향호리-공단,8
2025,42002094,314-2,강릉-동진버스,True,4200197,작은다리,BIS inventory,True,True,12,11,128.82583778093624,37.88994679111109,49,4,7,24,4.2205,0.662252,2025-05-27,2025-06-03,8,향호리-공단,8
2025,42002094,314-2,강릉-동진버스,True,4200201,양조장,BIS inventory,True,True,15,14,128.8258300942643,37.881274388703744,19,3,19,28,1.63652,0.496689,2025-05-27,2025-06-03,8,향호리-공단,6
2025,42002094,314-2,강릉-동진버스,True,4200204,주문진중학교,BIS inventory,True,True,16,15,128.82690197641236,37.87887483229283,19,0,19,,1.63652,0.0,2025-05-27,2025-06-03,8,향호리-공단,7
2025,42002094,314-2,강릉-동진버스,True,4200205,강원도립대,BIS inventory,True,True,17,16,128.82840415011668,37.87652579934979,25,6,15,18,2.153316,0.993377,2025-05-27,2025-06-03,8,향호리-공단,8
2025,42002094,314-2,강릉-동진버스,True,4200207,북부노인종합복지관,BIS inventory,True,True,18,17,128.83062989490628,37.8743072338123,17,4,22,24,1.464255,0.662252,2025-05-27,2025-06-03,8,향호리-공단,7
2025,42002094,314-2,강릉-동진버스,True,4200213,연곡해변입구,BIS inventory,True,True,22,21,128.84130813848452,37.85462580337619,3,0,40,,0.258398,0.0,2025-05-27,2025-06-03,8,향호리-공단,3
2025,42002094,314-2,강릉-동진버스,True,4200216,구라미,BIS inventory,True,True,24,23,128.84187680750063,37.84088026429458,2,0,42,,0.172265,0.0,2025-05-27,2025-06-03,8,향호리-공단,1
2025,42002094,314-2,강릉-동진버스,True,4200219,청솔공원,BIS inventory,True,True,25,24,128.84744835859598,37.832296445829655,4,1,39,36,0.344531,0.165563,2025-05-27,2025-06-03,8,향호리-공단,2
2025,42002094,314-2,강릉-동진버스,True,4200220,모래내행복센터,BIS inventory,True,True,26,25,128.84888855200666,37.82654759560158,10,6,29,18,0.861326,0.993377,2025-05-27,2025-06-03,8,향호리-공단,8
2025,42002094,314-2,강릉-동진버스,True,4200223,사천면사무소,BIS inventory,True,True,27,26,128.84914337332015,37.8229406699122,6,4,35,24,0.516796,0.662252,2025-05-27,2025-06-03,8,향호리-공단,6
2025,42002094,314-2,강릉-동진버스,True,4200224,북부노인대학,BIS inventory,True,True,28,27,128.85070066292354,37.820164105652225,2,1,42,36,0.172265,0.165563,2025-05-27,2025-06-03,8,향호리-공단,2
2025,42002094,314-2,강릉-동진버스,True,4200228,학고개,BIS inventory,True,True,32,31,128.8599242703853,37.80596957371411,6,0,35,,0.516796,0.0,2025-05-27,2025-06-03,8,향호리-공단,4
2025,42002094,314-2,강릉-동진버스,True,4200230,한밭입구,BIS inventory,True,True,34,33,128.86424835021418,37.79176559208253,5,0,37,,0.430663,0.0,2025-05-27,2025-06-03,8,향호리-공단,3
2025,42002094,314-2,강릉-동진버스,True,4200232,행정마을,BIS inventory,True,True,35,34,128.8694510816438,37.7889272082235,14,1,25,36,1.205857,0.165563,2025-05-27,2025-06-03,8,향호리-공단,6
2025,42002094,314-2,강릉-동진버스,True,4200234,법원.검찰청,BIS inventory,True,True,36,35,128.87342400102995,37.78526073982707,9,5,31,23,0.775194,0.827815,2025-05-27,2025-06-03,8,향호리-공단,7
2025,42002094,314-2,강릉-동진버스,True,4200249,용강동서부시장,BIS inventory,True,True,45,44,128.89167287030088,37.75492247590215,7,49,32,3,0.602929,8.112583,2025-05-27,2025-06-03,8,향호리-공단,8
2025,42002094,314-2,강릉-동진버스,True,4200252,신영극장,BIS inventory,True,True,46,45,128.8961287589657,37.75448236011555,61,198,5,1,5.254091,32.781457,2025-05-27,2025-06-03,8,향호리-공단,8
2025,42002094,314-2,강릉-동진버스,True,4200256,옥천119안전센터,BIS inventory,True,True,50,49,128.9022376115818,37.76136928474395,0,2,,31,0.0,0.331126,2025-05-27,2025-06-03,8,향호리-공단,1
2025,42002094,314-2,강릉-동진버스,True,4200257,옥천119안전센터,BIS inventory,True,True,48,47,128.90305174420297,37.761041080134646,1,16,48,8,0.086133,2.649007,2025-05-27,2025-06-03,8,향호리-공단,6
2025,42002094,314-2,강릉-동진버스,True,4200258,용지각,BIS inventory,True,True,51,50,128.90534669055177,37.76147384168322,2,9,42,13,0.172265,1.490066,2025-05-27,2025-06-03,8,향호리-공단,6
2025,42002094,314-2,강릉-동진버스,True,4200260,동남아파트,BIS inventory,True,True,52,51,128.9088062489658,37.764638779656714,2,10,42,11,0.172265,1.655629,2025-05-27,2025-06-03,8,향호리-공단,7
2025,42002094,314-2,강릉-동진버스,True,4200293,강릉역건너편,BIS inventory,True,True,49,48,128.8990669694857,37.76400772021464,7,57,32,2,0.602929,9.437086,2025-05-27,2025-06-03,8,향호리-공단,8
2025,42002094,314-2,강릉-동진버스,True,4200305,주문진시외버스터미널,BIS inventory,True,True,14,13,128.82509871282576,37.88458386690221,36,3,11,28,3.100775,0.496689,2025-05-27,2025-06-03,8,향호리-공단,8
2025,42002094,314-2,강릉-동진버스,True,4200310,삼천리아파트,BIS inventory,True,True,20,19,128.8379309322555,37.8689470039461,41,8,8,14,3.531438,1.324503,2025-05-27,2025-06-03,8,향호리-공단,8
2025,42002094,314-2,강릉-동진버스,True,4200317,강릉아산병원.강릉약국,BIS inventory,True,True,30,29,128.856152685967,37.816231407654854,69,7,4,17,5.943152,1.15894,2025-05-27,2025-06-03,8,향호리-공단,7
2025,42002094,314-2,강릉-동진버스,True,4200400,강릉복합복지체육센터,BIS inventory,True,True,38,37,128.87000704257403,37.762859214055275,15,10,24,11,1.29199,1.655629,2025-05-27,2025-06-03,8,향호리-공단,8
2025,42002094,314-2,강릉-동진버스,True,4200473,향호리,BIS inventory,True,True,1,0,128.81023394642006,37.915207861254615,56,0,6,,4.823428,0.0,2025-05-27,2025-06-03,8,향호리-공단,7
2025,42002094,314-2,강릉-동진버스,True,4200548,강릉소방서,BIS inventory,True,True,40,39,128.87119323619314,37.7580009949989,85,33,3,5,7.321275,5.463576,2025-05-27,2025-06-03,8,향호리-공단,8
2025,42002094,314-2,강릉-동진버스,True,4200619,국립수산물품질관리원,BIS inventory,True,True,11,10,128.82606517101954,37.891507384213114,12,1,27,36,1.033592,0.165563,2025-05-27,2025-06-03,8,향호리-공단,6
2025,42002094,314-2,강릉-동진버스,True,4201042,강원대학교입구,BIS inventory,True,True,37,36,128.87494102107277,37.7696221436885,36,21,11,7,3.100775,3.476821,2025-05-27,2025-06-03,8,향호리-공단,8
2025,42002094,314-2,강릉-동진버스,True,4201206,입암2.3주공,BIS inventory,True,True,53,52,128.9164847952377,37.764981798289845,0,24,,6,0.0,3.97351,2025-05-27,2025-06-03,8,향호리-공단,7
2025,42002094,314-2,강릉-동진버스,True,4201207,현대자동차서비스,BIS inventory,True,True,54,53,128.9189460603978,37.76507644083287,0,2,,31,0.0,0.331126,2025-05-27,2025-06-03,8,향호리-공단,2
2025,42002094,314-2,강릉-동진버스,True,4201226,영진입구,BIS inventory,True,True,19,18,128.83626865951734,37.87047570517143,7,6,32,18,0.602929,0.993377,2025-05-27,2025-06-03,8,향호리-공단,7
2025,42002094,314-2,강릉-동진버스,True,4201227,연곡면사무소,BIS inventory,True,True,21,20,128.83749819485607,37.86001175022627,40,8,9,14,3.445306,1.324503,2025-05-27,2025-06-03,8,향호리-공단,7
2025,42002094,314-2,강릉-동진버스,True,4201232,원마트,BIS inventory,True,True,13,12,128.8255161831108,37.88764901879385,32,0,13,,2.756245,0.0,2025-05-27,2025-06-03,8,향호리-공단,8
2025,42002094,314-2,강릉-동진버스,True,4201250,선수촌8단지,BIS inventory,True,True,39,38,128.87011109214671,37.76078977894948,88,2,2,31,7.579673,0.331126,2025-05-27,2025-06-03,8,향호리-공단,8
2025,42002096,202-2,강릉-동진버스,True,4200006,강릉아이스아레나,BIS inventory,True,True,33,32,128.89519306784848,37.78029319605429,0,6,,8,0.0,2.884615,2025-05-27,2025-06-03,8,경포해변-경포해변,4
2025,42002096,202-2,강릉-동진버스,True,4200042,롯데캐슬아파트,BIS inventory,True,True,12,11,128.89120929799194,37.766948306391974,7,1,13,17,1.425662,0.480769,2025-05-27,2025-06-03,8,경포해변-경포해변,6
2025,42002096,202-2,강릉-동진버스,True,4200070,경포현대아파트,BIS inventory,True,True,2,1,128.90338270723402,37.80169652808461,30,0,5,,6.10998,0.0,2025-05-27,2025-06-03,8,경포해변-경포해변,7
2025,42002096,202-2,강릉-동진버스,True,4200072,경포대.참소리박물관,BIS inventory,True,True,3,2,128.89706080745114,37.7955214111198,10,0,10,,2.03666,0.0,2025-05-27,2025-06-03,8,경포해변-경포해변,5
2025,42002096,202-2,강릉-동진버스,True,4200075,선교장,BIS inventory,True,True,6,5,128.8853532167783,37.785455385598155,4,0,16,,0.814664,0.0,2025-05-27,2025-06-03,8,경포해변-경포해변,2
2025,42002096,202-2,강릉-동진버스,True,4200077,경포동주민센터,BIS inventory,True,True,7,6,128.88052383810168,37.78412865726848,3,0,20,,0.610998,0.0,2025-05-27,2025-06-03,8,경포해변-경포해변,3
2025,42002096,202-2,강릉-동진버스,True,4200094,강릉여고,BIS inventory,True,True,25,24,128.90248424479844,37.75904463050879,19,4,6,11,3.869654,1.923077,2025-05-27,2025-06-03,8,경포해변-경포해변,7
2025,42002096,202-2,강릉-동진버스,True,4200098,허난설헌삼거리,BIS inventory,True,True,37,36,128.9131333359753,37.79177727582709,2,13,22,5,0.407332,6.25,2025-05-27,2025-06-03,8,경포해변-경포해변,7
2025,42002096,202-2,강릉-동진버스,True,4200114,고용센터,BIS inventory,True,True,15,14,128.88893105798073,37.75744085258255,1,1,27,17,0.203666,0.480769,2025-05-27,2025-06-03,8,경포해변-경포해변,2
2025,42002096,202-2,강릉-동진버스,True,4200115,고용센터,BIS inventory,True,True,22,21,128.8890663454416,37.75714942132559,14,0,7,,2.851324,0.0,2025-05-27,2025-06-03,8,경포해변-경포해변,8
2025,42002096,202-2,강릉-동진버스,True,4200116,적십자입구,BIS inventory,True,True,16,15,128.88726321660565,37.757196360936135,2,1,22,17,0.407332,0.480769,2025-05-27,2025-06-03,8,경포해변-경포해변,2
2025,42002096,202-2,강릉-동진버스,True,4200117,적십자입구,BIS inventory,True,True,21,20,128.88647213220725,37.75676623567213,10,0,10,,2.03666,0.0,2025-05-27,2025-06-03,8,경포해변-경포해변,8
2025,42002096,202-2,강릉-동진버스,True,4200118,터미널오거리,BIS inventory,True,True,17,16,128.8840640923818,37.75608209292866,1,2,27,15,0.203666,0.961538,2025-05-27,2025-06-03,8,경포해변-경포해변,2
2025,42002096,202-2,강릉-동진버스,True,4200119,터미널오거리,BIS inventory,True,True,20,19,128.88381140539954,37.755579088211434,14,0,7,,2.851324,0.0,2025-05-27,2025-06-03,8,경포해변-경포해변,7
2025,42002096,202-2,강릉-동진버스,True,4200121,강릉시외.고속터미널,BIS inventory,True,True,19,18,128.87911620808939,37.75486594086855,39,6,3,8,7.942974,2.884615,2025-05-27,2025-06-03,8,경포해변-경포해변,8
2025,42002096,202-2,강릉-동진버스,True,4200236,선교장입구,BIS inventory,True,True,8,7,128.87978791945434,37.782182641690056,1,0,27,,0.203666,0.0,2025-05-27,2025-06-03,8,경포해변-경포해변,1
2025,42002096,202-2,강릉-동진버스,True,4200238,오죽헌,BIS inventory,True,True,9,8,128.8827262588498,37.779841129260745,2,1,22,17,0.407332,0.480769,2025-05-27,2025-06-03,8,경포해변-경포해변,2
2025,42002096,202-2,강릉-동진버스,True,4200242,율곡중학교,BIS inventory,True,True,11,10,128.89021344037266,37.771874448370795,4,0,16,,0.814664,0.0,2025-05-27,2025-06-03,8,경포해변-경포해변,4
2025,42002096,202-2,강릉-동진버스,True,4200245,이명사거리,BIS inventory,True,True,13,12,128.89157918705828,37.764565078717,3,0,20,,0.610998,0.0,2025-05-27,2025-06-03,8,경포해변-경포해변,3
2025,42002096,202-2,강릉-동진버스,True,4200247,강릉제일고,BIS inventory,True,True,14,13,128.8918779735197,37.759537356247826,10,0,10,,2.03666,0.0,2025-05-27,2025-06-03,8,경포해변-경포해변,5
2025,42002096,202-2,강릉-동진버스,True,4200249,용강동서부시장,BIS inventory,True,True,23,22,128.89167287030088,37.75492247590215,34,10,4,6,6.924644,4.807692,2025-05-27,2025-06-03,8,경포해변-경포해변,8
2025,42002096,202-2,강릉-동진버스,True,4200252,신영극장,BIS inventory,True,True,24,23,128.8961287589657,37.75448236011555,129,22,1,4,26.272912,10.576923,2025-05-27,2025-06-03,8,경포해변-경포해변,8
2025,42002096,202-2,강릉-동진버스,True,4200257,옥천119안전센터,BIS inventory,True,True,26,25,128.90305174420297,37.761041080134646,4,1,16,17,0.814664,0.480769,2025-05-27,2025-06-03,8,경포해변-경포해변,3
2025,42002096,202-2,강릉-동진버스,True,4200430,강릉국민체육센터,BIS inventory,True,True,32,31,128.89711747432256,37.77640154864734,0,3,,12,0.0,1.442308,2025-05-27,2025-06-03,8,경포해변-경포해변,2
2025,42002096,202-2,강릉-동진버스,True,4200433,종합경기장,BIS inventory,True,True,31,30,128.89677683645317,37.77125900731557,4,3,16,12,0.814664,1.442308,2025-05-27,2025-06-03,8,경포해변-경포해변,5
2025,42002096,202-2,강릉-동진버스,True,4200547,e-편한세상아파트,BIS inventory,True,True,30,29,128.895218937497,37.769600465674785,13,1,9,17,2.647658,0.480769,2025-05-27,2025-06-03,8,경포해변-경포해변,4
2025,42002096,202-2,강릉-동진버스,True,4200569,교2동주민센터,BIS inventory,True,True,29,28,128.8921038226677,37.76840335678918,5,1,15,17,1.01833,0.480769,2025-05-27,2025-06-03,8,경포해변-경포해변,4
2025,42002096,202-2,강릉-동진버스,True,4200721,강릉역,BIS inventory,True,True,27,26,128.8992580056024,37.76416330670135,114,8,2,7,23.217923,3.846154,2025-05-27,2025-06-03,8,경포해변-경포해변,8
2025,42002096,202-2,강릉-동진버스,True,4200750,강릉시청앞,BIS inventory,True,True,18,17,128.88013307678156,37.753651204654936,0,2,,15,0.0,0.961538,2025-05-27,2025-06-03,8,경포해변-경포해변,2
2025,42002096,202-2,강릉-동진버스,True,4201240,순두부마을,BIS inventory,True,True,4,3,128.89327386744634,37.786738816066666,2,0,22,,0.407332,0.0,2025-05-27,2025-06-03,8,경포해변-경포해변,1
2025,42002096,202-2,강릉-동진버스,True,4201242,경포해변,BIS inventory,True,True,1,39,128.9052529004403,37.80440358093674,7,58,13,1,1.425662,27.884615,2025-05-27,2025-06-03,8,경포해변-경포해변,8
2025,42002096,202-2,강릉-동진버스,True,4201256,강릉녹색도시체험센터,BIS inventory,True,True,35,34,128.90742209068117,37.786856581754364,0,3,,12,0.0,1.442308,2025-05-27,2025-06-03,8,경포해변-경포해변,2
2025,42002096,202-2,강릉-동진버스,True,4201259,허균.허난설헌기념공원,BIS inventory,True,True,36,35,128.90952498226952,37.789422425132265,0,6,,8,0.0,2.884615,2025-05-27,2025-06-03,8,경포해변-경포해변,3
2025,42002096,202-2,강릉-동진버스,True,4201261,강문해변입구,BIS inventory,True,True,38,37,128.9152492720649,37.794762154181576,1,28,27,2,0.203666,13.461538,2025-05-27,2025-06-03,8,경포해변-경포해변,7
2025,42002096,202-2,강릉-동진버스,True,4201267,경포호,BIS inventory,True,True,39,38,128.91154424859525,37.79966287216199,0,26,,3,0.0,12.5,2025-05-27,2025-06-03,8,경포해변-경포해변,4
2025,42002096,202-2,강릉-동진버스,True,4201375,가작다리입구,BIS inventory,True,True,28,27,128.8943546413669,37.766101443660936,2,1,22,17,0.407332,0.480769,2025-05-27,2025-06-03,8,경포해변-경포해변,2
2025,42002104,234,강릉-동진버스,True,4200094,강릉여고,BIS inventory,True,True,19,18,128.90248424479844,37.75904463050879,0,2,,6,0.0,6.060606,2025-05-27,2025-06-03,8,강릉역-강릉역,2
2025,42002104,234,강릉-동진버스,True,4200117,적십자입구,BIS inventory,True,True,15,14,128.88647213220725,37.75676623567213,9,1,7,8,6.338028,3.030303,2025-05-27,2025-06-03,8,강릉역-강릉역,4
2025,42002104,234,강릉-동진버스,True,4200119,터미널오거리,BIS inventory,True,True,14,13,128.88381140539954,37.755579088211434,1,0,13,,0.704225,0.0,2025-05-27,2025-06-03,8,강릉역-강릉역,1
2025,42002104,234,강릉-동진버스,True,4200121,강릉시외.고속터미널,BIS inventory,True,True,13,12,128.87911620808939,37.75486594086855,7,0,8,,4.929577,0.0,2025-05-27,2025-06-03,8,강릉역-강릉역,3
2025,42002104,234,강릉-동진버스,True,4200128,구름다리,BIS inventory,True,True,5,4,128.87743298775584,37.764682397677966,0,4,,3,0.0,12.121212,2025-05-27,2025-06-03,8,강릉역-강릉역,4
2025,42002104,234,강릉-동진버스,True,4200130,현대2차아파트,BIS inventory,True,True,4,3,128.87999435131803,37.764311243841746,4,0,10,,2.816901,0.0,2025-05-27,2025-06-03,8,강릉역-강릉역,4
2025,42002104,234,강릉-동진버스,True,4200249,용강동서부시장,BIS inventory,True,True,17,16,128.89167287030088,37.75492247590215,6,1,9,8,4.225352,3.030303,2025-05-27,2025-06-03,8,강릉역-강릉역,3
2025,42002104,234,강릉-동진버스,True,4200252,신영극장,BIS inventory,True,True,18,17,128.8961287589657,37.75448236011555,2,11,12,1,1.408451,33.333333,2025-05-27,2025-06-03,8,강릉역-강릉역,5
2025,42002104,234,강릉-동진버스,True,4200257,옥천119안전센터,BIS inventory,True,True,20,19,128.90305174420297,37.761041080134646,0,4,,3,0.0,12.121212,2025-05-27,2025-06-03,8,강릉역-강릉역,4
2025,42002104,234,강릉-동진버스,True,4200400,강릉복합복지체육센터,BIS inventory,True,True,6,5,128.87000704257403,37.762859214055275,3,5,11,2,2.112676,15.151515,2025-05-27,2025-06-03,8,강릉역-강릉역,5
2025,42002104,234,강릉-동진버스,True,4200543,미디어촌5단지,BIS inventory,True,True,9,8,128.86758571434657,37.753701754139904,18,0,3,,12.676056,0.0,2025-05-27,2025-06-03,8,강릉역-강릉역,5
2025,42002104,234,강릉-동진버스,True,4200548,강릉소방서,BIS inventory,True,True,12,11,128.87119323619314,37.7580009949989,11,0,6,,7.746479,0.0,2025-05-27,2025-06-03,8,강릉역-강릉역,5
2025,42002104,234,강릉-동진버스,True,4200565,우미린아파트,BIS inventory,True,True,8,7,128.87023572987053,37.75716460769394,13,2,5,6,9.15493,6.060606,2025-05-27,2025-06-03,8,강릉역-강릉역,5
2025,42002104,234,강릉-동진버스,True,4200567,한내들아파트,BIS inventory,True,True,11,10,128.8681446784216,37.75790349269205,20,0,2,,14.084507,0.0,2025-05-27,2025-06-03,8,강릉역-강릉역,5
2025,42002104,234,강릉-동진버스,True,4200721,강릉역,BIS inventory,True,True,1 | 21,20,128.8992580056024,37.76416330670135,18,3,3,5,12.676056,9.090909,2025-05-27,2025-06-03,8,강릉역-강릉역,5
2025,42002104,234,강릉-동진버스,True,4201250,선수촌8단지,BIS inventory,True,True,7,6,128.87011109214671,37.76078977894948,30,0,1,,21.126761,0.0,2025-05-27,2025-06-03,8,강릉역-강릉역,5
2025,42002107,921,강릉-동진버스,True,4200032,퇴곡2리,BIS inventory,True,True,49,46,128.71714904545294,37.84816614353958,1,0,32,,0.23753,0.0,2025-05-27,2025-06-03,8,연곡면사무소-연곡면사무소,1
2025,42002107,921,강릉-동진버스,True,4200172,현덕사입구,BIS inventory,True,True,25,22,128.7097155940442,37.84705089816417,0,2,,13,0.0,0.689655,2025-05-27,2025-06-03,8,연곡면사무소-연곡면사무소,2
2025,42002107,921,강릉-동진버스,True,4200175,퇴곡,BIS inventory,True,True,52,49,128.75248295369062,37.85110547320165,3,0,20,,0.712589,0.0,2025-05-27,2025-06-03,8,연곡면사무소-연곡면사무소,2
2025,42002107,921,강릉-동진버스,True,4200176,행정2리신촌마을,BIS inventory,True,True,56,53,128.77862819412928,37.85045242944766,3,0,20,,0.712589,0.0,2025-05-27,2025-06-03,8,연곡면사무소-연곡면사무소,3
2025,42002107,921,강릉-동진버스,True,4200177,행정2리신촌마을,BIS inventory,True,True,16,14,128.7785874984292,37.85062890818297,1,0,32,,0.23753,0.0,2025-05-27,2025-06-03,8,연곡면사무소-연곡면사무소,1
2025,42002107,921,강릉-동진버스,True,4200178,신왕초등학교.소금강산체험학습장,BIS inventory,True,True,14,12,128.7874843369829,37.85236789721056,6,3,14,8,1.425178,1.034483,2025-05-27,2025-06-03,8,연곡면사무소-연곡면사무소,7
2025,42002107,921,강릉-동진버스,True,4200179,산림조합,BIS inventory,True,True,65,62,128.81641190280698,37.85471554225067,6,2,14,13,1.425178,0.689655,2025-05-27,2025-06-03,8,연곡면사무소-연곡면사무소,5
2025,42002107,921,강릉-동진버스,True,4200295,산림조합,BIS inventory,True,True,7,5,128.81634583702206,37.85478178935546,0,1,,20,0.0,0.344828,2025-05-27,2025-06-03,8,연곡면사무소-연곡면사무소,1
2025,42002107,921,강릉-동진버스,True,4200324,삼산1리마을회관,BIS inventory,True,True,27,24,128.7032068078098,37.84670520300259,0,3,,8,0.0,1.034483,2025-05-27,2025-06-03,8,연곡면사무소-연곡면사무소,3
2025,42002107,921,강릉-동진버스,True,4200326,현덕사입구,BIS inventory,True,True,48,45,128.71038523685135,37.84696339414248,2,0,26,,0.475059,0.0,2025-05-27,2025-06-03,8,연곡면사무소-연곡면사무소,2
2025,42002107,921,강릉-동진버스,True,4200327,소금강산돌박물관,BIS inventory,True,True,50,47,128.72545746023172,37.848484193808346,22,0,4,,5.225653,0.0,2025-05-27,2025-06-03,8,연곡면사무소-연곡면사무소,8
2025,42002107,921,강릉-동진버스,True,4200328,삼산분소,BIS inventory,True,True,22,20,128.72806310762525,37.8484167632985,0,6,,5,0.0,2.068966,2025-05-27,2025-06-03,8,연곡면사무소-연곡면사무소,3
2025,42002107,921,강릉-동진버스,True,4200329,퇴곡1리경로당,BIS inventory,True,True,51,48,128.74128473074444,37.849334595953835,28,0,3,,6.650831,0.0,2025-05-27,2025-06-03,8,연곡면사무소-연곡면사무소,8
2025,42002107,921,강릉-동진버스,True,4200330,퇴곡1리경로당,BIS inventory,True,True,21,19,128.7415928535256,37.84950756791581,0,3,,8,0.0,1.034483,2025-05-27,2025-06-03,8,연곡면사무소-연곡면사무소,2
2025,42002107,921,강릉-동진버스,True,4200331,유등.백운사입구,BIS inventory,True,True,53,50,128.75900654206438,37.850462767351864,11,0,8,,2.612827,0.0,2025-05-27,2025-06-03,8,연곡면사무소-연곡면사무소,7
2025,42002107,921,강릉-동진버스,True,4200332,유등.백운사입구,BIS inventory,True,True,19,17,128.75795827699417,37.850487600912274,0,7,,4,0.0,2.413793,2025-05-27,2025-06-03,8,연곡면사무소-연곡면사무소,6
2025,42002107,921,강릉-동진버스,True,4200333,행정2리,BIS inventory,True,True,54,51,128.7667909122159,37.85086547031576,3,0,20,,0.712589,0.0,2025-05-27,2025-06-03,8,연곡면사무소-연곡면사무소,3
2025,42002107,921,강릉-동진버스,True,4200336,버들교,BIS inventory,True,True,55,52,128.77473855753414,37.850247080571705,2,0,26,,0.475059,0.0,2025-05-27,2025-06-03,8,연곡면사무소-연곡면사무소,1
2025,42002107,921,강릉-동진버스,True,4200337,소금강산체험학습장,BIS inventory,True,True,58,55,128.78576790854493,37.85169587352382,11,0,8,,2.612827,0.0,2025-05-27,2025-06-03,8,연곡면사무소-연곡면사무소,7
2025,42002107,921,강릉-동진버스,True,4200339,신왕초등학교,BIS inventory,True,True,59,56,128.78962228209244,37.85282870829282,4,5,18,7,0.950119,1.724138,2025-05-27,2025-06-03,8,연곡면사무소-연곡면사무소,3
2025,42002107,921,강릉-동진버스,True,4200340,행정,BIS inventory,True,True,60,57,128.79244492389662,37.85304272496013,13,0,7,,3.087886,0.0,2025-05-27,2025-06-03,8,연곡면사무소-연곡면사무소,6
2025,42002107,921,강릉-동진버스,True,4200341,행정,BIS inventory,True,True,12,10,128.7939888659289,37.852922738954625,2,1,26,20,0.475059,0.344828,2025-05-27,2025-06-03,8,연곡면사무소-연곡면사무소,3
2025,42002107,921,강릉-동진버스,True,4200343,동양시멘트입구,BIS inventory,True,True,11,9,128.80439889049126,37.850687991240484,0,2,,13,0.0,0.689655,2025-05-27,2025-06-03,8,연곡면사무소-연곡면사무소,2
2025,42002107,921,강릉-동진버스,True,4200344,송림2리경로당,BIS inventory,True,True,62,59,128.807966000434,37.85197372236723,7,0,12,,1.662708,0.0,2025-05-27,2025-06-03,8,연곡면사무소-연곡면사무소,5
2025,42002107,921,강릉-동진버스,True,4200346,송림2리,BIS inventory,True,True,9,7,128.8099436136846,37.853407423711076,0,1,,20,0.0,0.344828,2025-05-27,2025-06-03,8,연곡면사무소-연곡면사무소,1
2025,42002107,921,강릉-동진버스,True,4200347,송림2리,BIS inventory,True,True,63,60,128.81062888375345,37.853558399575036,7,1,12,20,1.662708,0.344828,2025-05-27,2025-06-03,8,연곡면사무소-연곡면사무소,6
2025,42002107,921,강릉-동진버스,True,4200348,연곡취수장입구,BIS inventory,True,True,64,61,128.81321638321742,37.85436534997662,2,0,26,,0.475059,0.0,2025-05-27,2025-06-03,8,연곡면사무소-연곡면사무소,2
2025,42002107,921,강릉-동진버스,True,4200349,연곡취수장입구,BIS inventory,True,True,8,6,128.8134029222452,37.854479588535305,0,2,,13,0.0,0.689655,2025-05-27,2025-06-03,8,연곡면사무소-연곡면사무소,2
2025,42002107,921,강릉-동진버스,True,4200350,송림,BIS inventory,True,True,66,63,128.8201619228096,37.85539548451919,5,0,17,,1.187648,0.0,2025-05-27,2025-06-03,8,연곡면사무소-연곡면사무소,3
2025,42002107,921,강릉-동진버스,True,4200351,송림,BIS inventory,True,True,6,4,128.82064394298325,37.85559369331711,1,3,32,8,0.23753,1.034483,2025-05-27,2025-06-03,8,연곡면사무소-연곡면사무소,2
2025,42002107,921,강릉-동진버스,True,4200352,연곡초교,BIS inventory,True,True,68,65,128.82816906723454,37.856817110094816,3,2,20,13,0.712589,0.689655,2025-05-27,2025-06-03,8,연곡면사무소-연곡면사무소,4
2025,42002107,921,강릉-동진버스,True,4200353,연곡초교,BIS inventory,True,True,4,2,128.82814655157526,37.8569020930201,0,2,,13,0.0,0.689655,2025-05-27,2025-06-03,8,연곡면사무소-연곡면사무소,1
2025,42002107,921,강릉-동진버스,True,4200354,연곡면사무소,BIS inventory,True,True,1 | 70,66,128.83726140830402,37.85982528703765,170,205,1,1,40.380048,70.689655,2025-05-27,2025-06-03,8,연곡면사무소-연곡면사무소,8
2025,42002107,921,강릉-동진버스,True,4200355,연곡면사무소,BIS inventory,True,True,2,1,128.8369030857598,37.8592954872826,11,0,8,,2.612827,0.0,2025-05-27,2025-06-03,8,연곡면사무소-연곡면사무소,4
2025,42002107,921,강릉-동진버스,True,4200399,송천종점,BIS inventory,True,True,37,34,128.63433752494774,37.82213931034025,10,0,11,,2.375297,0.0,2025-05-27,2025-06-03,8,연곡면사무소-연곡면사무소,4
2025,42002107,921,강릉-동진버스,True,4200405,송천,BIS inventory,True,True,36,33,128.64294987987037,37.832536995608294,0,16,,2,0.0,5.517241,2025-05-27,2025-06-03,8,연곡면사무소-연곡면사무소,8
2025,42002107,921,강릉-동진버스,True,4200406,오대산휴게소,BIS inventory,True,True,39,36,128.648222920777,37.83491560552007,1,0,32,,0.23753,0.0,2025-05-27,2025-06-03,8,연곡면사무소-연곡면사무소,1
2025,42002107,921,강릉-동진버스,True,4200410,부연동입구,BIS inventory,True,True,41,38,128.6565982881532,37.84023340079426,2,0,26,,0.475059,0.0,2025-05-27,2025-06-03,8,연곡면사무소-연곡면사무소,2
2025,42002107,921,강릉-동진버스,True,4200411,부연동입구,BIS inventory,True,True,33,30,128.65649150006797,37.84037999546802,0,1,,20,0.0,0.344828,2025-05-27,2025-06-03,8,연곡면사무소-연곡면사무소,1
2025,42002107,921,강릉-동진버스,True,4200412,진고개휴게소,BIS inventory,True,True,42,39,128.65865259925027,37.84288643809636,29,1,2,20,6.888361,0.344828,2025-05-27,2025-06-03,8,연곡면사무소-연곡면사무소,7
2025,42002107,921,강릉-동진버스,True,4200422,성원사입구,BIS inventory,True,True,43,40,128.6867712693139,37.847205451671535,19,0,5,,4.513064,0.0,2025-05-27,2025-06-03,8,연곡면사무소-연곡면사무소,7
2025,42002107,921,강릉-동진버스,True,4200423,성원사입구,BIS inventory,True,True,30,27,128.68646040632865,37.84726485901322,0,10,,3,0.0,3.448276,2025-05-27,2025-06-03,8,연곡면사무소-연곡면사무소,5
2025,42002107,921,강릉-동진버스,True,4200426,삼산보건진료소,BIS inventory,True,True,45,42,128.69992094735875,37.846599335592536,18,0,6,,4.275534,0.0,2025-05-27,2025-06-03,8,연곡면사무소-연곡면사무소,6
2025,42002107,921,강릉-동진버스,True,4200427,삼산보건진료소,BIS inventory,True,True,28,25,128.6999017867484,37.84667116560819,3,3,20,8,0.712589,1.034483,2025-05-27,2025-06-03,8,연곡면사무소-연곡면사무소,4
2025,42002107,921,강릉-동진버스,True,4200428,소금강산삼거리,BIS inventory,True,True,47,44,128.70675214581883,37.84674771999477,6,0,14,,1.425178,0.0,2025-05-27,2025-06-03,8,연곡면사무소-연곡면사무소,4
2025,42002107,921,강릉-동진버스,True,4200429,소금강산삼거리,BIS inventory,True,True,26,23,128.70652525366145,37.84687236867498,0,6,,5,0.0,2.068966,2025-05-27,2025-06-03,8,연곡면사무소-연곡면사무소,4
2025,42002107,921,강릉-동진버스,True,4200510,송림길,BIS inventory,True,True,67,64,128.8252555621319,37.855656749226185,4,0,18,,0.950119,0.0,2025-05-27,2025-06-03,8,연곡면사무소-연곡면사무소,4
2025,42002107,921,강릉-동진버스,True,4200511,송림길,BIS inventory,True,True,5,3,128.8248292251072,37.8557650289636,0,2,,13,0.0,0.689655,2025-05-27,2025-06-03,8,연곡면사무소-연곡면사무소,2
2025,42002107,921,강릉-동진버스,True,4200514,삼산,BIS inventory,True,True,44,41,128.69251552941094,37.84710607104921,3,0,20,,0.712589,0.0,2025-05-27,2025-06-03,8,연곡면사무소-연곡면사무소,2
2025,42002107,921,강릉-동진버스,True,4201384,행정2리마을회관,BIS inventory,True,True,57,54,128.7837597224069,37.85121868121593,2,0,26,,0.475059,0.0,2025-05-27,2025-06-03,8,연곡면사무소-연곡면사무소,2
2025,42002109,922,강릉-동진버스,True,4200032,퇴곡2리,BIS inventory,True,True,36,33,128.71714904545294,37.84816614353958,4,0,16,,0.938967,0.0,2025-05-27,2025-06-03,8,연곡면사무소-연곡면사무소,4
2025,42002109,922,강릉-동진버스,True,4200166,소금강산,BIS inventory,True,True,31,28,128.7124812586759,37.82175517040325,8,0,11,,1.877934,0.0,2025-05-27,2025-06-03,8,연곡면사무소-연곡면사무소,4
2025,42002109,922,강릉-동진버스,True,4200167,소금강산,BIS inventory,True,True,29,26,128.71230365715414,37.82166854276753,0,5,,5,0.0,1.858736,2025-05-27,2025-06-03,8,연곡면사무소-연곡면사무소,3
2025,42002109,922,강릉-동진버스,True,4200168,소금강산분교,BIS inventory,True,True,32,29,128.710000116687,37.83125700946602,20,0,3,,4.694836,0.0,2025-05-27,2025-06-03,8,연곡면사무소-연곡면사무소,7
2025,42002109,922,강릉-동진버스,True,4200169,소금강산분교,BIS inventory,True,True,28,25,128.70996109009303,37.83105237281379,0,2,,13,0.0,0.743494,2025-05-27,2025-06-03,8,연곡면사무소-연곡면사무소,2
2025,42002109,922,강릉-동진버스,True,4200170,삼산1리,BIS inventory,True,True,33,30,128.70464319375566,37.845506729172776,0,1,,16,0.0,0.371747,2025-05-27,2025-06-03,8,연곡면사무소-연곡면사무소,1
2025,42002109,922,강릉-동진버스,True,4200171,삼산1리,BIS inventory,True,True,27,24,128.7047914618132,37.84575283130434,0,3,,10,0.0,1.115242,2025-05-27,2025-06-03,8,연곡면사무소-연곡면사무소,3
2025,42002109,922,강릉-동진버스,True,4200173,퇴곡2리,BIS inventory,True,True,24,21,128.71633081209328,37.84807753595964,0,1,,16,0.0,0.371747,2025-05-27,2025-06-03,8,연곡면사무소-연곡면사무소,1
2025,42002109,922,강릉-동진버스,True,4200174,퇴곡,BIS inventory,True,True,20,18,128.75226108332112,37.851299039517386,0,1,,16,0.0,0.371747,2025-05-27,2025-06-03,8,연곡면사무소-연곡면사무소,1
2025,42002109,922,강릉-동진버스,True,4200178,신왕초등학교.소금강산체험학습장,BIS inventory,True,True,14,12,128.7874843369829,37.85236789721056,0,1,,16,0.0,0.371747,2025-05-27,2025-06-03,8,연곡면사무소-연곡면사무소,1
2025,42002109,922,강릉-동진버스,True,4200179,산림조합,BIS inventory,True,True,52,49,128.81641190280698,37.85471554225067,1,0,21,,0.234742,0.0,2025-05-27,2025-06-03,8,연곡면사무소-연곡면사무소,1
2025,42002109,922,강릉-동진버스,True,4200295,산림조합,BIS inventory,True,True,7,5,128.81634583702206,37.85478178935546,0,5,,5,0.0,1.858736,2025-05-27,2025-06-03,8,연곡면사무소-연곡면사무소,3
2025,42002109,922,강릉-동진버스,True,4200326,현덕사입구,BIS inventory,True,True,35,32,128.71038523685135,37.84696339414248,7,0,12,,1.643192,0.0,2025-05-27,2025-06-03,8,연곡면사무소-연곡면사무소,6
2025,42002109,922,강릉-동진버스,True,4200327,소금강산돌박물관,BIS inventory,True,True,37,34,128.72545746023172,37.848484193808346,40,0,2,,9.389671,0.0,2025-05-27,2025-06-03,8,연곡면사무소-연곡면사무소,8
2025,42002109,922,강릉-동진버스,True,4200328,삼산분소,BIS inventory,True,True,22,20,128.72806310762525,37.8484167632985,1,8,21,3,0.234742,2.973978,2025-05-27,2025-06-03,8,연곡면사무소-연곡면사무소,6
2025,42002109,922,강릉-동진버스,True,4200329,퇴곡1리경로당,BIS inventory,True,True,38,35,128.74128473074444,37.849334595953835,19,0,5,,4.460094,0.0,2025-05-27,2025-06-03,8,연곡면사무소-연곡면사무소,7
2025,42002109,922,강릉-동진버스,True,4200330,퇴곡1리경로당,BIS inventory,True,True,21,19,128.7415928535256,37.84950756791581,0,4,,7,0.0,1.486989,2025-05-27,2025-06-03,8,연곡면사무소-연곡면사무소,3
2025,42002109,922,강릉-동진버스,True,4200331,유등.백운사입구,BIS inventory,True,True,40,37,128.75900654206438,37.850462767351864,3,0,18,,0.704225,0.0,2025-05-27,2025-06-03,8,연곡면사무소-연곡면사무소,3
2025,42002109,922,강릉-동진버스,True,4200332,유등.백운사입구,BIS inventory,True,True,19,17,128.75795827699417,37.850487600912274,0,1,,16,0.0,0.371747,2025-05-27,2025-06-03,8,연곡면사무소-연곡면사무소,1
2025,42002109,922,강릉-동진버스,True,4200333,행정2리,BIS inventory,True,True,41,38,128.7667909122159,37.85086547031576,1,0,21,,0.234742,0.0,2025-05-27,2025-06-03,8,연곡면사무소-연곡면사무소,1
2025,42002109,922,강릉-동진버스,True,4200336,버들교,BIS inventory,True,True,42,39,128.77473855753414,37.850247080571705,5,0,15,,1.173709,0.0,2025-05-27,2025-06-03,8,연곡면사무소-연곡면사무소,3
2025,42002109,922,강릉-동진버스,True,4200337,소금강산체험학습장,BIS inventory,True,True,45,42,128.78576790854493,37.85169587352382,7,0,12,,1.643192,0.0,2025-05-27,2025-06-03,8,연곡면사무소-연곡면사무소,4
2025,42002109,922,강릉-동진버스,True,4200338,행정2리마을회관,BIS inventory,True,True,15,13,128.783920231759,37.85143615617747,0,7,,4,0.0,2.60223,2025-05-27,2025-06-03,8,연곡면사무소-연곡면사무소,6
2025,42002109,922,강릉-동진버스,True,4200339,신왕초등학교,BIS inventory,True,True,46,43,128.78962228209244,37.85282870829282,4,1,16,16,0.938967,0.371747,2025-05-27,2025-06-03,8,연곡면사무소-연곡면사무소,4
2025,42002109,922,강릉-동진버스,True,4200340,행정,BIS inventory,True,True,47,44,128.79244492389662,37.85304272496013,16,0,6,,3.755869,0.0,2025-05-27,2025-06-03,8,연곡면사무소-연곡면사무소,7
2025,42002109,922,강릉-동진버스,True,4200341,행정,BIS inventory,True,True,12,10,128.7939888659289,37.852922738954625,0,2,,13,0.0,0.743494,2025-05-27,2025-06-03,8,연곡면사무소-연곡면사무소,2
2025,42002109,922,강릉-동진버스,True,4200344,송림2리경로당,BIS inventory,True,True,49,46,128.807966000434,37.85197372236723,13,0,7,,3.051643,0.0,2025-05-27,2025-06-03,8,연곡면사무소-연곡면사무소,6
2025,42002109,922,강릉-동진버스,True,4200345,송림2리경로당,BIS inventory,True,True,10,8,128.80789598964623,37.85203614474543,0,4,,7,0.0,1.486989,2025-05-27,2025-06-03,8,연곡면사무소-연곡면사무소,3
2025,42002109,922,강릉-동진버스,True,4200346,송림2리,BIS inventory,True,True,9,7,128.8099436136846,37.853407423711076,1,0,21,,0.234742,0.0,2025-05-27,2025-06-03,8,연곡면사무소-연곡면사무소,1
2025,42002109,922,강릉-동진버스,True,4200347,송림2리,BIS inventory,True,True,50,47,128.81062888375345,37.853558399575036,9,0,9,,2.112676,0.0,2025-05-27,2025-06-03,8,연곡면사무소-연곡면사무소,5
2025,42002109,922,강릉-동진버스,True,4200348,연곡취수장입구,BIS inventory,True,True,51,48,128.81321638321742,37.85436534997662,3,0,18,,0.704225,0.0,2025-05-27,2025-06-03,8,연곡면사무소-연곡면사무소,2
2025,42002109,922,강릉-동진버스,True,4200349,연곡취수장입구,BIS inventory,True,True,8,6,128.8134029222452,37.854479588535305,0,2,,13,0.0,0.743494,2025-05-27,2025-06-03,8,연곡면사무소-연곡면사무소,2
2025,42002109,922,강릉-동진버스,True,4200350,송림,BIS inventory,True,True,53,50,128.8201619228096,37.85539548451919,1,0,21,,0.234742,0.0,2025-05-27,2025-06-03,8,연곡면사무소-연곡면사무소,1
2025,42002109,922,강릉-동진버스,True,4200351,송림,BIS inventory,True,True,6,4,128.82064394298325,37.85559369331711,0,3,,10,0.0,1.115242,2025-05-27,2025-06-03,8,연곡면사무소-연곡면사무소,3
2025,42002109,922,강릉-동진버스,True,4200352,연곡초교,BIS inventory,True,True,55,52,128.82816906723454,37.856817110094816,7,4,12,7,1.643192,1.486989,2025-05-27,2025-06-03,8,연곡면사무소-연곡면사무소,8
2025,42002109,922,강릉-동진버스,True,4200354,연곡면사무소,BIS inventory,True,True,1 | 57,53,128.83726140830402,37.85982528703765,209,178,1,1,49.061033,66.171004,2025-05-27,2025-06-03,8,연곡면사무소-연곡면사무소,8
2025,42002109,922,강릉-동진버스,True,4200355,연곡면사무소,BIS inventory,True,True,2,1,128.8369030857598,37.8592954872826,1,0,21,,0.234742,0.0,2025-05-27,2025-06-03,8,연곡면사무소-연곡면사무소,1
2025,42002109,922,강릉-동진버스,True,4200419,소금강산종점,BIS inventory,True,True,30,27,128.70783064886766,37.81649025417566,20,31,3,2,4.694836,11.524164,2025-05-27,2025-06-03,8,연곡면사무소-연곡면사무소,8
2025,42002109,922,강릉-동진버스,True,4200428,소금강산삼거리,BIS inventory,True,True,34,31,128.70675214581883,37.84674771999477,13,1,7,16,3.051643,0.371747,2025-05-27,2025-06-03,8,연곡면사무소-연곡면사무소,6
2025,42002109,922,강릉-동진버스,True,4200429,소금강산삼거리,BIS inventory,True,True,26,23,128.70652525366145,37.84687236867498,0,1,,16,0.0,0.371747,2025-05-27,2025-06-03,8,연곡면사무소-연곡면사무소,1
2025,42002109,922,강릉-동진버스,True,4200511,송림길,BIS inventory,True,True,5,3,128.8248292251072,37.8557650289636,1,0,21,,0.234742,0.0,2025-05-27,2025-06-03,8,연곡면사무소-연곡면사무소,1
2025,42002109,922,강릉-동진버스,True,4200526,새이골,BIS inventory,True,True,13,11,128.79025907473746,37.85322227035808,9,3,9,10,2.112676,1.115242,2025-05-27,2025-06-03,8,연곡면사무소-연곡면사무소,7
2025,42002109,922,강릉-동진버스,True,4201384,행정2리마을회관,BIS inventory,True,True,44,41,128.7837597224069,37.85121868121593,3,0,18,,0.704225,0.0,2025-05-27,2025-06-03,8,연곡면사무소-연곡면사무소,3
2025,42002110,923,강릉-동진버스,True,4200340,행정,BIS inventory,True,True,20,18,128.79244492389662,37.85304272496013,3,0,5,,5.263158,0.0,2025-05-27,2025-06-03,8,연곡면사무소-연곡면사무소,3
2025,42002110,923,강릉-동진버스,True,4200343,동양시멘트입구,BIS inventory,True,True,11,9,128.80439889049126,37.850687991240484,0,2,,3,0.0,5.882353,2025-05-27,2025-06-03,8,연곡면사무소-연곡면사무소,2
2025,42002110,923,강릉-동진버스,True,4200344,송림2리경로당,BIS inventory,True,True,22,20,128.807966000434,37.85197372236723,1,0,6,,1.754386,0.0,2025-05-27,2025-06-03,8,연곡면사무소-연곡면사무소,1
2025,42002110,923,강릉-동진버스,True,4200347,송림2리,BIS inventory,True,True,23,21,128.81062888375345,37.853558399575036,1,0,6,,1.754386,0.0,2025-05-27,2025-06-03,8,연곡면사무소-연곡면사무소,1
2025,42002110,923,강릉-동진버스,True,4200348,연곡취수장입구,BIS inventory,True,True,24,22,128.81321638321742,37.85436534997662,1,0,6,,1.754386,0.0,2025-05-27,2025-06-03,8,연곡면사무소-연곡면사무소,1
2025,42002110,923,강릉-동진버스,True,4200351,송림,BIS inventory,True,True,6,4,128.82064394298325,37.85559369331711,0,1,,4,0.0,2.941176,2025-05-27,2025-06-03,8,연곡면사무소-연곡면사무소,1
2025,42002110,923,강릉-동진버스,True,4200352,연곡초교,BIS inventory,True,True,28,26,128.82816906723454,37.856817110094816,1,1,6,4,1.754386,2.941176,2025-05-27,2025-06-03,8,연곡면사무소-연곡면사무소,2
2025,42002110,923,강릉-동진버스,True,4200354,연곡면사무소,BIS inventory,True,True,1 | 30,27,128.83726140830402,37.85982528703765,26,24,1,1,45.614035,70.588235,2025-05-27,2025-06-03,8,연곡면사무소-연곡면사무소,8
2025,42002110,923,강릉-동진버스,True,4200392,신왕종점,BIS inventory,True,True,16,14,128.77479795503757,37.82848497778013,10,6,2,2,17.54386,17.647059,2025-05-27,2025-06-03,8,연곡면사무소-연곡면사무소,7
2025,42002110,923,강릉-동진버스,True,4200395,신왕리,BIS inventory,True,True,19,17,128.7909165521197,37.84823170892436,4,0,4,,7.017544,0.0,2025-05-27,2025-06-03,8,연곡면사무소-연곡면사무소,2
2025,42002110,923,강릉-동진버스,True,4202162,부귀터,BIS inventory,True,True,17,15,128.7794599312011,37.83385966124151,10,0,2,,17.54386,0.0,2025-05-27,2025-06-03,8,연곡면사무소-연곡면사무소,5
2025,42002112,911,강릉-동진버스,True,4200180,향호리,BIS inventory,True,True,14,13,128.81000074924998,37.91526938265188,4,0,8,,3.773585,0.0,2025-05-27,2025-06-03,8,주문진시외버스터-주문진시외버스터,2
2025,42002112,911,강릉-동진버스,True,4200182,주문진해변,BIS inventory,True,True,13,12,128.81704671925502,37.90944057885068,3,2,10,7,2.830189,3.174603,2025-05-27,2025-06-03,8,주문진시외버스터-주문진시외버스터,2
2025,42002112,911,강릉-동진버스,True,4200184,소돌,BIS inventory,True,True,22,21,128.82175443074843,37.905415537268986,1,20,14,1,0.943396,31.746032,2025-05-27,2025-06-03,8,주문진시외버스터-주문진시외버스터,7
2025,42002112,911,강릉-동진버스,True,4200185,소돌,BIS inventory,True,True,11,10,128.8213252547112,37.90592204016269,3,0,10,,2.830189,0.0,2025-05-27,2025-06-03,8,주문진시외버스터-주문진시외버스터,3
2025,42002112,911,강릉-동진버스,True,4200188,양양고개,BIS inventory,True,True,8,7,128.82822436017406,37.899998054568016,1,0,14,,0.943396,0.0,2025-05-27,2025-06-03,8,주문진시외버스터-주문진시외버스터,1
2025,42002112,911,강릉-동진버스,True,4200192,북부지구대,BIS inventory,True,True,5,4,128.829270567591,37.89460960314925,4,0,8,,3.773585,0.0,2025-05-27,2025-06-03,8,주문진시외버스터-주문진시외버스터,3
2025,42002112,911,강릉-동진버스,True,4200195,주문진항입구,BIS inventory,True,True,4,3,128.82690557497094,37.892668432750234,6,0,7,,5.660377,0.0,2025-05-27,2025-06-03,8,주문진시외버스터-주문진시외버스터,3
2025,42002112,911,강릉-동진버스,True,4200196,작은다리,BIS inventory,True,True,3,2,128.8261349428677,37.89101262248175,25,1,1,9,23.584906,1.587302,2025-05-27,2025-06-03,8,주문진시외버스터-주문진시외버스터,7
2025,42002112,911,강릉-동진버스,True,4200198,원마트,BIS inventory,True,True,2,1,128.82575730347685,37.88826959645488,1,0,14,,0.943396,0.0,2025-05-27,2025-06-03,8,주문진시외버스터-주문진시외버스터,1
2025,42002112,911,강릉-동진버스,True,4200300,수협사거리,BIS inventory,True,True,6,5,128.8314095884837,37.895774457125356,3,0,10,,2.830189,0.0,2025-05-27,2025-06-03,8,주문진시외버스터-주문진시외버스터,1
2025,42002112,911,강릉-동진버스,True,4200466,향호회관,BIS inventory,True,True,18,17,128.8035439820285,37.89964778843476,10,3,3,6,9.433962,4.761905,2025-05-27,2025-06-03,8,주문진시외버스터-주문진시외버스터,8
2025,42002112,911,강릉-동진버스,True,4200467,향호저수지,BIS inventory,True,True,17,16,128.78868941134147,37.904053051022615,16,8,2,3,15.09434,12.698413,2025-05-27,2025-06-03,8,주문진시외버스터-주문진시외버스터,7
2025,42002112,911,강릉-동진버스,True,4200469,참샘,BIS inventory,True,True,16,15,128.79799114449304,37.90957457625894,8,7,6,5,7.54717,11.111111,2025-05-27,2025-06-03,8,주문진시외버스터-주문진시외버스터,4
2025,42002112,911,강릉-동진버스,True,4200521,방학골,BIS inventory,True,True,10,9,128.82291244813646,37.90463362511824,2,0,13,,1.886792,0.0,2025-05-27,2025-06-03,8,주문진시외버스터-주문진시외버스터,2
2025,42002112,911,강릉-동진버스,True,4200971,주문진읍사무소,BIS inventory,True,True,23,22,128.8246799183624,37.892745035212215,0,8,,3,0.0,12.698413,2025-05-27,2025-06-03,8,주문진시외버스터-주문진시외버스터,5
2025,42002112,911,강릉-동진버스,True,4201147,작은다리사거리,BIS inventory,True,True,24,23,128.82430578974427,37.890298608665205,0,11,,2,0.0,17.460317,2025-05-27,2025-06-03,8,주문진시외버스터-주문진시외버스터,5
2025,42002112,911,강릉-동진버스,True,4201200,파란바다지역아동센터,BIS inventory,True,True,26,25,128.82465599155947,37.88451042268901,0,1,,9,0.0,1.587302,2025-05-27,2025-06-03,8,주문진시외버스터-주문진시외버스터,1
2025,42002112,911,강릉-동진버스,True,4201377,주문10리종점,BIS inventory,True,True,20,19,128.80246523281295,37.89335520402651,9,0,5,,8.490566,0.0,2025-05-27,2025-06-03,8,주문진시외버스터-주문진시외버스터,5
2025,42002112,911,강릉-동진버스,True,4201378,주문10리,BIS inventory,True,True,21,20,128.81057617544894,37.89757955797342,10,2,3,7,9.433962,3.174603,2025-05-27,2025-06-03,8,주문진시외버스터-주문진시외버스터,5
2025,42002113,912,강릉-동진버스,True,4200022,상근내,BIS inventory,True,True,13,12,128.7796924207031,37.8773758413694,44,0,3,,11.22449,0.0,2025-05-27,2025-06-03,8,주문진시외버스터-주문진시외버스터,8
2025,42002113,912,강릉-동진버스,True,4200099,상근내,BIS inventory,True,True,5,4,128.77960655925375,37.87745059496862,3,3,12,7,0.765306,1.401869,2025-05-27,2025-06-03,8,주문진시외버스터-주문진시외버스터,4
2025,42002113,912,강릉-동진버스,True,4200448,주문진시외버스터미널,BIS inventory,True,True,1 | 23,17,128.8255388895829,37.884201127994984,128,162,1,1,32.653061,75.700935,2025-05-27,2025-06-03,8,주문진시외버스터-주문진시외버스터,8
2025,42002113,912,강릉-동진버스,True,4200452,주문진문화교육센터,BIS inventory,True,True,17,16,128.82210321817664,37.88251990280632,1,2,15,8,0.255102,0.934579,2025-05-27,2025-06-03,8,주문진시외버스터-주문진시외버스터,3
2025,42002113,912,강릉-동진버스,True,4200453,주문진문화교육센터,BIS inventory,True,True,2,1,128.8216607096042,37.88251737897711,25,1,6,11,6.377551,0.46729,2025-05-27,2025-06-03,8,주문진시외버스터-주문진시외버스터,7
2025,42002113,912,강릉-동진버스,True,4200455,삼교리종점,BIS inventory,True,True,10,9,128.74996246309584,37.87971842334567,54,1,2,11,13.77551,0.46729,2025-05-27,2025-06-03,8,주문진시외버스터-주문진시외버스터,8
2025,42002113,912,강릉-동진버스,True,4200456,삼교리종점,BIS inventory,True,True,8,7,128.7500022864006,37.879776675728266,2,2,14,8,0.510204,0.934579,2025-05-27,2025-06-03,8,주문진시외버스터-주문진시외버스터,4
2025,42002113,912,강릉-동진버스,True,4200457,장덕2리,BIS inventory,True,True,11,10,128.77149035836987,37.88343140927676,34,0,5,,8.673469,0.0,2025-05-27,2025-06-03,8,주문진시외버스터-주문진시외버스터,8
2025,42002113,912,강릉-동진버스,True,4200458,장덕2리,BIS inventory,True,True,7,6,128.77147712645024,37.883516051343115,3,16,12,2,0.765306,7.476636,2025-05-27,2025-06-03,8,주문진시외버스터-주문진시외버스터,8
2025,42002113,912,강릉-동진버스,True,4200459,장덕2리마을회관,BIS inventory,True,True,12,11,128.7777930908638,37.879609504906774,21,4,7,6,5.357143,1.869159,2025-05-27,2025-06-03,8,주문진시외버스터-주문진시외버스터,8
2025,42002113,912,강릉-동진버스,True,4200460,장덕2리마을회관,BIS inventory,True,True,6,5,128.77790630744494,37.87964207357677,5,6,11,5,1.27551,2.803738,2025-05-27,2025-06-03,8,주문진시외버스터-주문진시외버스터,5
2025,42002113,912,강릉-동진버스,True,4200461,장덕1리,BIS inventory,True,True,14,13,128.7955229122852,37.878113650066226,42,1,4,11,10.714286,0.46729,2025-05-27,2025-06-03,8,주문진시외버스터-주문진시외버스터,8
2025,42002113,912,강릉-동진버스,True,4200462,장덕1리,BIS inventory,True,True,4,3,128.79552757430156,37.87818242033292,0,7,,3,0.0,3.271028,2025-05-27,2025-06-03,8,주문진시외버스터-주문진시외버스터,6
2025,42002113,912,강릉-동진버스,True,4200464,교향2리금용교,BIS inventory,True,True,15,14,128.81059960534566,37.877872107197874,7,0,10,,1.785714,0.0,2025-05-27,2025-06-03,8,주문진시외버스터-주문진시외버스터,5
2025,42002113,912,강릉-동진버스,True,4200465,교항2리금용교,BIS inventory,True,True,3,2,128.81051132966252,37.87794196218265,1,2,15,8,0.255102,0.934579,2025-05-27,2025-06-03,8,주문진시외버스터-주문진시외버스터,3
2025,42002113,912,강릉-동진버스,True,4200515,서당마을,BIS inventory,True,True,16,15,128.8153409524242,37.87964681225348,8,0,9,,2.040816,0.0,2025-05-27,2025-06-03,8,주문진시외버스터-주문진시외버스터,6
2025,42002113,912,강릉-동진버스,True,4201251,궁궁동,BIS inventory,True,True,9,8,128.7299683412454,37.880375202506656,14,7,8,3,3.571429,3.271028,2025-05-27,2025-06-03,8,주문진시외버스터-주문진시외버스터,6
2025,42002114,941,강릉-동진버스,True,4200252,신영극장,BIS inventory,True,True,43,42,128.8961287589657,37.75448236011555,3,44,16,1,1.023891,34.108527,2025-05-27,2025-06-03,8,KTX공영주차장-KTX공영주차장,8
2025,42002114,941,강릉-동진버스,True,4200253,교보생명,BIS inventory,True,True,2,1,128.89811415297848,37.756002485379526,110,4,1,6,37.542662,3.100775,2025-05-27,2025-06-03,8,KTX공영주차장-KTX공영주차장,8
2025,42002114,941,강릉-동진버스,True,4200797,KTX공영주차장환승장,BIS inventory,True,True,1 | 44,43,128.8967850727094,37.762190942376556,8,3,8,9,2.730375,2.325581,2025-05-27,2025-06-03,8,KTX공영주차장-KTX공영주차장,3
2025,42002114,941,강릉-동진버스,True,4200928,왕산사,BIS inventory,True,True,22,21,128.8594660677207,37.61509686617323,4,0,15,,1.365188,0.0,2025-05-27,2025-06-03,8,KTX공영주차장-KTX공영주차장,3
2025,42002114,941,강릉-동진버스,True,4200929,왕산구)종점,BIS inventory,True,True,23,22,128.8604892853729,37.62367273667524,2,0,19,,0.682594,0.0,2025-05-27,2025-06-03,8,KTX공영주차장-KTX공영주차장,2
2025,42002114,941,강릉-동진버스,True,4200930,왕산구)종점,BIS inventory,True,True,21,20,128.8604095757484,37.623711657099335,0,8,,4,0.0,6.20155,2025-05-27,2025-06-03,8,KTX공영주차장-KTX공영주차장,7
2025,42002114,941,강릉-동진버스,True,4200931,샘터휴게실,BIS inventory,True,True,24,23,128.86196479739877,37.62603907325114,17,0,5,,5.802048,0.0,2025-05-27,2025-06-03,8,KTX공영주차장-KTX공영주차장,8
2025,42002114,941,강릉-동진버스,True,4200932,샘터휴게실,BIS inventory,True,True,20,19,128.8616379939255,37.62586846407014,0,1,,16,0.0,0.775194,2025-05-27,2025-06-03,8,KTX공영주차장-KTX공영주차장,1
2025,42002114,941,강릉-동진버스,True,4200935,목계마을회관,BIS inventory,True,True,25,24,128.8591158870725,37.63273899723025,23,1,3,16,7.849829,0.775194,2025-05-27,2025-06-03,8,KTX공영주차장-KTX공영주차장,8
2025,42002114,941,강릉-동진버스,True,4200936,목계마을회관,BIS inventory,True,True,19,18,128.8589875953329,37.632647124497325,6,1,10,16,2.047782,0.775194,2025-05-27,2025-06-03,8,KTX공영주차장-KTX공영주차장,6
2025,42002114,941,강릉-동진버스,True,4200938,목계리경로당,BIS inventory,True,True,26,25,128.85882831535346,37.63808751377066,5,0,12,,1.706485,0.0,2025-05-27,2025-06-03,8,KTX공영주차장-KTX공영주차장,4
2025,42002114,941,강릉-동진버스,True,4200939,방터골입구,BIS inventory,True,True,27,26,128.8543538779494,37.64239089992679,1,0,22,,0.341297,0.0,2025-05-27,2025-06-03,8,KTX공영주차장-KTX공영주차장,1
2025,42002114,941,강릉-동진버스,True,4200940,방터골입구,BIS inventory,True,True,17,16,128.8542224426066,37.642387639932174,0,4,,6,0.0,3.100775,2025-05-27,2025-06-03,8,KTX공영주차장-KTX공영주차장,2
2025,42002114,941,강릉-동진버스,True,4200941,목계리,BIS inventory,True,True,28,27,128.8539720247843,37.64675613253988,2,0,19,,0.682594,0.0,2025-05-27,2025-06-03,8,KTX공영주차장-KTX공영주차장,1
2025,42002114,941,강릉-동진버스,True,4200943,들꽃마을,BIS inventory,True,True,29,28,128.85452027887206,37.65078274958405,5,0,12,,1.706485,0.0,2025-05-27,2025-06-03,8,KTX공영주차장-KTX공영주차장,4
2025,42002114,941,강릉-동진버스,True,4200944,들꽃마을,BIS inventory,True,True,16,15,128.85442858144177,37.65082634282393,2,3,19,9,0.682594,2.325581,2025-05-27,2025-06-03,8,KTX공영주차장-KTX공영주차장,4
2025,42002114,941,강릉-동진버스,True,4200945,백운암입구,BIS inventory,True,True,30,29,128.8503640197509,37.65589468864246,3,0,16,,1.023891,0.0,2025-05-27,2025-06-03,8,KTX공영주차장-KTX공영주차장,3
2025,42002114,941,강릉-동진버스,True,4200946,백운암입구,BIS inventory,True,True,15,14,128.8502357538194,37.655869833853565,0,1,,16,0.0,0.775194,2025-05-27,2025-06-03,8,KTX공영주차장-KTX공영주차장,1
2025,42002114,941,강릉-동진버스,True,4200947,탑동교,BIS inventory,True,True,31,30,128.84609145028975,37.66009383864923,21,1,4,16,7.167235,0.775194,2025-05-27,2025-06-03,8,KTX공영주차장-KTX공영주차장,8
2025,42002114,941,강릉-동진버스,True,4200948,탑동교,BIS inventory,True,True,14,13,128.84599983023696,37.66005118972853,1,8,22,4,0.341297,6.20155,2025-05-27,2025-06-03,8,KTX공영주차장-KTX공영주차장,5
2025,42002114,941,강릉-동진버스,True,4200949,둔지마을,BIS inventory,True,True,32,31,128.84032622893565,37.667211942204936,11,0,7,,3.754266,0.0,2025-05-27,2025-06-03,8,KTX공영주차장-KTX공영주차장,7
2025,42002114,941,강릉-동진버스,True,4200950,둔지마을,BIS inventory,True,True,13,12,128.8402142080388,37.66721532951788,0,9,,3,0.0,6.976744,2025-05-27,2025-06-03,8,KTX공영주차장-KTX공영주차장,7
2025,42002114,941,강릉-동진버스,True,4200951,왕산면사무소앞,BIS inventory,True,True,33,32,128.83840731782888,37.6721688588501,33,2,2,12,11.262799,1.550388,2025-05-27,2025-06-03,8,KTX공영주차장-KTX공영주차장,8
2025,42002114,941,강릉-동진버스,True,4200952,왕산면사무소앞,BIS inventory,True,True,12,11,128.83831324436588,37.672144012562036,5,2,12,12,1.706485,1.550388,2025-05-27,2025-06-03,8,KTX공영주차장-KTX공영주차장,5
2025,42002114,941,강릉-동진버스,True,4200953,도마1리경로당,BIS inventory,True,True,34,33,128.83580313705878,37.675863266048,12,0,6,,4.095563,0.0,2025-05-27,2025-06-03,8,KTX공영주차장-KTX공영주차장,6
2025,42002114,941,강릉-동진버스,True,4200954,도마1리경로당,BIS inventory,True,True,11,10,128.83571199204746,37.67583487527786,0,4,,6,0.0,3.100775,2025-05-27,2025-06-03,8,KTX공영주차장-KTX공영주차장,3
2025,42002114,941,강릉-동진버스,True,4200957,새재마을,BIS inventory,True,True,36,35,128.8242487855186,37.68544901419477,6,2,10,12,2.047782,1.550388,2025-05-27,2025-06-03,8,KTX공영주차장-KTX공영주차장,5
2025,42002114,941,강릉-동진버스,True,4200958,새재마을,BIS inventory,True,True,9,8,128.8242669560502,37.685279144065696,0,3,,9,0.0,2.325581,2025-05-27,2025-06-03,8,KTX공영주차장-KTX공영주차장,3
2025,42002114,941,강릉-동진버스,True,4200959,왕산대기교차로,BIS inventory,True,True,37,36,128.80857307337496,37.68975019804283,1,0,22,,0.341297,0.0,2025-05-27,2025-06-03,8,KTX공영주차장-KTX공영주차장,1
2025,42002114,941,강릉-동진버스,True,4200963,오봉리,BIS inventory,True,True,39,38,128.8222695914709,37.70939016181609,8,0,8,,2.730375,0.0,2025-05-27,2025-06-03,8,KTX공영주차장-KTX공영주차장,5
2025,42002114,941,강릉-동진버스,True,4201004,성산,BIS inventory,True,True,40,39,128.82713990486903,37.71438975242994,0,1,,16,0.0,0.775194,2025-05-27,2025-06-03,8,KTX공영주차장-KTX공영주차장,1
2025,42002114,941,강릉-동진버스,True,4201006,성산치안센터,BIS inventory,True,True,41,40,128.83090633919258,37.71566752965487,0,2,,12,0.0,1.550388,2025-05-27,2025-06-03,8,KTX공영주차장-KTX공영주차장,1
2025,42002114,941,강릉-동진버스,True,4201008,성산면사무소,BIS inventory,True,True,42,41,128.83255254171343,37.71856830087688,1,25,22,2,0.341297,19.379845,2025-05-27,2025-06-03,8,KTX공영주차장-KTX공영주차장,6
2025,42002114,941,강릉-동진버스,True,4201009,성산면사무소,BIS inventory,True,True,3,2,128.832602033901,37.718970827982346,3,0,16,,1.023891,0.0,2025-05-27,2025-06-03,8,KTX공영주차장-KTX공영주차장,3
2025,42002115,941-1,강릉-동진버스,True,4200252,신영극장,BIS inventory,True,True,57,56,128.8961287589657,37.75448236011555,3,49,13,1,1.463415,39.516129,2025-05-27,2025-06-03,8,KTX공영주차장-KTX공영주차장,8
2025,42002115,941-1,강릉-동진버스,True,4200253,교보생명,BIS inventory,True,True,2,1,128.89811415297848,37.756002485379526,92,0,1,,44.878049,0.0,2025-05-27,2025-06-03,8,KTX공영주차장-KTX공영주차장,8
2025,42002115,941-1,강릉-동진버스,True,4200587,안소재길,BIS inventory,True,True,33,32,128.84955884022355,37.563768804870946,2,0,17,,0.97561,0.0,2025-05-27,2025-06-03,8,KTX공영주차장-KTX공영주차장,2
2025,42002115,941-1,강릉-동진버스,True,4200797,KTX공영주차장환승장,BIS inventory,True,True,1 | 58,57,128.8967850727094,37.762190942376556,14,8,2,4,6.829268,6.451613,2025-05-27,2025-06-03,8,KTX공영주차장-KTX공영주차장,7
2025,42002115,941-1,강릉-동진버스,True,4200919,사반,BIS inventory,True,True,30,29,128.8467909201167,37.5342056043505,7,0,8,,3.414634,0.0,2025-05-27,2025-06-03,8,KTX공영주차장-KTX공영주차장,4
2025,42002115,941-1,강릉-동진버스,True,4200921,평촌,BIS inventory,True,True,31,30,128.84963218200156,37.552631723106046,1,0,23,,0.487805,0.0,2025-05-27,2025-06-03,8,KTX공영주차장-KTX공영주차장,1
2025,42002115,941-1,강릉-동진버스,True,4200922,평촌,BIS inventory,True,True,27,26,128.84954094616108,37.55267396579829,0,1,,13,0.0,0.806452,2025-05-27,2025-06-03,8,KTX공영주차장-KTX공영주차장,1
2025,42002115,941-1,강릉-동진버스,True,4200923,사이소재길,BIS inventory,True,True,32,31,128.8476417163746,37.55780194237984,1,0,23,,0.487805,0.0,2025-05-27,2025-06-03,8,KTX공영주차장-KTX공영주차장,1
2025,42002115,941-1,강릉-동진버스,True,4200925,삽당령휴게소,BIS inventory,True,True,35,34,128.85348981301368,37.57765377589509,2,0,17,,0.97561,0.0,2025-05-27,2025-06-03,8,KTX공영주차장-KTX공영주차장,2
2025,42002115,941-1,강릉-동진버스,True,4200926,삽당령휴게소,BIS inventory,True,True,23,22,128.85335366163847,37.57771787179165,0,2,,8,0.0,1.612903,2025-05-27,2025-06-03,8,KTX공영주차장-KTX공영주차장,2
2025,42002115,941-1,강릉-동진버스,True,4200927,왕산사,BIS inventory,True,True,36,35,128.85972406418662,37.614998007179736,5,0,10,,2.439024,0.0,2025-05-27,2025-06-03,8,KTX공영주차장-KTX공영주차장,4
2025,42002115,941-1,강릉-동진버스,True,4200929,왕산구)종점,BIS inventory,True,True,37,36,128.8604892853729,37.62367273667524,3,0,13,,1.463415,0.0,2025-05-27,2025-06-03,8,KTX공영주차장-KTX공영주차장,3
2025,42002115,941-1,강릉-동진버스,True,4200930,왕산구)종점,BIS inventory,True,True,21,20,128.8604095757484,37.623711657099335,0,1,,13,0.0,0.806452,2025-05-27,2025-06-03,8,KTX공영주차장-KTX공영주차장,1
2025,42002115,941-1,강릉-동진버스,True,4200931,샘터휴게실,BIS inventory,True,True,38,37,128.86196479739877,37.62603907325114,2,0,17,,0.97561,0.0,2025-05-27,2025-06-03,8,KTX공영주차장-KTX공영주차장,2
2025,42002115,941-1,강릉-동진버스,True,4200935,목계마을회관,BIS inventory,True,True,39,38,128.8591158870725,37.63273899723025,9,0,4,,4.390244,0.0,2025-05-27,2025-06-03,8,KTX공영주차장-KTX공영주차장,5
2025,42002115,941-1,강릉-동진버스,True,4200936,목계마을회관,BIS inventory,True,True,19,18,128.8589875953329,37.632647124497325,0,14,,3,0.0,11.290323,2025-05-27,2025-06-03,8,KTX공영주차장-KTX공영주차장,8
2025,42002115,941-1,강릉-동진버스,True,4200937,목계리경로당,BIS inventory,True,True,18,17,128.85926935902992,37.63755434898131,0,1,,13,0.0,0.806452,2025-05-27,2025-06-03,8,KTX공영주차장-KTX공영주차장,1
2025,42002115,941-1,강릉-동진버스,True,4200938,목계리경로당,BIS inventory,True,True,40,39,128.85882831535346,37.63808751377066,2,0,17,,0.97561,0.0,2025-05-27,2025-06-03,8,KTX공영주차장-KTX공영주차장,2
2025,42002115,941-1,강릉-동진버스,True,4200939,방터골입구,BIS inventory,True,True,41,40,128.8543538779494,37.64239089992679,5,0,10,,2.439024,0.0,2025-05-27,2025-06-03,8,KTX공영주차장-KTX공영주차장,4
2025,42002115,941-1,강릉-동진버스,True,4200941,목계리,BIS inventory,True,True,42,41,128.8539720247843,37.64675613253988,2,0,17,,0.97561,0.0,2025-05-27,2025-06-03,8,KTX공영주차장-KTX공영주차장,1
2025,42002115,941-1,강릉-동진버스,True,4200943,들꽃마을,BIS inventory,True,True,43,42,128.85452027887206,37.65078274958405,3,1,13,13,1.463415,0.806452,2025-05-27,2025-06-03,8,KTX공영주차장-KTX공영주차장,3
2025,42002115,941-1,강릉-동진버스,True,4200944,들꽃마을,BIS inventory,True,True,16,15,128.85442858144177,37.65082634282393,0,3,,6,0.0,2.419355,2025-05-27,2025-06-03,8,KTX공영주차장-KTX공영주차장,3
2025,42002115,941-1,강릉-동진버스,True,4200945,백운암입구,BIS inventory,True,True,44,43,128.8503640197509,37.65589468864246,1,0,23,,0.487805,0.0,2025-05-27,2025-06-03,8,KTX공영주차장-KTX공영주차장,1
2025,42002115,941-1,강릉-동진버스,True,4200947,탑동교,BIS inventory,True,True,45,44,128.84609145028975,37.66009383864923,10,0,3,,4.878049,0.0,2025-05-27,2025-06-03,8,KTX공영주차장-KTX공영주차장,6
2025,42002115,941-1,강릉-동진버스,True,4200948,탑동교,BIS inventory,True,True,14,13,128.84599983023696,37.66005118972853,0,2,,8,0.0,1.612903,2025-05-27,2025-06-03,8,KTX공영주차장-KTX공영주차장,2
2025,42002115,941-1,강릉-동진버스,True,4200949,둔지마을,BIS inventory,True,True,46,45,128.84032622893565,37.667211942204936,8,0,5,,3.902439,0.0,2025-05-27,2025-06-03,8,KTX공영주차장-KTX공영주차장,6
2025,42002115,941-1,강릉-동진버스,True,4200950,둔지마을,BIS inventory,True,True,13,12,128.8402142080388,37.66721532951788,0,3,,6,0.0,2.419355,2025-05-27,2025-06-03,8,KTX공영주차장-KTX공영주차장,2
2025,42002115,941-1,강릉-동진버스,True,4200951,왕산면사무소앞,BIS inventory,True,True,47,46,128.83840731782888,37.6721688588501,8,2,5,8,3.902439,1.612903,2025-05-27,2025-06-03,8,KTX공영주차장-KTX공영주차장,5
2025,42002115,941-1,강릉-동진버스,True,4200952,왕산면사무소앞,BIS inventory,True,True,12,11,128.83831324436588,37.672144012562036,0,5,,5,0.0,4.032258,2025-05-27,2025-06-03,8,KTX공영주차장-KTX공영주차장,3
2025,42002115,941-1,강릉-동진버스,True,4200953,도마1리경로당,BIS inventory,True,True,48,47,128.83580313705878,37.675863266048,8,0,5,,3.902439,0.0,2025-05-27,2025-06-03,8,KTX공영주차장-KTX공영주차장,4
2025,42002115,941-1,강릉-동진버스,True,4200954,도마1리경로당,BIS inventory,True,True,11,10,128.83571199204746,37.67583487527786,0,2,,8,0.0,1.612903,2025-05-27,2025-06-03,8,KTX공영주차장-KTX공영주차장,1
2025,42002115,941-1,강릉-동진버스,True,4200955,왕산사슴목장,BIS inventory,True,True,49,48,128.82575088668412,37.681344715824196,1,0,23,,0.487805,0.0,2025-05-27,2025-06-03,8,KTX공영주차장-KTX공영주차장,1
2025,42002115,941-1,강릉-동진버스,True,4200957,새재마을,BIS inventory,True,True,50,49,128.8242487855186,37.68544901419477,3,0,13,,1.463415,0.0,2025-05-27,2025-06-03,8,KTX공영주차장-KTX공영주차장,2
2025,42002115,941-1,강릉-동진버스,True,4200958,새재마을,BIS inventory,True,True,9,8,128.8242669560502,37.685279144065696,0,2,,8,0.0,1.612903,2025-05-27,2025-06-03,8,KTX공영주차장-KTX공영주차장,2
2025,42002115,941-1,강릉-동진버스,True,4200963,오봉리,BIS inventory,True,True,53,52,128.8222695914709,37.70939016181609,5,1,10,13,2.439024,0.806452,2025-05-27,2025-06-03,8,KTX공영주차장-KTX공영주차장,4
2025,42002115,941-1,강릉-동진버스,True,4201008,성산면사무소,BIS inventory,True,True,56,55,128.83255254171343,37.71856830087688,2,27,17,2,0.97561,21.774194,2025-05-27,2025-06-03,8,KTX공영주차장-KTX공영주차장,8
2025,42002115,941-1,강릉-동진버스,True,4201009,성산면사무소,BIS inventory,True,True,3,2,128.832602033901,37.718970827982346,6,0,9,,2.926829,0.0,2025-05-27,2025-06-03,8,KTX공영주차장-KTX공영주차장,5
2025,42002116,942,강릉-동진버스,True,4200252,신영극장,BIS inventory,True,True,40,37,128.8961287589657,37.75448236011555,3,64,13,1,1.234568,63.366337,2025-05-27,2025-06-03,8,KTX공영주차장-KTX공영주차장,8
2025,42002116,942,강릉-동진버스,True,4200253,교보생명,BIS inventory,True,True,2,1,128.89811415297848,37.756002485379526,89,0,1,,36.625514,0.0,2025-05-27,2025-06-03,8,KTX공영주차장-KTX공영주차장,8
2025,42002116,942,강릉-동진버스,True,4200468,왕산골한옥,BIS inventory,True,True,32,29,128.79462643294355,37.66636911752362,1,0,18,,0.411523,0.0,2025-05-27,2025-06-03,8,KTX공영주차장-KTX공영주차장,1
2025,42002116,942,강릉-동진버스,True,4200797,KTX공영주차장환승장,BIS inventory,True,True,1 | 41,38,128.8967850727094,37.762190942376556,15,1,4,10,6.17284,0.990099,2025-05-27,2025-06-03,8,KTX공영주차장-KTX공영주차장,5
2025,42002116,942,강릉-동진버스,True,4200889,왕산리2반,BIS inventory,True,True,34,31,128.80297738702234,37.675963955897956,6,0,10,,2.469136,0.0,2025-05-27,2025-06-03,8,KTX공영주차장-KTX공영주차장,4
2025,42002116,942,강릉-동진버스,True,4200890,왕산리마을회관,BIS inventory,True,True,9,8,128.79684011914176,37.670392794275685,3,2,13,6,1.234568,1.980198,2025-05-27,2025-06-03,8,KTX공영주차장-KTX공영주차장,3
2025,42002116,942,강릉-동진버스,True,4200892,임내폭포,BIS inventory,True,True,10,9,128.79372069070962,37.66362299663701,0,6,,3,0.0,5.940594,2025-05-27,2025-06-03,8,KTX공영주차장-KTX공영주차장,6
2025,42002116,942,강릉-동진버스,True,4200895,무위사입구,BIS inventory,True,True,30,27,128.79048797979135,37.65800841053956,3,0,13,,1.234568,0.0,2025-05-27,2025-06-03,8,KTX공영주차장-KTX공영주차장,3
2025,42002116,942,강릉-동진버스,True,4200896,왕산골,BIS inventory,True,True,12,11,128.7872211119886,37.65448843873245,0,1,,10,0.0,0.990099,2025-05-27,2025-06-03,8,KTX공영주차장-KTX공영주차장,1
2025,42002116,942,강릉-동진버스,True,4200897,왕산골,BIS inventory,True,True,29,26,128.78735259066167,37.65458906689652,10,0,7,,4.115226,0.0,2025-05-27,2025-06-03,8,KTX공영주차장-KTX공영주차장,4
2025,42002116,942,강릉-동진버스,True,4200899,검뎅이골위,BIS inventory,True,True,28,25,128.78664108542844,37.649625029205744,8,0,8,,3.292181,0.0,2025-05-27,2025-06-03,8,KTX공영주차장-KTX공영주차장,5
2025,42002116,942,강릉-동진버스,True,4200900,닭목골,BIS inventory,True,True,14,13,128.78583483882048,37.64776835827971,5,5,11,4,2.057613,4.950495,2025-05-27,2025-06-03,8,KTX공영주차장-KTX공영주차장,6
2025,42002116,942,강릉-동진버스,True,4200901,닭목골,BIS inventory,True,True,27,24,128.78595382346253,37.64781596633364,5,2,11,6,2.057613,1.980198,2025-05-27,2025-06-03,8,KTX공영주차장-KTX공영주차장,3
2025,42002116,942,강릉-동진버스,True,4200904,벌말,BIS inventory,True,True,15,14,128.77753093157395,37.586312333418526,0,2,,6,0.0,1.980198,2025-05-27,2025-06-03,8,KTX공영주차장-KTX공영주차장,2
2025,42002116,942,강릉-동진버스,True,4200911,도화목이,BIS inventory,True,True,26,23,128.79899268103495,37.57580683121861,27,2,2,6,11.111111,1.980198,2025-05-27,2025-06-03,8,KTX공영주차장-KTX공영주차장,8
2025,42002116,942,강릉-동진버스,True,4200913,대기1리경로당,BIS inventory,True,True,25,22,128.79579724292137,37.56561101591886,12,1,6,10,4.938272,0.990099,2025-05-27,2025-06-03,8,KTX공영주차장-KTX공영주차장,8
2025,42002116,942,강릉-동진버스,True,4200915,감자채종포마을,BIS inventory,True,True,23,21,128.8336264013535,37.53350667836036,14,0,5,,5.761317,0.0,2025-05-27,2025-06-03,8,KTX공영주차장-KTX공영주차장,6
2025,42002116,942,강릉-동진버스,True,4200916,고단2.3리교차로,BIS inventory,True,True,20,18,128.83542781016814,37.524465083382744,27,3,2,5,11.111111,2.970297,2025-05-27,2025-06-03,8,KTX공영주차장-KTX공영주차장,8
2025,42002116,942,강릉-동진버스,True,4200917,고단2.3리교차로,BIS inventory,True,True,22,20,128.8355935759617,37.52458832137048,1,0,18,,0.411523,0.0,2025-05-27,2025-06-03,8,KTX공영주차장-KTX공영주차장,1
2025,42002116,942,강릉-동진버스,True,4200963,오봉리,BIS inventory,True,True,36,33,128.8222695914709,37.70939016181609,2,0,16,,0.823045,0.0,2025-05-27,2025-06-03,8,KTX공영주차장-KTX공영주차장,2
2025,42002116,942,강릉-동진버스,True,4200964,오봉리,BIS inventory,True,True,6,5,128.82222083699313,37.709588124281694,1,0,18,,0.411523,0.0,2025-05-27,2025-06-03,8,KTX공영주차장-KTX공영주차장,1
2025,42002116,942,강릉-동진버스,True,4201004,성산,BIS inventory,True,True,37,34,128.82713990486903,37.71438975242994,0,1,,10,0.0,0.990099,2025-05-27,2025-06-03,8,KTX공영주차장-KTX공영주차장,1
2025,42002116,942,강릉-동진버스,True,4201007,성산치안센터,BIS inventory,True,True,4,3,128.8310696649731,37.7159774839219,1,0,18,,0.411523,0.0,2025-05-27,2025-06-03,8,KTX공영주차장-KTX공영주차장,1
2025,42002116,942,강릉-동진버스,True,4201008,성산면사무소,BIS inventory,True,True,39,36,128.83255254171343,37.71856830087688,2,11,16,2,0.823045,10.891089,2025-05-27,2025-06-03,8,KTX공영주차장-KTX공영주차장,6
2025,42002116,942,강릉-동진버스,True,4201009,성산면사무소,BIS inventory,True,True,3,2,128.832602033901,37.718970827982346,8,0,8,,3.292181,0.0,2025-05-27,2025-06-03,8,KTX공영주차장-KTX공영주차장,8
2025,42002117,944,강릉-동진버스,True,4200252,신영극장,BIS inventory,True,True,28,27,128.8961287589657,37.75448236011555,0,32,,1,0.0,46.376812,2025-05-27,2025-06-03,8,KTX공영주차장-KTX공영주차장,8
2025,42002117,944,강릉-동진버스,True,4200253,교보생명,BIS inventory,True,True,2,1,128.89811415297848,37.756002485379526,104,1,1,9,35.862069,1.449275,2025-05-27,2025-06-03,8,KTX공영주차장-KTX공영주차장,8
2025,42002117,944,강릉-동진버스,True,4200797,KTX공영주차장환승장,BIS inventory,True,True,1 | 29,28,128.8967850727094,37.762190942376556,7,0,10,,2.413793,0.0,2025-05-27,2025-06-03,8,KTX공영주차장-KTX공영주차장,3
2025,42002117,944,강릉-동진버스,True,4200965,보광리입구,BIS inventory,True,True,24,23,128.81696481575804,37.72096716251408,1,0,11,,0.344828,0.0,2025-05-27,2025-06-03,8,KTX공영주차장-KTX공영주차장,1
2025,42002117,944,강릉-동진버스,True,4200973,샘골식당,BIS inventory,True,True,21,20,128.81165805890132,37.72970284088515,18,0,5,,6.206897,0.0,2025-05-27,2025-06-03,8,KTX공영주차장-KTX공영주차장,8
2025,42002117,944,강릉-동진버스,True,4200977,보광리체험학습장,BIS inventory,True,True,20,19,128.80793365498167,37.73787511002778,41,2,2,6,14.137931,2.898551,2025-05-27,2025-06-03,8,KTX공영주차장-KTX공영주차장,8
2025,42002117,944,강릉-동진버스,True,4200987,삼왕,BIS inventory,True,True,15,14,128.79442364222726,37.75959705206606,9,5,8,3,3.103448,7.246377,2025-05-27,2025-06-03,8,KTX공영주차장-KTX공영주차장,7
2025,42002117,944,강릉-동진버스,True,4200988,기도원삼거리,BIS inventory,True,True,16,15,128.7947703606971,37.75829009149865,16,0,6,,5.517241,0.0,2025-05-27,2025-06-03,8,KTX공영주차장-KTX공영주차장,8
2025,42002117,944,강릉-동진버스,True,4200990,대궁산장,BIS inventory,True,True,17,16,128.7955529097602,37.75668446239291,10,0,7,,3.448276,0.0,2025-05-27,2025-06-03,8,KTX공영주차장-KTX공영주차장,6
2025,42002117,944,강릉-동진버스,True,4200994,보광본동,BIS inventory,True,True,19,18,128.79938186856992,37.746227466734425,35,0,4,,12.068966,0.0,2025-05-27,2025-06-03,8,KTX공영주차장-KTX공영주차장,8
2025,42002117,944,강릉-동진버스,True,4200995,보광본동,BIS inventory,True,True,11,10,128.79947706651464,37.746310402073284,0,4,,5,0.0,5.797101,2025-05-27,2025-06-03,8,KTX공영주차장-KTX공영주차장,3
2025,42002117,944,강릉-동진버스,True,4200998,보광리체험학습장,BIS inventory,True,True,10,9,128.8076688924087,37.73819161617253,0,5,,3,0.0,7.246377,2025-05-27,2025-06-03,8,KTX공영주차장-KTX공영주차장,3
2025,42002117,944,강릉-동진버스,True,4200999,옥터가든,BIS inventory,True,True,22,21,128.81373332317625,37.728008981659464,1,0,11,,0.344828,0.0,2025-05-27,2025-06-03,8,KTX공영주차장-KTX공영주차장,1
2025,42002117,944,강릉-동진버스,True,4201000,옥터가든,BIS inventory,True,True,8,7,128.8137241133093,37.7280870855366,0,2,,6,0.0,2.898551,2025-05-27,2025-06-03,8,KTX공영주차장-KTX공영주차장,1
2025,42002117,944,강릉-동진버스,True,4201003,보광리입구,BIS inventory,True,True,6,5,128.81690957708614,37.721147642825436,0,1,,9,0.0,1.449275,2025-05-27,2025-06-03,8,KTX공영주차장-KTX공영주차장,1
2025,42002117,944,강릉-동진버스,True,4201005,성산,BIS inventory,True,True,5,4,128.8271623742617,37.714502339268236,1,1,11,9,0.344828,1.449275,2025-05-27,2025-06-03,8,KTX공영주차장-KTX공영주차장,2
2025,42002117,944,강릉-동진버스,True,4201007,성산치안센터,BIS inventory,True,True,4,3,128.8310696649731,37.7159774839219,9,0,8,,3.103448,0.0,2025-05-27,2025-06-03,8,KTX공영주차장-KTX공영주차장,5
2025,42002117,944,강릉-동진버스,True,4201008,성산면사무소,BIS inventory,True,True,27,26,128.83255254171343,37.71856830087688,1,14,11,2,0.344828,20.289855,2025-05-27,2025-06-03,8,KTX공영주차장-KTX공영주차장,6
2025,42002117,944,강릉-동진버스,True,4201009,성산면사무소,BIS inventory,True,True,3,2,128.832602033901,37.718970827982346,37,2,3,6,12.758621,2.898551,2025-05-27,2025-06-03,8,KTX공영주차장-KTX공영주차장,7
2025,42002118,945,강릉-동진버스,True,4200252,신영극장,BIS inventory,True,True,19,18,128.8961287589657,37.75448236011555,0,15,,1,0.0,41.666667,2025-05-27,2025-06-03,8,KTX공영주차장-KTX공영주차장,6
2025,42002118,945,강릉-동진버스,True,4200253,교보생명,BIS inventory,True,True,2,1,128.89811415297848,37.756002485379526,50,1,1,6,45.87156,2.777778,2025-05-27,2025-06-03,8,KTX공영주차장-KTX공영주차장,7
2025,42002118,945,강릉-동진버스,True,4200797,KTX공영주차장환승장,BIS inventory,True,True,1 | 20,19,128.8967850727094,37.762190942376556,2,5,7,2,1.834862,13.888889,2025-05-27,2025-06-03,8,KTX공영주차장-KTX공영주차장,2
2025,42002118,945,강릉-동진버스,True,4200965,보광리입구,BIS inventory,True,True,15,14,128.81696481575804,37.72096716251408,4,0,6,,3.669725,0.0,2025-05-27,2025-06-03,8,KTX공영주차장-KTX공영주차장,2
2025,42002118,945,강릉-동진버스,True,4200966,어흘리.굴면동,BIS inventory,True,True,14,13,128.81355554198663,37.72030372991263,6,0,5,,5.504587,0.0,2025-05-27,2025-06-03,8,KTX공영주차장-KTX공영주차장,4
2025,42002118,945,강릉-동진버스,True,4200967,대관령박물관,BIS inventory,True,True,8,7,128.80456089771366,37.71714451138875,0,1,,6,0.0,2.777778,2025-05-27,2025-06-03,8,KTX공영주차장-KTX공영주차장,1
2025,42002118,945,강릉-동진버스,True,4200968,대관령박물관,BIS inventory,True,True,13,12,128.80478202234156,37.716950876906495,8,0,4,,7.33945,0.0,2025-05-27,2025-06-03,8,KTX공영주차장-KTX공영주차장,5
2025,42002118,945,강릉-동진버스,True,4200969,가마골,BIS inventory,True,True,11,10,128.79478117549075,37.72231567644804,21,3,2,5,19.266055,8.333333,2025-05-27,2025-06-03,8,KTX공영주차장-KTX공영주차장,8
2025,42002118,945,강릉-동진버스,True,4200972,어흘리.굴면동,BIS inventory,True,True,7,6,128.81242525863513,37.71968494003737,0,1,,6,0.0,2.777778,2025-05-27,2025-06-03,8,KTX공영주차장-KTX공영주차장,1
2025,42002118,945,강릉-동진버스,True,4201008,성산면사무소,BIS inventory,True,True,18,17,128.83255254171343,37.71856830087688,0,4,,3,0.0,11.111111,2025-05-27,2025-06-03,8,KTX공영주차장-KTX공영주차장,3
2025,42002118,945,강릉-동진버스,True,4201009,성산면사무소,BIS inventory,True,True,3,2,128.832602033901,37.718970827982346,1,1,8,6,0.917431,2.777778,2025-05-27,2025-06-03,8,KTX공영주차장-KTX공영주차장,1
2025,42002118,945,강릉-동진버스,True,4201412,어흘리산림관광안내센터,BIS inventory,True,True,12,11,128.79622345209006,37.720248969562334,16,1,3,6,14.678899,2.777778,2025-05-27,2025-06-03,8,KTX공영주차장-KTX공영주차장,7
2025,42002118,945,강릉-동진버스,True,4201413,어흘리산림관광안내센터,BIS inventory,True,True,9,8,128.79677626958596,37.720179974904156,1,4,8,3,0.917431,11.111111,2025-05-27,2025-06-03,8,KTX공영주차장-KTX공영주차장,3
2025,42002119,946,강릉-동진버스,True,4200020,안곡약수터입구,BIS inventory,True,True,9,8,128.8378468662133,37.73975627758666,8,0,4,,10.526316,0.0,2025-05-27,2025-06-03,8,KTX공영주차장-KTX공영주차장,7
2025,42002119,946,강릉-동진버스,True,4200021,남밭,BIS inventory,True,True,14,13,128.84058789182106,37.72883964188799,1,0,9,,1.315789,0.0,2025-05-27,2025-06-03,8,KTX공영주차장-KTX공영주차장,1
2025,42002119,946,강릉-동진버스,True,4200252,신영극장,BIS inventory,True,True,16,15,128.8961287589657,37.75448236011555,3,13,7,1,3.947368,56.521739,2025-05-27,2025-06-03,8,KTX공영주차장-KTX공영주차장,6
2025,42002119,946,강릉-동진버스,True,4200253,교보생명,BIS inventory,True,True,2,1,128.89811415297848,37.756002485379526,23,0,1,,30.263158,0.0,2025-05-27,2025-06-03,8,KTX공영주차장-KTX공영주차장,7
2025,42002119,946,강릉-동진버스,True,4200797,KTX공영주차장환승장,BIS inventory,True,True,1 | 17,16,128.8967850727094,37.762190942376556,1,2,9,3,1.315789,8.695652,2025-05-27,2025-06-03,8,KTX공영주차장-KTX공영주차장,2
2025,42002119,946,강릉-동진버스,True,4200858,금산1리경로당,BIS inventory,True,True,13,12,128.83882591103156,37.7302092460205,2,0,8,,2.631579,0.0,2025-05-27,2025-06-03,8,KTX공영주차장-KTX공영주차장,2
2025,42002119,946,강릉-동진버스,True,4200860,관음1리,BIS inventory,True,True,12,11,128.82994944568443,37.72835720885695,6,0,5,,7.894737,0.0,2025-05-27,2025-06-03,8,KTX공영주차장-KTX공영주차장,6
2025,42002119,946,강릉-동진버스,True,4200862,금산남밭,BIS inventory,True,True,15,14,128.84482898011785,37.73142005932311,0,6,,2,0.0,26.086957,2025-05-27,2025-06-03,8,KTX공영주차장-KTX공영주차장,4
2025,42002119,946,강릉-동진버스,True,4200863,관음1리,BIS inventory,True,True,10,9,128.81811453963772,37.738720613334934,16,2,2,3,21.052632,8.695652,2025-05-27,2025-06-03,8,KTX공영주차장-KTX공영주차장,8
2025,42002119,946,강릉-동진버스,True,4200865,안곡,BIS inventory,True,True,6,5,128.82914470078177,37.745465477199204,10,0,3,,13.157895,0.0,2025-05-27,2025-06-03,8,KTX공영주차장-KTX공영주차장,6
2025,42002119,946,강릉-동진버스,True,4200866,삼거리,BIS inventory,True,True,7,6,128.8345942629299,37.74509162495973,5,0,6,,6.578947,0.0,2025-05-27,2025-06-03,8,KTX공영주차장-KTX공영주차장,5
2025,42002119,946,강릉-동진버스,True,4200871,안곡약수터입구,BIS inventory,True,True,3,2,128.8379137142218,37.73973940790299,1,0,9,,1.315789,0.0,2025-05-27,2025-06-03,8,KTX공영주차장-KTX공영주차장,1
2025,42002120,947,강릉-동진버스,True,4200252,신영극장,BIS inventory,True,True,19,18,128.8961287589657,37.75448236011555,0,10,,1,0.0,66.666667,2025-05-27,2025-06-03,8,KTX공영주차장-KTX공영주차장,6
2025,42002120,947,강릉-동진버스,True,4200253,교보생명,BIS inventory,True,True,2,1,128.89811415297848,37.756002485379526,12,1,1,3,26.086957,6.666667,2025-05-27,2025-06-03,8,KTX공영주차장-KTX공영주차장,6
2025,42002120,947,강릉-동진버스,True,4200876,산북2리경로당,BIS inventory,True,True,5,4,128.83404425902265,37.71143075108243,6,0,4,,13.043478,0.0,2025-05-27,2025-06-03,8,KTX공영주차장-KTX공영주차장,1
2025,42002120,947,강릉-동진버스,True,4200877,산북,BIS inventory,True,True,10,9,128.84586150037325,37.704935503831294,7,1,2,3,15.217391,6.666667,2025-05-27,2025-06-03,8,KTX공영주차장-KTX공영주차장,5
2025,42002120,947,강릉-동진버스,True,4200880,강릉기도원입구,BIS inventory,True,True,12,11,128.84913047105903,37.69875658463013,2,0,7,,4.347826,0.0,2025-05-27,2025-06-03,8,KTX공영주차장-KTX공영주차장,2
2025,42002120,947,강릉-동진버스,True,4200882,덕중상사입구,BIS inventory,True,True,13,12,128.8418138875879,37.70249050751822,7,0,2,,15.217391,0.0,2025-05-27,2025-06-03,8,KTX공영주차장-KTX공영주차장,6
2025,42002120,947,강릉-동진버스,True,4200883,덕중상사입구,BIS inventory,True,True,7,6,128.84174479743382,37.70242273367911,0,1,,3,0.0,6.666667,2025-05-27,2025-06-03,8,KTX공영주차장-KTX공영주차장,1
2025,42002120,947,강릉-동진버스,True,4200884,심불사입구,BIS inventory,True,True,14,13,128.84001194474018,37.70305298286866,2,0,7,,4.347826,0.0,2025-05-27,2025-06-03,8,KTX공영주차장-KTX공영주차장,2
2025,42002120,947,강릉-동진버스,True,4200886,자포골,BIS inventory,True,True,15,14,128.83086667060377,37.70702334781653,6,0,4,,13.043478,0.0,2025-05-27,2025-06-03,8,KTX공영주차장-KTX공영주차장,4
2025,42002120,947,강릉-동진버스,True,4201006,성산치안센터,BIS inventory,True,True,17,16,128.83090633919258,37.71566752965487,4,0,6,,8.695652,0.0,2025-05-27,2025-06-03,8,KTX공영주차장-KTX공영주차장,1
2025,42002120,947,강릉-동진버스,True,4201008,성산면사무소,BIS inventory,True,True,18,17,128.83255254171343,37.71856830087688,0,2,,2,0.0,13.333333,2025-05-27,2025-06-03,8,KTX공영주차장-KTX공영주차장,2
2025,42002121,952,강릉-동진버스,True,4200016,강동종합복지회관,BIS inventory,True,True,19,17,128.9534097899608,37.72765187744945,14,9,5,2,6.363636,11.111111,2025-05-27,2025-06-03,8,남대천.강릉교-남대천.강릉교,6
2025,42002121,952,강릉-동진버스,True,4200026,강동종합복지회관,BIS inventory,True,True,3,1,128.95225785335822,37.72821012800672,0,1,,5,0.0,1.234568,2025-05-27,2025-06-03,8,남대천.강릉교-남대천.강릉교,1
2025,42002121,952,강릉-동진버스,True,4200513,덕현리,BIS inventory,True,True,9,7,128.92602088648235,37.70591024035886,4,0,9,,1.818182,0.0,2025-05-27,2025-06-03,8,남대천.강릉교-남대천.강릉교,4
2025,42002121,952,강릉-동진버스,True,4201073,모전삼거리,BIS inventory,True,True,18,16,128.96506056244797,37.72569325398637,1,0,12,,0.454545,0.0,2025-05-27,2025-06-03,8,남대천.강릉교-남대천.강릉교,1
2025,42002121,952,강릉-동진버스,True,4201153,버당말,BIS inventory,True,True,17,15,128.96287505180277,37.72274811896261,36,1,3,5,16.363636,1.234568,2025-05-27,2025-06-03,8,남대천.강릉교-남대천.강릉교,8
2025,42002121,952,강릉-동진버스,True,4201155,모전1리,BIS inventory,True,True,16,14,128.96150382823714,37.719819173700856,9,4,7,3,4.090909,4.938272,2025-05-27,2025-06-03,8,남대천.강릉교-남대천.강릉교,4
2025,42002121,952,강릉-동진버스,True,4201157,동그린,BIS inventory,True,True,15,13,128.96124692830767,37.71693200282111,6,1,8,5,2.727273,1.234568,2025-05-27,2025-06-03,8,남대천.강릉교-남대천.강릉교,3
2025,42002121,952,강릉-동진버스,True,4201162,모전리.돌평,BIS inventory,True,True,13,11,128.95076445202812,37.70977883566453,1,0,12,,0.454545,0.0,2025-05-27,2025-06-03,8,남대천.강릉교-남대천.강릉교,1
2025,42002121,952,강릉-동진버스,True,4201164,언별2리,BIS inventory,True,True,12,10,128.93990494422928,37.70171510089973,46,0,2,,20.909091,0.0,2025-05-27,2025-06-03,8,남대천.강릉교-남대천.강릉교,8
2025,42002121,952,강릉-동진버스,True,4201165,송담서원,BIS inventory,True,True,11,9,128.92985457221653,37.6927197945936,11,2,6,4,5.0,2.469136,2025-05-27,2025-06-03,8,남대천.강릉교-남대천.강릉교,4
2025,42002121,952,강릉-동진버스,True,4201170,덕현리마을회관,BIS inventory,True,True,8,6,128.92969308316043,37.71031249336467,1,0,12,,0.454545,0.0,2025-05-27,2025-06-03,8,남대천.강릉교-남대천.강릉교,1
2025,42002121,952,강릉-동진버스,True,4201172,덕현리입구,BIS inventory,True,True,7,5,128.9336781922055,37.71393030895838,1,0,12,,0.454545,0.0,2025-05-27,2025-06-03,8,남대천.강릉교-남대천.강릉교,1
2025,42002121,952,강릉-동진버스,True,4201174,상시동,BIS inventory,True,True,6,4,128.94244611636475,37.71825557931822,4,0,9,,1.818182,0.0,2025-05-27,2025-06-03,8,남대천.강릉교-남대천.강릉교,4
2025,42002121,952,강릉-동진버스,True,4201176,상시동2리마을구판장,BIS inventory,True,True,5,3,128.94913379195222,37.72251033214177,2,0,11,,0.909091,0.0,2025-05-27,2025-06-03,8,남대천.강릉교-남대천.강릉교,2
2025,42002121,952,강릉-동진버스,True,4201178,강동하나로마트,BIS inventory,True,True,4,2,128.95391314710383,37.72680705851969,0,1,,5,0.0,1.234568,2025-05-27,2025-06-03,8,남대천.강릉교-남대천.강릉교,1
2025,42002121,952,강릉-동진버스,True,4201198,남대천.강릉교,BIS inventory,True,True,21,18,128.9010015999516,37.75454267936518,30,61,4,1,13.636364,75.308642,2025-05-27,2025-06-03,8,남대천.강릉교-남대천.강릉교,8
2025,42002121,952,강릉-동진버스,True,4201199,남대천.강릉교,BIS inventory,True,True,1,0,128.9010687000649,37.75417893755025,54,1,1,5,24.545455,1.234568,2025-05-27,2025-06-03,8,남대천.강릉교-남대천.강릉교,8
2025,42002123,953,강릉-동진버스,True,4200016,강동종합복지회관,BIS inventory,True,True,34,32,128.9534097899608,37.72765187744945,12,18,10,2,3.2,18.181818,2025-05-27,2025-06-03,8,남대천.강릉교-남대천.강릉교,7
2025,42002123,953,강릉-동진버스,True,4200026,강동종합복지회관,BIS inventory,True,True,3,1,128.95225785335822,37.72821012800672,1,2,20,4,0.266667,2.020202,2025-05-27,2025-06-03,8,남대천.강릉교-남대천.강릉교,3
2025,42002123,953,강릉-동진버스,True,4200573,임곡,BIS inventory,True,True,19,17,128.95981869884417,37.65381523982265,19,0,7,,5.066667,0.0,2025-05-27,2025-06-03,8,남대천.강릉교-남대천.강릉교,8
2025,42002123,953,강릉-동진버스,True,4200574,임곡2리마을회관,BIS inventory,True,True,20,18,128.96548889686682,37.66318854424863,6,0,11,,1.6,0.0,2025-05-27,2025-06-03,8,남대천.강릉교-남대천.강릉교,4
2025,42002123,953,강릉-동진버스,True,4200575,임곡2리마을회관,BIS inventory,True,True,18,16,128.96541432118602,37.66322091980088,1,0,20,,0.266667,0.0,2025-05-27,2025-06-03,8,남대천.강릉교-남대천.강릉교,1
2025,42002123,953,강릉-동진버스,True,4200576,갈버든,BIS inventory,True,True,21,19,128.9673126799485,37.66623695179046,2,0,19,,0.533333,0.0,2025-05-27,2025-06-03,8,남대천.강릉교-남대천.강릉교,2
2025,42002123,953,강릉-동진버스,True,4200578,임곡초등학교,BIS inventory,True,True,22,20,128.970266319495,37.67657078197406,20,0,6,,5.333333,0.0,2025-05-27,2025-06-03,8,남대천.강릉교-남대천.강릉교,8
2025,42002123,953,강릉-동진버스,True,4200580,보건진료소,BIS inventory,True,True,23,21,128.97335780368653,37.6877997329295,6,0,11,,1.6,0.0,2025-05-27,2025-06-03,8,남대천.강릉교-남대천.강릉교,4
2025,42002123,953,강릉-동진버스,True,4200581,보건진료소,BIS inventory,True,True,15,13,128.97326166656484,37.6877802990832,3,0,18,,0.8,0.0,2025-05-27,2025-06-03,8,남대천.강릉교-남대천.강릉교,1
2025,42002123,953,강릉-동진버스,True,4200582,임곡1리마을회관,BIS inventory,True,True,24,22,128.9747545332243,37.69109651601256,25,0,4,,6.666667,0.0,2025-05-27,2025-06-03,8,남대천.강릉교-남대천.강릉교,7
2025,42002123,953,강릉-동진버스,True,4200583,임곡1리마을회관,BIS inventory,True,True,14,12,128.97465402746607,37.69113733741365,0,1,,7,0.0,1.010101,2025-05-27,2025-06-03,8,남대천.강릉교-남대천.강릉교,1
2025,42002123,953,강릉-동진버스,True,4200584,임곡1리,BIS inventory,True,True,25,23,128.97599759967915,37.693758829867754,18,0,8,,4.8,0.0,2025-05-27,2025-06-03,8,남대천.강릉교-남대천.강릉교,8
2025,42002123,953,강릉-동진버스,True,4200588,자원순환센터,BIS inventory,True,True,26,24,128.9884350583326,37.69589916205473,21,0,5,,5.6,0.0,2025-05-27,2025-06-03,8,남대천.강릉교-남대천.강릉교,6
2025,42002123,953,강릉-동진버스,True,4200591,현대모비스,BIS inventory,True,True,11,9,128.98854560129584,37.70748766417137,0,2,,4,0.0,2.020202,2025-05-27,2025-06-03,8,남대천.강릉교-남대천.강릉교,2
2025,42002123,953,강릉-동진버스,True,4200592,동광주유소,BIS inventory,True,True,28,26,128.98895762865502,37.71450646675624,5,0,15,,1.333333,0.0,2025-05-27,2025-06-03,8,남대천.강릉교-남대천.강릉교,3
2025,42002123,953,강릉-동진버스,True,4200594,산두골,BIS inventory,True,True,29,27,128.9840168065266,37.71859873395223,32,0,3,,8.533333,0.0,2025-05-27,2025-06-03,8,남대천.강릉교-남대천.강릉교,8
2025,42002123,953,강릉-동진버스,True,4200595,산두골,BIS inventory,True,True,9,7,128.98401664518687,37.71851617972176,1,6,20,3,0.266667,6.060606,2025-05-27,2025-06-03,8,남대천.강릉교-남대천.강릉교,6
2025,42002123,953,강릉-동진버스,True,4201072,모전삼거리,BIS inventory,True,True,5,3,128.96457294836412,37.72564861436484,5,0,15,,1.333333,0.0,2025-05-27,2025-06-03,8,남대천.강릉교-남대천.강릉교,5
2025,42002123,953,강릉-동진버스,True,4201073,모전삼거리,BIS inventory,True,True,33,31,128.96506056244797,37.72569325398637,6,0,11,,1.6,0.0,2025-05-27,2025-06-03,8,남대천.강릉교-남대천.강릉교,4
2025,42002123,953,강릉-동진버스,True,4201148,안인화력발전소,BIS inventory,True,True,31,29,128.97827596831831,37.72739115413768,18,0,8,,4.8,0.0,2025-05-27,2025-06-03,8,남대천.강릉교-남대천.강릉교,4
2025,42002123,953,강릉-동진버스,True,4201149,안인화력발전소,BIS inventory,True,True,7,5,128.97827482863894,37.727294808983075,1,0,20,,0.266667,0.0,2025-05-27,2025-06-03,8,남대천.강릉교-남대천.강릉교,1
2025,42002123,953,강릉-동진버스,True,4201150,장터마을,BIS inventory,True,True,32,30,128.97235424591028,37.72315567930139,4,0,17,,1.066667,0.0,2025-05-27,2025-06-03,8,남대천.강릉교-남대천.강릉교,3
2025,42002123,953,강릉-동진버스,True,4201151,장터마을,BIS inventory,True,True,6,4,128.9723977075807,37.72307968130474,6,0,11,,1.6,0.0,2025-05-27,2025-06-03,8,남대천.강릉교-남대천.강릉교,6
2025,42002123,953,강릉-동진버스,True,4201177,강동면사무소,BIS inventory,True,True,4,2,128.9546118972993,37.72728097155823,0,2,,4,0.0,2.020202,2025-05-27,2025-06-03,8,남대천.강릉교-남대천.강릉교,2
2025,42002123,953,강릉-동진버스,True,4201198,남대천.강릉교,BIS inventory,True,True,36,33,128.9010015999516,37.75454267936518,77,67,2,1,20.533333,67.676768,2025-05-27,2025-06-03,8,남대천.강릉교-남대천.강릉교,8
2025,42002123,953,강릉-동진버스,True,4201199,남대천.강릉교,BIS inventory,True,True,1,0,128.9010687000649,37.75417893755025,86,1,1,7,22.933333,1.010101,2025-05-27,2025-06-03,8,남대천.강릉교-남대천.강릉교,7
2025,42002124,954,강릉-동진버스,True,4200028,하시동3리마을회관,BIS inventory,True,True,10,8,128.95568079152127,37.73745764026289,57,0,1,,27.669903,0.0,2025-05-27,2025-06-03,8,남대천.강릉교-남대천.강릉교,8
2025,42002124,954,강릉-동진버스,True,4201062,공군부대후문,BIS inventory,True,True,7,5,128.95917736919824,37.74910624884217,36,3,3,4,17.475728,5.769231,2025-05-27,2025-06-03,8,남대천.강릉교-남대천.강릉교,8
2025,42002124,954,강릉-동진버스,True,4201063,하시동3리3반,BIS inventory,True,True,6,4,128.96021404883618,37.74070043268972,0,3,,4,0.0,5.769231,2025-05-27,2025-06-03,8,남대천.강릉교-남대천.강릉교,3
2025,42002124,954,강릉-동진버스,True,4201064,호장골,BIS inventory,True,True,5,3,128.96090744086658,37.738133233851606,0,3,,4,0.0,5.769231,2025-05-27,2025-06-03,8,남대천.강릉교-남대천.강릉교,2
2025,42002124,954,강릉-동진버스,True,4201068,호장골,BIS inventory,True,True,9,7,128.96083159328956,37.73815121425806,5,0,7,,2.427184,0.0,2025-05-27,2025-06-03,8,남대천.강릉교-남대천.강릉교,4
2025,42002124,954,강릉-동진버스,True,4201069,하시동3리3반,BIS inventory,True,True,8,6,128.96017032919647,37.7406590489229,6,1,6,8,2.912621,1.923077,2025-05-27,2025-06-03,8,남대천.강릉교-남대천.강릉교,4
2025,42002124,954,강릉-동진버스,True,4201070,철길건널목앞,BIS inventory,True,True,11,9,128.9484470278131,37.73765389539244,15,3,5,4,7.281553,5.769231,2025-05-27,2025-06-03,8,남대천.강릉교-남대천.강릉교,7
2025,42002124,954,강릉-동진버스,True,4201071,철길건널목앞,BIS inventory,True,True,3,1,128.94850270661007,37.73757538406423,0,6,,2,0.0,11.538462,2025-05-27,2025-06-03,8,남대천.강릉교-남대천.강릉교,6
2025,42002124,954,강릉-동진버스,True,4201198,남대천.강릉교,BIS inventory,True,True,13,10,128.9010015999516,37.75454267936518,34,29,4,1,16.504854,55.769231,2025-05-27,2025-06-03,8,남대천.강릉교-남대천.강릉교,8
2025,42002124,954,강릉-동진버스,True,4201199,남대천.강릉교,BIS inventory,True,True,1,0,128.9010687000649,37.75417893755025,53,4,2,3,25.728155,7.692308,2025-05-27,2025-06-03,8,남대천.강릉교-남대천.강릉교,7
2025,42002125,955,강릉-동진버스,True,4200068,신석,BIS inventory,True,True,25,22,128.9222626638924,37.73522591649743,6,0,10,,2.247191,0.0,2025-05-27,2025-06-03,8,남대천.강릉교-남대천.강릉교,5
2025,42002125,955,강릉-동진버스,True,4200153,공군부대앞,BIS inventory,True,True,13,11,128.9401442605218,37.74622686326912,0,2,,8,0.0,2.409639,2025-05-27,2025-06-03,8,남대천.강릉교-남대천.강릉교,2
2025,42002125,955,강릉-동진버스,True,4200570,신석입구,BIS inventory,True,True,3,1,128.92112104933958,37.74060070408295,0,1,,10,0.0,1.204819,2025-05-27,2025-06-03,8,남대천.강릉교-남대천.강릉교,1
2025,42002125,955,강릉-동진버스,True,4200571,신석입구,BIS inventory,True,True,26,23,128.92121434678074,37.740633508275124,0,7,,2,0.0,8.433735,2025-05-27,2025-06-03,8,남대천.강릉교-남대천.강릉교,5
2025,42002125,955,강릉-동진버스,True,4200601,운산노인회관,BIS inventory,True,True,10,8,128.93684858416998,37.73287788594293,0,1,,10,0.0,1.204819,2025-05-27,2025-06-03,8,남대천.강릉교-남대천.강릉교,1
2025,42002125,955,강릉-동진버스,True,4200602,운산분교,BIS inventory,True,True,20,17,128.93677350637265,37.730734508227286,21,0,5,,7.865169,0.0,2025-05-27,2025-06-03,8,남대천.강릉교-남대천.강릉교,7
2025,42002125,955,강릉-동진버스,True,4200603,운산분교,BIS inventory,True,True,9,7,128.93686556902622,37.730747600300575,0,3,,5,0.0,3.614458,2025-05-27,2025-06-03,8,남대천.강릉교-남대천.강릉교,1
2025,42002125,955,강릉-동진버스,True,4200604,신석종점,BIS inventory,True,True,21,18,128.92548856169705,37.724168770541205,11,0,8,,4.11985,0.0,2025-05-27,2025-06-03,8,남대천.강릉교-남대천.강릉교,5
2025,42002125,955,강릉-동진버스,True,4200605,신석종점,BIS inventory,True,True,8,6,128.92550135841566,37.72411554187395,0,5,,4,0.0,6.024096,2025-05-27,2025-06-03,8,남대천.강릉교-남대천.강릉교,5
2025,42002125,955,강릉-동진버스,True,4200606,왜골안길,BIS inventory,True,True,22,19,128.92431613988109,37.72776258609913,12,0,7,,4.494382,0.0,2025-05-27,2025-06-03,8,남대천.강릉교-남대천.강릉교,6
2025,42002125,955,강릉-동진버스,True,4200607,왜골안길,BIS inventory,True,True,7,5,128.9242847541364,37.72773866042556,1,0,12,,0.374532,0.0,2025-05-27,2025-06-03,8,남대천.강릉교-남대천.강릉교,1
2025,42002125,955,강릉-동진버스,True,4200610,신석회관,BIS inventory,True,True,24,21,128.922128840552,37.73330388403426,31,0,4,,11.610487,0.0,2025-05-27,2025-06-03,8,남대천.강릉교-남대천.강릉교,8
2025,42002125,955,강릉-동진버스,True,4201058,오리들마을,BIS inventory,True,True,16,14,128.93730145779827,37.744469925122935,41,0,3,,15.355805,0.0,2025-05-27,2025-06-03,8,남대천.강릉교-남대천.강릉교,7
2025,42002125,955,강릉-동진버스,True,4201059,월호평동,BIS inventory,True,True,14,12,128.94896909223806,37.74860767924179,15,2,6,8,5.617978,2.409639,2025-05-27,2025-06-03,8,남대천.강릉교-남대천.강릉교,7
2025,42002125,955,강릉-동진버스,True,4201061,공군부대앞,BIS inventory,True,True,15,13,128.94003300356817,37.746317953634374,11,0,8,,4.11985,0.0,2025-05-27,2025-06-03,8,남대천.강릉교-남대천.강릉교,7
2025,42002125,955,강릉-동진버스,True,4201184,독송마을회관,BIS inventory,True,True,17,15,128.93632837845826,37.737443377869745,4,0,11,,1.498127,0.0,2025-05-27,2025-06-03,8,남대천.강릉교-남대천.강릉교,3
2025,42002125,955,강릉-동진버스,True,4201198,남대천.강릉교,BIS inventory,True,True,28,24,128.9010015999516,37.75454267936518,44,49,2,1,16.479401,59.036145,2025-05-27,2025-06-03,8,남대천.강릉교-남대천.강릉교,8
2025,42002125,955,강릉-동진버스,True,4201199,남대천.강릉교,BIS inventory,True,True,1,0,128.9010687000649,37.75417893755025,69,7,1,2,25.842697,8.433735,2025-05-27,2025-06-03,8,남대천.강릉교-남대천.강릉교,7
2025,42002125,955,강릉-동진버스,True,4201244,신석,BIS inventory,True,True,4,2,128.92220564964913,37.73521532481458,0,3,,5,0.0,3.614458,2025-05-27,2025-06-03,8,남대천.강릉교-남대천.강릉교,3
2025,42002125,955,강릉-동진버스,True,4201252,오리들마을,BIS inventory,True,True,12,10,128.93739401500017,37.74438483019564,1,3,12,5,0.374532,3.614458,2025-05-27,2025-06-03,8,남대천.강릉교-남대천.강릉교,4
2025,42002127,956-1,강릉-동진버스,True,4200005,강동무료주차장,BIS inventory,True,True,1,0,129.03151265934136,37.688945395109045,6,1,1,3,27.272727,7.142857,2025-05-27,2025-06-03,8,강동무료주차장-강동무료주차장,4
2025,42002127,956-1,강릉-동진버스,True,4200019,강동무료주차장,BIS inventory,True,True,14,13,129.03136520192535,37.68890256497467,2,9,4,1,9.090909,64.285714,2025-05-27,2025-06-03,8,강동무료주차장-강동무료주차장,6
2025,42002127,956-1,강릉-동진버스,True,4200034,현내리,BIS inventory,True,True,5,4,129.03644185085787,37.61785851158642,3,2,3,2,13.636364,14.285714,2025-05-27,2025-06-03,8,강동무료주차장-강동무료주차장,2
2025,42002127,956-1,강릉-동진버스,True,4201074,분수동,BIS inventory,True,True,2,1,129.02438633004448,37.68420512704344,1,0,6,,4.545455,0.0,2025-05-27,2025-06-03,8,강동무료주차장-강동무료주차장,1
2025,42002127,956-1,강릉-동진버스,True,4201075,분수동,BIS inventory,True,True,13,12,129.02442625222523,37.68416226671518,1,0,6,,4.545455,0.0,2025-05-27,2025-06-03,8,강동무료주차장-강동무료주차장,1
2025,42002127,956-1,강릉-동진버스,True,4201078,오리동,BIS inventory,True,True,12,11,129.01320871433214,37.68272714510743,2,0,4,,9.090909,0.0,2025-05-27,2025-06-03,8,강동무료주차장-강동무료주차장,2
2025,42002127,956-1,강릉-동진버스,True,4202032,옥계현내시장,BIS inventory,True,True,7,6,129.03512810350702,37.608949806593664,6,1,1,3,27.272727,7.142857,2025-05-27,2025-06-03,8,강동무료주차장-강동무료주차장,5
2025,42002127,956-1,강릉-동진버스,True,4202052,옥계면사무소,BIS inventory,True,True,6,5,129.03863134955023,37.61234830848836,1,1,6,3,4.545455,7.142857,2025-05-27,2025-06-03,8,강동무료주차장-강동무료주차장,1
2025,42002128,957,강릉-동진버스,True,4200005,강동무료주차장,BIS inventory,True,True,1,0,129.03151265934136,37.688945395109045,10,0,1,,27.777778,0.0,2025-05-27,2025-06-03,8,강동무료주차장-강동무료주차장,5
2025,42002128,957,강릉-동진버스,True,4200019,강동무료주차장,BIS inventory,True,True,20,19,129.03136520192535,37.68890256497467,9,15,2,1,25.0,75.0,2025-05-27,2025-06-03,8,강동무료주차장-강동무료주차장,8
2025,42002128,957,강릉-동진버스,True,4201075,분수동,BIS inventory,True,True,19,18,129.02442625222523,37.68416226671518,6,3,4,2,16.666667,15.0,2025-05-27,2025-06-03,8,강동무료주차장-강동무료주차장,6
2025,42002128,957,강릉-동진버스,True,4201082,산성우2리마을회관,BIS inventory,True,True,3,2,129.02269902654416,37.678299838704675,0,1,,3,0.0,5.0,2025-05-27,2025-06-03,8,강동무료주차장-강동무료주차장,1
2025,42002128,957,강릉-동진버스,True,4201083,산성우2리마을회관,BIS inventory,True,True,18,17,129.02279471216545,37.67820045840464,7,0,3,,19.444444,0.0,2025-05-27,2025-06-03,8,강동무료주차장-강동무료주차장,2
2025,42002128,957,강릉-동진버스,True,4201090,피내,BIS inventory,True,True,16,15,129.00674352158242,37.645808828332775,3,0,5,,8.333333,0.0,2025-05-27,2025-06-03,8,강동무료주차장-강동무료주차장,2
2025,42002128,957,강릉-동진버스,True,4202032,옥계현내시장,BIS inventory,True,True,10,9,129.03512810350702,37.608949806593664,1,0,6,,2.777778,0.0,2025-05-27,2025-06-03,8,강동무료주차장-강동무료주차장,1
2025,42002128,957,강릉-동진버스,True,4202052,옥계면사무소,BIS inventory,True,True,9,8,129.03863134955023,37.61234830848836,0,1,,3,0.0,5.0,2025-05-27,2025-06-03,8,강동무료주차장-강동무료주차장,1
2025,42002130,958,강릉-동진버스,True,4200005,강동무료주차장,BIS inventory,True,True,1,0,129.03151265934136,37.688945395109045,3,0,13,,0.628931,0.0,2025-05-27,2025-06-03,8,강동무료주차장-강동무료주차장,3
2025,42002130,958,강릉-동진버스,True,4200017,금진해양파출소,BIS inventory,True,True,13,12,129.04913775965355,37.65213019488429,49,22,3,5,10.272537,7.166124,2025-05-27,2025-06-03,8,강동무료주차장-강동무료주차장,8
2025,42002130,958,강릉-동진버스,True,4200019,강동무료주차장,BIS inventory,True,True,25,24,129.03136520192535,37.68890256497467,2,0,14,,0.419287,0.0,2025-05-27,2025-06-03,8,강동무료주차장-강동무료주차장,2
2025,42002130,958,강릉-동진버스,True,4201108,금진항,BIS inventory,True,True,14,13,129.05240741359285,37.652884325935844,9,0,8,,1.886792,0.0,2025-05-27,2025-06-03,8,강동무료주차장-강동무료주차장,5
2025,42002130,958,강릉-동진버스,True,4201109,금진항,BIS inventory,True,True,12,11,129.05231089842698,37.65294332211634,0,3,,9,0.0,0.977199,2025-05-27,2025-06-03,8,강동무료주차장-강동무료주차장,2
2025,42002130,958,강릉-동진버스,True,4201110,심곡,BIS inventory,True,True,11,10,129.05054407613815,37.66494664843006,4,32,10,4,0.838574,10.423453,2025-05-27,2025-06-03,8,강동무료주차장-강동무료주차장,8
2025,42002130,958,강릉-동진버스,True,4201111,심곡,BIS inventory,True,True,15,14,129.05072825701674,37.66496744031941,252,3,1,9,52.830189,0.977199,2025-05-27,2025-06-03,8,강동무료주차장-강동무료주차장,8
2025,42002130,958,강릉-동진버스,True,4201112,곰두리연수원,BIS inventory,True,True,16,15,129.04789745395954,37.66792061520934,4,0,10,,0.838574,0.0,2025-05-27,2025-06-03,8,강동무료주차장-강동무료주차장,2
2025,42002130,958,강릉-동진버스,True,4201113,곰두리연수원,BIS inventory,True,True,10,9,129.04780833020064,37.667941690344094,0,1,,12,0.0,0.325733,2025-05-27,2025-06-03,8,강동무료주차장-강동무료주차장,1
2025,42002130,958,강릉-동진버스,True,4201114,효도마을,BIS inventory,True,True,17,16,129.04512985205253,37.674325626528194,2,0,14,,0.419287,0.0,2025-05-27,2025-06-03,8,강동무료주차장-강동무료주차장,2
2025,42002130,958,강릉-동진버스,True,4201116,조각공원,BIS inventory,True,True,18,17,129.0419778617943,37.68142324301774,2,7,14,7,0.419287,2.28013,2025-05-27,2025-06-03,8,강동무료주차장-강동무료주차장,3
2025,42002130,958,강릉-동진버스,True,4201117,조각공원,BIS inventory,True,True,8,7,129.04194075670452,37.681301432273415,0,4,,8,0.0,1.302932,2025-05-27,2025-06-03,8,강동무료주차장-강동무료주차장,3
2025,42002130,958,강릉-동진버스,True,4201118,썬크루즈,BIS inventory,True,True,7 | 19,18,129.0440946513368,37.6820368944123,12,17,7,6,2.515723,5.537459,2025-05-27,2025-06-03,8,강동무료주차장-강동무료주차장,8
2025,42002130,958,강릉-동진버스,True,4201119,정동해변,BIS inventory,True,True,20,19,129.04025543414897,37.68609620523521,17,76,5,2,3.563941,24.7557,2025-05-27,2025-06-03,8,강동무료주차장-강동무료주차장,7
2025,42002130,958,강릉-동진버스,True,4201120,정동해변,BIS inventory,True,True,6,5,129.04018588407186,37.686033834572385,29,1,4,12,6.079665,0.325733,2025-05-27,2025-06-03,8,강동무료주차장-강동무료주차장,7
2025,42002130,958,강릉-동진버스,True,4201121,모래시계공원,BIS inventory,True,True,21,20,129.03719508337943,37.68592446993947,1,92,17,1,0.209644,29.967427,2025-05-27,2025-06-03,8,강동무료주차장-강동무료주차장,8
2025,42002130,958,강릉-동진버스,True,4201122,모래시계공원,BIS inventory,True,True,5,4,129.0380673722024,37.685653946463454,1,0,17,,0.209644,0.0,2025-05-27,2025-06-03,8,강동무료주차장-강동무료주차장,1
2025,42002130,958,강릉-동진버스,True,4201123,정동초등학교,BIS inventory,True,True,22,21,129.03393804786398,37.68800336105405,0,2,,11,0.0,0.651466,2025-05-27,2025-06-03,8,강동무료주차장-강동무료주차장,1
2025,42002130,958,강릉-동진버스,True,4201124,정동초등학교,BIS inventory,True,True,4,3,129.03365499665549,37.68789867201399,8,0,9,,1.677149,0.0,2025-05-27,2025-06-03,8,강동무료주차장-강동무료주차장,5
2025,42002130,958,강릉-동진버스,True,4201125,정동교,BIS inventory,True,True,23,22,129.0324614525895,37.688438171101524,4,0,10,,0.838574,0.0,2025-05-27,2025-06-03,8,강동무료주차장-강동무료주차장,1
2025,42002130,958,강릉-동진버스,True,4201126,정동교,BIS inventory,True,True,3,2,129.03237659003923,37.68846940398579,16,0,6,,3.354298,0.0,2025-05-27,2025-06-03,8,강동무료주차장-강동무료주차장,8
2025,42002130,958,강릉-동진버스,True,4201127,정동진역,BIS inventory,True,True,24,23,129.03224964663548,37.690253441678834,0,47,,3,0.0,15.309446,2025-05-27,2025-06-03,8,강동무료주차장-강동무료주차장,8
2025,42002130,958,강릉-동진버스,True,4201128,정동진역,BIS inventory,True,True,2,1,129.0319921573861,37.69035571739087,62,0,2,,12.997904,0.0,2025-05-27,2025-06-03,8,강동무료주차장-강동무료주차장,8
2025,42002131,504-1,강릉-동진버스,True,4200049,남강초교,BIS inventory,True,True,53,52,128.91338089940805,37.76735161096919,65,103,32,13,0.539733,1.66505,2025-05-27,2025-06-03,8,안목-안목커피거리,8
2025,42002131,504-1,강릉-동진버스,True,4200067,홍제동주민센터,BIS inventory,True,True,46,45,128.8842229051066,37.747848454396006,745,84,4,19,6.186166,1.357905,2025-05-27,2025-06-03,8,안목-안목커피거리,8
2025,42002131,504-1,강릉-동진버스,True,4200094,강릉여고,BIS inventory,True,True,50,49,128.90248424479844,37.75904463050879,145,79,23,20,1.204019,1.277077,2025-05-27,2025-06-03,8,안목-안목커피거리,8
2025,42002131,504-1,강릉-동진버스,True,4200095,한국자산관리공사,BIS inventory,True,True,13,12,128.90111921880606,37.75827929877246,193,106,19,12,1.602591,1.713547,2025-05-27,2025-06-03,8,안목-안목커피거리,8
2025,42002131,504-1,강릉-동진버스,True,4200251,한국은행,BIS inventory,True,True,15,14,128.89406630781096,37.753485602290496,468,284,8,4,3.886075,4.591012,2025-05-27,2025-06-03,8,안목-안목커피거리,8
2025,42002131,504-1,강릉-동진버스,True,4200252,신영극장,BIS inventory,True,True,49,48,128.8961287589657,37.75448236011555,1476,1167,1,2,12.256082,18.865179,2025-05-27,2025-06-03,8,안목-안목커피거리,8
2025,42002131,504-1,강릉-동진버스,True,4200253,교보생명,BIS inventory,True,True,14,13,128.89811415297848,37.756002485379526,1258,1482,2,1,10.445902,23.957323,2025-05-27,2025-06-03,8,안목-안목커피거리,8
2025,42002131,504-1,강릉-동진버스,True,4200258,용지각,BIS inventory,True,True,51,50,128.90534669055177,37.76147384168322,81,65,30,23,0.67259,1.05076,2025-05-27,2025-06-03,8,안목-안목커피거리,8
2025,42002131,504-1,강릉-동진버스,True,4200259,용지각,BIS inventory,True,True,12,11,128.90537716328666,37.76184119439877,242,59,14,24,2.009466,0.953767,2025-05-27,2025-06-03,8,안목-안목커피거리,8
2025,42002131,504-1,강릉-동진버스,True,4200260,동남아파트,BIS inventory,True,True,52,51,128.9088062489658,37.764638779656714,78,100,31,14,0.647679,1.616554,2025-05-27,2025-06-03,8,안목-안목커피거리,8
2025,42002131,504-1,강릉-동진버스,True,4200262,로얄아파트.포남1동주민센터,BIS inventory,True,True,10,9,128.90933288179943,37.76545703763149,264,36,12,30,2.192145,0.581959,2025-05-27,2025-06-03,8,안목-안목커피거리,8
2025,42002131,504-1,강릉-동진버스,True,4200263,송정한신아파트후문,BIS inventory,True,True,60,59,128.9386138022858,37.773558747641985,6,42,50,27,0.049821,0.678952,2025-05-27,2025-06-03,8,안목-안목커피거리,8
2025,42002131,504-1,강릉-동진버스,True,4200264,구)동해상사,BIS inventory,True,True,9,8,128.91165113985977,37.76683747950902,448,28,9,35,3.720003,0.452635,2025-05-27,2025-06-03,8,안목-안목커피거리,8
2025,42002131,504-1,강릉-동진버스,True,4200265,혜성연립,BIS inventory,True,True,54,53,128.91575952067353,37.76841531999017,22,126,43,9,0.182679,2.036857,2025-05-27,2025-06-03,8,안목-안목커피거리,8
2025,42002131,504-1,강릉-동진버스,True,4200266,혜성연립,BIS inventory,True,True,8,7,128.9154402649905,37.76852760326643,642,32,6,32,5.330898,0.517297,2025-05-27,2025-06-03,8,안목-안목커피거리,8
2025,42002131,504-1,강릉-동진버스,True,4200267,삼우은성아파트,BIS inventory,True,True,55,54,128.91973659122027,37.77025900516923,52,87,35,17,0.431786,1.406402,2025-05-27,2025-06-03,8,안목-안목커피거리,8
2025,42002131,504-1,강릉-동진버스,True,4200268,삼우은성아파트,BIS inventory,True,True,7,6,128.91881978171756,37.77007704319862,516,31,7,33,4.284647,0.501132,2025-05-27,2025-06-03,8,안목-안목커피거리,8
2025,42002131,504-1,강릉-동진버스,True,4200269,이마트,BIS inventory,True,True,56,55,128.92346774482266,37.772222356268564,36,86,39,18,0.298929,1.390236,2025-05-27,2025-06-03,8,안목-안목커피거리,8
2025,42002131,504-1,강릉-동진버스,True,4200270,이마트,BIS inventory,True,True,6,5,128.92290403192536,37.77218493598484,217,31,17,33,1.801877,0.501132,2025-05-27,2025-06-03,8,안목-안목커피거리,8
2025,42002131,504-1,강릉-동진버스,True,4200271,송정동주민센터,BIS inventory,True,True,57,56,128.9281580126049,37.77420386430584,4,34,51,31,0.033214,0.549628,2025-05-27,2025-06-03,8,안목-안목커피거리,8
2025,42002131,504-1,강릉-동진버스,True,4200272,송정동주민센터,BIS inventory,True,True,5,4,128.92775106138072,37.77430053196711,234,9,16,41,1.943037,0.14549,2025-05-27,2025-06-03,8,안목-안목커피거리,8
2025,42002131,504-1,강릉-동진버스,True,4200273,송정신원아침도시,BIS inventory,True,True,58,57,128.93190852770562,37.774810233413945,8,96,48,15,0.066429,1.551891,2025-05-27,2025-06-03,8,안목-안목커피거리,8
2025,42002131,504-1,강릉-동진버스,True,4200274,송정노인회관,BIS inventory,True,True,4,3,128.93141909498914,37.77512821569013,684,6,5,46,5.679648,0.096993,2025-05-27,2025-06-03,8,안목-안목커피거리,8
2025,42002131,504-1,강릉-동진버스,True,4200275,송정한신아파트입구,BIS inventory,True,True,59,58,128.93667614488956,37.77380916737768,0,70,,22,0.0,1.131587,2025-05-27,2025-06-03,8,안목-안목커피거리,8
2025,42002131,504-1,강릉-동진버스,True,4200276,송정한신아파트입구,BIS inventory,True,True,3,2,128.93668274097607,37.7740287226972,370,3,10,49,3.072324,0.048497,2025-05-27,2025-06-03,8,안목-안목커피거리,8
2025,42002131,504-1,강릉-동진버스,True,4200318,포남시장,BIS inventory,True,True,11,10,128.90766061502285,37.76392281820552,179,26,21,37,1.486341,0.420304,2025-05-27,2025-06-03,8,안목-안목커피거리,8
2025,42002131,504-1,강릉-동진버스,True,4200850,강릉의료원,BIS inventory,True,True,17,16,128.88880799404643,37.748819708567,84,88,29,16,0.697501,1.422567,2025-05-27,2025-06-03,8,안목-안목커피거리,8
2025,42002131,504-1,강릉-동진버스,True,4200851,강릉의료원,BIS inventory,True,True,47,46,128.89091430945297,37.74975576653371,91,116,28,11,0.755626,1.875202,2025-05-27,2025-06-03,8,안목-안목커피거리,8
2025,42002131,504-1,강릉-동진버스,True,4200852,강릉대도호부관아,BIS inventory,True,True,16,15,128.8916610029413,37.75117323796815,139,140,24,8,1.154197,2.263175,2025-05-27,2025-06-03,8,안목-안목커피거리,8
2025,42002131,504-1,강릉-동진버스,True,4200853,강릉대도호부관아,BIS inventory,True,True,48,47,128.89234522879923,37.75163825691615,117,245,25,7,0.971519,3.960556,2025-05-27,2025-06-03,8,안목-안목커피거리,8
2025,42002131,504-1,강릉-동진버스,True,4200862,금산남밭,BIS inventory,True,True,37,36,128.84482898011785,37.73142005932311,26,2,42,52,0.215893,0.032331,2025-05-27,2025-06-03,8,안목-안목커피거리,8
2025,42002131,504-1,강릉-동진버스,True,4201005,성산,BIS inventory,True,True,32,31,128.8271623742617,37.714502339268236,44,40,37,28,0.365357,0.646621,2025-05-27,2025-06-03,8,안목-안목커피거리,8
2025,42002131,504-1,강릉-동진버스,True,4201006,성산치안센터,BIS inventory,True,True,33,32,128.83090633919258,37.71566752965487,185,3,20,49,1.536162,0.048497,2025-05-27,2025-06-03,8,안목-안목커피거리,8
2025,42002131,504-1,강릉-동진버스,True,4201007,성산치안센터,BIS inventory,True,True,31,30,128.8310696649731,37.7159774839219,0,79,,20,0.0,1.277077,2025-05-27,2025-06-03,8,안목-안목커피거리,8
2025,42002131,504-1,강릉-동진버스,True,4201008,성산면사무소,BIS inventory,True,True,34,33,128.83255254171343,37.71856830087688,340,5,11,48,2.823217,0.080828,2025-05-27,2025-06-03,8,안목-안목커피거리,8
2025,42002131,504-1,강릉-동진버스,True,4201009,성산면사무소,BIS inventory,True,True,30,29,128.832602033901,37.718970827982346,3,119,53,10,0.024911,1.923699,2025-05-27,2025-06-03,8,안목-안목커피거리,8
2025,42002131,504-1,강릉-동진버스,True,4201010,롯데물류센터,BIS inventory,True,True,29,28,128.83446803238593,37.72201867130479,0,8,,45,0.0,0.129324,2025-05-27,2025-06-03,8,안목-안목커피거리,6
2025,42002131,504-1,강릉-동진버스,True,4201011,남밭,BIS inventory,True,True,28,27,128.84079334848028,37.72889804215958,4,24,51,38,0.033214,0.387973,2025-05-27,2025-06-03,8,안목-안목커피거리,7
2025,42002131,504-1,강릉-동진버스,True,4201012,금산남밭,BIS inventory,True,True,27,26,128.8447607772083,37.73146258389618,1,9,54,41,0.008304,0.14549,2025-05-27,2025-06-03,8,안목-안목커피거리,7
2025,42002131,504-1,강릉-동진버스,True,4201013,금산2리,BIS inventory,True,True,38,37,128.84906667066036,37.736625360708075,150,0,22,,1.245537,0.0,2025-05-27,2025-06-03,8,안목-안목커피거리,8
2025,42002131,504-1,강릉-동진버스,True,4201014,금산2리,BIS inventory,True,True,26,25,128.8489374376084,37.736639355017815,20,28,44,35,0.166072,0.452635,2025-05-27,2025-06-03,8,안목-안목커피거리,8
2025,42002131,504-1,강릉-동진버스,True,4201015,금산장수마을,BIS inventory,True,True,39,38,128.85168575797542,37.73818340581975,29,3,40,49,0.240804,0.048497,2025-05-27,2025-06-03,8,안목-안목커피거리,8
2025,42002131,504-1,강릉-동진버스,True,4201016,금산장수마을,BIS inventory,True,True,25,24,128.85163955991283,37.738245657769,1,10,54,40,0.008304,0.161655,2025-05-27,2025-06-03,8,안목-안목커피거리,7
2025,42002131,504-1,강릉-동진버스,True,4201017,금산,BIS inventory,True,True,40,39,128.8558273611666,37.7401726731367,16,0,45,,0.132857,0.0,2025-05-27,2025-06-03,8,안목-안목커피거리,7
2025,42002131,504-1,강릉-동진버스,True,4201018,금산,BIS inventory,True,True,24,23,128.85573010993187,37.74018242418162,1,2,54,52,0.008304,0.032331,2025-05-27,2025-06-03,8,안목-안목커피거리,3
2025,42002131,504-1,강릉-동진버스,True,4201019,금산입구,BIS inventory,True,True,41,40,128.85784327525297,37.7432987440744,114,1,27,54,0.946608,0.016166,2025-05-27,2025-06-03,8,안목-안목커피거리,7
2025,42002131,504-1,강릉-동진버스,True,4201020,금산입구,BIS inventory,True,True,23,22,128.8576797637003,37.74318792289404,0,1,,54,0.0,0.016166,2025-05-27,2025-06-03,8,안목-안목커피거리,1
2025,42002131,504-1,강릉-동진버스,True,4201021,강릉영동대학,BIS inventory,True,True,42,41,128.85922425091306,37.74487059276654,1166,9,3,41,9.681973,0.14549,2025-05-27,2025-06-03,8,안목-안목커피거리,8
2025,42002131,504-1,강릉-동진버스,True,4201022,강릉영동대학,BIS inventory,True,True,22,21,128.8591288923703,37.74495955027462,9,276,47,5,0.074732,4.461688,2025-05-27,2025-06-03,8,안목-안목커피거리,8
2025,42002131,504-1,강릉-동진버스,True,4201023,강릉교도소,BIS inventory,True,True,21,20,128.8655195073396,37.7459157793766,1,39,54,29,0.008304,0.630456,2025-05-27,2025-06-03,8,안목-안목커피거리,8
2025,42002131,504-1,강릉-동진버스,True,4201024,강릉교도소,BIS inventory,True,True,43,42,128.86643612221636,37.745817949506176,38,1,38,54,0.315536,0.016166,2025-05-27,2025-06-03,8,안목-안목커피거리,8
2025,42002131,504-1,강릉-동진버스,True,4201025,공제마을,BIS inventory,True,True,44,43,128.87156333276334,37.74608024312632,64,9,33,41,0.531429,0.14549,2025-05-27,2025-06-03,8,안목-안목커피거리,8
2025,42002131,504-1,강릉-동진버스,True,4201026,공제마을,BIS inventory,True,True,20,19,128.87155618347816,37.74635646052236,7,43,49,26,0.058125,0.695118,2025-05-27,2025-06-03,8,안목-안목커피거리,8
2025,42002131,504-1,강릉-동진버스,True,4201028,홍제I.C,BIS inventory,True,True,45,44,128.8794230311205,37.7473811776377,115,21,26,39,0.954912,0.339476,2025-05-27,2025-06-03,8,안목-안목커피거리,8
2025,42002131,504-1,강릉-동진버스,True,4201029,홍제I.C,BIS inventory,True,True,19,18,128.87894077910576,37.74749468304007,27,50,41,25,0.224197,0.808277,2025-05-27,2025-06-03,8,안목-안목커피거리,8
2025,42002131,504-1,강릉-동진버스,True,4201030,홍제동주민센터,BIS inventory,True,True,18,17,128.88454291738702,37.74807153236862,54,249,34,6,0.448393,4.025218,2025-05-27,2025-06-03,8,안목-안목커피거리,8
2025,42002131,504-1,강릉-동진버스,True,4201043,안목,BIS inventory,True,True,1,0,128.94526892930932,37.77285146151794,201,0,18,,1.669019,0.0,2025-05-27,2025-06-03,8,안목-안목커피거리,8
2025,42002131,504-1,강릉-동진버스,True,4201044,안목커피거리,BIS inventory,True,True,61,60,128.94543559396536,37.77260342997581,259,288,13,3,2.150627,4.655674,2025-05-27,2025-06-03,8,안목-안목커피거리,8
2025,42002131,504-1,강릉-동진버스,True,4201379,남밭,BIS inventory,True,True,36,35,128.84064951853864,37.72871037302059,52,0,35,,0.431786,0.0,2025-05-27,2025-06-03,8,안목-안목커피거리,8
2025,42002131,504-1,강릉-동진버스,True,4201380,롯데물류센터,BIS inventory,True,True,35,34,128.83451710426255,37.72199688820527,14,0,46,,0.11625,0.0,2025-05-27,2025-06-03,8,안목-안목커피거리,6
2025,42002131,504-1,강릉-동진버스,True,4201386,송정한신아파트후문,BIS inventory,True,True,2,1,128.93962441064605,37.773612640324636,238,6,15,46,1.976252,0.096993,2025-05-27,2025-06-03,8,안목-안목커피거리,8
2025,42002132,504-2,강릉-동진버스,True,4200095,한국자산관리공사,BIS inventory,True,True,12,11,128.90111921880606,37.75827929877246,10,6,3,2,5.434783,14.634146,2025-05-27,2025-06-03,8,경포고교-성산,5
2025,42002132,504-2,강릉-동진버스,True,4200104,동명중학교,BIS inventory,True,True,3,2,128.91637238303827,37.777185998905715,1,0,14,,0.543478,0.0,2025-05-27,2025-06-03,8,경포고교-성산,1
2025,42002132,504-2,강릉-동진버스,True,4200106,KT,BIS inventory,True,True,5,4,128.91181164590185,37.77275858732733,10,0,3,,5.434783,0.0,2025-05-27,2025-06-03,8,경포고교-성산,4
2025,42002132,504-2,강릉-동진버스,True,4200108,동인병원입구,BIS inventory,True,True,6,5,128.90953558421478,37.77125258486367,10,0,3,,5.434783,0.0,2025-05-27,2025-06-03,8,경포고교-성산,5
2025,42002132,504-2,강릉-동진버스,True,4200110,하슬라중,BIS inventory,True,True,7,6,128.90715554439282,37.77053362559672,1,0,14,,0.543478,0.0,2025-05-27,2025-06-03,8,경포고교-성산,1
2025,42002132,504-2,강릉-동진버스,True,4200112,강릉관광개발공사,BIS inventory,True,True,8,7,128.9085231695166,37.76800046518587,0,1,,8,0.0,2.439024,2025-05-27,2025-06-03,8,경포고교-성산,1
2025,42002132,504-2,강릉-동진버스,True,4200251,한국은행,BIS inventory,True,True,14,13,128.89406630781096,37.753485602290496,6,2,8,5,3.26087,4.878049,2025-05-27,2025-06-03,8,경포고교-성산,4
2025,42002132,504-2,강릉-동진버스,True,4200253,교보생명,BIS inventory,True,True,13,12,128.89811415297848,37.756002485379526,24,6,2,2,13.043478,14.634146,2025-05-27,2025-06-03,8,경포고교-성산,5
2025,42002132,504-2,강릉-동진버스,True,4200259,용지각,BIS inventory,True,True,11,10,128.90537716328666,37.76184119439877,5,0,9,,2.717391,0.0,2025-05-27,2025-06-03,8,경포고교-성산,2
2025,42002132,504-2,강릉-동진버스,True,4200262,로얄아파트.포남1동주민센터,BIS inventory,True,True,9,8,128.90933288179943,37.76545703763149,5,2,9,5,2.717391,4.878049,2025-05-27,2025-06-03,8,경포고교-성산,3
2025,42002132,504-2,강릉-동진버스,True,4200288,경포고교,BIS inventory,True,True,1,0,128.91881546540267,37.78075927662396,84,0,1,,45.652174,0.0,2025-05-27,2025-06-03,8,경포고교-성산,5
2025,42002132,504-2,강릉-동진버스,True,4200289,한솔초교,BIS inventory,True,True,4,3,128.9142086436632,37.775058134113436,8,0,7,,4.347826,0.0,2025-05-27,2025-06-03,8,경포고교-성산,5
2025,42002132,504-2,강릉-동진버스,True,4200318,포남시장,BIS inventory,True,True,10,9,128.90766061502285,37.76392281820552,9,1,6,8,4.891304,2.439024,2025-05-27,2025-06-03,8,경포고교-성산,5
2025,42002132,504-2,강릉-동진버스,True,4200850,강릉의료원,BIS inventory,True,True,16,15,128.88880799404643,37.748819708567,1,2,14,5,0.543478,4.878049,2025-05-27,2025-06-03,8,경포고교-성산,3
2025,42002132,504-2,강릉-동진버스,True,4200852,강릉대도호부관아,BIS inventory,True,True,15,14,128.8916610029413,37.75117323796815,3,0,12,,1.630435,0.0,2025-05-27,2025-06-03,8,경포고교-성산,1
2025,42002132,504-2,강릉-동진버스,True,4201011,남밭,BIS inventory,True,True,27,26,128.84079334848028,37.72889804215958,0,1,,8,0.0,2.439024,2025-05-27,2025-06-03,8,경포고교-성산,1
2025,42002132,504-2,강릉-동진버스,True,4201022,강릉영동대학,BIS inventory,True,True,21,20,128.8591288923703,37.74495955027462,0,4,,4,0.0,9.756098,2025-05-27,2025-06-03,8,경포고교-성산,3
2025,42002132,504-2,강릉-동진버스,True,4201029,홍제I.C,BIS inventory,True,True,18,17,128.87894077910576,37.74749468304007,4,0,11,,2.173913,0.0,2025-05-27,2025-06-03,8,경포고교-성산,3
2025,42002132,504-2,강릉-동진버스,True,4201030,홍제동주민센터,BIS inventory,True,True,17,16,128.88454291738702,37.74807153236862,1,16,14,1,0.543478,39.02439,2025-05-27,2025-06-03,8,경포고교-성산,5
2025,42002132,504-2,강릉-동진버스,True,4201220,포남2주공입구,BIS inventory,True,True,2,1,128.9179885478381,37.77901498558293,2,0,13,,1.086957,0.0,2025-05-27,2025-06-03,8,경포고교-성산,2
2025,42002133,951,강릉-동진버스,True,4200016,강동종합복지회관,BIS inventory,True,True,19,17,128.9534097899608,37.72765187744945,18,12,6,2,5.487805,11.538462,2025-05-27,2025-06-03,8,남대천.강릉교-남대천.강릉교,6
2025,42002133,951,강릉-동진버스,True,4200026,강동종합복지회관,BIS inventory,True,True,3,1,128.95225785335822,37.72821012800672,6,2,11,5,1.829268,1.923077,2025-05-27,2025-06-03,8,남대천.강릉교-남대천.강릉교,6
2025,42002133,951,강릉-동진버스,True,4200031,모전리.돌평,BIS inventory,True,True,9,7,128.95074649026657,37.70985195102544,43,4,3,4,13.109756,3.846154,2025-05-27,2025-06-03,8,남대천.강릉교-남대천.강릉교,8
2025,42002133,951,강릉-동진버스,True,4200036,언별리,BIS inventory,True,True,11,9,128.932462653647,37.69147304189006,4,0,15,,1.219512,0.0,2025-05-27,2025-06-03,8,남대천.강릉교-남대천.강릉교,4
2025,42002133,951,강릉-동진버스,True,4200512,덕현리,BIS inventory,True,True,13,11,128.92611817321585,37.705859421056175,4,0,15,,1.219512,0.0,2025-05-27,2025-06-03,8,남대천.강릉교-남대천.강릉교,3
2025,42002133,951,강릉-동진버스,True,4200525,강동하나로마트,BIS inventory,True,True,18,16,128.95401701690832,37.726761856774424,1,1,17,9,0.304878,0.961538,2025-05-27,2025-06-03,8,남대천.강릉교-남대천.강릉교,2
2025,42002133,951,강릉-동진버스,True,4201152,버당말,BIS inventory,True,True,5,3,128.96277963489464,37.72278384606697,9,9,10,3,2.743902,8.653846,2025-05-27,2025-06-03,8,남대천.강릉교-남대천.강릉교,7
2025,42002133,951,강릉-동진버스,True,4201154,모전1리,BIS inventory,True,True,6,4,128.96141013771185,37.71981098253356,10,2,8,5,3.04878,1.923077,2025-05-27,2025-06-03,8,남대천.강릉교-남대천.강릉교,6
2025,42002133,951,강릉-동진버스,True,4201156,동그린,BIS inventory,True,True,7,5,128.96116060941432,37.71694910240202,5,0,13,,1.52439,0.0,2025-05-27,2025-06-03,8,남대천.강릉교-남대천.강릉교,3
2025,42002133,951,강릉-동진버스,True,4201163,언별2리,BIS inventory,True,True,10,8,128.93981173016869,37.70173122003391,5,2,13,5,1.52439,1.923077,2025-05-27,2025-06-03,8,남대천.강릉교-남대천.강릉교,3
2025,42002133,951,강릉-동진버스,True,4201165,송담서원,BIS inventory,True,True,12,10,128.92985457221653,37.6927197945936,21,2,4,5,6.402439,1.923077,2025-05-27,2025-06-03,8,남대천.강릉교-남대천.강릉교,8
2025,42002133,951,강릉-동진버스,True,4201169,덕현리마을회관,BIS inventory,True,True,14,12,128.92976451553793,37.71025688950383,6,0,11,,1.829268,0.0,2025-05-27,2025-06-03,8,남대천.강릉교-남대천.강릉교,3
2025,42002133,951,강릉-동진버스,True,4201171,덕현리입구,BIS inventory,True,True,15,13,128.93375842948848,37.71390020089169,10,0,8,,3.04878,0.0,2025-05-27,2025-06-03,8,남대천.강릉교-남대천.강릉교,6
2025,42002133,951,강릉-동진버스,True,4201173,상시동,BIS inventory,True,True,16,14,128.94246528458484,37.71818427280178,21,0,4,,6.402439,0.0,2025-05-27,2025-06-03,8,남대천.강릉교-남대천.강릉교,8
2025,42002133,951,강릉-동진버스,True,4201175,상시동2리마을구판장,BIS inventory,True,True,17,15,128.9490236053727,37.7224263738442,16,0,7,,4.878049,0.0,2025-05-27,2025-06-03,8,남대천.강릉교-남대천.강릉교,8
2025,42002133,951,강릉-동진버스,True,4201198,남대천.강릉교,BIS inventory,True,True,21,18,128.9010015999516,37.75454267936518,82,70,1,1,25.0,67.307692,2025-05-27,2025-06-03,8,남대천.강릉교-남대천.강릉교,8
2025,42002133,951,강릉-동진버스,True,4201199,남대천.강릉교,BIS inventory,True,True,1,0,128.9010687000649,37.75417893755025,67,0,2,,20.426829,0.0,2025-05-27,2025-06-03,8,남대천.강릉교-남대천.강릉교,6
2025,42002135,941-2,강릉-동진버스,True,4200252,신영극장,BIS inventory,True,True,39,38,128.8961287589657,37.75448236011555,0,46,,1,0.0,57.5,2025-05-27,2025-06-03,8,KTX공영주차장-KTX공영주차장,8
2025,42002135,941-2,강릉-동진버스,True,4200253,교보생명,BIS inventory,True,True,2,1,128.89811415297848,37.756002485379526,63,0,1,,38.414634,0.0,2025-05-27,2025-06-03,8,KTX공영주차장-KTX공영주차장,8
2025,42002135,941-2,강릉-동진버스,True,4200929,왕산구)종점,BIS inventory,True,True,21,20,128.8604892853729,37.62367273667524,2,0,14,,1.219512,0.0,2025-05-27,2025-06-03,8,KTX공영주차장-KTX공영주차장,2
2025,42002135,941-2,강릉-동진버스,True,4200931,샘터휴게실,BIS inventory,True,True,22,21,128.86196479739877,37.62603907325114,9,0,4,,5.487805,0.0,2025-05-27,2025-06-03,8,KTX공영주차장-KTX공영주차장,5
2025,42002135,941-2,강릉-동진버스,True,4200932,샘터휴게실,BIS inventory,True,True,18,17,128.8616379939255,37.62586846407014,0,1,,7,0.0,1.25,2025-05-27,2025-06-03,8,KTX공영주차장-KTX공영주차장,1
2025,42002135,941-2,강릉-동진버스,True,4200935,목계마을회관,BIS inventory,True,True,23,22,128.8591158870725,37.63273899723025,9,0,4,,5.487805,0.0,2025-05-27,2025-06-03,8,KTX공영주차장-KTX공영주차장,4
2025,42002135,941-2,강릉-동진버스,True,4200936,목계마을회관,BIS inventory,True,True,17,16,128.8589875953329,37.632647124497325,0,2,,6,0.0,2.5,2025-05-27,2025-06-03,8,KTX공영주차장-KTX공영주차장,2
2025,42002135,941-2,강릉-동진버스,True,4200937,목계리경로당,BIS inventory,True,True,16,15,128.85926935902992,37.63755434898131,0,1,,7,0.0,1.25,2025-05-27,2025-06-03,8,KTX공영주차장-KTX공영주차장,1
2025,42002135,941-2,강릉-동진버스,True,4200939,방터골입구,BIS inventory,True,True,25,24,128.8543538779494,37.64239089992679,15,0,3,,9.146341,0.0,2025-05-27,2025-06-03,8,KTX공영주차장-KTX공영주차장,6
2025,42002135,941-2,강릉-동진버스,True,4200941,목계리,BIS inventory,True,True,26,25,128.8539720247843,37.64675613253988,2,0,14,,1.219512,0.0,2025-05-27,2025-06-03,8,KTX공영주차장-KTX공영주차장,1
2025,42002135,941-2,강릉-동진버스,True,4200943,들꽃마을,BIS inventory,True,True,27,26,128.85452027887206,37.65078274958405,3,0,11,,1.829268,0.0,2025-05-27,2025-06-03,8,KTX공영주차장-KTX공영주차장,3
2025,42002135,941-2,강릉-동진버스,True,4200944,들꽃마을,BIS inventory,True,True,14,13,128.85442858144177,37.65082634282393,0,1,,7,0.0,1.25,2025-05-27,2025-06-03,8,KTX공영주차장-KTX공영주차장,1
2025,42002135,941-2,강릉-동진버스,True,4200945,백운암입구,BIS inventory,True,True,28,27,128.8503640197509,37.65589468864246,4,0,9,,2.439024,0.0,2025-05-27,2025-06-03,8,KTX공영주차장-KTX공영주차장,3
2025,42002135,941-2,강릉-동진버스,True,4200946,백운암입구,BIS inventory,True,True,13,12,128.8502357538194,37.655869833853565,0,1,,7,0.0,1.25,2025-05-27,2025-06-03,8,KTX공영주차장-KTX공영주차장,1
2025,42002135,941-2,강릉-동진버스,True,4200947,탑동교,BIS inventory,True,True,29,28,128.84609145028975,37.66009383864923,7,0,7,,4.268293,0.0,2025-05-27,2025-06-03,8,KTX공영주차장-KTX공영주차장,4
2025,42002135,941-2,강릉-동진버스,True,4200948,탑동교,BIS inventory,True,True,12,11,128.84599983023696,37.66005118972853,0,6,,3,0.0,7.5,2025-05-27,2025-06-03,8,KTX공영주차장-KTX공영주차장,2
2025,42002135,941-2,강릉-동진버스,True,4200949,둔지마을,BIS inventory,True,True,30,29,128.84032622893565,37.667211942204936,8,1,6,7,4.878049,1.25,2025-05-27,2025-06-03,8,KTX공영주차장-KTX공영주차장,5
2025,42002135,941-2,강릉-동진버스,True,4200950,둔지마을,BIS inventory,True,True,11,10,128.8402142080388,37.66721532951788,0,1,,7,0.0,1.25,2025-05-27,2025-06-03,8,KTX공영주차장-KTX공영주차장,1
2025,42002135,941-2,강릉-동진버스,True,4200951,왕산면사무소앞,BIS inventory,True,True,31,30,128.83840731782888,37.6721688588501,25,5,2,4,15.243902,6.25,2025-05-27,2025-06-03,8,KTX공영주차장-KTX공영주차장,8
2025,42002135,941-2,강릉-동진버스,True,4200952,왕산면사무소앞,BIS inventory,True,True,10,9,128.83831324436588,37.672144012562036,0,1,,7,0.0,1.25,2025-05-27,2025-06-03,8,KTX공영주차장-KTX공영주차장,1
2025,42002135,941-2,강릉-동진버스,True,4200953,도마1리경로당,BIS inventory,True,True,32,31,128.83580313705878,37.675863266048,3,0,11,,1.829268,0.0,2025-05-27,2025-06-03,8,KTX공영주차장-KTX공영주차장,1
2025,42002135,941-2,강릉-동진버스,True,4200954,도마1리경로당,BIS inventory,True,True,9,8,128.83571199204746,37.67583487527786,0,4,,5,0.0,5.0,2025-05-27,2025-06-03,8,KTX공영주차장-KTX공영주차장,3
2025,42002135,941-2,강릉-동진버스,True,4200955,왕산사슴목장,BIS inventory,True,True,33,32,128.82575088668412,37.681344715824196,1,0,16,,0.609756,0.0,2025-05-27,2025-06-03,8,KTX공영주차장-KTX공영주차장,1
2025,42002135,941-2,강릉-동진버스,True,4200957,새재마을,BIS inventory,True,True,34,33,128.8242487855186,37.68544901419477,3,0,11,,1.829268,0.0,2025-05-27,2025-06-03,8,KTX공영주차장-KTX공영주차장,3
2025,42002135,941-2,강릉-동진버스,True,4200970,동물사랑센터,BIS inventory,True,True,35,34,128.8298483336448,37.69899913101563,4,0,9,,2.439024,0.0,2025-05-27,2025-06-03,8,KTX공영주차장-KTX공영주차장,4
2025,42002135,941-2,강릉-동진버스,True,4201008,성산면사무소,BIS inventory,True,True,38,37,128.83255254171343,37.71856830087688,0,9,,2,0.0,11.25,2025-05-27,2025-06-03,8,KTX공영주차장-KTX공영주차장,5
2025,42002135,941-2,강릉-동진버스,True,4201009,성산면사무소,BIS inventory,True,True,3,2,128.832602033901,37.718970827982346,6,1,8,7,3.658537,1.25,2025-05-27,2025-06-03,8,KTX공영주차장-KTX공영주차장,4
2025,42002136,943,강릉-동진버스,True,4200252,신영극장,BIS inventory,True,True,27,26,128.8961287589657,37.75448236011555,5,27,6,1,3.759398,49.090909,2025-05-27,2025-06-03,8,KTX공영주차장-KTX공영주차장,8
2025,42002136,943,강릉-동진버스,True,4200253,교보생명,BIS inventory,True,True,2,1,128.89811415297848,37.756002485379526,55,2,1,6,41.353383,3.636364,2025-05-27,2025-06-03,8,KTX공영주차장-KTX공영주차장,8
2025,42002136,943,강릉-동진버스,True,4200556,위촌리,BIS inventory,True,True,12,11,128.83630340406063,37.75966855469253,0,7,,2,0.0,12.727273,2025-05-27,2025-06-03,8,KTX공영주차장-KTX공영주차장,5
2025,42002136,943,강릉-동진버스,True,4200557,위촌2리경로당,BIS inventory,True,True,15,14,128.84459001673955,37.75958593352651,16,0,2,,12.030075,0.0,2025-05-27,2025-06-03,8,KTX공영주차장-KTX공영주차장,8
2025,42002136,943,강릉-동진버스,True,4200558,위촌2리경로당,BIS inventory,True,True,11,10,128.84480889532918,37.75954345559538,0,1,,9,0.0,1.818182,2025-05-27,2025-06-03,8,KTX공영주차장-KTX공영주차장,1
2025,42002136,943,강릉-동진버스,True,4200559,송양초교,BIS inventory,True,True,16,15,128.84774510140426,37.757348769268916,5,0,6,,3.759398,0.0,2025-05-27,2025-06-03,8,KTX공영주차장-KTX공영주차장,5
2025,42002136,943,강릉-동진버스,True,4200560,송양초교,BIS inventory,True,True,10,9,128.84779064633727,37.75738270190068,0,2,,6,0.0,3.636364,2025-05-27,2025-06-03,8,KTX공영주차장-KTX공영주차장,1
2025,42002136,943,강릉-동진버스,True,4200797,KTX공영주차장환승장,BIS inventory,True,True,1 | 28,27,128.8967850727094,37.762190942376556,1,4,12,4,0.75188,7.272727,2025-05-27,2025-06-03,8,KTX공영주차장-KTX공영주차장,2
2025,42002136,943,강릉-동진버스,True,4201019,금산입구,BIS inventory,True,True,25,24,128.85784327525297,37.7432987440744,0,2,,6,0.0,3.636364,2025-05-27,2025-06-03,8,KTX공영주차장-KTX공영주차장,1
2025,42002136,943,강릉-동진버스,True,4201021,강릉영동대학,BIS inventory,True,True,26,25,128.85922425091306,37.74487059276654,0,5,,3,0.0,9.090909,2025-05-27,2025-06-03,8,KTX공영주차장-KTX공영주차장,4
2025,42002136,943,강릉-동진버스,True,4201397,임경당입구,BIS inventory,True,True,7,6,128.85065952125555,37.73971869052315,0,1,,9,0.0,1.818182,2025-05-27,2025-06-03,8,KTX공영주차장-KTX공영주차장,1
2025,42002136,943,강릉-동진버스,True,4201399,항생골입구,BIS inventory,True,True,8,7,128.84855527295463,37.74848089866381,0,3,,5,0.0,5.454545,2025-05-27,2025-06-03,8,KTX공영주차장-KTX공영주차장,3
2025,42002136,943,강릉-동진버스,True,4201400,항생골입구,BIS inventory,True,True,21,20,128.84848669485692,37.7484721037036,6,0,5,,4.511278,0.0,2025-05-27,2025-06-03,8,KTX공영주차장-KTX공영주차장,4
2025,42002136,943,강릉-동진버스,True,4201401,위촌1리마을회관,BIS inventory,True,True,9,8,128.8493169939177,37.752759763627935,0,1,,9,0.0,1.818182,2025-05-27,2025-06-03,8,KTX공영주차장-KTX공영주차장,1
2025,42002136,943,강릉-동진버스,True,4201402,위촌1리마을회관,BIS inventory,True,True,20,19,128.84922183855028,37.75276536684672,5,0,6,,3.759398,0.0,2025-05-27,2025-06-03,8,KTX공영주차장-KTX공영주차장,3
2025,42002136,943,강릉-동진버스,True,4201403,양지골,BIS inventory,True,True,17,16,128.84419682263942,37.754675826474795,2,0,11,,1.503759,0.0,2025-05-27,2025-06-03,8,KTX공영주차장-KTX공영주차장,2
2025,42002136,943,강릉-동진버스,True,4201404,양지골,BIS inventory,True,True,19,18,128.8442384161847,37.75462833677575,3,0,10,,2.255639,0.0,2025-05-27,2025-06-03,8,KTX공영주차장-KTX공영주차장,3
2025,42002136,943,강릉-동진버스,True,4201405,홈방골,BIS inventory,True,True,18,17,128.83894035853254,37.753110338802365,16,0,2,,12.030075,0.0,2025-05-27,2025-06-03,8,KTX공영주차장-KTX공영주차장,7
2025,42002136,943,강릉-동진버스,True,4201406,지암사입구,BIS inventory,True,True,13,12,128.8326543984501,37.76849221810292,5,0,6,,3.759398,0.0,2025-05-27,2025-06-03,8,KTX공영주차장-KTX공영주차장,4
2025,42002136,943,강릉-동진버스,True,4201408,위촌리,BIS inventory,True,True,14,13,128.8362872937098,37.75958677922043,14,0,4,,10.526316,0.0,2025-05-27,2025-06-03,8,KTX공영주차장-KTX공영주차장,7
2025,42002137,943-1,강릉-동진버스,True,4200138,즈므.과학단지,BIS inventory,True,True,14,12,128.8604076986006,37.79746479759031,0,14,,2,0.0,21.875,2025-05-27,2025-06-03,8,KTX공영주차장-KTX공영주차장,8
2025,42002137,943-1,강릉-동진버스,True,4200229,즈므.과학단지,BIS inventory,True,True,16,14,128.86079294239343,37.79710821329875,1,1,10,6,0.526316,1.5625,2025-05-27,2025-06-03,8,KTX공영주차장-KTX공영주차장,1
2025,42002137,943-1,강릉-동진버스,True,4200252,신영극장,BIS inventory,True,True,28,25,128.8961287589657,37.75448236011555,2,32,8,1,1.052632,50.0,2025-05-27,2025-06-03,8,KTX공영주차장-KTX공영주차장,8
2025,42002137,943-1,강릉-동진버스,True,4200253,교보생명,BIS inventory,True,True,2,1,128.89811415297848,37.756002485379526,102,1,1,6,53.684211,1.5625,2025-05-27,2025-06-03,8,KTX공영주차장-KTX공영주차장,8
2025,42002137,943-1,강릉-동진버스,True,4200372,송암,BIS inventory,True,True,9 | 21,18,128.82637877635176,37.78089823387296,9,0,4,,4.736842,0.0,2025-05-27,2025-06-03,8,KTX공영주차장-KTX공영주차장,5
2025,42002137,943-1,강릉-동진버스,True,4200373,송암리노인복지회관,BIS inventory,True,True,10 | 22,19,128.83714806452136,37.781611643083856,41,0,2,,21.578947,0.0,2025-05-27,2025-06-03,8,KTX공영주차장-KTX공영주차장,8
2025,42002137,943-1,강릉-동진버스,True,4200374,송암리노인복지회관,BIS inventory,True,True,8 | 20,17,128.8371281193178,37.78167045367396,0,6,,3,0.0,9.375,2025-05-27,2025-06-03,8,KTX공영주차장-KTX공영주차장,3
2025,42002137,943-1,강릉-동진버스,True,4200558,위촌2리경로당,BIS inventory,True,True,7,6,128.84480889532918,37.75954345559538,1,3,10,5,0.526316,4.6875,2025-05-27,2025-06-03,8,KTX공영주차장-KTX공영주차장,3
2025,42002137,943-1,강릉-동진버스,True,4200559,송양초교,BIS inventory,True,True,24,21,128.84774510140426,37.757348769268916,3,0,7,,1.578947,0.0,2025-05-27,2025-06-03,8,KTX공영주차장-KTX공영주차장,3
2025,42002137,943-1,강릉-동진버스,True,4200560,송양초교,BIS inventory,True,True,6,5,128.84779064633727,37.75738270190068,0,1,,6,0.0,1.5625,2025-05-27,2025-06-03,8,KTX공영주차장-KTX공영주차장,1
2025,42002137,943-1,강릉-동진버스,True,4200561,위촌1교,BIS inventory,True,True,25,22,128.85248954070696,37.758669118271264,9,0,4,,4.736842,0.0,2025-05-27,2025-06-03,8,KTX공영주차장-KTX공영주차장,7
2025,42002137,943-1,강릉-동진버스,True,4200562,위촌1교,BIS inventory,True,True,5,4,128.85256313236903,37.758700268834,1,0,10,,0.526316,0.0,2025-05-27,2025-06-03,8,KTX공영주차장-KTX공영주차장,1
2025,42002137,943-1,강릉-동진버스,True,4200563,신암동산,BIS inventory,True,True,26,23,128.856450486855,37.759838948235505,2,0,8,,1.052632,0.0,2025-05-27,2025-06-03,8,KTX공영주차장-KTX공영주차장,2
2025,42002137,943-1,강릉-동진버스,True,4200797,KTX공영주차장환승장,BIS inventory,True,True,1 | 29,26,128.8967850727094,37.762190942376556,4,1,6,6,2.105263,1.5625,2025-05-27,2025-06-03,8,KTX공영주차장-KTX공영주차장,3
2025,42002137,943-1,강릉-동진버스,True,4209992,형제막국수,BIS inventory,True,True,27,24,128.8658104402118,37.755293592514285,0,5,,4,0.0,7.8125,2025-05-27,2025-06-03,8,KTX공영주차장-KTX공영주차장,4
2025,42002137,943-1,강릉-동진버스,True,4209994,위촌2리경로당,BIS inventory,True,True,23,20,128.8446791622344,37.75971028072801,15,0,3,,7.894737,0.0,2025-05-27,2025-06-03,8,KTX공영주차장-KTX공영주차장,5
2025,42002138,943-2,강릉-동진버스,True,4200138,즈므.과학단지,BIS inventory,True,True,15,13,128.8604076986006,37.79746479759031,0,1,,3,0.0,6.666667,2025-05-27,2025-06-03,8,우미린아파트-KTX공영주차장,1
2025,42002138,943-2,강릉-동진버스,True,4200252,신영극장,BIS inventory,True,True,34,31,128.8961287589657,37.75448236011555,0,9,,1,0.0,60.0,2025-05-27,2025-06-03,8,우미린아파트-KTX공영주차장,5
2025,42002138,943-2,강릉-동진버스,True,4200372,송암,BIS inventory,True,True,10 | 22,19,128.82637877635176,37.78089823387296,4,0,5,,9.090909,0.0,2025-05-27,2025-06-03,8,우미린아파트-KTX공영주차장,4
2025,42002138,943-2,강릉-동진버스,True,4200373,송암리노인복지회관,BIS inventory,True,True,11 | 23,20,128.83714806452136,37.781611643083856,15,0,1,,34.090909,0.0,2025-05-27,2025-06-03,8,우미린아파트-KTX공영주차장,7
2025,42002138,943-2,강릉-동진버스,True,4200376,신평교,BIS inventory,True,True,20,17,128.84751858457875,37.787025988717744,3,0,7,,6.818182,0.0,2025-05-27,2025-06-03,8,우미린아파트-KTX공영주차장,2
2025,42002138,943-2,강릉-동진버스,True,4200557,위촌2리경로당,BIS inventory,True,True,8 | 28,25,128.84459001673955,37.75958593352651,5,0,3,,11.363636,0.0,2025-05-27,2025-06-03,8,우미린아파트-KTX공영주차장,5
2025,42002138,943-2,강릉-동진버스,True,4200559,송양초교,BIS inventory,True,True,29,26,128.84774510140426,37.757348769268916,6,0,2,,13.636364,0.0,2025-05-27,2025-06-03,8,우미린아파트-KTX공영주차장,6
2025,42002138,943-2,강릉-동진버스,True,4200563,신암동산,BIS inventory,True,True,32,29,128.856450486855,37.759838948235505,1,0,8,,2.272727,0.0,2025-05-27,2025-06-03,8,우미린아파트-KTX공영주차장,1
2025,42002138,943-2,강릉-동진버스,True,4201401,위촌1리마을회관,BIS inventory,True,True,30,27,128.8493169939177,37.752759763627935,5,0,3,,11.363636,0.0,2025-05-27,2025-06-03,8,우미린아파트-KTX공영주차장,4
2025,42002138,943-2,강릉-동진버스,True,4201406,지암사입구,BIS inventory,True,True,26,23,128.8326543984501,37.76849221810292,4,0,5,,9.090909,0.0,2025-05-27,2025-06-03,8,우미린아파트-KTX공영주차장,4
2025,42002138,943-2,강릉-동진버스,True,4201407,우미린아파트,BIS inventory,True,True,1,0,128.87047584429433,37.757205866745004,1,0,8,,2.272727,0.0,2025-05-27,2025-06-03,8,우미린아파트-KTX공영주차장,1
2025,42002138,943-2,강릉-동진버스,True,4209992,형제막국수,BIS inventory,True,True,33,30,128.8658104402118,37.755293592514285,0,5,,2,0.0,33.333333,2025-05-27,2025-06-03,8,우미린아파트-KTX공영주차장,4
2025,42002139,944-1,강릉-동진버스,True,4200252,신영극장,BIS inventory,True,True,37,36,128.8961287589657,37.75448236011555,0,14,,2,0.0,34.146341,2025-05-27,2025-06-03,8,KTX공영주차장-KTX공영주차장,8
2025,42002139,944-1,강릉-동진버스,True,4200253,교보생명,BIS inventory,True,True,2,1,128.89811415297848,37.756002485379526,40,0,1,,36.697248,0.0,2025-05-27,2025-06-03,8,KTX공영주차장-KTX공영주차장,8
2025,42002139,944-1,강릉-동진버스,True,4200535,앞무쇠골,BIS inventory,True,True,28,27,128.7907679545247,37.73580475645548,5,0,6,,4.587156,0.0,2025-05-27,2025-06-03,8,KTX공영주차장-KTX공영주차장,4
2025,42002139,944-1,강릉-동진버스,True,4200538,망월이마을,BIS inventory,True,True,30,29,128.792107212951,37.72942872713486,5,0,6,,4.587156,0.0,2025-05-27,2025-06-03,8,KTX공영주차장-KTX공영주차장,3
2025,42002139,944-1,강릉-동진버스,True,4200541,보광리,BIS inventory,True,True,24,23,128.7969029719891,37.73733219171309,1,1,12,5,0.917431,2.439024,2025-05-27,2025-06-03,8,KTX공영주차장-KTX공영주차장,2
2025,42002139,944-1,강릉-동진버스,True,4200966,어흘리.굴면동,BIS inventory,True,True,32,31,128.81355554198663,37.72030372991263,1,0,12,,0.917431,0.0,2025-05-27,2025-06-03,8,KTX공영주차장-KTX공영주차장,1
2025,42002139,944-1,강릉-동진버스,True,4200974,샘골식당,BIS inventory,True,True,9,8,128.8117504319814,37.72973210273536,13,0,2,,11.926606,0.0,2025-05-27,2025-06-03,8,KTX공영주차장-KTX공영주차장,7
2025,42002139,944-1,강릉-동진버스,True,4200978,보현사종점,BIS inventory,True,True,26,25,128.7926653824033,37.738105478358804,1,1,12,5,0.917431,2.439024,2025-05-27,2025-06-03,8,KTX공영주차장-KTX공영주차장,2
2025,42002139,944-1,강릉-동진버스,True,4200980,무시골,BIS inventory,True,True,25,24,128.79415740714765,37.73788769905595,2,0,10,,1.834862,0.0,2025-05-27,2025-06-03,8,KTX공영주차장-KTX공영주차장,2
2025,42002139,944-1,강릉-동진버스,True,4200984,보광평,BIS inventory,True,True,22,21,128.8025237456016,37.73822613746055,3,0,9,,2.752294,0.0,2025-05-27,2025-06-03,8,KTX공영주차장-KTX공영주차장,3
2025,42002139,944-1,강릉-동진버스,True,4200986,보광보건진료소,BIS inventory,True,True,21,20,128.80534439890508,37.738079523472834,11,0,3,,10.091743,0.0,2025-05-27,2025-06-03,8,KTX공영주차장-KTX공영주차장,5
2025,42002139,944-1,강릉-동진버스,True,4200987,삼왕,BIS inventory,True,True,15,14,128.79442364222726,37.75959705206606,8,0,5,,7.33945,0.0,2025-05-27,2025-06-03,8,KTX공영주차장-KTX공영주차장,5
2025,42002139,944-1,강릉-동진버스,True,4200988,기도원삼거리,BIS inventory,True,True,16,15,128.7947703606971,37.75829009149865,1,0,12,,0.917431,0.0,2025-05-27,2025-06-03,8,KTX공영주차장-KTX공영주차장,1
2025,42002139,944-1,강릉-동진버스,True,4200994,보광본동,BIS inventory,True,True,19,18,128.79938186856992,37.746227466734425,10,0,4,,9.174312,0.0,2025-05-27,2025-06-03,8,KTX공영주차장-KTX공영주차장,5
2025,42002139,944-1,강릉-동진버스,True,4200995,보광본동,BIS inventory,True,True,11,10,128.79947706651464,37.746310402073284,0,2,,4,0.0,4.878049,2025-05-27,2025-06-03,8,KTX공영주차장-KTX공영주차장,1
2025,42002139,944-1,강릉-동진버스,True,4200998,보광리체험학습장,BIS inventory,True,True,10,9,128.8076688924087,37.73819161617253,1,3,12,3,0.917431,7.317073,2025-05-27,2025-06-03,8,KTX공영주차장-KTX공영주차장,3
2025,42002139,944-1,강릉-동진버스,True,4201005,성산,BIS inventory,True,True,5,4,128.8271623742617,37.714502339268236,2,0,10,,1.834862,0.0,2025-05-27,2025-06-03,8,KTX공영주차장-KTX공영주차장,1
2025,42002139,944-1,강릉-동진버스,True,4201008,성산면사무소,BIS inventory,True,True,36,35,128.83255254171343,37.71856830087688,0,20,,1,0.0,48.780488,2025-05-27,2025-06-03,8,KTX공영주차장-KTX공영주차장,6
2025,42002139,944-1,강릉-동진버스,True,4201009,성산면사무소,BIS inventory,True,True,3,2,128.832602033901,37.718970827982346,5,0,6,,4.587156,0.0,2025-05-27,2025-06-03,8,KTX공영주차장-KTX공영주차장,3
2025,42002141,시티1,강릉-동진버스,True,4200002,소돌해변입구,BIS inventory,True,True,36,32,128.81905535960837,37.90780434670355,0,14,,25,0.0,0.898588,2025-05-27,2025-06-03,8,안목커피거리-안목커피거리,4
2025,42002141,시티1,강릉-동진버스,True,4200181,주문진해변,BIS inventory,True,True,38,34,128.81692175696733,37.90940788063508,91,8,6,33,4.769392,0.513479,2025-05-27,2025-06-03,8,안목커피거리-안목커피거리,8
2025,42002141,시티1,강릉-동진버스,True,4200182,주문진해변,BIS inventory,True,True,37,33,128.81704671925502,37.90944057885068,1,80,59,6,0.052411,5.134788,2025-05-27,2025-06-03,8,안목커피거리-안목커피거리,8
2025,42002141,시티1,강릉-동진버스,True,4200244,안목커피거리,BIS inventory,True,True,70,64,128.94578809167245,37.77230230429985,74,238,8,1,3.878407,15.275995,2025-05-27,2025-06-03,8,안목커피거리-안목커피거리,8
2025,42002141,시티1,강릉-동진버스,True,4200323,경포해변,BIS inventory,True,True,10,8,128.90582022350918,37.80466237027648,72,69,11,7,3.773585,4.428755,2025-05-27,2025-06-03,8,안목커피거리-안목커피거리,8
2025,42002141,시티1,강릉-동진버스,True,4200368,가둔지유적,BIS inventory,True,True,15,13,128.882327030694,37.82527019767428,3,0,50,,0.157233,0.0,2025-05-27,2025-06-03,8,안목커피거리-안목커피거리,2
2025,42002141,시티1,강릉-동진버스,True,4200369,가둔지유적,BIS inventory,True,True,57,52,128.882153019297,37.82520493756786,3,2,50,51,0.157233,0.12837,2025-05-27,2025-06-03,8,안목커피거리-안목커피거리,3
2025,42002141,시티1,강릉-동진버스,True,4200381,연곡소나무길,BIS inventory,True,True,22,19,128.86219953750597,37.850074873961454,5,6,46,40,0.262055,0.385109,2025-05-27,2025-06-03,8,안목커피거리-안목커피거리,3
2025,42002141,시티1,강릉-동진버스,True,4200434,사근진해변,BIS inventory,True,True,11,9,128.898597450209,37.812322584245415,27,26,24,16,1.415094,1.668806,2025-05-27,2025-06-03,8,안목커피거리-안목커피거리,7
2025,42002141,시티1,강릉-동진버스,True,4200435,사근진해변,BIS inventory,True,True,61,56,128.89766129562162,37.81294729745145,75,37,7,11,3.930818,2.37484,2025-05-27,2025-06-03,8,안목커피거리-안목커피거리,8
2025,42002141,시티1,강릉-동진버스,True,4200436,순긋해변,BIS inventory,True,True,12,10,128.89252003394913,37.81667547893821,6,18,44,20,0.314465,1.155327,2025-05-27,2025-06-03,8,안목커피거리-안목커피거리,8
2025,42002141,시티1,강릉-동진버스,True,4200437,순긋해변,BIS inventory,True,True,60,55,128.89288352206873,37.81622289476459,39,10,18,29,2.044025,0.641849,2025-05-27,2025-06-03,8,안목커피거리-안목커피거리,8
2025,42002141,시티1,강릉-동진버스,True,4200438,순포해변,BIS inventory,True,True,13,11,128.8909555032514,37.81845994015455,1,0,59,,0.052411,0.0,2025-05-27,2025-06-03,8,안목커피거리-안목커피거리,1
2025,42002141,시티1,강릉-동진버스,True,4200439,순포해변,BIS inventory,True,True,59,54,128.8896479640838,37.81947984719446,5,1,46,56,0.262055,0.064185,2025-05-27,2025-06-03,8,안목커피거리-안목커피거리,3
2025,42002141,시티1,강릉-동진버스,True,4200440,산대월리.순포,BIS inventory,True,True,14,12,128.88547702493108,37.822903011074914,3,7,50,37,0.157233,0.449294,2025-05-27,2025-06-03,8,안목커피거리-안목커피거리,5
2025,42002141,시티1,강릉-동진버스,True,4200441,산대월리.순포,BIS inventory,True,True,58,53,128.88527417343033,37.822868850849,12,2,33,51,0.628931,0.12837,2025-05-27,2025-06-03,8,안목커피거리-안목커피거리,6
2025,42002141,시티1,강릉-동진버스,True,4200442,사천해변,BIS inventory,True,True,16,14,128.87869491904522,37.828713817312966,0,2,,51,0.0,0.12837,2025-05-27,2025-06-03,8,안목커피거리-안목커피거리,1
2025,42002141,시티1,강릉-동진버스,True,4200443,사천해변,BIS inventory,True,True,56,51,128.87827311977188,37.82882341864164,16,0,28,,0.838574,0.0,2025-05-27,2025-06-03,8,안목커피거리-안목커피거리,5
2025,42002141,시티1,강릉-동진버스,True,4200444,사천캠핑장,BIS inventory,True,True,17,15,128.87516834469744,37.831731302711255,6,4,44,44,0.314465,0.256739,2025-05-27,2025-06-03,8,안목커피거리-안목커피거리,5
2025,42002141,시티1,강릉-동진버스,True,4200445,사천캠핑장,BIS inventory,True,True,55,50,128.8750445298634,37.831686225915426,14,3,30,46,0.733753,0.192555,2025-05-27,2025-06-03,8,안목커피거리-안목커피거리,6
2025,42002141,시티1,강릉-동진버스,True,4200447,사천물회거리,BIS inventory,True,True,18,16,128.8757309061334,37.83810545841113,23,30,25,14,1.205451,1.925546,2025-05-27,2025-06-03,8,안목커피거리-안목커피거리,8
2025,42002141,시티1,강릉-동진버스,True,4200449,사천물회거리,BIS inventory,True,True,54,49,128.8755979856823,37.838072593350674,95,13,4,26,4.979036,0.834403,2025-05-27,2025-06-03,8,안목커피거리-안목커피거리,8
2025,42002141,시티1,강릉-동진버스,True,4200450,연곡해변,BIS inventory,True,True,49,45,128.8529783059013,37.85739414992972,5,6,46,40,0.262055,0.385109,2025-05-27,2025-06-03,8,안목커피거리-안목커피거리,5
2025,42002141,시티1,강릉-동진버스,True,4200451,연곡해변,BIS inventory,True,True,23,20,128.85309149153562,37.85745785808507,3,3,50,46,0.157233,0.192555,2025-05-27,2025-06-03,8,안목커피거리-안목커피거리,4
2025,42002141,시티1,강릉-동진버스,True,4200509,연곡소나무길,BIS inventory,True,True,50,46,128.8618386269624,37.85018703668437,11,3,36,46,0.57652,0.192555,2025-05-27,2025-06-03,8,안목커피거리-안목커피거리,3
2025,42002141,시티1,강릉-동진버스,True,4200517,해오름쉼터,BIS inventory,True,True,46,42,128.8414184387453,37.87167485028107,13,7,32,37,0.681342,0.449294,2025-05-27,2025-06-03,8,안목커피거리-안목커피거리,5
2025,42002141,시티1,강릉-동진버스,True,4200518,소돌해변,BIS inventory,True,True,39,35,128.8237001059589,37.9072478711743,34,0,20,,1.781971,0.0,2025-05-27,2025-06-03,8,안목커피거리-안목커피거리,7
2025,42002141,시티1,강릉-동진버스,True,4200522,게스트하우스거리,BIS inventory,True,True,31,27,128.8339253329715,37.896167167389095,5,8,46,33,0.262055,0.513479,2025-05-27,2025-06-03,8,안목커피거리-안목커피거리,5
2025,42002141,시티1,강릉-동진버스,True,4200523,소돌해변,BIS inventory,True,True,35,31,128.82357421556765,37.90742431202615,2,18,55,20,0.104822,1.155327,2025-05-27,2025-06-03,8,안목커피거리-안목커피거리,4
2025,42002141,시티1,강릉-동진버스,True,4200527,오리진항,BIS inventory,True,True,33,29,128.8317491433552,37.9007448060665,2,12,55,27,0.104822,0.770218,2025-05-27,2025-06-03,8,안목커피거리-안목커피거리,6
2025,42002141,시티1,강릉-동진버스,True,4200531,게스트하우스거리,BIS inventory,True,True,43,39,128.83380690814315,37.89613511363595,12,4,33,44,0.628931,0.256739,2025-05-27,2025-06-03,8,안목커피거리-안목커피거리,6
2025,42002141,시티1,강릉-동진버스,True,4200532,주문진항,BIS inventory,True,True,29,26,128.8290758047728,37.892766657375546,11,9,36,30,0.57652,0.577664,2025-05-27,2025-06-03,8,안목커피거리-안목커피거리,7
2025,42002141,시티1,강릉-동진버스,True,4200536,오리진항,BIS inventory,True,True,41,37,128.8317047746547,37.90064451287537,30,0,22,,1.572327,0.0,2025-05-27,2025-06-03,8,안목커피거리-안목커피거리,7
2025,42002141,시티1,강릉-동진버스,True,4200539,해오름쉼터,BIS inventory,True,True,26,23,128.8415292308554,37.871715916564284,9,8,39,33,0.471698,0.513479,2025-05-27,2025-06-03,8,안목커피거리-안목커피거리,6
2025,42002141,시티1,강릉-동진버스,True,4200549,세인트존스호텔,BIS inventory,True,True,65,60,128.92167986735865,37.790864197302774,23,19,25,18,1.205451,1.219512,2025-05-27,2025-06-03,8,안목커피거리-안목커피거리,7
2025,42002141,시티1,강릉-동진버스,True,4200550,세인트존스호텔,BIS inventory,True,True,6,4,128.9216970367292,37.79098344901958,59,17,14,23,3.092243,1.091142,2025-05-27,2025-06-03,8,안목커피거리-안목커피거리,8
2025,42002141,시티1,강릉-동진버스,True,4200553,해송삼거리,BIS inventory,True,True,66,61,128.9252087534945,37.78824187943356,7,39,41,9,0.366876,2.503209,2025-05-27,2025-06-03,8,안목커피거리-안목커피거리,7
2025,42002141,시티1,강릉-동진버스,True,4200554,해송삼거리,BIS inventory,True,True,5,3,128.92513343525474,37.78843042396744,18,0,27,,0.943396,0.0,2025-05-27,2025-06-03,8,안목커피거리-안목커피거리,5
2025,42002141,시티1,강릉-동진버스,True,4200613,강문해변,BIS inventory,True,True,64,59,128.91641678869786,37.79529298920251,74,137,8,3,3.878407,8.793325,2025-05-27,2025-06-03,8,안목커피거리-안목커피거리,8
2025,42002141,시티1,강릉-동진버스,True,4201057,안목커피거리,BIS inventory,True,True,1,0,128.94590416266868,37.77225695392567,71,2,12,51,3.721174,0.12837,2025-05-27,2025-06-03,8,안목커피거리-안목커피거리,7
2025,42002141,시티1,강릉-동진버스,True,4201242,경포해변,BIS inventory,True,True,62,57,128.9052529004403,37.80440358093674,94,168,5,2,4.926625,10.783055,2025-05-27,2025-06-03,8,안목커피거리-안목커피거리,8
2025,42002141,시티1,강릉-동진버스,True,4201261,강문해변입구,BIS inventory,True,True,8,6,128.9152492720649,37.794762154181576,58,8,15,33,3.039832,0.513479,2025-05-27,2025-06-03,8,안목커피거리-안목커피거리,7
2025,42002141,시티1,강릉-동진버스,True,4201262,안목해변,BIS inventory,True,True,69,63,128.9453268042541,37.77365094131008,1,108,59,4,0.052411,6.931964,2025-05-27,2025-06-03,8,안목커피거리-안목커피거리,7
2025,42002141,시티1,강릉-동진버스,True,4201263,안목해변,BIS inventory,True,True,2,1,128.94493768408068,37.774178194287636,121,2,2,51,6.341719,0.12837,2025-05-27,2025-06-03,8,안목커피거리-안목커피거리,8
2025,42002141,시티1,강릉-동진버스,True,4201264,송정해변,BIS inventory,True,True,68,62,128.93690998005923,37.77994173288209,2,18,55,20,0.104822,1.155327,2025-05-27,2025-06-03,8,안목커피거리-안목커피거리,7
2025,42002141,시티1,강릉-동진버스,True,4201265,송정해변,BIS inventory,True,True,3,2,128.937243026154,37.779799396228796,73,0,10,,3.825996,0.0,2025-05-27,2025-06-03,8,안목커피거리-안목커피거리,8
2025,42002141,시티1,강릉-동진버스,True,4201266,경포호,BIS inventory,True,True,63,58,128.91144337577538,37.79931158521169,35,32,19,13,1.834382,2.053915,2025-05-27,2025-06-03,8,안목커피거리-안목커피거리,8
2025,42002141,시티1,강릉-동진버스,True,4201267,경포호,BIS inventory,True,True,9,7,128.91154424859525,37.79966287216199,34,29,20,15,1.781971,1.861361,2025-05-27,2025-06-03,8,안목커피거리-안목커피거리,8
2025,42002141,시티1,강릉-동진버스,True,4201268,사천진해변,BIS inventory,True,True,52,47,128.87339749147367,37.84293833117085,10,6,38,40,0.524109,0.385109,2025-05-27,2025-06-03,8,안목커피거리-안목커피거리,7
2025,42002141,시티1,강릉-동진버스,True,4201269,영진항,BIS inventory,True,True,24,21,128.8478764921571,37.86744935186811,3,9,50,30,0.157233,0.577664,2025-05-27,2025-06-03,8,안목커피거리-안목커피거리,3
2025,42002141,시티1,강릉-동진버스,True,4201270,영진항,BIS inventory,True,True,48,44,128.84778900128174,37.86736001237831,9,3,39,46,0.471698,0.192555,2025-05-27,2025-06-03,8,안목커피거리-안목커피거리,5
2025,42002141,시티1,강릉-동진버스,True,4201271,영진해변,BIS inventory,True,True,47,43,128.84407553359966,37.870005012045354,56,9,16,30,2.93501,0.577664,2025-05-27,2025-06-03,8,안목커피거리-안목커피거리,8
2025,42002141,시티1,강릉-동진버스,True,4201272,영진해변,BIS inventory,True,True,25,22,128.84410671788726,37.87009887053988,1,7,59,37,0.052411,0.449294,2025-05-27,2025-06-03,8,안목커피거리-안목커피거리,4
2025,42002141,시티1,강릉-동진버스,True,4201273,도깨비촬영지,BIS inventory,True,True,45,41,128.83285849096714,37.88049253785593,71,39,12,9,3.721174,2.503209,2025-05-27,2025-06-03,8,안목커피거리-안목커피거리,8
2025,42002141,시티1,강릉-동진버스,True,4201274,도깨비촬영지,BIS inventory,True,True,27,24,128.83366615521564,37.879702674494396,14,34,30,12,0.733753,2.182285,2025-05-27,2025-06-03,8,안목커피거리-안목커피거리,8
2025,42002141,시티1,강릉-동진버스,True,4201275,주문진수산시장,BIS inventory,True,True,44,40,128.82825290581502,37.88995969444888,147,47,1,8,7.704403,3.016688,2025-05-27,2025-06-03,8,안목커피거리-안목커피거리,8
2025,42002141,시티1,강릉-동진버스,True,4201276,주문진수산시장,BIS inventory,True,True,28,25,128.82844614486706,37.89014411628092,7,103,41,5,0.366876,6.61104,2025-05-27,2025-06-03,8,안목커피거리-안목커피거리,8
2025,42002141,시티1,강릉-동진버스,True,4201277,주문진등대,BIS inventory,True,True,42,38,128.83402573057427,37.898641534767464,16,0,28,,0.838574,0.0,2025-05-27,2025-06-03,8,안목커피거리-안목커피거리,5
2025,42002141,시티1,강릉-동진버스,True,4201278,주문진등대,BIS inventory,True,True,32,28,128.83413482750083,37.898607108297156,2,15,55,24,0.104822,0.962773,2025-05-27,2025-06-03,8,안목커피거리-안목커피거리,6
2025,42002141,시티1,강릉-동진버스,True,4201279,더글로리촬영지,BIS inventory,True,True,40,36,128.82911039533775,37.904460082879105,100,0,3,,5.24109,0.0,2025-05-27,2025-06-03,8,안목커피거리-안목커피거리,8
2025,42002141,시티1,강릉-동진버스,True,4201280,더글로리촬영지,BIS inventory,True,True,34,30,128.82924239568416,37.90441068117994,1,20,59,17,0.052411,1.283697,2025-05-27,2025-06-03,8,안목커피거리-안목커피거리,7
2025,42002141,시티1,강릉-동진버스,True,4202159,사천진바위섬,BIS inventory,True,True,53,48,128.87633882234948,37.84060226740597,29,11,23,28,1.519916,0.706033,2025-05-27,2025-06-03,8,안목커피거리-안목커피거리,7
2025,42002141,시티1,강릉-동진버스,True,4202160,사천진바위섬,BIS inventory,True,True,19,17,128.8764473285357,37.8406481132808,7,6,41,40,0.366876,0.385109,2025-05-27,2025-06-03,8,안목커피거리-안목커피거리,6
2025,42002141,시티1,강릉-동진버스,True,4209998,강문해변,BIS inventory,True,True,7,5,128.91631032849583,37.79540813828357,45,19,17,18,2.358491,1.219512,2025-05-27,2025-06-03,8,안목커피거리-안목커피거리,8
2025,42002141,시티1,강릉-동진버스,True,4209999,사천진해변,BIS inventory,True,True,20,18,128.87344886491002,37.842977470664934,12,3,33,46,0.628931,0.192555,2025-05-27,2025-06-03,8,안목커피거리-안목커피거리,5
2025,42002142,924,강릉-동진버스,True,4200212,연곡면사무소,BIS inventory,True,True,1 | 6,5,128.83761397394952,37.85995465828368,2,3,2,1,40.0,100.0,2025-05-27,2025-06-03,8,연곡면사무소-연곡면사무소,4
2025,42002142,924,강릉-동진버스,True,4200450,연곡해변,BIS inventory,True,True,5,4,128.8529783059013,37.85739414992972,3,0,1,,60.0,0.0,2025-05-27,2025-06-03,8,연곡면사무소-연곡면사무소,2
2025,42002143,945-1,강릉-동진버스,True,4200014,보현사종점,BIS inventory,True,True,14,13,128.79263641819853,37.73803701177597,3,0,9,,2.631579,0.0,2025-05-27,2025-06-03,8,KTX공영주차장-KTX공영주차장,3
2025,42002143,945-1,강릉-동진버스,True,4200252,신영극장,BIS inventory,True,True,28,27,128.8961287589657,37.75448236011555,1,15,13,1,0.877193,32.608696,2025-05-27,2025-06-03,8,KTX공영주차장-KTX공영주차장,7
2025,42002143,945-1,강릉-동진버스,True,4200253,교보생명,BIS inventory,True,True,2,1,128.89811415297848,37.756002485379526,54,0,1,,47.368421,0.0,2025-05-27,2025-06-03,8,KTX공영주차장-KTX공영주차장,8
2025,42002143,945-1,강릉-동진버스,True,4200524,망월이마을,BIS inventory,True,True,11,10,128.7922011149757,37.729439560975074,2,0,11,,1.754386,0.0,2025-05-27,2025-06-03,8,KTX공영주차장-KTX공영주차장,1
2025,42002143,945-1,강릉-동진버스,True,4200528,앞무쇠골,BIS inventory,True,True,13,12,128.7909149887738,37.735806871417466,6,2,6,6,5.263158,4.347826,2025-05-27,2025-06-03,8,KTX공영주차장-KTX공영주차장,4
2025,42002143,945-1,강릉-동진버스,True,4200533,가마골,BIS inventory,True,True,9,8,128.79546755385968,37.722099902068294,6,4,6,5,5.263158,8.695652,2025-05-27,2025-06-03,8,KTX공영주차장-KTX공영주차장,5
2025,42002143,945-1,강릉-동진버스,True,4200540,보광리,BIS inventory,True,True,16,15,128.79683168120394,37.73726419118738,7,0,3,,6.140351,0.0,2025-05-27,2025-06-03,8,KTX공영주차장-KTX공영주차장,5
2025,42002143,945-1,강릉-동진버스,True,4200797,KTX공영주차장환승장,BIS inventory,True,True,1 | 29,28,128.8967850727094,37.762190942376556,1,1,13,7,0.877193,2.173913,2025-05-27,2025-06-03,8,KTX공영주차장-KTX공영주차장,2
2025,42002143,945-1,강릉-동진버스,True,4200967,대관령박물관,BIS inventory,True,True,8,7,128.80456089771366,37.71714451138875,8,7,2,3,7.017544,15.217391,2025-05-27,2025-06-03,8,KTX공영주차장-KTX공영주차장,5
2025,42002143,945-1,강릉-동진버스,True,4200972,어흘리.굴면동,BIS inventory,True,True,7,6,128.81242525863513,37.71968494003737,7,6,3,4,6.140351,13.043478,2025-05-27,2025-06-03,8,KTX공영주차장-KTX공영주차장,8
2025,42002143,945-1,강릉-동진버스,True,4200977,보광리체험학습장,BIS inventory,True,True,20,19,128.80793365498167,37.73787511002778,7,1,3,7,6.140351,2.173913,2025-05-27,2025-06-03,8,KTX공영주차장-KTX공영주차장,5
2025,42002143,945-1,강릉-동진버스,True,4200983,보광평,BIS inventory,True,True,18,17,128.8024466454297,37.73817584117786,4,0,8,,3.508772,0.0,2025-05-27,2025-06-03,8,KTX공영주차장-KTX공영주차장,4
2025,42002143,945-1,강릉-동진버스,True,4200985,보광보건진료소,BIS inventory,True,True,19,18,128.8054363627245,37.73800718407803,1,0,13,,0.877193,0.0,2025-05-27,2025-06-03,8,KTX공영주차장-KTX공영주차장,1
2025,42002143,945-1,강릉-동진버스,True,4201005,성산,BIS inventory,True,True,5,4,128.8271623742617,37.714502339268236,2,0,11,,1.754386,0.0,2025-05-27,2025-06-03,8,KTX공영주차장-KTX공영주차장,2
2025,42002143,945-1,강릉-동진버스,True,4201008,성산면사무소,BIS inventory,True,True,27,26,128.83255254171343,37.71856830087688,1,10,13,2,0.877193,21.73913,2025-05-27,2025-06-03,8,KTX공영주차장-KTX공영주차장,6
2025,42002143,945-1,강릉-동진버스,True,4201009,성산면사무소,BIS inventory,True,True,3,2,128.832602033901,37.718970827982346,1,0,13,,0.877193,0.0,2025-05-27,2025-06-03,8,KTX공영주차장-KTX공영주차장,1
2025,42002143,945-1,강릉-동진버스,True,4201414,대굴령목공소,BIS inventory,True,True,10,9,128.7963265827597,37.72854223767263,3,0,9,,2.631579,0.0,2025-05-27,2025-06-03,8,KTX공영주차장-KTX공영주차장,3
2025,42002144,206-1,강릉-동진버스,True,4200011,동부아파트,BIS inventory,True,True,4,3,128.9151327017873,37.78401368458876,32,0,10,,3.219316,0.0,2025-05-27,2025-06-03,8,강릉고등학교-강릉고정문,8
2025,42002144,206-1,강릉-동진버스,True,4200039,유화아파트,BIS inventory,True,True,3,2,128.91342886671308,37.785727014906996,15,0,18,,1.509054,0.0,2025-05-27,2025-06-03,8,강릉고등학교-강릉고정문,7
2025,42002144,206-1,강릉-동진버스,True,4200041,허균생가입구,BIS inventory,True,True,2,1,128.91292892790995,37.78786454215139,9,0,25,,0.905433,0.0,2025-05-27,2025-06-03,8,강릉고등학교-강릉고정문,5
2025,42002144,206-1,강릉-동진버스,True,4200043,이화해변타운,BIS inventory,True,True,5,4,128.91744670191798,37.78316591377611,12,0,21,,1.207243,0.0,2025-05-27,2025-06-03,8,강릉고등학교-강릉고정문,7
2025,42002144,206-1,강릉-동진버스,True,4200047,강릉고정문,BIS inventory,True,True,63,61,128.91550078840652,37.78828834947499,0,27,,4,0.0,5.498982,2025-05-27,2025-06-03,8,강릉고등학교-강릉고정문,6
2025,42002144,206-1,강릉-동진버스,True,4200049,남강초교,BIS inventory,True,True,50,49,128.91338089940805,37.76735161096919,2,5,45,24,0.201207,1.01833,2025-05-27,2025-06-03,8,강릉고등학교-강릉고정문,3
2025,42002144,206-1,강릉-동진버스,True,4200052,송정래미안,BIS inventory,True,True,59,58,128.93038982126572,37.78292573478735,0,1,,41,0.0,0.203666,2025-05-27,2025-06-03,8,강릉고등학교-강릉고정문,1
2025,42002144,206-1,강릉-동진버스,True,4200053,오성학교,BIS inventory,True,True,58,57,128.93312248716418,37.77978287851338,0,2,,36,0.0,0.407332,2025-05-27,2025-06-03,8,강릉고등학교-강릉고정문,1
2025,42002144,206-1,강릉-동진버스,True,4200055,해당화연립,BIS inventory,True,True,57,56,128.93501598562065,37.778964657496246,1,3,49,31,0.100604,0.610998,2025-05-27,2025-06-03,8,강릉고등학교-강릉고정문,3
2025,42002144,206-1,강릉-동진버스,True,4200057,강릉경찰서,BIS inventory,True,True,13,12,128.90688706685629,37.768055768979885,20,1,14,41,2.012072,0.203666,2025-05-27,2025-06-03,8,강릉고등학교-강릉고정문,8
2025,42002144,206-1,강릉-동진버스,True,4200060,솔올중학교,BIS inventory,True,True,33,32,128.8798722504925,37.77163504014371,7,0,31,,0.704225,0.0,2025-05-27,2025-06-03,8,강릉고등학교-강릉고정문,5
2025,42002144,206-1,강릉-동진버스,True,4200080,경포초등학교,BIS inventory,True,True,34,33,128.87893593974582,37.76974854746925,9,5,25,24,0.905433,1.01833,2025-05-27,2025-06-03,8,강릉고등학교-강릉고정문,6
2025,42002144,206-1,강릉-동진버스,True,4200094,강릉여고,BIS inventory,True,True,47,46,128.90248424479844,37.75904463050879,9,4,25,28,0.905433,0.814664,2025-05-27,2025-06-03,8,강릉고등학교-강릉고정문,6
2025,42002144,206-1,강릉-동진버스,True,4200100,강원도교육연수원,BIS inventory,True,True,62,60,128.91813970318609,37.785074864473685,0,6,,20,0.0,1.221996,2025-05-27,2025-06-03,8,강릉고등학교-강릉고정문,3
2025,42002144,206-1,강릉-동진버스,True,4200104,동명중학교,BIS inventory,True,True,8,7,128.91637238303827,37.777185998905715,4,0,37,,0.402414,0.0,2025-05-27,2025-06-03,8,강릉고등학교-강릉고정문,3
2025,42002144,206-1,강릉-동진버스,True,4200106,KT,BIS inventory,True,True,10,9,128.91181164590185,37.77275858732733,46,1,5,41,4.627767,0.203666,2025-05-27,2025-06-03,8,강릉고등학교-강릉고정문,8
2025,42002144,206-1,강릉-동진버스,True,4200108,동인병원입구,BIS inventory,True,True,11,10,128.90953558421478,37.77125258486367,26,0,11,,2.615694,0.0,2025-05-27,2025-06-03,8,강릉고등학교-강릉고정문,7
2025,42002144,206-1,강릉-동진버스,True,4200110,하슬라중,BIS inventory,True,True,12,11,128.90715554439282,37.77053362559672,17,3,16,31,1.710262,0.610998,2025-05-27,2025-06-03,8,강릉고등학교-강릉고정문,7
2025,42002144,206-1,강릉-동진버스,True,4200114,고용센터,BIS inventory,True,True,21,20,128.88893105798073,37.75744085258255,2,8,45,16,0.201207,1.629328,2025-05-27,2025-06-03,8,강릉고등학교-강릉고정문,3
2025,42002144,206-1,강릉-동진버스,True,4200115,고용센터,BIS inventory,True,True,44,43,128.8890663454416,37.75714942132559,7,2,31,36,0.704225,0.407332,2025-05-27,2025-06-03,8,강릉고등학교-강릉고정문,4
2025,42002144,206-1,강릉-동진버스,True,4200116,적십자입구,BIS inventory,True,True,22,21,128.88726321660565,37.757196360936135,1,3,49,31,0.100604,0.610998,2025-05-27,2025-06-03,8,강릉고등학교-강릉고정문,3
2025,42002144,206-1,강릉-동진버스,True,4200117,적십자입구,BIS inventory,True,True,43,42,128.88647213220725,37.75676623567213,4,0,37,,0.402414,0.0,2025-05-27,2025-06-03,8,강릉고등학교-강릉고정문,4
2025,42002144,206-1,강릉-동진버스,True,4200118,터미널오거리,BIS inventory,True,True,23,22,128.8840640923818,37.75608209292866,4,4,37,28,0.402414,0.814664,2025-05-27,2025-06-03,8,강릉고등학교-강릉고정문,4
2025,42002144,206-1,강릉-동진버스,True,4200119,터미널오거리,BIS inventory,True,True,42,41,128.88381140539954,37.755579088211434,5,0,35,,0.503018,0.0,2025-05-27,2025-06-03,8,강릉고등학교-강릉고정문,2
2025,42002144,206-1,강릉-동진버스,True,4200120,강릉시외.고속터미널,BIS inventory,True,True,24,23,128.8792265208128,37.75505492071011,10,33,23,3,1.006036,6.720978,2025-05-27,2025-06-03,8,강릉고등학교-강릉고정문,8
2025,42002144,206-1,강릉-동진버스,True,4200121,강릉시외.고속터미널,BIS inventory,True,True,41,40,128.87911620808939,37.75486594086855,58,8,3,16,5.83501,1.629328,2025-05-27,2025-06-03,8,강릉고등학교-강릉고정문,7
2025,42002144,206-1,강릉-동진버스,True,4200122,강릉문화원,BIS inventory,True,True,25,24,128.8740921031382,37.75789663608161,1,3,49,31,0.100604,0.610998,2025-05-27,2025-06-03,8,강릉고등학교-강릉고정문,4
2025,42002144,206-1,강릉-동진버스,True,4200123,우편집중국,BIS inventory,True,True,26,25,128.8733706824724,37.76051485370646,4,8,37,16,0.402414,1.629328,2025-05-27,2025-06-03,8,강릉고등학교-강릉고정문,7
2025,42002144,206-1,강릉-동진버스,True,4200124,우편집중국,BIS inventory,True,True,40,39,128.87347187490323,37.76156496879712,20,1,14,41,2.012072,0.203666,2025-05-27,2025-06-03,8,강릉고등학교-강릉고정문,6
2025,42002144,206-1,강릉-동진버스,True,4200125,솔올공연장,BIS inventory,True,True,27,26,128.87460623301726,37.76366952964576,0,22,,5,0.0,4.480652,2025-05-27,2025-06-03,8,강릉고등학교-강릉고정문,7
2025,42002144,206-1,강릉-동진버스,True,4200126,솔올공연장,BIS inventory,True,True,39,38,128.87424793205705,37.763507530751156,36,2,9,36,3.62173,0.407332,2025-05-27,2025-06-03,8,강릉고등학교-강릉고정문,7
2025,42002144,206-1,강릉-동진버스,True,4200127,구름다리,BIS inventory,True,True,28,27,128.87654770197503,37.764512872809554,1,12,49,8,0.100604,2.443992,2025-05-27,2025-06-03,8,강릉고등학교-강릉고정문,5
2025,42002144,206-1,강릉-동진버스,True,4200128,구름다리,BIS inventory,True,True,38,37,128.87743298775584,37.764682397677966,42,1,7,41,4.225352,0.203666,2025-05-27,2025-06-03,8,강릉고등학교-강릉고정문,7
2025,42002144,206-1,강릉-동진버스,True,4200129,주공3차아파트,BIS inventory,True,True,29,28,128.87933873663175,37.76410589188944,3,4,42,28,0.301811,0.814664,2025-05-27,2025-06-03,8,강릉고등학교-강릉고정문,4
2025,42002144,206-1,강릉-동진버스,True,4200130,현대2차아파트,BIS inventory,True,True,37,36,128.87999435131803,37.764311243841746,15,0,18,,1.509054,0.0,2025-05-27,2025-06-03,8,강릉고등학교-강릉고정문,5
2025,42002144,206-1,강릉-동진버스,True,4200131,하이빌현대아파트,BIS inventory,True,True,30,29,128.8824547932286,37.764860822549025,0,12,,8,0.0,2.443992,2025-05-27,2025-06-03,8,강릉고등학교-강릉고정문,6
2025,42002144,206-1,강릉-동진버스,True,4200132,율곡초등학교,BIS inventory,True,True,36,35,128.88221538693716,37.765100900268116,4,0,37,,0.402414,0.0,2025-05-27,2025-06-03,8,강릉고등학교-강릉고정문,3
2025,42002144,206-1,강릉-동진버스,True,4200134,부영2차아파트,BIS inventory,True,True,32,31,128.88281079370944,37.77016072015751,23,0,12,,2.313883,0.0,2025-05-27,2025-06-03,8,강릉고등학교-강릉고정문,6
2025,42002144,206-1,강릉-동진버스,True,4200249,용강동서부시장,BIS inventory,True,True,45,44,128.89167287030088,37.75492247590215,5,18,35,6,0.503018,3.665988,2025-05-27,2025-06-03,8,강릉고등학교-강릉고정문,7
2025,42002144,206-1,강릉-동진버스,True,4200250,용강동서부시장,BIS inventory,True,True,20,19,128.89174828581776,37.7556582744871,22,8,13,16,2.21328,1.629328,2025-05-27,2025-06-03,8,강릉고등학교-강릉고정문,8
2025,42002144,206-1,강릉-동진버스,True,4200251,한국은행,BIS inventory,True,True,19,18,128.89406630781096,37.753485602290496,56,17,4,7,5.633803,3.462322,2025-05-27,2025-06-03,8,강릉고등학교-강릉고정문,8
2025,42002144,206-1,강릉-동진버스,True,4200252,신영극장,BIS inventory,True,True,46,45,128.8961287589657,37.75448236011555,125,89,2,1,12.575453,18.126273,2025-05-27,2025-06-03,8,강릉고등학교-강릉고정문,7
2025,42002144,206-1,강릉-동진버스,True,4200253,교보생명,BIS inventory,True,True,18,17,128.89811415297848,37.756002485379526,149,80,1,2,14.98994,16.293279,2025-05-27,2025-06-03,8,강릉고등학교-강릉고정문,8
2025,42002144,206-1,강릉-동진버스,True,4200258,용지각,BIS inventory,True,True,48,47,128.90534669055177,37.76147384168322,8,12,29,8,0.804829,2.443992,2025-05-27,2025-06-03,8,강릉고등학교-강릉고정문,5
2025,42002144,206-1,강릉-동진버스,True,4200260,동남아파트,BIS inventory,True,True,49,48,128.9088062489658,37.764638779656714,2,6,45,20,0.201207,1.221996,2025-05-27,2025-06-03,8,강릉고등학교-강릉고정문,6
2025,42002144,206-1,강릉-동진버스,True,4200265,혜성연립,BIS inventory,True,True,51,50,128.91575952067353,37.76841531999017,3,10,42,12,0.301811,2.03666,2025-05-27,2025-06-03,8,강릉고등학교-강릉고정문,5
2025,42002144,206-1,강릉-동진버스,True,4200267,삼우은성아파트,BIS inventory,True,True,52,51,128.91973659122027,37.77025900516923,3,5,42,24,0.301811,1.01833,2025-05-27,2025-06-03,8,강릉고등학교-강릉고정문,3
2025,42002144,206-1,강릉-동진버스,True,4200269,이마트,BIS inventory,True,True,53,52,128.92346774482266,37.772222356268564,13,11,20,11,1.307847,2.240326,2025-05-27,2025-06-03,8,강릉고등학교-강릉고정문,6
2025,42002144,206-1,강릉-동진버스,True,4200271,송정동주민센터,BIS inventory,True,True,54,53,128.9281580126049,37.77420386430584,1,1,49,41,0.100604,0.203666,2025-05-27,2025-06-03,8,강릉고등학교-강릉고정문,2
2025,42002144,206-1,강릉-동진버스,True,4200273,송정신원아침도시,BIS inventory,True,True,55,54,128.93190852770562,37.774810233413945,0,3,,31,0.0,0.610998,2025-05-27,2025-06-03,8,강릉고등학교-강릉고정문,2
2025,42002144,206-1,강릉-동진버스,True,4200277,비치소라아파트,BIS inventory,True,True,56,55,128.93435177478304,37.77578862012879,0,9,,14,0.0,1.832994,2025-05-27,2025-06-03,8,강릉고등학교-강릉고정문,4
2025,42002144,206-1,강릉-동진버스,True,4200287,강릉고등학교,BIS inventory,True,True,1,0,128.91470458416677,37.788540253578724,41,0,8,,4.124748,0.0,2025-05-27,2025-06-03,8,강릉고등학교-강릉고정문,8
2025,42002144,206-1,강릉-동진버스,True,4200288,경포고교,BIS inventory,True,True,6,5,128.91881546540267,37.78075927662396,9,0,25,,0.905433,0.0,2025-05-27,2025-06-03,8,강릉고등학교-강릉고정문,5
2025,42002144,206-1,강릉-동진버스,True,4200289,한솔초교,BIS inventory,True,True,9,8,128.9142086436632,37.775058134113436,8,2,29,36,0.804829,0.407332,2025-05-27,2025-06-03,8,강릉고등학교-강릉고정문,7
2025,42002144,206-1,강릉-동진버스,True,4200292,주공1차아파트,BIS inventory,True,True,35,34,128.88256780330317,37.766843575404636,7,1,31,41,0.704225,0.203666,2025-05-27,2025-06-03,8,강릉고등학교-강릉고정문,5
2025,42002144,206-1,강릉-동진버스,True,4200315,구터미널,BIS inventory,True,True,16,15,128.8988430353628,37.76163002626936,16,6,17,20,1.609658,1.221996,2025-05-27,2025-06-03,8,강릉고등학교-강릉고정문,8
2025,42002144,206-1,강릉-동진버스,True,4200320,강릉역육거리,BIS inventory,True,True,15,14,128.9015605860337,37.763796951176055,10,9,23,14,1.006036,1.832994,2025-05-27,2025-06-03,8,강릉고등학교-강릉고정문,5
2025,42002144,206-1,강릉-동진버스,True,4200322,동도센트리움,BIS inventory,True,True,14,13,128.90456486009336,37.76619195310031,11,2,22,36,1.10664,0.407332,2025-05-27,2025-06-03,8,강릉고등학교-강릉고정문,6
2025,42002144,206-1,강릉-동진버스,True,4200365,삼성디지털센터,BIS inventory,True,True,17,16,128.8966989039856,37.75811194350719,2,5,45,24,0.201207,1.01833,2025-05-27,2025-06-03,8,강릉고등학교-강릉고정문,5
2025,42002144,206-1,강릉-동진버스,True,4200530,주공2차아파트,BIS inventory,True,True,31,30,128.8850454710998,37.768615366200436,46,10,5,12,4.627767,2.03666,2025-05-27,2025-06-03,8,강릉고등학교-강릉고정문,7
2025,42002144,206-1,강릉-동진버스,True,4201220,포남2주공입구,BIS inventory,True,True,7,6,128.9179885478381,37.77901498558293,7,0,31,,0.704225,0.0,2025-05-27,2025-06-03,8,강릉고등학교-강릉고정문,3
2025,42002144,206-1,강릉-동진버스,True,4201233,초당분수공원,BIS inventory,True,True,61,59,128.9221385517862,37.785996929695614,1,6,49,20,0.100604,1.221996,2025-05-27,2025-06-03,8,강릉고등학교-강릉고정문,4
2025,42002145,913,강릉-동진버스,True,4200194,주문진항입구,BIS inventory,True,True,8,7,128.82670250148865,37.8926318795772,1,23,6,1,1.010101,41.818182,2025-05-27,2025-06-03,8,주문진시외버스터-주문진시외버스터,8
2025,42002145,913,강릉-동진버스,True,4200195,주문진항입구,BIS inventory,True,True,4,3,128.82690557497094,37.892668432750234,4,1,3,6,4.040404,1.818182,2025-05-27,2025-06-03,8,주문진시외버스터-주문진시외버스터,2
2025,42002145,913,강릉-동진버스,True,4200196,작은다리,BIS inventory,True,True,3,2,128.8261349428677,37.89101262248175,9,0,2,,9.090909,0.0,2025-05-27,2025-06-03,8,주문진시외버스터-주문진시외버스터,8
2025,42002145,913,강릉-동진버스,True,4200197,작은다리,BIS inventory,True,True,9,8,128.82583778093624,37.88994679111109,1,13,6,2,1.010101,23.636364,2025-05-27,2025-06-03,8,주문진시외버스터-주문진시외버스터,7
2025,42002145,913,강릉-동진버스,True,4200198,원마트,BIS inventory,True,True,2,1,128.82575730347685,37.88826959645488,1,0,6,,1.010101,0.0,2025-05-27,2025-06-03,8,주문진시외버스터-주문진시외버스터,1
2025,42002145,913,강릉-동진버스,True,4200448,주문진시외버스터미널,BIS inventory,True,True,1 | 11,10,128.8255388895829,37.884201127994984,4,1,3,6,4.040404,1.818182,2025-05-27,2025-06-03,8,주문진시외버스터-주문진시외버스터,3
2025,42002145,913,강릉-동진버스,True,4200520,우신아파트,BIS inventory,True,True,6,5,128.8255393760297,37.87241785986445,76,7,1,3,76.767677,12.727273,2025-05-27,2025-06-03,8,주문진시외버스터-주문진시외버스터,8
2025,42002145,913,강릉-동진버스,True,4201232,원마트,BIS inventory,True,True,10,9,128.8255161831108,37.88764901879385,0,7,,3,0.0,12.727273,2025-05-27,2025-06-03,8,주문진시외버스터-주문진시외버스터,5
2025,42002145,913,강릉-동진버스,True,4201391,주문진읍사무소,BIS inventory,True,True,5,4,128.8238312459903,37.8934502421149,3,0,5,,3.030303,0.0,2025-05-27,2025-06-03,8,주문진시외버스터-주문진시외버스터,2
2025,42002145,913,강릉-동진버스,True,4201393,주문진읍사무소,BIS inventory,True,True,7,6,128.82369473290439,37.893285463228835,0,3,,5,0.0,5.454545,2025-05-27,2025-06-03,8,주문진시외버스터-주문진시외버스터,2
2025,42002146,971,강릉-동진버스,True,4200512,덕현리,BIS inventory,True,True,42,41,128.92611817321585,37.705859421056175,1,0,5,,5.263158,0.0,2025-05-27,2025-06-03,8,덕현리마을회관-덕현리마을회관,1
2025,42002146,971,강릉-동진버스,True,4200513,덕현리,BIS inventory,True,True,2,1,128.92602088648235,37.70591024035886,1,0,5,,5.263158,0.0,2025-05-27,2025-06-03,8,덕현리마을회관-덕현리마을회관,1
2025,42002146,971,강릉-동진버스,True,4200634,소양가든,BIS inventory,True,True,41,40,128.91482886328737,37.70544797167058,1,0,5,,5.263158,0.0,2025-05-27,2025-06-03,8,덕현리마을회관-덕현리마을회관,1
2025,42002146,971,강릉-동진버스,True,4200641,한빛마을입구,BIS inventory,True,True,7,6,128.9070507747374,37.69408474392719,2,0,3,,10.526316,0.0,2025-05-27,2025-06-03,8,덕현리마을회관-덕현리마을회관,1
2025,42002146,971,강릉-동진버스,True,4200705,학산설래,BIS inventory,True,True,10,9,128.89315390645208,37.69579111479832,0,2,,2,0.0,33.333333,2025-05-27,2025-06-03,8,덕현리마을회관-덕현리마을회관,1
2025,42002146,971,강릉-동진버스,True,4200709,학산2리마을회관,BIS inventory,True,True,12,11,128.8886619883527,37.70619292326437,6,0,1,,31.578947,0.0,2025-05-27,2025-06-03,8,덕현리마을회관-덕현리마을회관,3
2025,42002146,971,강릉-동진버스,True,4200718,학마을앞,BIS inventory,True,True,14,13,128.88924569543022,37.716217165702425,0,1,,3,0.0,16.666667,2025-05-27,2025-06-03,8,덕현리마을회관-덕현리마을회관,1
2025,42002146,971,강릉-동진버스,True,4200812,구정보건지소,BIS inventory,True,True,27,26,128.88246310473926,37.72030864287925,1,0,5,,5.263158,0.0,2025-05-27,2025-06-03,8,덕현리마을회관-덕현리마을회관,1
2025,42002146,971,강릉-동진버스,True,4200814,구정면사무소,BIS inventory,True,True,26,25,128.88002787863965,37.71794143004597,0,3,,1,0.0,50.0,2025-05-27,2025-06-03,8,덕현리마을회관-덕현리마을회관,2
2025,42002146,971,강릉-동진버스,True,4200816,오뚜기물류서비스,BIS inventory,True,True,25,24,128.87782869819907,37.71615014292806,4,0,2,,21.052632,0.0,2025-05-27,2025-06-03,8,덕현리마을회관-덕현리마을회관,1
2025,42002146,971,강릉-동진버스,True,4200818,성황당,BIS inventory,True,True,24,23,128.8735164959862,37.712407011021696,1,0,5,,5.263158,0.0,2025-05-27,2025-06-03,8,덕현리마을회관-덕현리마을회관,1
2025,42002146,971,강릉-동진버스,True,4200822,솔향수목원입구,BIS inventory,True,True,22,21,128.8693376080556,37.70921581710481,2,0,3,,10.526316,0.0,2025-05-27,2025-06-03,8,덕현리마을회관-덕현리마을회관,1
2025,42002147,965,강릉-동진버스,True,4200293,강릉역건너편,BIS inventory,True,True,1,0,128.8990669694857,37.76400772021464,1,0,2,,33.333333,0.0,2025-05-27,2025-06-03,8,강릉역건너편-옥계현내시장,1
2025,42002147,965,강릉-동진버스,True,4201197,강릉중입구,BIS inventory,True,True,4,3,128.9042740269736,37.752586182446684,2,0,1,,66.666667,0.0,2025-05-27,2025-06-03,8,강릉역건너편-옥계현내시장,1
2025,42002147,965,강릉-동진버스,True,4202032,옥계현내시장,BIS inventory,True,True,9,8,129.03512810350702,37.608949806593664,0,1,,1,0.0,100.0,2025-05-27,2025-06-03,8,강릉역건너편-옥계현내시장,1
2025,42002151,212,강릉-동진버스,True,4200047,강릉고정문,BIS inventory,True,True,35,33,128.91550078840652,37.78828834947499,7,33,16,2,1.580135,13.52459,2025-05-27,2025-06-03,8,안목-안목커피거리,7
2025,42002151,212,강릉-동진버스,True,4200054,삼익아파트,BIS inventory,True,True,40,37,128.93336344346523,37.7794509217129,0,2,,19,0.0,0.819672,2025-05-27,2025-06-03,8,안목-안목커피거리,2
2025,42002151,212,강릉-동진버스,True,4200081,강일여고정문,BIS inventory,True,True,23,21,128.88831689919587,37.76415997041872,3,3,24,16,0.677201,1.229508,2025-05-27,2025-06-03,8,안목-안목커피거리,5
2025,42002151,212,강릉-동진버스,True,4200095,한국자산관리공사,BIS inventory,True,True,12,11,128.90111921880606,37.75827929877246,19,0,10,,4.288939,0.0,2025-05-27,2025-06-03,8,안목-안목커피거리,5
2025,42002151,212,강릉-동진버스,True,4200100,강원도교육연수원,BIS inventory,True,True,34,32,128.91813970318609,37.785074864473685,0,11,,7,0.0,4.508197,2025-05-27,2025-06-03,8,안목-안목커피거리,4
2025,42002151,212,강릉-동진버스,True,4200103,경포고교,BIS inventory,True,True,33,31,128.9190546436117,37.78057981084284,0,1,,22,0.0,0.409836,2025-05-27,2025-06-03,8,안목-안목커피거리,1
2025,42002151,212,강릉-동진버스,True,4200105,동명중학교,BIS inventory,True,True,31,29,128.9161008666347,37.77658681943468,6,0,19,,1.354402,0.0,2025-05-27,2025-06-03,8,안목-안목커피거리,2
2025,42002151,212,강릉-동진버스,True,4200107,KT,BIS inventory,True,True,29,27,128.9125052185983,37.77309475265464,11,4,12,12,2.48307,1.639344,2025-05-27,2025-06-03,8,안목-안목커피거리,7
2025,42002151,212,강릉-동진버스,True,4200109,동인병원입구,BIS inventory,True,True,28,26,128.9094857690125,37.77102450992961,4,1,22,22,0.902935,0.409836,2025-05-27,2025-06-03,8,안목-안목커피거리,4
2025,42002151,212,강릉-동진버스,True,4200111,하슬라중,BIS inventory,True,True,27,25,128.90761293140218,37.77043125987649,2,1,26,22,0.451467,0.409836,2025-05-27,2025-06-03,8,안목-안목커피거리,2
2025,42002151,212,강릉-동진버스,True,4200114,고용센터,BIS inventory,True,True,16,15,128.88893105798073,37.75744085258255,1,4,28,12,0.225734,1.639344,2025-05-27,2025-06-03,8,안목-안목커피거리,3
2025,42002151,212,강릉-동진버스,True,4200118,터미널오거리,BIS inventory,True,True,18,17,128.8840640923818,37.75608209292866,2,7,26,9,0.451467,2.868852,2025-05-27,2025-06-03,8,안목-안목커피거리,5
2025,42002151,212,강릉-동진버스,True,4200121,강릉시외.고속터미널,BIS inventory,True,True,20,19,128.87911620808939,37.75486594086855,33,30,3,3,7.44921,12.295082,2025-05-27,2025-06-03,8,안목-안목커피거리,8
2025,42002151,212,강릉-동진버스,True,4200250,용강동서부시장,BIS inventory,True,True,15,14,128.89174828581776,37.7556582744871,8,2,14,19,1.805869,0.819672,2025-05-27,2025-06-03,8,안목-안목커피거리,5
2025,42002151,212,강릉-동진버스,True,4200251,한국은행,BIS inventory,True,True,14,13,128.89406630781096,37.753485602290496,18,15,11,5,4.063205,6.147541,2025-05-27,2025-06-03,8,안목-안목커피거리,8
2025,42002151,212,강릉-동진버스,True,4200253,교보생명,BIS inventory,True,True,13,12,128.89811415297848,37.756002485379526,30,42,7,1,6.772009,17.213115,2025-05-27,2025-06-03,8,안목-안목커피거리,8
2025,42002151,212,강릉-동진버스,True,4200259,용지각,BIS inventory,True,True,11,10,128.90537716328666,37.76184119439877,7,5,16,11,1.580135,2.04918,2025-05-27,2025-06-03,8,안목-안목커피거리,7
2025,42002151,212,강릉-동진버스,True,4200262,로얄아파트.포남1동주민센터,BIS inventory,True,True,9,8,128.90933288179943,37.76545703763149,4,3,22,16,0.902935,1.229508,2025-05-27,2025-06-03,8,안목-안목커피거리,5
2025,42002151,212,강릉-동진버스,True,4200264,구)동해상사,BIS inventory,True,True,8,7,128.91165113985977,37.76683747950902,25,1,8,22,5.643341,0.409836,2025-05-27,2025-06-03,8,안목-안목커피거리,8
2025,42002151,212,강릉-동진버스,True,4200266,혜성연립,BIS inventory,True,True,7,6,128.9154402649905,37.76852760326643,33,0,3,,7.44921,0.0,2025-05-27,2025-06-03,8,안목-안목커피거리,8
2025,42002151,212,강릉-동진버스,True,4200268,삼우은성아파트,BIS inventory,True,True,6,5,128.91881978171756,37.77007704319862,25,2,8,19,5.643341,0.819672,2025-05-27,2025-06-03,8,안목-안목커피거리,8
2025,42002151,212,강릉-동진버스,True,4200270,이마트,BIS inventory,True,True,5,4,128.92290403192536,37.77218493598484,8,1,14,22,1.805869,0.409836,2025-05-27,2025-06-03,8,안목-안목커피거리,5
2025,42002151,212,강릉-동진버스,True,4200272,송정동주민센터,BIS inventory,True,True,4,3,128.92775106138072,37.77430053196711,5,1,20,22,1.128668,0.409836,2025-05-27,2025-06-03,8,안목-안목커피거리,5
2025,42002151,212,강릉-동진버스,True,4200274,송정노인회관,BIS inventory,True,True,3,2,128.93141909498914,37.77512821569013,33,1,3,22,7.44921,0.409836,2025-05-27,2025-06-03,8,안목-안목커피거리,7
2025,42002151,212,강릉-동진버스,True,4200279,신도브래뉴,BIS inventory,True,True,42,39,128.93862914925478,37.77730338810464,0,6,,10,0.0,2.459016,2025-05-27,2025-06-03,8,안목-안목커피거리,3
2025,42002151,212,강릉-동진버스,True,4200290,한솔초교,BIS inventory,True,True,30,28,128.91448068318238,37.77500059793141,5,1,20,22,1.128668,0.409836,2025-05-27,2025-06-03,8,안목-안목커피거리,3
2025,42002151,212,강릉-동진버스,True,4200318,포남시장,BIS inventory,True,True,10,9,128.90766061502285,37.76392281820552,1,0,28,,0.225734,0.0,2025-05-27,2025-06-03,8,안목-안목커피거리,1
2025,42002151,212,강릉-동진버스,True,4200721,강릉역,BIS inventory,True,True,25,23,128.8992580056024,37.76416330670135,58,4,1,12,13.092551,1.639344,2025-05-27,2025-06-03,8,안목-안목커피거리,8
2025,42002151,212,강릉-동진버스,True,4200750,강릉시청앞,BIS inventory,True,True,19,18,128.88013307678156,37.753651204654936,0,3,,16,0.0,1.229508,2025-05-27,2025-06-03,8,안목-안목커피거리,3
2025,42002151,212,강릉-동진버스,True,4201043,안목,BIS inventory,True,True,1,0,128.94526892930932,37.77285146151794,33,0,3,,7.44921,0.0,2025-05-27,2025-06-03,8,안목-안목커피거리,6
2025,42002151,212,강릉-동진버스,True,4201044,안목커피거리,BIS inventory,True,True,44,40,128.94543559396536,37.77260342997581,0,28,,4,0.0,11.47541,2025-05-27,2025-06-03,8,안목-안목커피거리,8
2025,42002151,212,강릉-동진버스,True,4201234,초당분수공원,BIS inventory,True,True,37,35,128.92421540479356,37.78614360918137,0,1,,22,0.0,0.409836,2025-05-27,2025-06-03,8,안목-안목커피거리,1
2025,42002151,212,강릉-동진버스,True,4201236,포남2주공입구,BIS inventory,True,True,32,30,128.91810027987142,37.77873395771816,0,1,,22,0.0,0.409836,2025-05-27,2025-06-03,8,안목-안목커피거리,1
2025,42002151,212,강릉-동진버스,True,4201376,가작다리입구,BIS inventory,True,True,24,22,128.8944549231389,37.76589747732919,7,4,16,12,1.580135,1.639344,2025-05-27,2025-06-03,8,안목-안목커피거리,3
2025,42002151,212,강릉-동진버스,True,4201386,송정한신아파트후문,BIS inventory,True,True,2,1,128.93962441064605,37.773612640324636,9,0,13,,2.031603,0.0,2025-05-27,2025-06-03,8,안목-안목커피거리,6
2025,42002151,212,강릉-동진버스,True,4202154,롯데캐슬시그니처,BIS inventory,True,True,22,20,128.88177646219214,37.761744282876045,42,14,2,6,9.480813,5.737705,2025-05-27,2025-06-03,8,안목-안목커피거리,8
2025,42002151,212,강릉-동진버스,True,4202155,교동하늘채스카이파크,BIS inventory,True,True,26,24,128.90139949657416,37.77044271657007,1,1,28,22,0.225734,0.409836,2025-05-27,2025-06-03,8,안목-안목커피거리,2
2025,42002151,212,강릉-동진버스,True,4202156,세인트존스호텔,BIS inventory,True,True,36,34,128.92066155176954,37.789921292283566,3,11,24,7,0.677201,4.508197,2025-05-27,2025-06-03,8,안목-안목커피거리,6
2025,42002152,212-1,강릉-동진버스,True,4200048,강릉고정문,BIS inventory,True,True,9,6,128.91587216477294,37.7875280017598,9,6,10,10,2.158273,2.120141,2025-05-27,2025-06-03,8,안목-안목커피거리,4
2025,42002152,212-1,강릉-동진버스,True,4200049,남강초교,BIS inventory,True,True,36,32,128.91338089940805,37.76735161096919,3,11,25,6,0.719424,3.886926,2025-05-27,2025-06-03,8,안목-안목커피거리,8
2025,42002152,212-1,강릉-동진버스,True,4200052,송정래미안,BIS inventory,True,True,6,4,128.93038982126572,37.78292573478735,1,0,29,,0.239808,0.0,2025-05-27,2025-06-03,8,안목-안목커피거리,1
2025,42002152,212-1,강릉-동진버스,True,4200053,오성학교,BIS inventory,True,True,5,3,128.93312248716418,37.77978287851338,5,0,18,,1.199041,0.0,2025-05-27,2025-06-03,8,안목-안목커피거리,4
2025,42002152,212-1,강릉-동진버스,True,4200055,해당화연립,BIS inventory,True,True,4,2,128.93501598562065,37.778964657496246,8,0,12,,1.918465,0.0,2025-05-27,2025-06-03,8,안목-안목커피거리,5
2025,42002152,212-1,강릉-동진버스,True,4200059,강원도교육연수원,BIS inventory,True,True,10,7,128.9180532877992,37.78499697853126,0,1,,30,0.0,0.353357,2025-05-27,2025-06-03,8,안목-안목커피거리,1
2025,42002152,212-1,강릉-동진버스,True,4200082,강일여고정문,BIS inventory,True,True,23,20,128.8875516595327,37.76393626119314,1,4,29,18,0.239808,1.413428,2025-05-27,2025-06-03,8,안목-안목커피거리,1
2025,42002152,212-1,강릉-동진버스,True,4200094,강릉여고,BIS inventory,True,True,33,29,128.90248424479844,37.75904463050879,5,6,18,10,1.199041,2.120141,2025-05-27,2025-06-03,8,안목-안목커피거리,6
2025,42002152,212-1,강릉-동진버스,True,4200101,강릉고입구,BIS inventory,True,True,11,8,128.92013482012848,37.783607089094346,4,4,22,18,0.959233,1.413428,2025-05-27,2025-06-03,8,안목-안목커피거리,4
2025,42002152,212-1,강릉-동진버스,True,4200104,동명중학교,BIS inventory,True,True,14,11,128.91637238303827,37.777185998905715,3,0,25,,0.719424,0.0,2025-05-27,2025-06-03,8,안목-안목커피거리,2
2025,42002152,212-1,강릉-동진버스,True,4200106,KT,BIS inventory,True,True,16,13,128.91181164590185,37.77275858732733,14,3,8,23,3.357314,1.060071,2025-05-27,2025-06-03,8,안목-안목커피거리,8
2025,42002152,212-1,강릉-동진버스,True,4200108,동인병원입구,BIS inventory,True,True,17,14,128.90953558421478,37.77125258486367,9,2,10,27,2.158273,0.706714,2025-05-27,2025-06-03,8,안목-안목커피거리,5
2025,42002152,212-1,강릉-동진버스,True,4200110,하슬라중,BIS inventory,True,True,18,15,128.90715554439282,37.77053362559672,4,4,22,18,0.959233,1.413428,2025-05-27,2025-06-03,8,안목-안목커피거리,5
2025,42002152,212-1,강릉-동진버스,True,4200115,고용센터,BIS inventory,True,True,30,26,128.8890663454416,37.75714942132559,8,10,12,7,1.918465,3.533569,2025-05-27,2025-06-03,8,안목-안목커피거리,7
2025,42002152,212-1,강릉-동진버스,True,4200117,적십자입구,BIS inventory,True,True,29,25,128.88647213220725,37.75676623567213,6,0,16,,1.438849,0.0,2025-05-27,2025-06-03,8,안목-안목커피거리,4
2025,42002152,212-1,강릉-동진버스,True,4200119,터미널오거리,BIS inventory,True,True,28,24,128.88381140539954,37.755579088211434,16,0,7,,3.83693,0.0,2025-05-27,2025-06-03,8,안목-안목커피거리,7
2025,42002152,212-1,강릉-동진버스,True,4200121,강릉시외.고속터미널,BIS inventory,True,True,27,23,128.87911620808939,37.75486594086855,106,17,1,4,25.419664,6.007067,2025-05-27,2025-06-03,8,안목-안목커피거리,8
2025,42002152,212-1,강릉-동진버스,True,4200249,용강동서부시장,BIS inventory,True,True,31,27,128.89167287030088,37.75492247590215,12,18,9,3,2.877698,6.360424,2025-05-27,2025-06-03,8,안목-안목커피거리,7
2025,42002152,212-1,강릉-동진버스,True,4200252,신영극장,BIS inventory,True,True,32,28,128.8961287589657,37.75448236011555,79,64,2,1,18.944844,22.614841,2025-05-27,2025-06-03,8,안목-안목커피거리,8
2025,42002152,212-1,강릉-동진버스,True,4200258,용지각,BIS inventory,True,True,34,30,128.90534669055177,37.76147384168322,8,4,12,18,1.918465,1.413428,2025-05-27,2025-06-03,8,안목-안목커피거리,5
2025,42002152,212-1,강릉-동진버스,True,4200260,동남아파트,BIS inventory,True,True,35,31,128.9088062489658,37.764638779656714,8,5,12,13,1.918465,1.766784,2025-05-27,2025-06-03,8,안목-안목커피거리,6
2025,42002152,212-1,강릉-동진버스,True,4200263,송정한신아파트후문,BIS inventory,True,True,43,39,128.9386138022858,37.773558747641985,0,4,,18,0.0,1.413428,2025-05-27,2025-06-03,8,안목-안목커피거리,3
2025,42002152,212-1,강릉-동진버스,True,4200265,혜성연립,BIS inventory,True,True,37,33,128.91575952067353,37.76841531999017,0,5,,13,0.0,1.766784,2025-05-27,2025-06-03,8,안목-안목커피거리,4
2025,42002152,212-1,강릉-동진버스,True,4200267,삼우은성아파트,BIS inventory,True,True,38,34,128.91973659122027,37.77025900516923,4,5,22,13,0.959233,1.766784,2025-05-27,2025-06-03,8,안목-안목커피거리,5
2025,42002152,212-1,강릉-동진버스,True,4200269,이마트,BIS inventory,True,True,39,35,128.92346774482266,37.772222356268564,1,9,29,8,0.239808,3.180212,2025-05-27,2025-06-03,8,안목-안목커피거리,6
2025,42002152,212-1,강릉-동진버스,True,4200271,송정동주민센터,BIS inventory,True,True,40,36,128.9281580126049,37.77420386430584,0,3,,23,0.0,1.060071,2025-05-27,2025-06-03,8,안목-안목커피거리,2
2025,42002152,212-1,강릉-동진버스,True,4200273,송정신원아침도시,BIS inventory,True,True,41,37,128.93190852770562,37.774810233413945,0,5,,13,0.0,1.766784,2025-05-27,2025-06-03,8,안목-안목커피거리,3
2025,42002152,212-1,강릉-동진버스,True,4200275,송정한신아파트입구,BIS inventory,True,True,42,38,128.93667614488956,37.77380916737768,0,1,,30,0.0,0.353357,2025-05-27,2025-06-03,8,안목-안목커피거리,1
2025,42002152,212-1,강릉-동진버스,True,4200280,송정해변,BIS inventory,True,True,3,1,128.9381119893655,37.77768849372205,5,1,18,30,1.199041,0.353357,2025-05-27,2025-06-03,8,안목-안목커피거리,3
2025,42002152,212-1,강릉-동진버스,True,4200288,경포고교,BIS inventory,True,True,12,9,128.91881546540267,37.78075927662396,5,3,18,23,1.199041,1.060071,2025-05-27,2025-06-03,8,안목-안목커피거리,5
2025,42002152,212-1,강릉-동진버스,True,4200289,한솔초교,BIS inventory,True,True,15,12,128.9142086436632,37.775058134113436,2,1,28,30,0.479616,0.353357,2025-05-27,2025-06-03,8,안목-안목커피거리,3
2025,42002152,212-1,강릉-동진버스,True,4200542,강릉MBC,BIS inventory,True,True,19,16,128.90392601394964,37.77039013888439,0,3,,23,0.0,1.060071,2025-05-27,2025-06-03,8,안목-안목커피거리,2
2025,42002152,212-1,강릉-동진버스,True,4200721,강릉역,BIS inventory,True,True,21,18,128.8992580056024,37.76416330670135,22,15,3,5,5.275779,5.300353,2025-05-27,2025-06-03,8,안목-안목커피거리,8
2025,42002152,212-1,강릉-동진버스,True,4200750,강릉시청앞,BIS inventory,True,True,26,22,128.88013307678156,37.753651204654936,0,2,,27,0.0,0.706714,2025-05-27,2025-06-03,8,안목-안목커피거리,2
2025,42002152,212-1,강릉-동진버스,True,4201043,안목,BIS inventory,True,True,1,0,128.94526892930932,37.77285146151794,21,0,4,,5.035971,0.0,2025-05-27,2025-06-03,8,안목-안목커피거리,5
2025,42002152,212-1,강릉-동진버스,True,4201044,안목커피거리,BIS inventory,True,True,44,40,128.94543559396536,37.77260342997581,1,45,29,2,0.239808,15.90106,2025-05-27,2025-06-03,8,안목-안목커피거리,8
2025,42002152,212-1,강릉-동진버스,True,4201220,포남2주공입구,BIS inventory,True,True,13,10,128.9179885478381,37.77901498558293,6,2,16,27,1.438849,0.706714,2025-05-27,2025-06-03,8,안목-안목커피거리,3
2025,42002152,212-1,강릉-동진버스,True,4201221,교동하늘채스카이파크,BIS inventory,True,True,20,17,128.90200271905258,37.770481553669924,3,6,25,10,0.719424,2.120141,2025-05-27,2025-06-03,8,안목-안목커피거리,7
2025,42002152,212-1,강릉-동진버스,True,4201375,가작다리입구,BIS inventory,True,True,22,19,128.8943546413669,37.766101443660936,1,0,29,,0.239808,0.0,2025-05-27,2025-06-03,8,안목-안목커피거리,1
2025,42002152,212-1,강릉-동진버스,True,4202157,롯데캐슬시그니처,BIS inventory,True,True,24,21,128.88150991460472,37.76169156053964,20,9,5,8,4.796163,3.180212,2025-05-27,2025-06-03,8,안목-안목커피거리,7
2025,42002152,212-1,강릉-동진버스,True,4202158,세인트존스호텔,BIS inventory,True,True,8,5,128.9208321964743,37.79000919070631,17,5,6,13,4.076739,1.766784,2025-05-27,2025-06-03,8,안목-안목커피거리,7
2025,42091001,200,강릉-동해상사,True,4200042,롯데캐슬아파트,BIS inventory,True,True,43,40,128.89120929799194,37.766948306391974,126,16,10,29,3.012912,0.850159,2025-05-27,2025-06-03,8,안목-안목커피거리,8
2025,42091001,200,강릉-동해상사,True,4200051,송정래미안,BIS inventory,True,True,62,58,128.93021609974548,37.78282723196739,2,7,59,41,0.047824,0.371945,2025-05-27,2025-06-03,8,안목-안목커피거리,5
2025,42091001,200,강릉-동해상사,True,4200052,송정래미안,BIS inventory,True,True,6,4,128.93038982126572,37.78292573478735,4,2,52,51,0.095648,0.10627,2025-05-27,2025-06-03,8,안목-안목커피거리,4
2025,42091001,200,강릉-동해상사,True,4200053,오성학교,BIS inventory,True,True,5,3,128.93312248716418,37.77978287851338,16,0,41,,0.382592,0.0,2025-05-27,2025-06-03,8,안목-안목커피거리,7
2025,42091001,200,강릉-동해상사,True,4200054,삼익아파트,BIS inventory,True,True,63,59,128.93336344346523,37.7794509217129,0,13,,33,0.0,0.690755,2025-05-27,2025-06-03,8,안목-안목커피거리,5
2025,42091001,200,강릉-동해상사,True,4200055,해당화연립,BIS inventory,True,True,4,2,128.93501598562065,37.778964657496246,35,5,30,46,0.83692,0.265675,2025-05-27,2025-06-03,8,안목-안목커피거리,8
2025,42091001,200,강릉-동해상사,True,4200056,해당화연립,BIS inventory,True,True,64,60,128.9356053065312,37.7785328972295,4,13,52,33,0.095648,0.690755,2025-05-27,2025-06-03,8,안목-안목커피거리,6
2025,42091001,200,강릉-동해상사,True,4200086,강원대학교후문,BIS inventory,True,True,34,31,128.8748802531449,37.77322772576275,0,49,,9,0.0,2.603613,2025-05-27,2025-06-03,8,안목-안목커피거리,8
2025,42091001,200,강릉-동해상사,True,4200087,강원대학교후문,BIS inventory,True,True,36,33,128.87498639848286,37.77315204059329,226,1,4,53,5.404113,0.053135,2025-05-27,2025-06-03,8,안목-안목커피거리,8
2025,42091001,200,강릉-동해상사,True,4200088,문성고등학교,BIS inventory,True,True,37,34,128.8747975765768,37.776789915738114,163,0,5,,3.897657,0.0,2025-05-27,2025-06-03,8,안목-안목커피거리,8
2025,42091001,200,강릉-동해상사,True,4200089,문성고등학교,BIS inventory,True,True,33,30,128.87460137001867,37.776791669303456,4,34,52,14,0.095648,1.806589,2025-05-27,2025-06-03,8,안목-안목커피거리,7
2025,42091001,200,강릉-동해상사,True,4200090,한옥마을,BIS inventory,True,True,38,35,128.8775249835254,37.777067812459386,15,2,43,51,0.35868,0.10627,2025-05-27,2025-06-03,8,안목-안목커피거리,7
2025,42091001,200,강릉-동해상사,True,4200091,한옥마을,BIS inventory,True,True,32,29,128.877399547533,37.77711052551884,0,13,,33,0.0,0.690755,2025-05-27,2025-06-03,8,안목-안목커피거리,5
2025,42091001,200,강릉-동해상사,True,4200092,오죽헌,BIS inventory,True,True,39,36,128.8797380363922,37.77879711032111,30,9,33,37,0.71736,0.478215,2025-05-27,2025-06-03,8,안목-안목커피거리,7
2025,42091001,200,강릉-동해상사,True,4200093,오죽헌,BIS inventory,True,True,31,28,128.88009218006442,37.77900408798861,4,21,52,22,0.095648,1.115834,2025-05-27,2025-06-03,8,안목-안목커피거리,8
2025,42091001,200,강릉-동해상사,True,4200094,강릉여고,BIS inventory,True,True,48,45,128.90248424479844,37.75904463050879,93,21,13,22,2.223816,1.115834,2025-05-27,2025-06-03,8,안목-안목커피거리,8
2025,42091001,200,강릉-동해상사,True,4200095,한국자산관리공사,BIS inventory,True,True,21,18,128.90111921880606,37.75827929877246,60,31,22,17,1.43472,1.647184,2025-05-27,2025-06-03,8,안목-안목커피거리,7
2025,42091001,200,강릉-동해상사,True,4200101,강릉고입구,BIS inventory,True,True,9,6,128.92013482012848,37.783607089094346,70,1,17,53,1.67384,0.053135,2025-05-27,2025-06-03,8,안목-안목커피거리,8
2025,42091001,200,강릉-동해상사,True,4200102,강릉고입구,BIS inventory,True,True,59,56,128.92044843215433,37.78352944320342,37,35,29,13,0.884744,1.859724,2025-05-27,2025-06-03,8,안목-안목커피거리,7
2025,42091001,200,강릉-동해상사,True,4200103,경포고교,BIS inventory,True,True,58,55,128.9190546436117,37.78057981084284,11,19,46,26,0.263032,1.009564,2025-05-27,2025-06-03,8,안목-안목커피거리,7
2025,42091001,200,강릉-동해상사,True,4200104,동명중학교,BIS inventory,True,True,12,9,128.91637238303827,37.777185998905715,31,0,32,,0.741272,0.0,2025-05-27,2025-06-03,8,안목-안목커피거리,8
2025,42091001,200,강릉-동해상사,True,4200105,동명중학교,BIS inventory,True,True,56,53,128.9161008666347,37.77658681943468,22,9,37,37,0.526064,0.478215,2025-05-27,2025-06-03,8,안목-안목커피거리,7
2025,42091001,200,강릉-동해상사,True,4200106,KT,BIS inventory,True,True,14,11,128.91181164590185,37.77275858732733,162,10,6,36,3.873745,0.53135,2025-05-27,2025-06-03,8,안목-안목커피거리,8
2025,42091001,200,강릉-동해상사,True,4200107,KT,BIS inventory,True,True,54,51,128.9125052185983,37.77309475265464,41,66,25,6,0.980392,3.506908,2025-05-27,2025-06-03,8,안목-안목커피거리,8
2025,42091001,200,강릉-동해상사,True,4200108,동인병원입구,BIS inventory,True,True,15,12,128.90953558421478,37.77125258486367,66,8,18,40,1.578192,0.42508,2025-05-27,2025-06-03,8,안목-안목커피거리,8
2025,42091001,200,강릉-동해상사,True,4200109,동인병원입구,BIS inventory,True,True,53,50,128.9094857690125,37.77102450992961,16,52,41,8,0.382592,2.763018,2025-05-27,2025-06-03,8,안목-안목커피거리,8
2025,42091001,200,강릉-동해상사,True,4200110,하슬라중,BIS inventory,True,True,16,13,128.90715554439282,37.77053362559672,66,6,18,44,1.578192,0.31881,2025-05-27,2025-06-03,8,안목-안목커피거리,7
2025,42091001,200,강릉-동해상사,True,4200111,하슬라중,BIS inventory,True,True,52,49,128.90761293140218,37.77043125987649,19,24,38,19,0.454328,1.275239,2025-05-27,2025-06-03,8,안목-안목커피거리,8
2025,42091001,200,강릉-동해상사,True,4200112,강릉관광개발공사,BIS inventory,True,True,17,14,128.9085231695166,37.76800046518587,34,7,31,41,0.813008,0.371945,2025-05-27,2025-06-03,8,안목-안목커피거리,7
2025,42091001,200,강릉-동해상사,True,4200113,강릉관광개발공사,BIS inventory,True,True,51,48,128.90865897771857,37.76820323697218,14,22,44,21,0.334768,1.168969,2025-05-27,2025-06-03,8,안목-안목커피거리,7
2025,42091001,200,강릉-동해상사,True,4200240,젤마을,BIS inventory,True,True,41,38,128.887733025105,37.775438249928285,24,6,36,44,0.573888,0.31881,2025-05-27,2025-06-03,8,안목-안목커피거리,6
2025,42091001,200,강릉-동해상사,True,4200241,우성공업사,BIS inventory,True,True,29,26,128.8881180126791,37.77538642162077,3,1,57,53,0.071736,0.053135,2025-05-27,2025-06-03,8,안목-안목커피거리,2
2025,42091001,200,강릉-동해상사,True,4200242,율곡중학교,BIS inventory,True,True,42,39,128.89021344037266,37.771874448370795,26,5,34,46,0.621712,0.265675,2025-05-27,2025-06-03,8,안목-안목커피거리,8
2025,42091001,200,강릉-동해상사,True,4200243,율곡중학교,BIS inventory,True,True,28,25,128.89033943348878,37.77216892177817,4,4,52,48,0.095648,0.21254,2025-05-27,2025-06-03,8,안목-안목커피거리,5
2025,42091001,200,강릉-동해상사,True,4200245,이명사거리,BIS inventory,True,True,44,41,128.89157918705828,37.764565078717,145,9,7,37,3.467241,0.478215,2025-05-27,2025-06-03,8,안목-안목커피거리,7
2025,42091001,200,강릉-동해상사,True,4200246,이명사거리,BIS inventory,True,True,26,23,128.89177153862124,37.764700407126554,11,31,46,17,0.263032,1.647184,2025-05-27,2025-06-03,8,안목-안목커피거리,8
2025,42091001,200,강릉-동해상사,True,4200247,강릉제일고,BIS inventory,True,True,45,42,128.8918779735197,37.759537356247826,42,16,24,29,1.004304,0.850159,2025-05-27,2025-06-03,8,안목-안목커피거리,8
2025,42091001,200,강릉-동해상사,True,4200248,강릉제일고,BIS inventory,True,True,25,22,128.89200478710157,37.759050283679514,25,18,35,27,0.5978,0.956429,2025-05-27,2025-06-03,8,안목-안목커피거리,8
2025,42091001,200,강릉-동해상사,True,4200249,용강동서부시장,BIS inventory,True,True,46,43,128.89167287030088,37.75492247590215,73,129,14,3,1.745576,6.85441,2025-05-27,2025-06-03,8,안목-안목커피거리,8
2025,42091001,200,강릉-동해상사,True,4200250,용강동서부시장,BIS inventory,True,True,24,21,128.89174828581776,37.7556582744871,38,16,28,29,0.908656,0.850159,2025-05-27,2025-06-03,8,안목-안목커피거리,8
2025,42091001,200,강릉-동해상사,True,4200251,한국은행,BIS inventory,True,True,23,20,128.89406630781096,37.753485602290496,125,73,11,5,2.989,3.878852,2025-05-27,2025-06-03,8,안목-안목커피거리,8
2025,42091001,200,강릉-동해상사,True,4200252,신영극장,BIS inventory,True,True,47,44,128.8961287589657,37.75448236011555,721,371,1,1,17.240555,19.713071,2025-05-27,2025-06-03,8,안목-안목커피거리,8
2025,42091001,200,강릉-동해상사,True,4200253,교보생명,BIS inventory,True,True,22,19,128.89811415297848,37.756002485379526,291,263,3,2,6.958393,13.974495,2025-05-27,2025-06-03,8,안목-안목커피거리,8
2025,42091001,200,강릉-동해상사,True,4200258,용지각,BIS inventory,True,True,49,46,128.90534669055177,37.76147384168322,54,41,23,11,1.291248,2.178533,2025-05-27,2025-06-03,8,안목-안목커피거리,8
2025,42091001,200,강릉-동해상사,True,4200259,용지각,BIS inventory,True,True,20,17,128.90537716328666,37.76184119439877,72,23,15,20,1.721664,1.222104,2025-05-27,2025-06-03,8,안목-안목커피거리,8
2025,42091001,200,강릉-동해상사,True,4200260,동남아파트,BIS inventory,True,True,50,47,128.9088062489658,37.764638779656714,19,47,38,10,0.454328,2.497343,2025-05-27,2025-06-03,8,안목-안목커피거리,8
2025,42091001,200,강릉-동해상사,True,4200262,로얄아파트.포남1동주민센터,BIS inventory,True,True,18,15,128.90933288179943,37.76545703763149,98,17,12,28,2.343376,0.903294,2025-05-27,2025-06-03,8,안목-안목커피거리,8
2025,42091001,200,강릉-동해상사,True,4200279,신도브래뉴,BIS inventory,True,True,65,61,128.93862914925478,37.77730338810464,1,33,60,15,0.023912,1.753454,2025-05-27,2025-06-03,8,안목-안목커피거리,7
2025,42091001,200,강릉-동해상사,True,4200280,송정해변,BIS inventory,True,True,3,1,128.9381119893655,37.77768849372205,71,0,16,,1.697752,0.0,2025-05-27,2025-06-03,8,안목-안목커피거리,8
2025,42091001,200,강릉-동해상사,True,4200288,경포고교,BIS inventory,True,True,10,7,128.91881546540267,37.78075927662396,129,3,9,49,3.084648,0.159405,2025-05-27,2025-06-03,8,안목-안목커피거리,8
2025,42091001,200,강릉-동해상사,True,4200289,한솔초교,BIS inventory,True,True,13,10,128.9142086436632,37.775058134113436,63,1,20,53,1.506456,0.053135,2025-05-27,2025-06-03,8,안목-안목커피거리,7
2025,42091001,200,강릉-동해상사,True,4200290,한솔초교,BIS inventory,True,True,55,52,128.91448068318238,37.77500059793141,10,15,48,32,0.23912,0.797024,2025-05-27,2025-06-03,8,안목-안목커피거리,8
2025,42091001,200,강릉-동해상사,True,4200318,포남시장,BIS inventory,True,True,19,16,128.90766061502285,37.76392281820552,61,7,21,41,1.458632,0.371945,2025-05-27,2025-06-03,8,안목-안목커피거리,8
2025,42091001,200,강릉-동해상사,True,4200356,강원대학교,BIS inventory,True,True,35,32,128.87391738137654,37.77033026766949,436,66,2,6,10.425634,3.506908,2025-05-27,2025-06-03,8,안목-안목커피거리,8
2025,42091001,200,강릉-동해상사,True,4200569,교2동주민센터,BIS inventory,True,True,27,24,128.8921038226677,37.76840335678918,12,20,45,24,0.286944,1.062699,2025-05-27,2025-06-03,8,안목-안목커피거리,7
2025,42091001,200,강릉-동해상사,True,4200769,오죽헌입구,BIS inventory,True,True,30,27,128.8828973977968,37.77942746550242,18,3,40,49,0.430416,0.159405,2025-05-27,2025-06-03,8,안목-안목커피거리,8
2025,42091001,200,강릉-동해상사,True,4201043,안목,BIS inventory,True,True,1,0,128.94526892930932,37.77285146151794,132,1,8,53,3.156385,0.053135,2025-05-27,2025-06-03,8,안목-안목커피거리,8
2025,42091001,200,강릉-동해상사,True,4201044,안목커피거리,BIS inventory,True,True,67,62,128.94543559396536,37.77260342997581,10,74,48,4,0.23912,3.931987,2025-05-27,2025-06-03,8,안목-안목커피거리,8
2025,42091001,200,강릉-동해상사,True,4201220,포남2주공입구,BIS inventory,True,True,11,8,128.9179885478381,37.77901498558293,41,1,25,53,0.980392,0.053135,2025-05-27,2025-06-03,8,안목-안목커피거리,8
2025,42091001,200,강릉-동해상사,True,4201233,초당분수공원,BIS inventory,True,True,8,5,128.9221385517862,37.785996929695614,40,0,27,,0.95648,0.0,2025-05-27,2025-06-03,8,안목-안목커피거리,8
2025,42091001,200,강릉-동해상사,True,4201234,초당분수공원,BIS inventory,True,True,60,57,128.92421540479356,37.78614360918137,3,40,57,12,0.071736,2.125399,2025-05-27,2025-06-03,8,안목-안목커피거리,8
2025,42091001,200,강릉-동해상사,True,4201236,포남2주공입구,BIS inventory,True,True,57,54,128.91810027987142,37.77873395771816,6,20,51,24,0.143472,1.062699,2025-05-27,2025-06-03,8,안목-안목커피거리,7
2025,42091001,200,강릉-동해상사,True,4201382,오죽헌입구,BIS inventory,True,True,40,37,128.88300783523746,37.779420150144524,7,32,50,16,0.167384,1.700319,2025-05-27,2025-06-03,8,안목-안목커피거리,8
2025,42091002,202,강릉-동해상사,True,4200042,롯데캐슬아파트,BIS inventory,True,True,12,11,128.89120929799194,37.766948306391974,83,15,8,17,2.979182,0.90799,2025-05-27,2025-06-03,8,경포해변-경포해변,8
2025,42091002,202,강릉-동해상사,True,4200045,형제막국수,BIS inventory,True,True,26,25,128.86624288991882,37.755124519467394,1,0,39,,0.035894,0.0,2025-05-27,2025-06-03,8,경포해변-경포해변,1
2025,42091002,202,강릉-동해상사,True,4200071,경포현대아파트,BIS inventory,True,True,43,42,128.90335968993816,37.80120612421906,0,35,,12,0.0,2.118644,2025-05-27,2025-06-03,8,경포해변-경포해변,8
2025,42091002,202,강릉-동해상사,True,4200073,경포대.참소리박물관,BIS inventory,True,True,42,41,128.89723222843386,37.79547838966498,2,12,37,19,0.071788,0.726392,2025-05-27,2025-06-03,8,경포해변-경포해변,5
2025,42091002,202,강릉-동해상사,True,4200076,선교장,BIS inventory,True,True,39,38,128.88470029533363,37.78507057730054,9,12,32,19,0.323044,0.726392,2025-05-27,2025-06-03,8,경포해변-경포해변,7
2025,42091002,202,강릉-동해상사,True,4200078,경포동주민센터,BIS inventory,True,True,38,37,128.8806150484207,37.78405330055861,3,6,36,31,0.107681,0.363196,2025-05-27,2025-06-03,8,경포해변-경포해변,5
2025,42091002,202,강릉-동해상사,True,4200095,한국자산관리공사,BIS inventory,True,True,16,15,128.90111921880606,37.75827929877246,73,37,10,9,2.620244,2.239709,2025-05-27,2025-06-03,8,경포해변-경포해변,8
2025,42091002,202,강릉-동해상사,True,4200114,고용센터,BIS inventory,True,True,20,19,128.88893105798073,37.75744085258255,26,9,22,24,0.933238,0.544794,2025-05-27,2025-06-03,8,경포해변-경포해변,8
2025,42091002,202,강릉-동해상사,True,4200116,적십자입구,BIS inventory,True,True,21,20,128.88726321660565,37.757196360936135,13,9,29,24,0.466619,0.544794,2025-05-27,2025-06-03,8,경포해변-경포해변,7
2025,42091002,202,강릉-동해상사,True,4200118,터미널오거리,BIS inventory,True,True,22,21,128.8840640923818,37.75608209292866,14,32,28,15,0.502513,1.937046,2025-05-27,2025-06-03,8,경포해변-경포해변,8
2025,42091002,202,강릉-동해상사,True,4200120,강릉시외.고속터미널,BIS inventory,True,True,23,22,128.8792265208128,37.75505492071011,98,212,6,2,3.517588,12.83293,2025-05-27,2025-06-03,8,경포해변-경포해변,8
2025,42091002,202,강릉-동해상사,True,4200127,구름다리,BIS inventory,True,True,30,29,128.87654770197503,37.764512872809554,44,76,18,7,1.579325,4.600484,2025-05-27,2025-06-03,8,경포해변-경포해변,8
2025,42091002,202,강릉-동해상사,True,4200129,주공3차아파트,BIS inventory,True,True,31,30,128.87933873663175,37.76410589188944,24,13,24,18,0.86145,0.786925,2025-05-27,2025-06-03,8,경포해변-경포해변,8
2025,42091002,202,강릉-동해상사,True,4200131,하이빌현대아파트,BIS inventory,True,True,32,31,128.8824547932286,37.764860822549025,2,2,37,39,0.071788,0.121065,2025-05-27,2025-06-03,8,경포해변-경포해변,3
2025,42091002,202,강릉-동해상사,True,4200133,주공1차아파트,BIS inventory,True,True,33,32,128.88288690646792,37.76665665089728,8,9,33,24,0.28715,0.544794,2025-05-27,2025-06-03,8,경포해변-경포해변,6
2025,42091002,202,강릉-동해상사,True,4200134,부영2차아파트,BIS inventory,True,True,34,33,128.88281079370944,37.77016072015751,60,9,15,24,2.153625,0.544794,2025-05-27,2025-06-03,8,경포해변-경포해변,8
2025,42091002,202,강릉-동해상사,True,4200137,방축거리,BIS inventory,True,True,35,34,128.88360346383243,37.77333257715457,0,12,,19,0.0,0.726392,2025-05-27,2025-06-03,8,경포해변-경포해변,7
2025,42091002,202,강릉-동해상사,True,4200237,선교장입구,BIS inventory,True,True,37,36,128.8801857915523,37.78222354537227,13,6,29,31,0.466619,0.363196,2025-05-27,2025-06-03,8,경포해변-경포해변,7
2025,42091002,202,강릉-동해상사,True,4200239,오죽헌,BIS inventory,True,True,36,35,128.88242080274284,37.78040719543912,61,37,13,9,2.189519,2.239709,2025-05-27,2025-06-03,8,경포해변-경포해변,8
2025,42091002,202,강릉-동해상사,True,4200250,용강동서부시장,BIS inventory,True,True,19,18,128.89174828581776,37.7556582744871,81,33,9,13,2.907394,1.997579,2025-05-27,2025-06-03,8,경포해변-경포해변,8
2025,42091002,202,강릉-동해상사,True,4200251,한국은행,BIS inventory,True,True,18,17,128.89406630781096,37.753485602290496,276,87,3,5,9.906676,5.266344,2025-05-27,2025-06-03,8,경포해변-경포해변,8
2025,42091002,202,강릉-동해상사,True,4200253,교보생명,BIS inventory,True,True,17,16,128.89811415297848,37.756002485379526,524,334,1,1,18.808327,20.217918,2025-05-27,2025-06-03,8,경포해변-경포해변,8
2025,42091002,202,강릉-동해상사,True,4200256,옥천119안전센터,BIS inventory,True,True,15,14,128.9022376115818,37.76136928474395,18,36,26,11,0.646088,2.179177,2025-05-27,2025-06-03,8,경포해변-경포해변,8
2025,42091002,202,강릉-동해상사,True,4200293,강릉역건너편,BIS inventory,True,True,14,13,128.8990669694857,37.76400772021464,169,176,5,3,6.066045,10.653753,2025-05-27,2025-06-03,8,경포해변-경포해변,8
2025,42091002,202,강릉-동해상사,True,4200401,강릉복합복지체육센터,BIS inventory,True,True,29,28,128.87017698555522,37.76290354322161,13,33,29,13,0.466619,1.997579,2025-05-27,2025-06-03,8,경포해변-경포해변,8
2025,42091002,202,강릉-동해상사,True,4200431,강릉국민체육센터,BIS inventory,True,True,9,8,128.8964868887264,37.776906315186,43,1,19,40,1.543431,0.060533,2025-05-27,2025-06-03,8,경포해변-경포해변,7
2025,42091002,202,강릉-동해상사,True,4200432,종합경기장,BIS inventory,True,True,10,9,128.89654249784542,37.771109941446205,62,3,12,36,2.225413,0.181598,2025-05-27,2025-06-03,8,경포해변-경포해변,8
2025,42091002,202,강릉-동해상사,True,4200543,미디어촌5단지,BIS inventory,True,True,25,24,128.86758571434657,37.753701754139904,61,87,13,5,2.189519,5.266344,2025-05-27,2025-06-03,8,경포해변-경포해변,8
2025,42091002,202,강릉-동해상사,True,4200546,e-편한세상아파트,BIS inventory,True,True,11,10,128.89508217030252,37.76981271024109,54,12,16,19,1.938263,0.726392,2025-05-27,2025-06-03,8,경포해변-경포해변,8
2025,42091002,202,강릉-동해상사,True,4200565,우미린아파트,BIS inventory,True,True,24,23,128.87023572987053,37.75716460769394,30,56,20,8,1.076813,3.389831,2025-05-27,2025-06-03,8,경포해변-경포해변,8
2025,42091002,202,강릉-동해상사,True,4200567,한내들아파트,BIS inventory,True,True,27,26,128.8681446784216,37.75790349269205,23,8,25,29,0.825556,0.484262,2025-05-27,2025-06-03,8,경포해변-경포해변,7
2025,42091002,202,강릉-동해상사,True,4200612,강릉아이스아레나,BIS inventory,True,True,8,7,128.89502259832767,37.78025795268572,25,3,23,36,0.897344,0.181598,2025-05-27,2025-06-03,8,경포해변-경포해변,8
2025,42091002,202,강릉-동해상사,True,4200647,허난설헌삼거리,BIS inventory,True,True,4,3,128.91326614067623,37.792240418323686,51,9,17,24,1.830581,0.544794,2025-05-27,2025-06-03,8,경포해변-경포해변,8
2025,42091002,202,강릉-동해상사,True,4201241,순두부마을,BIS inventory,True,True,41,40,128.8929863409179,37.7864529101926,0,5,,34,0.0,0.302663,2025-05-27,2025-06-03,8,경포해변-경포해변,4
2025,42091002,202,강릉-동해상사,True,4201242,경포해변,BIS inventory,True,True,1,43,128.9052529004403,37.80440358093674,363,167,2,4,13.029433,10.108959,2025-05-27,2025-06-03,8,경포해변-경포해변,8
2025,42091002,202,강릉-동해상사,True,4201249,선수촌8단지,BIS inventory,True,True,28,27,128.87029355520082,37.76060110592661,18,25,26,16,0.646088,1.513317,2025-05-27,2025-06-03,8,경포해변-경포해변,8
2025,42091002,202,강릉-동해상사,True,4201255,모안이서낭당,BIS inventory,True,True,7,6,128.90266311761613,37.78356022910187,7,3,34,36,0.251256,0.181598,2025-05-27,2025-06-03,8,경포해변-경포해변,5
2025,42091002,202,강릉-동해상사,True,4201257,강릉녹색도시체험센터,BIS inventory,True,True,6,5,128.90662264590688,37.78655657001431,30,8,20,29,1.076813,0.484262,2025-05-27,2025-06-03,8,경포해변-경포해변,8
2025,42091002,202,강릉-동해상사,True,4201258,허균.허난설헌기념공원,BIS inventory,True,True,5,4,128.9098403915302,37.789953897145395,65,5,11,34,2.333094,0.302663,2025-05-27,2025-06-03,8,경포해변-경포해변,8
2025,42091002,202,강릉-동해상사,True,4201260,강문해변입구,BIS inventory,True,True,3,2,128.91519487645675,37.79459950672752,241,12,4,19,8.650395,0.726392,2025-05-27,2025-06-03,8,경포해변-경포해변,8
2025,42091002,202,강릉-동해상사,True,4201266,경포호,BIS inventory,True,True,2,1,128.91144337577538,37.79931158521169,94,6,7,31,3.374013,0.363196,2025-05-27,2025-06-03,8,경포해변-경포해변,8
2025,42091002,202,강릉-동해상사,True,4201376,가작다리입구,BIS inventory,True,True,13,12,128.8944549231389,37.76589747732919,4,0,35,,0.143575,0.0,2025-05-27,2025-06-03,8,경포해변-경포해변,2
2025,42091003,206,강릉-동해상사,True,4200011,동부아파트,BIS inventory,True,True,4,3,128.9151327017873,37.78401368458876,173,3,9,49,3.205485,0.1229,2025-05-27,2025-06-03,8,강릉고등학교-강릉고정문,8
2025,42091003,206,강릉-동해상사,True,4200039,유화아파트,BIS inventory,True,True,3,2,128.91342886671308,37.785727014906996,60,1,24,57,1.111729,0.040967,2025-05-27,2025-06-03,8,강릉고등학교-강릉고정문,7
2025,42091003,206,강릉-동해상사,True,4200041,허균생가입구,BIS inventory,True,True,2,1,128.91292892790995,37.78786454215139,15,0,43,,0.277932,0.0,2025-05-27,2025-06-03,8,강릉고등학교-강릉고정문,4
2025,42091003,206,강릉-동해상사,True,4200043,이화해변타운,BIS inventory,True,True,5,4,128.91744670191798,37.78316591377611,67,0,21,,1.24143,0.0,2025-05-27,2025-06-03,8,강릉고등학교-강릉고정문,7
2025,42091003,206,강릉-동해상사,True,4200047,강릉고정문,BIS inventory,True,True,63,61,128.91550078840652,37.78828834947499,0,89,,6,0.0,3.646047,2025-05-27,2025-06-03,8,강릉고등학교-강릉고정문,8
2025,42091003,206,강릉-동해상사,True,4200049,남강초교,BIS inventory,True,True,50,49,128.91338089940805,37.76735161096919,22,42,40,13,0.407634,1.720606,2025-05-27,2025-06-03,8,강릉고등학교-강릉고정문,8
2025,42091003,206,강릉-동해상사,True,4200052,송정래미안,BIS inventory,True,True,59,58,128.93038982126572,37.78292573478735,2,3,54,49,0.037058,0.1229,2025-05-27,2025-06-03,8,강릉고등학교-강릉고정문,4
2025,42091003,206,강릉-동해상사,True,4200053,오성학교,BIS inventory,True,True,58,57,128.93312248716418,37.77978287851338,2,8,54,39,0.037058,0.327735,2025-05-27,2025-06-03,8,강릉고등학교-강릉고정문,4
2025,42091003,206,강릉-동해상사,True,4200055,해당화연립,BIS inventory,True,True,57,56,128.93501598562065,37.778964657496246,4,29,51,21,0.074115,1.188038,2025-05-27,2025-06-03,8,강릉고등학교-강릉고정문,8
2025,42091003,206,강릉-동해상사,True,4200057,강릉경찰서,BIS inventory,True,True,13,12,128.90688706685629,37.768055768979885,53,7,27,43,0.982027,0.286768,2025-05-27,2025-06-03,8,강릉고등학교-강릉고정문,8
2025,42091003,206,강릉-동해상사,True,4200060,솔올중학교,BIS inventory,True,True,33,32,128.8798722504925,37.77163504014371,33,8,32,39,0.611451,0.327735,2025-05-27,2025-06-03,8,강릉고등학교-강릉고정문,8
2025,42091003,206,강릉-동해상사,True,4200080,경포초등학교,BIS inventory,True,True,34,33,128.87893593974582,37.76974854746925,158,11,10,36,2.927552,0.450635,2025-05-27,2025-06-03,8,강릉고등학교-강릉고정문,8
2025,42091003,206,강릉-동해상사,True,4200094,강릉여고,BIS inventory,True,True,47,46,128.90248424479844,37.75904463050879,60,29,24,21,1.111729,1.188038,2025-05-27,2025-06-03,8,강릉고등학교-강릉고정문,8
2025,42091003,206,강릉-동해상사,True,4200100,강원도교육연수원,BIS inventory,True,True,62,60,128.91813970318609,37.785074864473685,0,45,,12,0.0,1.843507,2025-05-27,2025-06-03,8,강릉고등학교-강릉고정문,8
2025,42091003,206,강릉-동해상사,True,4200104,동명중학교,BIS inventory,True,True,8,7,128.91637238303827,37.777185998905715,32,2,34,53,0.592922,0.081934,2025-05-27,2025-06-03,8,강릉고등학교-강릉고정문,7
2025,42091003,206,강릉-동해상사,True,4200106,KT,BIS inventory,True,True,10,9,128.91181164590185,37.77275858732733,210,8,6,39,3.891051,0.327735,2025-05-27,2025-06-03,8,강릉고등학교-강릉고정문,8
2025,42091003,206,강릉-동해상사,True,4200108,동인병원입구,BIS inventory,True,True,11,10,128.90953558421478,37.77125258486367,97,8,17,39,1.797295,0.327735,2025-05-27,2025-06-03,8,강릉고등학교-강릉고정문,8
2025,42091003,206,강릉-동해상사,True,4200110,하슬라중,BIS inventory,True,True,12,11,128.90715554439282,37.77053362559672,83,4,18,46,1.537891,0.163867,2025-05-27,2025-06-03,8,강릉고등학교-강릉고정문,8
2025,42091003,206,강릉-동해상사,True,4200114,고용센터,BIS inventory,True,True,21,20,128.88893105798073,37.75744085258255,26,13,38,35,0.481749,0.532569,2025-05-27,2025-06-03,8,강릉고등학교-강릉고정문,8
2025,42091003,206,강릉-동해상사,True,4200115,고용센터,BIS inventory,True,True,44,43,128.8890663454416,37.75714942132559,36,34,29,18,0.667037,1.392872,2025-05-27,2025-06-03,8,강릉고등학교-강릉고정문,8
2025,42091003,206,강릉-동해상사,True,4200116,적십자입구,BIS inventory,True,True,22,21,128.88726321660565,37.757196360936135,15,17,43,33,0.277932,0.696436,2025-05-27,2025-06-03,8,강릉고등학교-강릉고정문,8
2025,42091003,206,강릉-동해상사,True,4200117,적십자입구,BIS inventory,True,True,43,42,128.88647213220725,37.75676623567213,34,5,30,45,0.62998,0.204834,2025-05-27,2025-06-03,8,강릉고등학교-강릉고정문,8
2025,42091003,206,강릉-동해상사,True,4200118,터미널오거리,BIS inventory,True,True,23,22,128.8840640923818,37.75608209292866,13,41,45,14,0.240875,1.679639,2025-05-27,2025-06-03,8,강릉고등학교-강릉고정문,8
2025,42091003,206,강릉-동해상사,True,4200119,터미널오거리,BIS inventory,True,True,42,41,128.88381140539954,37.755579088211434,66,4,22,46,1.222902,0.163867,2025-05-27,2025-06-03,8,강릉고등학교-강릉고정문,8
2025,42091003,206,강릉-동해상사,True,4200120,강릉시외.고속터미널,BIS inventory,True,True,24,23,128.8792265208128,37.75505492071011,63,158,23,4,1.167315,6.472757,2025-05-27,2025-06-03,8,강릉고등학교-강릉고정문,8
2025,42091003,206,강릉-동해상사,True,4200121,강릉시외.고속터미널,BIS inventory,True,True,41,40,128.87911620808939,37.75486594086855,328,37,4,15,6.07745,1.515772,2025-05-27,2025-06-03,8,강릉고등학교-강릉고정문,8
2025,42091003,206,강릉-동해상사,True,4200122,강릉문화원,BIS inventory,True,True,25,24,128.8740921031382,37.75789663608161,0,26,,26,0.0,1.065137,2025-05-27,2025-06-03,8,강릉고등학교-강릉고정문,8
2025,42091003,206,강릉-동해상사,True,4200123,우편집중국,BIS inventory,True,True,26,25,128.8733706824724,37.76051485370646,4,58,51,9,0.074115,2.376075,2025-05-27,2025-06-03,8,강릉고등학교-강릉고정문,8
2025,42091003,206,강릉-동해상사,True,4200124,우편집중국,BIS inventory,True,True,40,39,128.87347187490323,37.76156496879712,189,4,8,46,3.501946,0.163867,2025-05-27,2025-06-03,8,강릉고등학교-강릉고정문,8
2025,42091003,206,강릉-동해상사,True,4200125,솔올공연장,BIS inventory,True,True,27,26,128.87460623301726,37.76366952964576,1,92,57,5,0.018529,3.768947,2025-05-27,2025-06-03,8,강릉고등학교-강릉고정문,8
2025,42091003,206,강릉-동해상사,True,4200126,솔올공연장,BIS inventory,True,True,39,38,128.87424793205705,37.763507530751156,145,6,12,44,2.686678,0.245801,2025-05-27,2025-06-03,8,강릉고등학교-강릉고정문,8
2025,42091003,206,강릉-동해상사,True,4200127,구름다리,BIS inventory,True,True,28,27,128.87654770197503,37.764512872809554,5,86,50,7,0.092644,3.523146,2025-05-27,2025-06-03,8,강릉고등학교-강릉고정문,8
2025,42091003,206,강릉-동해상사,True,4200128,구름다리,BIS inventory,True,True,38,37,128.87743298775584,37.764682397677966,369,11,3,36,6.837132,0.450635,2025-05-27,2025-06-03,8,강릉고등학교-강릉고정문,8
2025,42091003,206,강릉-동해상사,True,4200129,주공3차아파트,BIS inventory,True,True,29,28,128.87933873663175,37.76410589188944,2,31,54,20,0.037058,1.269971,2025-05-27,2025-06-03,8,강릉고등학교-강릉고정문,8
2025,42091003,206,강릉-동해상사,True,4200130,현대2차아파트,BIS inventory,True,True,37,36,128.87999435131803,37.764311243841746,195,2,7,53,3.613118,0.081934,2025-05-27,2025-06-03,8,강릉고등학교-강릉고정문,8
2025,42091003,206,강릉-동해상사,True,4200131,하이빌현대아파트,BIS inventory,True,True,30,29,128.8824547932286,37.764860822549025,1,21,57,31,0.018529,0.860303,2025-05-27,2025-06-03,8,강릉고등학교-강릉고정문,7
2025,42091003,206,강릉-동해상사,True,4200132,율곡초등학교,BIS inventory,True,True,36,35,128.88221538693716,37.765100900268116,28,0,36,,0.518807,0.0,2025-05-27,2025-06-03,8,강릉고등학교-강릉고정문,8
2025,42091003,206,강릉-동해상사,True,4200133,주공1차아파트,BIS inventory,True,True,31,30,128.88288690646792,37.76665665089728,0,29,,21,0.0,1.188038,2025-05-27,2025-06-03,8,강릉고등학교-강릉고정문,7
2025,42091003,206,강릉-동해상사,True,4200134,부영2차아파트,BIS inventory,True,True,32,31,128.88281079370944,37.77016072015751,103,56,16,10,1.908468,2.294142,2025-05-27,2025-06-03,8,강릉고등학교-강릉고정문,8
2025,42091003,206,강릉-동해상사,True,4200249,용강동서부시장,BIS inventory,True,True,45,44,128.89167287030088,37.75492247590215,49,164,28,3,0.907912,6.718558,2025-05-27,2025-06-03,8,강릉고등학교-강릉고정문,8
2025,42091003,206,강릉-동해상사,True,4200250,용강동서부시장,BIS inventory,True,True,20,19,128.89174828581776,37.7556582744871,118,16,13,34,2.1864,0.655469,2025-05-27,2025-06-03,8,강릉고등학교-강릉고정문,8
2025,42091003,206,강릉-동해상사,True,4200251,한국은행,BIS inventory,True,True,19,18,128.89406630781096,37.753485602290496,318,66,5,8,5.892162,2.70381,2025-05-27,2025-06-03,8,강릉고등학교-강릉고정문,8
2025,42091003,206,강릉-동해상사,True,4200252,신영극장,BIS inventory,True,True,46,45,128.8961287589657,37.75448236011555,636,539,2,1,11.784325,22.081114,2025-05-27,2025-06-03,8,강릉고등학교-강릉고정문,8
2025,42091003,206,강릉-동해상사,True,4200253,교보생명,BIS inventory,True,True,18,17,128.89811415297848,37.756002485379526,773,279,1,2,14.322772,11.429742,2025-05-27,2025-06-03,8,강릉고등학교-강릉고정문,8
2025,42091003,206,강릉-동해상사,True,4200258,용지각,BIS inventory,True,True,48,47,128.90534669055177,37.76147384168322,59,36,26,16,1.0932,1.474805,2025-05-27,2025-06-03,8,강릉고등학교-강릉고정문,8
2025,42091003,206,강릉-동해상사,True,4200260,동남아파트,BIS inventory,True,True,49,48,128.9088062489658,37.764638779656714,28,51,36,11,0.518807,2.089308,2025-05-27,2025-06-03,8,강릉고등학교-강릉고정문,8
2025,42091003,206,강릉-동해상사,True,4200265,혜성연립,BIS inventory,True,True,51,50,128.91575952067353,37.76841531999017,25,28,39,25,0.46322,1.147071,2025-05-27,2025-06-03,8,강릉고등학교-강릉고정문,8
2025,42091003,206,강릉-동해상사,True,4200267,삼우은성아파트,BIS inventory,True,True,52,51,128.91973659122027,37.77025900516923,21,33,41,19,0.389105,1.351905,2025-05-27,2025-06-03,8,강릉고등학교-강릉고정문,8
2025,42091003,206,강릉-동해상사,True,4200269,이마트,BIS inventory,True,True,53,52,128.92346774482266,37.772222356268564,13,18,45,32,0.240875,0.737403,2025-05-27,2025-06-03,8,강릉고등학교-강릉고정문,8
2025,42091003,206,강릉-동해상사,True,4200271,송정동주민센터,BIS inventory,True,True,54,53,128.9281580126049,37.77420386430584,9,9,47,38,0.166759,0.368701,2025-05-27,2025-06-03,8,강릉고등학교-강릉고정문,6
2025,42091003,206,강릉-동해상사,True,4200273,송정신원아침도시,BIS inventory,True,True,55,54,128.93190852770562,37.774810233413945,8,26,48,26,0.14823,1.065137,2025-05-27,2025-06-03,8,강릉고등학교-강릉고정문,8
2025,42091003,206,강릉-동해상사,True,4200277,비치소라아파트,BIS inventory,True,True,56,55,128.93435177478304,37.77578862012879,6,26,49,26,0.111173,1.065137,2025-05-27,2025-06-03,8,강릉고등학교-강릉고정문,8
2025,42091003,206,강릉-동해상사,True,4200287,강릉고등학교,BIS inventory,True,True,1,0,128.91470458416677,37.788540253578724,109,1,14,57,2.019641,0.040967,2025-05-27,2025-06-03,8,강릉고등학교-강릉고정문,8
2025,42091003,206,강릉-동해상사,True,4200288,경포고교,BIS inventory,True,True,6,5,128.91881546540267,37.78075927662396,106,3,15,49,1.964054,0.1229,2025-05-27,2025-06-03,8,강릉고등학교-강릉고정문,7
2025,42091003,206,강릉-동해상사,True,4200289,한솔초교,BIS inventory,True,True,9,8,128.9142086436632,37.775058134113436,83,2,18,53,1.537891,0.081934,2025-05-27,2025-06-03,8,강릉고등학교-강릉고정문,8
2025,42091003,206,강릉-동해상사,True,4200292,주공1차아파트,BIS inventory,True,True,35,34,128.88256780330317,37.766843575404636,147,0,11,,2.723735,0.0,2025-05-27,2025-06-03,8,강릉고등학교-강릉고정문,8
2025,42091003,206,강릉-동해상사,True,4200315,구터미널,BIS inventory,True,True,16,15,128.8988430353628,37.76163002626936,33,23,32,30,0.611451,0.942237,2025-05-27,2025-06-03,8,강릉고등학교-강릉고정문,7
2025,42091003,206,강릉-동해상사,True,4200320,강릉역육거리,BIS inventory,True,True,15,14,128.9015605860337,37.763796951176055,31,24,35,29,0.574393,0.983204,2025-05-27,2025-06-03,8,강릉고등학교-강릉고정문,8
2025,42091003,206,강릉-동해상사,True,4200322,동도센트리움,BIS inventory,True,True,14,13,128.90456486009336,37.76619195310031,73,3,20,49,1.352603,0.1229,2025-05-27,2025-06-03,8,강릉고등학교-강릉고정문,8
2025,42091003,206,강릉-동해상사,True,4200365,삼성디지털센터,BIS inventory,True,True,17,16,128.8966989039856,37.75811194350719,20,29,42,21,0.370576,1.188038,2025-05-27,2025-06-03,8,강릉고등학교-강릉고정문,7
2025,42091003,206,강릉-동해상사,True,4201220,포남2주공입구,BIS inventory,True,True,7,6,128.9179885478381,37.77901498558293,34,2,30,53,0.62998,0.081934,2025-05-27,2025-06-03,8,강릉고등학교-강릉고정문,8
2025,42091003,206,강릉-동해상사,True,4201233,초당분수공원,BIS inventory,True,True,61,59,128.9221385517862,37.785996929695614,4,35,51,17,0.074115,1.433839,2025-05-27,2025-06-03,8,강릉고등학교-강릉고정문,8
2025,42091004,207,강릉-동해상사,True,4200011,동부아파트,BIS inventory,True,True,6,5,128.9151327017873,37.78401368458876,83,0,11,,2.825051,0.0,2025-05-27,2025-06-03,8,허균.허난설헌기-허균.허난설헌기,8
2025,42091004,207,강릉-동해상사,True,4200039,유화아파트,BIS inventory,True,True,5,4,128.91342886671308,37.785727014906996,35,0,19,,1.191287,0.0,2025-05-27,2025-06-03,8,허균.허난설헌기-허균.허난설헌기,8
2025,42091004,207,강릉-동해상사,True,4200041,허균생가입구,BIS inventory,True,True,4,3,128.91292892790995,37.78786454215139,6,0,48,,0.204221,0.0,2025-05-27,2025-06-03,8,허균.허난설헌기-허균.허난설헌기,2
2025,42091004,207,강릉-동해상사,True,4200043,이화해변타운,BIS inventory,True,True,7,6,128.91744670191798,37.78316591377611,18,0,36,,0.612662,0.0,2025-05-27,2025-06-03,8,허균.허난설헌기-허균.허난설헌기,6
2025,42091004,207,강릉-동해상사,True,4200047,강릉고정문,BIS inventory,True,True,68,66,128.91550078840652,37.78828834947499,7,81,44,3,0.238257,5.6683,2025-05-27,2025-06-03,8,허균.허난설헌기-허균.허난설헌기,8
2025,42091004,207,강릉-동해상사,True,4200049,남강초교,BIS inventory,True,True,55,54,128.91338089940805,37.76735161096919,30,25,25,16,1.021103,1.749475,2025-05-27,2025-06-03,8,허균.허난설헌기-허균.허난설헌기,7
2025,42091004,207,강릉-동해상사,True,4200052,송정래미안,BIS inventory,True,True,64,63,128.93038982126572,37.78292573478735,0,3,,46,0.0,0.209937,2025-05-27,2025-06-03,8,허균.허난설헌기-허균.허난설헌기,3
2025,42091004,207,강릉-동해상사,True,4200053,오성학교,BIS inventory,True,True,63,62,128.93312248716418,37.77978287851338,2,0,55,,0.068074,0.0,2025-05-27,2025-06-03,8,허균.허난설헌기-허균.허난설헌기,1
2025,42091004,207,강릉-동해상사,True,4200055,해당화연립,BIS inventory,True,True,62,61,128.93501598562065,37.778964657496246,13,6,39,39,0.442478,0.419874,2025-05-27,2025-06-03,8,허균.허난설헌기-허균.허난설헌기,6
2025,42091004,207,강릉-동해상사,True,4200057,강릉경찰서,BIS inventory,True,True,15,14,128.90688706685629,37.768055768979885,30,4,25,44,1.021103,0.279916,2025-05-27,2025-06-03,8,허균.허난설헌기-허균.허난설헌기,8
2025,42091004,207,강릉-동해상사,True,4200060,솔올중학교,BIS inventory,True,True,35,34,128.8798722504925,37.77163504014371,2,5,55,42,0.068074,0.349895,2025-05-27,2025-06-03,8,허균.허난설헌기-허균.허난설헌기,4
2025,42091004,207,강릉-동해상사,True,4200083,지변동,BIS inventory,True,True,36,35,128.87676045382563,37.771874023944235,0,13,,27,0.0,0.909727,2025-05-27,2025-06-03,8,허균.허난설헌기-허균.허난설헌기,5
2025,42091004,207,강릉-동해상사,True,4200084,풋살경기장옆,BIS inventory,True,True,38,37,128.87680703199706,37.77165010517057,42,1,15,52,1.429544,0.069979,2025-05-27,2025-06-03,8,허균.허난설헌기-허균.허난설헌기,8
2025,42091004,207,강릉-동해상사,True,4200094,강릉여고,BIS inventory,True,True,52,51,128.90248424479844,37.75904463050879,39,30,18,11,1.327434,2.09937,2025-05-27,2025-06-03,8,허균.허난설헌기-허균.허난설헌기,8
2025,42091004,207,강릉-동해상사,True,4200098,허난설헌삼거리,BIS inventory,True,True,2,1,128.9131333359753,37.79177727582709,28,1,29,52,0.953029,0.069979,2025-05-27,2025-06-03,8,허균.허난설헌기-허균.허난설헌기,7
2025,42091004,207,강릉-동해상사,True,4200100,강원도교육연수원,BIS inventory,True,True,67,65,128.91813970318609,37.785074864473685,0,18,,23,0.0,1.259622,2025-05-27,2025-06-03,8,허균.허난설헌기-허균.허난설헌기,7
2025,42091004,207,강릉-동해상사,True,4200104,동명중학교,BIS inventory,True,True,10,9,128.91637238303827,37.777185998905715,20,0,34,,0.680735,0.0,2025-05-27,2025-06-03,8,허균.허난설헌기-허균.허난설헌기,5
2025,42091004,207,강릉-동해상사,True,4200106,KT,BIS inventory,True,True,12,11,128.91181164590185,37.77275858732733,117,3,8,46,3.982301,0.209937,2025-05-27,2025-06-03,8,허균.허난설헌기-허균.허난설헌기,8
2025,42091004,207,강릉-동해상사,True,4200108,동인병원입구,BIS inventory,True,True,13,12,128.90953558421478,37.77125258486367,42,10,15,31,1.429544,0.69979,2025-05-27,2025-06-03,8,허균.허난설헌기-허균.허난설헌기,8
2025,42091004,207,강릉-동해상사,True,4200110,하슬라중,BIS inventory,True,True,14,13,128.90715554439282,37.77053362559672,35,0,19,,1.191287,0.0,2025-05-27,2025-06-03,8,허균.허난설헌기-허균.허난설헌기,7
2025,42091004,207,강릉-동해상사,True,4200114,고용센터,BIS inventory,True,True,23,22,128.88893105798073,37.75744085258255,12,6,40,39,0.408441,0.419874,2025-05-27,2025-06-03,8,허균.허난설헌기-허균.허난설헌기,6
2025,42091004,207,강릉-동해상사,True,4200115,고용센터,BIS inventory,True,True,49,48,128.8890663454416,37.75714942132559,29,19,28,20,0.987066,1.329601,2025-05-27,2025-06-03,8,허균.허난설헌기-허균.허난설헌기,8
2025,42091004,207,강릉-동해상사,True,4200116,적십자입구,BIS inventory,True,True,24,23,128.88726321660565,37.757196360936135,10,3,43,46,0.340368,0.209937,2025-05-27,2025-06-03,8,허균.허난설헌기-허균.허난설헌기,7
2025,42091004,207,강릉-동해상사,True,4200117,적십자입구,BIS inventory,True,True,48,47,128.88647213220725,37.75676623567213,32,4,22,44,1.089176,0.279916,2025-05-27,2025-06-03,8,허균.허난설헌기-허균.허난설헌기,8
2025,42091004,207,강릉-동해상사,True,4200118,터미널오거리,BIS inventory,True,True,25,24,128.8840640923818,37.75608209292866,7,10,44,31,0.238257,0.69979,2025-05-27,2025-06-03,8,허균.허난설헌기-허균.허난설헌기,7
2025,42091004,207,강릉-동해상사,True,4200119,터미널오거리,BIS inventory,True,True,47,46,128.88381140539954,37.755579088211434,32,6,22,39,1.089176,0.419874,2025-05-27,2025-06-03,8,허균.허난설헌기-허균.허난설헌기,8
2025,42091004,207,강릉-동해상사,True,4200120,강릉시외.고속터미널,BIS inventory,True,True,26,25,128.8792265208128,37.75505492071011,28,76,29,4,0.953029,5.318404,2025-05-27,2025-06-03,8,허균.허난설헌기-허균.허난설헌기,8
2025,42091004,207,강릉-동해상사,True,4200121,강릉시외.고속터미널,BIS inventory,True,True,46,45,128.87911620808939,37.75486594086855,194,39,3,9,6.603131,2.729181,2025-05-27,2025-06-03,8,허균.허난설헌기-허균.허난설헌기,8
2025,42091004,207,강릉-동해상사,True,4200122,강릉문화원,BIS inventory,True,True,27,26,128.8740921031382,37.75789663608161,1,11,63,30,0.034037,0.769769,2025-05-27,2025-06-03,8,허균.허난설헌기-허균.허난설헌기,5
2025,42091004,207,강릉-동해상사,True,4200123,우편집중국,BIS inventory,True,True,28,27,128.8733706824724,37.76051485370646,4,27,50,13,0.136147,1.889433,2025-05-27,2025-06-03,8,허균.허난설헌기-허균.허난설헌기,7
2025,42091004,207,강릉-동해상사,True,4200124,우편집중국,BIS inventory,True,True,45,44,128.87347187490323,37.76156496879712,136,12,7,29,4.628999,0.839748,2025-05-27,2025-06-03,8,허균.허난설헌기-허균.허난설헌기,8
2025,42091004,207,강릉-동해상사,True,4200125,솔올공연장,BIS inventory,True,True,29,28,128.87460623301726,37.76366952964576,2,59,55,6,0.068074,4.128761,2025-05-27,2025-06-03,8,허균.허난설헌기-허균.허난설헌기,8
2025,42091004,207,강릉-동해상사,True,4200126,솔올공연장,BIS inventory,True,True,44,43,128.87424793205705,37.763507530751156,86,3,10,46,2.927161,0.209937,2025-05-27,2025-06-03,8,허균.허난설헌기-허균.허난설헌기,8
2025,42091004,207,강릉-동해상사,True,4200127,구름다리,BIS inventory,True,True,30,29,128.87654770197503,37.764512872809554,7,40,44,8,0.238257,2.79916,2025-05-27,2025-06-03,8,허균.허난설헌기-허균.허난설헌기,8
2025,42091004,207,강릉-동해상사,True,4200128,구름다리,BIS inventory,True,True,43,42,128.87743298775584,37.764682397677966,154,3,6,46,5.241661,0.209937,2025-05-27,2025-06-03,8,허균.허난설헌기-허균.허난설헌기,8
2025,42091004,207,강릉-동해상사,True,4200129,주공3차아파트,BIS inventory,True,True,31,30,128.87933873663175,37.76410589188944,2,18,55,23,0.068074,1.259622,2025-05-27,2025-06-03,8,허균.허난설헌기-허균.허난설헌기,7
2025,42091004,207,강릉-동해상사,True,4200130,현대2차아파트,BIS inventory,True,True,42,41,128.87999435131803,37.764311243841746,93,1,9,52,3.165419,0.069979,2025-05-27,2025-06-03,8,허균.허난설헌기-허균.허난설헌기,7
2025,42091004,207,강릉-동해상사,True,4200131,하이빌현대아파트,BIS inventory,True,True,32,31,128.8824547932286,37.764860822549025,2,9,55,33,0.068074,0.629811,2025-05-27,2025-06-03,8,허균.허난설헌기-허균.허난설헌기,5
2025,42091004,207,강릉-동해상사,True,4200132,율곡초등학교,BIS inventory,True,True,41,40,128.88221538693716,37.765100900268116,18,0,36,,0.612662,0.0,2025-05-27,2025-06-03,8,허균.허난설헌기-허균.허난설헌기,7
2025,42091004,207,강릉-동해상사,True,4200133,주공1차아파트,BIS inventory,True,True,33,32,128.88288690646792,37.76665665089728,1,28,63,12,0.034037,1.959412,2025-05-27,2025-06-03,8,허균.허난설헌기-허균.허난설헌기,8
2025,42091004,207,강릉-동해상사,True,4200134,부영2차아파트,BIS inventory,True,True,34,33,128.88281079370944,37.77016072015751,1,17,63,25,0.034037,1.189643,2025-05-27,2025-06-03,8,허균.허난설헌기-허균.허난설헌기,7
2025,42091004,207,강릉-동해상사,True,4200135,부영2차아파트,BIS inventory,True,True,39,38,128.8825125758686,37.77002923948558,22,0,32,,0.748809,0.0,2025-05-27,2025-06-03,8,허균.허난설헌기-허균.허난설헌기,8
2025,42091004,207,강릉-동해상사,True,4200249,용강동서부시장,BIS inventory,True,True,50,49,128.89167287030088,37.75492247590215,23,75,31,5,0.782845,5.248425,2025-05-27,2025-06-03,8,허균.허난설헌기-허균.허난설헌기,8
2025,42091004,207,강릉-동해상사,True,4200250,용강동서부시장,BIS inventory,True,True,22,21,128.89174828581776,37.7556582744871,60,9,14,33,2.042206,0.629811,2025-05-27,2025-06-03,8,허균.허난설헌기-허균.허난설헌기,8
2025,42091004,207,강릉-동해상사,True,4200251,한국은행,BIS inventory,True,True,21,20,128.89406630781096,37.753485602290496,192,46,4,7,6.535058,3.219034,2025-05-27,2025-06-03,8,허균.허난설헌기-허균.허난설헌기,8
2025,42091004,207,강릉-동해상사,True,4200252,신영극장,BIS inventory,True,True,51,50,128.8961287589657,37.75448236011555,315,287,2,1,10.721579,20.083975,2025-05-27,2025-06-03,8,허균.허난설헌기-허균.허난설헌기,8
2025,42091004,207,강릉-동해상사,True,4200253,교보생명,BIS inventory,True,True,20,19,128.89811415297848,37.756002485379526,370,162,1,2,12.593601,11.336599,2025-05-27,2025-06-03,8,허균.허난설헌기-허균.허난설헌기,8
2025,42091004,207,강릉-동해상사,True,4200258,용지각,BIS inventory,True,True,53,52,128.90534669055177,37.76147384168322,30,19,25,20,1.021103,1.329601,2025-05-27,2025-06-03,8,허균.허난설헌기-허균.허난설헌기,8
2025,42091004,207,강릉-동해상사,True,4200260,동남아파트,BIS inventory,True,True,54,53,128.9088062489658,37.764638779656714,21,26,33,14,0.714772,1.819454,2025-05-27,2025-06-03,8,허균.허난설헌기-허균.허난설헌기,8
2025,42091004,207,강릉-동해상사,True,4200265,혜성연립,BIS inventory,True,True,56,55,128.91575952067353,37.76841531999017,6,26,48,14,0.204221,1.819454,2025-05-27,2025-06-03,8,허균.허난설헌기-허균.허난설헌기,7
2025,42091004,207,강릉-동해상사,True,4200267,삼우은성아파트,BIS inventory,True,True,57,56,128.91973659122027,37.77025900516923,7,21,44,19,0.238257,1.469559,2025-05-27,2025-06-03,8,허균.허난설헌기-허균.허난설헌기,8
2025,42091004,207,강릉-동해상사,True,4200269,이마트,BIS inventory,True,True,58,57,128.92346774482266,37.772222356268564,4,24,50,17,0.136147,1.679496,2025-05-27,2025-06-03,8,허균.허난설헌기-허균.허난설헌기,7
2025,42091004,207,강릉-동해상사,True,4200271,송정동주민센터,BIS inventory,True,True,59,58,128.9281580126049,37.77420386430584,0,8,,37,0.0,0.559832,2025-05-27,2025-06-03,8,허균.허난설헌기-허균.허난설헌기,4
2025,42091004,207,강릉-동해상사,True,4200273,송정신원아침도시,BIS inventory,True,True,60,59,128.93190852770562,37.774810233413945,2,14,55,26,0.068074,0.979706,2025-05-27,2025-06-03,8,허균.허난설헌기-허균.허난설헌기,7
2025,42091004,207,강릉-동해상사,True,4200277,비치소라아파트,BIS inventory,True,True,61,60,128.93435177478304,37.77578862012879,2,9,55,33,0.068074,0.629811,2025-05-27,2025-06-03,8,허균.허난설헌기-허균.허난설헌기,5
2025,42091004,207,강릉-동해상사,True,4200287,강릉고등학교,BIS inventory,True,True,3,2,128.91470458416677,37.788540253578724,33,0,21,,1.123213,0.0,2025-05-27,2025-06-03,8,허균.허난설헌기-허균.허난설헌기,8
2025,42091004,207,강릉-동해상사,True,4200288,경포고교,BIS inventory,True,True,8,7,128.91881546540267,37.78075927662396,75,1,12,52,2.552757,0.069979,2025-05-27,2025-06-03,8,허균.허난설헌기-허균.허난설헌기,8
2025,42091004,207,강릉-동해상사,True,4200289,한솔초교,BIS inventory,True,True,11,10,128.9142086436632,37.775058134113436,41,0,17,,1.395507,0.0,2025-05-27,2025-06-03,8,허균.허난설헌기-허균.허난설헌기,8
2025,42091004,207,강릉-동해상사,True,4200292,주공1차아파트,BIS inventory,True,True,40,39,128.88256780330317,37.766843575404636,73,1,13,52,2.484683,0.069979,2025-05-27,2025-06-03,8,허균.허난설헌기-허균.허난설헌기,8
2025,42091004,207,강릉-동해상사,True,4200315,구터미널,BIS inventory,True,True,18,17,128.8988430353628,37.76163002626936,19,5,35,42,0.646698,0.349895,2025-05-27,2025-06-03,8,허균.허난설헌기-허균.허난설헌기,8
2025,42091004,207,강릉-동해상사,True,4200320,강릉역육거리,BIS inventory,True,True,17,16,128.9015605860337,37.763796951176055,12,7,40,38,0.408441,0.489853,2025-05-27,2025-06-03,8,허균.허난설헌기-허균.허난설헌기,8
2025,42091004,207,강릉-동해상사,True,4200322,동도센트리움,BIS inventory,True,True,16,15,128.90456486009336,37.76619195310031,17,2,38,51,0.578625,0.139958,2025-05-27,2025-06-03,8,허균.허난설헌기-허균.허난설헌기,7
2025,42091004,207,강릉-동해상사,True,4200356,강원대학교,BIS inventory,True,True,37,36,128.87391738137654,37.77033026766949,159,19,5,20,5.411845,1.329601,2025-05-27,2025-06-03,8,허균.허난설헌기-허균.허난설헌기,8
2025,42091004,207,강릉-동해상사,True,4200365,삼성디지털센터,BIS inventory,True,True,19,18,128.8966989039856,37.75811194350719,2,13,55,27,0.068074,0.909727,2025-05-27,2025-06-03,8,허균.허난설헌기-허균.허난설헌기,6
2025,42091004,207,강릉-동해상사,True,4200370,허균.허난설헌기념공원,BIS inventory,True,True,1,0,128.90979333997709,37.79017067397969,4,0,50,,0.136147,0.0,2025-05-27,2025-06-03,8,허균.허난설헌기-허균.허난설헌기,2
2025,42091004,207,강릉-동해상사,True,4200371,허균.허난설헌기념공원,BIS inventory,True,True,70,68,128.9099040371541,37.79022786972901,11,24,42,17,0.374404,1.679496,2025-05-27,2025-06-03,8,허균.허난설헌기-허균.허난설헌기,7
2025,42091004,207,강릉-동해상사,True,4200647,허난설헌삼거리,BIS inventory,True,True,69,67,128.91326614067623,37.792240418323686,3,31,54,10,0.10211,2.169349,2025-05-27,2025-06-03,8,허균.허난설헌기-허균.허난설헌기,7
2025,42091004,207,강릉-동해상사,True,4201220,포남2주공입구,BIS inventory,True,True,9,8,128.9179885478381,37.77901498558293,31,0,24,,1.05514,0.0,2025-05-27,2025-06-03,8,허균.허난설헌기-허균.허난설헌기,8
2025,42091004,207,강릉-동해상사,True,4201233,초당분수공원,BIS inventory,True,True,66,64,128.9221385517862,37.785996929695614,4,9,50,33,0.136147,0.629811,2025-05-27,2025-06-03,8,허균.허난설헌기-허균.허난설헌기,7
2025,42091005,300,강릉-동해상사,True,4200002,소돌해변입구,BIS inventory,True,True,60,59,128.81905535960837,37.90780434670355,0,11,,56,0.0,0.124139,2025-05-27,2025-06-03,8,안목-향호리,5
2025,42091005,300,강릉-동해상사,True,4200182,주문진해변,BIS inventory,True,True,61,60,128.81704671925502,37.90944057885068,1,205,59,13,0.005755,2.313509,2025-05-27,2025-06-03,8,안목-향호리,8
2025,42091005,300,강릉-동해상사,True,4200185,소돌,BIS inventory,True,True,59,58,128.8213252547112,37.90592204016269,6,73,52,30,0.03453,0.823835,2025-05-27,2025-06-03,8,안목-향호리,8
2025,42091005,300,강릉-동해상사,True,4200188,양양고개,BIS inventory,True,True,56,55,128.82822436017406,37.899998054568016,5,104,55,26,0.028775,1.173682,2025-05-27,2025-06-03,8,안목-향호리,8
2025,42091005,300,강릉-동해상사,True,4200192,북부지구대,BIS inventory,True,True,53,52,128.829270567591,37.89460960314925,23,124,44,19,0.132366,1.399391,2025-05-27,2025-06-03,8,안목-향호리,8
2025,42091005,300,강릉-동해상사,True,4200195,주문진항입구,BIS inventory,True,True,52,51,128.82690557497094,37.892668432750234,100,231,35,10,0.575506,2.606929,2025-05-27,2025-06-03,8,안목-향호리,8
2025,42091005,300,강릉-동해상사,True,4200196,작은다리,BIS inventory,True,True,51,50,128.8261349428677,37.89101262248175,136,440,30,3,0.782689,4.96558,2025-05-27,2025-06-03,8,안목-향호리,8
2025,42091005,300,강릉-동해상사,True,4200198,원마트,BIS inventory,True,True,50,49,128.82575730347685,37.88826959645488,112,309,33,6,0.644567,3.487191,2025-05-27,2025-06-03,8,안목-향호리,8
2025,42091005,300,강릉-동해상사,True,4200200,주문진시외버스터미널,BIS inventory,True,True,49,48,128.8253113527999,37.88508198031381,103,290,34,7,0.592772,3.272768,2025-05-27,2025-06-03,8,안목-향호리,8
2025,42091005,300,강릉-동해상사,True,4200202,주문진식자재마트,BIS inventory,True,True,48,47,128.82596782269363,37.881485546216574,174,126,27,18,1.001381,1.421961,2025-05-27,2025-06-03,8,안목-향호리,8
2025,42091005,300,강릉-동해상사,True,4200206,강원도립대,BIS inventory,True,True,46,45,128.8283096996467,37.87693859362977,185,220,26,12,1.064687,2.48279,2025-05-27,2025-06-03,8,안목-향호리,8
2025,42091005,300,강릉-동해상사,True,4200208,북부노인종합복지관,BIS inventory,True,True,45,44,128.83042321750824,37.874681277863154,224,154,21,14,1.289134,1.737953,2025-05-27,2025-06-03,8,안목-향호리,8
2025,42091005,300,강릉-동해상사,True,4200209,영진입구,BIS inventory,True,True,44,43,128.83637261045655,37.87054167536418,99,70,36,32,0.569751,0.789979,2025-05-27,2025-06-03,8,안목-향호리,8
2025,42091005,300,강릉-동해상사,True,4200211,삼천리아파트,BIS inventory,True,True,43,42,128.8383288212433,37.86906384505761,412,231,12,10,2.371087,2.606929,2025-05-27,2025-06-03,8,안목-향호리,8
2025,42091005,300,강릉-동해상사,True,4200212,연곡면사무소,BIS inventory,True,True,42,41,128.83761397394952,37.85995465828368,290,318,17,5,1.668969,3.58876,2025-05-27,2025-06-03,8,안목-향호리,8
2025,42091005,300,강릉-동해상사,True,4200214,연곡해변입구,BIS inventory,True,True,41,40,128.84162112920617,37.854539181009365,6,35,52,47,0.03453,0.394989,2025-05-27,2025-06-03,8,안목-향호리,8
2025,42091005,300,강릉-동해상사,True,4200215,구라미휴게소,BIS inventory,True,True,40,39,128.8412803433516,37.845869087009575,9,4,50,59,0.051796,0.045142,2025-05-27,2025-06-03,8,안목-향호리,6
2025,42091005,300,강릉-동해상사,True,4200217,구라미,BIS inventory,True,True,39,38,128.8421871924033,37.84071328241807,12,13,48,54,0.069061,0.14671,2025-05-27,2025-06-03,8,안목-향호리,8
2025,42091005,300,강릉-동해상사,True,4200221,모래내행복센터,BIS inventory,True,True,36,35,128.84881781800846,37.82675602435266,70,68,37,33,0.402855,0.767408,2025-05-27,2025-06-03,8,안목-향호리,8
2025,42091005,300,강릉-동해상사,True,4200222,사천면사무소,BIS inventory,True,True,35,34,128.84928192865996,37.82385848393331,64,110,39,23,0.368324,1.241395,2025-05-27,2025-06-03,8,안목-향호리,8
2025,42091005,300,강릉-동해상사,True,4200225,북부노인대학,BIS inventory,True,True,34,33,128.85083641112433,37.82016343083045,6,42,52,42,0.03453,0.473987,2025-05-27,2025-06-03,8,안목-향호리,8
2025,42091005,300,강릉-동해상사,True,4200226,방골마을입구,BIS inventory,True,True,32,31,128.8558844116181,37.81329996910386,11,36,49,46,0.063306,0.406275,2025-05-27,2025-06-03,8,안목-향호리,8
2025,42091005,300,강릉-동해상사,True,4200227,학고개,BIS inventory,True,True,31,30,128.86104076560957,37.80452897124611,7,12,51,55,0.040285,0.135425,2025-05-27,2025-06-03,8,안목-향호리,7
2025,42091005,300,강릉-동해상사,True,4200229,즈므.과학단지,BIS inventory,True,True,30,29,128.86079294239343,37.79710821329875,15,29,46,48,0.086326,0.327277,2025-05-27,2025-06-03,8,안목-향호리,8
2025,42091005,300,강릉-동해상사,True,4200231,한밭입구,BIS inventory,True,True,29,28,128.86496052027113,37.791610745411326,4,19,56,51,0.02302,0.214423,2025-05-27,2025-06-03,8,안목-향호리,7
2025,42091005,300,강릉-동해상사,True,4200233,행정마을,BIS inventory,True,True,28,27,128.8703519994515,37.78859256038236,21,72,45,31,0.120856,0.812549,2025-05-27,2025-06-03,8,안목-향호리,8
2025,42091005,300,강릉-동해상사,True,4200235,법원.검찰청,BIS inventory,True,True,27,26,128.8739503928752,37.785042447818554,36,53,42,38,0.207182,0.598127,2025-05-27,2025-06-03,8,안목-향호리,8
2025,42091005,300,강릉-동해상사,True,4200237,선교장입구,BIS inventory,True,True,26,25,128.8801857915523,37.78222354537227,42,79,41,29,0.241713,0.891547,2025-05-27,2025-06-03,8,안목-향호리,8
2025,42091005,300,강릉-동해상사,True,4200239,오죽헌,BIS inventory,True,True,25,24,128.88242080274284,37.78040719543912,216,131,22,17,1.243094,1.478388,2025-05-27,2025-06-03,8,안목-향호리,8
2025,42091005,300,강릉-동해상사,True,4200241,우성공업사,BIS inventory,True,True,24,23,128.8881180126791,37.77538642162077,70,51,37,39,0.402855,0.575556,2025-05-27,2025-06-03,8,안목-향호리,8
2025,42091005,300,강릉-동해상사,True,4200243,율곡중학교,BIS inventory,True,True,23,22,128.89033943348878,37.77216892177817,130,49,31,40,0.748158,0.552985,2025-05-27,2025-06-03,8,안목-향호리,8
2025,42091005,300,강릉-동해상사,True,4200246,이명사거리,BIS inventory,True,True,21,20,128.89177153862124,37.764700407126554,265,267,20,9,1.525092,3.013204,2025-05-27,2025-06-03,8,안목-향호리,8
2025,42091005,300,강릉-동해상사,True,4200248,강릉제일고,BIS inventory,True,True,20,19,128.89200478710157,37.759050283679514,279,147,18,15,1.605663,1.658955,2025-05-27,2025-06-03,8,안목-향호리,8
2025,42091005,300,강릉-동해상사,True,4200250,용강동서부시장,BIS inventory,True,True,19,18,128.89174828581776,37.7556582744871,569,123,8,20,3.274632,1.388105,2025-05-27,2025-06-03,8,안목-향호리,8
2025,42091005,300,강릉-동해상사,True,4200251,한국은행,BIS inventory,True,True,18,17,128.89406630781096,37.753485602290496,1224,499,3,2,7.044199,5.631419,2025-05-27,2025-06-03,8,안목-향호리,8
2025,42091005,300,강릉-동해상사,True,4200253,교보생명,BIS inventory,True,True,17,16,128.89811415297848,37.756002485379526,3618,2139,1,1,20.821823,24.139488,2025-05-27,2025-06-03,8,안목-향호리,8
2025,42091005,300,강릉-동해상사,True,4200257,옥천119안전센터,BIS inventory,True,True,13,12,128.90305174420297,37.761041080134646,122,105,32,25,0.702118,1.184968,2025-05-27,2025-06-03,8,안목-향호리,8
2025,42091005,300,강릉-동해상사,True,4200259,용지각,BIS inventory,True,True,12,11,128.90537716328666,37.76184119439877,333,81,14,28,1.916436,0.914118,2025-05-27,2025-06-03,8,안목-향호리,8
2025,42091005,300,강릉-동해상사,True,4200261,북강릉IC,BIS inventory,True,True,38,37,128.84425534198513,37.83689529134246,3,16,58,52,0.017265,0.180567,2025-05-27,2025-06-03,8,안목-향호리,7
2025,42091005,300,강릉-동해상사,True,4200262,로얄아파트.포남1동주민센터,BIS inventory,True,True,10,9,128.90933288179943,37.76545703763149,543,39,9,44,3.125,0.440131,2025-05-27,2025-06-03,8,안목-향호리,8
2025,42091005,300,강릉-동해상사,True,4200264,구)동해상사,BIS inventory,True,True,9,8,128.91165113985977,37.76683747950902,543,60,9,36,3.125,0.677124,2025-05-27,2025-06-03,8,안목-향호리,8
2025,42091005,300,강릉-동해상사,True,4200266,혜성연립,BIS inventory,True,True,8,7,128.9154402649905,37.76852760326643,754,62,7,35,4.339319,0.699695,2025-05-27,2025-06-03,8,안목-향호리,8
2025,42091005,300,강릉-동해상사,True,4200268,삼우은성아파트,BIS inventory,True,True,7,6,128.91881978171756,37.77007704319862,761,39,6,44,4.379604,0.440131,2025-05-27,2025-06-03,8,안목-향호리,8
2025,42091005,300,강릉-동해상사,True,4200270,이마트,BIS inventory,True,True,6,5,128.92290403192536,37.77218493598484,339,47,13,41,1.950967,0.530414,2025-05-27,2025-06-03,8,안목-향호리,8
2025,42091005,300,강릉-동해상사,True,4200272,송정동주민센터,BIS inventory,True,True,5,4,128.92775106138072,37.77430053196711,302,16,16,52,1.738029,0.180567,2025-05-27,2025-06-03,8,안목-향호리,8
2025,42091005,300,강릉-동해상사,True,4200274,송정노인회관,BIS inventory,True,True,4,3,128.93141909498914,37.77512821569013,835,11,5,56,4.805479,0.124139,2025-05-27,2025-06-03,8,안목-향호리,8
2025,42091005,300,강릉-동해상사,True,4200276,송정한신아파트입구,BIS inventory,True,True,3,2,128.93668274097607,37.7740287226972,441,1,11,62,2.537983,0.011285,2025-05-27,2025-06-03,8,안목-향호리,8
2025,42091005,300,강릉-동해상사,True,4200298,보성연립,BIS inventory,True,True,57,56,128.82558444232305,37.90204313561504,0,20,,50,0.0,0.225708,2025-05-27,2025-06-03,8,안목-향호리,8
2025,42091005,300,강릉-동해상사,True,4200299,주문2리,BIS inventory,True,True,55,54,128.83067123183636,37.89750003400375,29,55,43,37,0.166897,0.620697,2025-05-27,2025-06-03,8,안목-향호리,8
2025,42091005,300,강릉-동해상사,True,4200300,수협사거리,BIS inventory,True,True,54,53,128.8314095884837,37.895774457125356,15,87,46,27,0.086326,0.98183,2025-05-27,2025-06-03,8,안목-향호리,8
2025,42091005,300,강릉-동해상사,True,4200308,주문진중.고등학교.강릉정보고,BIS inventory,True,True,47,46,128.82672327638434,37.87982425913257,207,144,23,16,1.191298,1.625099,2025-05-27,2025-06-03,8,안목-향호리,8
2025,42091005,300,강릉-동해상사,True,4200314,청솔공원,BIS inventory,True,True,37,36,128.84780404863866,37.83218520189828,4,8,56,58,0.02302,0.090283,2025-05-27,2025-06-03,8,안목-향호리,8
2025,42091005,300,강릉-동해상사,True,4200315,구터미널,BIS inventory,True,True,15,14,128.8988430353628,37.76163002626936,145,41,29,43,0.834484,0.462702,2025-05-27,2025-06-03,8,안목-향호리,8
2025,42091005,300,강릉-동해상사,True,4200318,포남시장,BIS inventory,True,True,11,10,128.90766061502285,37.76392281820552,267,26,19,49,1.536602,0.293421,2025-05-27,2025-06-03,8,안목-향호리,8
2025,42091005,300,강릉-동해상사,True,4200365,삼성디지털센터,BIS inventory,True,True,16,15,128.8966989039856,37.75811194350719,192,106,24,24,1.104972,1.196253,2025-05-27,2025-06-03,8,안목-향호리,8
2025,42091005,300,강릉-동해상사,True,4200418,강릉아산병원.강릉약국,BIS inventory,True,True,33,32,128.8564121349402,37.81631278949057,192,289,24,8,1.104972,3.261483,2025-05-27,2025-06-03,8,안목-향호리,8
2025,42091005,300,강릉-동해상사,True,4200473,향호리,BIS inventory,True,True,62,61,128.81023394642006,37.915207861254615,49,115,40,22,0.281998,1.297822,2025-05-27,2025-06-03,8,안목-향호리,8
2025,42091005,300,강릉-동해상사,True,4200521,방학골,BIS inventory,True,True,58,57,128.82291244813646,37.90463362511824,1,65,59,34,0.005755,0.733552,2025-05-27,2025-06-03,8,안목-향호리,8
2025,42091005,300,강릉-동해상사,True,4200569,교2동주민센터,BIS inventory,True,True,22,21,128.8921038226677,37.76840335678918,158,123,28,20,0.9093,1.388105,2025-05-27,2025-06-03,8,안목-향호리,8
2025,42091005,300,강릉-동해상사,True,4200721,강릉역,BIS inventory,True,True,14,13,128.8992580056024,37.76416330670135,1321,416,2,4,7.60244,4.69473,2025-05-27,2025-06-03,8,안목-향호리,8
2025,42091005,300,강릉-동해상사,True,4201043,안목,BIS inventory,True,True,1,0,128.94526892930932,37.77285146151794,947,3,4,60,5.450046,0.033856,2025-05-27,2025-06-03,8,안목-향호리,8
2025,42091005,300,강릉-동해상사,True,4201386,송정한신아파트후문,BIS inventory,True,True,2,1,128.93962441064605,37.773612640324636,329,2,15,61,1.893416,0.022571,2025-05-27,2025-06-03,8,안목-향호리,8
2025,42091007,302,강릉-동해상사,True,4200002,소돌해변입구,BIS inventory,True,True,69,67,128.81905535960837,37.90780434670355,0,2,,56,0.0,0.271003,2025-05-27,2025-06-03,8,안목-향호리,1
2025,42091007,302,강릉-동해상사,True,4200114,고용센터,BIS inventory,True,True,20,18,128.88893105798073,37.75744085258255,14,7,28,28,0.909682,0.948509,2025-05-27,2025-06-03,8,안목-향호리,7
2025,42091007,302,강릉-동해상사,True,4200116,적십자입구,BIS inventory,True,True,21,19,128.88726321660565,37.757196360936135,6,8,41,23,0.389864,1.084011,2025-05-27,2025-06-03,8,안목-향호리,6
2025,42091007,302,강릉-동해상사,True,4200118,터미널오거리,BIS inventory,True,True,22,20,128.8840640923818,37.75608209292866,20,6,20,36,1.299545,0.813008,2025-05-27,2025-06-03,8,안목-향호리,6
2025,42091007,302,강릉-동해상사,True,4200120,강릉시외.고속터미널,BIS inventory,True,True,23,21,128.8792265208128,37.75505492071011,109,41,2,2,7.082521,5.555556,2025-05-27,2025-06-03,8,안목-향호리,8
2025,42091007,302,강릉-동해상사,True,4200122,강릉문화원,BIS inventory,True,True,24,22,128.8740921031382,37.75789663608161,8,7,36,28,0.519818,0.948509,2025-05-27,2025-06-03,8,안목-향호리,7
2025,42091007,302,강릉-동해상사,True,4200123,우편집중국,BIS inventory,True,True,25,23,128.8733706824724,37.76051485370646,15,16,26,12,0.974659,2.168022,2025-05-27,2025-06-03,8,안목-향호리,7
2025,42091007,302,강릉-동해상사,True,4200125,솔올공연장,BIS inventory,True,True,26,24,128.87460623301726,37.76366952964576,15,34,26,3,0.974659,4.607046,2025-05-27,2025-06-03,8,안목-향호리,8
2025,42091007,302,강릉-동해상사,True,4200127,구름다리,BIS inventory,True,True,27,25,128.87654770197503,37.764512872809554,34,30,15,6,2.209227,4.065041,2025-05-27,2025-06-03,8,안목-향호리,8
2025,42091007,302,강릉-동해상사,True,4200129,주공3차아파트,BIS inventory,True,True,28,26,128.87933873663175,37.76410589188944,52,5,12,41,3.378817,0.677507,2025-05-27,2025-06-03,8,안목-향호리,8
2025,42091007,302,강릉-동해상사,True,4200131,하이빌현대아파트,BIS inventory,True,True,29,27,128.8824547932286,37.764860822549025,31,4,17,46,2.014295,0.542005,2025-05-27,2025-06-03,8,안목-향호리,8
2025,42091007,302,강릉-동해상사,True,4200133,주공1차아파트,BIS inventory,True,True,30,28,128.88288690646792,37.76665665089728,5,6,43,36,0.324886,0.813008,2025-05-27,2025-06-03,8,안목-향호리,6
2025,42091007,302,강릉-동해상사,True,4200134,부영2차아파트,BIS inventory,True,True,31,29,128.88281079370944,37.77016072015751,53,9,11,20,3.443795,1.219512,2025-05-27,2025-06-03,8,안목-향호리,8
2025,42091007,302,강릉-동해상사,True,4200137,방축거리,BIS inventory,True,True,32,30,128.88360346383243,37.77333257715457,1,3,53,52,0.064977,0.406504,2025-05-27,2025-06-03,8,안목-향호리,1
2025,42091007,302,강릉-동해상사,True,4200182,주문진해변,BIS inventory,True,True,70,68,128.81704671925502,37.90944057885068,0,10,,19,0.0,1.355014,2025-05-27,2025-06-03,8,안목-향호리,4
2025,42091007,302,강릉-동해상사,True,4200185,소돌,BIS inventory,True,True,68,66,128.8213252547112,37.90592204016269,0,5,,41,0.0,0.677507,2025-05-27,2025-06-03,8,안목-향호리,3
2025,42091007,302,강릉-동해상사,True,4200188,양양고개,BIS inventory,True,True,65,63,128.82822436017406,37.899998054568016,1,2,53,56,0.064977,0.271003,2025-05-27,2025-06-03,8,안목-향호리,2
2025,42091007,302,강릉-동해상사,True,4200192,북부지구대,BIS inventory,True,True,62,60,128.829270567591,37.89460960314925,5,11,43,17,0.324886,1.490515,2025-05-27,2025-06-03,8,안목-향호리,6
2025,42091007,302,강릉-동해상사,True,4200195,주문진항입구,BIS inventory,True,True,61,59,128.82690557497094,37.892668432750234,4,24,46,8,0.259909,3.252033,2025-05-27,2025-06-03,8,안목-향호리,7
2025,42091007,302,강릉-동해상사,True,4200196,작은다리,BIS inventory,True,True,60,58,128.8261349428677,37.89101262248175,11,34,31,3,0.71475,4.607046,2025-05-27,2025-06-03,8,안목-향호리,8
2025,42091007,302,강릉-동해상사,True,4200198,원마트,BIS inventory,True,True,59,57,128.82575730347685,37.88826959645488,12,22,30,9,0.779727,2.98103,2025-05-27,2025-06-03,8,안목-향호리,7
2025,42091007,302,강릉-동해상사,True,4200200,주문진시외버스터미널,BIS inventory,True,True,58,56,128.8253113527999,37.88508198031381,8,22,36,9,0.519818,2.98103,2025-05-27,2025-06-03,8,안목-향호리,7
2025,42091007,302,강릉-동해상사,True,4200202,주문진식자재마트,BIS inventory,True,True,57,55,128.82596782269363,37.881485546216574,16,9,24,20,1.039636,1.219512,2025-05-27,2025-06-03,8,안목-향호리,6
2025,42091007,302,강릉-동해상사,True,4200206,강원도립대,BIS inventory,True,True,55,53,128.8283096996467,37.87693859362977,7,13,38,13,0.454841,1.761518,2025-05-27,2025-06-03,8,안목-향호리,7
2025,42091007,302,강릉-동해상사,True,4200208,북부노인종합복지관,BIS inventory,True,True,54,52,128.83042321750824,37.874681277863154,23,12,19,15,1.494477,1.626016,2025-05-27,2025-06-03,8,안목-향호리,7
2025,42091007,302,강릉-동해상사,True,4200209,영진입구,BIS inventory,True,True,53,51,128.83637261045655,37.87054167536418,9,12,34,15,0.584795,1.626016,2025-05-27,2025-06-03,8,안목-향호리,8
2025,42091007,302,강릉-동해상사,True,4200211,삼천리아파트,BIS inventory,True,True,52,50,128.8383288212433,37.86906384505761,80,8,6,23,5.198181,1.084011,2025-05-27,2025-06-03,8,안목-향호리,7
2025,42091007,302,강릉-동해상사,True,4200212,연곡면사무소,BIS inventory,True,True,51,49,128.83761397394952,37.85995465828368,38,11,14,17,2.469136,1.490515,2025-05-27,2025-06-03,8,안목-향호리,8
2025,42091007,302,강릉-동해상사,True,4200214,연곡해변입구,BIS inventory,True,True,50,48,128.84162112920617,37.854539181009365,0,1,,60,0.0,0.135501,2025-05-27,2025-06-03,8,안목-향호리,1
2025,42091007,302,강릉-동해상사,True,4200215,구라미휴게소,BIS inventory,True,True,49,47,128.8412803433516,37.845869087009575,1,0,53,,0.064977,0.0,2025-05-27,2025-06-03,8,안목-향호리,1
2025,42091007,302,강릉-동해상사,True,4200217,구라미,BIS inventory,True,True,48,46,128.8421871924033,37.84071328241807,3,1,48,60,0.194932,0.135501,2025-05-27,2025-06-03,8,안목-향호리,3
2025,42091007,302,강릉-동해상사,True,4200221,모래내행복센터,BIS inventory,True,True,45,43,128.84881781800846,37.82675602435266,7,4,38,46,0.454841,0.542005,2025-05-27,2025-06-03,8,안목-향호리,7
2025,42091007,302,강릉-동해상사,True,4200222,사천면사무소,BIS inventory,True,True,44,42,128.84928192865996,37.82385848393331,6,4,41,46,0.389864,0.542005,2025-05-27,2025-06-03,8,안목-향호리,6
2025,42091007,302,강릉-동해상사,True,4200225,북부노인대학,BIS inventory,True,True,43,41,128.85083641112433,37.82016343083045,2,5,49,41,0.129955,0.677507,2025-05-27,2025-06-03,8,안목-향호리,5
2025,42091007,302,강릉-동해상사,True,4200226,방골마을입구,BIS inventory,True,True,40,38,128.8558844116181,37.81329996910386,0,6,,36,0.0,0.813008,2025-05-27,2025-06-03,8,안목-향호리,4
2025,42091007,302,강릉-동해상사,True,4200227,학고개,BIS inventory,True,True,39,37,128.86104076560957,37.80452897124611,0,1,,60,0.0,0.135501,2025-05-27,2025-06-03,8,안목-향호리,1
2025,42091007,302,강릉-동해상사,True,4200229,즈므.과학단지,BIS inventory,True,True,38,36,128.86079294239343,37.79710821329875,1,7,53,28,0.064977,0.948509,2025-05-27,2025-06-03,8,안목-향호리,4
2025,42091007,302,강릉-동해상사,True,4200231,한밭입구,BIS inventory,True,True,37,35,128.86496052027113,37.791610745411326,0,13,,13,0.0,1.761518,2025-05-27,2025-06-03,8,안목-향호리,6
2025,42091007,302,강릉-동해상사,True,4200233,행정마을,BIS inventory,True,True,36,34,128.8703519994515,37.78859256038236,2,8,49,23,0.129955,1.084011,2025-05-27,2025-06-03,8,안목-향호리,5
2025,42091007,302,강릉-동해상사,True,4200235,법원.검찰청,BIS inventory,True,True,35,33,128.8739503928752,37.785042447818554,4,7,46,28,0.259909,0.948509,2025-05-27,2025-06-03,8,안목-향호리,4
2025,42091007,302,강릉-동해상사,True,4200237,선교장입구,BIS inventory,True,True,34,32,128.8801857915523,37.78222354537227,2,7,49,28,0.129955,0.948509,2025-05-27,2025-06-03,8,안목-향호리,5
2025,42091007,302,강릉-동해상사,True,4200239,오죽헌,BIS inventory,True,True,33,31,128.88242080274284,37.78040719543912,11,6,31,36,0.71475,0.813008,2025-05-27,2025-06-03,8,안목-향호리,6
2025,42091007,302,강릉-동해상사,True,4200250,용강동서부시장,BIS inventory,True,True,19,17,128.89174828581776,37.7556582744871,29,3,18,52,1.88434,0.406504,2025-05-27,2025-06-03,8,안목-향호리,8
2025,42091007,302,강릉-동해상사,True,4200251,한국은행,BIS inventory,True,True,18,16,128.89406630781096,37.753485602290496,87,30,4,6,5.653021,4.065041,2025-05-27,2025-06-03,8,안목-향호리,8
2025,42091007,302,강릉-동해상사,True,4200253,교보생명,BIS inventory,True,True,17,15,128.89811415297848,37.756002485379526,165,121,1,1,10.721248,16.395664,2025-05-27,2025-06-03,8,안목-향호리,8
2025,42091007,302,강릉-동해상사,True,4200257,옥천119안전센터,BIS inventory,True,True,13,11,128.90305174420297,37.761041080134646,9,2,34,56,0.584795,0.271003,2025-05-27,2025-06-03,8,안목-향호리,7
2025,42091007,302,강릉-동해상사,True,4200259,용지각,BIS inventory,True,True,12,10,128.90537716328666,37.76184119439877,17,7,22,28,1.104613,0.948509,2025-05-27,2025-06-03,8,안목-향호리,7
2025,42091007,302,강릉-동해상사,True,4200262,로얄아파트.포남1동주민센터,BIS inventory,True,True,10,8,128.90933288179943,37.76545703763149,13,5,29,41,0.844704,0.677507,2025-05-27,2025-06-03,8,안목-향호리,7
2025,42091007,302,강릉-동해상사,True,4200264,구)동해상사,BIS inventory,True,True,9,7,128.91165113985977,37.76683747950902,55,4,10,46,3.573749,0.542005,2025-05-27,2025-06-03,8,안목-향호리,8
2025,42091007,302,강릉-동해상사,True,4200266,혜성연립,BIS inventory,True,True,8,6,128.9154402649905,37.76852760326643,60,4,9,46,3.898635,0.542005,2025-05-27,2025-06-03,8,안목-향호리,8
2025,42091007,302,강릉-동해상사,True,4200268,삼우은성아파트,BIS inventory,True,True,7,5,128.91881978171756,37.77007704319862,72,1,8,60,4.678363,0.135501,2025-05-27,2025-06-03,8,안목-향호리,8
2025,42091007,302,강릉-동해상사,True,4200270,이마트,BIS inventory,True,True,6,4,128.92290403192536,37.77218493598484,20,3,20,52,1.299545,0.406504,2025-05-27,2025-06-03,8,안목-향호리,7
2025,42091007,302,강릉-동해상사,True,4200272,송정동주민센터,BIS inventory,True,True,5,3,128.92775106138072,37.77430053196711,32,7,16,28,2.079272,0.948509,2025-05-27,2025-06-03,8,안목-향호리,8
2025,42091007,302,강릉-동해상사,True,4200274,송정노인회관,BIS inventory,True,True,4,2,128.93141909498914,37.77512821569013,95,3,3,52,6.17284,0.406504,2025-05-27,2025-06-03,8,안목-향호리,8
2025,42091007,302,강릉-동해상사,True,4200276,송정한신아파트입구,BIS inventory,True,True,3,1,128.93668274097607,37.7740287226972,86,0,5,,5.588044,0.0,2025-05-27,2025-06-03,8,안목-향호리,8
2025,42091007,302,강릉-동해상사,True,4200298,보성연립,BIS inventory,True,True,66,64,128.82558444232305,37.90204313561504,0,5,,41,0.0,0.677507,2025-05-27,2025-06-03,8,안목-향호리,3
2025,42091007,302,강릉-동해상사,True,4200299,주문2리,BIS inventory,True,True,64,62,128.83067123183636,37.89750003400375,0,6,,36,0.0,0.813008,2025-05-27,2025-06-03,8,안목-향호리,4
2025,42091007,302,강릉-동해상사,True,4200300,수협사거리,BIS inventory,True,True,63,61,128.8314095884837,37.895774457125356,1,7,53,28,0.064977,0.948509,2025-05-27,2025-06-03,8,안목-향호리,5
2025,42091007,302,강릉-동해상사,True,4200308,주문진중.고등학교.강릉정보고,BIS inventory,True,True,56,54,128.82672327638434,37.87982425913257,17,9,22,20,1.104613,1.219512,2025-05-27,2025-06-03,8,안목-향호리,8
2025,42091007,302,강릉-동해상사,True,4200315,구터미널,BIS inventory,True,True,15,13,128.8988430353628,37.76163002626936,5,1,43,60,0.324886,0.135501,2025-05-27,2025-06-03,8,안목-향호리,3
2025,42091007,302,강릉-동해상사,True,4200318,포남시장,BIS inventory,True,True,11,9,128.90766061502285,37.76392281820552,16,2,24,56,1.039636,0.271003,2025-05-27,2025-06-03,8,안목-향호리,7
2025,42091007,302,강릉-동해상사,True,4200365,삼성디지털센터,BIS inventory,True,True,16,14,128.8966989039856,37.75811194350719,2,8,49,23,0.129955,1.084011,2025-05-27,2025-06-03,8,안목-향호리,4
2025,42091007,302,강릉-동해상사,True,4200418,강릉아산병원.강릉약국,BIS inventory,True,True,41,39,128.8564121349402,37.81631278949057,7,8,38,23,0.454841,1.084011,2025-05-27,2025-06-03,8,안목-향호리,5
2025,42091007,302,강릉-동해상사,True,4200446,강릉아산병원(주문진방면),BIS inventory,True,True,42,40,128.8575142394361,37.817740516347506,10,31,33,5,0.649773,4.200542,2025-05-27,2025-06-03,8,안목-향호리,7
2025,42091007,302,강릉-동해상사,True,4200473,향호리,BIS inventory,True,True,71,69,128.81023394642006,37.915207861254615,0,4,,46,0.0,0.542005,2025-05-27,2025-06-03,8,안목-향호리,2
2025,42091007,302,강릉-동해상사,True,4200521,방학골,BIS inventory,True,True,67,65,128.82291244813646,37.90463362511824,0,1,,60,0.0,0.135501,2025-05-27,2025-06-03,8,안목-향호리,1
2025,42091007,302,강릉-동해상사,True,4200721,강릉역,BIS inventory,True,True,14,12,128.8992580056024,37.76416330670135,77,22,7,9,5.003249,2.98103,2025-05-27,2025-06-03,8,안목-향호리,8
2025,42091007,302,강릉-동해상사,True,4201043,안목,BIS inventory,True,True,1,0,128.94526892930932,37.77285146151794,48,1,13,60,3.118908,0.135501,2025-05-27,2025-06-03,8,안목-향호리,8
2025,42091012,315,강릉-동해상사,True,4200001,내곡교,BIS inventory,True,True,104,103,128.88717490623026,37.74653766880734,1,10,62,10,0.162338,3.508772,2025-05-27,2025-06-03,8,가톨릭관동대학교-가톨릭관동대학교,5
2025,42091012,315,강릉-동해상사,True,4200029,주문진읍사무소,BIS inventory,True,True,45,44,128.82486977710943,37.892686971435495,0,6,,12,0.0,2.105263,2025-05-27,2025-06-03,8,가톨릭관동대학교-가톨릭관동대학교,4
2025,42091012,315,강릉-동해상사,True,4200060,솔올중학교,BIS inventory,True,True,17,16,128.8798722504925,37.77163504014371,5,1,35,47,0.811688,0.350877,2025-05-27,2025-06-03,8,가톨릭관동대학교-가톨릭관동대학교,5
2025,42091012,315,강릉-동해상사,True,4200063,가톨릭관동대학교,BIS inventory,True,True,1 | 107,106,128.87804152995903,37.738296118202754,61,15,1,2,9.902597,5.263158,2025-05-27,2025-06-03,8,가톨릭관동대학교-가톨릭관동대학교,7
2025,42091012,315,강릉-동해상사,True,4200065,보건소,BIS inventory,True,True,3,2,128.8829859719751,37.74393637256719,30,0,3,,4.87013,0.0,2025-05-27,2025-06-03,8,가톨릭관동대학교-가톨릭관동대학교,5
2025,42091012,315,강릉-동해상사,True,4200067,홍제동주민센터,BIS inventory,True,True,103,102,128.8842229051066,37.747848454396006,5,12,35,6,0.811688,4.210526,2025-05-27,2025-06-03,8,가톨릭관동대학교-가톨릭관동대학교,6
2025,42091012,315,강릉-동해상사,True,4200069,방골마을입구,BIS inventory,True,True,84,83,128.85540756146614,37.81366779247799,2,0,51,,0.324675,0.0,2025-05-27,2025-06-03,8,가톨릭관동대학교-가톨릭관동대학교,1
2025,42091012,315,강릉-동해상사,True,4200083,지변동,BIS inventory,True,True,18,17,128.87676045382563,37.771874023944235,2,1,51,47,0.324675,0.350877,2025-05-27,2025-06-03,8,가톨릭관동대학교-가톨릭관동대학교,2
2025,42091012,315,강릉-동해상사,True,4200084,풋살경기장옆,BIS inventory,True,True,91,90,128.87680703199706,37.77165010517057,5,0,35,,0.811688,0.0,2025-05-27,2025-06-03,8,가톨릭관동대학교-가톨릭관동대학교,4
2025,42091012,315,강릉-동해상사,True,4200120,강릉시외.고속터미널,BIS inventory,True,True,8,7,128.8792265208128,37.75505492071011,32,14,2,4,5.194805,4.912281,2025-05-27,2025-06-03,8,가톨릭관동대학교-가톨릭관동대학교,7
2025,42091012,315,강릉-동해상사,True,4200121,강릉시외.고속터미널,BIS inventory,True,True,99,98,128.87911620808939,37.75486594086855,28,22,4,1,4.545455,7.719298,2025-05-27,2025-06-03,8,가톨릭관동대학교-가톨릭관동대학교,7
2025,42091012,315,강릉-동해상사,True,4200122,강릉문화원,BIS inventory,True,True,9,8,128.8740921031382,37.75789663608161,3,1,43,47,0.487013,0.350877,2025-05-27,2025-06-03,8,가톨릭관동대학교-가톨릭관동대학교,4
2025,42091012,315,강릉-동해상사,True,4200123,우편집중국,BIS inventory,True,True,10,9,128.8733706824724,37.76051485370646,1,3,62,24,0.162338,1.052632,2025-05-27,2025-06-03,8,가톨릭관동대학교-가톨릭관동대학교,3
2025,42091012,315,강릉-동해상사,True,4200124,우편집중국,BIS inventory,True,True,98,97,128.87347187490323,37.76156496879712,13,2,15,38,2.11039,0.701754,2025-05-27,2025-06-03,8,가톨릭관동대학교-가톨릭관동대학교,6
2025,42091012,315,강릉-동해상사,True,4200125,솔올공연장,BIS inventory,True,True,11,10,128.87460623301726,37.76366952964576,15,5,11,17,2.435065,1.754386,2025-05-27,2025-06-03,8,가톨릭관동대학교-가톨릭관동대학교,5
2025,42091012,315,강릉-동해상사,True,4200126,솔올공연장,BIS inventory,True,True,97,96,128.87424793205705,37.763507530751156,5,3,35,24,0.811688,1.052632,2025-05-27,2025-06-03,8,가톨릭관동대학교-가톨릭관동대학교,5
2025,42091012,315,강릉-동해상사,True,4200127,구름다리,BIS inventory,True,True,12,11,128.87654770197503,37.764512872809554,9,11,24,8,1.461039,3.859649,2025-05-27,2025-06-03,8,가톨릭관동대학교-가톨릭관동대학교,5
2025,42091012,315,강릉-동해상사,True,4200128,구름다리,BIS inventory,True,True,96,95,128.87743298775584,37.764682397677966,21,6,6,12,3.409091,2.105263,2025-05-27,2025-06-03,8,가톨릭관동대학교-가톨릭관동대학교,7
2025,42091012,315,강릉-동해상사,True,4200129,주공3차아파트,BIS inventory,True,True,13,12,128.87933873663175,37.76410589188944,12,3,19,24,1.948052,1.052632,2025-05-27,2025-06-03,8,가톨릭관동대학교-가톨릭관동대학교,5
2025,42091012,315,강릉-동해상사,True,4200130,현대2차아파트,BIS inventory,True,True,95,94,128.87999435131803,37.764311243841746,13,3,15,24,2.11039,1.052632,2025-05-27,2025-06-03,8,가톨릭관동대학교-가톨릭관동대학교,4
2025,42091012,315,강릉-동해상사,True,4200131,하이빌현대아파트,BIS inventory,True,True,14,13,128.8824547932286,37.764860822549025,1,0,62,,0.162338,0.0,2025-05-27,2025-06-03,8,가톨릭관동대학교-가톨릭관동대학교,1
2025,42091012,315,강릉-동해상사,True,4200132,율곡초등학교,BIS inventory,True,True,94,93,128.88221538693716,37.765100900268116,8,1,27,47,1.298701,0.350877,2025-05-27,2025-06-03,8,가톨릭관동대학교-가톨릭관동대학교,4
2025,42091012,315,강릉-동해상사,True,4200133,주공1차아파트,BIS inventory,True,True,15,14,128.88288690646792,37.76665665089728,2,1,51,47,0.324675,0.350877,2025-05-27,2025-06-03,8,가톨릭관동대학교-가톨릭관동대학교,3
2025,42091012,315,강릉-동해상사,True,4200134,부영2차아파트,BIS inventory,True,True,16,15,128.88281079370944,37.77016072015751,2,1,51,47,0.324675,0.350877,2025-05-27,2025-06-03,8,가톨릭관동대학교-가톨릭관동대학교,1
2025,42091012,315,강릉-동해상사,True,4200135,부영2차아파트,BIS inventory,True,True,92,91,128.8825125758686,37.77002923948558,6,2,33,38,0.974026,0.701754,2025-05-27,2025-06-03,8,가톨릭관동대학교-가톨릭관동대학교,5
2025,42091012,315,강릉-동해상사,True,4200138,즈므.과학단지,BIS inventory,True,True,86,85,128.8604076986006,37.79746479759031,1,0,62,,0.162338,0.0,2025-05-27,2025-06-03,8,가톨릭관동대학교-가톨릭관동대학교,1
2025,42091012,315,강릉-동해상사,True,4200182,주문진해변,BIS inventory,True,True,54,53,128.81704671925502,37.90944057885068,0,3,,24,0.0,1.052632,2025-05-27,2025-06-03,8,가톨릭관동대학교-가톨릭관동대학교,3
2025,42091012,315,강릉-동해상사,True,4200184,소돌,BIS inventory,True,True,57,56,128.82175443074843,37.905415537268986,13,0,15,,2.11039,0.0,2025-05-27,2025-06-03,8,가톨릭관동대학교-가톨릭관동대학교,5
2025,42091012,315,강릉-동해상사,True,4200185,소돌,BIS inventory,True,True,52,51,128.8213252547112,37.90592204016269,0,3,,24,0.0,1.052632,2025-05-27,2025-06-03,8,가톨릭관동대학교-가톨릭관동대학교,3
2025,42091012,315,강릉-동해상사,True,4200186,보성연립,BIS inventory,True,True,59,58,128.82551362915504,37.901974724913615,2,0,51,,0.324675,0.0,2025-05-27,2025-06-03,8,가톨릭관동대학교-가톨릭관동대학교,2
2025,42091012,315,강릉-동해상사,True,4200187,양양고개,BIS inventory,True,True,60,59,128.82805578782853,37.90002854060149,5,0,35,,0.811688,0.0,2025-05-27,2025-06-03,8,가톨릭관동대학교-가톨릭관동대학교,4
2025,42091012,315,강릉-동해상사,True,4200188,양양고개,BIS inventory,True,True,49,48,128.82822436017406,37.899998054568016,0,3,,24,0.0,1.052632,2025-05-27,2025-06-03,8,가톨릭관동대학교-가톨릭관동대학교,3
2025,42091012,315,강릉-동해상사,True,4200189,주문2리,BIS inventory,True,True,61,60,128.83046007450088,37.897540604441176,2,0,51,,0.324675,0.0,2025-05-27,2025-06-03,8,가톨릭관동대학교-가톨릭관동대학교,2
2025,42091012,315,강릉-동해상사,True,4200190,수협사거리,BIS inventory,True,True,62,61,128.83119347169236,37.89590191816579,6,0,33,,0.974026,0.0,2025-05-27,2025-06-03,8,가톨릭관동대학교-가톨릭관동대학교,4
2025,42091012,315,강릉-동해상사,True,4200192,북부지구대,BIS inventory,True,True,46,45,128.829270567591,37.89460960314925,2,3,51,24,0.324675,1.052632,2025-05-27,2025-06-03,8,가톨릭관동대학교-가톨릭관동대학교,4
2025,42091012,315,강릉-동해상사,True,4200193,북부지구대,BIS inventory,True,True,63,62,128.82860680406648,37.894535177399845,2,2,51,38,0.324675,0.701754,2025-05-27,2025-06-03,8,가톨릭관동대학교-가톨릭관동대학교,3
2025,42091012,315,강릉-동해상사,True,4200201,양조장,BIS inventory,True,True,67,66,128.8258300942643,37.881274388703744,11,6,20,12,1.785714,2.105263,2025-05-27,2025-06-03,8,가톨릭관동대학교-가톨릭관동대학교,5
2025,42091012,315,강릉-동해상사,True,4200202,주문진식자재마트,BIS inventory,True,True,42,41,128.82596782269363,37.881485546216574,7,1,32,47,1.136364,0.350877,2025-05-27,2025-06-03,8,가톨릭관동대학교-가톨릭관동대학교,4
2025,42091012,315,강릉-동해상사,True,4200204,주문진중학교,BIS inventory,True,True,68,67,128.82690197641236,37.87887483229283,8,0,27,,1.298701,0.0,2025-05-27,2025-06-03,8,가톨릭관동대학교-가톨릭관동대학교,5
2025,42091012,315,강릉-동해상사,True,4200205,강원도립대,BIS inventory,True,True,69,68,128.82840415011668,37.87652579934979,13,2,15,38,2.11039,0.701754,2025-05-27,2025-06-03,8,가톨릭관동대학교-가톨릭관동대학교,5
2025,42091012,315,강릉-동해상사,True,4200206,강원도립대,BIS inventory,True,True,40,39,128.8283096996467,37.87693859362977,3,6,43,12,0.487013,2.105263,2025-05-27,2025-06-03,8,가톨릭관동대학교-가톨릭관동대학교,6
2025,42091012,315,강릉-동해상사,True,4200207,북부노인종합복지관,BIS inventory,True,True,70,69,128.83062989490628,37.8743072338123,8,1,27,47,1.298701,0.350877,2025-05-27,2025-06-03,8,가톨릭관동대학교-가톨릭관동대학교,5
2025,42091012,315,강릉-동해상사,True,4200208,북부노인종합복지관,BIS inventory,True,True,39,38,128.83042321750824,37.874681277863154,2,11,51,8,0.324675,3.859649,2025-05-27,2025-06-03,8,가톨릭관동대학교-가톨릭관동대학교,4
2025,42091012,315,강릉-동해상사,True,4200209,영진입구,BIS inventory,True,True,38,37,128.83637261045655,37.87054167536418,3,1,43,47,0.487013,0.350877,2025-05-27,2025-06-03,8,가톨릭관동대학교-가톨릭관동대학교,3
2025,42091012,315,강릉-동해상사,True,4200211,삼천리아파트,BIS inventory,True,True,37,36,128.8383288212433,37.86906384505761,15,5,11,17,2.435065,1.754386,2025-05-27,2025-06-03,8,가톨릭관동대학교-가톨릭관동대학교,7
2025,42091012,315,강릉-동해상사,True,4200212,연곡면사무소,BIS inventory,True,True,36,35,128.83761397394952,37.85995465828368,10,2,22,38,1.623377,0.701754,2025-05-27,2025-06-03,8,가톨릭관동대학교-가톨릭관동대학교,5
2025,42091012,315,강릉-동해상사,True,4200213,연곡해변입구,BIS inventory,True,True,74,73,128.84130813848452,37.85462580337619,1,0,62,,0.162338,0.0,2025-05-27,2025-06-03,8,가톨릭관동대학교-가톨릭관동대학교,1
2025,42091012,315,강릉-동해상사,True,4200220,모래내행복센터,BIS inventory,True,True,78,77,128.84888855200666,37.82654759560158,1,0,62,,0.162338,0.0,2025-05-27,2025-06-03,8,가톨릭관동대학교-가톨릭관동대학교,1
2025,42091012,315,강릉-동해상사,True,4200221,모래내행복센터,BIS inventory,True,True,30,29,128.84881781800846,37.82675602435266,0,1,,47,0.0,0.350877,2025-05-27,2025-06-03,8,가톨릭관동대학교-가톨릭관동대학교,1
2025,42091012,315,강릉-동해상사,True,4200222,사천면사무소,BIS inventory,True,True,29,28,128.84928192865996,37.82385848393331,3,2,43,38,0.487013,0.701754,2025-05-27,2025-06-03,8,가톨릭관동대학교-가톨릭관동대학교,4
2025,42091012,315,강릉-동해상사,True,4200223,사천면사무소,BIS inventory,True,True,79,78,128.84914337332015,37.8229406699122,3,0,43,,0.487013,0.0,2025-05-27,2025-06-03,8,가톨릭관동대학교-가톨릭관동대학교,2
2025,42091012,315,강릉-동해상사,True,4200224,북부노인대학,BIS inventory,True,True,80,79,128.85070066292354,37.820164105652225,2,0,51,,0.324675,0.0,2025-05-27,2025-06-03,8,가톨릭관동대학교-가톨릭관동대학교,2
2025,42091012,315,강릉-동해상사,True,4200225,북부노인대학,BIS inventory,True,True,28,27,128.85083641112433,37.82016343083045,0,1,,47,0.0,0.350877,2025-05-27,2025-06-03,8,가톨릭관동대학교-가톨릭관동대학교,1
2025,42091012,315,강릉-동해상사,True,4200229,즈므.과학단지,BIS inventory,True,True,23,22,128.86079294239343,37.79710821329875,0,2,,38,0.0,0.701754,2025-05-27,2025-06-03,8,가톨릭관동대학교-가톨릭관동대학교,1
2025,42091012,315,강릉-동해상사,True,4200230,한밭입구,BIS inventory,True,True,87,86,128.86424835021418,37.79176559208253,0,1,,47,0.0,0.350877,2025-05-27,2025-06-03,8,가톨릭관동대학교-가톨릭관동대학교,1
2025,42091012,315,강릉-동해상사,True,4200232,행정마을,BIS inventory,True,True,88,87,128.8694510816438,37.7889272082235,8,0,27,,1.298701,0.0,2025-05-27,2025-06-03,8,가톨릭관동대학교-가톨릭관동대학교,4
2025,42091012,315,강릉-동해상사,True,4200233,행정마을,BIS inventory,True,True,21,20,128.8703519994515,37.78859256038236,1,5,62,17,0.162338,1.754386,2025-05-27,2025-06-03,8,가톨릭관동대학교-가톨릭관동대학교,5
2025,42091012,315,강릉-동해상사,True,4200234,법원.검찰청,BIS inventory,True,True,89,88,128.87342400102995,37.78526073982707,5,0,35,,0.811688,0.0,2025-05-27,2025-06-03,8,가톨릭관동대학교-가톨릭관동대학교,3
2025,42091012,315,강릉-동해상사,True,4200235,법원.검찰청,BIS inventory,True,True,20,19,128.8739503928752,37.785042447818554,1,1,62,47,0.162338,0.350877,2025-05-27,2025-06-03,8,가톨릭관동대학교-가톨릭관동대학교,1
2025,42091012,315,강릉-동해상사,True,4200292,주공1차아파트,BIS inventory,True,True,93,92,128.88256780330317,37.766843575404636,11,3,20,24,1.785714,1.052632,2025-05-27,2025-06-03,8,가톨릭관동대학교-가톨릭관동대학교,6
2025,42091012,315,강릉-동해상사,True,4200298,보성연립,BIS inventory,True,True,50,49,128.82558444232305,37.90204313561504,0,5,,17,0.0,1.754386,2025-05-27,2025-06-03,8,가톨릭관동대학교-가톨릭관동대학교,4
2025,42091012,315,강릉-동해상사,True,4200300,수협사거리,BIS inventory,True,True,47,46,128.8314095884837,37.895774457125356,2,2,51,38,0.324675,0.701754,2025-05-27,2025-06-03,8,가톨릭관동대학교-가톨릭관동대학교,3
2025,42091012,315,강릉-동해상사,True,4200308,주문진중.고등학교.강릉정보고,BIS inventory,True,True,41,40,128.82672327638434,37.87982425913257,8,1,27,47,1.298701,0.350877,2025-05-27,2025-06-03,8,가톨릭관동대학교-가톨릭관동대학교,5
2025,42091012,315,강릉-동해상사,True,4200310,삼천리아파트,BIS inventory,True,True,72,71,128.8379309322555,37.8689470039461,27,3,5,24,4.383117,1.052632,2025-05-27,2025-06-03,8,가톨릭관동대학교-가톨릭관동대학교,6
2025,42091012,315,강릉-동해상사,True,4200312,구라미휴게소,BIS inventory,True,True,75,74,128.84078612253998,37.84523742281921,1,0,62,,0.162338,0.0,2025-05-27,2025-06-03,8,가톨릭관동대학교-가톨릭관동대학교,1
2025,42091012,315,강릉-동해상사,True,4200317,강릉아산병원.강릉약국,BIS inventory,True,True,83,82,128.856152685967,37.816231407654854,14,0,13,,2.272727,0.0,2025-05-27,2025-06-03,8,가톨릭관동대학교-가톨릭관동대학교,5
2025,42091012,315,강릉-동해상사,True,4200356,강원대학교,BIS inventory,True,True,19,89,128.87391738137654,37.77033026766949,9,14,24,4,1.461039,4.912281,2025-05-27,2025-06-03,8,가톨릭관동대학교-가톨릭관동대학교,5
2025,42091012,315,강릉-동해상사,True,4200357,내곡교,BIS inventory,True,True,5,4,128.88814500034871,37.745625057468914,17,0,10,,2.75974,0.0,2025-05-27,2025-06-03,8,가톨릭관동대학교-가톨릭관동대학교,5
2025,42091012,315,강릉-동해상사,True,4200358,삼창그린맨션,BIS inventory,True,True,4,3,128.88749893563826,37.744743384730015,4,0,42,,0.649351,0.0,2025-05-27,2025-06-03,8,가톨릭관동대학교-가톨릭관동대학교,3
2025,42091012,315,강릉-동해상사,True,4200359,하나로마트내곡점,BIS inventory,True,True,2,1,128.88026417146904,37.7410809708167,18,0,8,,2.922078,0.0,2025-05-27,2025-06-03,8,가톨릭관동대학교-가톨릭관동대학교,7
2025,42091012,315,강릉-동해상사,True,4200360,하나로마트내곡점,BIS inventory,True,True,106,105,128.88016921110417,37.740597240336115,0,5,,17,0.0,1.754386,2025-05-27,2025-06-03,8,가톨릭관동대학교-가톨릭관동대학교,4
2025,42091012,315,강릉-동해상사,True,4200361,보건소,BIS inventory,True,True,105,104,128.8822115594926,37.743635964592464,0,4,,23,0.0,1.403509,2025-05-27,2025-06-03,8,가톨릭관동대학교-가톨릭관동대학교,3
2025,42091012,315,강릉-동해상사,True,4200418,강릉아산병원.강릉약국,BIS inventory,True,True,26,25,128.8564121349402,37.81631278949057,14,0,13,,2.272727,0.0,2025-05-27,2025-06-03,8,가톨릭관동대학교-가톨릭관동대학교,4
2025,42091012,315,강릉-동해상사,True,4200446,강릉아산병원(주문진방면),BIS inventory,True,True,27,26,128.8575142394361,37.817740516347506,5,12,35,6,0.811688,4.210526,2025-05-27,2025-06-03,8,가톨릭관동대학교-가톨릭관동대학교,6
2025,42091012,315,강릉-동해상사,True,4200454,작은다리사거리,BIS inventory,True,True,44,43,128.82450182834083,37.890319810643184,0,15,,2,0.0,5.263158,2025-05-27,2025-06-03,8,가톨릭관동대학교-가톨릭관동대학교,7
2025,42091012,315,강릉-동해상사,True,4200750,강릉시청앞,BIS inventory,True,True,100,99,128.88013307678156,37.753651204654936,1,3,62,24,0.162338,1.052632,2025-05-27,2025-06-03,8,가톨릭관동대학교-가톨릭관동대학교,2
2025,42091012,315,강릉-동해상사,True,4200971,주문진읍사무소,BIS inventory,True,True,64,63,128.8246799183624,37.892745035212215,10,2,22,38,1.623377,0.701754,2025-05-27,2025-06-03,8,가톨릭관동대학교-가톨릭관동대학교,5
2025,42091012,315,강릉-동해상사,True,4201027,강릉시청,BIS inventory,True,True,101,100,128.8780384572547,37.75085435055292,0,3,,24,0.0,1.052632,2025-05-27,2025-06-03,8,가톨릭관동대학교-가톨릭관동대학교,1
2025,42091012,315,강릉-동해상사,True,4201028,홍제I.C,BIS inventory,True,True,102,101,128.8794230311205,37.7473811776377,0,5,,17,0.0,1.754386,2025-05-27,2025-06-03,8,가톨릭관동대학교-가톨릭관동대학교,4
2025,42091012,315,강릉-동해상사,True,4201029,홍제I.C,BIS inventory,True,True,7,6,128.87894077910576,37.74749468304007,3,1,43,47,0.487013,0.350877,2025-05-27,2025-06-03,8,가톨릭관동대학교-가톨릭관동대학교,2
2025,42091012,315,강릉-동해상사,True,4201030,홍제동주민센터,BIS inventory,True,True,6,5,128.88454291738702,37.74807153236862,19,6,7,12,3.084416,2.105263,2025-05-27,2025-06-03,8,가톨릭관동대학교-가톨릭관동대학교,6
2025,42091012,315,강릉-동해상사,True,4201146,파란바다지역아동센터,BIS inventory,True,True,43,42,128.8248619925949,37.88456697851607,0,9,,11,0.0,3.157895,2025-05-27,2025-06-03,8,가톨릭관동대학교-가톨릭관동대학교,5
2025,42091012,315,강릉-동해상사,True,4201147,작은다리사거리,BIS inventory,True,True,65,64,128.82430578974427,37.890298608665205,3,1,43,47,0.487013,0.350877,2025-05-27,2025-06-03,8,가톨릭관동대학교-가톨릭관동대학교,3
2025,42091012,315,강릉-동해상사,True,4201200,파란바다지역아동센터,BIS inventory,True,True,66,65,128.82465599155947,37.88451042268901,3,0,43,,0.487013,0.0,2025-05-27,2025-06-03,8,가톨릭관동대학교-가톨릭관동대학교,2
2025,42091012,315,강릉-동해상사,True,4201227,연곡면사무소,BIS inventory,True,True,73,72,128.83749819485607,37.86001175022627,9,3,24,24,1.461039,1.052632,2025-05-27,2025-06-03,8,가톨릭관동대학교-가톨릭관동대학교,5
2025,42091012,315,강릉-동해상사,True,4201237,강릉아산병원(강릉방면),BIS inventory,True,True,82,81,128.8575951802683,37.81786664293397,18,3,8,24,2.922078,1.052632,2025-05-27,2025-06-03,8,가톨릭관동대학교-가톨릭관동대학교,5
2025,42091015,225,강릉-동해상사,True,4200001,내곡교,BIS inventory,True,True,37,36,128.88717490623026,37.74653766880734,2,8,27,6,0.684932,5.228758,2025-05-27,2025-06-03,8,안목-회산종점,3
2025,42091015,225,강릉-동해상사,True,4200067,홍제동주민센터,BIS inventory,True,True,36,35,128.8842229051066,37.747848454396006,8,11,14,4,2.739726,7.189542,2025-05-27,2025-06-03,8,안목-회산종점,3
2025,42091015,225,강릉-동해상사,True,4200095,한국자산관리공사,BIS inventory,True,True,16,15,128.90111921880606,37.75827929877246,10,2,10,14,3.424658,1.30719,2025-05-27,2025-06-03,8,안목-회산종점,3
2025,42091015,225,강릉-동해상사,True,4200114,고용센터,BIS inventory,True,True,20,19,128.88893105798073,37.75744085258255,1,2,30,14,0.342466,1.30719,2025-05-27,2025-06-03,8,안목-회산종점,2
2025,42091015,225,강릉-동해상사,True,4200116,적십자입구,BIS inventory,True,True,21,20,128.88726321660565,37.757196360936135,3,2,23,14,1.027397,1.30719,2025-05-27,2025-06-03,8,안목-회산종점,2
2025,42091015,225,강릉-동해상사,True,4200118,터미널오거리,BIS inventory,True,True,22,21,128.8840640923818,37.75608209292866,0,3,,10,0.0,1.960784,2025-05-27,2025-06-03,8,안목-회산종점,1
2025,42091015,225,강릉-동해상사,True,4200120,강릉시외.고속터미널,BIS inventory,True,True,23,22,128.8792265208128,37.75505492071011,6,8,15,6,2.054795,5.228758,2025-05-27,2025-06-03,8,안목-회산종점,3
2025,42091015,225,강릉-동해상사,True,4200121,강릉시외.고속터미널,BIS inventory,True,True,32,31,128.87911620808939,37.75486594086855,3,13,23,3,1.027397,8.496732,2025-05-27,2025-06-03,8,안목-회산종점,3
2025,42091015,225,강릉-동해상사,True,4200250,용강동서부시장,BIS inventory,True,True,19,18,128.89174828581776,37.7556582744871,4,3,20,10,1.369863,1.960784,2025-05-27,2025-06-03,8,안목-회산종점,2
2025,42091015,225,강릉-동해상사,True,4200251,한국은행,BIS inventory,True,True,18,17,128.89406630781096,37.753485602290496,21,11,2,4,7.191781,7.189542,2025-05-27,2025-06-03,8,안목-회산종점,3
2025,42091015,225,강릉-동해상사,True,4200253,교보생명,BIS inventory,True,True,17,16,128.89811415297848,37.756002485379526,61,33,1,1,20.890411,21.568627,2025-05-27,2025-06-03,8,안목-회산종점,3
2025,42091015,225,강릉-동해상사,True,4200256,옥천119안전센터,BIS inventory,True,True,15,14,128.9022376115818,37.76136928474395,3,2,23,14,1.027397,1.30719,2025-05-27,2025-06-03,8,안목-회산종점,3
2025,42091015,225,강릉-동해상사,True,4200257,옥천119안전센터,BIS inventory,True,True,13,12,128.90305174420297,37.761041080134646,2,4,27,9,0.684932,2.614379,2025-05-27,2025-06-03,8,안목-회산종점,3
2025,42091015,225,강릉-동해상사,True,4200259,용지각,BIS inventory,True,True,12,11,128.90537716328666,37.76184119439877,9,1,12,22,3.082192,0.653595,2025-05-27,2025-06-03,8,안목-회산종점,2
2025,42091015,225,강릉-동해상사,True,4200262,로얄아파트.포남1동주민센터,BIS inventory,True,True,10,9,128.90933288179943,37.76545703763149,5,0,17,,1.712329,0.0,2025-05-27,2025-06-03,8,안목-회산종점,3
2025,42091015,225,강릉-동해상사,True,4200264,구)동해상사,BIS inventory,True,True,9,8,128.91165113985977,37.76683747950902,5,1,17,22,1.712329,0.653595,2025-05-27,2025-06-03,8,안목-회산종점,2
2025,42091015,225,강릉-동해상사,True,4200266,혜성연립,BIS inventory,True,True,8,7,128.9154402649905,37.76852760326643,10,0,10,,3.424658,0.0,2025-05-27,2025-06-03,8,안목-회산종점,3
2025,42091015,225,강릉-동해상사,True,4200268,삼우은성아파트,BIS inventory,True,True,7,6,128.91881978171756,37.77007704319862,12,0,9,,4.109589,0.0,2025-05-27,2025-06-03,8,안목-회산종점,3
2025,42091015,225,강릉-동해상사,True,4200270,이마트,BIS inventory,True,True,6,5,128.92290403192536,37.77218493598484,3,0,23,,1.027397,0.0,2025-05-27,2025-06-03,8,안목-회산종점,2
2025,42091015,225,강릉-동해상사,True,4200272,송정동주민센터,BIS inventory,True,True,5,4,128.92775106138072,37.77430053196711,5,0,17,,1.712329,0.0,2025-05-27,2025-06-03,8,안목-회산종점,2
2025,42091015,225,강릉-동해상사,True,4200274,송정노인회관,BIS inventory,True,True,4,3,128.93141909498914,37.77512821569013,13,1,7,22,4.452055,0.653595,2025-05-27,2025-06-03,8,안목-회산종점,3
2025,42091015,225,강릉-동해상사,True,4200276,송정한신아파트입구,BIS inventory,True,True,3,2,128.93668274097607,37.7740287226972,9,1,12,22,3.082192,0.653595,2025-05-27,2025-06-03,8,안목-회산종점,3
2025,42091015,225,강릉-동해상사,True,4200318,포남시장,BIS inventory,True,True,11,10,128.90766061502285,37.76392281820552,6,0,15,,2.054795,0.0,2025-05-27,2025-06-03,8,안목-회산종점,2
2025,42091015,225,강릉-동해상사,True,4200366,내곡한라아파트,BIS inventory,True,True,39,38,128.88110089995297,37.74513149140333,1,0,30,,0.342466,0.0,2025-05-27,2025-06-03,8,안목-회산종점,1
2025,42091015,225,강릉-동해상사,True,4200400,강릉복합복지체육센터,BIS inventory,True,True,29,28,128.87000704257403,37.762859214055275,1,2,30,14,0.342466,1.30719,2025-05-27,2025-06-03,8,안목-회산종점,2
2025,42091015,225,강릉-동해상사,True,4200479,유천행복주택,BIS inventory,True,True,27,26,128.86570448042954,37.76159011454386,4,3,20,10,1.369863,1.960784,2025-05-27,2025-06-03,8,안목-회산종점,3
2025,42091015,225,강릉-동해상사,True,4200543,미디어촌5단지,BIS inventory,True,True,25,24,128.86758571434657,37.753701754139904,17,24,3,2,5.821918,15.686275,2025-05-27,2025-06-03,8,안목-회산종점,3
2025,42091015,225,강릉-동해상사,True,4200548,강릉소방서,BIS inventory,True,True,31,30,128.87119323619314,37.7580009949989,14,2,6,14,4.794521,1.30719,2025-05-27,2025-06-03,8,안목-회산종점,3
2025,42091015,225,강릉-동해상사,True,4200565,우미린아파트,BIS inventory,True,True,24,23,128.87023572987053,37.75716460769394,0,5,,8,0.0,3.267974,2025-05-27,2025-06-03,8,안목-회산종점,2
2025,42091015,225,강릉-동해상사,True,4200721,강릉역,BIS inventory,True,True,14,13,128.8992580056024,37.76416330670135,17,2,3,14,5.821918,1.30719,2025-05-27,2025-06-03,8,안목-회산종점,3
2025,42091015,225,강릉-동해상사,True,4200758,회산주공2단지,BIS inventory,True,True,41,40,128.8755135006868,37.7435978056025,2,2,27,14,0.684932,1.30719,2025-05-27,2025-06-03,8,안목-회산종점,2
2025,42091015,225,강릉-동해상사,True,4200842,서희아파트,BIS inventory,True,True,43,42,128.86542964738,37.739494273568006,0,3,,10,0.0,1.960784,2025-05-27,2025-06-03,8,안목-회산종점,2
2025,42091015,225,강릉-동해상사,True,4200845,회산교,BIS inventory,True,True,42,41,128.86893532851613,37.74168123777201,0,1,,22,0.0,0.653595,2025-05-27,2025-06-03,8,안목-회산종점,1
2025,42091015,225,강릉-동해상사,True,4201028,홍제I.C,BIS inventory,True,True,35,34,128.8794230311205,37.7473811776377,0,1,,22,0.0,0.653595,2025-05-27,2025-06-03,8,안목-회산종점,1
2025,42091015,225,강릉-동해상사,True,4201043,안목,BIS inventory,True,True,1,0,128.94526892930932,37.77285146151794,17,0,3,,5.821918,0.0,2025-05-27,2025-06-03,8,안목-회산종점,3
2025,42091015,225,강릉-동해상사,True,4201250,선수촌8단지,BIS inventory,True,True,30,29,128.87011109214671,37.76078977894948,13,1,7,22,4.452055,0.653595,2025-05-27,2025-06-03,8,안목-회산종점,3
2025,42091015,225,강릉-동해상사,True,4201386,송정한신아파트후문,BIS inventory,True,True,2,1,128.93962441064605,37.773612640324636,1,0,30,,0.342466,0.0,2025-05-27,2025-06-03,8,안목-회산종점,1
2025,42091015,225,강릉-동해상사,True,4209995,강원대학교치과대학병원,BIS inventory,True,True,28,27,128.86959763767547,37.76381436688745,4,1,20,22,1.369863,0.653595,2025-05-27,2025-06-03,8,안목-회산종점,3
2025,42091016,225-1,강릉-동해상사,True,4200045,형제막국수,BIS inventory,True,True,15,14,128.86624288991882,37.755124519467394,2,0,18,,0.966184,0.0,2025-05-27,2025-06-03,8,회산종점-안목커피거리,2
2025,42091016,225-1,강릉-동해상사,True,4200049,남강초교,BIS inventory,True,True,33,32,128.91338089940805,37.76735161096919,2,7,18,5,0.966184,6.034483,2025-05-27,2025-06-03,8,회산종점-안목커피거리,3
2025,42091016,225-1,강릉-동해상사,True,4200062,회산주공2단지,BIS inventory,True,True,5,4,128.87633822960112,37.74368399842067,3,0,16,,1.449275,0.0,2025-05-27,2025-06-03,8,회산종점-안목커피거리,3
2025,42091016,225-1,강릉-동해상사,True,4200066,내곡교,BIS inventory,True,True,9,8,128.88659128664105,37.74625364038564,2,0,18,,0.966184,0.0,2025-05-27,2025-06-03,8,회산종점-안목커피거리,2
2025,42091016,225-1,강릉-동해상사,True,4200094,강릉여고,BIS inventory,True,True,27,26,128.90248424479844,37.75904463050879,6,3,7,7,2.898551,2.586207,2025-05-27,2025-06-03,8,회산종점-안목커피거리,2
2025,42091016,225-1,강릉-동해상사,True,4200115,고용센터,BIS inventory,True,True,24,23,128.8890663454416,37.75714942132559,6,0,7,,2.898551,0.0,2025-05-27,2025-06-03,8,회산종점-안목커피거리,3
2025,42091016,225-1,강릉-동해상사,True,4200119,터미널오거리,BIS inventory,True,True,22,21,128.88381140539954,37.755579088211434,5,0,10,,2.415459,0.0,2025-05-27,2025-06-03,8,회산종점-안목커피거리,3
2025,42091016,225-1,강릉-동해상사,True,4200120,강릉시외.고속터미널,BIS inventory,True,True,12,11,128.8792265208128,37.75505492071011,1,1,23,14,0.483092,0.862069,2025-05-27,2025-06-03,8,회산종점-안목커피거리,2
2025,42091016,225-1,강릉-동해상사,True,4200121,강릉시외.고속터미널,BIS inventory,True,True,21,20,128.87911620808939,37.75486594086855,23,1,3,14,11.111111,0.862069,2025-05-27,2025-06-03,8,회산종점-안목커피거리,3
2025,42091016,225-1,강릉-동해상사,True,4200249,용강동서부시장,BIS inventory,True,True,25,24,128.89167287030088,37.75492247590215,2,16,18,3,0.966184,13.793103,2025-05-27,2025-06-03,8,회산종점-안목커피거리,3
2025,42091016,225-1,강릉-동해상사,True,4200252,신영극장,BIS inventory,True,True,26,25,128.8961287589657,37.75448236011555,54,37,1,1,26.086957,31.896552,2025-05-27,2025-06-03,8,회산종점-안목커피거리,3
2025,42091016,225-1,강릉-동해상사,True,4200256,옥천119안전센터,BIS inventory,True,True,30,29,128.9022376115818,37.76136928474395,1,2,23,9,0.483092,1.724138,2025-05-27,2025-06-03,8,회산종점-안목커피거리,2
2025,42091016,225-1,강릉-동해상사,True,4200257,옥천119안전센터,BIS inventory,True,True,28,27,128.90305174420297,37.761041080134646,0,2,,9,0.0,1.724138,2025-05-27,2025-06-03,8,회산종점-안목커피거리,1
2025,42091016,225-1,강릉-동해상사,True,4200258,용지각,BIS inventory,True,True,31,30,128.90534669055177,37.76147384168322,3,0,16,,1.449275,0.0,2025-05-27,2025-06-03,8,회산종점-안목커피거리,1
2025,42091016,225-1,강릉-동해상사,True,4200260,동남아파트,BIS inventory,True,True,32,31,128.9088062489658,37.764638779656714,5,1,10,14,2.415459,0.862069,2025-05-27,2025-06-03,8,회산종점-안목커피거리,3
2025,42091016,225-1,강릉-동해상사,True,4200265,혜성연립,BIS inventory,True,True,34,33,128.91575952067353,37.76841531999017,0,2,,9,0.0,1.724138,2025-05-27,2025-06-03,8,회산종점-안목커피거리,1
2025,42091016,225-1,강릉-동해상사,True,4200267,삼우은성아파트,BIS inventory,True,True,35,34,128.91973659122027,37.77025900516923,0,2,,9,0.0,1.724138,2025-05-27,2025-06-03,8,회산종점-안목커피거리,1
2025,42091016,225-1,강릉-동해상사,True,4200269,이마트,BIS inventory,True,True,36,35,128.92346774482266,37.772222356268564,0,2,,9,0.0,1.724138,2025-05-27,2025-06-03,8,회산종점-안목커피거리,2
2025,42091016,225-1,강릉-동해상사,True,4200273,송정신원아침도시,BIS inventory,True,True,38,37,128.93190852770562,37.774810233413945,0,4,,6,0.0,3.448276,2025-05-27,2025-06-03,8,회산종점-안목커피거리,3
2025,42091016,225-1,강릉-동해상사,True,4200275,송정한신아파트입구,BIS inventory,True,True,39,38,128.93667614488956,37.77380916737768,0,1,,14,0.0,0.862069,2025-05-27,2025-06-03,8,회산종점-안목커피거리,1
2025,42091016,225-1,강릉-동해상사,True,4200293,강릉역건너편,BIS inventory,True,True,29,28,128.8990669694857,37.76400772021464,8,14,6,4,3.864734,12.068966,2025-05-27,2025-06-03,8,회산종점-안목커피거리,2
2025,42091016,225-1,강릉-동해상사,True,4200479,유천행복주택,BIS inventory,True,True,16,15,128.86570448042954,37.76159011454386,6,0,7,,2.898551,0.0,2025-05-27,2025-06-03,8,회산종점-안목커피거리,3
2025,42091016,225-1,강릉-동해상사,True,4200543,미디어촌5단지,BIS inventory,True,True,14,13,128.86758571434657,37.753701754139904,24,0,2,,11.594203,0.0,2025-05-27,2025-06-03,8,회산종점-안목커피거리,3
2025,42091016,225-1,강릉-동해상사,True,4200548,강릉소방서,BIS inventory,True,True,20,19,128.87119323619314,37.7580009949989,18,0,4,,8.695652,0.0,2025-05-27,2025-06-03,8,회산종점-안목커피거리,3
2025,42091016,225-1,강릉-동해상사,True,4200565,우미린아파트,BIS inventory,True,True,13,12,128.87023572987053,37.75716460769394,4,1,12,14,1.932367,0.862069,2025-05-27,2025-06-03,8,회산종점-안목커피거리,2
2025,42091016,225-1,강릉-동해상사,True,4200843,서희아파트,BIS inventory,True,True,3,2,128.86634677134685,37.73976016715972,4,0,12,,1.932367,0.0,2025-05-27,2025-06-03,8,회산종점-안목커피거리,2
2025,42091016,225-1,강릉-동해상사,True,4200844,회산교,BIS inventory,True,True,4,3,128.86938257728545,37.741799533605175,4,0,12,,1.932367,0.0,2025-05-27,2025-06-03,8,회산종점-안목커피거리,2
2025,42091016,225-1,강릉-동해상사,True,4201030,홍제동주민센터,BIS inventory,True,True,10,9,128.88454291738702,37.74807153236862,4,0,12,,1.932367,0.0,2025-05-27,2025-06-03,8,회산종점-안목커피거리,2
2025,42091016,225-1,강릉-동해상사,True,4201044,안목커피거리,BIS inventory,True,True,41,40,128.94543559396536,37.77260342997581,0,17,,2,0.0,14.655172,2025-05-27,2025-06-03,8,회산종점-안목커피거리,3
2025,42091016,225-1,강릉-동해상사,True,4201250,선수촌8단지,BIS inventory,True,True,19,18,128.87011109214671,37.76078977894948,18,0,4,,8.695652,0.0,2025-05-27,2025-06-03,8,회산종점-안목커피거리,3
2025,42091016,225-1,강릉-동해상사,True,4209995,강원대학교치과대학병원,BIS inventory,True,True,17,16,128.86959763767547,37.76381436688745,2,3,18,7,0.966184,2.586207,2025-05-27,2025-06-03,8,회산종점-안목커피거리,2
2025,42091017,961-1,강릉-동해상사,True,4201096,한라아파트,BIS inventory,True,True,20,19,129.0309268732134,37.598168202920746,6,0,1,,66.666667,0.0,2025-05-27,2025-06-03,8,옥계현내시장-노봉차고지(미정,6
2025,42091017,961-1,강릉-동해상사,True,4201289,남양1리경로당,BIS inventory,True,True,19,18,129.03162816015924,37.582429974327795,1,0,3,,11.111111,0.0,2025-05-27,2025-06-03,8,옥계현내시장-노봉차고지(미정,1
2025,42091017,961-1,강릉-동해상사,True,4202022,옥계현내시장,BIS inventory,True,True,23,22,129.03523947374634,37.60889735545031,2,1,2,1,22.222222,100.0,2025-05-27,2025-06-03,8,옥계현내시장-노봉차고지(미정,3
2025,42091018,962-1,강릉-동해상사,True,4201325,황기골,BIS inventory,True,True,3,2,128.9570289624241,37.57336816682693,1,0,3,,10.0,0.0,2025-05-27,2025-06-03,8,산계리종점-옥계현내시장,1
2025,42091018,962-1,강릉-동해상사,True,4201328,산계리종점,BIS inventory,True,True,1,0,128.9460355736469,37.57495852194761,1,0,3,,10.0,0.0,2025-05-27,2025-06-03,8,산계리종점-옥계현내시장,1
2025,42091018,962-1,강릉-동해상사,True,4202002,현내1리연탄직매장,BIS inventory,True,True,13,12,129.03293193002432,37.60609468782852,0,1,,1,0.0,50.0,2025-05-27,2025-06-03,8,산계리종점-옥계현내시장,1
2025,42091018,962-1,강릉-동해상사,True,4202022,옥계현내시장,BIS inventory,True,True,14,13,129.03523947374634,37.60889735545031,6,1,1,1,60.0,50.0,2025-05-27,2025-06-03,8,산계리종점-옥계현내시장,4
2025,42091018,962-1,강릉-동해상사,True,4202042,옥계면사무소,BIS inventory,True,True,15,14,129.03870359107486,37.61225376052538,2,0,2,,20.0,0.0,2025-05-27,2025-06-03,8,산계리종점-옥계현내시장,1
2025,42092072,202-1,강릉-동해상사,True,4200006,강릉아이스아레나,BIS inventory,True,True,37,36,128.89519306784848,37.78029319605429,4,11,40,24,0.121914,0.543747,2025-05-27,2025-06-03,8,경포해변-경포해변,6
2025,42092072,202-1,강릉-동해상사,True,4200045,형제막국수,BIS inventory,True,True,20,19,128.86624288991882,37.755124519467394,6,0,38,,0.182871,0.0,2025-05-27,2025-06-03,8,경포해변-경포해변,4
2025,42092072,202-1,강릉-동해상사,True,4200070,경포현대아파트,BIS inventory,True,True,2,1,128.90338270723402,37.80169652808461,87,2,10,35,2.651631,0.098863,2025-05-27,2025-06-03,8,경포해변-경포해변,8
2025,42092072,202-1,강릉-동해상사,True,4200072,경포대.참소리박물관,BIS inventory,True,True,3,2,128.89706080745114,37.7955214111198,53,2,17,35,1.615361,0.098863,2025-05-27,2025-06-03,8,경포해변-경포해변,8
2025,42092072,202-1,강릉-동해상사,True,4200074,해운정,BIS inventory,True,True,5,4,128.8896478172347,37.78577024652339,11,0,34,,0.335264,0.0,2025-05-27,2025-06-03,8,경포해변-경포해변,7
2025,42092072,202-1,강릉-동해상사,True,4200075,선교장,BIS inventory,True,True,6,5,128.8853532167783,37.785455385598155,19,1,26,38,0.579092,0.049432,2025-05-27,2025-06-03,8,경포해변-경포해변,7
2025,42092072,202-1,강릉-동해상사,True,4200077,경포동주민센터,BIS inventory,True,True,7,6,128.88052383810168,37.78412865726848,4,4,40,32,0.121914,0.197726,2025-05-27,2025-06-03,8,경포해변-경포해변,6
2025,42092072,202-1,강릉-동해상사,True,4200094,강릉여고,BIS inventory,True,True,29,28,128.90248424479844,37.75904463050879,66,27,13,12,2.011582,1.334652,2025-05-27,2025-06-03,8,경포해변-경포해변,8
2025,42092072,202-1,강릉-동해상사,True,4200098,허난설헌삼거리,BIS inventory,True,True,41,40,128.9131333359753,37.79177727582709,16,80,28,8,0.487656,3.954523,2025-05-27,2025-06-03,8,경포해변-경포해변,8
2025,42092072,202-1,강릉-동해상사,True,4200115,고용센터,BIS inventory,True,True,26,25,128.8890663454416,37.75714942132559,34,24,22,14,1.036269,1.186357,2025-05-27,2025-06-03,8,경포해변-경포해변,8
2025,42092072,202-1,강릉-동해상사,True,4200117,적십자입구,BIS inventory,True,True,25,24,128.88647213220725,37.75676623567213,36,6,20,29,1.097226,0.296589,2025-05-27,2025-06-03,8,경포해변-경포해변,8
2025,42092072,202-1,강릉-동해상사,True,4200119,터미널오거리,BIS inventory,True,True,24,23,128.88381140539954,37.755579088211434,39,5,18,31,1.188662,0.247158,2025-05-27,2025-06-03,8,경포해변-경포해변,8
2025,42092072,202-1,강릉-동해상사,True,4200121,강릉시외.고속터미널,BIS inventory,True,True,23,22,128.87911620808939,37.75486594086855,281,52,5,9,8.564462,2.57044,2025-05-27,2025-06-03,8,경포해변-경포해변,8
2025,42092072,202-1,강릉-동해상사,True,4200128,구름다리,BIS inventory,True,True,15,14,128.87743298775584,37.764682397677966,153,35,6,11,4.663212,1.730104,2025-05-27,2025-06-03,8,경포해변-경포해변,8
2025,42092072,202-1,강릉-동해상사,True,4200130,현대2차아파트,BIS inventory,True,True,14,13,128.87999435131803,37.764311243841746,61,16,14,19,1.859189,0.790905,2025-05-27,2025-06-03,8,경포해변-경포해변,8
2025,42092072,202-1,강릉-동해상사,True,4200132,율곡초등학교,BIS inventory,True,True,13,12,128.88221538693716,37.765100900268116,25,1,24,38,0.761963,0.049432,2025-05-27,2025-06-03,8,경포해변-경포해변,8
2025,42092072,202-1,강릉-동해상사,True,4200135,부영2차아파트,BIS inventory,True,True,11,10,128.8825125758686,37.77002923948558,36,9,20,26,1.097226,0.444884,2025-05-27,2025-06-03,8,경포해변-경포해변,8
2025,42092072,202-1,강릉-동해상사,True,4200136,방축거리,BIS inventory,True,True,10,9,128.88380882582484,37.773889373429355,0,4,,32,0.0,0.197726,2025-05-27,2025-06-03,8,경포해변-경포해변,3
2025,42092072,202-1,강릉-동해상사,True,4200236,선교장입구,BIS inventory,True,True,8,7,128.87978791945434,37.782182641690056,11,19,34,17,0.335264,0.939199,2025-05-27,2025-06-03,8,경포해변-경포해변,8
2025,42092072,202-1,강릉-동해상사,True,4200238,오죽헌,BIS inventory,True,True,9,8,128.8827262588498,37.779841129260745,37,100,19,7,1.127705,4.943154,2025-05-27,2025-06-03,8,경포해변-경포해변,8
2025,42092072,202-1,강릉-동해상사,True,4200249,용강동서부시장,BIS inventory,True,True,27,26,128.89167287030088,37.75492247590215,58,140,15,5,1.767754,6.920415,2025-05-27,2025-06-03,8,경포해변-경포해변,8
2025,42092072,202-1,강릉-동해상사,True,4200252,신영극장,BIS inventory,True,True,28,27,128.8961287589657,37.75448236011555,599,530,1,1,18.256629,26.198715,2025-05-27,2025-06-03,8,경포해변-경포해변,8
2025,42092072,202-1,강릉-동해상사,True,4200257,옥천119안전센터,BIS inventory,True,True,30,29,128.90305174420297,37.761041080134646,69,21,12,16,2.103017,1.038062,2025-05-27,2025-06-03,8,경포해변-경포해변,8
2025,42092072,202-1,강릉-동해상사,True,4200292,주공1차아파트,BIS inventory,True,True,12,11,128.88256780330317,37.766843575404636,57,6,16,29,1.737275,0.296589,2025-05-27,2025-06-03,8,경포해변-경포해변,8
2025,42092072,202-1,강릉-동해상사,True,4200400,강릉복합복지체육센터,BIS inventory,True,True,16,15,128.87000704257403,37.762859214055275,13,3,32,34,0.396221,0.148295,2025-05-27,2025-06-03,8,경포해변-경포해변,8
2025,42092072,202-1,강릉-동해상사,True,4200430,강릉국민체육센터,BIS inventory,True,True,36,35,128.89711747432256,37.77640154864734,15,14,30,21,0.457178,0.692042,2025-05-27,2025-06-03,8,경포해변-경포해변,8
2025,42092072,202-1,강릉-동해상사,True,4200433,종합경기장,BIS inventory,True,True,35,34,128.89677683645317,37.77125900731557,5,46,39,10,0.152393,2.273851,2025-05-27,2025-06-03,8,경포해변-경포해변,8
2025,42092072,202-1,강릉-동해상사,True,4200543,미디어촌5단지,BIS inventory,True,True,19,18,128.86758571434657,37.753701754139904,287,14,4,21,8.747333,0.692042,2025-05-27,2025-06-03,8,경포해변-경포해변,8
2025,42092072,202-1,강릉-동해상사,True,4200547,e-편한세상아파트,BIS inventory,True,True,34,33,128.895218937497,37.769600465674785,13,14,32,21,0.396221,0.692042,2025-05-27,2025-06-03,8,경포해변-경포해변,8
2025,42092072,202-1,강릉-동해상사,True,4200548,강릉소방서,BIS inventory,True,True,22,21,128.87119323619314,37.7580009949989,121,9,7,26,3.6879,0.444884,2025-05-27,2025-06-03,8,경포해변-경포해변,8
2025,42092072,202-1,강릉-동해상사,True,4200565,우미린아파트,BIS inventory,True,True,18,17,128.87023572987053,37.75716460769394,32,17,23,18,0.975312,0.840336,2025-05-27,2025-06-03,8,경포해변-경포해변,7
2025,42092072,202-1,강릉-동해상사,True,4200567,한내들아파트,BIS inventory,True,True,21,20,128.8681446784216,37.75790349269205,97,0,9,,2.956416,0.0,2025-05-27,2025-06-03,8,경포해변-경포해변,8
2025,42092072,202-1,강릉-동해상사,True,4200569,교2동주민센터,BIS inventory,True,True,33,32,128.8921038226677,37.76840335678918,79,15,11,20,2.407802,0.741473,2025-05-27,2025-06-03,8,경포해변-경포해변,8
2025,42092072,202-1,강릉-동해상사,True,4200721,강릉역,BIS inventory,True,True,31,30,128.8992580056024,37.76416330670135,342,177,2,4,10.423651,8.749382,2025-05-27,2025-06-03,8,경포해변-경포해변,8
2025,42092072,202-1,강릉-동해상사,True,4201240,순두부마을,BIS inventory,True,True,4,3,128.89327386744634,37.786738816066666,24,0,25,,0.731484,0.0,2025-05-27,2025-06-03,8,경포해변-경포해변,8
2025,42092072,202-1,강릉-동해상사,True,4201242,경포해변,BIS inventory,True,True,1,43,128.9052529004403,37.80440358093674,323,253,3,2,9.84456,12.506179,2025-05-27,2025-06-03,8,경포해변-경포해변,8
2025,42092072,202-1,강릉-동해상사,True,4201250,선수촌8단지,BIS inventory,True,True,17,16,128.87011109214671,37.76078977894948,98,7,8,28,2.986894,0.346021,2025-05-27,2025-06-03,8,경포해변-경포해변,8
2025,42092072,202-1,강릉-동해상사,True,4201254,모안이서낭당,BIS inventory,True,True,38,37,128.90286872766467,37.783490145093076,3,10,42,25,0.091436,0.494315,2025-05-27,2025-06-03,8,경포해변-경포해변,6
2025,42092072,202-1,강릉-동해상사,True,4201256,강릉녹색도시체험센터,BIS inventory,True,True,39,38,128.90742209068117,37.786856581754364,19,27,26,12,0.579092,1.334652,2025-05-27,2025-06-03,8,경포해변-경포해변,7
2025,42092072,202-1,강릉-동해상사,True,4201259,허균.허난설헌기념공원,BIS inventory,True,True,40,39,128.90952498226952,37.789422425132265,14,22,31,15,0.426699,1.087494,2025-05-27,2025-06-03,8,경포해변-경포해변,8
2025,42092072,202-1,강릉-동해상사,True,4201261,강문해변입구,BIS inventory,True,True,42,41,128.9152492720649,37.794762154181576,16,196,28,3,0.487656,9.688581,2025-05-27,2025-06-03,8,경포해변-경포해변,8
2025,42092072,202-1,강릉-동해상사,True,4201267,경포호,BIS inventory,True,True,43,42,128.91154424859525,37.79966287216199,8,102,37,6,0.243828,5.042017,2025-05-27,2025-06-03,8,경포해변-경포해변,8
2025,42092072,202-1,강릉-동해상사,True,4201375,가작다리입구,BIS inventory,True,True,32,31,128.8943546413669,37.766101443660936,10,2,36,35,0.304785,0.098863,2025-05-27,2025-06-03,8,경포해변-경포해변,5
2025,42092075,,,False,4200107,KT,BIS inventory,True,False,,17,128.9125052185983,37.77309475265464,5,0,7,,5.319149,0.0,2025-05-27,2025-06-03,8,선수촌8단지-강릉고정문,3
2025,42092075,,,False,4200109,동인병원입구,BIS inventory,True,False,,16,128.9094857690125,37.77102450992961,3,2,11,1,3.191489,100.0,2025-05-27,2025-06-03,8,선수촌8단지-강릉고정문,3
2025,42092075,,,False,4200111,하슬라중,BIS inventory,True,False,,15,128.90761293140218,37.77043125987649,2,0,12,,2.12766,0.0,2025-05-27,2025-06-03,8,선수촌8단지-강릉고정문,2
2025,42092075,,,False,4200123,우편집중국,BIS inventory,True,False,,6,128.8733706824724,37.76051485370646,7,0,5,,7.446809,0.0,2025-05-27,2025-06-03,8,선수촌8단지-강릉고정문,3
2025,42092075,,,False,4200127,구름다리,BIS inventory,True,False,,8,128.87654770197503,37.764512872809554,4,0,9,,4.255319,0.0,2025-05-27,2025-06-03,8,선수촌8단지-강릉고정문,3
2025,42092075,,,False,4200129,주공3차아파트,BIS inventory,True,False,,9,128.87933873663175,37.76410589188944,6,0,6,,6.382979,0.0,2025-05-27,2025-06-03,8,선수촌8단지-강릉고정문,3
2025,42092075,,,False,4200131,하이빌현대아파트,BIS inventory,True,False,,10,128.8824547932286,37.764860822549025,8,0,4,,8.510638,0.0,2025-05-27,2025-06-03,8,선수촌8단지-강릉고정문,3
2025,42092075,,,False,4200133,주공1차아파트,BIS inventory,True,False,,11,128.88288690646792,37.76665665089728,4,0,9,,4.255319,0.0,2025-05-27,2025-06-03,8,선수촌8단지-강릉고정문,3
2025,42092075,,,False,4200543,미디어촌5단지,BIS inventory,True,False,,2,128.86758571434657,37.753701754139904,24,0,1,,25.531915,0.0,2025-05-27,2025-06-03,8,선수촌8단지-강릉고정문,3
2025,42092075,,,False,4200547,e-편한세상아파트,BIS inventory,True,False,,14,128.895218937497,37.769600465674785,1,0,14,,1.06383,0.0,2025-05-27,2025-06-03,8,선수촌8단지-강릉고정문,1
2025,42092075,,,False,4200548,강릉소방서,BIS inventory,True,False,,5,128.87119323619314,37.7580009949989,2,0,12,,2.12766,0.0,2025-05-27,2025-06-03,8,선수촌8단지-강릉고정문,2
2025,42092075,,,False,4200565,우미린아파트,BIS inventory,True,False,,1,128.87023572987053,37.75716460769394,1,0,14,,1.06383,0.0,2025-05-27,2025-06-03,8,선수촌8단지-강릉고정문,1
2025,42092075,,,False,4200566,주공2차아파트,BIS inventory,True,False,,12,128.88486622636958,37.76845428049225,10,0,3,,10.638298,0.0,2025-05-27,2025-06-03,8,선수촌8단지-강릉고정문,3
2025,42092075,,,False,4200567,한내들아파트,BIS inventory,True,False,,4,128.8681446784216,37.75790349269205,12,0,2,,12.765957,0.0,2025-05-27,2025-06-03,8,선수촌8단지-강릉고정문,3
2025,42092075,,,False,4201250,선수촌8단지,BIS inventory,True,False,,0,128.87011109214671,37.76078977894948,5,0,7,,5.319149,0.0,2025-05-27,2025-06-03,8,선수촌8단지-강릉고정문,3
2025,42092076,300-1,강릉-동해상사,True,4200004,숲사랑홍보관,BIS inventory,True,True,29,28,128.85126457297872,37.81878304910103,17,18,52,41,0.116001,0.248963,2025-05-27,2025-06-03,8,향호리-안목커피거리,8
2025,42092076,300-1,강릉-동해상사,True,4200042,롯데캐슬아파트,BIS inventory,True,True,41,40,128.89120929799194,37.766948306391974,492,170,11,11,3.357216,2.351314,2025-05-27,2025-06-03,8,향호리-안목커피거리,8
2025,42092076,300-1,강릉-동해상사,True,4200049,남강초교,BIS inventory,True,True,49,48,128.91338089940805,37.76735161096919,86,176,38,9,0.58683,2.434302,2025-05-27,2025-06-03,8,향호리-안목커피거리,8
2025,42092076,300-1,강릉-동해상사,True,4200069,방골마을입구,BIS inventory,True,True,31,30,128.85540756146614,37.81366779247799,77,8,40,46,0.525418,0.11065,2025-05-27,2025-06-03,8,향호리-안목커피거리,8
2025,42092076,300-1,강릉-동해상사,True,4200094,강릉여고,BIS inventory,True,True,46,45,128.90248424479844,37.75904463050879,313,109,15,18,2.13579,1.507607,2025-05-27,2025-06-03,8,향호리-안목커피거리,8
2025,42092076,300-1,강릉-동해상사,True,4200138,즈므.과학단지,BIS inventory,True,True,33,32,128.8604076986006,37.79746479759031,119,6,35,48,0.81201,0.082988,2025-05-27,2025-06-03,8,향호리-안목커피거리,8
2025,42092076,300-1,강릉-동해상사,True,4200181,주문진해변,BIS inventory,True,True,2,1,128.81692175696733,37.90940788063508,170,5,28,50,1.160014,0.069156,2025-05-27,2025-06-03,8,향호리-안목커피거리,8
2025,42092076,300-1,강릉-동해상사,True,4200184,소돌,BIS inventory,True,True,3,2,128.82175443074843,37.905415537268986,273,2,18,54,1.862845,0.027663,2025-05-27,2025-06-03,8,향호리-안목커피거리,8
2025,42092076,300-1,강릉-동해상사,True,4200186,보성연립,BIS inventory,True,True,5,4,128.82551362915504,37.901974724913615,24,1,48,56,0.163767,0.013831,2025-05-27,2025-06-03,8,향호리-안목커피거리,8
2025,42092076,300-1,강릉-동해상사,True,4200187,양양고개,BIS inventory,True,True,6,5,128.82805578782853,37.90002854060149,177,10,27,43,1.207779,0.138313,2025-05-27,2025-06-03,8,향호리-안목커피거리,8
2025,42092076,300-1,강릉-동해상사,True,4200189,주문2리,BIS inventory,True,True,7,6,128.83046007450088,37.897540604441176,98,4,37,51,0.668714,0.055325,2025-05-27,2025-06-03,8,향호리-안목커피거리,8
2025,42092076,300-1,강릉-동해상사,True,4200190,수협사거리,BIS inventory,True,True,8,7,128.83119347169236,37.89590191816579,261,28,20,35,1.780962,0.387275,2025-05-27,2025-06-03,8,향호리-안목커피거리,8
2025,42092076,300-1,강릉-동해상사,True,4200193,북부지구대,BIS inventory,True,True,9,8,128.82860680406648,37.894535177399845,301,28,16,35,2.053907,0.387275,2025-05-27,2025-06-03,8,향호리-안목커피거리,8
2025,42092076,300-1,강릉-동해상사,True,4200194,주문진항입구,BIS inventory,True,True,10,9,128.82670250148865,37.8926318795772,521,54,8,28,3.555101,0.746888,2025-05-27,2025-06-03,8,향호리-안목커피거리,8
2025,42092076,300-1,강릉-동해상사,True,4200197,작은다리,BIS inventory,True,True,12,11,128.82583778093624,37.88994679111109,710,41,2,32,4.844763,0.567082,2025-05-27,2025-06-03,8,향호리-안목커피거리,8
2025,42092076,300-1,강릉-동해상사,True,4200201,양조장,BIS inventory,True,True,15,14,128.8258300942643,37.881274388703744,513,92,10,20,3.500512,1.272476,2025-05-27,2025-06-03,8,향호리-안목커피거리,8
2025,42092076,300-1,강릉-동해상사,True,4200204,주문진중학교,BIS inventory,True,True,16,15,128.82690197641236,37.87887483229283,418,81,13,23,2.852269,1.120332,2025-05-27,2025-06-03,8,향호리-안목커피거리,8
2025,42092076,300-1,강릉-동해상사,True,4200205,강원도립대,BIS inventory,True,True,17,16,128.82840415011668,37.87652579934979,525,69,7,26,3.582395,0.954357,2025-05-27,2025-06-03,8,향호리-안목커피거리,8
2025,42092076,300-1,강릉-동해상사,True,4200207,북부노인종합복지관,BIS inventory,True,True,18,17,128.83062989490628,37.8743072338123,400,112,14,17,2.729444,1.549101,2025-05-27,2025-06-03,8,향호리-안목커피거리,8
2025,42092076,300-1,강릉-동해상사,True,4200213,연곡해변입구,BIS inventory,True,True,22,21,128.84130813848452,37.85462580337619,44,7,43,47,0.300239,0.096819,2025-05-27,2025-06-03,8,향호리-안목커피거리,8
2025,42092076,300-1,강릉-동해상사,True,4200216,구라미,BIS inventory,True,True,24,23,128.84187680750063,37.84088026429458,51,6,41,48,0.348004,0.082988,2025-05-27,2025-06-03,8,향호리-안목커피거리,8
2025,42092076,300-1,강릉-동해상사,True,4200219,청솔공원,BIS inventory,True,True,25,24,128.84744835859598,37.832296445829655,33,10,46,43,0.225179,0.138313,2025-05-27,2025-06-03,8,향호리-안목커피거리,8
2025,42092076,300-1,강릉-동해상사,True,4200220,모래내행복센터,BIS inventory,True,True,26,25,128.84888855200666,37.82654759560158,248,19,21,40,1.692255,0.262794,2025-05-27,2025-06-03,8,향호리-안목커피거리,8
2025,42092076,300-1,강릉-동해상사,True,4200223,사천면사무소,BIS inventory,True,True,27,26,128.84914337332015,37.8229406699122,273,24,18,37,1.862845,0.33195,2025-05-27,2025-06-03,8,향호리-안목커피거리,8
2025,42092076,300-1,강릉-동해상사,True,4200224,북부노인대학,BIS inventory,True,True,28,27,128.85070066292354,37.820164105652225,24,3,48,53,0.163767,0.041494,2025-05-27,2025-06-03,8,향호리-안목커피거리,8
2025,42092076,300-1,강릉-동해상사,True,4200228,학고개,BIS inventory,True,True,32,31,128.8599242703853,37.80596957371411,24,4,48,51,0.163767,0.055325,2025-05-27,2025-06-03,8,향호리-안목커피거리,8
2025,42092076,300-1,강릉-동해상사,True,4200230,한밭입구,BIS inventory,True,True,34,33,128.86424835021418,37.79176559208253,33,12,46,42,0.225179,0.165975,2025-05-27,2025-06-03,8,향호리-안목커피거리,8
2025,42092076,300-1,강릉-동해상사,True,4200232,행정마을,BIS inventory,True,True,35,34,128.8694510816438,37.7889272082235,182,20,26,39,1.241897,0.276625,2025-05-27,2025-06-03,8,향호리-안목커피거리,8
2025,42092076,300-1,강릉-동해상사,True,4200234,법원.검찰청,BIS inventory,True,True,36,35,128.87342400102995,37.78526073982707,134,31,31,34,0.914364,0.428769,2025-05-27,2025-06-03,8,향호리-안목커피거리,8
2025,42092076,300-1,강릉-동해상사,True,4200236,선교장입구,BIS inventory,True,True,37,36,128.87978791945434,37.782182641690056,125,44,34,31,0.852951,0.608575,2025-05-27,2025-06-03,8,향호리-안목커피거리,8
2025,42092076,300-1,강릉-동해상사,True,4200238,오죽헌,BIS inventory,True,True,38,37,128.8827262588498,37.779841129260745,282,100,17,19,1.924258,1.383126,2025-05-27,2025-06-03,8,향호리-안목커피거리,8
2025,42092076,300-1,강릉-동해상사,True,4200240,젤마을,BIS inventory,True,True,39,38,128.887733025105,37.775438249928285,130,40,32,33,0.887069,0.55325,2025-05-27,2025-06-03,8,향호리-안목커피거리,8
2025,42092076,300-1,강릉-동해상사,True,4200242,율곡중학교,BIS inventory,True,True,40,39,128.89021344037266,37.771874448370795,146,67,29,27,0.996247,0.926694,2025-05-27,2025-06-03,8,향호리-안목커피거리,8
2025,42092076,300-1,강릉-동해상사,True,4200245,이명사거리,BIS inventory,True,True,42,41,128.89157918705828,37.764565078717,598,117,5,15,4.080519,1.618257,2025-05-27,2025-06-03,8,향호리-안목커피거리,8
2025,42092076,300-1,강릉-동해상사,True,4200247,강릉제일고,BIS inventory,True,True,43,42,128.8918779735197,37.759537356247826,202,208,24,4,1.378369,2.876902,2025-05-27,2025-06-03,8,향호리-안목커피거리,8
2025,42092076,300-1,강릉-동해상사,True,4200249,용강동서부시장,BIS inventory,True,True,44,43,128.89167287030088,37.75492247590215,207,628,23,2,1.412487,8.68603,2025-05-27,2025-06-03,8,향호리-안목커피거리,8
2025,42092076,300-1,강릉-동해상사,True,4200252,신영극장,BIS inventory,True,True,45,44,128.8961287589657,37.75448236011555,2470,2359,1,1,16.854316,32.627939,2025-05-27,2025-06-03,8,향호리-안목커피거리,8
2025,42092076,300-1,강릉-동해상사,True,4200258,용지각,BIS inventory,True,True,47,46,128.90534669055177,37.76147384168322,187,135,25,13,1.276015,1.86722,2025-05-27,2025-06-03,8,향호리-안목커피거리,8
2025,42092076,300-1,강릉-동해상사,True,4200260,동남아파트,BIS inventory,True,True,48,47,128.9088062489658,37.764638779656714,113,194,36,6,0.771068,2.683264,2025-05-27,2025-06-03,8,향호리-안목커피거리,8
2025,42092076,300-1,강릉-동해상사,True,4200263,송정한신아파트후문,BIS inventory,True,True,56,55,128.9386138022858,37.773558747641985,3,74,55,25,0.020471,1.023513,2025-05-27,2025-06-03,8,향호리-안목커피거리,8
2025,42092076,300-1,강릉-동해상사,True,4200265,혜성연립,BIS inventory,True,True,50,49,128.91575952067353,37.76841531999017,44,187,43,7,0.300239,2.586445,2025-05-27,2025-06-03,8,향호리-안목커피거리,8
2025,42092076,300-1,강릉-동해상사,True,4200267,삼우은성아파트,BIS inventory,True,True,51,50,128.91973659122027,37.77025900516923,82,125,39,14,0.559536,1.728907,2025-05-27,2025-06-03,8,향호리-안목커피거리,8
2025,42092076,300-1,강릉-동해상사,True,4200269,이마트,BIS inventory,True,True,52,51,128.92346774482266,37.772222356268564,45,149,42,12,0.307062,2.060858,2025-05-27,2025-06-03,8,향호리-안목커피거리,8
2025,42092076,300-1,강릉-동해상사,True,4200271,송정동주민센터,BIS inventory,True,True,53,52,128.9281580126049,37.77420386430584,15,83,53,22,0.102354,1.147994,2025-05-27,2025-06-03,8,향호리-안목커피거리,8
2025,42092076,300-1,강릉-동해상사,True,4200273,송정신원아침도시,BIS inventory,True,True,54,53,128.93190852770562,37.774810233413945,9,187,54,7,0.061412,2.586445,2025-05-27,2025-06-03,8,향호리-안목커피거리,8
2025,42092076,300-1,강릉-동해상사,True,4200275,송정한신아파트입구,BIS inventory,True,True,55,54,128.93667614488956,37.77380916737768,1,117,56,15,0.006824,1.618257,2025-05-27,2025-06-03,8,향호리-안목커피거리,8
2025,42092076,300-1,강릉-동해상사,True,4200305,주문진시외버스터미널,BIS inventory,True,True,14,13,128.82509871282576,37.88458386690221,578,89,6,21,3.944046,1.230982,2025-05-27,2025-06-03,8,향호리-안목커피거리,8
2025,42092076,300-1,강릉-동해상사,True,4200310,삼천리아파트,BIS inventory,True,True,20,19,128.8379309322555,37.8689470039461,655,176,4,9,4.469464,2.434302,2025-05-27,2025-06-03,8,향호리-안목커피거리,8
2025,42092076,300-1,강릉-동해상사,True,4200312,구라미휴게소,BIS inventory,True,True,23,22,128.84078612253998,37.84523742281921,21,9,51,45,0.143296,0.124481,2025-05-27,2025-06-03,8,향호리-안목커피거리,7
2025,42092076,300-1,강릉-동해상사,True,4200317,강릉아산병원.강릉약국,BIS inventory,True,True,30,29,128.856152685967,37.816231407654854,693,80,3,24,4.728762,1.106501,2025-05-27,2025-06-03,8,향호리-안목커피거리,8
2025,42092076,300-1,강릉-동해상사,True,4200473,향호리,BIS inventory,True,True,1,0,128.81023394642006,37.915207861254615,138,2,30,54,0.941658,0.027663,2025-05-27,2025-06-03,8,향호리-안목커피거리,8
2025,42092076,300-1,강릉-동해상사,True,4200519,방학골,BIS inventory,True,True,4,3,128.82351587730795,37.90381462090833,38,1,45,56,0.259297,0.013831,2025-05-27,2025-06-03,8,향호리-안목커피거리,8
2025,42092076,300-1,강릉-동해상사,True,4200619,국립수산물품질관리원,BIS inventory,True,True,11,10,128.82606517101954,37.891507384213114,227,23,22,38,1.548959,0.318119,2025-05-27,2025-06-03,8,향호리-안목커피거리,8
2025,42092076,300-1,강릉-동해상사,True,4201044,안목커피거리,BIS inventory,True,True,57,56,128.94543559396536,37.77260342997581,1,586,56,3,0.006824,8.105118,2025-05-27,2025-06-03,8,향호리-안목커피거리,8
2025,42092076,300-1,강릉-동해상사,True,4201226,영진입구,BIS inventory,True,True,19,18,128.83626865951734,37.87047570517143,130,51,32,30,0.887069,0.705394,2025-05-27,2025-06-03,8,향호리-안목커피거리,8
2025,42092076,300-1,강릉-동해상사,True,4201227,연곡면사무소,BIS inventory,True,True,21,20,128.83749819485607,37.86001175022627,453,197,12,5,3.091095,2.724758,2025-05-27,2025-06-03,8,향호리-안목커피거리,8
2025,42092076,300-1,강릉-동해상사,True,4201232,원마트,BIS inventory,True,True,13,12,128.8255161831108,37.88764901879385,521,52,8,29,3.555101,0.719225,2025-05-27,2025-06-03,8,향호리-안목커피거리,8
2025,42092077,302-1,강릉-동해상사,True,4200004,숲사랑홍보관,BIS inventory,True,True,28,27,128.85126457297872,37.81878304910103,3,0,47,,0.255537,0.0,2025-05-27,2025-06-03,8,향호리-안목커피거리,2
2025,42092077,302-1,강릉-동해상사,True,4200049,남강초교,BIS inventory,True,True,56,55,128.91338089940805,37.76735161096919,3,6,47,18,0.255537,0.993377,2025-05-27,2025-06-03,8,향호리-안목커피거리,4
2025,42092077,302-1,강릉-동해상사,True,4200069,방골마을입구,BIS inventory,True,True,31,30,128.85540756146614,37.81366779247799,8,0,34,,0.681431,0.0,2025-05-27,2025-06-03,8,향호리-안목커피거리,3
2025,42092077,302-1,강릉-동해상사,True,4200094,강릉여고,BIS inventory,True,True,53,52,128.90248424479844,37.75904463050879,12,11,25,10,1.022147,1.821192,2025-05-27,2025-06-03,8,향호리-안목커피거리,7
2025,42092077,302-1,강릉-동해상사,True,4200115,고용센터,BIS inventory,True,True,50,49,128.8890663454416,37.75714942132559,13,16,24,6,1.107325,2.649007,2025-05-27,2025-06-03,8,향호리-안목커피거리,6
2025,42092077,302-1,강릉-동해상사,True,4200117,적십자입구,BIS inventory,True,True,49,48,128.88647213220725,37.75676623567213,9,4,30,26,0.76661,0.662252,2025-05-27,2025-06-03,8,향호리-안목커피거리,6
2025,42092077,302-1,강릉-동해상사,True,4200119,터미널오거리,BIS inventory,True,True,48,47,128.88381140539954,37.755579088211434,21,3,19,29,1.788756,0.496689,2025-05-27,2025-06-03,8,향호리-안목커피거리,7
2025,42092077,302-1,강릉-동해상사,True,4200121,강릉시외.고속터미널,BIS inventory,True,True,47,46,128.87911620808939,37.75486594086855,116,47,1,2,9.88075,7.781457,2025-05-27,2025-06-03,8,향호리-안목커피거리,8
2025,42092077,302-1,강릉-동해상사,True,4200124,우편집중국,BIS inventory,True,True,46,45,128.87347187490323,37.76156496879712,73,9,4,15,6.218058,1.490066,2025-05-27,2025-06-03,8,향호리-안목커피거리,8
2025,42092077,302-1,강릉-동해상사,True,4200126,솔올공연장,BIS inventory,True,True,45,44,128.87424793205705,37.763507530751156,33,6,11,18,2.810903,0.993377,2025-05-27,2025-06-03,8,향호리-안목커피거리,8
2025,42092077,302-1,강릉-동해상사,True,4200128,구름다리,BIS inventory,True,True,44,43,128.87743298775584,37.764682397677966,77,17,3,5,6.558773,2.81457,2025-05-27,2025-06-03,8,향호리-안목커피거리,8
2025,42092077,302-1,강릉-동해상사,True,4200130,현대2차아파트,BIS inventory,True,True,43,42,128.87999435131803,37.764311243841746,47,14,7,8,4.003407,2.317881,2025-05-27,2025-06-03,8,향호리-안목커피거리,8
2025,42092077,302-1,강릉-동해상사,True,4200132,율곡초등학교,BIS inventory,True,True,42,41,128.88221538693716,37.765100900268116,11,2,28,35,0.936968,0.331126,2025-05-27,2025-06-03,8,향호리-안목커피거리,7
2025,42092077,302-1,강릉-동해상사,True,4200135,부영2차아파트,BIS inventory,True,True,40,39,128.8825125758686,37.77002923948558,10,7,29,17,0.851789,1.15894,2025-05-27,2025-06-03,8,향호리-안목커피거리,8
2025,42092077,302-1,강릉-동해상사,True,4200136,방축거리,BIS inventory,True,True,39,38,128.88380882582484,37.773889373429355,0,2,,35,0.0,0.331126,2025-05-27,2025-06-03,8,향호리-안목커피거리,1
2025,42092077,302-1,강릉-동해상사,True,4200138,즈므.과학단지,BIS inventory,True,True,33,32,128.8604076986006,37.79746479759031,3,1,47,40,0.255537,0.165563,2025-05-27,2025-06-03,8,향호리-안목커피거리,3
2025,42092077,302-1,강릉-동해상사,True,4200181,주문진해변,BIS inventory,True,True,2,1,128.81692175696733,37.90940788063508,1,0,54,,0.085179,0.0,2025-05-27,2025-06-03,8,향호리-안목커피거리,1
2025,42092077,302-1,강릉-동해상사,True,4200184,소돌,BIS inventory,True,True,3,2,128.82175443074843,37.905415537268986,5,0,42,,0.425894,0.0,2025-05-27,2025-06-03,8,향호리-안목커피거리,4
2025,42092077,302-1,강릉-동해상사,True,4200187,양양고개,BIS inventory,True,True,5,4,128.82805578782853,37.90002854060149,6,0,39,,0.511073,0.0,2025-05-27,2025-06-03,8,향호리-안목커피거리,6
2025,42092077,302-1,강릉-동해상사,True,4200189,주문2리,BIS inventory,True,True,6,5,128.83046007450088,37.897540604441176,4,0,43,,0.340716,0.0,2025-05-27,2025-06-03,8,향호리-안목커피거리,4
2025,42092077,302-1,강릉-동해상사,True,4200190,수협사거리,BIS inventory,True,True,7,6,128.83119347169236,37.89590191816579,14,0,23,,1.192504,0.0,2025-05-27,2025-06-03,8,향호리-안목커피거리,7
2025,42092077,302-1,강릉-동해상사,True,4200193,북부지구대,BIS inventory,True,True,8,7,128.82860680406648,37.894535177399845,7,0,37,,0.596252,0.0,2025-05-27,2025-06-03,8,향호리-안목커피거리,5
2025,42092077,302-1,강릉-동해상사,True,4200194,주문진항입구,BIS inventory,True,True,9,8,128.82670250148865,37.8926318795772,17,0,20,,1.448041,0.0,2025-05-27,2025-06-03,8,향호리-안목커피거리,8
2025,42092077,302-1,강릉-동해상사,True,4200197,작은다리,BIS inventory,True,True,11,10,128.82583778093624,37.88994679111109,26,1,14,40,2.214651,0.165563,2025-05-27,2025-06-03,8,향호리-안목커피거리,7
2025,42092077,302-1,강릉-동해상사,True,4200201,양조장,BIS inventory,True,True,14,13,128.8258300942643,37.881274388703744,52,9,6,15,4.429302,1.490066,2025-05-27,2025-06-03,8,향호리-안목커피거리,8
2025,42092077,302-1,강릉-동해상사,True,4200204,주문진중학교,BIS inventory,True,True,15,14,128.82690197641236,37.87887483229283,26,2,14,35,2.214651,0.331126,2025-05-27,2025-06-03,8,향호리-안목커피거리,8
2025,42092077,302-1,강릉-동해상사,True,4200205,강원도립대,BIS inventory,True,True,16,15,128.82840415011668,37.87652579934979,25,5,16,23,2.129472,0.827815,2025-05-27,2025-06-03,8,향호리-안목커피거리,8
2025,42092077,302-1,강릉-동해상사,True,4200207,북부노인종합복지관,BIS inventory,True,True,17,16,128.83062989490628,37.8743072338123,24,6,17,18,2.044293,0.993377,2025-05-27,2025-06-03,8,향호리-안목커피거리,7
2025,42092077,302-1,강릉-동해상사,True,4200213,연곡해변입구,BIS inventory,True,True,21,20,128.84130813848452,37.85462580337619,3,0,47,,0.255537,0.0,2025-05-27,2025-06-03,8,향호리-안목커피거리,2
2025,42092077,302-1,강릉-동해상사,True,4200219,청솔공원,BIS inventory,True,True,24,23,128.84744835859598,37.832296445829655,2,0,52,,0.170358,0.0,2025-05-27,2025-06-03,8,향호리-안목커피거리,2
2025,42092077,302-1,강릉-동해상사,True,4200220,모래내행복센터,BIS inventory,True,True,25,24,128.84888855200666,37.82654759560158,9,0,30,,0.76661,0.0,2025-05-27,2025-06-03,8,향호리-안목커피거리,5
2025,42092077,302-1,강릉-동해상사,True,4200223,사천면사무소,BIS inventory,True,True,26,25,128.84914337332015,37.8229406699122,15,1,22,40,1.277683,0.165563,2025-05-27,2025-06-03,8,향호리-안목커피거리,7
2025,42092077,302-1,강릉-동해상사,True,4200224,북부노인대학,BIS inventory,True,True,27,26,128.85070066292354,37.820164105652225,1,0,54,,0.085179,0.0,2025-05-27,2025-06-03,8,향호리-안목커피거리,1
2025,42092077,302-1,강릉-동해상사,True,4200230,한밭입구,BIS inventory,True,True,34,33,128.86424835021418,37.79176559208253,2,0,52,,0.170358,0.0,2025-05-27,2025-06-03,8,향호리-안목커피거리,2
2025,42092077,302-1,강릉-동해상사,True,4200232,행정마을,BIS inventory,True,True,35,34,128.8694510816438,37.7889272082235,9,3,30,29,0.76661,0.496689,2025-05-27,2025-06-03,8,향호리-안목커피거리,7
2025,42092077,302-1,강릉-동해상사,True,4200234,법원.검찰청,BIS inventory,True,True,36,35,128.87342400102995,37.78526073982707,12,1,25,40,1.022147,0.165563,2025-05-27,2025-06-03,8,향호리-안목커피거리,5
2025,42092077,302-1,강릉-동해상사,True,4200236,선교장입구,BIS inventory,True,True,37,36,128.87978791945434,37.782182641690056,12,3,25,29,1.022147,0.496689,2025-05-27,2025-06-03,8,향호리-안목커피거리,6
2025,42092077,302-1,강릉-동해상사,True,4200238,오죽헌,BIS inventory,True,True,38,37,128.8827262588498,37.779841129260745,4,4,43,26,0.340716,0.662252,2025-05-27,2025-06-03,8,향호리-안목커피거리,4
2025,42092077,302-1,강릉-동해상사,True,4200249,용강동서부시장,BIS inventory,True,True,51,50,128.89167287030088,37.75492247590215,17,41,20,4,1.448041,6.788079,2025-05-27,2025-06-03,8,향호리-안목커피거리,8
2025,42092077,302-1,강릉-동해상사,True,4200252,신영극장,BIS inventory,True,True,52,51,128.8961287589657,37.75448236011555,111,224,2,1,9.454855,37.086093,2025-05-27,2025-06-03,8,향호리-안목커피거리,8
2025,42092077,302-1,강릉-동해상사,True,4200258,용지각,BIS inventory,True,True,54,53,128.90534669055177,37.76147384168322,9,10,30,14,0.76661,1.655629,2025-05-27,2025-06-03,8,향호리-안목커피거리,7
2025,42092077,302-1,강릉-동해상사,True,4200260,동남아파트,BIS inventory,True,True,55,54,128.9088062489658,37.764638779656714,7,11,37,10,0.596252,1.821192,2025-05-27,2025-06-03,8,향호리-안목커피거리,8
2025,42092077,302-1,강릉-동해상사,True,4200263,송정한신아파트후문,BIS inventory,True,True,63,62,128.9386138022858,37.773558747641985,1,6,54,18,0.085179,0.993377,2025-05-27,2025-06-03,8,향호리-안목커피거리,4
2025,42092077,302-1,강릉-동해상사,True,4200265,혜성연립,BIS inventory,True,True,57,56,128.91575952067353,37.76841531999017,4,6,43,18,0.340716,0.993377,2025-05-27,2025-06-03,8,향호리-안목커피거리,5
2025,42092077,302-1,강릉-동해상사,True,4200267,삼우은성아파트,BIS inventory,True,True,58,57,128.91973659122027,37.77025900516923,4,16,43,6,0.340716,2.649007,2025-05-27,2025-06-03,8,향호리-안목커피거리,7
2025,42092077,302-1,강릉-동해상사,True,4200269,이마트,BIS inventory,True,True,59,58,128.92346774482266,37.772222356268564,6,11,39,10,0.511073,1.821192,2025-05-27,2025-06-03,8,향호리-안목커피거리,7
2025,42092077,302-1,강릉-동해상사,True,4200271,송정동주민센터,BIS inventory,True,True,60,59,128.9281580126049,37.77420386430584,0,2,,35,0.0,0.331126,2025-05-27,2025-06-03,8,향호리-안목커피거리,1
2025,42092077,302-1,강릉-동해상사,True,4200273,송정신원아침도시,BIS inventory,True,True,61,60,128.93190852770562,37.774810233413945,0,13,,9,0.0,2.152318,2025-05-27,2025-06-03,8,향호리-안목커피거리,6
2025,42092077,302-1,강릉-동해상사,True,4200275,송정한신아파트입구,BIS inventory,True,True,62,61,128.93667614488956,37.77380916737768,0,3,,29,0.0,0.496689,2025-05-27,2025-06-03,8,향호리-안목커피거리,3
2025,42092077,302-1,강릉-동해상사,True,4200292,주공1차아파트,BIS inventory,True,True,41,40,128.88256780330317,37.766843575404636,31,11,13,10,2.640545,1.821192,2025-05-27,2025-06-03,8,향호리-안목커피거리,8
2025,42092077,302-1,강릉-동해상사,True,4200305,주문진시외버스터미널,BIS inventory,True,True,13,12,128.82509871282576,37.88458386690221,44,0,8,,3.747871,0.0,2025-05-27,2025-06-03,8,향호리-안목커피거리,8
2025,42092077,302-1,강릉-동해상사,True,4200310,삼천리아파트,BIS inventory,True,True,19,18,128.8379309322555,37.8689470039461,34,3,10,29,2.896082,0.496689,2025-05-27,2025-06-03,8,향호리-안목커피거리,8
2025,42092077,302-1,강릉-동해상사,True,4200312,구라미휴게소,BIS inventory,True,True,22,21,128.84078612253998,37.84523742281921,3,1,47,40,0.255537,0.165563,2025-05-27,2025-06-03,8,향호리-안목커피거리,3
2025,42092077,302-1,강릉-동해상사,True,4200317,강릉아산병원.강릉약국,BIS inventory,True,True,30,29,128.856152685967,37.816231407654854,40,0,9,,3.407155,0.0,2025-05-27,2025-06-03,8,향호리-안목커피거리,8
2025,42092077,302-1,강릉-동해상사,True,4200473,향호리,BIS inventory,True,True,1,0,128.81023394642006,37.915207861254615,8,0,34,,0.681431,0.0,2025-05-27,2025-06-03,8,향호리-안목커피거리,5
2025,42092077,302-1,강릉-동해상사,True,4200619,국립수산물품질관리원,BIS inventory,True,True,10,9,128.82606517101954,37.891507384213114,8,2,34,35,0.681431,0.331126,2025-05-27,2025-06-03,8,향호리-안목커피거리,5
2025,42092077,302-1,강릉-동해상사,True,4201044,안목커피거리,BIS inventory,True,True,64,63,128.94543559396536,37.77260342997581,0,47,,2,0.0,7.781457,2025-05-27,2025-06-03,8,향호리-안목커피거리,8
2025,42092077,302-1,강릉-동해상사,True,4201226,영진입구,BIS inventory,True,True,18,17,128.83626865951734,37.87047570517143,6,5,39,23,0.511073,0.827815,2025-05-27,2025-06-03,8,향호리-안목커피거리,6
2025,42092077,302-1,강릉-동해상사,True,4201227,연곡면사무소,BIS inventory,True,True,20,19,128.83749819485607,37.86001175022627,32,5,12,23,2.725724,0.827815,2025-05-27,2025-06-03,8,향호리-안목커피거리,8
2025,42092077,302-1,강릉-동해상사,True,4201232,원마트,BIS inventory,True,True,12,11,128.8255161831108,37.88764901879385,23,3,18,29,1.959114,0.496689,2025-05-27,2025-06-03,8,향호리-안목커피거리,7
2025,42092077,302-1,강릉-동해상사,True,4201237,강릉아산병원(강릉방면),BIS inventory,True,True,29,28,128.8575951802683,37.81786664293397,71,4,5,26,6.0477,0.662252,2025-05-27,2025-06-03,8,향호리-안목커피거리,8
2025,42092092,314,강릉-동해상사,True,4200002,소돌해변입구,BIS inventory,True,True,61,60,128.81905535960837,37.90780434670355,0,2,,54,0.0,0.142653,2025-05-27,2025-06-03,8,안목-향호리,2
2025,42092092,314,강릉-동해상사,True,4200114,고용센터,BIS inventory,True,True,20,19,128.88893105798073,37.75744085258255,15,15,32,25,0.575595,1.0699,2025-05-27,2025-06-03,8,안목-향호리,8
2025,42092092,314,강릉-동해상사,True,4200116,적십자입구,BIS inventory,True,True,21,20,128.88726321660565,37.757196360936135,20,6,29,38,0.76746,0.42796,2025-05-27,2025-06-03,8,안목-향호리,7
2025,42092092,314,강릉-동해상사,True,4200118,터미널오거리,BIS inventory,True,True,22,21,128.8840640923818,37.75608209292866,31,24,20,15,1.189563,1.71184,2025-05-27,2025-06-03,8,안목-향호리,8
2025,42092092,314,강릉-동해상사,True,4200120,강릉시외.고속터미널,BIS inventory,True,True,23,22,128.8792265208128,37.75505492071011,176,133,4,2,6.753645,9.486448,2025-05-27,2025-06-03,8,안목-향호리,8
2025,42092092,314,강릉-동해상사,True,4200182,주문진해변,BIS inventory,True,True,62,61,128.81704671925502,37.90944057885068,0,21,,19,0.0,1.49786,2025-05-27,2025-06-03,8,안목-향호리,6
2025,42092092,314,강릉-동해상사,True,4200185,소돌,BIS inventory,True,True,60,59,128.8213252547112,37.90592204016269,0,12,,28,0.0,0.85592,2025-05-27,2025-06-03,8,안목-향호리,6
2025,42092092,314,강릉-동해상사,True,4200188,양양고개,BIS inventory,True,True,57,56,128.82822436017406,37.899998054568016,0,14,,27,0.0,0.998573,2025-05-27,2025-06-03,8,안목-향호리,6
2025,42092092,314,강릉-동해상사,True,4200192,북부지구대,BIS inventory,True,True,54,53,128.829270567591,37.89460960314925,5,15,43,25,0.191865,1.0699,2025-05-27,2025-06-03,8,안목-향호리,7
2025,42092092,314,강릉-동해상사,True,4200195,주문진항입구,BIS inventory,True,True,53,52,128.82690557497094,37.892668432750234,8,34,38,10,0.306984,2.425107,2025-05-27,2025-06-03,8,안목-향호리,8
2025,42092092,314,강릉-동해상사,True,4200196,작은다리,BIS inventory,True,True,52,51,128.8261349428677,37.89101262248175,27,54,23,5,1.036071,3.851641,2025-05-27,2025-06-03,8,안목-향호리,8
2025,42092092,314,강릉-동해상사,True,4200198,원마트,BIS inventory,True,True,51,50,128.82575730347685,37.88826959645488,23,54,27,5,0.882579,3.851641,2025-05-27,2025-06-03,8,안목-향호리,8
2025,42092092,314,강릉-동해상사,True,4200200,주문진시외버스터미널,BIS inventory,True,True,50,49,128.8253113527999,37.88508198031381,11,24,34,15,0.422103,1.71184,2025-05-27,2025-06-03,8,안목-향호리,7
2025,42092092,314,강릉-동해상사,True,4200202,주문진식자재마트,BIS inventory,True,True,49,48,128.82596782269363,37.881485546216574,24,9,26,34,0.920952,0.64194,2025-05-27,2025-06-03,8,안목-향호리,8
2025,42092092,314,강릉-동해상사,True,4200206,강원도립대,BIS inventory,True,True,47,46,128.8283096996467,37.87693859362977,23,21,27,19,0.882579,1.49786,2025-05-27,2025-06-03,8,안목-향호리,8
2025,42092092,314,강릉-동해상사,True,4200208,북부노인종합복지관,BIS inventory,True,True,46,45,128.83042321750824,37.874681277863154,31,23,20,17,1.189563,1.640514,2025-05-27,2025-06-03,8,안목-향호리,7
2025,42092092,314,강릉-동해상사,True,4200209,영진입구,BIS inventory,True,True,45,44,128.83637261045655,37.87054167536418,8,5,38,45,0.306984,0.356633,2025-05-27,2025-06-03,8,안목-향호리,5
2025,42092092,314,강릉-동해상사,True,4200211,삼천리아파트,BIS inventory,True,True,44,43,128.8383288212433,37.86906384505761,53,30,14,11,2.033768,2.1398,2025-05-27,2025-06-03,8,안목-향호리,8
2025,42092092,314,강릉-동해상사,True,4200212,연곡면사무소,BIS inventory,True,True,43,42,128.83761397394952,37.85995465828368,46,29,17,12,1.765157,2.068474,2025-05-27,2025-06-03,8,안목-향호리,8
2025,42092092,314,강릉-동해상사,True,4200214,연곡해변입구,BIS inventory,True,True,42,41,128.84162112920617,37.854539181009365,0,6,,38,0.0,0.42796,2025-05-27,2025-06-03,8,안목-향호리,4
2025,42092092,314,강릉-동해상사,True,4200215,구라미휴게소,BIS inventory,True,True,41,40,128.8412803433516,37.845869087009575,1,1,49,57,0.038373,0.071327,2025-05-27,2025-06-03,8,안목-향호리,2
2025,42092092,314,강릉-동해상사,True,4200217,구라미,BIS inventory,True,True,40,39,128.8421871924033,37.84071328241807,4,4,44,46,0.153492,0.285307,2025-05-27,2025-06-03,8,안목-향호리,4
2025,42092092,314,강릉-동해상사,True,4200221,모래내행복센터,BIS inventory,True,True,37,36,128.84881781800846,37.82675602435266,9,6,37,38,0.345357,0.42796,2025-05-27,2025-06-03,8,안목-향호리,7
2025,42092092,314,강릉-동해상사,True,4200222,사천면사무소,BIS inventory,True,True,36,35,128.84928192865996,37.82385848393331,8,16,38,23,0.306984,1.141227,2025-05-27,2025-06-03,8,안목-향호리,7
2025,42092092,314,강릉-동해상사,True,4200225,북부노인대학,BIS inventory,True,True,35,34,128.85083641112433,37.82016343083045,6,6,41,38,0.230238,0.42796,2025-05-27,2025-06-03,8,안목-향호리,5
2025,42092092,314,강릉-동해상사,True,4200226,방골마을입구,BIS inventory,True,True,33,32,128.8558844116181,37.81329996910386,4,4,44,46,0.153492,0.285307,2025-05-27,2025-06-03,8,안목-향호리,5
2025,42092092,314,강릉-동해상사,True,4200227,학고개,BIS inventory,True,True,32,31,128.86104076560957,37.80452897124611,3,3,46,50,0.115119,0.21398,2025-05-27,2025-06-03,8,안목-향호리,3
2025,42092092,314,강릉-동해상사,True,4200229,즈므.과학단지,BIS inventory,True,True,31,30,128.86079294239343,37.79710821329875,1,10,49,31,0.038373,0.713267,2025-05-27,2025-06-03,8,안목-향호리,5
2025,42092092,314,강릉-동해상사,True,4200233,행정마을,BIS inventory,True,True,29,28,128.8703519994515,37.78859256038236,2,4,48,46,0.076746,0.285307,2025-05-27,2025-06-03,8,안목-향호리,4
2025,42092092,314,강릉-동해상사,True,4200235,법원.검찰청,BIS inventory,True,True,28,27,128.8739503928752,37.785042447818554,3,6,46,38,0.115119,0.42796,2025-05-27,2025-06-03,8,안목-향호리,3
2025,42092092,314,강릉-동해상사,True,4200250,용강동서부시장,BIS inventory,True,True,19,18,128.89174828581776,37.7556582744871,69,22,10,18,2.647736,1.569187,2025-05-27,2025-06-03,8,안목-향호리,8
2025,42092092,314,강릉-동해상사,True,4200251,한국은행,BIS inventory,True,True,18,17,128.89406630781096,37.753485602290496,148,76,5,3,5.679202,5.420827,2025-05-27,2025-06-03,8,안목-향호리,8
2025,42092092,314,강릉-동해상사,True,4200253,교보생명,BIS inventory,True,True,17,16,128.89811415297848,37.756002485379526,450,311,1,1,17.267843,22.182596,2025-05-27,2025-06-03,8,안목-향호리,8
2025,42092092,314,강릉-동해상사,True,4200257,옥천119안전센터,BIS inventory,True,True,13,12,128.90305174420297,37.761041080134646,10,17,36,22,0.38373,1.212553,2025-05-27,2025-06-03,8,안목-향호리,8
2025,42092092,314,강릉-동해상사,True,4200259,용지각,BIS inventory,True,True,12,11,128.90537716328666,37.76184119439877,26,10,24,31,0.997698,0.713267,2025-05-27,2025-06-03,8,안목-향호리,8
2025,42092092,314,강릉-동해상사,True,4200261,북강릉IC,BIS inventory,True,True,39,38,128.84425534198513,37.83689529134246,0,2,,54,0.0,0.142653,2025-05-27,2025-06-03,8,안목-향호리,2
2025,42092092,314,강릉-동해상사,True,4200262,로얄아파트.포남1동주민센터,BIS inventory,True,True,10,9,128.90933288179943,37.76545703763149,53,8,14,35,2.033768,0.570613,2025-05-27,2025-06-03,8,안목-향호리,8
2025,42092092,314,강릉-동해상사,True,4200264,구)동해상사,BIS inventory,True,True,9,8,128.91165113985977,37.76683747950902,89,7,9,37,3.415196,0.499287,2025-05-27,2025-06-03,8,안목-향호리,8
2025,42092092,314,강릉-동해상사,True,4200266,혜성연립,BIS inventory,True,True,8,7,128.9154402649905,37.76852760326643,91,11,8,30,3.491942,0.784593,2025-05-27,2025-06-03,8,안목-향호리,8
2025,42092092,314,강릉-동해상사,True,4200268,삼우은성아파트,BIS inventory,True,True,7,6,128.91881978171756,37.77007704319862,103,3,7,50,3.952417,0.21398,2025-05-27,2025-06-03,8,안목-향호리,8
2025,42092092,314,강릉-동해상사,True,4200270,이마트,BIS inventory,True,True,6,5,128.92290403192536,37.77218493598484,55,6,13,38,2.110514,0.42796,2025-05-27,2025-06-03,8,안목-향호리,8
2025,42092092,314,강릉-동해상사,True,4200272,송정동주민센터,BIS inventory,True,True,5,4,128.92775106138072,37.77430053196711,40,4,19,46,1.534919,0.285307,2025-05-27,2025-06-03,8,안목-향호리,8
2025,42092092,314,강릉-동해상사,True,4200274,송정노인회관,BIS inventory,True,True,4,3,128.93141909498914,37.77512821569013,129,1,6,57,4.950115,0.071327,2025-05-27,2025-06-03,8,안목-향호리,8
2025,42092092,314,강릉-동해상사,True,4200276,송정한신아파트입구,BIS inventory,True,True,3,2,128.93668274097607,37.7740287226972,61,0,11,,2.340752,0.0,2025-05-27,2025-06-03,8,안목-향호리,8
2025,42092092,314,강릉-동해상사,True,4200291,강릉소방서,BIS inventory,True,True,24,23,128.87109869210374,37.758191496775595,43,49,18,7,1.650038,3.495007,2025-05-27,2025-06-03,8,안목-향호리,8
2025,42092092,314,강릉-동해상사,True,4200298,보성연립,BIS inventory,True,True,58,57,128.82558444232305,37.90204313561504,0,3,,50,0.0,0.21398,2025-05-27,2025-06-03,8,안목-향호리,2
2025,42092092,314,강릉-동해상사,True,4200299,주문2리,BIS inventory,True,True,56,55,128.83067123183636,37.89750003400375,0,3,,50,0.0,0.21398,2025-05-27,2025-06-03,8,안목-향호리,2
2025,42092092,314,강릉-동해상사,True,4200300,수협사거리,BIS inventory,True,True,55,54,128.8314095884837,37.895774457125356,0,8,,35,0.0,0.570613,2025-05-27,2025-06-03,8,안목-향호리,4
2025,42092092,314,강릉-동해상사,True,4200308,주문진중.고등학교.강릉정보고,BIS inventory,True,True,48,47,128.82672327638434,37.87982425913257,29,19,22,21,1.112817,1.355207,2025-05-27,2025-06-03,8,안목-향호리,8
2025,42092092,314,강릉-동해상사,True,4200315,구터미널,BIS inventory,True,True,15,14,128.8988430353628,37.76163002626936,11,2,34,54,0.422103,0.142653,2025-05-27,2025-06-03,8,안목-향호리,7
2025,42092092,314,강릉-동해상사,True,4200318,포남시장,BIS inventory,True,True,11,10,128.90766061502285,37.76392281820552,20,10,29,31,0.76746,0.713267,2025-05-27,2025-06-03,8,안목-향호리,7
2025,42092092,314,강릉-동해상사,True,4200365,삼성디지털센터,BIS inventory,True,True,16,15,128.8966989039856,37.75811194350719,15,16,32,23,0.575595,1.141227,2025-05-27,2025-06-03,8,안목-향호리,7
2025,42092092,314,강릉-동해상사,True,4200401,강릉복합복지체육센터,BIS inventory,True,True,26,25,128.87017698555522,37.76290354322161,6,39,41,9,0.230238,2.78174,2025-05-27,2025-06-03,8,안목-향호리,8
2025,42092092,314,강릉-동해상사,True,4200418,강릉아산병원.강릉약국,BIS inventory,True,True,34,33,128.8564121349402,37.81631278949057,25,26,25,14,0.959325,1.854494,2025-05-27,2025-06-03,8,안목-향호리,7
2025,42092092,314,강릉-동해상사,True,4200473,향호리,BIS inventory,True,True,63,62,128.81023394642006,37.915207861254615,0,12,,28,0.0,0.85592,2025-05-27,2025-06-03,8,안목-향호리,4
2025,42092092,314,강릉-동해상사,True,4200521,방학골,BIS inventory,True,True,59,58,128.82291244813646,37.90463362511824,0,6,,38,0.0,0.42796,2025-05-27,2025-06-03,8,안목-향호리,5
2025,42092092,314,강릉-동해상사,True,4200721,강릉역,BIS inventory,True,True,14,13,128.8992580056024,37.76416330670135,281,62,2,4,10.782809,4.422254,2025-05-27,2025-06-03,8,안목-향호리,8
2025,42092092,314,강릉-동해상사,True,4201041,강원대학교입구,BIS inventory,True,True,27,26,128.87514521071003,37.77009542292022,58,49,12,7,2.225633,3.495007,2025-05-27,2025-06-03,8,안목-향호리,8
2025,42092092,314,강릉-동해상사,True,4201043,안목,BIS inventory,True,True,1,0,128.94526892930932,37.77285146151794,186,1,3,57,7.137375,0.071327,2025-05-27,2025-06-03,8,안목-향호리,8
2025,42092092,314,강릉-동해상사,True,4201249,선수촌8단지,BIS inventory,True,True,25,24,128.87029355520082,37.76060110592661,17,28,31,13,0.652341,1.997147,2025-05-27,2025-06-03,8,안목-향호리,8
2025,42092092,314,강릉-동해상사,True,4201386,송정한신아파트후문,BIS inventory,True,True,2,1,128.93962441064605,37.773612640324636,49,0,16,,1.880276,0.0,2025-05-27,2025-06-03,8,안목-향호리,8
2025,42092094,314-1,강릉-동해상사,True,4200004,숲사랑홍보관,BIS inventory,True,True,29,28,128.85126457297872,37.81878304910103,4,0,48,,0.156863,0.0,2025-05-27,2025-06-03,8,향호리-안목커피거리,3
2025,42092094,314-1,강릉-동해상사,True,4200049,남강초교,BIS inventory,True,True,53,52,128.91338089940805,37.76735161096919,7,19,45,14,0.27451,1.386861,2025-05-27,2025-06-03,8,향호리-안목커피거리,7
2025,42092094,314-1,강릉-동해상사,True,4200069,방골마을입구,BIS inventory,True,True,31,30,128.85540756146614,37.81366779247799,3,1,50,43,0.117647,0.072993,2025-05-27,2025-06-03,8,향호리-안목커피거리,3
2025,42092094,314-1,강릉-동해상사,True,4200094,강릉여고,BIS inventory,True,True,47,46,128.90248424479844,37.75904463050879,27,15,27,19,1.058824,1.094891,2025-05-27,2025-06-03,8,향호리-안목커피거리,8
2025,42092094,314-1,강릉-동해상사,True,4200115,고용센터,BIS inventory,True,True,44,43,128.8890663454416,37.75714942132559,15,19,35,14,0.588235,1.386861,2025-05-27,2025-06-03,8,향호리-안목커피거리,8
2025,42092094,314-1,강릉-동해상사,True,4200117,적십자입구,BIS inventory,True,True,43,42,128.88647213220725,37.75676623567213,13,7,40,28,0.509804,0.510949,2025-05-27,2025-06-03,8,향호리-안목커피거리,7
2025,42092094,314-1,강릉-동해상사,True,4200119,터미널오거리,BIS inventory,True,True,42,41,128.88381140539954,37.755579088211434,43,12,18,22,1.686275,0.875912,2025-05-27,2025-06-03,8,향호리-안목커피거리,8
2025,42092094,314-1,강릉-동해상사,True,4200121,강릉시외.고속터미널,BIS inventory,True,True,41,40,128.87911620808939,37.75486594086855,226,111,2,5,8.862745,8.10219,2025-05-27,2025-06-03,8,향호리-안목커피거리,8
2025,42092094,314-1,강릉-동해상사,True,4200138,즈므.과학단지,BIS inventory,True,True,33,32,128.8604076986006,37.79746479759031,28,0,23,,1.098039,0.0,2025-05-27,2025-06-03,8,향호리-안목커피거리,7
2025,42092094,314-1,강릉-동해상사,True,4200181,주문진해변,BIS inventory,True,True,2,1,128.81692175696733,37.90940788063508,18,2,32,39,0.705882,0.145985,2025-05-27,2025-06-03,8,향호리-안목커피거리,6
2025,42092094,314-1,강릉-동해상사,True,4200184,소돌,BIS inventory,True,True,3,2,128.82175443074843,37.905415537268986,34,0,20,,1.333333,0.0,2025-05-27,2025-06-03,8,향호리-안목커피거리,8
2025,42092094,314-1,강릉-동해상사,True,4200186,보성연립,BIS inventory,True,True,5,4,128.82551362915504,37.901974724913615,3,0,50,,0.117647,0.0,2025-05-27,2025-06-03,8,향호리-안목커피거리,3
2025,42092094,314-1,강릉-동해상사,True,4200187,양양고개,BIS inventory,True,True,6,5,128.82805578782853,37.90002854060149,13,1,40,43,0.509804,0.072993,2025-05-27,2025-06-03,8,향호리-안목커피거리,6
2025,42092094,314-1,강릉-동해상사,True,4200189,주문2리,BIS inventory,True,True,7,6,128.83046007450088,37.897540604441176,16,0,34,,0.627451,0.0,2025-05-27,2025-06-03,8,향호리-안목커피거리,7
2025,42092094,314-1,강릉-동해상사,True,4200190,수협사거리,BIS inventory,True,True,8,7,128.83119347169236,37.89590191816579,28,0,23,,1.098039,0.0,2025-05-27,2025-06-03,8,향호리-안목커피거리,7
2025,42092094,314-1,강릉-동해상사,True,4200193,북부지구대,BIS inventory,True,True,9,8,128.82860680406648,37.894535177399845,31,2,21,39,1.215686,0.145985,2025-05-27,2025-06-03,8,향호리-안목커피거리,8
2025,42092094,314-1,강릉-동해상사,True,4200194,주문진항입구,BIS inventory,True,True,10,9,128.82670250148865,37.8926318795772,62,7,11,28,2.431373,0.510949,2025-05-27,2025-06-03,8,향호리-안목커피거리,8
2025,42092094,314-1,강릉-동해상사,True,4200197,작은다리,BIS inventory,True,True,12,11,128.82583778093624,37.88994679111109,69,5,9,34,2.705882,0.364964,2025-05-27,2025-06-03,8,향호리-안목커피거리,8
2025,42092094,314-1,강릉-동해상사,True,4200201,양조장,BIS inventory,True,True,15,14,128.8258300942643,37.881274388703744,48,7,15,28,1.882353,0.510949,2025-05-27,2025-06-03,8,향호리-안목커피거리,8
2025,42092094,314-1,강릉-동해상사,True,4200204,주문진중학교,BIS inventory,True,True,16,15,128.82690197641236,37.87887483229283,44,7,17,28,1.72549,0.510949,2025-05-27,2025-06-03,8,향호리-안목커피거리,8
2025,42092094,314-1,강릉-동해상사,True,4200205,강원도립대,BIS inventory,True,True,17,16,128.82840415011668,37.87652579934979,67,18,10,17,2.627451,1.313869,2025-05-27,2025-06-03,8,향호리-안목커피거리,8
2025,42092094,314-1,강릉-동해상사,True,4200207,북부노인종합복지관,BIS inventory,True,True,18,17,128.83062989490628,37.8743072338123,36,9,19,24,1.411765,0.656934,2025-05-27,2025-06-03,8,향호리-안목커피거리,8
2025,42092094,314-1,강릉-동해상사,True,4200213,연곡해변입구,BIS inventory,True,True,22,21,128.84130813848452,37.85462580337619,3,0,50,,0.117647,0.0,2025-05-27,2025-06-03,8,향호리-안목커피거리,2
2025,42092094,314-1,강릉-동해상사,True,4200216,구라미,BIS inventory,True,True,24,23,128.84187680750063,37.84088026429458,3,0,50,,0.117647,0.0,2025-05-27,2025-06-03,8,향호리-안목커피거리,3
2025,42092094,314-1,강릉-동해상사,True,4200219,청솔공원,BIS inventory,True,True,25,24,128.84744835859598,37.832296445829655,5,0,47,,0.196078,0.0,2025-05-27,2025-06-03,8,향호리-안목커피거리,2
2025,42092094,314-1,강릉-동해상사,True,4200220,모래내행복센터,BIS inventory,True,True,26,25,128.84888855200666,37.82654759560158,15,1,35,43,0.588235,0.072993,2025-05-27,2025-06-03,8,향호리-안목커피거리,5
2025,42092094,314-1,강릉-동해상사,True,4200223,사천면사무소,BIS inventory,True,True,27,26,128.84914337332015,37.8229406699122,12,4,42,35,0.470588,0.291971,2025-05-27,2025-06-03,8,향호리-안목커피거리,7
2025,42092094,314-1,강릉-동해상사,True,4200228,학고개,BIS inventory,True,True,32,31,128.8599242703853,37.80596957371411,4,0,48,,0.156863,0.0,2025-05-27,2025-06-03,8,향호리-안목커피거리,4
2025,42092094,314-1,강릉-동해상사,True,4200230,한밭입구,BIS inventory,True,True,34,33,128.86424835021418,37.79176559208253,12,2,42,39,0.470588,0.145985,2025-05-27,2025-06-03,8,향호리-안목커피거리,5
2025,42092094,314-1,강릉-동해상사,True,4200232,행정마을,BIS inventory,True,True,35,34,128.8694510816438,37.7889272082235,28,1,23,43,1.098039,0.072993,2025-05-27,2025-06-03,8,향호리-안목커피거리,7
2025,42092094,314-1,강릉-동해상사,True,4200234,법원.검찰청,BIS inventory,True,True,36,35,128.87342400102995,37.78526073982707,30,7,22,28,1.176471,0.510949,2025-05-27,2025-06-03,8,향호리-안목커피거리,6
2025,42092094,314-1,강릉-동해상사,True,4200249,용강동서부시장,BIS inventory,True,True,45,44,128.89167287030088,37.75492247590215,28,116,23,4,1.098039,8.467153,2025-05-27,2025-06-03,8,향호리-안목커피거리,8
2025,42092094,314-1,강릉-동해상사,True,4200252,신영극장,BIS inventory,True,True,46,45,128.8961287589657,37.75448236011555,382,357,1,1,14.980392,26.058394,2025-05-27,2025-06-03,8,향호리-안목커피거리,8
2025,42092094,314-1,강릉-동해상사,True,4200256,옥천119안전센터,BIS inventory,True,True,50,49,128.9022376115818,37.76136928474395,3,1,50,43,0.117647,0.072993,2025-05-27,2025-06-03,8,향호리-안목커피거리,3
2025,42092094,314-1,강릉-동해상사,True,4200257,옥천119안전센터,BIS inventory,True,True,48,47,128.90305174420297,37.761041080134646,2,24,55,9,0.078431,1.751825,2025-05-27,2025-06-03,8,향호리-안목커피거리,8
2025,42092094,314-1,강릉-동해상사,True,4200258,용지각,BIS inventory,True,True,51,50,128.90534669055177,37.76147384168322,21,24,29,9,0.823529,1.751825,2025-05-27,2025-06-03,8,향호리-안목커피거리,8
2025,42092094,314-1,강릉-동해상사,True,4200260,동남아파트,BIS inventory,True,True,52,51,128.9088062489658,37.764638779656714,19,16,30,18,0.745098,1.167883,2025-05-27,2025-06-03,8,향호리-안목커피거리,8
2025,42092094,314-1,강릉-동해상사,True,4200263,송정한신아파트후문,BIS inventory,True,True,60,59,128.9386138022858,37.773558747641985,0,9,,24,0.0,0.656934,2025-05-27,2025-06-03,8,향호리-안목커피거리,5
2025,42092094,314-1,강릉-동해상사,True,4200265,혜성연립,BIS inventory,True,True,54,53,128.91575952067353,37.76841531999017,15,32,35,6,0.588235,2.335766,2025-05-27,2025-06-03,8,향호리-안목커피거리,8
2025,42092094,314-1,강릉-동해상사,True,4200267,삼우은성아파트,BIS inventory,True,True,55,54,128.91973659122027,37.77025900516923,14,21,39,13,0.54902,1.532847,2025-05-27,2025-06-03,8,향호리-안목커피거리,8
2025,42092094,314-1,강릉-동해상사,True,4200269,이마트,BIS inventory,True,True,56,55,128.92346774482266,37.772222356268564,15,22,35,12,0.588235,1.605839,2025-05-27,2025-06-03,8,향호리-안목커피거리,7
2025,42092094,314-1,강릉-동해상사,True,4200271,송정동주민센터,BIS inventory,True,True,57,56,128.9281580126049,37.77420386430584,2,8,55,27,0.078431,0.583942,2025-05-27,2025-06-03,8,향호리-안목커피거리,6
2025,42092094,314-1,강릉-동해상사,True,4200273,송정신원아침도시,BIS inventory,True,True,58,57,128.93190852770562,37.774810233413945,2,23,55,11,0.078431,1.678832,2025-05-27,2025-06-03,8,향호리-안목커피거리,8
2025,42092094,314-1,강릉-동해상사,True,4200275,송정한신아파트입구,BIS inventory,True,True,59,58,128.93667614488956,37.77380916737768,0,13,,21,0.0,0.948905,2025-05-27,2025-06-03,8,향호리-안목커피거리,7
2025,42092094,314-1,강릉-동해상사,True,4200293,강릉역건너편,BIS inventory,True,True,49,48,128.8990669694857,37.76400772021464,124,155,6,3,4.862745,11.313869,2025-05-27,2025-06-03,8,향호리-안목커피거리,8
2025,42092094,314-1,강릉-동해상사,True,4200305,주문진시외버스터미널,BIS inventory,True,True,14,13,128.82509871282576,37.88458386690221,72,4,8,35,2.823529,0.291971,2025-05-27,2025-06-03,8,향호리-안목커피거리,8
2025,42092094,314-1,강릉-동해상사,True,4200310,삼천리아파트,BIS inventory,True,True,20,19,128.8379309322555,37.8689470039461,60,19,12,14,2.352941,1.386861,2025-05-27,2025-06-03,8,향호리-안목커피거리,8
2025,42092094,314-1,강릉-동해상사,True,4200312,구라미휴게소,BIS inventory,True,True,23,22,128.84078612253998,37.84523742281921,1,0,58,,0.039216,0.0,2025-05-27,2025-06-03,8,향호리-안목커피거리,1
2025,42092094,314-1,강릉-동해상사,True,4200317,강릉아산병원.강릉약국,BIS inventory,True,True,30,29,128.856152685967,37.816231407654854,176,6,4,33,6.901961,0.437956,2025-05-27,2025-06-03,8,향호리-안목커피거리,8
2025,42092094,314-1,강릉-동해상사,True,4200400,강릉복합복지체육센터,BIS inventory,True,True,38,37,128.87000704257403,37.762859214055275,47,12,16,22,1.843137,0.875912,2025-05-27,2025-06-03,8,향호리-안목커피거리,8
2025,42092094,314-1,강릉-동해상사,True,4200473,향호리,BIS inventory,True,True,1,0,128.81023394642006,37.915207861254615,19,0,30,,0.745098,0.0,2025-05-27,2025-06-03,8,향호리-안목커피거리,8
2025,42092094,314-1,강릉-동해상사,True,4200519,방학골,BIS inventory,True,True,4,3,128.82351587730795,37.90381462090833,7,0,45,,0.27451,0.0,2025-05-27,2025-06-03,8,향호리-안목커피거리,6
2025,42092094,314-1,강릉-동해상사,True,4200548,강릉소방서,BIS inventory,True,True,40,39,128.87119323619314,37.7580009949989,189,32,3,6,7.411765,2.335766,2025-05-27,2025-06-03,8,향호리-안목커피거리,8
2025,42092094,314-1,강릉-동해상사,True,4200619,국립수산물품질관리원,BIS inventory,True,True,11,10,128.82606517101954,37.891507384213114,25,4,28,35,0.980392,0.291971,2025-05-27,2025-06-03,8,향호리-안목커피거리,8
2025,42092094,314-1,강릉-동해상사,True,4201042,강원대학교입구,BIS inventory,True,True,37,36,128.87494102107277,37.7696221436885,95,28,7,8,3.72549,2.043796,2025-05-27,2025-06-03,8,향호리-안목커피거리,8
2025,42092094,314-1,강릉-동해상사,True,4201044,안목커피거리,BIS inventory,True,True,61,60,128.94543559396536,37.77260342997581,12,159,42,2,0.470588,11.605839,2025-05-27,2025-06-03,8,향호리-안목커피거리,8
2025,42092094,314-1,강릉-동해상사,True,4201226,영진입구,BIS inventory,True,True,19,18,128.83626865951734,37.87047570517143,18,2,32,39,0.705882,0.145985,2025-05-27,2025-06-03,8,향호리-안목커피거리,6
2025,42092094,314-1,강릉-동해상사,True,4201227,연곡면사무소,BIS inventory,True,True,21,20,128.83749819485607,37.86001175022627,56,14,13,20,2.196078,1.021898,2025-05-27,2025-06-03,8,향호리-안목커피거리,8
2025,42092094,314-1,강릉-동해상사,True,4201232,원마트,BIS inventory,True,True,13,12,128.8255161831108,37.88764901879385,49,9,14,24,1.921569,0.656934,2025-05-27,2025-06-03,8,향호리-안목커피거리,8
2025,42092094,314-1,강릉-동해상사,True,4201250,선수촌8단지,BIS inventory,True,True,39,38,128.87011109214671,37.76078977894948,150,3,5,38,5.882353,0.218978,2025-05-27,2025-06-03,8,향호리-안목커피거리,8
2025,42092096,202-2,강릉-동해상사,True,4200006,강릉아이스아레나,BIS inventory,True,True,33,32,128.89519306784848,37.78029319605429,0,1,,15,0.0,0.900901,2025-05-27,2025-06-03,8,경포해변-경포해변,1
2025,42092096,202-2,강릉-동해상사,True,4200042,롯데캐슬아파트,BIS inventory,True,True,12,11,128.89120929799194,37.766948306391974,0,1,,15,0.0,0.900901,2025-05-27,2025-06-03,8,경포해변-경포해변,1
2025,42092096,202-2,강릉-동해상사,True,4200070,경포현대아파트,BIS inventory,True,True,2,1,128.90338270723402,37.80169652808461,22,0,3,,12.359551,0.0,2025-05-27,2025-06-03,8,경포해변-경포해변,6
2025,42092096,202-2,강릉-동해상사,True,4200072,경포대.참소리박물관,BIS inventory,True,True,3,2,128.89706080745114,37.7955214111198,12,0,7,,6.741573,0.0,2025-05-27,2025-06-03,8,경포해변-경포해변,7
2025,42092096,202-2,강릉-동해상사,True,4200074,해운정,BIS inventory,True,True,5,4,128.8896478172347,37.78577024652339,2,0,16,,1.123596,0.0,2025-05-27,2025-06-03,8,경포해변-경포해변,2
2025,42092096,202-2,강릉-동해상사,True,4200075,선교장,BIS inventory,True,True,6,5,128.8853532167783,37.785455385598155,4,0,11,,2.247191,0.0,2025-05-27,2025-06-03,8,경포해변-경포해변,4
2025,42092096,202-2,강릉-동해상사,True,4200077,경포동주민센터,BIS inventory,True,True,7,6,128.88052383810168,37.78412865726848,0,2,,11,0.0,1.801802,2025-05-27,2025-06-03,8,경포해변-경포해변,2
2025,42092096,202-2,강릉-동해상사,True,4200094,강릉여고,BIS inventory,True,True,25,24,128.90248424479844,37.75904463050879,3,1,14,15,1.685393,0.900901,2025-05-27,2025-06-03,8,경포해변-경포해변,3
2025,42092096,202-2,강릉-동해상사,True,4200098,허난설헌삼거리,BIS inventory,True,True,37,36,128.9131333359753,37.79177727582709,8,3,8,8,4.494382,2.702703,2025-05-27,2025-06-03,8,경포해변-경포해변,6
2025,42092096,202-2,강릉-동해상사,True,4200115,고용센터,BIS inventory,True,True,22,21,128.8890663454416,37.75714942132559,5,0,10,,2.808989,0.0,2025-05-27,2025-06-03,8,경포해변-경포해변,4
2025,42092096,202-2,강릉-동해상사,True,4200117,적십자입구,BIS inventory,True,True,21,20,128.88647213220725,37.75676623567213,4,0,11,,2.247191,0.0,2025-05-27,2025-06-03,8,경포해변-경포해변,4
2025,42092096,202-2,강릉-동해상사,True,4200119,터미널오거리,BIS inventory,True,True,20,19,128.88381140539954,37.755579088211434,4,0,11,,2.247191,0.0,2025-05-27,2025-06-03,8,경포해변-경포해변,3
2025,42092096,202-2,강릉-동해상사,True,4200121,강릉시외.고속터미널,BIS inventory,True,True,19,18,128.87911620808939,37.75486594086855,13,1,5,15,7.303371,0.900901,2025-05-27,2025-06-03,8,경포해변-경포해변,7
2025,42092096,202-2,강릉-동해상사,True,4200236,선교장입구,BIS inventory,True,True,8,7,128.87978791945434,37.782182641690056,0,3,,8,0.0,2.702703,2025-05-27,2025-06-03,8,경포해변-경포해변,3
2025,42092096,202-2,강릉-동해상사,True,4200238,오죽헌,BIS inventory,True,True,9,8,128.8827262588498,37.779841129260745,0,1,,15,0.0,0.900901,2025-05-27,2025-06-03,8,경포해변-경포해변,1
2025,42092096,202-2,강릉-동해상사,True,4200242,율곡중학교,BIS inventory,True,True,11,10,128.89021344037266,37.771874448370795,0,1,,15,0.0,0.900901,2025-05-27,2025-06-03,8,경포해변-경포해변,1
2025,42092096,202-2,강릉-동해상사,True,4200245,이명사거리,BIS inventory,True,True,13,12,128.89157918705828,37.764565078717,2,5,16,6,1.123596,4.504505,2025-05-27,2025-06-03,8,경포해변-경포해변,4
2025,42092096,202-2,강릉-동해상사,True,4200249,용강동서부시장,BIS inventory,True,True,23,22,128.89167287030088,37.75492247590215,21,1,4,15,11.797753,0.900901,2025-05-27,2025-06-03,8,경포해변-경포해변,8
2025,42092096,202-2,강릉-동해상사,True,4200252,신영극장,BIS inventory,True,True,24,23,128.8961287589657,37.75448236011555,25,18,2,2,14.044944,16.216216,2025-05-27,2025-06-03,8,경포해변-경포해변,8
2025,42092096,202-2,강릉-동해상사,True,4200257,옥천119안전센터,BIS inventory,True,True,26,25,128.90305174420297,37.761041080134646,13,2,5,11,7.303371,1.801802,2025-05-27,2025-06-03,8,경포해변-경포해변,7
2025,42092096,202-2,강릉-동해상사,True,4200430,강릉국민체육센터,BIS inventory,True,True,32,31,128.89711747432256,37.77640154864734,0,11,,4,0.0,9.90991,2025-05-27,2025-06-03,8,경포해변-경포해변,5
2025,42092096,202-2,강릉-동해상사,True,4200433,종합경기장,BIS inventory,True,True,31,30,128.89677683645317,37.77125900731557,3,15,14,3,1.685393,13.513514,2025-05-27,2025-06-03,8,경포해변-경포해변,8
2025,42092096,202-2,강릉-동해상사,True,4200547,e-편한세상아파트,BIS inventory,True,True,30,29,128.895218937497,37.769600465674785,0,1,,15,0.0,0.900901,2025-05-27,2025-06-03,8,경포해변-경포해변,1
2025,42092096,202-2,강릉-동해상사,True,4200721,강릉역,BIS inventory,True,True,27,26,128.8992580056024,37.76416330670135,28,5,1,6,15.730337,4.504505,2025-05-27,2025-06-03,8,경포해변-경포해변,8
2025,42092096,202-2,강릉-동해상사,True,4201240,순두부마을,BIS inventory,True,True,4,3,128.89327386744634,37.786738816066666,2,0,16,,1.123596,0.0,2025-05-27,2025-06-03,8,경포해변-경포해변,2
2025,42092096,202-2,강릉-동해상사,True,4201242,경포해변,BIS inventory,True,True,1,39,128.9052529004403,37.80440358093674,7,24,9,1,3.932584,21.621622,2025-05-27,2025-06-03,8,경포해변-경포해변,8
2025,42092096,202-2,강릉-동해상사,True,4201254,모안이서낭당,BIS inventory,True,True,34,33,128.90286872766467,37.783490145093076,0,1,,15,0.0,0.900901,2025-05-27,2025-06-03,8,경포해변-경포해변,1
2025,42092096,202-2,강릉-동해상사,True,4201256,강릉녹색도시체험센터,BIS inventory,True,True,35,34,128.90742209068117,37.786856581754364,0,2,,11,0.0,1.801802,2025-05-27,2025-06-03,8,경포해변-경포해변,1
2025,42092096,202-2,강릉-동해상사,True,4201259,허균.허난설헌기념공원,BIS inventory,True,True,36,35,128.90952498226952,37.789422425132265,0,2,,11,0.0,1.801802,2025-05-27,2025-06-03,8,경포해변-경포해변,2
2025,42092096,202-2,강릉-동해상사,True,4201261,강문해변입구,BIS inventory,True,True,38,37,128.9152492720649,37.794762154181576,0,7,,5,0.0,6.306306,2025-05-27,2025-06-03,8,경포해변-경포해변,4
2025,42092096,202-2,강릉-동해상사,True,4201267,경포호,BIS inventory,True,True,39,38,128.91154424859525,37.79966287216199,0,3,,8,0.0,2.702703,2025-05-27,2025-06-03,8,경포해변-경포해변,3
2025,42092099,961,강릉-동해상사,True,4200545,동산교,BIS inventory,True,True,5,4,129.03188210282585,37.596478436012994,9,0,6,,4.663212,0.0,2025-05-27,2025-06-03,8,옥계현내시장-옥계현내시장,5
2025,42092099,961,강릉-동해상사,True,4200737,한라아파트,BIS inventory,True,True,4,3,129.03082754941428,37.598166681025575,1,0,13,,0.518135,0.0,2025-05-27,2025-06-03,8,옥계현내시장-옥계현내시장,1
2025,42092099,961,강릉-동해상사,True,4200738,남양3리마을회관,BIS inventory,True,True,7,6,129.03540040998968,37.59157285051617,1,0,13,,0.518135,0.0,2025-05-27,2025-06-03,8,옥계현내시장-옥계현내시장,1
2025,42092099,961,강릉-동해상사,True,4201096,한라아파트,BIS inventory,True,True,21,20,129.0309268732134,37.598168202920746,9,0,6,,4.663212,0.0,2025-05-27,2025-06-03,8,옥계현내시장-옥계현내시장,4
2025,42092099,961,강릉-동해상사,True,4201284,올밑,BIS inventory,True,True,8,7,129.03979791391387,37.58885317796911,20,0,2,,10.362694,0.0,2025-05-27,2025-06-03,8,옥계현내시장-옥계현내시장,5
2025,42092099,961,강릉-동해상사,True,4201285,옥골,BIS inventory,True,True,9,8,129.0451011119314,37.58480257343729,11,0,5,,5.699482,0.0,2025-05-27,2025-06-03,8,옥계현내시장-옥계현내시장,6
2025,42092099,961,강릉-동해상사,True,4201286,너구리골,BIS inventory,True,True,10,9,129.0453774808948,37.58278119535933,5,0,9,,2.590674,0.0,2025-05-27,2025-06-03,8,옥계현내시장-옥계현내시장,4
2025,42092099,961,강릉-동해상사,True,4201287,남양리옛경로당,BIS inventory,True,True,11,10,129.03508624074675,37.582691373708194,5,1,9,4,2.590674,3.125,2025-05-27,2025-06-03,8,옥계현내시장-옥계현내시장,4
2025,42092099,961,강릉-동해상사,True,4201288,남양1리경로당,BIS inventory,True,True,12,11,129.03154436503664,37.58248287177823,0,6,,2,0.0,18.75,2025-05-27,2025-06-03,8,옥계현내시장-옥계현내시장,3
2025,42092099,961,강릉-동해상사,True,4201289,남양1리경로당,BIS inventory,True,True,20,19,129.03162816015924,37.582429974327795,8,0,8,,4.145078,0.0,2025-05-27,2025-06-03,8,옥계현내시장-옥계현내시장,5
2025,42092099,961,강릉-동해상사,True,4201290,버들골,BIS inventory,True,True,13,12,129.02605567209912,37.579297897903295,1,0,13,,0.518135,0.0,2025-05-27,2025-06-03,8,옥계현내시장-옥계현내시장,1
2025,42092099,961,강릉-동해상사,True,4201291,버들골,BIS inventory,True,True,19,18,129.02611729989363,37.57922947953465,1,0,13,,0.518135,0.0,2025-05-27,2025-06-03,8,옥계현내시장-옥계현내시장,1
2025,42092099,961,강릉-동해상사,True,4201292,흑시골,BIS inventory,True,True,14,13,129.023679012477,37.57773843891508,1,0,13,,0.518135,0.0,2025-05-27,2025-06-03,8,옥계현내시장-옥계현내시장,1
2025,42092099,961,강릉-동해상사,True,4201293,흑시골,BIS inventory,True,True,18,17,129.02374105990518,37.577665442657434,1,0,13,,0.518135,0.0,2025-05-27,2025-06-03,8,옥계현내시장-옥계현내시장,1
2025,42092099,961,강릉-동해상사,True,4201294,남양2리교,BIS inventory,True,True,15,14,129.01479874463647,37.571994595503725,1,0,13,,0.518135,0.0,2025-05-27,2025-06-03,8,옥계현내시장-옥계현내시장,1
2025,42092099,961,강릉-동해상사,True,4201295,남양2리교,BIS inventory,True,True,17,16,129.01486079643942,37.57192160373686,12,0,4,,6.217617,0.0,2025-05-27,2025-06-03,8,옥계현내시장-옥계현내시장,6
2025,42092099,961,강릉-동해상사,True,4201296,남양2리경로당,BIS inventory,True,True,16,15,129.012950139964,37.56658372788056,16,0,3,,8.290155,0.0,2025-05-27,2025-06-03,8,옥계현내시장-옥계현내시장,7
2025,42092099,961,강릉-동해상사,True,4202012,현내1리연탄직매장,BIS inventory,True,True,2,1,129.03280124237224,37.6062049238953,2,0,12,,1.036269,0.0,2025-05-27,2025-06-03,8,옥계현내시장-옥계현내시장,2
2025,42092099,961,강릉-동해상사,True,4202022,옥계현내시장,BIS inventory,True,True,24,23,129.03523947374634,37.60889735545031,3,23,11,1,1.554404,71.875,2025-05-27,2025-06-03,8,옥계현내시장-옥계현내시장,8
2025,42092099,961,강릉-동해상사,True,4202032,옥계현내시장,BIS inventory,True,True,1,0,129.03512810350702,37.608949806593664,86,2,1,3,44.559585,6.25,2025-05-27,2025-06-03,8,옥계현내시장-옥계현내시장,8
2025,42092100,962,강릉-동해상사,True,4201308,현내교,BIS inventory,True,True,4,3,129.02929130812174,37.60128987598838,1,0,12,,0.961538,0.0,2025-05-27,2025-06-03,8,옥계현내시장-옥계현내시장,1
2025,42092100,962,강릉-동해상사,True,4201311,설암마을,BIS inventory,True,True,23,22,128.9983494117808,37.59541501641899,2,0,7,,1.923077,0.0,2025-05-27,2025-06-03,8,옥계현내시장-옥계현내시장,2
2025,42092100,962,강릉-동해상사,True,4201313,음촌,BIS inventory,True,True,22,21,128.99426321534403,37.590067749479466,3,0,5,,2.884615,0.0,2025-05-27,2025-06-03,8,옥계현내시장-옥계현내시장,2
2025,42092100,962,강릉-동해상사,True,4201315,하반암,BIS inventory,True,True,21,20,128.98110553425494,37.584185619903295,3,0,5,,2.884615,0.0,2025-05-27,2025-06-03,8,옥계현내시장-옥계현내시장,3
2025,42092100,962,강릉-동해상사,True,4201317,상반암,BIS inventory,True,True,20,19,128.97555145054721,37.581507187334616,2,0,7,,1.923077,0.0,2025-05-27,2025-06-03,8,옥계현내시장-옥계현내시장,2
2025,42092100,962,강릉-동해상사,True,4201318,상반암2교,BIS inventory,True,True,9,8,128.97515057257976,37.579938893006116,0,1,,4,0.0,5.263158,2025-05-27,2025-06-03,8,옥계현내시장-옥계현내시장,1
2025,42092100,962,강릉-동해상사,True,4201319,상반암2교,BIS inventory,True,True,19,18,128.97526025138177,37.580104674041834,2,0,7,,1.923077,0.0,2025-05-27,2025-06-03,8,옥계현내시장-옥계현내시장,2
2025,42092100,962,강릉-동해상사,True,4201321,산계2리,BIS inventory,True,True,18,17,128.97229539203417,37.57962245004452,4,0,3,,3.846154,0.0,2025-05-27,2025-06-03,8,옥계현내시장-옥계현내시장,3
2025,42092100,962,강릉-동해상사,True,4201323,비상거리,BIS inventory,True,True,17,16,128.96147017456914,37.57419041505788,2,0,7,,1.923077,0.0,2025-05-27,2025-06-03,8,옥계현내시장-옥계현내시장,2
2025,42092100,962,강릉-동해상사,True,4201325,황기골,BIS inventory,True,True,16,15,128.9570289624241,37.57336816682693,4,0,3,,3.846154,0.0,2025-05-27,2025-06-03,8,옥계현내시장-옥계현내시장,4
2025,42092100,962,강릉-동해상사,True,4201328,산계리종점,BIS inventory,True,True,14,13,128.9460355736469,37.57495852194761,37,6,2,2,35.576923,31.578947,2025-05-27,2025-06-03,8,옥계현내시장-옥계현내시장,8
2025,42092100,962,강릉-동해상사,True,4202002,현내1리연탄직매장,BIS inventory,True,True,26,25,129.03293193002432,37.60609468782852,0,2,,3,0.0,10.526316,2025-05-27,2025-06-03,8,옥계현내시장-옥계현내시장,2
2025,42092100,962,강릉-동해상사,True,4202012,현내1리연탄직매장,BIS inventory,True,True,2,1,129.03280124237224,37.6062049238953,2,0,7,,1.923077,0.0,2025-05-27,2025-06-03,8,옥계현내시장-옥계현내시장,2
2025,42092100,962,강릉-동해상사,True,4202022,옥계현내시장,BIS inventory,True,True,27,26,129.03523947374634,37.60889735545031,0,9,,1,0.0,47.368421,2025-05-27,2025-06-03,8,옥계현내시장-옥계현내시장,6
2025,42092100,962,강릉-동해상사,True,4202032,옥계현내시장,BIS inventory,True,True,1,0,129.03512810350702,37.608949806593664,42,1,1,4,40.384615,5.263158,2025-05-27,2025-06-03,8,옥계현내시장-옥계현내시장,7
2025,42092101,963,강릉-동해상사,True,4201105,농협주유소,BIS inventory,True,True,3,2,129.03818611643504,37.61343914150935,1,0,12,,0.757576,0.0,2025-05-27,2025-06-03,8,옥계현내시장-옥계현내시장,1
2025,42092101,963,강릉-동해상사,True,4201355,양지말상,BIS inventory,True,True,27,26,129.02549637985018,37.62023673439294,3,0,9,,2.272727,0.0,2025-05-27,2025-06-03,8,옥계현내시장-옥계현내시장,3
2025,42092101,963,강릉-동해상사,True,4201357,양지마을,BIS inventory,True,True,26,25,129.0219835892014,37.61975733717636,14,0,2,,10.606061,0.0,2025-05-27,2025-06-03,8,옥계현내시장-옥계현내시장,6
2025,42092101,963,강릉-동해상사,True,4201359,몽탕골,BIS inventory,True,True,25,24,129.01872766257262,37.61915302416518,6,0,7,,4.545455,0.0,2025-05-27,2025-06-03,8,옥계현내시장-옥계현내시장,6
2025,42092101,963,강릉-동해상사,True,4201361,샘골,BIS inventory,True,True,24,23,129.0091899817426,37.61916886212585,1,0,12,,0.757576,0.0,2025-05-27,2025-06-03,8,옥계현내시장-옥계현내시장,1
2025,42092101,963,강릉-동해상사,True,4201362,옹기마을,BIS inventory,True,True,11,10,129.0036684835799,37.617059917346076,1,0,12,,0.757576,0.0,2025-05-27,2025-06-03,8,옥계현내시장-옥계현내시장,1
2025,42092101,963,강릉-동해상사,True,4201363,옹기마을,BIS inventory,True,True,23,22,129.00369924320785,37.616995401978194,7,0,6,,5.30303,0.0,2025-05-27,2025-06-03,8,옥계현내시장-옥계현내시장,6
2025,42092101,963,강릉-동해상사,True,4201364,북동리회관,BIS inventory,True,True,22,21,128.99203781944024,37.61727491738219,11,0,4,,8.333333,0.0,2025-05-27,2025-06-03,8,옥계현내시장-옥계현내시장,6
2025,42092101,963,강릉-동해상사,True,4201366,옥계저수지,BIS inventory,True,True,13,12,128.9806745254139,37.62197726022537,1,1,12,3,0.757576,4.166667,2025-05-27,2025-06-03,8,옥계현내시장-옥계현내시장,1
2025,42092101,963,강릉-동해상사,True,4201367,옥계저수지,BIS inventory,True,True,17,16,128.98049757084706,37.62195561397405,3,0,9,,2.272727,0.0,2025-05-27,2025-06-03,8,옥계현내시장-옥계현내시장,2
2025,42092101,963,강릉-동해상사,True,4201369,삼밭골,BIS inventory,True,True,14,13,128.97299344360636,37.62595039665499,3,0,9,,2.272727,0.0,2025-05-27,2025-06-03,8,옥계현내시장-옥계현내시장,2
2025,42092101,963,강릉-동해상사,True,4201370,삼밭골,BIS inventory,True,True,16,15,128.97299626468876,37.625881433054694,12,0,3,,9.090909,0.0,2025-05-27,2025-06-03,8,옥계현내시장-옥계현내시장,6
2025,42092101,963,강릉-동해상사,True,4201371,기스목이골,BIS inventory,True,True,15,14,128.9690415480403,37.6284779460996,8,0,5,,6.060606,0.0,2025-05-27,2025-06-03,8,옥계현내시장-옥계현내시장,6
2025,42092101,963,강릉-동해상사,True,4201374,북동리종점,BIS inventory,True,True,19,18,128.97206281726505,37.61168685078856,6,0,7,,4.545455,0.0,2025-05-27,2025-06-03,8,옥계현내시장-옥계현내시장,4
2025,42092101,963,강릉-동해상사,True,4202022,옥계현내시장,BIS inventory,True,True,1,0,129.03523947374634,37.60889735545031,54,3,1,2,40.909091,12.5,2025-05-27,2025-06-03,8,옥계현내시장-옥계현내시장,8
2025,42092101,963,강릉-동해상사,True,4202032,옥계현내시장,BIS inventory,True,True,32,31,129.03512810350702,37.608949806593664,1,20,12,1,0.757576,83.333333,2025-05-27,2025-06-03,8,옥계현내시장-옥계현내시장,7
2025,42092102,964,강릉-동해상사,True,4201105,농협주유소,BIS inventory,True,True,3,2,129.03818611643504,37.61343914150935,1,0,9,,0.862069,0.0,2025-05-27,2025-06-03,8,옥계현내시장-옥계현내시장,1
2025,42092102,964,강릉-동해상사,True,4201107,금진해양파출소,BIS inventory,True,True,11,10,129.04894882127985,37.652089382747484,14,2,3,3,12.068966,6.451613,2025-05-27,2025-06-03,8,옥계현내시장-옥계현내시장,4
2025,42092102,964,강릉-동해상사,True,4201340,낙풍교,BIS inventory,True,True,17,16,129.03370052447866,37.6252600803972,3,1,6,5,2.586207,3.225806,2025-05-27,2025-06-03,8,옥계현내시장-옥계현내시장,4
2025,42092102,964,강릉-동해상사,True,4201342,금진초교,BIS inventory,True,True,7,6,129.04347549729948,37.63336468757593,2,0,7,,1.724138,0.0,2025-05-27,2025-06-03,8,옥계현내시장-옥계현내시장,2
2025,42092102,964,강릉-동해상사,True,4201343,금진초교,BIS inventory,True,True,15,14,129.04343902328037,37.63345845978064,2,0,7,,1.724138,0.0,2025-05-27,2025-06-03,8,옥계현내시장-옥계현내시장,2
2025,42092102,964,강릉-동해상사,True,4201344,금진2리마을회관,BIS inventory,True,True,10,9,129.0433695932886,37.64179516691084,0,2,,3,0.0,6.451613,2025-05-27,2025-06-03,8,옥계현내시장-옥계현내시장,2
2025,42092102,964,강릉-동해상사,True,4201345,금진2리마을회관,BIS inventory,True,True,12,11,129.04327917048357,37.641779891088895,13,0,5,,11.206897,0.0,2025-05-27,2025-06-03,8,옥계현내시장-옥계현내시장,6
2025,42092102,964,강릉-동해상사,True,4201348,금진해변,BIS inventory,True,True,13,12,129.04365646301486,37.63903832962265,20,0,2,,17.241379,0.0,2025-05-27,2025-06-03,8,옥계현내시장-옥계현내시장,7
2025,42092102,964,강릉-동해상사,True,4201349,해수리튬연구센터,BIS inventory,True,True,14,13,129.04470822782702,37.636135770169766,14,0,3,,12.068966,0.0,2025-05-27,2025-06-03,8,옥계현내시장-옥계현내시장,7
2025,42092102,964,강릉-동해상사,True,4202022,옥계현내시장,BIS inventory,True,True,1,0,129.03523947374634,37.60889735545031,47,1,1,5,40.517241,3.225806,2025-05-27,2025-06-03,8,옥계현내시장-옥계현내시장,7
2025,42092102,964,강릉-동해상사,True,4202032,옥계현내시장,BIS inventory,True,True,20,19,129.03512810350702,37.608949806593664,0,21,,1,0.0,67.741935,2025-05-27,2025-06-03,8,옥계현내시장-옥계현내시장,8
2025,42092102,964,강릉-동해상사,True,4202052,옥계면사무소,BIS inventory,True,True,19,18,129.03863134955023,37.61234830848836,0,4,,2,0.0,12.903226,2025-05-27,2025-06-03,8,옥계현내시장-옥계현내시장,4
2025,42092103,,,False,4200081,강일여고정문,BIS inventory,True,False,,21,128.88831689919587,37.76415997041872,0,1,,2,0.0,14.285714,2025-05-27,2025-06-03,8,강릉역건너편-강릉역건너편,1
2025,42092103,,,False,4200118,터미널오거리,BIS inventory,True,False,,8,128.8840640923818,37.75608209292866,1,0,5,,1.960784,0.0,2025-05-27,2025-06-03,8,강릉역건너편-강릉역건너편,1
2025,42092103,,,False,4200120,강릉시외.고속터미널,BIS inventory,True,False,,9,128.8792265208128,37.75505492071011,1,0,5,,1.960784,0.0,2025-05-27,2025-06-03,8,강릉역건너편-강릉역건너편,1
2025,42092103,,,False,4200250,용강동서부시장,BIS inventory,True,False,,5,128.89174828581776,37.7556582744871,1,0,5,,1.960784,0.0,2025-05-27,2025-06-03,8,강릉역건너편-강릉역건너편,1
2025,42092103,,,False,4200293,강릉역건너편,BIS inventory,True,False,,23,128.8990669694857,37.76400772021464,5,6,3,1,9.803922,85.714286,2025-05-27,2025-06-03,8,강릉역건너편-강릉역건너편,5
2025,42092103,,,False,4200401,강릉복합복지체육센터,BIS inventory,True,False,,15,128.87017698555522,37.76290354322161,5,0,3,,9.803922,0.0,2025-05-27,2025-06-03,8,강릉역건너편-강릉역건너편,5
2025,42092103,,,False,4200543,미디어촌5단지,BIS inventory,True,False,,11,128.86758571434657,37.753701754139904,21,0,1,,41.176471,0.0,2025-05-27,2025-06-03,8,강릉역건너편-강릉역건너편,5
2025,42092103,,,False,4201042,강원대학교입구,BIS inventory,True,False,,18,128.87494102107277,37.7696221436885,1,0,5,,1.960784,0.0,2025-05-27,2025-06-03,8,강릉역건너편-강릉역건너편,1
2025,42092103,,,False,4201249,선수촌8단지,BIS inventory,True,False,,14,128.87029355520082,37.76060110592661,16,0,2,,31.372549,0.0,2025-05-27,2025-06-03,8,강릉역건너편-강릉역건너편,5
2025,42092105,931,강릉-동해상사,True,4200008,하평리,BIS inventory,True,True,11,10,128.87213896973955,37.836286638716444,10,0,5,,5.747126,0.0,2025-05-27,2025-06-03,8,경포해변-사기막,5
2025,42092105,931,강릉-동해상사,True,4200140,사기막,BIS inventory,True,True,36,35,128.80639533289897,37.79268220157816,2,0,14,,1.149425,0.0,2025-05-27,2025-06-03,8,경포해변-사기막,1
2025,42092105,931,강릉-동해상사,True,4200142,사기막마을회관,BIS inventory,True,True,35,34,128.8109379000351,37.79306001321451,0,1,,11,0.0,1.176471,2025-05-27,2025-06-03,8,경포해변-사기막,1
2025,42092105,931,강릉-동해상사,True,4200148,노동3리,BIS inventory,True,True,31,30,128.8256207085255,37.79927586550659,0,1,,11,0.0,1.176471,2025-05-27,2025-06-03,8,경포해변-사기막,1
2025,42092105,931,강릉-동해상사,True,4200150,노동리,BIS inventory,True,True,30,29,128.82882389300474,37.80095549884616,0,3,,3,0.0,3.529412,2025-05-27,2025-06-03,8,경포해변-사기막,3
2025,42092105,931,강릉-동해상사,True,4200152,연변,BIS inventory,True,True,28,27,128.83155522186766,37.80584297639379,1,1,15,11,0.574713,1.176471,2025-05-27,2025-06-03,8,경포해변-사기막,2
2025,42092105,931,강릉-동해상사,True,4200158,한과마을,BIS inventory,True,True,26,25,128.8351667630484,37.81469760511987,0,2,,6,0.0,2.352941,2025-05-27,2025-06-03,8,경포해변-사기막,2
2025,42092105,931,강릉-동해상사,True,4200160,노동회관,BIS inventory,True,True,25,24,128.8379192525419,37.818202495776156,0,3,,3,0.0,3.529412,2025-05-27,2025-06-03,8,경포해변-사기막,3
2025,42092105,931,강릉-동해상사,True,4200162,노동하리.우리정미소,BIS inventory,True,True,24,23,128.84138542146533,37.82227295047229,1,1,15,11,0.574713,1.176471,2025-05-27,2025-06-03,8,경포해변-사기막,2
2025,42092105,931,강릉-동해상사,True,4200164,갈골한과,BIS inventory,True,True,23,22,128.84368704633178,37.82462303691711,0,2,,6,0.0,2.352941,2025-05-27,2025-06-03,8,경포해변-사기막,2
2025,42092105,931,강릉-동해상사,True,4200165,사천중학교,BIS inventory,True,True,22,21,128.84662013233944,37.82677848556301,10,0,5,,5.747126,0.0,2025-05-27,2025-06-03,8,경포해변-사기막,5
2025,42092105,931,강릉-동해상사,True,4200220,모래내행복센터,BIS inventory,True,True,17,16,128.84888855200666,37.82654759560158,1,43,15,1,0.574713,50.588235,2025-05-27,2025-06-03,8,경포해변-사기막,8
2025,42092105,931,강릉-동해상사,True,4200221,모래내행복센터,BIS inventory,True,True,21,20,128.84881781800846,37.82675602435266,7,0,8,,4.022989,0.0,2025-05-27,2025-06-03,8,경포해변-사기막,5
2025,42092105,931,강릉-동해상사,True,4200222,사천면사무소,BIS inventory,True,True,20,19,128.84928192865996,37.82385848393331,63,0,1,,36.206897,0.0,2025-05-27,2025-06-03,8,경포해변-사기막,8
2025,42092105,931,강릉-동해상사,True,4200223,사천면사무소,BIS inventory,True,True,18,17,128.84914337332015,37.8229406699122,1,16,15,2,0.574713,18.823529,2025-05-27,2025-06-03,8,경포해변-사기막,7
2025,42092105,931,강릉-동해상사,True,4200225,북부노인대학,BIS inventory,True,True,19,18,128.85083641112433,37.82016343083045,3,2,9,6,1.724138,2.352941,2025-05-27,2025-06-03,8,경포해변-사기막,3
2025,42092105,931,강릉-동해상사,True,4200389,판교리,BIS inventory,True,True,13,12,128.8629774027657,37.834258791663885,3,0,9,,1.724138,0.0,2025-05-27,2025-06-03,8,경포해변-사기막,3
2025,42092105,931,강릉-동해상사,True,4200390,운양초교,BIS inventory,True,True,14,13,128.85999131659992,37.833521248123965,3,0,9,,1.724138,0.0,2025-05-27,2025-06-03,8,경포해변-사기막,2
2025,42092105,931,강릉-동해상사,True,4200436,순긋해변,BIS inventory,True,True,3,2,128.89252003394913,37.81667547893821,1,1,15,11,0.574713,1.176471,2025-05-27,2025-06-03,8,경포해변-사기막,1
2025,42092105,931,강릉-동해상사,True,4200438,순포해변,BIS inventory,True,True,4,3,128.8909555032514,37.81845994015455,0,1,,11,0.0,1.176471,2025-05-27,2025-06-03,8,경포해변-사기막,1
2025,42092105,931,강릉-동해상사,True,4200440,산대월리.순포,BIS inventory,True,True,5,4,128.88547702493108,37.822903011074914,3,0,9,,1.724138,0.0,2025-05-27,2025-06-03,8,경포해변-사기막,2
2025,42092105,931,강릉-동해상사,True,4200442,사천해변,BIS inventory,True,True,7,6,128.87869491904522,37.828713817312966,3,0,9,,1.724138,0.0,2025-05-27,2025-06-03,8,경포해변-사기막,2
2025,42092105,931,강릉-동해상사,True,4200447,사천물회거리,BIS inventory,True,True,9,8,128.8757309061334,37.83810545841113,16,3,3,3,9.195402,3.529412,2025-05-27,2025-06-03,8,경포해변-사기막,7
2025,42092105,931,강릉-동해상사,True,4201238,사천진리,BIS inventory,True,True,10,9,128.87339689589916,37.83812340174815,14,2,4,6,8.045977,2.352941,2025-05-27,2025-06-03,8,경포해변-사기막,7
2025,42092105,931,강릉-동해상사,True,4201242,경포해변,BIS inventory,True,True,1,0,128.9052529004403,37.80440358093674,23,2,2,6,13.218391,2.352941,2025-05-27,2025-06-03,8,경포해변-사기막,8
2025,42092105,931,강릉-동해상사,True,4201415,노동상리경로당,BIS inventory,True,True,29,28,128.82974913139455,37.80349598363215,0,1,,11,0.0,1.176471,2025-05-27,2025-06-03,8,경포해변-사기막,1
2025,42092105,931,강릉-동해상사,True,4202153,운양초등학교,BIS inventory,True,True,15,14,128.8590953489884,37.83649095483332,9,0,7,,5.172414,0.0,2025-05-27,2025-06-03,8,경포해변-사기막,6
2025,42092106,932,강릉-동해상사,True,4200139,석교2리마을회관,BIS inventory,True,True,6,5,128.82066862382376,37.842307094394954,6,0,1,,60.0,0.0,2025-05-27,2025-06-03,8,사천면사무소-사천면사무소,3
2025,42092106,932,강릉-동해상사,True,4200220,모래내행복센터,BIS inventory,True,True,8,7,128.84888855200666,37.82654759560158,0,4,,1,0.0,66.666667,2025-05-27,2025-06-03,8,사천면사무소-사천면사무소,2
2025,42092106,932,강릉-동해상사,True,4200221,모래내행복센터,BIS inventory,True,True,2,1,128.84881781800846,37.82675602435266,1,0,3,,10.0,0.0,2025-05-27,2025-06-03,8,사천면사무소-사천면사무소,1
2025,42092106,932,강릉-동해상사,True,4200222,사천면사무소,BIS inventory,True,True,1,0,128.84928192865996,37.82385848393331,3,0,2,,30.0,0.0,2025-05-27,2025-06-03,8,사천면사무소-사천면사무소,3
2025,42092106,932,강릉-동해상사,True,4200223,사천면사무소,BIS inventory,True,True,9,8,128.84914337332015,37.8229406699122,0,2,,2,0.0,33.333333,2025-05-27,2025-06-03,8,사천면사무소-사천면사무소,1
2025,42092107,921,강릉-동해상사,True,4200175,퇴곡,BIS inventory,True,True,52,49,128.75248295369062,37.85110547320165,1,0,17,,0.515464,0.0,2025-05-27,2025-06-03,8,연곡면사무소-연곡면사무소,1
2025,42092107,921,강릉-동해상사,True,4200177,행정2리신촌마을,BIS inventory,True,True,16,14,128.7785874984292,37.85062890818297,0,1,,10,0.0,0.961538,2025-05-27,2025-06-03,8,연곡면사무소-연곡면사무소,1
2025,42092107,921,강릉-동해상사,True,4200179,산림조합,BIS inventory,True,True,65,62,128.81641190280698,37.85471554225067,3,0,11,,1.546392,0.0,2025-05-27,2025-06-03,8,연곡면사무소-연곡면사무소,1
2025,42092107,921,강릉-동해상사,True,4200295,산림조합,BIS inventory,True,True,7,5,128.81634583702206,37.85478178935546,2,0,16,,1.030928,0.0,2025-05-27,2025-06-03,8,연곡면사무소-연곡면사무소,1
2025,42092107,921,강릉-동해상사,True,4200326,현덕사입구,BIS inventory,True,True,48,45,128.71038523685135,37.84696339414248,3,0,11,,1.546392,0.0,2025-05-27,2025-06-03,8,연곡면사무소-연곡면사무소,3
2025,42092107,921,강릉-동해상사,True,4200327,소금강산돌박물관,BIS inventory,True,True,50,47,128.72545746023172,37.848484193808346,11,0,3,,5.670103,0.0,2025-05-27,2025-06-03,8,연곡면사무소-연곡면사무소,6
2025,42092107,921,강릉-동해상사,True,4200328,삼산분소,BIS inventory,True,True,22,20,128.72806310762525,37.8484167632985,0,1,,10,0.0,0.961538,2025-05-27,2025-06-03,8,연곡면사무소-연곡면사무소,1
2025,42092107,921,강릉-동해상사,True,4200329,퇴곡1리경로당,BIS inventory,True,True,51,48,128.74128473074444,37.849334595953835,1,0,17,,0.515464,0.0,2025-05-27,2025-06-03,8,연곡면사무소-연곡면사무소,1
2025,42092107,921,강릉-동해상사,True,4200330,퇴곡1리경로당,BIS inventory,True,True,21,19,128.7415928535256,37.84950756791581,0,10,,2,0.0,9.615385,2025-05-27,2025-06-03,8,연곡면사무소-연곡면사무소,6
2025,42092107,921,강릉-동해상사,True,4200331,유등.백운사입구,BIS inventory,True,True,53,50,128.75900654206438,37.850462767351864,3,0,11,,1.546392,0.0,2025-05-27,2025-06-03,8,연곡면사무소-연곡면사무소,2
2025,42092107,921,강릉-동해상사,True,4200332,유등.백운사입구,BIS inventory,True,True,19,17,128.75795827699417,37.850487600912274,3,0,11,,1.546392,0.0,2025-05-27,2025-06-03,8,연곡면사무소-연곡면사무소,2
2025,42092107,921,강릉-동해상사,True,4200336,버들교,BIS inventory,True,True,55,52,128.77473855753414,37.850247080571705,4,0,9,,2.061856,0.0,2025-05-27,2025-06-03,8,연곡면사무소-연곡면사무소,3
2025,42092107,921,강릉-동해상사,True,4200337,소금강산체험학습장,BIS inventory,True,True,58,55,128.78576790854493,37.85169587352382,5,0,6,,2.57732,0.0,2025-05-27,2025-06-03,8,연곡면사무소-연곡면사무소,5
2025,42092107,921,강릉-동해상사,True,4200338,행정2리마을회관,BIS inventory,True,True,15,13,128.783920231759,37.85143615617747,0,2,,7,0.0,1.923077,2025-05-27,2025-06-03,8,연곡면사무소-연곡면사무소,2
2025,42092107,921,강릉-동해상사,True,4200339,신왕초등학교,BIS inventory,True,True,59,56,128.78962228209244,37.85282870829282,1,0,17,,0.515464,0.0,2025-05-27,2025-06-03,8,연곡면사무소-연곡면사무소,1
2025,42092107,921,강릉-동해상사,True,4200341,행정,BIS inventory,True,True,12,10,128.7939888659289,37.852922738954625,0,2,,7,0.0,1.923077,2025-05-27,2025-06-03,8,연곡면사무소-연곡면사무소,2
2025,42092107,921,강릉-동해상사,True,4200344,송림2리경로당,BIS inventory,True,True,62,59,128.807966000434,37.85197372236723,7,1,4,10,3.608247,0.961538,2025-05-27,2025-06-03,8,연곡면사무소-연곡면사무소,6
2025,42092107,921,강릉-동해상사,True,4200346,송림2리,BIS inventory,True,True,9,7,128.8099436136846,37.853407423711076,0,1,,10,0.0,0.961538,2025-05-27,2025-06-03,8,연곡면사무소-연곡면사무소,1
2025,42092107,921,강릉-동해상사,True,4200347,송림2리,BIS inventory,True,True,63,60,128.81062888375345,37.853558399575036,3,0,11,,1.546392,0.0,2025-05-27,2025-06-03,8,연곡면사무소-연곡면사무소,3
2025,42092107,921,강릉-동해상사,True,4200349,연곡취수장입구,BIS inventory,True,True,8,6,128.8134029222452,37.854479588535305,0,1,,10,0.0,0.961538,2025-05-27,2025-06-03,8,연곡면사무소-연곡면사무소,1
2025,42092107,921,강릉-동해상사,True,4200352,연곡초교,BIS inventory,True,True,68,65,128.82816906723454,37.856817110094816,0,6,,4,0.0,5.769231,2025-05-27,2025-06-03,8,연곡면사무소-연곡면사무소,5
2025,42092107,921,강릉-동해상사,True,4200353,연곡초교,BIS inventory,True,True,4,2,128.82814655157526,37.8569020930201,0,1,,10,0.0,0.961538,2025-05-27,2025-06-03,8,연곡면사무소-연곡면사무소,1
2025,42092107,921,강릉-동해상사,True,4200354,연곡면사무소,BIS inventory,True,True,1 | 70,66,128.83726140830402,37.85982528703765,109,58,1,1,56.185567,55.769231,2025-05-27,2025-06-03,8,연곡면사무소-연곡면사무소,8
2025,42092107,921,강릉-동해상사,True,4200399,송천종점,BIS inventory,True,True,37,34,128.63433752494774,37.82213931034025,17,1,2,10,8.762887,0.961538,2025-05-27,2025-06-03,8,연곡면사무소-연곡면사무소,6
2025,42092107,921,강릉-동해상사,True,4200405,송천,BIS inventory,True,True,36,33,128.64294987987037,37.832536995608294,0,1,,10,0.0,0.961538,2025-05-27,2025-06-03,8,연곡면사무소-연곡면사무소,1
2025,42092107,921,강릉-동해상사,True,4200412,진고개휴게소,BIS inventory,True,True,42,39,128.65865259925027,37.84288643809636,5,0,6,,2.57732,0.0,2025-05-27,2025-06-03,8,연곡면사무소-연곡면사무소,4
2025,42092107,921,강릉-동해상사,True,4200417,궁궁소,BIS inventory,True,True,31,28,128.67164304000795,37.843611675479615,0,3,,5,0.0,2.884615,2025-05-27,2025-06-03,8,연곡면사무소-연곡면사무소,1
2025,42092107,921,강릉-동해상사,True,4200422,성원사입구,BIS inventory,True,True,43,40,128.6867712693139,37.847205451671535,6,0,5,,3.092784,0.0,2025-05-27,2025-06-03,8,연곡면사무소-연곡면사무소,4
2025,42092107,921,강릉-동해상사,True,4200423,성원사입구,BIS inventory,True,True,30,27,128.68646040632865,37.84726485901322,1,8,17,3,0.515464,7.692308,2025-05-27,2025-06-03,8,연곡면사무소-연곡면사무소,6
2025,42092107,921,강릉-동해상사,True,4200426,삼산보건진료소,BIS inventory,True,True,45,42,128.69992094735875,37.846599335592536,4,0,9,,2.061856,0.0,2025-05-27,2025-06-03,8,연곡면사무소-연곡면사무소,3
2025,42092107,921,강릉-동해상사,True,4200427,삼산보건진료소,BIS inventory,True,True,28,25,128.6999017867484,37.84667116560819,0,3,,5,0.0,2.884615,2025-05-27,2025-06-03,8,연곡면사무소-연곡면사무소,2
2025,42092107,921,강릉-동해상사,True,4200428,소금강산삼거리,BIS inventory,True,True,47,44,128.70675214581883,37.84674771999477,5,0,6,,2.57732,0.0,2025-05-27,2025-06-03,8,연곡면사무소-연곡면사무소,3
2025,42092107,921,강릉-동해상사,True,4200510,송림길,BIS inventory,True,True,67,64,128.8252555621319,37.855656749226185,0,1,,10,0.0,0.961538,2025-05-27,2025-06-03,8,연곡면사무소-연곡면사무소,1
2025,42092107,921,강릉-동해상사,True,4200516,삼산,BIS inventory,True,True,29,26,128.6925944995912,37.847189566163216,0,2,,7,0.0,1.923077,2025-05-27,2025-06-03,8,연곡면사무소-연곡면사무소,1
2025,42092107,921,강릉-동해상사,True,4200526,새이골,BIS inventory,True,True,13,11,128.79025907473746,37.85322227035808,0,1,,10,0.0,0.961538,2025-05-27,2025-06-03,8,연곡면사무소-연곡면사무소,1
2025,42092109,922,강릉-동해상사,True,4200032,퇴곡2리,BIS inventory,True,True,36,33,128.71714904545294,37.84816614353958,1,0,18,,0.636943,0.0,2025-05-27,2025-06-03,8,연곡면사무소-연곡면사무소,1
2025,42092109,922,강릉-동해상사,True,4200166,소금강산,BIS inventory,True,True,31,28,128.7124812586759,37.82175517040325,3,0,6,,1.910828,0.0,2025-05-27,2025-06-03,8,연곡면사무소-연곡면사무소,2
2025,42092109,922,강릉-동해상사,True,4200167,소금강산,BIS inventory,True,True,29,26,128.71230365715414,37.82166854276753,3,0,6,,1.910828,0.0,2025-05-27,2025-06-03,8,연곡면사무소-연곡면사무소,3
2025,42092109,922,강릉-동해상사,True,4200168,소금강산분교,BIS inventory,True,True,32,29,128.710000116687,37.83125700946602,5,0,4,,3.184713,0.0,2025-05-27,2025-06-03,8,연곡면사무소-연곡면사무소,3
2025,42092109,922,강릉-동해상사,True,4200169,소금강산분교,BIS inventory,True,True,28,25,128.70996109009303,37.83105237281379,0,2,,5,0.0,2.12766,2025-05-27,2025-06-03,8,연곡면사무소-연곡면사무소,2
2025,42092109,922,강릉-동해상사,True,4200170,삼산1리,BIS inventory,True,True,33,30,128.70464319375566,37.845506729172776,4,2,5,5,2.547771,2.12766,2025-05-27,2025-06-03,8,연곡면사무소-연곡면사무소,4
2025,42092109,922,강릉-동해상사,True,4200171,삼산1리,BIS inventory,True,True,27,24,128.7047914618132,37.84575283130434,0,7,,2,0.0,7.446809,2025-05-27,2025-06-03,8,연곡면사무소-연곡면사무소,5
2025,42092109,922,강릉-동해상사,True,4200179,산림조합,BIS inventory,True,True,52,49,128.81641190280698,37.85471554225067,2,0,13,,1.273885,0.0,2025-05-27,2025-06-03,8,연곡면사무소-연곡면사무소,2
2025,42092109,922,강릉-동해상사,True,4200327,소금강산돌박물관,BIS inventory,True,True,37,34,128.72545746023172,37.848484193808346,3,0,6,,1.910828,0.0,2025-05-27,2025-06-03,8,연곡면사무소-연곡면사무소,2
2025,42092109,922,강릉-동해상사,True,4200328,삼산분소,BIS inventory,True,True,22,20,128.72806310762525,37.8484167632985,0,5,,4,0.0,5.319149,2025-05-27,2025-06-03,8,연곡면사무소-연곡면사무소,4
2025,42092109,922,강릉-동해상사,True,4200329,퇴곡1리경로당,BIS inventory,True,True,38,35,128.74128473074444,37.849334595953835,3,0,6,,1.910828,0.0,2025-05-27,2025-06-03,8,연곡면사무소-연곡면사무소,3
2025,42092109,922,강릉-동해상사,True,4200330,퇴곡1리경로당,BIS inventory,True,True,21,19,128.7415928535256,37.84950756791581,1,2,18,5,0.636943,2.12766,2025-05-27,2025-06-03,8,연곡면사무소-연곡면사무소,3
2025,42092109,922,강릉-동해상사,True,4200331,유등.백운사입구,BIS inventory,True,True,40,37,128.75900654206438,37.850462767351864,2,0,13,,1.273885,0.0,2025-05-27,2025-06-03,8,연곡면사무소-연곡면사무소,2
2025,42092109,922,강릉-동해상사,True,4200336,버들교,BIS inventory,True,True,42,39,128.77473855753414,37.850247080571705,3,0,6,,1.910828,0.0,2025-05-27,2025-06-03,8,연곡면사무소-연곡면사무소,1
2025,42092109,922,강릉-동해상사,True,4200337,소금강산체험학습장,BIS inventory,True,True,45,42,128.78576790854493,37.85169587352382,1,1,18,8,0.636943,1.06383,2025-05-27,2025-06-03,8,연곡면사무소-연곡면사무소,2
2025,42092109,922,강릉-동해상사,True,4200340,행정,BIS inventory,True,True,47,44,128.79244492389662,37.85304272496013,3,0,6,,1.910828,0.0,2025-05-27,2025-06-03,8,연곡면사무소-연곡면사무소,3
2025,42092109,922,강릉-동해상사,True,4200341,행정,BIS inventory,True,True,12,10,128.7939888659289,37.852922738954625,0,1,,8,0.0,1.06383,2025-05-27,2025-06-03,8,연곡면사무소-연곡면사무소,1
2025,42092109,922,강릉-동해상사,True,4200343,동양시멘트입구,BIS inventory,True,True,11,9,128.80439889049126,37.850687991240484,0,1,,8,0.0,1.06383,2025-05-27,2025-06-03,8,연곡면사무소-연곡면사무소,1
2025,42092109,922,강릉-동해상사,True,4200344,송림2리경로당,BIS inventory,True,True,49,46,128.807966000434,37.85197372236723,3,0,6,,1.910828,0.0,2025-05-27,2025-06-03,8,연곡면사무소-연곡면사무소,3
2025,42092109,922,강릉-동해상사,True,4200347,송림2리,BIS inventory,True,True,50,47,128.81062888375345,37.853558399575036,1,0,18,,0.636943,0.0,2025-05-27,2025-06-03,8,연곡면사무소-연곡면사무소,1
2025,42092109,922,강릉-동해상사,True,4200348,연곡취수장입구,BIS inventory,True,True,51,48,128.81321638321742,37.85436534997662,2,0,13,,1.273885,0.0,2025-05-27,2025-06-03,8,연곡면사무소-연곡면사무소,2
2025,42092109,922,강릉-동해상사,True,4200350,송림,BIS inventory,True,True,53,50,128.8201619228096,37.85539548451919,2,0,13,,1.273885,0.0,2025-05-27,2025-06-03,8,연곡면사무소-연곡면사무소,2
2025,42092109,922,강릉-동해상사,True,4200352,연곡초교,BIS inventory,True,True,55,52,128.82816906723454,37.856817110094816,0,1,,8,0.0,1.06383,2025-05-27,2025-06-03,8,연곡면사무소-연곡면사무소,1
2025,42092109,922,강릉-동해상사,True,4200354,연곡면사무소,BIS inventory,True,True,1 | 57,53,128.83726140830402,37.85982528703765,74,65,1,1,47.133758,69.148936,2025-05-27,2025-06-03,8,연곡면사무소-연곡면사무소,8
2025,42092109,922,강릉-동해상사,True,4200355,연곡면사무소,BIS inventory,True,True,2,1,128.8369030857598,37.8592954872826,6,0,3,,3.821656,0.0,2025-05-27,2025-06-03,8,연곡면사무소-연곡면사무소,4
2025,42092109,922,강릉-동해상사,True,4200419,소금강산종점,BIS inventory,True,True,30,27,128.70783064886766,37.81649025417566,33,7,2,2,21.019108,7.446809,2025-05-27,2025-06-03,8,연곡면사무소-연곡면사무소,8
2025,42092109,922,강릉-동해상사,True,4200428,소금강산삼거리,BIS inventory,True,True,34,31,128.70675214581883,37.84674771999477,2,0,13,,1.273885,0.0,2025-05-27,2025-06-03,8,연곡면사무소-연곡면사무소,2
2025,42092111,931-1,강릉-동해상사,True,4200008,하평리,BIS inventory,True,True,27,26,128.87213896973955,37.836286638716444,2,1,22,7,1.020408,0.806452,2025-05-27,2025-06-03,8,사기막-경포해변,2
2025,42092111,931-1,강릉-동해상사,True,4200140,사기막,BIS inventory,True,True,1,0,128.80639533289897,37.79268220157816,3,0,20,,1.530612,0.0,2025-05-27,2025-06-03,8,사기막-경포해변,3
2025,42092111,931-1,강릉-동해상사,True,4200141,사기막마을회관,BIS inventory,True,True,2,1,128.81090286737634,37.79301923903732,8,0,9,,4.081633,0.0,2025-05-27,2025-06-03,8,사기막-경포해변,6
2025,42092111,931-1,강릉-동해상사,True,4200143,해살이,BIS inventory,True,True,3,2,128.81431621857197,37.79226836473926,4,0,15,,2.040816,0.0,2025-05-27,2025-06-03,8,사기막-경포해변,2
2025,42092111,931-1,강릉-동해상사,True,4200145,강릉면허시험장,BIS inventory,True,True,5,4,128.81940419285692,37.79563172548221,2,0,22,,1.020408,0.0,2025-05-27,2025-06-03,8,사기막-경포해변,1
2025,42092111,931-1,강릉-동해상사,True,4200147,노동3리,BIS inventory,True,True,6,5,128.82566919932256,37.79922359821094,5,0,12,,2.55102,0.0,2025-05-27,2025-06-03,8,사기막-경포해변,5
2025,42092111,931-1,강릉-동해상사,True,4200149,노동리,BIS inventory,True,True,7,6,128.82874179258144,37.80069747027654,8,0,9,,4.081633,0.0,2025-05-27,2025-06-03,8,사기막-경포해변,5
2025,42092111,931-1,강릉-동해상사,True,4200151,연변,BIS inventory,True,True,9,8,128.83161739090895,37.80576988356887,14,0,3,,7.142857,0.0,2025-05-27,2025-06-03,8,사기막-경포해변,7
2025,42092111,931-1,강릉-동해상사,True,4200155,농업기술센터,BIS inventory,True,True,10,9,128.8338261188764,37.81060324304077,5,0,12,,2.55102,0.0,2025-05-27,2025-06-03,8,사기막-경포해변,3
2025,42092111,931-1,강릉-동해상사,True,4200157,한과마을,BIS inventory,True,True,11,10,128.83514950759155,37.81456555427515,7,0,11,,3.571429,0.0,2025-05-27,2025-06-03,8,사기막-경포해변,4
2025,42092111,931-1,강릉-동해상사,True,4200159,노동회관,BIS inventory,True,True,12,11,128.83796621765993,37.818138280477356,15,0,2,,7.653061,0.0,2025-05-27,2025-06-03,8,사기막-경포해변,8
2025,42092111,931-1,강릉-동해상사,True,4200161,노동하리.우리정미소,BIS inventory,True,True,13,12,128.8414822247496,37.82225221697478,1,0,28,,0.510204,0.0,2025-05-27,2025-06-03,8,사기막-경포해변,1
2025,42092111,931-1,강릉-동해상사,True,4200220,모래내행복센터,BIS inventory,True,True,16,15,128.84888855200666,37.82654759560158,5,34,12,2,2.55102,27.419355,2025-05-27,2025-06-03,8,사기막-경포해변,8
2025,42092111,931-1,강릉-동해상사,True,4200221,모래내행복센터,BIS inventory,True,True,19,18,128.84881781800846,37.82675602435266,9,0,8,,4.591837,0.0,2025-05-27,2025-06-03,8,사기막-경포해변,6
2025,42092111,931-1,강릉-동해상사,True,4200222,사천면사무소,BIS inventory,True,True,18,17,128.84928192865996,37.82385848393331,10,0,5,,5.102041,0.0,2025-05-27,2025-06-03,8,사기막-경포해변,7
2025,42092111,931-1,강릉-동해상사,True,4200223,사천면사무소,BIS inventory,True,True,17,16,128.84914337332015,37.8229406699122,38,19,1,3,19.387755,15.322581,2025-05-27,2025-06-03,8,사기막-경포해변,8
2025,42092111,931-1,강릉-동해상사,True,4200294,사천중학교,BIS inventory,True,True,15,14,128.84663312060465,37.82670813694838,2,1,22,7,1.020408,0.806452,2025-05-27,2025-06-03,8,사기막-경포해변,3
2025,42092111,931-1,강릉-동해상사,True,4200369,가둔지유적,BIS inventory,True,True,30,29,128.882153019297,37.82520493756786,2,0,22,,1.020408,0.0,2025-05-27,2025-06-03,8,사기막-경포해변,2
2025,42092111,931-1,강릉-동해상사,True,4200388,미노마을입구,BIS inventory,True,True,23,22,128.86381568177012,37.83417468045317,0,1,,7,0.0,0.806452,2025-05-27,2025-06-03,8,사기막-경포해변,1
2025,42092111,931-1,강릉-동해상사,True,4200435,사근진해변,BIS inventory,True,True,34,33,128.89766129562162,37.81294729745145,4,0,15,,2.040816,0.0,2025-05-27,2025-06-03,8,사기막-경포해변,2
2025,42092111,931-1,강릉-동해상사,True,4200437,순긋해변,BIS inventory,True,True,33,32,128.89288352206873,37.81622289476459,3,0,20,,1.530612,0.0,2025-05-27,2025-06-03,8,사기막-경포해변,3
2025,42092111,931-1,강릉-동해상사,True,4200441,산대월리.순포,BIS inventory,True,True,31,30,128.88527417343033,37.822868850849,2,2,22,6,1.020408,1.612903,2025-05-27,2025-06-03,8,사기막-경포해변,3
2025,42092111,931-1,강릉-동해상사,True,4200443,사천해변,BIS inventory,True,True,29,28,128.87827311977188,37.82882341864164,4,0,15,,2.040816,0.0,2025-05-27,2025-06-03,8,사기막-경포해변,2
2025,42092111,931-1,강릉-동해상사,True,4200447,사천물회거리,BIS inventory,True,True,25,24,128.8757309061334,37.83810545841113,13,7,4,5,6.632653,5.645161,2025-05-27,2025-06-03,8,사기막-경포해변,7
2025,42092111,931-1,강릉-동해상사,True,4201231,사기막리,BIS inventory,True,True,4,3,128.81838250417627,37.7939296154463,4,0,15,,2.040816,0.0,2025-05-27,2025-06-03,8,사기막-경포해변,3
2025,42092111,931-1,강릉-동해상사,True,4201238,사천진리,BIS inventory,True,True,26,25,128.87339689589916,37.83812340174815,10,10,5,4,5.102041,8.064516,2025-05-27,2025-06-03,8,사기막-경포해변,7
2025,42092111,931-1,강릉-동해상사,True,4201242,경포해변,BIS inventory,True,False,,34,128.9052529004403,37.80440358093674,4,47,15,1,2.040816,37.903226,2025-05-27,2025-06-03,8,사기막-경포해변,8
2025,42092111,931-1,강릉-동해상사,True,4201381,너다리,BIS inventory,True,True,20,19,128.85390220166778,37.83022805772032,2,1,22,7,1.020408,0.806452,2025-05-27,2025-06-03,8,사기막-경포해변,2
2025,42092111,931-1,강릉-동해상사,True,4202153,운양초등학교,BIS inventory,True,True,21,20,128.8590953489884,37.83649095483332,10,1,5,7,5.102041,0.806452,2025-05-27,2025-06-03,8,사기막-경포해변,7
2025,42092112,933,강릉-동해상사,True,4200004,숲사랑홍보관,BIS inventory,True,True,4,3,128.85126457297872,37.81878304910103,3,0,5,,5.555556,0.0,2025-05-27,2025-06-03,8,사천면사무소-사천면사무소,2
2025,42092112,933,강릉-동해상사,True,4200222,사천면사무소,BIS inventory,True,True,9,8,128.84928192865996,37.82385848393331,2,13,6,2,3.703704,34.210526,2025-05-27,2025-06-03,8,사천면사무소-사천면사무소,7
2025,42092112,933,강릉-동해상사,True,4200223,사천면사무소,BIS inventory,True,True,1,0,128.84914337332015,37.8229406699122,5,2,4,4,9.259259,5.263158,2025-05-27,2025-06-03,8,사천면사무소-사천면사무소,5
2025,42092112,933,강릉-동해상사,True,4200383,산대월리마을회관,BIS inventory,True,True,6,5,128.8709163724858,37.815914215160845,13,0,3,,24.074074,0.0,2025-05-27,2025-06-03,8,사천면사무소-사천면사무소,7
2025,42092112,933,강릉-동해상사,True,4200384,미노리,BIS inventory,True,True,8,7,128.86484857598091,37.82971678699962,15,0,1,,27.777778,0.0,2025-05-27,2025-06-03,8,사천면사무소-사천면사무소,7
2025,42092112,933,강릉-동해상사,True,4200385,덕실리,BIS inventory,True,True,2,1,128.83425245451167,37.806566789081664,15,14,1,1,27.777778,36.842105,2025-05-27,2025-06-03,8,사천면사무소-사천면사무소,8
2025,42092112,933,강릉-동해상사,True,4200418,강릉아산병원.강릉약국,BIS inventory,True,True,7,6,128.8564121349402,37.81631278949057,1,9,7,3,1.851852,23.684211,2025-05-27,2025-06-03,8,사천면사무소-사천면사무소,6
2025,42092113,930,강릉-동해상사,True,4200008,하평리,BIS inventory,True,True,11,10,128.87213896973955,37.836286638716444,6,0,4,,12.765957,0.0,2025-05-27,2025-06-03,8,경포해변-사천면사무소,3
2025,42092113,930,강릉-동해상사,True,4200220,모래내행복센터,BIS inventory,True,True,17,16,128.84888855200666,37.82654759560158,0,18,,1,0.0,52.941176,2025-05-27,2025-06-03,8,경포해변-사천면사무소,7
2025,42092113,930,강릉-동해상사,True,4200223,사천면사무소,BIS inventory,True,True,18,17,128.84914337332015,37.8229406699122,0,11,,2,0.0,32.352941,2025-05-27,2025-06-03,8,경포해변-사천면사무소,5
2025,42092113,930,강릉-동해상사,True,4200390,운양초교,BIS inventory,True,True,14,13,128.85999131659992,37.833521248123965,2,0,6,,4.255319,0.0,2025-05-27,2025-06-03,8,경포해변-사천면사무소,2
2025,42092113,930,강릉-동해상사,True,4200434,사근진해변,BIS inventory,True,True,2,1,128.898597450209,37.812322584245415,1,0,8,,2.12766,0.0,2025-05-27,2025-06-03,8,경포해변-사천면사무소,1
2025,42092113,930,강릉-동해상사,True,4200438,순포해변,BIS inventory,True,True,4,3,128.8909555032514,37.81845994015455,2,0,6,,4.255319,0.0,2025-05-27,2025-06-03,8,경포해변-사천면사무소,2
2025,42092113,930,강릉-동해상사,True,4200440,산대월리.순포,BIS inventory,True,True,5,4,128.88547702493108,37.822903011074914,0,2,,3,0.0,5.882353,2025-05-27,2025-06-03,8,경포해변-사천면사무소,1
2025,42092113,930,강릉-동해상사,True,4200442,사천해변,BIS inventory,True,True,7,6,128.87869491904522,37.828713817312966,4,1,5,4,8.510638,2.941176,2025-05-27,2025-06-03,8,경포해변-사천면사무소,3
2025,42092113,930,강릉-동해상사,True,4200447,사천물회거리,BIS inventory,True,True,9,8,128.8757309061334,37.83810545841113,8,1,3,4,17.021277,2.941176,2025-05-27,2025-06-03,8,경포해변-사천면사무소,5
2025,42092113,930,강릉-동해상사,True,4201238,사천진리,BIS inventory,True,True,10,9,128.87339689589916,37.83812340174815,12,1,1,4,25.531915,2.941176,2025-05-27,2025-06-03,8,경포해변-사천면사무소,6
2025,42092113,930,강릉-동해상사,True,4201242,경포해변,BIS inventory,True,True,1,0,128.9052529004403,37.80440358093674,11,0,2,,23.404255,0.0,2025-05-27,2025-06-03,8,경포해변-사천면사무소,6
2025,42092113,930,강릉-동해상사,True,4202153,운양초등학교,BIS inventory,True,True,15,14,128.8590953489884,37.83649095483332,1,0,8,,2.12766,0.0,2025-05-27,2025-06-03,8,경포해변-사천면사무소,1
2025,42092114,930-1,강릉-동해상사,True,4200221,모래내행복센터,BIS inventory,True,True,2,1,128.84881781800846,37.82675602435266,1,0,5,,2.564103,0.0,2025-05-27,2025-06-03,8,사천면사무소-경포해변,1
2025,42092114,930-1,강릉-동해상사,True,4200222,사천면사무소,BIS inventory,True,True,1,0,128.84928192865996,37.82385848393331,25,0,1,,64.102564,0.0,2025-05-27,2025-06-03,8,사천면사무소-경포해변,7
2025,42092114,930-1,강릉-동해상사,True,4200369,가둔지유적,BIS inventory,True,True,13,12,128.882153019297,37.82520493756786,1,0,5,,2.564103,0.0,2025-05-27,2025-06-03,8,사천면사무소-경포해변,1
2025,42092114,930-1,강릉-동해상사,True,4200387,하평리,BIS inventory,True,True,7,6,128.86670662673083,37.834355194382326,0,2,,4,0.0,8.0,2025-05-27,2025-06-03,8,사천면사무소-경포해변,2
2025,42092114,930-1,강릉-동해상사,True,4200437,순긋해변,BIS inventory,True,True,16,15,128.89288352206873,37.81622289476459,3,0,3,,7.692308,0.0,2025-05-27,2025-06-03,8,사천면사무소-경포해변,1
2025,42092114,930-1,강릉-동해상사,True,4200439,순포해변,BIS inventory,True,True,15,14,128.8896479640838,37.81947984719446,1,0,5,,2.564103,0.0,2025-05-27,2025-06-03,8,사천면사무소-경포해변,1
2025,42092114,930-1,강릉-동해상사,True,4200441,산대월리.순포,BIS inventory,True,True,14,13,128.88527417343033,37.822868850849,0,1,,5,0.0,4.0,2025-05-27,2025-06-03,8,사천면사무소-경포해변,1
2025,42092114,930-1,강릉-동해상사,True,4200443,사천해변,BIS inventory,True,True,12,11,128.87827311977188,37.82882341864164,1,0,5,,2.564103,0.0,2025-05-27,2025-06-03,8,사천면사무소-경포해변,1
2025,42092114,930-1,강릉-동해상사,True,4200447,사천물회거리,BIS inventory,True,True,8,7,128.8757309061334,37.83810545841113,4,9,2,2,10.25641,36.0,2025-05-27,2025-06-03,8,사천면사무소-경포해변,6
2025,42092114,930-1,강릉-동해상사,True,4201238,사천진리,BIS inventory,True,True,9,8,128.87339689589916,37.83812340174815,3,3,3,3,7.692308,12.0,2025-05-27,2025-06-03,8,사천면사무소-경포해변,4
2025,42092114,930-1,강릉-동해상사,True,4201242,경포해변,BIS inventory,True,False,,17,128.9052529004403,37.80440358093674,0,10,,1,0.0,40.0,2025-05-27,2025-06-03,8,사천면사무소-경포해변,5
2025,42092115,934,강릉-동해상사,True,4200008,하평리,BIS inventory,True,True,11,10,128.87213896973955,37.836286638716444,12,1,5,6,8.333333,1.162791,2025-05-27,2025-06-03,8,경포해변-KTX공영주차장,7
2025,42092115,934,강릉-동해상사,True,4200154,너다리,BIS inventory,True,True,15,14,128.85384039907868,37.83030516388511,3,2,10,4,2.083333,2.325581,2025-05-27,2025-06-03,8,경포해변-KTX공영주차장,3
2025,42092115,934,강릉-동해상사,True,4200220,모래내행복센터,BIS inventory,True,True,16,15,128.84888855200666,37.82654759560158,9,10,7,3,6.25,11.627907,2025-05-27,2025-06-03,8,경포해변-KTX공영주차장,7
2025,42092115,934,강릉-동해상사,True,4200223,사천면사무소,BIS inventory,True,True,17,16,128.84914337332015,37.8229406699122,6,17,8,2,4.166667,19.767442,2025-05-27,2025-06-03,8,경포해변-KTX공영주차장,8
2025,42092115,934,강릉-동해상사,True,4200252,신영극장,BIS inventory,True,True,18,17,128.8961287589657,37.75448236011555,2,49,13,1,1.388889,56.976744,2025-05-27,2025-06-03,8,경포해변-KTX공영주차장,8
2025,42092115,934,강릉-동해상사,True,4200386,하평리,BIS inventory,True,True,12,11,128.86662078612576,37.834407329862614,3,0,10,,2.083333,0.0,2025-05-27,2025-06-03,8,경포해변-KTX공영주차장,2
2025,42092115,934,강릉-동해상사,True,4200389,판교리,BIS inventory,True,True,13,12,128.8629774027657,37.834258791663885,2,0,13,,1.388889,0.0,2025-05-27,2025-06-03,8,경포해변-KTX공영주차장,1
2025,42092115,934,강릉-동해상사,True,4200390,운양초교,BIS inventory,True,True,14,13,128.85999131659992,37.833521248123965,12,0,5,,8.333333,0.0,2025-05-27,2025-06-03,8,경포해변-KTX공영주차장,5
2025,42092115,934,강릉-동해상사,True,4200434,사근진해변,BIS inventory,True,True,2,1,128.898597450209,37.812322584245415,5,1,9,6,3.472222,1.162791,2025-05-27,2025-06-03,8,경포해변-KTX공영주차장,4
2025,42092115,934,강릉-동해상사,True,4200436,순긋해변,BIS inventory,True,True,3,2,128.89252003394913,37.81667547893821,0,1,,6,0.0,1.162791,2025-05-27,2025-06-03,8,경포해변-KTX공영주차장,1
2025,42092115,934,강릉-동해상사,True,4200438,순포해변,BIS inventory,True,True,4,3,128.8909555032514,37.81845994015455,2,1,13,6,1.388889,1.162791,2025-05-27,2025-06-03,8,경포해변-KTX공영주차장,2
2025,42092115,934,강릉-동해상사,True,4200440,산대월리.순포,BIS inventory,True,True,5,4,128.88547702493108,37.822903011074914,14,0,3,,9.722222,0.0,2025-05-27,2025-06-03,8,경포해변-KTX공영주차장,6
2025,42092115,934,강릉-동해상사,True,4200442,사천해변,BIS inventory,True,True,7,6,128.87869491904522,37.828713817312966,3,0,10,,2.083333,0.0,2025-05-27,2025-06-03,8,경포해변-KTX공영주차장,2
2025,42092115,934,강릉-동해상사,True,4200447,사천물회거리,BIS inventory,True,True,9,8,128.8757309061334,37.83810545841113,37,1,1,6,25.694444,1.162791,2025-05-27,2025-06-03,8,경포해변-KTX공영주차장,8
2025,42092115,934,강릉-동해상사,True,4200797,KTX공영주차장환승장,BIS inventory,True,True,19,18,128.8967850727094,37.762190942376556,0,1,,6,0.0,1.162791,2025-05-27,2025-06-03,8,경포해변-KTX공영주차장,1
2025,42092115,934,강릉-동해상사,True,4201238,사천진리,BIS inventory,True,True,10,9,128.87339689589916,37.83812340174815,20,2,2,4,13.888889,2.325581,2025-05-27,2025-06-03,8,경포해변-KTX공영주차장,7
2025,42092115,934,강릉-동해상사,True,4201242,경포해변,BIS inventory,True,True,1,0,128.9052529004403,37.80440358093674,14,0,3,,9.722222,0.0,2025-05-27,2025-06-03,8,경포해변-KTX공영주차장,6
2025,42092116,934-1,강릉-동해상사,True,4200008,하평리,BIS inventory,True,True,11,10,128.87213896973955,37.836286638716444,4,0,5,,3.773585,0.0,2025-05-27,2025-06-03,8,KTX공영주차장-경포해변,2
2025,42092116,934-1,강릉-동해상사,True,4200222,사천면사무소,BIS inventory,True,True,3,2,128.84928192865996,37.82385848393331,22,1,2,9,20.754717,1.960784,2025-05-27,2025-06-03,8,KTX공영주차장-경포해변,8
2025,42092116,934-1,강릉-동해상사,True,4200253,교보생명,BIS inventory,True,True,2,1,128.89811415297848,37.756002485379526,55,0,1,,51.886792,0.0,2025-05-27,2025-06-03,8,KTX공영주차장-경포해변,8
2025,42092116,934-1,강릉-동해상사,True,4200387,하평리,BIS inventory,True,True,8,7,128.86670662673083,37.834355194382326,0,2,,4,0.0,3.921569,2025-05-27,2025-06-03,8,KTX공영주차장-경포해변,1
2025,42092116,934-1,강릉-동해상사,True,4200388,미노마을입구,BIS inventory,True,True,7,6,128.86381568177012,37.83417468045317,0,2,,4,0.0,3.921569,2025-05-27,2025-06-03,8,KTX공영주차장-경포해변,2
2025,42092116,934-1,강릉-동해상사,True,4200391,판교리,BIS inventory,True,True,6,5,128.86009464856716,37.83346652558502,0,3,,3,0.0,5.882353,2025-05-27,2025-06-03,8,KTX공영주차장-경포해변,2
2025,42092116,934-1,강릉-동해상사,True,4200435,사근진해변,BIS inventory,True,True,18,17,128.89766129562162,37.81294729745145,6,2,4,4,5.660377,3.921569,2025-05-27,2025-06-03,8,KTX공영주차장-경포해변,4
2025,42092116,934-1,강릉-동해상사,True,4200437,순긋해변,BIS inventory,True,True,17,16,128.89288352206873,37.81622289476459,0,2,,4,0.0,3.921569,2025-05-27,2025-06-03,8,KTX공영주차장-경포해변,2
2025,42092116,934-1,강릉-동해상사,True,4200439,순포해변,BIS inventory,True,True,16,15,128.8896479640838,37.81947984719446,0,1,,9,0.0,1.960784,2025-05-27,2025-06-03,8,KTX공영주차장-경포해변,1
2025,42092116,934-1,강릉-동해상사,True,4200441,산대월리.순포,BIS inventory,True,True,15,14,128.88527417343033,37.822868850849,2,1,7,9,1.886792,1.960784,2025-05-27,2025-06-03,8,KTX공영주차장-경포해변,2
2025,42092116,934-1,강릉-동해상사,True,4200445,사천캠핑장,BIS inventory,True,True,12,11,128.8750445298634,37.831686225915426,2,2,7,4,1.886792,3.921569,2025-05-27,2025-06-03,8,KTX공영주차장-경포해변,3
2025,42092116,934-1,강릉-동해상사,True,4200447,사천물회거리,BIS inventory,True,True,9,8,128.8757309061334,37.83810545841113,4,10,5,2,3.773585,19.607843,2025-05-27,2025-06-03,8,KTX공영주차장-경포해변,5
2025,42092116,934-1,강릉-동해상사,True,4200797,KTX공영주차장환승장,BIS inventory,True,True,1,0,128.8967850727094,37.762190942376556,2,0,7,,1.886792,0.0,2025-05-27,2025-06-03,8,KTX공영주차장-경포해변,1
2025,42092116,934-1,강릉-동해상사,True,4201238,사천진리,BIS inventory,True,True,10,9,128.87339689589916,37.83812340174815,9,1,3,9,8.490566,1.960784,2025-05-27,2025-06-03,8,KTX공영주차장-경포해변,3
2025,42092116,934-1,강릉-동해상사,True,4201242,경포해변,BIS inventory,True,False,,18,128.9052529004403,37.80440358093674,0,24,,1,0.0,47.058824,2025-05-27,2025-06-03,8,KTX공영주차장-경포해변,6
2025,42092117,935,강릉-동해상사,True,4200144,해살이,BIS inventory,True,True,17,16,128.81433946380196,37.79231712471411,0,5,,2,0.0,13.513514,2025-05-27,2025-06-03,8,KTX공영주차장-사기막,2
2025,42092117,935,강릉-동해상사,True,4200146,강릉면허시험장,BIS inventory,True,True,15,14,128.81937813512624,37.79573671702786,0,5,,2,0.0,13.513514,2025-05-27,2025-06-03,8,KTX공영주차장-사기막,3
2025,42092117,935,강릉-동해상사,True,4200148,노동3리,BIS inventory,True,True,14,13,128.8256207085255,37.79927586550659,0,2,,7,0.0,5.405405,2025-05-27,2025-06-03,8,KTX공영주차장-사기막,2
2025,42092117,935,강릉-동해상사,True,4200150,노동리,BIS inventory,True,True,13,12,128.82882389300474,37.80095549884616,0,4,,5,0.0,10.810811,2025-05-27,2025-06-03,8,KTX공영주차장-사기막,2
2025,42092117,935,강릉-동해상사,True,4200152,연변,BIS inventory,True,True,11,10,128.83155522186766,37.80584297639379,0,5,,2,0.0,13.513514,2025-05-27,2025-06-03,8,KTX공영주차장-사기막,4
2025,42092117,935,강릉-동해상사,True,4200158,한과마을,BIS inventory,True,True,9,8,128.8351667630484,37.81469760511987,0,2,,7,0.0,5.405405,2025-05-27,2025-06-03,8,KTX공영주차장-사기막,2
2025,42092117,935,강릉-동해상사,True,4200160,노동회관,BIS inventory,True,True,8,7,128.8379192525419,37.818202495776156,1,9,5,1,0.581395,24.324324,2025-05-27,2025-06-03,8,KTX공영주차장-사기막,6
2025,42092117,935,강릉-동해상사,True,4200165,사천중학교,BIS inventory,True,True,5,4,128.84662013233944,37.82677848556301,1,1,5,9,0.581395,2.702703,2025-05-27,2025-06-03,8,KTX공영주차장-사기막,2
2025,42092117,935,강릉-동해상사,True,4200221,모래내행복센터,BIS inventory,True,True,4,3,128.84881781800846,37.82675602435266,6,0,3,,3.488372,0.0,2025-05-27,2025-06-03,8,KTX공영주차장-사기막,3
2025,42092117,935,강릉-동해상사,True,4200222,사천면사무소,BIS inventory,True,True,3,2,128.84928192865996,37.82385848393331,58,1,2,9,33.72093,2.702703,2025-05-27,2025-06-03,8,KTX공영주차장-사기막,8
2025,42092117,935,강릉-동해상사,True,4200253,교보생명,BIS inventory,True,True,2,1,128.89811415297848,37.756002485379526,100,0,1,,58.139535,0.0,2025-05-27,2025-06-03,8,KTX공영주차장-사기막,8
2025,42092117,935,강릉-동해상사,True,4200797,KTX공영주차장환승장,BIS inventory,True,True,1,0,128.8967850727094,37.762190942376556,6,0,3,,3.488372,0.0,2025-05-27,2025-06-03,8,KTX공영주차장-사기막,2
2025,42092117,935,강릉-동해상사,True,4201415,노동상리경로당,BIS inventory,True,True,12,11,128.82974913139455,37.80349598363215,0,3,,6,0.0,8.108108,2025-05-27,2025-06-03,8,KTX공영주차장-사기막,2
2025,42092118,935-1,강릉-동해상사,True,4200140,사기막,BIS inventory,True,True,1,0,128.80639533289897,37.79268220157816,15,0,6,,5.905512,0.0,2025-05-27,2025-06-03,8,사기막-KTX공영주차장,7
2025,42092118,935-1,강릉-동해상사,True,4200141,사기막마을회관,BIS inventory,True,True,2,1,128.81090286737634,37.79301923903732,25,0,4,,9.84252,0.0,2025-05-27,2025-06-03,8,사기막-KTX공영주차장,7
2025,42092118,935-1,강릉-동해상사,True,4200143,해살이,BIS inventory,True,True,3,2,128.81431621857197,37.79226836473926,26,0,3,,10.23622,0.0,2025-05-27,2025-06-03,8,사기막-KTX공영주차장,8
2025,42092118,935-1,강릉-동해상사,True,4200145,강릉면허시험장,BIS inventory,True,True,5,4,128.81940419285692,37.79563172548221,11,0,8,,4.330709,0.0,2025-05-27,2025-06-03,8,사기막-KTX공영주차장,4
2025,42092118,935-1,강릉-동해상사,True,4200147,노동3리,BIS inventory,True,True,6,5,128.82566919932256,37.79922359821094,13,0,7,,5.11811,0.0,2025-05-27,2025-06-03,8,사기막-KTX공영주차장,6
2025,42092118,935-1,강릉-동해상사,True,4200149,노동리,BIS inventory,True,True,7,6,128.82874179258144,37.80069747027654,10,0,10,,3.937008,0.0,2025-05-27,2025-06-03,8,사기막-KTX공영주차장,6
2025,42092118,935-1,강릉-동해상사,True,4200151,연변,BIS inventory,True,True,9,8,128.83161739090895,37.80576988356887,39,0,2,,15.354331,0.0,2025-05-27,2025-06-03,8,사기막-KTX공영주차장,8
2025,42092118,935-1,강릉-동해상사,True,4200155,농업기술센터,BIS inventory,True,True,10,9,128.8338261188764,37.81060324304077,2,0,15,,0.787402,0.0,2025-05-27,2025-06-03,8,사기막-KTX공영주차장,2
2025,42092118,935-1,강릉-동해상사,True,4200157,한과마을,BIS inventory,True,True,11,10,128.83514950759155,37.81456555427515,18,0,5,,7.086614,0.0,2025-05-27,2025-06-03,8,사기막-KTX공영주차장,7
2025,42092118,935-1,강릉-동해상사,True,4200159,노동회관,BIS inventory,True,True,12,11,128.83796621765993,37.818138280477356,55,0,1,,21.653543,0.0,2025-05-27,2025-06-03,8,사기막-KTX공영주차장,8
2025,42092118,935-1,강릉-동해상사,True,4200161,노동하리.우리정미소,BIS inventory,True,True,13,12,128.8414822247496,37.82225221697478,10,1,10,6,3.937008,0.628931,2025-05-27,2025-06-03,8,사기막-KTX공영주차장,6
2025,42092118,935-1,강릉-동해상사,True,4200163,갈골한과,BIS inventory,True,True,14,13,128.84366180450007,37.82449975412136,3,0,13,,1.181102,0.0,2025-05-27,2025-06-03,8,사기막-KTX공영주차장,3
2025,42092118,935-1,강릉-동해상사,True,4200220,모래내행복센터,BIS inventory,True,True,16,15,128.84888855200666,37.82654759560158,7,31,12,2,2.755906,19.496855,2025-05-27,2025-06-03,8,사기막-KTX공영주차장,8
2025,42092118,935-1,강릉-동해상사,True,4200223,사천면사무소,BIS inventory,True,True,17,16,128.84914337332015,37.8229406699122,2,30,15,3,0.787402,18.867925,2025-05-27,2025-06-03,8,사기막-KTX공영주차장,8
2025,42092118,935-1,강릉-동해상사,True,4200252,신영극장,BIS inventory,True,True,18,17,128.8961287589657,37.75448236011555,3,85,13,1,1.181102,53.459119,2025-05-27,2025-06-03,8,사기막-KTX공영주차장,8
2025,42092118,935-1,강릉-동해상사,True,4200294,사천중학교,BIS inventory,True,True,15,14,128.84663312060465,37.82670813694838,2,7,15,4,0.787402,4.402516,2025-05-27,2025-06-03,8,사기막-KTX공영주차장,2
2025,42092118,935-1,강릉-동해상사,True,4200797,KTX공영주차장환승장,BIS inventory,True,True,19,18,128.8967850727094,37.762190942376556,0,5,,5,0.0,3.144654,2025-05-27,2025-06-03,8,사기막-KTX공영주차장,4
2025,42092118,935-1,강릉-동해상사,True,4201231,사기막리,BIS inventory,True,True,4,3,128.81838250417627,37.7939296154463,11,0,8,,4.330709,0.0,2025-05-27,2025-06-03,8,사기막-KTX공영주차장,7
2025,42092118,935-1,강릉-동해상사,True,4201416,노동상리경로당,BIS inventory,True,True,8,7,128.8298366569875,37.803466498207534,2,0,15,,0.787402,0.0,2025-05-27,2025-06-03,8,사기막-KTX공영주차장,2
2025,42092141,시티1,강릉-동해상사,True,4200002,소돌해변입구,BIS inventory,True,True,36,32,128.81905535960837,37.90780434670355,0,3,,43,0.0,0.242522,2025-05-27,2025-06-03,8,안목커피거리-안목커피거리,2
2025,42092141,시티1,강릉-동해상사,True,4200181,주문진해변,BIS inventory,True,True,38,34,128.81692175696733,37.90940788063508,38,20,16,18,2.415766,1.616815,2025-05-27,2025-06-03,8,안목커피거리-안목커피거리,8
2025,42092141,시티1,강릉-동해상사,True,4200182,주문진해변,BIS inventory,True,True,37,33,128.81704671925502,37.90944057885068,2,38,48,10,0.127146,3.071948,2025-05-27,2025-06-03,8,안목커피거리-안목커피거리,6
2025,42092141,시티1,강릉-동해상사,True,4200244,안목커피거리,BIS inventory,True,True,70,64,128.94578809167245,37.77230230429985,10,169,30,1,0.635728,13.662086,2025-05-27,2025-06-03,8,안목커피거리-안목커피거리,8
2025,42092141,시티1,강릉-동해상사,True,4200323,경포해변,BIS inventory,True,True,10,8,128.90582022350918,37.80466237027648,85,66,6,5,5.403687,5.335489,2025-05-27,2025-06-03,8,안목커피거리-안목커피거리,8
2025,42092141,시티1,강릉-동해상사,True,4200369,가둔지유적,BIS inventory,True,True,57,52,128.882153019297,37.82520493756786,0,4,,41,0.0,0.323363,2025-05-27,2025-06-03,8,안목커피거리-안목커피거리,2
2025,42092141,시티1,강릉-동해상사,True,4200381,연곡소나무길,BIS inventory,True,True,22,19,128.86219953750597,37.850074873961454,3,9,44,30,0.190718,0.727567,2025-05-27,2025-06-03,8,안목커피거리-안목커피거리,5
2025,42092141,시티1,강릉-동해상사,True,4200434,사근진해변,BIS inventory,True,True,11,9,128.898597450209,37.812322584245415,17,18,26,20,1.080737,1.455133,2025-05-27,2025-06-03,8,안목커피거리-안목커피거리,7
2025,42092141,시티1,강릉-동해상사,True,4200435,사근진해변,BIS inventory,True,True,61,56,128.89766129562162,37.81294729745145,56,38,9,10,3.560076,3.071948,2025-05-27,2025-06-03,8,안목커피거리-안목커피거리,8
2025,42092141,시티1,강릉-동해상사,True,4200436,순긋해변,BIS inventory,True,True,12,10,128.89252003394913,37.81667547893821,5,8,37,31,0.317864,0.646726,2025-05-27,2025-06-03,8,안목커피거리-안목커피거리,7
2025,42092141,시티1,강릉-동해상사,True,4200437,순긋해변,BIS inventory,True,True,60,55,128.89288352206873,37.81622289476459,29,12,21,26,1.843611,0.970089,2025-05-27,2025-06-03,8,안목커피거리-안목커피거리,8
2025,42092141,시티1,강릉-동해상사,True,4200438,순포해변,BIS inventory,True,True,13,11,128.8909555032514,37.81845994015455,0,2,,48,0.0,0.161681,2025-05-27,2025-06-03,8,안목커피거리-안목커피거리,2
2025,42092141,시티1,강릉-동해상사,True,4200439,순포해변,BIS inventory,True,True,59,54,128.8896479640838,37.81947984719446,5,0,37,,0.317864,0.0,2025-05-27,2025-06-03,8,안목커피거리-안목커피거리,2
2025,42092141,시티1,강릉-동해상사,True,4200440,산대월리.순포,BIS inventory,True,True,14,12,128.88547702493108,37.822903011074914,0,3,,43,0.0,0.242522,2025-05-27,2025-06-03,8,안목커피거리-안목커피거리,2
2025,42092141,시티1,강릉-동해상사,True,4200441,산대월리.순포,BIS inventory,True,True,58,53,128.88527417343033,37.822868850849,8,0,35,,0.508582,0.0,2025-05-27,2025-06-03,8,안목커피거리-안목커피거리,3
2025,42092141,시티1,강릉-동해상사,True,4200442,사천해변,BIS inventory,True,True,16,14,128.87869491904522,37.828713817312966,0,15,,22,0.0,1.212611,2025-05-27,2025-06-03,8,안목커피거리-안목커피거리,7
2025,42092141,시티1,강릉-동해상사,True,4200443,사천해변,BIS inventory,True,True,56,51,128.87827311977188,37.82882341864164,18,0,25,,1.14431,0.0,2025-05-27,2025-06-03,8,안목커피거리-안목커피거리,5
2025,42092141,시티1,강릉-동해상사,True,4200444,사천캠핑장,BIS inventory,True,True,17,15,128.87516834469744,37.831731302711255,3,2,44,48,0.190718,0.161681,2025-05-27,2025-06-03,8,안목커피거리-안목커피거리,3
2025,42092141,시티1,강릉-동해상사,True,4200445,사천캠핑장,BIS inventory,True,True,55,50,128.8750445298634,37.831686225915426,3,5,44,38,0.190718,0.404204,2025-05-27,2025-06-03,8,안목커피거리-안목커피거리,4
2025,42092141,시티1,강릉-동해상사,True,4200447,사천물회거리,BIS inventory,True,True,18,16,128.8757309061334,37.83810545841113,21,44,24,8,1.335029,3.556993,2025-05-27,2025-06-03,8,안목커피거리-안목커피거리,8
2025,42092141,시티1,강릉-동해상사,True,4200449,사천물회거리,BIS inventory,True,True,54,49,128.8755979856823,37.838072593350674,58,4,8,41,3.687222,0.323363,2025-05-27,2025-06-03,8,안목커피거리-안목커피거리,8
2025,42092141,시티1,강릉-동해상사,True,4200450,연곡해변,BIS inventory,True,True,49,45,128.8529783059013,37.85739414992972,10,0,30,,0.635728,0.0,2025-05-27,2025-06-03,8,안목커피거리-안목커피거리,7
2025,42092141,시티1,강릉-동해상사,True,4200451,연곡해변,BIS inventory,True,True,23,20,128.85309149153562,37.85745785808507,5,3,37,43,0.317864,0.242522,2025-05-27,2025-06-03,8,안목커피거리-안목커피거리,4
2025,42092141,시티1,강릉-동해상사,True,4200509,연곡소나무길,BIS inventory,True,True,50,46,128.8618386269624,37.85018703668437,5,3,37,43,0.317864,0.242522,2025-05-27,2025-06-03,8,안목커피거리-안목커피거리,5
2025,42092141,시티1,강릉-동해상사,True,4200517,해오름쉼터,BIS inventory,True,True,46,42,128.8414184387453,37.87167485028107,4,1,41,51,0.254291,0.080841,2025-05-27,2025-06-03,8,안목커피거리-안목커피거리,2
2025,42092141,시티1,강릉-동해상사,True,4200518,소돌해변,BIS inventory,True,True,39,35,128.8237001059589,37.9072478711743,31,0,19,,1.970757,0.0,2025-05-27,2025-06-03,8,안목커피거리-안목커피거리,6
2025,42092141,시티1,강릉-동해상사,True,4200522,게스트하우스거리,BIS inventory,True,True,31,27,128.8339253329715,37.896167167389095,0,7,,33,0.0,0.565885,2025-05-27,2025-06-03,8,안목커피거리-안목커피거리,4
2025,42092141,시티1,강릉-동해상사,True,4200523,소돌해변,BIS inventory,True,True,35,31,128.82357421556765,37.90742431202615,0,12,,26,0.0,0.970089,2025-05-27,2025-06-03,8,안목커피거리-안목커피거리,6
2025,42092141,시티1,강릉-동해상사,True,4200527,오리진항,BIS inventory,True,True,33,29,128.8317491433552,37.9007448060665,2,6,48,36,0.127146,0.485044,2025-05-27,2025-06-03,8,안목커피거리-안목커피거리,3
2025,42092141,시티1,강릉-동해상사,True,4200531,게스트하우스거리,BIS inventory,True,True,43,39,128.83380690814315,37.89613511363595,8,0,35,,0.508582,0.0,2025-05-27,2025-06-03,8,안목커피거리-안목커피거리,4
2025,42092141,시티1,강릉-동해상사,True,4200532,주문진항,BIS inventory,True,True,29,26,128.8290758047728,37.892766657375546,10,16,30,21,0.635728,1.293452,2025-05-27,2025-06-03,8,안목커피거리-안목커피거리,7
2025,42092141,시티1,강릉-동해상사,True,4200536,오리진항,BIS inventory,True,True,41,37,128.8317047746547,37.90064451287537,15,0,28,,0.953592,0.0,2025-05-27,2025-06-03,8,안목커피거리-안목커피거리,7
2025,42092141,시티1,강릉-동해상사,True,4200539,해오름쉼터,BIS inventory,True,True,26,23,128.8415292308554,37.871715916564284,9,8,33,31,0.572155,0.646726,2025-05-27,2025-06-03,8,안목커피거리-안목커피거리,6
2025,42092141,시티1,강릉-동해상사,True,4200549,세인트존스호텔,BIS inventory,True,True,65,60,128.92167986735865,37.790864197302774,30,45,20,7,1.907184,3.637833,2025-05-27,2025-06-03,8,안목커피거리-안목커피거리,8
2025,42092141,시티1,강릉-동해상사,True,4200550,세인트존스호텔,BIS inventory,True,True,6,4,128.9216970367292,37.79098344901958,33,15,18,22,2.097902,1.212611,2025-05-27,2025-06-03,8,안목커피거리-안목커피거리,8
2025,42092141,시티1,강릉-동해상사,True,4200553,해송삼거리,BIS inventory,True,True,66,61,128.9252087534945,37.78824187943356,4,28,41,13,0.254291,2.263541,2025-05-27,2025-06-03,8,안목커피거리-안목커피거리,7
2025,42092141,시티1,강릉-동해상사,True,4200554,해송삼거리,BIS inventory,True,True,5,3,128.92513343525474,37.78843042396744,59,3,7,43,3.750795,0.242522,2025-05-27,2025-06-03,8,안목커피거리-안목커피거리,8
2025,42092141,시티1,강릉-동해상사,True,4200613,강문해변,BIS inventory,True,True,64,59,128.91641678869786,37.79529298920251,34,107,17,2,2.161475,8.64996,2025-05-27,2025-06-03,8,안목커피거리-안목커피거리,8
2025,42092141,시티1,강릉-동해상사,True,4201057,안목커피거리,BIS inventory,True,True,1,0,128.94590416266868,37.77225695392567,153,1,1,51,9.726637,0.080841,2025-05-27,2025-06-03,8,안목커피거리-안목커피거리,8
2025,42092141,시티1,강릉-동해상사,True,4201242,경포해변,BIS inventory,True,True,62,57,128.9052529004403,37.80440358093674,95,97,4,3,6.039415,7.841552,2025-05-27,2025-06-03,8,안목커피거리-안목커피거리,8
2025,42092141,시티1,강릉-동해상사,True,4201261,강문해변입구,BIS inventory,True,True,8,6,128.9152492720649,37.794762154181576,49,14,10,24,3.115067,1.13177,2025-05-27,2025-06-03,8,안목커피거리-안목커피거리,8
2025,42092141,시티1,강릉-동해상사,True,4201262,안목해변,BIS inventory,True,True,69,63,128.9453268042541,37.77365094131008,0,63,,6,0.0,5.092967,2025-05-27,2025-06-03,8,안목커피거리-안목커피거리,7
2025,42092141,시티1,강릉-동해상사,True,4201263,안목해변,BIS inventory,True,True,2,1,128.94493768408068,37.774178194287636,113,0,3,,7.183725,0.0,2025-05-27,2025-06-03,8,안목커피거리-안목커피거리,8
2025,42092141,시티1,강릉-동해상사,True,4201264,송정해변,BIS inventory,True,True,68,62,128.93690998005923,37.77994173288209,2,20,48,18,0.127146,1.616815,2025-05-27,2025-06-03,8,안목커피거리-안목커피거리,8
2025,42092141,시티1,강릉-동해상사,True,4201265,송정해변,BIS inventory,True,True,3,2,128.937243026154,37.779799396228796,48,1,11,51,3.051494,0.080841,2025-05-27,2025-06-03,8,안목커피거리-안목커피거리,8
2025,42092141,시티1,강릉-동해상사,True,4201266,경포호,BIS inventory,True,True,63,58,128.91144337577538,37.79931158521169,43,25,13,15,2.73363,2.021019,2025-05-27,2025-06-03,8,안목커피거리-안목커피거리,8
2025,42092141,시티1,강릉-동해상사,True,4201267,경포호,BIS inventory,True,True,9,7,128.91154424859525,37.79966287216199,29,26,21,14,1.843611,2.101859,2025-05-27,2025-06-03,8,안목커피거리-안목커피거리,7
2025,42092141,시티1,강릉-동해상사,True,4201268,사천진해변,BIS inventory,True,True,52,47,128.87339749147367,37.84293833117085,22,11,23,28,1.398601,0.889248,2025-05-27,2025-06-03,8,안목커피거리-안목커피거리,7
2025,42092141,시티1,강릉-동해상사,True,4201269,영진항,BIS inventory,True,True,24,21,128.8478764921571,37.86744935186811,0,6,,36,0.0,0.485044,2025-05-27,2025-06-03,8,안목커피거리-안목커피거리,4
2025,42092141,시티1,강릉-동해상사,True,4201270,영진항,BIS inventory,True,True,48,44,128.84778900128174,37.86736001237831,3,0,44,,0.190718,0.0,2025-05-27,2025-06-03,8,안목커피거리-안목커피거리,1
2025,42092141,시티1,강릉-동해상사,True,4201271,영진해변,BIS inventory,True,True,47,43,128.84407553359966,37.870005012045354,41,1,15,51,2.606484,0.080841,2025-05-27,2025-06-03,8,안목커피거리-안목커피거리,7
2025,42092141,시티1,강릉-동해상사,True,4201272,영진해변,BIS inventory,True,True,25,22,128.84410671788726,37.87009887053988,17,14,26,24,1.080737,1.13177,2025-05-27,2025-06-03,8,안목커피거리-안목커피거리,8
2025,42092141,시티1,강릉-동해상사,True,4201273,도깨비촬영지,BIS inventory,True,True,45,41,128.83285849096714,37.88049253785593,89,10,5,29,5.657978,0.808407,2025-05-27,2025-06-03,8,안목커피거리-안목커피거리,8
2025,42092141,시티1,강릉-동해상사,True,4201274,도깨비촬영지,BIS inventory,True,True,27,24,128.83366615521564,37.879702674494396,12,33,29,12,0.762873,2.667745,2025-05-27,2025-06-03,8,안목커피거리-안목커피거리,6
2025,42092141,시티1,강릉-동해상사,True,4201275,주문진수산시장,BIS inventory,True,True,44,40,128.82825290581502,37.88995969444888,129,42,2,9,8.20089,3.395311,2025-05-27,2025-06-03,8,안목커피거리-안목커피거리,8
2025,42092141,시티1,강릉-동해상사,True,4201276,주문진수산시장,BIS inventory,True,True,28,25,128.82844614486706,37.89014411628092,2,88,48,4,0.127146,7.113985,2025-05-27,2025-06-03,8,안목커피거리-안목커피거리,8
2025,42092141,시티1,강릉-동해상사,True,4201277,주문진등대,BIS inventory,True,True,42,38,128.83402573057427,37.898641534767464,9,0,33,,0.572155,0.0,2025-05-27,2025-06-03,8,안목커피거리-안목커피거리,3
2025,42092141,시티1,강릉-동해상사,True,4201278,주문진등대,BIS inventory,True,True,32,28,128.83413482750083,37.898607108297156,0,2,,48,0.0,0.161681,2025-05-27,2025-06-03,8,안목커피거리-안목커피거리,2
2025,42092141,시티1,강릉-동해상사,True,4201279,더글로리촬영지,BIS inventory,True,True,40,36,128.82911039533775,37.904460082879105,48,7,11,33,3.051494,0.565885,2025-05-27,2025-06-03,8,안목커피거리-안목커피거리,8
2025,42092141,시티1,강릉-동해상사,True,4201280,더글로리촬영지,BIS inventory,True,True,34,30,128.82924239568416,37.90441068117994,1,22,53,17,0.063573,1.778496,2025-05-27,2025-06-03,8,안목커피거리-안목커피거리,4
2025,42092141,시티1,강릉-동해상사,True,4202159,사천진바위섬,BIS inventory,True,True,53,48,128.87633882234948,37.84060226740597,2,5,48,38,0.127146,0.404204,2025-05-27,2025-06-03,8,안목커피거리-안목커피거리,2
2025,42092141,시티1,강릉-동해상사,True,4202160,사천진바위섬,BIS inventory,True,True,19,17,128.8764473285357,37.8406481132808,0,5,,38,0.0,0.404204,2025-05-27,2025-06-03,8,안목커피거리-안목커피거리,2
2025,42092141,시티1,강릉-동해상사,True,4209998,강문해변,BIS inventory,True,True,7,5,128.91631032849583,37.79540813828357,42,23,14,16,2.670057,1.859337,2025-05-27,2025-06-03,8,안목커피거리-안목커피거리,8
2025,42092141,시티1,강릉-동해상사,True,4209999,사천진해변,BIS inventory,True,True,20,18,128.87344886491002,37.842977470664934,4,7,41,33,0.254291,0.565885,2025-05-27,2025-06-03,8,안목커피거리-안목커피거리,6
2025,42092144,206-1,강릉-동해상사,True,4200011,동부아파트,BIS inventory,True,True,4,3,128.9151327017873,37.78401368458876,25,0,8,,3.0012,0.0,2025-05-27,2025-06-03,8,강릉고등학교-강릉고정문,7
2025,42092144,206-1,강릉-동해상사,True,4200039,유화아파트,BIS inventory,True,True,3,2,128.91342886671308,37.785727014906996,15,0,15,,1.80072,0.0,2025-05-27,2025-06-03,8,강릉고등학교-강릉고정문,6
2025,42092144,206-1,강릉-동해상사,True,4200041,허균생가입구,BIS inventory,True,True,2,1,128.91292892790995,37.78786454215139,2,0,40,,0.240096,0.0,2025-05-27,2025-06-03,8,강릉고등학교-강릉고정문,1
2025,42092144,206-1,강릉-동해상사,True,4200043,이화해변타운,BIS inventory,True,True,5,4,128.91744670191798,37.78316591377611,14,0,16,,1.680672,0.0,2025-05-27,2025-06-03,8,강릉고등학교-강릉고정문,4
2025,42092144,206-1,강릉-동해상사,True,4200047,강릉고정문,BIS inventory,True,True,63,61,128.91550078840652,37.78828834947499,0,15,,7,0.0,3.623188,2025-05-27,2025-06-03,8,강릉고등학교-강릉고정문,5
2025,42092144,206-1,강릉-동해상사,True,4200049,남강초교,BIS inventory,True,True,50,49,128.91338089940805,37.76735161096919,3,7,37,12,0.360144,1.690821,2025-05-27,2025-06-03,8,강릉고등학교-강릉고정문,6
2025,42092144,206-1,강릉-동해상사,True,4200052,송정래미안,BIS inventory,True,True,59,58,128.93038982126572,37.78292573478735,0,1,,36,0.0,0.241546,2025-05-27,2025-06-03,8,강릉고등학교-강릉고정문,1
2025,42092144,206-1,강릉-동해상사,True,4200057,강릉경찰서,BIS inventory,True,True,13,12,128.90688706685629,37.768055768979885,11,1,21,36,1.320528,0.241546,2025-05-27,2025-06-03,8,강릉고등학교-강릉고정문,6
2025,42092144,206-1,강릉-동해상사,True,4200060,솔올중학교,BIS inventory,True,True,33,32,128.8798722504925,37.77163504014371,4,1,33,36,0.480192,0.241546,2025-05-27,2025-06-03,8,강릉고등학교-강릉고정문,2
2025,42092144,206-1,강릉-동해상사,True,4200080,경포초등학교,BIS inventory,True,True,34,33,128.87893593974582,37.76974854746925,23,3,11,25,2.761104,0.724638,2025-05-27,2025-06-03,8,강릉고등학교-강릉고정문,7
2025,42092144,206-1,강릉-동해상사,True,4200094,강릉여고,BIS inventory,True,True,47,46,128.90248424479844,37.75904463050879,3,6,37,14,0.360144,1.449275,2025-05-27,2025-06-03,8,강릉고등학교-강릉고정문,5
2025,42092144,206-1,강릉-동해상사,True,4200100,강원도교육연수원,BIS inventory,True,True,62,60,128.91813970318609,37.785074864473685,0,6,,14,0.0,1.449275,2025-05-27,2025-06-03,8,강릉고등학교-강릉고정문,5
2025,42092144,206-1,강릉-동해상사,True,4200104,동명중학교,BIS inventory,True,True,8,7,128.91637238303827,37.777185998905715,8,0,24,,0.960384,0.0,2025-05-27,2025-06-03,8,강릉고등학교-강릉고정문,3
2025,42092144,206-1,강릉-동해상사,True,4200106,KT,BIS inventory,True,True,10,9,128.91181164590185,37.77275858732733,23,3,11,25,2.761104,0.724638,2025-05-27,2025-06-03,8,강릉고등학교-강릉고정문,8
2025,42092144,206-1,강릉-동해상사,True,4200108,동인병원입구,BIS inventory,True,True,11,10,128.90953558421478,37.77125258486367,14,0,16,,1.680672,0.0,2025-05-27,2025-06-03,8,강릉고등학교-강릉고정문,6
2025,42092144,206-1,강릉-동해상사,True,4200110,하슬라중,BIS inventory,True,True,12,11,128.90715554439282,37.77053362559672,7,0,25,,0.840336,0.0,2025-05-27,2025-06-03,8,강릉고등학교-강릉고정문,3
2025,42092144,206-1,강릉-동해상사,True,4200114,고용센터,BIS inventory,True,True,21,20,128.88893105798073,37.75744085258255,3,2,37,29,0.360144,0.483092,2025-05-27,2025-06-03,8,강릉고등학교-강릉고정문,4
2025,42092144,206-1,강릉-동해상사,True,4200115,고용센터,BIS inventory,True,True,44,43,128.8890663454416,37.75714942132559,5,5,29,16,0.60024,1.207729,2025-05-27,2025-06-03,8,강릉고등학교-강릉고정문,4
2025,42092144,206-1,강릉-동해상사,True,4200116,적십자입구,BIS inventory,True,True,22,21,128.88726321660565,37.757196360936135,2,1,40,36,0.240096,0.241546,2025-05-27,2025-06-03,8,강릉고등학교-강릉고정문,3
2025,42092144,206-1,강릉-동해상사,True,4200117,적십자입구,BIS inventory,True,True,43,42,128.88647213220725,37.75676623567213,7,3,25,25,0.840336,0.724638,2025-05-27,2025-06-03,8,강릉고등학교-강릉고정문,5
2025,42092144,206-1,강릉-동해상사,True,4200118,터미널오거리,BIS inventory,True,True,23,22,128.8840640923818,37.75608209292866,1,8,45,10,0.120048,1.932367,2025-05-27,2025-06-03,8,강릉고등학교-강릉고정문,3
2025,42092144,206-1,강릉-동해상사,True,4200119,터미널오거리,BIS inventory,True,True,42,41,128.88381140539954,37.755579088211434,5,1,29,36,0.60024,0.241546,2025-05-27,2025-06-03,8,강릉고등학교-강릉고정문,6
2025,42092144,206-1,강릉-동해상사,True,4200120,강릉시외.고속터미널,BIS inventory,True,True,24,23,128.8792265208128,37.75505492071011,5,27,29,3,0.60024,6.521739,2025-05-27,2025-06-03,8,강릉고등학교-강릉고정문,7
2025,42092144,206-1,강릉-동해상사,True,4200121,강릉시외.고속터미널,BIS inventory,True,True,41,40,128.87911620808939,37.75486594086855,66,8,3,10,7.923169,1.932367,2025-05-27,2025-06-03,8,강릉고등학교-강릉고정문,7
2025,42092144,206-1,강릉-동해상사,True,4200122,강릉문화원,BIS inventory,True,True,25,24,128.8740921031382,37.75789663608161,0,2,,29,0.0,0.483092,2025-05-27,2025-06-03,8,강릉고등학교-강릉고정문,2
2025,42092144,206-1,강릉-동해상사,True,4200123,우편집중국,BIS inventory,True,True,26,25,128.8733706824724,37.76051485370646,2,7,40,12,0.240096,1.690821,2025-05-27,2025-06-03,8,강릉고등학교-강릉고정문,5
2025,42092144,206-1,강릉-동해상사,True,4200124,우편집중국,BIS inventory,True,True,40,39,128.87347187490323,37.76156496879712,25,4,8,20,3.0012,0.966184,2025-05-27,2025-06-03,8,강릉고등학교-강릉고정문,8
2025,42092144,206-1,강릉-동해상사,True,4200125,솔올공연장,BIS inventory,True,True,27,26,128.87460623301726,37.76366952964576,4,10,33,8,0.480192,2.415459,2025-05-27,2025-06-03,8,강릉고등학교-강릉고정문,5
2025,42092144,206-1,강릉-동해상사,True,4200126,솔올공연장,BIS inventory,True,True,39,38,128.87424793205705,37.763507530751156,21,0,13,,2.521008,0.0,2025-05-27,2025-06-03,8,강릉고등학교-강릉고정문,7
2025,42092144,206-1,강릉-동해상사,True,4200127,구름다리,BIS inventory,True,True,28,27,128.87654770197503,37.764512872809554,2,5,40,16,0.240096,1.207729,2025-05-27,2025-06-03,8,강릉고등학교-강릉고정문,3
2025,42092144,206-1,강릉-동해상사,True,4200128,구름다리,BIS inventory,True,True,38,37,128.87743298775584,37.764682397677966,40,2,5,29,4.801921,0.483092,2025-05-27,2025-06-03,8,강릉고등학교-강릉고정문,8
2025,42092144,206-1,강릉-동해상사,True,4200129,주공3차아파트,BIS inventory,True,True,29,28,128.87933873663175,37.76410589188944,2,4,40,20,0.240096,0.966184,2025-05-27,2025-06-03,8,강릉고등학교-강릉고정문,3
2025,42092144,206-1,강릉-동해상사,True,4200130,현대2차아파트,BIS inventory,True,True,37,36,128.87999435131803,37.764311243841746,32,1,7,36,3.841537,0.241546,2025-05-27,2025-06-03,8,강릉고등학교-강릉고정문,8
2025,42092144,206-1,강릉-동해상사,True,4200131,하이빌현대아파트,BIS inventory,True,True,30,29,128.8824547932286,37.764860822549025,0,2,,29,0.0,0.483092,2025-05-27,2025-06-03,8,강릉고등학교-강릉고정문,2
2025,42092144,206-1,강릉-동해상사,True,4200132,율곡초등학교,BIS inventory,True,True,36,35,128.88221538693716,37.765100900268116,12,0,19,,1.440576,0.0,2025-05-27,2025-06-03,8,강릉고등학교-강릉고정문,5
2025,42092144,206-1,강릉-동해상사,True,4200134,부영2차아파트,BIS inventory,True,True,32,31,128.88281079370944,37.77016072015751,16,5,14,16,1.920768,1.207729,2025-05-27,2025-06-03,8,강릉고등학교-강릉고정문,6
2025,42092144,206-1,강릉-동해상사,True,4200249,용강동서부시장,BIS inventory,True,True,45,44,128.89167287030088,37.75492247590215,4,22,33,5,0.480192,5.31401,2025-05-27,2025-06-03,8,강릉고등학교-강릉고정문,7
2025,42092144,206-1,강릉-동해상사,True,4200250,용강동서부시장,BIS inventory,True,True,20,19,128.89174828581776,37.7556582744871,12,4,19,20,1.440576,0.966184,2025-05-27,2025-06-03,8,강릉고등학교-강릉고정문,7
2025,42092144,206-1,강릉-동해상사,True,4200251,한국은행,BIS inventory,True,True,19,18,128.89406630781096,37.753485602290496,40,17,5,6,4.801921,4.10628,2025-05-27,2025-06-03,8,강릉고등학교-강릉고정문,8
2025,42092144,206-1,강릉-동해상사,True,4200252,신영극장,BIS inventory,True,True,46,45,128.8961287589657,37.75448236011555,58,127,4,1,6.962785,30.676329,2025-05-27,2025-06-03,8,강릉고등학교-강릉고정문,8
2025,42092144,206-1,강릉-동해상사,True,4200253,교보생명,BIS inventory,True,True,18,17,128.89811415297848,37.756002485379526,164,44,1,2,19.687875,10.628019,2025-05-27,2025-06-03,8,강릉고등학교-강릉고정문,8
2025,42092144,206-1,강릉-동해상사,True,4200258,용지각,BIS inventory,True,True,48,47,128.90534669055177,37.76147384168322,10,9,22,9,1.20048,2.173913,2025-05-27,2025-06-03,8,강릉고등학교-강릉고정문,8
2025,42092144,206-1,강릉-동해상사,True,4200260,동남아파트,BIS inventory,True,True,49,48,128.9088062489658,37.764638779656714,7,5,25,16,0.840336,1.207729,2025-05-27,2025-06-03,8,강릉고등학교-강릉고정문,5
2025,42092144,206-1,강릉-동해상사,True,4200265,혜성연립,BIS inventory,True,True,51,50,128.91575952067353,37.76841531999017,0,4,,20,0.0,0.966184,2025-05-27,2025-06-03,8,강릉고등학교-강릉고정문,4
2025,42092144,206-1,강릉-동해상사,True,4200267,삼우은성아파트,BIS inventory,True,True,52,51,128.91973659122027,37.77025900516923,1,1,45,36,0.120048,0.241546,2025-05-27,2025-06-03,8,강릉고등학교-강릉고정문,2
2025,42092144,206-1,강릉-동해상사,True,4200269,이마트,BIS inventory,True,True,53,52,128.92346774482266,37.772222356268564,1,2,45,29,0.120048,0.483092,2025-05-27,2025-06-03,8,강릉고등학교-강릉고정문,3
2025,42092144,206-1,강릉-동해상사,True,4200273,송정신원아침도시,BIS inventory,True,True,55,54,128.93190852770562,37.774810233413945,0,3,,25,0.0,0.724638,2025-05-27,2025-06-03,8,강릉고등학교-강릉고정문,2
2025,42092144,206-1,강릉-동해상사,True,4200277,비치소라아파트,BIS inventory,True,True,56,55,128.93435177478304,37.77578862012879,0,1,,36,0.0,0.241546,2025-05-27,2025-06-03,8,강릉고등학교-강릉고정문,1
2025,42092144,206-1,강릉-동해상사,True,4200287,강릉고등학교,BIS inventory,True,True,1,0,128.91470458416677,37.788540253578724,7,0,25,,0.840336,0.0,2025-05-27,2025-06-03,8,강릉고등학교-강릉고정문,5
2025,42092144,206-1,강릉-동해상사,True,4200288,경포고교,BIS inventory,True,True,6,5,128.91881546540267,37.78075927662396,5,0,29,,0.60024,0.0,2025-05-27,2025-06-03,8,강릉고등학교-강릉고정문,3
2025,42092144,206-1,강릉-동해상사,True,4200289,한솔초교,BIS inventory,True,True,9,8,128.9142086436632,37.775058134113436,10,1,22,36,1.20048,0.241546,2025-05-27,2025-06-03,8,강릉고등학교-강릉고정문,5
2025,42092144,206-1,강릉-동해상사,True,4200292,주공1차아파트,BIS inventory,True,True,35,34,128.88256780330317,37.766843575404636,24,0,10,,2.881152,0.0,2025-05-27,2025-06-03,8,강릉고등학교-강릉고정문,7
2025,42092144,206-1,강릉-동해상사,True,4200315,구터미널,BIS inventory,True,True,16,15,128.8988430353628,37.76163002626936,0,2,,29,0.0,0.483092,2025-05-27,2025-06-03,8,강릉고등학교-강릉고정문,2
2025,42092144,206-1,강릉-동해상사,True,4200320,강릉역육거리,BIS inventory,True,True,15,14,128.9015605860337,37.763796951176055,4,2,33,29,0.480192,0.483092,2025-05-27,2025-06-03,8,강릉고등학교-강릉고정문,3
2025,42092144,206-1,강릉-동해상사,True,4200322,동도센트리움,BIS inventory,True,True,14,13,128.90456486009336,37.76619195310031,1,1,45,36,0.120048,0.241546,2025-05-27,2025-06-03,8,강릉고등학교-강릉고정문,2
2025,42092144,206-1,강릉-동해상사,True,4200365,삼성디지털센터,BIS inventory,True,True,17,16,128.8966989039856,37.75811194350719,1,0,45,,0.120048,0.0,2025-05-27,2025-06-03,8,강릉고등학교-강릉고정문,1
2025,42092144,206-1,강릉-동해상사,True,4200530,주공2차아파트,BIS inventory,True,True,31,30,128.8850454710998,37.768615366200436,69,25,2,4,8.283313,6.038647,2025-05-27,2025-06-03,8,강릉고등학교-강릉고정문,8
2025,42092144,206-1,강릉-동해상사,True,4201220,포남2주공입구,BIS inventory,True,True,7,6,128.9179885478381,37.77901498558293,13,0,18,,1.560624,0.0,2025-05-27,2025-06-03,8,강릉고등학교-강릉고정문,7
2025,42092144,206-1,강릉-동해상사,True,4201233,초당분수공원,BIS inventory,True,True,61,59,128.9221385517862,37.785996929695614,0,4,,20,0.0,0.966184,2025-05-27,2025-06-03,8,강릉고등학교-강릉고정문,3
2025,42092151,212,강릉-동해상사,True,4200047,강릉고정문,BIS inventory,True,True,35,33,128.91550078840652,37.78828834947499,8,41,16,3,1.632653,12.202381,2025-05-27,2025-06-03,8,안목-안목커피거리,7
2025,42092151,212,강릉-동해상사,True,4200051,송정래미안,BIS inventory,True,True,39,36,128.93021609974548,37.78282723196739,0,2,,20,0.0,0.595238,2025-05-27,2025-06-03,8,안목-안목커피거리,2
2025,42092151,212,강릉-동해상사,True,4200054,삼익아파트,BIS inventory,True,True,40,37,128.93336344346523,37.7794509217129,1,1,29,24,0.204082,0.297619,2025-05-27,2025-06-03,8,안목-안목커피거리,2
2025,42092151,212,강릉-동해상사,True,4200056,해당화연립,BIS inventory,True,True,41,38,128.9356053065312,37.7785328972295,0,1,,24,0.0,0.297619,2025-05-27,2025-06-03,8,안목-안목커피거리,1
2025,42092151,212,강릉-동해상사,True,4200081,강일여고정문,BIS inventory,True,True,23,21,128.88831689919587,37.76415997041872,0,5,,13,0.0,1.488095,2025-05-27,2025-06-03,8,안목-안목커피거리,3
2025,42092151,212,강릉-동해상사,True,4200095,한국자산관리공사,BIS inventory,True,True,12,11,128.90111921880606,37.75827929877246,9,6,14,11,1.836735,1.785714,2025-05-27,2025-06-03,8,안목-안목커피거리,6
2025,42092151,212,강릉-동해상사,True,4200100,강원도교육연수원,BIS inventory,True,True,34,32,128.91813970318609,37.785074864473685,0,3,,16,0.0,0.892857,2025-05-27,2025-06-03,8,안목-안목커피거리,1
2025,42092151,212,강릉-동해상사,True,4200103,경포고교,BIS inventory,True,True,33,31,128.9190546436117,37.78057981084284,3,0,23,,0.612245,0.0,2025-05-27,2025-06-03,8,안목-안목커피거리,1
2025,42092151,212,강릉-동해상사,True,4200107,KT,BIS inventory,True,True,29,27,128.9125052185983,37.77309475265464,10,4,13,14,2.040816,1.190476,2025-05-27,2025-06-03,8,안목-안목커피거리,6
2025,42092151,212,강릉-동해상사,True,4200109,동인병원입구,BIS inventory,True,True,28,26,128.9094857690125,37.77102450992961,4,6,21,11,0.816327,1.785714,2025-05-27,2025-06-03,8,안목-안목커피거리,5
2025,42092151,212,강릉-동해상사,True,4200111,하슬라중,BIS inventory,True,True,27,25,128.90761293140218,37.77043125987649,3,7,23,10,0.612245,2.083333,2025-05-27,2025-06-03,8,안목-안목커피거리,5
2025,42092151,212,강릉-동해상사,True,4200114,고용센터,BIS inventory,True,True,16,15,128.88893105798073,37.75744085258255,0,1,,24,0.0,0.297619,2025-05-27,2025-06-03,8,안목-안목커피거리,1
2025,42092151,212,강릉-동해상사,True,4200116,적십자입구,BIS inventory,True,True,17,16,128.88726321660565,37.757196360936135,0,1,,24,0.0,0.297619,2025-05-27,2025-06-03,8,안목-안목커피거리,1
2025,42092151,212,강릉-동해상사,True,4200118,터미널오거리,BIS inventory,True,True,18,17,128.8840640923818,37.75608209292866,2,3,27,16,0.408163,0.892857,2025-05-27,2025-06-03,8,안목-안목커피거리,3
2025,42092151,212,강릉-동해상사,True,4200121,강릉시외.고속터미널,BIS inventory,True,True,20,19,128.87911620808939,37.75486594086855,76,51,2,2,15.510204,15.178571,2025-05-27,2025-06-03,8,안목-안목커피거리,8
2025,42092151,212,강릉-동해상사,True,4200250,용강동서부시장,BIS inventory,True,True,15,14,128.89174828581776,37.7556582744871,3,1,23,24,0.612245,0.297619,2025-05-27,2025-06-03,8,안목-안목커피거리,3
2025,42092151,212,강릉-동해상사,True,4200251,한국은행,BIS inventory,True,True,14,13,128.89406630781096,37.753485602290496,30,13,6,7,6.122449,3.869048,2025-05-27,2025-06-03,8,안목-안목커피거리,7
2025,42092151,212,강릉-동해상사,True,4200253,교보생명,BIS inventory,True,True,13,12,128.89811415297848,37.756002485379526,34,56,3,1,6.938776,16.666667,2025-05-27,2025-06-03,8,안목-안목커피거리,8
2025,42092151,212,강릉-동해상사,True,4200259,용지각,BIS inventory,True,True,11,10,128.90537716328666,37.76184119439877,6,1,18,24,1.22449,0.297619,2025-05-27,2025-06-03,8,안목-안목커피거리,5
2025,42092151,212,강릉-동해상사,True,4200262,로얄아파트.포남1동주민센터,BIS inventory,True,True,9,8,128.90933288179943,37.76545703763149,6,3,18,16,1.22449,0.892857,2025-05-27,2025-06-03,8,안목-안목커피거리,4
2025,42092151,212,강릉-동해상사,True,4200264,구)동해상사,BIS inventory,True,True,8,7,128.91165113985977,37.76683747950902,14,4,10,14,2.857143,1.190476,2025-05-27,2025-06-03,8,안목-안목커피거리,7
2025,42092151,212,강릉-동해상사,True,4200266,혜성연립,BIS inventory,True,True,7,6,128.9154402649905,37.76852760326643,25,2,8,20,5.102041,0.595238,2025-05-27,2025-06-03,8,안목-안목커피거리,7
2025,42092151,212,강릉-동해상사,True,4200268,삼우은성아파트,BIS inventory,True,True,6,5,128.91881978171756,37.77007704319862,33,2,4,20,6.734694,0.595238,2025-05-27,2025-06-03,8,안목-안목커피거리,8
2025,42092151,212,강릉-동해상사,True,4200270,이마트,BIS inventory,True,True,5,4,128.92290403192536,37.77218493598484,7,2,17,20,1.428571,0.595238,2025-05-27,2025-06-03,8,안목-안목커피거리,5
2025,42092151,212,강릉-동해상사,True,4200272,송정동주민센터,BIS inventory,True,True,4,3,128.92775106138072,37.77430053196711,11,0,11,,2.244898,0.0,2025-05-27,2025-06-03,8,안목-안목커피거리,6
2025,42092151,212,강릉-동해상사,True,4200274,송정노인회관,BIS inventory,True,True,3,2,128.93141909498914,37.77512821569013,30,0,6,,6.122449,0.0,2025-05-27,2025-06-03,8,안목-안목커피거리,8
2025,42092151,212,강릉-동해상사,True,4200279,신도브래뉴,BIS inventory,True,True,42,39,128.93862914925478,37.77730338810464,0,1,,24,0.0,0.297619,2025-05-27,2025-06-03,8,안목-안목커피거리,1
2025,42092151,212,강릉-동해상사,True,4200290,한솔초교,BIS inventory,True,True,30,28,128.91448068318238,37.77500059793141,3,1,23,24,0.612245,0.297619,2025-05-27,2025-06-03,8,안목-안목커피거리,4
2025,42092151,212,강릉-동해상사,True,4200318,포남시장,BIS inventory,True,True,10,9,128.90766061502285,37.76392281820552,4,1,21,24,0.816327,0.297619,2025-05-27,2025-06-03,8,안목-안목커피거리,3
2025,42092151,212,강릉-동해상사,True,4200721,강릉역,BIS inventory,True,True,25,23,128.8992580056024,37.76416330670135,87,23,1,6,17.755102,6.845238,2025-05-27,2025-06-03,8,안목-안목커피거리,8
2025,42092151,212,강릉-동해상사,True,4201043,안목,BIS inventory,True,True,1,0,128.94526892930932,37.77285146151794,33,0,4,,6.734694,0.0,2025-05-27,2025-06-03,8,안목-안목커피거리,8
2025,42092151,212,강릉-동해상사,True,4201044,안목커피거리,BIS inventory,True,True,44,40,128.94543559396536,37.77260342997581,0,41,,3,0.0,12.202381,2025-05-27,2025-06-03,8,안목-안목커피거리,8
2025,42092151,212,강릉-동해상사,True,4201234,초당분수공원,BIS inventory,True,True,37,35,128.92421540479356,37.78614360918137,1,3,29,16,0.204082,0.892857,2025-05-27,2025-06-03,8,안목-안목커피거리,3
2025,42092151,212,강릉-동해상사,True,4201236,포남2주공입구,BIS inventory,True,True,32,30,128.91810027987142,37.77873395771816,0,1,,24,0.0,0.297619,2025-05-27,2025-06-03,8,안목-안목커피거리,1
2025,42092151,212,강릉-동해상사,True,4201376,가작다리입구,BIS inventory,True,True,24,22,128.8944549231389,37.76589747732919,11,11,11,8,2.244898,3.27381,2025-05-27,2025-06-03,8,안목-안목커피거리,4
2025,42092151,212,강릉-동해상사,True,4201386,송정한신아파트후문,BIS inventory,True,True,2,1,128.93962441064605,37.773612640324636,20,0,9,,4.081633,0.0,2025-05-27,2025-06-03,8,안목-안목커피거리,7
2025,42092151,212,강릉-동해상사,True,4202154,롯데캐슬시그니처,BIS inventory,True,True,22,20,128.88177646219214,37.761744282876045,9,11,14,8,1.836735,3.27381,2025-05-27,2025-06-03,8,안목-안목커피거리,7
2025,42092151,212,강릉-동해상사,True,4202155,교동하늘채스카이파크,BIS inventory,True,True,26,24,128.90139949657416,37.77044271657007,2,1,27,24,0.408163,0.297619,2025-05-27,2025-06-03,8,안목-안목커피거리,2
2025,42092151,212,강릉-동해상사,True,4202156,세인트존스호텔,BIS inventory,True,True,36,34,128.92066155176954,37.789921292283566,5,26,20,5,1.020408,7.738095,2025-05-27,2025-06-03,8,안목-안목커피거리,7
2025,42092152,212-1,강릉-동해상사,True,4200048,강릉고정문,BIS inventory,True,True,9,6,128.91587216477294,37.7875280017598,12,3,14,18,2.352941,0.946372,2025-05-27,2025-06-03,8,안목-안목커피거리,5
2025,42092152,212-1,강릉-동해상사,True,4200049,남강초교,BIS inventory,True,True,36,32,128.91338089940805,37.76735161096919,5,9,20,8,0.980392,2.839117,2025-05-27,2025-06-03,8,안목-안목커피거리,7
2025,42092152,212-1,강릉-동해상사,True,4200052,송정래미안,BIS inventory,True,True,6,4,128.93038982126572,37.78292573478735,0,1,,30,0.0,0.315457,2025-05-27,2025-06-03,8,안목-안목커피거리,1
2025,42092152,212-1,강릉-동해상사,True,4200053,오성학교,BIS inventory,True,True,5,3,128.93312248716418,37.77978287851338,5,0,20,,0.980392,0.0,2025-05-27,2025-06-03,8,안목-안목커피거리,4
2025,42092152,212-1,강릉-동해상사,True,4200055,해당화연립,BIS inventory,True,True,4,2,128.93501598562065,37.778964657496246,17,0,7,,3.333333,0.0,2025-05-27,2025-06-03,8,안목-안목커피거리,5
2025,42092152,212-1,강릉-동해상사,True,4200059,강원도교육연수원,BIS inventory,True,True,10,7,128.9180532877992,37.78499697853126,3,2,25,23,0.588235,0.630915,2025-05-27,2025-06-03,8,안목-안목커피거리,3
2025,42092152,212-1,강릉-동해상사,True,4200082,강일여고정문,BIS inventory,True,True,23,20,128.8875516595327,37.76393626119314,0,3,,18,0.0,0.946372,2025-05-27,2025-06-03,8,안목-안목커피거리,3
2025,42092152,212-1,강릉-동해상사,True,4200094,강릉여고,BIS inventory,True,True,33,29,128.90248424479844,37.75904463050879,17,2,7,23,3.333333,0.630915,2025-05-27,2025-06-03,8,안목-안목커피거리,6
2025,42092152,212-1,강릉-동해상사,True,4200101,강릉고입구,BIS inventory,True,True,11,8,128.92013482012848,37.783607089094346,18,0,6,,3.529412,0.0,2025-05-27,2025-06-03,8,안목-안목커피거리,4
2025,42092152,212-1,강릉-동해상사,True,4200104,동명중학교,BIS inventory,True,True,14,11,128.91637238303827,37.777185998905715,3,0,25,,0.588235,0.0,2025-05-27,2025-06-03,8,안목-안목커피거리,2
2025,42092152,212-1,강릉-동해상사,True,4200106,KT,BIS inventory,True,True,16,13,128.91181164590185,37.77275858732733,25,2,4,23,4.901961,0.630915,2025-05-27,2025-06-03,8,안목-안목커피거리,7
2025,42092152,212-1,강릉-동해상사,True,4200108,동인병원입구,BIS inventory,True,True,17,14,128.90953558421478,37.77125258486367,5,5,20,13,0.980392,1.577287,2025-05-27,2025-06-03,8,안목-안목커피거리,4
2025,42092152,212-1,강릉-동해상사,True,4200110,하슬라중,BIS inventory,True,True,18,15,128.90715554439282,37.77053362559672,2,2,28,23,0.392157,0.630915,2025-05-27,2025-06-03,8,안목-안목커피거리,3
2025,42092152,212-1,강릉-동해상사,True,4200115,고용센터,BIS inventory,True,True,30,26,128.8890663454416,37.75714942132559,10,4,16,17,1.960784,1.26183,2025-05-27,2025-06-03,8,안목-안목커피거리,5
2025,42092152,212-1,강릉-동해상사,True,4200117,적십자입구,BIS inventory,True,True,29,25,128.88647213220725,37.75676623567213,5,0,20,,0.980392,0.0,2025-05-27,2025-06-03,8,안목-안목커피거리,4
2025,42092152,212-1,강릉-동해상사,True,4200119,터미널오거리,BIS inventory,True,True,28,24,128.88381140539954,37.755579088211434,9,0,17,,1.764706,0.0,2025-05-27,2025-06-03,8,안목-안목커피거리,5
2025,42092152,212-1,강릉-동해상사,True,4200121,강릉시외.고속터미널,BIS inventory,True,True,27,23,128.87911620808939,37.75486594086855,76,13,2,6,14.901961,4.100946,2025-05-27,2025-06-03,8,안목-안목커피거리,8
2025,42092152,212-1,강릉-동해상사,True,4200249,용강동서부시장,BIS inventory,True,True,31,27,128.89167287030088,37.75492247590215,16,14,10,5,3.137255,4.416404,2025-05-27,2025-06-03,8,안목-안목커피거리,7
2025,42092152,212-1,강릉-동해상사,True,4200252,신영극장,BIS inventory,True,True,32,28,128.8961287589657,37.75448236011555,129,61,1,2,25.294118,19.242902,2025-05-27,2025-06-03,8,안목-안목커피거리,8
2025,42092152,212-1,강릉-동해상사,True,4200258,용지각,BIS inventory,True,True,34,30,128.90534669055177,37.76147384168322,9,11,17,7,1.764706,3.470032,2025-05-27,2025-06-03,8,안목-안목커피거리,7
2025,42092152,212-1,강릉-동해상사,True,4200260,동남아파트,BIS inventory,True,True,35,31,128.9088062489658,37.764638779656714,11,9,15,8,2.156863,2.839117,2025-05-27,2025-06-03,8,안목-안목커피거리,7
2025,42092152,212-1,강릉-동해상사,True,4200263,송정한신아파트후문,BIS inventory,True,True,43,39,128.9386138022858,37.773558747641985,0,3,,18,0.0,0.946372,2025-05-27,2025-06-03,8,안목-안목커피거리,3
2025,42092152,212-1,강릉-동해상사,True,4200265,혜성연립,BIS inventory,True,True,37,33,128.91575952067353,37.76841531999017,0,7,,10,0.0,2.208202,2025-05-27,2025-06-03,8,안목-안목커피거리,4
2025,42092152,212-1,강릉-동해상사,True,4200267,삼우은성아파트,BIS inventory,True,True,38,34,128.91973659122027,37.77025900516923,2,2,28,23,0.392157,0.630915,2025-05-27,2025-06-03,8,안목-안목커피거리,4
2025,42092152,212-1,강릉-동해상사,True,4200269,이마트,BIS inventory,True,True,39,35,128.92346774482266,37.772222356268564,1,5,30,13,0.196078,1.577287,2025-05-27,2025-06-03,8,안목-안목커피거리,4
2025,42092152,212-1,강릉-동해상사,True,4200271,송정동주민센터,BIS inventory,True,True,40,36,128.9281580126049,37.77420386430584,0,1,,30,0.0,0.315457,2025-05-27,2025-06-03,8,안목-안목커피거리,1
2025,42092152,212-1,강릉-동해상사,True,4200273,송정신원아침도시,BIS inventory,True,True,41,37,128.93190852770562,37.774810233413945,0,5,,13,0.0,1.577287,2025-05-27,2025-06-03,8,안목-안목커피거리,3
2025,42092152,212-1,강릉-동해상사,True,4200275,송정한신아파트입구,BIS inventory,True,True,42,38,128.93667614488956,37.77380916737768,0,5,,13,0.0,1.577287,2025-05-27,2025-06-03,8,안목-안목커피거리,2
2025,42092152,212-1,강릉-동해상사,True,4200280,송정해변,BIS inventory,True,True,3,1,128.9381119893655,37.77768849372205,19,0,5,,3.72549,0.0,2025-05-27,2025-06-03,8,안목-안목커피거리,6
2025,42092152,212-1,강릉-동해상사,True,4200288,경포고교,BIS inventory,True,True,12,9,128.91881546540267,37.78075927662396,5,1,20,30,0.980392,0.315457,2025-05-27,2025-06-03,8,안목-안목커피거리,4
2025,42092152,212-1,강릉-동해상사,True,4200289,한솔초교,BIS inventory,True,True,15,12,128.9142086436632,37.775058134113436,3,6,25,11,0.588235,1.892744,2025-05-27,2025-06-03,8,안목-안목커피거리,5
2025,42092152,212-1,강릉-동해상사,True,4200542,강릉MBC,BIS inventory,True,True,19,16,128.90392601394964,37.77039013888439,0,3,,18,0.0,0.946372,2025-05-27,2025-06-03,8,안목-안목커피거리,2
2025,42092152,212-1,강릉-동해상사,True,4200721,강릉역,BIS inventory,True,True,21,18,128.8992580056024,37.76416330670135,13,38,12,3,2.54902,11.987382,2025-05-27,2025-06-03,8,안목-안목커피거리,8
2025,42092152,212-1,강릉-동해상사,True,4200750,강릉시청앞,BIS inventory,True,True,26,22,128.88013307678156,37.753651204654936,0,2,,23,0.0,0.630915,2025-05-27,2025-06-03,8,안목-안목커피거리,2
2025,42092152,212-1,강릉-동해상사,True,4201043,안목,BIS inventory,True,True,1,0,128.94526892930932,37.77285146151794,36,0,3,,7.058824,0.0,2025-05-27,2025-06-03,8,안목-안목커피거리,6
2025,42092152,212-1,강릉-동해상사,True,4201044,안목커피거리,BIS inventory,True,True,44,40,128.94543559396536,37.77260342997581,0,70,,1,0.0,22.082019,2025-05-27,2025-06-03,8,안목-안목커피거리,8
2025,42092152,212-1,강릉-동해상사,True,4201220,포남2주공입구,BIS inventory,True,True,13,10,128.9179885478381,37.77901498558293,7,0,19,,1.372549,0.0,2025-05-27,2025-06-03,8,안목-안목커피거리,5
2025,42092152,212-1,강릉-동해상사,True,4201221,교동하늘채스카이파크,BIS inventory,True,True,20,17,128.90200271905258,37.770481553669924,16,17,10,4,3.137255,5.362776,2025-05-27,2025-06-03,8,안목-안목커피거리,8
2025,42092152,212-1,강릉-동해상사,True,4201375,가작다리입구,BIS inventory,True,True,22,19,128.8943546413669,37.766101443660936,1,2,30,23,0.196078,0.630915,2025-05-27,2025-06-03,8,안목-안목커피거리,1
2025,42092152,212-1,강릉-동해상사,True,4202157,롯데캐슬시그니처,BIS inventory,True,True,24,21,128.88150991460472,37.76169156053964,13,6,12,11,2.54902,1.892744,2025-05-27,2025-06-03,8,안목-안목커피거리,7
2025,42092152,212-1,강릉-동해상사,True,4202158,세인트존스호텔,BIS inventory,True,True,8,5,128.9208321964743,37.79000919070631,17,3,7,18,3.333333,0.946372,2025-05-27,2025-06-03,8,안목-안목커피거리,7
2025,42101048,,,False,4202022,옥계현내시장,BIS inventory,True,False,,13,129.03523947374634,37.60889735545031,14,0,2,,29.166667,0.0,2025-05-27,2025-06-03,8,노봉-노봉,5
2025,42101048,,,False,4202032,옥계현내시장,BIS inventory,True,False,,12,129.03512810350702,37.608949806593664,23,10,1,1,47.916667,90.909091,2025-05-27,2025-06-03,8,노봉-노봉,8
2025,42101048,,,False,4202042,옥계면사무소,BIS inventory,True,False,,14,129.03870359107486,37.61225376052538,3,0,3,,6.25,0.0,2025-05-27,2025-06-03,8,노봉-노봉,3
2025,42101048,,,False,4202062,주수1리,BIS inventory,True,False,,15,129.04484649940426,37.61466278284313,3,0,3,,6.25,0.0,2025-05-27,2025-06-03,8,노봉-노봉,3
2025,42101048,,,False,4202082,옥계역,BIS inventory,True,False,,16,129.0492092887644,37.61767316323472,1,1,6,2,2.083333,9.090909,2025-05-27,2025-06-03,8,노봉-노봉,2
2025,42101048,,,False,4202112,주수2리,BIS inventory,True,False,,8,129.0534798781985,37.618295982570245,1,0,6,,2.083333,0.0,2025-05-27,2025-06-03,8,노봉-노봉,1
2025,42101048,,,False,4202142,도직리,BIS inventory,True,False,,19,129.067789814241,37.60871993490825,1,0,6,,2.083333,0.0,2025-05-27,2025-06-03,8,노봉-노봉,1
2025,42101048,,,False,4202152,도직리,BIS inventory,True,False,,6,129.06871069327684,37.60826859797961,2,0,5,,4.166667,0.0,2025-05-27,2025-06-03,8,노봉-노봉,1
2025,42101049,,,False,4202022,옥계현내시장,BIS inventory,True,False,,58,129.03523947374634,37.60889735545031,21,0,1,,34.42623,0.0,2025-05-27,2025-06-03,8,대동.부영아파트-대동아파트,5
2025,42101049,,,False,4202032,옥계현내시장,BIS inventory,True,False,,57,129.03512810350702,37.608949806593664,12,14,2,1,19.672131,53.846154,2025-05-27,2025-06-03,8,대동.부영아파트-대동아파트,7
2025,42101049,,,False,4202042,옥계면사무소,BIS inventory,True,False,,59,129.03870359107486,37.61225376052538,6,0,5,,9.836066,0.0,2025-05-27,2025-06-03,8,대동.부영아파트-대동아파트,2
2025,42101049,,,False,4202052,옥계면사무소,BIS inventory,True,False,,56,129.03863134955023,37.61234830848836,2,7,6,2,3.278689,26.923077,2025-05-27,2025-06-03,8,대동.부영아파트-대동아파트,6
2025,42101049,,,False,4202062,주수1리,BIS inventory,True,False,,60,129.04484649940426,37.61466278284313,9,0,3,,14.754098,0.0,2025-05-27,2025-06-03,8,대동.부영아파트-대동아파트,5
2025,42101049,,,False,4202072,주수1리,BIS inventory,True,False,,55,129.0445825275631,37.61484876921252,0,1,,4,0.0,3.846154,2025-05-27,2025-06-03,8,대동.부영아파트-대동아파트,1
2025,42101049,,,False,4202082,옥계역,BIS inventory,True,False,,61,129.0492092887644,37.61767316323472,8,0,4,,13.114754,0.0,2025-05-27,2025-06-03,8,대동.부영아파트-대동아파트,4
2025,42101049,,,False,4202092,옥계역,BIS inventory,True,False,,54,129.04915585739857,37.61793983643156,2,3,6,3,3.278689,11.538462,2025-05-27,2025-06-03,8,대동.부영아파트-대동아파트,3
2025,42101049,,,False,4202122,한라시멘트,BIS inventory,True,False,,63,129.0576841685535,37.617825813670024,1,0,8,,1.639344,0.0,2025-05-27,2025-06-03,8,대동.부영아파트-대동아파트,1
2025,42101049,,,False,4202132,한라시멘트,BIS inventory,True,False,,52,129.05801411879924,37.61804339970914,0,1,,4,0.0,3.846154,2025-05-27,2025-06-03,8,대동.부영아파트-대동아파트,1
2025,42101054,,,False,4202022,옥계현내시장,BIS inventory,True,False,,0,129.03523947374634,37.60889735545031,34,0,1,,77.272727,0.0,2025-05-27,2025-06-03,8,옥계현내시장-옥계현내시장,7
2025,42101054,,,False,4202032,옥계현내시장,BIS inventory,True,False,,125,129.03512810350702,37.608949806593664,0,11,,1,0.0,64.705882,2025-05-27,2025-06-03,8,옥계현내시장-옥계현내시장,5
2025,42101054,,,False,4202052,옥계면사무소,BIS inventory,True,False,,124,129.03863134955023,37.61234830848836,0,4,,2,0.0,23.529412,2025-05-27,2025-06-03,8,옥계현내시장-옥계현내시장,2
2025,42101054,,,False,4202062,주수1리,BIS inventory,True,False,,2,129.04484649940426,37.61466278284313,6,0,2,,13.636364,0.0,2025-05-27,2025-06-03,8,옥계현내시장-옥계현내시장,4
2025,42101054,,,False,4202082,옥계역,BIS inventory,True,False,,3,129.0492092887644,37.61767316323472,2,0,3,,4.545455,0.0,2025-05-27,2025-06-03,8,옥계현내시장-옥계현내시장,1
2025,42101054,,,False,4202092,옥계역,BIS inventory,True,False,,122,129.04915585739857,37.61793983643156,0,2,,3,0.0,11.764706,2025-05-27,2025-06-03,8,옥계현내시장-옥계현내시장,2
2025,42101054,,,False,4202122,한라시멘트,BIS inventory,True,False,,5,129.0576841685535,37.617825813670024,2,0,3,,4.545455,0.0,2025-05-27,2025-06-03,8,옥계현내시장-옥계현내시장,1
2025,43104005,,,False,4312050,향호리종점,smartcard station files,False,False,,35,,,30,20,1,1,100.0,100.0,2025-05-27,2025-06-03,8,양양종합여객터미-양양종합터미널앞,8
2025,43107001,,,False,4311940,향호리종점,smartcard station files,False,False,,0,,,91,0,1,,61.073826,0.0,2025-05-27,2025-06-03,8,향호리종점-향호리종점,8
2025,43107001,,,False,4312050,향호리종점,smartcard station files,False,False,,20,,,58,20,2,1,38.926174,100.0,2025-05-27,2025-06-03,8,향호리종점-향호리종점,7
2025,43107002,,,False,4311940,향호리종점,smartcard station files,False,False,,0,,,15,0,1,,75.0,0.0,2025-05-27,2025-06-03,8,향호리종점-향호리종점,4
2025,43107002,,,False,4312050,향호리종점,smartcard station files,False,False,,41,,,5,3,2,1,25.0,100.0,2025-05-27,2025-06-03,8,향호리종점-향호리종점,2
2025,43107003,,,False,4311940,향호리종점,smartcard station files,False,False,,0,,,76,2,1,2,53.521127,8.695652,2025-05-27,2025-06-03,8,향호리종점-향호리종점,7
2025,43107003,,,False,4312050,향호리종점,smartcard station files,False,False,,40,,,66,21,2,1,46.478873,91.304348,2025-05-27,2025-06-03,8,향호리종점-향호리종점,6
