route_id,route_name,company_name,response_order,station_order,sttn_id,sttn_nm,longitude,latitude,turn_seq,up_down,first_time,last_time
42002001,101,강릉-동진버스,1,1,4201209,공단,128.92205416940635,37.765196014305694,43,,07:20,19:30
42002001,101,강릉-동진버스,2,2,4201205,입암2.3주공,128.9161850255649,37.765072488547595,43,,07:20,19:30
42002001,101,강릉-동진버스,3,3,4200262,로얄아파트.포남1동주민센터,128.90933288179943,37.76545703763149,43,,07:20,19:30
42002001,101,강릉-동진버스,4,4,4200318,포남시장,128.90766061502285,37.76392281820552,43,,07:20,19:30
42002001,101,강릉-동진버스,5,5,4200259,용지각,128.90537716328666,37.76184119439877,43,,07:20,19:30
42002001,101,강릉-동진버스,6,6,4200257,옥천119안전센터,128.90305174420297,37.761041080134646,43,,07:20,19:30
42002001,101,강릉-동진버스,7,7,4200721,강릉역,128.8992580056024,37.76416330670135,43,,07:20,19:30
42002001,101,강릉-동진버스,8,8,4200315,구터미널,128.8988430353628,37.76163002626936,43,,07:20,19:30
42002001,101,강릉-동진버스,9,9,4201037,말나눔터공원,128.8946789617544,37.758644529934365,43,,07:20,19:30
42002001,101,강릉-동진버스,10,10,4200114,고용센터,128.88893105798073,37.75744085258255,43,,07:20,19:30
42002001,101,강릉-동진버스,11,11,4200116,적십자입구,128.88726321660565,37.757196360936135,43,,07:20,19:30
42002001,101,강릉-동진버스,12,12,4200118,터미널오거리,128.8840640923818,37.75608209292866,43,,07:20,19:30
42002001,101,강릉-동진버스,13,13,4200750,강릉시청앞,128.88013307678156,37.753651204654936,43,,07:20,19:30
42002001,101,강릉-동진버스,14,14,4200121,강릉시외.고속터미널,128.87911620808939,37.75486594086855,43,,07:20,19:30
42002001,101,강릉-동진버스,15,15,4200119,터미널오거리,128.88381140539954,37.755579088211434,43,,07:20,19:30
42002001,101,강릉-동진버스,16,16,4200117,적십자입구,128.88647213220725,37.75676623567213,43,,07:20,19:30
42002001,101,강릉-동진버스,17,17,4200115,고용센터,128.8890663454416,37.75714942132559,43,,07:20,19:30
42002001,101,강릉-동진버스,18,18,4200249,용강동서부시장,128.89167287030088,37.75492247590215,43,,07:20,19:30
42002001,101,강릉-동진버스,19,19,4200252,신영극장,128.8961287589657,37.75448236011555,43,,07:20,19:30
42002001,101,강릉-동진버스,20,20,4201199,남대천.강릉교,128.9010687000649,37.75417893755025,43,,07:20,19:30
42002001,101,강릉-동진버스,21,21,4201197,강릉중입구,128.9042740269736,37.752586182446684,43,,07:20,19:30
42002001,101,강릉-동진버스,22,22,4201195,노암현대아파트,128.9064519321124,37.750397397899654,43,,07:20,19:30
42002001,101,강릉-동진버스,23,23,4200792,부흥마을,128.90633218029933,37.74678151751788,43,,07:20,19:30
42002001,101,강릉-동진버스,24,24,4200736,똑갑재,128.9084947975427,37.742997829596284,43,,07:20,19:30
42002001,101,강릉-동진버스,25,25,4200734,평안의집,128.90504736881275,37.740698188102115,43,,07:20,19:30
42002001,101,강릉-동진버스,26,26,4200732,삼흥사,128.901198738292,37.739798973918525,43,,07:20,19:30
42002001,101,강릉-동진버스,27,27,4200730,보리사입구,128.89777570598176,37.73631225974452,43,,07:20,19:30
42002001,101,강릉-동진버스,28,28,4200728,모산초교,128.90028293302265,37.73143070810136,43,,07:20,19:30
42002001,101,강릉-동진버스,29,29,4200726,가축위생시험사업소,128.90125274168807,37.729547291652196,43,,07:20,19:30
42002001,101,강릉-동진버스,30,30,4200681,금강사입구,128.90287627896166,37.72624677465358,43,,07:20,19:30
42002001,101,강릉-동진버스,31,31,4200683,화신주방,128.90243322099724,37.721781731022375,43,,07:20,19:30
42002001,101,강릉-동진버스,32,32,4200685,학산부대후문,128.90185937428248,37.71950094147702,43,,07:20,19:30
42002001,101,강릉-동진버스,33,33,4200687,담산1리,128.90238189653846,37.71752043471821,43,,07:20,19:30
42002001,101,강릉-동진버스,34,34,4200689,담산2리,128.90107050248153,37.7152173518283,43,,07:20,19:30
42002001,101,강릉-동진버스,35,35,4200691,학산부대앞,128.9016572721052,37.71202064934549,43,,07:20,19:30
42002001,101,강릉-동진버스,36,36,4200693,대경상사앞,128.89804496237466,37.71104193868198,43,,07:20,19:30
42002001,101,강릉-동진버스,37,37,4200695,학산둔지,128.89465764592643,37.71376560853827,43,,07:20,19:30
42002001,101,강릉-동진버스,38,38,4200697,학산1리,128.89410318195965,37.709756692977734,43,,07:20,19:30
42002001,101,강릉-동진버스,39,39,4200699,굴산사지,128.89328371501892,37.70698044216881,43,,07:20,19:30
42002001,101,강릉-동진버스,40,40,4200701,옥봉마을,128.89299808417252,37.703844690722654,43,,07:20,19:30
42002001,101,강릉-동진버스,41,41,4201422,구정옥봉길,128.8928182495002,37.70145893549343,43,,07:20,19:30
42002001,101,강릉-동진버스,42,42,4200703,학산2리,128.89237120059903,37.69808781147039,43,,07:20,19:30
42002001,101,강릉-동진버스,43,43,4200706,학산설래,128.8930578775653,37.69580131479523,43,,07:20,19:30
42002001,101,강릉-동진버스,44,44,4200707,대성사입구,128.88866018338805,37.699701320397004,43,,07:20,19:30
42002001,101,강릉-동진버스,45,45,4200709,학산2리마을회관,128.8886619883527,37.70619292326437,43,,07:20,19:30
42002001,101,강릉-동진버스,46,46,4200711,굴산사입구,128.88905996426578,37.70832144703753,43,,07:20,19:30
42002001,101,강릉-동진버스,47,47,4200713,사이말교,128.88807348333134,37.711972121452696,43,,07:20,19:30
42002001,101,강릉-동진버스,48,48,4201423,조순생가,128.88844816983337,37.713682167259954,43,,07:20,19:30
42002001,101,강릉-동진버스,49,49,4201424,학산1리,128.88951590870155,37.71580085246317,43,,07:20,19:30
42002001,101,강릉-동진버스,50,50,4201425,성황당교,128.89068764552184,37.7193346055837,43,,07:20,19:30
42002001,101,강릉-동진버스,51,51,4201429,삿갓2교,128.89440260554116,37.72191310597893,43,,07:20,19:30
42002001,101,강릉-동진버스,52,52,4201426,동해식품,128.89855245250976,37.72443751894129,43,,07:20,19:30
42002001,101,강릉-동진버스,53,53,4200682,금강사입구,128.90297134006664,37.726211833119876,43,,07:20,19:30
42002001,101,강릉-동진버스,54,54,4200725,가축위생시험사업소,128.90146946473587,37.729510021653965,43,,07:20,19:30
42002001,101,강릉-동진버스,55,55,4200727,모산초교,128.90037137412145,37.73145457144734,43,,07:20,19:30
42002001,101,강릉-동진버스,56,56,4200729,보리사입구,128.89785144363964,37.73626831506908,43,,07:20,19:30
42002001,101,강릉-동진버스,57,57,4200731,삼흥사,128.90121043083064,37.739730650079785,43,,07:20,19:30
42002001,101,강릉-동진버스,58,58,4200733,평안의집,128.90510785537055,37.74063841474535,43,,07:20,19:30
42002001,101,강릉-동진버스,59,59,4200735,똑갑재,128.9083233266339,37.74372779918021,43,,07:20,19:30
42002001,101,강릉-동진버스,60,60,4200791,부흥마을,128.90637359052232,37.746896583401664,43,,07:20,19:30
42002001,101,강릉-동진버스,61,61,4201194,병무청,128.90730907557136,37.749719639382455,43,,07:20,19:30
42002001,101,강릉-동진버스,62,62,4201196,강릉중입구,128.90469921141985,37.752586496675974,43,,07:20,19:30
42002001,101,강릉-동진버스,63,63,4201198,남대천.강릉교,128.9010015999516,37.75454267936518,43,,07:20,19:30
42002001,101,강릉-동진버스,64,64,4200094,강릉여고,128.90248424479844,37.75904463050879,43,,07:20,19:30
42002001,101,강릉-동진버스,65,65,4200258,용지각,128.90534669055177,37.76147384168322,43,,07:20,19:30
42002001,101,강릉-동진버스,66,66,4200260,동남아파트,128.9088062489658,37.764638779656714,43,,07:20,19:30
42002001,101,강릉-동진버스,67,67,4201206,입암2.3주공,128.9164847952377,37.764981798289845,43,,07:20,19:30
42002001,101,강릉-동진버스,68,68,4201207,현대자동차서비스,128.9189460603978,37.76507644083287,43,,07:20,19:30
42002001,101,강릉-동진버스,69,69,4200191,공단,128.92224127533925,37.765245144772656,43,,07:20,19:30
42002003,103,강릉-동진버스,1,1,4200044,차고지대기(미정차),128.93316603832002,37.76938974153612,34,,07:50,19:10
42002003,103,강릉-동진버스,2,2,4201205,입암2.3주공,128.9161850255649,37.765072488547595,34,,07:50,19:10
42002003,103,강릉-동진버스,3,3,4200113,강릉관광개발공사,128.90865897771857,37.76820323697218,34,,07:50,19:10
42002003,103,강릉-동진버스,4,4,4200542,강릉MBC,128.90392601394964,37.77039013888439,34,,07:50,19:10
42002003,103,강릉-동진버스,5,5,4201221,교동하늘채스카이파크,128.90200271905258,37.770481553669924,34,,07:50,19:10
42002003,103,강릉-동진버스,6,6,4200544,종합경기장입구,128.89740621946726,37.770531883728914,34,,07:50,19:10
42002003,103,강릉-동진버스,7,7,4200546,e-편한세상아파트,128.89508217030252,37.76981271024109,34,,07:50,19:10
42002003,103,강릉-동진버스,8,8,4200042,롯데캐슬아파트,128.89120929799194,37.766948306391974,34,,07:50,19:10
42002003,103,강릉-동진버스,9,9,4200245,이명사거리,128.89157918705828,37.764565078717,34,,07:50,19:10
42002003,103,강릉-동진버스,10,10,4200247,강릉제일고,128.8918779735197,37.759537356247826,34,,07:50,19:10
42002003,103,강릉-동진버스,11,11,4200249,용강동서부시장,128.89167287030088,37.75492247590215,34,,07:50,19:10
42002003,103,강릉-동진버스,12,12,4200252,신영극장,128.8961287589657,37.75448236011555,34,,07:50,19:10
42002003,103,강릉-동진버스,13,13,4201199,남대천.강릉교,128.9010687000649,37.75417893755025,34,,07:50,19:10
42002003,103,강릉-동진버스,14,14,4201197,강릉중입구,128.9042740269736,37.752586182446684,34,,07:50,19:10
42002003,103,강릉-동진버스,15,15,4201195,노암현대아파트,128.9064519321124,37.750397397899654,34,,07:50,19:10
42002003,103,강릉-동진버스,16,16,4200792,부흥마을,128.90633218029933,37.74678151751788,34,,07:50,19:10
42002003,103,강릉-동진버스,17,17,4200736,똑갑재,128.9084947975427,37.742997829596284,34,,07:50,19:10
42002003,103,강릉-동진버스,18,18,4200680,유산동노인회관,128.90975279156388,37.73997249911831,34,,07:50,19:10
42002003,103,강릉-동진버스,19,19,4200678,유산민물장어,128.9117917615037,37.73586343058287,34,,07:50,19:10
42002003,103,강릉-동진버스,20,20,4200676,박월동마을회관,128.9141099667606,37.7303231623845,34,,07:50,19:10
42002003,103,강릉-동진버스,21,21,4200674,버들교,128.9179091300679,37.722227707735385,34,,07:50,19:10
42002003,103,강릉-동진버스,22,22,4200672,금광리성황당,128.91735327783445,37.717909805835454,34,,07:50,19:10
42002003,103,강릉-동진버스,23,23,4200670,하이샤시,128.91718137940222,37.71406745689133,34,,07:50,19:10
42002003,103,강릉-동진버스,24,24,4200668,금광교회입구,128.91734376603898,37.7117034048731,34,,07:50,19:10
42002003,103,강릉-동진버스,25,25,4201385,금광1리마을회관,128.91594038830377,37.70955296171714,34,,07:50,19:10
42002003,103,강릉-동진버스,26,26,4200631,금광정미소,128.91530343519958,37.70823344476309,34,,07:50,19:10
42002003,103,강릉-동진버스,27,27,4200633,소양가든,128.91470984838725,37.70545388269156,34,,07:50,19:10
42002003,103,강릉-동진버스,28,28,4200635,금광리1반,128.9143131847074,37.70220671426674,34,,07:50,19:10
42002003,103,강릉-동진버스,29,29,4200637,천주교회,128.9146583268783,37.69918070112344,34,,07:50,19:10
42002003,103,강릉-동진버스,30,30,4200639,어단2리마을회관,128.91146885408946,37.6964376324294,34,,07:50,19:10
42002003,103,강릉-동진버스,31,31,4200641,한빛마을입구,128.9070507747374,37.69408474392719,34,,07:50,19:10
42002003,103,강릉-동진버스,32,32,4200643,어단1리마을회관,128.90163121019464,37.69306524952247,34,,07:50,19:10
42002003,103,강릉-동진버스,33,33,4200645,어단1리성황당,128.8997465866069,37.69146948045897,34,,07:50,19:10
42002003,103,강릉-동진버스,34,34,4200648,어단리.법왕사,128.89523586027252,37.689105321389235,34,,07:50,19:10
42002003,103,강릉-동진버스,35,35,4200649,강릉자동차극장,128.89682798746503,37.69309290590324,34,,07:50,19:10
42002003,103,강릉-동진버스,36,36,4200651,어단1리,128.89857868128925,37.69687081252176,34,,07:50,19:10
42002003,103,강릉-동진버스,37,37,4200653,남강릉IC입구,128.90059387366637,37.69980820493369,34,,07:50,19:10
42002003,103,강릉-동진버스,38,38,4200655,내곡과수원,128.901945977448,37.70187078093137,34,,07:50,19:10
42002003,103,강릉-동진버스,39,39,4200657,학산3리마을회관,128.90349173805726,37.7044381914233,34,,07:50,19:10
42002003,103,강릉-동진버스,40,40,4200659,해찬들,128.90171063124305,37.70707432471398,34,,07:50,19:10
42002003,103,강릉-동진버스,41,41,4200662,학산부대앞,128.90202642695186,37.711725950607516,34,,07:50,19:10
42002003,103,강릉-동진버스,42,42,4200663,학산기갑부대앞,128.90587703156245,37.71210753958188,34,,07:50,19:10
42002003,103,강릉-동진버스,43,43,4200665,금광삼거리,128.91515459286336,37.70904726058568,34,,07:50,19:10
42002003,103,강릉-동진버스,44,44,4200628,금광1리마을회관,128.91600348378523,37.70952097409381,34,,07:50,19:10
42002003,103,강릉-동진버스,45,45,4200667,금광교회입구,128.91743884657853,37.711688785639396,34,,07:50,19:10
42002003,103,강릉-동진버스,46,46,4200669,하이샤시,128.91728256074563,37.71407658570209,34,,07:50,19:10
42002003,103,강릉-동진버스,47,47,4200671,금광리성황당,128.9174498206258,37.717903115802514,34,,07:50,19:10
42002003,103,강릉-동진버스,48,48,4200673,버들교,128.91800220365803,37.72225137691791,34,,07:50,19:10
42002003,103,강릉-동진버스,49,49,4200675,박월동마을회관,128.91430313467623,37.73038001057271,34,,07:50,19:10
42002003,103,강릉-동진버스,50,50,4200677,유산민물장어,128.91188581173668,37.73590297036683,34,,07:50,19:10
42002003,103,강릉-동진버스,51,51,4200679,유산동노인회관,128.9098408904697,37.73999573125917,34,,07:50,19:10
42002003,103,강릉-동진버스,52,52,4200735,똑갑재,128.9083233266339,37.74372779918021,34,,07:50,19:10
42002003,103,강릉-동진버스,53,53,4200791,부흥마을,128.90637359052232,37.746896583401664,34,,07:50,19:10
42002003,103,강릉-동진버스,54,54,4201194,병무청,128.90730907557136,37.749719639382455,34,,07:50,19:10
42002003,103,강릉-동진버스,55,55,4201196,강릉중입구,128.90469921141985,37.752586496675974,34,,07:50,19:10
42002003,103,강릉-동진버스,56,56,4201198,남대천.강릉교,128.9010015999516,37.75454267936518,34,,07:50,19:10
42002003,103,강릉-동진버스,57,57,4200094,강릉여고,128.90248424479844,37.75904463050879,34,,07:50,19:10
42002003,103,강릉-동진버스,58,58,4200258,용지각,128.90534669055177,37.76147384168322,34,,07:50,19:10
42002003,103,강릉-동진버스,59,59,4200260,동남아파트,128.9088062489658,37.764638779656714,34,,07:50,19:10
42002003,103,강릉-동진버스,60,60,4201206,입암2.3주공,128.9164847952377,37.764981798289845,34,,07:50,19:10
42002003,103,강릉-동진버스,61,61,4200044,차고지대기(미정차),128.93316603832002,37.76938974153612,34,,07:50,19:10
42002006,104-2,강릉-동진버스,1,1,4201043,안목,128.94526892930932,37.77285146151794,42,,07:45,19:55
42002006,104-2,강릉-동진버스,2,2,4201427,오션시티아이파크,128.94172063887467,37.77534012183183,42,,07:45,19:55
42002006,104-2,강릉-동진버스,3,3,4200280,송정해변,128.9381119893655,37.77768849372205,42,,07:45,19:55
42002006,104-2,강릉-동진버스,4,4,4200055,해당화연립,128.93501598562065,37.778964657496246,42,,07:45,19:55
42002006,104-2,강릉-동진버스,5,5,4200053,오성학교,128.93312248716418,37.77978287851338,42,,07:45,19:55
42002006,104-2,강릉-동진버스,6,6,4200052,송정래미안,128.93038982126572,37.78292573478735,42,,07:45,19:55
42002006,104-2,강릉-동진버스,7,7,4202172,신라모노그램,128.92730314100064,37.78470637599459,42,,07:45,19:55
42002006,104-2,강릉-동진버스,8,8,4201233,초당분수공원,128.9221385517862,37.785996929695614,42,,07:45,19:55
42002006,104-2,강릉-동진버스,9,9,4200101,강릉고입구,128.92013482012848,37.783607089094346,42,,07:45,19:55
42002006,104-2,강릉-동진버스,10,10,4200288,경포고교,128.91881546540267,37.78075927662396,42,,07:45,19:55
42002006,104-2,강릉-동진버스,11,11,4201220,포남2주공입구,128.9179885478381,37.77901498558293,42,,07:45,19:55
42002006,104-2,강릉-동진버스,12,12,4200104,동명중학교,128.91637238303827,37.777185998905715,42,,07:45,19:55
42002006,104-2,강릉-동진버스,13,13,4200289,한솔초교,128.9142086436632,37.775058134113436,42,,07:45,19:55
42002006,104-2,강릉-동진버스,14,14,4200106,KT,128.91181164590185,37.77275858732733,42,,07:45,19:55
42002006,104-2,강릉-동진버스,15,15,4200108,동인병원입구,128.90953558421478,37.77125258486367,42,,07:45,19:55
42002006,104-2,강릉-동진버스,16,16,4200110,하슬라중,128.90715554439282,37.77053362559672,42,,07:45,19:55
42002006,104-2,강릉-동진버스,17,17,4200112,강릉관광개발공사,128.9085231695166,37.76800046518587,42,,07:45,19:55
42002006,104-2,강릉-동진버스,18,18,4200262,로얄아파트.포남1동주민센터,128.90933288179943,37.76545703763149,42,,07:45,19:55
42002006,104-2,강릉-동진버스,19,19,4200318,포남시장,128.90766061502285,37.76392281820552,42,,07:45,19:55
42002006,104-2,강릉-동진버스,20,20,4200259,용지각,128.90537716328666,37.76184119439877,42,,07:45,19:55
42002006,104-2,강릉-동진버스,21,21,4200095,한국자산관리공사,128.90111921880606,37.75827929877246,42,,07:45,19:55
42002006,104-2,강릉-동진버스,22,22,4200253,교보생명,128.89811415297848,37.756002485379526,42,,07:45,19:55
42002006,104-2,강릉-동진버스,23,23,4200251,한국은행,128.89406630781096,37.753485602290496,42,,07:45,19:55
42002006,104-2,강릉-동진버스,24,24,4200852,강릉대도호부관아,128.8916610029413,37.75117323796815,42,,07:45,19:55
42002006,104-2,강릉-동진버스,25,25,4200850,강릉의료원,128.88880799404643,37.748819708567,42,,07:45,19:55
42002006,104-2,강릉-동진버스,26,26,4200001,내곡교,128.88717490623026,37.74653766880734,42,,07:45,19:55
42002006,104-2,강릉-동진버스,27,27,4200849,내곡현대아파트,128.88327994384045,37.74557191636756,42,,07:45,19:55
42002006,104-2,강릉-동진버스,28,28,4200366,내곡한라아파트,128.88110089995297,37.74513149140333,42,,07:45,19:55
42002006,104-2,강릉-동진버스,29,29,4200847,회산주공1단지,128.87955033053632,37.744879735537495,42,,07:45,19:55
42002006,104-2,강릉-동진버스,30,30,4200758,회산주공2단지,128.8755135006868,37.7435978056025,42,,07:45,19:55
42002006,104-2,강릉-동진버스,31,31,4200845,회산교,128.86893532851613,37.74168123777201,42,,07:45,19:55
42002006,104-2,강릉-동진버스,32,32,4200842,서희아파트,128.86542964738,37.739494273568006,42,,07:45,19:55
42002006,104-2,강릉-동진버스,33,33,4200841,강일운수(회산한신더휴아파트),128.86326996430768,37.736857601908014,42,,07:45,19:55
42002006,104-2,강릉-동진버스,34,34,4200839,제비리정미소,128.8594036715264,37.72987082372568,42,,07:45,19:55
42002006,104-2,강릉-동진버스,35,35,4200837,강원예술고교,128.86150617422848,37.725488347649346,42,,07:45,19:55
42002006,104-2,강릉-동진버스,36,36,4200835,개화대,128.8607659459164,37.72312828112019,42,,07:45,19:55
42002006,104-2,강릉-동진버스,37,37,4200833,제비1리마을회관,128.8620977553537,37.71966811408695,42,,07:45,19:55
42002006,104-2,강릉-동진버스,38,38,4200831,등고비,128.8616371241439,37.71615919045265,42,,07:45,19:55
42002006,104-2,강릉-동진버스,39,39,4200064,윗회산,128.86237406495107,37.71154075190158,42,,07:45,19:55
42002006,104-2,강릉-동진버스,40,40,4200824,제비삼거리,128.8614786499892,37.70922991859699,42,,07:45,19:55
42002006,104-2,강릉-동진버스,41,41,4200829,신광사입구,128.85953628339269,37.70852190735515,42,,07:45,19:55
42002006,104-2,강릉-동진버스,42,42,4200826,제비리,128.85827155633717,37.70524685021708,42,,07:45,19:55
42002006,104-2,강릉-동진버스,43,43,4200828,신광사입구,128.85959135500886,37.70844237993537,42,,07:45,19:55
42002006,104-2,강릉-동진버스,44,44,4200825,제비삼거리,128.8615088123862,37.70915992717116,42,,07:45,19:55
42002006,104-2,강릉-동진버스,45,45,4200284,진골,128.86337243060487,37.70683089545619,42,,07:45,19:55
42002006,104-2,강릉-동진버스,46,46,4200822,솔향수목원입구,128.8693376080556,37.70921581710481,42,,07:45,19:55
42002006,104-2,강릉-동진버스,47,47,4200821,구정마을회관,128.87144937425245,37.71002947764621,42,,07:45,19:55
42002006,104-2,강릉-동진버스,48,48,4200818,성황당,128.8735164959862,37.712407011021696,42,,07:45,19:55
42002006,104-2,강릉-동진버스,49,49,4200816,오뚜기물류서비스,128.87782869819907,37.71615014292806,42,,07:45,19:55
42002006,104-2,강릉-동진버스,50,50,4200814,구정면사무소,128.88002787863965,37.71794143004597,42,,07:45,19:55
42002006,104-2,강릉-동진버스,51,51,4200812,구정보건지소,128.88246310473926,37.72030864287925,42,,07:45,19:55
42002006,104-2,강릉-동진버스,52,52,4200810,문화마을,128.88042620487306,37.72295333667196,42,,07:45,19:55
42002006,104-2,강릉-동진버스,53,53,4200808,자조와리,128.8787893136159,37.726283262247435,42,,07:45,19:55
42002006,104-2,강릉-동진버스,54,54,4200806,프라자약국,128.87901214606964,37.728760157474696,42,,07:45,19:55
42002006,104-2,강릉-동진버스,55,55,4200804,농협창고,128.87906447230628,37.732212820532425,42,,07:45,19:55
42002006,104-2,강릉-동진버스,56,56,4200802,기산아파트,128.87993356966643,37.73422591779592,42,,07:45,19:55
42002006,104-2,강릉-동진버스,57,57,4200800,내곡동주민센터,128.88065784045662,37.7384607745783,42,,07:45,19:55
42002006,104-2,강릉-동진버스,58,58,4200359,하나로마트내곡점,128.88026417146904,37.7410809708167,42,,07:45,19:55
42002006,104-2,강릉-동진버스,59,59,4200065,보건소,128.8829859719751,37.74393637256719,42,,07:45,19:55
42002006,104-2,강릉-동진버스,60,60,4200358,삼창그린맨션,128.88749893563826,37.744743384730015,42,,07:45,19:55
42002006,104-2,강릉-동진버스,61,61,4200357,내곡교,128.88814500034871,37.745625057468914,42,,07:45,19:55
42002006,104-2,강릉-동진버스,62,62,4200851,강릉의료원,128.89091430945297,37.74975576653371,42,,07:45,19:55
42002006,104-2,강릉-동진버스,63,63,4200853,강릉대도호부관아,128.89234522879923,37.75163825691615,42,,07:45,19:55
42002006,104-2,강릉-동진버스,64,64,4200252,신영극장,128.8961287589657,37.75448236011555,42,,07:45,19:55
42002006,104-2,강릉-동진버스,65,65,4200094,강릉여고,128.90248424479844,37.75904463050879,42,,07:45,19:55
42002006,104-2,강릉-동진버스,66,66,4200258,용지각,128.90534669055177,37.76147384168322,42,,07:45,19:55
42002006,104-2,강릉-동진버스,67,67,4200260,동남아파트,128.9088062489658,37.764638779656714,42,,07:45,19:55
42002006,104-2,강릉-동진버스,68,68,4200113,강릉관광개발공사,128.90865897771857,37.76820323697218,42,,07:45,19:55
42002006,104-2,강릉-동진버스,69,69,4200111,하슬라중,128.90761293140218,37.77043125987649,42,,07:45,19:55
42002006,104-2,강릉-동진버스,70,70,4200109,동인병원입구,128.9094857690125,37.77102450992961,42,,07:45,19:55
42002006,104-2,강릉-동진버스,71,71,4200107,KT,128.9125052185983,37.77309475265464,42,,07:45,19:55
42002006,104-2,강릉-동진버스,72,72,4200290,한솔초교,128.91448068318238,37.77500059793141,42,,07:45,19:55
42002006,104-2,강릉-동진버스,73,73,4200105,동명중학교,128.9161008666347,37.77658681943468,42,,07:45,19:55
42002006,104-2,강릉-동진버스,74,74,4201236,포남2주공입구,128.91810027987142,37.77873395771816,42,,07:45,19:55
42002006,104-2,강릉-동진버스,75,75,4200103,경포고교,128.9190546436117,37.78057981084284,42,,07:45,19:55
42002006,104-2,강릉-동진버스,76,76,4200102,강릉고입구,128.92044843215433,37.78352944320342,42,,07:45,19:55
42002006,104-2,강릉-동진버스,77,77,4201234,초당분수공원,128.92421540479356,37.78614360918137,42,,07:45,19:55
42002006,104-2,강릉-동진버스,78,78,4202171,신라모노그램,128.92766337576,37.78423838201166,42,,07:45,19:55
42002006,104-2,강릉-동진버스,79,79,4200051,송정래미안,128.93021609974548,37.78282723196739,42,,07:45,19:55
42002006,104-2,강릉-동진버스,80,80,4200054,삼익아파트,128.93336344346523,37.7794509217129,42,,07:45,19:55
42002006,104-2,강릉-동진버스,81,81,4200056,해당화연립,128.9356053065312,37.7785328972295,42,,07:45,19:55
42002006,104-2,강릉-동진버스,82,82,4200279,신도브래뉴,128.93862914925478,37.77730338810464,42,,07:45,19:55
42002006,104-2,강릉-동진버스,83,83,4201428,오션시티아이파크,128.94156983542882,37.775150292669956,42,,07:45,19:55
42002006,104-2,강릉-동진버스,84,84,4201044,안목커피거리,128.94543559396536,37.77260342997581,42,,07:45,19:55
42002010,110,강릉-동진버스,1,1,4200293,강릉역건너편,128.8990669694857,37.76400772021464,10,,07:30,20:10
42002010,110,강릉-동진버스,2,2,4200095,한국자산관리공사,128.90111921880606,37.75827929877246,10,,07:30,20:10
42002010,110,강릉-동진버스,3,3,4201199,남대천.강릉교,128.9010687000649,37.75417893755025,10,,07:30,20:10
42002010,110,강릉-동진버스,4,4,4201197,강릉중입구,128.9042740269736,37.752586182446684,10,,07:30,20:10
42002010,110,강릉-동진버스,5,5,4201193,병무청,128.90845061267927,37.74811821805219,10,,07:30,20:10
42002010,110,강릉-동진버스,6,6,4201177,강동면사무소,128.9546118972993,37.72728097155823,10,,07:30,20:10
42002010,110,강릉-동진버스,7,7,4201094,낙풍리입구,129.03474260887603,37.62332181243499,10,,07:30,20:10
42002010,110,강릉-동진버스,8,8,4200034,현내리,129.03644185085787,37.61785851158642,10,,07:30,20:10
42002010,110,강릉-동진버스,9,9,4202052,옥계면사무소,129.03863134955023,37.61234830848836,10,,07:30,20:10
42002010,110,강릉-동진버스,10,10,4202032,옥계현내시장,129.03512810350702,37.608949806593664,10,,07:30,20:10
42002010,110,강릉-동진버스,11,11,4202022,옥계현내시장,129.03523947374634,37.60889735545031,10,,07:30,20:10
42002010,110,강릉-동진버스,12,12,4202042,옥계면사무소,129.03870359107486,37.61225376052538,10,,07:30,20:10
42002010,110,강릉-동진버스,13,13,4200046,현내리,129.03655884799974,37.617883796095704,10,,07:30,20:10
42002010,110,강릉-동진버스,14,14,4201095,낙풍리입구,129.03490564391961,37.623384805058976,10,,07:30,20:10
42002010,110,강릉-동진버스,15,15,4200016,강동종합복지회관,128.9534097899608,37.72765187744945,10,,07:30,20:10
42002010,110,강릉-동진버스,16,16,4201192,더샵아파트후문,128.90917534552304,37.74798409080578,10,,07:30,20:10
42002010,110,강릉-동진버스,17,17,4201196,강릉중입구,128.90469921141985,37.752586496675974,10,,07:30,20:10
42002010,110,강릉-동진버스,18,18,4201198,남대천.강릉교,128.9010015999516,37.75454267936518,10,,07:30,20:10
42002010,110,강릉-동진버스,19,19,4200094,강릉여고,128.90248424479844,37.75904463050879,10,,07:30,20:10
42002010,110,강릉-동진버스,20,20,4200721,강릉역,128.8992580056024,37.76416330670135,10,,07:30,20:10
42002013,112,강릉-동진버스,1,1,4200044,차고지대기(미정차),128.93316603832002,37.76938974153612,40,,07:35,20:35
42002013,112,강릉-동진버스,2,2,4201205,입암2.3주공,128.9161850255649,37.765072488547595,40,,07:35,20:35
42002013,112,강릉-동진버스,3,3,4200113,강릉관광개발공사,128.90865897771857,37.76820323697218,40,,07:35,20:35
42002013,112,강릉-동진버스,4,4,4200542,강릉MBC,128.90392601394964,37.77039013888439,40,,07:35,20:35
42002013,112,강릉-동진버스,5,5,4201221,교동하늘채스카이파크,128.90200271905258,37.770481553669924,40,,07:35,20:35
42002013,112,강릉-동진버스,6,6,4200544,종합경기장입구,128.89740621946726,37.770531883728914,40,,07:35,20:35
42002013,112,강릉-동진버스,7,7,4200546,e-편한세상아파트,128.89508217030252,37.76981271024109,40,,07:35,20:35
42002013,112,강릉-동진버스,8,8,4200042,롯데캐슬아파트,128.89120929799194,37.766948306391974,40,,07:35,20:35
42002013,112,강릉-동진버스,9,9,4201376,가작다리입구,128.8944549231389,37.76589747732919,40,,07:35,20:35
42002013,112,강릉-동진버스,10,10,4200293,강릉역건너편,128.8990669694857,37.76400772021464,40,,07:35,20:35
42002013,112,강릉-동진버스,11,11,4200256,옥천119안전센터,128.9022376115818,37.76136928474395,40,,07:35,20:35
42002013,112,강릉-동진버스,12,12,4200095,한국자산관리공사,128.90111921880606,37.75827929877246,40,,07:35,20:35
42002013,112,강릉-동진버스,13,13,4201199,남대천.강릉교,128.9010687000649,37.75417893755025,40,,07:35,20:35
42002013,112,강릉-동진버스,14,14,4201197,강릉중입구,128.9042740269736,37.752586182446684,40,,07:35,20:35
42002013,112,강릉-동진버스,15,15,4201195,노암현대아파트,128.9064519321124,37.750397397899654,40,,07:35,20:35
42002013,112,강릉-동진버스,16,16,4201193,병무청,128.90845061267927,37.74811821805219,40,,07:35,20:35
42002013,112,강릉-동진버스,17,17,4201190,문암정,128.91570481769043,37.74371491111339,40,,07:35,20:35
42002013,112,강릉-동진버스,18,18,4201189,섬석교,128.92156879198023,37.740684165183964,40,,07:35,20:35
42002013,112,강릉-동진버스,19,19,4201187,공군부대입구,128.93007021980833,37.739837207659924,40,,07:35,20:35
42002013,112,강릉-동진버스,20,20,4201184,독송마을회관,128.93632837845826,37.737443377869745,40,,07:35,20:35
42002013,112,강릉-동진버스,21,21,4201182,하시동입구,128.94045988509035,37.73612720331248,40,,07:35,20:35
42002013,112,강릉-동진버스,22,22,4201179,동양석재,128.9503404370837,37.730986647751536,40,,07:35,20:35
42002013,112,강릉-동진버스,23,23,4200026,강동종합복지회관,128.95225785335822,37.72821012800672,40,,07:35,20:35
42002013,112,강릉-동진버스,24,24,4201177,강동면사무소,128.9546118972993,37.72728097155823,40,,07:35,20:35
42002013,112,강릉-동진버스,25,25,4201072,모전삼거리,128.96457294836412,37.72564861436484,40,,07:35,20:35
42002013,112,강릉-동진버스,26,26,4201151,장터마을,128.9723977075807,37.72307968130474,40,,07:35,20:35
42002013,112,강릉-동진버스,27,27,4201149,안인화력발전소,128.97827482863894,37.727294808983075,40,,07:35,20:35
42002013,112,강릉-동진버스,28,28,4201144,강릉승마장,128.9814636223547,37.728585253094074,40,,07:35,20:35
42002013,112,강릉-동진버스,29,29,4201142,한전사택,128.9844997909205,37.731015358793705,40,,07:35,20:35
42002013,112,강릉-동진버스,30,30,4201140,안인,128.98934458573052,37.73394318769602,40,,07:35,20:35
42002013,112,강릉-동진버스,31,31,4201138,강릉통일공원,128.99659850067323,37.72434136600358,40,,07:35,20:35
42002013,112,강릉-동진버스,32,32,4201136,강릉바다내음캠핑장,129.00390469104653,37.71858688540818,40,,07:35,20:35
42002013,112,강릉-동진버스,33,33,4201134,등명락가사,129.0099873440744,37.71142599542753,40,,07:35,20:35
42002013,112,강릉-동진버스,34,34,4201132,하슬라아트월드,129.01185439171851,37.70733375846832,40,,07:35,20:35
42002013,112,강릉-동진버스,35,35,4201129,등명해변,129.01625265982383,37.701980786481954,40,,07:35,20:35
42002013,112,강릉-동진버스,36,36,4200024,까치골,129.02541919838254,37.69553819595472,40,,07:35,20:35
42002013,112,강릉-동진버스,37,37,4201128,정동진역,129.0319921573861,37.69035571739087,40,,07:35,20:35
42002013,112,강릉-동진버스,38,38,4201126,정동교,129.03237659003923,37.68846940398579,40,,07:35,20:35
42002013,112,강릉-동진버스,39,39,4201124,정동초등학교,129.03365499665549,37.68789867201399,40,,07:35,20:35
42002013,112,강릉-동진버스,40,40,4201121,모래시계공원,129.03719508337943,37.68592446993947,40,,07:35,20:35
42002013,112,강릉-동진버스,41,41,4201123,정동초등학교,129.03393804786398,37.68800336105405,40,,07:35,20:35
42002013,112,강릉-동진버스,42,42,4201125,정동교,129.0324614525895,37.688438171101524,40,,07:35,20:35
42002013,112,강릉-동진버스,43,43,4201127,정동진역,129.03224964663548,37.690253441678834,40,,07:35,20:35
42002013,112,강릉-동진버스,44,44,4201185,까치골,129.02590617324884,37.695440046965246,40,,07:35,20:35
42002013,112,강릉-동진버스,45,45,4201130,등명해변,129.015876711037,37.70233040602598,40,,07:35,20:35
42002013,112,강릉-동진버스,46,46,4201131,하슬라아트월드,129.0118479436692,37.70752248078149,40,,07:35,20:35
42002013,112,강릉-동진버스,47,47,4201133,등명락가사,129.01030860073715,37.71121753055649,40,,07:35,20:35
42002013,112,강릉-동진버스,48,48,4201135,강릉바다내음캠핑장,129.0043696849979,37.7181216327924,40,,07:35,20:35
42002013,112,강릉-동진버스,49,49,4201137,강릉통일공원,128.99670944982654,37.7243539137021,40,,07:35,20:35
42002013,112,강릉-동진버스,50,50,4201139,안인,128.98934561422945,37.734014720107886,40,,07:35,20:35
42002013,112,강릉-동진버스,51,51,4201141,한전사택,128.98448942076186,37.73113028141804,40,,07:35,20:35
42002013,112,강릉-동진버스,52,52,4201143,강릉승마장,128.98140559088012,37.728642395571235,40,,07:35,20:35
42002013,112,강릉-동진버스,53,53,4201148,안인화력발전소,128.97827596831831,37.72739115413768,40,,07:35,20:35
42002013,112,강릉-동진버스,54,54,4201150,장터마을,128.97235424591028,37.72315567930139,40,,07:35,20:35
42002013,112,강릉-동진버스,55,55,4201073,모전삼거리,128.96506056244797,37.72569325398637,40,,07:35,20:35
42002013,112,강릉-동진버스,56,56,4200016,강동종합복지회관,128.9534097899608,37.72765187744945,40,,07:35,20:35
42002013,112,강릉-동진버스,57,57,4201180,동양석재,128.95027125993667,37.731215731549426,40,,07:35,20:35
42002013,112,강릉-동진버스,58,58,4201181,하시동입구,128.94066964706647,37.73622577281252,40,,07:35,20:35
42002013,112,강릉-동진버스,59,59,4201183,독송마을회관,128.93638737959347,37.73749824702616,40,,07:35,20:35
42002013,112,강릉-동진버스,60,60,4201186,공군부대입구,128.93000750087512,37.7400489172058,40,,07:35,20:35
42002013,112,강릉-동진버스,61,61,4201188,섬석교,128.92171052547354,37.74090783532175,40,,07:35,20:35
42002013,112,강릉-동진버스,62,62,4201191,문암정,128.91520371371126,37.744240782298405,40,,07:35,20:35
42002013,112,강릉-동진버스,63,63,4201192,더샵아파트후문,128.90917534552304,37.74798409080578,40,,07:35,20:35
42002013,112,강릉-동진버스,64,64,4201194,병무청,128.90730907557136,37.749719639382455,40,,07:35,20:35
42002013,112,강릉-동진버스,65,65,4201196,강릉중입구,128.90469921141985,37.752586496675974,40,,07:35,20:35
42002013,112,강릉-동진버스,66,66,4201198,남대천.강릉교,128.9010015999516,37.75454267936518,40,,07:35,20:35
42002013,112,강릉-동진버스,67,67,4200094,강릉여고,128.90248424479844,37.75904463050879,40,,07:35,20:35
42002013,112,강릉-동진버스,68,68,4200258,용지각,128.90534669055177,37.76147384168322,40,,07:35,20:35
42002013,112,강릉-동진버스,69,69,4200260,동남아파트,128.9088062489658,37.764638779656714,40,,07:35,20:35
42002013,112,강릉-동진버스,70,70,4201206,입암2.3주공,128.9164847952377,37.764981798289845,40,,07:35,20:35
42002013,112,강릉-동진버스,71,71,4200044,차고지대기(미정차),128.93316603832002,37.76938974153612,40,,07:35,20:35
42002014,113,강릉-동진버스,1,1,4200293,강릉역건너편,128.8990669694857,37.76400772021464,33,,06:45,"20:50
오리동까지"
42002014,113,강릉-동진버스,2,2,4201037,말나눔터공원,128.8946789617544,37.758644529934365,33,,06:45,"20:50
오리동까지"
42002014,113,강릉-동진버스,3,3,4200249,용강동서부시장,128.89167287030088,37.75492247590215,33,,06:45,"20:50
오리동까지"
42002014,113,강릉-동진버스,4,4,4200252,신영극장,128.8961287589657,37.75448236011555,33,,06:45,"20:50
오리동까지"
42002014,113,강릉-동진버스,5,5,4201199,남대천.강릉교,128.9010687000649,37.75417893755025,33,,06:45,"20:50
오리동까지"
42002014,113,강릉-동진버스,6,6,4201197,강릉중입구,128.9042740269736,37.752586182446684,33,,06:45,"20:50
오리동까지"
42002014,113,강릉-동진버스,7,7,4201195,노암현대아파트,128.9064519321124,37.750397397899654,33,,06:45,"20:50
오리동까지"
42002014,113,강릉-동진버스,8,8,4201193,병무청,128.90845061267927,37.74811821805219,33,,06:45,"20:50
오리동까지"
42002014,113,강릉-동진버스,9,9,4201190,문암정,128.91570481769043,37.74371491111339,33,,06:45,"20:50
오리동까지"
42002014,113,강릉-동진버스,10,10,4201189,섬석교,128.92156879198023,37.740684165183964,33,,06:45,"20:50
오리동까지"
42002014,113,강릉-동진버스,11,11,4201187,공군부대입구,128.93007021980833,37.739837207659924,33,,06:45,"20:50
오리동까지"
42002014,113,강릉-동진버스,12,12,4201184,독송마을회관,128.93632837845826,37.737443377869745,33,,06:45,"20:50
오리동까지"
42002014,113,강릉-동진버스,13,13,4201182,하시동입구,128.94045988509035,37.73612720331248,33,,06:45,"20:50
오리동까지"
42002014,113,강릉-동진버스,14,14,4201179,동양석재,128.9503404370837,37.730986647751536,33,,06:45,"20:50
오리동까지"
42002014,113,강릉-동진버스,15,15,4200026,강동종합복지회관,128.95225785335822,37.72821012800672,33,,06:45,"20:50
오리동까지"
42002014,113,강릉-동진버스,16,16,4201177,강동면사무소,128.9546118972993,37.72728097155823,33,,06:45,"20:50
오리동까지"
42002014,113,강릉-동진버스,17,17,4201072,모전삼거리,128.96457294836412,37.72564861436484,33,,06:45,"20:50
오리동까지"
42002014,113,강릉-동진버스,18,18,4201151,장터마을,128.9723977075807,37.72307968130474,33,,06:45,"20:50
오리동까지"
42002014,113,강릉-동진버스,19,19,4201149,안인화력발전소,128.97827482863894,37.727294808983075,33,,06:45,"20:50
오리동까지"
42002014,113,강릉-동진버스,20,20,4201144,강릉승마장,128.9814636223547,37.728585253094074,33,,06:45,"20:50
오리동까지"
42002014,113,강릉-동진버스,21,21,4201142,한전사택,128.9844997909205,37.731015358793705,33,,06:45,"20:50
오리동까지"
42002014,113,강릉-동진버스,22,22,4201140,안인,128.98934458573052,37.73394318769602,33,,06:45,"20:50
오리동까지"
42002014,113,강릉-동진버스,23,23,4201138,강릉통일공원,128.99659850067323,37.72434136600358,33,,06:45,"20:50
오리동까지"
42002014,113,강릉-동진버스,24,24,4201136,강릉바다내음캠핑장,129.00390469104653,37.71858688540818,33,,06:45,"20:50
오리동까지"
42002014,113,강릉-동진버스,25,25,4201134,등명락가사,129.0099873440744,37.71142599542753,33,,06:45,"20:50
오리동까지"
42002014,113,강릉-동진버스,26,26,4201132,하슬라아트월드,129.01185439171851,37.70733375846832,33,,06:45,"20:50
오리동까지"
42002014,113,강릉-동진버스,27,27,4201129,등명해변,129.01625265982383,37.701980786481954,33,,06:45,"20:50
오리동까지"
42002014,113,강릉-동진버스,28,28,4200024,까치골,129.02541919838254,37.69553819595472,33,,06:45,"20:50
오리동까지"
42002014,113,강릉-동진버스,29,29,4201128,정동진역,129.0319921573861,37.69035571739087,33,,06:45,"20:50
오리동까지"
42002014,113,강릉-동진버스,30,30,4201126,정동교,129.03237659003923,37.68846940398579,33,,06:45,"20:50
오리동까지"
42002014,113,강릉-동진버스,31,31,4201074,분수동,129.02438633004448,37.68420512704344,33,,06:45,"20:50
오리동까지"
42002014,113,강릉-동진버스,32,32,4201079,오리동,129.01320324945965,37.682803393955474,33,,06:45,"20:50
오리동까지"
42002014,113,강릉-동진버스,33,33,4201060,산성우1리,129.0046545324227,37.68347462505554,33,,06:45,"20:50
오리동까지"
42002014,113,강릉-동진버스,34,34,4201078,오리동,129.01320871433214,37.68272714510743,33,,06:45,"20:50
오리동까지"
42002014,113,강릉-동진버스,35,35,4201075,분수동,129.02442625222523,37.68416226671518,33,,06:45,"20:50
오리동까지"
42002014,113,강릉-동진버스,36,36,4201125,정동교,129.0324614525895,37.688438171101524,33,,06:45,"20:50
오리동까지"
42002014,113,강릉-동진버스,37,37,4201127,정동진역,129.03224964663548,37.690253441678834,33,,06:45,"20:50
오리동까지"
42002014,113,강릉-동진버스,38,38,4201185,까치골,129.02590617324884,37.695440046965246,33,,06:45,"20:50
오리동까지"
42002014,113,강릉-동진버스,39,39,4201130,등명해변,129.015876711037,37.70233040602598,33,,06:45,"20:50
오리동까지"
42002014,113,강릉-동진버스,40,40,4201131,하슬라아트월드,129.0118479436692,37.70752248078149,33,,06:45,"20:50
오리동까지"
42002014,113,강릉-동진버스,41,41,4201133,등명락가사,129.01030860073715,37.71121753055649,33,,06:45,"20:50
오리동까지"
42002014,113,강릉-동진버스,42,42,4201135,강릉바다내음캠핑장,129.0043696849979,37.7181216327924,33,,06:45,"20:50
오리동까지"
42002014,113,강릉-동진버스,43,43,4201137,강릉통일공원,128.99670944982654,37.7243539137021,33,,06:45,"20:50
오리동까지"
42002014,113,강릉-동진버스,44,44,4201139,안인,128.98934561422945,37.734014720107886,33,,06:45,"20:50
오리동까지"
42002014,113,강릉-동진버스,45,45,4201141,한전사택,128.98448942076186,37.73113028141804,33,,06:45,"20:50
오리동까지"
42002014,113,강릉-동진버스,46,46,4201143,강릉승마장,128.98140559088012,37.728642395571235,33,,06:45,"20:50
오리동까지"
42002014,113,강릉-동진버스,47,47,4201148,안인화력발전소,128.97827596831831,37.72739115413768,33,,06:45,"20:50
오리동까지"
42002014,113,강릉-동진버스,48,48,4201150,장터마을,128.97235424591028,37.72315567930139,33,,06:45,"20:50
오리동까지"
42002014,113,강릉-동진버스,49,49,4201073,모전삼거리,128.96506056244797,37.72569325398637,33,,06:45,"20:50
오리동까지"
42002014,113,강릉-동진버스,50,50,4200016,강동종합복지회관,128.9534097899608,37.72765187744945,33,,06:45,"20:50
오리동까지"
42002014,113,강릉-동진버스,51,51,4201180,동양석재,128.95027125993667,37.731215731549426,33,,06:45,"20:50
오리동까지"
42002014,113,강릉-동진버스,52,52,4201181,하시동입구,128.94066964706647,37.73622577281252,33,,06:45,"20:50
오리동까지"
42002014,113,강릉-동진버스,53,53,4201183,독송마을회관,128.93638737959347,37.73749824702616,33,,06:45,"20:50
오리동까지"
42002014,113,강릉-동진버스,54,54,4201186,공군부대입구,128.93000750087512,37.7400489172058,33,,06:45,"20:50
오리동까지"
42002014,113,강릉-동진버스,55,55,4201188,섬석교,128.92171052547354,37.74090783532175,33,,06:45,"20:50
오리동까지"
42002014,113,강릉-동진버스,56,56,4201191,문암정,128.91520371371126,37.744240782298405,33,,06:45,"20:50
오리동까지"
42002014,113,강릉-동진버스,57,57,4201192,더샵아파트후문,128.90917534552304,37.74798409080578,33,,06:45,"20:50
오리동까지"
42002014,113,강릉-동진버스,58,58,4201194,병무청,128.90730907557136,37.749719639382455,33,,06:45,"20:50
오리동까지"
42002014,113,강릉-동진버스,59,59,4201196,강릉중입구,128.90469921141985,37.752586496675974,33,,06:45,"20:50
오리동까지"
42002014,113,강릉-동진버스,60,60,4201198,남대천.강릉교,128.9010015999516,37.75454267936518,33,,06:45,"20:50
오리동까지"
42002014,113,강릉-동진버스,61,61,4200253,교보생명,128.89811415297848,37.756002485379526,33,,06:45,"20:50
오리동까지"
42002014,113,강릉-동진버스,62,62,4200251,한국은행,128.89406630781096,37.753485602290496,33,,06:45,"20:50
오리동까지"
42002014,113,강릉-동진버스,63,63,4200250,용강동서부시장,128.89174828581776,37.7556582744871,33,,06:45,"20:50
오리동까지"
42002014,113,강릉-동진버스,64,64,4200721,강릉역,128.8992580056024,37.76416330670135,33,,06:45,"20:50
오리동까지"
42001001,200,강릉-동진버스,1,1,4201043,안목,128.94526892930932,37.77285146151794,35,,07:35,21:08
42001001,200,강릉-동진버스,2,2,4201427,오션시티아이파크,128.94172063887467,37.77534012183183,35,,07:35,21:08
42001001,200,강릉-동진버스,3,3,4200280,송정해변,128.9381119893655,37.77768849372205,35,,07:35,21:08
42001001,200,강릉-동진버스,4,4,4200055,해당화연립,128.93501598562065,37.778964657496246,35,,07:35,21:08
42001001,200,강릉-동진버스,5,5,4200053,오성학교,128.93312248716418,37.77978287851338,35,,07:35,21:08
42001001,200,강릉-동진버스,6,6,4200052,송정래미안,128.93038982126572,37.78292573478735,35,,07:35,21:08
42001001,200,강릉-동진버스,7,7,4202172,신라모노그램,128.92730314100064,37.78470637599459,35,,07:35,21:08
42001001,200,강릉-동진버스,8,8,4201233,초당분수공원,128.9221385517862,37.785996929695614,35,,07:35,21:08
42001001,200,강릉-동진버스,9,9,4200101,강릉고입구,128.92013482012848,37.783607089094346,35,,07:35,21:08
42001001,200,강릉-동진버스,10,10,4200288,경포고교,128.91881546540267,37.78075927662396,35,,07:35,21:08
42001001,200,강릉-동진버스,11,11,4201220,포남2주공입구,128.9179885478381,37.77901498558293,35,,07:35,21:08
42001001,200,강릉-동진버스,12,12,4200104,동명중학교,128.91637238303827,37.777185998905715,35,,07:35,21:08
42001001,200,강릉-동진버스,13,13,4200289,한솔초교,128.9142086436632,37.775058134113436,35,,07:35,21:08
42001001,200,강릉-동진버스,14,14,4200106,KT,128.91181164590185,37.77275858732733,35,,07:35,21:08
42001001,200,강릉-동진버스,15,15,4200108,동인병원입구,128.90953558421478,37.77125258486367,35,,07:35,21:08
42001001,200,강릉-동진버스,16,16,4200110,하슬라중,128.90715554439282,37.77053362559672,35,,07:35,21:08
42001001,200,강릉-동진버스,17,17,4200112,강릉관광개발공사,128.9085231695166,37.76800046518587,35,,07:35,21:08
42001001,200,강릉-동진버스,18,18,4200262,로얄아파트.포남1동주민센터,128.90933288179943,37.76545703763149,35,,07:35,21:08
42001001,200,강릉-동진버스,19,19,4200318,포남시장,128.90766061502285,37.76392281820552,35,,07:35,21:08
42001001,200,강릉-동진버스,20,20,4200259,용지각,128.90537716328666,37.76184119439877,35,,07:35,21:08
42001001,200,강릉-동진버스,21,21,4200095,한국자산관리공사,128.90111921880606,37.75827929877246,35,,07:35,21:08
42001001,200,강릉-동진버스,22,22,4200253,교보생명,128.89811415297848,37.756002485379526,35,,07:35,21:08
42001001,200,강릉-동진버스,23,23,4200251,한국은행,128.89406630781096,37.753485602290496,35,,07:35,21:08
42001001,200,강릉-동진버스,24,24,4200250,용강동서부시장,128.89174828581776,37.7556582744871,35,,07:35,21:08
42001001,200,강릉-동진버스,25,25,4200248,강릉제일고,128.89200478710157,37.759050283679514,35,,07:35,21:08
42001001,200,강릉-동진버스,26,26,4200246,이명사거리,128.89177153862124,37.764700407126554,35,,07:35,21:08
42001001,200,강릉-동진버스,27,27,4200569,교2동주민센터,128.8921038226677,37.76840335678918,35,,07:35,21:08
42001001,200,강릉-동진버스,28,28,4200243,율곡중학교,128.89033943348878,37.77216892177817,35,,07:35,21:08
42001001,200,강릉-동진버스,29,29,4200241,우성공업사,128.8881180126791,37.77538642162077,35,,07:35,21:08
42001001,200,강릉-동진버스,30,30,4200769,오죽헌입구,128.8828973977968,37.77942746550242,35,,07:35,21:08
42001001,200,강릉-동진버스,31,31,4200093,오죽헌,128.88009218006442,37.77900408798861,35,,07:35,21:08
42001001,200,강릉-동진버스,32,32,4200091,한옥마을,128.877399547533,37.77711052551884,35,,07:35,21:08
42001001,200,강릉-동진버스,33,33,4200089,문성고등학교,128.87460137001867,37.776791669303456,35,,07:35,21:08
42001001,200,강릉-동진버스,34,34,4200086,강원대학교후문,128.8748802531449,37.77322772576275,35,,07:35,21:08
42001001,200,강릉-동진버스,35,35,4200356,강원대학교,128.87391738137654,37.77033026766949,35,,07:35,21:08
42001001,200,강릉-동진버스,36,36,4200087,강원대학교후문,128.87498639848286,37.77315204059329,35,,07:35,21:08
42001001,200,강릉-동진버스,37,37,4200088,문성고등학교,128.8747975765768,37.776789915738114,35,,07:35,21:08
42001001,200,강릉-동진버스,38,38,4200090,한옥마을,128.8775249835254,37.777067812459386,35,,07:35,21:08
42001001,200,강릉-동진버스,39,39,4200092,오죽헌,128.8797380363922,37.77879711032111,35,,07:35,21:08
42001001,200,강릉-동진버스,40,40,4201382,오죽헌입구,128.88300783523746,37.779420150144524,35,,07:35,21:08
42001001,200,강릉-동진버스,41,41,4200240,젤마을,128.887733025105,37.775438249928285,35,,07:35,21:08
42001001,200,강릉-동진버스,42,42,4200242,율곡중학교,128.89021344037266,37.771874448370795,35,,07:35,21:08
42001001,200,강릉-동진버스,43,43,4200042,롯데캐슬아파트,128.89120929799194,37.766948306391974,35,,07:35,21:08
42001001,200,강릉-동진버스,44,44,4200245,이명사거리,128.89157918705828,37.764565078717,35,,07:35,21:08
42001001,200,강릉-동진버스,45,45,4200247,강릉제일고,128.8918779735197,37.759537356247826,35,,07:35,21:08
42001001,200,강릉-동진버스,46,46,4200249,용강동서부시장,128.89167287030088,37.75492247590215,35,,07:35,21:08
42001001,200,강릉-동진버스,47,47,4200252,신영극장,128.8961287589657,37.75448236011555,35,,07:35,21:08
42001001,200,강릉-동진버스,48,48,4200094,강릉여고,128.90248424479844,37.75904463050879,35,,07:35,21:08
42001001,200,강릉-동진버스,49,49,4200258,용지각,128.90534669055177,37.76147384168322,35,,07:35,21:08
42001001,200,강릉-동진버스,50,50,4200260,동남아파트,128.9088062489658,37.764638779656714,35,,07:35,21:08
42001001,200,강릉-동진버스,51,51,4200113,강릉관광개발공사,128.90865897771857,37.76820323697218,35,,07:35,21:08
42001001,200,강릉-동진버스,52,52,4200111,하슬라중,128.90761293140218,37.77043125987649,35,,07:35,21:08
42001001,200,강릉-동진버스,53,53,4200109,동인병원입구,128.9094857690125,37.77102450992961,35,,07:35,21:08
42001001,200,강릉-동진버스,54,54,4200107,KT,128.9125052185983,37.77309475265464,35,,07:35,21:08
42001001,200,강릉-동진버스,55,55,4200290,한솔초교,128.91448068318238,37.77500059793141,35,,07:35,21:08
42001001,200,강릉-동진버스,56,56,4200105,동명중학교,128.9161008666347,37.77658681943468,35,,07:35,21:08
42001001,200,강릉-동진버스,57,57,4201236,포남2주공입구,128.91810027987142,37.77873395771816,35,,07:35,21:08
42001001,200,강릉-동진버스,58,58,4200103,경포고교,128.9190546436117,37.78057981084284,35,,07:35,21:08
42001001,200,강릉-동진버스,59,59,4200102,강릉고입구,128.92044843215433,37.78352944320342,35,,07:35,21:08
42001001,200,강릉-동진버스,60,60,4201234,초당분수공원,128.92421540479356,37.78614360918137,35,,07:35,21:08
42001001,200,강릉-동진버스,61,61,4202171,신라모노그램,128.92766337576,37.78423838201166,35,,07:35,21:08
42001001,200,강릉-동진버스,62,62,4200051,송정래미안,128.93021609974548,37.78282723196739,35,,07:35,21:08
42001001,200,강릉-동진버스,63,63,4200054,삼익아파트,128.93336344346523,37.7794509217129,35,,07:35,21:08
42001001,200,강릉-동진버스,64,64,4200056,해당화연립,128.9356053065312,37.7785328972295,35,,07:35,21:08
42001001,200,강릉-동진버스,65,65,4200279,신도브래뉴,128.93862914925478,37.77730338810464,35,,07:35,21:08
42001001,200,강릉-동진버스,66,66,4201428,오션시티아이파크,128.94156983542882,37.775150292669956,35,,07:35,21:08
42001001,200,강릉-동진버스,67,67,4201044,안목커피거리,128.94543559396536,37.77260342997581,35,,07:35,21:08
42091002,202,강릉-동해상사,1,1,4201242,경포해변,128.9052529004403,37.80440358093674,44,,07:45,19:14
42091002,202,강릉-동해상사,2,2,4201266,경포호,128.91144337577538,37.79931158521169,44,,07:45,19:14
42091002,202,강릉-동해상사,3,3,4201260,강문해변입구,128.91519487645675,37.79459950672752,44,,07:45,19:14
42091002,202,강릉-동해상사,4,4,4200647,허난설헌삼거리,128.91326614067623,37.792240418323686,44,,07:45,19:14
42091002,202,강릉-동해상사,5,5,4201258,허균.허난설헌기념공원,128.9098403915302,37.789953897145395,44,,07:45,19:14
42091002,202,강릉-동해상사,6,6,4201257,강릉녹색도시체험센터,128.90662264590688,37.78655657001431,44,,07:45,19:14
42091002,202,강릉-동해상사,7,7,4201255,모안이서낭당,128.90266311761613,37.78356022910187,44,,07:45,19:14
42091002,202,강릉-동해상사,8,8,4200612,강릉아이스아레나,128.89502259832767,37.78025795268572,44,,07:45,19:14
42091002,202,강릉-동해상사,9,9,4200431,강릉국민체육센터,128.8964868887264,37.776906315186,44,,07:45,19:14
42091002,202,강릉-동해상사,10,10,4200432,종합경기장,128.89654249784542,37.771109941446205,44,,07:45,19:14
42091002,202,강릉-동해상사,11,11,4200546,e-편한세상아파트,128.89508217030252,37.76981271024109,44,,07:45,19:14
42091002,202,강릉-동해상사,12,12,4200042,롯데캐슬아파트,128.89120929799194,37.766948306391974,44,,07:45,19:14
42091002,202,강릉-동해상사,13,13,4201376,가작다리입구,128.8944549231389,37.76589747732919,44,,07:45,19:14
42091002,202,강릉-동해상사,14,14,4200293,강릉역건너편,128.8990669694857,37.76400772021464,44,,07:45,19:14
42091002,202,강릉-동해상사,15,15,4200256,옥천119안전센터,128.9022376115818,37.76136928474395,44,,07:45,19:14
42091002,202,강릉-동해상사,16,16,4200095,한국자산관리공사,128.90111921880606,37.75827929877246,44,,07:45,19:14
42091002,202,강릉-동해상사,17,17,4200253,교보생명,128.89811415297848,37.756002485379526,44,,07:45,19:14
42091002,202,강릉-동해상사,18,18,4200251,한국은행,128.89406630781096,37.753485602290496,44,,07:45,19:14
42091002,202,강릉-동해상사,19,19,4200250,용강동서부시장,128.89174828581776,37.7556582744871,44,,07:45,19:14
42091002,202,강릉-동해상사,20,20,4200114,고용센터,128.88893105798073,37.75744085258255,44,,07:45,19:14
42091002,202,강릉-동해상사,21,21,4200116,적십자입구,128.88726321660565,37.757196360936135,44,,07:45,19:14
42091002,202,강릉-동해상사,22,22,4200118,터미널오거리,128.8840640923818,37.75608209292866,44,,07:45,19:14
42091002,202,강릉-동해상사,23,23,4200120,강릉시외.고속터미널,128.8792265208128,37.75505492071011,44,,07:45,19:14
42091002,202,강릉-동해상사,24,24,4200565,우미린아파트,128.87023572987053,37.75716460769394,44,,07:45,19:14
42091002,202,강릉-동해상사,25,25,4200543,미디어촌5단지,128.86758571434657,37.753701754139904,44,,07:45,19:14
42091002,202,강릉-동해상사,26,26,4200045,형제막국수,128.86624288991882,37.755124519467394,44,,07:45,19:14
42091002,202,강릉-동해상사,27,27,4200567,한내들아파트,128.8681446784216,37.75790349269205,44,,07:45,19:14
42091002,202,강릉-동해상사,28,28,4201249,선수촌8단지,128.87029355520082,37.76060110592661,44,,07:45,19:14
42091002,202,강릉-동해상사,29,29,4200401,강릉복합복지체육센터,128.87017698555522,37.76290354322161,44,,07:45,19:14
42091002,202,강릉-동해상사,30,30,4200127,구름다리,128.87654770197503,37.764512872809554,44,,07:45,19:14
42091002,202,강릉-동해상사,31,31,4200129,주공3차아파트,128.87933873663175,37.76410589188944,44,,07:45,19:14
42091002,202,강릉-동해상사,32,32,4200131,하이빌현대아파트,128.8824547932286,37.764860822549025,44,,07:45,19:14
42091002,202,강릉-동해상사,33,33,4200133,주공1차아파트,128.88288690646792,37.76665665089728,44,,07:45,19:14
42091002,202,강릉-동해상사,34,34,4200134,부영2차아파트,128.88281079370944,37.77016072015751,44,,07:45,19:14
42091002,202,강릉-동해상사,35,35,4200137,방축거리,128.88360346383243,37.77333257715457,44,,07:45,19:14
42091002,202,강릉-동해상사,36,36,4200239,오죽헌,128.88242080274284,37.78040719543912,44,,07:45,19:14
42091002,202,강릉-동해상사,37,37,4200237,선교장입구,128.8801857915523,37.78222354537227,44,,07:45,19:14
42091002,202,강릉-동해상사,38,38,4200078,경포동주민센터,128.8806150484207,37.78405330055861,44,,07:45,19:14
42091002,202,강릉-동해상사,39,39,4200076,선교장,128.88470029533363,37.78507057730054,44,,07:45,19:14
42091002,202,강릉-동해상사,40,40,4200283,해운정,128.8896806331549,37.78564440698094,44,,07:45,19:14
42091002,202,강릉-동해상사,41,41,4201241,순두부마을,128.8929863409179,37.7864529101926,44,,07:45,19:14
42091002,202,강릉-동해상사,42,42,4200073,경포대.참소리박물관,128.89723222843386,37.79547838966498,44,,07:45,19:14
42091002,202,강릉-동해상사,43,43,4200071,경포현대아파트,128.90335968993816,37.80120612421906,44,,07:45,19:14
42091002,202,강릉-동해상사,44,44,4201420,경포해변(종점),128.9052815401602,37.80443707912235,44,,07:45,19:14
42001002,202,강릉-동진버스,1,1,4201242,경포해변,128.9052529004403,37.80440358093674,44,,07:19,20:06
42001002,202,강릉-동진버스,2,2,4201266,경포호,128.91144337577538,37.79931158521169,44,,07:19,20:06
42001002,202,강릉-동진버스,3,3,4201260,강문해변입구,128.91519487645675,37.79459950672752,44,,07:19,20:06
42001002,202,강릉-동진버스,4,4,4200647,허난설헌삼거리,128.91326614067623,37.792240418323686,44,,07:19,20:06
42001002,202,강릉-동진버스,5,5,4201258,허균.허난설헌기념공원,128.9098403915302,37.789953897145395,44,,07:19,20:06
42001002,202,강릉-동진버스,6,6,4201257,강릉녹색도시체험센터,128.90662264590688,37.78655657001431,44,,07:19,20:06
42001002,202,강릉-동진버스,7,7,4201255,모안이서낭당,128.90266311761613,37.78356022910187,44,,07:19,20:06
42001002,202,강릉-동진버스,8,8,4200612,강릉아이스아레나,128.89502259832767,37.78025795268572,44,,07:19,20:06
42001002,202,강릉-동진버스,9,9,4200431,강릉국민체육센터,128.8964868887264,37.776906315186,44,,07:19,20:06
42001002,202,강릉-동진버스,10,10,4200432,종합경기장,128.89654249784542,37.771109941446205,44,,07:19,20:06
42001002,202,강릉-동진버스,11,11,4200546,e-편한세상아파트,128.89508217030252,37.76981271024109,44,,07:19,20:06
42001002,202,강릉-동진버스,12,12,4200042,롯데캐슬아파트,128.89120929799194,37.766948306391974,44,,07:19,20:06
42001002,202,강릉-동진버스,13,13,4201376,가작다리입구,128.8944549231389,37.76589747732919,44,,07:19,20:06
42001002,202,강릉-동진버스,14,14,4200293,강릉역건너편,128.8990669694857,37.76400772021464,44,,07:19,20:06
42001002,202,강릉-동진버스,15,15,4200256,옥천119안전센터,128.9022376115818,37.76136928474395,44,,07:19,20:06
42001002,202,강릉-동진버스,16,16,4200095,한국자산관리공사,128.90111921880606,37.75827929877246,44,,07:19,20:06
42001002,202,강릉-동진버스,17,17,4200253,교보생명,128.89811415297848,37.756002485379526,44,,07:19,20:06
42001002,202,강릉-동진버스,18,18,4200251,한국은행,128.89406630781096,37.753485602290496,44,,07:19,20:06
42001002,202,강릉-동진버스,19,19,4200250,용강동서부시장,128.89174828581776,37.7556582744871,44,,07:19,20:06
42001002,202,강릉-동진버스,20,20,4200114,고용센터,128.88893105798073,37.75744085258255,44,,07:19,20:06
42001002,202,강릉-동진버스,21,21,4200116,적십자입구,128.88726321660565,37.757196360936135,44,,07:19,20:06
42001002,202,강릉-동진버스,22,22,4200118,터미널오거리,128.8840640923818,37.75608209292866,44,,07:19,20:06
42001002,202,강릉-동진버스,23,23,4200120,강릉시외.고속터미널,128.8792265208128,37.75505492071011,44,,07:19,20:06
42001002,202,강릉-동진버스,24,24,4200565,우미린아파트,128.87023572987053,37.75716460769394,44,,07:19,20:06
42001002,202,강릉-동진버스,25,25,4200543,미디어촌5단지,128.86758571434657,37.753701754139904,44,,07:19,20:06
42001002,202,강릉-동진버스,26,26,4200045,형제막국수,128.86624288991882,37.755124519467394,44,,07:19,20:06
42001002,202,강릉-동진버스,27,27,4200567,한내들아파트,128.8681446784216,37.75790349269205,44,,07:19,20:06
42001002,202,강릉-동진버스,28,28,4201249,선수촌8단지,128.87029355520082,37.76060110592661,44,,07:19,20:06
42001002,202,강릉-동진버스,29,29,4200401,강릉복합복지체육센터,128.87017698555522,37.76290354322161,44,,07:19,20:06
42001002,202,강릉-동진버스,30,30,4200127,구름다리,128.87654770197503,37.764512872809554,44,,07:19,20:06
42001002,202,강릉-동진버스,31,31,4200129,주공3차아파트,128.87933873663175,37.76410589188944,44,,07:19,20:06
42001002,202,강릉-동진버스,32,32,4200131,하이빌현대아파트,128.8824547932286,37.764860822549025,44,,07:19,20:06
42001002,202,강릉-동진버스,33,33,4200133,주공1차아파트,128.88288690646792,37.76665665089728,44,,07:19,20:06
42001002,202,강릉-동진버스,34,34,4200134,부영2차아파트,128.88281079370944,37.77016072015751,44,,07:19,20:06
42001002,202,강릉-동진버스,35,35,4200137,방축거리,128.88360346383243,37.77333257715457,44,,07:19,20:06
42001002,202,강릉-동진버스,36,36,4200239,오죽헌,128.88242080274284,37.78040719543912,44,,07:19,20:06
42001002,202,강릉-동진버스,37,37,4200237,선교장입구,128.8801857915523,37.78222354537227,44,,07:19,20:06
42001002,202,강릉-동진버스,38,38,4200078,경포동주민센터,128.8806150484207,37.78405330055861,44,,07:19,20:06
42001002,202,강릉-동진버스,39,39,4200076,선교장,128.88470029533363,37.78507057730054,44,,07:19,20:06
42001002,202,강릉-동진버스,40,40,4200283,해운정,128.8896806331549,37.78564440698094,44,,07:19,20:06
42001002,202,강릉-동진버스,41,41,4201241,순두부마을,128.8929863409179,37.7864529101926,44,,07:19,20:06
42001002,202,강릉-동진버스,42,42,4200073,경포대.참소리박물관,128.89723222843386,37.79547838966498,44,,07:19,20:06
42001002,202,강릉-동진버스,43,43,4200071,경포현대아파트,128.90335968993816,37.80120612421906,44,,07:19,20:06
42001002,202,강릉-동진버스,44,44,4201420,경포해변(종점),128.9052815401602,37.80443707912235,44,,07:19,20:06
42002072,202-1,강릉-동진버스,1,1,4201242,경포해변,128.9052529004403,37.80440358093674,44,,-,"20:50
(우미린 미경유)"
42002072,202-1,강릉-동진버스,2,2,4200070,경포현대아파트,128.90338270723402,37.80169652808461,44,,-,"20:50
(우미린 미경유)"
42002072,202-1,강릉-동진버스,3,3,4200072,경포대.참소리박물관,128.89706080745114,37.7955214111198,44,,-,"20:50
(우미린 미경유)"
42002072,202-1,강릉-동진버스,4,4,4201240,순두부마을,128.89327386744634,37.786738816066666,44,,-,"20:50
(우미린 미경유)"
42002072,202-1,강릉-동진버스,5,5,4200074,해운정,128.8896478172347,37.78577024652339,44,,-,"20:50
(우미린 미경유)"
42002072,202-1,강릉-동진버스,6,6,4200075,선교장,128.8853532167783,37.785455385598155,44,,-,"20:50
(우미린 미경유)"
42002072,202-1,강릉-동진버스,7,7,4200077,경포동주민센터,128.88052383810168,37.78412865726848,44,,-,"20:50
(우미린 미경유)"
42002072,202-1,강릉-동진버스,8,8,4200236,선교장입구,128.87978791945434,37.782182641690056,44,,-,"20:50
(우미린 미경유)"
42002072,202-1,강릉-동진버스,9,9,4200238,오죽헌,128.8827262588498,37.779841129260745,44,,-,"20:50
(우미린 미경유)"
42002072,202-1,강릉-동진버스,10,10,4200136,방축거리,128.88380882582484,37.773889373429355,44,,-,"20:50
(우미린 미경유)"
42002072,202-1,강릉-동진버스,11,11,4200135,부영2차아파트,128.8825125758686,37.77002923948558,44,,-,"20:50
(우미린 미경유)"
42002072,202-1,강릉-동진버스,12,12,4200292,주공1차아파트,128.88256780330317,37.766843575404636,44,,-,"20:50
(우미린 미경유)"
42002072,202-1,강릉-동진버스,13,13,4200132,율곡초등학교,128.88221538693716,37.765100900268116,44,,-,"20:50
(우미린 미경유)"
42002072,202-1,강릉-동진버스,14,14,4200130,현대2차아파트,128.87999435131803,37.764311243841746,44,,-,"20:50
(우미린 미경유)"
42002072,202-1,강릉-동진버스,15,15,4200128,구름다리,128.87743298775584,37.764682397677966,44,,-,"20:50
(우미린 미경유)"
42002072,202-1,강릉-동진버스,16,16,4200400,강릉복합복지체육센터,128.87000704257403,37.762859214055275,44,,-,"20:50
(우미린 미경유)"
42002072,202-1,강릉-동진버스,17,17,4201250,선수촌8단지,128.87011109214671,37.76078977894948,44,,-,"20:50
(우미린 미경유)"
42002072,202-1,강릉-동진버스,18,18,4200565,우미린아파트,128.87023572987053,37.75716460769394,44,,-,"20:50
(우미린 미경유)"
42002072,202-1,강릉-동진버스,19,19,4200543,미디어촌5단지,128.86758571434657,37.753701754139904,44,,-,"20:50
(우미린 미경유)"
42002072,202-1,강릉-동진버스,20,20,4200045,형제막국수,128.86624288991882,37.755124519467394,44,,-,"20:50
(우미린 미경유)"
42002072,202-1,강릉-동진버스,21,21,4200567,한내들아파트,128.8681446784216,37.75790349269205,44,,-,"20:50
(우미린 미경유)"
42002072,202-1,강릉-동진버스,22,22,4200548,강릉소방서,128.87119323619314,37.7580009949989,44,,-,"20:50
(우미린 미경유)"
42002072,202-1,강릉-동진버스,23,23,4200121,강릉시외.고속터미널,128.87911620808939,37.75486594086855,44,,-,"20:50
(우미린 미경유)"
42002072,202-1,강릉-동진버스,24,24,4200119,터미널오거리,128.88381140539954,37.755579088211434,44,,-,"20:50
(우미린 미경유)"
42002072,202-1,강릉-동진버스,25,25,4200117,적십자입구,128.88647213220725,37.75676623567213,44,,-,"20:50
(우미린 미경유)"
42002072,202-1,강릉-동진버스,26,26,4200115,고용센터,128.8890663454416,37.75714942132559,44,,-,"20:50
(우미린 미경유)"
42002072,202-1,강릉-동진버스,27,27,4200249,용강동서부시장,128.89167287030088,37.75492247590215,44,,-,"20:50
(우미린 미경유)"
42002072,202-1,강릉-동진버스,28,28,4200252,신영극장,128.8961287589657,37.75448236011555,44,,-,"20:50
(우미린 미경유)"
42002072,202-1,강릉-동진버스,29,29,4200094,강릉여고,128.90248424479844,37.75904463050879,44,,-,"20:50
(우미린 미경유)"
42002072,202-1,강릉-동진버스,30,30,4200257,옥천119안전센터,128.90305174420297,37.761041080134646,44,,-,"20:50
(우미린 미경유)"
42002072,202-1,강릉-동진버스,31,31,4200721,강릉역,128.8992580056024,37.76416330670135,44,,-,"20:50
(우미린 미경유)"
42002072,202-1,강릉-동진버스,32,32,4201375,가작다리입구,128.8943546413669,37.766101443660936,44,,-,"20:50
(우미린 미경유)"
42002072,202-1,강릉-동진버스,33,33,4200569,교2동주민센터,128.8921038226677,37.76840335678918,44,,-,"20:50
(우미린 미경유)"
42002072,202-1,강릉-동진버스,34,34,4200547,e-편한세상아파트,128.895218937497,37.769600465674785,44,,-,"20:50
(우미린 미경유)"
42002072,202-1,강릉-동진버스,35,35,4200433,종합경기장,128.89677683645317,37.77125900731557,44,,-,"20:50
(우미린 미경유)"
42002072,202-1,강릉-동진버스,36,36,4200430,강릉국민체육센터,128.89711747432256,37.77640154864734,44,,-,"20:50
(우미린 미경유)"
42002072,202-1,강릉-동진버스,37,37,4200006,강릉아이스아레나,128.89519306784848,37.78029319605429,44,,-,"20:50
(우미린 미경유)"
42002072,202-1,강릉-동진버스,38,38,4201254,모안이서낭당,128.90286872766467,37.783490145093076,44,,-,"20:50
(우미린 미경유)"
42002072,202-1,강릉-동진버스,39,39,4201256,강릉녹색도시체험센터,128.90742209068117,37.786856581754364,44,,-,"20:50
(우미린 미경유)"
42002072,202-1,강릉-동진버스,40,40,4201259,허균.허난설헌기념공원,128.90952498226952,37.789422425132265,44,,-,"20:50
(우미린 미경유)"
42002072,202-1,강릉-동진버스,41,41,4200098,허난설헌삼거리,128.9131333359753,37.79177727582709,44,,-,"20:50
(우미린 미경유)"
42002072,202-1,강릉-동진버스,42,42,4201261,강문해변입구,128.9152492720649,37.794762154181576,44,,-,"20:50
(우미린 미경유)"
42002072,202-1,강릉-동진버스,43,43,4201267,경포호,128.91154424859525,37.79966287216199,44,,-,"20:50
(우미린 미경유)"
42002072,202-1,강릉-동진버스,44,44,4201420,경포해변(종점),128.9052815401602,37.80443707912235,44,,-,"20:50
(우미린 미경유)"
42001003,206,강릉-동진버스,1,1,4200287,강릉고등학교,128.91470458416677,37.788540253578724,32,,06:50,21:20
42001003,206,강릉-동진버스,2,2,4200041,허균생가입구,128.91292892790995,37.78786454215139,32,,06:50,21:20
42001003,206,강릉-동진버스,3,3,4200039,유화아파트,128.91342886671308,37.785727014906996,32,,06:50,21:20
42001003,206,강릉-동진버스,4,4,4200011,동부아파트,128.9151327017873,37.78401368458876,32,,06:50,21:20
42001003,206,강릉-동진버스,5,5,4200043,이화해변타운,128.91744670191798,37.78316591377611,32,,06:50,21:20
42001003,206,강릉-동진버스,6,6,4200288,경포고교,128.91881546540267,37.78075927662396,32,,06:50,21:20
42001003,206,강릉-동진버스,7,7,4201220,포남2주공입구,128.9179885478381,37.77901498558293,32,,06:50,21:20
42001003,206,강릉-동진버스,8,8,4200104,동명중학교,128.91637238303827,37.777185998905715,32,,06:50,21:20
42001003,206,강릉-동진버스,9,9,4200289,한솔초교,128.9142086436632,37.775058134113436,32,,06:50,21:20
42001003,206,강릉-동진버스,10,10,4200106,KT,128.91181164590185,37.77275858732733,32,,06:50,21:20
42001003,206,강릉-동진버스,11,11,4200108,동인병원입구,128.90953558421478,37.77125258486367,32,,06:50,21:20
42001003,206,강릉-동진버스,12,12,4200110,하슬라중,128.90715554439282,37.77053362559672,32,,06:50,21:20
42001003,206,강릉-동진버스,13,13,4200057,강릉경찰서,128.90688706685629,37.768055768979885,32,,06:50,21:20
42001003,206,강릉-동진버스,14,14,4200322,동도센트리움,128.90456486009336,37.76619195310031,32,,06:50,21:20
42001003,206,강릉-동진버스,15,15,4200320,강릉역육거리,128.9015605860337,37.763796951176055,32,,06:50,21:20
42001003,206,강릉-동진버스,16,16,4200315,구터미널,128.8988430353628,37.76163002626936,32,,06:50,21:20
42001003,206,강릉-동진버스,17,17,4200365,삼성디지털센터,128.8966989039856,37.75811194350719,32,,06:50,21:20
42001003,206,강릉-동진버스,18,18,4200253,교보생명,128.89811415297848,37.756002485379526,32,,06:50,21:20
42001003,206,강릉-동진버스,19,19,4200251,한국은행,128.89406630781096,37.753485602290496,32,,06:50,21:20
42001003,206,강릉-동진버스,20,20,4200250,용강동서부시장,128.89174828581776,37.7556582744871,32,,06:50,21:20
42001003,206,강릉-동진버스,21,21,4200114,고용센터,128.88893105798073,37.75744085258255,32,,06:50,21:20
42001003,206,강릉-동진버스,22,22,4200116,적십자입구,128.88726321660565,37.757196360936135,32,,06:50,21:20
42001003,206,강릉-동진버스,23,23,4200118,터미널오거리,128.8840640923818,37.75608209292866,32,,06:50,21:20
42001003,206,강릉-동진버스,24,24,4200120,강릉시외.고속터미널,128.8792265208128,37.75505492071011,32,,06:50,21:20
42001003,206,강릉-동진버스,25,25,4200122,강릉문화원,128.8740921031382,37.75789663608161,32,,06:50,21:20
42001003,206,강릉-동진버스,26,26,4200123,우편집중국,128.8733706824724,37.76051485370646,32,,06:50,21:20
42001003,206,강릉-동진버스,27,27,4200125,솔올공연장,128.87460623301726,37.76366952964576,32,,06:50,21:20
42001003,206,강릉-동진버스,28,28,4200127,구름다리,128.87654770197503,37.764512872809554,32,,06:50,21:20
42001003,206,강릉-동진버스,29,29,4200129,주공3차아파트,128.87933873663175,37.76410589188944,32,,06:50,21:20
42001003,206,강릉-동진버스,30,30,4200131,하이빌현대아파트,128.8824547932286,37.764860822549025,32,,06:50,21:20
42001003,206,강릉-동진버스,31,31,4200133,주공1차아파트,128.88288690646792,37.76665665089728,32,,06:50,21:20
42001003,206,강릉-동진버스,32,32,4200134,부영2차아파트,128.88281079370944,37.77016072015751,32,,06:50,21:20
42001003,206,강릉-동진버스,33,33,4200060,솔올중학교,128.8798722504925,37.77163504014371,32,,06:50,21:20
42001003,206,강릉-동진버스,34,34,4200080,경포초등학교,128.87893593974582,37.76974854746925,32,,06:50,21:20
42001003,206,강릉-동진버스,35,35,4200292,주공1차아파트,128.88256780330317,37.766843575404636,32,,06:50,21:20
42001003,206,강릉-동진버스,36,36,4200132,율곡초등학교,128.88221538693716,37.765100900268116,32,,06:50,21:20
42001003,206,강릉-동진버스,37,37,4200130,현대2차아파트,128.87999435131803,37.764311243841746,32,,06:50,21:20
42001003,206,강릉-동진버스,38,38,4200128,구름다리,128.87743298775584,37.764682397677966,32,,06:50,21:20
42001003,206,강릉-동진버스,39,39,4200126,솔올공연장,128.87424793205705,37.763507530751156,32,,06:50,21:20
42001003,206,강릉-동진버스,40,40,4200124,우편집중국,128.87347187490323,37.76156496879712,32,,06:50,21:20
42001003,206,강릉-동진버스,41,41,4200121,강릉시외.고속터미널,128.87911620808939,37.75486594086855,32,,06:50,21:20
42001003,206,강릉-동진버스,42,42,4200119,터미널오거리,128.88381140539954,37.755579088211434,32,,06:50,21:20
42001003,206,강릉-동진버스,43,43,4200117,적십자입구,128.88647213220725,37.75676623567213,32,,06:50,21:20
42001003,206,강릉-동진버스,44,44,4200115,고용센터,128.8890663454416,37.75714942132559,32,,06:50,21:20
42001003,206,강릉-동진버스,45,45,4200249,용강동서부시장,128.89167287030088,37.75492247590215,32,,06:50,21:20
42001003,206,강릉-동진버스,46,46,4200252,신영극장,128.8961287589657,37.75448236011555,32,,06:50,21:20
42001003,206,강릉-동진버스,47,47,4200094,강릉여고,128.90248424479844,37.75904463050879,32,,06:50,21:20
42001003,206,강릉-동진버스,48,48,4200258,용지각,128.90534669055177,37.76147384168322,32,,06:50,21:20
42001003,206,강릉-동진버스,49,49,4200260,동남아파트,128.9088062489658,37.764638779656714,32,,06:50,21:20
42001003,206,강릉-동진버스,50,50,4200049,남강초교,128.91338089940805,37.76735161096919,32,,06:50,21:20
42001003,206,강릉-동진버스,51,51,4200265,혜성연립,128.91575952067353,37.76841531999017,32,,06:50,21:20
42001003,206,강릉-동진버스,52,52,4200267,삼우은성아파트,128.91973659122027,37.77025900516923,32,,06:50,21:20
42001003,206,강릉-동진버스,53,53,4200269,이마트,128.92346774482266,37.772222356268564,32,,06:50,21:20
42001003,206,강릉-동진버스,54,54,4200271,송정동주민센터,128.9281580126049,37.77420386430584,32,,06:50,21:20
42001003,206,강릉-동진버스,55,55,4200273,송정신원아침도시,128.93190852770562,37.774810233413945,32,,06:50,21:20
42001003,206,강릉-동진버스,56,56,4200277,비치소라아파트,128.93435177478304,37.77578862012879,32,,06:50,21:20
42001003,206,강릉-동진버스,57,57,4200055,해당화연립,128.93501598562065,37.778964657496246,32,,06:50,21:20
42001003,206,강릉-동진버스,58,58,4200053,오성학교,128.93312248716418,37.77978287851338,32,,06:50,21:20
42001003,206,강릉-동진버스,59,59,4200052,송정래미안,128.93038982126572,37.78292573478735,32,,06:50,21:20
42001003,206,강릉-동진버스,60,60,4202172,신라모노그램,128.92730314100064,37.78470637599459,32,,06:50,21:20
42001003,206,강릉-동진버스,61,61,4201233,초당분수공원,128.9221385517862,37.785996929695614,32,,06:50,21:20
42001003,206,강릉-동진버스,62,62,4200100,강원도교육연수원,128.91813970318609,37.785074864473685,32,,06:50,21:20
42001003,206,강릉-동진버스,63,63,4200047,강릉고정문,128.91550078840652,37.78828834947499,32,,06:50,21:20
42092144,206-1,강릉-동해상사,1,1,4200287,강릉고등학교,128.91470458416677,37.788540253578724,32,,09:20,15:15
42092144,206-1,강릉-동해상사,2,2,4200041,허균생가입구,128.91292892790995,37.78786454215139,32,,09:20,15:15
42092144,206-1,강릉-동해상사,3,3,4200039,유화아파트,128.91342886671308,37.785727014906996,32,,09:20,15:15
42092144,206-1,강릉-동해상사,4,4,4200011,동부아파트,128.9151327017873,37.78401368458876,32,,09:20,15:15
42092144,206-1,강릉-동해상사,5,5,4200043,이화해변타운,128.91744670191798,37.78316591377611,32,,09:20,15:15
42092144,206-1,강릉-동해상사,6,6,4200288,경포고교,128.91881546540267,37.78075927662396,32,,09:20,15:15
42092144,206-1,강릉-동해상사,7,7,4201220,포남2주공입구,128.9179885478381,37.77901498558293,32,,09:20,15:15
42092144,206-1,강릉-동해상사,8,8,4200104,동명중학교,128.91637238303827,37.777185998905715,32,,09:20,15:15
42092144,206-1,강릉-동해상사,9,9,4200289,한솔초교,128.9142086436632,37.775058134113436,32,,09:20,15:15
42092144,206-1,강릉-동해상사,10,10,4200106,KT,128.91181164590185,37.77275858732733,32,,09:20,15:15
42092144,206-1,강릉-동해상사,11,11,4200108,동인병원입구,128.90953558421478,37.77125258486367,32,,09:20,15:15
42092144,206-1,강릉-동해상사,12,12,4200110,하슬라중,128.90715554439282,37.77053362559672,32,,09:20,15:15
42092144,206-1,강릉-동해상사,13,13,4200057,강릉경찰서,128.90688706685629,37.768055768979885,32,,09:20,15:15
42092144,206-1,강릉-동해상사,14,14,4200322,동도센트리움,128.90456486009336,37.76619195310031,32,,09:20,15:15
42092144,206-1,강릉-동해상사,15,15,4200320,강릉역육거리,128.9015605860337,37.763796951176055,32,,09:20,15:15
42092144,206-1,강릉-동해상사,16,16,4200315,구터미널,128.8988430353628,37.76163002626936,32,,09:20,15:15
42092144,206-1,강릉-동해상사,17,17,4200365,삼성디지털센터,128.8966989039856,37.75811194350719,32,,09:20,15:15
42092144,206-1,강릉-동해상사,18,18,4200253,교보생명,128.89811415297848,37.756002485379526,32,,09:20,15:15
42092144,206-1,강릉-동해상사,19,19,4200251,한국은행,128.89406630781096,37.753485602290496,32,,09:20,15:15
42092144,206-1,강릉-동해상사,20,20,4200250,용강동서부시장,128.89174828581776,37.7556582744871,32,,09:20,15:15
42092144,206-1,강릉-동해상사,21,21,4200114,고용센터,128.88893105798073,37.75744085258255,32,,09:20,15:15
42092144,206-1,강릉-동해상사,22,22,4200116,적십자입구,128.88726321660565,37.757196360936135,32,,09:20,15:15
42092144,206-1,강릉-동해상사,23,23,4200118,터미널오거리,128.8840640923818,37.75608209292866,32,,09:20,15:15
42092144,206-1,강릉-동해상사,24,24,4200120,강릉시외.고속터미널,128.8792265208128,37.75505492071011,32,,09:20,15:15
42092144,206-1,강릉-동해상사,25,25,4200122,강릉문화원,128.8740921031382,37.75789663608161,32,,09:20,15:15
42092144,206-1,강릉-동해상사,26,26,4200123,우편집중국,128.8733706824724,37.76051485370646,32,,09:20,15:15
42092144,206-1,강릉-동해상사,27,27,4200125,솔올공연장,128.87460623301726,37.76366952964576,32,,09:20,15:15
42092144,206-1,강릉-동해상사,28,28,4200127,구름다리,128.87654770197503,37.764512872809554,32,,09:20,15:15
42092144,206-1,강릉-동해상사,29,29,4200129,주공3차아파트,128.87933873663175,37.76410589188944,32,,09:20,15:15
42092144,206-1,강릉-동해상사,30,30,4200131,하이빌현대아파트,128.8824547932286,37.764860822549025,32,,09:20,15:15
42092144,206-1,강릉-동해상사,31,31,4200530,주공2차아파트,128.8850454710998,37.768615366200436,32,,09:20,15:15
42092144,206-1,강릉-동해상사,32,32,4200134,부영2차아파트,128.88281079370944,37.77016072015751,32,,09:20,15:15
42092144,206-1,강릉-동해상사,33,33,4200060,솔올중학교,128.8798722504925,37.77163504014371,32,,09:20,15:15
42092144,206-1,강릉-동해상사,34,34,4200080,경포초등학교,128.87893593974582,37.76974854746925,32,,09:20,15:15
42092144,206-1,강릉-동해상사,35,35,4200292,주공1차아파트,128.88256780330317,37.766843575404636,32,,09:20,15:15
42092144,206-1,강릉-동해상사,36,36,4200132,율곡초등학교,128.88221538693716,37.765100900268116,32,,09:20,15:15
42092144,206-1,강릉-동해상사,37,37,4200130,현대2차아파트,128.87999435131803,37.764311243841746,32,,09:20,15:15
42092144,206-1,강릉-동해상사,38,38,4200128,구름다리,128.87743298775584,37.764682397677966,32,,09:20,15:15
42092144,206-1,강릉-동해상사,39,39,4200126,솔올공연장,128.87424793205705,37.763507530751156,32,,09:20,15:15
42092144,206-1,강릉-동해상사,40,40,4200124,우편집중국,128.87347187490323,37.76156496879712,32,,09:20,15:15
42092144,206-1,강릉-동해상사,41,41,4200121,강릉시외.고속터미널,128.87911620808939,37.75486594086855,32,,09:20,15:15
42092144,206-1,강릉-동해상사,42,42,4200119,터미널오거리,128.88381140539954,37.755579088211434,32,,09:20,15:15
42092144,206-1,강릉-동해상사,43,43,4200117,적십자입구,128.88647213220725,37.75676623567213,32,,09:20,15:15
42092144,206-1,강릉-동해상사,44,44,4200115,고용센터,128.8890663454416,37.75714942132559,32,,09:20,15:15
42092144,206-1,강릉-동해상사,45,45,4200249,용강동서부시장,128.89167287030088,37.75492247590215,32,,09:20,15:15
42092144,206-1,강릉-동해상사,46,46,4200252,신영극장,128.8961287589657,37.75448236011555,32,,09:20,15:15
42092144,206-1,강릉-동해상사,47,47,4200094,강릉여고,128.90248424479844,37.75904463050879,32,,09:20,15:15
42092144,206-1,강릉-동해상사,48,48,4200258,용지각,128.90534669055177,37.76147384168322,32,,09:20,15:15
42092144,206-1,강릉-동해상사,49,49,4200260,동남아파트,128.9088062489658,37.764638779656714,32,,09:20,15:15
42092144,206-1,강릉-동해상사,50,50,4200049,남강초교,128.91338089940805,37.76735161096919,32,,09:20,15:15
42092144,206-1,강릉-동해상사,51,51,4200265,혜성연립,128.91575952067353,37.76841531999017,32,,09:20,15:15
42092144,206-1,강릉-동해상사,52,52,4200267,삼우은성아파트,128.91973659122027,37.77025900516923,32,,09:20,15:15
42092144,206-1,강릉-동해상사,53,53,4200269,이마트,128.92346774482266,37.772222356268564,32,,09:20,15:15
42092144,206-1,강릉-동해상사,54,54,4200271,송정동주민센터,128.9281580126049,37.77420386430584,32,,09:20,15:15
42092144,206-1,강릉-동해상사,55,55,4200273,송정신원아침도시,128.93190852770562,37.774810233413945,32,,09:20,15:15
42092144,206-1,강릉-동해상사,56,56,4200277,비치소라아파트,128.93435177478304,37.77578862012879,32,,09:20,15:15
42092144,206-1,강릉-동해상사,57,57,4200055,해당화연립,128.93501598562065,37.778964657496246,32,,09:20,15:15
42092144,206-1,강릉-동해상사,58,58,4200053,오성학교,128.93312248716418,37.77978287851338,32,,09:20,15:15
42092144,206-1,강릉-동해상사,59,59,4200052,송정래미안,128.93038982126572,37.78292573478735,32,,09:20,15:15
42092144,206-1,강릉-동해상사,60,60,4202172,신라모노그램,128.92730314100064,37.78470637599459,32,,09:20,15:15
42092144,206-1,강릉-동해상사,61,61,4201233,초당분수공원,128.9221385517862,37.785996929695614,32,,09:20,15:15
42092144,206-1,강릉-동해상사,62,62,4200100,강원도교육연수원,128.91813970318609,37.785074864473685,32,,09:20,15:15
42092144,206-1,강릉-동해상사,63,63,4200047,강릉고정문,128.91550078840652,37.78828834947499,32,,09:20,15:15
42001004,207,강릉-동진버스,1,1,4200370,허균.허난설헌기념공원,128.90979333997709,37.79017067397969,37,,"07:30
(강고발)","19:05
(강고종점)"
42001004,207,강릉-동진버스,2,2,4200098,허난설헌삼거리,128.9131333359753,37.79177727582709,37,,"07:30
(강고발)","19:05
(강고종점)"
42001004,207,강릉-동진버스,3,3,4200287,강릉고등학교,128.91470458416677,37.788540253578724,37,,"07:30
(강고발)","19:05
(강고종점)"
42001004,207,강릉-동진버스,4,4,4200041,허균생가입구,128.91292892790995,37.78786454215139,37,,"07:30
(강고발)","19:05
(강고종점)"
42001004,207,강릉-동진버스,5,5,4200039,유화아파트,128.91342886671308,37.785727014906996,37,,"07:30
(강고발)","19:05
(강고종점)"
42001004,207,강릉-동진버스,6,6,4200011,동부아파트,128.9151327017873,37.78401368458876,37,,"07:30
(강고발)","19:05
(강고종점)"
42001004,207,강릉-동진버스,7,7,4200043,이화해변타운,128.91744670191798,37.78316591377611,37,,"07:30
(강고발)","19:05
(강고종점)"
42001004,207,강릉-동진버스,8,8,4200288,경포고교,128.91881546540267,37.78075927662396,37,,"07:30
(강고발)","19:05
(강고종점)"
42001004,207,강릉-동진버스,9,9,4201220,포남2주공입구,128.9179885478381,37.77901498558293,37,,"07:30
(강고발)","19:05
(강고종점)"
42001004,207,강릉-동진버스,10,10,4200104,동명중학교,128.91637238303827,37.777185998905715,37,,"07:30
(강고발)","19:05
(강고종점)"
42001004,207,강릉-동진버스,11,11,4200289,한솔초교,128.9142086436632,37.775058134113436,37,,"07:30
(강고발)","19:05
(강고종점)"
42001004,207,강릉-동진버스,12,12,4200106,KT,128.91181164590185,37.77275858732733,37,,"07:30
(강고발)","19:05
(강고종점)"
42001004,207,강릉-동진버스,13,13,4200108,동인병원입구,128.90953558421478,37.77125258486367,37,,"07:30
(강고발)","19:05
(강고종점)"
42001004,207,강릉-동진버스,14,14,4200110,하슬라중,128.90715554439282,37.77053362559672,37,,"07:30
(강고발)","19:05
(강고종점)"
42001004,207,강릉-동진버스,15,15,4200057,강릉경찰서,128.90688706685629,37.768055768979885,37,,"07:30
(강고발)","19:05
(강고종점)"
42001004,207,강릉-동진버스,16,16,4200322,동도센트리움,128.90456486009336,37.76619195310031,37,,"07:30
(강고발)","19:05
(강고종점)"
42001004,207,강릉-동진버스,17,17,4200320,강릉역육거리,128.9015605860337,37.763796951176055,37,,"07:30
(강고발)","19:05
(강고종점)"
42001004,207,강릉-동진버스,18,18,4200315,구터미널,128.8988430353628,37.76163002626936,37,,"07:30
(강고발)","19:05
(강고종점)"
42001004,207,강릉-동진버스,19,19,4200365,삼성디지털센터,128.8966989039856,37.75811194350719,37,,"07:30
(강고발)","19:05
(강고종점)"
42001004,207,강릉-동진버스,20,20,4200253,교보생명,128.89811415297848,37.756002485379526,37,,"07:30
(강고발)","19:05
(강고종점)"
42001004,207,강릉-동진버스,21,21,4200251,한국은행,128.89406630781096,37.753485602290496,37,,"07:30
(강고발)","19:05
(강고종점)"
42001004,207,강릉-동진버스,22,22,4200250,용강동서부시장,128.89174828581776,37.7556582744871,37,,"07:30
(강고발)","19:05
(강고종점)"
42001004,207,강릉-동진버스,23,23,4200114,고용센터,128.88893105798073,37.75744085258255,37,,"07:30
(강고발)","19:05
(강고종점)"
42001004,207,강릉-동진버스,24,24,4200116,적십자입구,128.88726321660565,37.757196360936135,37,,"07:30
(강고발)","19:05
(강고종점)"
42001004,207,강릉-동진버스,25,25,4200118,터미널오거리,128.8840640923818,37.75608209292866,37,,"07:30
(강고발)","19:05
(강고종점)"
42001004,207,강릉-동진버스,26,26,4200120,강릉시외.고속터미널,128.8792265208128,37.75505492071011,37,,"07:30
(강고발)","19:05
(강고종점)"
42001004,207,강릉-동진버스,27,27,4200122,강릉문화원,128.8740921031382,37.75789663608161,37,,"07:30
(강고발)","19:05
(강고종점)"
42001004,207,강릉-동진버스,28,28,4200123,우편집중국,128.8733706824724,37.76051485370646,37,,"07:30
(강고발)","19:05
(강고종점)"
42001004,207,강릉-동진버스,29,29,4200125,솔올공연장,128.87460623301726,37.76366952964576,37,,"07:30
(강고발)","19:05
(강고종점)"
42001004,207,강릉-동진버스,30,30,4200127,구름다리,128.87654770197503,37.764512872809554,37,,"07:30
(강고발)","19:05
(강고종점)"
42001004,207,강릉-동진버스,31,31,4200129,주공3차아파트,128.87933873663175,37.76410589188944,37,,"07:30
(강고발)","19:05
(강고종점)"
42001004,207,강릉-동진버스,32,32,4200131,하이빌현대아파트,128.8824547932286,37.764860822549025,37,,"07:30
(강고발)","19:05
(강고종점)"
42001004,207,강릉-동진버스,33,33,4200133,주공1차아파트,128.88288690646792,37.76665665089728,37,,"07:30
(강고발)","19:05
(강고종점)"
42001004,207,강릉-동진버스,34,34,4200134,부영2차아파트,128.88281079370944,37.77016072015751,37,,"07:30
(강고발)","19:05
(강고종점)"
42001004,207,강릉-동진버스,35,35,4200060,솔올중학교,128.8798722504925,37.77163504014371,37,,"07:30
(강고발)","19:05
(강고종점)"
42001004,207,강릉-동진버스,36,36,4200083,지변동,128.87676045382563,37.771874023944235,37,,"07:30
(강고발)","19:05
(강고종점)"
42001004,207,강릉-동진버스,37,37,4200356,강원대학교,128.87391738137654,37.77033026766949,37,,"07:30
(강고발)","19:05
(강고종점)"
42001004,207,강릉-동진버스,38,38,4200084,풋살경기장옆,128.87680703199706,37.77165010517057,37,,"07:30
(강고발)","19:05
(강고종점)"
42001004,207,강릉-동진버스,39,39,4200135,부영2차아파트,128.8825125758686,37.77002923948558,37,,"07:30
(강고발)","19:05
(강고종점)"
42001004,207,강릉-동진버스,40,40,4200292,주공1차아파트,128.88256780330317,37.766843575404636,37,,"07:30
(강고발)","19:05
(강고종점)"
42001004,207,강릉-동진버스,41,41,4200132,율곡초등학교,128.88221538693716,37.765100900268116,37,,"07:30
(강고발)","19:05
(강고종점)"
42001004,207,강릉-동진버스,42,42,4200130,현대2차아파트,128.87999435131803,37.764311243841746,37,,"07:30
(강고발)","19:05
(강고종점)"
42001004,207,강릉-동진버스,43,43,4200128,구름다리,128.87743298775584,37.764682397677966,37,,"07:30
(강고발)","19:05
(강고종점)"
42001004,207,강릉-동진버스,44,44,4200126,솔올공연장,128.87424793205705,37.763507530751156,37,,"07:30
(강고발)","19:05
(강고종점)"
42001004,207,강릉-동진버스,45,45,4200124,우편집중국,128.87347187490323,37.76156496879712,37,,"07:30
(강고발)","19:05
(강고종점)"
42001004,207,강릉-동진버스,46,46,4200121,강릉시외.고속터미널,128.87911620808939,37.75486594086855,37,,"07:30
(강고발)","19:05
(강고종점)"
42001004,207,강릉-동진버스,47,47,4200119,터미널오거리,128.88381140539954,37.755579088211434,37,,"07:30
(강고발)","19:05
(강고종점)"
42001004,207,강릉-동진버스,48,48,4200117,적십자입구,128.88647213220725,37.75676623567213,37,,"07:30
(강고발)","19:05
(강고종점)"
42001004,207,강릉-동진버스,49,49,4200115,고용센터,128.8890663454416,37.75714942132559,37,,"07:30
(강고발)","19:05
(강고종점)"
42001004,207,강릉-동진버스,50,50,4200249,용강동서부시장,128.89167287030088,37.75492247590215,37,,"07:30
(강고발)","19:05
(강고종점)"
42001004,207,강릉-동진버스,51,51,4200252,신영극장,128.8961287589657,37.75448236011555,37,,"07:30
(강고발)","19:05
(강고종점)"
42001004,207,강릉-동진버스,52,52,4200094,강릉여고,128.90248424479844,37.75904463050879,37,,"07:30
(강고발)","19:05
(강고종점)"
42001004,207,강릉-동진버스,53,53,4200258,용지각,128.90534669055177,37.76147384168322,37,,"07:30
(강고발)","19:05
(강고종점)"
42001004,207,강릉-동진버스,54,54,4200260,동남아파트,128.9088062489658,37.764638779656714,37,,"07:30
(강고발)","19:05
(강고종점)"
42001004,207,강릉-동진버스,55,55,4200049,남강초교,128.91338089940805,37.76735161096919,37,,"07:30
(강고발)","19:05
(강고종점)"
42001004,207,강릉-동진버스,56,56,4200265,혜성연립,128.91575952067353,37.76841531999017,37,,"07:30
(강고발)","19:05
(강고종점)"
42001004,207,강릉-동진버스,57,57,4200267,삼우은성아파트,128.91973659122027,37.77025900516923,37,,"07:30
(강고발)","19:05
(강고종점)"
42001004,207,강릉-동진버스,58,58,4200269,이마트,128.92346774482266,37.772222356268564,37,,"07:30
(강고발)","19:05
(강고종점)"
42001004,207,강릉-동진버스,59,59,4200271,송정동주민센터,128.9281580126049,37.77420386430584,37,,"07:30
(강고발)","19:05
(강고종점)"
42001004,207,강릉-동진버스,60,60,4200273,송정신원아침도시,128.93190852770562,37.774810233413945,37,,"07:30
(강고발)","19:05
(강고종점)"
42001004,207,강릉-동진버스,61,61,4200277,비치소라아파트,128.93435177478304,37.77578862012879,37,,"07:30
(강고발)","19:05
(강고종점)"
42001004,207,강릉-동진버스,62,62,4200055,해당화연립,128.93501598562065,37.778964657496246,37,,"07:30
(강고발)","19:05
(강고종점)"
42001004,207,강릉-동진버스,63,63,4200053,오성학교,128.93312248716418,37.77978287851338,37,,"07:30
(강고발)","19:05
(강고종점)"
42001004,207,강릉-동진버스,64,64,4200052,송정래미안,128.93038982126572,37.78292573478735,37,,"07:30
(강고발)","19:05
(강고종점)"
42001004,207,강릉-동진버스,65,65,4202172,신라모노그램,128.92730314100064,37.78470637599459,37,,"07:30
(강고발)","19:05
(강고종점)"
42001004,207,강릉-동진버스,66,66,4201233,초당분수공원,128.9221385517862,37.785996929695614,37,,"07:30
(강고발)","19:05
(강고종점)"
42001004,207,강릉-동진버스,67,67,4200100,강원도교육연수원,128.91813970318609,37.785074864473685,37,,"07:30
(강고발)","19:05
(강고종점)"
42001004,207,강릉-동진버스,68,68,4200047,강릉고정문,128.91550078840652,37.78828834947499,37,,"07:30
(강고발)","19:05
(강고종점)"
42001004,207,강릉-동진버스,69,69,4200647,허난설헌삼거리,128.91326614067623,37.792240418323686,37,,"07:30
(강고발)","19:05
(강고종점)"
42001004,207,강릉-동진버스,70,70,4200371,허균.허난설헌기념공원,128.9099040371541,37.79022786972901,37,,"07:30
(강고발)","19:05
(강고종점)"
42002085,220,강릉-동진버스,1,1,4201043,안목,128.94526892930932,37.77285146151794,34,,-,21:02
42002085,220,강릉-동진버스,2,2,4201427,오션시티아이파크,128.94172063887467,37.77534012183183,34,,-,21:02
42002085,220,강릉-동진버스,3,3,4200280,송정해변,128.9381119893655,37.77768849372205,34,,-,21:02
42002085,220,강릉-동진버스,4,4,4200055,해당화연립,128.93501598562065,37.778964657496246,34,,-,21:02
42002085,220,강릉-동진버스,5,5,4200053,오성학교,128.93312248716418,37.77978287851338,34,,-,21:02
42002085,220,강릉-동진버스,6,6,4200052,송정래미안,128.93038982126572,37.78292573478735,34,,-,21:02
42002085,220,강릉-동진버스,7,7,4202172,신라모노그램,128.92730314100064,37.78470637599459,34,,-,21:02
42002085,220,강릉-동진버스,8,8,4201233,초당분수공원,128.9221385517862,37.785996929695614,34,,-,21:02
42002085,220,강릉-동진버스,9,9,4200101,강릉고입구,128.92013482012848,37.783607089094346,34,,-,21:02
42002085,220,강릉-동진버스,10,10,4200288,경포고교,128.91881546540267,37.78075927662396,34,,-,21:02
42002085,220,강릉-동진버스,11,11,4201220,포남2주공입구,128.9179885478381,37.77901498558293,34,,-,21:02
42002085,220,강릉-동진버스,12,12,4200104,동명중학교,128.91637238303827,37.777185998905715,34,,-,21:02
42002085,220,강릉-동진버스,13,13,4200289,한솔초교,128.9142086436632,37.775058134113436,34,,-,21:02
42002085,220,강릉-동진버스,14,14,4200106,KT,128.91181164590185,37.77275858732733,34,,-,21:02
42002085,220,강릉-동진버스,15,15,4200108,동인병원입구,128.90953558421478,37.77125258486367,34,,-,21:02
42002085,220,강릉-동진버스,16,16,4200110,하슬라중,128.90715554439282,37.77053362559672,34,,-,21:02
42002085,220,강릉-동진버스,17,17,4200112,강릉관광개발공사,128.9085231695166,37.76800046518587,34,,-,21:02
42002085,220,강릉-동진버스,18,18,4200262,로얄아파트.포남1동주민센터,128.90933288179943,37.76545703763149,34,,-,21:02
42002085,220,강릉-동진버스,19,19,4200318,포남시장,128.90766061502285,37.76392281820552,34,,-,21:02
42002085,220,강릉-동진버스,20,20,4200259,용지각,128.90537716328666,37.76184119439877,34,,-,21:02
42002085,220,강릉-동진버스,21,21,4200095,한국자산관리공사,128.90111921880606,37.75827929877246,34,,-,21:02
42002085,220,강릉-동진버스,22,22,4200253,교보생명,128.89811415297848,37.756002485379526,34,,-,21:02
42002085,220,강릉-동진버스,23,23,4200251,한국은행,128.89406630781096,37.753485602290496,34,,-,21:02
42002085,220,강릉-동진버스,24,24,4200852,강릉대도호부관아,128.8916610029413,37.75117323796815,34,,-,21:02
42002085,220,강릉-동진버스,25,25,4200850,강릉의료원,128.88880799404643,37.748819708567,34,,-,21:02
42002085,220,강릉-동진버스,26,26,4200001,내곡교,128.88717490623026,37.74653766880734,34,,-,21:02
42002085,220,강릉-동진버스,27,27,4200849,내곡현대아파트,128.88327994384045,37.74557191636756,34,,-,21:02
42002085,220,강릉-동진버스,28,28,4200366,내곡한라아파트,128.88110089995297,37.74513149140333,34,,-,21:02
42002085,220,강릉-동진버스,29,29,4200847,회산주공1단지,128.87955033053632,37.744879735537495,34,,-,21:02
42002085,220,강릉-동진버스,30,30,4200758,회산주공2단지,128.8755135006868,37.7435978056025,34,,-,21:02
42002085,220,강릉-동진버스,31,31,4200845,회산교,128.86893532851613,37.74168123777201,34,,-,21:02
42002085,220,강릉-동진버스,32,32,4200842,서희아파트,128.86542964738,37.739494273568006,34,,-,21:02
42002085,220,강릉-동진버스,33,33,4200841,강일운수(회산한신더휴아파트),128.86326996430768,37.736857601908014,34,,-,21:02
42002085,220,강릉-동진버스,34,34,4200398,회산종점,128.8605464983993,37.731597103272264,34,,-,21:02
42002085,220,강릉-동진버스,35,35,4200840,강일운수(회산한신더휴아파트),128.8635961632995,37.73687831617277,34,,-,21:02
42002085,220,강릉-동진버스,36,36,4200843,서희아파트,128.86634677134685,37.73976016715972,34,,-,21:02
42002085,220,강릉-동진버스,37,37,4201229,관솔길,128.86962790539826,37.73951707468259,34,,-,21:02
42002085,220,강릉-동진버스,38,38,4200050,가톨릭관동대북문,128.8721246228799,37.73769671240302,34,,-,21:02
42002085,220,강릉-동진버스,39,39,4201228,관솔길,128.86971281684745,37.739544628947385,34,,-,21:02
42002085,220,강릉-동진버스,40,40,4200844,회산교,128.86938257728545,37.741799533605175,34,,-,21:02
42002085,220,강릉-동진버스,41,41,4200062,회산주공2단지,128.87633822960112,37.74368399842067,34,,-,21:02
42002085,220,강릉-동진버스,42,42,4200846,회산주공1단지,128.87934233274848,37.74463886683866,34,,-,21:02
42002085,220,강릉-동진버스,43,43,4201208,내곡한라아파트,128.88109989979574,37.744994216797494,34,,-,21:02
42002085,220,강릉-동진버스,44,44,4200848,내곡현대아파트,128.8834148503297,37.74546973753321,34,,-,21:02
42002085,220,강릉-동진버스,45,45,4200066,내곡교,128.88659128664105,37.74625364038564,34,,-,21:02
42002085,220,강릉-동진버스,46,46,4200851,강릉의료원,128.89091430945297,37.74975576653371,34,,-,21:02
42002085,220,강릉-동진버스,47,47,4200853,강릉대도호부관아,128.89234522879923,37.75163825691615,34,,-,21:02
42002085,220,강릉-동진버스,48,48,4200252,신영극장,128.8961287589657,37.75448236011555,34,,-,21:02
42002085,220,강릉-동진버스,49,49,4200094,강릉여고,128.90248424479844,37.75904463050879,34,,-,21:02
42002085,220,강릉-동진버스,50,50,4200258,용지각,128.90534669055177,37.76147384168322,34,,-,21:02
42002085,220,강릉-동진버스,51,51,4200260,동남아파트,128.9088062489658,37.764638779656714,34,,-,21:02
42002085,220,강릉-동진버스,52,52,4200113,강릉관광개발공사,128.90865897771857,37.76820323697218,34,,-,21:02
42002085,220,강릉-동진버스,53,53,4200111,하슬라중,128.90761293140218,37.77043125987649,34,,-,21:02
42002085,220,강릉-동진버스,54,54,4200109,동인병원입구,128.9094857690125,37.77102450992961,34,,-,21:02
42002085,220,강릉-동진버스,55,55,4200107,KT,128.9125052185983,37.77309475265464,34,,-,21:02
42002085,220,강릉-동진버스,56,56,4200290,한솔초교,128.91448068318238,37.77500059793141,34,,-,21:02
42002085,220,강릉-동진버스,57,57,4200105,동명중학교,128.9161008666347,37.77658681943468,34,,-,21:02
42002085,220,강릉-동진버스,58,58,4201236,포남2주공입구,128.91810027987142,37.77873395771816,34,,-,21:02
42002085,220,강릉-동진버스,59,59,4200103,경포고교,128.9190546436117,37.78057981084284,34,,-,21:02
42002085,220,강릉-동진버스,60,60,4200102,강릉고입구,128.92044843215433,37.78352944320342,34,,-,21:02
42002085,220,강릉-동진버스,61,61,4201234,초당분수공원,128.92421540479356,37.78614360918137,34,,-,21:02
42002085,220,강릉-동진버스,62,62,4202171,신라모노그램,128.92766337576,37.78423838201166,34,,-,21:02
42002085,220,강릉-동진버스,63,63,4200051,송정래미안,128.93021609974548,37.78282723196739,34,,-,21:02
42002085,220,강릉-동진버스,64,64,4200054,삼익아파트,128.93336344346523,37.7794509217129,34,,-,21:02
42002085,220,강릉-동진버스,65,65,4200056,해당화연립,128.9356053065312,37.7785328972295,34,,-,21:02
42002085,220,강릉-동진버스,66,66,4200279,신도브래뉴,128.93862914925478,37.77730338810464,34,,-,21:02
42002085,220,강릉-동진버스,67,67,4201428,오션시티아이파크,128.94156983542882,37.775150292669956,34,,-,21:02
42002085,220,강릉-동진버스,68,68,4201044,안목커피거리,128.94543559396536,37.77260342997581,34,,-,21:02
42002035,222,강릉-동진버스,1,1,4201043,안목,128.94526892930932,37.77285146151794,29,,09:22,19:40
42002035,222,강릉-동진버스,2,2,4201427,오션시티아이파크,128.94172063887467,37.77534012183183,29,,09:22,19:40
42002035,222,강릉-동진버스,3,3,4200280,송정해변,128.9381119893655,37.77768849372205,29,,09:22,19:40
42002035,222,강릉-동진버스,4,4,4200055,해당화연립,128.93501598562065,37.778964657496246,29,,09:22,19:40
42002035,222,강릉-동진버스,5,5,4200053,오성학교,128.93312248716418,37.77978287851338,29,,09:22,19:40
42002035,222,강릉-동진버스,6,6,4200052,송정래미안,128.93038982126572,37.78292573478735,29,,09:22,19:40
42002035,222,강릉-동진버스,7,7,4202172,신라모노그램,128.92730314100064,37.78470637599459,29,,09:22,19:40
42002035,222,강릉-동진버스,8,8,4201233,초당분수공원,128.9221385517862,37.785996929695614,29,,09:22,19:40
42002035,222,강릉-동진버스,9,9,4200101,강릉고입구,128.92013482012848,37.783607089094346,29,,09:22,19:40
42002035,222,강릉-동진버스,10,10,4200288,경포고교,128.91881546540267,37.78075927662396,29,,09:22,19:40
42002035,222,강릉-동진버스,11,11,4201220,포남2주공입구,128.9179885478381,37.77901498558293,29,,09:22,19:40
42002035,222,강릉-동진버스,12,12,4200104,동명중학교,128.91637238303827,37.777185998905715,29,,09:22,19:40
42002035,222,강릉-동진버스,13,13,4200289,한솔초교,128.9142086436632,37.775058134113436,29,,09:22,19:40
42002035,222,강릉-동진버스,14,14,4200106,KT,128.91181164590185,37.77275858732733,29,,09:22,19:40
42002035,222,강릉-동진버스,15,15,4200108,동인병원입구,128.90953558421478,37.77125258486367,29,,09:22,19:40
42002035,222,강릉-동진버스,16,16,4200110,하슬라중,128.90715554439282,37.77053362559672,29,,09:22,19:40
42002035,222,강릉-동진버스,17,17,4200112,강릉관광개발공사,128.9085231695166,37.76800046518587,29,,09:22,19:40
42002035,222,강릉-동진버스,18,18,4200262,로얄아파트.포남1동주민센터,128.90933288179943,37.76545703763149,29,,09:22,19:40
42002035,222,강릉-동진버스,19,19,4200318,포남시장,128.90766061502285,37.76392281820552,29,,09:22,19:40
42002035,222,강릉-동진버스,20,20,4200259,용지각,128.90537716328666,37.76184119439877,29,,09:22,19:40
42002035,222,강릉-동진버스,21,21,4200095,한국자산관리공사,128.90111921880606,37.75827929877246,29,,09:22,19:40
42002035,222,강릉-동진버스,22,22,4200253,교보생명,128.89811415297848,37.756002485379526,29,,09:22,19:40
42002035,222,강릉-동진버스,23,23,4200251,한국은행,128.89406630781096,37.753485602290496,29,,09:22,19:40
42002035,222,강릉-동진버스,24,24,4200852,강릉대도호부관아,128.8916610029413,37.75117323796815,29,,09:22,19:40
42002035,222,강릉-동진버스,25,25,4200850,강릉의료원,128.88880799404643,37.748819708567,29,,09:22,19:40
42002035,222,강릉-동진버스,26,26,4200001,내곡교,128.88717490623026,37.74653766880734,29,,09:22,19:40
42002035,222,강릉-동진버스,27,27,4200361,보건소,128.8822115594926,37.743635964592464,29,,09:22,19:40
42002035,222,강릉-동진버스,28,28,4200360,하나로마트내곡점,128.88016921110417,37.740597240336115,29,,09:22,19:40
42002035,222,강릉-동진버스,29,29,4200063,가톨릭관동대학교,128.87804152995903,37.738296118202754,29,,09:22,19:40
42002035,222,강릉-동진버스,30,30,4200359,하나로마트내곡점,128.88026417146904,37.7410809708167,29,,09:22,19:40
42002035,222,강릉-동진버스,31,31,4200065,보건소,128.8829859719751,37.74393637256719,29,,09:22,19:40
42002035,222,강릉-동진버스,32,32,4200358,삼창그린맨션,128.88749893563826,37.744743384730015,29,,09:22,19:40
42002035,222,강릉-동진버스,33,33,4200357,내곡교,128.88814500034871,37.745625057468914,29,,09:22,19:40
42002035,222,강릉-동진버스,34,34,4200851,강릉의료원,128.89091430945297,37.74975576653371,29,,09:22,19:40
42002035,222,강릉-동진버스,35,35,4200853,강릉대도호부관아,128.89234522879923,37.75163825691615,29,,09:22,19:40
42002035,222,강릉-동진버스,36,36,4200252,신영극장,128.8961287589657,37.75448236011555,29,,09:22,19:40
42002035,222,강릉-동진버스,37,37,4200094,강릉여고,128.90248424479844,37.75904463050879,29,,09:22,19:40
42002035,222,강릉-동진버스,38,38,4200258,용지각,128.90534669055177,37.76147384168322,29,,09:22,19:40
42002035,222,강릉-동진버스,39,39,4200260,동남아파트,128.9088062489658,37.764638779656714,29,,09:22,19:40
42002035,222,강릉-동진버스,40,40,4200113,강릉관광개발공사,128.90865897771857,37.76820323697218,29,,09:22,19:40
42002035,222,강릉-동진버스,41,41,4200111,하슬라중,128.90761293140218,37.77043125987649,29,,09:22,19:40
42002035,222,강릉-동진버스,42,42,4200109,동인병원입구,128.9094857690125,37.77102450992961,29,,09:22,19:40
42002035,222,강릉-동진버스,43,43,4200107,KT,128.9125052185983,37.77309475265464,29,,09:22,19:40
42002035,222,강릉-동진버스,44,44,4200290,한솔초교,128.91448068318238,37.77500059793141,29,,09:22,19:40
42002035,222,강릉-동진버스,45,45,4200105,동명중학교,128.9161008666347,37.77658681943468,29,,09:22,19:40
42002035,222,강릉-동진버스,46,46,4201236,포남2주공입구,128.91810027987142,37.77873395771816,29,,09:22,19:40
42002035,222,강릉-동진버스,47,47,4200103,경포고교,128.9190546436117,37.78057981084284,29,,09:22,19:40
42002035,222,강릉-동진버스,48,48,4200102,강릉고입구,128.92044843215433,37.78352944320342,29,,09:22,19:40
42002035,222,강릉-동진버스,49,49,4201234,초당분수공원,128.92421540479356,37.78614360918137,29,,09:22,19:40
42002035,222,강릉-동진버스,50,50,4202171,신라모노그램,128.92766337576,37.78423838201166,29,,09:22,19:40
42002035,222,강릉-동진버스,51,51,4200051,송정래미안,128.93021609974548,37.78282723196739,29,,09:22,19:40
42002035,222,강릉-동진버스,52,52,4200054,삼익아파트,128.93336344346523,37.7794509217129,29,,09:22,19:40
42002035,222,강릉-동진버스,53,53,4200056,해당화연립,128.9356053065312,37.7785328972295,29,,09:22,19:40
42002035,222,강릉-동진버스,54,54,4200279,신도브래뉴,128.93862914925478,37.77730338810464,29,,09:22,19:40
42002035,222,강릉-동진버스,55,55,4201428,오션시티아이파크,128.94156983542882,37.775150292669956,29,,09:22,19:40
42002035,222,강릉-동진버스,56,56,4201044,안목커피거리,128.94543559396536,37.77260342997581,29,,09:22,19:40
42002089,223-1,강릉-동진버스,1,1,4200063,가톨릭관동대학교,128.87804152995903,37.738296118202754,30,,07:00,21:39
42002089,223-1,강릉-동진버스,2,2,4200359,하나로마트내곡점,128.88026417146904,37.7410809708167,30,,07:00,21:39
42002089,223-1,강릉-동진버스,3,3,4200065,보건소,128.8829859719751,37.74393637256719,30,,07:00,21:39
42002089,223-1,강릉-동진버스,4,4,4200358,삼창그린맨션,128.88749893563826,37.744743384730015,30,,07:00,21:39
42002089,223-1,강릉-동진버스,5,5,4200357,내곡교,128.88814500034871,37.745625057468914,30,,07:00,21:39
42002089,223-1,강릉-동진버스,6,6,4201031,삼개사입구,128.88695285563512,37.7503693771254,30,,07:00,21:39
42002089,223-1,강릉-동진버스,7,7,4201033,장수탕,128.88740033590045,37.75217314835415,30,,07:00,21:39
42002089,223-1,강릉-동진버스,8,8,4201035,용강동,128.89127858305645,37.75423171492401,30,,07:00,21:39
42002089,223-1,강릉-동진버스,9,9,4200252,신영극장,128.8961287589657,37.75448236011555,30,,07:00,21:39
42002089,223-1,강릉-동진버스,10,10,4201038,강릉농협중앙지점,128.90002047054392,37.7602043259228,30,,07:00,21:39
42002089,223-1,강릉-동진버스,11,11,4200293,강릉역건너편,128.8990669694857,37.76400772021464,30,,07:00,21:39
42002089,223-1,강릉-동진버스,12,12,4200319,강릉역육거리,128.90168116661832,37.76358515067785,30,,07:00,21:39
42002089,223-1,강릉-동진버스,13,13,4200321,강릉축산농협,128.9049229187372,37.76619229629584,30,,07:00,21:39
42002089,223-1,강릉-동진버스,14,14,4200058,강릉경찰서,128.906855517511,37.76775326359568,30,,07:00,21:39
42002089,223-1,강릉-동진버스,15,15,4200111,하슬라중,128.90761293140218,37.77043125987649,30,,07:00,21:39
42002089,223-1,강릉-동진버스,16,16,4200109,동인병원입구,128.9094857690125,37.77102450992961,30,,07:00,21:39
42002089,223-1,강릉-동진버스,17,17,4200107,KT,128.9125052185983,37.77309475265464,30,,07:00,21:39
42002089,223-1,강릉-동진버스,18,18,4200290,한솔초교,128.91448068318238,37.77500059793141,30,,07:00,21:39
42002089,223-1,강릉-동진버스,19,19,4200105,동명중학교,128.9161008666347,37.77658681943468,30,,07:00,21:39
42002089,223-1,강릉-동진버스,20,20,4201236,포남2주공입구,128.91810027987142,37.77873395771816,30,,07:00,21:39
42002089,223-1,강릉-동진버스,21,21,4200103,경포고교,128.9190546436117,37.78057981084284,30,,07:00,21:39
42002089,223-1,강릉-동진버스,22,22,4200102,강릉고입구,128.92044843215433,37.78352944320342,30,,07:00,21:39
42002089,223-1,강릉-동진버스,23,23,4201234,초당분수공원,128.92421540479356,37.78614360918137,30,,07:00,21:39
42002089,223-1,강릉-동진버스,24,24,4202171,신라모노그램,128.92766337576,37.78423838201166,30,,07:00,21:39
42002089,223-1,강릉-동진버스,25,25,4200051,송정래미안,128.93021609974548,37.78282723196739,30,,07:00,21:39
42002089,223-1,강릉-동진버스,26,26,4200054,삼익아파트,128.93336344346523,37.7794509217129,30,,07:00,21:39
42002089,223-1,강릉-동진버스,27,27,4200056,해당화연립,128.9356053065312,37.7785328972295,30,,07:00,21:39
42002089,223-1,강릉-동진버스,28,28,4200279,신도브래뉴,128.93862914925478,37.77730338810464,30,,07:00,21:39
42002089,223-1,강릉-동진버스,29,29,4201428,오션시티아이파크,128.94156983542882,37.775150292669956,30,,07:00,21:39
42002089,223-1,강릉-동진버스,30,30,4201044,안목커피거리,128.94543559396536,37.77260342997581,30,,07:00,21:39
42002038,227,강릉-동진버스,1,1,4200739,남항진해변,128.95440005417075,37.764111085296946,31,,07:40,21:10
42002038,227,강릉-동진버스,2,2,4200740,남항진,128.95041066307658,37.76404538789595,31,,07:40,21:10
42002038,227,강릉-동진버스,3,3,4201225,교통안전교육장,128.94086858039023,37.762907619978066,31,,07:40,21:10
42002038,227,강릉-동진버스,4,4,4200742,자루뫼.옹심이마을,128.93910155337016,37.76225882808405,31,,07:40,21:10
42002038,227,강릉-동진버스,5,5,4200744,학우리,128.93367670500427,37.76075578732405,31,,07:40,21:10
42002038,227,강릉-동진버스,6,6,4200746,핸들,128.93045204662351,37.75995348297138,31,,07:40,21:10
42002038,227,강릉-동진버스,7,7,4200748,차돌광,128.92675717507132,37.75922428188879,31,,07:40,21:10
42002038,227,강릉-동진버스,8,8,4200752,중앙초교,128.9223833558042,37.757342016100644,31,,07:40,21:10
42002038,227,강릉-동진버스,9,9,4200754,입암6주공아파트,128.9200510349674,37.759167158773394,31,,07:40,21:10
42002038,227,강릉-동진버스,10,10,4201051,입암6주공오거리,128.91813149011642,37.75937340656549,31,,07:40,21:10
42002038,227,강릉-동진버스,11,11,4201053,금호어울림,128.9156520837289,37.754995794611034,31,,07:40,21:10
42002038,227,강릉-동진버스,12,12,4202168,남부노인종합복지관,128.91401073487134,37.753047049518,31,,07:40,21:10
42002038,227,강릉-동진버스,13,13,4200762,입암현대아파트,128.91270364556544,37.753026994257695,31,,07:40,21:10
42002038,227,강릉-동진버스,14,14,4200765,성덕초등학교,128.91017117535122,37.75573609872045,31,,07:40,21:10
42002038,227,강릉-동진버스,15,15,4200766,입암1주공아파트,128.90620017782277,37.75501242269486,31,,07:40,21:10
42002038,227,강릉-동진버스,16,16,4201198,남대천.강릉교,128.9010015999516,37.75454267936518,31,,07:40,21:10
42002038,227,강릉-동진버스,17,17,4200253,교보생명,128.89811415297848,37.756002485379526,31,,07:40,21:10
42002038,227,강릉-동진버스,18,18,4200251,한국은행,128.89406630781096,37.753485602290496,31,,07:40,21:10
42002038,227,강릉-동진버스,19,19,4200250,용강동서부시장,128.89174828581776,37.7556582744871,31,,07:40,21:10
42002038,227,강릉-동진버스,20,20,4200114,고용센터,128.88893105798073,37.75744085258255,31,,07:40,21:10
42002038,227,강릉-동진버스,21,21,4200116,적십자입구,128.88726321660565,37.757196360936135,31,,07:40,21:10
42002038,227,강릉-동진버스,22,22,4200118,터미널오거리,128.8840640923818,37.75608209292866,31,,07:40,21:10
42002038,227,강릉-동진버스,23,23,4200120,강릉시외.고속터미널,128.8792265208128,37.75505492071011,31,,07:40,21:10
42002038,227,강릉-동진버스,24,24,4200122,강릉문화원,128.8740921031382,37.75789663608161,31,,07:40,21:10
42002038,227,강릉-동진버스,25,25,4200123,우편집중국,128.8733706824724,37.76051485370646,31,,07:40,21:10
42002038,227,강릉-동진버스,26,26,4200125,솔올공연장,128.87460623301726,37.76366952964576,31,,07:40,21:10
42002038,227,강릉-동진버스,27,27,4200127,구름다리,128.87654770197503,37.764512872809554,31,,07:40,21:10
42002038,227,강릉-동진버스,28,28,4200129,주공3차아파트,128.87933873663175,37.76410589188944,31,,07:40,21:10
42002038,227,강릉-동진버스,29,29,4200131,하이빌현대아파트,128.8824547932286,37.764860822549025,31,,07:40,21:10
42002038,227,강릉-동진버스,30,30,4200133,주공1차아파트,128.88288690646792,37.76665665089728,31,,07:40,21:10
42002038,227,강릉-동진버스,31,31,4200134,부영2차아파트,128.88281079370944,37.77016072015751,31,,07:40,21:10
42002038,227,강릉-동진버스,32,32,4200060,솔올중학교,128.8798722504925,37.77163504014371,31,,07:40,21:10
42002038,227,강릉-동진버스,33,33,4200080,경포초등학교,128.87893593974582,37.76974854746925,31,,07:40,21:10
42002038,227,강릉-동진버스,34,34,4200292,주공1차아파트,128.88256780330317,37.766843575404636,31,,07:40,21:10
42002038,227,강릉-동진버스,35,35,4200132,율곡초등학교,128.88221538693716,37.765100900268116,31,,07:40,21:10
42002038,227,강릉-동진버스,36,36,4200130,현대2차아파트,128.87999435131803,37.764311243841746,31,,07:40,21:10
42002038,227,강릉-동진버스,37,37,4200128,구름다리,128.87743298775584,37.764682397677966,31,,07:40,21:10
42002038,227,강릉-동진버스,38,38,4200126,솔올공연장,128.87424793205705,37.763507530751156,31,,07:40,21:10
42002038,227,강릉-동진버스,39,39,4200124,우편집중국,128.87347187490323,37.76156496879712,31,,07:40,21:10
42002038,227,강릉-동진버스,40,40,4200121,강릉시외.고속터미널,128.87911620808939,37.75486594086855,31,,07:40,21:10
42002038,227,강릉-동진버스,41,41,4200119,터미널오거리,128.88381140539954,37.755579088211434,31,,07:40,21:10
42002038,227,강릉-동진버스,42,42,4200117,적십자입구,128.88647213220725,37.75676623567213,31,,07:40,21:10
42002038,227,강릉-동진버스,43,43,4200115,고용센터,128.8890663454416,37.75714942132559,31,,07:40,21:10
42002038,227,강릉-동진버스,44,44,4200249,용강동서부시장,128.89167287030088,37.75492247590215,31,,07:40,21:10
42002038,227,강릉-동진버스,45,45,4200252,신영극장,128.8961287589657,37.75448236011555,31,,07:40,21:10
42002038,227,강릉-동진버스,46,46,4201199,남대천.강릉교,128.9010687000649,37.75417893755025,31,,07:40,21:10
42002038,227,강릉-동진버스,47,47,4200767,입암1주공아파트,128.90600846284408,37.75457671115239,31,,07:40,21:10
42002038,227,강릉-동진버스,48,48,4200764,대목아파트,128.91036775859212,37.7552461618319,31,,07:40,21:10
42002038,227,강릉-동진버스,49,49,4200763,입암현대아파트,128.91229270015563,37.753112836072376,31,,07:40,21:10
42002038,227,강릉-동진버스,50,50,4202167,남부노인종합복지관,128.91383118471262,37.752564379737024,31,,07:40,21:10
42002038,227,강릉-동진버스,51,51,4201054,금호어울림,128.91590296498018,37.75518531900659,31,,07:40,21:10
42002038,227,강릉-동진버스,52,52,4201052,입암6주공오거리,128.91746262041485,37.758678282328006,31,,07:40,21:10
42002038,227,강릉-동진버스,53,53,4200755,입암6주공아파트,128.91994172349143,37.75895755917794,31,,07:40,21:10
42002038,227,강릉-동진버스,54,54,4200753,중앙초교,128.92202942311576,37.75730416097501,31,,07:40,21:10
42002038,227,강릉-동진버스,55,55,4200749,차돌광,128.92683577267843,37.75897194822883,31,,07:40,21:10
42002038,227,강릉-동진버스,56,56,4200747,핸들,128.9303807394757,37.75966393792041,31,,07:40,21:10
42002038,227,강릉-동진버스,57,57,4200745,반쟁이,128.93382070402052,37.76052490759301,31,,07:40,21:10
42002038,227,강릉-동진버스,58,58,4200743,자루뫼.옹심이마을,128.93907508604704,37.76218611247613,31,,07:40,21:10
42002038,227,강릉-동진버스,59,59,4201224,교통안전교육장,128.94081916548228,37.76277976059592,31,,07:40,21:10
42002038,227,강릉-동진버스,60,60,4200741,남항진,128.95055410190812,37.76391565217945,31,,07:40,21:10
42002038,227,강릉-동진버스,61,61,4200739,남항진해변,128.95440005417075,37.764111085296946,31,,07:40,21:10
42002043,230-1,강릉-동진버스,1,1,4200613,강문해변,128.91641678869786,37.79529298920251,32,,-,17:25
42002043,230-1,강릉-동진버스,2,2,4200616,초당순두부마을,128.91545728509436,37.791144787216254,32,,-,17:25
42002043,230-1,강릉-동진버스,3,3,4200048,강릉고정문,128.91587216477294,37.7875280017598,32,,-,17:25
42002043,230-1,강릉-동진버스,4,4,4200059,강원도교육연수원,128.9180532877992,37.78499697853126,32,,-,17:25
42002043,230-1,강릉-동진버스,5,5,4200101,강릉고입구,128.92013482012848,37.783607089094346,32,,-,17:25
42002043,230-1,강릉-동진버스,6,6,4200288,경포고교,128.91881546540267,37.78075927662396,32,,-,17:25
42002043,230-1,강릉-동진버스,7,7,4201220,포남2주공입구,128.9179885478381,37.77901498558293,32,,-,17:25
42002043,230-1,강릉-동진버스,8,8,4200104,동명중학교,128.91637238303827,37.777185998905715,32,,-,17:25
42002043,230-1,강릉-동진버스,9,9,4200289,한솔초교,128.9142086436632,37.775058134113436,32,,-,17:25
42002043,230-1,강릉-동진버스,10,10,4200106,KT,128.91181164590185,37.77275858732733,32,,-,17:25
42002043,230-1,강릉-동진버스,11,11,4200108,동인병원입구,128.90953558421478,37.77125258486367,32,,-,17:25
42002043,230-1,강릉-동진버스,12,12,4200110,하슬라중,128.90715554439282,37.77053362559672,32,,-,17:25
42002043,230-1,강릉-동진버스,13,13,4200057,강릉경찰서,128.90688706685629,37.768055768979885,32,,-,17:25
42002043,230-1,강릉-동진버스,14,14,4200322,동도센트리움,128.90456486009336,37.76619195310031,32,,-,17:25
42002043,230-1,강릉-동진버스,15,15,4200320,강릉역육거리,128.9015605860337,37.763796951176055,32,,-,17:25
42002043,230-1,강릉-동진버스,16,16,4200315,구터미널,128.8988430353628,37.76163002626936,32,,-,17:25
42002043,230-1,강릉-동진버스,17,17,4200365,삼성디지털센터,128.8966989039856,37.75811194350719,32,,-,17:25
42002043,230-1,강릉-동진버스,18,18,4200253,교보생명,128.89811415297848,37.756002485379526,32,,-,17:25
42002043,230-1,강릉-동진버스,19,19,4200251,한국은행,128.89406630781096,37.753485602290496,32,,-,17:25
42002043,230-1,강릉-동진버스,20,20,4200250,용강동서부시장,128.89174828581776,37.7556582744871,32,,-,17:25
42002043,230-1,강릉-동진버스,21,21,4200114,고용센터,128.88893105798073,37.75744085258255,32,,-,17:25
42002043,230-1,강릉-동진버스,22,22,4200116,적십자입구,128.88726321660565,37.757196360936135,32,,-,17:25
42002043,230-1,강릉-동진버스,23,23,4200118,터미널오거리,128.8840640923818,37.75608209292866,32,,-,17:25
42002043,230-1,강릉-동진버스,24,24,4200120,강릉시외.고속터미널,128.8792265208128,37.75505492071011,32,,-,17:25
42002043,230-1,강릉-동진버스,25,25,4200122,강릉문화원,128.8740921031382,37.75789663608161,32,,-,17:25
42002043,230-1,강릉-동진버스,26,26,4200123,우편집중국,128.8733706824724,37.76051485370646,32,,-,17:25
42002043,230-1,강릉-동진버스,27,27,4200125,솔올공연장,128.87460623301726,37.76366952964576,32,,-,17:25
42002043,230-1,강릉-동진버스,28,28,4200127,구름다리,128.87654770197503,37.764512872809554,32,,-,17:25
42002043,230-1,강릉-동진버스,29,29,4200129,주공3차아파트,128.87933873663175,37.76410589188944,32,,-,17:25
42002043,230-1,강릉-동진버스,30,30,4200131,하이빌현대아파트,128.8824547932286,37.764860822549025,32,,-,17:25
42002043,230-1,강릉-동진버스,31,31,4200133,주공1차아파트,128.88288690646792,37.76665665089728,32,,-,17:25
42002043,230-1,강릉-동진버스,32,32,4200134,부영2차아파트,128.88281079370944,37.77016072015751,32,,-,17:25
42002043,230-1,강릉-동진버스,33,33,4200060,솔올중학교,128.8798722504925,37.77163504014371,32,,-,17:25
42002043,230-1,강릉-동진버스,34,34,4200080,경포초등학교,128.87893593974582,37.76974854746925,32,,-,17:25
42002043,230-1,강릉-동진버스,35,35,4200292,주공1차아파트,128.88256780330317,37.766843575404636,32,,-,17:25
42002043,230-1,강릉-동진버스,36,36,4200132,율곡초등학교,128.88221538693716,37.765100900268116,32,,-,17:25
42002043,230-1,강릉-동진버스,37,37,4200130,현대2차아파트,128.87999435131803,37.764311243841746,32,,-,17:25
42002043,230-1,강릉-동진버스,38,38,4200128,구름다리,128.87743298775584,37.764682397677966,32,,-,17:25
42002043,230-1,강릉-동진버스,39,39,4200126,솔올공연장,128.87424793205705,37.763507530751156,32,,-,17:25
42002043,230-1,강릉-동진버스,40,40,4200124,우편집중국,128.87347187490323,37.76156496879712,32,,-,17:25
42002043,230-1,강릉-동진버스,41,41,4200121,강릉시외.고속터미널,128.87911620808939,37.75486594086855,32,,-,17:25
42002043,230-1,강릉-동진버스,42,42,4200119,터미널오거리,128.88381140539954,37.755579088211434,32,,-,17:25
42002043,230-1,강릉-동진버스,43,43,4200117,적십자입구,128.88647213220725,37.75676623567213,32,,-,17:25
42002043,230-1,강릉-동진버스,44,44,4200115,고용센터,128.8890663454416,37.75714942132559,32,,-,17:25
42002043,230-1,강릉-동진버스,45,45,4200249,용강동서부시장,128.89167287030088,37.75492247590215,32,,-,17:25
42002043,230-1,강릉-동진버스,46,46,4200252,신영극장,128.8961287589657,37.75448236011555,32,,-,17:25
42002043,230-1,강릉-동진버스,47,47,4200094,강릉여고,128.90248424479844,37.75904463050879,32,,-,17:25
42002043,230-1,강릉-동진버스,48,48,4200258,용지각,128.90534669055177,37.76147384168322,32,,-,17:25
42002043,230-1,강릉-동진버스,49,49,4200260,동남아파트,128.9088062489658,37.764638779656714,32,,-,17:25
42002043,230-1,강릉-동진버스,50,50,4200113,강릉관광개발공사,128.90865897771857,37.76820323697218,32,,-,17:25
42002043,230-1,강릉-동진버스,51,51,4200111,하슬라중,128.90761293140218,37.77043125987649,32,,-,17:25
42002043,230-1,강릉-동진버스,52,52,4200109,동인병원입구,128.9094857690125,37.77102450992961,32,,-,17:25
42002043,230-1,강릉-동진버스,53,53,4200107,KT,128.9125052185983,37.77309475265464,32,,-,17:25
42002043,230-1,강릉-동진버스,54,54,4200290,한솔초교,128.91448068318238,37.77500059793141,32,,-,17:25
42002043,230-1,강릉-동진버스,55,55,4200105,동명중학교,128.9161008666347,37.77658681943468,32,,-,17:25
42002043,230-1,강릉-동진버스,56,56,4201236,포남2주공입구,128.91810027987142,37.77873395771816,32,,-,17:25
42002043,230-1,강릉-동진버스,57,57,4200103,경포고교,128.9190546436117,37.78057981084284,32,,-,17:25
42002043,230-1,강릉-동진버스,58,58,4200100,강원도교육연수원,128.91813970318609,37.785074864473685,32,,-,17:25
42002043,230-1,강릉-동진버스,59,59,4200047,강릉고정문,128.91550078840652,37.78828834947499,32,,-,17:25
42002043,230-1,강릉-동진버스,60,60,4200617,초당순두부마을,128.91553146572582,37.791098464762065,32,,-,17:25
42002043,230-1,강릉-동진버스,61,61,4200613,강문해변,128.91641678869786,37.79529298920251,32,,-,17:25
42001005,300,강릉-동진버스,1,1,4201209,공단,128.92205416940635,37.765196014305694,55,,06:15,21:25
42001005,300,강릉-동진버스,2,2,4201205,입암2.3주공,128.9161850255649,37.765072488547595,55,,06:15,21:25
42001005,300,강릉-동진버스,3,3,4200262,로얄아파트.포남1동주민센터,128.90933288179943,37.76545703763149,55,,06:15,21:25
42001005,300,강릉-동진버스,4,4,4200318,포남시장,128.90766061502285,37.76392281820552,55,,06:15,21:25
42001005,300,강릉-동진버스,5,5,4200259,용지각,128.90537716328666,37.76184119439877,55,,06:15,21:25
42001005,300,강릉-동진버스,6,6,4200257,옥천119안전센터,128.90305174420297,37.761041080134646,55,,06:15,21:25
42001005,300,강릉-동진버스,7,7,4200721,강릉역,128.8992580056024,37.76416330670135,55,,06:15,21:25
42001005,300,강릉-동진버스,8,8,4200315,구터미널,128.8988430353628,37.76163002626936,55,,06:15,21:25
42001005,300,강릉-동진버스,9,9,4200365,삼성디지털센터,128.8966989039856,37.75811194350719,55,,06:15,21:25
42001005,300,강릉-동진버스,10,10,4200253,교보생명,128.89811415297848,37.756002485379526,55,,06:15,21:25
42001005,300,강릉-동진버스,11,11,4200251,한국은행,128.89406630781096,37.753485602290496,55,,06:15,21:25
42001005,300,강릉-동진버스,12,12,4200250,용강동서부시장,128.89174828581776,37.7556582744871,55,,06:15,21:25
42001005,300,강릉-동진버스,13,13,4200248,강릉제일고,128.89200478710157,37.759050283679514,55,,06:15,21:25
42001005,300,강릉-동진버스,14,14,4200246,이명사거리,128.89177153862124,37.764700407126554,55,,06:15,21:25
42001005,300,강릉-동진버스,15,15,4200569,교2동주민센터,128.8921038226677,37.76840335678918,55,,06:15,21:25
42001005,300,강릉-동진버스,16,16,4200243,율곡중학교,128.89033943348878,37.77216892177817,55,,06:15,21:25
42001005,300,강릉-동진버스,17,17,4200241,우성공업사,128.8881180126791,37.77538642162077,55,,06:15,21:25
42001005,300,강릉-동진버스,18,18,4200239,오죽헌,128.88242080274284,37.78040719543912,55,,06:15,21:25
42001005,300,강릉-동진버스,19,19,4200237,선교장입구,128.8801857915523,37.78222354537227,55,,06:15,21:25
42001005,300,강릉-동진버스,20,20,4200235,법원.검찰청,128.8739503928752,37.785042447818554,55,,06:15,21:25
42001005,300,강릉-동진버스,21,21,4200233,행정마을,128.8703519994515,37.78859256038236,55,,06:15,21:25
42001005,300,강릉-동진버스,22,22,4200231,한밭입구,128.86496052027113,37.791610745411326,55,,06:15,21:25
42001005,300,강릉-동진버스,23,23,4200229,즈므.과학단지,128.86079294239343,37.79710821329875,55,,06:15,21:25
42001005,300,강릉-동진버스,24,24,4200227,학고개,128.86104076560957,37.80452897124611,55,,06:15,21:25
42001005,300,강릉-동진버스,25,25,4200226,방골마을입구,128.8558844116181,37.81329996910386,55,,06:15,21:25
42001005,300,강릉-동진버스,26,26,4200418,강릉아산병원.강릉약국,128.8564121349402,37.81631278949057,55,,06:15,21:25
42001005,300,강릉-동진버스,27,27,4200225,북부노인대학,128.85083641112433,37.82016343083045,55,,06:15,21:25
42001005,300,강릉-동진버스,28,28,4200222,사천면사무소,128.84928192865996,37.82385848393331,55,,06:15,21:25
42001005,300,강릉-동진버스,29,29,4200221,모래내행복센터,128.84881781800846,37.82675602435266,55,,06:15,21:25
42001005,300,강릉-동진버스,30,30,4200314,청솔공원,128.84780404863866,37.83218520189828,55,,06:15,21:25
42001005,300,강릉-동진버스,31,31,4200261,북강릉IC,128.84425534198513,37.83689529134246,55,,06:15,21:25
42001005,300,강릉-동진버스,32,32,4200217,구라미,128.8421871924033,37.84071328241807,55,,06:15,21:25
42001005,300,강릉-동진버스,33,33,4200215,구라미휴게소,128.8412803433516,37.845869087009575,55,,06:15,21:25
42001005,300,강릉-동진버스,34,34,4200214,연곡해변입구,128.84162112920617,37.854539181009365,55,,06:15,21:25
42001005,300,강릉-동진버스,35,35,4200212,연곡면사무소,128.83761397394952,37.85995465828368,55,,06:15,21:25
42001005,300,강릉-동진버스,36,36,4200211,삼천리아파트,128.8383288212433,37.86906384505761,55,,06:15,21:25
42001005,300,강릉-동진버스,37,37,4200209,영진입구,128.83637261045655,37.87054167536418,55,,06:15,21:25
42001005,300,강릉-동진버스,38,38,4200208,북부노인종합복지관,128.83042321750824,37.874681277863154,55,,06:15,21:25
42001005,300,강릉-동진버스,39,39,4200206,강원도립대,128.8283096996467,37.87693859362977,55,,06:15,21:25
42001005,300,강릉-동진버스,40,40,4200308,주문진중.고등학교.강릉정보고,128.82672327638434,37.87982425913257,55,,06:15,21:25
42001005,300,강릉-동진버스,41,41,4200202,주문진식자재마트,128.82596782269363,37.881485546216574,55,,06:15,21:25
42001005,300,강릉-동진버스,42,42,4200200,주문진시외버스터미널,128.8253113527999,37.88508198031381,55,,06:15,21:25
42001005,300,강릉-동진버스,43,43,4200198,원마트,128.82575730347685,37.88826959645488,55,,06:15,21:25
42001005,300,강릉-동진버스,44,44,4200196,작은다리,128.8261349428677,37.89101262248175,55,,06:15,21:25
42001005,300,강릉-동진버스,45,45,4200195,주문진항입구,128.82690557497094,37.892668432750234,55,,06:15,21:25
42001005,300,강릉-동진버스,46,46,4200192,북부지구대,128.829270567591,37.89460960314925,55,,06:15,21:25
42001005,300,강릉-동진버스,47,47,4200300,수협사거리,128.8314095884837,37.895774457125356,55,,06:15,21:25
42001005,300,강릉-동진버스,48,48,4200299,주문2리,128.83067123183636,37.89750003400375,55,,06:15,21:25
42001005,300,강릉-동진버스,49,49,4200188,양양고개,128.82822436017406,37.899998054568016,55,,06:15,21:25
42001005,300,강릉-동진버스,50,50,4200298,보성연립,128.82558444232305,37.90204313561504,55,,06:15,21:25
42001005,300,강릉-동진버스,51,51,4200521,방학골,128.82291244813646,37.90463362511824,55,,06:15,21:25
42001005,300,강릉-동진버스,52,52,4200185,소돌,128.8213252547112,37.90592204016269,55,,06:15,21:25
42001005,300,강릉-동진버스,53,53,4200002,소돌해변입구,128.81905535960837,37.90780434670355,55,,06:15,21:25
42001005,300,강릉-동진버스,54,54,4200182,주문진해변,128.81704671925502,37.90944057885068,55,,06:15,21:25
42001005,300,강릉-동진버스,55,55,4200473,향호리,128.81023394642006,37.915207861254615,55,,06:15,21:25
42091005,300,강릉-동해상사,1,1,4201043,안목,128.94526892930932,37.77285146151794,62,,-,21:38
42091005,300,강릉-동해상사,2,2,4201386,송정한신아파트후문,128.93962441064605,37.773612640324636,62,,-,21:38
42091005,300,강릉-동해상사,3,3,4200276,송정한신아파트입구,128.93668274097607,37.7740287226972,62,,-,21:38
42091005,300,강릉-동해상사,4,4,4200274,송정노인회관,128.93141909498914,37.77512821569013,62,,-,21:38
42091005,300,강릉-동해상사,5,5,4200272,송정동주민센터,128.92775106138072,37.77430053196711,62,,-,21:38
42091005,300,강릉-동해상사,6,6,4200270,이마트,128.92290403192536,37.77218493598484,62,,-,21:38
42091005,300,강릉-동해상사,7,7,4200268,삼우은성아파트,128.91881978171756,37.77007704319862,62,,-,21:38
42091005,300,강릉-동해상사,8,8,4200266,혜성연립,128.9154402649905,37.76852760326643,62,,-,21:38
42091005,300,강릉-동해상사,9,9,4200264,구)동해상사,128.91165113985977,37.76683747950902,62,,-,21:38
42091005,300,강릉-동해상사,10,10,4200262,로얄아파트.포남1동주민센터,128.90933288179943,37.76545703763149,62,,-,21:38
42091005,300,강릉-동해상사,11,11,4200318,포남시장,128.90766061502285,37.76392281820552,62,,-,21:38
42091005,300,강릉-동해상사,12,12,4200259,용지각,128.90537716328666,37.76184119439877,62,,-,21:38
42091005,300,강릉-동해상사,13,13,4200257,옥천119안전센터,128.90305174420297,37.761041080134646,62,,-,21:38
42091005,300,강릉-동해상사,14,14,4200721,강릉역,128.8992580056024,37.76416330670135,62,,-,21:38
42091005,300,강릉-동해상사,15,15,4200315,구터미널,128.8988430353628,37.76163002626936,62,,-,21:38
42091005,300,강릉-동해상사,16,16,4200365,삼성디지털센터,128.8966989039856,37.75811194350719,62,,-,21:38
42091005,300,강릉-동해상사,17,17,4200253,교보생명,128.89811415297848,37.756002485379526,62,,-,21:38
42091005,300,강릉-동해상사,18,18,4200251,한국은행,128.89406630781096,37.753485602290496,62,,-,21:38
42091005,300,강릉-동해상사,19,19,4200250,용강동서부시장,128.89174828581776,37.7556582744871,62,,-,21:38
42091005,300,강릉-동해상사,20,20,4200248,강릉제일고,128.89200478710157,37.759050283679514,62,,-,21:38
42091005,300,강릉-동해상사,21,21,4200246,이명사거리,128.89177153862124,37.764700407126554,62,,-,21:38
42091005,300,강릉-동해상사,22,22,4200569,교2동주민센터,128.8921038226677,37.76840335678918,62,,-,21:38
42091005,300,강릉-동해상사,23,23,4200243,율곡중학교,128.89033943348878,37.77216892177817,62,,-,21:38
42091005,300,강릉-동해상사,24,24,4200241,우성공업사,128.8881180126791,37.77538642162077,62,,-,21:38
42091005,300,강릉-동해상사,25,25,4200239,오죽헌,128.88242080274284,37.78040719543912,62,,-,21:38
42091005,300,강릉-동해상사,26,26,4200237,선교장입구,128.8801857915523,37.78222354537227,62,,-,21:38
42091005,300,강릉-동해상사,27,27,4200235,법원.검찰청,128.8739503928752,37.785042447818554,62,,-,21:38
42091005,300,강릉-동해상사,28,28,4200233,행정마을,128.8703519994515,37.78859256038236,62,,-,21:38
42091005,300,강릉-동해상사,29,29,4200231,한밭입구,128.86496052027113,37.791610745411326,62,,-,21:38
42091005,300,강릉-동해상사,30,30,4200229,즈므.과학단지,128.86079294239343,37.79710821329875,62,,-,21:38
42091005,300,강릉-동해상사,31,31,4200227,학고개,128.86104076560957,37.80452897124611,62,,-,21:38
42091005,300,강릉-동해상사,32,32,4200226,방골마을입구,128.8558844116181,37.81329996910386,62,,-,21:38
42091005,300,강릉-동해상사,33,33,4200418,강릉아산병원.강릉약국,128.8564121349402,37.81631278949057,62,,-,21:38
42091005,300,강릉-동해상사,34,34,4200225,북부노인대학,128.85083641112433,37.82016343083045,62,,-,21:38
42091005,300,강릉-동해상사,35,35,4200222,사천면사무소,128.84928192865996,37.82385848393331,62,,-,21:38
42091005,300,강릉-동해상사,36,36,4200221,모래내행복센터,128.84881781800846,37.82675602435266,62,,-,21:38
42091005,300,강릉-동해상사,37,37,4200314,청솔공원,128.84780404863866,37.83218520189828,62,,-,21:38
42091005,300,강릉-동해상사,38,38,4200261,북강릉IC,128.84425534198513,37.83689529134246,62,,-,21:38
42091005,300,강릉-동해상사,39,39,4200217,구라미,128.8421871924033,37.84071328241807,62,,-,21:38
42091005,300,강릉-동해상사,40,40,4200215,구라미휴게소,128.8412803433516,37.845869087009575,62,,-,21:38
42091005,300,강릉-동해상사,41,41,4200214,연곡해변입구,128.84162112920617,37.854539181009365,62,,-,21:38
42091005,300,강릉-동해상사,42,42,4200212,연곡면사무소,128.83761397394952,37.85995465828368,62,,-,21:38
42091005,300,강릉-동해상사,43,43,4200211,삼천리아파트,128.8383288212433,37.86906384505761,62,,-,21:38
42091005,300,강릉-동해상사,44,44,4200209,영진입구,128.83637261045655,37.87054167536418,62,,-,21:38
42091005,300,강릉-동해상사,45,45,4200208,북부노인종합복지관,128.83042321750824,37.874681277863154,62,,-,21:38
42091005,300,강릉-동해상사,46,46,4200206,강원도립대,128.8283096996467,37.87693859362977,62,,-,21:38
42091005,300,강릉-동해상사,47,47,4200308,주문진중.고등학교.강릉정보고,128.82672327638434,37.87982425913257,62,,-,21:38
42091005,300,강릉-동해상사,48,48,4200202,주문진식자재마트,128.82596782269363,37.881485546216574,62,,-,21:38
42091005,300,강릉-동해상사,49,49,4200200,주문진시외버스터미널,128.8253113527999,37.88508198031381,62,,-,21:38
42091005,300,강릉-동해상사,50,50,4200198,원마트,128.82575730347685,37.88826959645488,62,,-,21:38
42091005,300,강릉-동해상사,51,51,4200196,작은다리,128.8261349428677,37.89101262248175,62,,-,21:38
42091005,300,강릉-동해상사,52,52,4200195,주문진항입구,128.82690557497094,37.892668432750234,62,,-,21:38
42091005,300,강릉-동해상사,53,53,4200192,북부지구대,128.829270567591,37.89460960314925,62,,-,21:38
42091005,300,강릉-동해상사,54,54,4200300,수협사거리,128.8314095884837,37.895774457125356,62,,-,21:38
42091005,300,강릉-동해상사,55,55,4200299,주문2리,128.83067123183636,37.89750003400375,62,,-,21:38
42091005,300,강릉-동해상사,56,56,4200188,양양고개,128.82822436017406,37.899998054568016,62,,-,21:38
42091005,300,강릉-동해상사,57,57,4200298,보성연립,128.82558444232305,37.90204313561504,62,,-,21:38
42091005,300,강릉-동해상사,58,58,4200521,방학골,128.82291244813646,37.90463362511824,62,,-,21:38
42091005,300,강릉-동해상사,59,59,4200185,소돌,128.8213252547112,37.90592204016269,62,,-,21:38
42091005,300,강릉-동해상사,60,60,4200002,소돌해변입구,128.81905535960837,37.90780434670355,62,,-,21:38
42091005,300,강릉-동해상사,61,61,4200182,주문진해변,128.81704671925502,37.90944057885068,62,,-,21:38
42091005,300,강릉-동해상사,62,62,4200473,향호리,128.81023394642006,37.915207861254615,62,,-,21:38
42092076,300-1,강릉-동해상사,1,1,4200473,향호리,128.81023394642006,37.915207861254615,57,,-,21:10
42092076,300-1,강릉-동해상사,2,2,4200181,주문진해변,128.81692175696733,37.90940788063508,57,,-,21:10
42092076,300-1,강릉-동해상사,3,3,4200184,소돌,128.82175443074843,37.905415537268986,57,,-,21:10
42092076,300-1,강릉-동해상사,4,4,4200519,방학골,128.82351587730795,37.90381462090833,57,,-,21:10
42092076,300-1,강릉-동해상사,5,5,4200186,보성연립,128.82551362915504,37.901974724913615,57,,-,21:10
42092076,300-1,강릉-동해상사,6,6,4200187,양양고개,128.82805578782853,37.90002854060149,57,,-,21:10
42092076,300-1,강릉-동해상사,7,7,4200189,주문2리,128.83046007450088,37.897540604441176,57,,-,21:10
42092076,300-1,강릉-동해상사,8,8,4200190,수협사거리,128.83119347169236,37.89590191816579,57,,-,21:10
42092076,300-1,강릉-동해상사,9,9,4200193,북부지구대,128.82860680406648,37.894535177399845,57,,-,21:10
42092076,300-1,강릉-동해상사,10,10,4200194,주문진항입구,128.82670250148865,37.8926318795772,57,,-,21:10
42092076,300-1,강릉-동해상사,11,11,4200619,국립수산물품질관리원,128.82606517101954,37.891507384213114,57,,-,21:10
42092076,300-1,강릉-동해상사,12,12,4200197,작은다리,128.82583778093624,37.88994679111109,57,,-,21:10
42092076,300-1,강릉-동해상사,13,13,4201232,원마트,128.8255161831108,37.88764901879385,57,,-,21:10
42092076,300-1,강릉-동해상사,14,14,4200305,주문진시외버스터미널,128.82509871282576,37.88458386690221,57,,-,21:10
42092076,300-1,강릉-동해상사,15,15,4200201,양조장,128.8258300942643,37.881274388703744,57,,-,21:10
42092076,300-1,강릉-동해상사,16,16,4200204,주문진중학교,128.82690197641236,37.87887483229283,57,,-,21:10
42092076,300-1,강릉-동해상사,17,17,4200205,강원도립대,128.82840415011668,37.87652579934979,57,,-,21:10
42092076,300-1,강릉-동해상사,18,18,4200207,북부노인종합복지관,128.83062989490628,37.8743072338123,57,,-,21:10
42092076,300-1,강릉-동해상사,19,19,4201226,영진입구,128.83626865951734,37.87047570517143,57,,-,21:10
42092076,300-1,강릉-동해상사,20,20,4200310,삼천리아파트,128.8379309322555,37.8689470039461,57,,-,21:10
42092076,300-1,강릉-동해상사,21,21,4201227,연곡면사무소,128.83749819485607,37.86001175022627,57,,-,21:10
42092076,300-1,강릉-동해상사,22,22,4200213,연곡해변입구,128.84130813848452,37.85462580337619,57,,-,21:10
42092076,300-1,강릉-동해상사,23,23,4200312,구라미휴게소,128.84078612253998,37.84523742281921,57,,-,21:10
42092076,300-1,강릉-동해상사,24,24,4200216,구라미,128.84187680750063,37.84088026429458,57,,-,21:10
42092076,300-1,강릉-동해상사,25,25,4200219,청솔공원,128.84744835859598,37.832296445829655,57,,-,21:10
42092076,300-1,강릉-동해상사,26,26,4200220,모래내행복센터,128.84888855200666,37.82654759560158,57,,-,21:10
42092076,300-1,강릉-동해상사,27,27,4200223,사천면사무소,128.84914337332015,37.8229406699122,57,,-,21:10
42092076,300-1,강릉-동해상사,28,28,4200224,북부노인대학,128.85070066292354,37.820164105652225,57,,-,21:10
42092076,300-1,강릉-동해상사,29,29,4200004,숲사랑홍보관,128.85126457297872,37.81878304910103,57,,-,21:10
42092076,300-1,강릉-동해상사,30,30,4200317,강릉아산병원.강릉약국,128.856152685967,37.816231407654854,57,,-,21:10
42092076,300-1,강릉-동해상사,31,31,4200069,방골마을입구,128.85540756146614,37.81366779247799,57,,-,21:10
42092076,300-1,강릉-동해상사,32,32,4200228,학고개,128.8599242703853,37.80596957371411,57,,-,21:10
42092076,300-1,강릉-동해상사,33,33,4200138,즈므.과학단지,128.8604076986006,37.79746479759031,57,,-,21:10
42092076,300-1,강릉-동해상사,34,34,4200230,한밭입구,128.86424835021418,37.79176559208253,57,,-,21:10
42092076,300-1,강릉-동해상사,35,35,4200232,행정마을,128.8694510816438,37.7889272082235,57,,-,21:10
42092076,300-1,강릉-동해상사,36,36,4200234,법원.검찰청,128.87342400102995,37.78526073982707,57,,-,21:10
42092076,300-1,강릉-동해상사,37,37,4200236,선교장입구,128.87978791945434,37.782182641690056,57,,-,21:10
42092076,300-1,강릉-동해상사,38,38,4200238,오죽헌,128.8827262588498,37.779841129260745,57,,-,21:10
42092076,300-1,강릉-동해상사,39,39,4200240,젤마을,128.887733025105,37.775438249928285,57,,-,21:10
42092076,300-1,강릉-동해상사,40,40,4200242,율곡중학교,128.89021344037266,37.771874448370795,57,,-,21:10
42092076,300-1,강릉-동해상사,41,41,4200042,롯데캐슬아파트,128.89120929799194,37.766948306391974,57,,-,21:10
42092076,300-1,강릉-동해상사,42,42,4200245,이명사거리,128.89157918705828,37.764565078717,57,,-,21:10
42092076,300-1,강릉-동해상사,43,43,4200247,강릉제일고,128.8918779735197,37.759537356247826,57,,-,21:10
42092076,300-1,강릉-동해상사,44,44,4200249,용강동서부시장,128.89167287030088,37.75492247590215,57,,-,21:10
42092076,300-1,강릉-동해상사,45,45,4200252,신영극장,128.8961287589657,37.75448236011555,57,,-,21:10
42092076,300-1,강릉-동해상사,46,46,4200094,강릉여고,128.90248424479844,37.75904463050879,57,,-,21:10
42092076,300-1,강릉-동해상사,47,47,4200258,용지각,128.90534669055177,37.76147384168322,57,,-,21:10
42092076,300-1,강릉-동해상사,48,48,4200260,동남아파트,128.9088062489658,37.764638779656714,57,,-,21:10
42092076,300-1,강릉-동해상사,49,49,4200049,남강초교,128.91338089940805,37.76735161096919,57,,-,21:10
42092076,300-1,강릉-동해상사,50,50,4200265,혜성연립,128.91575952067353,37.76841531999017,57,,-,21:10
42092076,300-1,강릉-동해상사,51,51,4200267,삼우은성아파트,128.91973659122027,37.77025900516923,57,,-,21:10
42092076,300-1,강릉-동해상사,52,52,4200269,이마트,128.92346774482266,37.772222356268564,57,,-,21:10
42092076,300-1,강릉-동해상사,53,53,4200271,송정동주민센터,128.9281580126049,37.77420386430584,57,,-,21:10
42092076,300-1,강릉-동해상사,54,54,4200273,송정신원아침도시,128.93190852770562,37.774810233413945,57,,-,21:10
42092076,300-1,강릉-동해상사,55,55,4200275,송정한신아파트입구,128.93667614488956,37.77380916737768,57,,-,21:10
42092076,300-1,강릉-동해상사,56,56,4200263,송정한신아파트후문,128.9386138022858,37.773558747641985,57,,-,21:10
42092076,300-1,강릉-동해상사,57,57,4201044,안목커피거리,128.94543559396536,37.77260342997581,57,,-,21:10
42002090,300-2,강릉-동진버스,1,1,4200473,향호리,128.81023394642006,37.915207861254615,51,,06:35,21:30
42002090,300-2,강릉-동진버스,2,2,4200181,주문진해변,128.81692175696733,37.90940788063508,51,,06:35,21:30
42002090,300-2,강릉-동진버스,3,3,4200184,소돌,128.82175443074843,37.905415537268986,51,,06:35,21:30
42002090,300-2,강릉-동진버스,4,4,4200519,방학골,128.82351587730795,37.90381462090833,51,,06:35,21:30
42002090,300-2,강릉-동진버스,5,5,4200186,보성연립,128.82551362915504,37.901974724913615,51,,06:35,21:30
42002090,300-2,강릉-동진버스,6,6,4200187,양양고개,128.82805578782853,37.90002854060149,51,,06:35,21:30
42002090,300-2,강릉-동진버스,7,7,4200189,주문2리,128.83046007450088,37.897540604441176,51,,06:35,21:30
42002090,300-2,강릉-동진버스,8,8,4200190,수협사거리,128.83119347169236,37.89590191816579,51,,06:35,21:30
42002090,300-2,강릉-동진버스,9,9,4200193,북부지구대,128.82860680406648,37.894535177399845,51,,06:35,21:30
42002090,300-2,강릉-동진버스,10,10,4200194,주문진항입구,128.82670250148865,37.8926318795772,51,,06:35,21:30
42002090,300-2,강릉-동진버스,11,11,4200619,국립수산물품질관리원,128.82606517101954,37.891507384213114,51,,06:35,21:30
42002090,300-2,강릉-동진버스,12,12,4200197,작은다리,128.82583778093624,37.88994679111109,51,,06:35,21:30
42002090,300-2,강릉-동진버스,13,13,4201232,원마트,128.8255161831108,37.88764901879385,51,,06:35,21:30
42002090,300-2,강릉-동진버스,14,14,4200305,주문진시외버스터미널,128.82509871282576,37.88458386690221,51,,06:35,21:30
42002090,300-2,강릉-동진버스,15,15,4200201,양조장,128.8258300942643,37.881274388703744,51,,06:35,21:30
42002090,300-2,강릉-동진버스,16,16,4200204,주문진중학교,128.82690197641236,37.87887483229283,51,,06:35,21:30
42002090,300-2,강릉-동진버스,17,17,4200205,강원도립대,128.82840415011668,37.87652579934979,51,,06:35,21:30
42002090,300-2,강릉-동진버스,18,18,4200207,북부노인종합복지관,128.83062989490628,37.8743072338123,51,,06:35,21:30
42002090,300-2,강릉-동진버스,19,19,4201226,영진입구,128.83626865951734,37.87047570517143,51,,06:35,21:30
42002090,300-2,강릉-동진버스,20,20,4200310,삼천리아파트,128.8379309322555,37.8689470039461,51,,06:35,21:30
42002090,300-2,강릉-동진버스,21,21,4201227,연곡면사무소,128.83749819485607,37.86001175022627,51,,06:35,21:30
42002090,300-2,강릉-동진버스,22,22,4200213,연곡해변입구,128.84130813848452,37.85462580337619,51,,06:35,21:30
42002090,300-2,강릉-동진버스,23,23,4200312,구라미휴게소,128.84078612253998,37.84523742281921,51,,06:35,21:30
42002090,300-2,강릉-동진버스,24,24,4200216,구라미,128.84187680750063,37.84088026429458,51,,06:35,21:30
42002090,300-2,강릉-동진버스,25,25,4200219,청솔공원,128.84744835859598,37.832296445829655,51,,06:35,21:30
42002090,300-2,강릉-동진버스,26,26,4200220,모래내행복센터,128.84888855200666,37.82654759560158,51,,06:35,21:30
42002090,300-2,강릉-동진버스,27,27,4200223,사천면사무소,128.84914337332015,37.8229406699122,51,,06:35,21:30
42002090,300-2,강릉-동진버스,28,28,4200224,북부노인대학,128.85070066292354,37.820164105652225,51,,06:35,21:30
42002090,300-2,강릉-동진버스,29,29,4200004,숲사랑홍보관,128.85126457297872,37.81878304910103,51,,06:35,21:30
42002090,300-2,강릉-동진버스,30,30,4200317,강릉아산병원.강릉약국,128.856152685967,37.816231407654854,51,,06:35,21:30
42002090,300-2,강릉-동진버스,31,31,4200069,방골마을입구,128.85540756146614,37.81366779247799,51,,06:35,21:30
42002090,300-2,강릉-동진버스,32,32,4200228,학고개,128.8599242703853,37.80596957371411,51,,06:35,21:30
42002090,300-2,강릉-동진버스,33,33,4200138,즈므.과학단지,128.8604076986006,37.79746479759031,51,,06:35,21:30
42002090,300-2,강릉-동진버스,34,34,4200230,한밭입구,128.86424835021418,37.79176559208253,51,,06:35,21:30
42002090,300-2,강릉-동진버스,35,35,4200232,행정마을,128.8694510816438,37.7889272082235,51,,06:35,21:30
42002090,300-2,강릉-동진버스,36,36,4200234,법원.검찰청,128.87342400102995,37.78526073982707,51,,06:35,21:30
42002090,300-2,강릉-동진버스,37,37,4200236,선교장입구,128.87978791945434,37.782182641690056,51,,06:35,21:30
42002090,300-2,강릉-동진버스,38,38,4200238,오죽헌,128.8827262588498,37.779841129260745,51,,06:35,21:30
42002090,300-2,강릉-동진버스,39,39,4200240,젤마을,128.887733025105,37.775438249928285,51,,06:35,21:30
42002090,300-2,강릉-동진버스,40,40,4200242,율곡중학교,128.89021344037266,37.771874448370795,51,,06:35,21:30
42002090,300-2,강릉-동진버스,41,41,4200042,롯데캐슬아파트,128.89120929799194,37.766948306391974,51,,06:35,21:30
42002090,300-2,강릉-동진버스,42,42,4200245,이명사거리,128.89157918705828,37.764565078717,51,,06:35,21:30
42002090,300-2,강릉-동진버스,43,43,4200247,강릉제일고,128.8918779735197,37.759537356247826,51,,06:35,21:30
42002090,300-2,강릉-동진버스,44,44,4200249,용강동서부시장,128.89167287030088,37.75492247590215,51,,06:35,21:30
42002090,300-2,강릉-동진버스,45,45,4200252,신영극장,128.8961287589657,37.75448236011555,51,,06:35,21:30
42002090,300-2,강릉-동진버스,46,46,4200094,강릉여고,128.90248424479844,37.75904463050879,51,,06:35,21:30
42002090,300-2,강릉-동진버스,47,47,4200258,용지각,128.90534669055177,37.76147384168322,51,,06:35,21:30
42002090,300-2,강릉-동진버스,48,48,4200260,동남아파트,128.9088062489658,37.764638779656714,51,,06:35,21:30
42002090,300-2,강릉-동진버스,49,49,4201206,입암2.3주공,128.9164847952377,37.764981798289845,51,,06:35,21:30
42002090,300-2,강릉-동진버스,50,50,4201207,현대자동차서비스,128.9189460603978,37.76507644083287,51,,06:35,21:30
42002090,300-2,강릉-동진버스,51,51,4200191,공단,128.92224127533925,37.765245144772656,51,,06:35,21:30
42002131,504-1,강릉-동진버스,1,1,4201043,안목,128.94526892930932,37.77285146151794,32,,06:53,21:10
42002131,504-1,강릉-동진버스,2,2,4201386,송정한신아파트후문,128.93962441064605,37.773612640324636,32,,06:53,21:10
42002131,504-1,강릉-동진버스,3,3,4200276,송정한신아파트입구,128.93668274097607,37.7740287226972,32,,06:53,21:10
42002131,504-1,강릉-동진버스,4,4,4200274,송정노인회관,128.93141909498914,37.77512821569013,32,,06:53,21:10
42002131,504-1,강릉-동진버스,5,5,4200272,송정동주민센터,128.92775106138072,37.77430053196711,32,,06:53,21:10
42002131,504-1,강릉-동진버스,6,6,4200270,이마트,128.92290403192536,37.77218493598484,32,,06:53,21:10
42002131,504-1,강릉-동진버스,7,7,4200268,삼우은성아파트,128.91881978171756,37.77007704319862,32,,06:53,21:10
42002131,504-1,강릉-동진버스,8,8,4200266,혜성연립,128.9154402649905,37.76852760326643,32,,06:53,21:10
42002131,504-1,강릉-동진버스,9,9,4200264,구)동해상사,128.91165113985977,37.76683747950902,32,,06:53,21:10
42002131,504-1,강릉-동진버스,10,10,4200262,로얄아파트.포남1동주민센터,128.90933288179943,37.76545703763149,32,,06:53,21:10
42002131,504-1,강릉-동진버스,11,11,4200318,포남시장,128.90766061502285,37.76392281820552,32,,06:53,21:10
42002131,504-1,강릉-동진버스,12,12,4200259,용지각,128.90537716328666,37.76184119439877,32,,06:53,21:10
42002131,504-1,강릉-동진버스,13,13,4200095,한국자산관리공사,128.90111921880606,37.75827929877246,32,,06:53,21:10
42002131,504-1,강릉-동진버스,14,14,4200253,교보생명,128.89811415297848,37.756002485379526,32,,06:53,21:10
42002131,504-1,강릉-동진버스,15,15,4200251,한국은행,128.89406630781096,37.753485602290496,32,,06:53,21:10
42002131,504-1,강릉-동진버스,16,16,4200852,강릉대도호부관아,128.8916610029413,37.75117323796815,32,,06:53,21:10
42002131,504-1,강릉-동진버스,17,17,4200850,강릉의료원,128.88880799404643,37.748819708567,32,,06:53,21:10
42002131,504-1,강릉-동진버스,18,18,4201030,홍제동주민센터,128.88454291738702,37.74807153236862,32,,06:53,21:10
42002131,504-1,강릉-동진버스,19,19,4201029,홍제I.C,128.87894077910576,37.74749468304007,32,,06:53,21:10
42002131,504-1,강릉-동진버스,20,20,4201026,공제마을,128.87155618347816,37.74635646052236,32,,06:53,21:10
42002131,504-1,강릉-동진버스,21,21,4201023,강릉교도소,128.8655195073396,37.7459157793766,32,,06:53,21:10
42002131,504-1,강릉-동진버스,22,22,4201022,강릉영동대학,128.8591288923703,37.74495955027462,32,,06:53,21:10
42002131,504-1,강릉-동진버스,23,23,4201020,금산입구,128.8576797637003,37.74318792289404,32,,06:53,21:10
42002131,504-1,강릉-동진버스,24,24,4201018,금산,128.85573010993187,37.74018242418162,32,,06:53,21:10
42002131,504-1,강릉-동진버스,25,25,4201016,금산장수마을,128.85163955991283,37.738245657769,32,,06:53,21:10
42002131,504-1,강릉-동진버스,26,26,4201014,금산2리,128.8489374376084,37.736639355017815,32,,06:53,21:10
42002131,504-1,강릉-동진버스,27,27,4201012,금산남밭,128.8447607772083,37.73146258389618,32,,06:53,21:10
42002131,504-1,강릉-동진버스,28,28,4201011,남밭,128.84079334848028,37.72889804215958,32,,06:53,21:10
42002131,504-1,강릉-동진버스,29,29,4201010,롯데물류센터,128.83446803238593,37.72201867130479,32,,06:53,21:10
42002131,504-1,강릉-동진버스,30,30,4201009,성산면사무소,128.832602033901,37.718970827982346,32,,06:53,21:10
42002131,504-1,강릉-동진버스,31,31,4201007,성산치안센터,128.8310696649731,37.7159774839219,32,,06:53,21:10
42002131,504-1,강릉-동진버스,32,32,4201005,성산,128.8271623742617,37.714502339268236,32,,06:53,21:10
42002131,504-1,강릉-동진버스,33,33,4201006,성산치안센터,128.83090633919258,37.71566752965487,32,,06:53,21:10
42002131,504-1,강릉-동진버스,34,34,4201008,성산면사무소,128.83255254171343,37.71856830087688,32,,06:53,21:10
42002131,504-1,강릉-동진버스,35,35,4201380,롯데물류센터,128.83451710426255,37.72199688820527,32,,06:53,21:10
42002131,504-1,강릉-동진버스,36,36,4201379,남밭,128.84064951853864,37.72871037302059,32,,06:53,21:10
42002131,504-1,강릉-동진버스,37,37,4200862,금산남밭,128.84482898011785,37.73142005932311,32,,06:53,21:10
42002131,504-1,강릉-동진버스,38,38,4201013,금산2리,128.84906667066036,37.736625360708075,32,,06:53,21:10
42002131,504-1,강릉-동진버스,39,39,4201015,금산장수마을,128.85168575797542,37.73818340581975,32,,06:53,21:10
42002131,504-1,강릉-동진버스,40,40,4201017,금산,128.8558273611666,37.7401726731367,32,,06:53,21:10
42002131,504-1,강릉-동진버스,41,41,4201019,금산입구,128.85784327525297,37.7432987440744,32,,06:53,21:10
42002131,504-1,강릉-동진버스,42,42,4201021,강릉영동대학,128.85922425091306,37.74487059276654,32,,06:53,21:10
42002131,504-1,강릉-동진버스,43,43,4201024,강릉교도소,128.86643612221636,37.745817949506176,32,,06:53,21:10
42002131,504-1,강릉-동진버스,44,44,4201025,공제마을,128.87156333276334,37.74608024312632,32,,06:53,21:10
42002131,504-1,강릉-동진버스,45,45,4201028,홍제I.C,128.8794230311205,37.7473811776377,32,,06:53,21:10
42002131,504-1,강릉-동진버스,46,46,4200067,홍제동주민센터,128.8842229051066,37.747848454396006,32,,06:53,21:10
42002131,504-1,강릉-동진버스,47,47,4200851,강릉의료원,128.89091430945297,37.74975576653371,32,,06:53,21:10
42002131,504-1,강릉-동진버스,48,48,4200853,강릉대도호부관아,128.89234522879923,37.75163825691615,32,,06:53,21:10
42002131,504-1,강릉-동진버스,49,49,4200252,신영극장,128.8961287589657,37.75448236011555,32,,06:53,21:10
42002131,504-1,강릉-동진버스,50,50,4200094,강릉여고,128.90248424479844,37.75904463050879,32,,06:53,21:10
42002131,504-1,강릉-동진버스,51,51,4200258,용지각,128.90534669055177,37.76147384168322,32,,06:53,21:10
42002131,504-1,강릉-동진버스,52,52,4200260,동남아파트,128.9088062489658,37.764638779656714,32,,06:53,21:10
42002131,504-1,강릉-동진버스,53,53,4200049,남강초교,128.91338089940805,37.76735161096919,32,,06:53,21:10
42002131,504-1,강릉-동진버스,54,54,4200265,혜성연립,128.91575952067353,37.76841531999017,32,,06:53,21:10
42002131,504-1,강릉-동진버스,55,55,4200267,삼우은성아파트,128.91973659122027,37.77025900516923,32,,06:53,21:10
42002131,504-1,강릉-동진버스,56,56,4200269,이마트,128.92346774482266,37.772222356268564,32,,06:53,21:10
42002131,504-1,강릉-동진버스,57,57,4200271,송정동주민센터,128.9281580126049,37.77420386430584,32,,06:53,21:10
42002131,504-1,강릉-동진버스,58,58,4200273,송정신원아침도시,128.93190852770562,37.774810233413945,32,,06:53,21:10
42002131,504-1,강릉-동진버스,59,59,4200275,송정한신아파트입구,128.93667614488956,37.77380916737768,32,,06:53,21:10
42002131,504-1,강릉-동진버스,60,60,4200263,송정한신아파트후문,128.9386138022858,37.773558747641985,32,,06:53,21:10
42002131,504-1,강릉-동진버스,61,61,4201044,안목커피거리,128.94543559396536,37.77260342997581,32,,06:53,21:10
42002109,922,강릉-동진버스,1,1,4200354,연곡면사무소,128.83726140830402,37.85982528703765,30,,08:05,19:45
42002109,922,강릉-동진버스,2,2,4200355,연곡면사무소,128.8369030857598,37.8592954872826,30,,08:05,19:45
42002109,922,강릉-동진버스,3,3,4200033,강릉전파관리소,128.83186726371997,37.85836861510729,30,,08:05,19:45
42002109,922,강릉-동진버스,4,4,4200353,연곡초교,128.82814655157526,37.8569020930201,30,,08:05,19:45
42002109,922,강릉-동진버스,5,5,4200511,송림길,128.8248292251072,37.8557650289636,30,,08:05,19:45
42002109,922,강릉-동진버스,6,6,4200351,송림,128.82064394298325,37.85559369331711,30,,08:05,19:45
42002109,922,강릉-동진버스,7,7,4200295,산림조합,128.81634583702206,37.85478178935546,30,,08:05,19:45
42002109,922,강릉-동진버스,8,8,4200349,연곡취수장입구,128.8134029222452,37.854479588535305,30,,08:05,19:45
42002109,922,강릉-동진버스,9,9,4200346,송림2리,128.8099436136846,37.853407423711076,30,,08:05,19:45
42002109,922,강릉-동진버스,10,10,4200345,송림2리경로당,128.80789598964623,37.85203614474543,30,,08:05,19:45
42002109,922,강릉-동진버스,11,11,4200343,동양시멘트입구,128.80439889049126,37.850687991240484,30,,08:05,19:45
42002109,922,강릉-동진버스,12,12,4200341,행정,128.7939888659289,37.852922738954625,30,,08:05,19:45
42002109,922,강릉-동진버스,13,13,4200526,새이골,128.79025907473746,37.85322227035808,30,,08:05,19:45
42002109,922,강릉-동진버스,14,14,4200178,신왕초등학교.소금강산체험학습장,128.7874843369829,37.85236789721056,30,,08:05,19:45
42002109,922,강릉-동진버스,15,15,4200338,행정2리마을회관,128.783920231759,37.85143615617747,30,,08:05,19:45
42002109,922,강릉-동진버스,16,16,4200177,행정2리신촌마을,128.7785874984292,37.85062890818297,30,,08:05,19:45
42002109,922,강릉-동진버스,17,17,4200335,버들교,128.77324803807656,37.850410055201316,30,,08:05,19:45
42002109,922,강릉-동진버스,18,18,4200334,행정2리,128.76721113927047,37.850915515839276,30,,08:05,19:45
42002109,922,강릉-동진버스,19,19,4200332,유등.백운사입구,128.75795827699417,37.850487600912274,30,,08:05,19:45
42002109,922,강릉-동진버스,20,20,4200174,퇴곡,128.75226108332112,37.851299039517386,30,,08:05,19:45
42002109,922,강릉-동진버스,21,21,4200330,퇴곡1리경로당,128.7415928535256,37.84950756791581,30,,08:05,19:45
42002109,922,강릉-동진버스,22,22,4200328,삼산분소,128.72806310762525,37.8484167632985,30,,08:05,19:45
42002109,922,강릉-동진버스,23,23,4200015,퇴곡2리마을회관,128.72561567385543,37.84863292575607,30,,08:05,19:45
42002109,922,강릉-동진버스,24,24,4200173,퇴곡2리,128.71633081209328,37.84807753595964,30,,08:05,19:45
42002109,922,강릉-동진버스,25,25,4200172,현덕사입구,128.7097155940442,37.84705089816417,30,,08:05,19:45
42002109,922,강릉-동진버스,26,26,4200429,소금강산삼거리,128.70652525366145,37.84687236867498,30,,08:05,19:45
42002109,922,강릉-동진버스,27,27,4200171,삼산1리,128.7047914618132,37.84575283130434,30,,08:05,19:45
42002109,922,강릉-동진버스,28,28,4200169,소금강산분교,128.70996109009303,37.83105237281379,30,,08:05,19:45
42002109,922,강릉-동진버스,29,29,4200167,소금강산,128.71230365715414,37.82166854276753,30,,08:05,19:45
42002109,922,강릉-동진버스,30,30,4200419,소금강산종점,128.70783064886766,37.81649025417566,30,,08:05,19:45
42002109,922,강릉-동진버스,31,31,4200166,소금강산,128.7124812586759,37.82175517040325,30,,08:05,19:45
42002109,922,강릉-동진버스,32,32,4200168,소금강산분교,128.710000116687,37.83125700946602,30,,08:05,19:45
42002109,922,강릉-동진버스,33,33,4200170,삼산1리,128.70464319375566,37.845506729172776,30,,08:05,19:45
42002109,922,강릉-동진버스,34,34,4200428,소금강산삼거리,128.70675214581883,37.84674771999477,30,,08:05,19:45
42002109,922,강릉-동진버스,35,35,4200326,현덕사입구,128.71038523685135,37.84696339414248,30,,08:05,19:45
42002109,922,강릉-동진버스,36,36,4200032,퇴곡2리,128.71714904545294,37.84816614353958,30,,08:05,19:45
42002109,922,강릉-동진버스,37,37,4200327,소금강산돌박물관,128.72545746023172,37.848484193808346,30,,08:05,19:45
42002109,922,강릉-동진버스,38,38,4200329,퇴곡1리경로당,128.74128473074444,37.849334595953835,30,,08:05,19:45
42002109,922,강릉-동진버스,39,39,4200175,퇴곡,128.75248295369062,37.85110547320165,30,,08:05,19:45
42002109,922,강릉-동진버스,40,40,4200331,유등.백운사입구,128.75900654206438,37.850462767351864,30,,08:05,19:45
42002109,922,강릉-동진버스,41,41,4200333,행정2리,128.7667909122159,37.85086547031576,30,,08:05,19:45
42002109,922,강릉-동진버스,42,42,4200336,버들교,128.77473855753414,37.850247080571705,30,,08:05,19:45
42002109,922,강릉-동진버스,43,43,4200176,행정2리신촌마을,128.77862819412928,37.85045242944766,30,,08:05,19:45
42002109,922,강릉-동진버스,44,44,4201384,행정2리마을회관,128.7837597224069,37.85121868121593,30,,08:05,19:45
42002109,922,강릉-동진버스,45,45,4200337,소금강산체험학습장,128.78576790854493,37.85169587352382,30,,08:05,19:45
42002109,922,강릉-동진버스,46,46,4200339,신왕초등학교,128.78962228209244,37.85282870829282,30,,08:05,19:45
42002109,922,강릉-동진버스,47,47,4200340,행정,128.79244492389662,37.85304272496013,30,,08:05,19:45
42002109,922,강릉-동진버스,48,48,4200342,동양시멘트입구,128.80418115038393,37.85051141718022,30,,08:05,19:45
42002109,922,강릉-동진버스,49,49,4200344,송림2리경로당,128.807966000434,37.85197372236723,30,,08:05,19:45
42002109,922,강릉-동진버스,50,50,4200347,송림2리,128.81062888375345,37.853558399575036,30,,08:05,19:45
42002109,922,강릉-동진버스,51,51,4200348,연곡취수장입구,128.81321638321742,37.85436534997662,30,,08:05,19:45
42002109,922,강릉-동진버스,52,52,4200179,산림조합,128.81641190280698,37.85471554225067,30,,08:05,19:45
42002109,922,강릉-동진버스,53,53,4200350,송림,128.8201619228096,37.85539548451919,30,,08:05,19:45
42002109,922,강릉-동진버스,54,54,4200510,송림길,128.8252555621319,37.855656749226185,30,,08:05,19:45
42002109,922,강릉-동진버스,55,55,4200352,연곡초교,128.82816906723454,37.856817110094816,30,,08:05,19:45
42002109,922,강릉-동진버스,56,56,4200035,강릉전파관리소,128.83226068928573,37.85830420673383,30,,08:05,19:45
42002109,922,강릉-동진버스,57,57,4200354,연곡면사무소,128.83726140830402,37.85982528703765,30,,08:05,19:45
42092109,922,강릉-동해상사,1,1,4200354,연곡면사무소,128.83726140830402,37.85982528703765,30,,06:45,17:30
42092109,922,강릉-동해상사,2,2,4200355,연곡면사무소,128.8369030857598,37.8592954872826,30,,06:45,17:30
42092109,922,강릉-동해상사,3,3,4200033,강릉전파관리소,128.83186726371997,37.85836861510729,30,,06:45,17:30
42092109,922,강릉-동해상사,4,4,4200353,연곡초교,128.82814655157526,37.8569020930201,30,,06:45,17:30
42092109,922,강릉-동해상사,5,5,4200511,송림길,128.8248292251072,37.8557650289636,30,,06:45,17:30
42092109,922,강릉-동해상사,6,6,4200351,송림,128.82064394298325,37.85559369331711,30,,06:45,17:30
42092109,922,강릉-동해상사,7,7,4200295,산림조합,128.81634583702206,37.85478178935546,30,,06:45,17:30
42092109,922,강릉-동해상사,8,8,4200349,연곡취수장입구,128.8134029222452,37.854479588535305,30,,06:45,17:30
42092109,922,강릉-동해상사,9,9,4200346,송림2리,128.8099436136846,37.853407423711076,30,,06:45,17:30
42092109,922,강릉-동해상사,10,10,4200345,송림2리경로당,128.80789598964623,37.85203614474543,30,,06:45,17:30
42092109,922,강릉-동해상사,11,11,4200343,동양시멘트입구,128.80439889049126,37.850687991240484,30,,06:45,17:30
42092109,922,강릉-동해상사,12,12,4200341,행정,128.7939888659289,37.852922738954625,30,,06:45,17:30
42092109,922,강릉-동해상사,13,13,4200526,새이골,128.79025907473746,37.85322227035808,30,,06:45,17:30
42092109,922,강릉-동해상사,14,14,4200178,신왕초등학교.소금강산체험학습장,128.7874843369829,37.85236789721056,30,,06:45,17:30
42092109,922,강릉-동해상사,15,15,4200338,행정2리마을회관,128.783920231759,37.85143615617747,30,,06:45,17:30
42092109,922,강릉-동해상사,16,16,4200177,행정2리신촌마을,128.7785874984292,37.85062890818297,30,,06:45,17:30
42092109,922,강릉-동해상사,17,17,4200335,버들교,128.77324803807656,37.850410055201316,30,,06:45,17:30
42092109,922,강릉-동해상사,18,18,4200334,행정2리,128.76721113927047,37.850915515839276,30,,06:45,17:30
42092109,922,강릉-동해상사,19,19,4200332,유등.백운사입구,128.75795827699417,37.850487600912274,30,,06:45,17:30
42092109,922,강릉-동해상사,20,20,4200174,퇴곡,128.75226108332112,37.851299039517386,30,,06:45,17:30
42092109,922,강릉-동해상사,21,21,4200330,퇴곡1리경로당,128.7415928535256,37.84950756791581,30,,06:45,17:30
42092109,922,강릉-동해상사,22,22,4200328,삼산분소,128.72806310762525,37.8484167632985,30,,06:45,17:30
42092109,922,강릉-동해상사,23,23,4200015,퇴곡2리마을회관,128.72561567385543,37.84863292575607,30,,06:45,17:30
42092109,922,강릉-동해상사,24,24,4200173,퇴곡2리,128.71633081209328,37.84807753595964,30,,06:45,17:30
42092109,922,강릉-동해상사,25,25,4200172,현덕사입구,128.7097155940442,37.84705089816417,30,,06:45,17:30
42092109,922,강릉-동해상사,26,26,4200429,소금강산삼거리,128.70652525366145,37.84687236867498,30,,06:45,17:30
42092109,922,강릉-동해상사,27,27,4200171,삼산1리,128.7047914618132,37.84575283130434,30,,06:45,17:30
42092109,922,강릉-동해상사,28,28,4200169,소금강산분교,128.70996109009303,37.83105237281379,30,,06:45,17:30
42092109,922,강릉-동해상사,29,29,4200167,소금강산,128.71230365715414,37.82166854276753,30,,06:45,17:30
42092109,922,강릉-동해상사,30,30,4200419,소금강산종점,128.70783064886766,37.81649025417566,30,,06:45,17:30
42092109,922,강릉-동해상사,31,31,4200166,소금강산,128.7124812586759,37.82175517040325,30,,06:45,17:30
42092109,922,강릉-동해상사,32,32,4200168,소금강산분교,128.710000116687,37.83125700946602,30,,06:45,17:30
42092109,922,강릉-동해상사,33,33,4200170,삼산1리,128.70464319375566,37.845506729172776,30,,06:45,17:30
42092109,922,강릉-동해상사,34,34,4200428,소금강산삼거리,128.70675214581883,37.84674771999477,30,,06:45,17:30
42092109,922,강릉-동해상사,35,35,4200326,현덕사입구,128.71038523685135,37.84696339414248,30,,06:45,17:30
42092109,922,강릉-동해상사,36,36,4200032,퇴곡2리,128.71714904545294,37.84816614353958,30,,06:45,17:30
42092109,922,강릉-동해상사,37,37,4200327,소금강산돌박물관,128.72545746023172,37.848484193808346,30,,06:45,17:30
42092109,922,강릉-동해상사,38,38,4200329,퇴곡1리경로당,128.74128473074444,37.849334595953835,30,,06:45,17:30
42092109,922,강릉-동해상사,39,39,4200175,퇴곡,128.75248295369062,37.85110547320165,30,,06:45,17:30
42092109,922,강릉-동해상사,40,40,4200331,유등.백운사입구,128.75900654206438,37.850462767351864,30,,06:45,17:30
42092109,922,강릉-동해상사,41,41,4200333,행정2리,128.7667909122159,37.85086547031576,30,,06:45,17:30
42092109,922,강릉-동해상사,42,42,4200336,버들교,128.77473855753414,37.850247080571705,30,,06:45,17:30
42092109,922,강릉-동해상사,43,43,4200176,행정2리신촌마을,128.77862819412928,37.85045242944766,30,,06:45,17:30
42092109,922,강릉-동해상사,44,44,4201384,행정2리마을회관,128.7837597224069,37.85121868121593,30,,06:45,17:30
42092109,922,강릉-동해상사,45,45,4200337,소금강산체험학습장,128.78576790854493,37.85169587352382,30,,06:45,17:30
42092109,922,강릉-동해상사,46,46,4200339,신왕초등학교,128.78962228209244,37.85282870829282,30,,06:45,17:30
42092109,922,강릉-동해상사,47,47,4200340,행정,128.79244492389662,37.85304272496013,30,,06:45,17:30
42092109,922,강릉-동해상사,48,48,4200342,동양시멘트입구,128.80418115038393,37.85051141718022,30,,06:45,17:30
42092109,922,강릉-동해상사,49,49,4200344,송림2리경로당,128.807966000434,37.85197372236723,30,,06:45,17:30
42092109,922,강릉-동해상사,50,50,4200347,송림2리,128.81062888375345,37.853558399575036,30,,06:45,17:30
42092109,922,강릉-동해상사,51,51,4200348,연곡취수장입구,128.81321638321742,37.85436534997662,30,,06:45,17:30
42092109,922,강릉-동해상사,52,52,4200179,산림조합,128.81641190280698,37.85471554225067,30,,06:45,17:30
42092109,922,강릉-동해상사,53,53,4200350,송림,128.8201619228096,37.85539548451919,30,,06:45,17:30
42092109,922,강릉-동해상사,54,54,4200510,송림길,128.8252555621319,37.855656749226185,30,,06:45,17:30
42092109,922,강릉-동해상사,55,55,4200352,연곡초교,128.82816906723454,37.856817110094816,30,,06:45,17:30
42092109,922,강릉-동해상사,56,56,4200035,강릉전파관리소,128.83226068928573,37.85830420673383,30,,06:45,17:30
42092109,922,강릉-동해상사,57,57,4200354,연곡면사무소,128.83726140830402,37.85982528703765,30,,06:45,17:30
42092114,930-1,강릉-동해상사,1,1,4200222,사천면사무소,128.84928192865996,37.82385848393331,18,,10:00,17:55
42092114,930-1,강릉-동해상사,2,2,4200221,모래내행복센터,128.84881781800846,37.82675602435266,18,,10:00,17:55
42092114,930-1,강릉-동해상사,3,3,4201381,너다리,128.85390220166778,37.83022805772032,18,,10:00,17:55
42092114,930-1,강릉-동해상사,4,4,4202153,운양초등학교,128.8590953489884,37.83649095483332,18,,10:00,17:55
42092114,930-1,강릉-동해상사,5,5,4200391,판교리,128.86009464856716,37.83346652558502,18,,10:00,17:55
42092114,930-1,강릉-동해상사,6,6,4200388,미노마을입구,128.86381568177012,37.83417468045317,18,,10:00,17:55
42092114,930-1,강릉-동해상사,7,7,4200387,하평리,128.86670662673083,37.834355194382326,18,,10:00,17:55
42092114,930-1,강릉-동해상사,8,8,4200447,사천물회거리,128.8757309061334,37.83810545841113,18,,10:00,17:55
42092114,930-1,강릉-동해상사,9,9,4201238,사천진리,128.87339689589916,37.83812340174815,18,,10:00,17:55
42092114,930-1,강릉-동해상사,10,10,4200008,하평리,128.87213896973955,37.836286638716444,18,,10:00,17:55
42092114,930-1,강릉-동해상사,11,11,4200445,사천캠핑장,128.8750445298634,37.831686225915426,18,,10:00,17:55
42092114,930-1,강릉-동해상사,12,12,4200443,사천해변,128.87827311977188,37.82882341864164,18,,10:00,17:55
42092114,930-1,강릉-동해상사,13,13,4200369,가둔지유적,128.882153019297,37.82520493756786,18,,10:00,17:55
42092114,930-1,강릉-동해상사,14,14,4200441,산대월리.순포,128.88527417343033,37.822868850849,18,,10:00,17:55
42092114,930-1,강릉-동해상사,15,15,4200439,순포해변,128.8896479640838,37.81947984719446,18,,10:00,17:55
42092114,930-1,강릉-동해상사,16,16,4200437,순긋해변,128.89288352206873,37.81622289476459,18,,10:00,17:55
42092114,930-1,강릉-동해상사,17,17,4200435,사근진해변,128.89766129562162,37.81294729745145,18,,10:00,17:55
42092114,930-1,강릉-동해상사,18,18,4201420,경포해변(종점),128.9052815401602,37.80443707912235,18,,10:00,17:55
42092105,931,강릉-동해상사,1,1,4201242,경포해변,128.9052529004403,37.80440358093674,36,,-,19:20
42092105,931,강릉-동해상사,2,2,4200434,사근진해변,128.898597450209,37.812322584245415,36,,-,19:20
42092105,931,강릉-동해상사,3,3,4200436,순긋해변,128.89252003394913,37.81667547893821,36,,-,19:20
42092105,931,강릉-동해상사,4,4,4200438,순포해변,128.8909555032514,37.81845994015455,36,,-,19:20
42092105,931,강릉-동해상사,5,5,4200440,산대월리.순포,128.88547702493108,37.822903011074914,36,,-,19:20
42092105,931,강릉-동해상사,6,6,4200368,가둔지유적,128.882327030694,37.82527019767428,36,,-,19:20
42092105,931,강릉-동해상사,7,7,4200442,사천해변,128.87869491904522,37.828713817312966,36,,-,19:20
42092105,931,강릉-동해상사,8,8,4200444,사천캠핑장,128.87516834469744,37.831731302711255,36,,-,19:20
42092105,931,강릉-동해상사,9,9,4200447,사천물회거리,128.8757309061334,37.83810545841113,36,,-,19:20
42092105,931,강릉-동해상사,10,10,4201238,사천진리,128.87339689589916,37.83812340174815,36,,-,19:20
42092105,931,강릉-동해상사,11,11,4200008,하평리,128.87213896973955,37.836286638716444,36,,-,19:20
42092105,931,강릉-동해상사,12,12,4200386,하평리,128.86662078612576,37.834407329862614,36,,-,19:20
42092105,931,강릉-동해상사,13,13,4200389,판교리,128.8629774027657,37.834258791663885,36,,-,19:20
42092105,931,강릉-동해상사,14,14,4200390,운양초교,128.85999131659992,37.833521248123965,36,,-,19:20
42092105,931,강릉-동해상사,15,15,4202153,운양초등학교,128.8590953489884,37.83649095483332,36,,-,19:20
42092105,931,강릉-동해상사,16,16,4200154,너다리,128.85384039907868,37.83030516388511,36,,-,19:20
42092105,931,강릉-동해상사,17,17,4200220,모래내행복센터,128.84888855200666,37.82654759560158,36,,-,19:20
42092105,931,강릉-동해상사,18,18,4200223,사천면사무소,128.84914337332015,37.8229406699122,36,,-,19:20
42092105,931,강릉-동해상사,19,19,4200225,북부노인대학,128.85083641112433,37.82016343083045,36,,-,19:20
42092105,931,강릉-동해상사,20,20,4200222,사천면사무소,128.84928192865996,37.82385848393331,36,,-,19:20
42092105,931,강릉-동해상사,21,21,4200221,모래내행복센터,128.84881781800846,37.82675602435266,36,,-,19:20
42092105,931,강릉-동해상사,22,22,4200165,사천중학교,128.84662013233944,37.82677848556301,36,,-,19:20
42092105,931,강릉-동해상사,23,23,4200164,갈골한과,128.84368704633178,37.82462303691711,36,,-,19:20
42092105,931,강릉-동해상사,24,24,4200162,노동하리.우리정미소,128.84138542146533,37.82227295047229,36,,-,19:20
42092105,931,강릉-동해상사,25,25,4200160,노동회관,128.8379192525419,37.818202495776156,36,,-,19:20
42092105,931,강릉-동해상사,26,26,4200158,한과마을,128.8351667630484,37.81469760511987,36,,-,19:20
42092105,931,강릉-동해상사,27,27,4200156,농업기술센터,128.83374479432362,37.810623749433574,36,,-,19:20
42092105,931,강릉-동해상사,28,28,4200152,연변,128.83155522186766,37.80584297639379,36,,-,19:20
42092105,931,강릉-동해상사,29,29,4201415,노동상리경로당,128.82974913139455,37.80349598363215,36,,-,19:20
42092105,931,강릉-동해상사,30,30,4200150,노동리,128.82882389300474,37.80095549884616,36,,-,19:20
42092105,931,강릉-동해상사,31,31,4200148,노동3리,128.8256207085255,37.79927586550659,36,,-,19:20
42092105,931,강릉-동해상사,32,32,4200146,강릉면허시험장,128.81937813512624,37.79573671702786,36,,-,19:20
42092105,931,강릉-동해상사,33,33,4201230,사기막리,128.8183214702477,37.793964034615996,36,,-,19:20
42092105,931,강릉-동해상사,34,34,4200144,해살이,128.81433946380196,37.79231712471411,36,,-,19:20
42092105,931,강릉-동해상사,35,35,4200142,사기막마을회관,128.8109379000351,37.79306001321451,36,,-,19:20
42092105,931,강릉-동해상사,36,36,4200140,사기막,128.80639533289897,37.79268220157816,36,,-,19:20
42002135,941-2,강릉-동진버스,1,1,4200797,KTX공영주차장환승장,128.8967850727094,37.762190942376556,20,,"09:30
동물사랑센터 경유","15:05
동물사랑센터 경유"
42002135,941-2,강릉-동진버스,2,2,4200253,교보생명,128.89811415297848,37.756002485379526,20,,"09:30
동물사랑센터 경유","15:05
동물사랑센터 경유"
42002135,941-2,강릉-동진버스,3,3,4201009,성산면사무소,128.832602033901,37.718970827982346,20,,"09:30
동물사랑센터 경유","15:05
동물사랑센터 경유"
42002135,941-2,강릉-동진버스,4,4,4201007,성산치안센터,128.8310696649731,37.7159774839219,20,,"09:30
동물사랑센터 경유","15:05
동물사랑센터 경유"
42002135,941-2,강릉-동진버스,5,5,4201005,성산,128.8271623742617,37.714502339268236,20,,"09:30
동물사랑센터 경유","15:05
동물사랑센터 경유"
42002135,941-2,강릉-동진버스,6,6,4200934,동물사랑센터,128.8296897075576,37.69907525653717,20,,"09:30
동물사랑센터 경유","15:05
동물사랑센터 경유"
42002135,941-2,강릉-동진버스,7,7,4200958,새재마을,128.8242669560502,37.685279144065696,20,,"09:30
동물사랑센터 경유","15:05
동물사랑센터 경유"
42002135,941-2,강릉-동진버스,8,8,4200956,왕산사슴목장,128.82565717295802,37.68132318009433,20,,"09:30
동물사랑센터 경유","15:05
동물사랑센터 경유"
42002135,941-2,강릉-동진버스,9,9,4200954,도마1리경로당,128.83571199204746,37.67583487527786,20,,"09:30
동물사랑센터 경유","15:05
동물사랑센터 경유"
42002135,941-2,강릉-동진버스,10,10,4200952,왕산면사무소앞,128.83831324436588,37.672144012562036,20,,"09:30
동물사랑센터 경유","15:05
동물사랑센터 경유"
42002135,941-2,강릉-동진버스,11,11,4200950,둔지마을,128.8402142080388,37.66721532951788,20,,"09:30
동물사랑센터 경유","15:05
동물사랑센터 경유"
42002135,941-2,강릉-동진버스,12,12,4200948,탑동교,128.84599983023696,37.66005118972853,20,,"09:30
동물사랑센터 경유","15:05
동물사랑센터 경유"
42002135,941-2,강릉-동진버스,13,13,4200946,백운암입구,128.8502357538194,37.655869833853565,20,,"09:30
동물사랑센터 경유","15:05
동물사랑센터 경유"
42002135,941-2,강릉-동진버스,14,14,4200944,들꽃마을,128.85442858144177,37.65082634282393,20,,"09:30
동물사랑센터 경유","15:05
동물사랑센터 경유"
42002135,941-2,강릉-동진버스,15,15,4200940,방터골입구,128.8542224426066,37.642387639932174,20,,"09:30
동물사랑센터 경유","15:05
동물사랑센터 경유"
42002135,941-2,강릉-동진버스,16,16,4200937,목계리경로당,128.85926935902992,37.63755434898131,20,,"09:30
동물사랑센터 경유","15:05
동물사랑센터 경유"
42002135,941-2,강릉-동진버스,17,17,4200936,목계마을회관,128.8589875953329,37.632647124497325,20,,"09:30
동물사랑센터 경유","15:05
동물사랑센터 경유"
42002135,941-2,강릉-동진버스,18,18,4200932,샘터휴게실,128.8616379939255,37.62586846407014,20,,"09:30
동물사랑센터 경유","15:05
동물사랑센터 경유"
42002135,941-2,강릉-동진버스,19,19,4200930,왕산구)종점,128.8604095757484,37.623711657099335,20,,"09:30
동물사랑센터 경유","15:05
동물사랑센터 경유"
42002135,941-2,강릉-동진버스,20,20,4200928,왕산사,128.8594660677207,37.61509686617323,20,,"09:30
동물사랑센터 경유","15:05
동물사랑센터 경유"
42002135,941-2,강릉-동진버스,21,21,4200929,왕산구)종점,128.8604892853729,37.62367273667524,20,,"09:30
동물사랑센터 경유","15:05
동물사랑센터 경유"
42002135,941-2,강릉-동진버스,22,22,4200931,샘터휴게실,128.86196479739877,37.62603907325114,20,,"09:30
동물사랑센터 경유","15:05
동물사랑센터 경유"
42002135,941-2,강릉-동진버스,23,23,4200935,목계마을회관,128.8591158870725,37.63273899723025,20,,"09:30
동물사랑센터 경유","15:05
동물사랑센터 경유"
42002135,941-2,강릉-동진버스,24,24,4200938,목계리경로당,128.85882831535346,37.63808751377066,20,,"09:30
동물사랑센터 경유","15:05
동물사랑센터 경유"
42002135,941-2,강릉-동진버스,25,25,4200939,방터골입구,128.8543538779494,37.64239089992679,20,,"09:30
동물사랑센터 경유","15:05
동물사랑센터 경유"
42002135,941-2,강릉-동진버스,26,26,4200941,목계리,128.8539720247843,37.64675613253988,20,,"09:30
동물사랑센터 경유","15:05
동물사랑센터 경유"
42002135,941-2,강릉-동진버스,27,27,4200943,들꽃마을,128.85452027887206,37.65078274958405,20,,"09:30
동물사랑센터 경유","15:05
동물사랑센터 경유"
42002135,941-2,강릉-동진버스,28,28,4200945,백운암입구,128.8503640197509,37.65589468864246,20,,"09:30
동물사랑센터 경유","15:05
동물사랑센터 경유"
42002135,941-2,강릉-동진버스,29,29,4200947,탑동교,128.84609145028975,37.66009383864923,20,,"09:30
동물사랑센터 경유","15:05
동물사랑센터 경유"
42002135,941-2,강릉-동진버스,30,30,4200949,둔지마을,128.84032622893565,37.667211942204936,20,,"09:30
동물사랑센터 경유","15:05
동물사랑센터 경유"
42002135,941-2,강릉-동진버스,31,31,4200951,왕산면사무소앞,128.83840731782888,37.6721688588501,20,,"09:30
동물사랑센터 경유","15:05
동물사랑센터 경유"
42002135,941-2,강릉-동진버스,32,32,4200953,도마1리경로당,128.83580313705878,37.675863266048,20,,"09:30
동물사랑센터 경유","15:05
동물사랑센터 경유"
42002135,941-2,강릉-동진버스,33,33,4200955,왕산사슴목장,128.82575088668412,37.681344715824196,20,,"09:30
동물사랑센터 경유","15:05
동물사랑센터 경유"
42002135,941-2,강릉-동진버스,34,34,4200957,새재마을,128.8242487855186,37.68544901419477,20,,"09:30
동물사랑센터 경유","15:05
동물사랑센터 경유"
42002135,941-2,강릉-동진버스,35,35,4200970,동물사랑센터,128.8298483336448,37.69899913101563,20,,"09:30
동물사랑센터 경유","15:05
동물사랑센터 경유"
42002135,941-2,강릉-동진버스,36,36,4201004,성산,128.82713990486903,37.71438975242994,20,,"09:30
동물사랑센터 경유","15:05
동물사랑센터 경유"
42002135,941-2,강릉-동진버스,37,37,4201006,성산치안센터,128.83090633919258,37.71566752965487,20,,"09:30
동물사랑센터 경유","15:05
동물사랑센터 경유"
42002135,941-2,강릉-동진버스,38,38,4201008,성산면사무소,128.83255254171343,37.71856830087688,20,,"09:30
동물사랑센터 경유","15:05
동물사랑센터 경유"
42002135,941-2,강릉-동진버스,39,39,4200252,신영극장,128.8961287589657,37.75448236011555,20,,"09:30
동물사랑센터 경유","15:05
동물사랑센터 경유"
42002135,941-2,강릉-동진버스,40,40,4200797,KTX공영주차장환승장,128.8967850727094,37.762190942376556,20,,"09:30
동물사랑센터 경유","15:05
동물사랑센터 경유"
42002143,945-1,강릉-동진버스,1,1,4200797,KTX공영주차장환승장,128.8967850727094,37.762190942376556,29,,07:45,19:30
42002143,945-1,강릉-동진버스,2,2,4200253,교보생명,128.89811415297848,37.756002485379526,29,,07:45,19:30
42002143,945-1,강릉-동진버스,3,3,4201009,성산면사무소,128.832602033901,37.718970827982346,29,,07:45,19:30
42002143,945-1,강릉-동진버스,4,4,4201007,성산치안센터,128.8310696649731,37.7159774839219,29,,07:45,19:30
42002143,945-1,강릉-동진버스,5,5,4201005,성산,128.8271623742617,37.714502339268236,29,,07:45,19:30
42002143,945-1,강릉-동진버스,6,6,4201003,보광리입구,128.81690957708614,37.721147642825436,29,,07:45,19:30
42002143,945-1,강릉-동진버스,7,7,4200972,어흘리.굴면동,128.81242525863513,37.71968494003737,29,,07:45,19:30
42002143,945-1,강릉-동진버스,8,8,4200967,대관령박물관,128.80456089771366,37.71714451138875,29,,07:45,19:30
42002143,945-1,강릉-동진버스,9,9,4200533,가마골,128.79546755385968,37.722099902068294,29,,07:45,19:30
42002143,945-1,강릉-동진버스,10,10,4201414,대굴령목공소,128.7963265827597,37.72854223767263,29,,07:45,19:30
42002143,945-1,강릉-동진버스,11,11,4200524,망월이마을,128.7922011149757,37.729439560975074,29,,07:45,19:30
42002143,945-1,강릉-동진버스,12,12,4200534,선자령고개입구,128.79239579933846,37.73245610705835,29,,07:45,19:30
42002143,945-1,강릉-동진버스,13,13,4200528,앞무쇠골,128.7909149887738,37.735806871417466,29,,07:45,19:30
42002143,945-1,강릉-동진버스,14,14,4200014,보현사종점,128.79263641819853,37.73803701177597,29,,07:45,19:30
42002143,945-1,강릉-동진버스,15,15,4200979,무시골,128.79407884048865,37.737843607578455,29,,07:45,19:30
42002143,945-1,강릉-동진버스,16,16,4200540,보광리,128.79683168120394,37.73726419118738,29,,07:45,19:30
42002143,945-1,강릉-동진버스,17,17,4200981,감나무민박,128.79885844666603,37.737822198803215,29,,07:45,19:30
42002143,945-1,강릉-동진버스,18,18,4200983,보광평,128.8024466454297,37.73817584117786,29,,07:45,19:30
42002143,945-1,강릉-동진버스,19,19,4200985,보광보건진료소,128.8054363627245,37.73800718407803,29,,07:45,19:30
42002143,945-1,강릉-동진버스,20,20,4200977,보광리체험학습장,128.80793365498167,37.73787511002778,29,,07:45,19:30
42002143,945-1,강릉-동진버스,21,21,4200973,샘골식당,128.81165805890132,37.72970284088515,29,,07:45,19:30
42002143,945-1,강릉-동진버스,22,22,4200999,옥터가든,128.81373332317625,37.728008981659464,29,,07:45,19:30
42002143,945-1,강릉-동진버스,23,23,4201001,암반욕체험장,128.8174715505199,37.72568745788923,29,,07:45,19:30
42002143,945-1,강릉-동진버스,24,24,4200965,보광리입구,128.81696481575804,37.72096716251408,29,,07:45,19:30
42002143,945-1,강릉-동진버스,25,25,4201004,성산,128.82713990486903,37.71438975242994,29,,07:45,19:30
42002143,945-1,강릉-동진버스,26,26,4201006,성산치안센터,128.83090633919258,37.71566752965487,29,,07:45,19:30
42002143,945-1,강릉-동진버스,27,27,4201008,성산면사무소,128.83255254171343,37.71856830087688,29,,07:45,19:30
42002143,945-1,강릉-동진버스,28,28,4200252,신영극장,128.8961287589657,37.75448236011555,29,,07:45,19:30
42002143,945-1,강릉-동진버스,29,29,4200797,KTX공영주차장환승장,128.8967850727094,37.762190942376556,29,,07:45,19:30
42002125,955,강릉-동진버스,1,1,4201199,남대천.강릉교,128.9010687000649,37.75417893755025,14,,06:40,17:30
42002125,955,강릉-동진버스,2,2,4202167,남부노인종합복지관,128.91383118471262,37.752564379737024,14,,06:40,17:30
42002125,955,강릉-동진버스,3,3,4200570,신석입구,128.92112104933958,37.74060070408295,14,,06:40,17:30
42002125,955,강릉-동진버스,4,4,4201244,신석,128.92220564964913,37.73521532481458,14,,06:40,17:30
42002125,955,강릉-동진버스,5,5,4200611,신석회관,128.92206674319968,37.733298030104976,14,,06:40,17:30
42002125,955,강릉-동진버스,6,6,4200609,소재골길,128.92430261228944,37.73030112286398,14,,06:40,17:30
42002125,955,강릉-동진버스,7,7,4200607,왜골안길,128.9242847541364,37.72773866042556,14,,06:40,17:30
42002125,955,강릉-동진버스,8,8,4200605,신석종점,128.92550135841566,37.72411554187395,14,,06:40,17:30
42002125,955,강릉-동진버스,9,9,4200603,운산분교,128.93686556902622,37.730747600300575,14,,06:40,17:30
42002125,955,강릉-동진버스,10,10,4200601,운산노인회관,128.93684858416998,37.73287788594293,14,,06:40,17:30
42002125,955,강릉-동진버스,11,11,4201183,독송마을회관,128.93638737959347,37.73749824702616,14,,06:40,17:30
42002125,955,강릉-동진버스,12,12,4201252,오리들마을,128.93739401500017,37.74438483019564,14,,06:40,17:30
42002125,955,강릉-동진버스,13,13,4200153,공군부대앞,128.9401442605218,37.74622686326912,14,,06:40,17:30
42002125,955,강릉-동진버스,14,14,4201059,월호평동,128.94896909223806,37.74860767924179,14,,06:40,17:30
42002125,955,강릉-동진버스,15,15,4201061,공군부대앞,128.94003300356817,37.746317953634374,14,,06:40,17:30
42002125,955,강릉-동진버스,16,16,4201058,오리들마을,128.93730145779827,37.744469925122935,14,,06:40,17:30
42002125,955,강릉-동진버스,17,17,4201184,독송마을회관,128.93632837845826,37.737443377869745,14,,06:40,17:30
42002125,955,강릉-동진버스,18,18,4201421,(구)월호평동사무소,128.93612294474602,37.73542207247549,14,,06:40,17:30
42002125,955,강릉-동진버스,19,19,4200600,운산노인회관,128.93671028942424,37.732907768416084,14,,06:40,17:30
42002125,955,강릉-동진버스,20,20,4200602,운산분교,128.93677350637265,37.730734508227286,14,,06:40,17:30
42002125,955,강릉-동진버스,21,21,4200604,신석종점,128.92548856169705,37.724168770541205,14,,06:40,17:30
42002125,955,강릉-동진버스,22,22,4200606,왜골안길,128.92431613988109,37.72776258609913,14,,06:40,17:30
42002125,955,강릉-동진버스,23,23,4200608,소재골길,128.9243373158486,37.73032246539831,14,,06:40,17:30
42002125,955,강릉-동진버스,24,24,4200610,신석회관,128.922128840552,37.73330388403426,14,,06:40,17:30
42002125,955,강릉-동진버스,25,25,4200068,신석,128.9222626638924,37.73522591649743,14,,06:40,17:30
42002125,955,강릉-동진버스,26,26,4200571,신석입구,128.92121434678074,37.740633508275124,14,,06:40,17:30
42002125,955,강릉-동진버스,27,27,4202167,남부노인종합복지관,128.91383118471262,37.752564379737024,14,,06:40,17:30
42002125,955,강릉-동진버스,28,28,4201198,남대천.강릉교,128.9010015999516,37.75454267936518,14,,06:40,17:30
42002127,956-1,강릉-동진버스,1,1,4200005,강동무료주차장,129.03151265934136,37.688945395109045,7,,09:40,15:05
42002127,956-1,강릉-동진버스,2,2,4201074,분수동,129.02438633004448,37.68420512704344,7,,09:40,15:05
42002127,956-1,강릉-동진버스,3,3,4201079,오리동,129.01320324945965,37.682803393955474,7,,09:40,15:05
42002127,956-1,강릉-동진버스,4,4,4201094,낙풍리입구,129.03474260887603,37.62332181243499,7,,09:40,15:05
42002127,956-1,강릉-동진버스,5,5,4200034,현내리,129.03644185085787,37.61785851158642,7,,09:40,15:05
42002127,956-1,강릉-동진버스,6,6,4202052,옥계면사무소,129.03863134955023,37.61234830848836,7,,09:40,15:05
42002127,956-1,강릉-동진버스,7,7,4202032,옥계현내시장,129.03512810350702,37.608949806593664,7,,09:40,15:05
42002127,956-1,강릉-동진버스,8,8,4202042,옥계면사무소,129.03870359107486,37.61225376052538,7,,09:40,15:05
42002127,956-1,강릉-동진버스,9,9,4201105,농협주유소,129.03818611643504,37.61343914150935,7,,09:40,15:05
42002127,956-1,강릉-동진버스,10,10,4200046,현내리,129.03655884799974,37.617883796095704,7,,09:40,15:05
42002127,956-1,강릉-동진버스,11,11,4201095,낙풍리입구,129.03490564391961,37.623384805058976,7,,09:40,15:05
42002127,956-1,강릉-동진버스,12,12,4201078,오리동,129.01320871433214,37.68272714510743,7,,09:40,15:05
42002127,956-1,강릉-동진버스,13,13,4201075,분수동,129.02442625222523,37.68416226671518,7,,09:40,15:05
42002127,956-1,강릉-동진버스,14,14,4200019,강동무료주차장,129.03136520192535,37.68890256497467,7,,09:40,15:05
42002130,958,강릉-동진버스,1,1,4200005,강동무료주차장,129.03151265934136,37.688945395109045,13,,"07:40
썬크루즈 경유","19:20
금진초교발(19:15)"
42002130,958,강릉-동진버스,2,2,4201128,정동진역,129.0319921573861,37.69035571739087,13,,"07:40
썬크루즈 경유","19:20
금진초교발(19:15)"
42002130,958,강릉-동진버스,3,3,4201126,정동교,129.03237659003923,37.68846940398579,13,,"07:40
썬크루즈 경유","19:20
금진초교발(19:15)"
42002130,958,강릉-동진버스,4,4,4201124,정동초등학교,129.03365499665549,37.68789867201399,13,,"07:40
썬크루즈 경유","19:20
금진초교발(19:15)"
42002130,958,강릉-동진버스,5,5,4201122,모래시계공원,129.0380673722024,37.685653946463454,13,,"07:40
썬크루즈 경유","19:20
금진초교발(19:15)"
42002130,958,강릉-동진버스,6,6,4201120,정동해변,129.04018588407186,37.686033834572385,13,,"07:40
썬크루즈 경유","19:20
금진초교발(19:15)"
42002130,958,강릉-동진버스,7,7,4201118,썬크루즈,129.0440946513368,37.6820368944123,13,,"07:40
썬크루즈 경유","19:20
금진초교발(19:15)"
42002130,958,강릉-동진버스,8,8,4201117,조각공원,129.04194075670452,37.681301432273415,13,,"07:40
썬크루즈 경유","19:20
금진초교발(19:15)"
42002130,958,강릉-동진버스,9,9,4201115,효도마을,129.04503133124638,37.67430713535879,13,,"07:40
썬크루즈 경유","19:20
금진초교발(19:15)"
42002130,958,강릉-동진버스,10,10,4201113,곰두리연수원,129.04780833020064,37.667941690344094,13,,"07:40
썬크루즈 경유","19:20
금진초교발(19:15)"
42002130,958,강릉-동진버스,11,11,4201110,심곡,129.05054407613815,37.66494664843006,13,,"07:40
썬크루즈 경유","19:20
금진초교발(19:15)"
42002130,958,강릉-동진버스,12,12,4201109,금진항,129.05231089842698,37.65294332211634,13,,"07:40
썬크루즈 경유","19:20
금진초교발(19:15)"
42002130,958,강릉-동진버스,13,13,4200017,금진해양파출소,129.04913775965355,37.65213019488429,13,,"07:40
썬크루즈 경유","19:20
금진초교발(19:15)"
42002130,958,강릉-동진버스,14,14,4201108,금진항,129.05240741359285,37.652884325935844,13,,"07:40
썬크루즈 경유","19:20
금진초교발(19:15)"
42002130,958,강릉-동진버스,15,15,4201111,심곡,129.05072825701674,37.66496744031941,13,,"07:40
썬크루즈 경유","19:20
금진초교발(19:15)"
42002130,958,강릉-동진버스,16,16,4201112,곰두리연수원,129.04789745395954,37.66792061520934,13,,"07:40
썬크루즈 경유","19:20
금진초교발(19:15)"
42002130,958,강릉-동진버스,17,17,4201114,효도마을,129.04512985205253,37.674325626528194,13,,"07:40
썬크루즈 경유","19:20
금진초교발(19:15)"
42002130,958,강릉-동진버스,18,18,4201116,조각공원,129.0419778617943,37.68142324301774,13,,"07:40
썬크루즈 경유","19:20
금진초교발(19:15)"
42002130,958,강릉-동진버스,19,19,4201118,썬크루즈,129.0440946513368,37.6820368944123,13,,"07:40
썬크루즈 경유","19:20
금진초교발(19:15)"
42002130,958,강릉-동진버스,20,20,4201119,정동해변,129.04025543414897,37.68609620523521,13,,"07:40
썬크루즈 경유","19:20
금진초교발(19:15)"
42002130,958,강릉-동진버스,21,21,4201121,모래시계공원,129.03719508337943,37.68592446993947,13,,"07:40
썬크루즈 경유","19:20
금진초교발(19:15)"
42002130,958,강릉-동진버스,22,22,4201123,정동초등학교,129.03393804786398,37.68800336105405,13,,"07:40
썬크루즈 경유","19:20
금진초교발(19:15)"
42002130,958,강릉-동진버스,23,23,4201125,정동교,129.0324614525895,37.688438171101524,13,,"07:40
썬크루즈 경유","19:20
금진초교발(19:15)"
42002130,958,강릉-동진버스,24,24,4201127,정동진역,129.03224964663548,37.690253441678834,13,,"07:40
썬크루즈 경유","19:20
금진초교발(19:15)"
42002130,958,강릉-동진버스,25,25,4200019,강동무료주차장,129.03136520192535,37.68890256497467,13,,"07:40
썬크루즈 경유","19:20
금진초교발(19:15)"
42092099,961,강릉-동해상사,1,1,4202032,옥계현내시장,129.03512810350702,37.608949806593664,16,,07:35,17:35
42092099,961,강릉-동해상사,2,2,4202012,현내1리연탄직매장,129.03280124237224,37.6062049238953,16,,07:35,17:35
42092099,961,강릉-동해상사,3,3,4201098,옥계119안전센터,129.0299579795461,37.602418475944106,16,,07:35,17:35
42092099,961,강릉-동해상사,4,4,4200737,한라아파트,129.03082754941428,37.598166681025575,16,,07:35,17:35
42092099,961,강릉-동해상사,5,5,4200545,동산교,129.03188210282585,37.596478436012994,16,,07:35,17:35
42092099,961,강릉-동해상사,6,6,4201283,남양3리입구,129.03313884463265,37.593033115433954,16,,07:35,17:35
42092099,961,강릉-동해상사,7,7,4200738,남양3리마을회관,129.03540040998968,37.59157285051617,16,,07:35,17:35
42092099,961,강릉-동해상사,8,8,4201284,올밑,129.03979791391387,37.58885317796911,16,,07:35,17:35
42092099,961,강릉-동해상사,9,9,4201285,옥골,129.0451011119314,37.58480257343729,16,,07:35,17:35
42092099,961,강릉-동해상사,10,10,4201286,너구리골,129.0453774808948,37.58278119535933,16,,07:35,17:35
42092099,961,강릉-동해상사,11,11,4201287,남양리옛경로당,129.03508624074675,37.582691373708194,16,,07:35,17:35
42092099,961,강릉-동해상사,12,12,4201288,남양1리경로당,129.03154436503664,37.58248287177823,16,,07:35,17:35
42092099,961,강릉-동해상사,13,13,4201290,버들골,129.02605567209912,37.579297897903295,16,,07:35,17:35
42092099,961,강릉-동해상사,14,14,4201292,흑시골,129.023679012477,37.57773843891508,16,,07:35,17:35
42092099,961,강릉-동해상사,15,15,4201294,남양2리교,129.01479874463647,37.571994595503725,16,,07:35,17:35
42092099,961,강릉-동해상사,16,16,4201296,남양2리경로당,129.012950139964,37.56658372788056,16,,07:35,17:35
42092099,961,강릉-동해상사,17,17,4201295,남양2리교,129.01486079643942,37.57192160373686,16,,07:35,17:35
42092099,961,강릉-동해상사,18,18,4201293,흑시골,129.02374105990518,37.577665442657434,16,,07:35,17:35
42092099,961,강릉-동해상사,19,19,4201291,버들골,129.02611729989363,37.57922947953465,16,,07:35,17:35
42092099,961,강릉-동해상사,20,20,4201289,남양1리경로당,129.03162816015924,37.582429974327795,16,,07:35,17:35
42092099,961,강릉-동해상사,21,21,4201096,한라아파트,129.0309268732134,37.598168202920746,16,,07:35,17:35
42092099,961,강릉-동해상사,22,22,4201097,옥계119안전센터,129.03045031861078,37.60261800571139,16,,07:35,17:35
42092099,961,강릉-동해상사,23,23,4202002,현내1리연탄직매장,129.03293193002432,37.60609468782852,16,,07:35,17:35
42092099,961,강릉-동해상사,24,24,4202022,옥계현내시장,129.03523947374634,37.60889735545031,16,,07:35,17:35
42092100,962,강릉-동해상사,1,1,4202032,옥계현내시장,129.03512810350702,37.608949806593664,14,,06:50,17:55
42092100,962,강릉-동해상사,2,2,4202012,현내1리연탄직매장,129.03280124237224,37.6062049238953,14,,06:50,17:55
42092100,962,강릉-동해상사,3,3,4201098,옥계119안전센터,129.0299579795461,37.602418475944106,14,,06:50,17:55
42092100,962,강릉-동해상사,4,4,4201308,현내교,129.02929130812174,37.60128987598838,14,,06:50,17:55
42092100,962,강릉-동해상사,5,5,4201310,설암마을,128.99822461811513,37.59527911024018,14,,06:50,17:55
42092100,962,강릉-동해상사,6,6,4201312,음촌,128.9943519708324,37.590218452220576,14,,06:50,17:55
42092100,962,강릉-동해상사,7,7,4201314,하반암,128.98089810223846,37.584168867911764,14,,06:50,17:55
42092100,962,강릉-동해상사,8,8,4201316,상반암,128.97543453934762,37.581480242671276,14,,06:50,17:55
42092100,962,강릉-동해상사,9,9,4201318,상반암2교,128.97515057257976,37.579938893006116,14,,06:50,17:55
42092100,962,강릉-동해상사,10,10,4201320,산계2리,128.97246971139714,37.57976114585706,14,,06:50,17:55
42092100,962,강릉-동해상사,11,11,4201322,비상거리,128.96170555823903,37.574443710141345,14,,06:50,17:55
42092100,962,강릉-동해상사,12,12,4201324,황기골,128.95704823893803,37.573480554142556,14,,06:50,17:55
42092100,962,강릉-동해상사,13,13,4201326,가사골,128.95366508671376,37.57302501168563,14,,06:50,17:55
42092100,962,강릉-동해상사,14,14,4201328,산계리종점,128.9460355736469,37.57495852194761,14,,06:50,17:55
42092100,962,강릉-동해상사,15,15,4201327,가사골,128.95364127595002,37.572947377645065,14,,06:50,17:55
42092100,962,강릉-동해상사,16,16,4201325,황기골,128.9570289624241,37.57336816682693,14,,06:50,17:55
42092100,962,강릉-동해상사,17,17,4201323,비상거리,128.96147017456914,37.57419041505788,14,,06:50,17:55
42092100,962,강릉-동해상사,18,18,4201321,산계2리,128.97229539203417,37.57962245004452,14,,06:50,17:55
42092100,962,강릉-동해상사,19,19,4201319,상반암2교,128.97526025138177,37.580104674041834,14,,06:50,17:55
42092100,962,강릉-동해상사,20,20,4201317,상반암,128.97555145054721,37.581507187334616,14,,06:50,17:55
42092100,962,강릉-동해상사,21,21,4201315,하반암,128.98110553425494,37.584185619903295,14,,06:50,17:55
42092100,962,강릉-동해상사,22,22,4201313,음촌,128.99426321534403,37.590067749479466,14,,06:50,17:55
42092100,962,강릉-동해상사,23,23,4201311,설암마을,128.9983494117808,37.59541501641899,14,,06:50,17:55
42092100,962,강릉-동해상사,24,24,4201309,현내교,129.02932870216884,37.60121947406311,14,,06:50,17:55
42092100,962,강릉-동해상사,25,25,4201097,옥계119안전센터,129.03045031861078,37.60261800571139,14,,06:50,17:55
42092100,962,강릉-동해상사,26,26,4202002,현내1리연탄직매장,129.03293193002432,37.60609468782852,14,,06:50,17:55
42092100,962,강릉-동해상사,27,27,4202022,옥계현내시장,129.03523947374634,37.60889735545031,14,,06:50,17:55
42092141,시티1,강릉-동해상사,1,1,4201057,안목커피거리,128.94590416266868,37.77225695392567,37,,08:40,19:40
42092141,시티1,강릉-동해상사,2,2,4201263,안목해변,128.94493768408068,37.774178194287636,37,,08:40,19:40
42092141,시티1,강릉-동해상사,3,3,4201265,송정해변,128.937243026154,37.779799396228796,37,,08:40,19:40
42092141,시티1,강릉-동해상사,4,4,4202170,신라모노그램,128.92998485011893,37.785132389833336,37,,08:40,19:40
42092141,시티1,강릉-동해상사,5,5,4200554,해송삼거리,128.92513343525474,37.78843042396744,37,,08:40,19:40
42092141,시티1,강릉-동해상사,6,6,4200550,세인트존스호텔,128.9216970367292,37.79098344901958,37,,08:40,19:40
42092141,시티1,강릉-동해상사,7,7,4209998,강문해변,128.91631032849583,37.79540813828357,37,,08:40,19:40
42092141,시티1,강릉-동해상사,8,8,4201261,강문해변입구,128.9152492720649,37.794762154181576,37,,08:40,19:40
42092141,시티1,강릉-동해상사,9,9,4201267,경포호,128.91154424859525,37.79966287216199,37,,08:40,19:40
42092141,시티1,강릉-동해상사,10,10,4200323,경포해변,128.90582022350918,37.80466237027648,37,,08:40,19:40
42092141,시티1,강릉-동해상사,11,11,4200434,사근진해변,128.898597450209,37.812322584245415,37,,08:40,19:40
42092141,시티1,강릉-동해상사,12,12,4200436,순긋해변,128.89252003394913,37.81667547893821,37,,08:40,19:40
42092141,시티1,강릉-동해상사,13,13,4200438,순포해변,128.8909555032514,37.81845994015455,37,,08:40,19:40
42092141,시티1,강릉-동해상사,14,14,4200440,산대월리.순포,128.88547702493108,37.822903011074914,37,,08:40,19:40
42092141,시티1,강릉-동해상사,15,15,4200368,가둔지유적,128.882327030694,37.82527019767428,37,,08:40,19:40
42092141,시티1,강릉-동해상사,16,16,4200442,사천해변,128.87869491904522,37.828713817312966,37,,08:40,19:40
42092141,시티1,강릉-동해상사,17,17,4200444,사천캠핑장,128.87516834469744,37.831731302711255,37,,08:40,19:40
42092141,시티1,강릉-동해상사,18,18,4200447,사천물회거리,128.8757309061334,37.83810545841113,37,,08:40,19:40
42092141,시티1,강릉-동해상사,19,19,4202160,사천진바위섬,128.8764473285357,37.8406481132808,37,,08:40,19:40
42092141,시티1,강릉-동해상사,20,20,4209999,사천진해변,128.87344886491002,37.842977470664934,37,,08:40,19:40
42092141,시티1,강릉-동해상사,21,21,4202164,사천보헤미안커피,128.8676784641814,37.846752776517754,37,,08:40,19:40
42092141,시티1,강릉-동해상사,22,22,4200381,연곡소나무길,128.86219953750597,37.850074873961454,37,,08:40,19:40
42092141,시티1,강릉-동해상사,23,23,4200451,연곡해변,128.85309149153562,37.85745785808507,37,,08:40,19:40
42092141,시티1,강릉-동해상사,24,24,4201269,영진항,128.8478764921571,37.86744935186811,37,,08:40,19:40
42092141,시티1,강릉-동해상사,25,25,4201272,영진해변,128.84410671788726,37.87009887053988,37,,08:40,19:40
42092141,시티1,강릉-동해상사,26,26,4200539,해오름쉼터,128.8415292308554,37.871715916564284,37,,08:40,19:40
42092141,시티1,강릉-동해상사,27,27,4201274,도깨비촬영지,128.83366615521564,37.879702674494396,37,,08:40,19:40
42092141,시티1,강릉-동해상사,28,28,4201276,주문진수산시장,128.82844614486706,37.89014411628092,37,,08:40,19:40
42092141,시티1,강릉-동해상사,29,29,4200532,주문진항,128.8290758047728,37.892766657375546,37,,08:40,19:40
42092141,시티1,강릉-동해상사,30,30,4202175,큰방파제,128.83179865169402,37.89485760516111,37,,08:40,19:40
42092141,시티1,강릉-동해상사,31,31,4200522,게스트하우스거리,128.8339253329715,37.896167167389095,37,,08:40,19:40
42092141,시티1,강릉-동해상사,32,32,4201278,주문진등대,128.83413482750083,37.898607108297156,37,,08:40,19:40
42092141,시티1,강릉-동해상사,33,33,4200527,오리진항,128.8317491433552,37.9007448060665,37,,08:40,19:40
42092141,시티1,강릉-동해상사,34,34,4201280,더글로리촬영지,128.82924239568416,37.90441068117994,37,,08:40,19:40
42092141,시티1,강릉-동해상사,35,35,4200523,소돌해변,128.82357421556765,37.90742431202615,37,,08:40,19:40
42092141,시티1,강릉-동해상사,36,36,4200002,소돌해변입구,128.81905535960837,37.90780434670355,37,,08:40,19:40
42092141,시티1,강릉-동해상사,37,37,4200182,주문진해변,128.81704671925502,37.90944057885068,37,,08:40,19:40
42092141,시티1,강릉-동해상사,38,38,4200181,주문진해변,128.81692175696733,37.90940788063508,37,,08:40,19:40
42092141,시티1,강릉-동해상사,39,39,4200518,소돌해변,128.8237001059589,37.9072478711743,37,,08:40,19:40
42092141,시티1,강릉-동해상사,40,40,4201279,더글로리촬영지,128.82911039533775,37.904460082879105,37,,08:40,19:40
42092141,시티1,강릉-동해상사,41,41,4200536,오리진항,128.8317047746547,37.90064451287537,37,,08:40,19:40
42092141,시티1,강릉-동해상사,42,42,4201277,주문진등대,128.83402573057427,37.898641534767464,37,,08:40,19:40
42092141,시티1,강릉-동해상사,43,43,4200531,게스트하우스거리,128.83380690814315,37.89613511363595,37,,08:40,19:40
42092141,시티1,강릉-동해상사,44,44,4201275,주문진수산시장,128.82825290581502,37.88995969444888,37,,08:40,19:40
42092141,시티1,강릉-동해상사,45,45,4201273,도깨비촬영지,128.83285849096714,37.88049253785593,37,,08:40,19:40
42092141,시티1,강릉-동해상사,46,46,4200517,해오름쉼터,128.8414184387453,37.87167485028107,37,,08:40,19:40
42092141,시티1,강릉-동해상사,47,47,4201271,영진해변,128.84407553359966,37.870005012045354,37,,08:40,19:40
42092141,시티1,강릉-동해상사,48,48,4201270,영진항,128.84778900128174,37.86736001237831,37,,08:40,19:40
42092141,시티1,강릉-동해상사,49,49,4200450,연곡해변,128.8529783059013,37.85739414992972,37,,08:40,19:40
42092141,시티1,강릉-동해상사,50,50,4200509,연곡소나무길,128.8618386269624,37.85018703668437,37,,08:40,19:40
42092141,시티1,강릉-동해상사,51,51,4202163,사천보헤미안커피,128.86756687053622,37.84672399113912,37,,08:40,19:40
42092141,시티1,강릉-동해상사,52,52,4201268,사천진해변,128.87339749147367,37.84293833117085,37,,08:40,19:40
42092141,시티1,강릉-동해상사,53,53,4202159,사천진바위섬,128.87633882234948,37.84060226740597,37,,08:40,19:40
42092141,시티1,강릉-동해상사,54,54,4200449,사천물회거리,128.8755979856823,37.838072593350674,37,,08:40,19:40
42092141,시티1,강릉-동해상사,55,55,4200445,사천캠핑장,128.8750445298634,37.831686225915426,37,,08:40,19:40
42092141,시티1,강릉-동해상사,56,56,4200443,사천해변,128.87827311977188,37.82882341864164,37,,08:40,19:40
42092141,시티1,강릉-동해상사,57,57,4200369,가둔지유적,128.882153019297,37.82520493756786,37,,08:40,19:40
42092141,시티1,강릉-동해상사,58,58,4200441,산대월리.순포,128.88527417343033,37.822868850849,37,,08:40,19:40
42092141,시티1,강릉-동해상사,59,59,4200439,순포해변,128.8896479640838,37.81947984719446,37,,08:40,19:40
42092141,시티1,강릉-동해상사,60,60,4200437,순긋해변,128.89288352206873,37.81622289476459,37,,08:40,19:40
42092141,시티1,강릉-동해상사,61,61,4200435,사근진해변,128.89766129562162,37.81294729745145,37,,08:40,19:40
42092141,시티1,강릉-동해상사,62,62,4201242,경포해변,128.9052529004403,37.80440358093674,37,,08:40,19:40
42092141,시티1,강릉-동해상사,63,63,4201266,경포호,128.91144337577538,37.79931158521169,37,,08:40,19:40
42092141,시티1,강릉-동해상사,64,64,4200613,강문해변,128.91641678869786,37.79529298920251,37,,08:40,19:40
42092141,시티1,강릉-동해상사,65,65,4200549,세인트존스호텔,128.92167986735865,37.790864197302774,37,,08:40,19:40
42092141,시티1,강릉-동해상사,66,66,4200553,해송삼거리,128.9252087534945,37.78824187943356,37,,08:40,19:40
42092141,시티1,강릉-동해상사,67,67,4202169,신라모노그램,128.92993128709296,37.78509796814699,37,,08:40,19:40
42092141,시티1,강릉-동해상사,68,68,4201264,송정해변,128.93690998005923,37.77994173288209,37,,08:40,19:40
42092141,시티1,강릉-동해상사,69,69,4201262,안목해변,128.9453268042541,37.77365094131008,37,,08:40,19:40
42092141,시티1,강릉-동해상사,70,70,4200244,안목커피거리,128.94578809167245,37.77230230429985,37,,08:40,19:40
42002141,시티1,강릉-동진버스,1,1,4201057,안목커피거리,128.94590416266868,37.77225695392567,37,,08:00,19:20
42002141,시티1,강릉-동진버스,2,2,4201263,안목해변,128.94493768408068,37.774178194287636,37,,08:00,19:20
42002141,시티1,강릉-동진버스,3,3,4201265,송정해변,128.937243026154,37.779799396228796,37,,08:00,19:20
42002141,시티1,강릉-동진버스,4,4,4202170,신라모노그램,128.92998485011893,37.785132389833336,37,,08:00,19:20
42002141,시티1,강릉-동진버스,5,5,4200554,해송삼거리,128.92513343525474,37.78843042396744,37,,08:00,19:20
42002141,시티1,강릉-동진버스,6,6,4200550,세인트존스호텔,128.9216970367292,37.79098344901958,37,,08:00,19:20
42002141,시티1,강릉-동진버스,7,7,4209998,강문해변,128.91631032849583,37.79540813828357,37,,08:00,19:20
42002141,시티1,강릉-동진버스,8,8,4201261,강문해변입구,128.9152492720649,37.794762154181576,37,,08:00,19:20
42002141,시티1,강릉-동진버스,9,9,4201267,경포호,128.91154424859525,37.79966287216199,37,,08:00,19:20
42002141,시티1,강릉-동진버스,10,10,4200323,경포해변,128.90582022350918,37.80466237027648,37,,08:00,19:20
42002141,시티1,강릉-동진버스,11,11,4200434,사근진해변,128.898597450209,37.812322584245415,37,,08:00,19:20
42002141,시티1,강릉-동진버스,12,12,4200436,순긋해변,128.89252003394913,37.81667547893821,37,,08:00,19:20
42002141,시티1,강릉-동진버스,13,13,4200438,순포해변,128.8909555032514,37.81845994015455,37,,08:00,19:20
42002141,시티1,강릉-동진버스,14,14,4200440,산대월리.순포,128.88547702493108,37.822903011074914,37,,08:00,19:20
42002141,시티1,강릉-동진버스,15,15,4200368,가둔지유적,128.882327030694,37.82527019767428,37,,08:00,19:20
42002141,시티1,강릉-동진버스,16,16,4200442,사천해변,128.87869491904522,37.828713817312966,37,,08:00,19:20
42002141,시티1,강릉-동진버스,17,17,4200444,사천캠핑장,128.87516834469744,37.831731302711255,37,,08:00,19:20
42002141,시티1,강릉-동진버스,18,18,4200447,사천물회거리,128.8757309061334,37.83810545841113,37,,08:00,19:20
42002141,시티1,강릉-동진버스,19,19,4202160,사천진바위섬,128.8764473285357,37.8406481132808,37,,08:00,19:20
42002141,시티1,강릉-동진버스,20,20,4209999,사천진해변,128.87344886491002,37.842977470664934,37,,08:00,19:20
42002141,시티1,강릉-동진버스,21,21,4202164,사천보헤미안커피,128.8676784641814,37.846752776517754,37,,08:00,19:20
42002141,시티1,강릉-동진버스,22,22,4200381,연곡소나무길,128.86219953750597,37.850074873961454,37,,08:00,19:20
42002141,시티1,강릉-동진버스,23,23,4200451,연곡해변,128.85309149153562,37.85745785808507,37,,08:00,19:20
42002141,시티1,강릉-동진버스,24,24,4201269,영진항,128.8478764921571,37.86744935186811,37,,08:00,19:20
42002141,시티1,강릉-동진버스,25,25,4201272,영진해변,128.84410671788726,37.87009887053988,37,,08:00,19:20
42002141,시티1,강릉-동진버스,26,26,4200539,해오름쉼터,128.8415292308554,37.871715916564284,37,,08:00,19:20
42002141,시티1,강릉-동진버스,27,27,4201274,도깨비촬영지,128.83366615521564,37.879702674494396,37,,08:00,19:20
42002141,시티1,강릉-동진버스,28,28,4201276,주문진수산시장,128.82844614486706,37.89014411628092,37,,08:00,19:20
42002141,시티1,강릉-동진버스,29,29,4200532,주문진항,128.8290758047728,37.892766657375546,37,,08:00,19:20
42002141,시티1,강릉-동진버스,30,30,4202175,큰방파제,128.83179865169402,37.89485760516111,37,,08:00,19:20
42002141,시티1,강릉-동진버스,31,31,4200522,게스트하우스거리,128.8339253329715,37.896167167389095,37,,08:00,19:20
42002141,시티1,강릉-동진버스,32,32,4201278,주문진등대,128.83413482750083,37.898607108297156,37,,08:00,19:20
42002141,시티1,강릉-동진버스,33,33,4200527,오리진항,128.8317491433552,37.9007448060665,37,,08:00,19:20
42002141,시티1,강릉-동진버스,34,34,4201280,더글로리촬영지,128.82924239568416,37.90441068117994,37,,08:00,19:20
42002141,시티1,강릉-동진버스,35,35,4200523,소돌해변,128.82357421556765,37.90742431202615,37,,08:00,19:20
42002141,시티1,강릉-동진버스,36,36,4200002,소돌해변입구,128.81905535960837,37.90780434670355,37,,08:00,19:20
42002141,시티1,강릉-동진버스,37,37,4200182,주문진해변,128.81704671925502,37.90944057885068,37,,08:00,19:20
42002141,시티1,강릉-동진버스,38,38,4200181,주문진해변,128.81692175696733,37.90940788063508,37,,08:00,19:20
42002141,시티1,강릉-동진버스,39,39,4200518,소돌해변,128.8237001059589,37.9072478711743,37,,08:00,19:20
42002141,시티1,강릉-동진버스,40,40,4201279,더글로리촬영지,128.82911039533775,37.904460082879105,37,,08:00,19:20
42002141,시티1,강릉-동진버스,41,41,4200536,오리진항,128.8317047746547,37.90064451287537,37,,08:00,19:20
42002141,시티1,강릉-동진버스,42,42,4201277,주문진등대,128.83402573057427,37.898641534767464,37,,08:00,19:20
42002141,시티1,강릉-동진버스,43,43,4200531,게스트하우스거리,128.83380690814315,37.89613511363595,37,,08:00,19:20
42002141,시티1,강릉-동진버스,44,44,4201275,주문진수산시장,128.82825290581502,37.88995969444888,37,,08:00,19:20
42002141,시티1,강릉-동진버스,45,45,4201273,도깨비촬영지,128.83285849096714,37.88049253785593,37,,08:00,19:20
42002141,시티1,강릉-동진버스,46,46,4200517,해오름쉼터,128.8414184387453,37.87167485028107,37,,08:00,19:20
42002141,시티1,강릉-동진버스,47,47,4201271,영진해변,128.84407553359966,37.870005012045354,37,,08:00,19:20
42002141,시티1,강릉-동진버스,48,48,4201270,영진항,128.84778900128174,37.86736001237831,37,,08:00,19:20
42002141,시티1,강릉-동진버스,49,49,4200450,연곡해변,128.8529783059013,37.85739414992972,37,,08:00,19:20
42002141,시티1,강릉-동진버스,50,50,4200509,연곡소나무길,128.8618386269624,37.85018703668437,37,,08:00,19:20
42002141,시티1,강릉-동진버스,51,51,4202163,사천보헤미안커피,128.86756687053622,37.84672399113912,37,,08:00,19:20
42002141,시티1,강릉-동진버스,52,52,4201268,사천진해변,128.87339749147367,37.84293833117085,37,,08:00,19:20
42002141,시티1,강릉-동진버스,53,53,4202159,사천진바위섬,128.87633882234948,37.84060226740597,37,,08:00,19:20
42002141,시티1,강릉-동진버스,54,54,4200449,사천물회거리,128.8755979856823,37.838072593350674,37,,08:00,19:20
42002141,시티1,강릉-동진버스,55,55,4200445,사천캠핑장,128.8750445298634,37.831686225915426,37,,08:00,19:20
42002141,시티1,강릉-동진버스,56,56,4200443,사천해변,128.87827311977188,37.82882341864164,37,,08:00,19:20
42002141,시티1,강릉-동진버스,57,57,4200369,가둔지유적,128.882153019297,37.82520493756786,37,,08:00,19:20
42002141,시티1,강릉-동진버스,58,58,4200441,산대월리.순포,128.88527417343033,37.822868850849,37,,08:00,19:20
42002141,시티1,강릉-동진버스,59,59,4200439,순포해변,128.8896479640838,37.81947984719446,37,,08:00,19:20
42002141,시티1,강릉-동진버스,60,60,4200437,순긋해변,128.89288352206873,37.81622289476459,37,,08:00,19:20
42002141,시티1,강릉-동진버스,61,61,4200435,사근진해변,128.89766129562162,37.81294729745145,37,,08:00,19:20
42002141,시티1,강릉-동진버스,62,62,4201242,경포해변,128.9052529004403,37.80440358093674,37,,08:00,19:20
42002141,시티1,강릉-동진버스,63,63,4201266,경포호,128.91144337577538,37.79931158521169,37,,08:00,19:20
42002141,시티1,강릉-동진버스,64,64,4200613,강문해변,128.91641678869786,37.79529298920251,37,,08:00,19:20
42002141,시티1,강릉-동진버스,65,65,4200549,세인트존스호텔,128.92167986735865,37.790864197302774,37,,08:00,19:20
42002141,시티1,강릉-동진버스,66,66,4200553,해송삼거리,128.9252087534945,37.78824187943356,37,,08:00,19:20
42002141,시티1,강릉-동진버스,67,67,4202169,신라모노그램,128.92993128709296,37.78509796814699,37,,08:00,19:20
42002141,시티1,강릉-동진버스,68,68,4201264,송정해변,128.93690998005923,37.77994173288209,37,,08:00,19:20
42002141,시티1,강릉-동진버스,69,69,4201262,안목해변,128.9453268042541,37.77365094131008,37,,08:00,19:20
42002141,시티1,강릉-동진버스,70,70,4200244,안목커피거리,128.94578809167245,37.77230230429985,37,,08:00,19:20
42002002,102 (운행 중단),강릉-동진버스,1,1,4200281,안목.강릉항,128.94934241574012,37.770520507065875,50,,,
42002002,102 (운행 중단),강릉-동진버스,2,2,4201043,안목,128.94526892930932,37.77285146151794,50,,,
42002002,102 (운행 중단),강릉-동진버스,3,3,4201386,송정한신아파트후문,128.93962441064605,37.773612640324636,50,,,
42002002,102 (운행 중단),강릉-동진버스,4,4,4200276,송정한신아파트입구,128.93668274097607,37.7740287226972,50,,,
42002002,102 (운행 중단),강릉-동진버스,5,5,4200274,송정노인회관,128.93141909498914,37.77512821569013,50,,,
42002002,102 (운행 중단),강릉-동진버스,6,6,4200272,송정동주민센터,128.92775106138072,37.77430053196711,50,,,
42002002,102 (운행 중단),강릉-동진버스,7,7,4200270,이마트,128.92290403192536,37.77218493598484,50,,,
42002002,102 (운행 중단),강릉-동진버스,8,8,4200268,삼우은성아파트,128.91881978171756,37.77007704319862,50,,,
42002002,102 (운행 중단),강릉-동진버스,9,9,4200266,혜성연립,128.9154402649905,37.76852760326643,50,,,
42002002,102 (운행 중단),강릉-동진버스,10,10,4200264,구)동해상사,128.91165113985977,37.76683747950902,50,,,
42002002,102 (운행 중단),강릉-동진버스,11,11,4200262,로얄아파트.포남1동주민센터,128.90933288179943,37.76545703763149,50,,,
42002002,102 (운행 중단),강릉-동진버스,12,12,4200318,포남시장,128.90766061502285,37.76392281820552,50,,,
42002002,102 (운행 중단),강릉-동진버스,13,13,4200259,용지각,128.90537716328666,37.76184119439877,50,,,
42002002,102 (운행 중단),강릉-동진버스,14,14,4200257,옥천119안전센터,128.90305174420297,37.761041080134646,50,,,
42002002,102 (운행 중단),강릉-동진버스,15,15,4200721,강릉역,128.8992580056024,37.76416330670135,50,,,
42002002,102 (운행 중단),강릉-동진버스,16,16,4200315,구터미널,128.8988430353628,37.76163002626936,50,,,
42002002,102 (운행 중단),강릉-동진버스,17,17,4201037,말나눔터공원,128.8946789617544,37.758644529934365,50,,,
42002002,102 (운행 중단),강릉-동진버스,18,18,4200114,고용센터,128.88893105798073,37.75744085258255,50,,,
42002002,102 (운행 중단),강릉-동진버스,19,19,4200116,적십자입구,128.88726321660565,37.757196360936135,50,,,
42002002,102 (운행 중단),강릉-동진버스,20,20,4200118,터미널오거리,128.8840640923818,37.75608209292866,50,,,
42002002,102 (운행 중단),강릉-동진버스,21,21,4200750,강릉시청앞,128.88013307678156,37.753651204654936,50,,,
42002002,102 (운행 중단),강릉-동진버스,22,22,4200121,강릉시외.고속터미널,128.87911620808939,37.75486594086855,50,,,
42002002,102 (운행 중단),강릉-동진버스,23,23,4200119,터미널오거리,128.88381140539954,37.755579088211434,50,,,
42002002,102 (운행 중단),강릉-동진버스,24,24,4200117,적십자입구,128.88647213220725,37.75676623567213,50,,,
42002002,102 (운행 중단),강릉-동진버스,25,25,4200115,고용센터,128.8890663454416,37.75714942132559,50,,,
42002002,102 (운행 중단),강릉-동진버스,26,26,4200249,용강동서부시장,128.89167287030088,37.75492247590215,50,,,
42002002,102 (운행 중단),강릉-동진버스,27,27,4200252,신영극장,128.8961287589657,37.75448236011555,50,,,
42002002,102 (운행 중단),강릉-동진버스,28,28,4201199,남대천.강릉교,128.9010687000649,37.75417893755025,50,,,
42002002,102 (운행 중단),강릉-동진버스,29,29,4201197,강릉중입구,128.9042740269736,37.752586182446684,50,,,
42002002,102 (운행 중단),강릉-동진버스,30,30,4201195,노암현대아파트,128.9064519321124,37.750397397899654,50,,,
42002002,102 (운행 중단),강릉-동진버스,31,31,4200792,부흥마을,128.90633218029933,37.74678151751788,50,,,
42002002,102 (운행 중단),강릉-동진버스,32,32,4200736,똑갑재,128.9084947975427,37.742997829596284,50,,,
42002002,102 (운행 중단),강릉-동진버스,33,33,4200680,유산동노인회관,128.90975279156388,37.73997249911831,50,,,
42002002,102 (운행 중단),강릉-동진버스,34,34,4200678,유산민물장어,128.9117917615037,37.73586343058287,50,,,
42002002,102 (운행 중단),강릉-동진버스,35,35,4200676,박월동마을회관,128.9141099667606,37.7303231623845,50,,,
42002002,102 (운행 중단),강릉-동진버스,36,36,4200674,버들교,128.9179091300679,37.722227707735385,50,,,
42002002,102 (운행 중단),강릉-동진버스,37,37,4200672,금광리성황당,128.91735327783445,37.717909805835454,50,,,
42002002,102 (운행 중단),강릉-동진버스,38,38,4200670,하이샤시,128.91718137940222,37.71406745689133,50,,,
42002002,102 (운행 중단),강릉-동진버스,39,39,4200668,금광교회입구,128.91734376603898,37.7117034048731,50,,,
42002002,102 (운행 중단),강릉-동진버스,40,40,4201385,금광1리마을회관,128.91594038830377,37.70955296171714,50,,,
42002002,102 (운행 중단),강릉-동진버스,41,41,4200666,금광삼거리,128.91521668110562,37.70911511431863,50,,,
42002002,102 (운행 중단),강릉-동진버스,42,42,4200664,학산기갑부대앞,128.9059307650165,37.71218874629587,50,,,
42002002,102 (운행 중단),강릉-동진버스,43,43,4200661,학산부대앞,128.9019476905442,37.7115824967992,50,,,
42002002,102 (운행 중단),강릉-동진버스,44,44,4200660,해찬들,128.9016482334898,37.707080017547234,50,,,
42002002,102 (운행 중단),강릉-동진버스,45,45,4200658,학산3리마을회관,128.9032366866668,37.70451960385839,50,,,
42002002,102 (운행 중단),강릉-동진버스,46,46,4200656,내곡과수원,128.9017164423086,37.70199871134109,50,,,
42002002,102 (운행 중단),강릉-동진버스,47,47,4200654,남강릉IC입구,128.9004512852528,37.70007553036854,50,,,
42002002,102 (운행 중단),강릉-동진버스,48,48,4200652,어단1리,128.89835375718442,37.69689880719406,50,,,
42002002,102 (운행 중단),강릉-동진버스,49,49,4200650,강릉자동차극장,128.89662514456037,37.69318993028765,50,,,
42002002,102 (운행 중단),강릉-동진버스,50,50,4200648,어단리.법왕사,128.89523586027252,37.689105321389235,50,,,
42002002,102 (운행 중단),강릉-동진버스,51,51,4200646,어단1리성황당,128.8998102046769,37.691407412019785,50,,,
42002002,102 (운행 중단),강릉-동진버스,52,52,4200644,어단1리마을회관,128.90166199367852,37.69299424582564,50,,,
42002002,102 (운행 중단),강릉-동진버스,53,53,4200642,한빛마을입구,128.90709305020837,37.69401534995285,50,,,
42002002,102 (운행 중단),강릉-동진버스,54,54,4200640,어단2리마을회관,128.91152104480037,37.696373262130535,50,,,
42002002,102 (운행 중단),강릉-동진버스,55,55,4200638,천주교회,128.91475255178224,37.69917256372598,50,,,
42002002,102 (운행 중단),강릉-동진버스,56,56,4200636,금광리1반,128.91440542620646,37.702215446502585,50,,,
42002002,102 (운행 중단),강릉-동진버스,57,57,4200634,소양가든,128.91482886328737,37.70544797167058,50,,,
42002002,102 (운행 중단),강릉-동진버스,58,58,4200632,금광정미소,128.9154068776427,37.70823176641904,50,,,
42002002,102 (운행 중단),강릉-동진버스,59,59,4200628,금광1리마을회관,128.91600348378523,37.70952097409381,50,,,
42002002,102 (운행 중단),강릉-동진버스,60,60,4200667,금광교회입구,128.91743884657853,37.711688785639396,50,,,
42002002,102 (운행 중단),강릉-동진버스,61,61,4200669,하이샤시,128.91728256074563,37.71407658570209,50,,,
42002002,102 (운행 중단),강릉-동진버스,62,62,4200671,금광리성황당,128.9174498206258,37.717903115802514,50,,,
42002002,102 (운행 중단),강릉-동진버스,63,63,4200673,버들교,128.91800220365803,37.72225137691791,50,,,
42002002,102 (운행 중단),강릉-동진버스,64,64,4200675,박월동마을회관,128.91430313467623,37.73038001057271,50,,,
42002002,102 (운행 중단),강릉-동진버스,65,65,4200677,유산민물장어,128.91188581173668,37.73590297036683,50,,,
42002002,102 (운행 중단),강릉-동진버스,66,66,4200679,유산동노인회관,128.9098408904697,37.73999573125917,50,,,
42002002,102 (운행 중단),강릉-동진버스,67,67,4200735,똑갑재,128.9083233266339,37.74372779918021,50,,,
42002002,102 (운행 중단),강릉-동진버스,68,68,4200791,부흥마을,128.90637359052232,37.746896583401664,50,,,
42002002,102 (운행 중단),강릉-동진버스,69,69,4201194,병무청,128.90730907557136,37.749719639382455,50,,,
42002002,102 (운행 중단),강릉-동진버스,70,70,4201196,강릉중입구,128.90469921141985,37.752586496675974,50,,,
42002002,102 (운행 중단),강릉-동진버스,71,71,4201198,남대천.강릉교,128.9010015999516,37.75454267936518,50,,,
42002002,102 (운행 중단),강릉-동진버스,72,72,4200094,강릉여고,128.90248424479844,37.75904463050879,50,,,
42002002,102 (운행 중단),강릉-동진버스,73,73,4200258,용지각,128.90534669055177,37.76147384168322,50,,,
42002002,102 (운행 중단),강릉-동진버스,74,74,4200260,동남아파트,128.9088062489658,37.764638779656714,50,,,
42002002,102 (운행 중단),강릉-동진버스,75,75,4200049,남강초교,128.91338089940805,37.76735161096919,50,,,
42002002,102 (운행 중단),강릉-동진버스,76,76,4200265,혜성연립,128.91575952067353,37.76841531999017,50,,,
42002002,102 (운행 중단),강릉-동진버스,77,77,4200267,삼우은성아파트,128.91973659122027,37.77025900516923,50,,,
42002002,102 (운행 중단),강릉-동진버스,78,78,4200269,이마트,128.92346774482266,37.772222356268564,50,,,
42002002,102 (운행 중단),강릉-동진버스,79,79,4200271,송정동주민센터,128.9281580126049,37.77420386430584,50,,,
42002002,102 (운행 중단),강릉-동진버스,80,80,4200273,송정신원아침도시,128.93190852770562,37.774810233413945,50,,,
42002002,102 (운행 중단),강릉-동진버스,81,81,4200275,송정한신아파트입구,128.93667614488956,37.77380916737768,50,,,
42002002,102 (운행 중단),강릉-동진버스,82,82,4200263,송정한신아파트후문,128.9386138022858,37.773558747641985,50,,,
42002002,102 (운행 중단),강릉-동진버스,83,83,4201044,안목커피거리,128.94543559396536,37.77260342997581,50,,,
42002002,102 (운행 중단),강릉-동진버스,84,84,4201040,안목.강릉항,128.94944155473152,37.77036079213364,50,,,
42002004,104,강릉-동진버스,1,1,4201043,안목,128.94526892930932,37.77285146151794,40,,07:12,08:00
42002004,104,강릉-동진버스,2,2,4201427,오션시티아이파크,128.94172063887467,37.77534012183183,40,,07:12,08:00
42002004,104,강릉-동진버스,3,3,4200280,송정해변,128.9381119893655,37.77768849372205,40,,07:12,08:00
42002004,104,강릉-동진버스,4,4,4200055,해당화연립,128.93501598562065,37.778964657496246,40,,07:12,08:00
42002004,104,강릉-동진버스,5,5,4200053,오성학교,128.93312248716418,37.77978287851338,40,,07:12,08:00
42002004,104,강릉-동진버스,6,6,4200052,송정래미안,128.93038982126572,37.78292573478735,40,,07:12,08:00
42002004,104,강릉-동진버스,7,7,4202172,신라모노그램,128.92730314100064,37.78470637599459,40,,07:12,08:00
42002004,104,강릉-동진버스,8,8,4201233,초당분수공원,128.9221385517862,37.785996929695614,40,,07:12,08:00
42002004,104,강릉-동진버스,9,9,4200101,강릉고입구,128.92013482012848,37.783607089094346,40,,07:12,08:00
42002004,104,강릉-동진버스,10,10,4200288,경포고교,128.91881546540267,37.78075927662396,40,,07:12,08:00
42002004,104,강릉-동진버스,11,11,4201220,포남2주공입구,128.9179885478381,37.77901498558293,40,,07:12,08:00
42002004,104,강릉-동진버스,12,12,4200104,동명중학교,128.91637238303827,37.777185998905715,40,,07:12,08:00
42002004,104,강릉-동진버스,13,13,4200289,한솔초교,128.9142086436632,37.775058134113436,40,,07:12,08:00
42002004,104,강릉-동진버스,14,14,4200106,KT,128.91181164590185,37.77275858732733,40,,07:12,08:00
42002004,104,강릉-동진버스,15,15,4200108,동인병원입구,128.90953558421478,37.77125258486367,40,,07:12,08:00
42002004,104,강릉-동진버스,16,16,4200110,하슬라중,128.90715554439282,37.77053362559672,40,,07:12,08:00
42002004,104,강릉-동진버스,17,17,4200112,강릉관광개발공사,128.9085231695166,37.76800046518587,40,,07:12,08:00
42002004,104,강릉-동진버스,18,18,4200262,로얄아파트.포남1동주민센터,128.90933288179943,37.76545703763149,40,,07:12,08:00
42002004,104,강릉-동진버스,19,19,4200318,포남시장,128.90766061502285,37.76392281820552,40,,07:12,08:00
42002004,104,강릉-동진버스,20,20,4200259,용지각,128.90537716328666,37.76184119439877,40,,07:12,08:00
42002004,104,강릉-동진버스,21,21,4200095,한국자산관리공사,128.90111921880606,37.75827929877246,40,,07:12,08:00
42002004,104,강릉-동진버스,22,22,4200253,교보생명,128.89811415297848,37.756002485379526,40,,07:12,08:00
42002004,104,강릉-동진버스,23,23,4200251,한국은행,128.89406630781096,37.753485602290496,40,,07:12,08:00
42002004,104,강릉-동진버스,24,24,4200852,강릉대도호부관아,128.8916610029413,37.75117323796815,40,,07:12,08:00
42002004,104,강릉-동진버스,25,25,4200850,강릉의료원,128.88880799404643,37.748819708567,40,,07:12,08:00
42002004,104,강릉-동진버스,26,26,4200001,내곡교,128.88717490623026,37.74653766880734,40,,07:12,08:00
42002004,104,강릉-동진버스,27,27,4200361,보건소,128.8822115594926,37.743635964592464,40,,07:12,08:00
42002004,104,강릉-동진버스,28,28,4200360,하나로마트내곡점,128.88016921110417,37.740597240336115,40,,07:12,08:00
42002004,104,강릉-동진버스,29,29,4200799,내곡동주민센터,128.88038166245803,37.73840220332427,40,,07:12,08:00
42002004,104,강릉-동진버스,30,30,4200801,기산아파트,128.8795888615329,37.73406712685544,40,,07:12,08:00
42002004,104,강릉-동진버스,31,31,4200803,농협창고,128.87887127233301,37.73227146178355,40,,07:12,08:00
42002004,104,강릉-동진버스,32,32,4200805,프라자약국,128.8789292364003,37.728699480498165,40,,07:12,08:00
42002004,104,강릉-동진버스,33,33,4200807,자조와리,128.87870578002008,37.72632672967291,40,,07:12,08:00
42002004,104,강릉-동진버스,34,34,4200809,문화마을,128.88033505218718,37.72293252489115,40,,07:12,08:00
42002004,104,강릉-동진버스,35,35,4200811,구정자율방범대,128.88237819871995,37.72033853165244,40,,07:12,08:00
42002004,104,강릉-동진버스,36,36,4200813,구정면사무소,128.87999133744066,37.71800809783438,40,,07:12,08:00
42002004,104,강릉-동진버스,37,37,4200815,오뚜기물류서비스,128.8777698382652,37.71622341645464,40,,07:12,08:00
42002004,104,강릉-동진버스,38,38,4200817,성황당,128.87341590911527,37.71242819076422,40,,07:12,08:00
42002004,104,강릉-동진버스,39,39,4200820,구정마을회관,128.87139646095704,37.71008533483099,40,,07:12,08:00
42002004,104,강릉-동진버스,40,40,4200823,솔향수목원입구,128.86937194102438,37.70931046077696,40,,07:12,08:00
42002004,104,강릉-동진버스,41,41,4200822,솔향수목원입구,128.8693376080556,37.70921581710481,40,,07:12,08:00
42002004,104,강릉-동진버스,42,42,4200821,구정마을회관,128.87144937425245,37.71002947764621,40,,07:12,08:00
42002004,104,강릉-동진버스,43,43,4200818,성황당,128.8735164959862,37.712407011021696,40,,07:12,08:00
42002004,104,강릉-동진버스,44,44,4200816,오뚜기물류서비스,128.87782869819907,37.71615014292806,40,,07:12,08:00
42002004,104,강릉-동진버스,45,45,4200814,구정면사무소,128.88002787863965,37.71794143004597,40,,07:12,08:00
42002004,104,강릉-동진버스,46,46,4200812,구정보건지소,128.88246310473926,37.72030864287925,40,,07:12,08:00
42002004,104,강릉-동진버스,47,47,4200810,문화마을,128.88042620487306,37.72295333667196,40,,07:12,08:00
42002004,104,강릉-동진버스,48,48,4200808,자조와리,128.8787893136159,37.726283262247435,40,,07:12,08:00
42002004,104,강릉-동진버스,49,49,4200806,프라자약국,128.87901214606964,37.728760157474696,40,,07:12,08:00
42002004,104,강릉-동진버스,50,50,4200804,농협창고,128.87906447230628,37.732212820532425,40,,07:12,08:00
42002004,104,강릉-동진버스,51,51,4200802,기산아파트,128.87993356966643,37.73422591779592,40,,07:12,08:00
42002004,104,강릉-동진버스,52,52,4200800,내곡동주민센터,128.88065784045662,37.7384607745783,40,,07:12,08:00
42002004,104,강릉-동진버스,53,53,4200359,하나로마트내곡점,128.88026417146904,37.7410809708167,40,,07:12,08:00
42002004,104,강릉-동진버스,54,54,4200065,보건소,128.8829859719751,37.74393637256719,40,,07:12,08:00
42002004,104,강릉-동진버스,55,55,4200358,삼창그린맨션,128.88749893563826,37.744743384730015,40,,07:12,08:00
42002004,104,강릉-동진버스,56,56,4200357,내곡교,128.88814500034871,37.745625057468914,40,,07:12,08:00
42002004,104,강릉-동진버스,57,57,4200851,강릉의료원,128.89091430945297,37.74975576653371,40,,07:12,08:00
42002004,104,강릉-동진버스,58,58,4200853,강릉대도호부관아,128.89234522879923,37.75163825691615,40,,07:12,08:00
42002004,104,강릉-동진버스,59,59,4200252,신영극장,128.8961287589657,37.75448236011555,40,,07:12,08:00
42002004,104,강릉-동진버스,60,60,4200094,강릉여고,128.90248424479844,37.75904463050879,40,,07:12,08:00
42002004,104,강릉-동진버스,61,61,4200258,용지각,128.90534669055177,37.76147384168322,40,,07:12,08:00
42002004,104,강릉-동진버스,62,62,4200260,동남아파트,128.9088062489658,37.764638779656714,40,,07:12,08:00
42002004,104,강릉-동진버스,63,63,4200113,강릉관광개발공사,128.90865897771857,37.76820323697218,40,,07:12,08:00
42002004,104,강릉-동진버스,64,64,4200111,하슬라중,128.90761293140218,37.77043125987649,40,,07:12,08:00
42002004,104,강릉-동진버스,65,65,4200109,동인병원입구,128.9094857690125,37.77102450992961,40,,07:12,08:00
42002004,104,강릉-동진버스,66,66,4200107,KT,128.9125052185983,37.77309475265464,40,,07:12,08:00
42002004,104,강릉-동진버스,67,67,4200290,한솔초교,128.91448068318238,37.77500059793141,40,,07:12,08:00
42002004,104,강릉-동진버스,68,68,4200105,동명중학교,128.9161008666347,37.77658681943468,40,,07:12,08:00
42002004,104,강릉-동진버스,69,69,4201236,포남2주공입구,128.91810027987142,37.77873395771816,40,,07:12,08:00
42002004,104,강릉-동진버스,70,70,4200103,경포고교,128.9190546436117,37.78057981084284,40,,07:12,08:00
42002004,104,강릉-동진버스,71,71,4200102,강릉고입구,128.92044843215433,37.78352944320342,40,,07:12,08:00
42002004,104,강릉-동진버스,72,72,4201234,초당분수공원,128.92421540479356,37.78614360918137,40,,07:12,08:00
42002004,104,강릉-동진버스,73,73,4202171,신라모노그램,128.92766337576,37.78423838201166,40,,07:12,08:00
42002004,104,강릉-동진버스,74,74,4200051,송정래미안,128.93021609974548,37.78282723196739,40,,07:12,08:00
42002004,104,강릉-동진버스,75,75,4200054,삼익아파트,128.93336344346523,37.7794509217129,40,,07:12,08:00
42002004,104,강릉-동진버스,76,76,4200056,해당화연립,128.9356053065312,37.7785328972295,40,,07:12,08:00
42002004,104,강릉-동진버스,77,77,4200279,신도브래뉴,128.93862914925478,37.77730338810464,40,,07:12,08:00
42002004,104,강릉-동진버스,78,78,4201428,오션시티아이파크,128.94156983542882,37.775150292669956,40,,07:12,08:00
42002004,104,강릉-동진버스,79,79,4201044,안목커피거리,128.94543559396536,37.77260342997581,40,,07:12,08:00
42002005,104-1,강릉-동진버스,1,1,4201043,안목,128.94526892930932,37.77285146151794,44,,09:05,18:05
42002005,104-1,강릉-동진버스,2,2,4201427,오션시티아이파크,128.94172063887467,37.77534012183183,44,,09:05,18:05
42002005,104-1,강릉-동진버스,3,3,4200280,송정해변,128.9381119893655,37.77768849372205,44,,09:05,18:05
42002005,104-1,강릉-동진버스,4,4,4200055,해당화연립,128.93501598562065,37.778964657496246,44,,09:05,18:05
42002005,104-1,강릉-동진버스,5,5,4200053,오성학교,128.93312248716418,37.77978287851338,44,,09:05,18:05
42002005,104-1,강릉-동진버스,6,6,4200052,송정래미안,128.93038982126572,37.78292573478735,44,,09:05,18:05
42002005,104-1,강릉-동진버스,7,7,4202172,신라모노그램,128.92730314100064,37.78470637599459,44,,09:05,18:05
42002005,104-1,강릉-동진버스,8,8,4201233,초당분수공원,128.9221385517862,37.785996929695614,44,,09:05,18:05
42002005,104-1,강릉-동진버스,9,9,4200101,강릉고입구,128.92013482012848,37.783607089094346,44,,09:05,18:05
42002005,104-1,강릉-동진버스,10,10,4200288,경포고교,128.91881546540267,37.78075927662396,44,,09:05,18:05
42002005,104-1,강릉-동진버스,11,11,4201220,포남2주공입구,128.9179885478381,37.77901498558293,44,,09:05,18:05
42002005,104-1,강릉-동진버스,12,12,4200104,동명중학교,128.91637238303827,37.777185998905715,44,,09:05,18:05
42002005,104-1,강릉-동진버스,13,13,4200289,한솔초교,128.9142086436632,37.775058134113436,44,,09:05,18:05
42002005,104-1,강릉-동진버스,14,14,4200106,KT,128.91181164590185,37.77275858732733,44,,09:05,18:05
42002005,104-1,강릉-동진버스,15,15,4200108,동인병원입구,128.90953558421478,37.77125258486367,44,,09:05,18:05
42002005,104-1,강릉-동진버스,16,16,4200110,하슬라중,128.90715554439282,37.77053362559672,44,,09:05,18:05
42002005,104-1,강릉-동진버스,17,17,4200112,강릉관광개발공사,128.9085231695166,37.76800046518587,44,,09:05,18:05
42002005,104-1,강릉-동진버스,18,18,4200262,로얄아파트.포남1동주민센터,128.90933288179943,37.76545703763149,44,,09:05,18:05
42002005,104-1,강릉-동진버스,19,19,4200318,포남시장,128.90766061502285,37.76392281820552,44,,09:05,18:05
42002005,104-1,강릉-동진버스,20,20,4200259,용지각,128.90537716328666,37.76184119439877,44,,09:05,18:05
42002005,104-1,강릉-동진버스,21,21,4200095,한국자산관리공사,128.90111921880606,37.75827929877246,44,,09:05,18:05
42002005,104-1,강릉-동진버스,22,22,4200253,교보생명,128.89811415297848,37.756002485379526,44,,09:05,18:05
42002005,104-1,강릉-동진버스,23,23,4200251,한국은행,128.89406630781096,37.753485602290496,44,,09:05,18:05
42002005,104-1,강릉-동진버스,24,24,4200852,강릉대도호부관아,128.8916610029413,37.75117323796815,44,,09:05,18:05
42002005,104-1,강릉-동진버스,25,25,4200850,강릉의료원,128.88880799404643,37.748819708567,44,,09:05,18:05
42002005,104-1,강릉-동진버스,26,26,4200001,내곡교,128.88717490623026,37.74653766880734,44,,09:05,18:05
42002005,104-1,강릉-동진버스,27,27,4200361,보건소,128.8822115594926,37.743635964592464,44,,09:05,18:05
42002005,104-1,강릉-동진버스,28,28,4200360,하나로마트내곡점,128.88016921110417,37.740597240336115,44,,09:05,18:05
42002005,104-1,강릉-동진버스,29,29,4200799,내곡동주민센터,128.88038166245803,37.73840220332427,44,,09:05,18:05
42002005,104-1,강릉-동진버스,30,30,4200801,기산아파트,128.8795888615329,37.73406712685544,44,,09:05,18:05
42002005,104-1,강릉-동진버스,31,31,4200803,농협창고,128.87887127233301,37.73227146178355,44,,09:05,18:05
42002005,104-1,강릉-동진버스,32,32,4200805,프라자약국,128.8789292364003,37.728699480498165,44,,09:05,18:05
42002005,104-1,강릉-동진버스,33,33,4200807,자조와리,128.87870578002008,37.72632672967291,44,,09:05,18:05
42002005,104-1,강릉-동진버스,34,34,4200809,문화마을,128.88033505218718,37.72293252489115,44,,09:05,18:05
42002005,104-1,강릉-동진버스,35,35,4200811,구정자율방범대,128.88237819871995,37.72033853165244,44,,09:05,18:05
42002005,104-1,강릉-동진버스,36,36,4200813,구정면사무소,128.87999133744066,37.71800809783438,44,,09:05,18:05
42002005,104-1,강릉-동진버스,37,37,4200815,오뚜기물류서비스,128.8777698382652,37.71622341645464,44,,09:05,18:05
42002005,104-1,강릉-동진버스,38,38,4200817,성황당,128.87341590911527,37.71242819076422,44,,09:05,18:05
42002005,104-1,강릉-동진버스,39,39,4200820,구정마을회관,128.87139646095704,37.71008533483099,44,,09:05,18:05
42002005,104-1,강릉-동진버스,40,40,4200823,솔향수목원입구,128.86937194102438,37.70931046077696,44,,09:05,18:05
42002005,104-1,강릉-동진버스,41,41,4200023,진골,128.863668793898,37.7068476306324,44,,09:05,18:05
42002005,104-1,강릉-동진버스,42,42,4200824,제비삼거리,128.8614786499892,37.70922991859699,44,,09:05,18:05
42002005,104-1,강릉-동진버스,43,43,4200829,신광사입구,128.85953628339269,37.70852190735515,44,,09:05,18:05
42002005,104-1,강릉-동진버스,44,44,4200826,제비리,128.85827155633717,37.70524685021708,44,,09:05,18:05
42002005,104-1,강릉-동진버스,45,45,4200828,신광사입구,128.85959135500886,37.70844237993537,44,,09:05,18:05
42002005,104-1,강릉-동진버스,46,46,4200825,제비삼거리,128.8615088123862,37.70915992717116,44,,09:05,18:05
42002005,104-1,강릉-동진버스,47,47,4200870,윗회산,128.8624600126061,37.71152374867891,44,,09:05,18:05
42002005,104-1,강릉-동진버스,48,48,4200830,등고비,128.86171284130654,37.716127363746615,44,,09:05,18:05
42002005,104-1,강릉-동진버스,49,49,4200832,제비1리마을회관,128.8621891338796,37.71968864008052,44,,09:05,18:05
42002005,104-1,강릉-동진버스,50,50,4200834,개화대,128.8608572684192,37.723176690790936,44,,09:05,18:05
42002005,104-1,강릉-동진버스,51,51,4200836,강원예술고교,128.8616868324728,37.72543906074348,44,,09:05,18:05
42002005,104-1,강릉-동진버스,52,52,4200838,제비리정미소,128.85946417278979,37.72991051863758,44,,09:05,18:05
42002005,104-1,강릉-동진버스,53,53,4200840,강일운수(회산한신더휴아파트),128.8635961632995,37.73687831617277,44,,09:05,18:05
42002005,104-1,강릉-동진버스,54,54,4200843,서희아파트,128.86634677134685,37.73976016715972,44,,09:05,18:05
42002005,104-1,강릉-동진버스,55,55,4200844,회산교,128.86938257728545,37.741799533605175,44,,09:05,18:05
42002005,104-1,강릉-동진버스,56,56,4200062,회산주공2단지,128.87633822960112,37.74368399842067,44,,09:05,18:05
42002005,104-1,강릉-동진버스,57,57,4200846,회산주공1단지,128.87934233274848,37.74463886683866,44,,09:05,18:05
42002005,104-1,강릉-동진버스,58,58,4201208,내곡한라아파트,128.88109989979574,37.744994216797494,44,,09:05,18:05
42002005,104-1,강릉-동진버스,59,59,4200848,내곡현대아파트,128.8834148503297,37.74546973753321,44,,09:05,18:05
42002005,104-1,강릉-동진버스,60,60,4200066,내곡교,128.88659128664105,37.74625364038564,44,,09:05,18:05
42002005,104-1,강릉-동진버스,61,61,4200851,강릉의료원,128.89091430945297,37.74975576653371,44,,09:05,18:05
42002005,104-1,강릉-동진버스,62,62,4200853,강릉대도호부관아,128.89234522879923,37.75163825691615,44,,09:05,18:05
42002005,104-1,강릉-동진버스,63,63,4200252,신영극장,128.8961287589657,37.75448236011555,44,,09:05,18:05
42002005,104-1,강릉-동진버스,64,64,4200094,강릉여고,128.90248424479844,37.75904463050879,44,,09:05,18:05
42002005,104-1,강릉-동진버스,65,65,4200258,용지각,128.90534669055177,37.76147384168322,44,,09:05,18:05
42002005,104-1,강릉-동진버스,66,66,4200260,동남아파트,128.9088062489658,37.764638779656714,44,,09:05,18:05
42002005,104-1,강릉-동진버스,67,67,4200113,강릉관광개발공사,128.90865897771857,37.76820323697218,44,,09:05,18:05
42002005,104-1,강릉-동진버스,68,68,4200111,하슬라중,128.90761293140218,37.77043125987649,44,,09:05,18:05
42002005,104-1,강릉-동진버스,69,69,4200109,동인병원입구,128.9094857690125,37.77102450992961,44,,09:05,18:05
42002005,104-1,강릉-동진버스,70,70,4200107,KT,128.9125052185983,37.77309475265464,44,,09:05,18:05
42002005,104-1,강릉-동진버스,71,71,4200290,한솔초교,128.91448068318238,37.77500059793141,44,,09:05,18:05
42002005,104-1,강릉-동진버스,72,72,4200105,동명중학교,128.9161008666347,37.77658681943468,44,,09:05,18:05
42002005,104-1,강릉-동진버스,73,73,4201236,포남2주공입구,128.91810027987142,37.77873395771816,44,,09:05,18:05
42002005,104-1,강릉-동진버스,74,74,4200103,경포고교,128.9190546436117,37.78057981084284,44,,09:05,18:05
42002005,104-1,강릉-동진버스,75,75,4200102,강릉고입구,128.92044843215433,37.78352944320342,44,,09:05,18:05
42002005,104-1,강릉-동진버스,76,76,4201234,초당분수공원,128.92421540479356,37.78614360918137,44,,09:05,18:05
42002005,104-1,강릉-동진버스,77,77,4202171,신라모노그램,128.92766337576,37.78423838201166,44,,09:05,18:05
42002005,104-1,강릉-동진버스,78,78,4200051,송정래미안,128.93021609974548,37.78282723196739,44,,09:05,18:05
42002005,104-1,강릉-동진버스,79,79,4200054,삼익아파트,128.93336344346523,37.7794509217129,44,,09:05,18:05
42002005,104-1,강릉-동진버스,80,80,4200056,해당화연립,128.9356053065312,37.7785328972295,44,,09:05,18:05
42002005,104-1,강릉-동진버스,81,81,4200279,신도브래뉴,128.93862914925478,37.77730338810464,44,,09:05,18:05
42002005,104-1,강릉-동진버스,82,82,4201428,오션시티아이파크,128.94156983542882,37.775150292669956,44,,09:05,18:05
42002005,104-1,강릉-동진버스,83,83,4201044,안목커피거리,128.94543559396536,37.77260342997581,44,,09:05,18:05
42091001,200,강릉-동해상사,1,1,4201043,안목,128.94526892930932,37.77285146151794,35,,06:50,19:53
42091001,200,강릉-동해상사,2,2,4201427,오션시티아이파크,128.94172063887467,37.77534012183183,35,,06:50,19:53
42091001,200,강릉-동해상사,3,3,4200280,송정해변,128.9381119893655,37.77768849372205,35,,06:50,19:53
42091001,200,강릉-동해상사,4,4,4200055,해당화연립,128.93501598562065,37.778964657496246,35,,06:50,19:53
42091001,200,강릉-동해상사,5,5,4200053,오성학교,128.93312248716418,37.77978287851338,35,,06:50,19:53
42091001,200,강릉-동해상사,6,6,4200052,송정래미안,128.93038982126572,37.78292573478735,35,,06:50,19:53
42091001,200,강릉-동해상사,7,7,4202172,신라모노그램,128.92730314100064,37.78470637599459,35,,06:50,19:53
42091001,200,강릉-동해상사,8,8,4201233,초당분수공원,128.9221385517862,37.785996929695614,35,,06:50,19:53
42091001,200,강릉-동해상사,9,9,4200101,강릉고입구,128.92013482012848,37.783607089094346,35,,06:50,19:53
42091001,200,강릉-동해상사,10,10,4200288,경포고교,128.91881546540267,37.78075927662396,35,,06:50,19:53
42091001,200,강릉-동해상사,11,11,4201220,포남2주공입구,128.9179885478381,37.77901498558293,35,,06:50,19:53
42091001,200,강릉-동해상사,12,12,4200104,동명중학교,128.91637238303827,37.777185998905715,35,,06:50,19:53
42091001,200,강릉-동해상사,13,13,4200289,한솔초교,128.9142086436632,37.775058134113436,35,,06:50,19:53
42091001,200,강릉-동해상사,14,14,4200106,KT,128.91181164590185,37.77275858732733,35,,06:50,19:53
42091001,200,강릉-동해상사,15,15,4200108,동인병원입구,128.90953558421478,37.77125258486367,35,,06:50,19:53
42091001,200,강릉-동해상사,16,16,4200110,하슬라중,128.90715554439282,37.77053362559672,35,,06:50,19:53
42091001,200,강릉-동해상사,17,17,4200112,강릉관광개발공사,128.9085231695166,37.76800046518587,35,,06:50,19:53
42091001,200,강릉-동해상사,18,18,4200262,로얄아파트.포남1동주민센터,128.90933288179943,37.76545703763149,35,,06:50,19:53
42091001,200,강릉-동해상사,19,19,4200318,포남시장,128.90766061502285,37.76392281820552,35,,06:50,19:53
42091001,200,강릉-동해상사,20,20,4200259,용지각,128.90537716328666,37.76184119439877,35,,06:50,19:53
42091001,200,강릉-동해상사,21,21,4200095,한국자산관리공사,128.90111921880606,37.75827929877246,35,,06:50,19:53
42091001,200,강릉-동해상사,22,22,4200253,교보생명,128.89811415297848,37.756002485379526,35,,06:50,19:53
42091001,200,강릉-동해상사,23,23,4200251,한국은행,128.89406630781096,37.753485602290496,35,,06:50,19:53
42091001,200,강릉-동해상사,24,24,4200250,용강동서부시장,128.89174828581776,37.7556582744871,35,,06:50,19:53
42091001,200,강릉-동해상사,25,25,4200248,강릉제일고,128.89200478710157,37.759050283679514,35,,06:50,19:53
42091001,200,강릉-동해상사,26,26,4200246,이명사거리,128.89177153862124,37.764700407126554,35,,06:50,19:53
42091001,200,강릉-동해상사,27,27,4200569,교2동주민센터,128.8921038226677,37.76840335678918,35,,06:50,19:53
42091001,200,강릉-동해상사,28,28,4200243,율곡중학교,128.89033943348878,37.77216892177817,35,,06:50,19:53
42091001,200,강릉-동해상사,29,29,4200241,우성공업사,128.8881180126791,37.77538642162077,35,,06:50,19:53
42091001,200,강릉-동해상사,30,30,4200769,오죽헌입구,128.8828973977968,37.77942746550242,35,,06:50,19:53
42091001,200,강릉-동해상사,31,31,4200093,오죽헌,128.88009218006442,37.77900408798861,35,,06:50,19:53
42091001,200,강릉-동해상사,32,32,4200091,한옥마을,128.877399547533,37.77711052551884,35,,06:50,19:53
42091001,200,강릉-동해상사,33,33,4200089,문성고등학교,128.87460137001867,37.776791669303456,35,,06:50,19:53
42091001,200,강릉-동해상사,34,34,4200086,강원대학교후문,128.8748802531449,37.77322772576275,35,,06:50,19:53
42091001,200,강릉-동해상사,35,35,4200356,강원대학교,128.87391738137654,37.77033026766949,35,,06:50,19:53
42091001,200,강릉-동해상사,36,36,4200087,강원대학교후문,128.87498639848286,37.77315204059329,35,,06:50,19:53
42091001,200,강릉-동해상사,37,37,4200088,문성고등학교,128.8747975765768,37.776789915738114,35,,06:50,19:53
42091001,200,강릉-동해상사,38,38,4200090,한옥마을,128.8775249835254,37.777067812459386,35,,06:50,19:53
42091001,200,강릉-동해상사,39,39,4200092,오죽헌,128.8797380363922,37.77879711032111,35,,06:50,19:53
42091001,200,강릉-동해상사,40,40,4201382,오죽헌입구,128.88300783523746,37.779420150144524,35,,06:50,19:53
42091001,200,강릉-동해상사,41,41,4200240,젤마을,128.887733025105,37.775438249928285,35,,06:50,19:53
42091001,200,강릉-동해상사,42,42,4200242,율곡중학교,128.89021344037266,37.771874448370795,35,,06:50,19:53
42091001,200,강릉-동해상사,43,43,4200042,롯데캐슬아파트,128.89120929799194,37.766948306391974,35,,06:50,19:53
42091001,200,강릉-동해상사,44,44,4200245,이명사거리,128.89157918705828,37.764565078717,35,,06:50,19:53
42091001,200,강릉-동해상사,45,45,4200247,강릉제일고,128.8918779735197,37.759537356247826,35,,06:50,19:53
42091001,200,강릉-동해상사,46,46,4200249,용강동서부시장,128.89167287030088,37.75492247590215,35,,06:50,19:53
42091001,200,강릉-동해상사,47,47,4200252,신영극장,128.8961287589657,37.75448236011555,35,,06:50,19:53
42091001,200,강릉-동해상사,48,48,4200094,강릉여고,128.90248424479844,37.75904463050879,35,,06:50,19:53
42091001,200,강릉-동해상사,49,49,4200258,용지각,128.90534669055177,37.76147384168322,35,,06:50,19:53
42091001,200,강릉-동해상사,50,50,4200260,동남아파트,128.9088062489658,37.764638779656714,35,,06:50,19:53
42091001,200,강릉-동해상사,51,51,4200113,강릉관광개발공사,128.90865897771857,37.76820323697218,35,,06:50,19:53
42091001,200,강릉-동해상사,52,52,4200111,하슬라중,128.90761293140218,37.77043125987649,35,,06:50,19:53
42091001,200,강릉-동해상사,53,53,4200109,동인병원입구,128.9094857690125,37.77102450992961,35,,06:50,19:53
42091001,200,강릉-동해상사,54,54,4200107,KT,128.9125052185983,37.77309475265464,35,,06:50,19:53
42091001,200,강릉-동해상사,55,55,4200290,한솔초교,128.91448068318238,37.77500059793141,35,,06:50,19:53
42091001,200,강릉-동해상사,56,56,4200105,동명중학교,128.9161008666347,37.77658681943468,35,,06:50,19:53
42091001,200,강릉-동해상사,57,57,4201236,포남2주공입구,128.91810027987142,37.77873395771816,35,,06:50,19:53
42091001,200,강릉-동해상사,58,58,4200103,경포고교,128.9190546436117,37.78057981084284,35,,06:50,19:53
42091001,200,강릉-동해상사,59,59,4200102,강릉고입구,128.92044843215433,37.78352944320342,35,,06:50,19:53
42091001,200,강릉-동해상사,60,60,4201234,초당분수공원,128.92421540479356,37.78614360918137,35,,06:50,19:53
42091001,200,강릉-동해상사,61,61,4202171,신라모노그램,128.92766337576,37.78423838201166,35,,06:50,19:53
42091001,200,강릉-동해상사,62,62,4200051,송정래미안,128.93021609974548,37.78282723196739,35,,06:50,19:53
42091001,200,강릉-동해상사,63,63,4200054,삼익아파트,128.93336344346523,37.7794509217129,35,,06:50,19:53
42091001,200,강릉-동해상사,64,64,4200056,해당화연립,128.9356053065312,37.7785328972295,35,,06:50,19:53
42091001,200,강릉-동해상사,65,65,4200279,신도브래뉴,128.93862914925478,37.77730338810464,35,,06:50,19:53
42091001,200,강릉-동해상사,66,66,4201428,오션시티아이파크,128.94156983542882,37.775150292669956,35,,06:50,19:53
42091001,200,강릉-동해상사,67,67,4201044,안목커피거리,128.94543559396536,37.77260342997581,35,,06:50,19:53
42001013,201 (운행 중단),강릉-동진버스,1,1,4201043,안목,128.94526892930932,37.77285146151794,35,,,
42001013,201 (운행 중단),강릉-동진버스,2,2,4201427,오션시티아이파크,128.94172063887467,37.77534012183183,35,,,
42001013,201 (운행 중단),강릉-동진버스,3,3,4200280,송정해변,128.9381119893655,37.77768849372205,35,,,
42001013,201 (운행 중단),강릉-동진버스,4,4,4200055,해당화연립,128.93501598562065,37.778964657496246,35,,,
42001013,201 (운행 중단),강릉-동진버스,5,5,4200053,오성학교,128.93312248716418,37.77978287851338,35,,,
42001013,201 (운행 중단),강릉-동진버스,6,6,4200052,송정래미안,128.93038982126572,37.78292573478735,35,,,
42001013,201 (운행 중단),강릉-동진버스,7,7,4201233,초당분수공원,128.9221385517862,37.785996929695614,35,,,
42001013,201 (운행 중단),강릉-동진버스,8,8,4200101,강릉고입구,128.92013482012848,37.783607089094346,35,,,
42001013,201 (운행 중단),강릉-동진버스,9,9,4200288,경포고교,128.91881546540267,37.78075927662396,35,,,
42001013,201 (운행 중단),강릉-동진버스,10,10,4201220,포남2주공입구,128.9179885478381,37.77901498558293,35,,,
42001013,201 (운행 중단),강릉-동진버스,11,11,4200104,동명중학교,128.91637238303827,37.777185998905715,35,,,
42001013,201 (운행 중단),강릉-동진버스,12,12,4200289,한솔초교,128.9142086436632,37.775058134113436,35,,,
42001013,201 (운행 중단),강릉-동진버스,13,13,4200106,KT,128.91181164590185,37.77275858732733,35,,,
42001013,201 (운행 중단),강릉-동진버스,14,14,4200108,동인병원입구,128.90953558421478,37.77125258486367,35,,,
42001013,201 (운행 중단),강릉-동진버스,15,15,4200110,하슬라중,128.90715554439282,37.77053362559672,35,,,
42001013,201 (운행 중단),강릉-동진버스,16,16,4200112,강릉관광개발공사,128.9085231695166,37.76800046518587,35,,,
42001013,201 (운행 중단),강릉-동진버스,17,17,4200262,로얄아파트.포남1동주민센터,128.90933288179943,37.76545703763149,35,,,
42001013,201 (운행 중단),강릉-동진버스,18,18,4200318,포남시장,128.90766061502285,37.76392281820552,35,,,
42001013,201 (운행 중단),강릉-동진버스,19,19,4200259,용지각,128.90537716328666,37.76184119439877,35,,,
42001013,201 (운행 중단),강릉-동진버스,20,20,4200095,한국자산관리공사,128.90111921880606,37.75827929877246,35,,,
42001013,201 (운행 중단),강릉-동진버스,21,21,4200253,교보생명,128.89811415297848,37.756002485379526,35,,,
42001013,201 (운행 중단),강릉-동진버스,22,22,4200251,한국은행,128.89406630781096,37.753485602290496,35,,,
42001013,201 (운행 중단),강릉-동진버스,23,23,4200250,용강동서부시장,128.89174828581776,37.7556582744871,35,,,
42001013,201 (운행 중단),강릉-동진버스,24,24,4200248,강릉제일고,128.89200478710157,37.759050283679514,35,,,
42001013,201 (운행 중단),강릉-동진버스,25,25,4200246,이명사거리,128.89177153862124,37.764700407126554,35,,,
42001013,201 (운행 중단),강릉-동진버스,26,26,4200082,강일여고정문,128.8875516595327,37.76393626119314,35,,,
42001013,201 (운행 중단),강릉-동진버스,27,27,4200131,하이빌현대아파트,128.8824547932286,37.764860822549025,35,,,
42001013,201 (운행 중단),강릉-동진버스,28,28,4200133,주공1차아파트,128.88288690646792,37.76665665089728,35,,,
42001013,201 (운행 중단),강릉-동진버스,29,29,4200134,부영2차아파트,128.88281079370944,37.77016072015751,35,,,
42001013,201 (운행 중단),강릉-동진버스,30,30,4200060,솔올중학교,128.8798722504925,37.77163504014371,35,,,
42001013,201 (운행 중단),강릉-동진버스,31,31,4200083,지변동,128.87676045382563,37.771874023944235,35,,,
42001013,201 (운행 중단),강릉-동진버스,32,32,4200087,강원대학교후문,128.87498639848286,37.77315204059329,35,,,
42001013,201 (운행 중단),강릉-동진버스,33,33,4200088,문성고등학교,128.8747975765768,37.776789915738114,35,,,
42001013,201 (운행 중단),강릉-동진버스,34,34,4200086,강원대학교후문,128.8748802531449,37.77322772576275,35,,,
42001013,201 (운행 중단),강릉-동진버스,35,35,4200356,강원대학교,128.87391738137654,37.77033026766949,35,,,
42001013,201 (운행 중단),강릉-동진버스,36,36,4200084,풋살경기장옆,128.87680703199706,37.77165010517057,35,,,
42001013,201 (운행 중단),강릉-동진버스,37,37,4200135,부영2차아파트,128.8825125758686,37.77002923948558,35,,,
42001013,201 (운행 중단),강릉-동진버스,38,38,4200292,주공1차아파트,128.88256780330317,37.766843575404636,35,,,
42001013,201 (운행 중단),강릉-동진버스,39,39,4200132,율곡초등학교,128.88221538693716,37.765100900268116,35,,,
42001013,201 (운행 중단),강릉-동진버스,40,40,4200081,강일여고정문,128.88831689919587,37.76415997041872,35,,,
42001013,201 (운행 중단),강릉-동진버스,41,41,4200245,이명사거리,128.89157918705828,37.764565078717,35,,,
42001013,201 (운행 중단),강릉-동진버스,42,42,4200247,강릉제일고,128.8918779735197,37.759537356247826,35,,,
42001013,201 (운행 중단),강릉-동진버스,43,43,4200249,용강동서부시장,128.89167287030088,37.75492247590215,35,,,
42001013,201 (운행 중단),강릉-동진버스,44,44,4200252,신영극장,128.8961287589657,37.75448236011555,35,,,
42001013,201 (운행 중단),강릉-동진버스,45,45,4200094,강릉여고,128.90248424479844,37.75904463050879,35,,,
42001013,201 (운행 중단),강릉-동진버스,46,46,4200258,용지각,128.90534669055177,37.76147384168322,35,,,
42001013,201 (운행 중단),강릉-동진버스,47,47,4200260,동남아파트,128.9088062489658,37.764638779656714,35,,,
42001013,201 (운행 중단),강릉-동진버스,48,48,4200113,강릉관광개발공사,128.90865897771857,37.76820323697218,35,,,
42001013,201 (운행 중단),강릉-동진버스,49,49,4200111,하슬라중,128.90761293140218,37.77043125987649,35,,,
42001013,201 (운행 중단),강릉-동진버스,50,50,4200109,동인병원입구,128.9094857690125,37.77102450992961,35,,,
42001013,201 (운행 중단),강릉-동진버스,51,51,4200107,KT,128.9125052185983,37.77309475265464,35,,,
42001013,201 (운행 중단),강릉-동진버스,52,52,4200290,한솔초교,128.91448068318238,37.77500059793141,35,,,
42001013,201 (운행 중단),강릉-동진버스,53,53,4200105,동명중학교,128.9161008666347,37.77658681943468,35,,,
42001013,201 (운행 중단),강릉-동진버스,54,54,4201236,포남2주공입구,128.91810027987142,37.77873395771816,35,,,
42001013,201 (운행 중단),강릉-동진버스,55,55,4200103,경포고교,128.9190546436117,37.78057981084284,35,,,
42001013,201 (운행 중단),강릉-동진버스,56,56,4200102,강릉고입구,128.92044843215433,37.78352944320342,35,,,
42001013,201 (운행 중단),강릉-동진버스,57,57,4201234,초당분수공원,128.92421540479356,37.78614360918137,35,,,
42001013,201 (운행 중단),강릉-동진버스,58,58,4200051,송정래미안,128.93021609974548,37.78282723196739,35,,,
42001013,201 (운행 중단),강릉-동진버스,59,59,4200054,삼익아파트,128.93336344346523,37.7794509217129,35,,,
42001013,201 (운행 중단),강릉-동진버스,60,60,4200056,해당화연립,128.9356053065312,37.7785328972295,35,,,
42001013,201 (운행 중단),강릉-동진버스,61,61,4200279,신도브래뉴,128.93862914925478,37.77730338810464,35,,,
42001013,201 (운행 중단),강릉-동진버스,62,62,4201428,오션시티아이파크,128.94156983542882,37.775150292669956,35,,,
42001013,201 (운행 중단),강릉-동진버스,63,63,4201044,안목커피거리,128.94543559396536,37.77260342997581,35,,,
42091013,201 (운행 중단),강릉-동해상사,1,1,4201043,안목,128.94526892930932,37.77285146151794,35,,,
42091013,201 (운행 중단),강릉-동해상사,2,2,4201427,오션시티아이파크,128.94172063887467,37.77534012183183,35,,,
42091013,201 (운행 중단),강릉-동해상사,3,3,4200280,송정해변,128.9381119893655,37.77768849372205,35,,,
42091013,201 (운행 중단),강릉-동해상사,4,4,4200055,해당화연립,128.93501598562065,37.778964657496246,35,,,
42091013,201 (운행 중단),강릉-동해상사,5,5,4200053,오성학교,128.93312248716418,37.77978287851338,35,,,
42091013,201 (운행 중단),강릉-동해상사,6,6,4200052,송정래미안,128.93038982126572,37.78292573478735,35,,,
42091013,201 (운행 중단),강릉-동해상사,7,7,4201233,초당분수공원,128.9221385517862,37.785996929695614,35,,,
42091013,201 (운행 중단),강릉-동해상사,8,8,4200101,강릉고입구,128.92013482012848,37.783607089094346,35,,,
42091013,201 (운행 중단),강릉-동해상사,9,9,4200288,경포고교,128.91881546540267,37.78075927662396,35,,,
42091013,201 (운행 중단),강릉-동해상사,10,10,4201220,포남2주공입구,128.9179885478381,37.77901498558293,35,,,
42091013,201 (운행 중단),강릉-동해상사,11,11,4200104,동명중학교,128.91637238303827,37.777185998905715,35,,,
42091013,201 (운행 중단),강릉-동해상사,12,12,4200289,한솔초교,128.9142086436632,37.775058134113436,35,,,
42091013,201 (운행 중단),강릉-동해상사,13,13,4200106,KT,128.91181164590185,37.77275858732733,35,,,
42091013,201 (운행 중단),강릉-동해상사,14,14,4200108,동인병원입구,128.90953558421478,37.77125258486367,35,,,
42091013,201 (운행 중단),강릉-동해상사,15,15,4200110,하슬라중,128.90715554439282,37.77053362559672,35,,,
42091013,201 (운행 중단),강릉-동해상사,16,16,4200112,강릉관광개발공사,128.9085231695166,37.76800046518587,35,,,
42091013,201 (운행 중단),강릉-동해상사,17,17,4200262,로얄아파트.포남1동주민센터,128.90933288179943,37.76545703763149,35,,,
42091013,201 (운행 중단),강릉-동해상사,18,18,4200318,포남시장,128.90766061502285,37.76392281820552,35,,,
42091013,201 (운행 중단),강릉-동해상사,19,19,4200259,용지각,128.90537716328666,37.76184119439877,35,,,
42091013,201 (운행 중단),강릉-동해상사,20,20,4200095,한국자산관리공사,128.90111921880606,37.75827929877246,35,,,
42091013,201 (운행 중단),강릉-동해상사,21,21,4200253,교보생명,128.89811415297848,37.756002485379526,35,,,
42091013,201 (운행 중단),강릉-동해상사,22,22,4200251,한국은행,128.89406630781096,37.753485602290496,35,,,
42091013,201 (운행 중단),강릉-동해상사,23,23,4200250,용강동서부시장,128.89174828581776,37.7556582744871,35,,,
42091013,201 (운행 중단),강릉-동해상사,24,24,4200248,강릉제일고,128.89200478710157,37.759050283679514,35,,,
42091013,201 (운행 중단),강릉-동해상사,25,25,4200246,이명사거리,128.89177153862124,37.764700407126554,35,,,
42091013,201 (운행 중단),강릉-동해상사,26,26,4200082,강일여고정문,128.8875516595327,37.76393626119314,35,,,
42091013,201 (운행 중단),강릉-동해상사,27,27,4200131,하이빌현대아파트,128.8824547932286,37.764860822549025,35,,,
42091013,201 (운행 중단),강릉-동해상사,28,28,4200133,주공1차아파트,128.88288690646792,37.76665665089728,35,,,
42091013,201 (운행 중단),강릉-동해상사,29,29,4200134,부영2차아파트,128.88281079370944,37.77016072015751,35,,,
42091013,201 (운행 중단),강릉-동해상사,30,30,4200060,솔올중학교,128.8798722504925,37.77163504014371,35,,,
42091013,201 (운행 중단),강릉-동해상사,31,31,4200083,지변동,128.87676045382563,37.771874023944235,35,,,
42091013,201 (운행 중단),강릉-동해상사,32,32,4200087,강원대학교후문,128.87498639848286,37.77315204059329,35,,,
42091013,201 (운행 중단),강릉-동해상사,33,33,4200088,문성고등학교,128.8747975765768,37.776789915738114,35,,,
42091013,201 (운행 중단),강릉-동해상사,34,34,4200086,강원대학교후문,128.8748802531449,37.77322772576275,35,,,
42091013,201 (운행 중단),강릉-동해상사,35,35,4200356,강원대학교,128.87391738137654,37.77033026766949,35,,,
42091013,201 (운행 중단),강릉-동해상사,36,36,4200084,풋살경기장옆,128.87680703199706,37.77165010517057,35,,,
42091013,201 (운행 중단),강릉-동해상사,37,37,4200135,부영2차아파트,128.8825125758686,37.77002923948558,35,,,
42091013,201 (운행 중단),강릉-동해상사,38,38,4200292,주공1차아파트,128.88256780330317,37.766843575404636,35,,,
42091013,201 (운행 중단),강릉-동해상사,39,39,4200132,율곡초등학교,128.88221538693716,37.765100900268116,35,,,
42091013,201 (운행 중단),강릉-동해상사,40,40,4200081,강일여고정문,128.88831689919587,37.76415997041872,35,,,
42091013,201 (운행 중단),강릉-동해상사,41,41,4200245,이명사거리,128.89157918705828,37.764565078717,35,,,
42091013,201 (운행 중단),강릉-동해상사,42,42,4200247,강릉제일고,128.8918779735197,37.759537356247826,35,,,
42091013,201 (운행 중단),강릉-동해상사,43,43,4200249,용강동서부시장,128.89167287030088,37.75492247590215,35,,,
42091013,201 (운행 중단),강릉-동해상사,44,44,4200252,신영극장,128.8961287589657,37.75448236011555,35,,,
42091013,201 (운행 중단),강릉-동해상사,45,45,4200094,강릉여고,128.90248424479844,37.75904463050879,35,,,
42091013,201 (운행 중단),강릉-동해상사,46,46,4200258,용지각,128.90534669055177,37.76147384168322,35,,,
42091013,201 (운행 중단),강릉-동해상사,47,47,4200260,동남아파트,128.9088062489658,37.764638779656714,35,,,
42091013,201 (운행 중단),강릉-동해상사,48,48,4200113,강릉관광개발공사,128.90865897771857,37.76820323697218,35,,,
42091013,201 (운행 중단),강릉-동해상사,49,49,4200111,하슬라중,128.90761293140218,37.77043125987649,35,,,
42091013,201 (운행 중단),강릉-동해상사,50,50,4200109,동인병원입구,128.9094857690125,37.77102450992961,35,,,
42091013,201 (운행 중단),강릉-동해상사,51,51,4200107,KT,128.9125052185983,37.77309475265464,35,,,
42091013,201 (운행 중단),강릉-동해상사,52,52,4200290,한솔초교,128.91448068318238,37.77500059793141,35,,,
42091013,201 (운행 중단),강릉-동해상사,53,53,4200105,동명중학교,128.9161008666347,37.77658681943468,35,,,
42091013,201 (운행 중단),강릉-동해상사,54,54,4201236,포남2주공입구,128.91810027987142,37.77873395771816,35,,,
42091013,201 (운행 중단),강릉-동해상사,55,55,4200103,경포고교,128.9190546436117,37.78057981084284,35,,,
42091013,201 (운행 중단),강릉-동해상사,56,56,4200102,강릉고입구,128.92044843215433,37.78352944320342,35,,,
42091013,201 (운행 중단),강릉-동해상사,57,57,4201234,초당분수공원,128.92421540479356,37.78614360918137,35,,,
42091013,201 (운행 중단),강릉-동해상사,58,58,4200051,송정래미안,128.93021609974548,37.78282723196739,35,,,
42091013,201 (운행 중단),강릉-동해상사,59,59,4200054,삼익아파트,128.93336344346523,37.7794509217129,35,,,
42091013,201 (운행 중단),강릉-동해상사,60,60,4200056,해당화연립,128.9356053065312,37.7785328972295,35,,,
42091013,201 (운행 중단),강릉-동해상사,61,61,4200279,신도브래뉴,128.93862914925478,37.77730338810464,35,,,
42091013,201 (운행 중단),강릉-동해상사,62,62,4201428,오션시티아이파크,128.94156983542882,37.775150292669956,35,,,
42091013,201 (운행 중단),강릉-동해상사,63,63,4201044,안목커피거리,128.94543559396536,37.77260342997581,35,,,
42092072,202-1,강릉-동해상사,1,1,4201242,경포해변,128.9052529004403,37.80440358093674,44,,07:06,18:35
42092072,202-1,강릉-동해상사,2,2,4200070,경포현대아파트,128.90338270723402,37.80169652808461,44,,07:06,18:35
42092072,202-1,강릉-동해상사,3,3,4200072,경포대.참소리박물관,128.89706080745114,37.7955214111198,44,,07:06,18:35
42092072,202-1,강릉-동해상사,4,4,4201240,순두부마을,128.89327386744634,37.786738816066666,44,,07:06,18:35
42092072,202-1,강릉-동해상사,5,5,4200074,해운정,128.8896478172347,37.78577024652339,44,,07:06,18:35
42092072,202-1,강릉-동해상사,6,6,4200075,선교장,128.8853532167783,37.785455385598155,44,,07:06,18:35
42092072,202-1,강릉-동해상사,7,7,4200077,경포동주민센터,128.88052383810168,37.78412865726848,44,,07:06,18:35
42092072,202-1,강릉-동해상사,8,8,4200236,선교장입구,128.87978791945434,37.782182641690056,44,,07:06,18:35
42092072,202-1,강릉-동해상사,9,9,4200238,오죽헌,128.8827262588498,37.779841129260745,44,,07:06,18:35
42092072,202-1,강릉-동해상사,10,10,4200136,방축거리,128.88380882582484,37.773889373429355,44,,07:06,18:35
42092072,202-1,강릉-동해상사,11,11,4200135,부영2차아파트,128.8825125758686,37.77002923948558,44,,07:06,18:35
42092072,202-1,강릉-동해상사,12,12,4200292,주공1차아파트,128.88256780330317,37.766843575404636,44,,07:06,18:35
42092072,202-1,강릉-동해상사,13,13,4200132,율곡초등학교,128.88221538693716,37.765100900268116,44,,07:06,18:35
42092072,202-1,강릉-동해상사,14,14,4200130,현대2차아파트,128.87999435131803,37.764311243841746,44,,07:06,18:35
42092072,202-1,강릉-동해상사,15,15,4200128,구름다리,128.87743298775584,37.764682397677966,44,,07:06,18:35
42092072,202-1,강릉-동해상사,16,16,4200400,강릉복합복지체육센터,128.87000704257403,37.762859214055275,44,,07:06,18:35
42092072,202-1,강릉-동해상사,17,17,4201250,선수촌8단지,128.87011109214671,37.76078977894948,44,,07:06,18:35
42092072,202-1,강릉-동해상사,18,18,4200565,우미린아파트,128.87023572987053,37.75716460769394,44,,07:06,18:35
42092072,202-1,강릉-동해상사,19,19,4200543,미디어촌5단지,128.86758571434657,37.753701754139904,44,,07:06,18:35
42092072,202-1,강릉-동해상사,20,20,4200045,형제막국수,128.86624288991882,37.755124519467394,44,,07:06,18:35
42092072,202-1,강릉-동해상사,21,21,4200567,한내들아파트,128.8681446784216,37.75790349269205,44,,07:06,18:35
42092072,202-1,강릉-동해상사,22,22,4200548,강릉소방서,128.87119323619314,37.7580009949989,44,,07:06,18:35
42092072,202-1,강릉-동해상사,23,23,4200121,강릉시외.고속터미널,128.87911620808939,37.75486594086855,44,,07:06,18:35
42092072,202-1,강릉-동해상사,24,24,4200119,터미널오거리,128.88381140539954,37.755579088211434,44,,07:06,18:35
42092072,202-1,강릉-동해상사,25,25,4200117,적십자입구,128.88647213220725,37.75676623567213,44,,07:06,18:35
42092072,202-1,강릉-동해상사,26,26,4200115,고용센터,128.8890663454416,37.75714942132559,44,,07:06,18:35
42092072,202-1,강릉-동해상사,27,27,4200249,용강동서부시장,128.89167287030088,37.75492247590215,44,,07:06,18:35
42092072,202-1,강릉-동해상사,28,28,4200252,신영극장,128.8961287589657,37.75448236011555,44,,07:06,18:35
42092072,202-1,강릉-동해상사,29,29,4200094,강릉여고,128.90248424479844,37.75904463050879,44,,07:06,18:35
42092072,202-1,강릉-동해상사,30,30,4200257,옥천119안전센터,128.90305174420297,37.761041080134646,44,,07:06,18:35
42092072,202-1,강릉-동해상사,31,31,4200721,강릉역,128.8992580056024,37.76416330670135,44,,07:06,18:35
42092072,202-1,강릉-동해상사,32,32,4201375,가작다리입구,128.8943546413669,37.766101443660936,44,,07:06,18:35
42092072,202-1,강릉-동해상사,33,33,4200569,교2동주민센터,128.8921038226677,37.76840335678918,44,,07:06,18:35
42092072,202-1,강릉-동해상사,34,34,4200547,e-편한세상아파트,128.895218937497,37.769600465674785,44,,07:06,18:35
42092072,202-1,강릉-동해상사,35,35,4200433,종합경기장,128.89677683645317,37.77125900731557,44,,07:06,18:35
42092072,202-1,강릉-동해상사,36,36,4200430,강릉국민체육센터,128.89711747432256,37.77640154864734,44,,07:06,18:35
42092072,202-1,강릉-동해상사,37,37,4200006,강릉아이스아레나,128.89519306784848,37.78029319605429,44,,07:06,18:35
42092072,202-1,강릉-동해상사,38,38,4201254,모안이서낭당,128.90286872766467,37.783490145093076,44,,07:06,18:35
42092072,202-1,강릉-동해상사,39,39,4201256,강릉녹색도시체험센터,128.90742209068117,37.786856581754364,44,,07:06,18:35
42092072,202-1,강릉-동해상사,40,40,4201259,허균.허난설헌기념공원,128.90952498226952,37.789422425132265,44,,07:06,18:35
42092072,202-1,강릉-동해상사,41,41,4200098,허난설헌삼거리,128.9131333359753,37.79177727582709,44,,07:06,18:35
42092072,202-1,강릉-동해상사,42,42,4201261,강문해변입구,128.9152492720649,37.794762154181576,44,,07:06,18:35
42092072,202-1,강릉-동해상사,43,43,4201267,경포호,128.91154424859525,37.79966287216199,44,,07:06,18:35
42092072,202-1,강릉-동해상사,44,44,4201420,경포해변(종점),128.9052815401602,37.80443707912235,44,,07:06,18:35
42002096,202-2,강릉-동진버스,1,1,4201242,경포해변,128.9052529004403,37.80440358093674,40,,07:32,07:58
42002096,202-2,강릉-동진버스,2,2,4200070,경포현대아파트,128.90338270723402,37.80169652808461,40,,07:32,07:58
42002096,202-2,강릉-동진버스,3,3,4200072,경포대.참소리박물관,128.89706080745114,37.7955214111198,40,,07:32,07:58
42002096,202-2,강릉-동진버스,4,4,4201240,순두부마을,128.89327386744634,37.786738816066666,40,,07:32,07:58
42002096,202-2,강릉-동진버스,5,5,4200074,해운정,128.8896478172347,37.78577024652339,40,,07:32,07:58
42002096,202-2,강릉-동진버스,6,6,4200075,선교장,128.8853532167783,37.785455385598155,40,,07:32,07:58
42002096,202-2,강릉-동진버스,7,7,4200077,경포동주민센터,128.88052383810168,37.78412865726848,40,,07:32,07:58
42002096,202-2,강릉-동진버스,8,8,4200236,선교장입구,128.87978791945434,37.782182641690056,40,,07:32,07:58
42002096,202-2,강릉-동진버스,9,9,4200238,오죽헌,128.8827262588498,37.779841129260745,40,,07:32,07:58
42002096,202-2,강릉-동진버스,10,10,4200240,젤마을,128.887733025105,37.775438249928285,40,,07:32,07:58
42002096,202-2,강릉-동진버스,11,11,4200242,율곡중학교,128.89021344037266,37.771874448370795,40,,07:32,07:58
42002096,202-2,강릉-동진버스,12,12,4200042,롯데캐슬아파트,128.89120929799194,37.766948306391974,40,,07:32,07:58
42002096,202-2,강릉-동진버스,13,13,4200245,이명사거리,128.89157918705828,37.764565078717,40,,07:32,07:58
42002096,202-2,강릉-동진버스,14,14,4200247,강릉제일고,128.8918779735197,37.759537356247826,40,,07:32,07:58
42002096,202-2,강릉-동진버스,15,15,4200114,고용센터,128.88893105798073,37.75744085258255,40,,07:32,07:58
42002096,202-2,강릉-동진버스,16,16,4200116,적십자입구,128.88726321660565,37.757196360936135,40,,07:32,07:58
42002096,202-2,강릉-동진버스,17,17,4200118,터미널오거리,128.8840640923818,37.75608209292866,40,,07:32,07:58
42002096,202-2,강릉-동진버스,18,18,4200750,강릉시청앞,128.88013307678156,37.753651204654936,40,,07:32,07:58
42002096,202-2,강릉-동진버스,19,19,4200121,강릉시외.고속터미널,128.87911620808939,37.75486594086855,40,,07:32,07:58
42002096,202-2,강릉-동진버스,20,20,4200119,터미널오거리,128.88381140539954,37.755579088211434,40,,07:32,07:58
42002096,202-2,강릉-동진버스,21,21,4200117,적십자입구,128.88647213220725,37.75676623567213,40,,07:32,07:58
42002096,202-2,강릉-동진버스,22,22,4200115,고용센터,128.8890663454416,37.75714942132559,40,,07:32,07:58
42002096,202-2,강릉-동진버스,23,23,4200249,용강동서부시장,128.89167287030088,37.75492247590215,40,,07:32,07:58
42002096,202-2,강릉-동진버스,24,24,4200252,신영극장,128.8961287589657,37.75448236011555,40,,07:32,07:58
42002096,202-2,강릉-동진버스,25,25,4200094,강릉여고,128.90248424479844,37.75904463050879,40,,07:32,07:58
42002096,202-2,강릉-동진버스,26,26,4200257,옥천119안전센터,128.90305174420297,37.761041080134646,40,,07:32,07:58
42002096,202-2,강릉-동진버스,27,27,4200721,강릉역,128.8992580056024,37.76416330670135,40,,07:32,07:58
42002096,202-2,강릉-동진버스,28,28,4201375,가작다리입구,128.8943546413669,37.766101443660936,40,,07:32,07:58
42002096,202-2,강릉-동진버스,29,29,4200569,교2동주민센터,128.8921038226677,37.76840335678918,40,,07:32,07:58
42002096,202-2,강릉-동진버스,30,30,4200547,e-편한세상아파트,128.895218937497,37.769600465674785,40,,07:32,07:58
42002096,202-2,강릉-동진버스,31,31,4200433,종합경기장,128.89677683645317,37.77125900731557,40,,07:32,07:58
42002096,202-2,강릉-동진버스,32,32,4200430,강릉국민체육센터,128.89711747432256,37.77640154864734,40,,07:32,07:58
42002096,202-2,강릉-동진버스,33,33,4200006,강릉아이스아레나,128.89519306784848,37.78029319605429,40,,07:32,07:58
42002096,202-2,강릉-동진버스,34,34,4201254,모안이서낭당,128.90286872766467,37.783490145093076,40,,07:32,07:58
42002096,202-2,강릉-동진버스,35,35,4201256,강릉녹색도시체험센터,128.90742209068117,37.786856581754364,40,,07:32,07:58
42002096,202-2,강릉-동진버스,36,36,4201259,허균.허난설헌기념공원,128.90952498226952,37.789422425132265,40,,07:32,07:58
42002096,202-2,강릉-동진버스,37,37,4200098,허난설헌삼거리,128.9131333359753,37.79177727582709,40,,07:32,07:58
42002096,202-2,강릉-동진버스,38,38,4201261,강문해변입구,128.9152492720649,37.794762154181576,40,,07:32,07:58
42002096,202-2,강릉-동진버스,39,39,4201267,경포호,128.91154424859525,37.79966287216199,40,,07:32,07:58
42002096,202-2,강릉-동진버스,40,40,4201420,경포해변(종점),128.9052815401602,37.80443707912235,40,,07:32,07:58
42092096,202-2,강릉-동해상사,1,1,4201242,경포해변,128.9052529004403,37.80440358093674,40,,08:24,08:24
42092096,202-2,강릉-동해상사,2,2,4200070,경포현대아파트,128.90338270723402,37.80169652808461,40,,08:24,08:24
42092096,202-2,강릉-동해상사,3,3,4200072,경포대.참소리박물관,128.89706080745114,37.7955214111198,40,,08:24,08:24
42092096,202-2,강릉-동해상사,4,4,4201240,순두부마을,128.89327386744634,37.786738816066666,40,,08:24,08:24
42092096,202-2,강릉-동해상사,5,5,4200074,해운정,128.8896478172347,37.78577024652339,40,,08:24,08:24
42092096,202-2,강릉-동해상사,6,6,4200075,선교장,128.8853532167783,37.785455385598155,40,,08:24,08:24
42092096,202-2,강릉-동해상사,7,7,4200077,경포동주민센터,128.88052383810168,37.78412865726848,40,,08:24,08:24
42092096,202-2,강릉-동해상사,8,8,4200236,선교장입구,128.87978791945434,37.782182641690056,40,,08:24,08:24
42092096,202-2,강릉-동해상사,9,9,4200238,오죽헌,128.8827262588498,37.779841129260745,40,,08:24,08:24
42092096,202-2,강릉-동해상사,10,10,4200240,젤마을,128.887733025105,37.775438249928285,40,,08:24,08:24
42092096,202-2,강릉-동해상사,11,11,4200242,율곡중학교,128.89021344037266,37.771874448370795,40,,08:24,08:24
42092096,202-2,강릉-동해상사,12,12,4200042,롯데캐슬아파트,128.89120929799194,37.766948306391974,40,,08:24,08:24
42092096,202-2,강릉-동해상사,13,13,4200245,이명사거리,128.89157918705828,37.764565078717,40,,08:24,08:24
42092096,202-2,강릉-동해상사,14,14,4200247,강릉제일고,128.8918779735197,37.759537356247826,40,,08:24,08:24
42092096,202-2,강릉-동해상사,15,15,4200114,고용센터,128.88893105798073,37.75744085258255,40,,08:24,08:24
42092096,202-2,강릉-동해상사,16,16,4200116,적십자입구,128.88726321660565,37.757196360936135,40,,08:24,08:24
42092096,202-2,강릉-동해상사,17,17,4200118,터미널오거리,128.8840640923818,37.75608209292866,40,,08:24,08:24
42092096,202-2,강릉-동해상사,18,18,4200750,강릉시청앞,128.88013307678156,37.753651204654936,40,,08:24,08:24
42092096,202-2,강릉-동해상사,19,19,4200121,강릉시외.고속터미널,128.87911620808939,37.75486594086855,40,,08:24,08:24
42092096,202-2,강릉-동해상사,20,20,4200119,터미널오거리,128.88381140539954,37.755579088211434,40,,08:24,08:24
42092096,202-2,강릉-동해상사,21,21,4200117,적십자입구,128.88647213220725,37.75676623567213,40,,08:24,08:24
42092096,202-2,강릉-동해상사,22,22,4200115,고용센터,128.8890663454416,37.75714942132559,40,,08:24,08:24
42092096,202-2,강릉-동해상사,23,23,4200249,용강동서부시장,128.89167287030088,37.75492247590215,40,,08:24,08:24
42092096,202-2,강릉-동해상사,24,24,4200252,신영극장,128.8961287589657,37.75448236011555,40,,08:24,08:24
42092096,202-2,강릉-동해상사,25,25,4200094,강릉여고,128.90248424479844,37.75904463050879,40,,08:24,08:24
42092096,202-2,강릉-동해상사,26,26,4200257,옥천119안전센터,128.90305174420297,37.761041080134646,40,,08:24,08:24
42092096,202-2,강릉-동해상사,27,27,4200721,강릉역,128.8992580056024,37.76416330670135,40,,08:24,08:24
42092096,202-2,강릉-동해상사,28,28,4201375,가작다리입구,128.8943546413669,37.766101443660936,40,,08:24,08:24
42092096,202-2,강릉-동해상사,29,29,4200569,교2동주민센터,128.8921038226677,37.76840335678918,40,,08:24,08:24
42092096,202-2,강릉-동해상사,30,30,4200547,e-편한세상아파트,128.895218937497,37.769600465674785,40,,08:24,08:24
42092096,202-2,강릉-동해상사,31,31,4200433,종합경기장,128.89677683645317,37.77125900731557,40,,08:24,08:24
42092096,202-2,강릉-동해상사,32,32,4200430,강릉국민체육센터,128.89711747432256,37.77640154864734,40,,08:24,08:24
42092096,202-2,강릉-동해상사,33,33,4200006,강릉아이스아레나,128.89519306784848,37.78029319605429,40,,08:24,08:24
42092096,202-2,강릉-동해상사,34,34,4201254,모안이서낭당,128.90286872766467,37.783490145093076,40,,08:24,08:24
42092096,202-2,강릉-동해상사,35,35,4201256,강릉녹색도시체험센터,128.90742209068117,37.786856581754364,40,,08:24,08:24
42092096,202-2,강릉-동해상사,36,36,4201259,허균.허난설헌기념공원,128.90952498226952,37.789422425132265,40,,08:24,08:24
42092096,202-2,강릉-동해상사,37,37,4200098,허난설헌삼거리,128.9131333359753,37.79177727582709,40,,08:24,08:24
42092096,202-2,강릉-동해상사,38,38,4201261,강문해변입구,128.9152492720649,37.794762154181576,40,,08:24,08:24
42092096,202-2,강릉-동해상사,39,39,4201267,경포호,128.91154424859525,37.79966287216199,40,,08:24,08:24
42092096,202-2,강릉-동해상사,40,40,4201420,경포해변(종점),128.9052815401602,37.80443707912235,40,,08:24,08:24
42002024,203 (운행 폐지),강릉-동진버스,1,1,4201043,안목,128.94526892930932,37.77285146151794,36,,,
42002024,203 (운행 폐지),강릉-동진버스,2,2,4201427,오션시티아이파크,128.94172063887467,37.77534012183183,36,,,
42002024,203 (운행 폐지),강릉-동진버스,3,3,4200280,송정해변,128.9381119893655,37.77768849372205,36,,,
42002024,203 (운행 폐지),강릉-동진버스,4,4,4200055,해당화연립,128.93501598562065,37.778964657496246,36,,,
42002024,203 (운행 폐지),강릉-동진버스,5,5,4200053,오성학교,128.93312248716418,37.77978287851338,36,,,
42002024,203 (운행 폐지),강릉-동진버스,6,6,4200052,송정래미안,128.93038982126572,37.78292573478735,36,,,
42002024,203 (운행 폐지),강릉-동진버스,7,7,4201233,초당분수공원,128.9221385517862,37.785996929695614,36,,,
42002024,203 (운행 폐지),강릉-동진버스,8,8,4200101,강릉고입구,128.92013482012848,37.783607089094346,36,,,
42002024,203 (운행 폐지),강릉-동진버스,9,9,4200288,경포고교,128.91881546540267,37.78075927662396,36,,,
42002024,203 (운행 폐지),강릉-동진버스,10,10,4201220,포남2주공입구,128.9179885478381,37.77901498558293,36,,,
42002024,203 (운행 폐지),강릉-동진버스,11,11,4200104,동명중학교,128.91637238303827,37.777185998905715,36,,,
42002024,203 (운행 폐지),강릉-동진버스,12,12,4200289,한솔초교,128.9142086436632,37.775058134113436,36,,,
42002024,203 (운행 폐지),강릉-동진버스,13,13,4200106,KT,128.91181164590185,37.77275858732733,36,,,
42002024,203 (운행 폐지),강릉-동진버스,14,14,4200108,동인병원입구,128.90953558421478,37.77125258486367,36,,,
42002024,203 (운행 폐지),강릉-동진버스,15,15,4200110,하슬라중,128.90715554439282,37.77053362559672,36,,,
42002024,203 (운행 폐지),강릉-동진버스,16,16,4200112,강릉관광개발공사,128.9085231695166,37.76800046518587,36,,,
42002024,203 (운행 폐지),강릉-동진버스,17,17,4200262,로얄아파트.포남1동주민센터,128.90933288179943,37.76545703763149,36,,,
42002024,203 (운행 폐지),강릉-동진버스,18,18,4200318,포남시장,128.90766061502285,37.76392281820552,36,,,
42002024,203 (운행 폐지),강릉-동진버스,19,19,4200259,용지각,128.90537716328666,37.76184119439877,36,,,
42002024,203 (운행 폐지),강릉-동진버스,20,20,4200095,한국자산관리공사,128.90111921880606,37.75827929877246,36,,,
42002024,203 (운행 폐지),강릉-동진버스,21,21,4200253,교보생명,128.89811415297848,37.756002485379526,36,,,
42002024,203 (운행 폐지),강릉-동진버스,22,22,4200251,한국은행,128.89406630781096,37.753485602290496,36,,,
42002024,203 (운행 폐지),강릉-동진버스,23,23,4200250,용강동서부시장,128.89174828581776,37.7556582744871,36,,,
42002024,203 (운행 폐지),강릉-동진버스,24,24,4200248,강릉제일고,128.89200478710157,37.759050283679514,36,,,
42002024,203 (운행 폐지),강릉-동진버스,25,25,4200246,이명사거리,128.89177153862124,37.764700407126554,36,,,
42002024,203 (운행 폐지),강릉-동진버스,26,26,4200569,교2동주민센터,128.8921038226677,37.76840335678918,36,,,
42002024,203 (운행 폐지),강릉-동진버스,27,27,4200243,율곡중학교,128.89033943348878,37.77216892177817,36,,,
42002024,203 (운행 폐지),강릉-동진버스,28,28,4200241,우성공업사,128.8881180126791,37.77538642162077,36,,,
42002024,203 (운행 폐지),강릉-동진버스,29,29,4200769,오죽헌입구,128.8828973977968,37.77942746550242,36,,,
42002024,203 (운행 폐지),강릉-동진버스,30,30,4200093,오죽헌,128.88009218006442,37.77900408798861,36,,,
42002024,203 (운행 폐지),강릉-동진버스,31,31,4200091,한옥마을,128.877399547533,37.77711052551884,36,,,
42002024,203 (운행 폐지),강릉-동진버스,32,32,4200089,문성고등학교,128.87460137001867,37.776791669303456,36,,,
42002024,203 (운행 폐지),강릉-동진버스,33,33,4200086,강원대학교후문,128.8748802531449,37.77322772576275,36,,,
42002024,203 (운행 폐지),강릉-동진버스,34,34,4200356,강원대학교,128.87391738137654,37.77033026766949,36,,,
42002024,203 (운행 폐지),강릉-동진버스,35,35,4209996,강원대학교치과대학병원,128.86960214597158,37.764020747480245,36,,,
42002024,203 (운행 폐지),강릉-동진버스,36,36,4200555,유천동,128.86153738164376,37.766528036862,36,,,
42002024,203 (운행 폐지),강릉-동진버스,37,37,4209995,강원대학교치과대학병원,128.86959763767547,37.76381436688745,36,,,
42002024,203 (운행 폐지),강릉-동진버스,38,38,4200087,강원대학교후문,128.87498639848286,37.77315204059329,36,,,
42002024,203 (운행 폐지),강릉-동진버스,39,39,4200088,문성고등학교,128.8747975765768,37.776789915738114,36,,,
42002024,203 (운행 폐지),강릉-동진버스,40,40,4200090,한옥마을,128.8775249835254,37.777067812459386,36,,,
42002024,203 (운행 폐지),강릉-동진버스,41,41,4200092,오죽헌,128.8797380363922,37.77879711032111,36,,,
42002024,203 (운행 폐지),강릉-동진버스,42,42,4201382,오죽헌입구,128.88300783523746,37.779420150144524,36,,,
42002024,203 (운행 폐지),강릉-동진버스,43,43,4200240,젤마을,128.887733025105,37.775438249928285,36,,,
42002024,203 (운행 폐지),강릉-동진버스,44,44,4200242,율곡중학교,128.89021344037266,37.771874448370795,36,,,
42002024,203 (운행 폐지),강릉-동진버스,45,45,4200042,롯데캐슬아파트,128.89120929799194,37.766948306391974,36,,,
42002024,203 (운행 폐지),강릉-동진버스,46,46,4200245,이명사거리,128.89157918705828,37.764565078717,36,,,
42002024,203 (운행 폐지),강릉-동진버스,47,47,4200247,강릉제일고,128.8918779735197,37.759537356247826,36,,,
42002024,203 (운행 폐지),강릉-동진버스,48,48,4200249,용강동서부시장,128.89167287030088,37.75492247590215,36,,,
42002024,203 (운행 폐지),강릉-동진버스,49,49,4200252,신영극장,128.8961287589657,37.75448236011555,36,,,
42002024,203 (운행 폐지),강릉-동진버스,50,50,4200094,강릉여고,128.90248424479844,37.75904463050879,36,,,
42002024,203 (운행 폐지),강릉-동진버스,51,51,4200258,용지각,128.90534669055177,37.76147384168322,36,,,
42002024,203 (운행 폐지),강릉-동진버스,52,52,4200260,동남아파트,128.9088062489658,37.764638779656714,36,,,
42002024,203 (운행 폐지),강릉-동진버스,53,53,4200113,강릉관광개발공사,128.90865897771857,37.76820323697218,36,,,
42002024,203 (운행 폐지),강릉-동진버스,54,54,4200111,하슬라중,128.90761293140218,37.77043125987649,36,,,
42002024,203 (운행 폐지),강릉-동진버스,55,55,4200109,동인병원입구,128.9094857690125,37.77102450992961,36,,,
42002024,203 (운행 폐지),강릉-동진버스,56,56,4200107,KT,128.9125052185983,37.77309475265464,36,,,
42002024,203 (운행 폐지),강릉-동진버스,57,57,4200290,한솔초교,128.91448068318238,37.77500059793141,36,,,
42002024,203 (운행 폐지),강릉-동진버스,58,58,4200105,동명중학교,128.9161008666347,37.77658681943468,36,,,
42002024,203 (운행 폐지),강릉-동진버스,59,59,4201236,포남2주공입구,128.91810027987142,37.77873395771816,36,,,
42002024,203 (운행 폐지),강릉-동진버스,60,60,4200103,경포고교,128.9190546436117,37.78057981084284,36,,,
42002024,203 (운행 폐지),강릉-동진버스,61,61,4200102,강릉고입구,128.92044843215433,37.78352944320342,36,,,
42002024,203 (운행 폐지),강릉-동진버스,62,62,4201234,초당분수공원,128.92421540479356,37.78614360918137,36,,,
42002024,203 (운행 폐지),강릉-동진버스,63,63,4200051,송정래미안,128.93021609974548,37.78282723196739,36,,,
42002024,203 (운행 폐지),강릉-동진버스,64,64,4200054,삼익아파트,128.93336344346523,37.7794509217129,36,,,
42002024,203 (운행 폐지),강릉-동진버스,65,65,4200056,해당화연립,128.9356053065312,37.7785328972295,36,,,
42002024,203 (운행 폐지),강릉-동진버스,66,66,4200279,신도브래뉴,128.93862914925478,37.77730338810464,36,,,
42002024,203 (운행 폐지),강릉-동진버스,67,67,4201428,오션시티아이파크,128.94156983542882,37.775150292669956,36,,,
42002024,203 (운행 폐지),강릉-동진버스,68,68,4201044,안목커피거리,128.94543559396536,37.77260342997581,36,,,
42002026,205,강릉-동진버스,1,1,4201209,공단,128.92205416940635,37.765196014305694,26,,-,16:53
42002026,205,강릉-동진버스,2,2,4201205,입암2.3주공,128.9161850255649,37.765072488547595,26,,-,16:53
42002026,205,강릉-동진버스,3,3,4201045,성덕동주민센터,128.91516594318634,37.762763608124146,26,,-,16:53
42002026,205,강릉-동진버스,4,4,4201047,입암4주공아파트,128.91655461094618,37.76166752794127,26,,-,16:53
42002026,205,강릉-동진버스,5,5,4201049,원마트,128.91839757804996,37.76020248248705,26,,-,16:53
42002026,205,강릉-동진버스,6,6,4201051,입암6주공오거리,128.91813149011642,37.75937340656549,26,,-,16:53
42002026,205,강릉-동진버스,7,7,4201053,금호어울림,128.9156520837289,37.754995794611034,26,,-,16:53
42002026,205,강릉-동진버스,8,8,4202168,남부노인종합복지관,128.91401073487134,37.753047049518,26,,-,16:53
42002026,205,강릉-동진버스,9,9,4200762,입암현대아파트,128.91270364556544,37.753026994257695,26,,-,16:53
42002026,205,강릉-동진버스,10,10,4200765,성덕초등학교,128.91017117535122,37.75573609872045,26,,-,16:53
42002026,205,강릉-동진버스,11,11,4200766,입암1주공아파트,128.90620017782277,37.75501242269486,26,,-,16:53
42002026,205,강릉-동진버스,12,12,4201198,남대천.강릉교,128.9010015999516,37.75454267936518,26,,-,16:53
42002026,205,강릉-동진버스,13,13,4200253,교보생명,128.89811415297848,37.756002485379526,26,,-,16:53
42002026,205,강릉-동진버스,14,14,4200251,한국은행,128.89406630781096,37.753485602290496,26,,-,16:53
42002026,205,강릉-동진버스,15,15,4200250,용강동서부시장,128.89174828581776,37.7556582744871,26,,-,16:53
42002026,205,강릉-동진버스,16,16,4200248,강릉제일고,128.89200478710157,37.759050283679514,26,,-,16:53
42002026,205,강릉-동진버스,17,17,4200246,이명사거리,128.89177153862124,37.764700407126554,26,,-,16:53
42002026,205,강릉-동진버스,18,18,4200569,교2동주민센터,128.8921038226677,37.76840335678918,26,,-,16:53
42002026,205,강릉-동진버스,19,19,4200243,율곡중학교,128.89033943348878,37.77216892177817,26,,-,16:53
42002026,205,강릉-동진버스,20,20,4200241,우성공업사,128.8881180126791,37.77538642162077,26,,-,16:53
42002026,205,강릉-동진버스,21,21,4200769,오죽헌입구,128.8828973977968,37.77942746550242,26,,-,16:53
42002026,205,강릉-동진버스,22,22,4200093,오죽헌,128.88009218006442,37.77900408798861,26,,-,16:53
42002026,205,강릉-동진버스,23,23,4200091,한옥마을,128.877399547533,37.77711052551884,26,,-,16:53
42002026,205,강릉-동진버스,24,24,4200089,문성고등학교,128.87460137001867,37.776791669303456,26,,-,16:53
42002026,205,강릉-동진버스,25,25,4200086,강원대학교후문,128.8748802531449,37.77322772576275,26,,-,16:53
42002026,205,강릉-동진버스,26,26,4200356,강원대학교,128.87391738137654,37.77033026766949,26,,-,16:53
42002026,205,강릉-동진버스,27,27,4200087,강원대학교후문,128.87498639848286,37.77315204059329,26,,-,16:53
42002026,205,강릉-동진버스,28,28,4200088,문성고등학교,128.8747975765768,37.776789915738114,26,,-,16:53
42002026,205,강릉-동진버스,29,29,4200090,한옥마을,128.8775249835254,37.777067812459386,26,,-,16:53
42002026,205,강릉-동진버스,30,30,4200092,오죽헌,128.8797380363922,37.77879711032111,26,,-,16:53
42002026,205,강릉-동진버스,31,31,4201382,오죽헌입구,128.88300783523746,37.779420150144524,26,,-,16:53
42002026,205,강릉-동진버스,32,32,4200240,젤마을,128.887733025105,37.775438249928285,26,,-,16:53
42002026,205,강릉-동진버스,33,33,4200242,율곡중학교,128.89021344037266,37.771874448370795,26,,-,16:53
42002026,205,강릉-동진버스,34,34,4200042,롯데캐슬아파트,128.89120929799194,37.766948306391974,26,,-,16:53
42002026,205,강릉-동진버스,35,35,4200245,이명사거리,128.89157918705828,37.764565078717,26,,-,16:53
42002026,205,강릉-동진버스,36,36,4200247,강릉제일고,128.8918779735197,37.759537356247826,26,,-,16:53
42002026,205,강릉-동진버스,37,37,4200249,용강동서부시장,128.89167287030088,37.75492247590215,26,,-,16:53
42002026,205,강릉-동진버스,38,38,4200252,신영극장,128.8961287589657,37.75448236011555,26,,-,16:53
42002026,205,강릉-동진버스,39,39,4201199,남대천.강릉교,128.9010687000649,37.75417893755025,26,,-,16:53
42002026,205,강릉-동진버스,40,40,4200767,입암1주공아파트,128.90600846284408,37.75457671115239,26,,-,16:53
42002026,205,강릉-동진버스,41,41,4200764,대목아파트,128.91036775859212,37.7552461618319,26,,-,16:53
42002026,205,강릉-동진버스,42,42,4200763,입암현대아파트,128.91229270015563,37.753112836072376,26,,-,16:53
42002026,205,강릉-동진버스,43,43,4202167,남부노인종합복지관,128.91383118471262,37.752564379737024,26,,-,16:53
42002026,205,강릉-동진버스,44,44,4201054,금호어울림,128.91590296498018,37.75518531900659,26,,-,16:53
42002026,205,강릉-동진버스,45,45,4201052,입암6주공오거리,128.91746262041485,37.758678282328006,26,,-,16:53
42002026,205,강릉-동진버스,46,46,4201050,원마트,128.9185145864492,37.76040631401962,26,,-,16:53
42002026,205,강릉-동진버스,47,47,4201048,입암4주공아파트,128.9166989706064,37.761858842951916,26,,-,16:53
42002026,205,강릉-동진버스,48,48,4201046,성덕동주민센터,128.91533375948597,37.76294836172143,26,,-,16:53
42002026,205,강릉-동진버스,49,49,4201206,입암2.3주공,128.9164847952377,37.764981798289845,26,,-,16:53
42002026,205,강릉-동진버스,50,50,4201207,현대자동차서비스,128.9189460603978,37.76507644083287,26,,-,16:53
42002026,205,강릉-동진버스,51,51,4200191,공단,128.92224127533925,37.765245144772656,26,,-,16:53
42091003,206,강릉-동해상사,1,1,4200287,강릉고등학교,128.91470458416677,37.788540253578724,32,,06:40,20:50
42091003,206,강릉-동해상사,2,2,4200041,허균생가입구,128.91292892790995,37.78786454215139,32,,06:40,20:50
42091003,206,강릉-동해상사,3,3,4200039,유화아파트,128.91342886671308,37.785727014906996,32,,06:40,20:50
42091003,206,강릉-동해상사,4,4,4200011,동부아파트,128.9151327017873,37.78401368458876,32,,06:40,20:50
42091003,206,강릉-동해상사,5,5,4200043,이화해변타운,128.91744670191798,37.78316591377611,32,,06:40,20:50
42091003,206,강릉-동해상사,6,6,4200288,경포고교,128.91881546540267,37.78075927662396,32,,06:40,20:50
42091003,206,강릉-동해상사,7,7,4201220,포남2주공입구,128.9179885478381,37.77901498558293,32,,06:40,20:50
42091003,206,강릉-동해상사,8,8,4200104,동명중학교,128.91637238303827,37.777185998905715,32,,06:40,20:50
42091003,206,강릉-동해상사,9,9,4200289,한솔초교,128.9142086436632,37.775058134113436,32,,06:40,20:50
42091003,206,강릉-동해상사,10,10,4200106,KT,128.91181164590185,37.77275858732733,32,,06:40,20:50
42091003,206,강릉-동해상사,11,11,4200108,동인병원입구,128.90953558421478,37.77125258486367,32,,06:40,20:50
42091003,206,강릉-동해상사,12,12,4200110,하슬라중,128.90715554439282,37.77053362559672,32,,06:40,20:50
42091003,206,강릉-동해상사,13,13,4200057,강릉경찰서,128.90688706685629,37.768055768979885,32,,06:40,20:50
42091003,206,강릉-동해상사,14,14,4200322,동도센트리움,128.90456486009336,37.76619195310031,32,,06:40,20:50
42091003,206,강릉-동해상사,15,15,4200320,강릉역육거리,128.9015605860337,37.763796951176055,32,,06:40,20:50
42091003,206,강릉-동해상사,16,16,4200315,구터미널,128.8988430353628,37.76163002626936,32,,06:40,20:50
42091003,206,강릉-동해상사,17,17,4200365,삼성디지털센터,128.8966989039856,37.75811194350719,32,,06:40,20:50
42091003,206,강릉-동해상사,18,18,4200253,교보생명,128.89811415297848,37.756002485379526,32,,06:40,20:50
42091003,206,강릉-동해상사,19,19,4200251,한국은행,128.89406630781096,37.753485602290496,32,,06:40,20:50
42091003,206,강릉-동해상사,20,20,4200250,용강동서부시장,128.89174828581776,37.7556582744871,32,,06:40,20:50
42091003,206,강릉-동해상사,21,21,4200114,고용센터,128.88893105798073,37.75744085258255,32,,06:40,20:50
42091003,206,강릉-동해상사,22,22,4200116,적십자입구,128.88726321660565,37.757196360936135,32,,06:40,20:50
42091003,206,강릉-동해상사,23,23,4200118,터미널오거리,128.8840640923818,37.75608209292866,32,,06:40,20:50
42091003,206,강릉-동해상사,24,24,4200120,강릉시외.고속터미널,128.8792265208128,37.75505492071011,32,,06:40,20:50
42091003,206,강릉-동해상사,25,25,4200122,강릉문화원,128.8740921031382,37.75789663608161,32,,06:40,20:50
42091003,206,강릉-동해상사,26,26,4200123,우편집중국,128.8733706824724,37.76051485370646,32,,06:40,20:50
42091003,206,강릉-동해상사,27,27,4200125,솔올공연장,128.87460623301726,37.76366952964576,32,,06:40,20:50
42091003,206,강릉-동해상사,28,28,4200127,구름다리,128.87654770197503,37.764512872809554,32,,06:40,20:50
42091003,206,강릉-동해상사,29,29,4200129,주공3차아파트,128.87933873663175,37.76410589188944,32,,06:40,20:50
42091003,206,강릉-동해상사,30,30,4200131,하이빌현대아파트,128.8824547932286,37.764860822549025,32,,06:40,20:50
42091003,206,강릉-동해상사,31,31,4200133,주공1차아파트,128.88288690646792,37.76665665089728,32,,06:40,20:50
42091003,206,강릉-동해상사,32,32,4200134,부영2차아파트,128.88281079370944,37.77016072015751,32,,06:40,20:50
42091003,206,강릉-동해상사,33,33,4200060,솔올중학교,128.8798722504925,37.77163504014371,32,,06:40,20:50
42091003,206,강릉-동해상사,34,34,4200080,경포초등학교,128.87893593974582,37.76974854746925,32,,06:40,20:50
42091003,206,강릉-동해상사,35,35,4200292,주공1차아파트,128.88256780330317,37.766843575404636,32,,06:40,20:50
42091003,206,강릉-동해상사,36,36,4200132,율곡초등학교,128.88221538693716,37.765100900268116,32,,06:40,20:50
42091003,206,강릉-동해상사,37,37,4200130,현대2차아파트,128.87999435131803,37.764311243841746,32,,06:40,20:50
42091003,206,강릉-동해상사,38,38,4200128,구름다리,128.87743298775584,37.764682397677966,32,,06:40,20:50
42091003,206,강릉-동해상사,39,39,4200126,솔올공연장,128.87424793205705,37.763507530751156,32,,06:40,20:50
42091003,206,강릉-동해상사,40,40,4200124,우편집중국,128.87347187490323,37.76156496879712,32,,06:40,20:50
42091003,206,강릉-동해상사,41,41,4200121,강릉시외.고속터미널,128.87911620808939,37.75486594086855,32,,06:40,20:50
42091003,206,강릉-동해상사,42,42,4200119,터미널오거리,128.88381140539954,37.755579088211434,32,,06:40,20:50
42091003,206,강릉-동해상사,43,43,4200117,적십자입구,128.88647213220725,37.75676623567213,32,,06:40,20:50
42091003,206,강릉-동해상사,44,44,4200115,고용센터,128.8890663454416,37.75714942132559,32,,06:40,20:50
42091003,206,강릉-동해상사,45,45,4200249,용강동서부시장,128.89167287030088,37.75492247590215,32,,06:40,20:50
42091003,206,강릉-동해상사,46,46,4200252,신영극장,128.8961287589657,37.75448236011555,32,,06:40,20:50
42091003,206,강릉-동해상사,47,47,4200094,강릉여고,128.90248424479844,37.75904463050879,32,,06:40,20:50
42091003,206,강릉-동해상사,48,48,4200258,용지각,128.90534669055177,37.76147384168322,32,,06:40,20:50
42091003,206,강릉-동해상사,49,49,4200260,동남아파트,128.9088062489658,37.764638779656714,32,,06:40,20:50
42091003,206,강릉-동해상사,50,50,4200049,남강초교,128.91338089940805,37.76735161096919,32,,06:40,20:50
42091003,206,강릉-동해상사,51,51,4200265,혜성연립,128.91575952067353,37.76841531999017,32,,06:40,20:50
42091003,206,강릉-동해상사,52,52,4200267,삼우은성아파트,128.91973659122027,37.77025900516923,32,,06:40,20:50
42091003,206,강릉-동해상사,53,53,4200269,이마트,128.92346774482266,37.772222356268564,32,,06:40,20:50
42091003,206,강릉-동해상사,54,54,4200271,송정동주민센터,128.9281580126049,37.77420386430584,32,,06:40,20:50
42091003,206,강릉-동해상사,55,55,4200273,송정신원아침도시,128.93190852770562,37.774810233413945,32,,06:40,20:50
42091003,206,강릉-동해상사,56,56,4200277,비치소라아파트,128.93435177478304,37.77578862012879,32,,06:40,20:50
42091003,206,강릉-동해상사,57,57,4200055,해당화연립,128.93501598562065,37.778964657496246,32,,06:40,20:50
42091003,206,강릉-동해상사,58,58,4200053,오성학교,128.93312248716418,37.77978287851338,32,,06:40,20:50
42091003,206,강릉-동해상사,59,59,4200052,송정래미안,128.93038982126572,37.78292573478735,32,,06:40,20:50
42091003,206,강릉-동해상사,60,60,4202172,신라모노그램,128.92730314100064,37.78470637599459,32,,06:40,20:50
42091003,206,강릉-동해상사,61,61,4201233,초당분수공원,128.9221385517862,37.785996929695614,32,,06:40,20:50
42091003,206,강릉-동해상사,62,62,4200100,강원도교육연수원,128.91813970318609,37.785074864473685,32,,06:40,20:50
42091003,206,강릉-동해상사,63,63,4200047,강릉고정문,128.91550078840652,37.78828834947499,32,,06:40,20:50
42002144,206-1,강릉-동진버스,1,1,4200287,강릉고등학교,128.91470458416677,37.788540253578724,32,,11:40,17:35
42002144,206-1,강릉-동진버스,2,2,4200041,허균생가입구,128.91292892790995,37.78786454215139,32,,11:40,17:35
42002144,206-1,강릉-동진버스,3,3,4200039,유화아파트,128.91342886671308,37.785727014906996,32,,11:40,17:35
42002144,206-1,강릉-동진버스,4,4,4200011,동부아파트,128.9151327017873,37.78401368458876,32,,11:40,17:35
42002144,206-1,강릉-동진버스,5,5,4200043,이화해변타운,128.91744670191798,37.78316591377611,32,,11:40,17:35
42002144,206-1,강릉-동진버스,6,6,4200288,경포고교,128.91881546540267,37.78075927662396,32,,11:40,17:35
42002144,206-1,강릉-동진버스,7,7,4201220,포남2주공입구,128.9179885478381,37.77901498558293,32,,11:40,17:35
42002144,206-1,강릉-동진버스,8,8,4200104,동명중학교,128.91637238303827,37.777185998905715,32,,11:40,17:35
42002144,206-1,강릉-동진버스,9,9,4200289,한솔초교,128.9142086436632,37.775058134113436,32,,11:40,17:35
42002144,206-1,강릉-동진버스,10,10,4200106,KT,128.91181164590185,37.77275858732733,32,,11:40,17:35
42002144,206-1,강릉-동진버스,11,11,4200108,동인병원입구,128.90953558421478,37.77125258486367,32,,11:40,17:35
42002144,206-1,강릉-동진버스,12,12,4200110,하슬라중,128.90715554439282,37.77053362559672,32,,11:40,17:35
42002144,206-1,강릉-동진버스,13,13,4200057,강릉경찰서,128.90688706685629,37.768055768979885,32,,11:40,17:35
42002144,206-1,강릉-동진버스,14,14,4200322,동도센트리움,128.90456486009336,37.76619195310031,32,,11:40,17:35
42002144,206-1,강릉-동진버스,15,15,4200320,강릉역육거리,128.9015605860337,37.763796951176055,32,,11:40,17:35
42002144,206-1,강릉-동진버스,16,16,4200315,구터미널,128.8988430353628,37.76163002626936,32,,11:40,17:35
42002144,206-1,강릉-동진버스,17,17,4200365,삼성디지털센터,128.8966989039856,37.75811194350719,32,,11:40,17:35
42002144,206-1,강릉-동진버스,18,18,4200253,교보생명,128.89811415297848,37.756002485379526,32,,11:40,17:35
42002144,206-1,강릉-동진버스,19,19,4200251,한국은행,128.89406630781096,37.753485602290496,32,,11:40,17:35
42002144,206-1,강릉-동진버스,20,20,4200250,용강동서부시장,128.89174828581776,37.7556582744871,32,,11:40,17:35
42002144,206-1,강릉-동진버스,21,21,4200114,고용센터,128.88893105798073,37.75744085258255,32,,11:40,17:35
42002144,206-1,강릉-동진버스,22,22,4200116,적십자입구,128.88726321660565,37.757196360936135,32,,11:40,17:35
42002144,206-1,강릉-동진버스,23,23,4200118,터미널오거리,128.8840640923818,37.75608209292866,32,,11:40,17:35
42002144,206-1,강릉-동진버스,24,24,4200120,강릉시외.고속터미널,128.8792265208128,37.75505492071011,32,,11:40,17:35
42002144,206-1,강릉-동진버스,25,25,4200122,강릉문화원,128.8740921031382,37.75789663608161,32,,11:40,17:35
42002144,206-1,강릉-동진버스,26,26,4200123,우편집중국,128.8733706824724,37.76051485370646,32,,11:40,17:35
42002144,206-1,강릉-동진버스,27,27,4200125,솔올공연장,128.87460623301726,37.76366952964576,32,,11:40,17:35
42002144,206-1,강릉-동진버스,28,28,4200127,구름다리,128.87654770197503,37.764512872809554,32,,11:40,17:35
42002144,206-1,강릉-동진버스,29,29,4200129,주공3차아파트,128.87933873663175,37.76410589188944,32,,11:40,17:35
42002144,206-1,강릉-동진버스,30,30,4200131,하이빌현대아파트,128.8824547932286,37.764860822549025,32,,11:40,17:35
42002144,206-1,강릉-동진버스,31,31,4200530,주공2차아파트,128.8850454710998,37.768615366200436,32,,11:40,17:35
42002144,206-1,강릉-동진버스,32,32,4200134,부영2차아파트,128.88281079370944,37.77016072015751,32,,11:40,17:35
42002144,206-1,강릉-동진버스,33,33,4200060,솔올중학교,128.8798722504925,37.77163504014371,32,,11:40,17:35
42002144,206-1,강릉-동진버스,34,34,4200080,경포초등학교,128.87893593974582,37.76974854746925,32,,11:40,17:35
42002144,206-1,강릉-동진버스,35,35,4200292,주공1차아파트,128.88256780330317,37.766843575404636,32,,11:40,17:35
42002144,206-1,강릉-동진버스,36,36,4200132,율곡초등학교,128.88221538693716,37.765100900268116,32,,11:40,17:35
42002144,206-1,강릉-동진버스,37,37,4200130,현대2차아파트,128.87999435131803,37.764311243841746,32,,11:40,17:35
42002144,206-1,강릉-동진버스,38,38,4200128,구름다리,128.87743298775584,37.764682397677966,32,,11:40,17:35
42002144,206-1,강릉-동진버스,39,39,4200126,솔올공연장,128.87424793205705,37.763507530751156,32,,11:40,17:35
42002144,206-1,강릉-동진버스,40,40,4200124,우편집중국,128.87347187490323,37.76156496879712,32,,11:40,17:35
42002144,206-1,강릉-동진버스,41,41,4200121,강릉시외.고속터미널,128.87911620808939,37.75486594086855,32,,11:40,17:35
42002144,206-1,강릉-동진버스,42,42,4200119,터미널오거리,128.88381140539954,37.755579088211434,32,,11:40,17:35
42002144,206-1,강릉-동진버스,43,43,4200117,적십자입구,128.88647213220725,37.75676623567213,32,,11:40,17:35
42002144,206-1,강릉-동진버스,44,44,4200115,고용센터,128.8890663454416,37.75714942132559,32,,11:40,17:35
42002144,206-1,강릉-동진버스,45,45,4200249,용강동서부시장,128.89167287030088,37.75492247590215,32,,11:40,17:35
42002144,206-1,강릉-동진버스,46,46,4200252,신영극장,128.8961287589657,37.75448236011555,32,,11:40,17:35
42002144,206-1,강릉-동진버스,47,47,4200094,강릉여고,128.90248424479844,37.75904463050879,32,,11:40,17:35
42002144,206-1,강릉-동진버스,48,48,4200258,용지각,128.90534669055177,37.76147384168322,32,,11:40,17:35
42002144,206-1,강릉-동진버스,49,49,4200260,동남아파트,128.9088062489658,37.764638779656714,32,,11:40,17:35
42002144,206-1,강릉-동진버스,50,50,4200049,남강초교,128.91338089940805,37.76735161096919,32,,11:40,17:35
42002144,206-1,강릉-동진버스,51,51,4200265,혜성연립,128.91575952067353,37.76841531999017,32,,11:40,17:35
42002144,206-1,강릉-동진버스,52,52,4200267,삼우은성아파트,128.91973659122027,37.77025900516923,32,,11:40,17:35
42002144,206-1,강릉-동진버스,53,53,4200269,이마트,128.92346774482266,37.772222356268564,32,,11:40,17:35
42002144,206-1,강릉-동진버스,54,54,4200271,송정동주민센터,128.9281580126049,37.77420386430584,32,,11:40,17:35
42002144,206-1,강릉-동진버스,55,55,4200273,송정신원아침도시,128.93190852770562,37.774810233413945,32,,11:40,17:35
42002144,206-1,강릉-동진버스,56,56,4200277,비치소라아파트,128.93435177478304,37.77578862012879,32,,11:40,17:35
42002144,206-1,강릉-동진버스,57,57,4200055,해당화연립,128.93501598562065,37.778964657496246,32,,11:40,17:35
42002144,206-1,강릉-동진버스,58,58,4200053,오성학교,128.93312248716418,37.77978287851338,32,,11:40,17:35
42002144,206-1,강릉-동진버스,59,59,4200052,송정래미안,128.93038982126572,37.78292573478735,32,,11:40,17:35
42002144,206-1,강릉-동진버스,60,60,4202172,신라모노그램,128.92730314100064,37.78470637599459,32,,11:40,17:35
42002144,206-1,강릉-동진버스,61,61,4201233,초당분수공원,128.9221385517862,37.785996929695614,32,,11:40,17:35
42002144,206-1,강릉-동진버스,62,62,4200100,강원도교육연수원,128.91813970318609,37.785074864473685,32,,11:40,17:35
42002144,206-1,강릉-동진버스,63,63,4200047,강릉고정문,128.91550078840652,37.78828834947499,32,,11:40,17:35
42091004,207,강릉-동해상사,1,1,4200370,허균.허난설헌기념공원,128.90979333997709,37.79017067397969,37,,"07:10
(강고발)","18:45
(강고종점)"
42091004,207,강릉-동해상사,2,2,4200098,허난설헌삼거리,128.9131333359753,37.79177727582709,37,,"07:10
(강고발)","18:45
(강고종점)"
42091004,207,강릉-동해상사,3,3,4200287,강릉고등학교,128.91470458416677,37.788540253578724,37,,"07:10
(강고발)","18:45
(강고종점)"
42091004,207,강릉-동해상사,4,4,4200041,허균생가입구,128.91292892790995,37.78786454215139,37,,"07:10
(강고발)","18:45
(강고종점)"
42091004,207,강릉-동해상사,5,5,4200039,유화아파트,128.91342886671308,37.785727014906996,37,,"07:10
(강고발)","18:45
(강고종점)"
42091004,207,강릉-동해상사,6,6,4200011,동부아파트,128.9151327017873,37.78401368458876,37,,"07:10
(강고발)","18:45
(강고종점)"
42091004,207,강릉-동해상사,7,7,4200043,이화해변타운,128.91744670191798,37.78316591377611,37,,"07:10
(강고발)","18:45
(강고종점)"
42091004,207,강릉-동해상사,8,8,4200288,경포고교,128.91881546540267,37.78075927662396,37,,"07:10
(강고발)","18:45
(강고종점)"
42091004,207,강릉-동해상사,9,9,4201220,포남2주공입구,128.9179885478381,37.77901498558293,37,,"07:10
(강고발)","18:45
(강고종점)"
42091004,207,강릉-동해상사,10,10,4200104,동명중학교,128.91637238303827,37.777185998905715,37,,"07:10
(강고발)","18:45
(강고종점)"
42091004,207,강릉-동해상사,11,11,4200289,한솔초교,128.9142086436632,37.775058134113436,37,,"07:10
(강고발)","18:45
(강고종점)"
42091004,207,강릉-동해상사,12,12,4200106,KT,128.91181164590185,37.77275858732733,37,,"07:10
(강고발)","18:45
(강고종점)"
42091004,207,강릉-동해상사,13,13,4200108,동인병원입구,128.90953558421478,37.77125258486367,37,,"07:10
(강고발)","18:45
(강고종점)"
42091004,207,강릉-동해상사,14,14,4200110,하슬라중,128.90715554439282,37.77053362559672,37,,"07:10
(강고발)","18:45
(강고종점)"
42091004,207,강릉-동해상사,15,15,4200057,강릉경찰서,128.90688706685629,37.768055768979885,37,,"07:10
(강고발)","18:45
(강고종점)"
42091004,207,강릉-동해상사,16,16,4200322,동도센트리움,128.90456486009336,37.76619195310031,37,,"07:10
(강고발)","18:45
(강고종점)"
42091004,207,강릉-동해상사,17,17,4200320,강릉역육거리,128.9015605860337,37.763796951176055,37,,"07:10
(강고발)","18:45
(강고종점)"
42091004,207,강릉-동해상사,18,18,4200315,구터미널,128.8988430353628,37.76163002626936,37,,"07:10
(강고발)","18:45
(강고종점)"
42091004,207,강릉-동해상사,19,19,4200365,삼성디지털센터,128.8966989039856,37.75811194350719,37,,"07:10
(강고발)","18:45
(강고종점)"
42091004,207,강릉-동해상사,20,20,4200253,교보생명,128.89811415297848,37.756002485379526,37,,"07:10
(강고발)","18:45
(강고종점)"
42091004,207,강릉-동해상사,21,21,4200251,한국은행,128.89406630781096,37.753485602290496,37,,"07:10
(강고발)","18:45
(강고종점)"
42091004,207,강릉-동해상사,22,22,4200250,용강동서부시장,128.89174828581776,37.7556582744871,37,,"07:10
(강고발)","18:45
(강고종점)"
42091004,207,강릉-동해상사,23,23,4200114,고용센터,128.88893105798073,37.75744085258255,37,,"07:10
(강고발)","18:45
(강고종점)"
42091004,207,강릉-동해상사,24,24,4200116,적십자입구,128.88726321660565,37.757196360936135,37,,"07:10
(강고발)","18:45
(강고종점)"
42091004,207,강릉-동해상사,25,25,4200118,터미널오거리,128.8840640923818,37.75608209292866,37,,"07:10
(강고발)","18:45
(강고종점)"
42091004,207,강릉-동해상사,26,26,4200120,강릉시외.고속터미널,128.8792265208128,37.75505492071011,37,,"07:10
(강고발)","18:45
(강고종점)"
42091004,207,강릉-동해상사,27,27,4200122,강릉문화원,128.8740921031382,37.75789663608161,37,,"07:10
(강고발)","18:45
(강고종점)"
42091004,207,강릉-동해상사,28,28,4200123,우편집중국,128.8733706824724,37.76051485370646,37,,"07:10
(강고발)","18:45
(강고종점)"
42091004,207,강릉-동해상사,29,29,4200125,솔올공연장,128.87460623301726,37.76366952964576,37,,"07:10
(강고발)","18:45
(강고종점)"
42091004,207,강릉-동해상사,30,30,4200127,구름다리,128.87654770197503,37.764512872809554,37,,"07:10
(강고발)","18:45
(강고종점)"
42091004,207,강릉-동해상사,31,31,4200129,주공3차아파트,128.87933873663175,37.76410589188944,37,,"07:10
(강고발)","18:45
(강고종점)"
42091004,207,강릉-동해상사,32,32,4200131,하이빌현대아파트,128.8824547932286,37.764860822549025,37,,"07:10
(강고발)","18:45
(강고종점)"
42091004,207,강릉-동해상사,33,33,4200133,주공1차아파트,128.88288690646792,37.76665665089728,37,,"07:10
(강고발)","18:45
(강고종점)"
42091004,207,강릉-동해상사,34,34,4200134,부영2차아파트,128.88281079370944,37.77016072015751,37,,"07:10
(강고발)","18:45
(강고종점)"
42091004,207,강릉-동해상사,35,35,4200060,솔올중학교,128.8798722504925,37.77163504014371,37,,"07:10
(강고발)","18:45
(강고종점)"
42091004,207,강릉-동해상사,36,36,4200083,지변동,128.87676045382563,37.771874023944235,37,,"07:10
(강고발)","18:45
(강고종점)"
42091004,207,강릉-동해상사,37,37,4200356,강원대학교,128.87391738137654,37.77033026766949,37,,"07:10
(강고발)","18:45
(강고종점)"
42091004,207,강릉-동해상사,38,38,4200084,풋살경기장옆,128.87680703199706,37.77165010517057,37,,"07:10
(강고발)","18:45
(강고종점)"
42091004,207,강릉-동해상사,39,39,4200135,부영2차아파트,128.8825125758686,37.77002923948558,37,,"07:10
(강고발)","18:45
(강고종점)"
42091004,207,강릉-동해상사,40,40,4200292,주공1차아파트,128.88256780330317,37.766843575404636,37,,"07:10
(강고발)","18:45
(강고종점)"
42091004,207,강릉-동해상사,41,41,4200132,율곡초등학교,128.88221538693716,37.765100900268116,37,,"07:10
(강고발)","18:45
(강고종점)"
42091004,207,강릉-동해상사,42,42,4200130,현대2차아파트,128.87999435131803,37.764311243841746,37,,"07:10
(강고발)","18:45
(강고종점)"
42091004,207,강릉-동해상사,43,43,4200128,구름다리,128.87743298775584,37.764682397677966,37,,"07:10
(강고발)","18:45
(강고종점)"
42091004,207,강릉-동해상사,44,44,4200126,솔올공연장,128.87424793205705,37.763507530751156,37,,"07:10
(강고발)","18:45
(강고종점)"
42091004,207,강릉-동해상사,45,45,4200124,우편집중국,128.87347187490323,37.76156496879712,37,,"07:10
(강고발)","18:45
(강고종점)"
42091004,207,강릉-동해상사,46,46,4200121,강릉시외.고속터미널,128.87911620808939,37.75486594086855,37,,"07:10
(강고발)","18:45
(강고종점)"
42091004,207,강릉-동해상사,47,47,4200119,터미널오거리,128.88381140539954,37.755579088211434,37,,"07:10
(강고발)","18:45
(강고종점)"
42091004,207,강릉-동해상사,48,48,4200117,적십자입구,128.88647213220725,37.75676623567213,37,,"07:10
(강고발)","18:45
(강고종점)"
42091004,207,강릉-동해상사,49,49,4200115,고용센터,128.8890663454416,37.75714942132559,37,,"07:10
(강고발)","18:45
(강고종점)"
42091004,207,강릉-동해상사,50,50,4200249,용강동서부시장,128.89167287030088,37.75492247590215,37,,"07:10
(강고발)","18:45
(강고종점)"
42091004,207,강릉-동해상사,51,51,4200252,신영극장,128.8961287589657,37.75448236011555,37,,"07:10
(강고발)","18:45
(강고종점)"
42091004,207,강릉-동해상사,52,52,4200094,강릉여고,128.90248424479844,37.75904463050879,37,,"07:10
(강고발)","18:45
(강고종점)"
42091004,207,강릉-동해상사,53,53,4200258,용지각,128.90534669055177,37.76147384168322,37,,"07:10
(강고발)","18:45
(강고종점)"
42091004,207,강릉-동해상사,54,54,4200260,동남아파트,128.9088062489658,37.764638779656714,37,,"07:10
(강고발)","18:45
(강고종점)"
42091004,207,강릉-동해상사,55,55,4200049,남강초교,128.91338089940805,37.76735161096919,37,,"07:10
(강고발)","18:45
(강고종점)"
42091004,207,강릉-동해상사,56,56,4200265,혜성연립,128.91575952067353,37.76841531999017,37,,"07:10
(강고발)","18:45
(강고종점)"
42091004,207,강릉-동해상사,57,57,4200267,삼우은성아파트,128.91973659122027,37.77025900516923,37,,"07:10
(강고발)","18:45
(강고종점)"
42091004,207,강릉-동해상사,58,58,4200269,이마트,128.92346774482266,37.772222356268564,37,,"07:10
(강고발)","18:45
(강고종점)"
42091004,207,강릉-동해상사,59,59,4200271,송정동주민센터,128.9281580126049,37.77420386430584,37,,"07:10
(강고발)","18:45
(강고종점)"
42091004,207,강릉-동해상사,60,60,4200273,송정신원아침도시,128.93190852770562,37.774810233413945,37,,"07:10
(강고발)","18:45
(강고종점)"
42091004,207,강릉-동해상사,61,61,4200277,비치소라아파트,128.93435177478304,37.77578862012879,37,,"07:10
(강고발)","18:45
(강고종점)"
42091004,207,강릉-동해상사,62,62,4200055,해당화연립,128.93501598562065,37.778964657496246,37,,"07:10
(강고발)","18:45
(강고종점)"
42091004,207,강릉-동해상사,63,63,4200053,오성학교,128.93312248716418,37.77978287851338,37,,"07:10
(강고발)","18:45
(강고종점)"
42091004,207,강릉-동해상사,64,64,4200052,송정래미안,128.93038982126572,37.78292573478735,37,,"07:10
(강고발)","18:45
(강고종점)"
42091004,207,강릉-동해상사,65,65,4202172,신라모노그램,128.92730314100064,37.78470637599459,37,,"07:10
(강고발)","18:45
(강고종점)"
42091004,207,강릉-동해상사,66,66,4201233,초당분수공원,128.9221385517862,37.785996929695614,37,,"07:10
(강고발)","18:45
(강고종점)"
42091004,207,강릉-동해상사,67,67,4200100,강원도교육연수원,128.91813970318609,37.785074864473685,37,,"07:10
(강고발)","18:45
(강고종점)"
42091004,207,강릉-동해상사,68,68,4200047,강릉고정문,128.91550078840652,37.78828834947499,37,,"07:10
(강고발)","18:45
(강고종점)"
42091004,207,강릉-동해상사,69,69,4200647,허난설헌삼거리,128.91326614067623,37.792240418323686,37,,"07:10
(강고발)","18:45
(강고종점)"
42091004,207,강릉-동해상사,70,70,4200371,허균.허난설헌기념공원,128.9099040371541,37.79022786972901,37,,"07:10
(강고발)","18:45
(강고종점)"
42002030,211,강릉-동진버스,1,1,4201043,안목,128.94526892930932,37.77285146151794,31,,-,"7:45(남산초교)
7:45 남산초교 출발"
42002030,211,강릉-동진버스,2,2,4201427,오션시티아이파크,128.94172063887467,37.77534012183183,31,,-,"7:45(남산초교)
7:45 남산초교 출발"
42002030,211,강릉-동진버스,3,3,4200280,송정해변,128.9381119893655,37.77768849372205,31,,-,"7:45(남산초교)
7:45 남산초교 출발"
42002030,211,강릉-동진버스,4,4,4200055,해당화연립,128.93501598562065,37.778964657496246,31,,-,"7:45(남산초교)
7:45 남산초교 출발"
42002030,211,강릉-동진버스,5,5,4200053,오성학교,128.93312248716418,37.77978287851338,31,,-,"7:45(남산초교)
7:45 남산초교 출발"
42002030,211,강릉-동진버스,6,6,4200052,송정래미안,128.93038982126572,37.78292573478735,31,,-,"7:45(남산초교)
7:45 남산초교 출발"
42002030,211,강릉-동진버스,7,7,4202172,신라모노그램,128.92730314100064,37.78470637599459,31,,-,"7:45(남산초교)
7:45 남산초교 출발"
42002030,211,강릉-동진버스,8,8,4201233,초당분수공원,128.9221385517862,37.785996929695614,31,,-,"7:45(남산초교)
7:45 남산초교 출발"
42002030,211,강릉-동진버스,9,9,4200101,강릉고입구,128.92013482012848,37.783607089094346,31,,-,"7:45(남산초교)
7:45 남산초교 출발"
42002030,211,강릉-동진버스,10,10,4200288,경포고교,128.91881546540267,37.78075927662396,31,,-,"7:45(남산초교)
7:45 남산초교 출발"
42002030,211,강릉-동진버스,11,11,4201220,포남2주공입구,128.9179885478381,37.77901498558293,31,,-,"7:45(남산초교)
7:45 남산초교 출발"
42002030,211,강릉-동진버스,12,12,4200104,동명중학교,128.91637238303827,37.777185998905715,31,,-,"7:45(남산초교)
7:45 남산초교 출발"
42002030,211,강릉-동진버스,13,13,4200289,한솔초교,128.9142086436632,37.775058134113436,31,,-,"7:45(남산초교)
7:45 남산초교 출발"
42002030,211,강릉-동진버스,14,14,4200106,KT,128.91181164590185,37.77275858732733,31,,-,"7:45(남산초교)
7:45 남산초교 출발"
42002030,211,강릉-동진버스,15,15,4200108,동인병원입구,128.90953558421478,37.77125258486367,31,,-,"7:45(남산초교)
7:45 남산초교 출발"
42002030,211,강릉-동진버스,16,16,4200110,하슬라중,128.90715554439282,37.77053362559672,31,,-,"7:45(남산초교)
7:45 남산초교 출발"
42002030,211,강릉-동진버스,17,17,4200112,강릉관광개발공사,128.9085231695166,37.76800046518587,31,,-,"7:45(남산초교)
7:45 남산초교 출발"
42002030,211,강릉-동진버스,18,18,4200262,로얄아파트.포남1동주민센터,128.90933288179943,37.76545703763149,31,,-,"7:45(남산초교)
7:45 남산초교 출발"
42002030,211,강릉-동진버스,19,19,4200318,포남시장,128.90766061502285,37.76392281820552,31,,-,"7:45(남산초교)
7:45 남산초교 출발"
42002030,211,강릉-동진버스,20,20,4200259,용지각,128.90537716328666,37.76184119439877,31,,-,"7:45(남산초교)
7:45 남산초교 출발"
42002030,211,강릉-동진버스,21,21,4200095,한국자산관리공사,128.90111921880606,37.75827929877246,31,,-,"7:45(남산초교)
7:45 남산초교 출발"
42002030,211,강릉-동진버스,22,22,4200253,교보생명,128.89811415297848,37.756002485379526,31,,-,"7:45(남산초교)
7:45 남산초교 출발"
42002030,211,강릉-동진버스,23,23,4200251,한국은행,128.89406630781096,37.753485602290496,31,,-,"7:45(남산초교)
7:45 남산초교 출발"
42002030,211,강릉-동진버스,24,24,4200854,성내동광장,128.89469082592495,37.750838877146485,31,,-,"7:45(남산초교)
7:45 남산초교 출발"
42002030,211,강릉-동진버스,25,25,4200768,단오문화관,128.8967729024353,37.7481043414214,31,,-,"7:45(남산초교)
7:45 남산초교 출발"
42002030,211,강릉-동진버스,26,26,4200771,은마아파트,128.89677272965307,37.746541962257844,31,,-,"7:45(남산초교)
7:45 남산초교 출발"
42002030,211,강릉-동진버스,27,27,4200772,노암대림아파트,128.8964957795506,37.74447513098166,31,,-,"7:45(남산초교)
7:45 남산초교 출발"
42002030,211,강릉-동진버스,28,28,4200786,남산현대아파트,128.89442793639103,37.74202687203957,31,,-,"7:45(남산초교)
7:45 남산초교 출발"
42002030,211,강릉-동진버스,29,29,4200784,남산초교,128.89124028586525,37.74425071826271,31,,-,"7:45(남산초교)
7:45 남산초교 출발"
42002030,211,강릉-동진버스,30,30,4200782,남산삼익아파트,128.89009058765018,37.74235973416757,31,,-,"7:45(남산초교)
7:45 남산초교 출발"
42002030,211,강릉-동진버스,31,31,4200780,한국폴리텍대학,128.8886097800722,37.73837235643407,31,,-,"7:45(남산초교)
7:45 남산초교 출발"
42002030,211,강릉-동진버스,32,32,4200781,남산삼익아파트,128.8901808969545,37.74229155338584,31,,-,"7:45(남산초교)
7:45 남산초교 출발"
42002030,211,강릉-동진버스,33,33,4200783,남산초교,128.8913405517673,37.744206285908824,31,,-,"7:45(남산초교)
7:45 남산초교 출발"
42002030,211,강릉-동진버스,34,34,4200785,남산현대아파트,128.89462531897348,37.74186237968639,31,,-,"7:45(남산초교)
7:45 남산초교 출발"
42002030,211,강릉-동진버스,35,35,4200061,경포중학교,128.90033514931517,37.74283267675838,31,,-,"7:45(남산초교)
7:45 남산초교 출발"
42002030,211,강릉-동진버스,36,36,4200790,노암한라아파트,128.9030338994368,37.744009473539954,31,,-,"7:45(남산초교)
7:45 남산초교 출발"
42002030,211,강릉-동진버스,37,37,4200618,경포중학교,128.90069076576023,37.743138298255545,31,,-,"7:45(남산초교)
7:45 남산초교 출발"
42002030,211,강릉-동진버스,38,38,4200788,원예농협강남점,128.89681243940322,37.742695820214294,31,,-,"7:45(남산초교)
7:45 남산초교 출발"
42002030,211,강릉-동진버스,39,39,4200773,노암대림아파트,128.89670020630172,37.7443968332287,31,,-,"7:45(남산초교)
7:45 남산초교 출발"
42002030,211,강릉-동진버스,40,40,4200770,은마아파트,128.89705025699647,37.747304327883974,31,,-,"7:45(남산초교)
7:45 남산초교 출발"
42002030,211,강릉-동진버스,41,41,4200855,성내동광장,128.89488299521074,37.75095303991505,31,,-,"7:45(남산초교)
7:45 남산초교 출발"
42002030,211,강릉-동진버스,42,42,4200252,신영극장,128.8961287589657,37.75448236011555,31,,-,"7:45(남산초교)
7:45 남산초교 출발"
42002030,211,강릉-동진버스,43,43,4200094,강릉여고,128.90248424479844,37.75904463050879,31,,-,"7:45(남산초교)
7:45 남산초교 출발"
42002030,211,강릉-동진버스,44,44,4200258,용지각,128.90534669055177,37.76147384168322,31,,-,"7:45(남산초교)
7:45 남산초교 출발"
42002030,211,강릉-동진버스,45,45,4200260,동남아파트,128.9088062489658,37.764638779656714,31,,-,"7:45(남산초교)
7:45 남산초교 출발"
42002030,211,강릉-동진버스,46,46,4200113,강릉관광개발공사,128.90865897771857,37.76820323697218,31,,-,"7:45(남산초교)
7:45 남산초교 출발"
42002030,211,강릉-동진버스,47,47,4200111,하슬라중,128.90761293140218,37.77043125987649,31,,-,"7:45(남산초교)
7:45 남산초교 출발"
42002030,211,강릉-동진버스,48,48,4200109,동인병원입구,128.9094857690125,37.77102450992961,31,,-,"7:45(남산초교)
7:45 남산초교 출발"
42002030,211,강릉-동진버스,49,49,4200107,KT,128.9125052185983,37.77309475265464,31,,-,"7:45(남산초교)
7:45 남산초교 출발"
42002030,211,강릉-동진버스,50,50,4200290,한솔초교,128.91448068318238,37.77500059793141,31,,-,"7:45(남산초교)
7:45 남산초교 출발"
42002030,211,강릉-동진버스,51,51,4200105,동명중학교,128.9161008666347,37.77658681943468,31,,-,"7:45(남산초교)
7:45 남산초교 출발"
42002030,211,강릉-동진버스,52,52,4201236,포남2주공입구,128.91810027987142,37.77873395771816,31,,-,"7:45(남산초교)
7:45 남산초교 출발"
42002030,211,강릉-동진버스,53,53,4200103,경포고교,128.9190546436117,37.78057981084284,31,,-,"7:45(남산초교)
7:45 남산초교 출발"
42002030,211,강릉-동진버스,54,54,4200102,강릉고입구,128.92044843215433,37.78352944320342,31,,-,"7:45(남산초교)
7:45 남산초교 출발"
42002030,211,강릉-동진버스,55,55,4201234,초당분수공원,128.92421540479356,37.78614360918137,31,,-,"7:45(남산초교)
7:45 남산초교 출발"
42002030,211,강릉-동진버스,56,56,4202171,신라모노그램,128.92766337576,37.78423838201166,31,,-,"7:45(남산초교)
7:45 남산초교 출발"
42002030,211,강릉-동진버스,57,57,4200051,송정래미안,128.93021609974548,37.78282723196739,31,,-,"7:45(남산초교)
7:45 남산초교 출발"
42002030,211,강릉-동진버스,58,58,4200054,삼익아파트,128.93336344346523,37.7794509217129,31,,-,"7:45(남산초교)
7:45 남산초교 출발"
42002030,211,강릉-동진버스,59,59,4200056,해당화연립,128.9356053065312,37.7785328972295,31,,-,"7:45(남산초교)
7:45 남산초교 출발"
42002030,211,강릉-동진버스,60,60,4200279,신도브래뉴,128.93862914925478,37.77730338810464,31,,-,"7:45(남산초교)
7:45 남산초교 출발"
42002030,211,강릉-동진버스,61,61,4201428,오션시티아이파크,128.94156983542882,37.775150292669956,31,,-,"7:45(남산초교)
7:45 남산초교 출발"
42002030,211,강릉-동진버스,62,62,4201044,안목커피거리,128.94543559396536,37.77260342997581,31,,-,"7:45(남산초교)
7:45 남산초교 출발"
42002078,211-1,강릉-동진버스,1,1,4201043,안목,128.94526892930932,37.77285146151794,31,,08:05,18:15
42002078,211-1,강릉-동진버스,2,2,4201427,오션시티아이파크,128.94172063887467,37.77534012183183,31,,08:05,18:15
42002078,211-1,강릉-동진버스,3,3,4200280,송정해변,128.9381119893655,37.77768849372205,31,,08:05,18:15
42002078,211-1,강릉-동진버스,4,4,4200055,해당화연립,128.93501598562065,37.778964657496246,31,,08:05,18:15
42002078,211-1,강릉-동진버스,5,5,4200053,오성학교,128.93312248716418,37.77978287851338,31,,08:05,18:15
42002078,211-1,강릉-동진버스,6,6,4200052,송정래미안,128.93038982126572,37.78292573478735,31,,08:05,18:15
42002078,211-1,강릉-동진버스,7,7,4202172,신라모노그램,128.92730314100064,37.78470637599459,31,,08:05,18:15
42002078,211-1,강릉-동진버스,8,8,4201233,초당분수공원,128.9221385517862,37.785996929695614,31,,08:05,18:15
42002078,211-1,강릉-동진버스,9,9,4200101,강릉고입구,128.92013482012848,37.783607089094346,31,,08:05,18:15
42002078,211-1,강릉-동진버스,10,10,4200288,경포고교,128.91881546540267,37.78075927662396,31,,08:05,18:15
42002078,211-1,강릉-동진버스,11,11,4201220,포남2주공입구,128.9179885478381,37.77901498558293,31,,08:05,18:15
42002078,211-1,강릉-동진버스,12,12,4200104,동명중학교,128.91637238303827,37.777185998905715,31,,08:05,18:15
42002078,211-1,강릉-동진버스,13,13,4200289,한솔초교,128.9142086436632,37.775058134113436,31,,08:05,18:15
42002078,211-1,강릉-동진버스,14,14,4200106,KT,128.91181164590185,37.77275858732733,31,,08:05,18:15
42002078,211-1,강릉-동진버스,15,15,4200108,동인병원입구,128.90953558421478,37.77125258486367,31,,08:05,18:15
42002078,211-1,강릉-동진버스,16,16,4200110,하슬라중,128.90715554439282,37.77053362559672,31,,08:05,18:15
42002078,211-1,강릉-동진버스,17,17,4200620,미라보아파트,128.902500537792,37.76907532540921,31,,08:05,18:15
42002078,211-1,강릉-동진버스,18,18,4200622,교동한신아파트,128.90061649844188,37.76762859683901,31,,08:05,18:15
42002078,211-1,강릉-동진버스,19,19,4200624,강릉역공영주차장,128.89773544865136,37.76439168846434,31,,08:05,18:15
42002078,211-1,강릉-동진버스,20,20,4200626,명륜고교후문,128.8957168427019,37.761692970005,31,,08:05,18:15
42002078,211-1,강릉-동진버스,21,21,4200365,삼성디지털센터,128.8966989039856,37.75811194350719,31,,08:05,18:15
42002078,211-1,강릉-동진버스,22,22,4200253,교보생명,128.89811415297848,37.756002485379526,31,,08:05,18:15
42002078,211-1,강릉-동진버스,23,23,4200251,한국은행,128.89406630781096,37.753485602290496,31,,08:05,18:15
42002078,211-1,강릉-동진버스,24,24,4200854,성내동광장,128.89469082592495,37.750838877146485,31,,08:05,18:15
42002078,211-1,강릉-동진버스,25,25,4200768,단오문화관,128.8967729024353,37.7481043414214,31,,08:05,18:15
42002078,211-1,강릉-동진버스,26,26,4200771,은마아파트,128.89677272965307,37.746541962257844,31,,08:05,18:15
42002078,211-1,강릉-동진버스,27,27,4200772,노암대림아파트,128.8964957795506,37.74447513098166,31,,08:05,18:15
42002078,211-1,강릉-동진버스,28,28,4200786,남산현대아파트,128.89442793639103,37.74202687203957,31,,08:05,18:15
42002078,211-1,강릉-동진버스,29,29,4200784,남산초교,128.89124028586525,37.74425071826271,31,,08:05,18:15
42002078,211-1,강릉-동진버스,30,30,4200782,남산삼익아파트,128.89009058765018,37.74235973416757,31,,08:05,18:15
42002078,211-1,강릉-동진버스,31,31,4200780,한국폴리텍대학,128.8886097800722,37.73837235643407,31,,08:05,18:15
42002078,211-1,강릉-동진버스,32,32,4200781,남산삼익아파트,128.8901808969545,37.74229155338584,31,,08:05,18:15
42002078,211-1,강릉-동진버스,33,33,4200783,남산초교,128.8913405517673,37.744206285908824,31,,08:05,18:15
42002078,211-1,강릉-동진버스,34,34,4200785,남산현대아파트,128.89462531897348,37.74186237968639,31,,08:05,18:15
42002078,211-1,강릉-동진버스,35,35,4200787,원예농협강남점,128.8968065666806,37.74246510458876,31,,08:05,18:15
42002078,211-1,강릉-동진버스,36,36,4200061,경포중학교,128.90033514931517,37.74283267675838,31,,08:05,18:15
42002078,211-1,강릉-동진버스,37,37,4200790,노암한라아파트,128.9030338994368,37.744009473539954,31,,08:05,18:15
42002078,211-1,강릉-동진버스,38,38,4200618,경포중학교,128.90069076576023,37.743138298255545,31,,08:05,18:15
42002078,211-1,강릉-동진버스,39,39,4200788,원예농협강남점,128.89681243940322,37.742695820214294,31,,08:05,18:15
42002078,211-1,강릉-동진버스,40,40,4200773,노암대림아파트,128.89670020630172,37.7443968332287,31,,08:05,18:15
42002078,211-1,강릉-동진버스,41,41,4200770,은마아파트,128.89705025699647,37.747304327883974,31,,08:05,18:15
42002078,211-1,강릉-동진버스,42,42,4200855,성내동광장,128.89488299521074,37.75095303991505,31,,08:05,18:15
42002078,211-1,강릉-동진버스,43,43,4200252,신영극장,128.8961287589657,37.75448236011555,31,,08:05,18:15
42002078,211-1,강릉-동진버스,44,44,4201411,삼성디지털센터,128.89671612387085,37.758421567843364,31,,08:05,18:15
42002078,211-1,강릉-동진버스,45,45,4200627,명륜고교후문,128.8959116900896,37.761745147071196,31,,08:05,18:15
42002078,211-1,강릉-동진버스,46,46,4200625,강릉역공영주차장,128.89784270199107,37.76437149155158,31,,08:05,18:15
42002078,211-1,강릉-동진버스,47,47,4200623,교동한신아파트,128.90062829229592,37.76751299917391,31,,08:05,18:15
42002078,211-1,강릉-동진버스,48,48,4200621,미라보아파트,128.90255177945858,37.769019304198096,31,,08:05,18:15
42002078,211-1,강릉-동진버스,49,49,4200111,하슬라중,128.90761293140218,37.77043125987649,31,,08:05,18:15
42002078,211-1,강릉-동진버스,50,50,4200109,동인병원입구,128.9094857690125,37.77102450992961,31,,08:05,18:15
42002078,211-1,강릉-동진버스,51,51,4200107,KT,128.9125052185983,37.77309475265464,31,,08:05,18:15
42002078,211-1,강릉-동진버스,52,52,4200290,한솔초교,128.91448068318238,37.77500059793141,31,,08:05,18:15
42002078,211-1,강릉-동진버스,53,53,4200105,동명중학교,128.9161008666347,37.77658681943468,31,,08:05,18:15
42002078,211-1,강릉-동진버스,54,54,4201236,포남2주공입구,128.91810027987142,37.77873395771816,31,,08:05,18:15
42002078,211-1,강릉-동진버스,55,55,4200103,경포고교,128.9190546436117,37.78057981084284,31,,08:05,18:15
42002078,211-1,강릉-동진버스,56,56,4200102,강릉고입구,128.92044843215433,37.78352944320342,31,,08:05,18:15
42002078,211-1,강릉-동진버스,57,57,4201234,초당분수공원,128.92421540479356,37.78614360918137,31,,08:05,18:15
42002078,211-1,강릉-동진버스,58,58,4202171,신라모노그램,128.92766337576,37.78423838201166,31,,08:05,18:15
42002078,211-1,강릉-동진버스,59,59,4200051,송정래미안,128.93021609974548,37.78282723196739,31,,08:05,18:15
42002078,211-1,강릉-동진버스,60,60,4200054,삼익아파트,128.93336344346523,37.7794509217129,31,,08:05,18:15
42002078,211-1,강릉-동진버스,61,61,4200056,해당화연립,128.9356053065312,37.7785328972295,31,,08:05,18:15
42002078,211-1,강릉-동진버스,62,62,4200279,신도브래뉴,128.93862914925478,37.77730338810464,31,,08:05,18:15
42002078,211-1,강릉-동진버스,63,63,4201428,오션시티아이파크,128.94156983542882,37.775150292669956,31,,08:05,18:15
42002078,211-1,강릉-동진버스,64,64,4201044,안목커피거리,128.94543559396536,37.77260342997581,31,,08:05,18:15
42092151,212,강릉-동해상사,1,1,4201043,안목,128.94526892930932,37.77285146151794,44,,09:50,18:20
42092151,212,강릉-동해상사,2,2,4201386,송정한신아파트후문,128.93962441064605,37.773612640324636,44,,09:50,18:20
42092151,212,강릉-동해상사,3,3,4200274,송정노인회관,128.93141909498914,37.77512821569013,44,,09:50,18:20
42092151,212,강릉-동해상사,4,4,4200272,송정동주민센터,128.92775106138072,37.77430053196711,44,,09:50,18:20
42092151,212,강릉-동해상사,5,5,4200270,이마트,128.92290403192536,37.77218493598484,44,,09:50,18:20
42092151,212,강릉-동해상사,6,6,4200268,삼우은성아파트,128.91881978171756,37.77007704319862,44,,09:50,18:20
42092151,212,강릉-동해상사,7,7,4200266,혜성연립,128.9154402649905,37.76852760326643,44,,09:50,18:20
42092151,212,강릉-동해상사,8,8,4200264,구)동해상사,128.91165113985977,37.76683747950902,44,,09:50,18:20
42092151,212,강릉-동해상사,9,9,4200262,로얄아파트.포남1동주민센터,128.90933288179943,37.76545703763149,44,,09:50,18:20
42092151,212,강릉-동해상사,10,10,4200318,포남시장,128.90766061502285,37.76392281820552,44,,09:50,18:20
42092151,212,강릉-동해상사,11,11,4200259,용지각,128.90537716328666,37.76184119439877,44,,09:50,18:20
42092151,212,강릉-동해상사,12,12,4200095,한국자산관리공사,128.90111921880606,37.75827929877246,44,,09:50,18:20
42092151,212,강릉-동해상사,13,13,4200253,교보생명,128.89811415297848,37.756002485379526,44,,09:50,18:20
42092151,212,강릉-동해상사,14,14,4200251,한국은행,128.89406630781096,37.753485602290496,44,,09:50,18:20
42092151,212,강릉-동해상사,15,15,4200250,용강동서부시장,128.89174828581776,37.7556582744871,44,,09:50,18:20
42092151,212,강릉-동해상사,16,16,4200114,고용센터,128.88893105798073,37.75744085258255,44,,09:50,18:20
42092151,212,강릉-동해상사,17,17,4200116,적십자입구,128.88726321660565,37.757196360936135,44,,09:50,18:20
42092151,212,강릉-동해상사,18,18,4200118,터미널오거리,128.8840640923818,37.75608209292866,44,,09:50,18:20
42092151,212,강릉-동해상사,19,19,4200750,강릉시청앞,128.88013307678156,37.753651204654936,44,,09:50,18:20
42092151,212,강릉-동해상사,20,20,4200121,강릉시외.고속터미널,128.87911620808939,37.75486594086855,44,,09:50,18:20
42092151,212,강릉-동해상사,21,21,4202174,관동중학교,128.88185544452548,37.756909416385795,44,,09:50,18:20
42092151,212,강릉-동해상사,22,22,4202154,롯데캐슬시그니처,128.88177646219214,37.761744282876045,44,,09:50,18:20
42092151,212,강릉-동해상사,23,23,4200081,강일여고정문,128.88831689919587,37.76415997041872,44,,09:50,18:20
42092151,212,강릉-동해상사,24,24,4201376,가작다리입구,128.8944549231389,37.76589747732919,44,,09:50,18:20
42092151,212,강릉-동해상사,25,25,4200721,강릉역,128.8992580056024,37.76416330670135,44,,09:50,18:20
42092151,212,강릉-동해상사,26,26,4202155,교동하늘채스카이파크,128.90139949657416,37.77044271657007,44,,09:50,18:20
42092151,212,강릉-동해상사,27,27,4200111,하슬라중,128.90761293140218,37.77043125987649,44,,09:50,18:20
42092151,212,강릉-동해상사,28,28,4200109,동인병원입구,128.9094857690125,37.77102450992961,44,,09:50,18:20
42092151,212,강릉-동해상사,29,29,4200107,KT,128.9125052185983,37.77309475265464,44,,09:50,18:20
42092151,212,강릉-동해상사,30,30,4200290,한솔초교,128.91448068318238,37.77500059793141,44,,09:50,18:20
42092151,212,강릉-동해상사,31,31,4200105,동명중학교,128.9161008666347,37.77658681943468,44,,09:50,18:20
42092151,212,강릉-동해상사,32,32,4201236,포남2주공입구,128.91810027987142,37.77873395771816,44,,09:50,18:20
42092151,212,강릉-동해상사,33,33,4200103,경포고교,128.9190546436117,37.78057981084284,44,,09:50,18:20
42092151,212,강릉-동해상사,34,34,4200100,강원도교육연수원,128.91813970318609,37.785074864473685,44,,09:50,18:20
42092151,212,강릉-동해상사,35,35,4200047,강릉고정문,128.91550078840652,37.78828834947499,44,,09:50,18:20
42092151,212,강릉-동해상사,36,36,4202156,세인트존스호텔,128.92066155176954,37.789921292283566,44,,09:50,18:20
42092151,212,강릉-동해상사,37,37,4201234,초당분수공원,128.92421540479356,37.78614360918137,44,,09:50,18:20
42092151,212,강릉-동해상사,38,38,4202171,신라모노그램,128.92766337576,37.78423838201166,44,,09:50,18:20
42092151,212,강릉-동해상사,39,39,4200051,송정래미안,128.93021609974548,37.78282723196739,44,,09:50,18:20
42092151,212,강릉-동해상사,40,40,4200054,삼익아파트,128.93336344346523,37.7794509217129,44,,09:50,18:20
42092151,212,강릉-동해상사,41,41,4200056,해당화연립,128.9356053065312,37.7785328972295,44,,09:50,18:20
42092151,212,강릉-동해상사,42,42,4200279,신도브래뉴,128.93862914925478,37.77730338810464,44,,09:50,18:20
42092151,212,강릉-동해상사,43,43,4201428,오션시티아이파크,128.94156983542882,37.775150292669956,44,,09:50,18:20
42092151,212,강릉-동해상사,44,44,4201044,안목커피거리,128.94543559396536,37.77260342997581,44,,09:50,18:20
42002151,212,강릉-동진버스,1,1,4201043,안목,128.94526892930932,37.77285146151794,44,,07:30,15:30
42002151,212,강릉-동진버스,2,2,4201386,송정한신아파트후문,128.93962441064605,37.773612640324636,44,,07:30,15:30
42002151,212,강릉-동진버스,3,3,4200274,송정노인회관,128.93141909498914,37.77512821569013,44,,07:30,15:30
42002151,212,강릉-동진버스,4,4,4200272,송정동주민센터,128.92775106138072,37.77430053196711,44,,07:30,15:30
42002151,212,강릉-동진버스,5,5,4200270,이마트,128.92290403192536,37.77218493598484,44,,07:30,15:30
42002151,212,강릉-동진버스,6,6,4200268,삼우은성아파트,128.91881978171756,37.77007704319862,44,,07:30,15:30
42002151,212,강릉-동진버스,7,7,4200266,혜성연립,128.9154402649905,37.76852760326643,44,,07:30,15:30
42002151,212,강릉-동진버스,8,8,4200264,구)동해상사,128.91165113985977,37.76683747950902,44,,07:30,15:30
42002151,212,강릉-동진버스,9,9,4200262,로얄아파트.포남1동주민센터,128.90933288179943,37.76545703763149,44,,07:30,15:30
42002151,212,강릉-동진버스,10,10,4200318,포남시장,128.90766061502285,37.76392281820552,44,,07:30,15:30
42002151,212,강릉-동진버스,11,11,4200259,용지각,128.90537716328666,37.76184119439877,44,,07:30,15:30
42002151,212,강릉-동진버스,12,12,4200095,한국자산관리공사,128.90111921880606,37.75827929877246,44,,07:30,15:30
42002151,212,강릉-동진버스,13,13,4200253,교보생명,128.89811415297848,37.756002485379526,44,,07:30,15:30
42002151,212,강릉-동진버스,14,14,4200251,한국은행,128.89406630781096,37.753485602290496,44,,07:30,15:30
42002151,212,강릉-동진버스,15,15,4200250,용강동서부시장,128.89174828581776,37.7556582744871,44,,07:30,15:30
42002151,212,강릉-동진버스,16,16,4200114,고용센터,128.88893105798073,37.75744085258255,44,,07:30,15:30
42002151,212,강릉-동진버스,17,17,4200116,적십자입구,128.88726321660565,37.757196360936135,44,,07:30,15:30
42002151,212,강릉-동진버스,18,18,4200118,터미널오거리,128.8840640923818,37.75608209292866,44,,07:30,15:30
42002151,212,강릉-동진버스,19,19,4200750,강릉시청앞,128.88013307678156,37.753651204654936,44,,07:30,15:30
42002151,212,강릉-동진버스,20,20,4200121,강릉시외.고속터미널,128.87911620808939,37.75486594086855,44,,07:30,15:30
42002151,212,강릉-동진버스,21,21,4202174,관동중학교,128.88185544452548,37.756909416385795,44,,07:30,15:30
42002151,212,강릉-동진버스,22,22,4202154,롯데캐슬시그니처,128.88177646219214,37.761744282876045,44,,07:30,15:30
42002151,212,강릉-동진버스,23,23,4200081,강일여고정문,128.88831689919587,37.76415997041872,44,,07:30,15:30
42002151,212,강릉-동진버스,24,24,4201376,가작다리입구,128.8944549231389,37.76589747732919,44,,07:30,15:30
42002151,212,강릉-동진버스,25,25,4200721,강릉역,128.8992580056024,37.76416330670135,44,,07:30,15:30
42002151,212,강릉-동진버스,26,26,4202155,교동하늘채스카이파크,128.90139949657416,37.77044271657007,44,,07:30,15:30
42002151,212,강릉-동진버스,27,27,4200111,하슬라중,128.90761293140218,37.77043125987649,44,,07:30,15:30
42002151,212,강릉-동진버스,28,28,4200109,동인병원입구,128.9094857690125,37.77102450992961,44,,07:30,15:30
42002151,212,강릉-동진버스,29,29,4200107,KT,128.9125052185983,37.77309475265464,44,,07:30,15:30
42002151,212,강릉-동진버스,30,30,4200290,한솔초교,128.91448068318238,37.77500059793141,44,,07:30,15:30
42002151,212,강릉-동진버스,31,31,4200105,동명중학교,128.9161008666347,37.77658681943468,44,,07:30,15:30
42002151,212,강릉-동진버스,32,32,4201236,포남2주공입구,128.91810027987142,37.77873395771816,44,,07:30,15:30
42002151,212,강릉-동진버스,33,33,4200103,경포고교,128.9190546436117,37.78057981084284,44,,07:30,15:30
42002151,212,강릉-동진버스,34,34,4200100,강원도교육연수원,128.91813970318609,37.785074864473685,44,,07:30,15:30
42002151,212,강릉-동진버스,35,35,4200047,강릉고정문,128.91550078840652,37.78828834947499,44,,07:30,15:30
42002151,212,강릉-동진버스,36,36,4202156,세인트존스호텔,128.92066155176954,37.789921292283566,44,,07:30,15:30
42002151,212,강릉-동진버스,37,37,4201234,초당분수공원,128.92421540479356,37.78614360918137,44,,07:30,15:30
42002151,212,강릉-동진버스,38,38,4202171,신라모노그램,128.92766337576,37.78423838201166,44,,07:30,15:30
42002151,212,강릉-동진버스,39,39,4200051,송정래미안,128.93021609974548,37.78282723196739,44,,07:30,15:30
42002151,212,강릉-동진버스,40,40,4200054,삼익아파트,128.93336344346523,37.7794509217129,44,,07:30,15:30
42002151,212,강릉-동진버스,41,41,4200056,해당화연립,128.9356053065312,37.7785328972295,44,,07:30,15:30
42002151,212,강릉-동진버스,42,42,4200279,신도브래뉴,128.93862914925478,37.77730338810464,44,,07:30,15:30
42002151,212,강릉-동진버스,43,43,4201428,오션시티아이파크,128.94156983542882,37.775150292669956,44,,07:30,15:30
42002151,212,강릉-동진버스,44,44,4201044,안목커피거리,128.94543559396536,37.77260342997581,44,,07:30,15:30
42092152,212-1,강릉-동해상사,1,1,4201043,안목,128.94526892930932,37.77285146151794,44,,08:00,16:00
42092152,212-1,강릉-동해상사,2,2,4201427,오션시티아이파크,128.94172063887467,37.77534012183183,44,,08:00,16:00
42092152,212-1,강릉-동해상사,3,3,4200280,송정해변,128.9381119893655,37.77768849372205,44,,08:00,16:00
42092152,212-1,강릉-동해상사,4,4,4200055,해당화연립,128.93501598562065,37.778964657496246,44,,08:00,16:00
42092152,212-1,강릉-동해상사,5,5,4200053,오성학교,128.93312248716418,37.77978287851338,44,,08:00,16:00
42092152,212-1,강릉-동해상사,6,6,4200052,송정래미안,128.93038982126572,37.78292573478735,44,,08:00,16:00
42092152,212-1,강릉-동해상사,7,7,4202172,신라모노그램,128.92730314100064,37.78470637599459,44,,08:00,16:00
42092152,212-1,강릉-동해상사,8,8,4202158,세인트존스호텔,128.9208321964743,37.79000919070631,44,,08:00,16:00
42092152,212-1,강릉-동해상사,9,9,4200048,강릉고정문,128.91587216477294,37.7875280017598,44,,08:00,16:00
42092152,212-1,강릉-동해상사,10,10,4200059,강원도교육연수원,128.9180532877992,37.78499697853126,44,,08:00,16:00
42092152,212-1,강릉-동해상사,11,11,4200101,강릉고입구,128.92013482012848,37.783607089094346,44,,08:00,16:00
42092152,212-1,강릉-동해상사,12,12,4200288,경포고교,128.91881546540267,37.78075927662396,44,,08:00,16:00
42092152,212-1,강릉-동해상사,13,13,4201220,포남2주공입구,128.9179885478381,37.77901498558293,44,,08:00,16:00
42092152,212-1,강릉-동해상사,14,14,4200104,동명중학교,128.91637238303827,37.777185998905715,44,,08:00,16:00
42092152,212-1,강릉-동해상사,15,15,4200289,한솔초교,128.9142086436632,37.775058134113436,44,,08:00,16:00
42092152,212-1,강릉-동해상사,16,16,4200106,KT,128.91181164590185,37.77275858732733,44,,08:00,16:00
42092152,212-1,강릉-동해상사,17,17,4200108,동인병원입구,128.90953558421478,37.77125258486367,44,,08:00,16:00
42092152,212-1,강릉-동해상사,18,18,4200110,하슬라중,128.90715554439282,37.77053362559672,44,,08:00,16:00
42092152,212-1,강릉-동해상사,19,19,4200542,강릉MBC,128.90392601394964,37.77039013888439,44,,08:00,16:00
42092152,212-1,강릉-동해상사,20,20,4201221,교동하늘채스카이파크,128.90200271905258,37.770481553669924,44,,08:00,16:00
42092152,212-1,강릉-동해상사,21,21,4200721,강릉역,128.8992580056024,37.76416330670135,44,,08:00,16:00
42092152,212-1,강릉-동해상사,22,22,4201375,가작다리입구,128.8943546413669,37.766101443660936,44,,08:00,16:00
42092152,212-1,강릉-동해상사,23,23,4200082,강일여고정문,128.8875516595327,37.76393626119314,44,,08:00,16:00
42092152,212-1,강릉-동해상사,24,24,4202157,롯데캐슬시그니처,128.88150991460472,37.76169156053964,44,,08:00,16:00
42092152,212-1,강릉-동해상사,25,25,4202173,관동중학교,128.88157113042865,37.75688715011548,44,,08:00,16:00
42092152,212-1,강릉-동해상사,26,26,4200750,강릉시청앞,128.88013307678156,37.753651204654936,44,,08:00,16:00
42092152,212-1,강릉-동해상사,27,27,4200121,강릉시외.고속터미널,128.87911620808939,37.75486594086855,44,,08:00,16:00
42092152,212-1,강릉-동해상사,28,28,4200119,터미널오거리,128.88381140539954,37.755579088211434,44,,08:00,16:00
42092152,212-1,강릉-동해상사,29,29,4200117,적십자입구,128.88647213220725,37.75676623567213,44,,08:00,16:00
42092152,212-1,강릉-동해상사,30,30,4200115,고용센터,128.8890663454416,37.75714942132559,44,,08:00,16:00
42092152,212-1,강릉-동해상사,31,31,4200249,용강동서부시장,128.89167287030088,37.75492247590215,44,,08:00,16:00
42092152,212-1,강릉-동해상사,32,32,4200252,신영극장,128.8961287589657,37.75448236011555,44,,08:00,16:00
42092152,212-1,강릉-동해상사,33,33,4200094,강릉여고,128.90248424479844,37.75904463050879,44,,08:00,16:00
42092152,212-1,강릉-동해상사,34,34,4200258,용지각,128.90534669055177,37.76147384168322,44,,08:00,16:00
42092152,212-1,강릉-동해상사,35,35,4200260,동남아파트,128.9088062489658,37.764638779656714,44,,08:00,16:00
42092152,212-1,강릉-동해상사,36,36,4200049,남강초교,128.91338089940805,37.76735161096919,44,,08:00,16:00
42092152,212-1,강릉-동해상사,37,37,4200265,혜성연립,128.91575952067353,37.76841531999017,44,,08:00,16:00
42092152,212-1,강릉-동해상사,38,38,4200267,삼우은성아파트,128.91973659122027,37.77025900516923,44,,08:00,16:00
42092152,212-1,강릉-동해상사,39,39,4200269,이마트,128.92346774482266,37.772222356268564,44,,08:00,16:00
42092152,212-1,강릉-동해상사,40,40,4200271,송정동주민센터,128.9281580126049,37.77420386430584,44,,08:00,16:00
42092152,212-1,강릉-동해상사,41,41,4200273,송정신원아침도시,128.93190852770562,37.774810233413945,44,,08:00,16:00
42092152,212-1,강릉-동해상사,42,42,4200275,송정한신아파트입구,128.93667614488956,37.77380916737768,44,,08:00,16:00
42092152,212-1,강릉-동해상사,43,43,4200263,송정한신아파트후문,128.9386138022858,37.773558747641985,44,,08:00,16:00
42092152,212-1,강릉-동해상사,44,44,4201044,안목커피거리,128.94543559396536,37.77260342997581,44,,08:00,16:00
42002152,212-1,강릉-동진버스,1,1,4201043,안목,128.94526892930932,37.77285146151794,44,,09:20,17:50
42002152,212-1,강릉-동진버스,2,2,4201427,오션시티아이파크,128.94172063887467,37.77534012183183,44,,09:20,17:50
42002152,212-1,강릉-동진버스,3,3,4200280,송정해변,128.9381119893655,37.77768849372205,44,,09:20,17:50
42002152,212-1,강릉-동진버스,4,4,4200055,해당화연립,128.93501598562065,37.778964657496246,44,,09:20,17:50
42002152,212-1,강릉-동진버스,5,5,4200053,오성학교,128.93312248716418,37.77978287851338,44,,09:20,17:50
42002152,212-1,강릉-동진버스,6,6,4200052,송정래미안,128.93038982126572,37.78292573478735,44,,09:20,17:50
42002152,212-1,강릉-동진버스,7,7,4202172,신라모노그램,128.92730314100064,37.78470637599459,44,,09:20,17:50
42002152,212-1,강릉-동진버스,8,8,4202158,세인트존스호텔,128.9208321964743,37.79000919070631,44,,09:20,17:50
42002152,212-1,강릉-동진버스,9,9,4200048,강릉고정문,128.91587216477294,37.7875280017598,44,,09:20,17:50
42002152,212-1,강릉-동진버스,10,10,4200059,강원도교육연수원,128.9180532877992,37.78499697853126,44,,09:20,17:50
42002152,212-1,강릉-동진버스,11,11,4200101,강릉고입구,128.92013482012848,37.783607089094346,44,,09:20,17:50
42002152,212-1,강릉-동진버스,12,12,4200288,경포고교,128.91881546540267,37.78075927662396,44,,09:20,17:50
42002152,212-1,강릉-동진버스,13,13,4201220,포남2주공입구,128.9179885478381,37.77901498558293,44,,09:20,17:50
42002152,212-1,강릉-동진버스,14,14,4200104,동명중학교,128.91637238303827,37.777185998905715,44,,09:20,17:50
42002152,212-1,강릉-동진버스,15,15,4200289,한솔초교,128.9142086436632,37.775058134113436,44,,09:20,17:50
42002152,212-1,강릉-동진버스,16,16,4200106,KT,128.91181164590185,37.77275858732733,44,,09:20,17:50
42002152,212-1,강릉-동진버스,17,17,4200108,동인병원입구,128.90953558421478,37.77125258486367,44,,09:20,17:50
42002152,212-1,강릉-동진버스,18,18,4200110,하슬라중,128.90715554439282,37.77053362559672,44,,09:20,17:50
42002152,212-1,강릉-동진버스,19,19,4200542,강릉MBC,128.90392601394964,37.77039013888439,44,,09:20,17:50
42002152,212-1,강릉-동진버스,20,20,4201221,교동하늘채스카이파크,128.90200271905258,37.770481553669924,44,,09:20,17:50
42002152,212-1,강릉-동진버스,21,21,4200721,강릉역,128.8992580056024,37.76416330670135,44,,09:20,17:50
42002152,212-1,강릉-동진버스,22,22,4201375,가작다리입구,128.8943546413669,37.766101443660936,44,,09:20,17:50
42002152,212-1,강릉-동진버스,23,23,4200082,강일여고정문,128.8875516595327,37.76393626119314,44,,09:20,17:50
42002152,212-1,강릉-동진버스,24,24,4202157,롯데캐슬시그니처,128.88150991460472,37.76169156053964,44,,09:20,17:50
42002152,212-1,강릉-동진버스,25,25,4202173,관동중학교,128.88157113042865,37.75688715011548,44,,09:20,17:50
42002152,212-1,강릉-동진버스,26,26,4200750,강릉시청앞,128.88013307678156,37.753651204654936,44,,09:20,17:50
42002152,212-1,강릉-동진버스,27,27,4200121,강릉시외.고속터미널,128.87911620808939,37.75486594086855,44,,09:20,17:50
42002152,212-1,강릉-동진버스,28,28,4200119,터미널오거리,128.88381140539954,37.755579088211434,44,,09:20,17:50
42002152,212-1,강릉-동진버스,29,29,4200117,적십자입구,128.88647213220725,37.75676623567213,44,,09:20,17:50
42002152,212-1,강릉-동진버스,30,30,4200115,고용센터,128.8890663454416,37.75714942132559,44,,09:20,17:50
42002152,212-1,강릉-동진버스,31,31,4200249,용강동서부시장,128.89167287030088,37.75492247590215,44,,09:20,17:50
42002152,212-1,강릉-동진버스,32,32,4200252,신영극장,128.8961287589657,37.75448236011555,44,,09:20,17:50
42002152,212-1,강릉-동진버스,33,33,4200094,강릉여고,128.90248424479844,37.75904463050879,44,,09:20,17:50
42002152,212-1,강릉-동진버스,34,34,4200258,용지각,128.90534669055177,37.76147384168322,44,,09:20,17:50
42002152,212-1,강릉-동진버스,35,35,4200260,동남아파트,128.9088062489658,37.764638779656714,44,,09:20,17:50
42002152,212-1,강릉-동진버스,36,36,4200049,남강초교,128.91338089940805,37.76735161096919,44,,09:20,17:50
42002152,212-1,강릉-동진버스,37,37,4200265,혜성연립,128.91575952067353,37.76841531999017,44,,09:20,17:50
42002152,212-1,강릉-동진버스,38,38,4200267,삼우은성아파트,128.91973659122027,37.77025900516923,44,,09:20,17:50
42002152,212-1,강릉-동진버스,39,39,4200269,이마트,128.92346774482266,37.772222356268564,44,,09:20,17:50
42002152,212-1,강릉-동진버스,40,40,4200271,송정동주민센터,128.9281580126049,37.77420386430584,44,,09:20,17:50
42002152,212-1,강릉-동진버스,41,41,4200273,송정신원아침도시,128.93190852770562,37.774810233413945,44,,09:20,17:50
42002152,212-1,강릉-동진버스,42,42,4200275,송정한신아파트입구,128.93667614488956,37.77380916737768,44,,09:20,17:50
42002152,212-1,강릉-동진버스,43,43,4200263,송정한신아파트후문,128.9386138022858,37.773558747641985,44,,09:20,17:50
42002152,212-1,강릉-동진버스,44,44,4201044,안목커피거리,128.94543559396536,37.77260342997581,44,,09:20,17:50
42002036,223,강릉-동진버스,1,1,4201043,안목,128.94526892930932,37.77285146151794,30,,07:16,20:59
42002036,223,강릉-동진버스,2,2,4201427,오션시티아이파크,128.94172063887467,37.77534012183183,30,,07:16,20:59
42002036,223,강릉-동진버스,3,3,4200280,송정해변,128.9381119893655,37.77768849372205,30,,07:16,20:59
42002036,223,강릉-동진버스,4,4,4200055,해당화연립,128.93501598562065,37.778964657496246,30,,07:16,20:59
42002036,223,강릉-동진버스,5,5,4200053,오성학교,128.93312248716418,37.77978287851338,30,,07:16,20:59
42002036,223,강릉-동진버스,6,6,4200052,송정래미안,128.93038982126572,37.78292573478735,30,,07:16,20:59
42002036,223,강릉-동진버스,7,7,4202172,신라모노그램,128.92730314100064,37.78470637599459,30,,07:16,20:59
42002036,223,강릉-동진버스,8,8,4201233,초당분수공원,128.9221385517862,37.785996929695614,30,,07:16,20:59
42002036,223,강릉-동진버스,9,9,4200101,강릉고입구,128.92013482012848,37.783607089094346,30,,07:16,20:59
42002036,223,강릉-동진버스,10,10,4200288,경포고교,128.91881546540267,37.78075927662396,30,,07:16,20:59
42002036,223,강릉-동진버스,11,11,4201220,포남2주공입구,128.9179885478381,37.77901498558293,30,,07:16,20:59
42002036,223,강릉-동진버스,12,12,4200104,동명중학교,128.91637238303827,37.777185998905715,30,,07:16,20:59
42002036,223,강릉-동진버스,13,13,4200289,한솔초교,128.9142086436632,37.775058134113436,30,,07:16,20:59
42002036,223,강릉-동진버스,14,14,4200106,KT,128.91181164590185,37.77275858732733,30,,07:16,20:59
42002036,223,강릉-동진버스,15,15,4200108,동인병원입구,128.90953558421478,37.77125258486367,30,,07:16,20:59
42002036,223,강릉-동진버스,16,16,4200110,하슬라중,128.90715554439282,37.77053362559672,30,,07:16,20:59
42002036,223,강릉-동진버스,17,17,4200057,강릉경찰서,128.90688706685629,37.768055768979885,30,,07:16,20:59
42002036,223,강릉-동진버스,18,18,4200322,동도센트리움,128.90456486009336,37.76619195310031,30,,07:16,20:59
42002036,223,강릉-동진버스,19,19,4200320,강릉역육거리,128.9015605860337,37.763796951176055,30,,07:16,20:59
42002036,223,강릉-동진버스,20,20,4200721,강릉역,128.8992580056024,37.76416330670135,30,,07:16,20:59
42002036,223,강릉-동진버스,21,21,4201039,강릉농협중앙지점,128.8996914930678,37.76005119983009,30,,07:16,20:59
42002036,223,강릉-동진버스,22,22,4200253,교보생명,128.89811415297848,37.756002485379526,30,,07:16,20:59
42002036,223,강릉-동진버스,23,23,4200251,한국은행,128.89406630781096,37.753485602290496,30,,07:16,20:59
42002036,223,강릉-동진버스,24,24,4201036,용강동,128.89145488440622,37.7543870741593,30,,07:16,20:59
42002036,223,강릉-동진버스,25,25,4201034,장수탕,128.8873508979562,37.75226332684143,30,,07:16,20:59
42002036,223,강릉-동진버스,26,26,4201032,삼개사입구,128.88684645443755,37.75026780562399,30,,07:16,20:59
42002036,223,강릉-동진버스,27,27,4200001,내곡교,128.88717490623026,37.74653766880734,30,,07:16,20:59
42002036,223,강릉-동진버스,28,28,4200361,보건소,128.8822115594926,37.743635964592464,30,,07:16,20:59
42002036,223,강릉-동진버스,29,29,4200360,하나로마트내곡점,128.88016921110417,37.740597240336115,30,,07:16,20:59
42002036,223,강릉-동진버스,30,30,4200063,가톨릭관동대학교,128.87804152995903,37.738296118202754,30,,07:16,20:59
42002037,224,강릉-동진버스,1,1,4201043,안목,128.94526892930932,37.77285146151794,34,,16:40,16:40
42002037,224,강릉-동진버스,2,2,4201427,오션시티아이파크,128.94172063887467,37.77534012183183,34,,16:40,16:40
42002037,224,강릉-동진버스,3,3,4200280,송정해변,128.9381119893655,37.77768849372205,34,,16:40,16:40
42002037,224,강릉-동진버스,4,4,4200055,해당화연립,128.93501598562065,37.778964657496246,34,,16:40,16:40
42002037,224,강릉-동진버스,5,5,4200053,오성학교,128.93312248716418,37.77978287851338,34,,16:40,16:40
42002037,224,강릉-동진버스,6,6,4200052,송정래미안,128.93038982126572,37.78292573478735,34,,16:40,16:40
42002037,224,강릉-동진버스,7,7,4202172,신라모노그램,128.92730314100064,37.78470637599459,34,,16:40,16:40
42002037,224,강릉-동진버스,8,8,4201233,초당분수공원,128.9221385517862,37.785996929695614,34,,16:40,16:40
42002037,224,강릉-동진버스,9,9,4200101,강릉고입구,128.92013482012848,37.783607089094346,34,,16:40,16:40
42002037,224,강릉-동진버스,10,10,4200288,경포고교,128.91881546540267,37.78075927662396,34,,16:40,16:40
42002037,224,강릉-동진버스,11,11,4201220,포남2주공입구,128.9179885478381,37.77901498558293,34,,16:40,16:40
42002037,224,강릉-동진버스,12,12,4200104,동명중학교,128.91637238303827,37.777185998905715,34,,16:40,16:40
42002037,224,강릉-동진버스,13,13,4200289,한솔초교,128.9142086436632,37.775058134113436,34,,16:40,16:40
42002037,224,강릉-동진버스,14,14,4200106,KT,128.91181164590185,37.77275858732733,34,,16:40,16:40
42002037,224,강릉-동진버스,15,15,4200108,동인병원입구,128.90953558421478,37.77125258486367,34,,16:40,16:40
42002037,224,강릉-동진버스,16,16,4200110,하슬라중,128.90715554439282,37.77053362559672,34,,16:40,16:40
42002037,224,강릉-동진버스,17,17,4200112,강릉관광개발공사,128.9085231695166,37.76800046518587,34,,16:40,16:40
42002037,224,강릉-동진버스,18,18,4201045,성덕동주민센터,128.91516594318634,37.762763608124146,34,,16:40,16:40
42002037,224,강릉-동진버스,19,19,4201047,입암4주공아파트,128.91655461094618,37.76166752794127,34,,16:40,16:40
42002037,224,강릉-동진버스,20,20,4201049,원마트,128.91839757804996,37.76020248248705,34,,16:40,16:40
42002037,224,강릉-동진버스,21,21,4200755,입암6주공아파트,128.91994172349143,37.75895755917794,34,,16:40,16:40
42002037,224,강릉-동진버스,22,22,4200753,중앙초교,128.92202942311576,37.75730416097501,34,,16:40,16:40
42002037,224,강릉-동진버스,23,23,4200025,금호어울림정문,128.9194883208178,37.754726898441014,34,,16:40,16:40
42002037,224,강릉-동진버스,24,24,4202168,남부노인종합복지관,128.91401073487134,37.753047049518,34,,16:40,16:40
42002037,224,강릉-동진버스,25,25,4200762,입암현대아파트,128.91270364556544,37.753026994257695,34,,16:40,16:40
42002037,224,강릉-동진버스,26,26,4200765,성덕초등학교,128.91017117535122,37.75573609872045,34,,16:40,16:40
42002037,224,강릉-동진버스,27,27,4200766,입암1주공아파트,128.90620017782277,37.75501242269486,34,,16:40,16:40
42002037,224,강릉-동진버스,28,28,4201245,양우내안애아파트,128.9018874469489,37.75145322200816,34,,16:40,16:40
42002037,224,강릉-동진버스,29,29,4200793,잠수교,128.89948844495035,37.7500516781015,34,,16:40,16:40
42002037,224,강릉-동진버스,30,30,4200795,신화아파트,128.89739318948855,37.749293198227164,34,,16:40,16:40
42002037,224,강릉-동진버스,31,31,4200001,내곡교,128.88717490623026,37.74653766880734,34,,16:40,16:40
42002037,224,강릉-동진버스,32,32,4200361,보건소,128.8822115594926,37.743635964592464,34,,16:40,16:40
42002037,224,강릉-동진버스,33,33,4200360,하나로마트내곡점,128.88016921110417,37.740597240336115,34,,16:40,16:40
42002037,224,강릉-동진버스,34,34,4200063,가톨릭관동대학교,128.87804152995903,37.738296118202754,34,,16:40,16:40
42002037,224,강릉-동진버스,35,35,4200359,하나로마트내곡점,128.88026417146904,37.7410809708167,34,,16:40,16:40
42002037,224,강릉-동진버스,36,36,4200065,보건소,128.8829859719751,37.74393637256719,34,,16:40,16:40
42002037,224,강릉-동진버스,37,37,4200358,삼창그린맨션,128.88749893563826,37.744743384730015,34,,16:40,16:40
42002037,224,강릉-동진버스,38,38,4200357,내곡교,128.88814500034871,37.745625057468914,34,,16:40,16:40
42002037,224,강릉-동진버스,39,39,4200798,남산입구,128.8920065213286,37.747695999509396,34,,16:40,16:40
42002037,224,강릉-동진버스,40,40,4200796,신화아파트,128.8983309878122,37.7493513359141,34,,16:40,16:40
42002037,224,강릉-동진버스,41,41,4200794,잠수교,128.8998046277538,37.75006345498387,34,,16:40,16:40
42002037,224,강릉-동진버스,42,42,4201243,양우내안애아파트,128.90225216607172,37.751490811466354,34,,16:40,16:40
42002037,224,강릉-동진버스,43,43,4200767,입암1주공아파트,128.90600846284408,37.75457671115239,34,,16:40,16:40
42002037,224,강릉-동진버스,44,44,4200764,대목아파트,128.91036775859212,37.7552461618319,34,,16:40,16:40
42002037,224,강릉-동진버스,45,45,4200763,입암현대아파트,128.91229270015563,37.753112836072376,34,,16:40,16:40
42002037,224,강릉-동진버스,46,46,4202167,남부노인종합복지관,128.91383118471262,37.752564379737024,34,,16:40,16:40
42002037,224,강릉-동진버스,47,47,4200751,금호어울림정문,128.91957971290998,37.754473371718376,34,,16:40,16:40
42002037,224,강릉-동진버스,48,48,4200752,중앙초교,128.9223833558042,37.757342016100644,34,,16:40,16:40
42002037,224,강릉-동진버스,49,49,4200754,입암6주공아파트,128.9200510349674,37.759167158773394,34,,16:40,16:40
42002037,224,강릉-동진버스,50,50,4201050,원마트,128.9185145864492,37.76040631401962,34,,16:40,16:40
42002037,224,강릉-동진버스,51,51,4201048,입암4주공아파트,128.9166989706064,37.761858842951916,34,,16:40,16:40
42002037,224,강릉-동진버스,52,52,4201046,성덕동주민센터,128.91533375948597,37.76294836172143,34,,16:40,16:40
42002037,224,강릉-동진버스,53,53,4200113,강릉관광개발공사,128.90865897771857,37.76820323697218,34,,16:40,16:40
42002037,224,강릉-동진버스,54,54,4200111,하슬라중,128.90761293140218,37.77043125987649,34,,16:40,16:40
42002037,224,강릉-동진버스,55,55,4200109,동인병원입구,128.9094857690125,37.77102450992961,34,,16:40,16:40
42002037,224,강릉-동진버스,56,56,4200107,KT,128.9125052185983,37.77309475265464,34,,16:40,16:40
42002037,224,강릉-동진버스,57,57,4200290,한솔초교,128.91448068318238,37.77500059793141,34,,16:40,16:40
42002037,224,강릉-동진버스,58,58,4200105,동명중학교,128.9161008666347,37.77658681943468,34,,16:40,16:40
42002037,224,강릉-동진버스,59,59,4201236,포남2주공입구,128.91810027987142,37.77873395771816,34,,16:40,16:40
42002037,224,강릉-동진버스,60,60,4200103,경포고교,128.9190546436117,37.78057981084284,34,,16:40,16:40
42002037,224,강릉-동진버스,61,61,4200102,강릉고입구,128.92044843215433,37.78352944320342,34,,16:40,16:40
42002037,224,강릉-동진버스,62,62,4201234,초당분수공원,128.92421540479356,37.78614360918137,34,,16:40,16:40
42002037,224,강릉-동진버스,63,63,4202171,신라모노그램,128.92766337576,37.78423838201166,34,,16:40,16:40
42002037,224,강릉-동진버스,64,64,4200051,송정래미안,128.93021609974548,37.78282723196739,34,,16:40,16:40
42002037,224,강릉-동진버스,65,65,4200054,삼익아파트,128.93336344346523,37.7794509217129,34,,16:40,16:40
42002037,224,강릉-동진버스,66,66,4200056,해당화연립,128.9356053065312,37.7785328972295,34,,16:40,16:40
42002037,224,강릉-동진버스,67,67,4200279,신도브래뉴,128.93862914925478,37.77730338810464,34,,16:40,16:40
42002037,224,강릉-동진버스,68,68,4201428,오션시티아이파크,128.94156983542882,37.775150292669956,34,,16:40,16:40
42002037,224,강릉-동진버스,69,69,4201044,안목커피거리,128.94543559396536,37.77260342997581,34,,16:40,16:40
42002084,224-1,강릉-동진버스,1,1,4201043,안목,128.94526892930932,37.77285146151794,37,,08:10,08:10
42002084,224-1,강릉-동진버스,2,2,4201427,오션시티아이파크,128.94172063887467,37.77534012183183,37,,08:10,08:10
42002084,224-1,강릉-동진버스,3,3,4200280,송정해변,128.9381119893655,37.77768849372205,37,,08:10,08:10
42002084,224-1,강릉-동진버스,4,4,4200055,해당화연립,128.93501598562065,37.778964657496246,37,,08:10,08:10
42002084,224-1,강릉-동진버스,5,5,4200053,오성학교,128.93312248716418,37.77978287851338,37,,08:10,08:10
42002084,224-1,강릉-동진버스,6,6,4200052,송정래미안,128.93038982126572,37.78292573478735,37,,08:10,08:10
42002084,224-1,강릉-동진버스,7,7,4202172,신라모노그램,128.92730314100064,37.78470637599459,37,,08:10,08:10
42002084,224-1,강릉-동진버스,8,8,4201233,초당분수공원,128.9221385517862,37.785996929695614,37,,08:10,08:10
42002084,224-1,강릉-동진버스,9,9,4200101,강릉고입구,128.92013482012848,37.783607089094346,37,,08:10,08:10
42002084,224-1,강릉-동진버스,10,10,4200288,경포고교,128.91881546540267,37.78075927662396,37,,08:10,08:10
42002084,224-1,강릉-동진버스,11,11,4201220,포남2주공입구,128.9179885478381,37.77901498558293,37,,08:10,08:10
42002084,224-1,강릉-동진버스,12,12,4200104,동명중학교,128.91637238303827,37.777185998905715,37,,08:10,08:10
42002084,224-1,강릉-동진버스,13,13,4200289,한솔초교,128.9142086436632,37.775058134113436,37,,08:10,08:10
42002084,224-1,강릉-동진버스,14,14,4200106,KT,128.91181164590185,37.77275858732733,37,,08:10,08:10
42002084,224-1,강릉-동진버스,15,15,4200108,동인병원입구,128.90953558421478,37.77125258486367,37,,08:10,08:10
42002084,224-1,강릉-동진버스,16,16,4200110,하슬라중,128.90715554439282,37.77053362559672,37,,08:10,08:10
42002084,224-1,강릉-동진버스,17,17,4200112,강릉관광개발공사,128.9085231695166,37.76800046518587,37,,08:10,08:10
42002084,224-1,강릉-동진버스,18,18,4201045,성덕동주민센터,128.91516594318634,37.762763608124146,37,,08:10,08:10
42002084,224-1,강릉-동진버스,19,19,4201047,입암4주공아파트,128.91655461094618,37.76166752794127,37,,08:10,08:10
42002084,224-1,강릉-동진버스,20,20,4201049,원마트,128.91839757804996,37.76020248248705,37,,08:10,08:10
42002084,224-1,강릉-동진버스,21,21,4200755,입암6주공아파트,128.91994172349143,37.75895755917794,37,,08:10,08:10
42002084,224-1,강릉-동진버스,22,22,4200753,중앙초교,128.92202942311576,37.75730416097501,37,,08:10,08:10
42002084,224-1,강릉-동진버스,23,23,4200025,금호어울림정문,128.9194883208178,37.754726898441014,37,,08:10,08:10
42002084,224-1,강릉-동진버스,24,24,4202168,남부노인종합복지관,128.91401073487134,37.753047049518,37,,08:10,08:10
42002084,224-1,강릉-동진버스,25,25,4201055,더샵아파트,128.91179177957773,37.7496554344983,37,,08:10,08:10
42002084,224-1,강릉-동진버스,26,26,4200790,노암한라아파트,128.9030338994368,37.744009473539954,37,,08:10,08:10
42002084,224-1,강릉-동진버스,27,27,4200618,경포중학교,128.90069076576023,37.743138298255545,37,,08:10,08:10
42002084,224-1,강릉-동진버스,28,28,4200788,원예농협강남점,128.89681243940322,37.742695820214294,37,,08:10,08:10
42002084,224-1,강릉-동진버스,29,29,4200773,노암대림아파트,128.89670020630172,37.7443968332287,37,,08:10,08:10
42002084,224-1,강릉-동진버스,30,30,4200770,은마아파트,128.89705025699647,37.747304327883974,37,,08:10,08:10
42002084,224-1,강릉-동진버스,31,31,4200001,내곡교,128.88717490623026,37.74653766880734,37,,08:10,08:10
42002084,224-1,강릉-동진버스,32,32,4200849,내곡현대아파트,128.88327994384045,37.74557191636756,37,,08:10,08:10
42002084,224-1,강릉-동진버스,33,33,4200366,내곡한라아파트,128.88110089995297,37.74513149140333,37,,08:10,08:10
42002084,224-1,강릉-동진버스,34,34,4200847,회산주공1단지,128.87955033053632,37.744879735537495,37,,08:10,08:10
42002084,224-1,강릉-동진버스,35,35,4200758,회산주공2단지,128.8755135006868,37.7435978056025,37,,08:10,08:10
42002084,224-1,강릉-동진버스,36,36,4200845,회산교,128.86893532851613,37.74168123777201,37,,08:10,08:10
42002084,224-1,강릉-동진버스,37,37,4200843,서희아파트,128.86634677134685,37.73976016715972,37,,08:10,08:10
42002084,224-1,강릉-동진버스,38,38,4200844,회산교,128.86938257728545,37.741799533605175,37,,08:10,08:10
42002084,224-1,강릉-동진버스,39,39,4200062,회산주공2단지,128.87633822960112,37.74368399842067,37,,08:10,08:10
42002084,224-1,강릉-동진버스,40,40,4200846,회산주공1단지,128.87934233274848,37.74463886683866,37,,08:10,08:10
42002084,224-1,강릉-동진버스,41,41,4201208,내곡한라아파트,128.88109989979574,37.744994216797494,37,,08:10,08:10
42002084,224-1,강릉-동진버스,42,42,4200848,내곡현대아파트,128.8834148503297,37.74546973753321,37,,08:10,08:10
42002084,224-1,강릉-동진버스,43,43,4200066,내곡교,128.88659128664105,37.74625364038564,37,,08:10,08:10
42002084,224-1,강릉-동진버스,44,44,4200798,남산입구,128.8920065213286,37.747695999509396,37,,08:10,08:10
42002084,224-1,강릉-동진버스,45,45,4200768,단오문화관,128.8967729024353,37.7481043414214,37,,08:10,08:10
42002084,224-1,강릉-동진버스,46,46,4200771,은마아파트,128.89677272965307,37.746541962257844,37,,08:10,08:10
42002084,224-1,강릉-동진버스,47,47,4200772,노암대림아파트,128.8964957795506,37.74447513098166,37,,08:10,08:10
42002084,224-1,강릉-동진버스,48,48,4200787,원예농협강남점,128.8968065666806,37.74246510458876,37,,08:10,08:10
42002084,224-1,강릉-동진버스,49,49,4200061,경포중학교,128.90033514931517,37.74283267675838,37,,08:10,08:10
42002084,224-1,강릉-동진버스,50,50,4200789,강남동주민센터,128.9049218912141,37.74425517651889,37,,08:10,08:10
42002084,224-1,강릉-동진버스,51,51,4201056,더샵아파트,128.91218064135074,37.749852342787776,37,,08:10,08:10
42002084,224-1,강릉-동진버스,52,52,4202167,남부노인종합복지관,128.91383118471262,37.752564379737024,37,,08:10,08:10
42002084,224-1,강릉-동진버스,53,53,4200751,금호어울림정문,128.91957971290998,37.754473371718376,37,,08:10,08:10
42002084,224-1,강릉-동진버스,54,54,4200752,중앙초교,128.9223833558042,37.757342016100644,37,,08:10,08:10
42002084,224-1,강릉-동진버스,55,55,4200754,입암6주공아파트,128.9200510349674,37.759167158773394,37,,08:10,08:10
42002084,224-1,강릉-동진버스,56,56,4201050,원마트,128.9185145864492,37.76040631401962,37,,08:10,08:10
42002084,224-1,강릉-동진버스,57,57,4201048,입암4주공아파트,128.9166989706064,37.761858842951916,37,,08:10,08:10
42002084,224-1,강릉-동진버스,58,58,4201046,성덕동주민센터,128.91533375948597,37.76294836172143,37,,08:10,08:10
42002084,224-1,강릉-동진버스,59,59,4200113,강릉관광개발공사,128.90865897771857,37.76820323697218,37,,08:10,08:10
42002084,224-1,강릉-동진버스,60,60,4200111,하슬라중,128.90761293140218,37.77043125987649,37,,08:10,08:10
42002084,224-1,강릉-동진버스,61,61,4200109,동인병원입구,128.9094857690125,37.77102450992961,37,,08:10,08:10
42002084,224-1,강릉-동진버스,62,62,4200107,KT,128.9125052185983,37.77309475265464,37,,08:10,08:10
42002084,224-1,강릉-동진버스,63,63,4200290,한솔초교,128.91448068318238,37.77500059793141,37,,08:10,08:10
42002084,224-1,강릉-동진버스,64,64,4200105,동명중학교,128.9161008666347,37.77658681943468,37,,08:10,08:10
42002084,224-1,강릉-동진버스,65,65,4201236,포남2주공입구,128.91810027987142,37.77873395771816,37,,08:10,08:10
42002084,224-1,강릉-동진버스,66,66,4200103,경포고교,128.9190546436117,37.78057981084284,37,,08:10,08:10
42002084,224-1,강릉-동진버스,67,67,4200102,강릉고입구,128.92044843215433,37.78352944320342,37,,08:10,08:10
42002084,224-1,강릉-동진버스,68,68,4201234,초당분수공원,128.92421540479356,37.78614360918137,37,,08:10,08:10
42002084,224-1,강릉-동진버스,69,69,4202171,신라모노그램,128.92766337576,37.78423838201166,37,,08:10,08:10
42002084,224-1,강릉-동진버스,70,70,4200051,송정래미안,128.93021609974548,37.78282723196739,37,,08:10,08:10
42002084,224-1,강릉-동진버스,71,71,4200054,삼익아파트,128.93336344346523,37.7794509217129,37,,08:10,08:10
42002084,224-1,강릉-동진버스,72,72,4200056,해당화연립,128.9356053065312,37.7785328972295,37,,08:10,08:10
42002084,224-1,강릉-동진버스,73,73,4200279,신도브래뉴,128.93862914925478,37.77730338810464,37,,08:10,08:10
42002084,224-1,강릉-동진버스,74,74,4201428,오션시티아이파크,128.94156983542882,37.775150292669956,37,,08:10,08:10
42002084,224-1,강릉-동진버스,75,75,4201044,안목커피거리,128.94543559396536,37.77260342997581,37,,08:10,08:10
42002086,225,강릉-동진버스,1,1,4201043,안목,128.94526892930932,37.77285146151794,45,,"08:35
홀수일 운행","17:50
홀수일 운행"
42002086,225,강릉-동진버스,2,2,4201386,송정한신아파트후문,128.93962441064605,37.773612640324636,45,,"08:35
홀수일 운행","17:50
홀수일 운행"
42002086,225,강릉-동진버스,3,3,4200276,송정한신아파트입구,128.93668274097607,37.7740287226972,45,,"08:35
홀수일 운행","17:50
홀수일 운행"
42002086,225,강릉-동진버스,4,4,4200274,송정노인회관,128.93141909498914,37.77512821569013,45,,"08:35
홀수일 운행","17:50
홀수일 운행"
42002086,225,강릉-동진버스,5,5,4200272,송정동주민센터,128.92775106138072,37.77430053196711,45,,"08:35
홀수일 운행","17:50
홀수일 운행"
42002086,225,강릉-동진버스,6,6,4200270,이마트,128.92290403192536,37.77218493598484,45,,"08:35
홀수일 운행","17:50
홀수일 운행"
42002086,225,강릉-동진버스,7,7,4200268,삼우은성아파트,128.91881978171756,37.77007704319862,45,,"08:35
홀수일 운행","17:50
홀수일 운행"
42002086,225,강릉-동진버스,8,8,4200266,혜성연립,128.9154402649905,37.76852760326643,45,,"08:35
홀수일 운행","17:50
홀수일 운행"
42002086,225,강릉-동진버스,9,9,4200264,구)동해상사,128.91165113985977,37.76683747950902,45,,"08:35
홀수일 운행","17:50
홀수일 운행"
42002086,225,강릉-동진버스,10,10,4200262,로얄아파트.포남1동주민센터,128.90933288179943,37.76545703763149,45,,"08:35
홀수일 운행","17:50
홀수일 운행"
42002086,225,강릉-동진버스,11,11,4200318,포남시장,128.90766061502285,37.76392281820552,45,,"08:35
홀수일 운행","17:50
홀수일 운행"
42002086,225,강릉-동진버스,12,12,4200259,용지각,128.90537716328666,37.76184119439877,45,,"08:35
홀수일 운행","17:50
홀수일 운행"
42002086,225,강릉-동진버스,13,13,4200257,옥천119안전센터,128.90305174420297,37.761041080134646,45,,"08:35
홀수일 운행","17:50
홀수일 운행"
42002086,225,강릉-동진버스,14,14,4200721,강릉역,128.8992580056024,37.76416330670135,45,,"08:35
홀수일 운행","17:50
홀수일 운행"
42002086,225,강릉-동진버스,15,15,4200256,옥천119안전센터,128.9022376115818,37.76136928474395,45,,"08:35
홀수일 운행","17:50
홀수일 운행"
42002086,225,강릉-동진버스,16,16,4200095,한국자산관리공사,128.90111921880606,37.75827929877246,45,,"08:35
홀수일 운행","17:50
홀수일 운행"
42002086,225,강릉-동진버스,17,17,4200253,교보생명,128.89811415297848,37.756002485379526,45,,"08:35
홀수일 운행","17:50
홀수일 운행"
42002086,225,강릉-동진버스,18,18,4200251,한국은행,128.89406630781096,37.753485602290496,45,,"08:35
홀수일 운행","17:50
홀수일 운행"
42002086,225,강릉-동진버스,19,19,4200250,용강동서부시장,128.89174828581776,37.7556582744871,45,,"08:35
홀수일 운행","17:50
홀수일 운행"
42002086,225,강릉-동진버스,20,20,4200114,고용센터,128.88893105798073,37.75744085258255,45,,"08:35
홀수일 운행","17:50
홀수일 운행"
42002086,225,강릉-동진버스,21,21,4200116,적십자입구,128.88726321660565,37.757196360936135,45,,"08:35
홀수일 운행","17:50
홀수일 운행"
42002086,225,강릉-동진버스,22,22,4200118,터미널오거리,128.8840640923818,37.75608209292866,45,,"08:35
홀수일 운행","17:50
홀수일 운행"
42002086,225,강릉-동진버스,23,23,4200120,강릉시외.고속터미널,128.8792265208128,37.75505492071011,45,,"08:35
홀수일 운행","17:50
홀수일 운행"
42002086,225,강릉-동진버스,24,24,4200565,우미린아파트,128.87023572987053,37.75716460769394,45,,"08:35
홀수일 운행","17:50
홀수일 운행"
42002086,225,강릉-동진버스,25,25,4200543,미디어촌5단지,128.86758571434657,37.753701754139904,45,,"08:35
홀수일 운행","17:50
홀수일 운행"
42002086,225,강릉-동진버스,26,26,4200045,형제막국수,128.86624288991882,37.755124519467394,45,,"08:35
홀수일 운행","17:50
홀수일 운행"
42002086,225,강릉-동진버스,27,27,4200479,유천행복주택,128.86570448042954,37.76159011454386,45,,"08:35
홀수일 운행","17:50
홀수일 운행"
42002086,225,강릉-동진버스,28,28,4209995,강원대학교치과대학병원,128.86959763767547,37.76381436688745,45,,"08:35
홀수일 운행","17:50
홀수일 운행"
42002086,225,강릉-동진버스,29,29,4200400,강릉복합복지체육센터,128.87000704257403,37.762859214055275,45,,"08:35
홀수일 운행","17:50
홀수일 운행"
42002086,225,강릉-동진버스,30,30,4201250,선수촌8단지,128.87011109214671,37.76078977894948,45,,"08:35
홀수일 운행","17:50
홀수일 운행"
42002086,225,강릉-동진버스,31,31,4200548,강릉소방서,128.87119323619314,37.7580009949989,45,,"08:35
홀수일 운행","17:50
홀수일 운행"
42002086,225,강릉-동진버스,32,32,4200121,강릉시외.고속터미널,128.87911620808939,37.75486594086855,45,,"08:35
홀수일 운행","17:50
홀수일 운행"
42002086,225,강릉-동진버스,33,33,4200750,강릉시청앞,128.88013307678156,37.753651204654936,45,,"08:35
홀수일 운행","17:50
홀수일 운행"
42002086,225,강릉-동진버스,34,34,4201027,강릉시청,128.8780384572547,37.75085435055292,45,,"08:35
홀수일 운행","17:50
홀수일 운행"
42002086,225,강릉-동진버스,35,35,4201028,홍제I.C,128.8794230311205,37.7473811776377,45,,"08:35
홀수일 운행","17:50
홀수일 운행"
42002086,225,강릉-동진버스,36,36,4200067,홍제동주민센터,128.8842229051066,37.747848454396006,45,,"08:35
홀수일 운행","17:50
홀수일 운행"
42002086,225,강릉-동진버스,37,37,4200001,내곡교,128.88717490623026,37.74653766880734,45,,"08:35
홀수일 운행","17:50
홀수일 운행"
42002086,225,강릉-동진버스,38,38,4200849,내곡현대아파트,128.88327994384045,37.74557191636756,45,,"08:35
홀수일 운행","17:50
홀수일 운행"
42002086,225,강릉-동진버스,39,39,4200366,내곡한라아파트,128.88110089995297,37.74513149140333,45,,"08:35
홀수일 운행","17:50
홀수일 운행"
42002086,225,강릉-동진버스,40,40,4200847,회산주공1단지,128.87955033053632,37.744879735537495,45,,"08:35
홀수일 운행","17:50
홀수일 운행"
42002086,225,강릉-동진버스,41,41,4200758,회산주공2단지,128.8755135006868,37.7435978056025,45,,"08:35
홀수일 운행","17:50
홀수일 운행"
42002086,225,강릉-동진버스,42,42,4200845,회산교,128.86893532851613,37.74168123777201,45,,"08:35
홀수일 운행","17:50
홀수일 운행"
42002086,225,강릉-동진버스,43,43,4200842,서희아파트,128.86542964738,37.739494273568006,45,,"08:35
홀수일 운행","17:50
홀수일 운행"
42002086,225,강릉-동진버스,44,44,4200841,강일운수(회산한신더휴아파트),128.86326996430768,37.736857601908014,45,,"08:35
홀수일 운행","17:50
홀수일 운행"
42002086,225,강릉-동진버스,45,45,4200398,회산종점,128.8605464983993,37.731597103272264,45,,"08:35
홀수일 운행","17:50
홀수일 운행"
42091015,225,강릉-동해상사,1,1,4201043,안목,128.94526892930932,37.77285146151794,45,,"08:35
짝수일 운행","17:50
짝수일 운행"
42091015,225,강릉-동해상사,2,2,4201386,송정한신아파트후문,128.93962441064605,37.773612640324636,45,,"08:35
짝수일 운행","17:50
짝수일 운행"
42091015,225,강릉-동해상사,3,3,4200276,송정한신아파트입구,128.93668274097607,37.7740287226972,45,,"08:35
짝수일 운행","17:50
짝수일 운행"
42091015,225,강릉-동해상사,4,4,4200274,송정노인회관,128.93141909498914,37.77512821569013,45,,"08:35
짝수일 운행","17:50
짝수일 운행"
42091015,225,강릉-동해상사,5,5,4200272,송정동주민센터,128.92775106138072,37.77430053196711,45,,"08:35
짝수일 운행","17:50
짝수일 운행"
42091015,225,강릉-동해상사,6,6,4200270,이마트,128.92290403192536,37.77218493598484,45,,"08:35
짝수일 운행","17:50
짝수일 운행"
42091015,225,강릉-동해상사,7,7,4200268,삼우은성아파트,128.91881978171756,37.77007704319862,45,,"08:35
짝수일 운행","17:50
짝수일 운행"
42091015,225,강릉-동해상사,8,8,4200266,혜성연립,128.9154402649905,37.76852760326643,45,,"08:35
짝수일 운행","17:50
짝수일 운행"
42091015,225,강릉-동해상사,9,9,4200264,구)동해상사,128.91165113985977,37.76683747950902,45,,"08:35
짝수일 운행","17:50
짝수일 운행"
42091015,225,강릉-동해상사,10,10,4200262,로얄아파트.포남1동주민센터,128.90933288179943,37.76545703763149,45,,"08:35
짝수일 운행","17:50
짝수일 운행"
42091015,225,강릉-동해상사,11,11,4200318,포남시장,128.90766061502285,37.76392281820552,45,,"08:35
짝수일 운행","17:50
짝수일 운행"
42091015,225,강릉-동해상사,12,12,4200259,용지각,128.90537716328666,37.76184119439877,45,,"08:35
짝수일 운행","17:50
짝수일 운행"
42091015,225,강릉-동해상사,13,13,4200257,옥천119안전센터,128.90305174420297,37.761041080134646,45,,"08:35
짝수일 운행","17:50
짝수일 운행"
42091015,225,강릉-동해상사,14,14,4200721,강릉역,128.8992580056024,37.76416330670135,45,,"08:35
짝수일 운행","17:50
짝수일 운행"
42091015,225,강릉-동해상사,15,15,4200256,옥천119안전센터,128.9022376115818,37.76136928474395,45,,"08:35
짝수일 운행","17:50
짝수일 운행"
42091015,225,강릉-동해상사,16,16,4200095,한국자산관리공사,128.90111921880606,37.75827929877246,45,,"08:35
짝수일 운행","17:50
짝수일 운행"
42091015,225,강릉-동해상사,17,17,4200253,교보생명,128.89811415297848,37.756002485379526,45,,"08:35
짝수일 운행","17:50
짝수일 운행"
42091015,225,강릉-동해상사,18,18,4200251,한국은행,128.89406630781096,37.753485602290496,45,,"08:35
짝수일 운행","17:50
짝수일 운행"
42091015,225,강릉-동해상사,19,19,4200250,용강동서부시장,128.89174828581776,37.7556582744871,45,,"08:35
짝수일 운행","17:50
짝수일 운행"
42091015,225,강릉-동해상사,20,20,4200114,고용센터,128.88893105798073,37.75744085258255,45,,"08:35
짝수일 운행","17:50
짝수일 운행"
42091015,225,강릉-동해상사,21,21,4200116,적십자입구,128.88726321660565,37.757196360936135,45,,"08:35
짝수일 운행","17:50
짝수일 운행"
42091015,225,강릉-동해상사,22,22,4200118,터미널오거리,128.8840640923818,37.75608209292866,45,,"08:35
짝수일 운행","17:50
짝수일 운행"
42091015,225,강릉-동해상사,23,23,4200120,강릉시외.고속터미널,128.8792265208128,37.75505492071011,45,,"08:35
짝수일 운행","17:50
짝수일 운행"
42091015,225,강릉-동해상사,24,24,4200565,우미린아파트,128.87023572987053,37.75716460769394,45,,"08:35
짝수일 운행","17:50
짝수일 운행"
42091015,225,강릉-동해상사,25,25,4200543,미디어촌5단지,128.86758571434657,37.753701754139904,45,,"08:35
짝수일 운행","17:50
짝수일 운행"
42091015,225,강릉-동해상사,26,26,4200045,형제막국수,128.86624288991882,37.755124519467394,45,,"08:35
짝수일 운행","17:50
짝수일 운행"
42091015,225,강릉-동해상사,27,27,4200479,유천행복주택,128.86570448042954,37.76159011454386,45,,"08:35
짝수일 운행","17:50
짝수일 운행"
42091015,225,강릉-동해상사,28,28,4209995,강원대학교치과대학병원,128.86959763767547,37.76381436688745,45,,"08:35
짝수일 운행","17:50
짝수일 운행"
42091015,225,강릉-동해상사,29,29,4200400,강릉복합복지체육센터,128.87000704257403,37.762859214055275,45,,"08:35
짝수일 운행","17:50
짝수일 운행"
42091015,225,강릉-동해상사,30,30,4201250,선수촌8단지,128.87011109214671,37.76078977894948,45,,"08:35
짝수일 운행","17:50
짝수일 운행"
42091015,225,강릉-동해상사,31,31,4200548,강릉소방서,128.87119323619314,37.7580009949989,45,,"08:35
짝수일 운행","17:50
짝수일 운행"
42091015,225,강릉-동해상사,32,32,4200121,강릉시외.고속터미널,128.87911620808939,37.75486594086855,45,,"08:35
짝수일 운행","17:50
짝수일 운행"
42091015,225,강릉-동해상사,33,33,4200750,강릉시청앞,128.88013307678156,37.753651204654936,45,,"08:35
짝수일 운행","17:50
짝수일 운행"
42091015,225,강릉-동해상사,34,34,4201027,강릉시청,128.8780384572547,37.75085435055292,45,,"08:35
짝수일 운행","17:50
짝수일 운행"
42091015,225,강릉-동해상사,35,35,4201028,홍제I.C,128.8794230311205,37.7473811776377,45,,"08:35
짝수일 운행","17:50
짝수일 운행"
42091015,225,강릉-동해상사,36,36,4200067,홍제동주민센터,128.8842229051066,37.747848454396006,45,,"08:35
짝수일 운행","17:50
짝수일 운행"
42091015,225,강릉-동해상사,37,37,4200001,내곡교,128.88717490623026,37.74653766880734,45,,"08:35
짝수일 운행","17:50
짝수일 운행"
42091015,225,강릉-동해상사,38,38,4200849,내곡현대아파트,128.88327994384045,37.74557191636756,45,,"08:35
짝수일 운행","17:50
짝수일 운행"
42091015,225,강릉-동해상사,39,39,4200366,내곡한라아파트,128.88110089995297,37.74513149140333,45,,"08:35
짝수일 운행","17:50
짝수일 운행"
42091015,225,강릉-동해상사,40,40,4200847,회산주공1단지,128.87955033053632,37.744879735537495,45,,"08:35
짝수일 운행","17:50
짝수일 운행"
42091015,225,강릉-동해상사,41,41,4200758,회산주공2단지,128.8755135006868,37.7435978056025,45,,"08:35
짝수일 운행","17:50
짝수일 운행"
42091015,225,강릉-동해상사,42,42,4200845,회산교,128.86893532851613,37.74168123777201,45,,"08:35
짝수일 운행","17:50
짝수일 운행"
42091015,225,강릉-동해상사,43,43,4200842,서희아파트,128.86542964738,37.739494273568006,45,,"08:35
짝수일 운행","17:50
짝수일 운행"
42091015,225,강릉-동해상사,44,44,4200841,강일운수(회산한신더휴아파트),128.86326996430768,37.736857601908014,45,,"08:35
짝수일 운행","17:50
짝수일 운행"
42091015,225,강릉-동해상사,45,45,4200398,회산종점,128.8605464983993,37.731597103272264,45,,"08:35
짝수일 운행","17:50
짝수일 운행"
42091016,225-1,강릉-동해상사,1,1,4200398,회산종점,128.8605464983993,37.731597103272264,41,,"09:50
짝수일 운행","19:05
짝수일 운행"
42091016,225-1,강릉-동해상사,2,2,4200840,강일운수(회산한신더휴아파트),128.8635961632995,37.73687831617277,41,,"09:50
짝수일 운행","19:05
짝수일 운행"
42091016,225-1,강릉-동해상사,3,3,4200843,서희아파트,128.86634677134685,37.73976016715972,41,,"09:50
짝수일 운행","19:05
짝수일 운행"
42091016,225-1,강릉-동해상사,4,4,4200844,회산교,128.86938257728545,37.741799533605175,41,,"09:50
짝수일 운행","19:05
짝수일 운행"
42091016,225-1,강릉-동해상사,5,5,4200062,회산주공2단지,128.87633822960112,37.74368399842067,41,,"09:50
짝수일 운행","19:05
짝수일 운행"
42091016,225-1,강릉-동해상사,6,6,4200846,회산주공1단지,128.87934233274848,37.74463886683866,41,,"09:50
짝수일 운행","19:05
짝수일 운행"
42091016,225-1,강릉-동해상사,7,7,4201208,내곡한라아파트,128.88109989979574,37.744994216797494,41,,"09:50
짝수일 운행","19:05
짝수일 운행"
42091016,225-1,강릉-동해상사,8,8,4200848,내곡현대아파트,128.8834148503297,37.74546973753321,41,,"09:50
짝수일 운행","19:05
짝수일 운행"
42091016,225-1,강릉-동해상사,9,9,4200066,내곡교,128.88659128664105,37.74625364038564,41,,"09:50
짝수일 운행","19:05
짝수일 운행"
42091016,225-1,강릉-동해상사,10,10,4201030,홍제동주민센터,128.88454291738702,37.74807153236862,41,,"09:50
짝수일 운행","19:05
짝수일 운행"
42091016,225-1,강릉-동해상사,11,11,4201029,홍제I.C,128.87894077910576,37.74749468304007,41,,"09:50
짝수일 운행","19:05
짝수일 운행"
42091016,225-1,강릉-동해상사,12,12,4200120,강릉시외.고속터미널,128.8792265208128,37.75505492071011,41,,"09:50
짝수일 운행","19:05
짝수일 운행"
42091016,225-1,강릉-동해상사,13,13,4200565,우미린아파트,128.87023572987053,37.75716460769394,41,,"09:50
짝수일 운행","19:05
짝수일 운행"
42091016,225-1,강릉-동해상사,14,14,4200543,미디어촌5단지,128.86758571434657,37.753701754139904,41,,"09:50
짝수일 운행","19:05
짝수일 운행"
42091016,225-1,강릉-동해상사,15,15,4200045,형제막국수,128.86624288991882,37.755124519467394,41,,"09:50
짝수일 운행","19:05
짝수일 운행"
42091016,225-1,강릉-동해상사,16,16,4200479,유천행복주택,128.86570448042954,37.76159011454386,41,,"09:50
짝수일 운행","19:05
짝수일 운행"
42091016,225-1,강릉-동해상사,17,17,4209995,강원대학교치과대학병원,128.86959763767547,37.76381436688745,41,,"09:50
짝수일 운행","19:05
짝수일 운행"
42091016,225-1,강릉-동해상사,18,18,4200400,강릉복합복지체육센터,128.87000704257403,37.762859214055275,41,,"09:50
짝수일 운행","19:05
짝수일 운행"
42091016,225-1,강릉-동해상사,19,19,4201250,선수촌8단지,128.87011109214671,37.76078977894948,41,,"09:50
짝수일 운행","19:05
짝수일 운행"
42091016,225-1,강릉-동해상사,20,20,4200548,강릉소방서,128.87119323619314,37.7580009949989,41,,"09:50
짝수일 운행","19:05
짝수일 운행"
42091016,225-1,강릉-동해상사,21,21,4200121,강릉시외.고속터미널,128.87911620808939,37.75486594086855,41,,"09:50
짝수일 운행","19:05
짝수일 운행"
42091016,225-1,강릉-동해상사,22,22,4200119,터미널오거리,128.88381140539954,37.755579088211434,41,,"09:50
짝수일 운행","19:05
짝수일 운행"
42091016,225-1,강릉-동해상사,23,23,4200117,적십자입구,128.88647213220725,37.75676623567213,41,,"09:50
짝수일 운행","19:05
짝수일 운행"
42091016,225-1,강릉-동해상사,24,24,4200115,고용센터,128.8890663454416,37.75714942132559,41,,"09:50
짝수일 운행","19:05
짝수일 운행"
42091016,225-1,강릉-동해상사,25,25,4200249,용강동서부시장,128.89167287030088,37.75492247590215,41,,"09:50
짝수일 운행","19:05
짝수일 운행"
42091016,225-1,강릉-동해상사,26,26,4200252,신영극장,128.8961287589657,37.75448236011555,41,,"09:50
짝수일 운행","19:05
짝수일 운행"
42091016,225-1,강릉-동해상사,27,27,4200094,강릉여고,128.90248424479844,37.75904463050879,41,,"09:50
짝수일 운행","19:05
짝수일 운행"
42091016,225-1,강릉-동해상사,28,28,4200257,옥천119안전센터,128.90305174420297,37.761041080134646,41,,"09:50
짝수일 운행","19:05
짝수일 운행"
42091016,225-1,강릉-동해상사,29,29,4200293,강릉역건너편,128.8990669694857,37.76400772021464,41,,"09:50
짝수일 운행","19:05
짝수일 운행"
42091016,225-1,강릉-동해상사,30,30,4200256,옥천119안전센터,128.9022376115818,37.76136928474395,41,,"09:50
짝수일 운행","19:05
짝수일 운행"
42091016,225-1,강릉-동해상사,31,31,4200258,용지각,128.90534669055177,37.76147384168322,41,,"09:50
짝수일 운행","19:05
짝수일 운행"
42091016,225-1,강릉-동해상사,32,32,4200260,동남아파트,128.9088062489658,37.764638779656714,41,,"09:50
짝수일 운행","19:05
짝수일 운행"
42091016,225-1,강릉-동해상사,33,33,4200049,남강초교,128.91338089940805,37.76735161096919,41,,"09:50
짝수일 운행","19:05
짝수일 운행"
42091016,225-1,강릉-동해상사,34,34,4200265,혜성연립,128.91575952067353,37.76841531999017,41,,"09:50
짝수일 운행","19:05
짝수일 운행"
42091016,225-1,강릉-동해상사,35,35,4200267,삼우은성아파트,128.91973659122027,37.77025900516923,41,,"09:50
짝수일 운행","19:05
짝수일 운행"
42091016,225-1,강릉-동해상사,36,36,4200269,이마트,128.92346774482266,37.772222356268564,41,,"09:50
짝수일 운행","19:05
짝수일 운행"
42091016,225-1,강릉-동해상사,37,37,4200271,송정동주민센터,128.9281580126049,37.77420386430584,41,,"09:50
짝수일 운행","19:05
짝수일 운행"
42091016,225-1,강릉-동해상사,38,38,4200273,송정신원아침도시,128.93190852770562,37.774810233413945,41,,"09:50
짝수일 운행","19:05
짝수일 운행"
42091016,225-1,강릉-동해상사,39,39,4200275,송정한신아파트입구,128.93667614488956,37.77380916737768,41,,"09:50
짝수일 운행","19:05
짝수일 운행"
42091016,225-1,강릉-동해상사,40,40,4200263,송정한신아파트후문,128.9386138022858,37.773558747641985,41,,"09:50
짝수일 운행","19:05
짝수일 운행"
42091016,225-1,강릉-동해상사,41,41,4201044,안목커피거리,128.94543559396536,37.77260342997581,41,,"09:50
짝수일 운행","19:05
짝수일 운행"
42002087,225-1,강릉-동진버스,1,1,4200398,회산종점,128.8605464983993,37.731597103272264,41,,"09:50
홀수일 운행","19:05
홀수일 운행"
42002087,225-1,강릉-동진버스,2,2,4200840,강일운수(회산한신더휴아파트),128.8635961632995,37.73687831617277,41,,"09:50
홀수일 운행","19:05
홀수일 운행"
42002087,225-1,강릉-동진버스,3,3,4200843,서희아파트,128.86634677134685,37.73976016715972,41,,"09:50
홀수일 운행","19:05
홀수일 운행"
42002087,225-1,강릉-동진버스,4,4,4200844,회산교,128.86938257728545,37.741799533605175,41,,"09:50
홀수일 운행","19:05
홀수일 운행"
42002087,225-1,강릉-동진버스,5,5,4200062,회산주공2단지,128.87633822960112,37.74368399842067,41,,"09:50
홀수일 운행","19:05
홀수일 운행"
42002087,225-1,강릉-동진버스,6,6,4200846,회산주공1단지,128.87934233274848,37.74463886683866,41,,"09:50
홀수일 운행","19:05
홀수일 운행"
42002087,225-1,강릉-동진버스,7,7,4201208,내곡한라아파트,128.88109989979574,37.744994216797494,41,,"09:50
홀수일 운행","19:05
홀수일 운행"
42002087,225-1,강릉-동진버스,8,8,4200848,내곡현대아파트,128.8834148503297,37.74546973753321,41,,"09:50
홀수일 운행","19:05
홀수일 운행"
42002087,225-1,강릉-동진버스,9,9,4200066,내곡교,128.88659128664105,37.74625364038564,41,,"09:50
홀수일 운행","19:05
홀수일 운행"
42002087,225-1,강릉-동진버스,10,10,4201030,홍제동주민센터,128.88454291738702,37.74807153236862,41,,"09:50
홀수일 운행","19:05
홀수일 운행"
42002087,225-1,강릉-동진버스,11,11,4201029,홍제I.C,128.87894077910576,37.74749468304007,41,,"09:50
홀수일 운행","19:05
홀수일 운행"
42002087,225-1,강릉-동진버스,12,12,4200120,강릉시외.고속터미널,128.8792265208128,37.75505492071011,41,,"09:50
홀수일 운행","19:05
홀수일 운행"
42002087,225-1,강릉-동진버스,13,13,4200565,우미린아파트,128.87023572987053,37.75716460769394,41,,"09:50
홀수일 운행","19:05
홀수일 운행"
42002087,225-1,강릉-동진버스,14,14,4200543,미디어촌5단지,128.86758571434657,37.753701754139904,41,,"09:50
홀수일 운행","19:05
홀수일 운행"
42002087,225-1,강릉-동진버스,15,15,4200045,형제막국수,128.86624288991882,37.755124519467394,41,,"09:50
홀수일 운행","19:05
홀수일 운행"
42002087,225-1,강릉-동진버스,16,16,4200479,유천행복주택,128.86570448042954,37.76159011454386,41,,"09:50
홀수일 운행","19:05
홀수일 운행"
42002087,225-1,강릉-동진버스,17,17,4209995,강원대학교치과대학병원,128.86959763767547,37.76381436688745,41,,"09:50
홀수일 운행","19:05
홀수일 운행"
42002087,225-1,강릉-동진버스,18,18,4200400,강릉복합복지체육센터,128.87000704257403,37.762859214055275,41,,"09:50
홀수일 운행","19:05
홀수일 운행"
42002087,225-1,강릉-동진버스,19,19,4201250,선수촌8단지,128.87011109214671,37.76078977894948,41,,"09:50
홀수일 운행","19:05
홀수일 운행"
42002087,225-1,강릉-동진버스,20,20,4200548,강릉소방서,128.87119323619314,37.7580009949989,41,,"09:50
홀수일 운행","19:05
홀수일 운행"
42002087,225-1,강릉-동진버스,21,21,4200121,강릉시외.고속터미널,128.87911620808939,37.75486594086855,41,,"09:50
홀수일 운행","19:05
홀수일 운행"
42002087,225-1,강릉-동진버스,22,22,4200119,터미널오거리,128.88381140539954,37.755579088211434,41,,"09:50
홀수일 운행","19:05
홀수일 운행"
42002087,225-1,강릉-동진버스,23,23,4200117,적십자입구,128.88647213220725,37.75676623567213,41,,"09:50
홀수일 운행","19:05
홀수일 운행"
42002087,225-1,강릉-동진버스,24,24,4200115,고용센터,128.8890663454416,37.75714942132559,41,,"09:50
홀수일 운행","19:05
홀수일 운행"
42002087,225-1,강릉-동진버스,25,25,4200249,용강동서부시장,128.89167287030088,37.75492247590215,41,,"09:50
홀수일 운행","19:05
홀수일 운행"
42002087,225-1,강릉-동진버스,26,26,4200252,신영극장,128.8961287589657,37.75448236011555,41,,"09:50
홀수일 운행","19:05
홀수일 운행"
42002087,225-1,강릉-동진버스,27,27,4200094,강릉여고,128.90248424479844,37.75904463050879,41,,"09:50
홀수일 운행","19:05
홀수일 운행"
42002087,225-1,강릉-동진버스,28,28,4200257,옥천119안전센터,128.90305174420297,37.761041080134646,41,,"09:50
홀수일 운행","19:05
홀수일 운행"
42002087,225-1,강릉-동진버스,29,29,4200293,강릉역건너편,128.8990669694857,37.76400772021464,41,,"09:50
홀수일 운행","19:05
홀수일 운행"
42002087,225-1,강릉-동진버스,30,30,4200256,옥천119안전센터,128.9022376115818,37.76136928474395,41,,"09:50
홀수일 운행","19:05
홀수일 운행"
42002087,225-1,강릉-동진버스,31,31,4200258,용지각,128.90534669055177,37.76147384168322,41,,"09:50
홀수일 운행","19:05
홀수일 운행"
42002087,225-1,강릉-동진버스,32,32,4200260,동남아파트,128.9088062489658,37.764638779656714,41,,"09:50
홀수일 운행","19:05
홀수일 운행"
42002087,225-1,강릉-동진버스,33,33,4200049,남강초교,128.91338089940805,37.76735161096919,41,,"09:50
홀수일 운행","19:05
홀수일 운행"
42002087,225-1,강릉-동진버스,34,34,4200265,혜성연립,128.91575952067353,37.76841531999017,41,,"09:50
홀수일 운행","19:05
홀수일 운행"
42002087,225-1,강릉-동진버스,35,35,4200267,삼우은성아파트,128.91973659122027,37.77025900516923,41,,"09:50
홀수일 운행","19:05
홀수일 운행"
42002087,225-1,강릉-동진버스,36,36,4200269,이마트,128.92346774482266,37.772222356268564,41,,"09:50
홀수일 운행","19:05
홀수일 운행"
42002087,225-1,강릉-동진버스,37,37,4200271,송정동주민센터,128.9281580126049,37.77420386430584,41,,"09:50
홀수일 운행","19:05
홀수일 운행"
42002087,225-1,강릉-동진버스,38,38,4200273,송정신원아침도시,128.93190852770562,37.774810233413945,41,,"09:50
홀수일 운행","19:05
홀수일 운행"
42002087,225-1,강릉-동진버스,39,39,4200275,송정한신아파트입구,128.93667614488956,37.77380916737768,41,,"09:50
홀수일 운행","19:05
홀수일 운행"
42002087,225-1,강릉-동진버스,40,40,4200263,송정한신아파트후문,128.9386138022858,37.773558747641985,41,,"09:50
홀수일 운행","19:05
홀수일 운행"
42002087,225-1,강릉-동진버스,41,41,4201044,안목커피거리,128.94543559396536,37.77260342997581,41,,"09:50
홀수일 운행","19:05
홀수일 운행"
42002040,228,강릉-동진버스,1,1,4200739,남항진해변,128.95440005417075,37.764111085296946,22,,07:10,20:28
42002040,228,강릉-동진버스,2,2,4200740,남항진,128.95041066307658,37.76404538789595,22,,07:10,20:28
42002040,228,강릉-동진버스,3,3,4201225,교통안전교육장,128.94086858039023,37.762907619978066,22,,07:10,20:28
42002040,228,강릉-동진버스,4,4,4200742,자루뫼.옹심이마을,128.93910155337016,37.76225882808405,22,,07:10,20:28
42002040,228,강릉-동진버스,5,5,4200744,학우리,128.93367670500427,37.76075578732405,22,,07:10,20:28
42002040,228,강릉-동진버스,6,6,4200746,핸들,128.93045204662351,37.75995348297138,22,,07:10,20:28
42002040,228,강릉-동진버스,7,7,4200748,차돌광,128.92675717507132,37.75922428188879,22,,07:10,20:28
42002040,228,강릉-동진버스,8,8,4200752,중앙초교,128.9223833558042,37.757342016100644,22,,07:10,20:28
42002040,228,강릉-동진버스,9,9,4200754,입암6주공아파트,128.9200510349674,37.759167158773394,22,,07:10,20:28
42002040,228,강릉-동진버스,10,10,4200757,입암5주공아파트,128.91468852686768,37.759901363335864,22,,07:10,20:28
42002040,228,강릉-동진버스,11,11,4200760,강릉중앙고,128.9128964493442,37.75959593531339,22,,07:10,20:28
42002040,228,강릉-동진버스,12,12,4200766,입암1주공아파트,128.90620017782277,37.75501242269486,22,,07:10,20:28
42002040,228,강릉-동진버스,13,13,4201198,남대천.강릉교,128.9010015999516,37.75454267936518,22,,07:10,20:28
42002040,228,강릉-동진버스,14,14,4200253,교보생명,128.89811415297848,37.756002485379526,22,,07:10,20:28
42002040,228,강릉-동진버스,15,15,4200251,한국은행,128.89406630781096,37.753485602290496,22,,07:10,20:28
42002040,228,강릉-동진버스,16,16,4200250,용강동서부시장,128.89174828581776,37.7556582744871,22,,07:10,20:28
42002040,228,강릉-동진버스,17,17,4200114,고용센터,128.88893105798073,37.75744085258255,22,,07:10,20:28
42002040,228,강릉-동진버스,18,18,4200116,적십자입구,128.88726321660565,37.757196360936135,22,,07:10,20:28
42002040,228,강릉-동진버스,19,19,4200118,터미널오거리,128.8840640923818,37.75608209292866,22,,07:10,20:28
42002040,228,강릉-동진버스,20,20,4200120,강릉시외.고속터미널,128.8792265208128,37.75505492071011,22,,07:10,20:28
42002040,228,강릉-동진버스,21,21,4200565,우미린아파트,128.87023572987053,37.75716460769394,22,,07:10,20:28
42002040,228,강릉-동진버스,22,22,4200543,미디어촌5단지,128.86758571434657,37.753701754139904,22,,07:10,20:28
42002040,228,강릉-동진버스,23,23,4200045,형제막국수,128.86624288991882,37.755124519467394,22,,07:10,20:28
42002040,228,강릉-동진버스,24,24,4200567,한내들아파트,128.8681446784216,37.75790349269205,22,,07:10,20:28
42002040,228,강릉-동진버스,25,25,4200548,강릉소방서,128.87119323619314,37.7580009949989,22,,07:10,20:28
42002040,228,강릉-동진버스,26,26,4200121,강릉시외.고속터미널,128.87911620808939,37.75486594086855,22,,07:10,20:28
42002040,228,강릉-동진버스,27,27,4200119,터미널오거리,128.88381140539954,37.755579088211434,22,,07:10,20:28
42002040,228,강릉-동진버스,28,28,4200117,적십자입구,128.88647213220725,37.75676623567213,22,,07:10,20:28
42002040,228,강릉-동진버스,29,29,4200115,고용센터,128.8890663454416,37.75714942132559,22,,07:10,20:28
42002040,228,강릉-동진버스,30,30,4200249,용강동서부시장,128.89167287030088,37.75492247590215,22,,07:10,20:28
42002040,228,강릉-동진버스,31,31,4200252,신영극장,128.8961287589657,37.75448236011555,22,,07:10,20:28
42002040,228,강릉-동진버스,32,32,4201199,남대천.강릉교,128.9010687000649,37.75417893755025,22,,07:10,20:28
42002040,228,강릉-동진버스,33,33,4200767,입암1주공아파트,128.90600846284408,37.75457671115239,22,,07:10,20:28
42002040,228,강릉-동진버스,34,34,4200761,강릉중앙고,128.912160218414,37.75937561358479,22,,07:10,20:28
42002040,228,강릉-동진버스,35,35,4200756,녹원아파트,128.9163613451306,37.7599236396456,22,,07:10,20:28
42002040,228,강릉-동진버스,36,36,4200755,입암6주공아파트,128.91994172349143,37.75895755917794,22,,07:10,20:28
42002040,228,강릉-동진버스,37,37,4200753,중앙초교,128.92202942311576,37.75730416097501,22,,07:10,20:28
42002040,228,강릉-동진버스,38,38,4200749,차돌광,128.92683577267843,37.75897194822883,22,,07:10,20:28
42002040,228,강릉-동진버스,39,39,4200747,핸들,128.9303807394757,37.75966393792041,22,,07:10,20:28
42002040,228,강릉-동진버스,40,40,4200745,반쟁이,128.93382070402052,37.76052490759301,22,,07:10,20:28
42002040,228,강릉-동진버스,41,41,4200743,자루뫼.옹심이마을,128.93907508604704,37.76218611247613,22,,07:10,20:28
42002040,228,강릉-동진버스,42,42,4201224,교통안전교육장,128.94081916548228,37.76277976059592,22,,07:10,20:28
42002040,228,강릉-동진버스,43,43,4200741,남항진,128.95055410190812,37.76391565217945,22,,07:10,20:28
42002040,228,강릉-동진버스,44,44,4200739,남항진해변,128.95440005417075,37.764111085296946,22,,07:10,20:28
42002042,230,강릉-동진버스,1,1,4200613,강문해변,128.91641678869786,37.79529298920251,29,,07:10,19:30
42002042,230,강릉-동진버스,2,2,4200616,초당순두부마을,128.91545728509436,37.791144787216254,29,,07:10,19:30
42002042,230,강릉-동진버스,3,3,4200048,강릉고정문,128.91587216477294,37.7875280017598,29,,07:10,19:30
42002042,230,강릉-동진버스,4,4,4200059,강원도교육연수원,128.9180532877992,37.78499697853126,29,,07:10,19:30
42002042,230,강릉-동진버스,5,5,4200101,강릉고입구,128.92013482012848,37.783607089094346,29,,07:10,19:30
42002042,230,강릉-동진버스,6,6,4200288,경포고교,128.91881546540267,37.78075927662396,29,,07:10,19:30
42002042,230,강릉-동진버스,7,7,4201220,포남2주공입구,128.9179885478381,37.77901498558293,29,,07:10,19:30
42002042,230,강릉-동진버스,8,8,4200104,동명중학교,128.91637238303827,37.777185998905715,29,,07:10,19:30
42002042,230,강릉-동진버스,9,9,4200289,한솔초교,128.9142086436632,37.775058134113436,29,,07:10,19:30
42002042,230,강릉-동진버스,10,10,4200106,KT,128.91181164590185,37.77275858732733,29,,07:10,19:30
42002042,230,강릉-동진버스,11,11,4200108,동인병원입구,128.90953558421478,37.77125258486367,29,,07:10,19:30
42002042,230,강릉-동진버스,12,12,4200110,하슬라중,128.90715554439282,37.77053362559672,29,,07:10,19:30
42002042,230,강릉-동진버스,13,13,4200057,강릉경찰서,128.90688706685629,37.768055768979885,29,,07:10,19:30
42002042,230,강릉-동진버스,14,14,4200322,동도센트리움,128.90456486009336,37.76619195310031,29,,07:10,19:30
42002042,230,강릉-동진버스,15,15,4200320,강릉역육거리,128.9015605860337,37.763796951176055,29,,07:10,19:30
42002042,230,강릉-동진버스,16,16,4200315,구터미널,128.8988430353628,37.76163002626936,29,,07:10,19:30
42002042,230,강릉-동진버스,17,17,4201037,말나눔터공원,128.8946789617544,37.758644529934365,29,,07:10,19:30
42002042,230,강릉-동진버스,18,18,4200114,고용센터,128.88893105798073,37.75744085258255,29,,07:10,19:30
42002042,230,강릉-동진버스,19,19,4200116,적십자입구,128.88726321660565,37.757196360936135,29,,07:10,19:30
42002042,230,강릉-동진버스,20,20,4200118,터미널오거리,128.8840640923818,37.75608209292866,29,,07:10,19:30
42002042,230,강릉-동진버스,21,21,4200120,강릉시외.고속터미널,128.8792265208128,37.75505492071011,29,,07:10,19:30
42002042,230,강릉-동진버스,22,22,4200122,강릉문화원,128.8740921031382,37.75789663608161,29,,07:10,19:30
42002042,230,강릉-동진버스,23,23,4200123,우편집중국,128.8733706824724,37.76051485370646,29,,07:10,19:30
42002042,230,강릉-동진버스,24,24,4200125,솔올공연장,128.87460623301726,37.76366952964576,29,,07:10,19:30
42002042,230,강릉-동진버스,25,25,4200127,구름다리,128.87654770197503,37.764512872809554,29,,07:10,19:30
42002042,230,강릉-동진버스,26,26,4200129,주공3차아파트,128.87933873663175,37.76410589188944,29,,07:10,19:30
42002042,230,강릉-동진버스,27,27,4200131,하이빌현대아파트,128.8824547932286,37.764860822549025,29,,07:10,19:30
42002042,230,강릉-동진버스,28,28,4200133,주공1차아파트,128.88288690646792,37.76665665089728,29,,07:10,19:30
42002042,230,강릉-동진버스,29,29,4200134,부영2차아파트,128.88281079370944,37.77016072015751,29,,07:10,19:30
42002042,230,강릉-동진버스,30,30,4200060,솔올중학교,128.8798722504925,37.77163504014371,29,,07:10,19:30
42002042,230,강릉-동진버스,31,31,4200080,경포초등학교,128.87893593974582,37.76974854746925,29,,07:10,19:30
42002042,230,강릉-동진버스,32,32,4200292,주공1차아파트,128.88256780330317,37.766843575404636,29,,07:10,19:30
42002042,230,강릉-동진버스,33,33,4200132,율곡초등학교,128.88221538693716,37.765100900268116,29,,07:10,19:30
42002042,230,강릉-동진버스,34,34,4200130,현대2차아파트,128.87999435131803,37.764311243841746,29,,07:10,19:30
42002042,230,강릉-동진버스,35,35,4200128,구름다리,128.87743298775584,37.764682397677966,29,,07:10,19:30
42002042,230,강릉-동진버스,36,36,4200126,솔올공연장,128.87424793205705,37.763507530751156,29,,07:10,19:30
42002042,230,강릉-동진버스,37,37,4200124,우편집중국,128.87347187490323,37.76156496879712,29,,07:10,19:30
42002042,230,강릉-동진버스,38,38,4200121,강릉시외.고속터미널,128.87911620808939,37.75486594086855,29,,07:10,19:30
42002042,230,강릉-동진버스,39,39,4200119,터미널오거리,128.88381140539954,37.755579088211434,29,,07:10,19:30
42002042,230,강릉-동진버스,40,40,4200117,적십자입구,128.88647213220725,37.75676623567213,29,,07:10,19:30
42002042,230,강릉-동진버스,41,41,4200115,고용센터,128.8890663454416,37.75714942132559,29,,07:10,19:30
42002042,230,강릉-동진버스,42,42,4200249,용강동서부시장,128.89167287030088,37.75492247590215,29,,07:10,19:30
42002042,230,강릉-동진버스,43,43,4200252,신영극장,128.8961287589657,37.75448236011555,29,,07:10,19:30
42002042,230,강릉-동진버스,44,44,4200094,강릉여고,128.90248424479844,37.75904463050879,29,,07:10,19:30
42002042,230,강릉-동진버스,45,45,4200258,용지각,128.90534669055177,37.76147384168322,29,,07:10,19:30
42002042,230,강릉-동진버스,46,46,4200260,동남아파트,128.9088062489658,37.764638779656714,29,,07:10,19:30
42002042,230,강릉-동진버스,47,47,4200113,강릉관광개발공사,128.90865897771857,37.76820323697218,29,,07:10,19:30
42002042,230,강릉-동진버스,48,48,4200111,하슬라중,128.90761293140218,37.77043125987649,29,,07:10,19:30
42002042,230,강릉-동진버스,49,49,4200109,동인병원입구,128.9094857690125,37.77102450992961,29,,07:10,19:30
42002042,230,강릉-동진버스,50,50,4200107,KT,128.9125052185983,37.77309475265464,29,,07:10,19:30
42002042,230,강릉-동진버스,51,51,4200290,한솔초교,128.91448068318238,37.77500059793141,29,,07:10,19:30
42002042,230,강릉-동진버스,52,52,4200105,동명중학교,128.9161008666347,37.77658681943468,29,,07:10,19:30
42002042,230,강릉-동진버스,53,53,4201236,포남2주공입구,128.91810027987142,37.77873395771816,29,,07:10,19:30
42002042,230,강릉-동진버스,54,54,4200103,경포고교,128.9190546436117,37.78057981084284,29,,07:10,19:30
42002042,230,강릉-동진버스,55,55,4200100,강원도교육연수원,128.91813970318609,37.785074864473685,29,,07:10,19:30
42002042,230,강릉-동진버스,56,56,4200047,강릉고정문,128.91550078840652,37.78828834947499,29,,07:10,19:30
42002042,230,강릉-동진버스,57,57,4200617,초당순두부마을,128.91553146572582,37.791098464762065,29,,07:10,19:30
42002042,230,강릉-동진버스,58,58,4200613,강문해변,128.91641678869786,37.79529298920251,29,,07:10,19:30
42002104,234,강릉-동진버스,1,1,4200721,강릉역,128.8992580056024,37.76416330670135,21,,07:45,07:45
42002104,234,강릉-동진버스,2,2,4201375,가작다리입구,128.8943546413669,37.766101443660936,21,,07:45,07:45
42002104,234,강릉-동진버스,3,3,4200082,강일여고정문,128.8875516595327,37.76393626119314,21,,07:45,07:45
42002104,234,강릉-동진버스,4,4,4200130,현대2차아파트,128.87999435131803,37.764311243841746,21,,07:45,07:45
42002104,234,강릉-동진버스,5,5,4200128,구름다리,128.87743298775584,37.764682397677966,21,,07:45,07:45
42002104,234,강릉-동진버스,6,6,4200400,강릉복합복지체육센터,128.87000704257403,37.762859214055275,21,,07:45,07:45
42002104,234,강릉-동진버스,7,7,4201250,선수촌8단지,128.87011109214671,37.76078977894948,21,,07:45,07:45
42002104,234,강릉-동진버스,8,8,4200565,우미린아파트,128.87023572987053,37.75716460769394,21,,07:45,07:45
42002104,234,강릉-동진버스,9,9,4200543,미디어촌5단지,128.86758571434657,37.753701754139904,21,,07:45,07:45
42002104,234,강릉-동진버스,10,10,4200045,형제막국수,128.86624288991882,37.755124519467394,21,,07:45,07:45
42002104,234,강릉-동진버스,11,11,4200567,한내들아파트,128.8681446784216,37.75790349269205,21,,07:45,07:45
42002104,234,강릉-동진버스,12,12,4200548,강릉소방서,128.87119323619314,37.7580009949989,21,,07:45,07:45
42002104,234,강릉-동진버스,13,13,4200121,강릉시외.고속터미널,128.87911620808939,37.75486594086855,21,,07:45,07:45
42002104,234,강릉-동진버스,14,14,4200119,터미널오거리,128.88381140539954,37.755579088211434,21,,07:45,07:45
42002104,234,강릉-동진버스,15,15,4200117,적십자입구,128.88647213220725,37.75676623567213,21,,07:45,07:45
42002104,234,강릉-동진버스,16,16,4200115,고용센터,128.8890663454416,37.75714942132559,21,,07:45,07:45
42002104,234,강릉-동진버스,17,17,4200249,용강동서부시장,128.89167287030088,37.75492247590215,21,,07:45,07:45
42002104,234,강릉-동진버스,18,18,4200252,신영극장,128.8961287589657,37.75448236011555,21,,07:45,07:45
42002104,234,강릉-동진버스,19,19,4200094,강릉여고,128.90248424479844,37.75904463050879,21,,07:45,07:45
42002104,234,강릉-동진버스,20,20,4200257,옥천119안전센터,128.90305174420297,37.761041080134646,21,,07:45,07:45
42002104,234,강릉-동진버스,21,21,4200721,강릉역,128.8992580056024,37.76416330670135,21,,07:45,07:45
42092104,234 (운행 중단),강릉-동해상사,1,1,4200721,강릉역,128.8992580056024,37.76416330670135,21,,,
42092104,234 (운행 중단),강릉-동해상사,2,2,4201375,가작다리입구,128.8943546413669,37.766101443660936,21,,,
42092104,234 (운행 중단),강릉-동해상사,3,3,4200082,강일여고정문,128.8875516595327,37.76393626119314,21,,,
42092104,234 (운행 중단),강릉-동해상사,4,4,4200130,현대2차아파트,128.87999435131803,37.764311243841746,21,,,
42092104,234 (운행 중단),강릉-동해상사,5,5,4200128,구름다리,128.87743298775584,37.764682397677966,21,,,
42092104,234 (운행 중단),강릉-동해상사,6,6,4200400,강릉복합복지체육센터,128.87000704257403,37.762859214055275,21,,,
42092104,234 (운행 중단),강릉-동해상사,7,7,4201250,선수촌8단지,128.87011109214671,37.76078977894948,21,,,
42092104,234 (운행 중단),강릉-동해상사,8,8,4200565,우미린아파트,128.87023572987053,37.75716460769394,21,,,
42092104,234 (운행 중단),강릉-동해상사,9,9,4200543,미디어촌5단지,128.86758571434657,37.753701754139904,21,,,
42092104,234 (운행 중단),강릉-동해상사,10,10,4200045,형제막국수,128.86624288991882,37.755124519467394,21,,,
42092104,234 (운행 중단),강릉-동해상사,11,11,4200567,한내들아파트,128.8681446784216,37.75790349269205,21,,,
42092104,234 (운행 중단),강릉-동해상사,12,12,4200548,강릉소방서,128.87119323619314,37.7580009949989,21,,,
42092104,234 (운행 중단),강릉-동해상사,13,13,4200121,강릉시외.고속터미널,128.87911620808939,37.75486594086855,21,,,
42092104,234 (운행 중단),강릉-동해상사,14,14,4200119,터미널오거리,128.88381140539954,37.755579088211434,21,,,
42092104,234 (운행 중단),강릉-동해상사,15,15,4200117,적십자입구,128.88647213220725,37.75676623567213,21,,,
42092104,234 (운행 중단),강릉-동해상사,16,16,4200115,고용센터,128.8890663454416,37.75714942132559,21,,,
42092104,234 (운행 중단),강릉-동해상사,17,17,4200249,용강동서부시장,128.89167287030088,37.75492247590215,21,,,
42092104,234 (운행 중단),강릉-동해상사,18,18,4200252,신영극장,128.8961287589657,37.75448236011555,21,,,
42092104,234 (운행 중단),강릉-동해상사,19,19,4200094,강릉여고,128.90248424479844,37.75904463050879,21,,,
42092104,234 (운행 중단),강릉-동해상사,20,20,4200257,옥천119안전센터,128.90305174420297,37.761041080134646,21,,,
42092104,234 (운행 중단),강릉-동해상사,21,21,4200721,강릉역,128.8992580056024,37.76416330670135,21,,,
42092153,300-1(강릉역),강릉-동해상사,1,1,4200473,향호리,128.81023394642006,37.915207861254615,60,,08:45,17:05
42092153,300-1(강릉역),강릉-동해상사,2,2,4200181,주문진해변,128.81692175696733,37.90940788063508,60,,08:45,17:05
42092153,300-1(강릉역),강릉-동해상사,3,3,4200184,소돌,128.82175443074843,37.905415537268986,60,,08:45,17:05
42092153,300-1(강릉역),강릉-동해상사,4,4,4200519,방학골,128.82351587730795,37.90381462090833,60,,08:45,17:05
42092153,300-1(강릉역),강릉-동해상사,5,5,4200186,보성연립,128.82551362915504,37.901974724913615,60,,08:45,17:05
42092153,300-1(강릉역),강릉-동해상사,6,6,4200187,양양고개,128.82805578782853,37.90002854060149,60,,08:45,17:05
42092153,300-1(강릉역),강릉-동해상사,7,7,4200189,주문2리,128.83046007450088,37.897540604441176,60,,08:45,17:05
42092153,300-1(강릉역),강릉-동해상사,8,8,4200190,수협사거리,128.83119347169236,37.89590191816579,60,,08:45,17:05
42092153,300-1(강릉역),강릉-동해상사,9,9,4200193,북부지구대,128.82860680406648,37.894535177399845,60,,08:45,17:05
42092153,300-1(강릉역),강릉-동해상사,10,10,4200194,주문진항입구,128.82670250148865,37.8926318795772,60,,08:45,17:05
42092153,300-1(강릉역),강릉-동해상사,11,11,4200619,국립수산물품질관리원,128.82606517101954,37.891507384213114,60,,08:45,17:05
42092153,300-1(강릉역),강릉-동해상사,12,12,4200197,작은다리,128.82583778093624,37.88994679111109,60,,08:45,17:05
42092153,300-1(강릉역),강릉-동해상사,13,13,4201232,원마트,128.8255161831108,37.88764901879385,60,,08:45,17:05
42092153,300-1(강릉역),강릉-동해상사,14,14,4200305,주문진시외버스터미널,128.82509871282576,37.88458386690221,60,,08:45,17:05
42092153,300-1(강릉역),강릉-동해상사,15,15,4200201,양조장,128.8258300942643,37.881274388703744,60,,08:45,17:05
42092153,300-1(강릉역),강릉-동해상사,16,16,4200204,주문진중학교,128.82690197641236,37.87887483229283,60,,08:45,17:05
42092153,300-1(강릉역),강릉-동해상사,17,17,4200205,강원도립대,128.82840415011668,37.87652579934979,60,,08:45,17:05
42092153,300-1(강릉역),강릉-동해상사,18,18,4200207,북부노인종합복지관,128.83062989490628,37.8743072338123,60,,08:45,17:05
42092153,300-1(강릉역),강릉-동해상사,19,19,4201226,영진입구,128.83626865951734,37.87047570517143,60,,08:45,17:05
42092153,300-1(강릉역),강릉-동해상사,20,20,4200310,삼천리아파트,128.8379309322555,37.8689470039461,60,,08:45,17:05
42092153,300-1(강릉역),강릉-동해상사,21,21,4201227,연곡면사무소,128.83749819485607,37.86001175022627,60,,08:45,17:05
42092153,300-1(강릉역),강릉-동해상사,22,22,4200213,연곡해변입구,128.84130813848452,37.85462580337619,60,,08:45,17:05
42092153,300-1(강릉역),강릉-동해상사,23,23,4200312,구라미휴게소,128.84078612253998,37.84523742281921,60,,08:45,17:05
42092153,300-1(강릉역),강릉-동해상사,24,24,4200216,구라미,128.84187680750063,37.84088026429458,60,,08:45,17:05
42092153,300-1(강릉역),강릉-동해상사,25,25,4200219,청솔공원,128.84744835859598,37.832296445829655,60,,08:45,17:05
42092153,300-1(강릉역),강릉-동해상사,26,26,4200220,모래내행복센터,128.84888855200666,37.82654759560158,60,,08:45,17:05
42092153,300-1(강릉역),강릉-동해상사,27,27,4200223,사천면사무소,128.84914337332015,37.8229406699122,60,,08:45,17:05
42092153,300-1(강릉역),강릉-동해상사,28,28,4200224,북부노인대학,128.85070066292354,37.820164105652225,60,,08:45,17:05
42092153,300-1(강릉역),강릉-동해상사,29,29,4200004,숲사랑홍보관,128.85126457297872,37.81878304910103,60,,08:45,17:05
42092153,300-1(강릉역),강릉-동해상사,30,30,4200317,강릉아산병원.강릉약국,128.856152685967,37.816231407654854,60,,08:45,17:05
42092153,300-1(강릉역),강릉-동해상사,31,31,4200069,방골마을입구,128.85540756146614,37.81366779247799,60,,08:45,17:05
42092153,300-1(강릉역),강릉-동해상사,32,32,4200228,학고개,128.8599242703853,37.80596957371411,60,,08:45,17:05
42092153,300-1(강릉역),강릉-동해상사,33,33,4200138,즈므.과학단지,128.8604076986006,37.79746479759031,60,,08:45,17:05
42092153,300-1(강릉역),강릉-동해상사,34,34,4200230,한밭입구,128.86424835021418,37.79176559208253,60,,08:45,17:05
42092153,300-1(강릉역),강릉-동해상사,35,35,4200232,행정마을,128.8694510816438,37.7889272082235,60,,08:45,17:05
42092153,300-1(강릉역),강릉-동해상사,36,36,4200234,법원.검찰청,128.87342400102995,37.78526073982707,60,,08:45,17:05
42092153,300-1(강릉역),강릉-동해상사,37,37,4200236,선교장입구,128.87978791945434,37.782182641690056,60,,08:45,17:05
42092153,300-1(강릉역),강릉-동해상사,38,38,4200238,오죽헌,128.8827262588498,37.779841129260745,60,,08:45,17:05
42092153,300-1(강릉역),강릉-동해상사,39,39,4200240,젤마을,128.887733025105,37.775438249928285,60,,08:45,17:05
42092153,300-1(강릉역),강릉-동해상사,40,40,4200242,율곡중학교,128.89021344037266,37.771874448370795,60,,08:45,17:05
42092153,300-1(강릉역),강릉-동해상사,41,41,4200042,롯데캐슬아파트,128.89120929799194,37.766948306391974,60,,08:45,17:05
42092153,300-1(강릉역),강릉-동해상사,42,42,4200245,이명사거리,128.89157918705828,37.764565078717,60,,08:45,17:05
42092153,300-1(강릉역),강릉-동해상사,43,43,4200247,강릉제일고,128.8918779735197,37.759537356247826,60,,08:45,17:05
42092153,300-1(강릉역),강릉-동해상사,44,44,4200249,용강동서부시장,128.89167287030088,37.75492247590215,60,,08:45,17:05
42092153,300-1(강릉역),강릉-동해상사,45,45,4200252,신영극장,128.8961287589657,37.75448236011555,60,,08:45,17:05
42092153,300-1(강릉역),강릉-동해상사,46,46,4200094,강릉여고,128.90248424479844,37.75904463050879,60,,08:45,17:05
42092153,300-1(강릉역),강릉-동해상사,47,47,4200257,옥천119안전센터,128.90305174420297,37.761041080134646,60,,08:45,17:05
42092153,300-1(강릉역),강릉-동해상사,48,48,4200293,강릉역건너편,128.8990669694857,37.76400772021464,60,,08:45,17:05
42092153,300-1(강릉역),강릉-동해상사,49,49,4200256,옥천119안전센터,128.9022376115818,37.76136928474395,60,,08:45,17:05
42092153,300-1(강릉역),강릉-동해상사,50,50,4200258,용지각,128.90534669055177,37.76147384168322,60,,08:45,17:05
42092153,300-1(강릉역),강릉-동해상사,51,51,4200260,동남아파트,128.9088062489658,37.764638779656714,60,,08:45,17:05
42092153,300-1(강릉역),강릉-동해상사,52,52,4200049,남강초교,128.91338089940805,37.76735161096919,60,,08:45,17:05
42092153,300-1(강릉역),강릉-동해상사,53,53,4200265,혜성연립,128.91575952067353,37.76841531999017,60,,08:45,17:05
42092153,300-1(강릉역),강릉-동해상사,54,54,4200267,삼우은성아파트,128.91973659122027,37.77025900516923,60,,08:45,17:05
42092153,300-1(강릉역),강릉-동해상사,55,55,4200269,이마트,128.92346774482266,37.772222356268564,60,,08:45,17:05
42092153,300-1(강릉역),강릉-동해상사,56,56,4200271,송정동주민센터,128.9281580126049,37.77420386430584,60,,08:45,17:05
42092153,300-1(강릉역),강릉-동해상사,57,57,4200273,송정신원아침도시,128.93190852770562,37.774810233413945,60,,08:45,17:05
42092153,300-1(강릉역),강릉-동해상사,58,58,4200275,송정한신아파트입구,128.93667614488956,37.77380916737768,60,,08:45,17:05
42092153,300-1(강릉역),강릉-동해상사,59,59,4200263,송정한신아파트후문,128.9386138022858,37.773558747641985,60,,08:45,17:05
42092153,300-1(강릉역),강릉-동해상사,60,60,4201044,안목커피거리,128.94543559396536,37.77260342997581,60,,08:45,17:05
42002153,300-2(강릉역),강릉-동진버스,1,1,4200473,향호리,128.81023394642006,37.915207861254615,54,,10:15,15:30
42002153,300-2(강릉역),강릉-동진버스,2,2,4200181,주문진해변,128.81692175696733,37.90940788063508,54,,10:15,15:30
42002153,300-2(강릉역),강릉-동진버스,3,3,4200184,소돌,128.82175443074843,37.905415537268986,54,,10:15,15:30
42002153,300-2(강릉역),강릉-동진버스,4,4,4200519,방학골,128.82351587730795,37.90381462090833,54,,10:15,15:30
42002153,300-2(강릉역),강릉-동진버스,5,5,4200186,보성연립,128.82551362915504,37.901974724913615,54,,10:15,15:30
42002153,300-2(강릉역),강릉-동진버스,6,6,4200187,양양고개,128.82805578782853,37.90002854060149,54,,10:15,15:30
42002153,300-2(강릉역),강릉-동진버스,7,7,4200189,주문2리,128.83046007450088,37.897540604441176,54,,10:15,15:30
42002153,300-2(강릉역),강릉-동진버스,8,8,4200190,수협사거리,128.83119347169236,37.89590191816579,54,,10:15,15:30
42002153,300-2(강릉역),강릉-동진버스,9,9,4200193,북부지구대,128.82860680406648,37.894535177399845,54,,10:15,15:30
42002153,300-2(강릉역),강릉-동진버스,10,10,4200194,주문진항입구,128.82670250148865,37.8926318795772,54,,10:15,15:30
42002153,300-2(강릉역),강릉-동진버스,11,11,4200619,국립수산물품질관리원,128.82606517101954,37.891507384213114,54,,10:15,15:30
42002153,300-2(강릉역),강릉-동진버스,12,12,4200197,작은다리,128.82583778093624,37.88994679111109,54,,10:15,15:30
42002153,300-2(강릉역),강릉-동진버스,13,13,4201232,원마트,128.8255161831108,37.88764901879385,54,,10:15,15:30
42002153,300-2(강릉역),강릉-동진버스,14,14,4200305,주문진시외버스터미널,128.82509871282576,37.88458386690221,54,,10:15,15:30
42002153,300-2(강릉역),강릉-동진버스,15,15,4200201,양조장,128.8258300942643,37.881274388703744,54,,10:15,15:30
42002153,300-2(강릉역),강릉-동진버스,16,16,4200204,주문진중학교,128.82690197641236,37.87887483229283,54,,10:15,15:30
42002153,300-2(강릉역),강릉-동진버스,17,17,4200205,강원도립대,128.82840415011668,37.87652579934979,54,,10:15,15:30
42002153,300-2(강릉역),강릉-동진버스,18,18,4200207,북부노인종합복지관,128.83062989490628,37.8743072338123,54,,10:15,15:30
42002153,300-2(강릉역),강릉-동진버스,19,19,4201226,영진입구,128.83626865951734,37.87047570517143,54,,10:15,15:30
42002153,300-2(강릉역),강릉-동진버스,20,20,4200310,삼천리아파트,128.8379309322555,37.8689470039461,54,,10:15,15:30
42002153,300-2(강릉역),강릉-동진버스,21,21,4201227,연곡면사무소,128.83749819485607,37.86001175022627,54,,10:15,15:30
42002153,300-2(강릉역),강릉-동진버스,22,22,4200213,연곡해변입구,128.84130813848452,37.85462580337619,54,,10:15,15:30
42002153,300-2(강릉역),강릉-동진버스,23,23,4200312,구라미휴게소,128.84078612253998,37.84523742281921,54,,10:15,15:30
42002153,300-2(강릉역),강릉-동진버스,24,24,4200216,구라미,128.84187680750063,37.84088026429458,54,,10:15,15:30
42002153,300-2(강릉역),강릉-동진버스,25,25,4200219,청솔공원,128.84744835859598,37.832296445829655,54,,10:15,15:30
42002153,300-2(강릉역),강릉-동진버스,26,26,4200220,모래내행복센터,128.84888855200666,37.82654759560158,54,,10:15,15:30
42002153,300-2(강릉역),강릉-동진버스,27,27,4200223,사천면사무소,128.84914337332015,37.8229406699122,54,,10:15,15:30
42002153,300-2(강릉역),강릉-동진버스,28,28,4200224,북부노인대학,128.85070066292354,37.820164105652225,54,,10:15,15:30
42002153,300-2(강릉역),강릉-동진버스,29,29,4200004,숲사랑홍보관,128.85126457297872,37.81878304910103,54,,10:15,15:30
42002153,300-2(강릉역),강릉-동진버스,30,30,4200317,강릉아산병원.강릉약국,128.856152685967,37.816231407654854,54,,10:15,15:30
42002153,300-2(강릉역),강릉-동진버스,31,31,4200069,방골마을입구,128.85540756146614,37.81366779247799,54,,10:15,15:30
42002153,300-2(강릉역),강릉-동진버스,32,32,4200228,학고개,128.8599242703853,37.80596957371411,54,,10:15,15:30
42002153,300-2(강릉역),강릉-동진버스,33,33,4200138,즈므.과학단지,128.8604076986006,37.79746479759031,54,,10:15,15:30
42002153,300-2(강릉역),강릉-동진버스,34,34,4200230,한밭입구,128.86424835021418,37.79176559208253,54,,10:15,15:30
42002153,300-2(강릉역),강릉-동진버스,35,35,4200232,행정마을,128.8694510816438,37.7889272082235,54,,10:15,15:30
42002153,300-2(강릉역),강릉-동진버스,36,36,4200234,법원.검찰청,128.87342400102995,37.78526073982707,54,,10:15,15:30
42002153,300-2(강릉역),강릉-동진버스,37,37,4200236,선교장입구,128.87978791945434,37.782182641690056,54,,10:15,15:30
42002153,300-2(강릉역),강릉-동진버스,38,38,4200238,오죽헌,128.8827262588498,37.779841129260745,54,,10:15,15:30
42002153,300-2(강릉역),강릉-동진버스,39,39,4200240,젤마을,128.887733025105,37.775438249928285,54,,10:15,15:30
42002153,300-2(강릉역),강릉-동진버스,40,40,4200242,율곡중학교,128.89021344037266,37.771874448370795,54,,10:15,15:30
42002153,300-2(강릉역),강릉-동진버스,41,41,4200042,롯데캐슬아파트,128.89120929799194,37.766948306391974,54,,10:15,15:30
42002153,300-2(강릉역),강릉-동진버스,42,42,4200245,이명사거리,128.89157918705828,37.764565078717,54,,10:15,15:30
42002153,300-2(강릉역),강릉-동진버스,43,43,4200247,강릉제일고,128.8918779735197,37.759537356247826,54,,10:15,15:30
42002153,300-2(강릉역),강릉-동진버스,44,44,4200249,용강동서부시장,128.89167287030088,37.75492247590215,54,,10:15,15:30
42002153,300-2(강릉역),강릉-동진버스,45,45,4200252,신영극장,128.8961287589657,37.75448236011555,54,,10:15,15:30
42002153,300-2(강릉역),강릉-동진버스,46,46,4200094,강릉여고,128.90248424479844,37.75904463050879,54,,10:15,15:30
42002153,300-2(강릉역),강릉-동진버스,47,47,4200257,옥천119안전센터,128.90305174420297,37.761041080134646,54,,10:15,15:30
42002153,300-2(강릉역),강릉-동진버스,48,48,4200293,강릉역건너편,128.8990669694857,37.76400772021464,54,,10:15,15:30
42002153,300-2(강릉역),강릉-동진버스,49,49,4200256,옥천119안전센터,128.9022376115818,37.76136928474395,54,,10:15,15:30
42002153,300-2(강릉역),강릉-동진버스,50,50,4200258,용지각,128.90534669055177,37.76147384168322,54,,10:15,15:30
42002153,300-2(강릉역),강릉-동진버스,51,51,4200260,동남아파트,128.9088062489658,37.764638779656714,54,,10:15,15:30
42002153,300-2(강릉역),강릉-동진버스,52,52,4201206,입암2.3주공,128.9164847952377,37.764981798289845,54,,10:15,15:30
42002153,300-2(강릉역),강릉-동진버스,53,53,4201207,현대자동차서비스,128.9189460603978,37.76507644083287,54,,10:15,15:30
42002153,300-2(강릉역),강릉-동진버스,54,54,4200191,공단,128.92224127533925,37.765245144772656,54,,10:15,15:30
42091006,301 (운행 폐지),강릉-동해상사,1,1,4200473,향호리,128.81023394642006,37.915207861254615,56,,,
42091006,301 (운행 폐지),강릉-동해상사,2,2,4200181,주문진해변,128.81692175696733,37.90940788063508,56,,,
42091006,301 (운행 폐지),강릉-동해상사,3,3,4200184,소돌,128.82175443074843,37.905415537268986,56,,,
42091006,301 (운행 폐지),강릉-동해상사,4,4,4200186,보성연립,128.82551362915504,37.901974724913615,56,,,
42091006,301 (운행 폐지),강릉-동해상사,5,5,4200187,양양고개,128.82805578782853,37.90002854060149,56,,,
42091006,301 (운행 폐지),강릉-동해상사,6,6,4200189,주문2리,128.83046007450088,37.897540604441176,56,,,
42091006,301 (운행 폐지),강릉-동해상사,7,7,4200190,수협사거리,128.83119347169236,37.89590191816579,56,,,
42091006,301 (운행 폐지),강릉-동해상사,8,8,4200193,북부지구대,128.82860680406648,37.894535177399845,56,,,
42091006,301 (운행 폐지),강릉-동해상사,9,9,4200971,주문진읍사무소,128.8246799183624,37.892745035212215,56,,,
42091006,301 (운행 폐지),강릉-동해상사,10,10,4201147,작은다리사거리,128.82430578974427,37.890298608665205,56,,,
42091006,301 (운행 폐지),강릉-동해상사,11,11,4201200,파란바다지역아동센터,128.82465599155947,37.88451042268901,56,,,
42091006,301 (운행 폐지),강릉-동해상사,12,12,4200201,양조장,128.8258300942643,37.881274388703744,56,,,
42091006,301 (운행 폐지),강릉-동해상사,13,13,4200204,주문진중학교,128.82690197641236,37.87887483229283,56,,,
42091006,301 (운행 폐지),강릉-동해상사,14,14,4200205,강원도립대,128.82840415011668,37.87652579934979,56,,,
42091006,301 (운행 폐지),강릉-동해상사,15,15,4200207,북부노인종합복지관,128.83062989490628,37.8743072338123,56,,,
42091006,301 (운행 폐지),강릉-동해상사,16,16,4201226,영진입구,128.83626865951734,37.87047570517143,56,,,
42091006,301 (운행 폐지),강릉-동해상사,17,17,4200310,삼천리아파트,128.8379309322555,37.8689470039461,56,,,
42091006,301 (운행 폐지),강릉-동해상사,18,18,4201227,연곡면사무소,128.83749819485607,37.86001175022627,56,,,
42091006,301 (운행 폐지),강릉-동해상사,19,19,4200213,연곡해변입구,128.84130813848452,37.85462580337619,56,,,
42091006,301 (운행 폐지),강릉-동해상사,20,20,4200312,구라미휴게소,128.84078612253998,37.84523742281921,56,,,
42091006,301 (운행 폐지),강릉-동해상사,21,21,4200216,구라미,128.84187680750063,37.84088026429458,56,,,
42091006,301 (운행 폐지),강릉-동해상사,22,22,4200219,청솔공원,128.84744835859598,37.832296445829655,56,,,
42091006,301 (운행 폐지),강릉-동해상사,23,23,4200220,모래내행복센터,128.84888855200666,37.82654759560158,56,,,
42091006,301 (운행 폐지),강릉-동해상사,24,24,4200223,사천면사무소,128.84914337332015,37.8229406699122,56,,,
42091006,301 (운행 폐지),강릉-동해상사,25,25,4200224,북부노인대학,128.85070066292354,37.820164105652225,56,,,
42091006,301 (운행 폐지),강릉-동해상사,26,26,4200004,숲사랑홍보관,128.85126457297872,37.81878304910103,56,,,
42091006,301 (운행 폐지),강릉-동해상사,27,27,4200069,방골마을입구,128.85540756146614,37.81366779247799,56,,,
42091006,301 (운행 폐지),강릉-동해상사,28,28,4200228,학고개,128.8599242703853,37.80596957371411,56,,,
42091006,301 (운행 폐지),강릉-동해상사,29,29,4200138,즈므.과학단지,128.8604076986006,37.79746479759031,56,,,
42091006,301 (운행 폐지),강릉-동해상사,30,30,4200230,한밭입구,128.86424835021418,37.79176559208253,56,,,
42091006,301 (운행 폐지),강릉-동해상사,31,31,4200232,행정마을,128.8694510816438,37.7889272082235,56,,,
42091006,301 (운행 폐지),강릉-동해상사,32,32,4200234,법원.검찰청,128.87342400102995,37.78526073982707,56,,,
42091006,301 (운행 폐지),강릉-동해상사,33,33,4200236,선교장입구,128.87978791945434,37.782182641690056,56,,,
42091006,301 (운행 폐지),강릉-동해상사,34,34,4200238,오죽헌,128.8827262588498,37.779841129260745,56,,,
42091006,301 (운행 폐지),강릉-동해상사,35,35,4200240,젤마을,128.887733025105,37.775438249928285,56,,,
42091006,301 (운행 폐지),강릉-동해상사,36,36,4200242,율곡중학교,128.89021344037266,37.771874448370795,56,,,
42091006,301 (운행 폐지),강릉-동해상사,37,37,4200042,롯데캐슬아파트,128.89120929799194,37.766948306391974,56,,,
42091006,301 (운행 폐지),강릉-동해상사,38,38,4200245,이명사거리,128.89157918705828,37.764565078717,56,,,
42091006,301 (운행 폐지),강릉-동해상사,39,39,4200247,강릉제일고,128.8918779735197,37.759537356247826,56,,,
42091006,301 (운행 폐지),강릉-동해상사,40,40,4200249,용강동서부시장,128.89167287030088,37.75492247590215,56,,,
42091006,301 (운행 폐지),강릉-동해상사,41,41,4200252,신영극장,128.8961287589657,37.75448236011555,56,,,
42091006,301 (운행 폐지),강릉-동해상사,42,42,4200094,강릉여고,128.90248424479844,37.75904463050879,56,,,
42091006,301 (운행 폐지),강릉-동해상사,43,43,4200257,옥천119안전센터,128.90305174420297,37.761041080134646,56,,,
42091006,301 (운행 폐지),강릉-동해상사,44,44,4200721,강릉역,128.8992580056024,37.76416330670135,56,,,
42091006,301 (운행 폐지),강릉-동해상사,45,45,4200256,옥천119안전센터,128.9022376115818,37.76136928474395,56,,,
42091006,301 (운행 폐지),강릉-동해상사,46,46,4200258,용지각,128.90534669055177,37.76147384168322,56,,,
42091006,301 (운행 폐지),강릉-동해상사,47,47,4200260,동남아파트,128.9088062489658,37.764638779656714,56,,,
42091006,301 (운행 폐지),강릉-동해상사,48,48,4200113,강릉관광개발공사,128.90865897771857,37.76820323697218,56,,,
42091006,301 (운행 폐지),강릉-동해상사,49,49,4200111,하슬라중,128.90761293140218,37.77043125987649,56,,,
42091006,301 (운행 폐지),강릉-동해상사,50,50,4200109,동인병원입구,128.9094857690125,37.77102450992961,56,,,
42091006,301 (운행 폐지),강릉-동해상사,51,51,4200107,KT,128.9125052185983,37.77309475265464,56,,,
42091006,301 (운행 폐지),강릉-동해상사,52,52,4200290,한솔초교,128.91448068318238,37.77500059793141,56,,,
42091006,301 (운행 폐지),강릉-동해상사,53,53,4200105,동명중학교,128.9161008666347,37.77658681943468,56,,,
42091006,301 (운행 폐지),강릉-동해상사,54,54,4201236,포남2주공입구,128.91810027987142,37.77873395771816,56,,,
42091006,301 (운행 폐지),강릉-동해상사,55,55,4200103,경포고교,128.9190546436117,37.78057981084284,56,,,
42091006,301 (운행 폐지),강릉-동해상사,56,56,4200102,강릉고입구,128.92044843215433,37.78352944320342,56,,,
42001007,302,강릉-동진버스,1,1,4201209,공단,128.92205416940635,37.765196014305694,70,,06:00,17:10
42001007,302,강릉-동진버스,2,2,4201205,입암2.3주공,128.9161850255649,37.765072488547595,70,,06:00,17:10
42001007,302,강릉-동진버스,3,3,4201045,성덕동주민센터,128.91516594318634,37.762763608124146,70,,06:00,17:10
42001007,302,강릉-동진버스,4,4,4201047,입암4주공아파트,128.91655461094618,37.76166752794127,70,,06:00,17:10
42001007,302,강릉-동진버스,5,5,4201049,원마트,128.91839757804996,37.76020248248705,70,,06:00,17:10
42001007,302,강릉-동진버스,6,6,4201051,입암6주공오거리,128.91813149011642,37.75937340656549,70,,06:00,17:10
42001007,302,강릉-동진버스,7,7,4201053,금호어울림,128.9156520837289,37.754995794611034,70,,06:00,17:10
42001007,302,강릉-동진버스,8,8,4202168,남부노인종합복지관,128.91401073487134,37.753047049518,70,,06:00,17:10
42001007,302,강릉-동진버스,9,9,4200762,입암현대아파트,128.91270364556544,37.753026994257695,70,,06:00,17:10
42001007,302,강릉-동진버스,10,10,4200765,성덕초등학교,128.91017117535122,37.75573609872045,70,,06:00,17:10
42001007,302,강릉-동진버스,11,11,4201202,강릉여고정문,128.90529773129947,37.759257611132256,70,,06:00,17:10
42001007,302,강릉-동진버스,12,12,4200257,옥천119안전센터,128.90305174420297,37.761041080134646,70,,06:00,17:10
42001007,302,강릉-동진버스,13,13,4200721,강릉역,128.8992580056024,37.76416330670135,70,,06:00,17:10
42001007,302,강릉-동진버스,14,14,4200315,구터미널,128.8988430353628,37.76163002626936,70,,06:00,17:10
42001007,302,강릉-동진버스,15,15,4200365,삼성디지털센터,128.8966989039856,37.75811194350719,70,,06:00,17:10
42001007,302,강릉-동진버스,16,16,4200253,교보생명,128.89811415297848,37.756002485379526,70,,06:00,17:10
42001007,302,강릉-동진버스,17,17,4200251,한국은행,128.89406630781096,37.753485602290496,70,,06:00,17:10
42001007,302,강릉-동진버스,18,18,4200250,용강동서부시장,128.89174828581776,37.7556582744871,70,,06:00,17:10
42001007,302,강릉-동진버스,19,19,4200114,고용센터,128.88893105798073,37.75744085258255,70,,06:00,17:10
42001007,302,강릉-동진버스,20,20,4200116,적십자입구,128.88726321660565,37.757196360936135,70,,06:00,17:10
42001007,302,강릉-동진버스,21,21,4200118,터미널오거리,128.8840640923818,37.75608209292866,70,,06:00,17:10
42001007,302,강릉-동진버스,22,22,4200120,강릉시외.고속터미널,128.8792265208128,37.75505492071011,70,,06:00,17:10
42001007,302,강릉-동진버스,23,23,4200122,강릉문화원,128.8740921031382,37.75789663608161,70,,06:00,17:10
42001007,302,강릉-동진버스,24,24,4200123,우편집중국,128.8733706824724,37.76051485370646,70,,06:00,17:10
42001007,302,강릉-동진버스,25,25,4200125,솔올공연장,128.87460623301726,37.76366952964576,70,,06:00,17:10
42001007,302,강릉-동진버스,26,26,4200127,구름다리,128.87654770197503,37.764512872809554,70,,06:00,17:10
42001007,302,강릉-동진버스,27,27,4200129,주공3차아파트,128.87933873663175,37.76410589188944,70,,06:00,17:10
42001007,302,강릉-동진버스,28,28,4200131,하이빌현대아파트,128.8824547932286,37.764860822549025,70,,06:00,17:10
42001007,302,강릉-동진버스,29,29,4200133,주공1차아파트,128.88288690646792,37.76665665089728,70,,06:00,17:10
42001007,302,강릉-동진버스,30,30,4200134,부영2차아파트,128.88281079370944,37.77016072015751,70,,06:00,17:10
42001007,302,강릉-동진버스,31,31,4200137,방축거리,128.88360346383243,37.77333257715457,70,,06:00,17:10
42001007,302,강릉-동진버스,32,32,4200239,오죽헌,128.88242080274284,37.78040719543912,70,,06:00,17:10
42001007,302,강릉-동진버스,33,33,4200237,선교장입구,128.8801857915523,37.78222354537227,70,,06:00,17:10
42001007,302,강릉-동진버스,34,34,4200235,법원.검찰청,128.8739503928752,37.785042447818554,70,,06:00,17:10
42001007,302,강릉-동진버스,35,35,4200233,행정마을,128.8703519994515,37.78859256038236,70,,06:00,17:10
42001007,302,강릉-동진버스,36,36,4200231,한밭입구,128.86496052027113,37.791610745411326,70,,06:00,17:10
42001007,302,강릉-동진버스,37,37,4200229,즈므.과학단지,128.86079294239343,37.79710821329875,70,,06:00,17:10
42001007,302,강릉-동진버스,38,38,4200227,학고개,128.86104076560957,37.80452897124611,70,,06:00,17:10
42001007,302,강릉-동진버스,39,39,4200226,방골마을입구,128.8558844116181,37.81329996910386,70,,06:00,17:10
42001007,302,강릉-동진버스,40,40,4200418,강릉아산병원.강릉약국,128.8564121349402,37.81631278949057,70,,06:00,17:10
42001007,302,강릉-동진버스,41,41,4200446,강릉아산병원(주문진방면),128.8575142394361,37.817740516347506,70,,06:00,17:10
42001007,302,강릉-동진버스,42,42,4200225,북부노인대학,128.85083641112433,37.82016343083045,70,,06:00,17:10
42001007,302,강릉-동진버스,43,43,4200222,사천면사무소,128.84928192865996,37.82385848393331,70,,06:00,17:10
42001007,302,강릉-동진버스,44,44,4200221,모래내행복센터,128.84881781800846,37.82675602435266,70,,06:00,17:10
42001007,302,강릉-동진버스,45,45,4200314,청솔공원,128.84780404863866,37.83218520189828,70,,06:00,17:10
42001007,302,강릉-동진버스,46,46,4200261,북강릉IC,128.84425534198513,37.83689529134246,70,,06:00,17:10
42001007,302,강릉-동진버스,47,47,4200217,구라미,128.8421871924033,37.84071328241807,70,,06:00,17:10
42001007,302,강릉-동진버스,48,48,4200215,구라미휴게소,128.8412803433516,37.845869087009575,70,,06:00,17:10
42001007,302,강릉-동진버스,49,49,4200214,연곡해변입구,128.84162112920617,37.854539181009365,70,,06:00,17:10
42001007,302,강릉-동진버스,50,50,4200212,연곡면사무소,128.83761397394952,37.85995465828368,70,,06:00,17:10
42001007,302,강릉-동진버스,51,51,4200211,삼천리아파트,128.8383288212433,37.86906384505761,70,,06:00,17:10
42001007,302,강릉-동진버스,52,52,4200209,영진입구,128.83637261045655,37.87054167536418,70,,06:00,17:10
42001007,302,강릉-동진버스,53,53,4200208,북부노인종합복지관,128.83042321750824,37.874681277863154,70,,06:00,17:10
42001007,302,강릉-동진버스,54,54,4200206,강원도립대,128.8283096996467,37.87693859362977,70,,06:00,17:10
42001007,302,강릉-동진버스,55,55,4200308,주문진중.고등학교.강릉정보고,128.82672327638434,37.87982425913257,70,,06:00,17:10
42001007,302,강릉-동진버스,56,56,4200202,주문진식자재마트,128.82596782269363,37.881485546216574,70,,06:00,17:10
42001007,302,강릉-동진버스,57,57,4200200,주문진시외버스터미널,128.8253113527999,37.88508198031381,70,,06:00,17:10
42001007,302,강릉-동진버스,58,58,4200198,원마트,128.82575730347685,37.88826959645488,70,,06:00,17:10
42001007,302,강릉-동진버스,59,59,4200196,작은다리,128.8261349428677,37.89101262248175,70,,06:00,17:10
42001007,302,강릉-동진버스,60,60,4200195,주문진항입구,128.82690557497094,37.892668432750234,70,,06:00,17:10
42001007,302,강릉-동진버스,61,61,4200192,북부지구대,128.829270567591,37.89460960314925,70,,06:00,17:10
42001007,302,강릉-동진버스,62,62,4200300,수협사거리,128.8314095884837,37.895774457125356,70,,06:00,17:10
42001007,302,강릉-동진버스,63,63,4200299,주문2리,128.83067123183636,37.89750003400375,70,,06:00,17:10
42001007,302,강릉-동진버스,64,64,4200188,양양고개,128.82822436017406,37.899998054568016,70,,06:00,17:10
42001007,302,강릉-동진버스,65,65,4200298,보성연립,128.82558444232305,37.90204313561504,70,,06:00,17:10
42001007,302,강릉-동진버스,66,66,4200521,방학골,128.82291244813646,37.90463362511824,70,,06:00,17:10
42001007,302,강릉-동진버스,67,67,4200185,소돌,128.8213252547112,37.90592204016269,70,,06:00,17:10
42001007,302,강릉-동진버스,68,68,4200002,소돌해변입구,128.81905535960837,37.90780434670355,70,,06:00,17:10
42001007,302,강릉-동진버스,69,69,4200182,주문진해변,128.81704671925502,37.90944057885068,70,,06:00,17:10
42001007,302,강릉-동진버스,70,70,4200473,향호리,128.81023394642006,37.915207861254615,70,,06:00,17:10
42091007,302,강릉-동해상사,1,1,4201043,안목,128.94526892930932,37.77285146151794,71,,07:35,18:28
42091007,302,강릉-동해상사,2,2,4201386,송정한신아파트후문,128.93962441064605,37.773612640324636,71,,07:35,18:28
42091007,302,강릉-동해상사,3,3,4200276,송정한신아파트입구,128.93668274097607,37.7740287226972,71,,07:35,18:28
42091007,302,강릉-동해상사,4,4,4200274,송정노인회관,128.93141909498914,37.77512821569013,71,,07:35,18:28
42091007,302,강릉-동해상사,5,5,4200272,송정동주민센터,128.92775106138072,37.77430053196711,71,,07:35,18:28
42091007,302,강릉-동해상사,6,6,4200270,이마트,128.92290403192536,37.77218493598484,71,,07:35,18:28
42091007,302,강릉-동해상사,7,7,4200268,삼우은성아파트,128.91881978171756,37.77007704319862,71,,07:35,18:28
42091007,302,강릉-동해상사,8,8,4200266,혜성연립,128.9154402649905,37.76852760326643,71,,07:35,18:28
42091007,302,강릉-동해상사,9,9,4200264,구)동해상사,128.91165113985977,37.76683747950902,71,,07:35,18:28
42091007,302,강릉-동해상사,10,10,4200262,로얄아파트.포남1동주민센터,128.90933288179943,37.76545703763149,71,,07:35,18:28
42091007,302,강릉-동해상사,11,11,4200318,포남시장,128.90766061502285,37.76392281820552,71,,07:35,18:28
42091007,302,강릉-동해상사,12,12,4200259,용지각,128.90537716328666,37.76184119439877,71,,07:35,18:28
42091007,302,강릉-동해상사,13,13,4200257,옥천119안전센터,128.90305174420297,37.761041080134646,71,,07:35,18:28
42091007,302,강릉-동해상사,14,14,4200721,강릉역,128.8992580056024,37.76416330670135,71,,07:35,18:28
42091007,302,강릉-동해상사,15,15,4200315,구터미널,128.8988430353628,37.76163002626936,71,,07:35,18:28
42091007,302,강릉-동해상사,16,16,4200365,삼성디지털센터,128.8966989039856,37.75811194350719,71,,07:35,18:28
42091007,302,강릉-동해상사,17,17,4200253,교보생명,128.89811415297848,37.756002485379526,71,,07:35,18:28
42091007,302,강릉-동해상사,18,18,4200251,한국은행,128.89406630781096,37.753485602290496,71,,07:35,18:28
42091007,302,강릉-동해상사,19,19,4200250,용강동서부시장,128.89174828581776,37.7556582744871,71,,07:35,18:28
42091007,302,강릉-동해상사,20,20,4200114,고용센터,128.88893105798073,37.75744085258255,71,,07:35,18:28
42091007,302,강릉-동해상사,21,21,4200116,적십자입구,128.88726321660565,37.757196360936135,71,,07:35,18:28
42091007,302,강릉-동해상사,22,22,4200118,터미널오거리,128.8840640923818,37.75608209292866,71,,07:35,18:28
42091007,302,강릉-동해상사,23,23,4200120,강릉시외.고속터미널,128.8792265208128,37.75505492071011,71,,07:35,18:28
42091007,302,강릉-동해상사,24,24,4200122,강릉문화원,128.8740921031382,37.75789663608161,71,,07:35,18:28
42091007,302,강릉-동해상사,25,25,4200123,우편집중국,128.8733706824724,37.76051485370646,71,,07:35,18:28
42091007,302,강릉-동해상사,26,26,4200125,솔올공연장,128.87460623301726,37.76366952964576,71,,07:35,18:28
42091007,302,강릉-동해상사,27,27,4200127,구름다리,128.87654770197503,37.764512872809554,71,,07:35,18:28
42091007,302,강릉-동해상사,28,28,4200129,주공3차아파트,128.87933873663175,37.76410589188944,71,,07:35,18:28
42091007,302,강릉-동해상사,29,29,4200131,하이빌현대아파트,128.8824547932286,37.764860822549025,71,,07:35,18:28
42091007,302,강릉-동해상사,30,30,4200133,주공1차아파트,128.88288690646792,37.76665665089728,71,,07:35,18:28
42091007,302,강릉-동해상사,31,31,4200134,부영2차아파트,128.88281079370944,37.77016072015751,71,,07:35,18:28
42091007,302,강릉-동해상사,32,32,4200137,방축거리,128.88360346383243,37.77333257715457,71,,07:35,18:28
42091007,302,강릉-동해상사,33,33,4200239,오죽헌,128.88242080274284,37.78040719543912,71,,07:35,18:28
42091007,302,강릉-동해상사,34,34,4200237,선교장입구,128.8801857915523,37.78222354537227,71,,07:35,18:28
42091007,302,강릉-동해상사,35,35,4200235,법원.검찰청,128.8739503928752,37.785042447818554,71,,07:35,18:28
42091007,302,강릉-동해상사,36,36,4200233,행정마을,128.8703519994515,37.78859256038236,71,,07:35,18:28
42091007,302,강릉-동해상사,37,37,4200231,한밭입구,128.86496052027113,37.791610745411326,71,,07:35,18:28
42091007,302,강릉-동해상사,38,38,4200229,즈므.과학단지,128.86079294239343,37.79710821329875,71,,07:35,18:28
42091007,302,강릉-동해상사,39,39,4200227,학고개,128.86104076560957,37.80452897124611,71,,07:35,18:28
42091007,302,강릉-동해상사,40,40,4200226,방골마을입구,128.8558844116181,37.81329996910386,71,,07:35,18:28
42091007,302,강릉-동해상사,41,41,4200418,강릉아산병원.강릉약국,128.8564121349402,37.81631278949057,71,,07:35,18:28
42091007,302,강릉-동해상사,42,42,4200446,강릉아산병원(주문진방면),128.8575142394361,37.817740516347506,71,,07:35,18:28
42091007,302,강릉-동해상사,43,43,4200225,북부노인대학,128.85083641112433,37.82016343083045,71,,07:35,18:28
42091007,302,강릉-동해상사,44,44,4200222,사천면사무소,128.84928192865996,37.82385848393331,71,,07:35,18:28
42091007,302,강릉-동해상사,45,45,4200221,모래내행복센터,128.84881781800846,37.82675602435266,71,,07:35,18:28
42091007,302,강릉-동해상사,46,46,4200314,청솔공원,128.84780404863866,37.83218520189828,71,,07:35,18:28
42091007,302,강릉-동해상사,47,47,4200261,북강릉IC,128.84425534198513,37.83689529134246,71,,07:35,18:28
42091007,302,강릉-동해상사,48,48,4200217,구라미,128.8421871924033,37.84071328241807,71,,07:35,18:28
42091007,302,강릉-동해상사,49,49,4200215,구라미휴게소,128.8412803433516,37.845869087009575,71,,07:35,18:28
42091007,302,강릉-동해상사,50,50,4200214,연곡해변입구,128.84162112920617,37.854539181009365,71,,07:35,18:28
42091007,302,강릉-동해상사,51,51,4200212,연곡면사무소,128.83761397394952,37.85995465828368,71,,07:35,18:28
42091007,302,강릉-동해상사,52,52,4200211,삼천리아파트,128.8383288212433,37.86906384505761,71,,07:35,18:28
42091007,302,강릉-동해상사,53,53,4200209,영진입구,128.83637261045655,37.87054167536418,71,,07:35,18:28
42091007,302,강릉-동해상사,54,54,4200208,북부노인종합복지관,128.83042321750824,37.874681277863154,71,,07:35,18:28
42091007,302,강릉-동해상사,55,55,4200206,강원도립대,128.8283096996467,37.87693859362977,71,,07:35,18:28
42091007,302,강릉-동해상사,56,56,4200308,주문진중.고등학교.강릉정보고,128.82672327638434,37.87982425913257,71,,07:35,18:28
42091007,302,강릉-동해상사,57,57,4200202,주문진식자재마트,128.82596782269363,37.881485546216574,71,,07:35,18:28
42091007,302,강릉-동해상사,58,58,4200200,주문진시외버스터미널,128.8253113527999,37.88508198031381,71,,07:35,18:28
42091007,302,강릉-동해상사,59,59,4200198,원마트,128.82575730347685,37.88826959645488,71,,07:35,18:28
42091007,302,강릉-동해상사,60,60,4200196,작은다리,128.8261349428677,37.89101262248175,71,,07:35,18:28
42091007,302,강릉-동해상사,61,61,4200195,주문진항입구,128.82690557497094,37.892668432750234,71,,07:35,18:28
42091007,302,강릉-동해상사,62,62,4200192,북부지구대,128.829270567591,37.89460960314925,71,,07:35,18:28
42091007,302,강릉-동해상사,63,63,4200300,수협사거리,128.8314095884837,37.895774457125356,71,,07:35,18:28
42091007,302,강릉-동해상사,64,64,4200299,주문2리,128.83067123183636,37.89750003400375,71,,07:35,18:28
42091007,302,강릉-동해상사,65,65,4200188,양양고개,128.82822436017406,37.899998054568016,71,,07:35,18:28
42091007,302,강릉-동해상사,66,66,4200298,보성연립,128.82558444232305,37.90204313561504,71,,07:35,18:28
42091007,302,강릉-동해상사,67,67,4200521,방학골,128.82291244813646,37.90463362511824,71,,07:35,18:28
42091007,302,강릉-동해상사,68,68,4200185,소돌,128.8213252547112,37.90592204016269,71,,07:35,18:28
42091007,302,강릉-동해상사,69,69,4200002,소돌해변입구,128.81905535960837,37.90780434670355,71,,07:35,18:28
42091007,302,강릉-동해상사,70,70,4200182,주문진해변,128.81704671925502,37.90944057885068,71,,07:35,18:28
42091007,302,강릉-동해상사,71,71,4200473,향호리,128.81023394642006,37.915207861254615,71,,07:35,18:28
42092077,302-1,강릉-동해상사,1,1,4200473,향호리,128.81023394642006,37.915207861254615,64,,08:17,"17:57
과학산업단지 경유"
42092077,302-1,강릉-동해상사,2,2,4200181,주문진해변,128.81692175696733,37.90940788063508,64,,08:17,"17:57
과학산업단지 경유"
42092077,302-1,강릉-동해상사,3,3,4200184,소돌,128.82175443074843,37.905415537268986,64,,08:17,"17:57
과학산업단지 경유"
42092077,302-1,강릉-동해상사,4,4,4200186,보성연립,128.82551362915504,37.901974724913615,64,,08:17,"17:57
과학산업단지 경유"
42092077,302-1,강릉-동해상사,5,5,4200187,양양고개,128.82805578782853,37.90002854060149,64,,08:17,"17:57
과학산업단지 경유"
42092077,302-1,강릉-동해상사,6,6,4200189,주문2리,128.83046007450088,37.897540604441176,64,,08:17,"17:57
과학산업단지 경유"
42092077,302-1,강릉-동해상사,7,7,4200190,수협사거리,128.83119347169236,37.89590191816579,64,,08:17,"17:57
과학산업단지 경유"
42092077,302-1,강릉-동해상사,8,8,4200193,북부지구대,128.82860680406648,37.894535177399845,64,,08:17,"17:57
과학산업단지 경유"
42092077,302-1,강릉-동해상사,9,9,4200194,주문진항입구,128.82670250148865,37.8926318795772,64,,08:17,"17:57
과학산업단지 경유"
42092077,302-1,강릉-동해상사,10,10,4200619,국립수산물품질관리원,128.82606517101954,37.891507384213114,64,,08:17,"17:57
과학산업단지 경유"
42092077,302-1,강릉-동해상사,11,11,4200197,작은다리,128.82583778093624,37.88994679111109,64,,08:17,"17:57
과학산업단지 경유"
42092077,302-1,강릉-동해상사,12,12,4201232,원마트,128.8255161831108,37.88764901879385,64,,08:17,"17:57
과학산업단지 경유"
42092077,302-1,강릉-동해상사,13,13,4200305,주문진시외버스터미널,128.82509871282576,37.88458386690221,64,,08:17,"17:57
과학산업단지 경유"
42092077,302-1,강릉-동해상사,14,14,4200201,양조장,128.8258300942643,37.881274388703744,64,,08:17,"17:57
과학산업단지 경유"
42092077,302-1,강릉-동해상사,15,15,4200204,주문진중학교,128.82690197641236,37.87887483229283,64,,08:17,"17:57
과학산업단지 경유"
42092077,302-1,강릉-동해상사,16,16,4200205,강원도립대,128.82840415011668,37.87652579934979,64,,08:17,"17:57
과학산업단지 경유"
42092077,302-1,강릉-동해상사,17,17,4200207,북부노인종합복지관,128.83062989490628,37.8743072338123,64,,08:17,"17:57
과학산업단지 경유"
42092077,302-1,강릉-동해상사,18,18,4201226,영진입구,128.83626865951734,37.87047570517143,64,,08:17,"17:57
과학산업단지 경유"
42092077,302-1,강릉-동해상사,19,19,4200310,삼천리아파트,128.8379309322555,37.8689470039461,64,,08:17,"17:57
과학산업단지 경유"
42092077,302-1,강릉-동해상사,20,20,4201227,연곡면사무소,128.83749819485607,37.86001175022627,64,,08:17,"17:57
과학산업단지 경유"
42092077,302-1,강릉-동해상사,21,21,4200213,연곡해변입구,128.84130813848452,37.85462580337619,64,,08:17,"17:57
과학산업단지 경유"
42092077,302-1,강릉-동해상사,22,22,4200312,구라미휴게소,128.84078612253998,37.84523742281921,64,,08:17,"17:57
과학산업단지 경유"
42092077,302-1,강릉-동해상사,23,23,4200216,구라미,128.84187680750063,37.84088026429458,64,,08:17,"17:57
과학산업단지 경유"
42092077,302-1,강릉-동해상사,24,24,4200219,청솔공원,128.84744835859598,37.832296445829655,64,,08:17,"17:57
과학산업단지 경유"
42092077,302-1,강릉-동해상사,25,25,4200220,모래내행복센터,128.84888855200666,37.82654759560158,64,,08:17,"17:57
과학산업단지 경유"
42092077,302-1,강릉-동해상사,26,26,4200223,사천면사무소,128.84914337332015,37.8229406699122,64,,08:17,"17:57
과학산업단지 경유"
42092077,302-1,강릉-동해상사,27,27,4200224,북부노인대학,128.85070066292354,37.820164105652225,64,,08:17,"17:57
과학산업단지 경유"
42092077,302-1,강릉-동해상사,28,28,4200004,숲사랑홍보관,128.85126457297872,37.81878304910103,64,,08:17,"17:57
과학산업단지 경유"
42092077,302-1,강릉-동해상사,29,29,4201237,강릉아산병원(강릉방면),128.8575951802683,37.81786664293397,64,,08:17,"17:57
과학산업단지 경유"
42092077,302-1,강릉-동해상사,30,30,4200317,강릉아산병원.강릉약국,128.856152685967,37.816231407654854,64,,08:17,"17:57
과학산업단지 경유"
42092077,302-1,강릉-동해상사,31,31,4200069,방골마을입구,128.85540756146614,37.81366779247799,64,,08:17,"17:57
과학산업단지 경유"
42092077,302-1,강릉-동해상사,32,32,4200228,학고개,128.8599242703853,37.80596957371411,64,,08:17,"17:57
과학산업단지 경유"
42092077,302-1,강릉-동해상사,33,33,4200138,즈므.과학단지,128.8604076986006,37.79746479759031,64,,08:17,"17:57
과학산업단지 경유"
42092077,302-1,강릉-동해상사,34,34,4200230,한밭입구,128.86424835021418,37.79176559208253,64,,08:17,"17:57
과학산업단지 경유"
42092077,302-1,강릉-동해상사,35,35,4200232,행정마을,128.8694510816438,37.7889272082235,64,,08:17,"17:57
과학산업단지 경유"
42092077,302-1,강릉-동해상사,36,36,4200234,법원.검찰청,128.87342400102995,37.78526073982707,64,,08:17,"17:57
과학산업단지 경유"
42092077,302-1,강릉-동해상사,37,37,4200236,선교장입구,128.87978791945434,37.782182641690056,64,,08:17,"17:57
과학산업단지 경유"
42092077,302-1,강릉-동해상사,38,38,4200238,오죽헌,128.8827262588498,37.779841129260745,64,,08:17,"17:57
과학산업단지 경유"
42092077,302-1,강릉-동해상사,39,39,4200136,방축거리,128.88380882582484,37.773889373429355,64,,08:17,"17:57
과학산업단지 경유"
42092077,302-1,강릉-동해상사,40,40,4200135,부영2차아파트,128.8825125758686,37.77002923948558,64,,08:17,"17:57
과학산업단지 경유"
42092077,302-1,강릉-동해상사,41,41,4200292,주공1차아파트,128.88256780330317,37.766843575404636,64,,08:17,"17:57
과학산업단지 경유"
42092077,302-1,강릉-동해상사,42,42,4200132,율곡초등학교,128.88221538693716,37.765100900268116,64,,08:17,"17:57
과학산업단지 경유"
42092077,302-1,강릉-동해상사,43,43,4200130,현대2차아파트,128.87999435131803,37.764311243841746,64,,08:17,"17:57
과학산업단지 경유"
42092077,302-1,강릉-동해상사,44,44,4200128,구름다리,128.87743298775584,37.764682397677966,64,,08:17,"17:57
과학산업단지 경유"
42092077,302-1,강릉-동해상사,45,45,4200126,솔올공연장,128.87424793205705,37.763507530751156,64,,08:17,"17:57
과학산업단지 경유"
42092077,302-1,강릉-동해상사,46,46,4200124,우편집중국,128.87347187490323,37.76156496879712,64,,08:17,"17:57
과학산업단지 경유"
42092077,302-1,강릉-동해상사,47,47,4200121,강릉시외.고속터미널,128.87911620808939,37.75486594086855,64,,08:17,"17:57
과학산업단지 경유"
42092077,302-1,강릉-동해상사,48,48,4200119,터미널오거리,128.88381140539954,37.755579088211434,64,,08:17,"17:57
과학산업단지 경유"
42092077,302-1,강릉-동해상사,49,49,4200117,적십자입구,128.88647213220725,37.75676623567213,64,,08:17,"17:57
과학산업단지 경유"
42092077,302-1,강릉-동해상사,50,50,4200115,고용센터,128.8890663454416,37.75714942132559,64,,08:17,"17:57
과학산업단지 경유"
42092077,302-1,강릉-동해상사,51,51,4200249,용강동서부시장,128.89167287030088,37.75492247590215,64,,08:17,"17:57
과학산업단지 경유"
42092077,302-1,강릉-동해상사,52,52,4200252,신영극장,128.8961287589657,37.75448236011555,64,,08:17,"17:57
과학산업단지 경유"
42092077,302-1,강릉-동해상사,53,53,4200094,강릉여고,128.90248424479844,37.75904463050879,64,,08:17,"17:57
과학산업단지 경유"
42092077,302-1,강릉-동해상사,54,54,4200258,용지각,128.90534669055177,37.76147384168322,64,,08:17,"17:57
과학산업단지 경유"
42092077,302-1,강릉-동해상사,55,55,4200260,동남아파트,128.9088062489658,37.764638779656714,64,,08:17,"17:57
과학산업단지 경유"
42092077,302-1,강릉-동해상사,56,56,4200049,남강초교,128.91338089940805,37.76735161096919,64,,08:17,"17:57
과학산업단지 경유"
42092077,302-1,강릉-동해상사,57,57,4200265,혜성연립,128.91575952067353,37.76841531999017,64,,08:17,"17:57
과학산업단지 경유"
42092077,302-1,강릉-동해상사,58,58,4200267,삼우은성아파트,128.91973659122027,37.77025900516923,64,,08:17,"17:57
과학산업단지 경유"
42092077,302-1,강릉-동해상사,59,59,4200269,이마트,128.92346774482266,37.772222356268564,64,,08:17,"17:57
과학산업단지 경유"
42092077,302-1,강릉-동해상사,60,60,4200271,송정동주민센터,128.9281580126049,37.77420386430584,64,,08:17,"17:57
과학산업단지 경유"
42092077,302-1,강릉-동해상사,61,61,4200273,송정신원아침도시,128.93190852770562,37.774810233413945,64,,08:17,"17:57
과학산업단지 경유"
42092077,302-1,강릉-동해상사,62,62,4200275,송정한신아파트입구,128.93667614488956,37.77380916737768,64,,08:17,"17:57
과학산업단지 경유"
42092077,302-1,강릉-동해상사,63,63,4200263,송정한신아파트후문,128.9386138022858,37.773558747641985,64,,08:17,"17:57
과학산업단지 경유"
42092077,302-1,강릉-동해상사,64,64,4201044,안목커피거리,128.94543559396536,37.77260342997581,64,,08:17,"17:57
과학산업단지 경유"
42002091,302-2,강릉-동진버스,1,1,4200473,향호리,128.81023394642006,37.915207861254615,66,,07:22,16:25
42002091,302-2,강릉-동진버스,2,2,4200181,주문진해변,128.81692175696733,37.90940788063508,66,,07:22,16:25
42002091,302-2,강릉-동진버스,3,3,4200184,소돌,128.82175443074843,37.905415537268986,66,,07:22,16:25
42002091,302-2,강릉-동진버스,4,4,4200519,방학골,128.82351587730795,37.90381462090833,66,,07:22,16:25
42002091,302-2,강릉-동진버스,5,5,4200186,보성연립,128.82551362915504,37.901974724913615,66,,07:22,16:25
42002091,302-2,강릉-동진버스,6,6,4200187,양양고개,128.82805578782853,37.90002854060149,66,,07:22,16:25
42002091,302-2,강릉-동진버스,7,7,4200189,주문2리,128.83046007450088,37.897540604441176,66,,07:22,16:25
42002091,302-2,강릉-동진버스,8,8,4200190,수협사거리,128.83119347169236,37.89590191816579,66,,07:22,16:25
42002091,302-2,강릉-동진버스,9,9,4200193,북부지구대,128.82860680406648,37.894535177399845,66,,07:22,16:25
42002091,302-2,강릉-동진버스,10,10,4200194,주문진항입구,128.82670250148865,37.8926318795772,66,,07:22,16:25
42002091,302-2,강릉-동진버스,11,11,4200619,국립수산물품질관리원,128.82606517101954,37.891507384213114,66,,07:22,16:25
42002091,302-2,강릉-동진버스,12,12,4200197,작은다리,128.82583778093624,37.88994679111109,66,,07:22,16:25
42002091,302-2,강릉-동진버스,13,13,4201232,원마트,128.8255161831108,37.88764901879385,66,,07:22,16:25
42002091,302-2,강릉-동진버스,14,14,4200305,주문진시외버스터미널,128.82509871282576,37.88458386690221,66,,07:22,16:25
42002091,302-2,강릉-동진버스,15,15,4200201,양조장,128.8258300942643,37.881274388703744,66,,07:22,16:25
42002091,302-2,강릉-동진버스,16,16,4200204,주문진중학교,128.82690197641236,37.87887483229283,66,,07:22,16:25
42002091,302-2,강릉-동진버스,17,17,4200205,강원도립대,128.82840415011668,37.87652579934979,66,,07:22,16:25
42002091,302-2,강릉-동진버스,18,18,4200207,북부노인종합복지관,128.83062989490628,37.8743072338123,66,,07:22,16:25
42002091,302-2,강릉-동진버스,19,19,4201226,영진입구,128.83626865951734,37.87047570517143,66,,07:22,16:25
42002091,302-2,강릉-동진버스,20,20,4200310,삼천리아파트,128.8379309322555,37.8689470039461,66,,07:22,16:25
42002091,302-2,강릉-동진버스,21,21,4201227,연곡면사무소,128.83749819485607,37.86001175022627,66,,07:22,16:25
42002091,302-2,강릉-동진버스,22,22,4200213,연곡해변입구,128.84130813848452,37.85462580337619,66,,07:22,16:25
42002091,302-2,강릉-동진버스,23,23,4200312,구라미휴게소,128.84078612253998,37.84523742281921,66,,07:22,16:25
42002091,302-2,강릉-동진버스,24,24,4200216,구라미,128.84187680750063,37.84088026429458,66,,07:22,16:25
42002091,302-2,강릉-동진버스,25,25,4200219,청솔공원,128.84744835859598,37.832296445829655,66,,07:22,16:25
42002091,302-2,강릉-동진버스,26,26,4200220,모래내행복센터,128.84888855200666,37.82654759560158,66,,07:22,16:25
42002091,302-2,강릉-동진버스,27,27,4200223,사천면사무소,128.84914337332015,37.8229406699122,66,,07:22,16:25
42002091,302-2,강릉-동진버스,28,28,4200224,북부노인대학,128.85070066292354,37.820164105652225,66,,07:22,16:25
42002091,302-2,강릉-동진버스,29,29,4200004,숲사랑홍보관,128.85126457297872,37.81878304910103,66,,07:22,16:25
42002091,302-2,강릉-동진버스,30,30,4201237,강릉아산병원(강릉방면),128.8575951802683,37.81786664293397,66,,07:22,16:25
42002091,302-2,강릉-동진버스,31,31,4200317,강릉아산병원.강릉약국,128.856152685967,37.816231407654854,66,,07:22,16:25
42002091,302-2,강릉-동진버스,32,32,4200069,방골마을입구,128.85540756146614,37.81366779247799,66,,07:22,16:25
42002091,302-2,강릉-동진버스,33,33,4200228,학고개,128.8599242703853,37.80596957371411,66,,07:22,16:25
42002091,302-2,강릉-동진버스,34,34,4200138,즈므.과학단지,128.8604076986006,37.79746479759031,66,,07:22,16:25
42002091,302-2,강릉-동진버스,35,35,4200230,한밭입구,128.86424835021418,37.79176559208253,66,,07:22,16:25
42002091,302-2,강릉-동진버스,36,36,4200232,행정마을,128.8694510816438,37.7889272082235,66,,07:22,16:25
42002091,302-2,강릉-동진버스,37,37,4200234,법원.검찰청,128.87342400102995,37.78526073982707,66,,07:22,16:25
42002091,302-2,강릉-동진버스,38,38,4200236,선교장입구,128.87978791945434,37.782182641690056,66,,07:22,16:25
42002091,302-2,강릉-동진버스,39,39,4200238,오죽헌,128.8827262588498,37.779841129260745,66,,07:22,16:25
42002091,302-2,강릉-동진버스,40,40,4200136,방축거리,128.88380882582484,37.773889373429355,66,,07:22,16:25
42002091,302-2,강릉-동진버스,41,41,4200135,부영2차아파트,128.8825125758686,37.77002923948558,66,,07:22,16:25
42002091,302-2,강릉-동진버스,42,42,4200292,주공1차아파트,128.88256780330317,37.766843575404636,66,,07:22,16:25
42002091,302-2,강릉-동진버스,43,43,4200132,율곡초등학교,128.88221538693716,37.765100900268116,66,,07:22,16:25
42002091,302-2,강릉-동진버스,44,44,4200130,현대2차아파트,128.87999435131803,37.764311243841746,66,,07:22,16:25
42002091,302-2,강릉-동진버스,45,45,4200128,구름다리,128.87743298775584,37.764682397677966,66,,07:22,16:25
42002091,302-2,강릉-동진버스,46,46,4200126,솔올공연장,128.87424793205705,37.763507530751156,66,,07:22,16:25
42002091,302-2,강릉-동진버스,47,47,4200124,우편집중국,128.87347187490323,37.76156496879712,66,,07:22,16:25
42002091,302-2,강릉-동진버스,48,48,4200121,강릉시외.고속터미널,128.87911620808939,37.75486594086855,66,,07:22,16:25
42002091,302-2,강릉-동진버스,49,49,4200119,터미널오거리,128.88381140539954,37.755579088211434,66,,07:22,16:25
42002091,302-2,강릉-동진버스,50,50,4200117,적십자입구,128.88647213220725,37.75676623567213,66,,07:22,16:25
42002091,302-2,강릉-동진버스,51,51,4200115,고용센터,128.8890663454416,37.75714942132559,66,,07:22,16:25
42002091,302-2,강릉-동진버스,52,52,4200249,용강동서부시장,128.89167287030088,37.75492247590215,66,,07:22,16:25
42002091,302-2,강릉-동진버스,53,53,4200252,신영극장,128.8961287589657,37.75448236011555,66,,07:22,16:25
42002091,302-2,강릉-동진버스,54,54,4200094,강릉여고,128.90248424479844,37.75904463050879,66,,07:22,16:25
42002091,302-2,강릉-동진버스,55,55,4201203,강릉여고정문,128.90560348975578,37.75872376948264,66,,07:22,16:25
42002091,302-2,강릉-동진버스,56,56,4200764,대목아파트,128.91036775859212,37.7552461618319,66,,07:22,16:25
42002091,302-2,강릉-동진버스,57,57,4200763,입암현대아파트,128.91229270015563,37.753112836072376,66,,07:22,16:25
42002091,302-2,강릉-동진버스,58,58,4202167,남부노인종합복지관,128.91383118471262,37.752564379737024,66,,07:22,16:25
42002091,302-2,강릉-동진버스,59,59,4201054,금호어울림,128.91590296498018,37.75518531900659,66,,07:22,16:25
42002091,302-2,강릉-동진버스,60,60,4201052,입암6주공오거리,128.91746262041485,37.758678282328006,66,,07:22,16:25
42002091,302-2,강릉-동진버스,61,61,4201050,원마트,128.9185145864492,37.76040631401962,66,,07:22,16:25
42002091,302-2,강릉-동진버스,62,62,4201048,입암4주공아파트,128.9166989706064,37.761858842951916,66,,07:22,16:25
42002091,302-2,강릉-동진버스,63,63,4201046,성덕동주민센터,128.91533375948597,37.76294836172143,66,,07:22,16:25
42002091,302-2,강릉-동진버스,64,64,4201206,입암2.3주공,128.9164847952377,37.764981798289845,66,,07:22,16:25
42002091,302-2,강릉-동진버스,65,65,4201207,현대자동차서비스,128.9189460603978,37.76507644083287,66,,07:22,16:25
42002091,302-2,강릉-동진버스,66,66,4200191,공단,128.92224127533925,37.765245144772656,66,,07:22,16:25
42092092,314,강릉-동해상사,1,1,4201043,안목,128.94526892930932,37.77285146151794,63,,06:58,18:47
42092092,314,강릉-동해상사,2,2,4201386,송정한신아파트후문,128.93962441064605,37.773612640324636,63,,06:58,18:47
42092092,314,강릉-동해상사,3,3,4200276,송정한신아파트입구,128.93668274097607,37.7740287226972,63,,06:58,18:47
42092092,314,강릉-동해상사,4,4,4200274,송정노인회관,128.93141909498914,37.77512821569013,63,,06:58,18:47
42092092,314,강릉-동해상사,5,5,4200272,송정동주민센터,128.92775106138072,37.77430053196711,63,,06:58,18:47
42092092,314,강릉-동해상사,6,6,4200270,이마트,128.92290403192536,37.77218493598484,63,,06:58,18:47
42092092,314,강릉-동해상사,7,7,4200268,삼우은성아파트,128.91881978171756,37.77007704319862,63,,06:58,18:47
42092092,314,강릉-동해상사,8,8,4200266,혜성연립,128.9154402649905,37.76852760326643,63,,06:58,18:47
42092092,314,강릉-동해상사,9,9,4200264,구)동해상사,128.91165113985977,37.76683747950902,63,,06:58,18:47
42092092,314,강릉-동해상사,10,10,4200262,로얄아파트.포남1동주민센터,128.90933288179943,37.76545703763149,63,,06:58,18:47
42092092,314,강릉-동해상사,11,11,4200318,포남시장,128.90766061502285,37.76392281820552,63,,06:58,18:47
42092092,314,강릉-동해상사,12,12,4200259,용지각,128.90537716328666,37.76184119439877,63,,06:58,18:47
42092092,314,강릉-동해상사,13,13,4200257,옥천119안전센터,128.90305174420297,37.761041080134646,63,,06:58,18:47
42092092,314,강릉-동해상사,14,14,4200721,강릉역,128.8992580056024,37.76416330670135,63,,06:58,18:47
42092092,314,강릉-동해상사,15,15,4200315,구터미널,128.8988430353628,37.76163002626936,63,,06:58,18:47
42092092,314,강릉-동해상사,16,16,4200365,삼성디지털센터,128.8966989039856,37.75811194350719,63,,06:58,18:47
42092092,314,강릉-동해상사,17,17,4200253,교보생명,128.89811415297848,37.756002485379526,63,,06:58,18:47
42092092,314,강릉-동해상사,18,18,4200251,한국은행,128.89406630781096,37.753485602290496,63,,06:58,18:47
42092092,314,강릉-동해상사,19,19,4200250,용강동서부시장,128.89174828581776,37.7556582744871,63,,06:58,18:47
42092092,314,강릉-동해상사,20,20,4200114,고용센터,128.88893105798073,37.75744085258255,63,,06:58,18:47
42092092,314,강릉-동해상사,21,21,4200116,적십자입구,128.88726321660565,37.757196360936135,63,,06:58,18:47
42092092,314,강릉-동해상사,22,22,4200118,터미널오거리,128.8840640923818,37.75608209292866,63,,06:58,18:47
42092092,314,강릉-동해상사,23,23,4200120,강릉시외.고속터미널,128.8792265208128,37.75505492071011,63,,06:58,18:47
42092092,314,강릉-동해상사,24,24,4200291,강릉소방서,128.87109869210374,37.758191496775595,63,,06:58,18:47
42092092,314,강릉-동해상사,25,25,4201249,선수촌8단지,128.87029355520082,37.76060110592661,63,,06:58,18:47
42092092,314,강릉-동해상사,26,26,4200401,강릉복합복지체육센터,128.87017698555522,37.76290354322161,63,,06:58,18:47
42092092,314,강릉-동해상사,27,27,4201041,강원대학교입구,128.87514521071003,37.77009542292022,63,,06:58,18:47
42092092,314,강릉-동해상사,28,28,4200235,법원.검찰청,128.8739503928752,37.785042447818554,63,,06:58,18:47
42092092,314,강릉-동해상사,29,29,4200233,행정마을,128.8703519994515,37.78859256038236,63,,06:58,18:47
42092092,314,강릉-동해상사,30,30,4200231,한밭입구,128.86496052027113,37.791610745411326,63,,06:58,18:47
42092092,314,강릉-동해상사,31,31,4200229,즈므.과학단지,128.86079294239343,37.79710821329875,63,,06:58,18:47
42092092,314,강릉-동해상사,32,32,4200227,학고개,128.86104076560957,37.80452897124611,63,,06:58,18:47
42092092,314,강릉-동해상사,33,33,4200226,방골마을입구,128.8558844116181,37.81329996910386,63,,06:58,18:47
42092092,314,강릉-동해상사,34,34,4200418,강릉아산병원.강릉약국,128.8564121349402,37.81631278949057,63,,06:58,18:47
42092092,314,강릉-동해상사,35,35,4200225,북부노인대학,128.85083641112433,37.82016343083045,63,,06:58,18:47
42092092,314,강릉-동해상사,36,36,4200222,사천면사무소,128.84928192865996,37.82385848393331,63,,06:58,18:47
42092092,314,강릉-동해상사,37,37,4200221,모래내행복센터,128.84881781800846,37.82675602435266,63,,06:58,18:47
42092092,314,강릉-동해상사,38,38,4200314,청솔공원,128.84780404863866,37.83218520189828,63,,06:58,18:47
42092092,314,강릉-동해상사,39,39,4200261,북강릉IC,128.84425534198513,37.83689529134246,63,,06:58,18:47
42092092,314,강릉-동해상사,40,40,4200217,구라미,128.8421871924033,37.84071328241807,63,,06:58,18:47
42092092,314,강릉-동해상사,41,41,4200215,구라미휴게소,128.8412803433516,37.845869087009575,63,,06:58,18:47
42092092,314,강릉-동해상사,42,42,4200214,연곡해변입구,128.84162112920617,37.854539181009365,63,,06:58,18:47
42092092,314,강릉-동해상사,43,43,4200212,연곡면사무소,128.83761397394952,37.85995465828368,63,,06:58,18:47
42092092,314,강릉-동해상사,44,44,4200211,삼천리아파트,128.8383288212433,37.86906384505761,63,,06:58,18:47
42092092,314,강릉-동해상사,45,45,4200209,영진입구,128.83637261045655,37.87054167536418,63,,06:58,18:47
42092092,314,강릉-동해상사,46,46,4200208,북부노인종합복지관,128.83042321750824,37.874681277863154,63,,06:58,18:47
42092092,314,강릉-동해상사,47,47,4200206,강원도립대,128.8283096996467,37.87693859362977,63,,06:58,18:47
42092092,314,강릉-동해상사,48,48,4200308,주문진중.고등학교.강릉정보고,128.82672327638434,37.87982425913257,63,,06:58,18:47
42092092,314,강릉-동해상사,49,49,4200202,주문진식자재마트,128.82596782269363,37.881485546216574,63,,06:58,18:47
42092092,314,강릉-동해상사,50,50,4200200,주문진시외버스터미널,128.8253113527999,37.88508198031381,63,,06:58,18:47
42092092,314,강릉-동해상사,51,51,4200198,원마트,128.82575730347685,37.88826959645488,63,,06:58,18:47
42092092,314,강릉-동해상사,52,52,4200196,작은다리,128.8261349428677,37.89101262248175,63,,06:58,18:47
42092092,314,강릉-동해상사,53,53,4200195,주문진항입구,128.82690557497094,37.892668432750234,63,,06:58,18:47
42092092,314,강릉-동해상사,54,54,4200192,북부지구대,128.829270567591,37.89460960314925,63,,06:58,18:47
42092092,314,강릉-동해상사,55,55,4200300,수협사거리,128.8314095884837,37.895774457125356,63,,06:58,18:47
42092092,314,강릉-동해상사,56,56,4200299,주문2리,128.83067123183636,37.89750003400375,63,,06:58,18:47
42092092,314,강릉-동해상사,57,57,4200188,양양고개,128.82822436017406,37.899998054568016,63,,06:58,18:47
42092092,314,강릉-동해상사,58,58,4200298,보성연립,128.82558444232305,37.90204313561504,63,,06:58,18:47
42092092,314,강릉-동해상사,59,59,4200521,방학골,128.82291244813646,37.90463362511824,63,,06:58,18:47
42092092,314,강릉-동해상사,60,60,4200185,소돌,128.8213252547112,37.90592204016269,63,,06:58,18:47
42092092,314,강릉-동해상사,61,61,4200002,소돌해변입구,128.81905535960837,37.90780434670355,63,,06:58,18:47
42092092,314,강릉-동해상사,62,62,4200182,주문진해변,128.81704671925502,37.90944057885068,63,,06:58,18:47
42092092,314,강릉-동해상사,63,63,4200473,향호리,128.81023394642006,37.915207861254615,63,,06:58,18:47
42002092,314,강릉-동진버스,1,1,4201209,공단,128.92205416940635,37.765196014305694,56,,08:57,19:33
42002092,314,강릉-동진버스,2,2,4201205,입암2.3주공,128.9161850255649,37.765072488547595,56,,08:57,19:33
42002092,314,강릉-동진버스,3,3,4200262,로얄아파트.포남1동주민센터,128.90933288179943,37.76545703763149,56,,08:57,19:33
42002092,314,강릉-동진버스,4,4,4200318,포남시장,128.90766061502285,37.76392281820552,56,,08:57,19:33
42002092,314,강릉-동진버스,5,5,4200259,용지각,128.90537716328666,37.76184119439877,56,,08:57,19:33
42002092,314,강릉-동진버스,6,6,4200257,옥천119안전센터,128.90305174420297,37.761041080134646,56,,08:57,19:33
42002092,314,강릉-동진버스,7,7,4200721,강릉역,128.8992580056024,37.76416330670135,56,,08:57,19:33
42002092,314,강릉-동진버스,8,8,4200315,구터미널,128.8988430353628,37.76163002626936,56,,08:57,19:33
42002092,314,강릉-동진버스,9,9,4200365,삼성디지털센터,128.8966989039856,37.75811194350719,56,,08:57,19:33
42002092,314,강릉-동진버스,10,10,4200253,교보생명,128.89811415297848,37.756002485379526,56,,08:57,19:33
42002092,314,강릉-동진버스,11,11,4200251,한국은행,128.89406630781096,37.753485602290496,56,,08:57,19:33
42002092,314,강릉-동진버스,12,12,4200250,용강동서부시장,128.89174828581776,37.7556582744871,56,,08:57,19:33
42002092,314,강릉-동진버스,13,13,4200114,고용센터,128.88893105798073,37.75744085258255,56,,08:57,19:33
42002092,314,강릉-동진버스,14,14,4200116,적십자입구,128.88726321660565,37.757196360936135,56,,08:57,19:33
42002092,314,강릉-동진버스,15,15,4200118,터미널오거리,128.8840640923818,37.75608209292866,56,,08:57,19:33
42002092,314,강릉-동진버스,16,16,4200120,강릉시외.고속터미널,128.8792265208128,37.75505492071011,56,,08:57,19:33
42002092,314,강릉-동진버스,17,17,4200291,강릉소방서,128.87109869210374,37.758191496775595,56,,08:57,19:33
42002092,314,강릉-동진버스,18,18,4201249,선수촌8단지,128.87029355520082,37.76060110592661,56,,08:57,19:33
42002092,314,강릉-동진버스,19,19,4200401,강릉복합복지체육센터,128.87017698555522,37.76290354322161,56,,08:57,19:33
42002092,314,강릉-동진버스,20,20,4201041,강원대학교입구,128.87514521071003,37.77009542292022,56,,08:57,19:33
42002092,314,강릉-동진버스,21,21,4200235,법원.검찰청,128.8739503928752,37.785042447818554,56,,08:57,19:33
42002092,314,강릉-동진버스,22,22,4200233,행정마을,128.8703519994515,37.78859256038236,56,,08:57,19:33
42002092,314,강릉-동진버스,23,23,4200231,한밭입구,128.86496052027113,37.791610745411326,56,,08:57,19:33
42002092,314,강릉-동진버스,24,24,4200229,즈므.과학단지,128.86079294239343,37.79710821329875,56,,08:57,19:33
42002092,314,강릉-동진버스,25,25,4200227,학고개,128.86104076560957,37.80452897124611,56,,08:57,19:33
42002092,314,강릉-동진버스,26,26,4200226,방골마을입구,128.8558844116181,37.81329996910386,56,,08:57,19:33
42002092,314,강릉-동진버스,27,27,4200418,강릉아산병원.강릉약국,128.8564121349402,37.81631278949057,56,,08:57,19:33
42002092,314,강릉-동진버스,28,28,4200225,북부노인대학,128.85083641112433,37.82016343083045,56,,08:57,19:33
42002092,314,강릉-동진버스,29,29,4200222,사천면사무소,128.84928192865996,37.82385848393331,56,,08:57,19:33
42002092,314,강릉-동진버스,30,30,4200221,모래내행복센터,128.84881781800846,37.82675602435266,56,,08:57,19:33
42002092,314,강릉-동진버스,31,31,4200314,청솔공원,128.84780404863866,37.83218520189828,56,,08:57,19:33
42002092,314,강릉-동진버스,32,32,4200261,북강릉IC,128.84425534198513,37.83689529134246,56,,08:57,19:33
42002092,314,강릉-동진버스,33,33,4200217,구라미,128.8421871924033,37.84071328241807,56,,08:57,19:33
42002092,314,강릉-동진버스,34,34,4200215,구라미휴게소,128.8412803433516,37.845869087009575,56,,08:57,19:33
42002092,314,강릉-동진버스,35,35,4200214,연곡해변입구,128.84162112920617,37.854539181009365,56,,08:57,19:33
42002092,314,강릉-동진버스,36,36,4200212,연곡면사무소,128.83761397394952,37.85995465828368,56,,08:57,19:33
42002092,314,강릉-동진버스,37,37,4200211,삼천리아파트,128.8383288212433,37.86906384505761,56,,08:57,19:33
42002092,314,강릉-동진버스,38,38,4200209,영진입구,128.83637261045655,37.87054167536418,56,,08:57,19:33
42002092,314,강릉-동진버스,39,39,4200208,북부노인종합복지관,128.83042321750824,37.874681277863154,56,,08:57,19:33
42002092,314,강릉-동진버스,40,40,4200206,강원도립대,128.8283096996467,37.87693859362977,56,,08:57,19:33
42002092,314,강릉-동진버스,41,41,4200308,주문진중.고등학교.강릉정보고,128.82672327638434,37.87982425913257,56,,08:57,19:33
42002092,314,강릉-동진버스,42,42,4200202,주문진식자재마트,128.82596782269363,37.881485546216574,56,,08:57,19:33
42002092,314,강릉-동진버스,43,43,4200200,주문진시외버스터미널,128.8253113527999,37.88508198031381,56,,08:57,19:33
42002092,314,강릉-동진버스,44,44,4200198,원마트,128.82575730347685,37.88826959645488,56,,08:57,19:33
42002092,314,강릉-동진버스,45,45,4200196,작은다리,128.8261349428677,37.89101262248175,56,,08:57,19:33
42002092,314,강릉-동진버스,46,46,4200195,주문진항입구,128.82690557497094,37.892668432750234,56,,08:57,19:33
42002092,314,강릉-동진버스,47,47,4200192,북부지구대,128.829270567591,37.89460960314925,56,,08:57,19:33
42002092,314,강릉-동진버스,48,48,4200300,수협사거리,128.8314095884837,37.895774457125356,56,,08:57,19:33
42002092,314,강릉-동진버스,49,49,4200299,주문2리,128.83067123183636,37.89750003400375,56,,08:57,19:33
42002092,314,강릉-동진버스,50,50,4200188,양양고개,128.82822436017406,37.899998054568016,56,,08:57,19:33
42002092,314,강릉-동진버스,51,51,4200298,보성연립,128.82558444232305,37.90204313561504,56,,08:57,19:33
42002092,314,강릉-동진버스,52,52,4200521,방학골,128.82291244813646,37.90463362511824,56,,08:57,19:33
42002092,314,강릉-동진버스,53,53,4200185,소돌,128.8213252547112,37.90592204016269,56,,08:57,19:33
42002092,314,강릉-동진버스,54,54,4200002,소돌해변입구,128.81905535960837,37.90780434670355,56,,08:57,19:33
42002092,314,강릉-동진버스,55,55,4200182,주문진해변,128.81704671925502,37.90944057885068,56,,08:57,19:33
42002092,314,강릉-동진버스,56,56,4200473,향호리,128.81023394642006,37.915207861254615,56,,08:57,19:33
42092094,314-1,강릉-동해상사,1,1,4200473,향호리,128.81023394642006,37.915207861254615,61,,08:24,17:40
42092094,314-1,강릉-동해상사,2,2,4200181,주문진해변,128.81692175696733,37.90940788063508,61,,08:24,17:40
42092094,314-1,강릉-동해상사,3,3,4200184,소돌,128.82175443074843,37.905415537268986,61,,08:24,17:40
42092094,314-1,강릉-동해상사,4,4,4200519,방학골,128.82351587730795,37.90381462090833,61,,08:24,17:40
42092094,314-1,강릉-동해상사,5,5,4200186,보성연립,128.82551362915504,37.901974724913615,61,,08:24,17:40
42092094,314-1,강릉-동해상사,6,6,4200187,양양고개,128.82805578782853,37.90002854060149,61,,08:24,17:40
42092094,314-1,강릉-동해상사,7,7,4200189,주문2리,128.83046007450088,37.897540604441176,61,,08:24,17:40
42092094,314-1,강릉-동해상사,8,8,4200190,수협사거리,128.83119347169236,37.89590191816579,61,,08:24,17:40
42092094,314-1,강릉-동해상사,9,9,4200193,북부지구대,128.82860680406648,37.894535177399845,61,,08:24,17:40
42092094,314-1,강릉-동해상사,10,10,4200194,주문진항입구,128.82670250148865,37.8926318795772,61,,08:24,17:40
42092094,314-1,강릉-동해상사,11,11,4200619,국립수산물품질관리원,128.82606517101954,37.891507384213114,61,,08:24,17:40
42092094,314-1,강릉-동해상사,12,12,4200197,작은다리,128.82583778093624,37.88994679111109,61,,08:24,17:40
42092094,314-1,강릉-동해상사,13,13,4201232,원마트,128.8255161831108,37.88764901879385,61,,08:24,17:40
42092094,314-1,강릉-동해상사,14,14,4200305,주문진시외버스터미널,128.82509871282576,37.88458386690221,61,,08:24,17:40
42092094,314-1,강릉-동해상사,15,15,4200201,양조장,128.8258300942643,37.881274388703744,61,,08:24,17:40
42092094,314-1,강릉-동해상사,16,16,4200204,주문진중학교,128.82690197641236,37.87887483229283,61,,08:24,17:40
42092094,314-1,강릉-동해상사,17,17,4200205,강원도립대,128.82840415011668,37.87652579934979,61,,08:24,17:40
42092094,314-1,강릉-동해상사,18,18,4200207,북부노인종합복지관,128.83062989490628,37.8743072338123,61,,08:24,17:40
42092094,314-1,강릉-동해상사,19,19,4201226,영진입구,128.83626865951734,37.87047570517143,61,,08:24,17:40
42092094,314-1,강릉-동해상사,20,20,4200310,삼천리아파트,128.8379309322555,37.8689470039461,61,,08:24,17:40
42092094,314-1,강릉-동해상사,21,21,4201227,연곡면사무소,128.83749819485607,37.86001175022627,61,,08:24,17:40
42092094,314-1,강릉-동해상사,22,22,4200213,연곡해변입구,128.84130813848452,37.85462580337619,61,,08:24,17:40
42092094,314-1,강릉-동해상사,23,23,4200312,구라미휴게소,128.84078612253998,37.84523742281921,61,,08:24,17:40
42092094,314-1,강릉-동해상사,24,24,4200216,구라미,128.84187680750063,37.84088026429458,61,,08:24,17:40
42092094,314-1,강릉-동해상사,25,25,4200219,청솔공원,128.84744835859598,37.832296445829655,61,,08:24,17:40
42092094,314-1,강릉-동해상사,26,26,4200220,모래내행복센터,128.84888855200666,37.82654759560158,61,,08:24,17:40
42092094,314-1,강릉-동해상사,27,27,4200223,사천면사무소,128.84914337332015,37.8229406699122,61,,08:24,17:40
42092094,314-1,강릉-동해상사,28,28,4200224,북부노인대학,128.85070066292354,37.820164105652225,61,,08:24,17:40
42092094,314-1,강릉-동해상사,29,29,4200004,숲사랑홍보관,128.85126457297872,37.81878304910103,61,,08:24,17:40
42092094,314-1,강릉-동해상사,30,30,4200317,강릉아산병원.강릉약국,128.856152685967,37.816231407654854,61,,08:24,17:40
42092094,314-1,강릉-동해상사,31,31,4200069,방골마을입구,128.85540756146614,37.81366779247799,61,,08:24,17:40
42092094,314-1,강릉-동해상사,32,32,4200228,학고개,128.8599242703853,37.80596957371411,61,,08:24,17:40
42092094,314-1,강릉-동해상사,33,33,4200138,즈므.과학단지,128.8604076986006,37.79746479759031,61,,08:24,17:40
42092094,314-1,강릉-동해상사,34,34,4200230,한밭입구,128.86424835021418,37.79176559208253,61,,08:24,17:40
42092094,314-1,강릉-동해상사,35,35,4200232,행정마을,128.8694510816438,37.7889272082235,61,,08:24,17:40
42092094,314-1,강릉-동해상사,36,36,4200234,법원.검찰청,128.87342400102995,37.78526073982707,61,,08:24,17:40
42092094,314-1,강릉-동해상사,37,37,4201042,강원대학교입구,128.87494102107277,37.7696221436885,61,,08:24,17:40
42092094,314-1,강릉-동해상사,38,38,4200400,강릉복합복지체육센터,128.87000704257403,37.762859214055275,61,,08:24,17:40
42092094,314-1,강릉-동해상사,39,39,4201250,선수촌8단지,128.87011109214671,37.76078977894948,61,,08:24,17:40
42092094,314-1,강릉-동해상사,40,40,4200548,강릉소방서,128.87119323619314,37.7580009949989,61,,08:24,17:40
42092094,314-1,강릉-동해상사,41,41,4200121,강릉시외.고속터미널,128.87911620808939,37.75486594086855,61,,08:24,17:40
42092094,314-1,강릉-동해상사,42,42,4200119,터미널오거리,128.88381140539954,37.755579088211434,61,,08:24,17:40
42092094,314-1,강릉-동해상사,43,43,4200117,적십자입구,128.88647213220725,37.75676623567213,61,,08:24,17:40
42092094,314-1,강릉-동해상사,44,44,4200115,고용센터,128.8890663454416,37.75714942132559,61,,08:24,17:40
42092094,314-1,강릉-동해상사,45,45,4200249,용강동서부시장,128.89167287030088,37.75492247590215,61,,08:24,17:40
42092094,314-1,강릉-동해상사,46,46,4200252,신영극장,128.8961287589657,37.75448236011555,61,,08:24,17:40
42092094,314-1,강릉-동해상사,47,47,4200094,강릉여고,128.90248424479844,37.75904463050879,61,,08:24,17:40
42092094,314-1,강릉-동해상사,48,48,4200257,옥천119안전센터,128.90305174420297,37.761041080134646,61,,08:24,17:40
42092094,314-1,강릉-동해상사,49,49,4200293,강릉역건너편,128.8990669694857,37.76400772021464,61,,08:24,17:40
42092094,314-1,강릉-동해상사,50,50,4200256,옥천119안전센터,128.9022376115818,37.76136928474395,61,,08:24,17:40
42092094,314-1,강릉-동해상사,51,51,4200258,용지각,128.90534669055177,37.76147384168322,61,,08:24,17:40
42092094,314-1,강릉-동해상사,52,52,4200260,동남아파트,128.9088062489658,37.764638779656714,61,,08:24,17:40
42092094,314-1,강릉-동해상사,53,53,4200049,남강초교,128.91338089940805,37.76735161096919,61,,08:24,17:40
42092094,314-1,강릉-동해상사,54,54,4200265,혜성연립,128.91575952067353,37.76841531999017,61,,08:24,17:40
42092094,314-1,강릉-동해상사,55,55,4200267,삼우은성아파트,128.91973659122027,37.77025900516923,61,,08:24,17:40
42092094,314-1,강릉-동해상사,56,56,4200269,이마트,128.92346774482266,37.772222356268564,61,,08:24,17:40
42092094,314-1,강릉-동해상사,57,57,4200271,송정동주민센터,128.9281580126049,37.77420386430584,61,,08:24,17:40
42092094,314-1,강릉-동해상사,58,58,4200273,송정신원아침도시,128.93190852770562,37.774810233413945,61,,08:24,17:40
42092094,314-1,강릉-동해상사,59,59,4200275,송정한신아파트입구,128.93667614488956,37.77380916737768,61,,08:24,17:40
42092094,314-1,강릉-동해상사,60,60,4200263,송정한신아파트후문,128.9386138022858,37.773558747641985,61,,08:24,17:40
42092094,314-1,강릉-동해상사,61,61,4201044,안목커피거리,128.94543559396536,37.77260342997581,61,,08:24,17:40
42002094,314-2,강릉-동진버스,1,1,4200473,향호리,128.81023394642006,37.915207861254615,55,,08:05,19:15
42002094,314-2,강릉-동진버스,2,2,4200181,주문진해변,128.81692175696733,37.90940788063508,55,,08:05,19:15
42002094,314-2,강릉-동진버스,3,3,4200184,소돌,128.82175443074843,37.905415537268986,55,,08:05,19:15
42002094,314-2,강릉-동진버스,4,4,4200519,방학골,128.82351587730795,37.90381462090833,55,,08:05,19:15
42002094,314-2,강릉-동진버스,5,5,4200186,보성연립,128.82551362915504,37.901974724913615,55,,08:05,19:15
42002094,314-2,강릉-동진버스,6,6,4200187,양양고개,128.82805578782853,37.90002854060149,55,,08:05,19:15
42002094,314-2,강릉-동진버스,7,7,4200189,주문2리,128.83046007450088,37.897540604441176,55,,08:05,19:15
42002094,314-2,강릉-동진버스,8,8,4200190,수협사거리,128.83119347169236,37.89590191816579,55,,08:05,19:15
42002094,314-2,강릉-동진버스,9,9,4200193,북부지구대,128.82860680406648,37.894535177399845,55,,08:05,19:15
42002094,314-2,강릉-동진버스,10,10,4200194,주문진항입구,128.82670250148865,37.8926318795772,55,,08:05,19:15
42002094,314-2,강릉-동진버스,11,11,4200619,국립수산물품질관리원,128.82606517101954,37.891507384213114,55,,08:05,19:15
42002094,314-2,강릉-동진버스,12,12,4200197,작은다리,128.82583778093624,37.88994679111109,55,,08:05,19:15
42002094,314-2,강릉-동진버스,13,13,4201232,원마트,128.8255161831108,37.88764901879385,55,,08:05,19:15
42002094,314-2,강릉-동진버스,14,14,4200305,주문진시외버스터미널,128.82509871282576,37.88458386690221,55,,08:05,19:15
42002094,314-2,강릉-동진버스,15,15,4200201,양조장,128.8258300942643,37.881274388703744,55,,08:05,19:15
42002094,314-2,강릉-동진버스,16,16,4200204,주문진중학교,128.82690197641236,37.87887483229283,55,,08:05,19:15
42002094,314-2,강릉-동진버스,17,17,4200205,강원도립대,128.82840415011668,37.87652579934979,55,,08:05,19:15
42002094,314-2,강릉-동진버스,18,18,4200207,북부노인종합복지관,128.83062989490628,37.8743072338123,55,,08:05,19:15
42002094,314-2,강릉-동진버스,19,19,4201226,영진입구,128.83626865951734,37.87047570517143,55,,08:05,19:15
42002094,314-2,강릉-동진버스,20,20,4200310,삼천리아파트,128.8379309322555,37.8689470039461,55,,08:05,19:15
42002094,314-2,강릉-동진버스,21,21,4201227,연곡면사무소,128.83749819485607,37.86001175022627,55,,08:05,19:15
42002094,314-2,강릉-동진버스,22,22,4200213,연곡해변입구,128.84130813848452,37.85462580337619,55,,08:05,19:15
42002094,314-2,강릉-동진버스,23,23,4200312,구라미휴게소,128.84078612253998,37.84523742281921,55,,08:05,19:15
42002094,314-2,강릉-동진버스,24,24,4200216,구라미,128.84187680750063,37.84088026429458,55,,08:05,19:15
42002094,314-2,강릉-동진버스,25,25,4200219,청솔공원,128.84744835859598,37.832296445829655,55,,08:05,19:15
42002094,314-2,강릉-동진버스,26,26,4200220,모래내행복센터,128.84888855200666,37.82654759560158,55,,08:05,19:15
42002094,314-2,강릉-동진버스,27,27,4200223,사천면사무소,128.84914337332015,37.8229406699122,55,,08:05,19:15
42002094,314-2,강릉-동진버스,28,28,4200224,북부노인대학,128.85070066292354,37.820164105652225,55,,08:05,19:15
42002094,314-2,강릉-동진버스,29,29,4200004,숲사랑홍보관,128.85126457297872,37.81878304910103,55,,08:05,19:15
42002094,314-2,강릉-동진버스,30,30,4200317,강릉아산병원.강릉약국,128.856152685967,37.816231407654854,55,,08:05,19:15
42002094,314-2,강릉-동진버스,31,31,4200069,방골마을입구,128.85540756146614,37.81366779247799,55,,08:05,19:15
42002094,314-2,강릉-동진버스,32,32,4200228,학고개,128.8599242703853,37.80596957371411,55,,08:05,19:15
42002094,314-2,강릉-동진버스,33,33,4200138,즈므.과학단지,128.8604076986006,37.79746479759031,55,,08:05,19:15
42002094,314-2,강릉-동진버스,34,34,4200230,한밭입구,128.86424835021418,37.79176559208253,55,,08:05,19:15
42002094,314-2,강릉-동진버스,35,35,4200232,행정마을,128.8694510816438,37.7889272082235,55,,08:05,19:15
42002094,314-2,강릉-동진버스,36,36,4200234,법원.검찰청,128.87342400102995,37.78526073982707,55,,08:05,19:15
42002094,314-2,강릉-동진버스,37,37,4201042,강원대학교입구,128.87494102107277,37.7696221436885,55,,08:05,19:15
42002094,314-2,강릉-동진버스,38,38,4200400,강릉복합복지체육센터,128.87000704257403,37.762859214055275,55,,08:05,19:15
42002094,314-2,강릉-동진버스,39,39,4201250,선수촌8단지,128.87011109214671,37.76078977894948,55,,08:05,19:15
42002094,314-2,강릉-동진버스,40,40,4200548,강릉소방서,128.87119323619314,37.7580009949989,55,,08:05,19:15
42002094,314-2,강릉-동진버스,41,41,4200121,강릉시외.고속터미널,128.87911620808939,37.75486594086855,55,,08:05,19:15
42002094,314-2,강릉-동진버스,42,42,4200119,터미널오거리,128.88381140539954,37.755579088211434,55,,08:05,19:15
42002094,314-2,강릉-동진버스,43,43,4200117,적십자입구,128.88647213220725,37.75676623567213,55,,08:05,19:15
42002094,314-2,강릉-동진버스,44,44,4200115,고용센터,128.8890663454416,37.75714942132559,55,,08:05,19:15
42002094,314-2,강릉-동진버스,45,45,4200249,용강동서부시장,128.89167287030088,37.75492247590215,55,,08:05,19:15
42002094,314-2,강릉-동진버스,46,46,4200252,신영극장,128.8961287589657,37.75448236011555,55,,08:05,19:15
42002094,314-2,강릉-동진버스,47,47,4200094,강릉여고,128.90248424479844,37.75904463050879,55,,08:05,19:15
42002094,314-2,강릉-동진버스,48,48,4200257,옥천119안전센터,128.90305174420297,37.761041080134646,55,,08:05,19:15
42002094,314-2,강릉-동진버스,49,49,4200293,강릉역건너편,128.8990669694857,37.76400772021464,55,,08:05,19:15
42002094,314-2,강릉-동진버스,50,50,4200256,옥천119안전센터,128.9022376115818,37.76136928474395,55,,08:05,19:15
42002094,314-2,강릉-동진버스,51,51,4200258,용지각,128.90534669055177,37.76147384168322,55,,08:05,19:15
42002094,314-2,강릉-동진버스,52,52,4200260,동남아파트,128.9088062489658,37.764638779656714,55,,08:05,19:15
42002094,314-2,강릉-동진버스,53,53,4201206,입암2.3주공,128.9164847952377,37.764981798289845,55,,08:05,19:15
42002094,314-2,강릉-동진버스,54,54,4201207,현대자동차서비스,128.9189460603978,37.76507644083287,55,,08:05,19:15
42002094,314-2,강릉-동진버스,55,55,4200191,공단,128.92224127533925,37.765245144772656,55,,08:05,19:15
42091012,315,강릉-동해상사,1,1,4200063,가톨릭관동대학교,128.87804152995903,37.738296118202754,55,,"07:54
과학산업단지경유",15:04
42091012,315,강릉-동해상사,2,2,4200359,하나로마트내곡점,128.88026417146904,37.7410809708167,55,,"07:54
과학산업단지경유",15:04
42091012,315,강릉-동해상사,3,3,4200065,보건소,128.8829859719751,37.74393637256719,55,,"07:54
과학산업단지경유",15:04
42091012,315,강릉-동해상사,4,4,4200358,삼창그린맨션,128.88749893563826,37.744743384730015,55,,"07:54
과학산업단지경유",15:04
42091012,315,강릉-동해상사,5,5,4200357,내곡교,128.88814500034871,37.745625057468914,55,,"07:54
과학산업단지경유",15:04
42091012,315,강릉-동해상사,6,6,4201030,홍제동주민센터,128.88454291738702,37.74807153236862,55,,"07:54
과학산업단지경유",15:04
42091012,315,강릉-동해상사,7,7,4201029,홍제I.C,128.87894077910576,37.74749468304007,55,,"07:54
과학산업단지경유",15:04
42091012,315,강릉-동해상사,8,8,4200120,강릉시외.고속터미널,128.8792265208128,37.75505492071011,55,,"07:54
과학산업단지경유",15:04
42091012,315,강릉-동해상사,9,9,4200122,강릉문화원,128.8740921031382,37.75789663608161,55,,"07:54
과학산업단지경유",15:04
42091012,315,강릉-동해상사,10,10,4200123,우편집중국,128.8733706824724,37.76051485370646,55,,"07:54
과학산업단지경유",15:04
42091012,315,강릉-동해상사,11,11,4200125,솔올공연장,128.87460623301726,37.76366952964576,55,,"07:54
과학산업단지경유",15:04
42091012,315,강릉-동해상사,12,12,4200127,구름다리,128.87654770197503,37.764512872809554,55,,"07:54
과학산업단지경유",15:04
42091012,315,강릉-동해상사,13,13,4200129,주공3차아파트,128.87933873663175,37.76410589188944,55,,"07:54
과학산업단지경유",15:04
42091012,315,강릉-동해상사,14,14,4200131,하이빌현대아파트,128.8824547932286,37.764860822549025,55,,"07:54
과학산업단지경유",15:04
42091012,315,강릉-동해상사,15,15,4200133,주공1차아파트,128.88288690646792,37.76665665089728,55,,"07:54
과학산업단지경유",15:04
42091012,315,강릉-동해상사,16,16,4200134,부영2차아파트,128.88281079370944,37.77016072015751,55,,"07:54
과학산업단지경유",15:04
42091012,315,강릉-동해상사,17,17,4200060,솔올중학교,128.8798722504925,37.77163504014371,55,,"07:54
과학산업단지경유",15:04
42091012,315,강릉-동해상사,18,18,4200083,지변동,128.87676045382563,37.771874023944235,55,,"07:54
과학산업단지경유",15:04
42091012,315,강릉-동해상사,19,19,4200356,강원대학교,128.87391738137654,37.77033026766949,55,,"07:54
과학산업단지경유",15:04
42091012,315,강릉-동해상사,20,20,4200235,법원.검찰청,128.8739503928752,37.785042447818554,55,,"07:54
과학산업단지경유",15:04
42091012,315,강릉-동해상사,21,21,4200233,행정마을,128.8703519994515,37.78859256038236,55,,"07:54
과학산업단지경유",15:04
42091012,315,강릉-동해상사,22,22,4200231,한밭입구,128.86496052027113,37.791610745411326,55,,"07:54
과학산업단지경유",15:04
42091012,315,강릉-동해상사,23,23,4200229,즈므.과학단지,128.86079294239343,37.79710821329875,55,,"07:54
과학산업단지경유",15:04
42091012,315,강릉-동해상사,24,24,4200227,학고개,128.86104076560957,37.80452897124611,55,,"07:54
과학산업단지경유",15:04
42091012,315,강릉-동해상사,25,25,4200226,방골마을입구,128.8558844116181,37.81329996910386,55,,"07:54
과학산업단지경유",15:04
42091012,315,강릉-동해상사,26,26,4200418,강릉아산병원.강릉약국,128.8564121349402,37.81631278949057,55,,"07:54
과학산업단지경유",15:04
42091012,315,강릉-동해상사,27,27,4200446,강릉아산병원(주문진방면),128.8575142394361,37.817740516347506,55,,"07:54
과학산업단지경유",15:04
42091012,315,강릉-동해상사,28,28,4200225,북부노인대학,128.85083641112433,37.82016343083045,55,,"07:54
과학산업단지경유",15:04
42091012,315,강릉-동해상사,29,29,4200222,사천면사무소,128.84928192865996,37.82385848393331,55,,"07:54
과학산업단지경유",15:04
42091012,315,강릉-동해상사,30,30,4200221,모래내행복센터,128.84881781800846,37.82675602435266,55,,"07:54
과학산업단지경유",15:04
42091012,315,강릉-동해상사,31,31,4200314,청솔공원,128.84780404863866,37.83218520189828,55,,"07:54
과학산업단지경유",15:04
42091012,315,강릉-동해상사,32,32,4200261,북강릉IC,128.84425534198513,37.83689529134246,55,,"07:54
과학산업단지경유",15:04
42091012,315,강릉-동해상사,33,33,4200217,구라미,128.8421871924033,37.84071328241807,55,,"07:54
과학산업단지경유",15:04
42091012,315,강릉-동해상사,34,34,4200215,구라미휴게소,128.8412803433516,37.845869087009575,55,,"07:54
과학산업단지경유",15:04
42091012,315,강릉-동해상사,35,35,4200214,연곡해변입구,128.84162112920617,37.854539181009365,55,,"07:54
과학산업단지경유",15:04
42091012,315,강릉-동해상사,36,36,4200212,연곡면사무소,128.83761397394952,37.85995465828368,55,,"07:54
과학산업단지경유",15:04
42091012,315,강릉-동해상사,37,37,4200211,삼천리아파트,128.8383288212433,37.86906384505761,55,,"07:54
과학산업단지경유",15:04
42091012,315,강릉-동해상사,38,38,4200209,영진입구,128.83637261045655,37.87054167536418,55,,"07:54
과학산업단지경유",15:04
42091012,315,강릉-동해상사,39,39,4200208,북부노인종합복지관,128.83042321750824,37.874681277863154,55,,"07:54
과학산업단지경유",15:04
42091012,315,강릉-동해상사,40,40,4200206,강원도립대,128.8283096996467,37.87693859362977,55,,"07:54
과학산업단지경유",15:04
42091012,315,강릉-동해상사,41,41,4200308,주문진중.고등학교.강릉정보고,128.82672327638434,37.87982425913257,55,,"07:54
과학산업단지경유",15:04
42091012,315,강릉-동해상사,42,42,4200202,주문진식자재마트,128.82596782269363,37.881485546216574,55,,"07:54
과학산업단지경유",15:04
42091012,315,강릉-동해상사,43,43,4201146,파란바다지역아동센터,128.8248619925949,37.88456697851607,55,,"07:54
과학산업단지경유",15:04
42091012,315,강릉-동해상사,44,44,4200454,작은다리사거리,128.82450182834083,37.890319810643184,55,,"07:54
과학산업단지경유",15:04
42091012,315,강릉-동해상사,45,45,4200029,주문진읍사무소,128.82486977710943,37.892686971435495,55,,"07:54
과학산업단지경유",15:04
42091012,315,강릉-동해상사,46,46,4200192,북부지구대,128.829270567591,37.89460960314925,55,,"07:54
과학산업단지경유",15:04
42091012,315,강릉-동해상사,47,47,4200300,수협사거리,128.8314095884837,37.895774457125356,55,,"07:54
과학산업단지경유",15:04
42091012,315,강릉-동해상사,48,48,4200299,주문2리,128.83067123183636,37.89750003400375,55,,"07:54
과학산업단지경유",15:04
42091012,315,강릉-동해상사,49,49,4200188,양양고개,128.82822436017406,37.899998054568016,55,,"07:54
과학산업단지경유",15:04
42091012,315,강릉-동해상사,50,50,4200298,보성연립,128.82558444232305,37.90204313561504,55,,"07:54
과학산업단지경유",15:04
42091012,315,강릉-동해상사,51,51,4200521,방학골,128.82291244813646,37.90463362511824,55,,"07:54
과학산업단지경유",15:04
42091012,315,강릉-동해상사,52,52,4200185,소돌,128.8213252547112,37.90592204016269,55,,"07:54
과학산업단지경유",15:04
42091012,315,강릉-동해상사,53,53,4200002,소돌해변입구,128.81905535960837,37.90780434670355,55,,"07:54
과학산업단지경유",15:04
42091012,315,강릉-동해상사,54,54,4200182,주문진해변,128.81704671925502,37.90944057885068,55,,"07:54
과학산업단지경유",15:04
42091012,315,강릉-동해상사,55,55,4200473,향호리,128.81023394642006,37.915207861254615,55,,"07:54
과학산업단지경유",15:04
42091012,315,강릉-동해상사,56,56,4200181,주문진해변,128.81692175696733,37.90940788063508,55,,"07:54
과학산업단지경유",15:04
42091012,315,강릉-동해상사,57,57,4200184,소돌,128.82175443074843,37.905415537268986,55,,"07:54
과학산업단지경유",15:04
42091012,315,강릉-동해상사,58,58,4200519,방학골,128.82351587730795,37.90381462090833,55,,"07:54
과학산업단지경유",15:04
42091012,315,강릉-동해상사,59,59,4200186,보성연립,128.82551362915504,37.901974724913615,55,,"07:54
과학산업단지경유",15:04
42091012,315,강릉-동해상사,60,60,4200187,양양고개,128.82805578782853,37.90002854060149,55,,"07:54
과학산업단지경유",15:04
42091012,315,강릉-동해상사,61,61,4200189,주문2리,128.83046007450088,37.897540604441176,55,,"07:54
과학산업단지경유",15:04
42091012,315,강릉-동해상사,62,62,4200190,수협사거리,128.83119347169236,37.89590191816579,55,,"07:54
과학산업단지경유",15:04
42091012,315,강릉-동해상사,63,63,4200193,북부지구대,128.82860680406648,37.894535177399845,55,,"07:54
과학산업단지경유",15:04
42091012,315,강릉-동해상사,64,64,4200971,주문진읍사무소,128.8246799183624,37.892745035212215,55,,"07:54
과학산업단지경유",15:04
42091012,315,강릉-동해상사,65,65,4201147,작은다리사거리,128.82430578974427,37.890298608665205,55,,"07:54
과학산업단지경유",15:04
42091012,315,강릉-동해상사,66,66,4201200,파란바다지역아동센터,128.82465599155947,37.88451042268901,55,,"07:54
과학산업단지경유",15:04
42091012,315,강릉-동해상사,67,67,4200201,양조장,128.8258300942643,37.881274388703744,55,,"07:54
과학산업단지경유",15:04
42091012,315,강릉-동해상사,68,68,4200204,주문진중학교,128.82690197641236,37.87887483229283,55,,"07:54
과학산업단지경유",15:04
42091012,315,강릉-동해상사,69,69,4200205,강원도립대,128.82840415011668,37.87652579934979,55,,"07:54
과학산업단지경유",15:04
42091012,315,강릉-동해상사,70,70,4200207,북부노인종합복지관,128.83062989490628,37.8743072338123,55,,"07:54
과학산업단지경유",15:04
42091012,315,강릉-동해상사,71,71,4201226,영진입구,128.83626865951734,37.87047570517143,55,,"07:54
과학산업단지경유",15:04
42091012,315,강릉-동해상사,72,72,4200310,삼천리아파트,128.8379309322555,37.8689470039461,55,,"07:54
과학산업단지경유",15:04
42091012,315,강릉-동해상사,73,73,4201227,연곡면사무소,128.83749819485607,37.86001175022627,55,,"07:54
과학산업단지경유",15:04
42091012,315,강릉-동해상사,74,74,4200213,연곡해변입구,128.84130813848452,37.85462580337619,55,,"07:54
과학산업단지경유",15:04
42091012,315,강릉-동해상사,75,75,4200312,구라미휴게소,128.84078612253998,37.84523742281921,55,,"07:54
과학산업단지경유",15:04
42091012,315,강릉-동해상사,76,76,4200216,구라미,128.84187680750063,37.84088026429458,55,,"07:54
과학산업단지경유",15:04
42091012,315,강릉-동해상사,77,77,4200219,청솔공원,128.84744835859598,37.832296445829655,55,,"07:54
과학산업단지경유",15:04
42091012,315,강릉-동해상사,78,78,4200220,모래내행복센터,128.84888855200666,37.82654759560158,55,,"07:54
과학산업단지경유",15:04
42091012,315,강릉-동해상사,79,79,4200223,사천면사무소,128.84914337332015,37.8229406699122,55,,"07:54
과학산업단지경유",15:04
42091012,315,강릉-동해상사,80,80,4200224,북부노인대학,128.85070066292354,37.820164105652225,55,,"07:54
과학산업단지경유",15:04
42091012,315,강릉-동해상사,81,81,4200004,숲사랑홍보관,128.85126457297872,37.81878304910103,55,,"07:54
과학산업단지경유",15:04
42091012,315,강릉-동해상사,82,82,4201237,강릉아산병원(강릉방면),128.8575951802683,37.81786664293397,55,,"07:54
과학산업단지경유",15:04
42091012,315,강릉-동해상사,83,83,4200317,강릉아산병원.강릉약국,128.856152685967,37.816231407654854,55,,"07:54
과학산업단지경유",15:04
42091012,315,강릉-동해상사,84,84,4200069,방골마을입구,128.85540756146614,37.81366779247799,55,,"07:54
과학산업단지경유",15:04
42091012,315,강릉-동해상사,85,85,4200228,학고개,128.8599242703853,37.80596957371411,55,,"07:54
과학산업단지경유",15:04
42091012,315,강릉-동해상사,86,86,4200138,즈므.과학단지,128.8604076986006,37.79746479759031,55,,"07:54
과학산업단지경유",15:04
42091012,315,강릉-동해상사,87,87,4200230,한밭입구,128.86424835021418,37.79176559208253,55,,"07:54
과학산업단지경유",15:04
42091012,315,강릉-동해상사,88,88,4200232,행정마을,128.8694510816438,37.7889272082235,55,,"07:54
과학산업단지경유",15:04
42091012,315,강릉-동해상사,89,89,4200234,법원.검찰청,128.87342400102995,37.78526073982707,55,,"07:54
과학산업단지경유",15:04
42091012,315,강릉-동해상사,90,90,4200085,강원대학교입구,128.874129341808,37.77078800232456,55,,"07:54
과학산업단지경유",15:04
42091012,315,강릉-동해상사,91,91,4200084,풋살경기장옆,128.87680703199706,37.77165010517057,55,,"07:54
과학산업단지경유",15:04
42091012,315,강릉-동해상사,92,92,4200135,부영2차아파트,128.8825125758686,37.77002923948558,55,,"07:54
과학산업단지경유",15:04
42091012,315,강릉-동해상사,93,93,4200292,주공1차아파트,128.88256780330317,37.766843575404636,55,,"07:54
과학산업단지경유",15:04
42091012,315,강릉-동해상사,94,94,4200132,율곡초등학교,128.88221538693716,37.765100900268116,55,,"07:54
과학산업단지경유",15:04
42091012,315,강릉-동해상사,95,95,4200130,현대2차아파트,128.87999435131803,37.764311243841746,55,,"07:54
과학산업단지경유",15:04
42091012,315,강릉-동해상사,96,96,4200128,구름다리,128.87743298775584,37.764682397677966,55,,"07:54
과학산업단지경유",15:04
42091012,315,강릉-동해상사,97,97,4200126,솔올공연장,128.87424793205705,37.763507530751156,55,,"07:54
과학산업단지경유",15:04
42091012,315,강릉-동해상사,98,98,4200124,우편집중국,128.87347187490323,37.76156496879712,55,,"07:54
과학산업단지경유",15:04
42091012,315,강릉-동해상사,99,99,4200121,강릉시외.고속터미널,128.87911620808939,37.75486594086855,55,,"07:54
과학산업단지경유",15:04
42091012,315,강릉-동해상사,100,100,4200750,강릉시청앞,128.88013307678156,37.753651204654936,55,,"07:54
과학산업단지경유",15:04
42091012,315,강릉-동해상사,101,101,4201027,강릉시청,128.8780384572547,37.75085435055292,55,,"07:54
과학산업단지경유",15:04
42091012,315,강릉-동해상사,102,102,4201028,홍제I.C,128.8794230311205,37.7473811776377,55,,"07:54
과학산업단지경유",15:04
42091012,315,강릉-동해상사,103,103,4200067,홍제동주민센터,128.8842229051066,37.747848454396006,55,,"07:54
과학산업단지경유",15:04
42091012,315,강릉-동해상사,104,104,4200001,내곡교,128.88717490623026,37.74653766880734,55,,"07:54
과학산업단지경유",15:04
42091012,315,강릉-동해상사,105,105,4200361,보건소,128.8822115594926,37.743635964592464,55,,"07:54
과학산업단지경유",15:04
42091012,315,강릉-동해상사,106,106,4200360,하나로마트내곡점,128.88016921110417,37.740597240336115,55,,"07:54
과학산업단지경유",15:04
42091012,315,강릉-동해상사,107,107,4200063,가톨릭관동대학교,128.87804152995903,37.738296118202754,55,,"07:54
과학산업단지경유",15:04
42001012,315,강릉-동진버스,1,1,4200063,가톨릭관동대학교,128.87804152995903,37.738296118202754,55,,"07:20
과학산업단지 경유",11:25
42001012,315,강릉-동진버스,2,2,4200359,하나로마트내곡점,128.88026417146904,37.7410809708167,55,,"07:20
과학산업단지 경유",11:25
42001012,315,강릉-동진버스,3,3,4200065,보건소,128.8829859719751,37.74393637256719,55,,"07:20
과학산업단지 경유",11:25
42001012,315,강릉-동진버스,4,4,4200358,삼창그린맨션,128.88749893563826,37.744743384730015,55,,"07:20
과학산업단지 경유",11:25
42001012,315,강릉-동진버스,5,5,4200357,내곡교,128.88814500034871,37.745625057468914,55,,"07:20
과학산업단지 경유",11:25
42001012,315,강릉-동진버스,6,6,4201030,홍제동주민센터,128.88454291738702,37.74807153236862,55,,"07:20
과학산업단지 경유",11:25
42001012,315,강릉-동진버스,7,7,4201029,홍제I.C,128.87894077910576,37.74749468304007,55,,"07:20
과학산업단지 경유",11:25
42001012,315,강릉-동진버스,8,8,4200120,강릉시외.고속터미널,128.8792265208128,37.75505492071011,55,,"07:20
과학산업단지 경유",11:25
42001012,315,강릉-동진버스,9,9,4200122,강릉문화원,128.8740921031382,37.75789663608161,55,,"07:20
과학산업단지 경유",11:25
42001012,315,강릉-동진버스,10,10,4200123,우편집중국,128.8733706824724,37.76051485370646,55,,"07:20
과학산업단지 경유",11:25
42001012,315,강릉-동진버스,11,11,4200125,솔올공연장,128.87460623301726,37.76366952964576,55,,"07:20
과학산업단지 경유",11:25
42001012,315,강릉-동진버스,12,12,4200127,구름다리,128.87654770197503,37.764512872809554,55,,"07:20
과학산업단지 경유",11:25
42001012,315,강릉-동진버스,13,13,4200129,주공3차아파트,128.87933873663175,37.76410589188944,55,,"07:20
과학산업단지 경유",11:25
42001012,315,강릉-동진버스,14,14,4200131,하이빌현대아파트,128.8824547932286,37.764860822549025,55,,"07:20
과학산업단지 경유",11:25
42001012,315,강릉-동진버스,15,15,4200133,주공1차아파트,128.88288690646792,37.76665665089728,55,,"07:20
과학산업단지 경유",11:25
42001012,315,강릉-동진버스,16,16,4200134,부영2차아파트,128.88281079370944,37.77016072015751,55,,"07:20
과학산업단지 경유",11:25
42001012,315,강릉-동진버스,17,17,4200060,솔올중학교,128.8798722504925,37.77163504014371,55,,"07:20
과학산업단지 경유",11:25
42001012,315,강릉-동진버스,18,18,4200083,지변동,128.87676045382563,37.771874023944235,55,,"07:20
과학산업단지 경유",11:25
42001012,315,강릉-동진버스,19,19,4200356,강원대학교,128.87391738137654,37.77033026766949,55,,"07:20
과학산업단지 경유",11:25
42001012,315,강릉-동진버스,20,20,4200235,법원.검찰청,128.8739503928752,37.785042447818554,55,,"07:20
과학산업단지 경유",11:25
42001012,315,강릉-동진버스,21,21,4200233,행정마을,128.8703519994515,37.78859256038236,55,,"07:20
과학산업단지 경유",11:25
42001012,315,강릉-동진버스,22,22,4200231,한밭입구,128.86496052027113,37.791610745411326,55,,"07:20
과학산업단지 경유",11:25
42001012,315,강릉-동진버스,23,23,4200229,즈므.과학단지,128.86079294239343,37.79710821329875,55,,"07:20
과학산업단지 경유",11:25
42001012,315,강릉-동진버스,24,24,4200227,학고개,128.86104076560957,37.80452897124611,55,,"07:20
과학산업단지 경유",11:25
42001012,315,강릉-동진버스,25,25,4200226,방골마을입구,128.8558844116181,37.81329996910386,55,,"07:20
과학산업단지 경유",11:25
42001012,315,강릉-동진버스,26,26,4200418,강릉아산병원.강릉약국,128.8564121349402,37.81631278949057,55,,"07:20
과학산업단지 경유",11:25
42001012,315,강릉-동진버스,27,27,4200446,강릉아산병원(주문진방면),128.8575142394361,37.817740516347506,55,,"07:20
과학산업단지 경유",11:25
42001012,315,강릉-동진버스,28,28,4200225,북부노인대학,128.85083641112433,37.82016343083045,55,,"07:20
과학산업단지 경유",11:25
42001012,315,강릉-동진버스,29,29,4200222,사천면사무소,128.84928192865996,37.82385848393331,55,,"07:20
과학산업단지 경유",11:25
42001012,315,강릉-동진버스,30,30,4200221,모래내행복센터,128.84881781800846,37.82675602435266,55,,"07:20
과학산업단지 경유",11:25
42001012,315,강릉-동진버스,31,31,4200314,청솔공원,128.84780404863866,37.83218520189828,55,,"07:20
과학산업단지 경유",11:25
42001012,315,강릉-동진버스,32,32,4200261,북강릉IC,128.84425534198513,37.83689529134246,55,,"07:20
과학산업단지 경유",11:25
42001012,315,강릉-동진버스,33,33,4200217,구라미,128.8421871924033,37.84071328241807,55,,"07:20
과학산업단지 경유",11:25
42001012,315,강릉-동진버스,34,34,4200215,구라미휴게소,128.8412803433516,37.845869087009575,55,,"07:20
과학산업단지 경유",11:25
42001012,315,강릉-동진버스,35,35,4200214,연곡해변입구,128.84162112920617,37.854539181009365,55,,"07:20
과학산업단지 경유",11:25
42001012,315,강릉-동진버스,36,36,4200212,연곡면사무소,128.83761397394952,37.85995465828368,55,,"07:20
과학산업단지 경유",11:25
42001012,315,강릉-동진버스,37,37,4200211,삼천리아파트,128.8383288212433,37.86906384505761,55,,"07:20
과학산업단지 경유",11:25
42001012,315,강릉-동진버스,38,38,4200209,영진입구,128.83637261045655,37.87054167536418,55,,"07:20
과학산업단지 경유",11:25
42001012,315,강릉-동진버스,39,39,4200208,북부노인종합복지관,128.83042321750824,37.874681277863154,55,,"07:20
과학산업단지 경유",11:25
42001012,315,강릉-동진버스,40,40,4200206,강원도립대,128.8283096996467,37.87693859362977,55,,"07:20
과학산업단지 경유",11:25
42001012,315,강릉-동진버스,41,41,4200308,주문진중.고등학교.강릉정보고,128.82672327638434,37.87982425913257,55,,"07:20
과학산업단지 경유",11:25
42001012,315,강릉-동진버스,42,42,4200202,주문진식자재마트,128.82596782269363,37.881485546216574,55,,"07:20
과학산업단지 경유",11:25
42001012,315,강릉-동진버스,43,43,4201146,파란바다지역아동센터,128.8248619925949,37.88456697851607,55,,"07:20
과학산업단지 경유",11:25
42001012,315,강릉-동진버스,44,44,4200454,작은다리사거리,128.82450182834083,37.890319810643184,55,,"07:20
과학산업단지 경유",11:25
42001012,315,강릉-동진버스,45,45,4200029,주문진읍사무소,128.82486977710943,37.892686971435495,55,,"07:20
과학산업단지 경유",11:25
42001012,315,강릉-동진버스,46,46,4200192,북부지구대,128.829270567591,37.89460960314925,55,,"07:20
과학산업단지 경유",11:25
42001012,315,강릉-동진버스,47,47,4200300,수협사거리,128.8314095884837,37.895774457125356,55,,"07:20
과학산업단지 경유",11:25
42001012,315,강릉-동진버스,48,48,4200299,주문2리,128.83067123183636,37.89750003400375,55,,"07:20
과학산업단지 경유",11:25
42001012,315,강릉-동진버스,49,49,4200188,양양고개,128.82822436017406,37.899998054568016,55,,"07:20
과학산업단지 경유",11:25
42001012,315,강릉-동진버스,50,50,4200298,보성연립,128.82558444232305,37.90204313561504,55,,"07:20
과학산업단지 경유",11:25
42001012,315,강릉-동진버스,51,51,4200521,방학골,128.82291244813646,37.90463362511824,55,,"07:20
과학산업단지 경유",11:25
42001012,315,강릉-동진버스,52,52,4200185,소돌,128.8213252547112,37.90592204016269,55,,"07:20
과학산업단지 경유",11:25
42001012,315,강릉-동진버스,53,53,4200002,소돌해변입구,128.81905535960837,37.90780434670355,55,,"07:20
과학산업단지 경유",11:25
42001012,315,강릉-동진버스,54,54,4200182,주문진해변,128.81704671925502,37.90944057885068,55,,"07:20
과학산업단지 경유",11:25
42001012,315,강릉-동진버스,55,55,4200473,향호리,128.81023394642006,37.915207861254615,55,,"07:20
과학산업단지 경유",11:25
42001012,315,강릉-동진버스,56,56,4200181,주문진해변,128.81692175696733,37.90940788063508,55,,"07:20
과학산업단지 경유",11:25
42001012,315,강릉-동진버스,57,57,4200184,소돌,128.82175443074843,37.905415537268986,55,,"07:20
과학산업단지 경유",11:25
42001012,315,강릉-동진버스,58,58,4200519,방학골,128.82351587730795,37.90381462090833,55,,"07:20
과학산업단지 경유",11:25
42001012,315,강릉-동진버스,59,59,4200186,보성연립,128.82551362915504,37.901974724913615,55,,"07:20
과학산업단지 경유",11:25
42001012,315,강릉-동진버스,60,60,4200187,양양고개,128.82805578782853,37.90002854060149,55,,"07:20
과학산업단지 경유",11:25
42001012,315,강릉-동진버스,61,61,4200189,주문2리,128.83046007450088,37.897540604441176,55,,"07:20
과학산업단지 경유",11:25
42001012,315,강릉-동진버스,62,62,4200190,수협사거리,128.83119347169236,37.89590191816579,55,,"07:20
과학산업단지 경유",11:25
42001012,315,강릉-동진버스,63,63,4200193,북부지구대,128.82860680406648,37.894535177399845,55,,"07:20
과학산업단지 경유",11:25
42001012,315,강릉-동진버스,64,64,4200971,주문진읍사무소,128.8246799183624,37.892745035212215,55,,"07:20
과학산업단지 경유",11:25
42001012,315,강릉-동진버스,65,65,4201147,작은다리사거리,128.82430578974427,37.890298608665205,55,,"07:20
과학산업단지 경유",11:25
42001012,315,강릉-동진버스,66,66,4201200,파란바다지역아동센터,128.82465599155947,37.88451042268901,55,,"07:20
과학산업단지 경유",11:25
42001012,315,강릉-동진버스,67,67,4200201,양조장,128.8258300942643,37.881274388703744,55,,"07:20
과학산업단지 경유",11:25
42001012,315,강릉-동진버스,68,68,4200204,주문진중학교,128.82690197641236,37.87887483229283,55,,"07:20
과학산업단지 경유",11:25
42001012,315,강릉-동진버스,69,69,4200205,강원도립대,128.82840415011668,37.87652579934979,55,,"07:20
과학산업단지 경유",11:25
42001012,315,강릉-동진버스,70,70,4200207,북부노인종합복지관,128.83062989490628,37.8743072338123,55,,"07:20
과학산업단지 경유",11:25
42001012,315,강릉-동진버스,71,71,4201226,영진입구,128.83626865951734,37.87047570517143,55,,"07:20
과학산업단지 경유",11:25
42001012,315,강릉-동진버스,72,72,4200310,삼천리아파트,128.8379309322555,37.8689470039461,55,,"07:20
과학산업단지 경유",11:25
42001012,315,강릉-동진버스,73,73,4201227,연곡면사무소,128.83749819485607,37.86001175022627,55,,"07:20
과학산업단지 경유",11:25
42001012,315,강릉-동진버스,74,74,4200213,연곡해변입구,128.84130813848452,37.85462580337619,55,,"07:20
과학산업단지 경유",11:25
42001012,315,강릉-동진버스,75,75,4200312,구라미휴게소,128.84078612253998,37.84523742281921,55,,"07:20
과학산업단지 경유",11:25
42001012,315,강릉-동진버스,76,76,4200216,구라미,128.84187680750063,37.84088026429458,55,,"07:20
과학산업단지 경유",11:25
42001012,315,강릉-동진버스,77,77,4200219,청솔공원,128.84744835859598,37.832296445829655,55,,"07:20
과학산업단지 경유",11:25
42001012,315,강릉-동진버스,78,78,4200220,모래내행복센터,128.84888855200666,37.82654759560158,55,,"07:20
과학산업단지 경유",11:25
42001012,315,강릉-동진버스,79,79,4200223,사천면사무소,128.84914337332015,37.8229406699122,55,,"07:20
과학산업단지 경유",11:25
42001012,315,강릉-동진버스,80,80,4200224,북부노인대학,128.85070066292354,37.820164105652225,55,,"07:20
과학산업단지 경유",11:25
42001012,315,강릉-동진버스,81,81,4200004,숲사랑홍보관,128.85126457297872,37.81878304910103,55,,"07:20
과학산업단지 경유",11:25
42001012,315,강릉-동진버스,82,82,4201237,강릉아산병원(강릉방면),128.8575951802683,37.81786664293397,55,,"07:20
과학산업단지 경유",11:25
42001012,315,강릉-동진버스,83,83,4200317,강릉아산병원.강릉약국,128.856152685967,37.816231407654854,55,,"07:20
과학산업단지 경유",11:25
42001012,315,강릉-동진버스,84,84,4200069,방골마을입구,128.85540756146614,37.81366779247799,55,,"07:20
과학산업단지 경유",11:25
42001012,315,강릉-동진버스,85,85,4200228,학고개,128.8599242703853,37.80596957371411,55,,"07:20
과학산업단지 경유",11:25
42001012,315,강릉-동진버스,86,86,4200138,즈므.과학단지,128.8604076986006,37.79746479759031,55,,"07:20
과학산업단지 경유",11:25
42001012,315,강릉-동진버스,87,87,4200230,한밭입구,128.86424835021418,37.79176559208253,55,,"07:20
과학산업단지 경유",11:25
42001012,315,강릉-동진버스,88,88,4200232,행정마을,128.8694510816438,37.7889272082235,55,,"07:20
과학산업단지 경유",11:25
42001012,315,강릉-동진버스,89,89,4200234,법원.검찰청,128.87342400102995,37.78526073982707,55,,"07:20
과학산업단지 경유",11:25
42001012,315,강릉-동진버스,90,90,4200085,강원대학교입구,128.874129341808,37.77078800232456,55,,"07:20
과학산업단지 경유",11:25
42001012,315,강릉-동진버스,91,91,4200084,풋살경기장옆,128.87680703199706,37.77165010517057,55,,"07:20
과학산업단지 경유",11:25
42001012,315,강릉-동진버스,92,92,4200135,부영2차아파트,128.8825125758686,37.77002923948558,55,,"07:20
과학산업단지 경유",11:25
42001012,315,강릉-동진버스,93,93,4200292,주공1차아파트,128.88256780330317,37.766843575404636,55,,"07:20
과학산업단지 경유",11:25
42001012,315,강릉-동진버스,94,94,4200132,율곡초등학교,128.88221538693716,37.765100900268116,55,,"07:20
과학산업단지 경유",11:25
42001012,315,강릉-동진버스,95,95,4200130,현대2차아파트,128.87999435131803,37.764311243841746,55,,"07:20
과학산업단지 경유",11:25
42001012,315,강릉-동진버스,96,96,4200128,구름다리,128.87743298775584,37.764682397677966,55,,"07:20
과학산업단지 경유",11:25
42001012,315,강릉-동진버스,97,97,4200126,솔올공연장,128.87424793205705,37.763507530751156,55,,"07:20
과학산업단지 경유",11:25
42001012,315,강릉-동진버스,98,98,4200124,우편집중국,128.87347187490323,37.76156496879712,55,,"07:20
과학산업단지 경유",11:25
42001012,315,강릉-동진버스,99,99,4200121,강릉시외.고속터미널,128.87911620808939,37.75486594086855,55,,"07:20
과학산업단지 경유",11:25
42001012,315,강릉-동진버스,100,100,4200750,강릉시청앞,128.88013307678156,37.753651204654936,55,,"07:20
과학산업단지 경유",11:25
42001012,315,강릉-동진버스,101,101,4201027,강릉시청,128.8780384572547,37.75085435055292,55,,"07:20
과학산업단지 경유",11:25
42001012,315,강릉-동진버스,102,102,4201028,홍제I.C,128.8794230311205,37.7473811776377,55,,"07:20
과학산업단지 경유",11:25
42001012,315,강릉-동진버스,103,103,4200067,홍제동주민센터,128.8842229051066,37.747848454396006,55,,"07:20
과학산업단지 경유",11:25
42001012,315,강릉-동진버스,104,104,4200001,내곡교,128.88717490623026,37.74653766880734,55,,"07:20
과학산업단지 경유",11:25
42001012,315,강릉-동진버스,105,105,4200361,보건소,128.8822115594926,37.743635964592464,55,,"07:20
과학산업단지 경유",11:25
42001012,315,강릉-동진버스,106,106,4200360,하나로마트내곡점,128.88016921110417,37.740597240336115,55,,"07:20
과학산업단지 경유",11:25
42001012,315,강릉-동진버스,107,107,4200063,가톨릭관동대학교,128.87804152995903,37.738296118202754,55,,"07:20
과학산업단지 경유",11:25
42002061,504 (운행 폐지),강릉-동진버스,1,1,4201043,안목,128.94526892930932,37.77285146151794,32,,,
42002061,504 (운행 폐지),강릉-동진버스,2,2,4201386,송정한신아파트후문,128.93962441064605,37.773612640324636,32,,,
42002061,504 (운행 폐지),강릉-동진버스,3,3,4200276,송정한신아파트입구,128.93668274097607,37.7740287226972,32,,,
42002061,504 (운행 폐지),강릉-동진버스,4,4,4200274,송정노인회관,128.93141909498914,37.77512821569013,32,,,
42002061,504 (운행 폐지),강릉-동진버스,5,5,4200272,송정동주민센터,128.92775106138072,37.77430053196711,32,,,
42002061,504 (운행 폐지),강릉-동진버스,6,6,4200270,이마트,128.92290403192536,37.77218493598484,32,,,
42002061,504 (운행 폐지),강릉-동진버스,7,7,4200268,삼우은성아파트,128.91881978171756,37.77007704319862,32,,,
42002061,504 (운행 폐지),강릉-동진버스,8,8,4200266,혜성연립,128.9154402649905,37.76852760326643,32,,,
42002061,504 (운행 폐지),강릉-동진버스,9,9,4200264,구)동해상사,128.91165113985977,37.76683747950902,32,,,
42002061,504 (운행 폐지),강릉-동진버스,10,10,4200262,로얄아파트.포남1동주민센터,128.90933288179943,37.76545703763149,32,,,
42002061,504 (운행 폐지),강릉-동진버스,11,11,4200318,포남시장,128.90766061502285,37.76392281820552,32,,,
42002061,504 (운행 폐지),강릉-동진버스,12,12,4200259,용지각,128.90537716328666,37.76184119439877,32,,,
42002061,504 (운행 폐지),강릉-동진버스,13,13,4200095,한국자산관리공사,128.90111921880606,37.75827929877246,32,,,
42002061,504 (운행 폐지),강릉-동진버스,14,14,4200253,교보생명,128.89811415297848,37.756002485379526,32,,,
42002061,504 (운행 폐지),강릉-동진버스,15,15,4200251,한국은행,128.89406630781096,37.753485602290496,32,,,
42002061,504 (운행 폐지),강릉-동진버스,16,16,4200852,강릉대도호부관아,128.8916610029413,37.75117323796815,32,,,
42002061,504 (운행 폐지),강릉-동진버스,17,17,4200850,강릉의료원,128.88880799404643,37.748819708567,32,,,
42002061,504 (운행 폐지),강릉-동진버스,18,18,4201030,홍제동주민센터,128.88454291738702,37.74807153236862,32,,,
42002061,504 (운행 폐지),강릉-동진버스,19,19,4201029,홍제I.C,128.87894077910576,37.74749468304007,32,,,
42002061,504 (운행 폐지),강릉-동진버스,20,20,4201026,공제마을,128.87155618347816,37.74635646052236,32,,,
42002061,504 (운행 폐지),강릉-동진버스,21,21,4201023,강릉교도소,128.8655195073396,37.7459157793766,32,,,
42002061,504 (운행 폐지),강릉-동진버스,22,22,4201022,강릉영동대학,128.8591288923703,37.74495955027462,32,,,
42002061,504 (운행 폐지),강릉-동진버스,23,23,4201020,금산입구,128.8576797637003,37.74318792289404,32,,,
42002061,504 (운행 폐지),강릉-동진버스,24,24,4201018,금산,128.85573010993187,37.74018242418162,32,,,
42002061,504 (운행 폐지),강릉-동진버스,25,25,4201016,금산장수마을,128.85163955991283,37.738245657769,32,,,
42002061,504 (운행 폐지),강릉-동진버스,26,26,4201014,금산2리,128.8489374376084,37.736639355017815,32,,,
42002061,504 (운행 폐지),강릉-동진버스,27,27,4201012,금산남밭,128.8447607772083,37.73146258389618,32,,,
42002061,504 (운행 폐지),강릉-동진버스,28,28,4201011,남밭,128.84079334848028,37.72889804215958,32,,,
42002061,504 (운행 폐지),강릉-동진버스,29,29,4201010,롯데물류센터,128.83446803238593,37.72201867130479,32,,,
42002061,504 (운행 폐지),강릉-동진버스,30,30,4201009,성산면사무소,128.832602033901,37.718970827982346,32,,,
42002061,504 (운행 폐지),강릉-동진버스,31,31,4201007,성산치안센터,128.8310696649731,37.7159774839219,32,,,
42002061,504 (운행 폐지),강릉-동진버스,32,32,4201005,성산,128.8271623742617,37.714502339268236,32,,,
42002061,504 (운행 폐지),강릉-동진버스,33,33,4201006,성산치안센터,128.83090633919258,37.71566752965487,32,,,
42002061,504 (운행 폐지),강릉-동진버스,34,34,4201008,성산면사무소,128.83255254171343,37.71856830087688,32,,,
42002061,504 (운행 폐지),강릉-동진버스,35,35,4200874,용봉자동차학원,128.83460209459432,37.72175943182151,32,,,
42002061,504 (운행 폐지),강릉-동진버스,36,36,4200873,남밭,128.8415299784495,37.72906449025603,32,,,
42002061,504 (운행 폐지),강릉-동진버스,37,37,4200872,할머니추어탕,128.85042441394495,37.73470101792724,32,,,
42002061,504 (운행 폐지),강릉-동진버스,38,38,4201013,금산2리,128.84906667066036,37.736625360708075,32,,,
42002061,504 (운행 폐지),강릉-동진버스,39,39,4201015,금산장수마을,128.85168575797542,37.73818340581975,32,,,
42002061,504 (운행 폐지),강릉-동진버스,40,40,4201017,금산,128.8558273611666,37.7401726731367,32,,,
42002061,504 (운행 폐지),강릉-동진버스,41,41,4201019,금산입구,128.85784327525297,37.7432987440744,32,,,
42002061,504 (운행 폐지),강릉-동진버스,42,42,4201021,강릉영동대학,128.85922425091306,37.74487059276654,32,,,
42002061,504 (운행 폐지),강릉-동진버스,43,43,4201024,강릉교도소,128.86643612221636,37.745817949506176,32,,,
42002061,504 (운행 폐지),강릉-동진버스,44,44,4201025,공제마을,128.87156333276334,37.74608024312632,32,,,
42002061,504 (운행 폐지),강릉-동진버스,45,45,4201028,홍제I.C,128.8794230311205,37.7473811776377,32,,,
42002061,504 (운행 폐지),강릉-동진버스,46,46,4200067,홍제동주민센터,128.8842229051066,37.747848454396006,32,,,
42002061,504 (운행 폐지),강릉-동진버스,47,47,4200851,강릉의료원,128.89091430945297,37.74975576653371,32,,,
42002061,504 (운행 폐지),강릉-동진버스,48,48,4200853,강릉대도호부관아,128.89234522879923,37.75163825691615,32,,,
42002061,504 (운행 폐지),강릉-동진버스,49,49,4200252,신영극장,128.8961287589657,37.75448236011555,32,,,
42002061,504 (운행 폐지),강릉-동진버스,50,50,4200094,강릉여고,128.90248424479844,37.75904463050879,32,,,
42002061,504 (운행 폐지),강릉-동진버스,51,51,4200258,용지각,128.90534669055177,37.76147384168322,32,,,
42002061,504 (운행 폐지),강릉-동진버스,52,52,4200260,동남아파트,128.9088062489658,37.764638779656714,32,,,
42002061,504 (운행 폐지),강릉-동진버스,53,53,4200049,남강초교,128.91338089940805,37.76735161096919,32,,,
42002061,504 (운행 폐지),강릉-동진버스,54,54,4200265,혜성연립,128.91575952067353,37.76841531999017,32,,,
42002061,504 (운행 폐지),강릉-동진버스,55,55,4200267,삼우은성아파트,128.91973659122027,37.77025900516923,32,,,
42002061,504 (운행 폐지),강릉-동진버스,56,56,4200269,이마트,128.92346774482266,37.772222356268564,32,,,
42002061,504 (운행 폐지),강릉-동진버스,57,57,4200271,송정동주민센터,128.9281580126049,37.77420386430584,32,,,
42002061,504 (운행 폐지),강릉-동진버스,58,58,4200273,송정신원아침도시,128.93190852770562,37.774810233413945,32,,,
42002061,504 (운행 폐지),강릉-동진버스,59,59,4200275,송정한신아파트입구,128.93667614488956,37.77380916737768,32,,,
42002061,504 (운행 폐지),강릉-동진버스,60,60,4200263,송정한신아파트후문,128.9386138022858,37.773558747641985,32,,,
42002061,504 (운행 폐지),강릉-동진버스,61,61,4201044,안목커피거리,128.94543559396536,37.77260342997581,32,,,
42002132,504-2,강릉-동진버스,1,1,4200288,경포고교,128.91881546540267,37.78075927662396,31,,08:25,08:25
42002132,504-2,강릉-동진버스,2,2,4201220,포남2주공입구,128.9179885478381,37.77901498558293,31,,08:25,08:25
42002132,504-2,강릉-동진버스,3,3,4200104,동명중학교,128.91637238303827,37.777185998905715,31,,08:25,08:25
42002132,504-2,강릉-동진버스,4,4,4200289,한솔초교,128.9142086436632,37.775058134113436,31,,08:25,08:25
42002132,504-2,강릉-동진버스,5,5,4200106,KT,128.91181164590185,37.77275858732733,31,,08:25,08:25
42002132,504-2,강릉-동진버스,6,6,4200108,동인병원입구,128.90953558421478,37.77125258486367,31,,08:25,08:25
42002132,504-2,강릉-동진버스,7,7,4200110,하슬라중,128.90715554439282,37.77053362559672,31,,08:25,08:25
42002132,504-2,강릉-동진버스,8,8,4200112,강릉관광개발공사,128.9085231695166,37.76800046518587,31,,08:25,08:25
42002132,504-2,강릉-동진버스,9,9,4200262,로얄아파트.포남1동주민센터,128.90933288179943,37.76545703763149,31,,08:25,08:25
42002132,504-2,강릉-동진버스,10,10,4200318,포남시장,128.90766061502285,37.76392281820552,31,,08:25,08:25
42002132,504-2,강릉-동진버스,11,11,4200259,용지각,128.90537716328666,37.76184119439877,31,,08:25,08:25
42002132,504-2,강릉-동진버스,12,12,4200095,한국자산관리공사,128.90111921880606,37.75827929877246,31,,08:25,08:25
42002132,504-2,강릉-동진버스,13,13,4200253,교보생명,128.89811415297848,37.756002485379526,31,,08:25,08:25
42002132,504-2,강릉-동진버스,14,14,4200251,한국은행,128.89406630781096,37.753485602290496,31,,08:25,08:25
42002132,504-2,강릉-동진버스,15,15,4200852,강릉대도호부관아,128.8916610029413,37.75117323796815,31,,08:25,08:25
42002132,504-2,강릉-동진버스,16,16,4200850,강릉의료원,128.88880799404643,37.748819708567,31,,08:25,08:25
42002132,504-2,강릉-동진버스,17,17,4201030,홍제동주민센터,128.88454291738702,37.74807153236862,31,,08:25,08:25
42002132,504-2,강릉-동진버스,18,18,4201029,홍제I.C,128.87894077910576,37.74749468304007,31,,08:25,08:25
42002132,504-2,강릉-동진버스,19,19,4201026,공제마을,128.87155618347816,37.74635646052236,31,,08:25,08:25
42002132,504-2,강릉-동진버스,20,20,4201023,강릉교도소,128.8655195073396,37.7459157793766,31,,08:25,08:25
42002132,504-2,강릉-동진버스,21,21,4201022,강릉영동대학,128.8591288923703,37.74495955027462,31,,08:25,08:25
42002132,504-2,강릉-동진버스,22,22,4201020,금산입구,128.8576797637003,37.74318792289404,31,,08:25,08:25
42002132,504-2,강릉-동진버스,23,23,4201018,금산,128.85573010993187,37.74018242418162,31,,08:25,08:25
42002132,504-2,강릉-동진버스,24,24,4201016,금산장수마을,128.85163955991283,37.738245657769,31,,08:25,08:25
42002132,504-2,강릉-동진버스,25,25,4201014,금산2리,128.8489374376084,37.736639355017815,31,,08:25,08:25
42002132,504-2,강릉-동진버스,26,26,4201012,금산남밭,128.8447607772083,37.73146258389618,31,,08:25,08:25
42002132,504-2,강릉-동진버스,27,27,4201011,남밭,128.84079334848028,37.72889804215958,31,,08:25,08:25
42002132,504-2,강릉-동진버스,28,28,4201010,롯데물류센터,128.83446803238593,37.72201867130479,31,,08:25,08:25
42002132,504-2,강릉-동진버스,29,29,4201009,성산면사무소,128.832602033901,37.718970827982346,31,,08:25,08:25
42002132,504-2,강릉-동진버스,30,30,4201007,성산치안센터,128.8310696649731,37.7159774839219,31,,08:25,08:25
42002132,504-2,강릉-동진버스,31,31,4201005,성산,128.8271623742617,37.714502339268236,31,,08:25,08:25
42002112,911,강릉-동진버스,1,1,4200448,주문진시외버스터미널,128.8255388895829,37.884201127994984,27,,07:20,17:55
42002112,911,강릉-동진버스,2,2,4200198,원마트,128.82575730347685,37.88826959645488,27,,07:20,17:55
42002112,911,강릉-동진버스,3,3,4200196,작은다리,128.8261349428677,37.89101262248175,27,,07:20,17:55
42002112,911,강릉-동진버스,4,4,4200195,주문진항입구,128.82690557497094,37.892668432750234,27,,07:20,17:55
42002112,911,강릉-동진버스,5,5,4200192,북부지구대,128.829270567591,37.89460960314925,27,,07:20,17:55
42002112,911,강릉-동진버스,6,6,4200300,수협사거리,128.8314095884837,37.895774457125356,27,,07:20,17:55
42002112,911,강릉-동진버스,7,7,4200299,주문2리,128.83067123183636,37.89750003400375,27,,07:20,17:55
42002112,911,강릉-동진버스,8,8,4200188,양양고개,128.82822436017406,37.899998054568016,27,,07:20,17:55
42002112,911,강릉-동진버스,9,9,4200298,보성연립,128.82558444232305,37.90204313561504,27,,07:20,17:55
42002112,911,강릉-동진버스,10,10,4200521,방학골,128.82291244813646,37.90463362511824,27,,07:20,17:55
42002112,911,강릉-동진버스,11,11,4200185,소돌,128.8213252547112,37.90592204016269,27,,07:20,17:55
42002112,911,강릉-동진버스,12,12,4200002,소돌해변입구,128.81905535960837,37.90780434670355,27,,07:20,17:55
42002112,911,강릉-동진버스,13,13,4200182,주문진해변,128.81704671925502,37.90944057885068,27,,07:20,17:55
42002112,911,강릉-동진버스,14,14,4200180,향호리,128.81000074924998,37.91526938265188,27,,07:20,17:55
42002112,911,강릉-동진버스,15,15,4200470,향호삼거리,128.8055443775983,37.91039955131909,27,,07:20,17:55
42002112,911,강릉-동진버스,16,16,4200469,참샘,128.79799114449304,37.90957457625894,27,,07:20,17:55
42002112,911,강릉-동진버스,17,17,4200467,향호저수지,128.78868941134147,37.904053051022615,27,,07:20,17:55
42002112,911,강릉-동진버스,18,18,4200466,향호회관,128.8035439820285,37.89964778843476,27,,07:20,17:55
42002112,911,강릉-동진버스,19,19,4200027,주문10리,128.81049106440693,37.89755886763472,27,,07:20,17:55
42002112,911,강릉-동진버스,20,20,4201377,주문10리종점,128.80246523281295,37.89335520402651,27,,07:20,17:55
42002112,911,강릉-동진버스,21,21,4201378,주문10리,128.81057617544894,37.89757955797342,27,,07:20,17:55
42002112,911,강릉-동진버스,22,22,4200184,소돌,128.82175443074843,37.905415537268986,27,,07:20,17:55
42002112,911,강릉-동진버스,23,23,4200971,주문진읍사무소,128.8246799183624,37.892745035212215,27,,07:20,17:55
42002112,911,강릉-동진버스,24,24,4201147,작은다리사거리,128.82430578974427,37.890298608665205,27,,07:20,17:55
42002112,911,강릉-동진버스,25,25,4201067,벽산블루밍아파트,128.82413067836563,37.88870981452805,27,,07:20,17:55
42002112,911,강릉-동진버스,26,26,4201200,파란바다지역아동센터,128.82465599155947,37.88451042268901,27,,07:20,17:55
42002112,911,강릉-동진버스,27,27,4200448,주문진시외버스터미널,128.8255388895829,37.884201127994984,27,,07:20,17:55
42002113,912,강릉-동진버스,1,1,4200448,주문진시외버스터미널,128.8255388895829,37.884201127994984,9,,06:55(주문진항경유),18:30
42002113,912,강릉-동진버스,2,2,4200453,주문진문화교육센터,128.8216607096042,37.88251737897711,9,,06:55(주문진항경유),18:30
42002113,912,강릉-동진버스,3,3,4200465,교항2리금용교,128.81051132966252,37.87794196218265,9,,06:55(주문진항경유),18:30
42002113,912,강릉-동진버스,4,4,4200462,장덕1리,128.79552757430156,37.87818242033292,9,,06:55(주문진항경유),18:30
42002113,912,강릉-동진버스,5,5,4200099,상근내,128.77960655925375,37.87745059496862,9,,06:55(주문진항경유),18:30
42002113,912,강릉-동진버스,6,6,4200460,장덕2리마을회관,128.77790630744494,37.87964207357677,9,,06:55(주문진항경유),18:30
42002113,912,강릉-동진버스,7,7,4200458,장덕2리,128.77147712645024,37.883516051343115,9,,06:55(주문진항경유),18:30
42002113,912,강릉-동진버스,8,8,4200456,삼교리종점,128.7500022864006,37.879776675728266,9,,06:55(주문진항경유),18:30
42002113,912,강릉-동진버스,9,9,4201251,궁궁동,128.7299683412454,37.880375202506656,9,,06:55(주문진항경유),18:30
42002113,912,강릉-동진버스,10,10,4200455,삼교리종점,128.74996246309584,37.87971842334567,9,,06:55(주문진항경유),18:30
42002113,912,강릉-동진버스,11,11,4200457,장덕2리,128.77149035836987,37.88343140927676,9,,06:55(주문진항경유),18:30
42002113,912,강릉-동진버스,12,12,4200459,장덕2리마을회관,128.7777930908638,37.879609504906774,9,,06:55(주문진항경유),18:30
42002113,912,강릉-동진버스,13,13,4200022,상근내,128.7796924207031,37.8773758413694,9,,06:55(주문진항경유),18:30
42002113,912,강릉-동진버스,14,14,4200461,장덕1리,128.7955229122852,37.878113650066226,9,,06:55(주문진항경유),18:30
42002113,912,강릉-동진버스,15,15,4200464,교향2리금용교,128.81059960534566,37.877872107197874,9,,06:55(주문진항경유),18:30
42002113,912,강릉-동진버스,16,16,4200515,서당마을,128.8153409524242,37.87964681225348,9,,06:55(주문진항경유),18:30
42002113,912,강릉-동진버스,17,17,4200452,주문진문화교육센터,128.82210321817664,37.88251990280632,9,,06:55(주문진항경유),18:30
42002113,912,강릉-동진버스,18,18,4200200,주문진시외버스터미널,128.8253113527999,37.88508198031381,9,,06:55(주문진항경유),18:30
42002113,912,강릉-동진버스,19,19,4200198,원마트,128.82575730347685,37.88826959645488,9,,06:55(주문진항경유),18:30
42002113,912,강릉-동진버스,20,20,4200196,작은다리,128.8261349428677,37.89101262248175,9,,06:55(주문진항경유),18:30
42002113,912,강릉-동진버스,21,21,4200195,주문진항입구,128.82690557497094,37.892668432750234,9,,06:55(주문진항경유),18:30
42002113,912,강릉-동진버스,22,22,4200971,주문진읍사무소,128.8246799183624,37.892745035212215,9,,06:55(주문진항경유),18:30
42002113,912,강릉-동진버스,23,23,4200448,주문진시외버스터미널,128.8255388895829,37.884201127994984,9,,06:55(주문진항경유),18:30
42002145,913,강릉-동진버스,1,1,4200448,주문진시외버스터미널,128.8255388895829,37.884201127994984,6,,09:00(공시내길경유),15:55(공시내길경유)
42002145,913,강릉-동진버스,2,2,4200198,원마트,128.82575730347685,37.88826959645488,6,,09:00(공시내길경유),15:55(공시내길경유)
42002145,913,강릉-동진버스,3,3,4200196,작은다리,128.8261349428677,37.89101262248175,6,,09:00(공시내길경유),15:55(공시내길경유)
42002145,913,강릉-동진버스,4,4,4200195,주문진항입구,128.82690557497094,37.892668432750234,6,,09:00(공시내길경유),15:55(공시내길경유)
42002145,913,강릉-동진버스,5,5,4201391,주문진읍사무소,128.8238312459903,37.8934502421149,6,,09:00(공시내길경유),15:55(공시내길경유)
42002145,913,강릉-동진버스,6,6,4200520,우신아파트,128.8255393760297,37.87241785986445,6,,09:00(공시내길경유),15:55(공시내길경유)
42002145,913,강릉-동진버스,7,7,4201393,주문진읍사무소,128.82369473290439,37.893285463228835,6,,09:00(공시내길경유),15:55(공시내길경유)
42002145,913,강릉-동진버스,8,8,4200194,주문진항입구,128.82670250148865,37.8926318795772,6,,09:00(공시내길경유),15:55(공시내길경유)
42002145,913,강릉-동진버스,9,9,4200197,작은다리,128.82583778093624,37.88994679111109,6,,09:00(공시내길경유),15:55(공시내길경유)
42002145,913,강릉-동진버스,10,10,4201232,원마트,128.8255161831108,37.88764901879385,6,,09:00(공시내길경유),15:55(공시내길경유)
42002145,913,강릉-동진버스,11,11,4200448,주문진시외버스터미널,128.8255388895829,37.884201127994984,6,,09:00(공시내길경유),15:55(공시내길경유)
42002107,921,강릉-동진버스,1,1,4200354,연곡면사무소,128.83726140830402,37.85982528703765,37,,06:30,17:30
42002107,921,강릉-동진버스,2,2,4200355,연곡면사무소,128.8369030857598,37.8592954872826,37,,06:30,17:30
42002107,921,강릉-동진버스,3,3,4200033,강릉전파관리소,128.83186726371997,37.85836861510729,37,,06:30,17:30
42002107,921,강릉-동진버스,4,4,4200353,연곡초교,128.82814655157526,37.8569020930201,37,,06:30,17:30
42002107,921,강릉-동진버스,5,5,4200511,송림길,128.8248292251072,37.8557650289636,37,,06:30,17:30
42002107,921,강릉-동진버스,6,6,4200351,송림,128.82064394298325,37.85559369331711,37,,06:30,17:30
42002107,921,강릉-동진버스,7,7,4200295,산림조합,128.81634583702206,37.85478178935546,37,,06:30,17:30
42002107,921,강릉-동진버스,8,8,4200349,연곡취수장입구,128.8134029222452,37.854479588535305,37,,06:30,17:30
42002107,921,강릉-동진버스,9,9,4200346,송림2리,128.8099436136846,37.853407423711076,37,,06:30,17:30
42002107,921,강릉-동진버스,10,10,4200345,송림2리경로당,128.80789598964623,37.85203614474543,37,,06:30,17:30
42002107,921,강릉-동진버스,11,11,4200343,동양시멘트입구,128.80439889049126,37.850687991240484,37,,06:30,17:30
42002107,921,강릉-동진버스,12,12,4200341,행정,128.7939888659289,37.852922738954625,37,,06:30,17:30
42002107,921,강릉-동진버스,13,13,4200526,새이골,128.79025907473746,37.85322227035808,37,,06:30,17:30
42002107,921,강릉-동진버스,14,14,4200178,신왕초등학교.소금강산체험학습장,128.7874843369829,37.85236789721056,37,,06:30,17:30
42002107,921,강릉-동진버스,15,15,4200338,행정2리마을회관,128.783920231759,37.85143615617747,37,,06:30,17:30
42002107,921,강릉-동진버스,16,16,4200177,행정2리신촌마을,128.7785874984292,37.85062890818297,37,,06:30,17:30
42002107,921,강릉-동진버스,17,17,4200335,버들교,128.77324803807656,37.850410055201316,37,,06:30,17:30
42002107,921,강릉-동진버스,18,18,4200334,행정2리,128.76721113927047,37.850915515839276,37,,06:30,17:30
42002107,921,강릉-동진버스,19,19,4200332,유등.백운사입구,128.75795827699417,37.850487600912274,37,,06:30,17:30
42002107,921,강릉-동진버스,20,20,4200174,퇴곡,128.75226108332112,37.851299039517386,37,,06:30,17:30
42002107,921,강릉-동진버스,21,21,4200330,퇴곡1리경로당,128.7415928535256,37.84950756791581,37,,06:30,17:30
42002107,921,강릉-동진버스,22,22,4200328,삼산분소,128.72806310762525,37.8484167632985,37,,06:30,17:30
42002107,921,강릉-동진버스,23,23,4200015,퇴곡2리마을회관,128.72561567385543,37.84863292575607,37,,06:30,17:30
42002107,921,강릉-동진버스,24,24,4200173,퇴곡2리,128.71633081209328,37.84807753595964,37,,06:30,17:30
42002107,921,강릉-동진버스,25,25,4200172,현덕사입구,128.7097155940442,37.84705089816417,37,,06:30,17:30
42002107,921,강릉-동진버스,26,26,4200429,소금강산삼거리,128.70652525366145,37.84687236867498,37,,06:30,17:30
42002107,921,강릉-동진버스,27,27,4200324,삼산1리마을회관,128.7032068078098,37.84670520300259,37,,06:30,17:30
42002107,921,강릉-동진버스,28,28,4200427,삼산보건진료소,128.6999017867484,37.84667116560819,37,,06:30,17:30
42002107,921,강릉-동진버스,29,29,4200516,삼산,128.6925944995912,37.847189566163216,37,,06:30,17:30
42002107,921,강릉-동진버스,30,30,4200423,성원사입구,128.68646040632865,37.84726485901322,37,,06:30,17:30
42002107,921,강릉-동진버스,31,31,4200417,궁궁소,128.67164304000795,37.843611675479615,37,,06:30,17:30
42002107,921,강릉-동진버스,32,32,4200413,진고개휴게소,128.6587993033944,37.842974758114,37,,06:30,17:30
42002107,921,강릉-동진버스,33,33,4200411,부연동입구,128.65649150006797,37.84037999546802,37,,06:30,17:30
42002107,921,강릉-동진버스,34,34,4200409,삼산4리,128.65339766055644,37.8363605430016,37,,06:30,17:30
42002107,921,강릉-동진버스,35,35,4200407,오대산휴게소,128.64806989287274,37.83498136245625,37,,06:30,17:30
42002107,921,강릉-동진버스,36,36,4200405,송천,128.64294987987037,37.832536995608294,37,,06:30,17:30
42002107,921,강릉-동진버스,37,37,4200399,송천종점,128.63433752494774,37.82213931034025,37,,06:30,17:30
42002107,921,강릉-동진버스,38,38,4200404,송천,128.64305128748416,37.832454612861596,37,,06:30,17:30
42002107,921,강릉-동진버스,39,39,4200406,오대산휴게소,128.648222920777,37.83491560552007,37,,06:30,17:30
42002107,921,강릉-동진버스,40,40,4200408,삼산4리,128.65358585892187,37.836375046564235,37,,06:30,17:30
42002107,921,강릉-동진버스,41,41,4200410,부연동입구,128.6565982881532,37.84023340079426,37,,06:30,17:30
42002107,921,강릉-동진버스,42,42,4200412,진고개휴게소,128.65865259925027,37.84288643809636,37,,06:30,17:30
42002107,921,강릉-동진버스,43,43,4200422,성원사입구,128.6867712693139,37.847205451671535,37,,06:30,17:30
42002107,921,강릉-동진버스,44,44,4200514,삼산,128.69251552941094,37.84710607104921,37,,06:30,17:30
42002107,921,강릉-동진버스,45,45,4200426,삼산보건진료소,128.69992094735875,37.846599335592536,37,,06:30,17:30
42002107,921,강릉-동진버스,46,46,4200325,삼산1리마을회관,128.7039248000704,37.84665394357494,37,,06:30,17:30
42002107,921,강릉-동진버스,47,47,4200428,소금강산삼거리,128.70675214581883,37.84674771999477,37,,06:30,17:30
42002107,921,강릉-동진버스,48,48,4200326,현덕사입구,128.71038523685135,37.84696339414248,37,,06:30,17:30
42002107,921,강릉-동진버스,49,49,4200032,퇴곡2리,128.71714904545294,37.84816614353958,37,,06:30,17:30
42002107,921,강릉-동진버스,50,50,4200327,소금강산돌박물관,128.72545746023172,37.848484193808346,37,,06:30,17:30
42002107,921,강릉-동진버스,51,51,4200329,퇴곡1리경로당,128.74128473074444,37.849334595953835,37,,06:30,17:30
42002107,921,강릉-동진버스,52,52,4200175,퇴곡,128.75248295369062,37.85110547320165,37,,06:30,17:30
42002107,921,강릉-동진버스,53,53,4200331,유등.백운사입구,128.75900654206438,37.850462767351864,37,,06:30,17:30
42002107,921,강릉-동진버스,54,54,4200333,행정2리,128.7667909122159,37.85086547031576,37,,06:30,17:30
42002107,921,강릉-동진버스,55,55,4200336,버들교,128.77473855753414,37.850247080571705,37,,06:30,17:30
42002107,921,강릉-동진버스,56,56,4200176,행정2리신촌마을,128.77862819412928,37.85045242944766,37,,06:30,17:30
42002107,921,강릉-동진버스,57,57,4201384,행정2리마을회관,128.7837597224069,37.85121868121593,37,,06:30,17:30
42002107,921,강릉-동진버스,58,58,4200337,소금강산체험학습장,128.78576790854493,37.85169587352382,37,,06:30,17:30
42002107,921,강릉-동진버스,59,59,4200339,신왕초등학교,128.78962228209244,37.85282870829282,37,,06:30,17:30
42002107,921,강릉-동진버스,60,60,4200340,행정,128.79244492389662,37.85304272496013,37,,06:30,17:30
42002107,921,강릉-동진버스,61,61,4200342,동양시멘트입구,128.80418115038393,37.85051141718022,37,,06:30,17:30
42002107,921,강릉-동진버스,62,62,4200344,송림2리경로당,128.807966000434,37.85197372236723,37,,06:30,17:30
42002107,921,강릉-동진버스,63,63,4200347,송림2리,128.81062888375345,37.853558399575036,37,,06:30,17:30
42002107,921,강릉-동진버스,64,64,4200348,연곡취수장입구,128.81321638321742,37.85436534997662,37,,06:30,17:30
42002107,921,강릉-동진버스,65,65,4200179,산림조합,128.81641190280698,37.85471554225067,37,,06:30,17:30
42002107,921,강릉-동진버스,66,66,4200350,송림,128.8201619228096,37.85539548451919,37,,06:30,17:30
42002107,921,강릉-동진버스,67,67,4200510,송림길,128.8252555621319,37.855656749226185,37,,06:30,17:30
42002107,921,강릉-동진버스,68,68,4200352,연곡초교,128.82816906723454,37.856817110094816,37,,06:30,17:30
42002107,921,강릉-동진버스,69,69,4200035,강릉전파관리소,128.83226068928573,37.85830420673383,37,,06:30,17:30
42002107,921,강릉-동진버스,70,70,4200354,연곡면사무소,128.83726140830402,37.85982528703765,37,,06:30,17:30
42092107,921,강릉-동해상사,1,1,4200354,연곡면사무소,128.83726140830402,37.85982528703765,37,,11:00,19:05
42092107,921,강릉-동해상사,2,2,4200355,연곡면사무소,128.8369030857598,37.8592954872826,37,,11:00,19:05
42092107,921,강릉-동해상사,3,3,4200033,강릉전파관리소,128.83186726371997,37.85836861510729,37,,11:00,19:05
42092107,921,강릉-동해상사,4,4,4200353,연곡초교,128.82814655157526,37.8569020930201,37,,11:00,19:05
42092107,921,강릉-동해상사,5,5,4200511,송림길,128.8248292251072,37.8557650289636,37,,11:00,19:05
42092107,921,강릉-동해상사,6,6,4200351,송림,128.82064394298325,37.85559369331711,37,,11:00,19:05
42092107,921,강릉-동해상사,7,7,4200295,산림조합,128.81634583702206,37.85478178935546,37,,11:00,19:05
42092107,921,강릉-동해상사,8,8,4200349,연곡취수장입구,128.8134029222452,37.854479588535305,37,,11:00,19:05
42092107,921,강릉-동해상사,9,9,4200346,송림2리,128.8099436136846,37.853407423711076,37,,11:00,19:05
42092107,921,강릉-동해상사,10,10,4200345,송림2리경로당,128.80789598964623,37.85203614474543,37,,11:00,19:05
42092107,921,강릉-동해상사,11,11,4200343,동양시멘트입구,128.80439889049126,37.850687991240484,37,,11:00,19:05
42092107,921,강릉-동해상사,12,12,4200341,행정,128.7939888659289,37.852922738954625,37,,11:00,19:05
42092107,921,강릉-동해상사,13,13,4200526,새이골,128.79025907473746,37.85322227035808,37,,11:00,19:05
42092107,921,강릉-동해상사,14,14,4200178,신왕초등학교.소금강산체험학습장,128.7874843369829,37.85236789721056,37,,11:00,19:05
42092107,921,강릉-동해상사,15,15,4200338,행정2리마을회관,128.783920231759,37.85143615617747,37,,11:00,19:05
42092107,921,강릉-동해상사,16,16,4200177,행정2리신촌마을,128.7785874984292,37.85062890818297,37,,11:00,19:05
42092107,921,강릉-동해상사,17,17,4200335,버들교,128.77324803807656,37.850410055201316,37,,11:00,19:05
42092107,921,강릉-동해상사,18,18,4200334,행정2리,128.76721113927047,37.850915515839276,37,,11:00,19:05
42092107,921,강릉-동해상사,19,19,4200332,유등.백운사입구,128.75795827699417,37.850487600912274,37,,11:00,19:05
42092107,921,강릉-동해상사,20,20,4200174,퇴곡,128.75226108332112,37.851299039517386,37,,11:00,19:05
42092107,921,강릉-동해상사,21,21,4200330,퇴곡1리경로당,128.7415928535256,37.84950756791581,37,,11:00,19:05
42092107,921,강릉-동해상사,22,22,4200328,삼산분소,128.72806310762525,37.8484167632985,37,,11:00,19:05
42092107,921,강릉-동해상사,23,23,4200015,퇴곡2리마을회관,128.72561567385543,37.84863292575607,37,,11:00,19:05
42092107,921,강릉-동해상사,24,24,4200173,퇴곡2리,128.71633081209328,37.84807753595964,37,,11:00,19:05
42092107,921,강릉-동해상사,25,25,4200172,현덕사입구,128.7097155940442,37.84705089816417,37,,11:00,19:05
42092107,921,강릉-동해상사,26,26,4200429,소금강산삼거리,128.70652525366145,37.84687236867498,37,,11:00,19:05
42092107,921,강릉-동해상사,27,27,4200324,삼산1리마을회관,128.7032068078098,37.84670520300259,37,,11:00,19:05
42092107,921,강릉-동해상사,28,28,4200427,삼산보건진료소,128.6999017867484,37.84667116560819,37,,11:00,19:05
42092107,921,강릉-동해상사,29,29,4200516,삼산,128.6925944995912,37.847189566163216,37,,11:00,19:05
42092107,921,강릉-동해상사,30,30,4200423,성원사입구,128.68646040632865,37.84726485901322,37,,11:00,19:05
42092107,921,강릉-동해상사,31,31,4200417,궁궁소,128.67164304000795,37.843611675479615,37,,11:00,19:05
42092107,921,강릉-동해상사,32,32,4200413,진고개휴게소,128.6587993033944,37.842974758114,37,,11:00,19:05
42092107,921,강릉-동해상사,33,33,4200411,부연동입구,128.65649150006797,37.84037999546802,37,,11:00,19:05
42092107,921,강릉-동해상사,34,34,4200409,삼산4리,128.65339766055644,37.8363605430016,37,,11:00,19:05
42092107,921,강릉-동해상사,35,35,4200407,오대산휴게소,128.64806989287274,37.83498136245625,37,,11:00,19:05
42092107,921,강릉-동해상사,36,36,4200405,송천,128.64294987987037,37.832536995608294,37,,11:00,19:05
42092107,921,강릉-동해상사,37,37,4200399,송천종점,128.63433752494774,37.82213931034025,37,,11:00,19:05
42092107,921,강릉-동해상사,38,38,4200404,송천,128.64305128748416,37.832454612861596,37,,11:00,19:05
42092107,921,강릉-동해상사,39,39,4200406,오대산휴게소,128.648222920777,37.83491560552007,37,,11:00,19:05
42092107,921,강릉-동해상사,40,40,4200408,삼산4리,128.65358585892187,37.836375046564235,37,,11:00,19:05
42092107,921,강릉-동해상사,41,41,4200410,부연동입구,128.6565982881532,37.84023340079426,37,,11:00,19:05
42092107,921,강릉-동해상사,42,42,4200412,진고개휴게소,128.65865259925027,37.84288643809636,37,,11:00,19:05
42092107,921,강릉-동해상사,43,43,4200422,성원사입구,128.6867712693139,37.847205451671535,37,,11:00,19:05
42092107,921,강릉-동해상사,44,44,4200514,삼산,128.69251552941094,37.84710607104921,37,,11:00,19:05
42092107,921,강릉-동해상사,45,45,4200426,삼산보건진료소,128.69992094735875,37.846599335592536,37,,11:00,19:05
42092107,921,강릉-동해상사,46,46,4200325,삼산1리마을회관,128.7039248000704,37.84665394357494,37,,11:00,19:05
42092107,921,강릉-동해상사,47,47,4200428,소금강산삼거리,128.70675214581883,37.84674771999477,37,,11:00,19:05
42092107,921,강릉-동해상사,48,48,4200326,현덕사입구,128.71038523685135,37.84696339414248,37,,11:00,19:05
42092107,921,강릉-동해상사,49,49,4200032,퇴곡2리,128.71714904545294,37.84816614353958,37,,11:00,19:05
42092107,921,강릉-동해상사,50,50,4200327,소금강산돌박물관,128.72545746023172,37.848484193808346,37,,11:00,19:05
42092107,921,강릉-동해상사,51,51,4200329,퇴곡1리경로당,128.74128473074444,37.849334595953835,37,,11:00,19:05
42092107,921,강릉-동해상사,52,52,4200175,퇴곡,128.75248295369062,37.85110547320165,37,,11:00,19:05
42092107,921,강릉-동해상사,53,53,4200331,유등.백운사입구,128.75900654206438,37.850462767351864,37,,11:00,19:05
42092107,921,강릉-동해상사,54,54,4200333,행정2리,128.7667909122159,37.85086547031576,37,,11:00,19:05
42092107,921,강릉-동해상사,55,55,4200336,버들교,128.77473855753414,37.850247080571705,37,,11:00,19:05
42092107,921,강릉-동해상사,56,56,4200176,행정2리신촌마을,128.77862819412928,37.85045242944766,37,,11:00,19:05
42092107,921,강릉-동해상사,57,57,4201384,행정2리마을회관,128.7837597224069,37.85121868121593,37,,11:00,19:05
42092107,921,강릉-동해상사,58,58,4200337,소금강산체험학습장,128.78576790854493,37.85169587352382,37,,11:00,19:05
42092107,921,강릉-동해상사,59,59,4200339,신왕초등학교,128.78962228209244,37.85282870829282,37,,11:00,19:05
42092107,921,강릉-동해상사,60,60,4200340,행정,128.79244492389662,37.85304272496013,37,,11:00,19:05
42092107,921,강릉-동해상사,61,61,4200342,동양시멘트입구,128.80418115038393,37.85051141718022,37,,11:00,19:05
42092107,921,강릉-동해상사,62,62,4200344,송림2리경로당,128.807966000434,37.85197372236723,37,,11:00,19:05
42092107,921,강릉-동해상사,63,63,4200347,송림2리,128.81062888375345,37.853558399575036,37,,11:00,19:05
42092107,921,강릉-동해상사,64,64,4200348,연곡취수장입구,128.81321638321742,37.85436534997662,37,,11:00,19:05
42092107,921,강릉-동해상사,65,65,4200179,산림조합,128.81641190280698,37.85471554225067,37,,11:00,19:05
42092107,921,강릉-동해상사,66,66,4200350,송림,128.8201619228096,37.85539548451919,37,,11:00,19:05
42092107,921,강릉-동해상사,67,67,4200510,송림길,128.8252555621319,37.855656749226185,37,,11:00,19:05
42092107,921,강릉-동해상사,68,68,4200352,연곡초교,128.82816906723454,37.856817110094816,37,,11:00,19:05
42092107,921,강릉-동해상사,69,69,4200035,강릉전파관리소,128.83226068928573,37.85830420673383,37,,11:00,19:05
42092107,921,강릉-동해상사,70,70,4200354,연곡면사무소,128.83726140830402,37.85982528703765,37,,11:00,19:05
42002110,923,강릉-동진버스,1,1,4200354,연곡면사무소,128.83726140830402,37.85982528703765,16,,06:50,19:20
42002110,923,강릉-동진버스,2,2,4200355,연곡면사무소,128.8369030857598,37.8592954872826,16,,06:50,19:20
42002110,923,강릉-동진버스,3,3,4200033,강릉전파관리소,128.83186726371997,37.85836861510729,16,,06:50,19:20
42002110,923,강릉-동진버스,4,4,4200353,연곡초교,128.82814655157526,37.8569020930201,16,,06:50,19:20
42002110,923,강릉-동진버스,5,5,4200511,송림길,128.8248292251072,37.8557650289636,16,,06:50,19:20
42002110,923,강릉-동진버스,6,6,4200351,송림,128.82064394298325,37.85559369331711,16,,06:50,19:20
42002110,923,강릉-동진버스,7,7,4200295,산림조합,128.81634583702206,37.85478178935546,16,,06:50,19:20
42002110,923,강릉-동진버스,8,8,4200349,연곡취수장입구,128.8134029222452,37.854479588535305,16,,06:50,19:20
42002110,923,강릉-동진버스,9,9,4200346,송림2리,128.8099436136846,37.853407423711076,16,,06:50,19:20
42002110,923,강릉-동진버스,10,10,4200345,송림2리경로당,128.80789598964623,37.85203614474543,16,,06:50,19:20
42002110,923,강릉-동진버스,11,11,4200343,동양시멘트입구,128.80439889049126,37.850687991240484,16,,06:50,19:20
42002110,923,강릉-동진버스,12,12,4200341,행정,128.7939888659289,37.852922738954625,16,,06:50,19:20
42002110,923,강릉-동진버스,13,13,4200396,신왕리,128.79081224615587,37.848255771655694,16,,06:50,19:20
42002110,923,강릉-동진버스,14,14,4200394,신왕리마을회관,128.78872771686466,37.84404617250474,16,,06:50,19:20
42002110,923,강릉-동진버스,15,15,4202161,부귀터,128.77935529659743,37.83384969713505,16,,06:50,19:20
42002110,923,강릉-동진버스,16,16,4200392,신왕종점,128.77479795503757,37.82848497778013,16,,06:50,19:20
42002110,923,강릉-동진버스,17,17,4202162,부귀터,128.7794599312011,37.83385966124151,16,,06:50,19:20
42002110,923,강릉-동진버스,18,18,4200393,신왕리마을회관,128.78881339413073,37.84406973819415,16,,06:50,19:20
42002110,923,강릉-동진버스,19,19,4200395,신왕리,128.7909165521197,37.84823170892436,16,,06:50,19:20
42002110,923,강릉-동진버스,20,20,4200340,행정,128.79244492389662,37.85304272496013,16,,06:50,19:20
42002110,923,강릉-동진버스,21,21,4200342,동양시멘트입구,128.80418115038393,37.85051141718022,16,,06:50,19:20
42002110,923,강릉-동진버스,22,22,4200344,송림2리경로당,128.807966000434,37.85197372236723,16,,06:50,19:20
42002110,923,강릉-동진버스,23,23,4200347,송림2리,128.81062888375345,37.853558399575036,16,,06:50,19:20
42002110,923,강릉-동진버스,24,24,4200348,연곡취수장입구,128.81321638321742,37.85436534997662,16,,06:50,19:20
42002110,923,강릉-동진버스,25,25,4200179,산림조합,128.81641190280698,37.85471554225067,16,,06:50,19:20
42002110,923,강릉-동진버스,26,26,4200350,송림,128.8201619228096,37.85539548451919,16,,06:50,19:20
42002110,923,강릉-동진버스,27,27,4200510,송림길,128.8252555621319,37.855656749226185,16,,06:50,19:20
42002110,923,강릉-동진버스,28,28,4200352,연곡초교,128.82816906723454,37.856817110094816,16,,06:50,19:20
42002110,923,강릉-동진버스,29,29,4200035,강릉전파관리소,128.83226068928573,37.85830420673383,16,,06:50,19:20
42002110,923,강릉-동진버스,30,30,4200354,연곡면사무소,128.83726140830402,37.85982528703765,16,,06:50,19:20
42092142,924,강릉-동해상사,1,1,4200212,연곡면사무소,128.83761397394952,37.85995465828368,6,,08:40,16:30
42092142,924,강릉-동해상사,2,2,4200211,삼천리아파트,128.8383288212433,37.86906384505761,6,,08:40,16:30
42092142,924,강릉-동해상사,3,3,4201271,영진해변,128.84407553359966,37.870005012045354,6,,08:40,16:30
42092142,924,강릉-동해상사,4,4,4201270,영진항,128.84778900128174,37.86736001237831,6,,08:40,16:30
42092142,924,강릉-동해상사,5,5,4200450,연곡해변,128.8529783059013,37.85739414992972,6,,08:40,16:30
42092142,924,강릉-동해상사,6,6,4200212,연곡면사무소,128.83761397394952,37.85995465828368,6,,08:40,16:30
42002142,924,강릉-동진버스,1,1,4200212,연곡면사무소,128.83761397394952,37.85995465828368,6,,10:50,15:00
42002142,924,강릉-동진버스,2,2,4200211,삼천리아파트,128.8383288212433,37.86906384505761,6,,10:50,15:00
42002142,924,강릉-동진버스,3,3,4201271,영진해변,128.84407553359966,37.870005012045354,6,,10:50,15:00
42002142,924,강릉-동진버스,4,4,4201270,영진항,128.84778900128174,37.86736001237831,6,,10:50,15:00
42002142,924,강릉-동진버스,5,5,4200450,연곡해변,128.8529783059013,37.85739414992972,6,,10:50,15:00
42002142,924,강릉-동진버스,6,6,4200212,연곡면사무소,128.83761397394952,37.85995465828368,6,,10:50,15:00
42092113,930,강릉-동해상사,1,1,4201242,경포해변,128.9052529004403,37.80440358093674,18,,08:10,16:25
42092113,930,강릉-동해상사,2,2,4200434,사근진해변,128.898597450209,37.812322584245415,18,,08:10,16:25
42092113,930,강릉-동해상사,3,3,4200436,순긋해변,128.89252003394913,37.81667547893821,18,,08:10,16:25
42092113,930,강릉-동해상사,4,4,4200438,순포해변,128.8909555032514,37.81845994015455,18,,08:10,16:25
42092113,930,강릉-동해상사,5,5,4200440,산대월리.순포,128.88547702493108,37.822903011074914,18,,08:10,16:25
42092113,930,강릉-동해상사,6,6,4200368,가둔지유적,128.882327030694,37.82527019767428,18,,08:10,16:25
42092113,930,강릉-동해상사,7,7,4200442,사천해변,128.87869491904522,37.828713817312966,18,,08:10,16:25
42092113,930,강릉-동해상사,8,8,4200444,사천캠핑장,128.87516834469744,37.831731302711255,18,,08:10,16:25
42092113,930,강릉-동해상사,9,9,4200447,사천물회거리,128.8757309061334,37.83810545841113,18,,08:10,16:25
42092113,930,강릉-동해상사,10,10,4201238,사천진리,128.87339689589916,37.83812340174815,18,,08:10,16:25
42092113,930,강릉-동해상사,11,11,4200008,하평리,128.87213896973955,37.836286638716444,18,,08:10,16:25
42092113,930,강릉-동해상사,12,12,4200386,하평리,128.86662078612576,37.834407329862614,18,,08:10,16:25
42092113,930,강릉-동해상사,13,13,4200389,판교리,128.8629774027657,37.834258791663885,18,,08:10,16:25
42092113,930,강릉-동해상사,14,14,4200390,운양초교,128.85999131659992,37.833521248123965,18,,08:10,16:25
42092113,930,강릉-동해상사,15,15,4202153,운양초등학교,128.8590953489884,37.83649095483332,18,,08:10,16:25
42092113,930,강릉-동해상사,16,16,4200154,너다리,128.85384039907868,37.83030516388511,18,,08:10,16:25
42092113,930,강릉-동해상사,17,17,4200220,모래내행복센터,128.84888855200666,37.82654759560158,18,,08:10,16:25
42092113,930,강릉-동해상사,18,18,4200223,사천면사무소,128.84914337332015,37.8229406699122,18,,08:10,16:25
42092111,931-1,강릉-동해상사,1,1,4200140,사기막,128.80639533289897,37.79268220157816,35,,-,20:00
42092111,931-1,강릉-동해상사,2,2,4200141,사기막마을회관,128.81090286737634,37.79301923903732,35,,-,20:00
42092111,931-1,강릉-동해상사,3,3,4200143,해살이,128.81431621857197,37.79226836473926,35,,-,20:00
42092111,931-1,강릉-동해상사,4,4,4201231,사기막리,128.81838250417627,37.7939296154463,35,,-,20:00
42092111,931-1,강릉-동해상사,5,5,4200145,강릉면허시험장,128.81940419285692,37.79563172548221,35,,-,20:00
42092111,931-1,강릉-동해상사,6,6,4200147,노동3리,128.82566919932256,37.79922359821094,35,,-,20:00
42092111,931-1,강릉-동해상사,7,7,4200149,노동리,128.82874179258144,37.80069747027654,35,,-,20:00
42092111,931-1,강릉-동해상사,8,8,4201416,노동상리경로당,128.8298366569875,37.803466498207534,35,,-,20:00
42092111,931-1,강릉-동해상사,9,9,4200151,연변,128.83161739090895,37.80576988356887,35,,-,20:00
42092111,931-1,강릉-동해상사,10,10,4200155,농업기술센터,128.8338261188764,37.81060324304077,35,,-,20:00
42092111,931-1,강릉-동해상사,11,11,4200157,한과마을,128.83514950759155,37.81456555427515,35,,-,20:00
42092111,931-1,강릉-동해상사,12,12,4200159,노동회관,128.83796621765993,37.818138280477356,35,,-,20:00
42092111,931-1,강릉-동해상사,13,13,4200161,노동하리.우리정미소,128.8414822247496,37.82225221697478,35,,-,20:00
42092111,931-1,강릉-동해상사,14,14,4200163,갈골한과,128.84366180450007,37.82449975412136,35,,-,20:00
42092111,931-1,강릉-동해상사,15,15,4200294,사천중학교,128.84663312060465,37.82670813694838,35,,-,20:00
42092111,931-1,강릉-동해상사,16,16,4200220,모래내행복센터,128.84888855200666,37.82654759560158,35,,-,20:00
42092111,931-1,강릉-동해상사,17,17,4200223,사천면사무소,128.84914337332015,37.8229406699122,35,,-,20:00
42092111,931-1,강릉-동해상사,18,18,4200222,사천면사무소,128.84928192865996,37.82385848393331,35,,-,20:00
42092111,931-1,강릉-동해상사,19,19,4200221,모래내행복센터,128.84881781800846,37.82675602435266,35,,-,20:00
42092111,931-1,강릉-동해상사,20,20,4201381,너다리,128.85390220166778,37.83022805772032,35,,-,20:00
42092111,931-1,강릉-동해상사,21,21,4202153,운양초등학교,128.8590953489884,37.83649095483332,35,,-,20:00
42092111,931-1,강릉-동해상사,22,22,4200391,판교리,128.86009464856716,37.83346652558502,35,,-,20:00
42092111,931-1,강릉-동해상사,23,23,4200388,미노마을입구,128.86381568177012,37.83417468045317,35,,-,20:00
42092111,931-1,강릉-동해상사,24,24,4200387,하평리,128.86670662673083,37.834355194382326,35,,-,20:00
42092111,931-1,강릉-동해상사,25,25,4200447,사천물회거리,128.8757309061334,37.83810545841113,35,,-,20:00
42092111,931-1,강릉-동해상사,26,26,4201238,사천진리,128.87339689589916,37.83812340174815,35,,-,20:00
42092111,931-1,강릉-동해상사,27,27,4200008,하평리,128.87213896973955,37.836286638716444,35,,-,20:00
42092111,931-1,강릉-동해상사,28,28,4200445,사천캠핑장,128.8750445298634,37.831686225915426,35,,-,20:00
42092111,931-1,강릉-동해상사,29,29,4200443,사천해변,128.87827311977188,37.82882341864164,35,,-,20:00
42092111,931-1,강릉-동해상사,30,30,4200369,가둔지유적,128.882153019297,37.82520493756786,35,,-,20:00
42092111,931-1,강릉-동해상사,31,31,4200441,산대월리.순포,128.88527417343033,37.822868850849,35,,-,20:00
42092111,931-1,강릉-동해상사,32,32,4200439,순포해변,128.8896479640838,37.81947984719446,35,,-,20:00
42092111,931-1,강릉-동해상사,33,33,4200437,순긋해변,128.89288352206873,37.81622289476459,35,,-,20:00
42092111,931-1,강릉-동해상사,34,34,4200435,사근진해변,128.89766129562162,37.81294729745145,35,,-,20:00
42092111,931-1,강릉-동해상사,35,35,4201420,경포해변(종점),128.9052815401602,37.80443707912235,35,,-,20:00
42092106,932,강릉-동해상사,1,1,4200222,사천면사무소,128.84928192865996,37.82385848393331,9,,08:45,16:50
42092106,932,강릉-동해상사,2,2,4200221,모래내행복센터,128.84881781800846,37.82675602435266,9,,08:45,16:50
42092106,932,강릉-동해상사,3,3,4200314,청솔공원,128.84780404863866,37.83218520189828,9,,08:45,16:50
42092106,932,강릉-동해상사,4,4,4200261,북강릉IC,128.84425534198513,37.83689529134246,9,,08:45,16:50
42092106,932,강릉-동해상사,5,5,4200529,판교2리마을회관,128.84660458171092,37.84287891189836,9,,08:45,16:50
42092106,932,강릉-동해상사,6,6,4200139,석교2리마을회관,128.82066862382376,37.842307094394954,9,,08:45,16:50
42092106,932,강릉-동해상사,7,7,4200219,청솔공원,128.84744835859598,37.832296445829655,9,,08:45,16:50
42092106,932,강릉-동해상사,8,8,4200220,모래내행복센터,128.84888855200666,37.82654759560158,9,,08:45,16:50
42092106,932,강릉-동해상사,9,9,4200223,사천면사무소,128.84914337332015,37.8229406699122,9,,08:45,16:50
42092112,933,강릉-동해상사,1,1,4200223,사천면사무소,128.84914337332015,37.8229406699122,9,,-,17:20
42092112,933,강릉-동해상사,2,2,4200385,덕실리,128.83425245451167,37.806566789081664,9,,-,17:20
42092112,933,강릉-동해상사,3,3,4200224,북부노인대학,128.85070066292354,37.820164105652225,9,,-,17:20
42092112,933,강릉-동해상사,4,4,4200004,숲사랑홍보관,128.85126457297872,37.81878304910103,9,,-,17:20
42092112,933,강릉-동해상사,5,5,4200317,강릉아산병원.강릉약국,128.856152685967,37.816231407654854,9,,-,17:20
42092112,933,강릉-동해상사,6,6,4200383,산대월리마을회관,128.8709163724858,37.815914215160845,9,,-,17:20
42092112,933,강릉-동해상사,7,7,4200418,강릉아산병원.강릉약국,128.8564121349402,37.81631278949057,9,,-,17:20
42092112,933,강릉-동해상사,8,8,4200384,미노리,128.86484857598091,37.82971678699962,9,,-,17:20
42092112,933,강릉-동해상사,9,9,4200222,사천면사무소,128.84928192865996,37.82385848393331,9,,-,17:20
42092115,934,강릉-동해상사,1,1,4201242,경포해변,128.9052529004403,37.80440358093674,19,,-,14:10
42092115,934,강릉-동해상사,2,2,4200434,사근진해변,128.898597450209,37.812322584245415,19,,-,14:10
42092115,934,강릉-동해상사,3,3,4200436,순긋해변,128.89252003394913,37.81667547893821,19,,-,14:10
42092115,934,강릉-동해상사,4,4,4200438,순포해변,128.8909555032514,37.81845994015455,19,,-,14:10
42092115,934,강릉-동해상사,5,5,4200440,산대월리.순포,128.88547702493108,37.822903011074914,19,,-,14:10
42092115,934,강릉-동해상사,6,6,4200368,가둔지유적,128.882327030694,37.82527019767428,19,,-,14:10
42092115,934,강릉-동해상사,7,7,4200442,사천해변,128.87869491904522,37.828713817312966,19,,-,14:10
42092115,934,강릉-동해상사,8,8,4200444,사천캠핑장,128.87516834469744,37.831731302711255,19,,-,14:10
42092115,934,강릉-동해상사,9,9,4200447,사천물회거리,128.8757309061334,37.83810545841113,19,,-,14:10
42092115,934,강릉-동해상사,10,10,4201238,사천진리,128.87339689589916,37.83812340174815,19,,-,14:10
42092115,934,강릉-동해상사,11,11,4200008,하평리,128.87213896973955,37.836286638716444,19,,-,14:10
42092115,934,강릉-동해상사,12,12,4200386,하평리,128.86662078612576,37.834407329862614,19,,-,14:10
42092115,934,강릉-동해상사,13,13,4200389,판교리,128.8629774027657,37.834258791663885,19,,-,14:10
42092115,934,강릉-동해상사,14,14,4200390,운양초교,128.85999131659992,37.833521248123965,19,,-,14:10
42092115,934,강릉-동해상사,15,15,4200154,너다리,128.85384039907868,37.83030516388511,19,,-,14:10
42092115,934,강릉-동해상사,16,16,4200220,모래내행복센터,128.84888855200666,37.82654759560158,19,,-,14:10
42092115,934,강릉-동해상사,17,17,4200223,사천면사무소,128.84914337332015,37.8229406699122,19,,-,14:10
42092115,934,강릉-동해상사,18,18,4200252,신영극장,128.8961287589657,37.75448236011555,19,,-,14:10
42092115,934,강릉-동해상사,19,19,4200797,KTX공영주차장환승장,128.8967850727094,37.762190942376556,19,,-,14:10
42092116,934-1,강릉-동해상사,1,1,4200797,KTX공영주차장환승장,128.8967850727094,37.762190942376556,19,,10:50,15:20
42092116,934-1,강릉-동해상사,2,2,4200253,교보생명,128.89811415297848,37.756002485379526,19,,10:50,15:20
42092116,934-1,강릉-동해상사,3,3,4200222,사천면사무소,128.84928192865996,37.82385848393331,19,,10:50,15:20
42092116,934-1,강릉-동해상사,4,4,4200221,모래내행복센터,128.84881781800846,37.82675602435266,19,,10:50,15:20
42092116,934-1,강릉-동해상사,5,5,4201381,너다리,128.85390220166778,37.83022805772032,19,,10:50,15:20
42092116,934-1,강릉-동해상사,6,6,4200391,판교리,128.86009464856716,37.83346652558502,19,,10:50,15:20
42092116,934-1,강릉-동해상사,7,7,4200388,미노마을입구,128.86381568177012,37.83417468045317,19,,10:50,15:20
42092116,934-1,강릉-동해상사,8,8,4200387,하평리,128.86670662673083,37.834355194382326,19,,10:50,15:20
42092116,934-1,강릉-동해상사,9,9,4200447,사천물회거리,128.8757309061334,37.83810545841113,19,,10:50,15:20
42092116,934-1,강릉-동해상사,10,10,4201238,사천진리,128.87339689589916,37.83812340174815,19,,10:50,15:20
42092116,934-1,강릉-동해상사,11,11,4200008,하평리,128.87213896973955,37.836286638716444,19,,10:50,15:20
42092116,934-1,강릉-동해상사,12,12,4200445,사천캠핑장,128.8750445298634,37.831686225915426,19,,10:50,15:20
42092116,934-1,강릉-동해상사,13,13,4200443,사천해변,128.87827311977188,37.82882341864164,19,,10:50,15:20
42092116,934-1,강릉-동해상사,14,14,4200369,가둔지유적,128.882153019297,37.82520493756786,19,,10:50,15:20
42092116,934-1,강릉-동해상사,15,15,4200441,산대월리.순포,128.88527417343033,37.822868850849,19,,10:50,15:20
42092116,934-1,강릉-동해상사,16,16,4200439,순포해변,128.8896479640838,37.81947984719446,19,,10:50,15:20
42092116,934-1,강릉-동해상사,17,17,4200437,순긋해변,128.89288352206873,37.81622289476459,19,,10:50,15:20
42092116,934-1,강릉-동해상사,18,18,4200435,사근진해변,128.89766129562162,37.81294729745145,19,,10:50,15:20
42092116,934-1,강릉-동해상사,19,19,4201420,경포해변(종점),128.9052815401602,37.80443707912235,19,,10:50,15:20
42092117,935,강릉-동해상사,1,1,4200797,KTX공영주차장환승장,128.8967850727094,37.762190942376556,19,,06:30,17:40
42092117,935,강릉-동해상사,2,2,4200253,교보생명,128.89811415297848,37.756002485379526,19,,06:30,17:40
42092117,935,강릉-동해상사,3,3,4200222,사천면사무소,128.84928192865996,37.82385848393331,19,,06:30,17:40
42092117,935,강릉-동해상사,4,4,4200221,모래내행복센터,128.84881781800846,37.82675602435266,19,,06:30,17:40
42092117,935,강릉-동해상사,5,5,4200165,사천중학교,128.84662013233944,37.82677848556301,19,,06:30,17:40
42092117,935,강릉-동해상사,6,6,4200164,갈골한과,128.84368704633178,37.82462303691711,19,,06:30,17:40
42092117,935,강릉-동해상사,7,7,4200162,노동하리.우리정미소,128.84138542146533,37.82227295047229,19,,06:30,17:40
42092117,935,강릉-동해상사,8,8,4200160,노동회관,128.8379192525419,37.818202495776156,19,,06:30,17:40
42092117,935,강릉-동해상사,9,9,4200158,한과마을,128.8351667630484,37.81469760511987,19,,06:30,17:40
42092117,935,강릉-동해상사,10,10,4200156,농업기술센터,128.83374479432362,37.810623749433574,19,,06:30,17:40
42092117,935,강릉-동해상사,11,11,4200152,연변,128.83155522186766,37.80584297639379,19,,06:30,17:40
42092117,935,강릉-동해상사,12,12,4201415,노동상리경로당,128.82974913139455,37.80349598363215,19,,06:30,17:40
42092117,935,강릉-동해상사,13,13,4200150,노동리,128.82882389300474,37.80095549884616,19,,06:30,17:40
42092117,935,강릉-동해상사,14,14,4200148,노동3리,128.8256207085255,37.79927586550659,19,,06:30,17:40
42092117,935,강릉-동해상사,15,15,4200146,강릉면허시험장,128.81937813512624,37.79573671702786,19,,06:30,17:40
42092117,935,강릉-동해상사,16,16,4201230,사기막리,128.8183214702477,37.793964034615996,19,,06:30,17:40
42092117,935,강릉-동해상사,17,17,4200144,해살이,128.81433946380196,37.79231712471411,19,,06:30,17:40
42092117,935,강릉-동해상사,18,18,4200142,사기막마을회관,128.8109379000351,37.79306001321451,19,,06:30,17:40
42092117,935,강릉-동해상사,19,19,4200140,사기막,128.80639533289897,37.79268220157816,19,,06:30,17:40
42092118,935-1,강릉-동해상사,1,1,4200140,사기막,128.80639533289897,37.79268220157816,19,,07:40,18:25
42092118,935-1,강릉-동해상사,2,2,4200141,사기막마을회관,128.81090286737634,37.79301923903732,19,,07:40,18:25
42092118,935-1,강릉-동해상사,3,3,4200143,해살이,128.81431621857197,37.79226836473926,19,,07:40,18:25
42092118,935-1,강릉-동해상사,4,4,4201231,사기막리,128.81838250417627,37.7939296154463,19,,07:40,18:25
42092118,935-1,강릉-동해상사,5,5,4200145,강릉면허시험장,128.81940419285692,37.79563172548221,19,,07:40,18:25
42092118,935-1,강릉-동해상사,6,6,4200147,노동3리,128.82566919932256,37.79922359821094,19,,07:40,18:25
42092118,935-1,강릉-동해상사,7,7,4200149,노동리,128.82874179258144,37.80069747027654,19,,07:40,18:25
42092118,935-1,강릉-동해상사,8,8,4201416,노동상리경로당,128.8298366569875,37.803466498207534,19,,07:40,18:25
42092118,935-1,강릉-동해상사,9,9,4200151,연변,128.83161739090895,37.80576988356887,19,,07:40,18:25
42092118,935-1,강릉-동해상사,10,10,4200155,농업기술센터,128.8338261188764,37.81060324304077,19,,07:40,18:25
42092118,935-1,강릉-동해상사,11,11,4200157,한과마을,128.83514950759155,37.81456555427515,19,,07:40,18:25
42092118,935-1,강릉-동해상사,12,12,4200159,노동회관,128.83796621765993,37.818138280477356,19,,07:40,18:25
42092118,935-1,강릉-동해상사,13,13,4200161,노동하리.우리정미소,128.8414822247496,37.82225221697478,19,,07:40,18:25
42092118,935-1,강릉-동해상사,14,14,4200163,갈골한과,128.84366180450007,37.82449975412136,19,,07:40,18:25
42092118,935-1,강릉-동해상사,15,15,4200294,사천중학교,128.84663312060465,37.82670813694838,19,,07:40,18:25
42092118,935-1,강릉-동해상사,16,16,4200220,모래내행복센터,128.84888855200666,37.82654759560158,19,,07:40,18:25
42092118,935-1,강릉-동해상사,17,17,4200223,사천면사무소,128.84914337332015,37.8229406699122,19,,07:40,18:25
42092118,935-1,강릉-동해상사,18,18,4200252,신영극장,128.8961287589657,37.75448236011555,19,,07:40,18:25
42092118,935-1,강릉-동해상사,19,19,4200797,KTX공영주차장환승장,128.8967850727094,37.762190942376556,19,,07:40,18:25
42002114,941,강릉-동진버스,1,1,4200797,KTX공영주차장환승장,128.8967850727094,37.762190942376556,22,,07:45,19:25
42002114,941,강릉-동진버스,2,2,4200253,교보생명,128.89811415297848,37.756002485379526,22,,07:45,19:25
42002114,941,강릉-동진버스,3,3,4201009,성산면사무소,128.832602033901,37.718970827982346,22,,07:45,19:25
42002114,941,강릉-동진버스,4,4,4201007,성산치안센터,128.8310696649731,37.7159774839219,22,,07:45,19:25
42002114,941,강릉-동진버스,5,5,4201005,성산,128.8271623742617,37.714502339268236,22,,07:45,19:25
42002114,941,강릉-동진버스,6,6,4200964,오봉리,128.82222083699313,37.709588124281694,22,,07:45,19:25
42002114,941,강릉-동진버스,7,7,4200962,오봉,128.8205322494514,37.7062887289534,22,,07:45,19:25
42002114,941,강릉-동진버스,8,8,4200960,왕산대기교차로,128.80856548851528,37.68962515075815,22,,07:45,19:25
42002114,941,강릉-동진버스,9,9,4200958,새재마을,128.8242669560502,37.685279144065696,22,,07:45,19:25
42002114,941,강릉-동진버스,10,10,4200956,왕산사슴목장,128.82565717295802,37.68132318009433,22,,07:45,19:25
42002114,941,강릉-동진버스,11,11,4200954,도마1리경로당,128.83571199204746,37.67583487527786,22,,07:45,19:25
42002114,941,강릉-동진버스,12,12,4200952,왕산면사무소앞,128.83831324436588,37.672144012562036,22,,07:45,19:25
42002114,941,강릉-동진버스,13,13,4200950,둔지마을,128.8402142080388,37.66721532951788,22,,07:45,19:25
42002114,941,강릉-동진버스,14,14,4200948,탑동교,128.84599983023696,37.66005118972853,22,,07:45,19:25
42002114,941,강릉-동진버스,15,15,4200946,백운암입구,128.8502357538194,37.655869833853565,22,,07:45,19:25
42002114,941,강릉-동진버스,16,16,4200944,들꽃마을,128.85442858144177,37.65082634282393,22,,07:45,19:25
42002114,941,강릉-동진버스,17,17,4200940,방터골입구,128.8542224426066,37.642387639932174,22,,07:45,19:25
42002114,941,강릉-동진버스,18,18,4200937,목계리경로당,128.85926935902992,37.63755434898131,22,,07:45,19:25
42002114,941,강릉-동진버스,19,19,4200936,목계마을회관,128.8589875953329,37.632647124497325,22,,07:45,19:25
42002114,941,강릉-동진버스,20,20,4200932,샘터휴게실,128.8616379939255,37.62586846407014,22,,07:45,19:25
42002114,941,강릉-동진버스,21,21,4200930,왕산구)종점,128.8604095757484,37.623711657099335,22,,07:45,19:25
42002114,941,강릉-동진버스,22,22,4200928,왕산사,128.8594660677207,37.61509686617323,22,,07:45,19:25
42002114,941,강릉-동진버스,23,23,4200929,왕산구)종점,128.8604892853729,37.62367273667524,22,,07:45,19:25
42002114,941,강릉-동진버스,24,24,4200931,샘터휴게실,128.86196479739877,37.62603907325114,22,,07:45,19:25
42002114,941,강릉-동진버스,25,25,4200935,목계마을회관,128.8591158870725,37.63273899723025,22,,07:45,19:25
42002114,941,강릉-동진버스,26,26,4200938,목계리경로당,128.85882831535346,37.63808751377066,22,,07:45,19:25
42002114,941,강릉-동진버스,27,27,4200939,방터골입구,128.8543538779494,37.64239089992679,22,,07:45,19:25
42002114,941,강릉-동진버스,28,28,4200941,목계리,128.8539720247843,37.64675613253988,22,,07:45,19:25
42002114,941,강릉-동진버스,29,29,4200943,들꽃마을,128.85452027887206,37.65078274958405,22,,07:45,19:25
42002114,941,강릉-동진버스,30,30,4200945,백운암입구,128.8503640197509,37.65589468864246,22,,07:45,19:25
42002114,941,강릉-동진버스,31,31,4200947,탑동교,128.84609145028975,37.66009383864923,22,,07:45,19:25
42002114,941,강릉-동진버스,32,32,4200949,둔지마을,128.84032622893565,37.667211942204936,22,,07:45,19:25
42002114,941,강릉-동진버스,33,33,4200951,왕산면사무소앞,128.83840731782888,37.6721688588501,22,,07:45,19:25
42002114,941,강릉-동진버스,34,34,4200953,도마1리경로당,128.83580313705878,37.675863266048,22,,07:45,19:25
42002114,941,강릉-동진버스,35,35,4200955,왕산사슴목장,128.82575088668412,37.681344715824196,22,,07:45,19:25
42002114,941,강릉-동진버스,36,36,4200957,새재마을,128.8242487855186,37.68544901419477,22,,07:45,19:25
42002114,941,강릉-동진버스,37,37,4200959,왕산대기교차로,128.80857307337496,37.68975019804283,22,,07:45,19:25
42002114,941,강릉-동진버스,38,38,4200961,오봉,128.8206361867679,37.70638660212798,22,,07:45,19:25
42002114,941,강릉-동진버스,39,39,4200963,오봉리,128.8222695914709,37.70939016181609,22,,07:45,19:25
42002114,941,강릉-동진버스,40,40,4201004,성산,128.82713990486903,37.71438975242994,22,,07:45,19:25
42002114,941,강릉-동진버스,41,41,4201006,성산치안센터,128.83090633919258,37.71566752965487,22,,07:45,19:25
42002114,941,강릉-동진버스,42,42,4201008,성산면사무소,128.83255254171343,37.71856830087688,22,,07:45,19:25
42002114,941,강릉-동진버스,43,43,4200252,신영극장,128.8961287589657,37.75448236011555,22,,07:45,19:25
42002114,941,강릉-동진버스,44,44,4200797,KTX공영주차장환승장,128.8967850727094,37.762190942376556,22,,07:45,19:25
42002115,941-1,강릉-동진버스,1,1,4200797,KTX공영주차장환승장,128.8967850727094,37.762190942376556,29,,"06:10
로얄APT발",17:10
42002115,941-1,강릉-동진버스,2,2,4200253,교보생명,128.89811415297848,37.756002485379526,29,,"06:10
로얄APT발",17:10
42002115,941-1,강릉-동진버스,3,3,4201009,성산면사무소,128.832602033901,37.718970827982346,29,,"06:10
로얄APT발",17:10
42002115,941-1,강릉-동진버스,4,4,4201007,성산치안센터,128.8310696649731,37.7159774839219,29,,"06:10
로얄APT발",17:10
42002115,941-1,강릉-동진버스,5,5,4201005,성산,128.8271623742617,37.714502339268236,29,,"06:10
로얄APT발",17:10
42002115,941-1,강릉-동진버스,6,6,4200964,오봉리,128.82222083699313,37.709588124281694,29,,"06:10
로얄APT발",17:10
42002115,941-1,강릉-동진버스,7,7,4200962,오봉,128.8205322494514,37.7062887289534,29,,"06:10
로얄APT발",17:10
42002115,941-1,강릉-동진버스,8,8,4200960,왕산대기교차로,128.80856548851528,37.68962515075815,29,,"06:10
로얄APT발",17:10
42002115,941-1,강릉-동진버스,9,9,4200958,새재마을,128.8242669560502,37.685279144065696,29,,"06:10
로얄APT발",17:10
42002115,941-1,강릉-동진버스,10,10,4200956,왕산사슴목장,128.82565717295802,37.68132318009433,29,,"06:10
로얄APT발",17:10
42002115,941-1,강릉-동진버스,11,11,4200954,도마1리경로당,128.83571199204746,37.67583487527786,29,,"06:10
로얄APT발",17:10
42002115,941-1,강릉-동진버스,12,12,4200952,왕산면사무소앞,128.83831324436588,37.672144012562036,29,,"06:10
로얄APT발",17:10
42002115,941-1,강릉-동진버스,13,13,4200950,둔지마을,128.8402142080388,37.66721532951788,29,,"06:10
로얄APT발",17:10
42002115,941-1,강릉-동진버스,14,14,4200948,탑동교,128.84599983023696,37.66005118972853,29,,"06:10
로얄APT발",17:10
42002115,941-1,강릉-동진버스,15,15,4200946,백운암입구,128.8502357538194,37.655869833853565,29,,"06:10
로얄APT발",17:10
42002115,941-1,강릉-동진버스,16,16,4200944,들꽃마을,128.85442858144177,37.65082634282393,29,,"06:10
로얄APT발",17:10
42002115,941-1,강릉-동진버스,17,17,4200940,방터골입구,128.8542224426066,37.642387639932174,29,,"06:10
로얄APT발",17:10
42002115,941-1,강릉-동진버스,18,18,4200937,목계리경로당,128.85926935902992,37.63755434898131,29,,"06:10
로얄APT발",17:10
42002115,941-1,강릉-동진버스,19,19,4200936,목계마을회관,128.8589875953329,37.632647124497325,29,,"06:10
로얄APT발",17:10
42002115,941-1,강릉-동진버스,20,20,4200932,샘터휴게실,128.8616379939255,37.62586846407014,29,,"06:10
로얄APT발",17:10
42002115,941-1,강릉-동진버스,21,21,4200930,왕산구)종점,128.8604095757484,37.623711657099335,29,,"06:10
로얄APT발",17:10
42002115,941-1,강릉-동진버스,22,22,4200928,왕산사,128.8594660677207,37.61509686617323,29,,"06:10
로얄APT발",17:10
42002115,941-1,강릉-동진버스,23,23,4200926,삽당령휴게소,128.85335366163847,37.57771787179165,29,,"06:10
로얄APT발",17:10
42002115,941-1,강릉-동진버스,24,24,4200614,화실길,128.85164256606296,37.57535230419804,29,,"06:10
로얄APT발",17:10
42002115,941-1,강릉-동진버스,25,25,4200586,안소재길,128.84946322181048,37.56376109313163,29,,"06:10
로얄APT발",17:10
42002115,941-1,강릉-동진버스,26,26,4200924,사이소재길,128.8475369146747,37.557798436516386,29,,"06:10
로얄APT발",17:10
42002115,941-1,강릉-동진버스,27,27,4200922,평촌,128.84954094616108,37.55267396579829,29,,"06:10
로얄APT발",17:10
42002115,941-1,강릉-동진버스,28,28,4200920,사반,128.84669362641395,37.534157761808984,29,,"06:10
로얄APT발",17:10
42002115,941-1,강릉-동진버스,29,29,4200918,고단,128.84976344595395,37.5207024756447,29,,"06:10
로얄APT발",17:10
42002115,941-1,강릉-동진버스,30,30,4200919,사반,128.8467909201167,37.5342056043505,29,,"06:10
로얄APT발",17:10
42002115,941-1,강릉-동진버스,31,31,4200921,평촌,128.84963218200156,37.552631723106046,29,,"06:10
로얄APT발",17:10
42002115,941-1,강릉-동진버스,32,32,4200923,사이소재길,128.8476417163746,37.55780194237984,29,,"06:10
로얄APT발",17:10
42002115,941-1,강릉-동진버스,33,33,4200587,안소재길,128.84955884022355,37.563768804870946,29,,"06:10
로얄APT발",17:10
42002115,941-1,강릉-동진버스,34,34,4200615,화실길,128.85175310347609,37.575351952404525,29,,"06:10
로얄APT발",17:10
42002115,941-1,강릉-동진버스,35,35,4200925,삽당령휴게소,128.85348981301368,37.57765377589509,29,,"06:10
로얄APT발",17:10
42002115,941-1,강릉-동진버스,36,36,4200927,왕산사,128.85972406418662,37.614998007179736,29,,"06:10
로얄APT발",17:10
42002115,941-1,강릉-동진버스,37,37,4200929,왕산구)종점,128.8604892853729,37.62367273667524,29,,"06:10
로얄APT발",17:10
42002115,941-1,강릉-동진버스,38,38,4200931,샘터휴게실,128.86196479739877,37.62603907325114,29,,"06:10
로얄APT발",17:10
42002115,941-1,강릉-동진버스,39,39,4200935,목계마을회관,128.8591158870725,37.63273899723025,29,,"06:10
로얄APT발",17:10
42002115,941-1,강릉-동진버스,40,40,4200938,목계리경로당,128.85882831535346,37.63808751377066,29,,"06:10
로얄APT발",17:10
42002115,941-1,강릉-동진버스,41,41,4200939,방터골입구,128.8543538779494,37.64239089992679,29,,"06:10
로얄APT발",17:10
42002115,941-1,강릉-동진버스,42,42,4200941,목계리,128.8539720247843,37.64675613253988,29,,"06:10
로얄APT발",17:10
42002115,941-1,강릉-동진버스,43,43,4200943,들꽃마을,128.85452027887206,37.65078274958405,29,,"06:10
로얄APT발",17:10
42002115,941-1,강릉-동진버스,44,44,4200945,백운암입구,128.8503640197509,37.65589468864246,29,,"06:10
로얄APT발",17:10
42002115,941-1,강릉-동진버스,45,45,4200947,탑동교,128.84609145028975,37.66009383864923,29,,"06:10
로얄APT발",17:10
42002115,941-1,강릉-동진버스,46,46,4200949,둔지마을,128.84032622893565,37.667211942204936,29,,"06:10
로얄APT발",17:10
42002115,941-1,강릉-동진버스,47,47,4200951,왕산면사무소앞,128.83840731782888,37.6721688588501,29,,"06:10
로얄APT발",17:10
42002115,941-1,강릉-동진버스,48,48,4200953,도마1리경로당,128.83580313705878,37.675863266048,29,,"06:10
로얄APT발",17:10
42002115,941-1,강릉-동진버스,49,49,4200955,왕산사슴목장,128.82575088668412,37.681344715824196,29,,"06:10
로얄APT발",17:10
42002115,941-1,강릉-동진버스,50,50,4200957,새재마을,128.8242487855186,37.68544901419477,29,,"06:10
로얄APT발",17:10
42002115,941-1,강릉-동진버스,51,51,4200959,왕산대기교차로,128.80857307337496,37.68975019804283,29,,"06:10
로얄APT발",17:10
42002115,941-1,강릉-동진버스,52,52,4200961,오봉,128.8206361867679,37.70638660212798,29,,"06:10
로얄APT발",17:10
42002115,941-1,강릉-동진버스,53,53,4200963,오봉리,128.8222695914709,37.70939016181609,29,,"06:10
로얄APT발",17:10
42002115,941-1,강릉-동진버스,54,54,4201004,성산,128.82713990486903,37.71438975242994,29,,"06:10
로얄APT발",17:10
42002115,941-1,강릉-동진버스,55,55,4201006,성산치안센터,128.83090633919258,37.71566752965487,29,,"06:10
로얄APT발",17:10
42002115,941-1,강릉-동진버스,56,56,4201008,성산면사무소,128.83255254171343,37.71856830087688,29,,"06:10
로얄APT발",17:10
42002115,941-1,강릉-동진버스,57,57,4200252,신영극장,128.8961287589657,37.75448236011555,29,,"06:10
로얄APT발",17:10
42002115,941-1,강릉-동진버스,58,58,4200797,KTX공영주차장환승장,128.8967850727094,37.762190942376556,29,,"06:10
로얄APT발",17:10
42002116,942,강릉-동진버스,1,1,4200797,KTX공영주차장환승장,128.8967850727094,37.762190942376556,21,,"06:15 로얄APT발
한터마을(동초밭농장)경유/안고단 경유","18:25
한터마을(동초밭농장)경유"
42002116,942,강릉-동진버스,2,2,4200253,교보생명,128.89811415297848,37.756002485379526,21,,"06:15 로얄APT발
한터마을(동초밭농장)경유/안고단 경유","18:25
한터마을(동초밭농장)경유"
42002116,942,강릉-동진버스,3,3,4201009,성산면사무소,128.832602033901,37.718970827982346,21,,"06:15 로얄APT발
한터마을(동초밭농장)경유/안고단 경유","18:25
한터마을(동초밭농장)경유"
42002116,942,강릉-동진버스,4,4,4201007,성산치안센터,128.8310696649731,37.7159774839219,21,,"06:15 로얄APT발
한터마을(동초밭농장)경유/안고단 경유","18:25
한터마을(동초밭농장)경유"
42002116,942,강릉-동진버스,5,5,4201005,성산,128.8271623742617,37.714502339268236,21,,"06:15 로얄APT발
한터마을(동초밭농장)경유/안고단 경유","18:25
한터마을(동초밭농장)경유"
42002116,942,강릉-동진버스,6,6,4200964,오봉리,128.82222083699313,37.709588124281694,21,,"06:15 로얄APT발
한터마을(동초밭농장)경유/안고단 경유","18:25
한터마을(동초밭농장)경유"
42002116,942,강릉-동진버스,7,7,4200962,오봉,128.8205322494514,37.7062887289534,21,,"06:15 로얄APT발
한터마을(동초밭농장)경유/안고단 경유","18:25
한터마을(동초밭농장)경유"
42002116,942,강릉-동진버스,8,8,4200888,왕산리2반,128.80288061474792,37.67595542199383,21,,"06:15 로얄APT발
한터마을(동초밭농장)경유/안고단 경유","18:25
한터마을(동초밭농장)경유"
42002116,942,강릉-동진버스,9,9,4200890,왕산리마을회관,128.79684011914176,37.670392794275685,21,,"06:15 로얄APT발
한터마을(동초밭농장)경유/안고단 경유","18:25
한터마을(동초밭농장)경유"
42002116,942,강릉-동진버스,10,10,4200892,임내폭포,128.79372069070962,37.66362299663701,21,,"06:15 로얄APT발
한터마을(동초밭농장)경유/안고단 경유","18:25
한터마을(동초밭농장)경유"
42002116,942,강릉-동진버스,11,11,4200894,무위사입구,128.7904596075833,37.65806985505733,21,,"06:15 로얄APT발
한터마을(동초밭농장)경유/안고단 경유","18:25
한터마을(동초밭농장)경유"
42002116,942,강릉-동진버스,12,12,4200896,왕산골,128.7872211119886,37.65448843873245,21,,"06:15 로얄APT발
한터마을(동초밭농장)경유/안고단 경유","18:25
한터마을(동초밭농장)경유"
42002116,942,강릉-동진버스,13,13,4200898,검뎅이골위,128.78655586032616,37.64966319680761,21,,"06:15 로얄APT발
한터마을(동초밭농장)경유/안고단 경유","18:25
한터마을(동초밭농장)경유"
42002116,942,강릉-동진버스,14,14,4200900,닭목골,128.78583483882048,37.64776835827971,21,,"06:15 로얄APT발
한터마을(동초밭농장)경유/안고단 경유","18:25
한터마을(동초밭농장)경유"
42002116,942,강릉-동진버스,15,15,4200904,벌말,128.77753093157395,37.586312333418526,21,,"06:15 로얄APT발
한터마을(동초밭농장)경유/안고단 경유","18:25
한터마을(동초밭농장)경유"
42002116,942,강릉-동진버스,16,16,4200910,도화목이,128.79876118261876,37.575812376849754,21,,"06:15 로얄APT발
한터마을(동초밭농장)경유/안고단 경유","18:25
한터마을(동초밭농장)경유"
42002116,942,강릉-동진버스,17,17,4200912,대기1리경로당,128.79557170937235,37.565622156510386,21,,"06:15 로얄APT발
한터마을(동초밭농장)경유/안고단 경유","18:25
한터마을(동초밭농장)경유"
42002116,942,강릉-동진버스,18,18,4202165,고단3리,128.81638819970956,37.540155755487774,21,,"06:15 로얄APT발
한터마을(동초밭농장)경유/안고단 경유","18:25
한터마을(동초밭농장)경유"
42002116,942,강릉-동진버스,19,19,4200914,감자채종포마을,128.83346021183766,37.53338333057324,21,,"06:15 로얄APT발
한터마을(동초밭농장)경유/안고단 경유","18:25
한터마을(동초밭농장)경유"
42002116,942,강릉-동진버스,20,20,4200916,고단2.3리교차로,128.83542781016814,37.524465083382744,21,,"06:15 로얄APT발
한터마을(동초밭농장)경유/안고단 경유","18:25
한터마을(동초밭농장)경유"
42002116,942,강릉-동진버스,21,21,4200918,고단,128.84976344595395,37.5207024756447,21,,"06:15 로얄APT발
한터마을(동초밭농장)경유/안고단 경유","18:25
한터마을(동초밭농장)경유"
42002116,942,강릉-동진버스,22,22,4200917,고단2.3리교차로,128.8355935759617,37.52458832137048,21,,"06:15 로얄APT발
한터마을(동초밭농장)경유/안고단 경유","18:25
한터마을(동초밭농장)경유"
42002116,942,강릉-동진버스,23,23,4200915,감자채종포마을,128.8336264013535,37.53350667836036,21,,"06:15 로얄APT발
한터마을(동초밭농장)경유/안고단 경유","18:25
한터마을(동초밭농장)경유"
42002116,942,강릉-동진버스,24,24,4202166,고단3리,128.81639746865173,37.540229174022585,21,,"06:15 로얄APT발
한터마을(동초밭농장)경유/안고단 경유","18:25
한터마을(동초밭농장)경유"
42002116,942,강릉-동진버스,25,25,4200913,대기1리경로당,128.79579724292137,37.56561101591886,21,,"06:15 로얄APT발
한터마을(동초밭농장)경유/안고단 경유","18:25
한터마을(동초밭농장)경유"
42002116,942,강릉-동진버스,26,26,4200911,도화목이,128.79899268103495,37.57580683121861,21,,"06:15 로얄APT발
한터마을(동초밭농장)경유/안고단 경유","18:25
한터마을(동초밭농장)경유"
42002116,942,강릉-동진버스,27,27,4200901,닭목골,128.78595382346253,37.64781596633364,21,,"06:15 로얄APT발
한터마을(동초밭농장)경유/안고단 경유","18:25
한터마을(동초밭농장)경유"
42002116,942,강릉-동진버스,28,28,4200899,검뎅이골위,128.78664108542844,37.649625029205744,21,,"06:15 로얄APT발
한터마을(동초밭농장)경유/안고단 경유","18:25
한터마을(동초밭농장)경유"
42002116,942,강릉-동진버스,29,29,4200897,왕산골,128.78735259066167,37.65458906689652,21,,"06:15 로얄APT발
한터마을(동초밭농장)경유/안고단 경유","18:25
한터마을(동초밭농장)경유"
42002116,942,강릉-동진버스,30,30,4200895,무위사입구,128.79048797979135,37.65800841053956,21,,"06:15 로얄APT발
한터마을(동초밭농장)경유/안고단 경유","18:25
한터마을(동초밭농장)경유"
42002116,942,강릉-동진버스,31,31,4200893,임내폭포,128.7939174576728,37.66377320023954,21,,"06:15 로얄APT발
한터마을(동초밭농장)경유/안고단 경유","18:25
한터마을(동초밭농장)경유"
42002116,942,강릉-동진버스,32,32,4200468,왕산골한옥,128.79462643294355,37.66636911752362,21,,"06:15 로얄APT발
한터마을(동초밭농장)경유/안고단 경유","18:25
한터마을(동초밭농장)경유"
42002116,942,강릉-동진버스,33,33,4200891,왕산리마을회관,128.79682095717135,37.67030353806043,21,,"06:15 로얄APT발
한터마을(동초밭농장)경유/안고단 경유","18:25
한터마을(동초밭농장)경유"
42002116,942,강릉-동진버스,34,34,4200889,왕산리2반,128.80297738702234,37.675963955897956,21,,"06:15 로얄APT발
한터마을(동초밭농장)경유/안고단 경유","18:25
한터마을(동초밭농장)경유"
42002116,942,강릉-동진버스,35,35,4200961,오봉,128.8206361867679,37.70638660212798,21,,"06:15 로얄APT발
한터마을(동초밭농장)경유/안고단 경유","18:25
한터마을(동초밭농장)경유"
42002116,942,강릉-동진버스,36,36,4200963,오봉리,128.8222695914709,37.70939016181609,21,,"06:15 로얄APT발
한터마을(동초밭농장)경유/안고단 경유","18:25
한터마을(동초밭농장)경유"
42002116,942,강릉-동진버스,37,37,4201004,성산,128.82713990486903,37.71438975242994,21,,"06:15 로얄APT발
한터마을(동초밭농장)경유/안고단 경유","18:25
한터마을(동초밭농장)경유"
42002116,942,강릉-동진버스,38,38,4201006,성산치안센터,128.83090633919258,37.71566752965487,21,,"06:15 로얄APT발
한터마을(동초밭농장)경유/안고단 경유","18:25
한터마을(동초밭농장)경유"
42002116,942,강릉-동진버스,39,39,4201008,성산면사무소,128.83255254171343,37.71856830087688,21,,"06:15 로얄APT발
한터마을(동초밭농장)경유/안고단 경유","18:25
한터마을(동초밭농장)경유"
42002116,942,강릉-동진버스,40,40,4200252,신영극장,128.8961287589657,37.75448236011555,21,,"06:15 로얄APT발
한터마을(동초밭농장)경유/안고단 경유","18:25
한터마을(동초밭농장)경유"
42002116,942,강릉-동진버스,41,41,4200797,KTX공영주차장환승장,128.8967850727094,37.762190942376556,21,,"06:15 로얄APT발
한터마을(동초밭농장)경유/안고단 경유","18:25
한터마을(동초밭농장)경유"
42002136,943,강릉-동진버스,1,1,4200797,KTX공영주차장환승장,128.8967850727094,37.762190942376556,13,,"08:45
지암사 입구 경유","17:35
위촌리 종점 출발"
42002136,943,강릉-동진버스,2,2,4200253,교보생명,128.89811415297848,37.756002485379526,13,,"08:45
지암사 입구 경유","17:35
위촌리 종점 출발"
42002136,943,강릉-동진버스,3,3,4201022,강릉영동대학,128.8591288923703,37.74495955027462,13,,"08:45
지암사 입구 경유","17:35
위촌리 종점 출발"
42002136,943,강릉-동진버스,4,4,4201020,금산입구,128.8576797637003,37.74318792289404,13,,"08:45
지암사 입구 경유","17:35
위촌리 종점 출발"
42002136,943,강릉-동진버스,5,5,4201018,금산,128.85573010993187,37.74018242418162,13,,"08:45
지암사 입구 경유","17:35
위촌리 종점 출발"
42002136,943,강릉-동진버스,6,6,4201016,금산장수마을,128.85163955991283,37.738245657769,13,,"08:45
지암사 입구 경유","17:35
위촌리 종점 출발"
42002136,943,강릉-동진버스,7,7,4201397,임경당입구,128.85065952125555,37.73971869052315,13,,"08:45
지암사 입구 경유","17:35
위촌리 종점 출발"
42002136,943,강릉-동진버스,8,8,4201399,항생골입구,128.84855527295463,37.74848089866381,13,,"08:45
지암사 입구 경유","17:35
위촌리 종점 출발"
42002136,943,강릉-동진버스,9,9,4201401,위촌1리마을회관,128.8493169939177,37.752759763627935,13,,"08:45
지암사 입구 경유","17:35
위촌리 종점 출발"
42002136,943,강릉-동진버스,10,10,4200560,송양초교,128.84779064633727,37.75738270190068,13,,"08:45
지암사 입구 경유","17:35
위촌리 종점 출발"
42002136,943,강릉-동진버스,11,11,4200558,위촌2리경로당,128.84480889532918,37.75954345559538,13,,"08:45
지암사 입구 경유","17:35
위촌리 종점 출발"
42002136,943,강릉-동진버스,12,12,4200556,위촌리,128.83630340406063,37.75966855469253,13,,"08:45
지암사 입구 경유","17:35
위촌리 종점 출발"
42002136,943,강릉-동진버스,13,13,4201406,지암사입구,128.8326543984501,37.76849221810292,13,,"08:45
지암사 입구 경유","17:35
위촌리 종점 출발"
42002136,943,강릉-동진버스,14,14,4201408,위촌리,128.8362872937098,37.75958677922043,13,,"08:45
지암사 입구 경유","17:35
위촌리 종점 출발"
42002136,943,강릉-동진버스,15,15,4200557,위촌2리경로당,128.84459001673955,37.75958593352651,13,,"08:45
지암사 입구 경유","17:35
위촌리 종점 출발"
42002136,943,강릉-동진버스,16,16,4200559,송양초교,128.84774510140426,37.757348769268916,13,,"08:45
지암사 입구 경유","17:35
위촌리 종점 출발"
42002136,943,강릉-동진버스,17,17,4201403,양지골,128.84419682263942,37.754675826474795,13,,"08:45
지암사 입구 경유","17:35
위촌리 종점 출발"
42002136,943,강릉-동진버스,18,18,4201405,홈방골,128.83894035853254,37.753110338802365,13,,"08:45
지암사 입구 경유","17:35
위촌리 종점 출발"
42002136,943,강릉-동진버스,19,19,4201404,양지골,128.8442384161847,37.75462833677575,13,,"08:45
지암사 입구 경유","17:35
위촌리 종점 출발"
42002136,943,강릉-동진버스,20,20,4201402,위촌1리마을회관,128.84922183855028,37.75276536684672,13,,"08:45
지암사 입구 경유","17:35
위촌리 종점 출발"
42002136,943,강릉-동진버스,21,21,4201400,항생골입구,128.84848669485692,37.7484721037036,13,,"08:45
지암사 입구 경유","17:35
위촌리 종점 출발"
42002136,943,강릉-동진버스,22,22,4201398,임경당입구,128.85060665622572,37.73967510840446,13,,"08:45
지암사 입구 경유","17:35
위촌리 종점 출발"
42002136,943,강릉-동진버스,23,23,4201015,금산장수마을,128.85168575797542,37.73818340581975,13,,"08:45
지암사 입구 경유","17:35
위촌리 종점 출발"
42002136,943,강릉-동진버스,24,24,4201017,금산,128.8558273611666,37.7401726731367,13,,"08:45
지암사 입구 경유","17:35
위촌리 종점 출발"
42002136,943,강릉-동진버스,25,25,4201019,금산입구,128.85784327525297,37.7432987440744,13,,"08:45
지암사 입구 경유","17:35
위촌리 종점 출발"
42002136,943,강릉-동진버스,26,26,4201021,강릉영동대학,128.85922425091306,37.74487059276654,13,,"08:45
지암사 입구 경유","17:35
위촌리 종점 출발"
42002136,943,강릉-동진버스,27,27,4200252,신영극장,128.8961287589657,37.75448236011555,13,,"08:45
지암사 입구 경유","17:35
위촌리 종점 출발"
42002136,943,강릉-동진버스,28,28,4200797,KTX공영주차장환승장,128.8967850727094,37.762190942376556,13,,"08:45
지암사 입구 경유","17:35
위촌리 종점 출발"
42002137,943-1,강릉-동진버스,1,1,4200797,KTX공영주차장환승장,128.8967850727094,37.762190942376556,15,,10:25,19:18
42002137,943-1,강릉-동진버스,2,2,4200253,교보생명,128.89811415297848,37.756002485379526,15,,10:25,19:18
42002137,943-1,강릉-동진버스,3,3,4200045,형제막국수,128.86624288991882,37.755124519467394,15,,10:25,19:18
42002137,943-1,강릉-동진버스,4,4,4200564,신암동산,128.85644693333413,37.7598894548062,15,,10:25,19:18
42002137,943-1,강릉-동진버스,5,5,4200562,위촌1교,128.85256313236903,37.758700268834,15,,10:25,19:18
42002137,943-1,강릉-동진버스,6,6,4200560,송양초교,128.84779064633727,37.75738270190068,15,,10:25,19:18
42002137,943-1,강릉-동진버스,7,7,4200558,위촌2리경로당,128.84480889532918,37.75954345559538,15,,10:25,19:18
42002137,943-1,강릉-동진버스,8,8,4200374,송암리노인복지회관,128.8371281193178,37.78167045367396,15,,10:25,19:18
42002137,943-1,강릉-동진버스,9,9,4200372,송암,128.82637877635176,37.78089823387296,15,,10:25,19:18
42002137,943-1,강릉-동진버스,10,10,4200373,송암리노인복지회관,128.83714806452136,37.781611643083856,15,,10:25,19:18
42002137,943-1,강릉-동진버스,11,11,4200375,신평교,128.8476422534893,37.786964946063456,15,,10:25,19:18
42002137,943-1,강릉-동진버스,12,12,4200377,즈므교,128.8503710096998,37.790650810639626,15,,10:25,19:18
42002137,943-1,강릉-동진버스,13,13,4200380,과학교차로,128.85488574683825,37.79412119394899,15,,10:25,19:18
42002137,943-1,강릉-동진버스,14,14,4200138,즈므.과학단지,128.8604076986006,37.79746479759031,15,,10:25,19:18
42002137,943-1,강릉-동진버스,15,15,4200231,한밭입구,128.86496052027113,37.791610745411326,15,,10:25,19:18
42002137,943-1,강릉-동진버스,16,16,4200229,즈므.과학단지,128.86079294239343,37.79710821329875,15,,10:25,19:18
42002137,943-1,강릉-동진버스,17,17,4200379,과학교차로,128.85431089568786,37.79406859939951,15,,10:25,19:18
42002137,943-1,강릉-동진버스,18,18,4200378,즈므교,128.8504671545161,37.79077991715075,15,,10:25,19:18
42002137,943-1,강릉-동진버스,19,19,4200376,신평교,128.84751858457875,37.787025988717744,15,,10:25,19:18
42002137,943-1,강릉-동진버스,20,20,4200374,송암리노인복지회관,128.8371281193178,37.78167045367396,15,,10:25,19:18
42002137,943-1,강릉-동진버스,21,21,4200372,송암,128.82637877635176,37.78089823387296,15,,10:25,19:18
42002137,943-1,강릉-동진버스,22,22,4200373,송암리노인복지회관,128.83714806452136,37.781611643083856,15,,10:25,19:18
42002137,943-1,강릉-동진버스,23,23,4209994,위촌2리경로당,128.8446791622344,37.75971028072801,15,,10:25,19:18
42002137,943-1,강릉-동진버스,24,24,4200559,송양초교,128.84774510140426,37.757348769268916,15,,10:25,19:18
42002137,943-1,강릉-동진버스,25,25,4200561,위촌1교,128.85248954070696,37.758669118271264,15,,10:25,19:18
42002137,943-1,강릉-동진버스,26,26,4200563,신암동산,128.856450486855,37.759838948235505,15,,10:25,19:18
42002137,943-1,강릉-동진버스,27,27,4209992,형제막국수,128.8658104402118,37.755293592514285,15,,10:25,19:18
42002137,943-1,강릉-동진버스,28,28,4200252,신영극장,128.8961287589657,37.75448236011555,15,,10:25,19:18
42002137,943-1,강릉-동진버스,29,29,4200797,KTX공영주차장환승장,128.8967850727094,37.762190942376556,15,,10:25,19:18
42002138,943-2,강릉-동진버스,1,1,4201407,우미린아파트,128.87047584429433,37.757205866745004,16,,06:50,07:22
42002138,943-2,강릉-동진버스,2,2,4200568,한내들아파트,128.86810919243274,37.75812879141779,16,,06:50,07:22
42002138,943-2,강릉-동진버스,3,3,4200564,신암동산,128.85644693333413,37.7598894548062,16,,06:50,07:22
42002138,943-2,강릉-동진버스,4,4,4200562,위촌1교,128.85256313236903,37.758700268834,16,,06:50,07:22
42002138,943-2,강릉-동진버스,5,5,4200560,송양초교,128.84779064633727,37.75738270190068,16,,06:50,07:22
42002138,943-2,강릉-동진버스,6,6,4200558,위촌2리경로당,128.84480889532918,37.75954345559538,16,,06:50,07:22
42002138,943-2,강릉-동진버스,7,7,4200556,위촌리,128.83630340406063,37.75966855469253,16,,06:50,07:22
42002138,943-2,강릉-동진버스,8,8,4200557,위촌2리경로당,128.84459001673955,37.75958593352651,16,,06:50,07:22
42002138,943-2,강릉-동진버스,9,9,4200374,송암리노인복지회관,128.8371281193178,37.78167045367396,16,,06:50,07:22
42002138,943-2,강릉-동진버스,10,10,4200372,송암,128.82637877635176,37.78089823387296,16,,06:50,07:22
42002138,943-2,강릉-동진버스,11,11,4200373,송암리노인복지회관,128.83714806452136,37.781611643083856,16,,06:50,07:22
42002138,943-2,강릉-동진버스,12,12,4200375,신평교,128.8476422534893,37.786964946063456,16,,06:50,07:22
42002138,943-2,강릉-동진버스,13,13,4200377,즈므교,128.8503710096998,37.790650810639626,16,,06:50,07:22
42002138,943-2,강릉-동진버스,14,14,4200380,과학교차로,128.85488574683825,37.79412119394899,16,,06:50,07:22
42002138,943-2,강릉-동진버스,15,15,4200138,즈므.과학단지,128.8604076986006,37.79746479759031,16,,06:50,07:22
42002138,943-2,강릉-동진버스,16,16,4200231,한밭입구,128.86496052027113,37.791610745411326,16,,06:50,07:22
42002138,943-2,강릉-동진버스,17,17,4200229,즈므.과학단지,128.86079294239343,37.79710821329875,16,,06:50,07:22
42002138,943-2,강릉-동진버스,18,18,4200379,과학교차로,128.85431089568786,37.79406859939951,16,,06:50,07:22
42002138,943-2,강릉-동진버스,19,19,4200378,즈므교,128.8504671545161,37.79077991715075,16,,06:50,07:22
42002138,943-2,강릉-동진버스,20,20,4200376,신평교,128.84751858457875,37.787025988717744,16,,06:50,07:22
42002138,943-2,강릉-동진버스,21,21,4200374,송암리노인복지회관,128.8371281193178,37.78167045367396,16,,06:50,07:22
42002138,943-2,강릉-동진버스,22,22,4200372,송암,128.82637877635176,37.78089823387296,16,,06:50,07:22
42002138,943-2,강릉-동진버스,23,23,4200373,송암리노인복지회관,128.83714806452136,37.781611643083856,16,,06:50,07:22
42002138,943-2,강릉-동진버스,24,24,4209994,위촌2리경로당,128.8446791622344,37.75971028072801,16,,06:50,07:22
42002138,943-2,강릉-동진버스,25,25,4200556,위촌리,128.83630340406063,37.75966855469253,16,,06:50,07:22
42002138,943-2,강릉-동진버스,26,26,4201406,지암사입구,128.8326543984501,37.76849221810292,16,,06:50,07:22
42002138,943-2,강릉-동진버스,27,27,4201408,위촌리,128.8362872937098,37.75958677922043,16,,06:50,07:22
42002138,943-2,강릉-동진버스,28,28,4200557,위촌2리경로당,128.84459001673955,37.75958593352651,16,,06:50,07:22
42002138,943-2,강릉-동진버스,29,29,4200559,송양초교,128.84774510140426,37.757348769268916,16,,06:50,07:22
42002138,943-2,강릉-동진버스,30,30,4201401,위촌1리마을회관,128.8493169939177,37.752759763627935,16,,06:50,07:22
42002138,943-2,강릉-동진버스,31,31,4200561,위촌1교,128.85248954070696,37.758669118271264,16,,06:50,07:22
42002138,943-2,강릉-동진버스,32,32,4200563,신암동산,128.856450486855,37.759838948235505,16,,06:50,07:22
42002138,943-2,강릉-동진버스,33,33,4209992,형제막국수,128.8658104402118,37.755293592514285,16,,06:50,07:22
42002138,943-2,강릉-동진버스,34,34,4200252,신영극장,128.8961287589657,37.75448236011555,16,,06:50,07:22
42002138,943-2,강릉-동진버스,35,35,4200797,KTX공영주차장환승장,128.8967850727094,37.762190942376556,16,,06:50,07:22
42002117,944,강릉-동진버스,1,1,4200797,KTX공영주차장환승장,128.8967850727094,37.762190942376556,15,,"06:15
교보생명 출발","19:35
강릉휴게소 경유"
42002117,944,강릉-동진버스,2,2,4200253,교보생명,128.89811415297848,37.756002485379526,15,,"06:15
교보생명 출발","19:35
강릉휴게소 경유"
42002117,944,강릉-동진버스,3,3,4201009,성산면사무소,128.832602033901,37.718970827982346,15,,"06:15
교보생명 출발","19:35
강릉휴게소 경유"
42002117,944,강릉-동진버스,4,4,4201007,성산치안센터,128.8310696649731,37.7159774839219,15,,"06:15
교보생명 출발","19:35
강릉휴게소 경유"
42002117,944,강릉-동진버스,5,5,4201005,성산,128.8271623742617,37.714502339268236,15,,"06:15
교보생명 출발","19:35
강릉휴게소 경유"
42002117,944,강릉-동진버스,6,6,4201003,보광리입구,128.81690957708614,37.721147642825436,15,,"06:15
교보생명 출발","19:35
강릉휴게소 경유"
42002117,944,강릉-동진버스,7,7,4201002,암반욕체험장,128.81756412801548,37.725703466430105,15,,"06:15
교보생명 출발","19:35
강릉휴게소 경유"
42002117,944,강릉-동진버스,8,8,4201000,옥터가든,128.8137241133093,37.7280870855366,15,,"06:15
교보생명 출발","19:35
강릉휴게소 경유"
42002117,944,강릉-동진버스,9,9,4200974,샘골식당,128.8117504319814,37.72973210273536,15,,"06:15
교보생명 출발","19:35
강릉휴게소 경유"
42002117,944,강릉-동진버스,10,10,4200998,보광리체험학습장,128.8076688924087,37.73819161617253,15,,"06:15
교보생명 출발","19:35
강릉휴게소 경유"
42002117,944,강릉-동진버스,11,11,4200995,보광본동,128.79947706651464,37.746310402073284,15,,"06:15
교보생명 출발","19:35
강릉휴게소 경유"
42002117,944,강릉-동진버스,12,12,4200993,석불사입구,128.79436174094738,37.75400145159608,15,,"06:15
교보생명 출발","19:35
강릉휴게소 경유"
42002117,944,강릉-동진버스,13,13,4200991,대궁산장,128.7956519785838,37.75672773187815,15,,"06:15
교보생명 출발","19:35
강릉휴게소 경유"
42002117,944,강릉-동진버스,14,14,4200989,기도원삼거리,128.79494112774387,37.75822759306287,15,,"06:15
교보생명 출발","19:35
강릉휴게소 경유"
42002117,944,강릉-동진버스,15,15,4200987,삼왕,128.79442364222726,37.75959705206606,15,,"06:15
교보생명 출발","19:35
강릉휴게소 경유"
42002117,944,강릉-동진버스,16,16,4200988,기도원삼거리,128.7947703606971,37.75829009149865,15,,"06:15
교보생명 출발","19:35
강릉휴게소 경유"
42002117,944,강릉-동진버스,17,17,4200990,대궁산장,128.7955529097602,37.75668446239291,15,,"06:15
교보생명 출발","19:35
강릉휴게소 경유"
42002117,944,강릉-동진버스,18,18,4200992,석불사입구,128.79428550244546,37.75401121249684,15,,"06:15
교보생명 출발","19:35
강릉휴게소 경유"
42002117,944,강릉-동진버스,19,19,4200994,보광본동,128.79938186856992,37.746227466734425,15,,"06:15
교보생명 출발","19:35
강릉휴게소 경유"
42002117,944,강릉-동진버스,20,20,4200977,보광리체험학습장,128.80793365498167,37.73787511002778,15,,"06:15
교보생명 출발","19:35
강릉휴게소 경유"
42002117,944,강릉-동진버스,21,21,4200973,샘골식당,128.81165805890132,37.72970284088515,15,,"06:15
교보생명 출발","19:35
강릉휴게소 경유"
42002117,944,강릉-동진버스,22,22,4200999,옥터가든,128.81373332317625,37.728008981659464,15,,"06:15
교보생명 출발","19:35
강릉휴게소 경유"
42002117,944,강릉-동진버스,23,23,4201001,암반욕체험장,128.8174715505199,37.72568745788923,15,,"06:15
교보생명 출발","19:35
강릉휴게소 경유"
42002117,944,강릉-동진버스,24,24,4200965,보광리입구,128.81696481575804,37.72096716251408,15,,"06:15
교보생명 출발","19:35
강릉휴게소 경유"
42002117,944,강릉-동진버스,25,25,4201004,성산,128.82713990486903,37.71438975242994,15,,"06:15
교보생명 출발","19:35
강릉휴게소 경유"
42002117,944,강릉-동진버스,26,26,4201006,성산치안센터,128.83090633919258,37.71566752965487,15,,"06:15
교보생명 출발","19:35
강릉휴게소 경유"
42002117,944,강릉-동진버스,27,27,4201008,성산면사무소,128.83255254171343,37.71856830087688,15,,"06:15
교보생명 출발","19:35
강릉휴게소 경유"
42002117,944,강릉-동진버스,28,28,4200252,신영극장,128.8961287589657,37.75448236011555,15,,"06:15
교보생명 출발","19:35
강릉휴게소 경유"
42002117,944,강릉-동진버스,29,29,4200797,KTX공영주차장환승장,128.8967850727094,37.762190942376556,15,,"06:15
교보생명 출발","19:35
강릉휴게소 경유"
42002139,944-1,강릉-동진버스,1,1,4200797,KTX공영주차장환승장,128.8967850727094,37.762190942376556,15,,09:35,17:25
42002139,944-1,강릉-동진버스,2,2,4200253,교보생명,128.89811415297848,37.756002485379526,15,,09:35,17:25
42002139,944-1,강릉-동진버스,3,3,4201009,성산면사무소,128.832602033901,37.718970827982346,15,,09:35,17:25
42002139,944-1,강릉-동진버스,4,4,4201007,성산치안센터,128.8310696649731,37.7159774839219,15,,09:35,17:25
42002139,944-1,강릉-동진버스,5,5,4201005,성산,128.8271623742617,37.714502339268236,15,,09:35,17:25
42002139,944-1,강릉-동진버스,6,6,4201003,보광리입구,128.81690957708614,37.721147642825436,15,,09:35,17:25
42002139,944-1,강릉-동진버스,7,7,4201002,암반욕체험장,128.81756412801548,37.725703466430105,15,,09:35,17:25
42002139,944-1,강릉-동진버스,8,8,4201000,옥터가든,128.8137241133093,37.7280870855366,15,,09:35,17:25
42002139,944-1,강릉-동진버스,9,9,4200974,샘골식당,128.8117504319814,37.72973210273536,15,,09:35,17:25
42002139,944-1,강릉-동진버스,10,10,4200998,보광리체험학습장,128.8076688924087,37.73819161617253,15,,09:35,17:25
42002139,944-1,강릉-동진버스,11,11,4200995,보광본동,128.79947706651464,37.746310402073284,15,,09:35,17:25
42002139,944-1,강릉-동진버스,12,12,4200993,석불사입구,128.79436174094738,37.75400145159608,15,,09:35,17:25
42002139,944-1,강릉-동진버스,13,13,4200991,대궁산장,128.7956519785838,37.75672773187815,15,,09:35,17:25
42002139,944-1,강릉-동진버스,14,14,4200989,기도원삼거리,128.79494112774387,37.75822759306287,15,,09:35,17:25
42002139,944-1,강릉-동진버스,15,15,4200987,삼왕,128.79442364222726,37.75959705206606,15,,09:35,17:25
42002139,944-1,강릉-동진버스,16,16,4200988,기도원삼거리,128.7947703606971,37.75829009149865,15,,09:35,17:25
42002139,944-1,강릉-동진버스,17,17,4200990,대궁산장,128.7955529097602,37.75668446239291,15,,09:35,17:25
42002139,944-1,강릉-동진버스,18,18,4200992,석불사입구,128.79428550244546,37.75401121249684,15,,09:35,17:25
42002139,944-1,강릉-동진버스,19,19,4200994,보광본동,128.79938186856992,37.746227466734425,15,,09:35,17:25
42002139,944-1,강릉-동진버스,20,20,4201235,보광리체험학습장,128.80754877575424,37.738056785776784,15,,09:35,17:25
42002139,944-1,강릉-동진버스,21,21,4200986,보광보건진료소,128.80534439890508,37.738079523472834,15,,09:35,17:25
42002139,944-1,강릉-동진버스,22,22,4200984,보광평,128.8025237456016,37.73822613746055,15,,09:35,17:25
42002139,944-1,강릉-동진버스,23,23,4200982,감나무민박,128.7987894816223,37.73785238030648,15,,09:35,17:25
42002139,944-1,강릉-동진버스,24,24,4200541,보광리,128.7969029719891,37.73733219171309,15,,09:35,17:25
42002139,944-1,강릉-동진버스,25,25,4200980,무시골,128.79415740714765,37.73788769905595,15,,09:35,17:25
42002139,944-1,강릉-동진버스,26,26,4200978,보현사종점,128.7926653824033,37.738105478358804,15,,09:35,17:25
42002139,944-1,강릉-동진버스,27,27,4200301,보현사입구주차장,128.78312046358457,37.738359845157134,15,,09:35,17:25
42002139,944-1,강릉-동진버스,28,28,4200535,앞무쇠골,128.7907679545247,37.73580475645548,15,,09:35,17:25
42002139,944-1,강릉-동진버스,29,29,4200537,선자령고개입구,128.79231046446523,37.732508544183865,15,,09:35,17:25
42002139,944-1,강릉-동진버스,30,30,4200538,망월이마을,128.792107212951,37.72942872713486,15,,09:35,17:25
42002139,944-1,강릉-동진버스,31,31,4200968,대관령박물관,128.80478202234156,37.716950876906495,15,,09:35,17:25
42002139,944-1,강릉-동진버스,32,32,4200966,어흘리.굴면동,128.81355554198663,37.72030372991263,15,,09:35,17:25
42002139,944-1,강릉-동진버스,33,33,4200965,보광리입구,128.81696481575804,37.72096716251408,15,,09:35,17:25
42002139,944-1,강릉-동진버스,34,34,4201004,성산,128.82713990486903,37.71438975242994,15,,09:35,17:25
42002139,944-1,강릉-동진버스,35,35,4201006,성산치안센터,128.83090633919258,37.71566752965487,15,,09:35,17:25
42002139,944-1,강릉-동진버스,36,36,4201008,성산면사무소,128.83255254171343,37.71856830087688,15,,09:35,17:25
42002139,944-1,강릉-동진버스,37,37,4200252,신영극장,128.8961287589657,37.75448236011555,15,,09:35,17:25
42002139,944-1,강릉-동진버스,38,38,4200797,KTX공영주차장환승장,128.8967850727094,37.762190942376556,15,,09:35,17:25
42002118,945,강릉-동진버스,1,1,4200797,KTX공영주차장환승장,128.8967850727094,37.762190942376556,10,,"06:30
교보생명 출발","17:40
옛길입구 경유"
42002118,945,강릉-동진버스,2,2,4200253,교보생명,128.89811415297848,37.756002485379526,10,,"06:30
교보생명 출발","17:40
옛길입구 경유"
42002118,945,강릉-동진버스,3,3,4201009,성산면사무소,128.832602033901,37.718970827982346,10,,"06:30
교보생명 출발","17:40
옛길입구 경유"
42002118,945,강릉-동진버스,4,4,4201007,성산치안센터,128.8310696649731,37.7159774839219,10,,"06:30
교보생명 출발","17:40
옛길입구 경유"
42002118,945,강릉-동진버스,5,5,4201005,성산,128.8271623742617,37.714502339268236,10,,"06:30
교보생명 출발","17:40
옛길입구 경유"
42002118,945,강릉-동진버스,6,6,4201003,보광리입구,128.81690957708614,37.721147642825436,10,,"06:30
교보생명 출발","17:40
옛길입구 경유"
42002118,945,강릉-동진버스,7,7,4200972,어흘리.굴면동,128.81242525863513,37.71968494003737,10,,"06:30
교보생명 출발","17:40
옛길입구 경유"
42002118,945,강릉-동진버스,8,8,4200967,대관령박물관,128.80456089771366,37.71714451138875,10,,"06:30
교보생명 출발","17:40
옛길입구 경유"
42002118,945,강릉-동진버스,9,9,4201413,어흘리산림관광안내센터,128.79677626958596,37.720179974904156,10,,"06:30
교보생명 출발","17:40
옛길입구 경유"
42002118,945,강릉-동진버스,10,10,4200533,가마골,128.79546755385968,37.722099902068294,10,,"06:30
교보생명 출발","17:40
옛길입구 경유"
42002118,945,강릉-동진버스,11,11,4200969,가마골,128.79478117549075,37.72231567644804,10,,"06:30
교보생명 출발","17:40
옛길입구 경유"
42002118,945,강릉-동진버스,12,12,4201412,어흘리산림관광안내센터,128.79622345209006,37.720248969562334,10,,"06:30
교보생명 출발","17:40
옛길입구 경유"
42002118,945,강릉-동진버스,13,13,4200968,대관령박물관,128.80478202234156,37.716950876906495,10,,"06:30
교보생명 출발","17:40
옛길입구 경유"
42002118,945,강릉-동진버스,14,14,4200966,어흘리.굴면동,128.81355554198663,37.72030372991263,10,,"06:30
교보생명 출발","17:40
옛길입구 경유"
42002118,945,강릉-동진버스,15,15,4200965,보광리입구,128.81696481575804,37.72096716251408,10,,"06:30
교보생명 출발","17:40
옛길입구 경유"
42002118,945,강릉-동진버스,16,16,4201004,성산,128.82713990486903,37.71438975242994,10,,"06:30
교보생명 출발","17:40
옛길입구 경유"
42002118,945,강릉-동진버스,17,17,4201006,성산치안센터,128.83090633919258,37.71566752965487,10,,"06:30
교보생명 출발","17:40
옛길입구 경유"
42002118,945,강릉-동진버스,18,18,4201008,성산면사무소,128.83255254171343,37.71856830087688,10,,"06:30
교보생명 출발","17:40
옛길입구 경유"
42002118,945,강릉-동진버스,19,19,4200252,신영극장,128.8961287589657,37.75448236011555,10,,"06:30
교보생명 출발","17:40
옛길입구 경유"
42002118,945,강릉-동진버스,20,20,4200797,KTX공영주차장환승장,128.8967850727094,37.762190942376556,10,,"06:30
교보생명 출발","17:40
옛길입구 경유"
42002119,946,강릉-동진버스,1,1,4200797,KTX공영주차장환승장,128.8967850727094,37.762190942376556,17,,06:30,17:50
42002119,946,강릉-동진버스,2,2,4200253,교보생명,128.89811415297848,37.756002485379526,17,,06:30,17:50
42002119,946,강릉-동진버스,3,3,4200871,안곡약수터입구,128.8379137142218,37.73973940790299,17,,06:30,17:50
42002119,946,강릉-동진버스,4,4,4200869,안국고개입구,128.83777031179514,37.74152814933456,17,,06:30,17:50
42002119,946,강릉-동진버스,5,5,4200867,삼거리,128.83456155956415,37.745154825533675,17,,06:30,17:50
42002119,946,강릉-동진버스,6,6,4200865,안곡,128.82914470078177,37.745465477199204,17,,06:30,17:50
42002119,946,강릉-동진버스,7,7,4200866,삼거리,128.8345942629299,37.74509162495973,17,,06:30,17:50
42002119,946,강릉-동진버스,8,8,4200868,안국고개입구,128.8377139800973,37.741484552653596,17,,06:30,17:50
42002119,946,강릉-동진버스,9,9,4200020,안곡약수터입구,128.8378468662133,37.73975627758666,17,,06:30,17:50
42002119,946,강릉-동진버스,10,10,4200863,관음1리,128.81811453963772,37.738720613334934,17,,06:30,17:50
42002119,946,강릉-동진버스,11,11,4200861,관음1리노인회관,128.82663819526005,37.73031764277183,17,,06:30,17:50
42002119,946,강릉-동진버스,12,12,4200860,관음1리,128.82994944568443,37.72835720885695,17,,06:30,17:50
42002119,946,강릉-동진버스,13,13,4200858,금산1리경로당,128.83882591103156,37.7302092460205,17,,06:30,17:50
42002119,946,강릉-동진버스,14,14,4200021,남밭,128.84058789182106,37.72883964188799,17,,06:30,17:50
42002119,946,강릉-동진버스,15,15,4200862,금산남밭,128.84482898011785,37.73142005932311,17,,06:30,17:50
42002119,946,강릉-동진버스,16,16,4200252,신영극장,128.8961287589657,37.75448236011555,17,,06:30,17:50
42002119,946,강릉-동진버스,17,17,4200797,KTX공영주차장환승장,128.8967850727094,37.762190942376556,17,,06:30,17:50
42002120,947,강릉-동진버스,1,1,4200797,KTX공영주차장환승장,128.8967850727094,37.762190942376556,10,,08:00,19:00
42002120,947,강릉-동진버스,2,2,4200253,교보생명,128.89811415297848,37.756002485379526,10,,08:00,19:00
42002120,947,강릉-동진버스,3,3,4201009,성산면사무소,128.832602033901,37.718970827982346,10,,08:00,19:00
42002120,947,강릉-동진버스,4,4,4201007,성산치안센터,128.8310696649731,37.7159774839219,10,,08:00,19:00
42002120,947,강릉-동진버스,5,5,4200876,산북2리경로당,128.83404425902265,37.71143075108243,10,,08:00,19:00
42002120,947,강릉-동진버스,6,6,4200885,심불사입구,128.83994507873663,37.70295599504848,10,,08:00,19:00
42002120,947,강릉-동진버스,7,7,4200883,덕중상사입구,128.84174479743382,37.70242273367911,10,,08:00,19:00
42002120,947,강릉-동진버스,8,8,4200881,강릉기도원입구,128.8490436050476,37.69867520520206,10,,08:00,19:00
42002120,947,강릉-동진버스,9,9,4200879,제비산북교차로,128.85204215694216,37.702600950909385,10,,08:00,19:00
42002120,947,강릉-동진버스,10,10,4200877,산북,128.84586150037325,37.704935503831294,10,,08:00,19:00
42002120,947,강릉-동진버스,11,11,4200878,제비산북교차로,128.85195266618172,37.70260144877975,10,,08:00,19:00
42002120,947,강릉-동진버스,12,12,4200880,강릉기도원입구,128.84913047105903,37.69875658463013,10,,08:00,19:00
42002120,947,강릉-동진버스,13,13,4200882,덕중상사입구,128.8418138875879,37.70249050751822,10,,08:00,19:00
42002120,947,강릉-동진버스,14,14,4200884,심불사입구,128.84001194474018,37.70305298286866,10,,08:00,19:00
42002120,947,강릉-동진버스,15,15,4200886,자포골,128.83086667060377,37.70702334781653,10,,08:00,19:00
42002120,947,강릉-동진버스,16,16,4200875,산북2리경로당,128.83409128779982,37.71149810424752,10,,08:00,19:00
42002120,947,강릉-동진버스,17,17,4201006,성산치안센터,128.83090633919258,37.71566752965487,10,,08:00,19:00
42002120,947,강릉-동진버스,18,18,4201008,성산면사무소,128.83255254171343,37.71856830087688,10,,08:00,19:00
42002120,947,강릉-동진버스,19,19,4200252,신영극장,128.8961287589657,37.75448236011555,10,,08:00,19:00
42002120,947,강릉-동진버스,20,20,4200797,KTX공영주차장환승장,128.8967850727094,37.762190942376556,10,,08:00,19:00
42002140,948 (운행 폐지),강릉-동진버스,1,1,4201407,우미린아파트,128.87047584429433,37.757205866745004,3,,,
42002140,948 (운행 폐지),강릉-동진버스,2,2,4200568,한내들아파트,128.86810919243274,37.75812879141779,3,,,
42002140,948 (운행 폐지),강릉-동진버스,3,3,4200555,유천동,128.86153738164376,37.766528036862,3,,,
42002140,948 (운행 폐지),강릉-동진버스,4,4,4200567,한내들아파트,128.8681446784216,37.75790349269205,3,,,
42002140,948 (운행 폐지),강릉-동진버스,5,5,4200565,우미린아파트,128.87023572987053,37.75716460769394,3,,,
42002133,951,강릉-동진버스,1,1,4201199,남대천.강릉교,128.9010687000649,37.75417893755025,12,,"06:45
강동환승센터 출발",15:55
42002133,951,강릉-동진버스,2,2,4202167,남부노인종합복지관,128.91383118471262,37.752564379737024,12,,"06:45
강동환승센터 출발",15:55
42002133,951,강릉-동진버스,3,3,4200026,강동종합복지회관,128.95225785335822,37.72821012800672,12,,"06:45
강동환승센터 출발",15:55
42002133,951,강릉-동진버스,4,4,4201072,모전삼거리,128.96457294836412,37.72564861436484,12,,"06:45
강동환승센터 출발",15:55
42002133,951,강릉-동진버스,5,5,4201152,버당말,128.96277963489464,37.72278384606697,12,,"06:45
강동환승센터 출발",15:55
42002133,951,강릉-동진버스,6,6,4201154,모전1리,128.96141013771185,37.71981098253356,12,,"06:45
강동환승센터 출발",15:55
42002133,951,강릉-동진버스,7,7,4201156,동그린,128.96116060941432,37.71694910240202,12,,"06:45
강동환승센터 출발",15:55
42002133,951,강릉-동진버스,8,8,4201158,모전리,128.95769412799663,37.712385507146145,12,,"06:45
강동환승센터 출발",15:55
42002133,951,강릉-동진버스,9,9,4200031,모전리.돌평,128.95074649026657,37.70985195102544,12,,"06:45
강동환승센터 출발",15:55
42002133,951,강릉-동진버스,10,10,4201163,언별2리,128.93981173016869,37.70173122003391,12,,"06:45
강동환승센터 출발",15:55
42002133,951,강릉-동진버스,11,11,4200036,언별리,128.932462653647,37.69147304189006,12,,"06:45
강동환승센터 출발",15:55
42002133,951,강릉-동진버스,12,12,4201165,송담서원,128.92985457221653,37.6927197945936,12,,"06:45
강동환승센터 출발",15:55
42002133,951,강릉-동진버스,13,13,4200512,덕현리,128.92611817321585,37.705859421056175,12,,"06:45
강동환승센터 출발",15:55
42002133,951,강릉-동진버스,14,14,4201169,덕현리마을회관,128.92976451553793,37.71025688950383,12,,"06:45
강동환승센터 출발",15:55
42002133,951,강릉-동진버스,15,15,4201171,덕현리입구,128.93375842948848,37.71390020089169,12,,"06:45
강동환승센터 출발",15:55
42002133,951,강릉-동진버스,16,16,4201173,상시동,128.94246528458484,37.71818427280178,12,,"06:45
강동환승센터 출발",15:55
42002133,951,강릉-동진버스,17,17,4201175,상시동2리마을구판장,128.9490236053727,37.7224263738442,12,,"06:45
강동환승센터 출발",15:55
42002133,951,강릉-동진버스,18,18,4200525,강동하나로마트,128.95401701690832,37.726761856774424,12,,"06:45
강동환승센터 출발",15:55
42002133,951,강릉-동진버스,19,19,4200016,강동종합복지회관,128.9534097899608,37.72765187744945,12,,"06:45
강동환승센터 출발",15:55
42002133,951,강릉-동진버스,20,20,4202167,남부노인종합복지관,128.91383118471262,37.752564379737024,12,,"06:45
강동환승센터 출발",15:55
42002133,951,강릉-동진버스,21,21,4201198,남대천.강릉교,128.9010015999516,37.75454267936518,12,,"06:45
강동환승센터 출발",15:55
42002121,952,강릉-동진버스,1,1,4201199,남대천.강릉교,128.9010687000649,37.75417893755025,11,,07:50,19:00
42002121,952,강릉-동진버스,2,2,4202167,남부노인종합복지관,128.91383118471262,37.752564379737024,11,,07:50,19:00
42002121,952,강릉-동진버스,3,3,4200026,강동종합복지회관,128.95225785335822,37.72821012800672,11,,07:50,19:00
42002121,952,강릉-동진버스,4,4,4201178,강동하나로마트,128.95391314710383,37.72680705851969,11,,07:50,19:00
42002121,952,강릉-동진버스,5,5,4201176,상시동2리마을구판장,128.94913379195222,37.72251033214177,11,,07:50,19:00
42002121,952,강릉-동진버스,6,6,4201174,상시동,128.94244611636475,37.71825557931822,11,,07:50,19:00
42002121,952,강릉-동진버스,7,7,4201172,덕현리입구,128.9336781922055,37.71393030895838,11,,07:50,19:00
42002121,952,강릉-동진버스,8,8,4201170,덕현리마을회관,128.92969308316043,37.71031249336467,11,,07:50,19:00
42002121,952,강릉-동진버스,9,9,4200513,덕현리,128.92602088648235,37.70591024035886,11,,07:50,19:00
42002121,952,강릉-동진버스,10,10,4200036,언별리,128.932462653647,37.69147304189006,11,,07:50,19:00
42002121,952,강릉-동진버스,11,11,4201165,송담서원,128.92985457221653,37.6927197945936,11,,07:50,19:00
42002121,952,강릉-동진버스,12,12,4201164,언별2리,128.93990494422928,37.70171510089973,11,,07:50,19:00
42002121,952,강릉-동진버스,13,13,4201162,모전리.돌평,128.95076445202812,37.70977883566453,11,,07:50,19:00
42002121,952,강릉-동진버스,14,14,4201159,모전리,128.95776740747448,37.71232268018703,11,,07:50,19:00
42002121,952,강릉-동진버스,15,15,4201157,동그린,128.96124692830767,37.71693200282111,11,,07:50,19:00
42002121,952,강릉-동진버스,16,16,4201155,모전1리,128.96150382823714,37.719819173700856,11,,07:50,19:00
42002121,952,강릉-동진버스,17,17,4201153,버당말,128.96287505180277,37.72274811896261,11,,07:50,19:00
42002121,952,강릉-동진버스,18,18,4201073,모전삼거리,128.96506056244797,37.72569325398637,11,,07:50,19:00
42002121,952,강릉-동진버스,19,19,4200016,강동종합복지회관,128.9534097899608,37.72765187744945,11,,07:50,19:00
42002121,952,강릉-동진버스,20,20,4202167,남부노인종합복지관,128.91383118471262,37.752564379737024,11,,07:50,19:00
42002121,952,강릉-동진버스,21,21,4201198,남대천.강릉교,128.9010015999516,37.75454267936518,11,,07:50,19:00
42002123,953,강릉-동진버스,1,1,4201199,남대천.강릉교,128.9010687000649,37.75417893755025,19,,06:25,19:05
42002123,953,강릉-동진버스,2,2,4202167,남부노인종합복지관,128.91383118471262,37.752564379737024,19,,06:25,19:05
42002123,953,강릉-동진버스,3,3,4200026,강동종합복지회관,128.95225785335822,37.72821012800672,19,,06:25,19:05
42002123,953,강릉-동진버스,4,4,4201177,강동면사무소,128.9546118972993,37.72728097155823,19,,06:25,19:05
42002123,953,강릉-동진버스,5,5,4201072,모전삼거리,128.96457294836412,37.72564861436484,19,,06:25,19:05
42002123,953,강릉-동진버스,6,6,4201151,장터마을,128.9723977075807,37.72307968130474,19,,06:25,19:05
42002123,953,강릉-동진버스,7,7,4201149,안인화력발전소,128.97827482863894,37.727294808983075,19,,06:25,19:05
42002123,953,강릉-동진버스,8,8,4200599,안인삼거리,128.98037760076,37.72789657042197,19,,06:25,19:05
42002123,953,강릉-동진버스,9,9,4200595,산두골,128.98401664518687,37.71851617972176,19,,06:25,19:05
42002123,953,강릉-동진버스,10,10,4200593,동광주유소,128.988869023967,37.71446203608272,19,,06:25,19:05
42002123,953,강릉-동진버스,11,11,4200591,현대모비스,128.98854560129584,37.70748766417137,19,,06:25,19:05
42002123,953,강릉-동진버스,12,12,4200589,자원순환센터,128.98825794255524,37.6958847446048,19,,06:25,19:05
42002123,953,강릉-동진버스,13,13,4200585,임곡1리,128.97590980007564,37.693767123079255,19,,06:25,19:05
42002123,953,강릉-동진버스,14,14,4200583,임곡1리마을회관,128.97465402746607,37.69113733741365,19,,06:25,19:05
42002123,953,강릉-동진버스,15,15,4200581,보건진료소,128.97326166656484,37.6877802990832,19,,06:25,19:05
42002123,953,강릉-동진버스,16,16,4200579,임곡초등학교,128.97019094901066,37.676575911433936,19,,06:25,19:05
42002123,953,강릉-동진버스,17,17,4200577,갈버든,128.96722169547306,37.666241797535086,19,,06:25,19:05
42002123,953,강릉-동진버스,18,18,4200575,임곡2리마을회관,128.96541432118602,37.66322091980088,19,,06:25,19:05
42002123,953,강릉-동진버스,19,19,4200573,임곡,128.95981869884417,37.65381523982265,19,,06:25,19:05
42002123,953,강릉-동진버스,20,20,4200574,임곡2리마을회관,128.96548889686682,37.66318854424863,19,,06:25,19:05
42002123,953,강릉-동진버스,21,21,4200576,갈버든,128.9673126799485,37.66623695179046,19,,06:25,19:05
42002123,953,강릉-동진버스,22,22,4200578,임곡초등학교,128.970266319495,37.67657078197406,19,,06:25,19:05
42002123,953,강릉-동진버스,23,23,4200580,보건진료소,128.97335780368653,37.6877997329295,19,,06:25,19:05
42002123,953,강릉-동진버스,24,24,4200582,임곡1리마을회관,128.9747545332243,37.69109651601256,19,,06:25,19:05
42002123,953,강릉-동진버스,25,25,4200584,임곡1리,128.97599759967915,37.693758829867754,19,,06:25,19:05
42002123,953,강릉-동진버스,26,26,4200588,자원순환센터,128.9884350583326,37.69589916205473,19,,06:25,19:05
42002123,953,강릉-동진버스,27,27,4200590,현대모비스,128.98862075193523,37.70745325617163,19,,06:25,19:05
42002123,953,강릉-동진버스,28,28,4200592,동광주유소,128.98895762865502,37.71450646675624,19,,06:25,19:05
42002123,953,강릉-동진버스,29,29,4200594,산두골,128.9840168065266,37.71859873395223,19,,06:25,19:05
42002123,953,강릉-동진버스,30,30,4200598,안인삼거리,128.98042188065915,37.72782929827981,19,,06:25,19:05
42002123,953,강릉-동진버스,31,31,4201148,안인화력발전소,128.97827596831831,37.72739115413768,19,,06:25,19:05
42002123,953,강릉-동진버스,32,32,4201150,장터마을,128.97235424591028,37.72315567930139,19,,06:25,19:05
42002123,953,강릉-동진버스,33,33,4201073,모전삼거리,128.96506056244797,37.72569325398637,19,,06:25,19:05
42002123,953,강릉-동진버스,34,34,4200016,강동종합복지회관,128.9534097899608,37.72765187744945,19,,06:25,19:05
42002123,953,강릉-동진버스,35,35,4202167,남부노인종합복지관,128.91383118471262,37.752564379737024,19,,06:25,19:05
42002123,953,강릉-동진버스,36,36,4201198,남대천.강릉교,128.9010015999516,37.75454267936518,19,,06:25,19:05
42002124,954,강릉-동진버스,1,1,4201199,남대천.강릉교,128.9010687000649,37.75417893755025,7,,07:00,17:50
42002124,954,강릉-동진버스,2,2,4202167,남부노인종합복지관,128.91383118471262,37.752564379737024,7,,07:00,17:50
42002124,954,강릉-동진버스,3,3,4201071,철길건널목앞,128.94850270661007,37.73757538406423,7,,07:00,17:50
42002124,954,강릉-동진버스,4,4,4201065,하시동3리마을회관,128.95566357584553,37.73740461978908,7,,07:00,17:50
42002124,954,강릉-동진버스,5,5,4201064,호장골,128.96090744086658,37.738133233851606,7,,07:00,17:50
42002124,954,강릉-동진버스,6,6,4201063,하시동3리3반,128.96021404883618,37.74070043268972,7,,07:00,17:50
42002124,954,강릉-동진버스,7,7,4201062,공군부대후문,128.95917736919824,37.74910624884217,7,,07:00,17:50
42002124,954,강릉-동진버스,8,8,4201069,하시동3리3반,128.96017032919647,37.7406590489229,7,,07:00,17:50
42002124,954,강릉-동진버스,9,9,4201068,호장골,128.96083159328956,37.73815121425806,7,,07:00,17:50
42002124,954,강릉-동진버스,10,10,4200028,하시동3리마을회관,128.95568079152127,37.73745764026289,7,,07:00,17:50
42002124,954,강릉-동진버스,11,11,4201070,철길건널목앞,128.9484470278131,37.73765389539244,7,,07:00,17:50
42002124,954,강릉-동진버스,12,12,4202167,남부노인종합복지관,128.91383118471262,37.752564379737024,7,,07:00,17:50
42002124,954,강릉-동진버스,13,13,4201198,남대천.강릉교,128.9010015999516,37.75454267936518,7,,07:00,17:50
42002126,956 (운행 폐지),강릉-동진버스,1,1,4200005,강동무료주차장,129.03151265934136,37.688945395109045,3,,,
42002126,956 (운행 폐지),강릉-동진버스,2,2,4201074,분수동,129.02438633004448,37.68420512704344,3,,,
42002126,956 (운행 폐지),강릉-동진버스,3,3,4201079,오리동,129.01320324945965,37.682803393955474,3,,,
42002128,957,강릉-동진버스,1,1,4200005,강동무료주차장,129.03151265934136,37.688945395109045,10,,07:40,18:05
42002128,957,강릉-동진버스,2,2,4201074,분수동,129.02438633004448,37.68420512704344,10,,07:40,18:05
42002128,957,강릉-동진버스,3,3,4201082,산성우2리마을회관,129.02269902654416,37.678299838704675,10,,07:40,18:05
42002128,957,강릉-동진버스,4,4,4201084,산성우2리,129.01725588482054,37.67160656267303,10,,07:40,18:05
42002128,957,강릉-동진버스,5,5,4201091,피내,129.0067163489339,37.64587762691358,10,,07:40,18:05
42002128,957,강릉-동진버스,6,6,4201092,밤재휴게소,129.01588441130582,37.643605803090345,10,,07:40,18:05
42002128,957,강릉-동진버스,7,7,4201094,낙풍리입구,129.03474260887603,37.62332181243499,10,,07:40,18:05
42002128,957,강릉-동진버스,8,8,4200034,현내리,129.03644185085787,37.61785851158642,10,,07:40,18:05
42002128,957,강릉-동진버스,9,9,4202052,옥계면사무소,129.03863134955023,37.61234830848836,10,,07:40,18:05
42002128,957,강릉-동진버스,10,10,4202032,옥계현내시장,129.03512810350702,37.608949806593664,10,,07:40,18:05
42002128,957,강릉-동진버스,11,11,4202042,옥계면사무소,129.03870359107486,37.61225376052538,10,,07:40,18:05
42002128,957,강릉-동진버스,12,12,4201105,농협주유소,129.03818611643504,37.61343914150935,10,,07:40,18:05
42002128,957,강릉-동진버스,13,13,4200046,현내리,129.03655884799974,37.617883796095704,10,,07:40,18:05
42002128,957,강릉-동진버스,14,14,4201095,낙풍리입구,129.03490564391961,37.623384805058976,10,,07:40,18:05
42002128,957,강릉-동진버스,15,15,4201093,밤재휴게소,129.01598617822128,37.64361623880892,10,,07:40,18:05
42002128,957,강릉-동진버스,16,16,4201090,피내,129.00674352158242,37.645808828332775,10,,07:40,18:05
42002128,957,강릉-동진버스,17,17,4201085,산성우2리,129.01735333412336,37.671618793132126,10,,07:40,18:05
42002128,957,강릉-동진버스,18,18,4201083,산성우2리마을회관,129.02279471216545,37.67820045840464,10,,07:40,18:05
42002128,957,강릉-동진버스,19,19,4201075,분수동,129.02442625222523,37.68416226671518,10,,07:40,18:05
42002128,957,강릉-동진버스,20,20,4200019,강동무료주차장,129.03136520192535,37.68890256497467,10,,07:40,18:05
42002129,957-1,강릉-동진버스,1,1,4200005,강동무료주차장,129.03151265934136,37.688945395109045,5,,-,07:05
42002129,957-1,강릉-동진버스,2,2,4201074,분수동,129.02438633004448,37.68420512704344,5,,-,07:05
42002129,957-1,강릉-동진버스,3,3,4201082,산성우2리마을회관,129.02269902654416,37.678299838704675,5,,-,07:05
42002129,957-1,강릉-동진버스,4,4,4201084,산성우2리,129.01725588482054,37.67160656267303,5,,-,07:05
42002129,957-1,강릉-동진버스,5,5,4201091,피내,129.0067163489339,37.64587762691358,5,,-,07:05
42002129,957-1,강릉-동진버스,6,6,4201085,산성우2리,129.01735333412336,37.671618793132126,5,,-,07:05
42002129,957-1,강릉-동진버스,7,7,4201083,산성우2리마을회관,129.02279471216545,37.67820045840464,5,,-,07:05
42002129,957-1,강릉-동진버스,8,8,4201079,오리동,129.01320324945965,37.682803393955474,5,,-,07:05
42002129,957-1,강릉-동진버스,9,9,4201075,분수동,129.02442625222523,37.68416226671518,5,,-,07:05
42002129,957-1,강릉-동진버스,10,10,4200019,강동무료주차장,129.03136520192535,37.68890256497467,5,,-,07:05
42002099,961 (운행 폐지),강릉-동진버스,1,1,4202032,옥계현내시장,129.03512810350702,37.608949806593664,17,,,
42002099,961 (운행 폐지),강릉-동진버스,2,2,4202012,현내1리연탄직매장,129.03280124237224,37.6062049238953,17,,,
42002099,961 (운행 폐지),강릉-동진버스,3,3,4201098,옥계119안전센터,129.0299579795461,37.602418475944106,17,,,
42002099,961 (운행 폐지),강릉-동진버스,4,4,4200737,한라아파트,129.03082754941428,37.598166681025575,17,,,
42002099,961 (운행 폐지),강릉-동진버스,5,5,4200545,동산교,129.03188210282585,37.596478436012994,17,,,
42002099,961 (운행 폐지),강릉-동진버스,6,6,4201283,남양3리입구,129.03313884463265,37.593033115433954,17,,,
42002099,961 (운행 폐지),강릉-동진버스,7,7,4200738,남양3리마을회관,129.03540040998968,37.59157285051617,17,,,
42002099,961 (운행 폐지),강릉-동진버스,8,8,4201284,올밑,129.03979791391387,37.58885317796911,17,,,
42002099,961 (운행 폐지),강릉-동진버스,9,9,4201285,옥골,129.0451011119314,37.58480257343729,17,,,
42002099,961 (운행 폐지),강릉-동진버스,10,10,4201286,너구리골,129.0453774808948,37.58278119535933,17,,,
42002099,961 (운행 폐지),강릉-동진버스,11,11,4201287,남양리옛경로당,129.03508624074675,37.582691373708194,17,,,
42002099,961 (운행 폐지),강릉-동진버스,12,12,4201288,남양1리경로당,129.03154436503664,37.58248287177823,17,,,
42002099,961 (운행 폐지),강릉-동진버스,13,13,4200597,남양보건진료소,129.02994555182676,37.58125941742724,17,,,
42002099,961 (운행 폐지),강릉-동진버스,14,14,4201290,버들골,129.02605567209912,37.579297897903295,17,,,
42002099,961 (운행 폐지),강릉-동진버스,15,15,4201292,흑시골,129.023679012477,37.57773843891508,17,,,
42002099,961 (운행 폐지),강릉-동진버스,16,16,4201294,남양2리교,129.01479874463647,37.571994595503725,17,,,
42002099,961 (운행 폐지),강릉-동진버스,17,17,4201296,남양2리경로당,129.012950139964,37.56658372788056,17,,,
42002099,961 (운행 폐지),강릉-동진버스,18,18,4201295,남양2리교,129.01486079643942,37.57192160373686,17,,,
42002099,961 (운행 폐지),강릉-동진버스,19,19,4201293,흑시골,129.02374105990518,37.577665442657434,17,,,
42002099,961 (운행 폐지),강릉-동진버스,20,20,4201291,버들골,129.02611729989363,37.57922947953465,17,,,
42002099,961 (운행 폐지),강릉-동진버스,21,21,4200596,남양보건진료소,129.030003520806,37.581216311095346,17,,,
42002099,961 (운행 폐지),강릉-동진버스,22,22,4201289,남양1리경로당,129.03162816015924,37.582429974327795,17,,,
42002099,961 (운행 폐지),강릉-동진버스,23,23,4201096,한라아파트,129.0309268732134,37.598168202920746,17,,,
42002099,961 (운행 폐지),강릉-동진버스,24,24,4201097,옥계119안전센터,129.03045031861078,37.60261800571139,17,,,
42002099,961 (운행 폐지),강릉-동진버스,25,25,4202002,현내1리연탄직매장,129.03293193002432,37.60609468782852,17,,,
42002099,961 (운행 폐지),강릉-동진버스,26,26,4202022,옥계현내시장,129.03523947374634,37.60889735545031,17,,,
42091017,961-1,강릉-동해상사,1,1,4202032,옥계현내시장,129.03512810350702,37.608949806593664,15,,18:00,18:00
42091017,961-1,강릉-동해상사,2,2,4202012,현내1리연탄직매장,129.03280124237224,37.6062049238953,15,,18:00,18:00
42091017,961-1,강릉-동해상사,3,3,4201098,옥계119안전센터,129.0299579795461,37.602418475944106,15,,18:00,18:00
42091017,961-1,강릉-동해상사,4,4,4200737,한라아파트,129.03082754941428,37.598166681025575,15,,18:00,18:00
42091017,961-1,강릉-동해상사,5,5,4200545,동산교,129.03188210282585,37.596478436012994,15,,18:00,18:00
42091017,961-1,강릉-동해상사,6,6,4201283,남양3리입구,129.03313884463265,37.593033115433954,15,,18:00,18:00
42091017,961-1,강릉-동해상사,7,7,4200738,남양3리마을회관,129.03540040998968,37.59157285051617,15,,18:00,18:00
42091017,961-1,강릉-동해상사,8,8,4201284,올밑,129.03979791391387,37.58885317796911,15,,18:00,18:00
42091017,961-1,강릉-동해상사,9,9,4201285,옥골,129.0451011119314,37.58480257343729,15,,18:00,18:00
42091017,961-1,강릉-동해상사,10,10,4201286,너구리골,129.0453774808948,37.58278119535933,15,,18:00,18:00
42091017,961-1,강릉-동해상사,11,11,4201288,남양1리경로당,129.03154436503664,37.58248287177823,15,,18:00,18:00
42091017,961-1,강릉-동해상사,12,12,4201290,버들골,129.02605567209912,37.579297897903295,15,,18:00,18:00
42091017,961-1,강릉-동해상사,13,13,4201292,흑시골,129.023679012477,37.57773843891508,15,,18:00,18:00
42091017,961-1,강릉-동해상사,14,14,4201294,남양2리교,129.01479874463647,37.571994595503725,15,,18:00,18:00
42091017,961-1,강릉-동해상사,15,15,4201296,남양2리경로당,129.012950139964,37.56658372788056,15,,18:00,18:00
42091017,961-1,강릉-동해상사,16,16,4201295,남양2리교,129.01486079643942,37.57192160373686,15,,18:00,18:00
42091017,961-1,강릉-동해상사,17,17,4201293,흑시골,129.02374105990518,37.577665442657434,15,,18:00,18:00
42091017,961-1,강릉-동해상사,18,18,4201291,버들골,129.02611729989363,37.57922947953465,15,,18:00,18:00
42091017,961-1,강릉-동해상사,19,19,4201289,남양1리경로당,129.03162816015924,37.582429974327795,15,,18:00,18:00
42091017,961-1,강릉-동해상사,20,20,4201096,한라아파트,129.0309268732134,37.598168202920746,15,,18:00,18:00
42091017,961-1,강릉-동해상사,21,21,4201097,옥계119안전센터,129.03045031861078,37.60261800571139,15,,18:00,18:00
42091017,961-1,강릉-동해상사,22,22,4202002,현내1리연탄직매장,129.03293193002432,37.60609468782852,15,,18:00,18:00
42091017,961-1,강릉-동해상사,23,23,4202022,옥계현내시장,129.03523947374634,37.60889735545031,15,,18:00,18:00
42091017,961-1,강릉-동해상사,24,24,4202042,옥계면사무소,129.03870359107486,37.61225376052538,15,,18:00,18:00
42091017,961-1,강릉-동해상사,25,25,4201105,농협주유소,129.03818611643504,37.61343914150935,15,,18:00,18:00
42091017,961-1,강릉-동해상사,26,26,4202062,주수1리,129.04484649940426,37.61466278284313,15,,18:00,18:00
42091017,961-1,강릉-동해상사,27,27,4202082,옥계역,129.0492092887644,37.61767316323472,15,,18:00,18:00
42091017,961-1,강릉-동해상사,28,28,4202102,주수2리,129.05347399898523,37.618026714837086,15,,18:00,18:00
42091017,961-1,강릉-동해상사,29,29,4202122,한라시멘트,129.0576841685535,37.617825813670024,15,,18:00,18:00
42091017,961-1,강릉-동해상사,30,30,4202142,도직리,129.067789814241,37.60871993490825,15,,18:00,18:00
42091017,961-1,강릉-동해상사,31,31,4210170,석두골,129.08078093552112,37.597273368358216,15,,18:00,18:00
42091017,961-1,강릉-동해상사,32,32,4210160,기곡,129.0833234411589,37.595318469898956,15,,18:00,18:00
42091017,961-1,강릉-동해상사,33,33,4210180,망상해변,129.08971977526932,37.59139227185862,15,,18:00,18:00
42091017,961-1,강릉-동해상사,34,34,4213300,망상삼거리,129.09534669780606,37.588146850872015,15,,18:00,18:00
42091017,961-1,강릉-동해상사,35,35,4210330,망상역,129.09846825644607,37.58600711060801,15,,18:00,18:00
42091017,961-1,강릉-동해상사,36,36,4213440,노봉차고지(미정차),129.10097677894274,37.58452872966948,15,,18:00,18:00
42002100,962 (운행 폐지),강릉-동진버스,1,1,4202032,옥계현내시장,129.03512810350702,37.608949806593664,14,,,
42002100,962 (운행 폐지),강릉-동진버스,2,2,4202012,현내1리연탄직매장,129.03280124237224,37.6062049238953,14,,,
42002100,962 (운행 폐지),강릉-동진버스,3,3,4201098,옥계119안전센터,129.0299579795461,37.602418475944106,14,,,
42002100,962 (운행 폐지),강릉-동진버스,4,4,4201308,현내교,129.02929130812174,37.60128987598838,14,,,
42002100,962 (운행 폐지),강릉-동진버스,5,5,4201310,설암마을,128.99822461811513,37.59527911024018,14,,,
42002100,962 (운행 폐지),강릉-동진버스,6,6,4201312,음촌,128.9943519708324,37.590218452220576,14,,,
42002100,962 (운행 폐지),강릉-동진버스,7,7,4201314,하반암,128.98089810223846,37.584168867911764,14,,,
42002100,962 (운행 폐지),강릉-동진버스,8,8,4201316,상반암,128.97543453934762,37.581480242671276,14,,,
42002100,962 (운행 폐지),강릉-동진버스,9,9,4201318,상반암2교,128.97515057257976,37.579938893006116,14,,,
42002100,962 (운행 폐지),강릉-동진버스,10,10,4201320,산계2리,128.97246971139714,37.57976114585706,14,,,
42002100,962 (운행 폐지),강릉-동진버스,11,11,4201322,비상거리,128.96170555823903,37.574443710141345,14,,,
42002100,962 (운행 폐지),강릉-동진버스,12,12,4201324,황기골,128.95704823893803,37.573480554142556,14,,,
42002100,962 (운행 폐지),강릉-동진버스,13,13,4201326,가사골,128.95366508671376,37.57302501168563,14,,,
42002100,962 (운행 폐지),강릉-동진버스,14,14,4201328,산계리종점,128.9460355736469,37.57495852194761,14,,,
42002100,962 (운행 폐지),강릉-동진버스,15,15,4201327,가사골,128.95364127595002,37.572947377645065,14,,,
42002100,962 (운행 폐지),강릉-동진버스,16,16,4201325,황기골,128.9570289624241,37.57336816682693,14,,,
42002100,962 (운행 폐지),강릉-동진버스,17,17,4201323,비상거리,128.96147017456914,37.57419041505788,14,,,
42002100,962 (운행 폐지),강릉-동진버스,18,18,4201321,산계2리,128.97229539203417,37.57962245004452,14,,,
42002100,962 (운행 폐지),강릉-동진버스,19,19,4201319,상반암2교,128.97526025138177,37.580104674041834,14,,,
42002100,962 (운행 폐지),강릉-동진버스,20,20,4201317,상반암,128.97555145054721,37.581507187334616,14,,,
42002100,962 (운행 폐지),강릉-동진버스,21,21,4201315,하반암,128.98110553425494,37.584185619903295,14,,,
42002100,962 (운행 폐지),강릉-동진버스,22,22,4201313,음촌,128.99426321534403,37.590067749479466,14,,,
42002100,962 (운행 폐지),강릉-동진버스,23,23,4201311,설암마을,128.9983494117808,37.59541501641899,14,,,
42002100,962 (운행 폐지),강릉-동진버스,24,24,4201309,현내교,129.02932870216884,37.60121947406311,14,,,
42002100,962 (운행 폐지),강릉-동진버스,25,25,4201097,옥계119안전센터,129.03045031861078,37.60261800571139,14,,,
42002100,962 (운행 폐지),강릉-동진버스,26,26,4202002,현내1리연탄직매장,129.03293193002432,37.60609468782852,14,,,
42002100,962 (운행 폐지),강릉-동진버스,27,27,4202022,옥계현내시장,129.03523947374634,37.60889735545031,14,,,
42091018,962-1,강릉-동해상사,1,1,4201328,산계리종점,128.9460355736469,37.57495852194761,27,,15:25,15:25
42091018,962-1,강릉-동해상사,2,2,4201327,가사골,128.95364127595002,37.572947377645065,27,,15:25,15:25
42091018,962-1,강릉-동해상사,3,3,4201325,황기골,128.9570289624241,37.57336816682693,27,,15:25,15:25
42091018,962-1,강릉-동해상사,4,4,4201323,비상거리,128.96147017456914,37.57419041505788,27,,15:25,15:25
42091018,962-1,강릉-동해상사,5,5,4201321,산계2리,128.97229539203417,37.57962245004452,27,,15:25,15:25
42091018,962-1,강릉-동해상사,6,6,4201319,상반암2교,128.97526025138177,37.580104674041834,27,,15:25,15:25
42091018,962-1,강릉-동해상사,7,7,4201317,상반암,128.97555145054721,37.581507187334616,27,,15:25,15:25
42091018,962-1,강릉-동해상사,8,8,4201315,하반암,128.98110553425494,37.584185619903295,27,,15:25,15:25
42091018,962-1,강릉-동해상사,9,9,4201313,음촌,128.99426321534403,37.590067749479466,27,,15:25,15:25
42091018,962-1,강릉-동해상사,10,10,4201311,설암마을,128.9983494117808,37.59541501641899,27,,15:25,15:25
42091018,962-1,강릉-동해상사,11,11,4201309,현내교,129.02932870216884,37.60121947406311,27,,15:25,15:25
42091018,962-1,강릉-동해상사,12,12,4201097,옥계119안전센터,129.03045031861078,37.60261800571139,27,,15:25,15:25
42091018,962-1,강릉-동해상사,13,13,4202002,현내1리연탄직매장,129.03293193002432,37.60609468782852,27,,15:25,15:25
42091018,962-1,강릉-동해상사,14,14,4202022,옥계현내시장,129.03523947374634,37.60889735545031,27,,15:25,15:25
42091018,962-1,강릉-동해상사,15,15,4202042,옥계면사무소,129.03870359107486,37.61225376052538,27,,15:25,15:25
42091018,962-1,강릉-동해상사,16,16,4201105,농협주유소,129.03818611643504,37.61343914150935,27,,15:25,15:25
42091018,962-1,강릉-동해상사,17,17,4202062,주수1리,129.04484649940426,37.61466278284313,27,,15:25,15:25
42091018,962-1,강릉-동해상사,18,18,4202082,옥계역,129.0492092887644,37.61767316323472,27,,15:25,15:25
42091018,962-1,강릉-동해상사,19,19,4202102,주수2리,129.05347399898523,37.618026714837086,27,,15:25,15:25
42091018,962-1,강릉-동해상사,20,20,4202122,한라시멘트,129.0576841685535,37.617825813670024,27,,15:25,15:25
42091018,962-1,강릉-동해상사,21,21,4202142,도직리,129.067789814241,37.60871993490825,27,,15:25,15:25
42091018,962-1,강릉-동해상사,22,22,4210170,석두골,129.08078093552112,37.597273368358216,27,,15:25,15:25
42091018,962-1,강릉-동해상사,23,23,4210160,기곡,129.0833234411589,37.595318469898956,27,,15:25,15:25
42091018,962-1,강릉-동해상사,24,24,4210180,망상해변,129.08971977526932,37.59139227185862,27,,15:25,15:25
42091018,962-1,강릉-동해상사,25,25,4213300,망상삼거리,129.09534669780606,37.588146850872015,27,,15:25,15:25
42091018,962-1,강릉-동해상사,26,26,4210330,망상역,129.09846825644607,37.58600711060801,27,,15:25,15:25
42091018,962-1,강릉-동해상사,27,27,4213440,노봉차고지(미정차),129.10097677894274,37.58452872966948,27,,15:25,15:25
42091018,962-1,강릉-동해상사,28,28,4210130,망상역앞,129.09868430035655,37.58610867052869,27,,15:25,15:25
42091018,962-1,강릉-동해상사,29,29,4210230,망상삼거리,129.09549548793143,37.588326406116565,27,,15:25,15:25
42091018,962-1,강릉-동해상사,30,30,4210140,망상해변,129.08850825236317,37.59236993918615,27,,15:25,15:25
42091018,962-1,강릉-동해상사,31,31,4210150,기곡,129.08355036183133,37.59546517963857,27,,15:25,15:25
42091018,962-1,강릉-동해상사,32,32,4212390,석두골,129.08109783248912,37.597343437949114,27,,15:25,15:25
42091018,962-1,강릉-동해상사,33,33,4202152,도직리,129.06871069327684,37.60826859797961,27,,15:25,15:25
42091018,962-1,강릉-동해상사,34,34,4202132,한라시멘트,129.05801411879924,37.61804339970914,27,,15:25,15:25
42091018,962-1,강릉-동해상사,35,35,4202112,주수2리,129.0534798781985,37.618295982570245,27,,15:25,15:25
42091018,962-1,강릉-동해상사,36,36,4202092,옥계역,129.04915585739857,37.61793983643156,27,,15:25,15:25
42091018,962-1,강릉-동해상사,37,37,4202072,주수1리,129.0445825275631,37.61484876921252,27,,15:25,15:25
42091018,962-1,강릉-동해상사,38,38,4202052,옥계면사무소,129.03863134955023,37.61234830848836,27,,15:25,15:25
42091018,962-1,강릉-동해상사,39,39,4202032,옥계현내시장,129.03512810350702,37.608949806593664,27,,15:25,15:25
42092101,963,강릉-동해상사,1,1,4202022,옥계현내시장,129.03523947374634,37.60889735545031,19,,07:40,16:20
42092101,963,강릉-동해상사,2,2,4202042,옥계면사무소,129.03870359107486,37.61225376052538,19,,07:40,16:20
42092101,963,강릉-동해상사,3,3,4201105,농협주유소,129.03818611643504,37.61343914150935,19,,07:40,16:20
42092101,963,강릉-동해상사,4,4,4200046,현내리,129.03655884799974,37.617883796095704,19,,07:40,16:20
42092101,963,강릉-동해상사,5,5,4201350,낙풍1리경로당,129.034020875236,37.62025949844816,19,,07:40,16:20
42092101,963,강릉-동해상사,6,6,4201352,다리목,129.03192147742433,37.6205042855377,19,,07:40,16:20
42092101,963,강릉-동해상사,7,7,4201354,양지말상,129.02550426571582,37.620299361941775,19,,07:40,16:20
42092101,963,강릉-동해상사,8,8,4201356,양지마을,129.02194175334466,37.619812201556556,19,,07:40,16:20
42092101,963,강릉-동해상사,9,9,4201358,몽탕골,129.01871214696766,37.61920866828569,19,,07:40,16:20
42092101,963,강릉-동해상사,10,10,4201360,샘골,129.00918544930587,37.619230471502696,19,,07:40,16:20
42092101,963,강릉-동해상사,11,11,4201362,옹기마을,129.0036684835799,37.617059917346076,19,,07:40,16:20
42092101,963,강릉-동해상사,12,12,4201365,북동리회관,128.9920439010217,37.61732896340916,19,,07:40,16:20
42092101,963,강릉-동해상사,13,13,4201366,옥계저수지,128.9806745254139,37.62197726022537,19,,07:40,16:20
42092101,963,강릉-동해상사,14,14,4201369,삼밭골,128.97299344360636,37.62595039665499,19,,07:40,16:20
42092101,963,강릉-동해상사,15,15,4201371,기스목이골,128.9690415480403,37.6284779460996,19,,07:40,16:20
42092101,963,강릉-동해상사,16,16,4201370,삼밭골,128.97299626468876,37.625881433054694,19,,07:40,16:20
42092101,963,강릉-동해상사,17,17,4201367,옥계저수지,128.98049757084706,37.62195561397405,19,,07:40,16:20
42092101,963,강릉-동해상사,18,18,4201372,아래흐내,128.9775173341677,37.61462843088557,19,,07:40,16:20
42092101,963,강릉-동해상사,19,19,4201374,북동리종점,128.97206281726505,37.61168685078856,19,,07:40,16:20
42092101,963,강릉-동해상사,20,20,4201373,아래흐내,128.97754794808964,37.614630687418135,19,,07:40,16:20
42092101,963,강릉-동해상사,21,21,4201368,옥계저수지,128.9806153158948,37.62190318324612,19,,07:40,16:20
42092101,963,강릉-동해상사,22,22,4201364,북동리회관,128.99203781944024,37.61727491738219,19,,07:40,16:20
42092101,963,강릉-동해상사,23,23,4201363,옹기마을,129.00369924320785,37.616995401978194,19,,07:40,16:20
42092101,963,강릉-동해상사,24,24,4201361,샘골,129.0091899817426,37.61916886212585,19,,07:40,16:20
42092101,963,강릉-동해상사,25,25,4201359,몽탕골,129.01872766257262,37.61915302416518,19,,07:40,16:20
42092101,963,강릉-동해상사,26,26,4201357,양지마을,129.0219835892014,37.61975733717636,19,,07:40,16:20
42092101,963,강릉-동해상사,27,27,4201355,양지말상,129.02549637985018,37.62023673439294,19,,07:40,16:20
42092101,963,강릉-동해상사,28,28,4201353,다리목,129.03198761433356,37.62043300135372,19,,07:40,16:20
42092101,963,강릉-동해상사,29,29,4201351,낙풍1리경로당,129.0340430096228,37.620207611399294,19,,07:40,16:20
42092101,963,강릉-동해상사,30,30,4200034,현내리,129.03644185085787,37.61785851158642,19,,07:40,16:20
42092101,963,강릉-동해상사,31,31,4202052,옥계면사무소,129.03863134955023,37.61234830848836,19,,07:40,16:20
42092101,963,강릉-동해상사,32,32,4202032,옥계현내시장,129.03512810350702,37.608949806593664,19,,07:40,16:20
42002101,963 (운행 폐지),강릉-동진버스,1,1,4202022,옥계현내시장,129.03523947374634,37.60889735545031,19,,,
42002101,963 (운행 폐지),강릉-동진버스,2,2,4202042,옥계면사무소,129.03870359107486,37.61225376052538,19,,,
42002101,963 (운행 폐지),강릉-동진버스,3,3,4201105,농협주유소,129.03818611643504,37.61343914150935,19,,,
42002101,963 (운행 폐지),강릉-동진버스,4,4,4200046,현내리,129.03655884799974,37.617883796095704,19,,,
42002101,963 (운행 폐지),강릉-동진버스,5,5,4201350,낙풍1리경로당,129.034020875236,37.62025949844816,19,,,
42002101,963 (운행 폐지),강릉-동진버스,6,6,4201352,다리목,129.03192147742433,37.6205042855377,19,,,
42002101,963 (운행 폐지),강릉-동진버스,7,7,4201354,양지말상,129.02550426571582,37.620299361941775,19,,,
42002101,963 (운행 폐지),강릉-동진버스,8,8,4201356,양지마을,129.02194175334466,37.619812201556556,19,,,
42002101,963 (운행 폐지),강릉-동진버스,9,9,4201358,몽탕골,129.01871214696766,37.61920866828569,19,,,
42002101,963 (운행 폐지),강릉-동진버스,10,10,4201360,샘골,129.00918544930587,37.619230471502696,19,,,
42002101,963 (운행 폐지),강릉-동진버스,11,11,4201362,옹기마을,129.0036684835799,37.617059917346076,19,,,
42002101,963 (운행 폐지),강릉-동진버스,12,12,4201365,북동리회관,128.9920439010217,37.61732896340916,19,,,
42002101,963 (운행 폐지),강릉-동진버스,13,13,4201366,옥계저수지,128.9806745254139,37.62197726022537,19,,,
42002101,963 (운행 폐지),강릉-동진버스,14,14,4201369,삼밭골,128.97299344360636,37.62595039665499,19,,,
42002101,963 (운행 폐지),강릉-동진버스,15,15,4201371,기스목이골,128.9690415480403,37.6284779460996,19,,,
42002101,963 (운행 폐지),강릉-동진버스,16,16,4201370,삼밭골,128.97299626468876,37.625881433054694,19,,,
42002101,963 (운행 폐지),강릉-동진버스,17,17,4201367,옥계저수지,128.98049757084706,37.62195561397405,19,,,
42002101,963 (운행 폐지),강릉-동진버스,18,18,4201372,아래흐내,128.9775173341677,37.61462843088557,19,,,
42002101,963 (운행 폐지),강릉-동진버스,19,19,4201374,북동리종점,128.97206281726505,37.61168685078856,19,,,
42002101,963 (운행 폐지),강릉-동진버스,20,20,4201373,아래흐내,128.97754794808964,37.614630687418135,19,,,
42002101,963 (운행 폐지),강릉-동진버스,21,21,4201368,옥계저수지,128.9806153158948,37.62190318324612,19,,,
42002101,963 (운행 폐지),강릉-동진버스,22,22,4201364,북동리회관,128.99203781944024,37.61727491738219,19,,,
42002101,963 (운행 폐지),강릉-동진버스,23,23,4201363,옹기마을,129.00369924320785,37.616995401978194,19,,,
42002101,963 (운행 폐지),강릉-동진버스,24,24,4201361,샘골,129.0091899817426,37.61916886212585,19,,,
42002101,963 (운행 폐지),강릉-동진버스,25,25,4201359,몽탕골,129.01872766257262,37.61915302416518,19,,,
42002101,963 (운행 폐지),강릉-동진버스,26,26,4201357,양지마을,129.0219835892014,37.61975733717636,19,,,
42002101,963 (운행 폐지),강릉-동진버스,27,27,4201355,양지말상,129.02549637985018,37.62023673439294,19,,,
42002101,963 (운행 폐지),강릉-동진버스,28,28,4201353,다리목,129.03198761433356,37.62043300135372,19,,,
42002101,963 (운행 폐지),강릉-동진버스,29,29,4201351,낙풍1리경로당,129.0340430096228,37.620207611399294,19,,,
42002101,963 (운행 폐지),강릉-동진버스,30,30,4200034,현내리,129.03644185085787,37.61785851158642,19,,,
42002101,963 (운행 폐지),강릉-동진버스,31,31,4202052,옥계면사무소,129.03863134955023,37.61234830848836,19,,,
42002101,963 (운행 폐지),강릉-동진버스,32,32,4202032,옥계현내시장,129.03512810350702,37.608949806593664,19,,,
42092102,964,강릉-동해상사,1,1,4202022,옥계현내시장,129.03523947374634,37.60889735545031,11,,07:10,16:45
42092102,964,강릉-동해상사,2,2,4202042,옥계면사무소,129.03870359107486,37.61225376052538,11,,07:10,16:45
42092102,964,강릉-동해상사,3,3,4201105,농협주유소,129.03818611643504,37.61343914150935,11,,07:10,16:45
42092102,964,강릉-동해상사,4,4,4200046,현내리,129.03655884799974,37.617883796095704,11,,07:10,16:45
42092102,964,강릉-동해상사,5,5,4201339,낙풍교,129.03403331310147,37.625467245037875,11,,07:10,16:45
42092102,964,강릉-동해상사,6,6,4200759,영동정미소,129.03644448557495,37.62779710955012,11,,07:10,16:45
42092102,964,강릉-동해상사,7,7,4201342,금진초교,129.04347549729948,37.63336468757593,11,,07:10,16:45
42092102,964,강릉-동해상사,8,8,4201346,해수리튬연구센터,129.0451313882053,37.63512172396965,11,,07:10,16:45
42092102,964,강릉-동해상사,9,9,4201347,금진해변,129.04374932629693,37.63904067736818,11,,07:10,16:45
42092102,964,강릉-동해상사,10,10,4201344,금진2리마을회관,129.0433695932886,37.64179516691084,11,,07:10,16:45
42092102,964,강릉-동해상사,11,11,4201107,금진해양파출소,129.04894882127985,37.652089382747484,11,,07:10,16:45
42092102,964,강릉-동해상사,12,12,4201345,금진2리마을회관,129.04327917048357,37.641779891088895,11,,07:10,16:45
42092102,964,강릉-동해상사,13,13,4201348,금진해변,129.04365646301486,37.63903832962265,11,,07:10,16:45
42092102,964,강릉-동해상사,14,14,4201349,해수리튬연구센터,129.04470822782702,37.636135770169766,11,,07:10,16:45
42092102,964,강릉-동해상사,15,15,4201343,금진초교,129.04343902328037,37.63345845978064,11,,07:10,16:45
42092102,964,강릉-동해상사,16,16,4201341,영동정미소,129.0362624021505,37.62780024862322,11,,07:10,16:45
42092102,964,강릉-동해상사,17,17,4201340,낙풍교,129.03370052447866,37.6252600803972,11,,07:10,16:45
42092102,964,강릉-동해상사,18,18,4200034,현내리,129.03644185085787,37.61785851158642,11,,07:10,16:45
42092102,964,강릉-동해상사,19,19,4202052,옥계면사무소,129.03863134955023,37.61234830848836,11,,07:10,16:45
42092102,964,강릉-동해상사,20,20,4202032,옥계현내시장,129.03512810350702,37.608949806593664,11,,07:10,16:45
42002102,964 (운행 폐지),강릉-동진버스,1,1,4202022,옥계현내시장,129.03523947374634,37.60889735545031,11,,,
42002102,964 (운행 폐지),강릉-동진버스,2,2,4202042,옥계면사무소,129.03870359107486,37.61225376052538,11,,,
42002102,964 (운행 폐지),강릉-동진버스,3,3,4201105,농협주유소,129.03818611643504,37.61343914150935,11,,,
42002102,964 (운행 폐지),강릉-동진버스,4,4,4200046,현내리,129.03655884799974,37.617883796095704,11,,,
42002102,964 (운행 폐지),강릉-동진버스,5,5,4201339,낙풍교,129.03403331310147,37.625467245037875,11,,,
42002102,964 (운행 폐지),강릉-동진버스,6,6,4200759,영동정미소,129.03644448557495,37.62779710955012,11,,,
42002102,964 (운행 폐지),강릉-동진버스,7,7,4201342,금진초교,129.04347549729948,37.63336468757593,11,,,
42002102,964 (운행 폐지),강릉-동진버스,8,8,4201346,해수리튬연구센터,129.0451313882053,37.63512172396965,11,,,
42002102,964 (운행 폐지),강릉-동진버스,9,9,4201347,금진해변,129.04374932629693,37.63904067736818,11,,,
42002102,964 (운행 폐지),강릉-동진버스,10,10,4201344,금진2리마을회관,129.0433695932886,37.64179516691084,11,,,
42002102,964 (운행 폐지),강릉-동진버스,11,11,4201107,금진해양파출소,129.04894882127985,37.652089382747484,11,,,
42002102,964 (운행 폐지),강릉-동진버스,12,12,4201345,금진2리마을회관,129.04327917048357,37.641779891088895,11,,,
42002102,964 (운행 폐지),강릉-동진버스,13,13,4201348,금진해변,129.04365646301486,37.63903832962265,11,,,
42002102,964 (운행 폐지),강릉-동진버스,14,14,4201349,해수리튬연구센터,129.04470822782702,37.636135770169766,11,,,
42002102,964 (운행 폐지),강릉-동진버스,15,15,4201343,금진초교,129.04343902328037,37.63345845978064,11,,,
42002102,964 (운행 폐지),강릉-동진버스,16,16,4201341,영동정미소,129.0362624021505,37.62780024862322,11,,,
42002102,964 (운행 폐지),강릉-동진버스,17,17,4201340,낙풍교,129.03370052447866,37.6252600803972,11,,,
42002102,964 (운행 폐지),강릉-동진버스,18,18,4200034,현내리,129.03644185085787,37.61785851158642,11,,,
42002102,964 (운행 폐지),강릉-동진버스,19,19,4202052,옥계면사무소,129.03863134955023,37.61234830848836,11,,,
42002102,964 (운행 폐지),강릉-동진버스,20,20,4202032,옥계현내시장,129.03512810350702,37.608949806593664,11,,,
42002147,965,강릉-동진버스,1,1,4200293,강릉역건너편,128.8990669694857,37.76400772021464,9,,-,21:00
42002147,965,강릉-동진버스,2,2,4200095,한국자산관리공사,128.90111921880606,37.75827929877246,9,,-,21:00
42002147,965,강릉-동진버스,3,3,4201199,남대천.강릉교,128.9010687000649,37.75417893755025,9,,-,21:00
42002147,965,강릉-동진버스,4,4,4201197,강릉중입구,128.9042740269736,37.752586182446684,9,,-,21:00
42002147,965,강릉-동진버스,5,5,4201193,병무청,128.90845061267927,37.74811821805219,9,,-,21:00
42002147,965,강릉-동진버스,6,6,4201094,낙풍리입구,129.03474260887603,37.62332181243499,9,,-,21:00
42002147,965,강릉-동진버스,7,7,4200034,현내리,129.03644185085787,37.61785851158642,9,,-,21:00
42002147,965,강릉-동진버스,8,8,4202052,옥계면사무소,129.03863134955023,37.61234830848836,9,,-,21:00
42002147,965,강릉-동진버스,9,9,4202032,옥계현내시장,129.03512810350702,37.608949806593664,9,,-,21:00
42002146,971,강릉-동진버스,1,1,4201170,덕현리마을회관,128.92969308316043,37.71031249336467,26,,09:50,"17:30
(덕현리마을회관까지 운행)"
42002146,971,강릉-동진버스,2,2,4200513,덕현리,128.92602088648235,37.70591024035886,26,,09:50,"17:30
(덕현리마을회관까지 운행)"
42002146,971,강릉-동진버스,3,3,4200633,소양가든,128.91470984838725,37.70545388269156,26,,09:50,"17:30
(덕현리마을회관까지 운행)"
42002146,971,강릉-동진버스,4,4,4200635,금광리1반,128.9143131847074,37.70220671426674,26,,09:50,"17:30
(덕현리마을회관까지 운행)"
42002146,971,강릉-동진버스,5,5,4200637,천주교회,128.9146583268783,37.69918070112344,26,,09:50,"17:30
(덕현리마을회관까지 운행)"
42002146,971,강릉-동진버스,6,6,4200639,어단2리마을회관,128.91146885408946,37.6964376324294,26,,09:50,"17:30
(덕현리마을회관까지 운행)"
42002146,971,강릉-동진버스,7,7,4200641,한빛마을입구,128.9070507747374,37.69408474392719,26,,09:50,"17:30
(덕현리마을회관까지 운행)"
42002146,971,강릉-동진버스,8,8,4200643,어단1리마을회관,128.90163121019464,37.69306524952247,26,,09:50,"17:30
(덕현리마을회관까지 운행)"
42002146,971,강릉-동진버스,9,9,4200645,어단1리성황당,128.8997465866069,37.69146948045897,26,,09:50,"17:30
(덕현리마을회관까지 운행)"
42002146,971,강릉-동진버스,10,10,4200705,학산설래,128.89315390645208,37.69579111479832,26,,09:50,"17:30
(덕현리마을회관까지 운행)"
42002146,971,강릉-동진버스,11,11,4200707,대성사입구,128.88866018338805,37.699701320397004,26,,09:50,"17:30
(덕현리마을회관까지 운행)"
42002146,971,강릉-동진버스,12,12,4200709,학산2리마을회관,128.8886619883527,37.70619292326437,26,,09:50,"17:30
(덕현리마을회관까지 운행)"
42002146,971,강릉-동진버스,13,13,4200713,사이말교,128.88807348333134,37.711972121452696,26,,09:50,"17:30
(덕현리마을회관까지 운행)"
42002146,971,강릉-동진버스,14,14,4200718,학마을앞,128.88924569543022,37.716217165702425,26,,09:50,"17:30
(덕현리마을회관까지 운행)"
42002146,971,강릉-동진버스,15,15,4200811,구정자율방범대,128.88237819871995,37.72033853165244,26,,09:50,"17:30
(덕현리마을회관까지 운행)"
42002146,971,강릉-동진버스,16,16,4200813,구정면사무소,128.87999133744066,37.71800809783438,26,,09:50,"17:30
(덕현리마을회관까지 운행)"
42002146,971,강릉-동진버스,17,17,4200815,오뚜기물류서비스,128.8777698382652,37.71622341645464,26,,09:50,"17:30
(덕현리마을회관까지 운행)"
42002146,971,강릉-동진버스,18,18,4200817,성황당,128.87341590911527,37.71242819076422,26,,09:50,"17:30
(덕현리마을회관까지 운행)"
42002146,971,강릉-동진버스,19,19,4200820,구정마을회관,128.87139646095704,37.71008533483099,26,,09:50,"17:30
(덕현리마을회관까지 운행)"
42002146,971,강릉-동진버스,20,20,4200823,솔향수목원입구,128.86937194102438,37.70931046077696,26,,09:50,"17:30
(덕현리마을회관까지 운행)"
42002146,971,강릉-동진버스,21,21,4200009,강릉솔향수목원,128.86668479243338,37.701851797491,26,,09:50,"17:30
(덕현리마을회관까지 운행)"
42002146,971,강릉-동진버스,22,22,4200822,솔향수목원입구,128.8693376080556,37.70921581710481,26,,09:50,"17:30
(덕현리마을회관까지 운행)"
42002146,971,강릉-동진버스,23,23,4200821,구정마을회관,128.87144937425245,37.71002947764621,26,,09:50,"17:30
(덕현리마을회관까지 운행)"
42002146,971,강릉-동진버스,24,24,4200818,성황당,128.8735164959862,37.712407011021696,26,,09:50,"17:30
(덕현리마을회관까지 운행)"
42002146,971,강릉-동진버스,25,25,4200816,오뚜기물류서비스,128.87782869819907,37.71615014292806,26,,09:50,"17:30
(덕현리마을회관까지 운행)"
42002146,971,강릉-동진버스,26,26,4200814,구정면사무소,128.88002787863965,37.71794143004597,26,,09:50,"17:30
(덕현리마을회관까지 운행)"
42002146,971,강릉-동진버스,27,27,4200812,구정보건지소,128.88246310473926,37.72030864287925,26,,09:50,"17:30
(덕현리마을회관까지 운행)"
42002146,971,강릉-동진버스,28,28,4200717,학마을앞,128.88924287497164,37.716130571204594,26,,09:50,"17:30
(덕현리마을회관까지 운행)"
42002146,971,강릉-동진버스,29,29,4200720,학산1리,128.8893588713931,37.7158468763211,26,,09:50,"17:30
(덕현리마을회관까지 운행)"
42002146,971,강릉-동진버스,30,30,4201409,조순생가,128.88832466397164,37.713711387376655,26,,09:50,"17:30
(덕현리마을회관까지 운행)"
42002146,971,강릉-동진버스,31,31,4200714,사이말교,128.88798046545247,37.71196552544221,26,,09:50,"17:30
(덕현리마을회관까지 운행)"
42002146,971,강릉-동진버스,32,32,4200710,학산2리마을회관,128.88859103012294,37.70624396434639,26,,09:50,"17:30
(덕현리마을회관까지 운행)"
42002146,971,강릉-동진버스,33,33,4200708,대성사입구,128.88799509811798,37.70047298433208,26,,09:50,"17:30
(덕현리마을회관까지 운행)"
42002146,971,강릉-동진버스,34,34,4200706,학산설래,128.8930578775653,37.69580131479523,26,,09:50,"17:30
(덕현리마을회관까지 운행)"
42002146,971,강릉-동진버스,35,35,4200646,어단1리성황당,128.8998102046769,37.691407412019785,26,,09:50,"17:30
(덕현리마을회관까지 운행)"
42002146,971,강릉-동진버스,36,36,4200644,어단1리마을회관,128.90166199367852,37.69299424582564,26,,09:50,"17:30
(덕현리마을회관까지 운행)"
42002146,971,강릉-동진버스,37,37,4200642,한빛마을입구,128.90709305020837,37.69401534995285,26,,09:50,"17:30
(덕현리마을회관까지 운행)"
42002146,971,강릉-동진버스,38,38,4200640,어단2리마을회관,128.91152104480037,37.696373262130535,26,,09:50,"17:30
(덕현리마을회관까지 운행)"
42002146,971,강릉-동진버스,39,39,4200638,천주교회,128.91475255178224,37.69917256372598,26,,09:50,"17:30
(덕현리마을회관까지 운행)"
42002146,971,강릉-동진버스,40,40,4200636,금광리1반,128.91440542620646,37.702215446502585,26,,09:50,"17:30
(덕현리마을회관까지 운행)"
42002146,971,강릉-동진버스,41,41,4200634,소양가든,128.91482886328737,37.70544797167058,26,,09:50,"17:30
(덕현리마을회관까지 운행)"
42002146,971,강릉-동진버스,42,42,4200512,덕현리,128.92611817321585,37.705859421056175,26,,09:50,"17:30
(덕현리마을회관까지 운행)"
42002146,971,강릉-동진버스,43,43,4201169,덕현리마을회관,128.92976451553793,37.71025688950383,26,,09:50,"17:30
(덕현리마을회관까지 운행)"
42002154,에듀라인1,강릉-동진버스,1,1,4201209,공단,128.92205416940635,37.765196014305694,22,,07:25,07:25
42002154,에듀라인1,강릉-동진버스,2,2,4201205,입암2.3주공,128.9161850255649,37.765072488547595,22,,07:25,07:25
42002154,에듀라인1,강릉-동진버스,3,3,4201045,성덕동주민센터,128.91516594318634,37.762763608124146,22,,07:25,07:25
42002154,에듀라인1,강릉-동진버스,4,4,4201047,입암4주공아파트,128.91655461094618,37.76166752794127,22,,07:25,07:25
42002154,에듀라인1,강릉-동진버스,5,5,4201049,원마트,128.91839757804996,37.76020248248705,22,,07:25,07:25
42002154,에듀라인1,강릉-동진버스,6,6,4200755,입암6주공아파트,128.91994172349143,37.75895755917794,22,,07:25,07:25
42002154,에듀라인1,강릉-동진버스,7,7,4200753,중앙초교,128.92202942311576,37.75730416097501,22,,07:25,07:25
42002154,에듀라인1,강릉-동진버스,8,8,4200025,금호어울림정문,128.9194883208178,37.754726898441014,22,,07:25,07:25
42002154,에듀라인1,강릉-동진버스,9,9,4202168,남부노인종합복지관,128.91401073487134,37.753047049518,22,,07:25,07:25
42002154,에듀라인1,강릉-동진버스,10,10,4201055,더샵아파트,128.91179177957773,37.7496554344983,22,,07:25,07:25
42002154,에듀라인1,강릉-동진버스,11,11,4200762,입암현대아파트,128.91270364556544,37.753026994257695,22,,07:25,07:25
42002154,에듀라인1,강릉-동진버스,12,12,4200765,성덕초등학교,128.91017117535122,37.75573609872045,22,,07:25,07:25
42002154,에듀라인1,강릉-동진버스,13,13,4201202,강릉여고정문,128.90529773129947,37.759257611132256,22,,07:25,07:25
42002154,에듀라인1,강릉-동진버스,14,14,4200257,옥천119안전센터,128.90305174420297,37.761041080134646,22,,07:25,07:25
42002154,에듀라인1,강릉-동진버스,15,15,4200315,구터미널,128.8988430353628,37.76163002626936,22,,07:25,07:25
42002154,에듀라인1,강릉-동진버스,16,16,4201037,말나눔터공원,128.8946789617544,37.758644529934365,22,,07:25,07:25
42002154,에듀라인1,강릉-동진버스,17,17,4200248,강릉제일고,128.89200478710157,37.759050283679514,22,,07:25,07:25
42002154,에듀라인1,강릉-동진버스,18,18,4200246,이명사거리,128.89177153862124,37.764700407126554,22,,07:25,07:25
42002154,에듀라인1,강릉-동진버스,19,19,4200082,강일여고정문,128.8875516595327,37.76393626119314,22,,07:25,07:25
42002154,에듀라인1,강릉-동진버스,20,20,4200130,현대2차아파트,128.87999435131803,37.764311243841746,22,,07:25,07:25
42002154,에듀라인1,강릉-동진버스,21,21,4200128,구름다리,128.87743298775584,37.764682397677966,22,,07:25,07:25
42002154,에듀라인1,강릉-동진버스,22,22,4200088,문성고등학교,128.8747975765768,37.776789915738114,22,,07:25,07:25
42002155,에듀라인2,강릉-동진버스,1,1,4201250,선수촌8단지,128.87011109214671,37.76078977894948,23,,07:40(홀수일),07:40(홀수일)
42002155,에듀라인2,강릉-동진버스,2,2,4200565,우미린아파트,128.87023572987053,37.75716460769394,23,,07:40(홀수일),07:40(홀수일)
42002155,에듀라인2,강릉-동진버스,3,3,4200543,미디어촌5단지,128.86758571434657,37.753701754139904,23,,07:40(홀수일),07:40(홀수일)
42002155,에듀라인2,강릉-동진버스,4,4,4200567,한내들아파트,128.8681446784216,37.75790349269205,23,,07:40(홀수일),07:40(홀수일)
42002155,에듀라인2,강릉-동진버스,5,5,4200548,강릉소방서,128.87119323619314,37.7580009949989,23,,07:40(홀수일),07:40(홀수일)
42002155,에듀라인2,강릉-동진버스,6,6,4200123,우편집중국,128.8733706824724,37.76051485370646,23,,07:40(홀수일),07:40(홀수일)
42002155,에듀라인2,강릉-동진버스,7,7,4200125,솔올공연장,128.87460623301726,37.76366952964576,23,,07:40(홀수일),07:40(홀수일)
42002155,에듀라인2,강릉-동진버스,8,8,4200127,구름다리,128.87654770197503,37.764512872809554,23,,07:40(홀수일),07:40(홀수일)
42002155,에듀라인2,강릉-동진버스,9,9,4200129,주공3차아파트,128.87933873663175,37.76410589188944,23,,07:40(홀수일),07:40(홀수일)
42002155,에듀라인2,강릉-동진버스,10,10,4200131,하이빌현대아파트,128.8824547932286,37.764860822549025,23,,07:40(홀수일),07:40(홀수일)
42002155,에듀라인2,강릉-동진버스,11,11,4200133,주공1차아파트,128.88288690646792,37.76665665089728,23,,07:40(홀수일),07:40(홀수일)
42002155,에듀라인2,강릉-동진버스,12,12,4200566,주공2차아파트,128.88486622636958,37.76845428049225,23,,07:40(홀수일),07:40(홀수일)
42002155,에듀라인2,강릉-동진버스,13,13,4200363,율곡중정문,128.88882882673292,37.76926965127901,23,,07:40(홀수일),07:40(홀수일)
42002155,에듀라인2,강릉-동진버스,14,14,4200547,e-편한세상아파트,128.895218937497,37.769600465674785,23,,07:40(홀수일),07:40(홀수일)
42002155,에듀라인2,강릉-동진버스,15,15,4202155,교동하늘채스카이파크,128.90139949657416,37.77044271657007,23,,07:40(홀수일),07:40(홀수일)
42002155,에듀라인2,강릉-동진버스,16,16,4200111,하슬라중,128.90761293140218,37.77043125987649,23,,07:40(홀수일),07:40(홀수일)
42002155,에듀라인2,강릉-동진버스,17,17,4200109,동인병원입구,128.9094857690125,37.77102450992961,23,,07:40(홀수일),07:40(홀수일)
42002155,에듀라인2,강릉-동진버스,18,18,4200107,KT,128.9125052185983,37.77309475265464,23,,07:40(홀수일),07:40(홀수일)
42002155,에듀라인2,강릉-동진버스,19,19,4200290,한솔초교,128.91448068318238,37.77500059793141,23,,07:40(홀수일),07:40(홀수일)
42002155,에듀라인2,강릉-동진버스,20,20,4200105,동명중학교,128.9161008666347,37.77658681943468,23,,07:40(홀수일),07:40(홀수일)
42002155,에듀라인2,강릉-동진버스,21,21,4201236,포남2주공입구,128.91810027987142,37.77873395771816,23,,07:40(홀수일),07:40(홀수일)
42002155,에듀라인2,강릉-동진버스,22,22,4200103,경포고교,128.9190546436117,37.78057981084284,23,,07:40(홀수일),07:40(홀수일)
42002155,에듀라인2,강릉-동진버스,23,23,4200047,강릉고정문,128.91550078840652,37.78828834947499,23,,07:40(홀수일),07:40(홀수일)
42092155,에듀라인2,강릉-동해상사,1,1,4201250,선수촌8단지,128.87011109214671,37.76078977894948,23,,07:40(짝수일),07:40(짝수일)
42092155,에듀라인2,강릉-동해상사,2,2,4200565,우미린아파트,128.87023572987053,37.75716460769394,23,,07:40(짝수일),07:40(짝수일)
42092155,에듀라인2,강릉-동해상사,3,3,4200543,미디어촌5단지,128.86758571434657,37.753701754139904,23,,07:40(짝수일),07:40(짝수일)
42092155,에듀라인2,강릉-동해상사,4,4,4200567,한내들아파트,128.8681446784216,37.75790349269205,23,,07:40(짝수일),07:40(짝수일)
42092155,에듀라인2,강릉-동해상사,5,5,4200548,강릉소방서,128.87119323619314,37.7580009949989,23,,07:40(짝수일),07:40(짝수일)
42092155,에듀라인2,강릉-동해상사,6,6,4200123,우편집중국,128.8733706824724,37.76051485370646,23,,07:40(짝수일),07:40(짝수일)
42092155,에듀라인2,강릉-동해상사,7,7,4200125,솔올공연장,128.87460623301726,37.76366952964576,23,,07:40(짝수일),07:40(짝수일)
42092155,에듀라인2,강릉-동해상사,8,8,4200127,구름다리,128.87654770197503,37.764512872809554,23,,07:40(짝수일),07:40(짝수일)
42092155,에듀라인2,강릉-동해상사,9,9,4200129,주공3차아파트,128.87933873663175,37.76410589188944,23,,07:40(짝수일),07:40(짝수일)
42092155,에듀라인2,강릉-동해상사,10,10,4200131,하이빌현대아파트,128.8824547932286,37.764860822549025,23,,07:40(짝수일),07:40(짝수일)
42092155,에듀라인2,강릉-동해상사,11,11,4200133,주공1차아파트,128.88288690646792,37.76665665089728,23,,07:40(짝수일),07:40(짝수일)
42092155,에듀라인2,강릉-동해상사,12,12,4200566,주공2차아파트,128.88486622636958,37.76845428049225,23,,07:40(짝수일),07:40(짝수일)
42092155,에듀라인2,강릉-동해상사,13,13,4200363,율곡중정문,128.88882882673292,37.76926965127901,23,,07:40(짝수일),07:40(짝수일)
42092155,에듀라인2,강릉-동해상사,14,14,4200547,e-편한세상아파트,128.895218937497,37.769600465674785,23,,07:40(짝수일),07:40(짝수일)
42092155,에듀라인2,강릉-동해상사,15,15,4202155,교동하늘채스카이파크,128.90139949657416,37.77044271657007,23,,07:40(짝수일),07:40(짝수일)
42092155,에듀라인2,강릉-동해상사,16,16,4200111,하슬라중,128.90761293140218,37.77043125987649,23,,07:40(짝수일),07:40(짝수일)
42092155,에듀라인2,강릉-동해상사,17,17,4200109,동인병원입구,128.9094857690125,37.77102450992961,23,,07:40(짝수일),07:40(짝수일)
42092155,에듀라인2,강릉-동해상사,18,18,4200107,KT,128.9125052185983,37.77309475265464,23,,07:40(짝수일),07:40(짝수일)
42092155,에듀라인2,강릉-동해상사,19,19,4200290,한솔초교,128.91448068318238,37.77500059793141,23,,07:40(짝수일),07:40(짝수일)
42092155,에듀라인2,강릉-동해상사,20,20,4200105,동명중학교,128.9161008666347,37.77658681943468,23,,07:40(짝수일),07:40(짝수일)
42092155,에듀라인2,강릉-동해상사,21,21,4201236,포남2주공입구,128.91810027987142,37.77873395771816,23,,07:40(짝수일),07:40(짝수일)
42092155,에듀라인2,강릉-동해상사,22,22,4200103,경포고교,128.9190546436117,37.78057981084284,23,,07:40(짝수일),07:40(짝수일)
42092155,에듀라인2,강릉-동해상사,23,23,4200047,강릉고정문,128.91550078840652,37.78828834947499,23,,07:40(짝수일),07:40(짝수일)
42092156,에듀라인3,강릉-동해상사,1,1,4200293,강릉역건너편,128.8990669694857,37.76400772021464,25,,07:40,07:40
42092156,에듀라인3,강릉-동해상사,2,2,4200256,옥천119안전센터,128.9022376115818,37.76136928474395,25,,07:40,07:40
42092156,에듀라인3,강릉-동해상사,3,3,4200095,한국자산관리공사,128.90111921880606,37.75827929877246,25,,07:40,07:40
42092156,에듀라인3,강릉-동해상사,4,4,4200253,교보생명,128.89811415297848,37.756002485379526,25,,07:40,07:40
42092156,에듀라인3,강릉-동해상사,5,5,4200251,한국은행,128.89406630781096,37.753485602290496,25,,07:40,07:40
42092156,에듀라인3,강릉-동해상사,6,6,4200250,용강동서부시장,128.89174828581776,37.7556582744871,25,,07:40,07:40
42092156,에듀라인3,강릉-동해상사,7,7,4200114,고용센터,128.88893105798073,37.75744085258255,25,,07:40,07:40
42092156,에듀라인3,강릉-동해상사,8,8,4200116,적십자입구,128.88726321660565,37.757196360936135,25,,07:40,07:40
42092156,에듀라인3,강릉-동해상사,9,9,4200118,터미널오거리,128.8840640923818,37.75608209292866,25,,07:40,07:40
42092156,에듀라인3,강릉-동해상사,10,10,4200120,강릉시외.고속터미널,128.8792265208128,37.75505492071011,25,,07:40,07:40
42092156,에듀라인3,강릉-동해상사,11,11,4200565,우미린아파트,128.87023572987053,37.75716460769394,25,,07:40,07:40
42092156,에듀라인3,강릉-동해상사,12,12,4200543,미디어촌5단지,128.86758571434657,37.753701754139904,25,,07:40,07:40
42092156,에듀라인3,강릉-동해상사,13,13,4200567,한내들아파트,128.8681446784216,37.75790349269205,25,,07:40,07:40
42092156,에듀라인3,강릉-동해상사,14,14,4201249,선수촌8단지,128.87029355520082,37.76060110592661,25,,07:40,07:40
42092156,에듀라인3,강릉-동해상사,15,15,4200401,강릉복합복지체육센터,128.87017698555522,37.76290354322161,25,,07:40,07:40
42092156,에듀라인3,강릉-동해상사,16,16,4200085,강원대학교입구,128.874129341808,37.77078800232456,25,,07:40,07:40
42092156,에듀라인3,강릉-동해상사,17,17,4200087,강원대학교후문,128.87498639848286,37.77315204059329,25,,07:40,07:40
42092156,에듀라인3,강릉-동해상사,18,18,4200088,문성고등학교,128.8747975765768,37.776789915738114,25,,07:40,07:40
42092156,에듀라인3,강릉-동해상사,19,19,4201042,강원대학교입구,128.87494102107277,37.7696221436885,25,,07:40,07:40
42092156,에듀라인3,강릉-동해상사,20,20,4200127,구름다리,128.87654770197503,37.764512872809554,25,,07:40,07:40
42092156,에듀라인3,강릉-동해상사,21,21,4200129,주공3차아파트,128.87933873663175,37.76410589188944,25,,07:40,07:40
42092156,에듀라인3,강릉-동해상사,22,22,4200081,강일여고정문,128.88831689919587,37.76415997041872,25,,07:40,07:40
42092156,에듀라인3,강릉-동해상사,23,23,4200245,이명사거리,128.89157918705828,37.764565078717,25,,07:40,07:40
42092156,에듀라인3,강릉-동해상사,24,24,4200247,강릉제일고,128.8918779735197,37.759537356247826,25,,07:40,07:40
42092156,에듀라인3,강릉-동해상사,25,25,4200721,강릉역,128.8992580056024,37.76416330670135,25,,07:40,07:40
42002157,에듀라인4,강릉-동진버스,1,1,4200063,가톨릭관동대학교,128.87804152995903,37.738296118202754,37,,07:30,07:30
42002157,에듀라인4,강릉-동진버스,2,2,4200359,하나로마트내곡점,128.88026417146904,37.7410809708167,37,,07:30,07:30
42002157,에듀라인4,강릉-동진버스,3,3,4200065,보건소,128.8829859719751,37.74393637256719,37,,07:30,07:30
42002157,에듀라인4,강릉-동진버스,4,4,4200358,삼창그린맨션,128.88749893563826,37.744743384730015,37,,07:30,07:30
42002157,에듀라인4,강릉-동진버스,5,5,4200357,내곡교,128.88814500034871,37.745625057468914,37,,07:30,07:30
42002157,에듀라인4,강릉-동진버스,6,6,4200798,남산입구,128.8920065213286,37.747695999509396,37,,07:30,07:30
42002157,에듀라인4,강릉-동진버스,7,7,4200796,신화아파트,128.8983309878122,37.7493513359141,37,,07:30,07:30
42002157,에듀라인4,강릉-동진버스,8,8,4200794,잠수교,128.8998046277538,37.75006345498387,37,,07:30,07:30
42002157,에듀라인4,강릉-동진버스,9,9,4201243,양우내안애아파트,128.90225216607172,37.751490811466354,37,,07:30,07:30
42002157,에듀라인4,강릉-동진버스,10,10,4200767,입암1주공아파트,128.90600846284408,37.75457671115239,37,,07:30,07:30
42002157,에듀라인4,강릉-동진버스,11,11,4200764,대목아파트,128.91036775859212,37.7552461618319,37,,07:30,07:30
42002157,에듀라인4,강릉-동진버스,12,12,4200763,입암현대아파트,128.91229270015563,37.753112836072376,37,,07:30,07:30
42002157,에듀라인4,강릉-동진버스,13,13,4201055,더샵아파트,128.91179177957773,37.7496554344983,37,,07:30,07:30
42002157,에듀라인4,강릉-동진버스,14,14,4202167,남부노인종합복지관,128.91383118471262,37.752564379737024,37,,07:30,07:30
42002157,에듀라인4,강릉-동진버스,15,15,4200751,금호어울림정문,128.91957971290998,37.754473371718376,37,,07:30,07:30
42002157,에듀라인4,강릉-동진버스,16,16,4200752,중앙초교,128.9223833558042,37.757342016100644,37,,07:30,07:30
42002157,에듀라인4,강릉-동진버스,17,17,4200754,입암6주공아파트,128.9200510349674,37.759167158773394,37,,07:30,07:30
42002157,에듀라인4,강릉-동진버스,18,18,4201050,원마트,128.9185145864492,37.76040631401962,37,,07:30,07:30
42002157,에듀라인4,강릉-동진버스,19,19,4201048,입암4주공아파트,128.9166989706064,37.761858842951916,37,,07:30,07:30
42002157,에듀라인4,강릉-동진버스,20,20,4201046,성덕동주민센터,128.91533375948597,37.76294836172143,37,,07:30,07:30
42002157,에듀라인4,강릉-동진버스,21,21,4200113,강릉관광개발공사,128.90865897771857,37.76820323697218,37,,07:30,07:30
42002157,에듀라인4,강릉-동진버스,22,22,4200111,하슬라중,128.90761293140218,37.77043125987649,37,,07:30,07:30
42002157,에듀라인4,강릉-동진버스,23,23,4200109,동인병원입구,128.9094857690125,37.77102450992961,37,,07:30,07:30
42002157,에듀라인4,강릉-동진버스,24,24,4200107,KT,128.9125052185983,37.77309475265464,37,,07:30,07:30
42002157,에듀라인4,강릉-동진버스,25,25,4200290,한솔초교,128.91448068318238,37.77500059793141,37,,07:30,07:30
42002157,에듀라인4,강릉-동진버스,26,26,4200105,동명중학교,128.9161008666347,37.77658681943468,37,,07:30,07:30
42002157,에듀라인4,강릉-동진버스,27,27,4201236,포남2주공입구,128.91810027987142,37.77873395771816,37,,07:30,07:30
42002157,에듀라인4,강릉-동진버스,28,28,4200103,경포고교,128.9190546436117,37.78057981084284,37,,07:30,07:30
42002157,에듀라인4,강릉-동진버스,29,29,4200102,강릉고입구,128.92044843215433,37.78352944320342,37,,07:30,07:30
42002157,에듀라인4,강릉-동진버스,30,30,4201234,초당분수공원,128.92421540479356,37.78614360918137,37,,07:30,07:30
42002157,에듀라인4,강릉-동진버스,31,31,4202171,신라모노그램,128.92766337576,37.78423838201166,37,,07:30,07:30
42002157,에듀라인4,강릉-동진버스,32,32,4200051,송정래미안,128.93021609974548,37.78282723196739,37,,07:30,07:30
42002157,에듀라인4,강릉-동진버스,33,33,4200054,삼익아파트,128.93336344346523,37.7794509217129,37,,07:30,07:30
42002157,에듀라인4,강릉-동진버스,34,34,4200056,해당화연립,128.9356053065312,37.7785328972295,37,,07:30,07:30
42002157,에듀라인4,강릉-동진버스,35,35,4200279,신도브래뉴,128.93862914925478,37.77730338810464,37,,07:30,07:30
42002157,에듀라인4,강릉-동진버스,36,36,4201428,오션시티아이파크,128.94156983542882,37.775150292669956,37,,07:30,07:30
42002157,에듀라인4,강릉-동진버스,37,37,4201044,안목커피거리,128.94543559396536,37.77260342997581,37,,07:30,07:30
